# k S000 S110 S112 S10 S11
1.04720e-01  2.85726e-01  8.20639e-01  -8.10010e-01  2.00618e-01  2.63065e+00
2.09440e-01  2.85726e-01  8.11474e-01  -8.05274e-01  2.00926e-01  2.61675e+00
3.14159e-01  2.85796e-01  7.96471e-01  -7.97516e-01  2.01440e-01  2.59399e+00
4.18879e-01  2.85987e-01  7.76016e-01  -7.86926e-01  2.02163e-01  2.56294e+00
5.23599e-01  2.86345e-01  7.50618e-01  -7.73759e-01  2.03101e-01  2.52438e+00
6.28319e-01  2.86910e-01  7.20877e-01  -7.58310e-01  2.04257e-01  2.47919e+00
7.33038e-01  2.87720e-01  6.87454e-01  -7.40907e-01  2.05639e-01  2.42836e+00
8.37758e-01  2.88807e-01  6.51035e-01  -7.21890e-01  2.07254e-01  2.37293e+00
9.42478e-01  2.90203e-01  6.12307e-01  -7.01598e-01  2.09112e-01  2.31391e+00
1.04720e+00  2.91936e-01  5.71932e-01  -6.80355e-01  2.11222e-01  2.25229e+00
1.15192e+00  2.94032e-01  5.30523e-01  -6.58464e-01  2.13596e-01  2.18899e+00
1.25664e+00  2.96518e-01  4.88640e-01  -6.36197e-01  2.16247e-01  2.12484e+00
1.36136e+00  2.99417e-01  4.46774e-01  -6.13792e-01  2.19189e-01  2.06057e+00
1.46608e+00  3.02755e-01  4.05347e-01  -5.91454e-01  2.22439e-01  1.99680e+00
1.57080e+00  3.06557e-01  3.64715e-01  -5.69351e-01  2.26013e-01  1.93407e+00
1.67552e+00  3.10847e-01  3.25166e-01  -5.47617e-01  2.29932e-01  1.87278e+00
1.78024e+00  3.15651e-01  2.86929e-01  -5.26356e-01  2.34216e-01  1.81329e+00
1.88496e+00  3.20998e-01  2.50181e-01  -5.05646e-01  2.38889e-01  1.75583e+00
1.98968e+00  3.26914e-01  2.15052e-01  -4.85538e-01  2.43977e-01  1.70059e+00
2.09440e+00  3.33431e-01  1.81632e-01  -4.66063e-01  2.49506e-01  1.64769e+00
2.19911e+00  3.40580e-01  1.49979e-01  -4.47235e-01  2.55509e-01  1.59721e+00
2.30383e+00  3.48395e-01  1.20124e-01  -4.29053e-01  2.62017e-01  1.54918e+00
2.40855e+00  3.56912e-01  9.20770e-02  -4.11504e-01  2.69069e-01  1.50358e+00
2.51327e+00  3.66169e-01  6.58326e-02  -3.94565e-01  2.76703e-01  1.46040e+00
2.61799e+00  3.76207e-01  4.13723e-02  -3.78204e-01  2.84965e-01  1.41958e+00
2.72271e+00  3.87068e-01  1.86694e-02  -3.62384e-01  2.93902e-01  1.38105e+00
2.82743e+00  3.98798e-01  -2.30824e-03  -3.47063e-01  3.03566e-01  1.34475e+00
2.93215e+00  4.11446e-01  -2.15960e-02  -3.32194e-01  3.14016e-01  1.31060e+00
3.03687e+00  4.25060e-01  -3.92301e-02  -3.17727e-01  3.25315e-01  1.27850e+00
3.14159e+00  4.39693e-01  -5.52464e-02  -3.03611e-01  3.37531e-01  1.24836e+00
3.24631e+00  4.55399e-01  -6.96787e-02  -2.89790e-01  3.50740e-01  1.22011e+00
3.35103e+00  4.72234e-01  -8.25580e-02  -2.76209e-01  3.65024e-01  1.19365e+00
3.45575e+00  4.90253e-01  -9.39113e-02  -2.62809e-01  3.80470e-01  1.16890e+00
3.56047e+00  5.09512e-01  -1.03762e-01  -2.49532e-01  3.97175e-01  1.14577e+00
3.66519e+00  5.30066e-01  -1.12127e-01  -2.36315e-01  4.15243e-01  1.12419e+00
3.76991e+00  5.51967e-01  -1.19020e-01  -2.23098e-01  4.34784e-01  1.10408e+00
3.87463e+00  5.75263e-01  -1.24449e-01  -2.09818e-01  4.55915e-01  1.08537e+00
3.97935e+00  5.99996e-01  -1.28418e-01  -1.96411e-01  4.78760e-01  1.06799e+00
4.08407e+00  6.26198e-01  -1.30925e-01  -1.82815e-01  5.03446e-01  1.05189e+00
4.18879e+00  6.53888e-01  -1.31966e-01  -1.68965e-01  5.30103e-01  1.03700e+00
4.29351e+00  6.83072e-01  -1.31533e-01  -1.54803e-01  5.58861e-01  1.02327e+00
4.39823e+00  7.13732e-01  -1.29618e-01  -1.40269e-01  5.89844e-01  1.01065e+00
4.50295e+00  7.45827e-01  -1.26215e-01  -1.25311e-01  6.23162e-01  9.99096e-01
4.60767e+00  7.79281e-01  -1.21321e-01  -1.09885e-01  6.58909e-01  9.88564e-01
4.71239e+00  8.13983e-01  -1.14941e-01  -9.39567e-02  6.97146e-01  9.79016e-01
4.81711e+00  8.49778e-01  -1.07092e-01  -7.75090e-02  7.37890e-01  9.70417e-01
4.92183e+00  8.86457e-01  -9.78092e-02  -6.05447e-02  7.81102e-01  9.62736e-01
5.02655e+00  9.23758e-01  -8.71520e-02  -4.30933e-02  8.26661e-01  9.55941e-01
5.13127e+00  9.61357e-01  -7.52105e-02  -2.52180e-02  8.74354e-01  9.50007e-01
5.23599e+00  9.98868e-01  -6.21128e-02  -7.02143e-03  9.23844e-01  9.44909e-01
5.34071e+00  1.03585e+00  -4.80317e-02  1.13473e-02  9.74663e-01  9.40621e-01
5.44543e+00  1.07179e+00  -3.31897e-02  2.96887e-02  1.02619e+00  9.37122e-01
5.55015e+00  1.10615e+00  -1.78614e-02  4.77508e-02  1.07764e+00  9.34388e-01
5.65487e+00  1.13836e+00  -2.37090e-03  6.52323e-02  1.12809e+00  9.32397e-01
5.75959e+00  1.16785e+00  1.29159e-02  8.17906e-02  1.17650e+00  9.31125e-01
5.86431e+00  1.19406e+00  2.76053e-02  9.70571e-02  1.22172e+00  9.30548e-01
5.96903e+00  1.21651e+00  4.12970e-02  1.10658e-01  1.26261e+00  9.30639e-01
6.07375e+00  1.23478e+00  5.36094e-02  1.22241e-01  1.29809e+00  9.31369e-01
6.17847e+00  1.24857e+00  6.42077e-02  1.31503e-01  1.32721e+00  9.32705e-01
6.28319e+00  1.25773e+00  7.28300e-02  1.38216e-01  1.34926e+00  9.34614e-01
6.38791e+00  1.26223e+00  7.93080e-02  1.42252e-01  1.36381e+00  9.37056e-01
6.49262e+00  1.26220e+00  8.35776e-02  1.43586e-01  1.37075e+00  9.39991e-01
6.59734e+00  1.25788e+00  8.56801e-02  1.42306e-01  1.37029e+00  9.43374e-01
6.70206e+00  1.24966e+00  8.57510e-02  1.38595e-01  1.36294e+00  9.47156e-01
6.80678e+00  1.23799e+00  8.40018e-02  1.32714e-01  1.34943e+00  9.51288e-01
6.91150e+00  1.22338e+00  8.06957e-02  1.24980e-01  1.33066e+00  9.55715e-01
7.01622e+00  1.20638e+00  7.61231e-02  1.15738e-01  1.30760e+00  9.60385e-01
7.12094e+00  1.18753e+00  7.05787e-02  1.05339e-01  1.28126e+00  9.65240e-01
7.22566e+00  1.16736e+00  6.43431e-02  9.41180e-02  1.25258e+00  9.70225e-01
7.33038e+00  1.14635e+00  5.76695e-02  8.23854e-02  1.22244e+00  9.75284e-01
7.43510e+00  1.12493e+00  5.07765e-02  7.04141e-02  1.19160e+00  9.80362e-01
7.53982e+00  1.10349e+00  4.38444e-02  5.84377e-02  1.16072e+00  9.85407e-01
7.64454e+00  1.08235e+00  3.70158e-02  4.66498e-02  1.13032e+00  9.90366e-01
7.74926e+00  1.06177e+00  3.03985e-02  3.52060e-02  1.10081e+00  9.95192e-01
7.85398e+00  1.04197e+00  2.40695e-02  2.42282e-02  1.07253e+00  9.99841e-01
7.95870e+00  1.02312e+00  1.80802e-02  1.38084e-02  1.04570e+00  1.00427e+00
8.06342e+00  1.00536e+00  1.24612e-02  4.01388e-03  1.02049e+00  1.00845e+00
8.16814e+00  9.88765e-01  7.22679e-03  -5.10885e-03  9.97009e-01  1.01234e+00
8.27286e+00  9.73412e-01  2.37948e-03  -1.35298e-02  9.75320e-01  1.01591e+00
8.37758e+00  9.59341e-01  -2.08682e-03  -2.12323e-02  9.55449e-01  1.01915e+00
8.48230e+00  9.46573e-01  -6.18368e-03  -2.82098e-02  9.37397e-01  1.02203e+00
8.58702e+00  9.35116e-01  -9.92585e-03  -3.44638e-02  9.21146e-01  1.02454e+00
8.69174e+00  9.24966e-01  -1.33294e-02  -4.00017e-02  9.06667e-01  1.02667e+00
8.79646e+00  9.16109e-01  -1.64105e-02  -4.48352e-02  8.93919e-01  1.02842e+00
8.90118e+00  9.08524e-01  -1.91840e-02  -4.89794e-02  8.82857e-01  1.02980e+00
9.00590e+00  9.02187e-01  -2.16634e-02  -5.24514e-02  8.73434e-01  1.03079e+00
9.11062e+00  8.97069e-01  -2.38599e-02  -5.52702e-02  8.65600e-01  1.03141e+00
9.21534e+00  8.93138e-01  -2.57823e-02  -5.74554e-02  8.59307e-01  1.03167e+00
9.32006e+00  8.90361e-01  -2.74371e-02  -5.90276e-02  8.54508e-01  1.03159e+00
9.42478e+00  8.88703e-01  -2.88285e-02  -6.00077e-02  8.51156e-01  1.03118e+00
9.52950e+00  8.88127e-01  -2.99586e-02  -6.04168e-02  8.49208e-01  1.03046e+00
9.63422e+00  8.88596e-01  -3.08276e-02  -6.02761e-02  8.48620e-01  1.02945e+00
9.73894e+00  8.90072e-01  -3.14342e-02  -5.96072e-02  8.49351e-01  1.02817e+00
9.84366e+00  8.92514e-01  -3.17760e-02  -5.84318e-02  8.51360e-01  1.02666e+00
9.94838e+00  8.95879e-01  -3.18499e-02  -5.67722e-02  8.54606e-01  1.02492e+00
1.00531e+01  9.00123e-01  -3.16525e-02  -5.46511e-02  8.59045e-01  1.02300e+00
1.01578e+01  9.05197e-01  -3.11809e-02  -5.20921e-02  8.64635e-01  1.02091e+00
1.02625e+01  9.11052e-01  -3.04326e-02  -4.91199e-02  8.71328e-01  1.01869e+00
1.03673e+01  9.17632e-01  -2.94069e-02  -4.57607e-02  8.79072e-01  1.01635e+00
1.04720e+01  9.24877e-01  -2.81046e-02  -4.20422e-02  8.87811e-01  1.01394e+00
1.05767e+01  9.32722e-01  -2.65293e-02  -3.79947e-02  8.97481e-01  1.01147e+00
1.06814e+01  9.41098e-01  -2.46874e-02  -3.36504e-02  9.08012e-01  1.00896e+00
1.07861e+01  9.49927e-01  -2.25889e-02  -2.90449e-02  9.19321e-01  1.00646e+00
1.08909e+01  9.59127e-01  -2.02477e-02  -2.42165e-02  9.31319e-01  1.00397e+00
1.09956e+01  9.68609e-01  -1.76822e-02  -1.92071e-02  9.43904e-01  1.00152e+00
1.11003e+01  9.78279e-01  -1.49156e-02  -1.40624e-02  9.56960e-01  9.99147e-01
1.12050e+01  9.88036e-01  -1.19758e-02  -8.83132e-03  9.70362e-01  9.96856e-01
1.13097e+01  9.97775e-01  -8.89576e-03  -3.56657e-03  9.83971e-01  9.94671e-01
1.14145e+01  1.00739e+00  -5.71307e-03  1.67601e-03  9.97639e-01  9.92611e-01
1.15192e+01  1.01676e+00  -2.46969e-03  6.83783e-03  1.01121e+00  9.90692e-01
1.16239e+01  1.02578e+00  7.88754e-04  1.18584e-02  1.02451e+00  9.88930e-01
1.17286e+01  1.03434e+00  4.01384e-03  1.66761e-02  1.03737e+00  9.87338e-01
1.18333e+01  1.04233e+00  7.15546e-03  2.12297e-02  1.04961e+00  9.85926e-01
1.19381e+01  1.04965e+00  1.01632e-02  2.54593e-02  1.06108e+00  9.84704e-01
1.20428e+01  1.05621e+00  1.29876e-02  2.93086e-02  1.07160e+00  9.83679e-01
1.21475e+01  1.06192e+00  1.55822e-02  3.27256e-02  1.08103e+00  9.82857e-01
1.22522e+01  1.06673e+00  1.79045e-02  3.56648e-02  1.08923e+00  9.82240e-01
1.23569e+01  1.07057e+00  1.99178e-02  3.80886e-02  1.09609e+00  9.81829e-01
1.24617e+01  1.07342e+00  2.15925e-02  3.99683e-02  1.10153e+00  9.81624e-01
1.25664e+01  1.07525e+00  2.29068e-02  4.12852e-02  1.10548e+00  9.81622e-01
1.26711e+01  1.07606e+00  2.38474e-02  4.20315e-02  1.10791e+00  9.81816e-01
1.27758e+01  1.07587e+00  2.44102e-02  4.22099e-02  1.10883e+00  9.82200e-01
1.28805e+01  1.07471e+00  2.45995e-02  4.18336e-02  1.10827e+00  9.82766e-01
1.29852e+01  1.07264e+00  2.44278e-02  4.09259e-02  1.10628e+00  9.83502e-01
1.30900e+01  1.06972e+00  2.39151e-02  3.95187e-02  1.10295e+00  9.84396e-01
1.31947e+01  1.06603e+00  2.30874e-02  3.76518e-02  1.09839e+00  9.85436e-01
1.32994e+01  1.06164e+00  2.19756e-02  3.53710e-02  1.09272e+00  9.86605e-01
1.34041e+01  1.05664e+00  2.06144e-02  3.27267e-02  1.08607e+00  9.87888e-01
1.35088e+01  1.05114e+00  1.90405e-02  2.97724e-02  1.07859e+00  9.89268e-01
1.36136e+01  1.04523e+00  1.72914e-02  2.65633e-02  1.07042e+00  9.90728e-01
1.37183e+01  1.03900e+00  1.54048e-02  2.31545e-02  1.06171e+00  9.92250e-01
1.38230e+01  1.03256e+00  1.34168e-02  1.96005e-02  1.05262e+00  9.93816e-01
1.39277e+01  1.02598e+00  1.13618e-02  1.59538e-02  1.04327e+00  9.95408e-01
1.40324e+01  1.01935e+00  9.27150e-03  1.22640e-02  1.03380e+00  9.97007e-01
1.41372e+01  1.01277e+00  7.17494e-03  8.57769e-03  1.02433e+00  9.98597e-01
1.42419e+01  1.00629e+00  5.09788e-03  4.93761e-03  1.01497e+00  1.00016e+00
1.43466e+01  9.99987e-01  3.06300e-03  1.38272e-03  1.00583e+00  1.00168e+00
1.44513e+01  9.93922e-01  1.08988e-03  -2.05206e-03  9.96986e-01  1.00314e+00
1.45560e+01  9.88146e-01  -8.04820e-04  -5.33574e-03  9.88524e-01  1.00453e+00
1.46608e+01  9.82708e-01  -2.60713e-03  -8.44125e-03  9.80510e-01  1.00583e+00
1.47655e+01  9.77646e-01  -4.30552e-03  -1.13452e-02  9.73004e-01  1.00704e+00
1.48702e+01  9.72996e-01  -5.89060e-03  -1.40278e-02  9.66054e-01  1.00814e+00
1.49749e+01  9.68784e-01  -7.35484e-03  -1.64724e-02  9.59700e-01  1.00912e+00
1.50796e+01  9.65034e-01  -8.69228e-03  -1.86657e-02  9.53976e-01  1.00997e+00
1.51844e+01  9.61764e-01  -9.89829e-03  -2.05970e-02  9.48908e-01  1.01070e+00
1.52891e+01  9.58987e-01  -1.09693e-02  -2.22584e-02  9.44514e-01  1.01129e+00
1.53938e+01  9.56711e-01  -1.19026e-02  -2.36445e-02  9.40808e-01  1.01174e+00
1.54985e+01  9.54940e-01  -1.26964e-02  -2.47520e-02  9.37800e-01  1.01206e+00
1.56032e+01  9.53676e-01  -1.33492e-02  -2.55799e-02  9.35491e-01  1.01223e+00
1.57080e+01  9.52914e-01  -1.38603e-02  -2.61289e-02  9.33882e-01  1.01227e+00
1.58127e+01  9.52650e-01  -1.42293e-02  -2.64020e-02  9.32967e-01  1.01217e+00
1.59174e+01  9.52872e-01  -1.44563e-02  -2.64036e-02  9.32736e-01  1.01195e+00
1.60221e+01  9.53568e-01  -1.45419e-02  -2.61400e-02  9.33178e-01  1.01160e+00
1.61268e+01  9.54722e-01  -1.44871e-02  -2.56190e-02  9.34275e-01  1.01113e+00
1.62316e+01  9.56315e-01  -1.42937e-02  -2.48501e-02  9.36006e-01  1.01056e+00
1.63363e+01  9.58324e-01  -1.39638e-02  -2.38446e-02  9.38347e-01  1.00988e+00
1.64410e+01  9.60724e-01  -1.35007e-02  -2.26149e-02  9.41270e-01  1.00911e+00
1.65457e+01  9.63488e-01  -1.29081e-02  -2.11754e-02  9.44741e-01  1.00827e+00
1.66504e+01  9.66584e-01  -1.21910e-02  -1.95418e-02  9.48725e-01  1.00735e+00
1.67552e+01  9.69979e-01  -1.13555e-02  -1.77314e-02  9.53182e-01  1.00638e+00
1.68599e+01  9.73637e-01  -1.04085e-02  -1.57631e-02  9.58065e-01  1.00535e+00
1.69646e+01  9.77519e-01  -9.35860e-03  -1.36571e-02  9.63327e-01  1.00430e+00
1.70693e+01  9.81582e-01  -8.21550e-03  -1.14353e-02  9.68914e-01  1.00322e+00
1.71740e+01  9.85786e-01  -6.99030e-03  -9.12049e-03  9.74769e-01  1.00213e+00
1.72788e+01  9.90083e-01  -5.69547e-03  -6.73704e-03  9.80830e-01  1.00104e+00
1.73835e+01  9.94427e-01  -4.34476e-03  -4.31019e-03  9.87035e-01  9.99965e-01
1.74882e+01  9.98772e-01  -2.95316e-03  -1.86608e-03  9.93315e-01  9.98913e-01
1.75929e+01  1.00307e+00  -1.53673e-03  5.68575e-04  9.99600e-01  9.97895e-01
1.76976e+01  1.00727e+00  -1.12406e-04  2.96672e-03  1.00582e+00  9.96921e-01
1.78024e+01  1.01133e+00  1.30220e-03  5.30133e-03  1.01190e+00  9.96001e-01
1.79071e+01  1.01519e+00  2.68914e-03  7.54573e-03  1.01778e+00  9.95143e-01
1.80118e+01  1.01883e+00  4.03039e-03  9.67406e-03  1.02338e+00  9.94356e-01
1.81165e+01  1.02219e+00  5.30825e-03  1.16616e-02  1.02863e+00  9.93647e-01
1.82212e+01  1.02524e+00  6.50572e-03  1.34853e-02  1.03348e+00  9.93020e-01
1.83260e+01  1.02794e+00  7.60684e-03  1.51242e-02  1.03786e+00  9.92483e-01
1.84307e+01  1.03027e+00  8.59705e-03  1.65596e-02  1.04172e+00  9.92037e-01
1.85354e+01  1.03220e+00  9.46360e-03  1.77759e-02  1.04502e+00  9.91688e-01
1.86401e+01  1.03371e+00  1.01958e-02  1.87604e-02  1.04772e+00  9.91435e-01
1.87448e+01  1.03480e+00  1.07852e-02  1.95038e-02  1.04979e+00  9.91281e-01
1.88496e+01  1.03545e+00  1.12259e-02  2.00004e-02  1.05123e+00  9.91225e-01
1.89543e+01  1.03567e+00  1.15145e-02  2.02483e-02  1.05201e+00  9.91266e-01
1.90590e+01  1.03547e+00  1.16505e-02  2.02490e-02  1.05215e+00  9.91402e-01
1.91637e+01  1.03485e+00  1.16356e-02  2.00076e-02  1.05165e+00  9.91628e-01
1.92684e+01  1.03383e+00  1.14743e-02  1.95326e-02  1.05054e+00  9.91942e-01
1.93732e+01  1.03243e+00  1.11729e-02  1.88357e-02  1.04884e+00  9.92337e-01
1.94779e+01  1.03069e+00  1.07403e-02  1.79314e-02  1.04660e+00  9.92809e-01
1.95826e+01  1.02863e+00  1.01866e-02  1.68364e-02  1.04386e+00  9.93350e-01
1.96873e+01  1.02629e+00  9.52374e-03  1.55699e-02  1.04066e+00  9.93954e-01
1.97920e+01  1.02370e+00  8.76445e-03  1.41523e-02  1.03707e+00  9.94612e-01
1.98968e+01  1.02091e+00  7.92234e-03  1.26055e-02  1.03313e+00  9.95317e-01
2.00015e+01  1.01794e+00  7.01148e-03  1.09521e-02  1.02892e+00  9.96059e-01
2.01062e+01  1.01485e+00  6.04606e-03  9.21512e-03  1.02448e+00  9.96831e-01
2.02109e+01  1.01167e+00  5.04016e-03  7.41756e-03  1.01988e+00  9.97623e-01
2.03156e+01  1.00844e+00  4.00751e-03  5.58219e-03  1.01517e+00  9.98425e-01
2.04204e+01  1.00519e+00  2.96130e-03  3.73118e-03  1.01042e+00  9.99230e-01
2.05251e+01  1.00197e+00  1.91406e-03  1.88586e-03  1.00569e+00  1.00003e+00
2.06298e+01  9.98814e-01  8.77490e-04  6.65156e-05  1.00101e+00  1.00081e+00
2.07345e+01  9.95746e-01  -1.37593e-04  -1.70777e-03  9.96447e-01  1.00157e+00
2.08392e+01  9.92800e-01  -1.12129e-03  -3.41928e-03  9.92040e-01  1.00230e+00
2.09440e+01  9.90003e-01  -2.06465e-03  -5.05170e-03  9.87832e-01  1.00299e+00
2.10487e+01  9.87381e-01  -2.95968e-03  -6.59027e-03  9.83860e-01  1.00363e+00
2.11534e+01  9.84955e-01  -3.79930e-03  -8.02174e-03  9.80157e-01  1.00422e+00
2.12581e+01  9.82746e-01  -4.57731e-03  -9.33445e-03  9.76754e-01  1.00476e+00
2.13628e+01  9.80769e-01  -5.28838e-03  -1.05183e-02  9.73675e-01  1.00523e+00
2.14675e+01  9.79040e-01  -5.92797e-03  -1.15648e-02  9.70942e-01  1.00564e+00
2.15723e+01  9.77569e-01  -6.49229e-03  -1.24669e-02  9.68574e-01  1.00597e+00
2.16770e+01  9.76364e-01  -6.97826e-03  -1.32192e-02  9.66583e-01  1.00624e+00
2.17817e+01  9.75433e-01  -7.38346e-03  -1.38176e-02  9.64981e-01  1.00643e+00
2.18864e+01  9.74777e-01  -7.70611e-03  -1.42597e-02  9.63774e-01  1.00655e+00
2.19911e+01  9.74399e-01  -7.94503e-03  -1.45443e-02  9.62966e-01  1.00660e+00
2.20959e+01  9.74297e-01  -8.09963e-03  -1.46717e-02  9.62557e-01  1.00657e+00
2.22006e+01  9.74466e-01  -8.16988e-03  -1.46435e-02  9.62543e-01  1.00647e+00
2.23053e+01  9.74901e-01  -8.15632e-03  -1.44625e-02  9.62919e-01  1.00631e+00
2.24100e+01  9.75592e-01  -8.06006e-03  -1.41329e-02  9.63674e-01  1.00607e+00
2.25147e+01  9.76530e-01  -7.88280e-03  -1.36602e-02  9.64797e-01  1.00578e+00
2.26195e+01  9.77702e-01  -7.62682e-03  -1.30509e-02  9.66271e-01  1.00542e+00
2.27242e+01  9.79093e-01  -7.29501e-03  -1.23127e-02  9.68080e-01  1.00502e+00
2.28289e+01  9.80686e-01  -6.89089e-03  -1.14545e-02  9.70200e-01  1.00456e+00
2.29336e+01  9.82463e-01  -6.41861e-03  -1.04862e-02  9.72609e-01  1.00407e+00
2.30383e+01  9.84403e-01  -5.88296e-03  -9.41864e-03  9.75280e-01  1.00354e+00
2.31431e+01  9.86485e-01  -5.28938e-03  -8.26361e-03  9.78183e-01  1.00297e+00
2.32478e+01  9.88686e-01  -4.64395e-03  -7.03377e-03  9.81289e-01  1.00239e+00
2.33525e+01  9.90982e-01  -3.95339e-03  -5.74255e-03  9.84562e-01  1.00179e+00
2.34572e+01  9.93348e-01  -3.22498e-03  -4.40398e-03  9.87967e-01  1.00118e+00
2.35619e+01  9.95756e-01  -2.46657e-03  -3.03267e-03  9.91468e-01  1.00057e+00
2.36667e+01  9.98182e-01  -1.68649e-03  -1.64361e-03  9.95026e-01  9.99957e-01
2.37714e+01  1.00060e+00  -8.93471e-04  -2.52050e-04  9.98602e-01  9.99359e-01
2.38761e+01  1.00298e+00  -9.65577e-05  1.12666e-03  1.00216e+00  9.98777e-01
2.39808e+01  1.00529e+00  6.95006e-04  2.47725e-03  1.00565e+00  9.98218e-01
2.40855e+01  1.00752e+00  1.47190e-03  3.78473e-03  1.00904e+00  9.97687e-01
2.41903e+01  1.00964e+00  2.22485e-03  5.03453e-03  1.01229e+00  9.97190e-01
2.42950e+01  1.01162e+00  2.94482e-03  6.21275e-03  1.01537e+00  9.96732e-01
2.43997e+01  1.01344e+00  3.62310e-03  7.30633e-03  1.01824e+00  9.96317e-01
2.45044e+01  1.01509e+00  4.25149e-03  8.30325e-03  1.02086e+00  9.95948e-01
2.46091e+01  1.01654e+00  4.82245e-03  9.19269e-03  1.02321e+00  9.95630e-01
2.47139e+01  1.01778e+00  5.32922e-03  9.96522e-03  1.02526e+00  9.95364e-01
2.48186e+01  1.01880e+00  5.76596e-03  1.06129e-02  1.02699e+00  9.95153e-01
2.49233e+01  1.01960e+00  6.12786e-03  1.11295e-02  1.02839e+00  9.94998e-01
2.50280e+01  1.02015e+00  6.41120e-03  1.15104e-02  1.02943e+00  9.94901e-01
2.51327e+01  1.02047e+00  6.61344e-03  1.17530e-02  1.03012e+00  9.94860e-01
2.52375e+01  1.02054e+00  6.73322e-03  1.18563e-02  1.03045e+00  9.94877e-01
2.53422e+01  1.02038e+00  6.77041e-03  1.18211e-02  1.03041e+00  9.94949e-01
2.54469e+01  1.01999e+00  6.72606e-03  1.16503e-02  1.03003e+00  9.95076e-01
2.55516e+01  1.01938e+00  6.60236e-03  1.13481e-02  1.02930e+00  9.95254e-01
2.56563e+01  1.01856e+00  6.40256e-03  1.09205e-02  1.02824e+00  9.95482e-01
2.57611e+01  1.01754e+00  6.13089e-03  1.03751e-02  1.02688e+00  9.95756e-01
2.58658e+01  1.01634e+00  5.79248e-03  9.72052e-03  1.02523e+00  9.96072e-01
2.59705e+01  1.01497e+00  5.39315e-03  8.96677e-03  1.02333e+00  9.96426e-01
2.60752e+01  1.01347e+00  4.93940e-03  8.12474e-03  1.02119e+00  9.96815e-01
2.61799e+01  1.01183e+00  4.43818e-03  7.20615e-03  1.01885e+00  9.97232e-01
2.62847e+01  1.01010e+00  3.89679e-03  6.22328e-03  1.01634e+00  9.97674e-01
2.63894e+01  1.00829e+00  3.32276e-03  5.18885e-03  1.01370e+00  9.98134e-01
2.64941e+01  1.00641e+00  2.72373e-03  4.11580e-03  1.01096e+00  9.98608e-01
2.65988e+01  1.00450e+00  2.10729e-03  3.01711e-03  1.00814e+00  9.99090e-01
2.67035e+01  1.00258e+00  1.48095e-03  1.90566e-03  1.00529e+00  9.99575e-01
2.68083e+01  1.00067e+00  8.51972e-04  7.94089e-04  1.00244e+00  1.00006e+00
2.69130e+01  9.98778e-01  2.27368e-04  -3.05385e-04  9.99617e-01  1.00053e+00
2.70177e+01  9.96939e-01  -3.86220e-04  -1.38104e-03  9.96852e-01  1.00099e+00
2.71224e+01  9.95167e-01  -9.82545e-04  -2.42176e-03  9.94174e-01  1.00144e+00
2.72271e+01  9.93480e-01  -1.55580e-03  -3.41716e-03  9.91610e-01  1.00186e+00
2.73319e+01  9.91893e-01  -2.10064e-03  -4.35760e-03  9.89184e-01  1.00226e+00
2.74366e+01  9.90421e-01  -2.61221e-03  -5.23430e-03  9.86919e-01  1.00262e+00
2.75413e+01  9.89078e-01  -3.08616e-03  -6.03936e-03  9.84835e-01  1.00295e+00
2.76460e+01  9.87875e-01  -3.51862e-03  -6.76581e-03  9.82950e-01  1.00325e+00
2.77507e+01  9.86822e-01  -3.90625e-03  -7.40763e-03  9.81278e-01  1.00350e+00
2.78555e+01  9.85927e-01  -4.24617e-03  -7.95975e-03  9.79834e-01  1.00371e+00
2.79602e+01  9.85196e-01  -4.53603e-03  -8.41812e-03  9.78628e-01  1.00388e+00
2.80649e+01  9.84635e-01  -4.77394e-03  -8.77963e-03  9.77667e-01  1.00401e+00
2.81696e+01  9.84246e-01  -4.95850e-03  -9.04219e-03  9.76957e-01  1.00408e+00
2.82743e+01  9.84030e-01  -5.08877e-03  -9.20467e-03  9.76502e-01  1.00412e+00
2.83791e+01  9.83988e-01  -5.16429e-03  -9.26690e-03  9.76302e-01  1.00410e+00
2.84838e+01  9.84118e-01  -5.18503e-03  -9.22965e-03  9.76356e-01  1.00404e+00
2.85885e+01  9.84415e-01  -5.15145e-03  -9.09466e-03  9.76659e-01  1.00394e+00
2.86932e+01  9.84874e-01  -5.06445e-03  -8.86451e-03  9.77207e-01  1.00380e+00
2.87979e+01  9.85489e-01  -4.92536e-03  -8.54272e-03  9.77989e-01  1.00362e+00
2.89027e+01  9.86252e-01  -4.73597e-03  -8.13361e-03  9.78997e-01  1.00340e+00
2.90074e+01  9.87153e-01  -4.49853e-03  -7.64232e-03  9.80217e-01  1.00314e+00
2.91121e+01  9.88182e-01  -4.21569e-03  -7.07475e-03  9.81635e-01  1.00286e+00
2.92168e+01  9.89325e-01  -3.89054e-03  -6.43752e-03  9.83234e-01  1.00255e+00
2.93215e+01  9.90571e-01  -3.52661e-03  -5.73791e-03  9.84998e-01  1.00221e+00
2.94263e+01  9.91905e-01  -3.12780e-03  -4.98379e-03  9.86905e-01  1.00186e+00
2.95310e+01  9.93312e-01  -2.69838e-03  -4.18360e-03  9.88934e-01  1.00149e+00
2.96357e+01  9.94777e-01  -2.24299e-03  -3.34619e-03  9.91065e-01  1.00110e+00
2.97404e+01  9.96283e-01  -1.76658e-03  -2.48081e-03  9.93272e-01  1.00071e+00
2.98451e+01  9.97813e-01  -1.27437e-03  -1.59702e-03  9.95532e-01  1.00032e+00
2.99498e+01  9.99351e-01  -7.71794e-04  -7.04535e-04  9.97819e-01  9.99933e-01
3.00546e+01  1.00088e+00  -2.64468e-04  1.86804e-04  1.00011e+00  9.99549e-01
3.01593e+01  1.00238e+00  2.41893e-04  1.06719e-03  1.00238e+00  9.99175e-01
3.02640e+01  1.00384e+00  7.41538e-04  1.92692e-03  1.00460e+00  9.98815e-01
3.03687e+01  1.00525e+00  1.22875e-03  2.75656e-03  1.00674e+00  9.98472e-01
3.04734e+01  1.00657e+00  1.69792e-03  3.54700e-03  1.00879e+00  9.98151e-01
3.05782e+01  1.00781e+00  2.14365e-03  4.28960e-03  1.01072e+00  9.97854e-01
3.06829e+01  1.00895e+00  2.56079e-03  4.97632e-03  1.01251e+00  9.97584e-01
3.07876e+01  1.00998e+00  2.94455e-03  5.59977e-03  1.01414e+00  9.97345e-01
3.08923e+01  1.01088e+00  3.29058e-03  6.15336e-03  1.01560e+00  9.97137e-01
3.09970e+01  1.01165e+00  3.59499e-03  6.63137e-03  1.01686e+00  9.96964e-01
3.11018e+01  1.01228e+00  3.85447e-03  7.02902e-03  1.01791e+00  9.96825e-01
3.12065e+01  1.01277e+00  4.06630e-03  7.34253e-03  1.01875e+00  9.96724e-01
3.13112e+01  1.01310e+00  4.22841e-03  7.56917e-03  1.01937e+00  9.96659e-01
3.14159e+01  1.01328e+00  4.33941e-03  7.70733e-03  1.01975e+00  9.96632e-01
3.15206e+01  1.01331e+00  4.39859e-03  7.75645e-03  1.01991e+00  9.96642e-01
3.16254e+01  1.01319e+00  4.40593e-03  7.71710e-03  1.01984e+00  9.96689e-01
3.17301e+01  1.01292e+00  4.36210e-03  7.59092e-03  1.01954e+00  9.96771e-01
3.18348e+01  1.01251e+00  4.26842e-03  7.38056e-03  1.01903e+00  9.96888e-01
3.19395e+01  1.01197e+00  4.12686e-03  7.08968e-03  1.01831e+00  9.97037e-01
3.20442e+01  1.01130e+00  3.93993e-03  6.72285e-03  1.01739e+00  9.97217e-01
3.21490e+01  1.01051e+00  3.71070e-03  6.28545e-03  1.01628e+00  9.97425e-01
3.22537e+01  1.00962e+00  3.44268e-03  5.78363e-03  1.01501e+00  9.97659e-01
3.23584e+01  1.00863e+00  3.13978e-03  5.22417e-03  1.01359e+00  9.97916e-01
3.24631e+01  1.00756e+00  2.80626e-03  4.61441e-03  1.01204e+00  9.98192e-01
3.25678e+01  1.00642e+00  2.44661e-03  3.96209e-03  1.01037e+00  9.98485e-01
3.26726e+01  1.00523e+00  2.06551e-03  3.27530e-03  1.00862e+00  9.98790e-01
3.27773e+01  1.00400e+00  1.66776e-03  2.56235e-03  1.00679e+00  9.99105e-01
3.28820e+01  1.00274e+00  1.25822e-03  1.83163e-03  1.00492e+00  9.99427e-01
3.29867e+01  1.00147e+00  8.41701e-04  1.09156e-03  1.00302e+00  9.99750e-01
3.30914e+01  1.00020e+00  4.22977e-04  3.50471e-04  1.00112e+00  1.00007e+00
3.31962e+01  9.98948e-01  6.67719e-06  -3.83501e-04  9.99240e-01  1.00039e+00
3.33009e+01  9.97727e-01  -4.02733e-04  -1.10247e-03  9.97392e-01  1.00070e+00
3.34056e+01  9.96547e-01  -8.00999e-04  -1.79891e-03  9.95601e-01  1.00100e+00
3.35103e+01  9.95423e-01  -1.18411e-03  -2.46568e-03  9.93885e-01  1.00128e+00
3.36150e+01  9.94363e-01  -1.54833e-03  -3.09611e-03  9.92259e-01  1.00155e+00
3.37198e+01  9.93380e-01  -1.89022e-03  -3.68408e-03  9.90742e-01  1.00179e+00
3.38245e+01  9.92482e-01  -2.20666e-03  -4.22401e-03  9.89345e-01  1.00202e+00
3.39292e+01  9.91677e-01  -2.49483e-03  -4.71092e-03  9.88083e-01  1.00222e+00
3.40339e+01  9.90972e-01  -2.75229e-03  -5.14049e-03  9.86967e-01  1.00239e+00
3.41386e+01  9.90374e-01  -2.97692e-03  -5.50904e-03  9.86005e-01  1.00253e+00
3.42434e+01  9.89887e-01  -3.16696e-03  -5.81357e-03  9.85206e-01  1.00265e+00
3.43481e+01  9.89516e-01  -3.32100e-03  -6.05177e-03  9.84575e-01  1.00273e+00
3.44528e+01  9.89261e-01  -3.43798e-03  -6.22203e-03  9.84118e-01  1.00278e+00
3.45575e+01  9.89125e-01  -3.51721e-03  -6.32344e-03  9.83836e-01  1.00281e+00
3.46622e+01  9.89107e-01  -3.55834e-03  -6.35577e-03  9.83730e-01  1.00280e+00
3.47670e+01  9.89206e-01  -3.56138e-03  -6.31949e-03  9.83800e-01  1.00276e+00
3.48717e+01  9.89421e-01  -3.52668e-03  -6.21575e-03  9.84042e-01  1.00269e+00
3.49764e+01  9.89747e-01  -3.45495e-03  -6.04634e-03  9.84452e-01  1.00259e+00
3.50811e+01  9.90180e-01  -3.34721e-03  -5.81371e-03  9.85025e-01  1.00247e+00
3.51858e+01  9.90714e-01  -3.20485e-03  -5.52089e-03  9.85753e-01  1.00232e+00
3.52906e+01  9.91342e-01  -3.02955e-03  -5.17152e-03  9.86627e-01  1.00214e+00
3.53953e+01  9.92058e-01  -2.82333e-03  -4.76979e-03  9.87637e-01  1.00195e+00
3.55000e+01  9.92853e-01  -2.58849e-03  -4.32038e-03  9.88771e-01  1.00173e+00
3.56047e+01  9.93718e-01  -2.32764e-03  -3.82844e-03  9.90015e-01  1.00150e+00
3.57094e+01  9.94642e-01  -2.04364e-03  -3.29955e-03  9.91357e-01  1.00126e+00
3.58142e+01  9.95616e-01  -1.73959e-03  -2.73964e-03  9.92781e-01  1.00100e+00
3.59189e+01  9.96628e-01  -1.41883e-03  -2.15495e-03  9.94271e-01  1.00074e+00
3.60236e+01  9.97668e-01  -1.08488e-03  -1.55199e-03  9.95811e-01  1.00047e+00
3.61283e+01  9.98723e-01  -7.41417e-04  -9.37402e-04  9.97384e-01  1.00020e+00
3.62330e+01  9.99783e-01  -3.92243e-04  -3.17982e-04  9.98972e-01  9.99926e-01
3.63378e+01  1.00084e+00  -4.12409e-05  2.99456e-04  1.00056e+00  9.99659e-01
3.64425e+01  1.00187e+00  3.07670e-04  9.08128e-04  1.00212e+00  9.99400e-01
3.65472e+01  1.00287e+00  6.50577e-04  1.50137e-03  1.00365e+00  9.99149e-01
3.66519e+01  1.00383e+00  9.83625e-04  2.07268e-03  1.00513e+00  9.98911e-01
3.67566e+01  1.00474e+00  1.30306e-03  2.61587e-03  1.00653e+00  9.98687e-01
3.68614e+01  1.00559e+00  1.60529e-03  3.12504e-03  1.00786e+00  9.98480e-01
3.69661e+01  1.00637e+00  1.88692e-03  3.59473e-03  1.00908e+00  9.98292e-01
3.70708e+01  1.00707e+00  2.14481e-03  4.01995e-03  1.01018e+00  9.98125e-01
3.71755e+01  1.00769e+00  2.37610e-03  4.39625e-03  1.01117e+00  9.97980e-01
3.72802e+01  1.00821e+00  2.57828e-03  4.71977e-03  1.01202e+00  9.97859e-01
3.73850e+01  1.00864e+00  2.74922e-03  4.98730e-03  1.01272e+00  9.97762e-01
3.74897e+01  1.00896e+00  2.88715e-03  5.19630e-03  1.01328e+00  9.97691e-01
3.75944e+01  1.00918e+00  2.99076e-03  5.34495e-03  1.01368e+00  9.97646e-01
3.76991e+01  1.00930e+00  3.05918e-03  5.43214e-03  1.01392e+00  9.97627e-01
3.78038e+01  1.00931e+00  3.09195e-03  5.45753e-03  1.01401e+00  9.97634e-01
3.79086e+01  1.00922e+00  3.08912e-03  5.42148e-03  1.01393e+00  9.97668e-01
3.80133e+01  1.00903e+00  3.05112e-03  5.32510e-03  1.01370e+00  9.97726e-01
3.81180e+01  1.00873e+00  2.97886e-03  5.17017e-03  1.01332e+00  9.97809e-01
3.82227e+01  1.00835e+00  2.87365e-03  4.95916e-03  1.01279e+00  9.97914e-01
3.83274e+01  1.00787e+00  2.73716e-03  4.69517e-03  1.01213e+00  9.98042e-01
3.84322e+01  1.00732e+00  2.57145e-03  4.38184e-03  1.01134e+00  9.98190e-01
3.85369e+01  1.00669e+00  2.37888e-03  4.02337e-03  1.01043e+00  9.98356e-01
3.86416e+01  1.00599e+00  2.16207e-03  3.62439e-03  1.00941e+00  9.98538e-01
3.87463e+01  1.00523e+00  1.92390e-03  3.18994e-03  1.00830e+00  9.98734e-01
3.88510e+01  1.00443e+00  1.66743e-03  2.72536e-03  1.00712e+00  9.98942e-01
3.89557e+01  1.00358e+00  1.39588e-03  2.23627e-03  1.00587e+00  9.99160e-01
3.90605e+01  1.00271e+00  1.11254e-03  1.72845e-03  1.00457e+00  9.99384e-01
3.91652e+01  1.00182e+00  8.20780e-04  1.20778e-03  1.00324e+00  9.99613e-01
3.92699e+01  1.00092e+00  5.23982e-04  6.80197e-04  1.00188e+00  9.99844e-01
3.93746e+01  1.00002e+00  2.25501e-04  1.51596e-04  1.00053e+00  1.00007e+00
3.94793e+01  9.99128e-01  -7.13707e-05  -3.72223e-04  9.99184e-01  1.00030e+00
3.95841e+01  9.98259e-01  -3.63436e-04  -8.85612e-04  9.97865e-01  1.00052e+00
3.96888e+01  9.97418e-01  -6.47625e-04  -1.38314e-03  9.96586e-01  1.00074e+00
3.97935e+01  9.96616e-01  -9.21019e-04  -1.85964e-03  9.95360e-01  1.00094e+00
3.98982e+01  9.95860e-01  -1.18088e-03  -2.31026e-03  9.94199e-01  1.00113e+00
4.00029e+01  9.95158e-01  -1.42467e-03  -2.73050e-03  9.93114e-01  1.00131e+00
4.01077e+01  9.94516e-01  -1.65006e-03  -3.11625e-03  9.92117e-01  1.00147e+00
4.02124e+01  9.93941e-01  -1.85496e-03  -3.46383e-03  9.91217e-01  1.00161e+00
4.03171e+01  9.93438e-01  -2.03753e-03  -3.77002e-03  9.90422e-01  1.00173e+00
4.04218e+01  9.93011e-01  -2.19616e-03  -4.03205e-03  9.89740e-01  1.00184e+00
4.05265e+01  9.92665e-01  -2.32952e-03  -4.24768e-03  9.89175e-01  1.00192e+00
4.06313e+01  9.92401e-01  -2.43654e-03  -4.41514e-03  9.88733e-01  1.00198e+00
4.07360e+01  9.92222e-01  -2.51642e-03  -4.53320e-03  9.88417e-01  1.00202e+00
4.08407e+01  9.92129e-01  -2.56863e-03  -4.60113e-03  9.88229e-01  1.00203e+00
4.09454e+01  9.92122e-01  -2.59292e-03  -4.61872e-03  9.88170e-01  1.00203e+00
4.10501e+01  9.92200e-01  -2.58930e-03  -4.58631e-03  9.88238e-01  1.00200e+00
4.11549e+01  9.92361e-01  -2.55805e-03  -4.50469e-03  9.88433e-01  1.00195e+00
4.12596e+01  9.92604e-01  -2.49972e-03  -4.37519e-03  9.88750e-01  1.00188e+00
4.13643e+01  9.92924e-01  -2.41513e-03  -4.19961e-03  9.89186e-01  1.00178e+00
4.14690e+01  9.93318e-01  -2.30534e-03  -3.98018e-03  9.89734e-01  1.00167e+00
4.15737e+01  9.93781e-01  -2.17165e-03  -3.71961e-03  9.90389e-01  1.00155e+00
4.16785e+01  9.94307e-01  -2.01561e-03  -3.42099e-03  9.91142e-01  1.00141e+00
4.17832e+01  9.94890e-01  -1.83898e-03  -3.08780e-03  9.91985e-01  1.00125e+00
4.18879e+01  9.95524e-01  -1.64373e-03  -2.72386e-03  9.92909e-01  1.00108e+00
4.19926e+01  9.96201e-01  -1.43205e-03  -2.33329e-03  9.93901e-01  1.00090e+00
4.20973e+01  9.96913e-01  -1.20625e-03  -1.92048e-03  9.94953e-01  1.00071e+00
4.22021e+01  9.97654e-01  -9.68833e-04  -1.49005e-03  9.96051e-01  1.00052e+00
4.23068e+01  9.98414e-01  -7.22417e-04  -1.04678e-03  9.97184e-01  1.00032e+00
4.24115e+01  9.99185e-01  -4.69722e-04  -5.95562e-04  9.98339e-01  1.00013e+00
4.25162e+01  9.99959e-01  -2.13542e-04  -1.41389e-04  9.99504e-01  9.99928e-01
4.26209e+01  1.00073e+00  4.32843e-05  3.10750e-04  1.00066e+00  9.99733e-01
4.27257e+01  1.00148e+00  2.97906e-04  7.55897e-04  1.00181e+00  9.99542e-01
4.28304e+01  1.00221e+00  5.47491e-04  1.18919e-03  1.00293e+00  9.99358e-01
4.29351e+01  1.00291e+00  7.89263e-04  1.60590e-03  1.00400e+00  9.99183e-01
4.30398e+01  1.00357e+00  1.02053e-03  2.00153e-03  1.00502e+00  9.99019e-01
4.31445e+01  1.00419e+00  1.23874e-03  2.37180e-03  1.00598e+00  9.98867e-01
4.32493e+01  1.00476e+00  1.44146e-03  2.71277e-03  1.00687e+00  9.98729e-01
4.33540e+01  1.00527e+00  1.62647e-03  3.02082e-03  1.00767e+00  9.98606e-01
4.34587e+01  1.00571e+00  1.79176e-03  3.29274e-03  1.00838e+00  9.98499e-01
4.35634e+01  1.00609e+00  1.93557e-03  3.52576e-03  1.00899e+00  9.98410e-01
4.36681e+01  1.00640e+00  2.05638e-03  3.71755e-03  1.00949e+00  9.98339e-01
4.37729e+01  1.00663e+00  2.15298e-03  3.86629e-03  1.00989e+00  9.98287e-01
4.38776e+01  1.00679e+00  2.22444e-03  3.97066e-03  1.01017e+00  9.98254e-01
4.39823e+01  1.00687e+00  2.27016e-03  4.02987e-03  1.01033e+00  9.98240e-01
4.40870e+01  1.00688e+00  2.28985e-03  4.04367e-03  1.01038e+00  9.98246e-01
4.41917e+01  1.00681e+00  2.28353e-03  4.01231e-03  1.01031e+00  9.98271e-01
4.42965e+01  1.00666e+00  2.25154e-03  3.93659e-03  1.01012e+00  9.98315e-01
4.44012e+01  1.00644e+00  2.19451e-03  3.81779e-03  1.00983e+00  9.98377e-01
4.45059e+01  1.00615e+00  2.11340e-03  3.65770e-03  1.00943e+00  9.98456e-01
4.46106e+01  1.00580e+00  2.00940e-03  3.45854e-03  1.00893e+00  9.98551e-01
4.47153e+01  1.00538e+00  1.88400e-03  3.22297e-03  1.00833e+00  9.98661e-01
4.48201e+01  1.00491e+00  1.73887e-03  2.95402e-03  1.00765e+00  9.98785e-01
4.49248e+01  1.00439e+00  1.57594e-03  2.65508e-03  1.00689e+00  9.98921e-01
4.50295e+01  1.00383e+00  1.39727e-03  2.32983e-03  1.00606e+00  9.99067e-01
4.51342e+01  1.00323e+00  1.20509e-03  1.98217e-03  1.00517e+00  9.99223e-01
4.52389e+01  1.00260e+00  1.00174e-03  1.61624e-03  1.00423e+00  9.99385e-01
4.53437e+01  1.00195e+00  7.89636e-04  1.23629e-03  1.00326e+00  9.99553e-01
4.54484e+01  1.00129e+00  5.71265e-04  8.46691e-04  1.00226e+00  9.99725e-01
4.55531e+01  1.00062e+00  3.49122e-04  4.51837e-04  1.00125e+00  9.99897e-01
4.56578e+01  9.99945e-01  1.25700e-04  5.61248e-05  1.00024e+00  1.00007e+00
4.57625e+01  9.99280e-01  -9.65395e-05  -3.36105e-04  9.99231e-01  1.00024e+00
4.58673e+01  9.98630e-01  -3.15198e-04  -7.20616e-04  9.98244e-01  1.00041e+00
4.59720e+01  9.98001e-01  -5.27958e-04  -1.09331e-03  9.97285e-01  1.00057e+00
4.60767e+01  9.97400e-01  -7.32608e-04  -1.45029e-03  9.96367e-01  1.00072e+00
4.61814e+01  9.96834e-01  -9.27063e-04  -1.78787e-03  9.95497e-01  1.00086e+00
4.62861e+01  9.96308e-01  -1.10938e-03  -2.10261e-03  9.94685e-01  1.00099e+00
4.63909e+01  9.95827e-01  -1.27777e-03  -2.39139e-03  9.93939e-01  1.00111e+00
4.64956e+01  9.95396e-01  -1.43063e-03  -2.65138e-03  9.93267e-01  1.00122e+00
4.66003e+01  9.95019e-01  -1.56652e-03  -2.88009e-03  9.92673e-01  1.00131e+00
4.67050e+01  9.94699e-01  -1.68420e-03  -3.07541e-03  9.92165e-01  1.00139e+00
4.68097e+01  9.94440e-01  -1.78265e-03  -3.23557e-03  9.91746e-01  1.00145e+00
4.69145e+01  9.94244e-01  -1.86101e-03  -3.35921e-03  9.91421e-01  1.00150e+00
4.70192e+01  9.94111e-01  -1.91868e-03  -3.44537e-03  9.91191e-01  1.00153e+00
4.71239e+01  9.94044e-01  -1.95524e-03  -3.49345e-03  9.91058e-01  1.00154e+00
4.72286e+01  9.94041e-01  -1.97050e-03  -3.50330e-03  9.91023e-01  1.00153e+00
4.73333e+01  9.94104e-01  -1.96447e-03  -3.47513e-03  9.91085e-01  1.00151e+00
4.74380e+01  9.94229e-01  -1.93739e-03  -3.40956e-03  9.91243e-01  1.00147e+00
4.75428e+01  9.94416e-01  -1.88969e-03  -3.30760e-03  9.91495e-01  1.00142e+00
4.76475e+01  9.94662e-01  -1.82202e-03  -3.17061e-03  9.91837e-01  1.00135e+00
4.77522e+01  9.94964e-01  -1.73522e-03  -3.00033e-03  9.92264e-01  1.00127e+00
4.78569e+01  9.95319e-01  -1.63031e-03  -2.79882e-03  9.92772e-01  1.00117e+00
4.79616e+01  9.95721e-01  -1.50851e-03  -2.56846e-03  9.93355e-01  1.00106e+00
4.80664e+01  9.96167e-01  -1.37121e-03  -2.31192e-03  9.94005e-01  1.00094e+00
4.81711e+01  9.96651e-01  -1.21994e-03  -2.03214e-03  9.94716e-01  1.00081e+00
4.82758e+01  9.97168e-01  -1.05639e-03  -1.73229e-03  9.95479e-01  1.00068e+00
4.83805e+01  9.97712e-01  -8.82384e-04  -1.41574e-03  9.96286e-01  1.00053e+00
4.84852e+01  9.98277e-01  -6.99837e-04  -1.08601e-03  9.97128e-01  1.00039e+00
4.85900e+01  9.98856e-01  -5.10768e-04  -7.46787e-04  9.97996e-01  1.00024e+00
4.86947e+01  9.99444e-01  -3.17268e-04  -4.01810e-04  9.98879e-01  1.00008e+00
4.87994e+01  1.00003e+00  -1.21472e-04  -5.48865e-05  9.99769e-01  9.99933e-01
4.89041e+01  1.00062e+00  7.44543e-05  2.90173e-04  1.00065e+00  9.99784e-01
4.90088e+01  1.00119e+00  2.68345e-04  6.29589e-04  1.00153e+00  9.99639e-01
4.91136e+01  1.00175e+00  4.58056e-04  9.59658e-04  1.00238e+00  9.99498e-01
4.92183e+01  1.00228e+00  6.41491e-04  1.27680e-03  1.00320e+00  9.99365e-01
4.93230e+01  1.00279e+00  8.16625e-04  1.57757e-03  1.00397e+00  9.99239e-01
4.94277e+01  1.00326e+00  9.81532e-04  1.85875e-03  1.00470e+00  9.99123e-01
4.95324e+01  1.00369e+00  1.13441e-03  2.11734e-03  1.00537e+00  9.99017e-01
4.96372e+01  1.00407e+00  1.27358e-03  2.35060e-03  1.00597e+00  9.98923e-01
4.97419e+01  1.00441e+00  1.39756e-03  2.55611e-03  1.00651e+00  9.98841e-01
4.98466e+01  1.00470e+00  1.50503e-03  2.73176e-03  1.00697e+00  9.98773e-01
4.99513e+01  1.00493e+00  1.59487e-03  2.87580e-03  1.00735e+00  9.98719e-01
5.00560e+01  1.00511e+00  1.66618e-03  2.98685e-03  1.00764e+00  9.98679e-01
5.01608e+01  1.00523e+00  1.71828e-03  3.06390e-03  1.00785e+00  9.98654e-01
5.02655e+01  1.00529e+00  1.75071e-03  3.10637e-03  1.00796e+00  9.98644e-01
5.03702e+01  1.00529e+00  1.76328e-03  3.11405e-03  1.00799e+00  9.98649e-01
5.04749e+01  1.00523e+00  1.75600e-03  3.08714e-03  1.00793e+00  9.98669e-01
5.05796e+01  1.00511e+00  1.72913e-03  3.02623e-03  1.00778e+00  9.98703e-01
5.06844e+01  1.00494e+00  1.68316e-03  2.93229e-03  1.00755e+00  9.98751e-01
5.07891e+01  1.00472e+00  1.61879e-03  2.80668e-03  1.00723e+00  9.98812e-01
5.08938e+01  1.00445e+00  1.53695e-03  2.65108e-03  1.00684e+00  9.98886e-01
5.09985e+01  1.00413e+00  1.43873e-03  2.46750e-03  1.00637e+00  9.98971e-01
5.11032e+01  1.00376e+00  1.32542e-03  2.25825e-03  1.00584e+00  9.99067e-01
5.12080e+01  1.00336e+00  1.19846e-03  2.02591e-03  1.00525e+00  9.99173e-01
5.13127e+01  1.00293e+00  1.05943e-03  1.77328e-03  1.00461e+00  9.99286e-01
5.14174e+01  1.00246e+00  9.10015e-04  1.50336e-03  1.00392e+00  9.99407e-01
5.15221e+01  1.00198e+00  7.52008e-04  1.21932e-03  1.00319e+00  9.99533e-01
5.16268e+01  1.00147e+00  5.87259e-04  9.24412e-04  1.00244e+00  9.99663e-01
5.17316e+01  1.00096e+00  4.17671e-04  6.22011e-04  1.00166e+00  9.99796e-01
5.18363e+01  1.00044e+00  2.45170e-04  3.15511e-04  1.00088e+00  9.99930e-01
5.19410e+01  9.99917e-01  7.16804e-05  8.31271e-06  1.00009e+00  1.00006e+00
5.20457e+01  9.99401e-01  -1.00889e-04  -2.96216e-04  9.99307e-01  1.00020e+00
5.21504e+01  9.98896e-01  -2.70670e-04  -5.94779e-04  9.98540e-01  1.00032e+00
5.22552e+01  9.98408e-01  -4.35855e-04  -8.84184e-04  9.97796e-01  1.00045e+00
5.23599e+01  9.97942e-01  -5.94712e-04  -1.16138e-03  9.97083e-01  1.00057e+00
5.24646e+01  9.97502e-01  -7.45603e-04  -1.42347e-03  9.96407e-01  1.00068e+00
5.25693e+01  9.97093e-01  -8.86996e-04  -1.66778e-03  9.95777e-01  1.00078e+00
5.26740e+01  9.96719e-01  -1.01748e-03  -1.89183e-03  9.95199e-01  1.00087e+00
5.27788e+01  9.96384e-01  -1.13578e-03  -2.09339e-03  9.94677e-01  1.00096e+00
5.28835e+01  9.96091e-01  -1.24076e-03  -2.27050e-03  9.94218e-01  1.00103e+00
5.29882e+01  9.95843e-01  -1.33143e-03  -2.42147e-03  9.93826e-01  1.00109e+00
5.30929e+01  9.95642e-01  -1.40697e-03  -2.54491e-03  9.93503e-01  1.00114e+00
5.31976e+01  9.95490e-01  -1.46672e-03  -2.63973e-03  9.93254e-01  1.00117e+00
5.33024e+01  9.95388e-01  -1.51017e-03  -2.70515e-03  9.93080e-01  1.00119e+00
5.34071e+01  9.95337e-01  -1.53701e-03  -2.74070e-03  9.92982e-01  1.00120e+00
5.35118e+01  9.95337e-01  -1.54708e-03  -2.74624e-03  9.92960e-01  1.00120e+00
5.36165e+01  9.95387e-01  -1.54040e-03  -2.72195e-03  9.93016e-01  1.00118e+00
5.37212e+01  9.95487e-01  -1.51715e-03  -2.66829e-03  9.93146e-01  1.00115e+00
5.38260e+01  9.95636e-01  -1.47770e-03  -2.58606e-03  9.93350e-01  1.00111e+00
5.39307e+01  9.95831e-01  -1.42255e-03  -2.47634e-03  9.93625e-01  1.00105e+00
5.40354e+01  9.96069e-01  -1.35240e-03  -2.34049e-03  9.93967e-01  1.00099e+00
5.41401e+01  9.96349e-01  -1.26807e-03  -2.18015e-03  9.94372e-01  1.00091e+00
5.42448e+01  9.96667e-01  -1.17053e-03  -1.99720e-03  9.94835e-01  1.00083e+00
5.43496e+01  9.97018e-01  -1.06089e-03  -1.79376e-03  9.95352e-01  1.00073e+00
5.44543e+01  9.97400e-01  -9.40396e-04  -1.57215e-03  9.95915e-01  1.00063e+00
5.45590e+01  9.97807e-01  -8.10382e-04  -1.33487e-03  9.96520e-01  1.00052e+00
5.46637e+01  9.98236e-01  -6.72296e-04  -1.08459e-03  9.97159e-01  1.00041e+00
5.47684e+01  9.98681e-01  -5.27669e-04  -8.24107e-04  9.97824e-01  1.00030e+00
5.48732e+01  9.99138e-01  -3.78100e-04  -5.56305e-04  9.98509e-01  1.00018e+00
5.49779e+01  9.99600e-01  -2.25242e-04  -2.84150e-04  9.99206e-01  1.00006e+00
5.50826e+01  1.00006e+00  -7.07806e-05  -1.06395e-05  9.99908e-01  9.99940e-01
5.51873e+01  1.00053e+00  8.35790e-05  2.61222e-04  1.00061e+00  9.99822e-01
5.52920e+01  1.00098e+00  2.36135e-04  5.28462e-04  1.00129e+00  9.99708e-01
5.53968e+01  1.00141e+00  3.85207e-04  7.88166e-04  1.00196e+00  9.99597e-01
5.55015e+01  1.00183e+00  5.29155e-04  1.03752e-03  1.00260e+00  9.99492e-01
5.56062e+01  1.00223e+00  6.66398e-04  1.27382e-03  1.00321e+00  9.99393e-01
5.57109e+01  1.00260e+00  7.95434e-04  1.49454e-03  1.00378e+00  9.99301e-01
5.58156e+01  1.00294e+00  9.14859e-04  1.69732e-03  1.00431e+00  9.99218e-01
5.59203e+01  1.00324e+00  1.02338e-03  1.88002e-03  1.00478e+00  9.99143e-01
5.60251e+01  1.00351e+00  1.11984e-03  2.04074e-03  1.00520e+00  9.99079e-01
5.61298e+01  1.00373e+00  1.20320e-03  2.17782e-03  1.00556e+00  9.99025e-01
5.62345e+01  1.00392e+00  1.27262e-03  2.28990e-03  1.00585e+00  9.98983e-01
5.63392e+01  1.00405e+00  1.32740e-03  2.37588e-03  1.00608e+00  9.98952e-01
5.64439e+01  1.00415e+00  1.36700e-03  2.43500e-03  1.00624e+00  9.98932e-01
5.65487e+01  1.00419e+00  1.39109e-03  2.46677e-03  1.00632e+00  9.98924e-01
5.66534e+01  1.00419e+00  1.39950e-03  2.47103e-03  1.00634e+00  9.98928e-01
5.67581e+01  1.00414e+00  1.39225e-03  2.44795e-03  1.00629e+00  9.98944e-01
5.68628e+01  1.00405e+00  1.36956e-03  2.39797e-03  1.00617e+00  9.98972e-01
5.69675e+01  1.00392e+00  1.33180e-03  2.32187e-03  1.00598e+00  9.99010e-01
5.70723e+01  1.00374e+00  1.27952e-03  2.22069e-03  1.00572e+00  9.99059e-01
5.71770e+01  1.00352e+00  1.21344e-03  2.09577e-03  1.00540e+00  9.99118e-01
5.72817e+01  1.00326e+00  1.13443e-03  1.94868e-03  1.00503e+00  9.99186e-01
5.73864e+01  1.00297e+00  1.04349e-03  1.78123e-03  1.00461e+00  9.99262e-01
5.74911e+01  1.00266e+00  9.41751e-04  1.59546e-03  1.00413e+00  9.99346e-01
5.75959e+01  1.00231e+00  8.30455e-04  1.39358e-03  1.00362e+00  9.99437e-01
5.77006e+01  1.00194e+00  7.10934e-04  1.17795e-03  1.00307e+00  9.99533e-01
5.78053e+01  1.00155e+00  5.84596e-04  9.51087e-04  1.00249e+00  9.99634e-01
5.79100e+01  1.00115e+00  4.52908e-04  7.15572e-04  1.00188e+00  9.99737e-01
5.80147e+01  1.00074e+00  3.17376e-04  4.74077e-04  1.00127e+00  9.99843e-01
5.81195e+01  1.00032e+00  1.79531e-04  2.29305e-04  1.00064e+00  9.99950e-01
5.82242e+01  9.99909e-01  4.09070e-05  -1.60331e-05  1.00001e+00  1.00006e+00
5.83289e+01  9.99497e-01  -9.69736e-05  -2.59250e-04  9.99385e-01  1.00016e+00
5.84336e+01  9.99094e-01  -2.32616e-04  -4.97709e-04  9.98772e-01  1.00027e+00
5.85383e+01  9.98704e-01  -3.64571e-04  -7.28852e-04  9.98178e-01  1.00036e+00
5.86431e+01  9.98331e-01  -4.91444e-04  -9.50230e-04  9.97608e-01  1.00046e+00
5.87478e+01  9.97979e-01  -6.11917e-04  -1.15952e-03  9.97069e-01  1.00055e+00
5.88525e+01  9.97652e-01  -7.24752e-04  -1.35456e-03  9.96566e-01  1.00063e+00
5.89572e+01  9.97353e-01  -8.28810e-04  -1.53334e-03  9.96105e-01  1.00070e+00
5.90619e+01  9.97085e-01  -9.23054e-04  -1.69408e-03  9.95689e-01  1.00077e+00
5.91667e+01  9.96851e-01  -1.00656e-03  -1.83518e-03  9.95323e-01  1.00083e+00
5.92714e+01  9.96652e-01  -1.07854e-03  -1.95528e-03  9.95011e-01  1.00088e+00
5.93761e+01  9.96492e-01  -1.13830e-03  -2.05323e-03  9.94755e-01  1.00091e+00
5.94808e+01  9.96371e-01  -1.18532e-03  -2.12816e-03  9.94558e-01  1.00094e+00
5.95855e+01  9.96290e-01  -1.21919e-03  -2.17943e-03  9.94422e-01  1.00096e+00
5.96903e+01  9.96250e-01  -1.23964e-03  -2.20665e-03  9.94347e-01  1.00097e+00
5.97950e+01  9.96251e-01  -1.24656e-03  -2.20970e-03  9.94334e-01  1.00096e+00
5.98997e+01  9.96292e-01  -1.23996e-03  -2.18872e-03  9.94383e-01  1.00095e+00
6.00044e+01  9.96374e-01  -1.21998e-03  -2.14409e-03  9.94492e-01  1.00092e+00
6.01091e+01  9.96495e-01  -1.18694e-03  -2.07645e-03  9.94660e-01  1.00089e+00
6.02139e+01  9.96653e-01  -1.14125e-03  -1.98666e-03  9.94885e-01  1.00085e+00
6.03186e+01  9.96846e-01  -1.08348e-03  -1.87583e-03  9.95165e-01  1.00079e+00
6.04233e+01  9.97072e-01  -1.01429e-03  -1.74530e-03  9.95495e-01  1.00073e+00
6.05280e+01  9.97329e-01  -9.34503e-04  -1.59657e-03  9.95872e-01  1.00066e+00
6.06327e+01  9.97614e-01  -8.45011e-04  -1.43137e-03  9.96292e-01  1.00059e+00
6.07375e+01  9.97922e-01  -7.46824e-04  -1.25157e-03  9.96750e-01  1.00050e+00
6.08422e+01  9.98252e-01  -6.41041e-04  -1.05921e-03  9.97241e-01  1.00042e+00
6.09469e+01  9.98598e-01  -5.28838e-04  -8.56445e-04  9.97758e-01  1.00033e+00
6.10516e+01  9.98958e-01  -4.11460e-04  -6.45532e-04  9.98297e-01  1.00023e+00
6.11563e+01  9.99327e-01  -2.90206e-04  -4.28813e-04  9.98852e-01  1.00014e+00
6.12611e+01  9.99701e-01  -1.66414e-04  -2.08684e-04  9.99416e-01  1.00004e+00
6.13658e+01  1.00008e+00  -4.14486e-05  1.24298e-05  9.99983e-01  9.99946e-01
6.14705e+01  1.00045e+00  8.33123e-05  2.32104e-04  1.00055e+00  9.99851e-01
6.15752e+01  1.00081e+00  2.06496e-04  4.47935e-04  1.00110e+00  9.99759e-01
6.16799e+01  1.00117e+00  3.26749e-04  6.57573e-04  1.00164e+00  9.99669e-01
6.17847e+01  1.00151e+00  4.42753e-04  8.58743e-04  1.00216e+00  9.99584e-01
6.18894e+01  1.00183e+00  5.53237e-04  1.04927e-03  1.00265e+00  9.99504e-01
6.19941e+01  1.00212e+00  6.56998e-04  1.22712e-03  1.00311e+00  9.99430e-01
6.20988e+01  1.00240e+00  7.52909e-04  1.39038e-03  1.00353e+00  9.99363e-01
6.22035e+01  1.00264e+00  8.39936e-04  1.53734e-03  1.00391e+00  9.99303e-01
6.23083e+01  1.00286e+00  9.17150e-04  1.66646e-03  1.00425e+00  9.99251e-01
6.24130e+01  1.00304e+00  9.83736e-04  1.77641e-03  1.00454e+00  9.99207e-01
6.25177e+01  1.00318e+00  1.03901e-03  1.86607e-03  1.00477e+00  9.99173e-01
6.26224e+01  1.00330e+00  1.08240e-03  1.93459e-03  1.00495e+00  9.99148e-01
6.27271e+01  1.00337e+00  1.11351e-03  1.98133e-03  1.00508e+00  9.99132e-01
6.28319e+01  1.00341e+00  1.13205e-03  2.00590e-03  1.00514e+00  9.99126e-01
6.29366e+01  1.00340e+00  1.13790e-03  2.00818e-03  1.00515e+00  9.99130e-01
6.30413e+01  1.00337e+00  1.13108e-03  1.98829e-03  1.00511e+00  9.99143e-01
6.31460e+01  1.00329e+00  1.11175e-03  1.94660e-03  1.00500e+00  9.99165e-01
6.32507e+01  1.00318e+00  1.08022e-03  1.88371e-03  1.00485e+00  9.99197e-01
6.33555e+01  1.00303e+00  1.03694e-03  1.80049e-03  1.00464e+00  9.99236e-01
6.34602e+01  1.00286e+00  9.82483e-04  1.69798e-03  1.00438e+00  9.99285e-01
6.35649e+01  1.00265e+00  9.17541e-04  1.57748e-03  1.00407e+00  9.99340e-01
6.36696e+01  1.00241e+00  8.42928e-04  1.44044e-03  1.00372e+00  9.99402e-01
6.37743e+01  1.00215e+00  7.59555e-04  1.28851e-03  1.00334e+00  9.99471e-01
6.38791e+01  1.00187e+00  6.68424e-04  1.12348e-03  1.00292e+00  9.99545e-01
6.39838e+01  1.00157e+00  5.70613e-04  9.47260e-04  1.00247e+00  9.99623e-01
6.40885e+01  1.00125e+00  4.67262e-04  7.61885e-04  1.00199e+00  9.99705e-01
6.41932e+01  1.00092e+00  3.59562e-04  5.69465e-04  1.00150e+00  9.99790e-01
6.42979e+01  1.00059e+00  2.48736e-04  3.72168e-04  1.00099e+00  9.99877e-01
6.44026e+01  1.00025e+00  1.36031e-04  1.72195e-04  1.00048e+00  9.99964e-01
6.45074e+01  9.99910e-01  2.26980e-05  -2.82414e-05  9.99966e-01  1.00005e+00
6.46121e+01  9.99573e-01  -9.00194e-05  -2.26947e-04  9.99456e-01  1.00014e+00
6.47168e+01  9.99244e-01  -2.00898e-04  -4.21764e-04  9.98956e-01  1.00022e+00
6.48215e+01  9.98925e-01  -3.08748e-04  -6.10600e-04  9.98470e-01  1.00030e+00
6.49262e+01  9.98620e-01  -4.12427e-04  -7.91443e-04  9.98005e-01  1.00038e+00
6.50310e+01  9.98332e-01  -5.10848e-04  -9.62389e-04  9.97564e-01  1.00045e+00
6.51357e+01  9.98064e-01  -6.02992e-04  -1.12165e-03  9.97154e-01  1.00052e+00
6.52404e+01  9.97820e-01  -6.87919e-04  -1.26760e-03  9.96777e-01  1.00058e+00
6.53451e+01  9.97600e-01  -7.64772e-04  -1.39874e-03  9.96438e-01  1.00063e+00
6.54498e+01  9.97409e-01  -8.32790e-04  -1.51376e-03  9.96140e-01  1.00068e+00
6.55546e+01  9.97246e-01  -8.91309e-04  -1.61153e-03  9.95886e-01  1.00072e+00
6.56593e+01  9.97115e-01  -9.39774e-04  -1.69112e-03  9.95678e-01  1.00075e+00
6.57640e+01  9.97016e-01  -9.77736e-04  -1.75178e-03  9.95519e-01  1.00077e+00
6.58687e+01  9.96950e-01  -1.00486e-03  -1.79300e-03  9.95409e-01  1.00079e+00
6.59734e+01  9.96918e-01  -1.02093e-03  -1.81444e-03  9.95350e-01  1.00079e+00
6.60782e+01  9.96919e-01  -1.02584e-03  -1.81601e-03  9.95342e-01  1.00079e+00
6.61829e+01  9.96954e-01  -1.01962e-03  -1.79781e-03  9.95385e-01  1.00078e+00
6.62876e+01  9.97022e-01  -1.00237e-03  -1.76016e-03  9.95477e-01  1.00076e+00
6.63923e+01  9.97122e-01  -9.74368e-04  -1.70358e-03  9.95618e-01  1.00073e+00
6.64970e+01  9.97252e-01  -9.35953e-04  -1.62879e-03  9.95806e-01  1.00069e+00
6.66018e+01  9.97412e-01  -8.87594e-04  -1.53669e-03  9.96039e-01  1.00065e+00
6.67065e+01  9.97599e-01  -8.29858e-04  -1.42839e-03  9.96313e-01  1.00060e+00
6.68112e+01  9.97811e-01  -7.63411e-04  -1.30515e-03  9.96626e-01  1.00054e+00
6.69159e+01  9.98046e-01  -6.89007e-04  -1.16837e-03  9.96974e-01  1.00048e+00
6.70206e+01  9.98301e-01  -6.07483e-04  -1.01961e-03  9.97353e-01  1.00041e+00
6.71254e+01  9.98573e-01  -5.19752e-04  -8.60553e-04  9.97759e-01  1.00034e+00
6.72301e+01  9.98859e-01  -4.26789e-04  -6.92974e-04  9.98187e-01  1.00027e+00
6.73348e+01  9.99155e-01  -3.29626e-04  -5.18742e-04  9.98633e-01  1.00019e+00
6.74395e+01  9.99460e-01  -2.29337e-04  -3.39789e-04  9.99091e-01  1.00011e+00
6.75442e+01  9.99768e-01  -1.27029e-04  -1.58091e-04  9.99557e-01  1.00003e+00
6.76490e+01  1.00008e+00  -2.38307e-05  2.43501e-05  1.00002e+00  9.99952e-01
6.77537e+01  1.00038e+00  7.91235e-05  2.05535e-04  1.00049e+00  9.99874e-01
6.78584e+01  1.00069e+00  1.80702e-04  3.83482e-04  1.00095e+00  9.99797e-01
6.79631e+01  1.00098e+00  2.79790e-04  5.56254e-04  1.00139e+00  9.99724e-01
6.80678e+01  1.00126e+00  3.75304e-04  7.21978e-04  1.00182e+00  9.99653e-01
6.81726e+01  1.00152e+00  4.66200e-04  8.78863e-04  1.00222e+00  9.99587e-01
6.82773e+01  1.00177e+00  5.51489e-04  1.02523e-03  1.00260e+00  9.99526e-01
6.83820e+01  1.00199e+00  6.30248e-04  1.15951e-03  1.00295e+00  9.99471e-01
6.84867e+01  1.00219e+00  7.01631e-04  1.28028e-03  1.00326e+00  9.99421e-01
6.85914e+01  1.00237e+00  7.64874e-04  1.38629e-03  1.00354e+00  9.99379e-01
6.86962e+01  1.00252e+00  8.19313e-04  1.47643e-03  1.00377e+00  9.99343e-01
6.88009e+01  1.00264e+00  8.64383e-04  1.54980e-03  1.00396e+00  9.99315e-01
6.89056e+01  1.00273e+00  8.99630e-04  1.60567e-03  1.00411e+00  9.99294e-01
6.90103e+01  1.00279e+00  9.24712e-04  1.64353e-03  1.00421e+00  9.99281e-01
6.91150e+01  1.00282e+00  9.39407e-04  1.66306e-03  1.00427e+00  9.99276e-01
6.92198e+01  1.00282e+00  9.43611e-04  1.66415e-03  1.00427e+00  9.99279e-01
6.93245e+01  1.00279e+00  9.37341e-04  1.64690e-03  1.00423e+00  9.99290e-01
6.94292e+01  1.00273e+00  9.20733e-04  1.61162e-03  1.00414e+00  9.99309e-01
6.95339e+01  1.00263e+00  8.94041e-04  1.55880e-03  1.00401e+00  9.99335e-01
6.96386e+01  1.00251e+00  8.57629e-04  1.48914e-03  1.00384e+00  9.99368e-01
6.97434e+01  1.00236e+00  8.11971e-04  1.40352e-03  1.00362e+00  9.99408e-01
6.98481e+01  1.00219e+00  7.57642e-04  1.30299e-03  1.00336e+00  9.99455e-01
6.99528e+01  1.00200e+00  6.95309e-04  1.18876e-03  1.00307e+00  9.99507e-01
7.00575e+01  1.00178e+00  6.25722e-04  1.06219e-03  1.00275e+00  9.99564e-01
7.01622e+01  1.00154e+00  5.49710e-04  9.24748e-04  1.00240e+00  9.99625e-01
7.02670e+01  1.00129e+00  4.68161e-04  7.78030e-04  1.00202e+00  9.99690e-01
7.03717e+01  1.00103e+00  3.82020e-04  6.23713e-04  1.00163e+00  9.99758e-01
7.04764e+01  1.00076e+00  2.92273e-04  4.63544e-04  1.00122e+00  9.99829e-01
7.05811e+01  1.00048e+00  1.99934e-04  2.99324e-04  1.00080e+00  9.99901e-01
7.06858e+01  1.00020e+00  1.06037e-04  1.32880e-04  1.00037e+00  9.99973e-01
7.07906e+01  9.99914e-01  1.16243e-05  -3.39486e-05  9.99944e-01  1.00005e+00
7.08953e+01  9.99634e-01  -8.22695e-05  -1.99335e-04  9.99519e-01  1.00012e+00
7.10000e+01  9.99360e-01  -1.74624e-04  -3.61484e-04  9.99102e-01  1.00019e+00
7.11047e+01  9.99094e-01  -2.64447e-04  -5.18648e-04  9.98698e-01  1.00025e+00
7.12094e+01  9.98840e-01  -3.50782e-04  -6.69148e-04  9.98311e-01  1.00032e+00
7.13142e+01  9.98600e-01  -4.32720e-04  -8.11394e-04  9.97944e-01  1.00038e+00
7.14189e+01  9.98377e-01  -5.09407e-04  -9.43893e-04  9.97603e-01  1.00043e+00
7.15236e+01  9.98173e-01  -5.80053e-04  -1.06527e-03  9.97289e-01  1.00049e+00
7.16283e+01  9.97990e-01  -6.43940e-04  -1.17429e-03  9.97007e-01  1.00053e+00
7.17330e+01  9.97830e-01  -7.00427e-04  -1.26983e-03  9.96760e-01  1.00057e+00
7.18378e+01  9.97695e-01  -7.48956e-04  -1.35097e-03  9.96549e-01  1.00060e+00
7.19425e+01  9.97585e-01  -7.89059e-04  -1.41690e-03  9.96377e-01  1.00063e+00
7.20472e+01  9.97503e-01  -8.20359e-04  -1.46700e-03  9.96246e-01  1.00065e+00
7.21519e+01  9.97448e-01  -8.42574e-04  -1.50084e-03  9.96156e-01  1.00066e+00
7.22566e+01  9.97421e-01  -8.55520e-04  -1.51813e-03  9.96108e-01  1.00066e+00
7.23614e+01  9.97423e-01  -8.59113e-04  -1.51880e-03  9.96103e-01  1.00066e+00
7.24661e+01  9.97452e-01  -8.53364e-04  -1.50292e-03  9.96141e-01  1.00065e+00
7.25708e+01  9.97510e-01  -8.38385e-04  -1.47076e-03  9.96220e-01  1.00063e+00
7.26755e+01  9.97594e-01  -8.14385e-04  -1.42276e-03  9.96340e-01  1.00061e+00
7.27802e+01  9.97703e-01  -7.81665e-04  -1.35952e-03  9.96499e-01  1.00058e+00
7.28849e+01  9.97838e-01  -7.40619e-04  -1.28180e-03  9.96696e-01  1.00054e+00
7.29897e+01  9.97995e-01  -6.91727e-04  -1.19052e-03  9.96927e-01  1.00050e+00
7.30944e+01  9.98173e-01  -6.35550e-04  -1.08674e-03  9.97191e-01  1.00045e+00
7.31991e+01  9.98370e-01  -5.72726e-04  -9.71651e-04  9.97484e-01  1.00040e+00
7.33038e+01  9.98584e-01  -5.03961e-04  -8.46550e-04  9.97803e-01  1.00034e+00
7.34085e+01  9.98812e-01  -4.30025e-04  -7.12847e-04  9.98144e-01  1.00028e+00
7.35133e+01  9.99052e-01  -3.51739e-04  -5.72038e-04  9.98504e-01  1.00022e+00
7.36180e+01  9.99301e-01  -2.69973e-04  -4.25692e-04  9.98879e-01  1.00016e+00
7.37227e+01  9.99556e-01  -1.85630e-04  -2.75429e-04  9.99264e-01  1.00009e+00
7.38274e+01  9.99815e-01  -9.96417e-05  -1.22910e-04  9.99655e-01  1.00002e+00
7.39321e+01  1.00008e+00  -1.29541e-05  3.01894e-05  1.00005e+00  9.99957e-01
7.40369e+01  1.00033e+00  7.34792e-05  1.82189e-04  1.00044e+00  9.99891e-01
7.41416e+01  1.00059e+00  1.58709e-04  3.31428e-04  1.00082e+00  9.99827e-01
7.42463e+01  1.00083e+00  2.41803e-04  4.76282e-04  1.00119e+00  9.99766e-01
7.43510e+01  1.00106e+00  3.21851e-04  6.15179e-04  1.00155e+00  9.99707e-01
7.44557e+01  1.00129e+00  3.97981e-04  7.46620e-04  1.00189e+00  9.99651e-01
7.45605e+01  1.00149e+00  4.69366e-04  8.69193e-04  1.00221e+00  9.99600e-01
7.46652e+01  1.00168e+00  5.35234e-04  9.81590e-04  1.00250e+00  9.99554e-01
7.47699e+01  1.00185e+00  5.94878e-04  1.08262e-03  1.00276e+00  9.99512e-01
7.48746e+01  1.00200e+00  6.47662e-04  1.17122e-03  1.00299e+00  9.99476e-01
7.49793e+01  1.00213e+00  6.93030e-04  1.24648e-03  1.00319e+00  9.99447e-01
7.50841e+01  1.00223e+00  7.30511e-04  1.30763e-03  1.00335e+00  9.99423e-01
7.51888e+01  1.00230e+00  7.59726e-04  1.35406e-03  1.00347e+00  9.99406e-01
7.52935e+01  1.00235e+00  7.80390e-04  1.38535e-03  1.00355e+00  9.99395e-01
7.53982e+01  1.00238e+00  7.92319e-04  1.40123e-03  1.00359e+00  9.99391e-01
7.55029e+01  1.00238e+00  7.95425e-04  1.40159e-03  1.00360e+00  9.99394e-01
7.56077e+01  1.00235e+00  7.89724e-04  1.38653e-03  1.00356e+00  9.99403e-01
7.57124e+01  1.00230e+00  7.75329e-04  1.35630e-03  1.00349e+00  9.99419e-01
7.58171e+01  1.00222e+00  7.52453e-04  1.31131e-03  1.00338e+00  9.99441e-01
7.59218e+01  1.00212e+00  7.21401e-04  1.25215e-03  1.00323e+00  9.99469e-01
7.60265e+01  1.00199e+00  6.82570e-04  1.17956e-03  1.00304e+00  9.99503e-01
7.61313e+01  1.00185e+00  6.36442e-04  1.09442e-03  1.00283e+00  9.99542e-01
7.62360e+01  1.00168e+00  5.83575e-04  9.97736e-04  1.00258e+00  9.99586e-01
7.63407e+01  1.00150e+00  5.24601e-04  8.90653e-04  1.00231e+00  9.99634e-01
7.64454e+01  1.00130e+00  4.60213e-04  7.74411e-04  1.00201e+00  9.99686e-01
7.65501e+01  1.00109e+00  3.91160e-04  6.50347e-04  1.00169e+00  9.99741e-01
7.66549e+01  1.00086e+00  3.18236e-04  5.19874e-04  1.00136e+00  9.99798e-01
7.67596e+01  1.00063e+00  2.42271e-04  3.84465e-04  1.00101e+00  9.99858e-01
7.68643e+01  1.00040e+00  1.64122e-04  2.45636e-04  1.00066e+00  9.99918e-01
7.69690e+01  1.00016e+00  8.46605e-05  1.04931e-04  1.00029e+00  9.99980e-01
7.70737e+01  9.99921e-01  4.76659e-06  -3.60974e-05  9.99933e-01  1.00004e+00
7.71785e+01  9.99684e-01  -7.46837e-05  -1.75905e-04  9.99574e-01  1.00010e+00
7.72832e+01  9.99451e-01  -1.52827e-04  -3.12973e-04  9.99221e-01  1.00016e+00
7.73879e+01  9.99226e-01  -2.28821e-04  -4.45822e-04  9.98880e-01  1.00022e+00
7.74926e+01  9.99011e-01  -3.01854e-04  -5.73031e-04  9.98552e-01  1.00027e+00
7.75973e+01  9.98808e-01  -3.71155e-04  -6.93247e-04  9.98242e-01  1.00032e+00
7.77021e+01  9.98619e-01  -4.35997e-04  -8.05207e-04  9.97954e-01  1.00037e+00
7.78068e+01  9.98446e-01  -4.95708e-04  -9.07743e-04  9.97689e-01  1.00041e+00
7.79115e+01  9.98291e-01  -5.49677e-04  -9.99797e-04  9.97451e-01  1.00045e+00
7.80162e+01  9.98156e-01  -5.97355e-04  -1.08043e-03  9.97242e-01  1.00048e+00
7.81209e+01  9.98041e-01  -6.38270e-04  -1.14884e-03  9.97064e-01  1.00051e+00
7.82257e+01  9.97949e-01  -6.72019e-04  -1.20435e-03  9.96919e-01  1.00053e+00
7.83304e+01  9.97879e-01  -6.98281e-04  -1.24643e-03  9.96809e-01  1.00055e+00
7.84351e+01  9.97832e-01  -7.16817e-04  -1.27470e-03  9.96734e-01  1.00056e+00
7.85398e+01  9.97810e-01  -7.27468e-04  -1.28893e-03  9.96695e-01  1.00056e+00
7.86445e+01  9.97812e-01  -7.30162e-04  -1.28903e-03  9.96692e-01  1.00056e+00
7.87493e+01  9.97837e-01  -7.24911e-04  -1.27509e-03  9.96725e-01  1.00055e+00
7.88540e+01  9.97886e-01  -7.11809e-04  -1.24733e-03  9.96794e-01  1.00054e+00
7.89587e+01  9.97957e-01  -6.91036e-04  -1.20611e-03  9.96897e-01  1.00052e+00
7.90634e+01  9.98051e-01  -6.62850e-04  -1.15194e-03  9.97033e-01  1.00049e+00
7.91681e+01  9.98165e-01  -6.27588e-04  -1.08549e-03  9.97201e-01  1.00046e+00
7.92729e+01  9.98299e-01  -5.85660e-04  -1.00752e-03  9.97399e-01  1.00042e+00
7.93776e+01  9.98450e-01  -5.37548e-04  -9.18947e-04  9.97625e-01  1.00038e+00
7.94823e+01  9.98618e-01  -4.83796e-04  -8.20768e-04  9.97875e-01  1.00034e+00
7.95870e+01  9.98800e-01  -4.25009e-04  -7.14099e-04  9.98147e-01  1.00029e+00
7.96917e+01  9.98995e-01  -3.61844e-04  -6.00139e-04  9.98438e-01  1.00024e+00
7.97965e+01  9.99199e-01  -2.95003e-04  -4.80162e-04  9.98745e-01  1.00019e+00
7.99012e+01  9.99411e-01  -2.25228e-04  -3.55501e-04  9.99064e-01  1.00013e+00
8.00059e+01  9.99629e-01  -1.53289e-04  -2.27537e-04  9.99392e-01  1.00007e+00
8.01106e+01  9.99849e-01  -7.99812e-05  -9.76821e-05  9.99725e-01  1.00002e+00
8.02153e+01  1.00007e+00  -6.11030e-06  3.26349e-05  1.00006e+00  9.99961e-01
8.03201e+01  1.00029e+00  6.75115e-05  1.61986e-04  1.00039e+00  9.99906e-01
8.04248e+01  1.00051e+00  1.40077e-04  2.88958e-04  1.00072e+00  9.99851e-01
8.05295e+01  1.00071e+00  2.10791e-04  4.12168e-04  1.00104e+00  9.99799e-01
8.06342e+01  1.00091e+00  2.78882e-04  5.30280e-04  1.00134e+00  9.99749e-01
8.07389e+01  1.00110e+00  3.43608e-04  6.42018e-04  1.00163e+00  9.99702e-01
8.08437e+01  1.00128e+00  4.04267e-04  7.46182e-04  1.00190e+00  9.99658e-01
8.09484e+01  1.00144e+00  4.60203e-04  8.41657e-04  1.00214e+00  9.99619e-01
8.10531e+01  1.00158e+00  5.10817e-04  9.27432e-04  1.00237e+00  9.99583e-01
8.11578e+01  1.00171e+00  5.55568e-04  1.00260e-03  1.00256e+00  9.99553e-01
8.12625e+01  1.00182e+00  5.93984e-04  1.06640e-03  1.00273e+00  9.99528e-01
8.13672e+01  1.00190e+00  6.25667e-04  1.11815e-03  1.00286e+00  9.99508e-01
8.14720e+01  1.00197e+00  6.50296e-04  1.15736e-03  1.00297e+00  9.99493e-01
8.15767e+01  1.00201e+00  6.67628e-04  1.18366e-03  1.00303e+00  9.99484e-01
8.16814e+01  1.00203e+00  6.77507e-04  1.19680e-03  1.00307e+00  9.99481e-01
8.17861e+01  1.00203e+00  6.79860e-04  1.19672e-03  1.00307e+00  9.99483e-01
8.18908e+01  1.00201e+00  6.74698e-04  1.18348e-03  1.00304e+00  9.99491e-01
8.19956e+01  1.00196e+00  6.62120e-04  1.15730e-03  1.00298e+00  9.99505e-01
8.21003e+01  1.00190e+00  6.42305e-04  1.11853e-03  1.00288e+00  9.99524e-01
8.22050e+01  1.00181e+00  6.15514e-04  1.06767e-03  1.00275e+00  9.99548e-01
8.23097e+01  1.00170e+00  5.82082e-04  1.00534e-03  1.00259e+00  9.99577e-01
8.24144e+01  1.00158e+00  5.42420e-04  9.32292e-04  1.00241e+00  9.99610e-01
8.25192e+01  1.00143e+00  4.97005e-04  8.49394e-04  1.00220e+00  9.99648e-01
8.26239e+01  1.00128e+00  4.46372e-04  7.57612e-04  1.00196e+00  9.99689e-01
8.27286e+01  1.00111e+00  3.91114e-04  6.58005e-04  1.00171e+00  9.99733e-01
8.28333e+01  1.00093e+00  3.31869e-04  5.51713e-04  1.00144e+00  9.99780e-01
8.29380e+01  1.00074e+00  2.69314e-04  4.39942e-04  1.00115e+00  9.99829e-01
8.30428e+01  1.00054e+00  2.04159e-04  3.23950e-04  1.00085e+00  9.99880e-01
8.31475e+01  1.00034e+00  1.37137e-04  2.05034e-04  1.00055e+00  9.99932e-01
8.32522e+01  1.00013e+00  6.89926e-05  8.45129e-05  1.00024e+00  9.99984e-01
8.33569e+01  9.99927e-01  4.80675e-07  -3.62836e-05  9.99928e-01  1.00004e+00
8.34616e+01  9.99724e-01  -6.76480e-05  -1.56033e-04  9.99620e-01  1.00009e+00
8.35664e+01  9.99525e-01  -1.34652e-04  -2.73434e-04  9.99318e-01  1.00014e+00
8.36711e+01  9.99332e-01  -1.99810e-04  -3.87216e-04  9.99026e-01  1.00019e+00
8.37758e+01  9.99147e-01  -2.62422e-04  -4.96161e-04  9.98745e-01  1.00023e+00
8.38805e+01  9.98973e-01  -3.21825e-04  -5.99109e-04  9.98480e-01  1.00028e+00
8.39852e+01  9.98811e-01  -3.77395e-04  -6.94970e-04  9.98233e-01  1.00032e+00
8.40900e+01  9.98662e-01  -4.28551e-04  -7.82743e-04  9.98006e-01  1.00035e+00
8.41947e+01  9.98529e-01  -4.74766e-04  -8.61517e-04  9.97802e-01  1.00039e+00
8.42994e+01  9.98413e-01  -5.15568e-04  -9.30484e-04  9.97623e-01  1.00041e+00
8.44041e+01  9.98315e-01  -5.50548e-04  -9.88948e-04  9.97472e-01  1.00044e+00
8.45088e+01  9.98235e-01  -5.79360e-04  -1.03633e-03  9.97348e-01  1.00046e+00
8.46136e+01  9.98175e-01  -6.01725e-04  -1.07217e-03  9.97254e-01  1.00047e+00
8.47183e+01  9.98135e-01  -6.17435e-04  -1.09614e-03  9.97190e-01  1.00048e+00
8.48230e+01  9.98116e-01  -6.26356e-04  -1.10805e-03  9.97158e-01  1.00048e+00
8.49277e+01  9.98118e-01  -6.28423e-04  -1.10781e-03  9.97156e-01  1.00048e+00
8.50324e+01  9.98140e-01  -6.23647e-04  -1.09549e-03  9.97185e-01  1.00047e+00
8.51372e+01  9.98182e-01  -6.12111e-04  -1.07129e-03  9.97245e-01  1.00046e+00
8.52419e+01  9.98243e-01  -5.93969e-04  -1.03552e-03  9.97335e-01  1.00044e+00
8.53466e+01  9.98324e-01  -5.69445e-04  -9.88620e-04  9.97453e-01  1.00042e+00
8.54513e+01  9.98423e-01  -5.38830e-04  -9.31152e-04  9.97599e-01  1.00039e+00
8.55560e+01  9.98538e-01  -5.02481e-04  -8.63787e-04  9.97770e-01  1.00036e+00
8.56608e+01  9.98669e-01  -4.60812e-04  -7.87300e-04  9.97965e-01  1.00033e+00
8.57655e+01  9.98813e-01  -4.14295e-04  -7.02562e-04  9.98181e-01  1.00029e+00
8.58702e+01  9.98970e-01  -3.63454e-04  -6.10531e-04  9.98415e-01  1.00025e+00
8.59749e+01  9.99138e-01  -3.08855e-04  -5.12238e-04  9.98667e-01  1.00020e+00
8.60796e+01  9.99314e-01  -2.51106e-04  -4.08782e-04  9.98931e-01  1.00016e+00
8.61844e+01  9.99497e-01  -1.90847e-04  -3.01311e-04  9.99207e-01  1.00011e+00
8.62891e+01  9.99684e-01  -1.28744e-04  -1.91017e-04  9.99489e-01  1.00006e+00
8.63938e+01  9.99875e-01  -6.54817e-05  -7.91140e-05  9.99776e-01  1.00001e+00
8.64985e+01  1.00007e+00  -1.75608e-06  3.31662e-05  1.00006e+00  9.99965e-01
8.66032e+01  1.00025e+00  6.17329e-05  1.44593e-04  1.00035e+00  9.99917e-01
8.67080e+01  1.00044e+00  1.24289e-04  2.53950e-04  1.00063e+00  9.99870e-01
8.68127e+01  1.00062e+00  1.85228e-04  3.60046e-04  1.00091e+00  9.99825e-01
8.69174e+01  1.00079e+00  2.43886e-04  4.61730e-04  1.00117e+00  9.99782e-01
8.70221e+01  1.00096e+00  2.99622e-04  5.57903e-04  1.00142e+00  9.99742e-01
8.71268e+01  1.00111e+00  3.51834e-04  6.47531e-04  1.00165e+00  9.99704e-01
8.72316e+01  1.00125e+00  3.99957e-04  7.29656e-04  1.00186e+00  9.99670e-01
8.73363e+01  1.00137e+00  4.43475e-04  8.03404e-04  1.00205e+00  9.99640e-01
8.74410e+01  1.00148e+00  4.81923e-04  8.68000e-04  1.00222e+00  9.99614e-01
8.75457e+01  1.00157e+00  5.14896e-04  9.22772e-04  1.00236e+00  9.99592e-01
8.76504e+01  1.00165e+00  5.42052e-04  9.67158e-04  1.00248e+00  9.99575e-01
8.77552e+01  1.00170e+00  5.63113e-04  1.00071e-03  1.00256e+00  9.99562e-01
8.78599e+01  1.00174e+00  5.77872e-04  1.02312e-03  1.00262e+00  9.99555e-01
8.79646e+01  1.00176e+00  5.86194e-04  1.03418e-03  1.00265e+00  9.99552e-01
8.80693e+01  1.00176e+00  5.88016e-04  1.03383e-03  1.00266e+00  9.99554e-01
8.81740e+01  1.00174e+00  5.83349e-04  1.02212e-03  1.00263e+00  9.99561e-01
8.82788e+01  1.00170e+00  5.72275e-04  9.99228e-04  1.00257e+00  9.99573e-01
8.83835e+01  1.00164e+00  5.54951e-04  9.65473e-04  1.00249e+00  9.99589e-01
8.84882e+01  1.00156e+00  5.31599e-04  9.21275e-04  1.00237e+00  9.99610e-01
8.85929e+01  1.00147e+00  5.02511e-04  8.67173e-04  1.00224e+00  9.99635e-01
8.86976e+01  1.00136e+00  4.68038e-04  8.03814e-04  1.00208e+00  9.99664e-01
8.88024e+01  1.00124e+00  4.28591e-04  7.31941e-04  1.00189e+00  9.99697e-01
8.89071e+01  1.00110e+00  3.84633e-04  6.52390e-04  1.00169e+00  9.99732e-01
8.90118e+01  1.00096e+00  3.36675e-04  5.66075e-04  1.00147e+00  9.99771e-01
8.91165e+01  1.00080e+00  2.85268e-04  4.73979e-04  1.00123e+00  9.99811e-01
8.92212e+01  1.00064e+00  2.30997e-04  3.77145e-04  1.00099e+00  9.99854e-01
8.93260e+01  1.00046e+00  1.74476e-04  2.76660e-04  1.00073e+00  9.99898e-01
8.94307e+01  1.00029e+00  1.16338e-04  1.73645e-04  1.00046e+00  9.99943e-01
8.95354e+01  1.00011e+00  5.72298e-05  6.92425e-05  1.00020e+00  9.99988e-01
8.96401e+01  9.99934e-01  -2.19571e-06  -3.53983e-05  9.99927e-01  1.00003e+00
8.97448e+01  9.99757e-01  -6.12872e-05  -1.39131e-04  9.99660e-01  1.00008e+00
8.98495e+01  9.99585e-01  -1.19402e-04  -2.40827e-04  9.99399e-01  1.00012e+00
8.99543e+01  9.99417e-01  -1.75911e-04  -3.39387e-04  9.99145e-01  1.00016e+00
9.00590e+01  9.99257e-01  -2.30209e-04  -4.33751e-04  9.98902e-01  1.00020e+00
9.01637e+01  9.99106e-01  -2.81719e-04  -5.22912e-04  9.98672e-01  1.00024e+00
9.02684e+01  9.98965e-01  -3.29895e-04  -6.05927e-04  9.98458e-01  1.00028e+00
9.03731e+01  9.98836e-01  -3.74234e-04  -6.81921e-04  9.98262e-01  1.00031e+00
9.04779e+01  9.98721e-01  -4.14276e-04  -7.50105e-04  9.98086e-01  1.00034e+00
9.05826e+01  9.98620e-01  -4.49609e-04  -8.09774e-04  9.97931e-01  1.00036e+00
9.06873e+01  9.98534e-01  -4.79877e-04  -8.60324e-04  9.97799e-01  1.00038e+00
9.07920e+01  9.98465e-01  -5.04776e-04  -9.01248e-04  9.97693e-01  1.00040e+00
9.08967e+01  9.98413e-01  -5.24065e-04  -9.32149e-04  9.97612e-01  1.00041e+00
9.10015e+01  9.98378e-01  -5.37562e-04  -9.52737e-04  9.97557e-01  1.00042e+00
9.11062e+01  9.98362e-01  -5.45148e-04  -9.62839e-04  9.97529e-01  1.00042e+00
9.12109e+01  9.98363e-01  -5.46768e-04  -9.62391e-04  9.97528e-01  1.00042e+00
9.13156e+01  9.98382e-01  -5.42431e-04  -9.51447e-04  9.97555e-01  1.00041e+00
9.14203e+01  9.98419e-01  -5.32208e-04  -9.30171e-04  9.97607e-01  1.00040e+00
9.15251e+01  9.98473e-01  -5.16235e-04  -8.98841e-04  9.97686e-01  1.00038e+00
9.16298e+01  9.98543e-01  -4.94708e-04  -8.57839e-04  9.97790e-01  1.00036e+00
9.17345e+01  9.98629e-01  -4.67881e-04  -8.07652e-04  9.97917e-01  1.00034e+00
9.18392e+01  9.98729e-01  -4.36065e-04  -7.48863e-04  9.98066e-01  1.00031e+00
9.19439e+01  9.98843e-01  -3.99622e-04  -6.82149e-04  9.98236e-01  1.00028e+00
9.20487e+01  9.98969e-01  -3.58966e-04  -6.08265e-04  9.98425e-01  1.00025e+00
9.21534e+01  9.99106e-01  -3.14551e-04  -5.28047e-04  9.98629e-01  1.00021e+00
9.22581e+01  9.99252e-01  -2.66875e-04  -4.42392e-04  9.98848e-01  1.00018e+00
9.23628e+01  9.99405e-01  -2.16466e-04  -3.52257e-04  9.99079e-01  1.00014e+00
9.24675e+01  9.99565e-01  -1.63884e-04  -2.58641e-04  9.99319e-01  1.00009e+00
9.25723e+01  9.99728e-01  -1.09708e-04  -1.62581e-04  9.99565e-01  1.00005e+00
9.26770e+01  9.99894e-01  -5.45377e-05  -6.51364e-05  9.99815e-01  1.00001e+00
9.27817e+01  1.00006e+00  1.02174e-06  3.26225e-05  1.00007e+00  9.99968e-01
9.28864e+01  1.00023e+00  5.63599e-05  1.29624e-04  1.00032e+00  9.99927e-01
9.29911e+01  1.00039e+00  1.10870e-04  2.24809e-04  1.00056e+00  9.99886e-01
9.30959e+01  1.00054e+00  1.63957e-04  3.17141e-04  1.00080e+00  9.99847e-01
9.32006e+01  1.00069e+00  2.15041e-04  4.05618e-04  1.00103e+00  9.99809e-01
9.33053e+01  1.00084e+00  2.63567e-04  4.89282e-04  1.00124e+00  9.99774e-01
9.34100e+01  1.00097e+00  3.09008e-04  5.67235e-04  1.00144e+00  9.99742e-01
9.35147e+01  1.00109e+00  3.50874e-04  6.38642e-04  1.00163e+00  9.99712e-01
9.36195e+01  1.00120e+00  3.88715e-04  7.02742e-04  1.00179e+00  9.99686e-01
9.37242e+01  1.00129e+00  4.22128e-04  7.58860e-04  1.00194e+00  9.99663e-01
9.38289e+01  1.00137e+00  4.50760e-04  8.06411e-04  1.00206e+00  9.99644e-01
9.39336e+01  1.00144e+00  4.74312e-04  8.44906e-04  1.00216e+00  9.99629e-01
9.40383e+01  1.00149e+00  4.92545e-04  8.73959e-04  1.00224e+00  9.99619e-01
9.41431e+01  1.00152e+00  5.05276e-04  8.93289e-04  1.00229e+00  9.99612e-01
9.42478e+01  1.00154e+00  5.12390e-04  9.02725e-04  1.00232e+00  9.99610e-01
9.43525e+01  1.00153e+00  5.13830e-04  9.02205e-04  1.00232e+00  9.99612e-01
9.44572e+01  1.00152e+00  5.09606e-04  8.91779e-04  1.00229e+00  9.99618e-01
9.45619e+01  1.00148e+00  4.99791e-04  8.71607e-04  1.00224e+00  9.99628e-01
9.46667e+01  1.00143e+00  4.84518e-04  8.41954e-04  1.00217e+00  9.99643e-01
9.47714e+01  1.00137e+00  4.63984e-04  8.03190e-04  1.00207e+00  9.99661e-01
9.48761e+01  1.00128e+00  4.38439e-04  7.55784e-04  1.00195e+00  9.99683e-01
9.49808e+01  1.00119e+00  4.08192e-04  7.00298e-04  1.00181e+00  9.99708e-01
9.50855e+01  1.00108e+00  3.73600e-04  6.37381e-04  1.00165e+00  9.99736e-01
9.51903e+01  1.00096e+00  3.35066e-04  5.67760e-04  1.00147e+00  9.99767e-01
9.52950e+01  1.00084e+00  2.93036e-04  4.92232e-04  1.00128e+00  9.99801e-01
9.53997e+01  1.00070e+00  2.47991e-04  4.11656e-04  1.00107e+00  9.99836e-01
9.55044e+01  1.00055e+00  2.00442e-04  3.26940e-04  1.00085e+00  9.99874e-01
9.56091e+01  1.00040e+00  1.50925e-04  2.39034e-04  1.00063e+00  9.99912e-01
9.57139e+01  1.00025e+00  9.99933e-05  1.48917e-04  1.00040e+00  9.99951e-01
9.58186e+01  1.00010e+00  4.82132e-05  5.75873e-05  1.00016e+00  9.99991e-01
9.59233e+01  9.99940e-01  -3.84425e-06  -3.39499e-05  9.99928e-01  1.00003e+00
9.60280e+01  9.99785e-01  -5.56084e-05  -1.24692e-04  9.99695e-01  1.00007e+00
9.61327e+01  9.99634e-01  -1.06516e-04  -2.13652e-04  9.99466e-01  1.00011e+00
9.62375e+01  9.99487e-01  -1.56015e-04  -2.99865e-04  9.99244e-01  1.00014e+00
9.63422e+01  9.99347e-01  -2.03575e-04  -3.82405e-04  9.99032e-01  1.00018e+00
9.64469e+01  9.99214e-01  -2.48688e-04  -4.60389e-04  9.98831e-01  1.00021e+00
9.65516e+01  9.99091e-01  -2.90877e-04  -5.32989e-04  9.98643e-01  1.00024e+00
9.66563e+01  9.98978e-01  -3.29697e-04  -5.99438e-04  9.98471e-01  1.00027e+00
9.67611e+01  9.98876e-01  -3.64745e-04  -6.59043e-04  9.98317e-01  1.00029e+00
9.68658e+01  9.98788e-01  -3.95658e-04  -7.11187e-04  9.98182e-01  1.00032e+00
9.69705e+01  9.98713e-01  -4.22123e-04  -7.55336e-04  9.98067e-01  1.00033e+00
9.70752e+01  9.98652e-01  -4.43872e-04  -7.91046e-04  9.97974e-01  1.00035e+00
9.71799e+01  9.98607e-01  -4.60691e-04  -8.17968e-04  9.97903e-01  1.00036e+00
9.72847e+01  9.98576e-01  -4.72422e-04  -8.35846e-04  9.97856e-01  1.00036e+00
9.73894e+01  9.98562e-01  -4.78959e-04  -8.44526e-04  9.97832e-01  1.00037e+00
9.74941e+01  9.98563e-01  -4.80253e-04  -8.43954e-04  9.97832e-01  1.00036e+00
9.75988e+01  9.98580e-01  -4.76312e-04  -8.34174e-04  9.97855e-01  1.00036e+00
9.77035e+01  9.98612e-01  -4.67200e-04  -8.15330e-04  9.97902e-01  1.00035e+00
9.78083e+01  9.98659e-01  -4.53035e-04  -7.87666e-04  9.97972e-01  1.00033e+00
9.79130e+01  9.98721e-01  -4.33989e-04  -7.51516e-04  9.98063e-01  1.00032e+00
9.80177e+01  9.98796e-01  -4.10287e-04  -7.07308e-04  9.98175e-01  1.00030e+00
9.81224e+01  9.98885e-01  -3.82203e-04  -6.55555e-04  9.98307e-01  1.00027e+00
9.82271e+01  9.98985e-01  -3.50056e-04  -5.96849e-04  9.98456e-01  1.00025e+00
9.83319e+01  9.99095e-01  -3.14210e-04  -5.31856e-04  9.98622e-01  1.00022e+00
9.84366e+01  9.99216e-01  -2.75066e-04  -4.61307e-04  9.98802e-01  1.00019e+00
9.85413e+01  9.99344e-01  -2.33061e-04  -3.85992e-04  9.98995e-01  1.00015e+00
9.86460e+01  9.99479e-01  -1.88662e-04  -3.06751e-04  9.99198e-01  1.00012e+00
9.87507e+01  9.99619e-01  -1.42360e-04  -2.24463e-04  9.99409e-01  1.00008e+00
9.88554e+01  9.99763e-01  -9.46676e-05  -1.40038e-04  9.99625e-01  1.00005e+00
9.89602e+01  9.99909e-01  -4.61092e-05  -5.44068e-05  9.99845e-01  1.00001e+00
9.90649e+01  1.00006e+00  2.78083e-06  3.14905e-05  1.00007e+00  9.99971e-01
9.91696e+01  1.00020e+00  5.14659e-05  1.16712e-04  1.00028e+00  9.99935e-01
9.92743e+01  1.00034e+00  9.94127e-05  2.00328e-04  1.00050e+00  9.99899e-01
9.93790e+01  1.00048e+00  1.46097e-04  2.81426e-04  1.00071e+00  9.99865e-01
9.94838e+01  1.00061e+00  1.91010e-04  3.59127e-04  1.00091e+00  9.99832e-01
9.95885e+01  1.00074e+00  2.33664e-04  4.32590e-04  1.00110e+00  9.99801e-01
9.96932e+01  1.00085e+00  2.73595e-04  5.01024e-04  1.00128e+00  9.99773e-01
9.97979e+01  1.00096e+00  3.10372e-04  5.63697e-04  1.00144e+00  9.99747e-01
9.99026e+01  1.00106e+00  3.43602e-04  6.19940e-04  1.00158e+00  9.99724e-01
1.00007e+02  1.00114e+00  3.72928e-04  6.69160e-04  1.00171e+00  9.99704e-01
1.00112e+02  1.00121e+00  3.98042e-04  7.10841e-04  1.00182e+00  9.99687e-01
1.00217e+02  1.00127e+00  4.18680e-04  7.44555e-04  1.00191e+00  9.99674e-01
1.00322e+02  1.00131e+00  4.34632e-04  7.69961e-04  1.00197e+00  9.99665e-01
1.00426e+02  1.00134e+00  4.45739e-04  7.86812e-04  1.00202e+00  9.99659e-01
1.00531e+02  1.00135e+00  4.51897e-04  7.94958e-04  1.00204e+00  9.99657e-01
1.00636e+02  1.00135e+00  4.53057e-04  7.94343e-04  1.00204e+00  9.99659e-01
1.00740e+02  1.00134e+00  4.49228e-04  7.85011e-04  1.00202e+00  9.99664e-01
1.00845e+02  1.00131e+00  4.40473e-04  7.67100e-04  1.00197e+00  9.99673e-01
1.00950e+02  1.00126e+00  4.26910e-04  7.40845e-04  1.00191e+00  9.99686e-01
1.01055e+02  1.00120e+00  4.08710e-04  7.06569e-04  1.00182e+00  9.99702e-01
1.01159e+02  1.00113e+00  3.86095e-04  6.64685e-04  1.00172e+00  9.99721e-01
1.01264e+02  1.00105e+00  3.59334e-04  6.15685e-04  1.00159e+00  9.99744e-01
1.01369e+02  1.00095e+00  3.28743e-04  5.60141e-04  1.00145e+00  9.99769e-01
1.01473e+02  1.00085e+00  2.94676e-04  4.98692e-04  1.00129e+00  9.99796e-01
1.01578e+02  1.00074e+00  2.57525e-04  4.32039e-04  1.00112e+00  9.99825e-01
1.01683e+02  1.00062e+00  2.17714e-04  3.60937e-04  1.00094e+00  9.99857e-01
1.01788e+02  1.00049e+00  1.75694e-04  2.86186e-04  1.00075e+00  9.99890e-01
1.01892e+02  1.00036e+00  1.31937e-04  2.08624e-04  1.00055e+00  9.99923e-01
1.01997e+02  1.00022e+00  8.69302e-05  1.29112e-04  1.00035e+00  9.99958e-01
1.02102e+02  1.00008e+00  4.11744e-05  4.85315e-05  1.00014e+00  9.99993e-01
1.02206e+02  9.99945e-01  -4.82625e-06  -3.22322e-05  9.99931e-01  1.00003e+00
1.02311e+02  9.99809e-01  -5.05677e-05  -1.12294e-04  9.99725e-01  1.00006e+00
1.02416e+02  9.99675e-01  -9.55517e-05  -1.90782e-04  9.99523e-01  1.00010e+00
1.02521e+02  9.99545e-01  -1.39291e-04  -2.66847e-04  9.99327e-01  1.00013e+00
1.02625e+02  9.99421e-01  -1.81315e-04  -3.39667e-04  9.99139e-01  1.00016e+00
1.02730e+02  9.99304e-01  -2.21175e-04  -4.08465e-04  9.98962e-01  1.00019e+00
1.02835e+02  9.99195e-01  -2.58446e-04  -4.72506e-04  9.98797e-01  1.00021e+00
1.02940e+02  9.99095e-01  -2.92737e-04  -5.31114e-04  9.98645e-01  1.00024e+00
1.03044e+02  9.99005e-01  -3.23688e-04  -5.83675e-04  9.98509e-01  1.00026e+00
1.03149e+02  9.98927e-01  -3.50979e-04  -6.29641e-04  9.98390e-01  1.00028e+00
1.03254e+02  9.98860e-01  -3.74330e-04  -6.68542e-04  9.98289e-01  1.00029e+00
1.03358e+02  9.98807e-01  -3.93505e-04  -6.99983e-04  9.98207e-01  1.00031e+00
1.03463e+02  9.98766e-01  -4.08313e-04  -7.23653e-04  9.98144e-01  1.00032e+00
1.03568e+02  9.98739e-01  -4.18613e-04  -7.39328e-04  9.98103e-01  1.00032e+00
1.03673e+02  9.98726e-01  -4.24311e-04  -7.46869e-04  9.98082e-01  1.00032e+00
1.03777e+02  9.98727e-01  -4.25365e-04  -7.46227e-04  9.98082e-01  1.00032e+00
1.03882e+02  9.98742e-01  -4.21779e-04  -7.37442e-04  9.98103e-01  1.00032e+00
1.03987e+02  9.98771e-01  -4.13611e-04  -7.20640e-04  9.98145e-01  1.00031e+00
1.04091e+02  9.98813e-01  -4.00966e-04  -6.96035e-04  9.98207e-01  1.00030e+00
1.04196e+02  9.98867e-01  -3.83996e-04  -6.63925e-04  9.98288e-01  1.00028e+00
1.04301e+02  9.98934e-01  -3.62902e-04  -6.24687e-04  9.98388e-01  1.00026e+00
1.04406e+02  9.99012e-01  -3.37926e-04  -5.78775e-04  9.98505e-01  1.00024e+00
1.04510e+02  9.99101e-01  -3.09351e-04  -5.26713e-04  9.98637e-01  1.00022e+00
1.04615e+02  9.99199e-01  -2.77501e-04  -4.69090e-04  9.98784e-01  1.00019e+00
1.04720e+02  9.99306e-01  -2.42731e-04  -4.06555e-04  9.98944e-01  1.00016e+00
1.04824e+02  9.99420e-01  -2.05431e-04  -3.39807e-04  9.99115e-01  1.00013e+00
1.04929e+02  9.99539e-01  -1.66013e-04  -2.69588e-04  9.99295e-01  1.00010e+00
1.05034e+02  9.99664e-01  -1.24914e-04  -1.96679e-04  9.99482e-01  1.00007e+00
1.05139e+02  9.99791e-01  -8.25887e-05  -1.21884e-04  9.99674e-01  1.00004e+00
1.05243e+02  9.99921e-01  -3.95023e-05  -4.60277e-05  9.99868e-01  1.00001e+00
1.05348e+02  1.00005e+00  3.87102e-06  3.00564e-05  1.00006e+00  9.99974e-01
1.05453e+02  1.00018e+00  4.70555e-05  1.05535e-04  1.00026e+00  9.99942e-01
1.05558e+02  1.00031e+00  8.95783e-05  1.79583e-04  1.00045e+00  9.99910e-01
1.05662e+02  1.00043e+00  1.30975e-04  2.51395e-04  1.00063e+00  9.99880e-01
1.05767e+02  1.00055e+00  1.70793e-04  3.20190e-04  1.00081e+00  9.99851e-01
1.05872e+02  1.00066e+00  2.08601e-04  3.85225e-04  1.00098e+00  9.99823e-01
1.05976e+02  1.00076e+00  2.43988e-04  4.45798e-04  1.00114e+00  9.99798e-01
1.06081e+02  1.00085e+00  2.76572e-04  5.01260e-04  1.00128e+00  9.99775e-01
1.06186e+02  1.00094e+00  3.06004e-04  5.51020e-04  1.00141e+00  9.99755e-01
1.06291e+02  1.00101e+00  3.31969e-04  5.94551e-04  1.00152e+00  9.99737e-01
1.06395e+02  1.00108e+00  3.54192e-04  6.31397e-04  1.00162e+00  9.99723e-01
1.06500e+02  1.00113e+00  3.72440e-04  6.61177e-04  1.00169e+00  9.99711e-01
1.06605e+02  1.00117e+00  3.86527e-04  6.83590e-04  1.00175e+00  9.99703e-01
1.06709e+02  1.00119e+00  3.96311e-04  6.98416e-04  1.00179e+00  9.99698e-01
1.06814e+02  1.00120e+00  4.01701e-04  7.05522e-04  1.00181e+00  9.99696e-01
1.06919e+02  1.00120e+00  4.02653e-04  7.04857e-04  1.00181e+00  9.99698e-01
1.07024e+02  1.00119e+00  3.99174e-04  6.96461e-04  1.00179e+00  9.99703e-01
1.07128e+02  1.00116e+00  3.91320e-04  6.80454e-04  1.00175e+00  9.99711e-01
1.07233e+02  1.00112e+00  3.79195e-04  6.57044e-04  1.00169e+00  9.99722e-01
1.07338e+02  1.00107e+00  3.62951e-04  6.26518e-04  1.00162e+00  9.99736e-01
1.07442e+02  1.00101e+00  3.42784e-04  5.89240e-04  1.00152e+00  9.99754e-01
1.07547e+02  1.00093e+00  3.18934e-04  5.45647e-04  1.00141e+00  9.99773e-01
1.07652e+02  1.00085e+00  2.91679e-04  4.96245e-04  1.00128e+00  9.99795e-01
1.07757e+02  1.00076e+00  2.61334e-04  4.41600e-04  1.00114e+00  9.99820e-01
1.07861e+02  1.00065e+00  2.28247e-04  3.82335e-04  1.00099e+00  9.99846e-01
1.07966e+02  1.00055e+00  1.92794e-04  3.19119e-04  1.00083e+00  9.99874e-01
1.08071e+02  1.00043e+00  1.55375e-04  2.52662e-04  1.00066e+00  9.99903e-01
1.08176e+02  1.00032e+00  1.16411e-04  1.83708e-04  1.00048e+00  9.99933e-01
1.08280e+02  1.00020e+00  7.63344e-05  1.13021e-04  1.00030e+00  9.99963e-01
1.08385e+02  1.00007e+00  3.55908e-05  4.13836e-05  1.00012e+00  9.99994e-01
1.08490e+02  9.99950e-01  -5.37134e-06  -3.04158e-05  9.99934e-01  1.00003e+00
1.08594e+02  9.99829e-01  -4.61030e-05  -1.01592e-04  9.99751e-01  1.00006e+00
1.08699e+02  9.99710e-01  -8.61605e-05  -1.71368e-04  9.99571e-01  1.00009e+00
1.08804e+02  9.99594e-01  -1.25109e-04  -2.38988e-04  9.99397e-01  1.00011e+00
1.08909e+02  9.99484e-01  -1.62530e-04  -3.03724e-04  9.99230e-01  1.00014e+00
1.09013e+02  9.99379e-01  -1.98022e-04  -3.64879e-04  9.99072e-01  1.00017e+00
1.09118e+02  9.99282e-01  -2.31208e-04  -4.21803e-04  9.98925e-01  1.00019e+00
1.09223e+02  9.99193e-01  -2.61736e-04  -4.73892e-04  9.98790e-01  1.00021e+00
1.09327e+02  9.99113e-01  -2.89285e-04  -5.20597e-04  9.98670e-01  1.00023e+00
1.09432e+02  9.99043e-01  -3.13570e-04  -5.61433e-04  9.98564e-01  1.00025e+00
1.09537e+02  9.98983e-01  -3.34341e-04  -5.95977e-04  9.98474e-01  1.00026e+00
1.09642e+02  9.98936e-01  -3.51385e-04  -6.23879e-04  9.98401e-01  1.00027e+00
1.09746e+02  9.98899e-01  -3.64534e-04  -6.44860e-04  9.98346e-01  1.00028e+00
1.09851e+02  9.98875e-01  -3.73659e-04  -6.58720e-04  9.98309e-01  1.00029e+00
1.09956e+02  9.98864e-01  -3.78677e-04  -6.65334e-04  9.98291e-01  1.00029e+00
1.10060e+02  9.98865e-01  -3.79549e-04  -6.64659e-04  9.98291e-01  1.00029e+00
1.10165e+02  9.98878e-01  -3.76280e-04  -6.56729e-04  9.98310e-01  1.00028e+00
1.10270e+02  9.98903e-01  -3.68921e-04  -6.41656e-04  9.98348e-01  1.00027e+00
1.10375e+02  9.98941e-01  -3.57565e-04  -6.19631e-04  9.98403e-01  1.00026e+00
1.10479e+02  9.98990e-01  -3.42350e-04  -5.90919e-04  9.98476e-01  1.00025e+00
1.10584e+02  9.99049e-01  -3.23453e-04  -5.55855e-04  9.98565e-01  1.00023e+00
1.10689e+02  9.99119e-01  -3.01091e-04  -5.14844e-04  9.98669e-01  1.00021e+00
1.10794e+02  9.99198e-01  -2.75518e-04  -4.68354e-04  9.98788e-01  1.00019e+00
1.10898e+02  9.99286e-01  -2.47022e-04  -4.16910e-04  9.98919e-01  1.00017e+00
1.11003e+02  9.99381e-01  -2.15923e-04  -3.61090e-04  9.99062e-01  1.00015e+00
1.11108e+02  9.99483e-01  -1.82566e-04  -3.01516e-04  9.99214e-01  1.00012e+00
1.11212e+02  9.99589e-01  -1.47322e-04  -2.38853e-04  9.99375e-01  1.00009e+00
1.11317e+02  9.99701e-01  -1.10582e-04  -1.73795e-04  9.99542e-01  1.00006e+00
1.11422e+02  9.99814e-01  -7.27492e-05  -1.07060e-04  9.99713e-01  1.00003e+00
1.11527e+02  9.99930e-01  -3.42420e-05  -3.93841e-05  9.99887e-01  1.00001e+00
1.11631e+02  1.00005e+00  4.51679e-06  2.84902e-05  1.00006e+00  9.99976e-01
1.11736e+02  1.00016e+00  4.31020e-05  9.58190e-05  1.00023e+00  9.99947e-01
1.11841e+02  1.00027e+00  8.10912e-05  1.61867e-04  1.00040e+00  9.99919e-01
1.11945e+02  1.00038e+00  1.18069e-04  2.25914e-04  1.00057e+00  9.99892e-01
1.12050e+02  1.00049e+00  1.53633e-04  2.87265e-04  1.00073e+00  9.99866e-01
1.12155e+02  1.00059e+00  1.87396e-04  3.45256e-04  1.00088e+00  9.99842e-01
1.12260e+02  1.00068e+00  2.18992e-04  3.99262e-04  1.00102e+00  9.99820e-01
1.12364e+02  1.00076e+00  2.48080e-04  4.48703e-04  1.00115e+00  9.99799e-01
1.12469e+02  1.00084e+00  2.74347e-04  4.93051e-04  1.00126e+00  9.99781e-01
1.12574e+02  1.00091e+00  2.97513e-04  5.31836e-04  1.00136e+00  9.99766e-01
1.12678e+02  1.00096e+00  3.17332e-04  5.64652e-04  1.00145e+00  9.99753e-01
1.12783e+02  1.00101e+00  3.33596e-04  5.91158e-04  1.00152e+00  9.99742e-01
1.12888e+02  1.00104e+00  3.46138e-04  6.11084e-04  1.00157e+00  9.99735e-01
1.12993e+02  1.00107e+00  3.54832e-04  6.24235e-04  1.00160e+00  9.99731e-01
1.13097e+02  1.00108e+00  3.59596e-04  6.30490e-04  1.00162e+00  9.99729e-01
1.13202e+02  1.00108e+00  3.60390e-04  6.29805e-04  1.00162e+00  9.99731e-01
1.13307e+02  1.00106e+00  3.57221e-04  6.22214e-04  1.00160e+00  9.99735e-01
1.13411e+02  1.00104e+00  3.50138e-04  6.07824e-04  1.00157e+00  9.99742e-01
1.13516e+02  1.00100e+00  3.39235e-04  5.86821e-04  1.00151e+00  9.99752e-01
1.13621e+02  1.00096e+00  3.24646e-04  5.59458e-04  1.00144e+00  9.99765e-01
1.13726e+02  1.00090e+00  3.06546e-04  5.26063e-04  1.00136e+00  9.99780e-01
1.13830e+02  1.00083e+00  2.85149e-04  4.87024e-04  1.00126e+00  9.99798e-01
1.13935e+02  1.00076e+00  2.60704e-04  4.42792e-04  1.00115e+00  9.99818e-01
1.14040e+02  1.00068e+00  2.33493e-04  3.93873e-04  1.00102e+00  9.99840e-01
1.14145e+02  1.00059e+00  2.03825e-04  3.40824e-04  1.00089e+00  9.99863e-01
1.14249e+02  1.00049e+00  1.72039e-04  2.84241e-04  1.00074e+00  9.99888e-01
1.14354e+02  1.00039e+00  1.38491e-04  2.24760e-04  1.00059e+00  9.99914e-01
1.14459e+02  1.00028e+00  1.03557e-04  1.63044e-04  1.00043e+00  9.99941e-01
1.14563e+02  1.00017e+00  6.76271e-05  9.97784e-05  1.00027e+00  9.99968e-01
1.14668e+02  1.00006e+00  3.10977e-05  3.56623e-05  1.00010e+00  9.99995e-01
1.14773e+02  9.99955e-01  -5.62829e-06  -2.85993e-05  9.99937e-01  1.00002e+00
1.14878e+02  9.99846e-01  -4.21484e-05  -9.23028e-05  9.99773e-01  1.00005e+00
1.14982e+02  9.99739e-01  -7.80646e-05  -1.54754e-04  9.99612e-01  1.00008e+00
1.15087e+02  9.99635e-01  -1.12987e-04  -2.15275e-04  9.99456e-01  1.00010e+00
1.15192e+02  9.99536e-01  -1.46540e-04  -2.73213e-04  9.99307e-01  1.00013e+00
1.15296e+02  9.99442e-01  -1.78362e-04  -3.27945e-04  9.99166e-01  1.00015e+00
1.15401e+02  9.99355e-01  -2.08115e-04  -3.78886e-04  9.99034e-01  1.00017e+00
1.15506e+02  9.99275e-01  -2.35483e-04  -4.25497e-04  9.98914e-01  1.00019e+00
1.15611e+02  9.99203e-01  -2.60178e-04  -4.67284e-04  9.98805e-01  1.00021e+00
1.15715e+02  9.99140e-01  -2.81942e-04  -5.03811e-04  9.98710e-01  1.00022e+00
1.15820e+02  9.99087e-01  -3.00550e-04  -5.34699e-04  9.98630e-01  1.00023e+00
1.15925e+02  9.99044e-01  -3.15812e-04  -5.59635e-04  9.98565e-01  1.00024e+00
1.16029e+02  9.99012e-01  -3.27574e-04  -5.78367e-04  9.98516e-01  1.00025e+00
1.16134e+02  9.98990e-01  -3.35723e-04  -5.90714e-04  9.98483e-01  1.00025e+00
1.16239e+02  9.98980e-01  -3.40182e-04  -5.96566e-04  9.98467e-01  1.00026e+00
1.16344e+02  9.98981e-01  -3.40915e-04  -5.95881e-04  9.98467e-01  1.00025e+00
1.16448e+02  9.98992e-01  -3.37929e-04  -5.88690e-04  9.98485e-01  1.00025e+00
1.16553e+02  9.99015e-01  -3.31267e-04  -5.75094e-04  9.98519e-01  1.00024e+00
1.16658e+02  9.99049e-01  -3.21015e-04  -5.55264e-04  9.98568e-01  1.00023e+00
1.16763e+02  9.99092e-01  -3.07294e-04  -5.29436e-04  9.98634e-01  1.00022e+00
1.16867e+02  9.99146e-01  -2.90264e-04  -4.97912e-04  9.98714e-01  1.00021e+00
1.16972e+02  9.99209e-01  -2.70122e-04  -4.61054e-04  9.98808e-01  1.00019e+00
1.17077e+02  9.99280e-01  -2.47095e-04  -4.19282e-04  9.98914e-01  1.00017e+00
1.17181e+02  9.99359e-01  -2.21443e-04  -3.73067e-04  9.99032e-01  1.00015e+00
1.17286e+02  9.99444e-01  -1.93451e-04  -3.22928e-04  9.99161e-01  1.00013e+00
1.17391e+02  9.99535e-01  -1.63433e-04  -2.69424e-04  9.99298e-01  1.00011e+00
1.17496e+02  9.99632e-01  -1.31721e-04  -2.13150e-04  9.99442e-01  1.00008e+00
1.17600e+02  9.99731e-01  -9.86660e-05  -1.54729e-04  9.99592e-01  1.00006e+00
1.17705e+02  9.99834e-01  -6.46324e-05  -9.48078e-05  9.99746e-01  1.00003e+00
1.17810e+02  9.99938e-01  -2.99952e-05  -3.40448e-05  9.99902e-01  1.00000e+00
1.17914e+02  1.00004e+00  4.86497e-06  2.68923e-05  1.00006e+00  9.99978e-01
1.18019e+02  1.00015e+00  3.95658e-05  8.73359e-05  1.00021e+00  9.99952e-01
1.18124e+02  1.00025e+00  7.37275e-05  1.46626e-04  1.00037e+00  9.99927e-01
1.18229e+02  1.00035e+00  1.06977e-04  2.04116e-04  1.00052e+00  9.99903e-01
1.18333e+02  1.00044e+00  1.38951e-04  2.59182e-04  1.00066e+00  9.99880e-01
1.18438e+02  1.00053e+00  1.69303e-04  3.11227e-04  1.00079e+00  9.99858e-01
1.18543e+02  1.00061e+00  1.97703e-04  3.59690e-04  1.00092e+00  9.99838e-01
1.18647e+02  1.00069e+00  2.23845e-04  4.04051e-04  1.00103e+00  9.99820e-01
1.18752e+02  1.00076e+00  2.47447e-04  4.43835e-04  1.00114e+00  9.99804e-01
1.18857e+02  1.00082e+00  2.68258e-04  4.78620e-04  1.00123e+00  9.99790e-01
1.18962e+02  1.00087e+00  2.86056e-04  5.08041e-04  1.00130e+00  9.99778e-01
1.19066e+02  1.00091e+00  3.00654e-04  5.31792e-04  1.00136e+00  9.99769e-01
1.19171e+02  1.00094e+00  3.11902e-04  5.49630e-04  1.00141e+00  9.99762e-01
1.19276e+02  1.00096e+00  3.19687e-04  5.61379e-04  1.00144e+00  9.99758e-01
1.19381e+02  1.00097e+00  3.23934e-04  5.66931e-04  1.00146e+00  9.99757e-01
1.19485e+02  1.00097e+00  3.24608e-04  5.66246e-04  1.00146e+00  9.99758e-01
1.19590e+02  1.00096e+00  3.21714e-04  5.59352e-04  1.00144e+00  9.99762e-01
1.19695e+02  1.00094e+00  3.15296e-04  5.46347e-04  1.00141e+00  9.99769e-01
1.19799e+02  1.00090e+00  3.05438e-04  5.27396e-04  1.00136e+00  9.99778e-01
1.19904e+02  1.00086e+00  2.92260e-04  5.02728e-04  1.00130e+00  9.99790e-01
1.20009e+02  1.00081e+00  2.75921e-04  4.72635e-04  1.00122e+00  9.99803e-01
1.20114e+02  1.00075e+00  2.56612e-04  4.37467e-04  1.00113e+00  9.99819e-01
1.20218e+02  1.00068e+00  2.34556e-04  3.97628e-04  1.00103e+00  9.99837e-01
1.20323e+02  1.00061e+00  2.10007e-04  3.53573e-04  1.00092e+00  9.99856e-01
1.20428e+02  1.00053e+00  1.83245e-04  3.05802e-04  1.00079e+00  9.99877e-01
1.20532e+02  1.00044e+00  1.54572e-04  2.54852e-04  1.00066e+00  9.99900e-01
1.20637e+02  1.00035e+00  1.24311e-04  2.01293e-04  1.00053e+00  9.99923e-01
1.20742e+02  1.00025e+00  9.27994e-05  1.45722e-04  1.00038e+00  9.99947e-01
1.20847e+02  1.00016e+00  6.03881e-05  8.87567e-05  1.00024e+00  9.99972e-01
1.20951e+02  1.00006e+00  2.74357e-05  3.10250e-05  1.00009e+00  9.99996e-01
1.21056e+02  9.99959e-01  -5.69505e-06  -2.68381e-05  9.99941e-01  1.00002e+00
1.21161e+02  9.99861e-01  -3.86411e-05  -8.41991e-05  9.99793e-01  1.00005e+00
1.21265e+02  9.99764e-01  -7.10432e-05  -1.40433e-04  9.99648e-01  1.00007e+00
1.21370e+02  9.99671e-01  -1.02550e-04  -1.94928e-04  9.99508e-01  1.00009e+00
1.21475e+02  9.99581e-01  -1.32820e-04  -2.47097e-04  9.99373e-01  1.00011e+00
1.21580e+02  9.99496e-01  -1.61530e-04  -2.96378e-04  9.99246e-01  1.00013e+00
1.21684e+02  9.99418e-01  -1.88372e-04  -3.42244e-04  9.99127e-01  1.00015e+00
1.21789e+02  9.99345e-01  -2.13061e-04  -3.84206e-04  9.99019e-01  1.00017e+00
1.21894e+02  9.99280e-01  -2.35337e-04  -4.21822e-04  9.98921e-01  1.00019e+00
1.21999e+02  9.99224e-01  -2.54965e-04  -4.54697e-04  9.98836e-01  1.00020e+00
1.22103e+02  9.99176e-01  -2.71743e-04  -4.82489e-04  9.98763e-01  1.00021e+00
1.22208e+02  9.99137e-01  -2.85499e-04  -5.04913e-04  9.98705e-01  1.00022e+00
1.22313e+02  9.99107e-01  -2.96092e-04  -5.21745e-04  9.98660e-01  1.00023e+00
1.22417e+02  9.99088e-01  -3.03421e-04  -5.32819e-04  9.98631e-01  1.00023e+00
1.22522e+02  9.99078e-01  -3.07415e-04  -5.38035e-04  9.98617e-01  1.00023e+00
1.22627e+02  9.99079e-01  -3.08042e-04  -5.37356e-04  9.98617e-01  1.00023e+00
1.22732e+02  9.99090e-01  -3.05307e-04  -5.30809e-04  9.98633e-01  1.00023e+00
1.22836e+02  9.99110e-01  -2.99250e-04  -5.18485e-04  9.98664e-01  1.00022e+00
1.22941e+02  9.99140e-01  -2.89947e-04  -5.00536e-04  9.98709e-01  1.00021e+00
1.23046e+02  9.99180e-01  -2.77509e-04  -4.77177e-04  9.98768e-01  1.00020e+00
1.23150e+02  9.99228e-01  -2.62081e-04  -4.48680e-04  9.98841e-01  1.00019e+00
1.23255e+02  9.99285e-01  -2.43839e-04  -4.15371e-04  9.98925e-01  1.00017e+00
1.23360e+02  9.99349e-01  -2.22989e-04  -3.77629e-04  9.99022e-01  1.00015e+00
1.23465e+02  9.99420e-01  -1.99767e-04  -3.35878e-04  9.99128e-01  1.00014e+00
1.23569e+02  9.99498e-01  -1.74431e-04  -2.90588e-04  9.99244e-01  1.00012e+00
1.23674e+02  9.99580e-01  -1.47263e-04  -2.42263e-04  9.99368e-01  1.00009e+00
1.23779e+02  9.99667e-01  -1.18565e-04  -1.91439e-04  9.99499e-01  1.00007e+00
1.23883e+02  9.99757e-01  -8.86547e-05  -1.38681e-04  9.99634e-01  1.00005e+00
1.23988e+02  9.99850e-01  -5.78612e-05  -8.45695e-05  9.99773e-01  1.00003e+00
1.24093e+02  9.99944e-01  -2.65238e-05  -2.97013e-05  9.99914e-01  1.00000e+00
1.24198e+02  1.00004e+00  5.01320e-06  2.53215e-05  1.00006e+00  9.99980e-01
1.24302e+02  1.00013e+00  3.64040e-05  7.98961e-05  1.00020e+00  9.99957e-01
1.24407e+02  1.00022e+00  6.73049e-05  1.33426e-04  1.00033e+00  9.99934e-01
1.24512e+02  1.00031e+00  9.73784e-05  1.85329e-04  1.00047e+00  9.99912e-01
1.24617e+02  1.00040e+00  1.26297e-04  2.35039e-04  1.00060e+00  9.99891e-01
1.24721e+02  1.00048e+00  1.53745e-04  2.82020e-04  1.00072e+00  9.99872e-01
1.24826e+02  1.00055e+00  1.79427e-04  3.25763e-04  1.00083e+00  9.99854e-01
1.24931e+02  1.00062e+00  2.03063e-04  3.65799e-04  1.00093e+00  9.99837e-01
1.25035e+02  1.00069e+00  2.24401e-04  4.01699e-04  1.00103e+00  9.99823e-01
1.25140e+02  1.00074e+00  2.43211e-04  4.33082e-04  1.00111e+00  9.99810e-01
1.25245e+02  1.00079e+00  2.59294e-04  4.59617e-04  1.00118e+00  9.99800e-01
1.25350e+02  1.00082e+00  2.72480e-04  4.81028e-04  1.00123e+00  9.99791e-01
1.25454e+02  1.00085e+00  2.82634e-04  4.97095e-04  1.00128e+00  9.99786e-01
1.25559e+02  1.00087e+00  2.89652e-04  5.07660e-04  1.00130e+00  9.99782e-01
1.25664e+02  1.00088e+00  2.93468e-04  5.12624e-04  1.00132e+00  9.99781e-01
1.25768e+02  1.00088e+00  2.94048e-04  5.11950e-04  1.00132e+00  9.99782e-01
1.25873e+02  1.00087e+00  2.91398e-04  5.05664e-04  1.00130e+00  9.99786e-01
1.25978e+02  1.00085e+00  2.85557e-04  4.93854e-04  1.00127e+00  9.99792e-01
1.26083e+02  1.00082e+00  2.76600e-04  4.76668e-04  1.00123e+00  9.99800e-01
1.26187e+02  1.00078e+00  2.64637e-04  4.54313e-04  1.00117e+00  9.99810e-01
1.26292e+02  1.00074e+00  2.49809e-04  4.27052e-04  1.00110e+00  9.99823e-01
1.26397e+02  1.00068e+00  2.32290e-04  3.95201e-04  1.00102e+00  9.99837e-01
1.26501e+02  1.00062e+00  2.12283e-04  3.59127e-04  1.00093e+00  9.99853e-01
1.26606e+02  1.00055e+00  1.90016e-04  3.19238e-04  1.00083e+00  9.99871e-01
1.26711e+02  1.00048e+00  1.65742e-04  2.75987e-04  1.00072e+00  9.99890e-01
1.26816e+02  1.00040e+00  1.39735e-04  2.29859e-04  1.00060e+00  9.99910e-01
1.26920e+02  1.00032e+00  1.12288e-04  1.81371e-04  1.00048e+00  9.99931e-01
1.27025e+02  1.00023e+00  8.37061e-05  1.31062e-04  1.00035e+00  9.99953e-01
1.27130e+02  1.00014e+00  5.43073e-05  7.94899e-05  1.00021e+00  9.99975e-01
1.27235e+02  1.00005e+00  2.44166e-05  2.72237e-05  1.00008e+00  9.99997e-01
1.27339e+02  9.99962e-01  -5.63697e-06  -2.51620e-05  9.99944e-01  1.00002e+00
1.27444e+02  9.99873e-01  -3.55242e-05  -7.70937e-05  9.99810e-01  1.00004e+00
1.27549e+02  9.99786e-01  -6.49190e-05  -1.28005e-04  9.99679e-01  1.00006e+00
1.27653e+02  9.99701e-01  -9.35023e-05  -1.77343e-04  9.99552e-01  1.00008e+00
1.27758e+02  9.99620e-01  -1.20965e-04  -2.24574e-04  9.99430e-01  1.00010e+00
1.27863e+02  9.99543e-01  -1.47012e-04  -2.69190e-04  9.99315e-01  1.00012e+00
1.27968e+02  9.99471e-01  -1.71364e-04  -3.10712e-04  9.99207e-01  1.00014e+00
1.28072e+02  9.99406e-01  -1.93762e-04  -3.48698e-04  9.99109e-01  1.00015e+00
1.28177e+02  9.99347e-01  -2.13970e-04  -3.82747e-04  9.99021e-01  1.00017e+00
1.28282e+02  9.99295e-01  -2.31774e-04  -4.12499e-04  9.98943e-01  1.00018e+00
1.28386e+02  9.99251e-01  -2.46990e-04  -4.37645e-04  9.98878e-01  1.00019e+00
1.28491e+02  9.99216e-01  -2.59461e-04  -4.57926e-04  9.98825e-01  1.00020e+00
1.28596e+02  9.99189e-01  -2.69060e-04  -4.73137e-04  9.98785e-01  1.00020e+00
1.28701e+02  9.99172e-01  -2.75693e-04  -4.83129e-04  9.98758e-01  1.00021e+00
1.28805e+02  9.99163e-01  -2.79296e-04  -4.87811e-04  9.98745e-01  1.00021e+00
1.28910e+02  9.99163e-01  -2.79841e-04  -4.87148e-04  9.98746e-01  1.00021e+00
1.29015e+02  9.99173e-01  -2.77330e-04  -4.81164e-04  9.98760e-01  1.00020e+00
1.29119e+02  9.99192e-01  -2.71800e-04  -4.69941e-04  9.98788e-01  1.00020e+00
1.29224e+02  9.99219e-01  -2.63321e-04  -4.53618e-04  9.98829e-01  1.00019e+00
1.29329e+02  9.99255e-01  -2.51992e-04  -4.32389e-04  9.98883e-01  1.00018e+00
1.29434e+02  9.99299e-01  -2.37946e-04  -4.06500e-04  9.98949e-01  1.00017e+00
1.29538e+02  9.99350e-01  -2.21342e-04  -3.76247e-04  9.99026e-01  1.00015e+00
1.29643e+02  9.99409e-01  -2.02369e-04  -3.41973e-04  9.99114e-01  1.00014e+00
1.29748e+02  9.99473e-01  -1.81239e-04  -3.04064e-04  9.99211e-01  1.00012e+00
1.29852e+02  9.99544e-01  -1.58189e-04  -2.62945e-04  9.99316e-01  1.00010e+00
1.29957e+02  9.99619e-01  -1.33475e-04  -2.19074e-04  9.99428e-01  1.00009e+00
1.30062e+02  9.99698e-01  -1.07370e-04  -1.72938e-04  9.99547e-01  1.00007e+00
1.30167e+02  9.99780e-01  -8.01635e-05  -1.25047e-04  9.99670e-01  1.00004e+00
1.30271e+02  9.99864e-01  -5.21555e-05  -7.59307e-05  9.99796e-01  1.00002e+00
1.30376e+02  9.99949e-01  -2.36542e-05  -2.61291e-05  9.99924e-01  1.00000e+00
1.30481e+02  1.00004e+00  5.02730e-06  2.38109e-05  1.00005e+00  9.99981e-01
1.30586e+02  1.00012e+00  3.35745e-05  7.33423e-05  1.00018e+00  9.99960e-01
1.30690e+02  1.00020e+00  6.16751e-05  1.21924e-04  1.00031e+00  9.99940e-01
1.30795e+02  1.00028e+00  8.90220e-05  1.69026e-04  1.00043e+00  9.99920e-01
1.30900e+02  1.00036e+00  1.15317e-04  2.14137e-04  1.00054e+00  9.99901e-01
1.31004e+02  1.00044e+00  1.40275e-04  2.56768e-04  1.00065e+00  9.99884e-01
1.31109e+02  1.00050e+00  1.63624e-04  2.96459e-04  1.00076e+00  9.99867e-01
1.31214e+02  1.00057e+00  1.85112e-04  3.32782e-04  1.00085e+00  9.99852e-01
1.31319e+02  1.00062e+00  2.04508e-04  3.65349e-04  1.00094e+00  9.99839e-01
1.31423e+02  1.00067e+00  2.21605e-04  3.93814e-04  1.00101e+00  9.99828e-01
1.31528e+02  1.00072e+00  2.36220e-04  4.17875e-04  1.00107e+00  9.99818e-01
1.31633e+02  1.00075e+00  2.48199e-04  4.37282e-04  1.00112e+00  9.99811e-01
1.31737e+02  1.00077e+00  2.57419e-04  4.51836e-04  1.00116e+00  9.99806e-01
1.31842e+02  1.00079e+00  2.63785e-04  4.61391e-04  1.00119e+00  9.99802e-01
1.31947e+02  1.00080e+00  2.67237e-04  4.65858e-04  1.00120e+00  9.99801e-01
1.32052e+02  1.00080e+00  2.67744e-04  4.65204e-04  1.00120e+00  9.99803e-01
1.32156e+02  1.00079e+00  2.65311e-04  4.59450e-04  1.00118e+00  9.99806e-01
1.32261e+02  1.00077e+00  2.59973e-04  4.48678e-04  1.00116e+00  9.99811e-01
1.32366e+02  1.00075e+00  2.51798e-04  4.33020e-04  1.00112e+00  9.99819e-01
1.32470e+02  1.00071e+00  2.40886e-04  4.12666e-04  1.00107e+00  9.99828e-01
1.32575e+02  1.00067e+00  2.27366e-04  3.87852e-04  1.00100e+00  9.99840e-01
1.32680e+02  1.00062e+00  2.11394e-04  3.58866e-04  1.00093e+00  9.99853e-01
1.32785e+02  1.00056e+00  1.93156e-04  3.26040e-04  1.00085e+00  9.99867e-01
1.32889e+02  1.00050e+00  1.72858e-04  2.89748e-04  1.00075e+00  9.99883e-01
1.32994e+02  1.00044e+00  1.50732e-04  2.50397e-04  1.00065e+00  9.99900e-01
1.33099e+02  1.00036e+00  1.27026e-04  2.08431e-04  1.00054e+00  9.99919e-01
1.33204e+02  1.00029e+00  1.02007e-04  1.64317e-04  1.00043e+00  9.99938e-01
1.33308e+02  1.00021e+00  7.59520e-05  1.18547e-04  1.00031e+00  9.99957e-01
1.33413e+02  1.00013e+00  4.91516e-05  7.16273e-05  1.00019e+00  9.99978e-01
1.33518e+02  1.00005e+00  2.19016e-05  2.40757e-05  1.00007e+00  9.99998e-01
1.33622e+02  9.99966e-01  -5.49809e-06  -2.35852e-05  9.99947e-01  1.00002e+00
1.33727e+02  9.99884e-01  -3.27474e-05  -7.08337e-05  9.99826e-01  1.00004e+00
1.33832e+02  9.99805e-01  -5.95490e-05  -1.17154e-04  9.99706e-01  1.00006e+00
1.33937e+02  9.99727e-01  -8.56117e-05  -1.62044e-04  9.99590e-01  1.00008e+00
1.34041e+02  9.99653e-01  -1.10653e-04  -2.05016e-04  9.99479e-01  1.00009e+00
1.34146e+02  9.99583e-01  -1.34405e-04  -2.45609e-04  9.99374e-01  1.00011e+00
1.34251e+02  9.99518e-01  -1.56611e-04  -2.83386e-04  9.99277e-01  1.00013e+00
1.34355e+02  9.99458e-01  -1.77036e-04  -3.17944e-04  9.99187e-01  1.00014e+00
1.34460e+02  9.99404e-01  -1.95462e-04  -3.48917e-04  9.99107e-01  1.00015e+00
1.34565e+02  9.99357e-01  -2.11696e-04  -3.75979e-04  9.99036e-01  1.00016e+00
1.34670e+02  9.99317e-01  -2.25567e-04  -3.98846e-04  9.98977e-01  1.00017e+00
1.34774e+02  9.99285e-01  -2.36934e-04  -4.17283e-04  9.98929e-01  1.00018e+00
1.34879e+02  9.99260e-01  -2.45680e-04  -4.31102e-04  9.98892e-01  1.00019e+00
1.34984e+02  9.99244e-01  -2.51717e-04  -4.40167e-04  9.98868e-01  1.00019e+00
1.35088e+02  9.99236e-01  -2.54989e-04  -4.44395e-04  9.98856e-01  1.00019e+00
1.35193e+02  9.99236e-01  -2.55469e-04  -4.43754e-04  9.98857e-01  1.00019e+00
1.35298e+02  9.99245e-01  -2.53158e-04  -4.38265e-04  9.98870e-01  1.00019e+00
1.35403e+02  9.99262e-01  -2.48091e-04  -4.28003e-04  9.98896e-01  1.00018e+00
1.35507e+02  9.99287e-01  -2.40330e-04  -4.13094e-04  9.98933e-01  1.00017e+00
1.35612e+02  9.99320e-01  -2.29967e-04  -3.93714e-04  9.98983e-01  1.00016e+00
1.35717e+02  9.99360e-01  -2.17121e-04  -3.70087e-04  9.99043e-01  1.00015e+00
1.35822e+02  9.99407e-01  -2.01940e-04  -3.42485e-04  9.99113e-01  1.00014e+00
1.35926e+02  9.99460e-01  -1.84595e-04  -3.11218e-04  9.99193e-01  1.00013e+00
1.36031e+02  9.99519e-01  -1.65280e-04  -2.76638e-04  9.99281e-01  1.00011e+00
1.36136e+02  9.99583e-01  -1.44212e-04  -2.39133e-04  9.99378e-01  1.00009e+00
1.36240e+02  9.99652e-01  -1.21623e-04  -1.99120e-04  9.99480e-01  1.00008e+00
1.36345e+02  9.99724e-01  -9.77644e-05  -1.57044e-04  9.99588e-01  1.00006e+00
1.36450e+02  9.99799e-01  -7.29001e-05  -1.13369e-04  9.99700e-01  1.00004e+00
1.36555e+02  9.99876e-01  -4.73041e-05  -6.85770e-05  9.99816e-01  1.00002e+00
1.36659e+02  9.99954e-01  -2.12580e-05  -2.31619e-05  9.99932e-01  1.00000e+00
1.36764e+02  1.00003e+00  4.95208e-06  2.23781e-05  1.00005e+00  9.99983e-01
1.36869e+02  1.00011e+00  3.10388e-05  6.75444e-05  1.00017e+00  9.99963e-01
1.36973e+02  1.00019e+00  5.67168e-05  1.11843e-04  1.00028e+00  9.99945e-01
1.37078e+02  1.00026e+00  8.17053e-05  1.54792e-04  1.00039e+00  9.99927e-01
1.37183e+02  1.00033e+00  1.05732e-04  1.95924e-04  1.00050e+00  9.99910e-01
1.37288e+02  1.00040e+00  1.28536e-04  2.34792e-04  1.00060e+00  9.99894e-01
1.37392e+02  1.00046e+00  1.49869e-04  2.70978e-04  1.00069e+00  9.99879e-01
1.37497e+02  1.00052e+00  1.69502e-04  3.04091e-04  1.00078e+00  9.99865e-01
1.37602e+02  1.00057e+00  1.87221e-04  3.33777e-04  1.00085e+00  9.99853e-01
1.37706e+02  1.00062e+00  2.02839e-04  3.59719e-04  1.00092e+00  9.99843e-01
1.37811e+02  1.00065e+00  2.16188e-04  3.81644e-04  1.00098e+00  9.99835e-01
1.37916e+02  1.00069e+00  2.27127e-04  3.99322e-04  1.00103e+00  9.99828e-01
1.38021e+02  1.00071e+00  2.35543e-04  4.12571e-04  1.00106e+00  9.99823e-01
1.38125e+02  1.00072e+00  2.41351e-04  4.21258e-04  1.00108e+00  9.99820e-01
1.38230e+02  1.00073e+00  2.44493e-04  4.25302e-04  1.00110e+00  9.99819e-01
1.38335e+02  1.00073e+00  2.44942e-04  4.24672e-04  1.00109e+00  9.99820e-01
1.38440e+02  1.00072e+00  2.42702e-04  4.19388e-04  1.00108e+00  9.99823e-01
1.38544e+02  1.00071e+00  2.37806e-04  4.09522e-04  1.00106e+00  9.99828e-01
1.38649e+02  1.00068e+00  2.30315e-04  3.95196e-04  1.00102e+00  9.99835e-01
1.38754e+02  1.00065e+00  2.20319e-04  3.76583e-04  1.00097e+00  9.99844e-01
1.38858e+02  1.00061e+00  2.07936e-04  3.53897e-04  1.00092e+00  9.99854e-01
1.38963e+02  1.00057e+00  1.93311e-04  3.27403e-04  1.00085e+00  9.99866e-01
1.39068e+02  1.00052e+00  1.76610e-04  2.97401e-04  1.00077e+00  9.99879e-01
1.39173e+02  1.00046e+00  1.58025e-04  2.64233e-04  1.00069e+00  9.99894e-01
1.39277e+02  1.00040e+00  1.37764e-04  2.28271e-04  1.00059e+00  9.99909e-01
1.39382e+02  1.00033e+00  1.16057e-04  1.89920e-04  1.00050e+00  9.99926e-01
1.39487e+02  1.00026e+00  9.31465e-05  1.49607e-04  1.00039e+00  9.99944e-01
1.39591e+02  1.00019e+00  6.92870e-05  1.07779e-04  1.00028e+00  9.99962e-01
1.39696e+02  1.00012e+00  4.47434e-05  6.49010e-05  1.00017e+00  9.99980e-01
1.39801e+02  1.00004e+00  1.97868e-05  2.14445e-05  1.00006e+00  9.99998e-01
1.39906e+02  9.99969e-01  -5.30834e-06  -2.21127e-05  9.99950e-01  1.00002e+00
1.40010e+02  9.99894e-01  -3.02670e-05  -6.52936e-05  9.99839e-01  1.00004e+00
1.40115e+02  9.99821e-01  -5.48168e-05  -1.07627e-04  9.99730e-01  1.00005e+00
1.40220e+02  9.99750e-01  -7.86910e-05  -1.48653e-04  9.99624e-01  1.00007e+00
1.40324e+02  9.99682e-01  -1.01631e-04  -1.87927e-04  9.99523e-01  1.00009e+00
1.40429e+02  9.99618e-01  -1.23390e-04  -2.25026e-04  9.99427e-01  1.00010e+00
1.40534e+02  9.99558e-01  -1.43734e-04  -2.59551e-04  9.99337e-01  1.00012e+00
1.40639e+02  9.99503e-01  -1.62445e-04  -2.91134e-04  9.99255e-01  1.00013e+00
1.40743e+02  9.99454e-01  -1.79326e-04  -3.19438e-04  9.99182e-01  1.00014e+00
1.40848e+02  9.99411e-01  -1.94198e-04  -3.44165e-04  9.99117e-01  1.00015e+00
1.40953e+02  9.99374e-01  -2.06905e-04  -3.65055e-04  9.99063e-01  1.00016e+00
1.41058e+02  9.99344e-01  -2.17316e-04  -3.81894e-04  9.99019e-01  1.00016e+00
1.41162e+02  9.99322e-01  -2.25323e-04  -3.94508e-04  9.98986e-01  1.00017e+00
1.41267e+02  9.99307e-01  -2.30848e-04  -4.02773e-04  9.98964e-01  1.00017e+00
1.41372e+02  9.99299e-01  -2.33837e-04  -4.06613e-04  9.98953e-01  1.00017e+00
1.41476e+02  9.99300e-01  -2.34264e-04  -4.05997e-04  9.98954e-01  1.00017e+00
1.41581e+02  9.99308e-01  -2.32133e-04  -4.00945e-04  9.98966e-01  1.00017e+00
1.41686e+02  9.99323e-01  -2.27473e-04  -3.91526e-04  9.98989e-01  1.00016e+00
1.41791e+02  9.99346e-01  -2.20342e-04  -3.77854e-04  9.99024e-01  1.00016e+00
1.41895e+02  9.99376e-01  -2.10824e-04  -3.60090e-04  9.99069e-01  1.00015e+00
1.42000e+02  9.99413e-01  -1.99029e-04  -3.38440e-04  9.99124e-01  1.00014e+00
1.42105e+02  9.99456e-01  -1.85091e-04  -3.13150e-04  9.99189e-01  1.00013e+00
1.42209e+02  9.99505e-01  -1.69167e-04  -2.84506e-04  9.99262e-01  1.00012e+00
1.42314e+02  9.99559e-01  -1.51437e-04  -2.52830e-04  9.99343e-01  1.00010e+00
1.42419e+02  9.99618e-01  -1.32096e-04  -2.18477e-04  9.99431e-01  1.00009e+00
1.42524e+02  9.99680e-01  -1.11361e-04  -1.81828e-04  9.99525e-01  1.00007e+00
1.42628e+02  9.99747e-01  -8.94618e-05  -1.43290e-04  9.99624e-01  1.00005e+00
1.42733e+02  9.99815e-01  -6.66392e-05  -1.03290e-04  9.99727e-01  1.00004e+00
1.42838e+02  9.99886e-01  -4.31454e-05  -6.22675e-05  9.99832e-01  1.00002e+00
1.42942e+02  9.99958e-01  -1.92386e-05  -2.06750e-05  9.99939e-01  1.00000e+00
1.43047e+02  1.00003e+00  4.81839e-06  2.10311e-05  1.00005e+00  9.99984e-01
1.43152e+02  1.00010e+00  2.87620e-05  6.23941e-05  1.00015e+00  9.99966e-01
1.43257e+02  1.00017e+00  5.23301e-05  1.02962e-04  1.00026e+00  9.99949e-01
1.43361e+02  1.00024e+00  7.52653e-05  1.42292e-04  1.00036e+00  9.99933e-01
1.43466e+02  1.00030e+00  9.73176e-05  1.79958e-04  1.00046e+00  9.99917e-01
1.43571e+02  1.00037e+00  1.18247e-04  2.15550e-04  1.00055e+00  9.99903e-01
1.43676e+02  1.00042e+00  1.37827e-04  2.48683e-04  1.00064e+00  9.99889e-01
1.43780e+02  1.00048e+00  1.55845e-04  2.79002e-04  1.00071e+00  9.99877e-01
1.43885e+02  1.00052e+00  1.72107e-04  3.06180e-04  1.00078e+00  9.99866e-01
1.43990e+02  1.00057e+00  1.86439e-04  3.29929e-04  1.00085e+00  9.99857e-01
1.44094e+02  1.00060e+00  1.98688e-04  3.49995e-04  1.00090e+00  9.99849e-01
1.44199e+02  1.00063e+00  2.08724e-04  3.66171e-04  1.00094e+00  9.99843e-01
1.44304e+02  1.00065e+00  2.16444e-04  3.78288e-04  1.00097e+00  9.99838e-01
1.44409e+02  1.00067e+00  2.21769e-04  3.86224e-04  1.00099e+00  9.99836e-01
1.44513e+02  1.00067e+00  2.24645e-04  3.89905e-04  1.00100e+00  9.99835e-01
1.44618e+02  1.00067e+00  2.25049e-04  3.89301e-04  1.00100e+00  9.99836e-01
1.44723e+02  1.00066e+00  2.22982e-04  3.84432e-04  1.00099e+00  9.99839e-01
1.44827e+02  1.00065e+00  2.18475e-04  3.75363e-04  1.00097e+00  9.99843e-01
1.44932e+02  1.00063e+00  2.11583e-04  3.62206e-04  1.00094e+00  9.99849e-01
1.45037e+02  1.00060e+00  2.02391e-04  3.45116e-04  1.00089e+00  9.99857e-01
1.45142e+02  1.00056e+00  1.91005e-04  3.24294e-04  1.00084e+00  9.99867e-01
1.45246e+02  1.00052e+00  1.77557e-04  2.99979e-04  1.00078e+00  9.99878e-01
1.45351e+02  1.00048e+00  1.62202e-04  2.72448e-04  1.00071e+00  9.99890e-01
1.45456e+02  1.00042e+00  1.45114e-04  2.42011e-04  1.00063e+00  9.99903e-01
1.45560e+02  1.00037e+00  1.26485e-04  2.09013e-04  1.00054e+00  9.99917e-01
1.45665e+02  1.00031e+00  1.06525e-04  1.73822e-04  1.00045e+00  9.99933e-01
1.45770e+02  1.00024e+00  8.54577e-05  1.36831e-04  1.00036e+00  9.99949e-01
1.45875e+02  1.00018e+00  6.35167e-05  9.84496e-05  1.00026e+00  9.99965e-01
1.45979e+02  1.00011e+00  4.09455e-05  5.91036e-05  1.00016e+00  9.99982e-01
1.46084e+02  1.00004e+00  1.79930e-05  1.92265e-05  1.00006e+00  9.99999e-01
1.46189e+02  9.99971e-01  -5.08814e-06  -2.07438e-05  9.99953e-01  1.00002e+00
1.46293e+02  9.99903e-01  -2.80452e-05  -6.03696e-05  9.99851e-01  1.00003e+00
1.46398e+02  9.99836e-01  -5.06275e-05  -9.92185e-05  9.99751e-01  1.00005e+00
1.46503e+02  9.99770e-01  -7.25895e-05  -1.36868e-04  9.99654e-01  1.00006e+00
1.46608e+02  9.99708e-01  -9.36933e-05  -1.72910e-04  9.99560e-01  1.00008e+00
1.46712e+02  9.99649e-01  -1.13711e-04  -2.06956e-04  9.99472e-01  1.00009e+00
1.46817e+02  9.99593e-01  -1.32428e-04  -2.38640e-04  9.99390e-01  1.00011e+00
1.46922e+02  9.99543e-01  -1.49644e-04  -2.67622e-04  9.99315e-01  1.00012e+00
1.47027e+02  9.99497e-01  -1.65176e-04  -2.93595e-04  9.99248e-01  1.00013e+00
1.47131e+02  9.99458e-01  -1.78859e-04  -3.16283e-04  9.99189e-01  1.00014e+00
1.47236e+02  9.99424e-01  -1.90550e-04  -3.35448e-04  9.99139e-01  1.00014e+00
1.47341e+02  9.99396e-01  -2.00128e-04  -3.50892e-04  9.99098e-01  1.00015e+00
1.47445e+02  9.99376e-01  -2.07493e-04  -3.62457e-04  9.99068e-01  1.00015e+00
1.47550e+02  9.99362e-01  -2.12573e-04  -3.70027e-04  9.99047e-01  1.00016e+00
1.47655e+02  9.99355e-01  -2.15317e-04  -3.73532e-04  9.99038e-01  1.00016e+00
1.47760e+02  9.99355e-01  -2.15703e-04  -3.72943e-04  9.99038e-01  1.00016e+00
1.47864e+02  9.99363e-01  -2.13733e-04  -3.68280e-04  9.99050e-01  1.00015e+00
1.47969e+02  9.99377e-01  -2.09434e-04  -3.59603e-04  9.99071e-01  1.00015e+00
1.48074e+02  9.99398e-01  -2.02858e-04  -3.47019e-04  9.99103e-01  1.00014e+00
1.48178e+02  9.99425e-01  -1.94084e-04  -3.30676e-04  9.99145e-01  1.00014e+00
1.48283e+02  9.99459e-01  -1.83212e-04  -3.10761e-04  9.99195e-01  1.00013e+00
1.48388e+02  9.99499e-01  -1.70366e-04  -2.87501e-04  9.99255e-01  1.00012e+00
1.48493e+02  9.99544e-01  -1.55691e-04  -2.61160e-04  9.99322e-01  1.00011e+00
1.48597e+02  9.99593e-01  -1.39350e-04  -2.32032e-04  9.99397e-01  1.00009e+00
1.48702e+02  9.99648e-01  -1.21527e-04  -2.00443e-04  9.99478e-01  1.00008e+00
1.48807e+02  9.99705e-01  -1.02419e-04  -1.66745e-04  9.99564e-01  1.00006e+00
1.48911e+02  9.99766e-01  -8.22369e-05  -1.31311e-04  9.99655e-01  1.00005e+00
1.49016e+02  9.99830e-01  -6.12047e-05  -9.45319e-05  9.99750e-01  1.00003e+00
1.49121e+02  9.99895e-01  -3.95539e-05  -5.68145e-05  9.99847e-01  1.00002e+00
1.49226e+02  9.99961e-01  -1.75225e-05  -1.85734e-05  9.99945e-01  1.00000e+00
1.49330e+02  1.00003e+00  4.64752e-06  1.97719e-05  1.00004e+00  9.99985e-01
1.49435e+02  1.00009e+00  2.67131e-05  5.78012e-05  1.00014e+00  9.99969e-01
1.49540e+02  1.00016e+00  4.84327e-05  9.50990e-05  1.00024e+00  9.99953e-01
1.49645e+02  1.00022e+00  6.95693e-05  1.31259e-04  1.00033e+00  9.99938e-01
1.49749e+02  1.00028e+00  8.98922e-05  1.65887e-04  1.00042e+00  9.99924e-01
1.49854e+02  1.00034e+00  1.09180e-04  1.98608e-04  1.00051e+00  9.99911e-01
1.49959e+02  1.00039e+00  1.27225e-04  2.29068e-04  1.00059e+00  9.99898e-01
1.50063e+02  1.00044e+00  1.43830e-04  2.56939e-04  1.00066e+00  9.99887e-01
1.50168e+02  1.00048e+00  1.58816e-04  2.81921e-04  1.00072e+00  9.99877e-01
1.50273e+02  1.00052e+00  1.72024e-04  3.03749e-04  1.00078e+00  9.99868e-01
1.50378e+02  1.00055e+00  1.83312e-04  3.22190e-04  1.00083e+00  9.99861e-01
1.50482e+02  1.00058e+00  1.92560e-04  3.37052e-04  1.00087e+00  9.99856e-01
1.50587e+02  1.00060e+00  1.99673e-04  3.48179e-04  1.00090e+00  9.99851e-01
1.50692e+02  1.00061e+00  2.04577e-04  3.55461e-04  1.00092e+00  9.99849e-01
1.50796e+02  1.00062e+00  2.07224e-04  3.58828e-04  1.00092e+00  9.99848e-01
1.50901e+02  1.00062e+00  2.07590e-04  3.58253e-04  1.00092e+00  9.99849e-01
1.51006e+02  1.00061e+00  2.05679e-04  3.53752e-04  1.00091e+00  9.99852e-01
1.51111e+02  1.00060e+00  2.01516e-04  3.45387e-04  1.00089e+00  9.99856e-01
1.51215e+02  1.00058e+00  1.95155e-04  3.33260e-04  1.00086e+00  9.99862e-01
1.51320e+02  1.00055e+00  1.86670e-04  3.17513e-04  1.00082e+00  9.99869e-01
1.51425e+02  1.00052e+00  1.76162e-04  2.98331e-04  1.00077e+00  9.99878e-01
1.51529e+02  1.00048e+00  1.63751e-04  2.75933e-04  1.00072e+00  9.99888e-01
1.51634e+02  1.00044e+00  1.49579e-04  2.50574e-04  1.00065e+00  9.99899e-01
1.51739e+02  1.00039e+00  1.33807e-04  2.22540e-04  1.00058e+00  9.99911e-01
1.51844e+02  1.00034e+00  1.16613e-04  1.92147e-04  1.00050e+00  9.99924e-01
1.51948e+02  1.00028e+00  9.81898e-05  1.59735e-04  1.00042e+00  9.99938e-01
1.52053e+02  1.00022e+00  7.87428e-05  1.25664e-04  1.00033e+00  9.99953e-01
1.52158e+02  1.00016e+00  5.84882e-05  9.03133e-05  1.00024e+00  9.99968e-01
1.52263e+02  1.00010e+00  3.76506e-05  5.40728e-05  1.00015e+00  9.99984e-01
1.52367e+02  1.00004e+00  1.64597e-05  1.73422e-05  1.00005e+00  9.99999e-01
1.52472e+02  9.99974e-01  -4.85145e-06  -1.94750e-05  9.99956e-01  1.00001e+00
1.52577e+02  9.99910e-01  -2.60493e-05  -5.59756e-05  9.99862e-01  1.00003e+00
1.52681e+02  9.99848e-01  -4.69026e-05  -9.17613e-05  9.99770e-01  1.00004e+00
1.52786e+02  9.99788e-01  -6.71843e-05  -1.26443e-04  9.99680e-01  1.00006e+00
1.52891e+02  9.99730e-01  -8.66746e-05  -1.59644e-04  9.99594e-01  1.00007e+00
1.52996e+02  9.99676e-01  -1.05163e-04  -1.91007e-04  9.99513e-01  1.00009e+00
1.53100e+02  9.99625e-01  -1.22451e-04  -2.20193e-04  9.99437e-01  1.00010e+00
1.53205e+02  9.99578e-01  -1.38353e-04  -2.46891e-04  9.99368e-01  1.00011e+00
1.53310e+02  9.99536e-01  -1.52700e-04  -2.70815e-04  9.99306e-01  1.00012e+00
1.53414e+02  9.99499e-01  -1.65340e-04  -2.91713e-04  9.99251e-01  1.00013e+00
1.53519e+02  9.99468e-01  -1.76140e-04  -3.09363e-04  9.99205e-01  1.00013e+00
1.53624e+02  9.99442e-01  -1.84987e-04  -3.23584e-04  9.99168e-01  1.00014e+00
1.53729e+02  9.99423e-01  -1.91790e-04  -3.34229e-04  9.99140e-01  1.00014e+00
1.53833e+02  9.99410e-01  -1.96480e-04  -3.41191e-04  9.99121e-01  1.00014e+00
1.53938e+02  9.99404e-01  -1.99013e-04  -3.44404e-04  9.99112e-01  1.00015e+00
1.54043e+02  9.99404e-01  -1.99365e-04  -3.43844e-04  9.99113e-01  1.00014e+00
1.54147e+02  9.99411e-01  -1.97540e-04  -3.39527e-04  9.99123e-01  1.00014e+00
1.54252e+02  9.99424e-01  -1.93561e-04  -3.31509e-04  9.99143e-01  1.00014e+00
1.54357e+02  9.99443e-01  -1.87478e-04  -3.19887e-04  9.99173e-01  1.00013e+00
1.54462e+02  9.99469e-01  -1.79362e-04  -3.04798e-04  9.99211e-01  1.00013e+00
1.54566e+02  9.99500e-01  -1.69306e-04  -2.86415e-04  9.99258e-01  1.00012e+00
1.54671e+02  9.99536e-01  -1.57424e-04  -2.64948e-04  9.99313e-01  1.00011e+00
1.54776e+02  9.99578e-01  -1.43850e-04  -2.40638e-04  9.99375e-01  1.00010e+00
1.54881e+02  9.99624e-01  -1.28737e-04  -2.13757e-04  9.99444e-01  1.00009e+00
1.54985e+02  9.99674e-01  -1.12252e-04  -1.84607e-04  9.99519e-01  1.00007e+00
1.55090e+02  9.99727e-01  -9.45780e-05  -1.53510e-04  9.99598e-01  1.00006e+00
1.55195e+02  9.99784e-01  -7.59112e-05  -1.20813e-04  9.99682e-01  1.00004e+00
1.55299e+02  9.99842e-01  -5.64575e-05  -8.68747e-05  9.99770e-01  1.00003e+00
1.55404e+02  9.99903e-01  -3.64313e-05  -5.20708e-05  9.99859e-01  1.00002e+00
1.55509e+02  9.99964e-01  -1.60528e-05  -1.67839e-05  9.99950e-01  1.00000e+00
1.55614e+02  1.00002e+00  4.45429e-06  1.85989e-05  1.00004e+00  9.99986e-01
1.55718e+02  1.00009e+00  2.48651e-05  5.36901e-05  1.00013e+00  9.99971e-01
1.55823e+02  1.00015e+00  4.49563e-05  8.81060e-05  1.00022e+00  9.99957e-01
1.55928e+02  1.00020e+00  6.45084e-05  1.21471e-04  1.00031e+00  9.99943e-01
1.56032e+02  1.00026e+00  8.33082e-05  1.53423e-04  1.00039e+00  9.99930e-01
1.56137e+02  1.00031e+00  1.01151e-04  1.83615e-04  1.00047e+00  9.99918e-01
1.56242e+02  1.00036e+00  1.17844e-04  2.11720e-04  1.00054e+00  9.99906e-01
1.56347e+02  1.00041e+00  1.33205e-04  2.37435e-04  1.00061e+00  9.99896e-01
1.56451e+02  1.00045e+00  1.47070e-04  2.60484e-04  1.00067e+00  9.99887e-01
1.56556e+02  1.00048e+00  1.59289e-04  2.80621e-04  1.00072e+00  9.99879e-01
1.56661e+02  1.00051e+00  1.69731e-04  2.97631e-04  1.00076e+00  9.99872e-01
1.56765e+02  1.00054e+00  1.78287e-04  3.11337e-04  1.00080e+00  9.99867e-01
1.56870e+02  1.00056e+00  1.84867e-04  3.21596e-04  1.00083e+00  9.99863e-01
1.56975e+02  1.00057e+00  1.89403e-04  3.28305e-04  1.00085e+00  9.99861e-01
1.57080e+02  1.00057e+00  1.91850e-04  3.31398e-04  1.00085e+00  9.99860e-01
1.57184e+02  1.00057e+00  1.92186e-04  3.30851e-04  1.00085e+00  9.99861e-01
1.57289e+02  1.00057e+00  1.90415e-04  3.26680e-04  1.00084e+00  9.99864e-01
1.57394e+02  1.00055e+00  1.86559e-04  3.18939e-04  1.00082e+00  9.99868e-01
1.57499e+02  1.00054e+00  1.80667e-04  3.07724e-04  1.00080e+00  9.99873e-01
1.57603e+02  1.00051e+00  1.72810e-04  2.93166e-04  1.00076e+00  9.99880e-01
1.57708e+02  1.00048e+00  1.63078e-04  2.75435e-04  1.00071e+00  9.99888e-01
1.57813e+02  1.00045e+00  1.51584e-04  2.54732e-04  1.00066e+00  9.99897e-01
1.57917e+02  1.00041e+00  1.38459e-04  2.31294e-04  1.00060e+00  9.99907e-01
1.58022e+02  1.00036e+00  1.23851e-04  2.05385e-04  1.00053e+00  9.99918e-01
1.58127e+02  1.00031e+00  1.07925e-04  1.77295e-04  1.00046e+00  9.99931e-01
1.58232e+02  1.00026e+00  9.08592e-05  1.47339e-04  1.00039e+00  9.99944e-01
1.58336e+02  1.00021e+00  7.28441e-05  1.15849e-04  1.00030e+00  9.99957e-01
1.58441e+02  1.00015e+00  5.40798e-05  8.31759e-05  1.00022e+00  9.99971e-01
1.58546e+02  1.00009e+00  3.47739e-05  4.96798e-05  1.00013e+00  9.99985e-01
1.58650e+02  1.00003e+00  1.51395e-05  1.57300e-05  1.00005e+00  9.99999e-01
1.58755e+02  9.99976e-01  -4.60780e-06  -1.83006e-05  9.99959e-01  1.00001e+00
1.58860e+02  9.99917e-01  -2.42515e-05  -5.20396e-05  9.99872e-01  1.00003e+00
1.58965e+02  9.99860e-01  -4.35772e-05  -8.51184e-05  9.99786e-01  1.00004e+00
1.59069e+02  9.99804e-01  -6.23745e-05  -1.17177e-04  9.99703e-01  1.00005e+00
1.59174e+02  9.99750e-01  -8.04395e-05  -1.47869e-04  9.99624e-01  1.00007e+00
1.59279e+02  9.99699e-01  -9.75772e-05  -1.76860e-04  9.99549e-01  1.00008e+00
1.59383e+02  9.99652e-01  -1.13603e-04  -2.03840e-04  9.99479e-01  1.00009e+00
1.59488e+02  9.99609e-01  -1.28345e-04  -2.28520e-04  9.99415e-01  1.00010e+00
1.59593e+02  9.99570e-01  -1.41646e-04  -2.50635e-04  9.99357e-01  1.00011e+00
1.59698e+02  9.99536e-01  -1.53365e-04  -2.69951e-04  9.99307e-01  1.00012e+00
1.59802e+02  9.99507e-01  -1.63378e-04  -2.86265e-04  9.99264e-01  1.00012e+00
1.59907e+02  9.99483e-01  -1.71581e-04  -2.99406e-04  9.99230e-01  1.00013e+00
1.60012e+02  9.99465e-01  -1.77889e-04  -3.09240e-04  9.99204e-01  1.00013e+00
1.60117e+02  9.99453e-01  -1.82238e-04  -3.15667e-04  9.99186e-01  1.00013e+00
1.60221e+02  9.99447e-01  -1.84585e-04  -3.18626e-04  9.99178e-01  1.00013e+00
1.60326e+02  9.99447e-01  -1.84911e-04  -3.18095e-04  9.99179e-01  1.00013e+00
1.60431e+02  9.99454e-01  -1.83215e-04  -3.14087e-04  9.99189e-01  1.00013e+00
1.60535e+02  9.99466e-01  -1.79523e-04  -3.06655e-04  9.99207e-01  1.00013e+00
1.60640e+02  9.99484e-01  -1.73877e-04  -2.95888e-04  9.99234e-01  1.00012e+00
1.60745e+02  9.99507e-01  -1.66346e-04  -2.81913e-04  9.99270e-01  1.00012e+00
1.60850e+02  9.99536e-01  -1.57014e-04  -2.64890e-04  9.99313e-01  1.00011e+00
1.60954e+02  9.99570e-01  -1.45988e-04  -2.45011e-04  9.99364e-01  1.00010e+00
1.61059e+02  9.99608e-01  -1.33392e-04  -2.22502e-04  9.99422e-01  1.00009e+00
1.61164e+02  9.99651e-01  -1.19367e-04  -1.97614e-04  9.99485e-01  1.00008e+00
1.61268e+02  9.99697e-01  -1.04068e-04  -1.70625e-04  9.99555e-01  1.00007e+00
1.61373e+02  9.99747e-01  -8.76658e-05  -1.41835e-04  9.99629e-01  1.00005e+00
1.61478e+02  9.99799e-01  -7.03415e-05  -1.11562e-04  9.99707e-01  1.00004e+00
1.61583e+02  9.99854e-01  -5.22865e-05  -8.01414e-05  9.99787e-01  1.00003e+00
1.61687e+02  9.99909e-01  -3.36996e-05  -4.79191e-05  9.99870e-01  1.00001e+00
1.61792e+02  9.99966e-01  -1.47852e-05  -1.52495e-05  9.99955e-01  1.00000e+00
1.61897e+02  1.00002e+00  4.24896e-06  1.75089e-05  1.00004e+00  9.99987e-01
1.62001e+02  1.00008e+00  2.31943e-05  4.99972e-05  1.00012e+00  9.99973e-01
1.62106e+02  1.00013e+00  4.18436e-05  8.18603e-05  1.00021e+00  9.99960e-01
1.62211e+02  1.00019e+00  5.99929e-05  1.12751e-04  1.00029e+00  9.99947e-01
1.62316e+02  1.00024e+00  7.74446e-05  1.42333e-04  1.00036e+00  9.99935e-01
1.62420e+02  1.00029e+00  9.40085e-05  1.70285e-04  1.00043e+00  9.99924e-01
1.62525e+02  1.00034e+00  1.09505e-04  1.96304e-04  1.00050e+00  9.99913e-01
1.62630e+02  1.00038e+00  1.23766e-04  2.20111e-04  1.00056e+00  9.99904e-01
1.62734e+02  1.00041e+00  1.36638e-04  2.41448e-04  1.00062e+00  9.99895e-01
1.62839e+02  1.00045e+00  1.47982e-04  2.60088e-04  1.00067e+00  9.99888e-01
1.62944e+02  1.00048e+00  1.57678e-04  2.75834e-04  1.00071e+00  9.99882e-01
1.63049e+02  1.00050e+00  1.65622e-04  2.88518e-04  1.00074e+00  9.99877e-01
1.63153e+02  1.00052e+00  1.71732e-04  2.98010e-04  1.00077e+00  9.99874e-01
1.63258e+02  1.00053e+00  1.75944e-04  3.04212e-04  1.00078e+00  9.99872e-01
1.63363e+02  1.00053e+00  1.78216e-04  3.07066e-04  1.00079e+00  9.99871e-01
1.63468e+02  1.00053e+00  1.78528e-04  3.06548e-04  1.00079e+00  9.99872e-01
1.63572e+02  1.00053e+00  1.76882e-04  3.02671e-04  1.00078e+00  9.99874e-01
1.63677e+02  1.00052e+00  1.73301e-04  2.95488e-04  1.00076e+00  9.99878e-01
1.63782e+02  1.00050e+00  1.67827e-04  2.85085e-04  1.00074e+00  9.99883e-01
1.63886e+02  1.00048e+00  1.60528e-04  2.71584e-04  1.00070e+00  9.99889e-01
1.63991e+02  1.00045e+00  1.51487e-04  2.55142e-04  1.00066e+00  9.99896e-01
1.64096e+02  1.00041e+00  1.40807e-04  2.35946e-04  1.00061e+00  9.99905e-01
1.64201e+02  1.00038e+00  1.28612e-04  2.14214e-04  1.00056e+00  9.99914e-01
1.64305e+02  1.00034e+00  1.15038e-04  1.90192e-04  1.00050e+00  9.99925e-01
1.64410e+02  1.00029e+00  1.00238e-04  1.64148e-04  1.00043e+00  9.99936e-01
1.64515e+02  1.00024e+00  8.43784e-05  1.36373e-04  1.00036e+00  9.99948e-01
1.64619e+02  1.00019e+00  6.76349e-05  1.07176e-04  1.00028e+00  9.99960e-01
1.64724e+02  1.00014e+00  5.01937e-05  7.68807e-05  1.00020e+00  9.99973e-01
1.64829e+02  1.00009e+00  3.22479e-05  4.58219e-05  1.00012e+00  9.99986e-01
1.64934e+02  1.00003e+00  1.39952e-05  1.43415e-05  1.00004e+00  1.00000e+00
1.65038e+02  9.99978e-01  -4.36365e-06  -1.72147e-05  9.99961e-01  1.00001e+00
1.65143e+02  9.99923e-01  -2.26276e-05  -4.85012e-05  9.99880e-01  1.00003e+00
1.65248e+02  9.99870e-01  -4.05972e-05  -7.91764e-05  9.99801e-01  1.00004e+00
1.65352e+02  9.99818e-01  -5.80768e-05  -1.08906e-04  9.99724e-01  1.00005e+00
1.65457e+02  9.99768e-01  -7.48767e-05  -1.37369e-04  9.99650e-01  1.00006e+00
1.65562e+02  9.99721e-01  -9.08154e-05  -1.64255e-04  9.99581e-01  1.00007e+00
1.65667e+02  9.99677e-01  -1.05721e-04  -1.89277e-04  9.99516e-01  1.00008e+00
1.65771e+02  9.99636e-01  -1.19434e-04  -2.12164e-04  9.99456e-01  1.00009e+00
1.65876e+02  9.99600e-01  -1.31807e-04  -2.32674e-04  9.99403e-01  1.00010e+00
1.65981e+02  9.99568e-01  -1.42709e-04  -2.50587e-04  9.99356e-01  1.00011e+00
1.66086e+02  9.99541e-01  -1.52025e-04  -2.65714e-04  9.99317e-01  1.00011e+00
1.66190e+02  9.99519e-01  -1.59657e-04  -2.77898e-04  9.99285e-01  1.00012e+00
1.66295e+02  9.99503e-01  -1.65526e-04  -2.87014e-04  9.99260e-01  1.00012e+00
1.66400e+02  9.99491e-01  -1.69573e-04  -2.92968e-04  9.99244e-01  1.00012e+00
1.66504e+02  9.99486e-01  -1.71758e-04  -2.95704e-04  9.99237e-01  1.00012e+00
1.66609e+02  9.99486e-01  -1.72061e-04  -2.95201e-04  9.99238e-01  1.00012e+00
1.66714e+02  9.99491e-01  -1.70484e-04  -2.91471e-04  9.99247e-01  1.00012e+00
1.66819e+02  9.99503e-01  -1.67048e-04  -2.84562e-04  9.99264e-01  1.00012e+00
1.66923e+02  9.99519e-01  -1.61794e-04  -2.74559e-04  9.99289e-01  1.00011e+00
1.67028e+02  9.99541e-01  -1.54784e-04  -2.61577e-04  9.99322e-01  1.00011e+00
1.67133e+02  9.99568e-01  -1.46098e-04  -2.45765e-04  9.99362e-01  1.00010e+00
1.67237e+02  9.99599e-01  -1.35835e-04  -2.27303e-04  9.99410e-01  1.00009e+00
1.67342e+02  9.99635e-01  -1.24110e-04  -2.06398e-04  9.99463e-01  1.00008e+00
1.67447e+02  9.99675e-01  -1.11054e-04  -1.83285e-04  9.99522e-01  1.00007e+00
1.67552e+02  9.99718e-01  -9.68115e-05  -1.58220e-04  9.99587e-01  1.00006e+00
1.67656e+02  9.99764e-01  -8.15414e-05  -1.31483e-04  9.99655e-01  1.00005e+00
1.67761e+02  9.99813e-01  -6.54123e-05  -1.03369e-04  9.99728e-01  1.00004e+00
1.67866e+02  9.99863e-01  -4.86022e-05  -7.41896e-05  9.99803e-01  1.00003e+00
1.67970e+02  9.99915e-01  -3.12964e-05  -4.42652e-05  9.99880e-01  1.00001e+00
1.68075e+02  9.99968e-01  -1.36849e-05  -1.39254e-05  9.99958e-01  1.00000e+00
1.68180e+02  1.00002e+00  4.03866e-06  1.64971e-05  1.00004e+00  9.99988e-01
1.68285e+02  1.00007e+00  2.16802e-05  4.66689e-05  1.00012e+00  9.99975e-01
1.68389e+02  1.00013e+00  3.90467e-05  7.62603e-05  1.00019e+00  9.99963e-01
1.68494e+02  1.00018e+00  5.59483e-05  1.04949e-04  1.00027e+00  9.99951e-01
1.68599e+02  1.00022e+00  7.22009e-05  1.32421e-04  1.00034e+00  9.99940e-01
1.68704e+02  1.00027e+00  8.76273e-05  1.58380e-04  1.00040e+00  9.99929e-01
1.68808e+02  1.00031e+00  1.02060e-04  1.82545e-04  1.00047e+00  9.99920e-01
1.68913e+02  1.00035e+00  1.15343e-04  2.04654e-04  1.00052e+00  9.99911e-01
1.69018e+02  1.00039e+00  1.27333e-04  2.24469e-04  1.00058e+00  9.99903e-01
1.69122e+02  1.00042e+00  1.37901e-04  2.41779e-04  1.00062e+00  9.99896e-01
1.69227e+02  1.00044e+00  1.46933e-04  2.56399e-04  1.00066e+00  9.99891e-01
1.69332e+02  1.00046e+00  1.54334e-04  2.68176e-04  1.00069e+00  9.99886e-01
1.69437e+02  1.00048e+00  1.60027e-04  2.76987e-04  1.00071e+00  9.99883e-01
1.69541e+02  1.00049e+00  1.63952e-04  2.82741e-04  1.00073e+00  9.99881e-01
1.69646e+02  1.00050e+00  1.66070e-04  2.85384e-04  1.00074e+00  9.99881e-01
1.69751e+02  1.00050e+00  1.66363e-04  2.84893e-04  1.00074e+00  9.99881e-01
1.69855e+02  1.00049e+00  1.64830e-04  2.81282e-04  1.00073e+00  9.99884e-01
1.69960e+02  1.00048e+00  1.61494e-04  2.74597e-04  1.00071e+00  9.99887e-01
1.70065e+02  1.00046e+00  1.56396e-04  2.64920e-04  1.00069e+00  9.99891e-01
1.70170e+02  1.00044e+00  1.49595e-04  2.52364e-04  1.00065e+00  9.99897e-01
1.70274e+02  1.00042e+00  1.41170e-04  2.37073e-04  1.00062e+00  9.99904e-01
1.70379e+02  1.00039e+00  1.31218e-04  2.19222e-04  1.00057e+00  9.99912e-01
1.70484e+02  1.00035e+00  1.19853e-04  1.99013e-04  1.00052e+00  9.99921e-01
1.70588e+02  1.00031e+00  1.07201e-04  1.76674e-04  1.00046e+00  9.99931e-01
1.70693e+02  1.00027e+00  9.34059e-05  1.52455e-04  1.00040e+00  9.99941e-01
1.70798e+02  1.00023e+00  7.86213e-05  1.26626e-04  1.00033e+00  9.99952e-01
1.70903e+02  1.00018e+00  6.30119e-05  9.94746e-05  1.00026e+00  9.99964e-01
1.71007e+02  1.00013e+00  4.67508e-05  7.13007e-05  1.00019e+00  9.99975e-01
1.71112e+02  1.00008e+00  3.00178e-05  4.24160e-05  1.00011e+00  9.99988e-01
1.71217e+02  1.00003e+00  1.29974e-05  1.31384e-05  1.00004e+00  1.00000e+00
1.71322e+02  9.99979e-01  -4.12333e-06  -1.62106e-05  9.99963e-01  1.00001e+00
1.71426e+02  9.99929e-01  -2.11569e-05  -4.53095e-05  9.99888e-01  1.00002e+00
1.71531e+02  9.99879e-01  -3.79173e-05  -7.38407e-05  9.99814e-01  1.00004e+00
1.71636e+02  9.99830e-01  -5.42219e-05  -1.01494e-04  9.99743e-01  1.00005e+00
1.71740e+02  9.99784e-01  -6.98938e-05  -1.27968e-04  9.99674e-01  1.00006e+00
1.71845e+02  9.99740e-01  -8.47635e-05  -1.52977e-04  9.99609e-01  1.00007e+00
1.71950e+02  9.99699e-01  -9.86704e-05  -1.76252e-04  9.99549e-01  1.00008e+00
1.72055e+02  9.99661e-01  -1.11465e-04  -1.97542e-04  9.99493e-01  1.00009e+00
1.72159e+02  9.99627e-01  -1.23011e-04  -2.16619e-04  9.99444e-01  1.00009e+00
1.72264e+02  9.99597e-01  -1.33186e-04  -2.33281e-04  9.99400e-01  1.00010e+00
1.72369e+02  9.99572e-01  -1.41881e-04  -2.47352e-04  9.99363e-01  1.00011e+00
1.72473e+02  9.99551e-01  -1.49005e-04  -2.58683e-04  9.99334e-01  1.00011e+00
1.72578e+02  9.99536e-01  -1.54484e-04  -2.67159e-04  9.99311e-01  1.00011e+00
1.72683e+02  9.99525e-01  -1.58263e-04  -2.72694e-04  9.99296e-01  1.00011e+00
1.72788e+02  9.99520e-01  -1.60304e-04  -2.75233e-04  9.99289e-01  1.00011e+00
1.72892e+02  9.99520e-01  -1.60589e-04  -2.74756e-04  9.99290e-01  1.00011e+00
1.72997e+02  9.99525e-01  -1.59119e-04  -2.71276e-04  9.99298e-01  1.00011e+00
1.73102e+02  9.99536e-01  -1.55913e-04  -2.64838e-04  9.99314e-01  1.00011e+00
1.73206e+02  9.99551e-01  -1.51010e-04  -2.55518e-04  9.99338e-01  1.00010e+00
1.73311e+02  9.99572e-01  -1.44468e-04  -2.43426e-04  9.99369e-01  1.00010e+00
1.73416e+02  9.99597e-01  -1.36361e-04  -2.28698e-04  9.99406e-01  1.00009e+00
1.73521e+02  9.99626e-01  -1.26780e-04  -2.11503e-04  9.99450e-01  1.00008e+00
1.73625e+02  9.99659e-01  -1.15834e-04  -1.92033e-04  9.99500e-01  1.00008e+00
1.73730e+02  9.99696e-01  -1.03645e-04  -1.70507e-04  9.99555e-01  1.00007e+00
1.73835e+02  9.99737e-01  -9.03474e-05  -1.47164e-04  9.99615e-01  1.00006e+00
1.73940e+02  9.99780e-01  -7.60896e-05  -1.22263e-04  9.99679e-01  1.00005e+00
1.74044e+02  9.99825e-01  -6.10291e-05  -9.60794e-05  9.99747e-01  1.00004e+00
1.74149e+02  9.99872e-01  -4.53319e-05  -6.89031e-05  9.99817e-01  1.00002e+00
1.74254e+02  9.99921e-01  -2.91711e-05  -4.10331e-05  9.99889e-01  1.00001e+00
1.74358e+02  9.99970e-01  -1.27242e-05  -1.27759e-05  9.99962e-01  1.00000e+00
1.74463e+02  1.00002e+00  3.82829e-06  1.55584e-05  1.00003e+00  9.99988e-01
1.74568e+02  1.00007e+00  2.03049e-05  4.36597e-05  1.00011e+00  9.99977e-01
1.74673e+02  1.00012e+00  3.65252e-05  7.12206e-05  1.00018e+00  9.99965e-01
1.74777e+02  1.00016e+00  5.23122e-05  9.79406e-05  1.00025e+00  9.99954e-01
1.74882e+02  1.00021e+00  6.74937e-05  1.23529e-04  1.00031e+00  9.99944e-01
1.74987e+02  1.00025e+00  8.19042e-05  1.47707e-04  1.00038e+00  9.99934e-01
1.75091e+02  1.00029e+00  9.53875e-05  1.70214e-04  1.00044e+00  9.99925e-01
1.75196e+02  1.00033e+00  1.07797e-04  1.90806e-04  1.00049e+00  9.99917e-01
1.75301e+02  1.00036e+00  1.18999e-04  2.09262e-04  1.00054e+00  9.99910e-01
1.75406e+02  1.00039e+00  1.28874e-04  2.25383e-04  1.00058e+00  9.99903e-01
1.75510e+02  1.00041e+00  1.37314e-04  2.39000e-04  1.00062e+00  9.99898e-01
1.75615e+02  1.00043e+00  1.44232e-04  2.49967e-04  1.00064e+00  9.99894e-01
1.75720e+02  1.00045e+00  1.49553e-04  2.58170e-04  1.00067e+00  9.99891e-01
1.75824e+02  1.00046e+00  1.53223e-04  2.63526e-04  1.00068e+00  9.99890e-01
1.75929e+02  1.00046e+00  1.55205e-04  2.65982e-04  1.00069e+00  9.99889e-01
1.76034e+02  1.00046e+00  1.55481e-04  2.65518e-04  1.00069e+00  9.99890e-01
1.76139e+02  1.00046e+00  1.54052e-04  2.62146e-04  1.00068e+00  9.99892e-01
1.76243e+02  1.00045e+00  1.50937e-04  2.55909e-04  1.00066e+00  9.99895e-01
1.76348e+02  1.00043e+00  1.46174e-04  2.46883e-04  1.00064e+00  9.99899e-01
1.76453e+02  1.00041e+00  1.39820e-04  2.35173e-04  1.00061e+00  9.99905e-01
1.76558e+02  1.00039e+00  1.31949e-04  2.20915e-04  1.00057e+00  9.99911e-01
1.76662e+02  1.00036e+00  1.22649e-04  2.04269e-04  1.00053e+00  9.99918e-01
1.76767e+02  1.00033e+00  1.12026e-04  1.85425e-04  1.00048e+00  9.99927e-01
1.76872e+02  1.00029e+00  1.00201e-04  1.64595e-04  1.00043e+00  9.99936e-01
1.76976e+02  1.00025e+00  8.73058e-05  1.42011e-04  1.00037e+00  9.99945e-01
1.77081e+02  1.00021e+00  7.34844e-05  1.17925e-04  1.00031e+00  9.99956e-01
1.77186e+02  1.00017e+00  5.88906e-05  9.26053e-05  1.00024e+00  9.99966e-01
1.77291e+02  1.00012e+00  4.36862e-05  6.63318e-05  1.00018e+00  9.99977e-01
1.77395e+02  1.00008e+00  2.80394e-05  3.93944e-05  1.00011e+00  9.99989e-01
1.77500e+02  1.00003e+00  1.21225e-05  1.20899e-05  1.00004e+00  1.00000e+00
1.77605e+02  9.99981e-01  -3.88965e-06  -1.52820e-05  9.99966e-01  1.00001e+00
1.77709e+02  9.99933e-01  -1.98216e-05  -4.24215e-05  9.99895e-01  1.00002e+00
1.77814e+02  9.99887e-01  -3.54992e-05  -6.90324e-05  9.99826e-01  1.00003e+00
1.77919e+02  9.99841e-01  -5.07518e-05  -9.48247e-05  9.99760e-01  1.00004e+00
1.78024e+02  9.99798e-01  -6.54138e-05  -1.19518e-04  9.99696e-01  1.00005e+00
1.78128e+02  9.99757e-01  -7.93263e-05  -1.42846e-04  9.99635e-01  1.00006e+00
1.78233e+02  9.99718e-01  -9.23394e-05  -1.64556e-04  9.99579e-01  1.00007e+00
1.78338e+02  9.99683e-01  -1.04313e-04  -1.84416e-04  9.99527e-01  1.00008e+00
1.78442e+02  9.99651e-01  -1.15119e-04  -2.02211e-04  9.99480e-01  1.00009e+00
1.78547e+02  9.99623e-01  -1.24642e-04  -2.17753e-04  9.99440e-01  1.00009e+00
1.78652e+02  9.99600e-01  -1.32781e-04  -2.30878e-04  9.99405e-01  1.00010e+00
1.78757e+02  9.99580e-01  -1.39451e-04  -2.41447e-04  9.99378e-01  1.00010e+00
1.78861e+02  9.99566e-01  -1.44582e-04  -2.49352e-04  9.99357e-01  1.00010e+00
1.78966e+02  9.99556e-01  -1.48122e-04  -2.54511e-04  9.99343e-01  1.00011e+00
1.79071e+02  9.99551e-01  -1.50036e-04  -2.56875e-04  9.99336e-01  1.00011e+00
1.79176e+02  9.99551e-01  -1.50306e-04  -2.56425e-04  9.99337e-01  1.00011e+00
1.79280e+02  9.99556e-01  -1.48932e-04  -2.53171e-04  9.99345e-01  1.00010e+00
1.79385e+02  9.99565e-01  -1.45934e-04  -2.47156e-04  9.99360e-01  1.00010e+00
1.79490e+02  9.99580e-01  -1.41348e-04  -2.38452e-04  9.99382e-01  1.00010e+00
1.79594e+02  9.99599e-01  -1.35226e-04  -2.27158e-04  9.99410e-01  1.00009e+00
1.79699e+02  9.99622e-01  -1.27638e-04  -2.13405e-04  9.99446e-01  1.00009e+00
1.79804e+02  9.99650e-01  -1.18671e-04  -1.97348e-04  9.99487e-01  1.00008e+00
1.79909e+02  9.99681e-01  -1.08425e-04  -1.79167e-04  9.99533e-01  1.00007e+00
1.80013e+02  9.99716e-01  -9.70140e-05  -1.59066e-04  9.99585e-01  1.00006e+00
1.80118e+02  9.99753e-01  -8.45649e-05  -1.37268e-04  9.99641e-01  1.00005e+00
1.80223e+02  9.99793e-01  -7.12158e-05  -1.14015e-04  9.99701e-01  1.00004e+00
1.80327e+02  9.99836e-01  -5.71143e-05  -8.95645e-05  9.99764e-01  1.00003e+00
1.80432e+02  9.99880e-01  -4.24160e-05  -6.41866e-05  9.99829e-01  1.00002e+00
1.80537e+02  9.99926e-01  -2.72826e-05  -3.81606e-05  9.99896e-01  1.00001e+00
1.80642e+02  9.99972e-01  -1.18805e-05  -1.17726e-05  9.99965e-01  1.00000e+00
1.80746e+02  1.00002e+00  3.62120e-06  1.46878e-05  1.00003e+00  9.99989e-01
1.80851e+02  1.00006e+00  1.90526e-05  4.09308e-05  1.00010e+00  9.99978e-01
1.80956e+02  1.00011e+00  3.42450e-05  6.66697e-05  1.00017e+00  9.99968e-01
1.81060e+02  1.00015e+00  4.90322e-05  9.16234e-05  1.00023e+00  9.99957e-01
1.81165e+02  1.00020e+00  6.32530e-05  1.15520e-04  1.00029e+00  9.99948e-01
1.81270e+02  1.00024e+00  7.67526e-05  1.38101e-04  1.00035e+00  9.99939e-01
1.81375e+02  1.00027e+00  8.93843e-05  1.59121e-04  1.00041e+00  9.99930e-01
1.81479e+02  1.00031e+00  1.01011e-04  1.78352e-04  1.00046e+00  9.99923e-01
1.81584e+02  1.00034e+00  1.11508e-04  1.95589e-04  1.00050e+00  9.99916e-01
1.81689e+02  1.00036e+00  1.20761e-04  2.10645e-04  1.00054e+00  9.99910e-01
1.81793e+02  1.00039e+00  1.28671e-04  2.23361e-04  1.00058e+00  9.99905e-01
1.81898e+02  1.00041e+00  1.35155e-04  2.33602e-04  1.00060e+00  9.99902e-01
1.82003e+02  1.00042e+00  1.40144e-04  2.41262e-04  1.00062e+00  9.99899e-01
1.82108e+02  1.00043e+00  1.43586e-04  2.46261e-04  1.00064e+00  9.99897e-01
1.82212e+02  1.00044e+00  1.45447e-04  2.48551e-04  1.00064e+00  9.99897e-01
1.82317e+02  1.00044e+00  1.45709e-04  2.48113e-04  1.00064e+00  9.99898e-01
1.82422e+02  1.00043e+00  1.44374e-04  2.44958e-04  1.00063e+00  9.99899e-01
1.82527e+02  1.00042e+00  1.41458e-04  2.39125e-04  1.00062e+00  9.99902e-01
1.82631e+02  1.00041e+00  1.36999e-04  2.30686e-04  1.00060e+00  9.99906e-01
1.82736e+02  1.00039e+00  1.31048e-04  2.19738e-04  1.00057e+00  9.99911e-01
1.82841e+02  1.00037e+00  1.23673e-04  2.06408e-04  1.00054e+00  9.99917e-01
1.82945e+02  1.00034e+00  1.14960e-04  1.90847e-04  1.00050e+00  9.99924e-01
1.83050e+02  1.00031e+00  1.05006e-04  1.73230e-04  1.00045e+00  9.99932e-01
1.83155e+02  1.00028e+00  9.39237e-05  1.53757e-04  1.00040e+00  9.99940e-01
1.83260e+02  1.00024e+00  8.18374e-05  1.32643e-04  1.00035e+00  9.99949e-01
1.83364e+02  1.00020e+00  6.88819e-05  1.10125e-04  1.00029e+00  9.99959e-01
1.83469e+02  1.00016e+00  5.52011e-05  8.64529e-05  1.00023e+00  9.99969e-01
1.83574e+02  1.00012e+00  4.09467e-05  6.18880e-05  1.00016e+00  9.99979e-01
1.83678e+02  1.00007e+00  2.62762e-05  3.67018e-05  1.00010e+00  9.99990e-01
1.83783e+02  1.00003e+00  1.13512e-05  1.11715e-05  1.00003e+00  1.00000e+00
1.83888e+02  9.99982e-01  -3.66440e-06  -1.44226e-05  9.99967e-01  1.00001e+00
1.83993e+02  9.99938e-01  -1.86061e-05  -3.98004e-05  9.99902e-01  1.00002e+00
1.84097e+02  9.99894e-01  -3.33105e-05  -6.46845e-05  9.99837e-01  1.00003e+00
1.84202e+02  9.99852e-01  -4.76176e-05  -8.88041e-05  9.99775e-01  1.00004e+00
1.84307e+02  9.99811e-01  -6.13718e-05  -1.11897e-04  9.99715e-01  1.00005e+00
1.84411e+02  9.99772e-01  -7.44243e-05  -1.33713e-04  9.99658e-01  1.00006e+00
1.84516e+02  9.99736e-01  -8.66339e-05  -1.54017e-04  9.99605e-01  1.00007e+00
1.84621e+02  9.99703e-01  -9.78694e-05  -1.72590e-04  9.99557e-01  1.00007e+00
1.84726e+02  9.99673e-01  -1.08010e-04  -1.89233e-04  9.99514e-01  1.00008e+00
1.84830e+02  9.99647e-01  -1.16948e-04  -2.03769e-04  9.99476e-01  1.00009e+00
1.84935e+02  9.99624e-01  -1.24589e-04  -2.16044e-04  9.99443e-01  1.00009e+00
1.85040e+02  9.99606e-01  -1.30851e-04  -2.25928e-04  9.99417e-01  1.00010e+00
1.85145e+02  9.99593e-01  -1.35670e-04  -2.33319e-04  9.99398e-01  1.00010e+00
1.85249e+02  9.99583e-01  -1.38996e-04  -2.38143e-04  9.99385e-01  1.00010e+00
1.85354e+02  9.99579e-01  -1.40796e-04  -2.40351e-04  9.99379e-01  1.00010e+00
1.85459e+02  9.99579e-01  -1.41053e-04  -2.39926e-04  9.99379e-01  1.00010e+00
1.85563e+02  9.99583e-01  -1.39768e-04  -2.36878e-04  9.99386e-01  1.00010e+00
1.85668e+02  9.99592e-01  -1.36958e-04  -2.31245e-04  9.99401e-01  1.00009e+00
1.85773e+02  9.99606e-01  -1.32657e-04  -2.23095e-04  9.99421e-01  1.00009e+00
1.85878e+02  9.99623e-01  -1.26915e-04  -2.12523e-04  9.99448e-01  1.00009e+00
1.85982e+02  9.99645e-01  -1.19796e-04  -1.99648e-04  9.99481e-01  1.00008e+00
1.86087e+02  9.99671e-01  -1.11382e-04  -1.84617e-04  9.99519e-01  1.00007e+00
1.86192e+02  9.99700e-01  -1.01766e-04  -1.67598e-04  9.99563e-01  1.00007e+00
1.86296e+02  9.99733e-01  -9.10565e-05  -1.48781e-04  9.99611e-01  1.00006e+00
1.86401e+02  9.99768e-01  -7.93718e-05  -1.28375e-04  9.99664e-01  1.00005e+00
1.86506e+02  9.99806e-01  -6.68414e-05  -1.06608e-04  9.99720e-01  1.00004e+00
1.86611e+02  9.99846e-01  -5.36038e-05  -8.37189e-05  9.99779e-01  1.00003e+00
1.86715e+02  9.99887e-01  -3.98051e-05  -5.99612e-05  9.99840e-01  1.00002e+00
1.86820e+02  9.99930e-01  -2.55971e-05  -3.55964e-05  9.99903e-01  1.00001e+00
1.86925e+02  9.99973e-01  -1.11359e-05  -1.08923e-05  9.99967e-01  1.00000e+00
1.87029e+02  1.00002e+00  3.41958e-06  1.38800e-05  1.00003e+00  9.99990e-01
1.87134e+02  1.00006e+00  1.79100e-05  3.84492e-05  1.00009e+00  9.99979e-01
1.87239e+02  1.00010e+00  3.21767e-05  6.25468e-05  1.00016e+00  9.99970e-01
1.87344e+02  1.00014e+00  4.60639e-05  8.59098e-05  1.00022e+00  9.99960e-01
1.87448e+02  1.00018e+00  5.94199e-05  1.08284e-04  1.00028e+00  9.99951e-01
1.87553e+02  1.00022e+00  7.20995e-05  1.29426e-04  1.00033e+00  9.99943e-01
1.87658e+02  1.00026e+00  8.39648e-05  1.49106e-04  1.00038e+00  9.99935e-01
1.87763e+02  1.00029e+00  9.48872e-05  1.67113e-04  1.00043e+00  9.99928e-01
1.87867e+02  1.00032e+00  1.04749e-04  1.83251e-04  1.00047e+00  9.99921e-01
1.87972e+02  1.00034e+00  1.13443e-04  1.97348e-04  1.00051e+00  9.99916e-01
1.88077e+02  1.00036e+00  1.20877e-04  2.09254e-04  1.00054e+00  9.99912e-01
1.88181e+02  1.00038e+00  1.26971e-04  2.18843e-04  1.00056e+00  9.99908e-01
1.88286e+02  1.00040e+00  1.31661e-04  2.26014e-04  1.00058e+00  9.99906e-01
1.88391e+02  1.00040e+00  1.34899e-04  2.30693e-04  1.00060e+00  9.99904e-01
1.88496e+02  1.00041e+00  1.36651e-04  2.32835e-04  1.00060e+00  9.99904e-01
1.88600e+02  1.00041e+00  1.36902e-04  2.32421e-04  1.00060e+00  9.99904e-01
1.88705e+02  1.00040e+00  1.35652e-04  2.29462e-04  1.00059e+00  9.99906e-01
1.88810e+02  1.00040e+00  1.32918e-04  2.23995e-04  1.00058e+00  9.99909e-01
1.88914e+02  1.00038e+00  1.28733e-04  2.16087e-04  1.00056e+00  9.99913e-01
1.89019e+02  1.00037e+00  1.23145e-04  2.05827e-04  1.00053e+00  9.99917e-01
1.89124e+02  1.00034e+00  1.16220e-04  1.93336e-04  1.00050e+00  9.99923e-01
1.89229e+02  1.00032e+00  1.08035e-04  1.78754e-04  1.00047e+00  9.99929e-01
1.89333e+02  1.00029e+00  9.86848e-05  1.62245e-04  1.00042e+00  9.99936e-01
1.89438e+02  1.00026e+00  8.82731e-05  1.43996e-04  1.00038e+00  9.99944e-01
1.89543e+02  1.00022e+00  7.69168e-05  1.24210e-04  1.00033e+00  9.99953e-01
1.89647e+02  1.00019e+00  6.47425e-05  1.03107e-04  1.00027e+00  9.99962e-01
1.89752e+02  1.00015e+00  5.18854e-05  8.09210e-05  1.00021e+00  9.99971e-01
1.89857e+02  1.00011e+00  3.84880e-05  5.78982e-05  1.00015e+00  9.99981e-01
1.89962e+02  1.00007e+00  2.46983e-05  3.42923e-05  1.00009e+00  9.99990e-01
1.90066e+02  1.00003e+00  1.06680e-05  1.03631e-05  1.00003e+00  1.00000e+00
1.90171e+02  9.99984e-01  -3.44864e-06  -1.36269e-05  9.99969e-01  1.00001e+00
1.90276e+02  9.99942e-01  -1.74970e-05  -3.74147e-05  9.99908e-01  1.00002e+00
1.90381e+02  9.99901e-01  -3.13237e-05  -6.07408e-05  9.99847e-01  1.00003e+00
1.90485e+02  9.99861e-01  -4.47778e-05  -8.33508e-05  9.99789e-01  1.00004e+00
1.90590e+02  9.99822e-01  -5.77134e-05  -1.04999e-04  9.99732e-01  1.00005e+00
1.90695e+02  9.99786e-01  -6.99900e-05  -1.25451e-04  9.99679e-01  1.00006e+00
1.90799e+02  9.99752e-01  -8.14751e-05  -1.44486e-04  9.99630e-01  1.00006e+00
1.90904e+02  9.99721e-01  -9.20451e-05  -1.61899e-04  9.99584e-01  1.00007e+00
1.91009e+02  9.99693e-01  -1.01586e-04  -1.77502e-04  9.99543e-01  1.00008e+00
1.91114e+02  9.99668e-01  -1.09997e-04  -1.91131e-04  9.99508e-01  1.00008e+00
1.91218e+02  9.99647e-01  -1.17188e-04  -2.02639e-04  9.99478e-01  1.00009e+00
1.91323e+02  9.99630e-01  -1.23083e-04  -2.11906e-04  9.99453e-01  1.00009e+00
1.91428e+02  9.99617e-01  -1.27621e-04  -2.18835e-04  9.99435e-01  1.00009e+00
1.91532e+02  9.99608e-01  -1.30754e-04  -2.23356e-04  9.99423e-01  1.00009e+00
1.91637e+02  9.99604e-01  -1.32452e-04  -2.25425e-04  9.99417e-01  1.00009e+00
1.91742e+02  9.99603e-01  -1.32699e-04  -2.25024e-04  9.99417e-01  1.00009e+00
1.91847e+02  9.99608e-01  -1.31495e-04  -2.22162e-04  9.99424e-01  1.00009e+00
1.91951e+02  9.99616e-01  -1.28856e-04  -2.16876e-04  9.99437e-01  1.00009e+00
1.92056e+02  9.99629e-01  -1.24813e-04  -2.09229e-04  9.99457e-01  1.00008e+00
1.92161e+02  9.99646e-01  -1.19414e-04  -1.99310e-04  9.99482e-01  1.00008e+00
1.92265e+02  9.99666e-01  -1.12719e-04  -1.87230e-04  9.99513e-01  1.00007e+00
1.92370e+02  9.99690e-01  -1.04805e-04  -1.73127e-04  9.99549e-01  1.00007e+00
1.92475e+02  9.99718e-01  -9.57602e-05  -1.57158e-04  9.99590e-01  1.00006e+00
1.92580e+02  9.99748e-01  -8.56848e-05  -1.39502e-04  9.99635e-01  1.00005e+00
1.92684e+02  9.99782e-01  -7.46910e-05  -1.20356e-04  9.99685e-01  1.00005e+00
1.92789e+02  9.99817e-01  -6.29007e-05  -9.99313e-05  9.99737e-01  1.00004e+00
1.92894e+02  9.99855e-01  -5.04440e-05  -7.84540e-05  9.99793e-01  1.00003e+00
1.92999e+02  9.99894e-01  -3.74583e-05  -5.61611e-05  9.99850e-01  1.00002e+00
1.93103e+02  9.99934e-01  -2.40865e-05  -3.32981e-05  9.99909e-01  1.00001e+00
1.93208e+02  9.99974e-01  -1.04757e-05  -1.01163e-05  9.99969e-01  1.00000e+00
1.93313e+02  1.00002e+00  3.22487e-06  1.31301e-05  1.00003e+00  9.99990e-01
1.93417e+02  1.00006e+00  1.68650e-05  3.61863e-05  1.00009e+00  9.99981e-01
1.93522e+02  1.00010e+00  3.02955e-05  5.88005e-05  1.00015e+00  9.99971e-01
1.93627e+02  1.00014e+00  4.33696e-05  8.07257e-05  1.00020e+00  9.99963e-01
1.93732e+02  1.00017e+00  5.59445e-05  1.01723e-04  1.00026e+00  9.99954e-01
1.93836e+02  1.00021e+00  6.78835e-05  1.21565e-04  1.00031e+00  9.99946e-01
1.93941e+02  1.00024e+00  7.90567e-05  1.40035e-04  1.00036e+00  9.99939e-01
1.94046e+02  1.00027e+00  8.93429e-05  1.56935e-04  1.00040e+00  9.99932e-01
1.94150e+02  1.00030e+00  9.86309e-05  1.72081e-04  1.00044e+00  9.99927e-01
1.94255e+02  1.00032e+00  1.06821e-04  1.85313e-04  1.00048e+00  9.99922e-01
1.94360e+02  1.00034e+00  1.13824e-04  1.96487e-04  1.00051e+00  9.99917e-01
1.94465e+02  1.00036e+00  1.19567e-04  2.05486e-04  1.00053e+00  9.99914e-01
1.94569e+02  1.00037e+00  1.23988e-04  2.12216e-04  1.00055e+00  9.99912e-01
1.94674e+02  1.00038e+00  1.27042e-04  2.16607e-04  1.00056e+00  9.99910e-01
1.94779e+02  1.00038e+00  1.28697e-04  2.18616e-04  1.00057e+00  9.99910e-01
1.94883e+02  1.00039e+00  1.28939e-04  2.18226e-04  1.00057e+00  9.99911e-01
1.94988e+02  1.00038e+00  1.27767e-04  2.15445e-04  1.00056e+00  9.99912e-01
1.95093e+02  1.00037e+00  1.25197e-04  2.10311e-04  1.00055e+00  9.99915e-01
1.95198e+02  1.00036e+00  1.21260e-04  2.02883e-04  1.00053e+00  9.99918e-01
1.95302e+02  1.00034e+00  1.16002e-04  1.93248e-04  1.00050e+00  9.99923e-01
1.95407e+02  1.00032e+00  1.09483e-04  1.81516e-04  1.00047e+00  9.99928e-01
1.95512e+02  1.00030e+00  1.01778e-04  1.67820e-04  1.00044e+00  9.99934e-01
1.95617e+02  1.00027e+00  9.29739e-05  1.52315e-04  1.00040e+00  9.99941e-01
1.95721e+02  1.00024e+00  8.31692e-05  1.35175e-04  1.00035e+00  9.99948e-01
1.95826e+02  1.00021e+00  7.24736e-05  1.16591e-04  1.00031e+00  9.99956e-01
1.95931e+02  1.00018e+00  6.10065e-05  9.67688e-05  1.00025e+00  9.99964e-01
1.96035e+02  1.00014e+00  4.88950e-05  7.59293e-05  1.00020e+00  9.99973e-01
1.96140e+02  1.00010e+00  3.62732e-05  5.43028e-05  1.00014e+00  9.99982e-01
1.96245e+02  1.00006e+00  2.32806e-05  3.21278e-05  1.00009e+00  9.99991e-01
1.96350e+02  1.00002e+00  1.00602e-05  9.64817e-06  1.00003e+00  1.00000e+00
1.96454e+02  9.99985e-01  -3.24289e-06  -1.28892e-05  9.99971e-01  1.00001e+00
1.96559e+02  9.99945e-01  -1.64829e-05  -3.52376e-05  9.99913e-01  1.00002e+00
1.96664e+02  9.99907e-01  -2.95150e-05  -5.71529e-05  9.99856e-01  1.00003e+00
1.96768e+02  9.99869e-01  -4.21973e-05  -7.83962e-05  9.99801e-01  1.00004e+00
1.96873e+02  9.99833e-01  -5.43919e-05  -9.87367e-05  9.99748e-01  1.00004e+00
1.96978e+02  9.99798e-01  -6.59665e-05  -1.17954e-04  9.99698e-01  1.00005e+00
1.97083e+02  9.99766e-01  -7.67961e-05  -1.35840e-04  9.99652e-01  1.00006e+00
1.97187e+02  9.99737e-01  -8.67638e-05  -1.52202e-04  9.99609e-01  1.00007e+00
1.97292e+02  9.99710e-01  -9.57626e-05  -1.66865e-04  9.99571e-01  1.00007e+00
1.97397e+02  9.99687e-01  -1.03696e-04  -1.79672e-04  9.99537e-01  1.00008e+00
1.97501e+02  9.99667e-01  -1.10481e-04  -1.90486e-04  9.99509e-01  1.00008e+00
1.97606e+02  9.99651e-01  -1.16044e-04  -1.99195e-04  9.99486e-01  1.00008e+00
1.97711e+02  9.99639e-01  -1.20327e-04  -2.05707e-04  9.99468e-01  1.00009e+00
1.97816e+02  9.99631e-01  -1.23287e-04  -2.09955e-04  9.99457e-01  1.00009e+00
1.97920e+02  9.99626e-01  -1.24893e-04  -2.11898e-04  9.99451e-01  1.00009e+00
1.98025e+02  9.99626e-01  -1.25131e-04  -2.11520e-04  9.99452e-01  1.00009e+00
1.98130e+02  9.99630e-01  -1.24001e-04  -2.08828e-04  9.99458e-01  1.00008e+00
1.98234e+02  9.99638e-01  -1.21517e-04  -2.03858e-04  9.99471e-01  1.00008e+00
1.98339e+02  9.99650e-01  -1.17710e-04  -1.96668e-04  9.99489e-01  1.00008e+00
1.98444e+02  9.99666e-01  -1.12622e-04  -1.87340e-04  9.99513e-01  1.00007e+00
1.98549e+02  9.99685e-01  -1.06313e-04  -1.75982e-04  9.99542e-01  1.00007e+00
1.98653e+02  9.99708e-01  -9.88527e-05  -1.62721e-04  9.99576e-01  1.00006e+00
1.98758e+02  9.99734e-01  -9.03250e-05  -1.47705e-04  9.99614e-01  1.00006e+00
1.98863e+02  9.99762e-01  -8.08249e-05  -1.31103e-04  9.99657e-01  1.00005e+00
1.98968e+02  9.99794e-01  -7.04578e-05  -1.13099e-04  9.99703e-01  1.00004e+00
1.99072e+02  9.99827e-01  -5.93385e-05  -9.38927e-05  9.99753e-01  1.00003e+00
1.99177e+02  9.99863e-01  -4.75898e-05  -7.36958e-05  9.99805e-01  1.00003e+00
1.99282e+02  9.99899e-01  -3.53413e-05  -5.27314e-05  9.99859e-01  1.00002e+00
1.99386e+02  9.99937e-01  -2.27277e-05  -3.12305e-05  9.99915e-01  1.00001e+00
1.99491e+02  9.99976e-01  -9.88766e-06  -9.42913e-06  9.99971e-01  1.00000e+00
1.99596e+02  1.00001e+00  3.03792e-06  1.24334e-05  1.00003e+00  9.99991e-01
1.99701e+02  1.00005e+00  1.59074e-05  3.41177e-05  1.00008e+00  9.99982e-01
1.99805e+02  1.00009e+00  2.85800e-05  5.53866e-05  1.00014e+00  9.99973e-01
1.99910e+02  1.00013e+00  4.09171e-05  7.60081e-05  1.00019e+00  9.99965e-01
2.00015e+02  1.00016e+00  5.27842e-05  9.57575e-05  1.00024e+00  9.99957e-01
2.00119e+02  1.00020e+00  6.40521e-05  1.14420e-04  1.00029e+00  9.99950e-01
2.00224e+02  1.00023e+00  7.45981e-05  1.31793e-04  1.00034e+00  9.99943e-01
2.00329e+02  1.00026e+00  8.43080e-05  1.47690e-04  1.00038e+00  9.99937e-01
2.00434e+02  1.00028e+00  9.30766e-05  1.61937e-04  1.00042e+00  9.99931e-01
2.00538e+02  1.00030e+00  1.00809e-04  1.74383e-04  1.00045e+00  9.99926e-01
2.00643e+02  1.00032e+00  1.07423e-04  1.84895e-04  1.00048e+00  9.99923e-01
2.00748e+02  1.00034e+00  1.12848e-04  1.93360e-04  1.00050e+00  9.99919e-01
2.00852e+02  1.00035e+00  1.17026e-04  1.99691e-04  1.00052e+00  9.99917e-01
2.00957e+02  1.00036e+00  1.19914e-04  2.03821e-04  1.00053e+00  9.99916e-01
2.01062e+02  1.00036e+00  1.21482e-04  2.05711e-04  1.00053e+00  9.99916e-01
2.01167e+02  1.00036e+00  1.21715e-04  2.05343e-04  1.00053e+00  9.99916e-01
2.01271e+02  1.00036e+00  1.20614e-04  2.02726e-04  1.00053e+00  9.99918e-01
2.01376e+02  1.00035e+00  1.18194e-04  1.97893e-04  1.00051e+00  9.99920e-01
2.01481e+02  1.00034e+00  1.14483e-04  1.90902e-04  1.00050e+00  9.99924e-01
2.01586e+02  1.00033e+00  1.09524e-04  1.81835e-04  1.00047e+00  9.99928e-01
2.01690e+02  1.00031e+00  1.03375e-04  1.70793e-04  1.00044e+00  9.99933e-01
2.01795e+02  1.00028e+00  9.61057e-05  1.57903e-04  1.00041e+00  9.99938e-01
2.01900e+02  1.00026e+00  8.77976e-05  1.43310e-04  1.00037e+00  9.99944e-01
2.02004e+02  1.00023e+00  7.85440e-05  1.27177e-04  1.00033e+00  9.99951e-01
2.02109e+02  1.00020e+00  6.84485e-05  1.09685e-04  1.00029e+00  9.99959e-01
2.02214e+02  1.00017e+00  5.76234e-05  9.10266e-05  1.00024e+00  9.99967e-01
2.02319e+02  1.00013e+00  4.61888e-05  7.14099e-05  1.00019e+00  9.99975e-01
2.02423e+02  1.00010e+00  3.42713e-05  5.10516e-05  1.00014e+00  9.99983e-01
2.02528e+02  1.00006e+00  2.20024e-05  3.01762e-05  1.00008e+00  9.99992e-01
2.02633e+02  1.00002e+00  9.51712e-06  9.01331e-06  1.00003e+00  1.00000e+00
2.02737e+02  9.99986e-01  -3.04734e-06  -1.22048e-05  9.99973e-01  1.00001e+00
2.02842e+02  9.99949e-01  -1.55534e-05  -3.32458e-05  9.99918e-01  1.00002e+00
2.02947e+02  9.99912e-01  -2.78643e-05  -5.38798e-05  9.99864e-01  1.00003e+00
2.03052e+02  9.99876e-01  -3.98459e-05  -7.38818e-05  9.99812e-01  1.00003e+00
2.03156e+02  9.99842e-01  -5.13679e-05  -9.30345e-05  9.99763e-01  1.00004e+00
2.03261e+02  9.99810e-01  -6.23053e-05  -1.11130e-04  9.99715e-01  1.00005e+00
2.03366e+02  9.99779e-01  -7.25397e-05  -1.27973e-04  9.99672e-01  1.00006e+00
2.03470e+02  9.99752e-01  -8.19608e-05  -1.43381e-04  9.99631e-01  1.00006e+00
2.03575e+02  9.99727e-01  -9.04673e-05  -1.57190e-04  9.99595e-01  1.00007e+00
2.03680e+02  9.99704e-01  -9.79682e-05  -1.69251e-04  9.99564e-01  1.00007e+00
2.03785e+02  9.99686e-01  -1.04384e-04  -1.79436e-04  9.99537e-01  1.00008e+00
2.03889e+02  9.99670e-01  -1.09645e-04  -1.87638e-04  9.99515e-01  1.00008e+00
2.03994e+02  9.99659e-01  -1.13699e-04  -1.93771e-04  9.99499e-01  1.00008e+00
2.04099e+02  9.99651e-01  -1.16501e-04  -1.97772e-04  9.99488e-01  1.00008e+00
2.04204e+02  9.99647e-01  -1.18025e-04  -1.99602e-04  9.99483e-01  1.00008e+00
2.04308e+02  9.99647e-01  -1.18256e-04  -1.99245e-04  9.99483e-01  1.00008e+00
2.04413e+02  9.99650e-01  -1.17193e-04  -1.96709e-04  9.99489e-01  1.00008e+00
2.04518e+02  9.99658e-01  -1.14851e-04  -1.92026e-04  9.99501e-01  1.00008e+00
2.04622e+02  9.99669e-01  -1.11258e-04  -1.85252e-04  9.99518e-01  1.00007e+00
2.04727e+02  9.99684e-01  -1.06454e-04  -1.76464e-04  9.99541e-01  1.00007e+00
2.04832e+02  9.99702e-01  -1.00495e-04  -1.65762e-04  9.99568e-01  1.00007e+00
2.04937e+02  9.99724e-01  -9.34481e-05  -1.53268e-04  9.99600e-01  1.00006e+00
2.05041e+02  9.99748e-01  -8.53911e-05  -1.39120e-04  9.99636e-01  1.00005e+00
2.05146e+02  9.99775e-01  -7.64143e-05  -1.23477e-04  9.99677e-01  1.00005e+00
2.05251e+02  9.99805e-01  -6.66172e-05  -1.06512e-04  9.99720e-01  1.00004e+00
2.05355e+02  9.99836e-01  -5.61082e-05  -8.84134e-05  9.99767e-01  1.00003e+00
2.05460e+02  9.99870e-01  -4.50034e-05  -6.93814e-05  9.99816e-01  1.00002e+00
2.05565e+02  9.99905e-01  -3.34252e-05  -4.96256e-05  9.99867e-01  1.00002e+00
2.05670e+02  9.99940e-01  -2.15010e-05  -2.93637e-05  9.99920e-01  1.00001e+00
2.05774e+02  9.99977e-01  -9.36178e-06  -8.81811e-06  9.99973e-01  9.99999e-01
2.05879e+02  1.00001e+00  2.85920e-06  1.17856e-05  1.00003e+00  9.99991e-01
2.05984e+02  1.00005e+00  1.50280e-05  3.22220e-05  1.00008e+00  9.99983e-01
2.06088e+02  1.00009e+00  2.70116e-05  5.22674e-05  1.00013e+00  9.99975e-01
2.06193e+02  1.00012e+00  3.86789e-05  7.17031e-05  1.00018e+00  9.99967e-01
2.06298e+02  1.00015e+00  4.99026e-05  9.03174e-05  1.00023e+00  9.99960e-01
2.06403e+02  1.00018e+00  6.05605e-05  1.07908e-04  1.00028e+00  9.99953e-01
2.06507e+02  1.00021e+00  7.05366e-05  1.24284e-04  1.00032e+00  9.99946e-01
2.06612e+02  1.00024e+00  7.97227e-05  1.39267e-04  1.00036e+00  9.99940e-01
2.06717e+02  1.00027e+00  8.80194e-05  1.52698e-04  1.00039e+00  9.99935e-01
2.06822e+02  1.00029e+00  9.53371e-05  1.64430e-04  1.00042e+00  9.99931e-01
2.06926e+02  1.00031e+00  1.01597e-04  1.74339e-04  1.00045e+00  9.99927e-01
2.07031e+02  1.00032e+00  1.06733e-04  1.82319e-04  1.00047e+00  9.99924e-01
2.07136e+02  1.00033e+00  1.10690e-04  1.88288e-04  1.00049e+00  9.99922e-01
2.07240e+02  1.00034e+00  1.13427e-04  1.92182e-04  1.00050e+00  9.99921e-01
2.07345e+02  1.00034e+00  1.14916e-04  1.93963e-04  1.00050e+00  9.99921e-01
2.07450e+02  1.00034e+00  1.15143e-04  1.93616e-04  1.00050e+00  9.99922e-01
2.07555e+02  1.00034e+00  1.14108e-04  1.91148e-04  1.00050e+00  9.99923e-01
2.07659e+02  1.00033e+00  1.11824e-04  1.86592e-04  1.00049e+00  9.99925e-01
2.07764e+02  1.00032e+00  1.08319e-04  1.80000e-04  1.00047e+00  9.99928e-01
2.07869e+02  1.00031e+00  1.03633e-04  1.71449e-04  1.00045e+00  9.99932e-01
2.07973e+02  1.00029e+00  9.78210e-05  1.61037e-04  1.00042e+00  9.99937e-01
2.08078e+02  1.00027e+00  9.09481e-05  1.48881e-04  1.00039e+00  9.99942e-01
2.08183e+02  1.00025e+00  8.30917e-05  1.35119e-04  1.00035e+00  9.99948e-01
2.08288e+02  1.00022e+00  7.43401e-05  1.19904e-04  1.00031e+00  9.99954e-01
2.08392e+02  1.00019e+00  6.47910e-05  1.03406e-04  1.00027e+00  9.99961e-01
2.08497e+02  1.00016e+00  5.45505e-05  8.58080e-05  1.00023e+00  9.99969e-01
2.08602e+02  1.00013e+00  4.37322e-05  6.73053e-05  1.00018e+00  9.99976e-01
2.08706e+02  1.00009e+00  3.24559e-05  4.81023e-05  1.00013e+00  9.99984e-01
2.08811e+02  1.00006e+00  2.08459e-05  2.84108e-05  1.00008e+00  9.99992e-01
2.08916e+02  1.00002e+00  9.03007e-06  8.44727e-06  1.00003e+00  1.00000e+00
2.09021e+02  9.99987e-01  -2.86192e-06  -1.15691e-05  9.99974e-01  1.00001e+00
2.09125e+02  9.99952e-01  -1.46998e-05  -3.14191e-05  9.99922e-01  1.00002e+00
2.09230e+02  9.99917e-01  -2.63541e-05  -5.08859e-05  9.99872e-01  1.00002e+00
2.09335e+02  9.99883e-01  -3.76977e-05  -6.97573e-05  9.99823e-01  1.00003e+00
2.09440e+02  9.99851e-01  -4.86074e-05  -8.78280e-05  9.99776e-01  1.00004e+00
2.09544e+02  9.99820e-01  -5.89646e-05  -1.04902e-04  9.99731e-01  1.00005e+00
2.09649e+02  9.99791e-01  -6.86573e-05  -1.20795e-04  9.99690e-01  1.00005e+00
2.09754e+02  9.99765e-01  -7.75808e-05  -1.35334e-04  9.99652e-01  1.00006e+00
2.09858e+02  9.99741e-01  -8.56393e-05  -1.48365e-04  9.99618e-01  1.00006e+00
2.09963e+02  9.99720e-01  -9.27463e-05  -1.59747e-04  9.99588e-01  1.00007e+00
2.10068e+02  9.99703e-01  -9.88260e-05  -1.69359e-04  9.99562e-01  1.00007e+00
2.10173e+02  9.99688e-01  -1.03814e-04  -1.77100e-04  9.99542e-01  1.00007e+00
2.10277e+02  9.99677e-01  -1.07658e-04  -1.82888e-04  9.99527e-01  1.00008e+00
2.10382e+02  9.99669e-01  -1.10318e-04  -1.86665e-04  9.99516e-01  1.00008e+00
2.10487e+02  9.99666e-01  -1.11767e-04  -1.88392e-04  9.99511e-01  1.00008e+00
2.10591e+02  9.99665e-01  -1.11991e-04  -1.88056e-04  9.99512e-01  1.00008e+00
2.10696e+02  9.99669e-01  -1.10991e-04  -1.85662e-04  9.99518e-01  1.00007e+00
2.10801e+02  9.99676e-01  -1.08778e-04  -1.81242e-04  9.99529e-01  1.00007e+00
2.10906e+02  9.99686e-01  -1.05381e-04  -1.74848e-04  9.99545e-01  1.00007e+00
2.11010e+02  9.99700e-01  -1.00836e-04  -1.66553e-04  9.99566e-01  1.00007e+00
2.11115e+02  9.99718e-01  -9.51973e-05  -1.56451e-04  9.99592e-01  1.00006e+00
2.11220e+02  9.99738e-01  -8.85268e-05  -1.44655e-04  9.99622e-01  1.00006e+00
2.11324e+02  9.99761e-01  -8.08993e-05  -1.31299e-04  9.99657e-01  1.00005e+00
2.11429e+02  9.99787e-01  -7.23998e-05  -1.16531e-04  9.99695e-01  1.00004e+00
2.11534e+02  9.99815e-01  -6.31225e-05  -1.00514e-04  9.99736e-01  1.00004e+00
2.11639e+02  9.99845e-01  -5.31701e-05  -8.34268e-05  9.99780e-01  1.00003e+00
2.11743e+02  9.99876e-01  -4.26525e-05  -6.54575e-05  9.99826e-01  1.00002e+00
2.11848e+02  9.99909e-01  -3.16856e-05  -4.68044e-05  9.99875e-01  1.00002e+00
2.11953e+02  9.99943e-01  -2.03899e-05  -2.76727e-05  9.99924e-01  1.00001e+00
2.12058e+02  9.99978e-01  -8.88972e-06  -8.27268e-06  9.99975e-01  9.99999e-01
2.12162e+02  1.00001e+00  2.68887e-06  1.11828e-05  1.00003e+00  9.99992e-01
2.12267e+02  1.00005e+00  1.42190e-05  3.04808e-05  1.00008e+00  9.99984e-01
2.12372e+02  1.00008e+00  2.55744e-05  4.94102e-05  1.00012e+00  9.99976e-01
2.12476e+02  1.00011e+00  3.66311e-05  6.77644e-05  1.00017e+00  9.99969e-01
2.12581e+02  1.00015e+00  4.72684e-05  8.53434e-05  1.00022e+00  9.99962e-01
2.12686e+02  1.00018e+00  5.73703e-05  1.01956e-04  1.00026e+00  9.99955e-01
2.12791e+02  1.00020e+00  6.68269e-05  1.17422e-04  1.00030e+00  9.99949e-01
2.12895e+02  1.00023e+00  7.55358e-05  1.31574e-04  1.00034e+00  9.99944e-01
2.13000e+02  1.00025e+00  8.34025e-05  1.44259e-04  1.00037e+00  9.99939e-01
2.13105e+02  1.00027e+00  9.03421e-05  1.55340e-04  1.00040e+00  9.99935e-01
2.13209e+02  1.00029e+00  9.62801e-05  1.64700e-04  1.00043e+00  9.99932e-01
2.13314e+02  1.00030e+00  1.01153e-04  1.72239e-04  1.00045e+00  9.99929e-01
2.13419e+02  1.00031e+00  1.04909e-04  1.77877e-04  1.00046e+00  9.99927e-01
2.13524e+02  1.00032e+00  1.07509e-04  1.81555e-04  1.00047e+00  9.99926e-01
2.13628e+02  1.00033e+00  1.08926e-04  1.83239e-04  1.00048e+00  9.99926e-01
2.13733e+02  1.00033e+00  1.09147e-04  1.82912e-04  1.00047e+00  9.99926e-01
2.13838e+02  1.00032e+00  1.08172e-04  1.80581e-04  1.00047e+00  9.99928e-01
2.13942e+02  1.00032e+00  1.06013e-04  1.76277e-04  1.00046e+00  9.99930e-01
2.14047e+02  1.00031e+00  1.02697e-04  1.70050e-04  1.00044e+00  9.99933e-01
2.14152e+02  1.00029e+00  9.82607e-05  1.61972e-04  1.00042e+00  9.99936e-01
2.14257e+02  1.00028e+00  9.27561e-05  1.52135e-04  1.00040e+00  9.99941e-01
2.14361e+02  1.00026e+00  8.62454e-05  1.40650e-04  1.00037e+00  9.99946e-01
2.14466e+02  1.00023e+00  7.88016e-05  1.27647e-04  1.00033e+00  9.99951e-01
2.14571e+02  1.00021e+00  7.05084e-05  1.13271e-04  1.00030e+00  9.99957e-01
2.14675e+02  1.00018e+00  6.14580e-05  9.76809e-05  1.00026e+00  9.99964e-01
2.14780e+02  1.00015e+00  5.17513e-05  8.10515e-05  1.00021e+00  9.99971e-01
2.14885e+02  1.00012e+00  4.14958e-05  6.35663e-05  1.00017e+00  9.99978e-01
2.14990e+02  1.00009e+00  3.08048e-05  4.54187e-05  1.00012e+00  9.99985e-01
2.15094e+02  1.00006e+00  1.97964e-05  2.68086e-05  1.00007e+00  9.99993e-01
2.15199e+02  1.00002e+00  8.59167e-06  7.94071e-06  1.00002e+00  1.00000e+00
2.15304e+02  9.99988e-01  -2.68640e-06  -1.09779e-05  9.99975e-01  1.00001e+00
2.15409e+02  9.99955e-01  -1.39142e-05  -2.97401e-05  9.99927e-01  1.00002e+00
2.15513e+02  9.99922e-01  -2.49691e-05  -4.81408e-05  9.99879e-01  1.00002e+00
2.15618e+02  9.99890e-01  -3.57304e-05  -6.59794e-05  9.99832e-01  1.00003e+00
2.15723e+02  9.99859e-01  -4.60811e-05  -8.30619e-05  9.99788e-01  1.00004e+00
2.15827e+02  9.99830e-01  -5.59087e-05  -9.92028e-05  9.99746e-01  1.00004e+00
2.15932e+02  9.99802e-01  -6.51069e-05  -1.14227e-04  9.99706e-01  1.00005e+00
2.16037e+02  9.99777e-01  -7.35763e-05  -1.27974e-04  9.99670e-01  1.00005e+00
2.16142e+02  9.99755e-01  -8.12258e-05  -1.40294e-04  9.99638e-01  1.00006e+00
2.16246e+02  9.99735e-01  -8.79733e-05  -1.51056e-04  9.99610e-01  1.00006e+00
2.16351e+02  9.99718e-01  -9.37468e-05  -1.60145e-04  9.99586e-01  1.00007e+00
2.16456e+02  9.99704e-01  -9.84850e-05  -1.67465e-04  9.99567e-01  1.00007e+00
2.16560e+02  9.99694e-01  -1.02138e-04  -1.72939e-04  9.99552e-01  1.00007e+00
2.16665e+02  9.99686e-01  -1.04668e-04  -1.76511e-04  9.99542e-01  1.00007e+00
2.16770e+02  9.99683e-01  -1.06049e-04  -1.78145e-04  9.99538e-01  1.00007e+00
2.16875e+02  9.99682e-01  -1.06268e-04  -1.77828e-04  9.99538e-01  1.00007e+00
2.16979e+02  9.99686e-01  -1.05325e-04  -1.75565e-04  9.99544e-01  1.00007e+00
2.17084e+02  9.99692e-01  -1.03231e-04  -1.71387e-04  9.99554e-01  1.00007e+00
2.17189e+02  9.99702e-01  -1.00013e-04  -1.65340e-04  9.99569e-01  1.00007e+00
2.17293e+02  9.99716e-01  -9.57058e-05  -1.57496e-04  9.99589e-01  1.00006e+00
2.17398e+02  9.99732e-01  -9.03594e-05  -1.47942e-04  9.99614e-01  1.00006e+00
2.17503e+02  9.99751e-01  -8.40335e-05  -1.36787e-04  9.99642e-01  1.00005e+00
2.17608e+02  9.99773e-01  -7.67989e-05  -1.24155e-04  9.99675e-01  1.00005e+00
2.17712e+02  9.99798e-01  -6.87359e-05  -1.10187e-04  9.99711e-01  1.00004e+00
2.17817e+02  9.99824e-01  -5.99340e-05  -9.50382e-05  9.99750e-01  1.00004e+00
2.17922e+02  9.99853e-01  -5.04905e-05  -7.88758e-05  9.99792e-01  1.00003e+00
2.18027e+02  9.99883e-01  -4.05097e-05  -6.18786e-05  9.99836e-01  1.00002e+00
2.18131e+02  9.99914e-01  -3.01016e-05  -4.42340e-05  9.99881e-01  1.00001e+00
2.18236e+02  9.99946e-01  -1.93806e-05  -2.61362e-05  9.99928e-01  1.00001e+00
2.18341e+02  9.99979e-01  -8.46448e-06  -7.78402e-06  9.99976e-01  9.99999e-01
2.18445e+02  1.00001e+00  2.52692e-06  1.06213e-05  1.00002e+00  9.99992e-01
2.18550e+02  1.00004e+00  1.34732e-05  2.88781e-05  1.00007e+00  9.99985e-01
2.18655e+02  1.00008e+00  2.42546e-05  4.67868e-05  1.00012e+00  9.99977e-01
2.18760e+02  1.00011e+00  3.47532e-05  6.41519e-05  1.00016e+00  9.99971e-01
2.18864e+02  1.00014e+00  4.48544e-05  8.07841e-05  1.00021e+00  9.99964e-01
2.18969e+02  1.00017e+00  5.44483e-05  9.65025e-05  1.00025e+00  9.99958e-01
2.19074e+02  1.00019e+00  6.34303e-05  1.11136e-04  1.00029e+00  9.99952e-01
2.19178e+02  1.00022e+00  7.17030e-05  1.24527e-04  1.00032e+00  9.99947e-01
2.19283e+02  1.00024e+00  7.91769e-05  1.36531e-04  1.00035e+00  9.99943e-01
2.19388e+02  1.00026e+00  8.57711e-05  1.47018e-04  1.00038e+00  9.99939e-01
2.19493e+02  1.00027e+00  9.14147e-05  1.55876e-04  1.00040e+00  9.99936e-01
2.19597e+02  1.00029e+00  9.60475e-05  1.63010e-04  1.00042e+00  9.99933e-01
2.19702e+02  1.00030e+00  9.96201e-05  1.68347e-04  1.00044e+00  9.99931e-01
2.19807e+02  1.00031e+00  1.02095e-04  1.71829e-04  1.00045e+00  9.99930e-01
2.19911e+02  1.00031e+00  1.03447e-04  1.73424e-04  1.00045e+00  9.99930e-01
2.20016e+02  1.00031e+00  1.03664e-04  1.73115e-04  1.00045e+00  9.99931e-01
2.20121e+02  1.00031e+00  1.02744e-04  1.70911e-04  1.00044e+00  9.99932e-01
2.20226e+02  1.00030e+00  1.00700e-04  1.66838e-04  1.00043e+00  9.99934e-01
2.20330e+02  1.00029e+00  9.75557e-05  1.60946e-04  1.00042e+00  9.99937e-01
2.20435e+02  1.00028e+00  9.33483e-05  1.53301e-04  1.00040e+00  9.99940e-01
2.20540e+02  1.00026e+00  8.81254e-05  1.43991e-04  1.00038e+00  9.99944e-01
2.20645e+02  1.00024e+00  8.19463e-05  1.33121e-04  1.00035e+00  9.99949e-01
2.20749e+02  1.00022e+00  7.48803e-05  1.20813e-04  1.00032e+00  9.99954e-01
2.20854e+02  1.00020e+00  6.70066e-05  1.07204e-04  1.00028e+00  9.99960e-01
2.20959e+02  1.00017e+00  5.84129e-05  9.24469e-05  1.00024e+00  9.99966e-01
2.21063e+02  1.00014e+00  4.91947e-05  7.67044e-05  1.00020e+00  9.99972e-01
2.21168e+02  1.00011e+00  3.94542e-05  6.01512e-05  1.00016e+00  9.99979e-01
2.21273e+02  1.00008e+00  2.92990e-05  4.29700e-05  1.00012e+00  9.99986e-01
2.21378e+02  1.00005e+00  1.88412e-05  2.53503e-05  1.00007e+00  9.99993e-01
2.21482e+02  1.00002e+00  8.19575e-06  7.48579e-06  1.00002e+00  1.00000e+00
2.21587e+02  9.99989e-01  -2.52045e-06  -1.04275e-05  9.99977e-01  1.00001e+00
2.21692e+02  9.99957e-01  -1.31900e-05  -2.81934e-05  9.99930e-01  1.00002e+00
2.21796e+02  9.99926e-01  -2.36962e-05  -4.56178e-05  9.99885e-01  1.00002e+00
2.21901e+02  9.99895e-01  -3.39246e-05  -6.25107e-05  9.99841e-01  1.00003e+00
2.22006e+02  9.99866e-01  -4.37636e-05  -7.86881e-05  9.99799e-01  1.00003e+00
2.22111e+02  9.99838e-01  -5.31066e-05  -9.39746e-05  9.99759e-01  1.00004e+00
2.22215e+02  9.99812e-01  -6.18523e-05  -1.08205e-04  9.99722e-01  1.00005e+00
2.22320e+02  9.99788e-01  -6.99062e-05  -1.21224e-04  9.99688e-01  1.00005e+00
2.22425e+02  9.99767e-01  -7.71815e-05  -1.32894e-04  9.99657e-01  1.00006e+00
2.22529e+02  9.99748e-01  -8.36001e-05  -1.43088e-04  9.99630e-01  1.00006e+00
2.22634e+02  9.99732e-01  -8.90935e-05  -1.51698e-04  9.99608e-01  1.00006e+00
2.22739e+02  9.99719e-01  -9.36032e-05  -1.58633e-04  9.99589e-01  1.00007e+00
2.22844e+02  9.99709e-01  -9.70817e-05  -1.63820e-04  9.99575e-01  1.00007e+00
2.22948e+02  9.99702e-01  -9.94928e-05  -1.67205e-04  9.99566e-01  1.00007e+00
2.23053e+02  9.99698e-01  -1.00812e-04  -1.68754e-04  9.99562e-01  1.00007e+00
2.23158e+02  9.99698e-01  -1.01027e-04  -1.68455e-04  9.99562e-01  1.00007e+00
2.23263e+02  9.99701e-01  -1.00136e-04  -1.66313e-04  9.99567e-01  1.00007e+00
2.23367e+02  9.99707e-01  -9.81521e-05  -1.62356e-04  9.99577e-01  1.00006e+00
2.23472e+02  9.99717e-01  -9.50979e-05  -1.56629e-04  9.99592e-01  1.00006e+00
2.23577e+02  9.99730e-01  -9.10087e-05  -1.49198e-04  9.99611e-01  1.00006e+00
2.23681e+02  9.99745e-01  -8.59306e-05  -1.40148e-04  9.99634e-01  1.00005e+00
2.23786e+02  9.99763e-01  -7.99208e-05  -1.29580e-04  9.99661e-01  1.00005e+00
2.23891e+02  9.99784e-01  -7.30462e-05  -1.17613e-04  9.99692e-01  1.00004e+00
2.23996e+02  9.99807e-01  -6.53834e-05  -1.04379e-04  9.99726e-01  1.00004e+00
2.24100e+02  9.99832e-01  -5.70172e-05  -9.00255e-05  9.99763e-01  1.00003e+00
2.24205e+02  9.99860e-01  -4.80402e-05  -7.47114e-05  9.99803e-01  1.00003e+00
2.24310e+02  9.99888e-01  -3.85514e-05  -5.86056e-05  9.99844e-01  1.00002e+00
2.24414e+02  9.99918e-01  -2.86554e-05  -4.18859e-05  9.99888e-01  1.00001e+00
2.24519e+02  9.99948e-01  -1.84610e-05  -2.47361e-05  9.99932e-01  1.00001e+00
2.24624e+02  9.99979e-01  -8.08014e-06  -7.34471e-06  9.99977e-01  9.99999e-01
2.24729e+02  1.00001e+00  2.37319e-06  1.00976e-05  1.00002e+00  9.99992e-01
2.24833e+02  1.00004e+00  1.27845e-05  2.73998e-05  1.00007e+00  9.99985e-01
2.24938e+02  1.00007e+00  2.30399e-05  4.43727e-05  1.00011e+00  9.99979e-01
2.25043e+02  1.00010e+00  3.30272e-05  6.08309e-05  1.00015e+00  9.99972e-01
2.25147e+02  1.00013e+00  4.26374e-05  7.65950e-05  1.00020e+00  9.99966e-01
2.25252e+02  1.00016e+00  5.17658e-05  9.14936e-05  1.00023e+00  9.99960e-01
2.25357e+02  1.00018e+00  6.03130e-05  1.05365e-04  1.00027e+00  9.99955e-01
2.25462e+02  1.00021e+00  6.81863e-05  1.18058e-04  1.00030e+00  9.99950e-01
2.25566e+02  1.00023e+00  7.53003e-05  1.29437e-04  1.00033e+00  9.99946e-01
2.25671e+02  1.00025e+00  8.15782e-05  1.39379e-04  1.00036e+00  9.99942e-01
2.25776e+02  1.00026e+00  8.69524e-05  1.47777e-04  1.00038e+00  9.99939e-01
2.25881e+02  1.00027e+00  9.13653e-05  1.54542e-04  1.00040e+00  9.99937e-01
2.25985e+02  1.00028e+00  9.47701e-05  1.59602e-04  1.00041e+00  9.99935e-01
2.26090e+02  1.00029e+00  9.71311e-05  1.62905e-04  1.00042e+00  9.99934e-01
2.26195e+02  1.00029e+00  9.84239e-05  1.64418e-04  1.00043e+00  9.99934e-01
2.26299e+02  1.00029e+00  9.86362e-05  1.64127e-04  1.00043e+00  9.99935e-01
2.26404e+02  1.00029e+00  9.77673e-05  1.62039e-04  1.00042e+00  9.99936e-01
2.26509e+02  1.00029e+00  9.58286e-05  1.58180e-04  1.00041e+00  9.99938e-01
2.26614e+02  1.00028e+00  9.28433e-05  1.52595e-04  1.00040e+00  9.99940e-01
2.26718e+02  1.00026e+00  8.88457e-05  1.45348e-04  1.00038e+00  9.99943e-01
2.26823e+02  1.00025e+00  8.38814e-05  1.36522e-04  1.00036e+00  9.99947e-01
2.26928e+02  1.00023e+00  7.80066e-05  1.26216e-04  1.00033e+00  9.99952e-01
2.27032e+02  1.00021e+00  7.12872e-05  1.14546e-04  1.00030e+00  9.99957e-01
2.27137e+02  1.00019e+00  6.37984e-05  1.01643e-04  1.00027e+00  9.99962e-01
2.27242e+02  1.00016e+00  5.56237e-05  8.76495e-05  1.00023e+00  9.99968e-01
2.27347e+02  1.00014e+00  4.68538e-05  7.27213e-05  1.00019e+00  9.99974e-01
2.27451e+02  1.00011e+00  3.75858e-05  5.70236e-05  1.00015e+00  9.99981e-01
2.27556e+02  1.00008e+00  2.79221e-05  4.07298e-05  1.00011e+00  9.99987e-01
2.27661e+02  1.00005e+00  1.79694e-05  2.40193e-05  1.00007e+00  9.99994e-01
2.27765e+02  1.00002e+00  7.83708e-06  7.07590e-06  1.00002e+00  1.00000e+00
2.27870e+02  9.99990e-01  -2.36365e-06  -9.91450e-06  9.99978e-01  1.00001e+00
2.27975e+02  9.99959e-01  -1.25210e-05  -2.67658e-05  9.99934e-01  1.00001e+00
2.28080e+02  9.99930e-01  -2.25240e-05  -4.32940e-05  9.99891e-01  1.00002e+00
2.28184e+02  9.99901e-01  -3.22634e-05  -5.93186e-05  9.99849e-01  1.00003e+00
2.28289e+02  9.99873e-01  -4.16332e-05  -7.46652e-05  9.99809e-01  1.00003e+00
2.28394e+02  9.99846e-01  -5.05316e-05  -8.91674e-05  9.99771e-01  1.00004e+00
2.28499e+02  9.99822e-01  -5.88622e-05  -1.02668e-04  9.99736e-01  1.00004e+00
2.28603e+02  9.99799e-01  -6.65349e-05  -1.15021e-04  9.99703e-01  1.00005e+00
2.28708e+02  9.99778e-01  -7.34669e-05  -1.26093e-04  9.99674e-01  1.00005e+00
2.28813e+02  9.99760e-01  -7.95840e-05  -1.35766e-04  9.99649e-01  1.00006e+00
2.28917e+02  9.99745e-01  -8.48205e-05  -1.43937e-04  9.99627e-01  1.00006e+00
2.29022e+02  9.99732e-01  -8.91208e-05  -1.50519e-04  9.99610e-01  1.00006e+00
2.29127e+02  9.99723e-01  -9.24395e-05  -1.55442e-04  9.99597e-01  1.00006e+00
2.29232e+02  9.99716e-01  -9.47419e-05  -1.58655e-04  9.99588e-01  1.00006e+00
2.29336e+02  9.99713e-01  -9.60046e-05  -1.60128e-04  9.99584e-01  1.00006e+00
2.29441e+02  9.99713e-01  -9.62153e-05  -1.59846e-04  9.99584e-01  1.00006e+00
2.29546e+02  9.99715e-01  -9.53736e-05  -1.57815e-04  9.99589e-01  1.00006e+00
2.29650e+02  9.99721e-01  -9.34902e-05  -1.54062e-04  9.99598e-01  1.00006e+00
2.29755e+02  9.99730e-01  -9.05873e-05  -1.48629e-04  9.99612e-01  1.00006e+00
2.29860e+02  9.99742e-01  -8.66981e-05  -1.41579e-04  9.99630e-01  1.00005e+00
2.29965e+02  9.99757e-01  -8.18667e-05  -1.32992e-04  9.99652e-01  1.00005e+00
2.30069e+02  9.99774e-01  -7.61473e-05  -1.22964e-04  9.99678e-01  1.00005e+00
2.30174e+02  9.99794e-01  -6.96037e-05  -1.11607e-04  9.99707e-01  1.00004e+00
2.30279e+02  9.99816e-01  -6.23085e-05  -9.90477e-05  9.99740e-01  1.00004e+00
2.30383e+02  9.99840e-01  -5.43426e-05  -8.54256e-05  9.99775e-01  1.00003e+00
2.30488e+02  9.99866e-01  -4.57941e-05  -7.08912e-05  9.99812e-01  1.00003e+00
2.30593e+02  9.99893e-01  -3.67573e-05  -5.56049e-05  9.99852e-01  1.00002e+00
2.30698e+02  9.99921e-01  -2.73316e-05  -3.97353e-05  9.99893e-01  1.00001e+00
2.30802e+02  9.99950e-01  -1.76209e-05  -2.34569e-05  9.99935e-01  1.00001e+00
2.30907e+02  9.99980e-01  -7.73173e-06  -6.94850e-06  9.99978e-01  9.99999e-01
2.31012e+02  1.00001e+00  2.22744e-06  9.60877e-06  1.00002e+00  9.99993e-01
2.31116e+02  1.00004e+00  1.21474e-05  2.60336e-05  1.00006e+00  9.99986e-01
2.31221e+02  1.00007e+00  2.19197e-05  4.21464e-05  1.00011e+00  9.99980e-01
2.31326e+02  1.00010e+00  3.14375e-05  5.77711e-05  1.00015e+00  9.99974e-01
2.31431e+02  1.00012e+00  4.05968e-05  7.27376e-05  1.00019e+00  9.99968e-01
2.31535e+02  1.00015e+00  4.92978e-05  8.68828e-05  1.00022e+00  9.99962e-01
2.31640e+02  1.00017e+00  5.74459e-05  1.00053e-04  1.00026e+00  9.99957e-01
2.31745e+02  1.00020e+00  6.49524e-05  1.12106e-04  1.00029e+00  9.99953e-01
2.31850e+02  1.00022e+00  7.17361e-05  1.22911e-04  1.00032e+00  9.99949e-01
2.31954e+02  1.00023e+00  7.77236e-05  1.32352e-04  1.00034e+00  9.99945e-01
2.32059e+02  1.00025e+00  8.28505e-05  1.40327e-04  1.00036e+00  9.99943e-01
2.32164e+02  1.00026e+00  8.70617e-05  1.46752e-04  1.00038e+00  9.99940e-01
2.32268e+02  1.00027e+00  9.03126e-05  1.51559e-04  1.00039e+00  9.99939e-01
2.32373e+02  1.00028e+00  9.25690e-05  1.54698e-04  1.00040e+00  9.99938e-01
2.32478e+02  1.00028e+00  9.38075e-05  1.56137e-04  1.00041e+00  9.99938e-01
2.32583e+02  1.00028e+00  9.40163e-05  1.55862e-04  1.00041e+00  9.99938e-01
2.32687e+02  1.00028e+00  9.31946e-05  1.53882e-04  1.00040e+00  9.99939e-01
2.32792e+02  1.00027e+00  9.13532e-05  1.50219e-04  1.00039e+00  9.99941e-01
2.32897e+02  1.00026e+00  8.85138e-05  1.44916e-04  1.00038e+00  9.99944e-01
2.33001e+02  1.00025e+00  8.47092e-05  1.38036e-04  1.00036e+00  9.99947e-01
2.33106e+02  1.00024e+00  7.99828e-05  1.29655e-04  1.00034e+00  9.99950e-01
2.33211e+02  1.00022e+00  7.43880e-05  1.19869e-04  1.00031e+00  9.99955e-01
2.33316e+02  1.00020e+00  6.79874e-05  1.08787e-04  1.00029e+00  9.99959e-01
2.33420e+02  1.00018e+00  6.08526e-05  9.65321e-05  1.00025e+00  9.99964e-01
2.33525e+02  1.00016e+00  5.30631e-05  8.32418e-05  1.00022e+00  9.99970e-01
2.33630e+02  1.00013e+00  4.47053e-05  6.90630e-05  1.00018e+00  9.99976e-01
2.33734e+02  1.00010e+00  3.58718e-05  5.41526e-05  1.00014e+00  9.99982e-01
2.33839e+02  1.00008e+00  2.66601e-05  3.86752e-05  1.00010e+00  9.99988e-01
2.33944e+02  1.00005e+00  1.71718e-05  2.28013e-05  1.00006e+00  9.99994e-01
2.34049e+02  1.00002e+00  7.51122e-06  6.70546e-06  1.00002e+00  1.00000e+00
2.34153e+02  9.99990e-01  -2.21558e-06  -9.43576e-06  9.99979e-01  1.00001e+00
2.34258e+02  9.99962e-01  -1.19020e-05  -2.54456e-05  9.99937e-01  1.00001e+00
2.34363e+02  9.99933e-01  -2.14423e-05  -4.11490e-05  9.99896e-01  1.00002e+00
2.34468e+02  9.99905e-01  -3.07321e-05  -5.63747e-05  9.99857e-01  1.00003e+00
2.34572e+02  9.99879e-01  -3.96705e-05  -7.09570e-05  9.99818e-01  1.00003e+00
2.34677e+02  9.99854e-01  -4.81601e-05  -8.47375e-05  9.99782e-01  1.00004e+00
2.34782e+02  9.99830e-01  -5.61091e-05  -9.75668e-05  9.99749e-01  1.00004e+00
2.34886e+02  9.99808e-01  -6.34314e-05  -1.09306e-04  9.99718e-01  1.00005e+00
2.34991e+02  9.99789e-01  -7.00480e-05  -1.19830e-04  9.99690e-01  1.00005e+00
2.35096e+02  9.99772e-01  -7.58878e-05  -1.29023e-04  9.99666e-01  1.00005e+00
2.35201e+02  9.99757e-01  -8.08883e-05  -1.36790e-04  9.99646e-01  1.00006e+00
2.35305e+02  9.99745e-01  -8.49962e-05  -1.43046e-04  9.99629e-01  1.00006e+00
2.35410e+02  9.99736e-01  -8.81681e-05  -1.47727e-04  9.99616e-01  1.00006e+00
2.35515e+02  9.99729e-01  -9.03707e-05  -1.50784e-04  9.99608e-01  1.00006e+00
2.35619e+02  9.99726e-01  -9.15817e-05  -1.52185e-04  9.99604e-01  1.00006e+00
2.35724e+02  9.99726e-01  -9.17892e-05  -1.51919e-04  9.99604e-01  1.00006e+00
2.35829e+02  9.99728e-01  -9.09925e-05  -1.49992e-04  9.99609e-01  1.00006e+00
2.35934e+02  9.99734e-01  -8.92019e-05  -1.46426e-04  9.99618e-01  1.00006e+00
2.36038e+02  9.99743e-01  -8.64384e-05  -1.41264e-04  9.99631e-01  1.00005e+00
2.36143e+02  9.99754e-01  -8.27337e-05  -1.34565e-04  9.99648e-01  1.00005e+00
2.36248e+02  9.99768e-01  -7.81295e-05  -1.26405e-04  9.99669e-01  1.00005e+00
2.36352e+02  9.99785e-01  -7.26776e-05  -1.16874e-04  9.99694e-01  1.00004e+00
2.36457e+02  9.99803e-01  -6.64386e-05  -1.06080e-04  9.99721e-01  1.00004e+00
2.36562e+02  9.99824e-01  -5.94819e-05  -9.41430e-05  9.99752e-01  1.00003e+00
2.36667e+02  9.99847e-01  -5.18846e-05  -8.11947e-05  9.99786e-01  1.00003e+00
2.36771e+02  9.99872e-01  -4.37306e-05  -6.73786e-05  9.99822e-01  1.00002e+00
2.36876e+02  9.99898e-01  -3.51098e-05  -5.28472e-05  9.99859e-01  1.00002e+00
2.36981e+02  9.99925e-01  -2.61172e-05  -3.77607e-05  9.99898e-01  1.00001e+00
2.37086e+02  9.99952e-01  -1.68517e-05  -2.22850e-05  9.99939e-01  1.00001e+00
2.37190e+02  9.99981e-01  -7.41498e-06  -6.59007e-06  9.99979e-01  9.99999e-01
2.37295e+02  1.00001e+00  2.08934e-06  9.15192e-06  1.00002e+00  9.99993e-01
2.37400e+02  1.00004e+00  1.15572e-05  2.47686e-05  1.00006e+00  9.99987e-01
2.37504e+02  1.00007e+00  2.08849e-05  4.00891e-05  1.00010e+00  9.99981e-01
2.37609e+02  1.00009e+00  2.99705e-05  5.49462e-05  1.00014e+00  9.99975e-01
2.37714e+02  1.00012e+00  3.87149e-05  6.91779e-05  1.00018e+00  9.99970e-01
2.37819e+02  1.00014e+00  4.70226e-05  8.26293e-05  1.00021e+00  9.99964e-01
2.37923e+02  1.00017e+00  5.48033e-05  9.51542e-05  1.00025e+00  9.99960e-01
2.38028e+02  1.00019e+00  6.19724e-05  1.06617e-04  1.00028e+00  9.99955e-01
2.38133e+02  1.00021e+00  6.84522e-05  1.16893e-04  1.00030e+00  9.99952e-01
2.38237e+02  1.00022e+00  7.41726e-05  1.25873e-04  1.00033e+00  9.99948e-01
2.38342e+02  1.00024e+00  7.90720e-05  1.33460e-04  1.00035e+00  9.99946e-01
2.38447e+02  1.00025e+00  8.30978e-05  1.39572e-04  1.00036e+00  9.99944e-01
2.38552e+02  1.00026e+00  8.62072e-05  1.44146e-04  1.00037e+00  9.99942e-01
2.38656e+02  1.00026e+00  8.83675e-05  1.47133e-04  1.00038e+00  9.99941e-01
2.38761e+02  1.00027e+00  8.95563e-05  1.48504e-04  1.00039e+00  9.99941e-01
2.38866e+02  1.00027e+00  8.97621e-05  1.48245e-04  1.00039e+00  9.99942e-01
2.38970e+02  1.00027e+00  8.89841e-05  1.46364e-04  1.00038e+00  9.99943e-01
2.39075e+02  1.00026e+00  8.72324e-05  1.42882e-04  1.00037e+00  9.99944e-01
2.39180e+02  1.00025e+00  8.45277e-05  1.37841e-04  1.00036e+00  9.99947e-01
2.39285e+02  1.00024e+00  8.09011e-05  1.31298e-04  1.00034e+00  9.99950e-01
2.39389e+02  1.00023e+00  7.63940e-05  1.23329e-04  1.00032e+00  9.99953e-01
2.39494e+02  1.00021e+00  7.10571e-05  1.14021e-04  1.00030e+00  9.99957e-01
2.39599e+02  1.00019e+00  6.49503e-05  1.03481e-04  1.00027e+00  9.99961e-01
2.39704e+02  1.00017e+00  5.81417e-05  9.18251e-05  1.00024e+00  9.99966e-01
2.39808e+02  1.00015e+00  5.07071e-05  7.91831e-05  1.00021e+00  9.99972e-01
2.39913e+02  1.00013e+00  4.27291e-05  6.56953e-05  1.00017e+00  9.99977e-01
2.40018e+02  1.00010e+00  3.42959e-05  5.15109e-05  1.00014e+00  9.99983e-01
2.40122e+02  1.00007e+00  2.55007e-05  3.67864e-05  1.00010e+00  9.99989e-01
2.40227e+02  1.00005e+00  1.64403e-05  2.16840e-05  1.00006e+00  9.99995e-01
2.40332e+02  1.00002e+00  7.21438e-06  6.36968e-06  1.00002e+00  1.00000e+00
2.40437e+02  9.99991e-01  -2.07575e-06  -8.98848e-06  9.99980e-01  1.00001e+00
2.40541e+02  9.99963e-01  -1.13283e-05  -2.42223e-05  9.99940e-01  1.00001e+00
2.40646e+02  9.99936e-01  -2.04422e-05  -3.91653e-05  9.99901e-01  1.00002e+00
2.40751e+02  9.99910e-01  -2.93179e-05  -5.36544e-05  9.99863e-01  1.00002e+00
2.40855e+02  9.99884e-01  -3.78588e-05  -6.75318e-05  9.99827e-01  1.00003e+00
2.40960e+02  9.99860e-01  -4.59719e-05  -8.06469e-05  9.99793e-01  1.00003e+00
2.41065e+02  9.99838e-01  -5.35693e-05  -9.28574e-05  9.99761e-01  1.00004e+00
2.41170e+02  9.99817e-01  -6.05688e-05  -1.04031e-04  9.99731e-01  1.00004e+00
2.41274e+02  9.99798e-01  -6.68948e-05  -1.14048e-04  9.99705e-01  1.00005e+00
2.41379e+02  9.99782e-01  -7.24793e-05  -1.22800e-04  9.99682e-01  1.00005e+00
2.41484e+02  9.99768e-01  -7.72624e-05  -1.30194e-04  9.99662e-01  1.00005e+00
2.41588e+02  9.99756e-01  -8.11931e-05  -1.36151e-04  9.99647e-01  1.00005e+00
2.41693e+02  9.99747e-01  -8.42298e-05  -1.40609e-04  9.99635e-01  1.00006e+00
2.41798e+02  9.99741e-01  -8.63408e-05  -1.43520e-04  9.99627e-01  1.00006e+00
2.41903e+02  9.99738e-01  -8.75042e-05  -1.44857e-04  9.99623e-01  1.00006e+00
2.42007e+02  9.99738e-01  -8.77089e-05  -1.44607e-04  9.99623e-01  1.00006e+00
2.42112e+02  9.99740e-01  -8.69541e-05  -1.42774e-04  9.99627e-01  1.00006e+00
2.42217e+02  9.99746e-01  -8.52493e-05  -1.39382e-04  9.99636e-01  1.00005e+00
2.42322e+02  9.99754e-01  -8.26146e-05  -1.34471e-04  9.99648e-01  1.00005e+00
2.42426e+02  9.99765e-01  -7.90800e-05  -1.28096e-04  9.99665e-01  1.00005e+00
2.42531e+02  9.99778e-01  -7.46856e-05  -1.20329e-04  9.99685e-01  1.00005e+00
2.42636e+02  9.99794e-01  -6.94804e-05  -1.11258e-04  9.99708e-01  1.00004e+00
2.42740e+02  9.99812e-01  -6.35226e-05  -1.00984e-04  9.99735e-01  1.00004e+00
2.42845e+02  9.99832e-01  -5.68782e-05  -8.96210e-05  9.99764e-01  1.00003e+00
2.42950e+02  9.99854e-01  -4.96208e-05  -7.72947e-05  9.99796e-01  1.00003e+00
2.43055e+02  9.99877e-01  -4.18307e-05  -6.41418e-05  9.99830e-01  1.00002e+00
2.43159e+02  9.99902e-01  -3.35937e-05  -5.03073e-05  9.99866e-01  1.00002e+00
2.43264e+02  9.99928e-01  -2.50005e-05  -3.59437e-05  9.99903e-01  1.00001e+00
2.43369e+02  9.99954e-01  -1.61456e-05  -2.12090e-05  9.99941e-01  1.00001e+00
2.43473e+02  9.99981e-01  -7.12628e-06  -6.26491e-06  9.99980e-01  9.99999e-01
2.43578e+02  1.00001e+00  1.95856e-06  8.72453e-06  1.00002e+00  9.99993e-01
2.43683e+02  1.00004e+00  1.10094e-05  2.35952e-05  1.00006e+00  9.99987e-01
2.43788e+02  1.00006e+00  1.99271e-05  3.81845e-05  1.00010e+00  9.99982e-01
2.43892e+02  1.00009e+00  2.86142e-05  5.23330e-05  1.00013e+00  9.99976e-01
2.43997e+02  1.00011e+00  3.69759e-05  6.58866e-05  1.00017e+00  9.99971e-01
2.44102e+02  1.00014e+00  4.49210e-05  7.86976e-05  1.00020e+00  9.99966e-01
2.44206e+02  1.00016e+00  5.23630e-05  9.06268e-05  1.00023e+00  9.99962e-01
2.44311e+02  1.00018e+00  5.92210e-05  1.01545e-04  1.00026e+00  9.99958e-01
2.44416e+02  1.00020e+00  6.54206e-05  1.11334e-04  1.00029e+00  9.99954e-01
2.44521e+02  1.00021e+00  7.08948e-05  1.19888e-04  1.00031e+00  9.99951e-01
2.44625e+02  1.00023e+00  7.55845e-05  1.27116e-04  1.00033e+00  9.99948e-01
2.44730e+02  1.00024e+00  7.94395e-05  1.32940e-04  1.00035e+00  9.99946e-01
2.44835e+02  1.00025e+00  8.24186e-05  1.37298e-04  1.00036e+00  9.99945e-01
2.44940e+02  1.00025e+00  8.44904e-05  1.40146e-04  1.00036e+00  9.99944e-01
2.45044e+02  1.00026e+00  8.56335e-05  1.41454e-04  1.00037e+00  9.99944e-01
2.45149e+02  1.00026e+00  8.58367e-05  1.41211e-04  1.00037e+00  9.99945e-01
2.45254e+02  1.00025e+00  8.50993e-05  1.39421e-04  1.00036e+00  9.99946e-01
2.45358e+02  1.00025e+00  8.34305e-05  1.36107e-04  1.00036e+00  9.99947e-01
2.45463e+02  1.00024e+00  8.08503e-05  1.31308e-04  1.00034e+00  9.99950e-01
2.45568e+02  1.00023e+00  7.73882e-05  1.25078e-04  1.00033e+00  9.99952e-01
2.45673e+02  1.00022e+00  7.30836e-05  1.17488e-04  1.00031e+00  9.99956e-01
2.45777e+02  1.00020e+00  6.79849e-05  1.08623e-04  1.00029e+00  9.99959e-01
2.45882e+02  1.00018e+00  6.21493e-05  9.85837e-05  1.00026e+00  9.99964e-01
2.45987e+02  1.00016e+00  5.56419e-05  8.74808e-05  1.00023e+00  9.99968e-01
2.46091e+02  1.00014e+00  4.85351e-05  7.54379e-05  1.00020e+00  9.99973e-01
2.46196e+02  1.00012e+00  4.09077e-05  6.25886e-05  1.00017e+00  9.99978e-01
2.46301e+02  1.00010e+00  3.28441e-05  4.90750e-05  1.00013e+00  9.99984e-01
2.46406e+02  1.00007e+00  2.44333e-05  3.50462e-05  1.00009e+00  9.99989e-01
2.46510e+02  1.00004e+00  1.57679e-05  2.06566e-05  1.00006e+00  9.99995e-01
2.46615e+02  1.00002e+00  6.94330e-06  6.06450e-06  1.00002e+00  1.00000e+00
2.46720e+02  9.99992e-01  -1.94372e-06  -8.57011e-06  9.99981e-01  1.00001e+00
2.46824e+02  9.99965e-01  -1.07958e-05  -2.30869e-05  9.99943e-01  1.00001e+00
2.46929e+02  9.99939e-01  -1.95161e-05  -3.73273e-05  9.99906e-01  1.00002e+00
2.47034e+02  9.99914e-01  -2.80095e-05  -5.11357e-05  9.99870e-01  1.00002e+00
2.47139e+02  9.99890e-01  -3.61833e-05  -6.43619e-05  9.99835e-01  1.00003e+00
2.47243e+02  9.99867e-01  -4.39489e-05  -7.68622e-05  9.99802e-01  1.00003e+00
2.47348e+02  9.99845e-01  -5.12217e-05  -8.85009e-05  9.99772e-01  1.00004e+00
2.47453e+02  9.99825e-01  -5.79233e-05  -9.91521e-05  9.99744e-01  1.00004e+00
2.47558e+02  9.99807e-01  -6.39811e-05  -1.08701e-04  9.99719e-01  1.00004e+00
2.47662e+02  9.99791e-01  -6.93299e-05  -1.17045e-04  9.99697e-01  1.00005e+00
2.47767e+02  9.99778e-01  -7.39124e-05  -1.24095e-04  9.99678e-01  1.00005e+00
2.47872e+02  9.99767e-01  -7.76797e-05  -1.29776e-04  9.99663e-01  1.00005e+00
2.47976e+02  9.99758e-01  -8.05918e-05  -1.34027e-04  9.99651e-01  1.00005e+00
2.48081e+02  9.99753e-01  -8.26182e-05  -1.36805e-04  9.99644e-01  1.00005e+00
2.48186e+02  9.99750e-01  -8.37381e-05  -1.38082e-04  9.99640e-01  1.00005e+00
2.48291e+02  9.99749e-01  -8.39404e-05  -1.37846e-04  9.99640e-01  1.00005e+00
2.48395e+02  9.99752e-01  -8.32243e-05  -1.36102e-04  9.99645e-01  1.00005e+00
2.48500e+02  9.99757e-01  -8.15990e-05  -1.32871e-04  9.99653e-01  1.00005e+00
2.48605e+02  9.99764e-01  -7.90834e-05  -1.28192e-04  9.99665e-01  1.00005e+00
2.48709e+02  9.99775e-01  -7.57063e-05  -1.22117e-04  9.99680e-01  1.00005e+00
2.48814e+02  9.99788e-01  -7.15057e-05  -1.14715e-04  9.99699e-01  1.00004e+00
2.48919e+02  9.99803e-01  -6.65287e-05  -1.06069e-04  9.99721e-01  1.00004e+00
2.49024e+02  9.99820e-01  -6.08307e-05  -9.62754e-05  9.99747e-01  1.00004e+00
2.49128e+02  9.99839e-01  -5.44750e-05  -8.54432e-05  9.99775e-01  1.00003e+00
2.49233e+02  9.99860e-01  -4.75319e-05  -7.36924e-05  9.99805e-01  1.00003e+00
2.49338e+02  9.99882e-01  -4.00780e-05  -6.11528e-05  9.99838e-01  1.00002e+00
2.49442e+02  9.99906e-01  -3.21957e-05  -4.79630e-05  9.99872e-01  1.00002e+00
2.49547e+02  9.99931e-01  -2.39716e-05  -3.42680e-05  9.99907e-01  1.00001e+00
2.49652e+02  9.99956e-01  -1.54962e-05  -2.02187e-05  9.99944e-01  1.00000e+00
2.49757e+02  9.99982e-01  -6.86248e-06  -5.96914e-06  9.99981e-01  9.99999e-01
2.49861e+02  1.00001e+00  1.83475e-06  8.32426e-06  1.00002e+00  9.99994e-01
2.49966e+02  1.00003e+00  1.05002e-05  2.25050e-05  1.00006e+00  9.99988e-01
2.50071e+02  1.00006e+00  1.90391e-05  3.64180e-05  1.00009e+00  9.99983e-01
2.50175e+02  1.00008e+00  2.73581e-05  4.99112e-05  1.00013e+00  9.99977e-01
2.50280e+02  1.00011e+00  3.53663e-05  6.28376e-05  1.00016e+00  9.99973e-01
2.50385e+02  1.00013e+00  4.29763e-05  7.50563e-05  1.00019e+00  9.99968e-01
2.50490e+02  1.00015e+00  5.01054e-05  8.64346e-05  1.00022e+00  9.99964e-01
2.50594e+02  1.00017e+00  5.66760e-05  9.68491e-05  1.00025e+00  9.99960e-01
2.50699e+02  1.00019e+00  6.26168e-05  1.06187e-04  1.00027e+00  9.99956e-01
2.50804e+02  1.00020e+00  6.78636e-05  1.14348e-04  1.00030e+00  9.99954e-01
2.50909e+02  1.00022e+00  7.23597e-05  1.21244e-04  1.00031e+00  9.99951e-01
2.51013e+02  1.00023e+00  7.60569e-05  1.26801e-04  1.00033e+00  9.99949e-01
2.51118e+02  1.00024e+00  7.89157e-05  1.30961e-04  1.00034e+00  9.99948e-01
2.51223e+02  1.00024e+00  8.09060e-05  1.33680e-04  1.00035e+00  9.99947e-01
2.51327e+02  1.00025e+00  8.20071e-05  1.34931e-04  1.00035e+00  9.99947e-01
2.51432e+02  1.00025e+00  8.22081e-05  1.34702e-04  1.00035e+00  9.99948e-01
2.51537e+02  1.00024e+00  8.15083e-05  1.32997e-04  1.00035e+00  9.99949e-01
2.51642e+02  1.00024e+00  7.99164e-05  1.29839e-04  1.00034e+00  9.99950e-01
2.51746e+02  1.00023e+00  7.74514e-05  1.25263e-04  1.00033e+00  9.99952e-01
2.51851e+02  1.00022e+00  7.41415e-05  1.19323e-04  1.00031e+00  9.99955e-01
2.51956e+02  1.00021e+00  7.00243e-05  1.12084e-04  1.00029e+00  9.99958e-01
2.52060e+02  1.00019e+00  6.51460e-05  1.03630e-04  1.00027e+00  9.99962e-01
2.52165e+02  1.00018e+00  5.95613e-05  9.40540e-05  1.00025e+00  9.99966e-01
2.52270e+02  1.00016e+00  5.33325e-05  8.34631e-05  1.00022e+00  9.99970e-01
2.52375e+02  1.00014e+00  4.65289e-05  7.19750e-05  1.00019e+00  9.99975e-01
2.52479e+02  1.00012e+00  3.92258e-05  5.97169e-05  1.00016e+00  9.99980e-01
2.52584e+02  1.00009e+00  3.15039e-05  4.68243e-05  1.00013e+00  9.99985e-01
2.52689e+02  1.00007e+00  2.34487e-05  3.34396e-05  1.00009e+00  9.99990e-01
2.52793e+02  1.00004e+00  1.51487e-05  1.97100e-05  1.00005e+00  9.99995e-01
2.52898e+02  1.00002e+00  6.69518e-06  5.78641e-06  1.00002e+00  1.00000e+00
2.53003e+02  9.99992e-01  -1.81902e-06  -8.17834e-06  9.99982e-01  1.00001e+00
2.53108e+02  9.99967e-01  -1.03007e-05  -2.20314e-05  9.99946e-01  1.00001e+00
2.53212e+02  9.99942e-01  -1.86570e-05  -3.56212e-05  9.99910e-01  1.00002e+00
2.53317e+02  9.99918e-01  -2.67968e-05  -4.87995e-05  9.99876e-01  1.00002e+00
2.53422e+02  9.99894e-01  -3.46313e-05  -6.14229e-05  9.99843e-01  1.00003e+00
2.53527e+02  9.99872e-01  -4.20753e-05  -7.33539e-05  9.99811e-01  1.00003e+00
2.53631e+02  9.99852e-01  -4.90481e-05  -8.44633e-05  9.99782e-01  1.00004e+00
2.53736e+02  9.99833e-01  -5.54741e-05  -9.46308e-05  9.99755e-01  1.00004e+00
2.53841e+02  9.99815e-01  -6.12839e-05  -1.03747e-04  9.99731e-01  1.00004e+00
2.53945e+02  9.99800e-01  -6.64148e-05  -1.11713e-04  9.99710e-01  1.00005e+00
2.54050e+02  9.99787e-01  -7.08119e-05  -1.18444e-04  9.99692e-01  1.00005e+00
2.54155e+02  9.99777e-01  -7.44282e-05  -1.23869e-04  9.99678e-01  1.00005e+00
2.54260e+02  9.99769e-01  -7.72251e-05  -1.27930e-04  9.99667e-01  1.00005e+00
2.54364e+02  9.99763e-01  -7.91735e-05  -1.30585e-04  9.99660e-01  1.00005e+00
2.54469e+02  9.99760e-01  -8.02531e-05  -1.31807e-04  9.99656e-01  1.00005e+00
2.54574e+02  9.99760e-01  -8.04534e-05  -1.31584e-04  9.99656e-01  1.00005e+00
2.54678e+02  9.99762e-01  -7.97734e-05  -1.29922e-04  9.99660e-01  1.00005e+00
2.54783e+02  9.99767e-01  -7.82217e-05  -1.26841e-04  9.99668e-01  1.00005e+00
2.54888e+02  9.99774e-01  -7.58166e-05  -1.22377e-04  9.99679e-01  1.00005e+00
2.54993e+02  9.99784e-01  -7.25853e-05  -1.16580e-04  9.99694e-01  1.00004e+00
2.55097e+02  9.99796e-01  -6.85643e-05  -1.09516e-04  9.99712e-01  1.00004e+00
2.55202e+02  9.99811e-01  -6.37986e-05  -1.01264e-04  9.99734e-01  1.00004e+00
2.55307e+02  9.99827e-01  -5.83413e-05  -9.19159e-05  9.99758e-01  1.00003e+00
2.55411e+02  9.99846e-01  -5.22528e-05  -8.15759e-05  9.99785e-01  1.00003e+00
2.55516e+02  9.99866e-01  -4.56006e-05  -7.03584e-05  9.99814e-01  1.00002e+00
2.55621e+02  9.99887e-01  -3.84582e-05  -5.83874e-05  9.99845e-01  1.00002e+00
2.55726e+02  9.99910e-01  -3.09041e-05  -4.57949e-05  9.99878e-01  1.00001e+00
2.55830e+02  9.99933e-01  -2.30217e-05  -3.27196e-05  9.99912e-01  1.00001e+00
2.55935e+02  9.99958e-01  -1.48976e-05  -1.93054e-05  9.99946e-01  1.00000e+00
2.56040e+02  9.99982e-01  -6.62091e-06  -5.69942e-06  9.99982e-01  9.99999e-01
2.56145e+02  1.00001e+00  1.71752e-06  7.94900e-06  1.00002e+00  9.99994e-01
2.56249e+02  1.00003e+00  1.00263e-05  2.14904e-05  1.00005e+00  9.99989e-01
2.56354e+02  1.00006e+00  1.82146e-05  3.47767e-05  1.00009e+00  9.99983e-01
2.56459e+02  1.00008e+00  2.61928e-05  4.76627e-05  1.00012e+00  9.99979e-01
2.56563e+02  1.00010e+00  3.38738e-05  6.00080e-05  1.00015e+00  9.99974e-01
2.56668e+02  1.00012e+00  4.11737e-05  7.16780e-05  1.00018e+00  9.99969e-01
2.56773e+02  1.00015e+00  4.80132e-05  8.25459e-05  1.00021e+00  9.99965e-01
2.56878e+02  1.00016e+00  5.43179e-05  9.24938e-05  1.00024e+00  9.99962e-01
2.56982e+02  1.00018e+00  6.00192e-05  1.01414e-04  1.00026e+00  9.99959e-01
2.57087e+02  1.00020e+00  6.50556e-05  1.09210e-04  1.00028e+00  9.99956e-01
2.57192e+02  1.00021e+00  6.93726e-05  1.15799e-04  1.00030e+00  9.99954e-01
2.57296e+02  1.00022e+00  7.29239e-05  1.21110e-04  1.00032e+00  9.99952e-01
2.57401e+02  1.00023e+00  7.56715e-05  1.25086e-04  1.00033e+00  9.99951e-01
2.57506e+02  1.00023e+00  7.75864e-05  1.27686e-04  1.00033e+00  9.99950e-01
2.57611e+02  1.00024e+00  7.86487e-05  1.28883e-04  1.00034e+00  9.99950e-01
2.57715e+02  1.00024e+00  7.88479e-05  1.28667e-04  1.00034e+00  9.99950e-01
2.57820e+02  1.00023e+00  7.81830e-05  1.27042e-04  1.00033e+00  9.99951e-01
2.57925e+02  1.00023e+00  7.66626e-05  1.24028e-04  1.00032e+00  9.99953e-01
2.58029e+02  1.00022e+00  7.43044e-05  1.19660e-04  1.00031e+00  9.99955e-01
2.58134e+02  1.00021e+00  7.11356e-05  1.13988e-04  1.00030e+00  9.99957e-01
2.58239e+02  1.00020e+00  6.71920e-05  1.07076e-04  1.00028e+00  9.99960e-01
2.58344e+02  1.00019e+00  6.25180e-05  9.90025e-05  1.00026e+00  9.99964e-01
2.58448e+02  1.00017e+00  5.71658e-05  8.98566e-05  1.00024e+00  9.99967e-01
2.58553e+02  1.00015e+00  5.11952e-05  7.97407e-05  1.00021e+00  9.99971e-01
2.58658e+02  1.00013e+00  4.46724e-05  6.87670e-05  1.00018e+00  9.99976e-01
2.58763e+02  1.00011e+00  3.76697e-05  5.70573e-05  1.00015e+00  9.99981e-01
2.58867e+02  1.00009e+00  3.02646e-05  4.47407e-05  1.00012e+00  9.99986e-01
2.58972e+02  1.00007e+00  2.25388e-05  3.19534e-05  1.00009e+00  9.99991e-01
2.59077e+02  1.00004e+00  1.45772e-05  1.88359e-05  1.00005e+00  9.99996e-01
2.59181e+02  1.00002e+00  6.46759e-06  5.53240e-06  1.00002e+00  1.00000e+00
2.59286e+02  9.99993e-01  -1.70121e-06  -7.81107e-06  9.99983e-01  1.00001e+00
2.59391e+02  9.99969e-01  -9.83967e-06  -2.10484e-05  9.99948e-01  1.00001e+00
2.59496e+02  9.99945e-01  -1.78588e-05  -3.40349e-05  9.99914e-01  1.00002e+00
2.59600e+02  9.99921e-01  -2.56710e-05  -4.66289e-05  9.99881e-01  1.00002e+00
2.59705e+02  9.99899e-01  -3.31911e-05  -5.86930e-05  9.99849e-01  1.00003e+00
2.59810e+02  9.99878e-01  -4.03373e-05  -7.00963e-05  9.99819e-01  1.00003e+00
2.59914e+02  9.99858e-01  -4.70321e-05  -8.07148e-05  9.99792e-01  1.00003e+00
2.60019e+02  9.99840e-01  -5.32029e-05  -9.04337e-05  9.99766e-01  1.00004e+00
2.60124e+02  9.99823e-01  -5.87829e-05  -9.91481e-05  9.99743e-01  1.00004e+00
2.60229e+02  9.99808e-01  -6.37121e-05  -1.06764e-04  9.99723e-01  1.00004e+00
2.60333e+02  9.99796e-01  -6.79374e-05  -1.13200e-04  9.99706e-01  1.00005e+00
2.60438e+02  9.99786e-01  -7.14138e-05  -1.18388e-04  9.99692e-01  1.00005e+00
2.60543e+02  9.99778e-01  -7.41042e-05  -1.22272e-04  9.99681e-01  1.00005e+00
2.60647e+02  9.99773e-01  -7.59803e-05  -1.24813e-04  9.99674e-01  1.00005e+00
2.60752e+02  9.99770e-01  -7.70228e-05  -1.25984e-04  9.99671e-01  1.00005e+00
2.60857e+02  9.99769e-01  -7.72214e-05  -1.25774e-04  9.99671e-01  1.00005e+00
2.60962e+02  9.99771e-01  -7.65750e-05  -1.24188e-04  9.99675e-01  1.00005e+00
2.61066e+02  9.99776e-01  -7.50918e-05  -1.21246e-04  9.99682e-01  1.00005e+00
2.61171e+02  9.99783e-01  -7.27891e-05  -1.16982e-04  9.99693e-01  1.00004e+00
2.61276e+02  9.99793e-01  -6.96932e-05  -1.11443e-04  9.99707e-01  1.00004e+00
2.61381e+02  9.99804e-01  -6.58388e-05  -1.04693e-04  9.99725e-01  1.00004e+00
2.61485e+02  9.99818e-01  -6.12692e-05  -9.68067e-05  9.99745e-01  1.00004e+00
2.61590e+02  9.99834e-01  -5.60350e-05  -8.78726e-05  9.99768e-01  1.00003e+00
2.61695e+02  9.99852e-01  -5.01945e-05  -7.79896e-05  9.99794e-01  1.00003e+00
2.61799e+02  9.99871e-01  -4.38121e-05  -6.72672e-05  9.99822e-01  1.00002e+00
2.61904e+02  9.99891e-01  -3.69584e-05  -5.58240e-05  9.99851e-01  1.00002e+00
2.62009e+02  9.99913e-01  -2.97088e-05  -4.37861e-05  9.99883e-01  1.00001e+00
2.62114e+02  9.99936e-01  -2.21433e-05  -3.12861e-05  9.99915e-01  1.00001e+00
2.62218e+02  9.99959e-01  -1.43449e-05  -1.84614e-05  9.99949e-01  1.00000e+00
2.62323e+02  9.99983e-01  -6.39923e-06  -5.45288e-06  9.99983e-01  9.99999e-01
2.62428e+02  1.00001e+00  1.60651e-06  7.59681e-06  1.00002e+00  9.99994e-01
2.62532e+02  1.00003e+00  9.58462e-06  2.05447e-05  1.00005e+00  9.99989e-01
2.62637e+02  1.00005e+00  1.74478e-05  3.32493e-05  1.00008e+00  9.99984e-01
2.62742e+02  1.00008e+00  2.51100e-05  4.55717e-05  1.00012e+00  9.99980e-01
2.62847e+02  1.00010e+00  3.24876e-05  5.73775e-05  1.00015e+00  9.99975e-01
2.62951e+02  1.00012e+00  3.95002e-05  6.85382e-05  1.00018e+00  9.99971e-01
2.63056e+02  1.00014e+00  4.60712e-05  7.89324e-05  1.00020e+00  9.99967e-01
2.63161e+02  1.00016e+00  5.21293e-05  8.84473e-05  1.00023e+00  9.99964e-01
2.63265e+02  1.00017e+00  5.76087e-05  9.69798e-05  1.00025e+00  9.99961e-01
2.63370e+02  1.00019e+00  6.24501e-05  1.04438e-04  1.00027e+00  9.99958e-01
2.63475e+02  1.00020e+00  6.66011e-05  1.10742e-04  1.00029e+00  9.99956e-01
2.63580e+02  1.00021e+00  7.00172e-05  1.15823e-04  1.00030e+00  9.99954e-01
2.63684e+02  1.00022e+00  7.26618e-05  1.19629e-04  1.00031e+00  9.99953e-01
2.63789e+02  1.00022e+00  7.45069e-05  1.22118e-04  1.00032e+00  9.99952e-01
2.63894e+02  1.00023e+00  7.55334e-05  1.23267e-04  1.00032e+00  9.99952e-01
2.63999e+02  1.00023e+00  7.57310e-05  1.23063e-04  1.00032e+00  9.99953e-01
2.64103e+02  1.00022e+00  7.50987e-05  1.21512e-04  1.00032e+00  9.99954e-01
2.64208e+02  1.00022e+00  7.36446e-05  1.18633e-04  1.00031e+00  9.99955e-01
2.64313e+02  1.00021e+00  7.13857e-05  1.14458e-04  1.00030e+00  9.99957e-01
2.64417e+02  1.00020e+00  6.83479e-05  1.09035e-04  1.00029e+00  9.99959e-01
2.64522e+02  1.00019e+00  6.45655e-05  1.02427e-04  1.00027e+00  9.99962e-01
2.64627e+02  1.00018e+00  6.00811e-05  9.47064e-05  1.00025e+00  9.99965e-01
2.64732e+02  1.00016e+00  5.49447e-05  8.59601e-05  1.00023e+00  9.99969e-01
2.64836e+02  1.00015e+00  4.92137e-05  7.62855e-05  1.00020e+00  9.99973e-01
2.64941e+02  1.00013e+00  4.29516e-05  6.57900e-05  1.00017e+00  9.99977e-01
2.65046e+02  1.00011e+00  3.62278e-05  5.45897e-05  1.00015e+00  9.99982e-01
2.65150e+02  1.00009e+00  2.91165e-05  4.28084e-05  1.00011e+00  9.99986e-01
2.65255e+02  1.00006e+00  2.16964e-05  3.05760e-05  1.00008e+00  9.99991e-01
2.65360e+02  1.00004e+00  1.40490e-05  1.80272e-05  1.00005e+00  9.99996e-01
2.65465e+02  1.00002e+00  6.25843e-06  5.29986e-06  1.00002e+00  1.00000e+00
2.65569e+02  9.99993e-01  -1.58985e-06  -7.46640e-06  9.99983e-01  1.00001e+00
2.65674e+02  9.99970e-01  -9.40985e-06  -2.01318e-05  9.99950e-01  1.00001e+00
2.65779e+02  9.99947e-01  -1.71160e-05  -3.25577e-05  9.99918e-01  1.00002e+00
2.65883e+02  9.99925e-01  -2.46242e-05  -4.46087e-05  9.99886e-01  1.00002e+00
2.65988e+02  9.99903e-01  -3.18526e-05  -5.61534e-05  9.99856e-01  1.00002e+00
2.66093e+02  9.99883e-01  -3.87226e-05  -6.70662e-05  9.99827e-01  1.00003e+00
2.66198e+02  9.99864e-01  -4.51594e-05  -7.72287e-05  9.99800e-01  1.00003e+00
2.66302e+02  9.99846e-01  -5.10933e-05  -8.65309e-05  9.99776e-01  1.00004e+00
2.66407e+02  9.99830e-01  -5.64602e-05  -9.48722e-05  9.99754e-01  1.00004e+00
2.66512e+02  9.99816e-01  -6.12022e-05  -1.02163e-04  9.99734e-01  1.00004e+00
2.66616e+02  9.99804e-01  -6.52683e-05  -1.08325e-04  9.99718e-01  1.00004e+00
2.66721e+02  9.99794e-01  -6.86149e-05  -1.13292e-04  9.99705e-01  1.00004e+00
2.66826e+02  9.99787e-01  -7.12065e-05  -1.17013e-04  9.99695e-01  1.00005e+00
2.66931e+02  9.99781e-01  -7.30157e-05  -1.19447e-04  9.99688e-01  1.00005e+00
2.67035e+02  9.99779e-01  -7.40239e-05  -1.20571e-04  9.99685e-01  1.00005e+00
2.67140e+02  9.99778e-01  -7.42210e-05  -1.20374e-04  9.99685e-01  1.00005e+00
2.67245e+02  9.99780e-01  -7.36059e-05  -1.18859e-04  9.99689e-01  1.00005e+00
2.67350e+02  9.99785e-01  -7.21864e-05  -1.16046e-04  9.99696e-01  1.00004e+00
2.67454e+02  9.99791e-01  -6.99790e-05  -1.11968e-04  9.99706e-01  1.00004e+00
2.67559e+02  9.99801e-01  -6.70089e-05  -1.06669e-04  9.99720e-01  1.00004e+00
2.67664e+02  9.99812e-01  -6.33094e-05  -1.00211e-04  9.99736e-01  1.00004e+00
2.67768e+02  9.99825e-01  -5.89218e-05  -9.26654e-05  9.99756e-01  1.00003e+00
2.67873e+02  9.99840e-01  -5.38951e-05  -8.41160e-05  9.99778e-01  1.00003e+00
2.67978e+02  9.99857e-01  -4.82848e-05  -7.46580e-05  9.99802e-01  1.00003e+00
2.68083e+02  9.99876e-01  -4.21530e-05  -6.43961e-05  9.99829e-01  1.00002e+00
2.68187e+02  9.99895e-01  -3.55675e-05  -5.34437e-05  9.99858e-01  1.00002e+00
2.68292e+02  9.99916e-01  -2.86008e-05  -4.19215e-05  9.99888e-01  1.00001e+00
2.68397e+02  9.99938e-01  -2.13295e-05  -2.99564e-05  9.99919e-01  1.00001e+00
2.68501e+02  9.99960e-01  -1.38336e-05  -1.76800e-05  9.99951e-01  1.00000e+00
2.68606e+02  9.99983e-01  -6.19542e-06  -5.22702e-06  9.99983e-01  9.99999e-01
2.68711e+02  1.00001e+00  1.50136e-06  7.26593e-06  1.00002e+00  9.99994e-01
2.68816e+02  1.00003e+00  9.17236e-06  1.96620e-05  1.00005e+00  9.99990e-01
2.68920e+02  1.00005e+00  1.67336e-05  3.18257e-05  1.00008e+00  9.99985e-01
2.69025e+02  1.00007e+00  2.41025e-05  4.36240e-05  1.00011e+00  9.99980e-01
2.69130e+02  1.00009e+00  3.11984e-05  5.49283e-05  1.00014e+00  9.99976e-01
2.69234e+02  1.00011e+00  3.79440e-05  6.56155e-05  1.00017e+00  9.99972e-01
2.69339e+02  1.00013e+00  4.42658e-05  7.55692e-05  1.00020e+00  9.99969e-01
2.69444e+02  1.00015e+00  5.00951e-05  8.46815e-05  1.00022e+00  9.99965e-01
2.69549e+02  1.00017e+00  5.53684e-05  9.28536e-05  1.00024e+00  9.99963e-01
2.69653e+02  1.00018e+00  6.00287e-05  9.99974e-05  1.00026e+00  9.99960e-01
2.69758e+02  1.00019e+00  6.40257e-05  1.06036e-04  1.00028e+00  9.99958e-01
2.69863e+02  1.00020e+00  6.73163e-05  1.10905e-04  1.00029e+00  9.99956e-01
2.69968e+02  1.00021e+00  6.98653e-05  1.14552e-04  1.00030e+00  9.99955e-01
2.70072e+02  1.00021e+00  7.16458e-05  1.16939e-04  1.00031e+00  9.99955e-01
2.70177e+02  1.00022e+00  7.26391e-05  1.18042e-04  1.00031e+00  9.99955e-01
2.70282e+02  1.00022e+00  7.28354e-05  1.17851e-04  1.00031e+00  9.99955e-01
2.70386e+02  1.00022e+00  7.22336e-05  1.16368e-04  1.00030e+00  9.99956e-01
2.70491e+02  1.00021e+00  7.08412e-05  1.13614e-04  1.00030e+00  9.99957e-01
2.70596e+02  1.00020e+00  6.86747e-05  1.09619e-04  1.00029e+00  9.99959e-01
2.70701e+02  1.00020e+00  6.57586e-05  1.04429e-04  1.00027e+00  9.99961e-01
2.70805e+02  1.00018e+00  6.21262e-05  9.81028e-05  1.00026e+00  9.99964e-01
2.70910e+02  1.00017e+00  5.78180e-05  9.07113e-05  1.00024e+00  9.99967e-01
2.71015e+02  1.00016e+00  5.28822e-05  8.23370e-05  1.00022e+00  9.99971e-01
2.71119e+02  1.00014e+00  4.73739e-05  7.30731e-05  1.00019e+00  9.99974e-01
2.71224e+02  1.00012e+00  4.13541e-05  6.30225e-05  1.00017e+00  9.99978e-01
2.71329e+02  1.00010e+00  3.48894e-05  5.22963e-05  1.00014e+00  9.99983e-01
2.71434e+02  1.00008e+00  2.80514e-05  4.10131e-05  1.00011e+00  9.99987e-01
2.71538e+02  1.00006e+00  2.09153e-05  2.92972e-05  1.00008e+00  9.99992e-01
2.71643e+02  1.00004e+00  1.35599e-05  1.72777e-05  1.00005e+00  9.99996e-01
2.71748e+02  1.00002e+00  6.06585e-06  5.08651e-06  1.00002e+00  1.00000e+00
2.71852e+02  9.99994e-01  -1.48454e-06  -7.14258e-06  9.99984e-01  1.00001e+00
2.71957e+02  9.99971e-01  -9.00856e-06  -1.92756e-05  9.99952e-01  1.00001e+00
2.72062e+02  9.99949e-01  -1.64239e-05  -3.11800e-05  9.99921e-01  1.00001e+00
2.72167e+02  9.99928e-01  -2.36496e-05  -4.27257e-05  9.99891e-01  1.00002e+00
2.72271e+02  9.99907e-01  -3.06069e-05  -5.37870e-05  9.99862e-01  1.00002e+00
2.72376e+02  9.99887e-01  -3.72201e-05  -6.42434e-05  9.99834e-01  1.00003e+00
2.72481e+02  9.99869e-01  -4.34172e-05  -7.39816e-05  9.99809e-01  1.00003e+00
2.72586e+02  9.99852e-01  -4.91311e-05  -8.28959e-05  9.99785e-01  1.00003e+00
2.72690e+02  9.99837e-01  -5.42999e-05  -9.08902e-05  9.99764e-01  1.00004e+00
2.72795e+02  9.99823e-01  -5.88679e-05  -9.78782e-05  9.99745e-01  1.00004e+00
2.72900e+02  9.99812e-01  -6.27860e-05  -1.03785e-04  9.99730e-01  1.00004e+00
2.73004e+02  9.99802e-01  -6.60122e-05  -1.08548e-04  9.99717e-01  1.00004e+00
2.73109e+02  9.99795e-01  -6.85120e-05  -1.12116e-04  9.99707e-01  1.00004e+00
2.73214e+02  9.99790e-01  -7.02592e-05  -1.14451e-04  9.99701e-01  1.00004e+00
2.73319e+02  9.99787e-01  -7.12356e-05  -1.15532e-04  9.99698e-01  1.00004e+00
2.73423e+02  9.99787e-01  -7.14314e-05  -1.15346e-04  9.99698e-01  1.00004e+00
2.73528e+02  9.99788e-01  -7.08456e-05  -1.13898e-04  9.99701e-01  1.00004e+00
2.73633e+02  9.99793e-01  -6.94854e-05  -1.11206e-04  9.99708e-01  1.00004e+00
2.73737e+02  9.99799e-01  -6.73668e-05  -1.07300e-04  9.99718e-01  1.00004e+00
2.73842e+02  9.99808e-01  -6.45137e-05  -1.02226e-04  9.99731e-01  1.00004e+00
2.73947e+02  9.99819e-01  -6.09583e-05  -9.60398e-05  9.99747e-01  1.00004e+00
2.74052e+02  9.99831e-01  -5.67402e-05  -8.88110e-05  9.99766e-01  1.00003e+00
2.74156e+02  9.99846e-01  -5.19064e-05  -8.06202e-05  9.99787e-01  1.00003e+00
2.74261e+02  9.99862e-01  -4.65103e-05  -7.15581e-05  9.99810e-01  1.00003e+00
2.74366e+02  9.99880e-01  -4.06117e-05  -6.17250e-05  9.99836e-01  1.00002e+00
2.74470e+02  9.99899e-01  -3.42757e-05  -5.12298e-05  9.99863e-01  1.00002e+00
2.74575e+02  9.99919e-01  -2.75721e-05  -4.01879e-05  9.99892e-01  1.00001e+00
2.74680e+02  9.99940e-01  -2.05745e-05  -2.87210e-05  9.99922e-01  1.00001e+00
2.74785e+02  9.99962e-01  -1.33600e-05  -1.69552e-05  9.99953e-01  1.00000e+00
2.74889e+02  9.99984e-01  -6.00771e-06  -5.01967e-06  9.99984e-01  9.99999e-01
2.74994e+02  1.00001e+00  1.40171e-06  6.95477e-06  1.00002e+00  9.99994e-01
2.75099e+02  1.00003e+00  8.78710e-06  1.88369e-05  1.00005e+00  9.99990e-01
2.75204e+02  1.00005e+00  1.60676e-05  3.04969e-05  1.00008e+00  9.99986e-01
2.75308e+02  1.00007e+00  2.31636e-05  4.18071e-05  1.00011e+00  9.99981e-01
2.75413e+02  1.00009e+00  2.99976e-05  5.26444e-05  1.00014e+00  9.99977e-01
2.75518e+02  1.00011e+00  3.64950e-05  6.28905e-05  1.00016e+00  9.99974e-01
2.75622e+02  1.00013e+00  4.25851e-05  7.24341e-05  1.00019e+00  9.99970e-01
2.75727e+02  1.00015e+00  4.82015e-05  8.11715e-05  1.00021e+00  9.99967e-01
2.75832e+02  1.00016e+00  5.32832e-05  8.90080e-05  1.00023e+00  9.99964e-01
2.75937e+02  1.00017e+00  5.77752e-05  9.58591e-05  1.00025e+00  9.99962e-01
2.76041e+02  1.00018e+00  6.16290e-05  1.01651e-04  1.00026e+00  9.99960e-01
2.76146e+02  1.00019e+00  6.48030e-05  1.06322e-04  1.00028e+00  9.99958e-01
2.76251e+02  1.00020e+00  6.72633e-05  1.09821e-04  1.00029e+00  9.99957e-01
2.76355e+02  1.00021e+00  6.89837e-05  1.12113e-04  1.00029e+00  9.99957e-01
2.76460e+02  1.00021e+00  6.99463e-05  1.13174e-04  1.00030e+00  9.99957e-01
2.76565e+02  1.00021e+00  7.01415e-05  1.12994e-04  1.00030e+00  9.99957e-01
2.76670e+02  1.00021e+00  6.95681e-05  1.11576e-04  1.00029e+00  9.99958e-01
2.76774e+02  1.00020e+00  6.82333e-05  1.08938e-04  1.00029e+00  9.99959e-01
2.76879e+02  1.00020e+00  6.61527e-05  1.05111e-04  1.00028e+00  9.99961e-01
2.76984e+02  1.00019e+00  6.33502e-05  1.00138e-04  1.00026e+00  9.99963e-01
2.77088e+02  1.00018e+00  5.98573e-05  9.40750e-05  1.00025e+00  9.99966e-01
2.77193e+02  1.00017e+00  5.57132e-05  8.69902e-05  1.00023e+00  9.99969e-01
2.77298e+02  1.00015e+00  5.09642e-05  7.89627e-05  1.00021e+00  9.99972e-01
2.77403e+02  1.00014e+00  4.56631e-05  7.00817e-05  1.00019e+00  9.99976e-01
2.77507e+02  1.00012e+00  3.98688e-05  6.04457e-05  1.00016e+00  9.99979e-01
2.77612e+02  1.00010e+00  3.36454e-05  5.01615e-05  1.00013e+00  9.99983e-01
2.77717e+02  1.00008e+00  2.70616e-05  3.93425e-05  1.00011e+00  9.99988e-01
2.77822e+02  1.00006e+00  2.01900e-05  2.81081e-05  1.00008e+00  9.99992e-01
2.77926e+02  1.00004e+00  1.31063e-05  1.65818e-05  1.00005e+00  9.99997e-01
2.78031e+02  1.00002e+00  5.88827e-06  4.89038e-06  1.00002e+00  1.00000e+00
2.78136e+02  9.99994e-01  -1.38488e-06  -6.83804e-06  9.99985e-01  1.00001e+00
2.78240e+02  9.99973e-01  -8.63345e-06  -1.84750e-05  9.99954e-01  1.00001e+00
2.78345e+02  9.99951e-01  -1.57782e-05  -2.98932e-05  9.99924e-01  1.00001e+00
2.78450e+02  9.99931e-01  -2.27410e-05  -4.09680e-05  9.99895e-01  1.00002e+00
2.78555e+02  9.99911e-01  -2.94459e-05  -5.15787e-05  9.99867e-01  1.00002e+00
2.78659e+02  9.99892e-01  -3.58201e-05  -6.16098e-05  9.99841e-01  1.00003e+00
2.78764e+02  9.99874e-01  -4.17941e-05  -7.09525e-05  9.99816e-01  1.00003e+00
2.78869e+02  9.99857e-01  -4.73032e-05  -7.95054e-05  9.99794e-01  1.00003e+00
2.78973e+02  9.99843e-01  -5.22878e-05  -8.71762e-05  9.99773e-01  1.00003e+00
2.79078e+02  9.99830e-01  -5.66940e-05  -9.38822e-05  9.99756e-01  1.00004e+00
2.79183e+02  9.99819e-01  -6.04744e-05  -9.95513e-05  9.99740e-01  1.00004e+00
2.79288e+02  9.99809e-01  -6.35885e-05  -1.04123e-04  9.99728e-01  1.00004e+00
2.79392e+02  9.99802e-01  -6.60030e-05  -1.07549e-04  9.99719e-01  1.00004e+00
2.79497e+02  9.99797e-01  -6.76925e-05  -1.09793e-04  9.99713e-01  1.00004e+00
2.79602e+02  9.99795e-01  -6.86394e-05  -1.10833e-04  9.99710e-01  1.00004e+00
2.79706e+02  9.99794e-01  -6.88342e-05  -1.10658e-04  9.99710e-01  1.00004e+00
2.79811e+02  9.99796e-01  -6.82757e-05  -1.09272e-04  9.99713e-01  1.00004e+00
2.79916e+02  9.99800e-01  -6.69710e-05  -1.06693e-04  9.99720e-01  1.00004e+00
2.80021e+02  9.99806e-01  -6.49351e-05  -1.02949e-04  9.99729e-01  1.00004e+00
2.80125e+02  9.99815e-01  -6.21911e-05  -9.80836e-05  9.99742e-01  1.00004e+00
2.80230e+02  9.99825e-01  -5.87700e-05  -9.21513e-05  9.99757e-01  1.00003e+00
2.80335e+02  9.99837e-01  -5.47098e-05  -8.52183e-05  9.99775e-01  1.00003e+00
2.80440e+02  9.99851e-01  -5.00557e-05  -7.73619e-05  9.99795e-01  1.00003e+00
2.80544e+02  9.99867e-01  -4.48592e-05  -6.86691e-05  9.99818e-01  1.00002e+00
2.80649e+02  9.99884e-01  -3.91778e-05  -5.92362e-05  9.99842e-01  1.00002e+00
2.80754e+02  9.99903e-01  -3.30742e-05  -4.91673e-05  9.99869e-01  1.00002e+00
2.80858e+02  9.99922e-01  -2.66156e-05  -3.85735e-05  9.99896e-01  1.00001e+00
2.80963e+02  9.99942e-01  -1.98730e-05  -2.75714e-05  9.99925e-01  1.00001e+00
2.81068e+02  9.99963e-01  -1.29205e-05  -1.62819e-05  9.99955e-01  1.00000e+00
2.81173e+02  9.99984e-01  -5.83456e-06  -4.82894e-06  9.99985e-01  9.99999e-01
2.81277e+02  1.00001e+00  1.30725e-06  6.66186e-06  1.00001e+00  9.99995e-01
2.81382e+02  1.00003e+00  8.42663e-06  1.80647e-05  1.00004e+00  9.99990e-01
2.81487e+02  1.00005e+00  1.54457e-05  2.92547e-05  1.00007e+00  9.99986e-01
2.81591e+02  1.00007e+00  2.22876e-05  4.01098e-05  1.00010e+00  9.99982e-01
2.81696e+02  1.00009e+00  2.88777e-05  5.05114e-05  1.00013e+00  9.99978e-01
2.81801e+02  1.00011e+00  3.51440e-05  6.03463e-05  1.00016e+00  9.99975e-01
2.81906e+02  1.00012e+00  4.10182e-05  6.95073e-05  1.00018e+00  9.99972e-01
2.82010e+02  1.00014e+00  4.64364e-05  7.78951e-05  1.00020e+00  9.99969e-01
2.82115e+02  1.00015e+00  5.13398e-05  8.54187e-05  1.00022e+00  9.99966e-01
2.82220e+02  1.00017e+00  5.56752e-05  9.19969e-05  1.00024e+00  9.99964e-01
2.82324e+02  1.00018e+00  5.93956e-05  9.75587e-05  1.00025e+00  9.99962e-01
2.82429e+02  1.00019e+00  6.24611e-05  1.02045e-04  1.00027e+00  9.99960e-01
2.82534e+02  1.00019e+00  6.48388e-05  1.05407e-04  1.00028e+00  9.99959e-01
2.82639e+02  1.00020e+00  6.65034e-05  1.07610e-04  1.00028e+00  9.99959e-01
2.82743e+02  1.00020e+00  6.74375e-05  1.08632e-04  1.00028e+00  9.99959e-01
2.82848e+02  1.00020e+00  6.76318e-05  1.08462e-04  1.00028e+00  9.99959e-01
2.82953e+02  1.00020e+00  6.70849e-05  1.07105e-04  1.00028e+00  9.99960e-01
2.83057e+02  1.00020e+00  6.58039e-05  1.04576e-04  1.00027e+00  9.99961e-01
2.83162e+02  1.00019e+00  6.38036e-05  1.00906e-04  1.00027e+00  9.99963e-01
2.83267e+02  1.00018e+00  6.11068e-05  9.61349e-05  1.00025e+00  9.99965e-01
2.83372e+02  1.00017e+00  5.77440e-05  9.03177e-05  1.00024e+00  9.99967e-01
2.83476e+02  1.00016e+00  5.37529e-05  8.35192e-05  1.00022e+00  9.99970e-01
2.83581e+02  1.00015e+00  4.91780e-05  7.58153e-05  1.00020e+00  9.99973e-01
2.83686e+02  1.00013e+00  4.40702e-05  6.72917e-05  1.00018e+00  9.99977e-01
2.83791e+02  1.00011e+00  3.84861e-05  5.80429e-05  1.00015e+00  9.99980e-01
2.83895e+02  1.00010e+00  3.24875e-05  4.81712e-05  1.00013e+00  9.99984e-01
2.84000e+02  1.00008e+00  2.61407e-05  3.77856e-05  1.00010e+00  9.99988e-01
2.84105e+02  1.00006e+00  1.95156e-05  2.70006e-05  1.00007e+00  9.99993e-01
2.84209e+02  1.00004e+00  1.26851e-05  1.59348e-05  1.00004e+00  9.99997e-01
2.84314e+02  1.00002e+00  5.72426e-06  4.70974e-06  1.00002e+00  1.00000e+00
2.84419e+02  9.99995e-01  -1.29050e-06  -6.55135e-06  9.99986e-01  1.00001e+00
2.84524e+02  9.99974e-01  -8.28237e-06  -1.77252e-05  9.99956e-01  1.00001e+00
2.84628e+02  9.99953e-01  -1.51748e-05  -2.86896e-05  9.99927e-01  1.00001e+00
2.84733e+02  9.99933e-01  -2.18926e-05  -3.93248e-05  9.99899e-01  1.00002e+00
2.84838e+02  9.99914e-01  -2.83625e-05  -4.95150e-05  9.99873e-01  1.00002e+00
2.84942e+02  9.99896e-01  -3.45139e-05  -5.91491e-05  9.99847e-01  1.00002e+00
2.85047e+02  9.99878e-01  -4.02801e-05  -6.81227e-05  9.99823e-01  1.00003e+00
2.85152e+02  9.99863e-01  -4.55984e-05  -7.63383e-05  9.99802e-01  1.00003e+00
2.85257e+02  9.99848e-01  -5.04113e-05  -8.37072e-05  9.99782e-01  1.00003e+00
2.85361e+02  9.99836e-01  -5.46667e-05  -9.01499e-05  9.99765e-01  1.00004e+00
2.85466e+02  9.99825e-01  -5.83189e-05  -9.55973e-05  9.99750e-01  1.00004e+00
2.85571e+02  9.99816e-01  -6.13286e-05  -9.99910e-05  9.99739e-01  1.00004e+00
2.85675e+02  9.99809e-01  -6.36637e-05  -1.03284e-04  9.99730e-01  1.00004e+00
2.85780e+02  9.99805e-01  -6.52995e-05  -1.05443e-04  9.99724e-01  1.00004e+00
2.85885e+02  9.99802e-01  -6.62190e-05  -1.06445e-04  9.99721e-01  1.00004e+00
2.85990e+02  9.99802e-01  -6.64129e-05  -1.06281e-04  9.99721e-01  1.00004e+00
2.86094e+02  9.99803e-01  -6.58801e-05  -1.04953e-04  9.99724e-01  1.00004e+00
2.86199e+02  9.99807e-01  -6.46270e-05  -1.02479e-04  9.99730e-01  1.00004e+00
2.86304e+02  9.99813e-01  -6.26684e-05  -9.88865e-05  9.99740e-01  1.00004e+00
2.86409e+02  9.99821e-01  -6.00263e-05  -9.42164e-05  9.99752e-01  1.00003e+00
2.86513e+02  9.99831e-01  -5.67304e-05  -8.85212e-05  9.99766e-01  1.00003e+00
2.86618e+02  9.99843e-01  -5.28175e-05  -8.18646e-05  9.99783e-01  1.00003e+00
2.86723e+02  9.99857e-01  -4.83311e-05  -7.43205e-05  9.99803e-01  1.00003e+00
2.86827e+02  9.99872e-01  -4.33208e-05  -6.59728e-05  9.99825e-01  1.00002e+00
2.86932e+02  9.99888e-01  -3.78420e-05  -5.69136e-05  9.99848e-01  1.00002e+00
2.87037e+02  9.99906e-01  -3.19551e-05  -4.72432e-05  9.99874e-01  1.00002e+00
2.87142e+02  9.99924e-01  -2.57250e-05  -3.70679e-05  9.99900e-01  1.00001e+00
2.87246e+02  9.99944e-01  -1.92202e-05  -2.64999e-05  9.99928e-01  1.00001e+00
2.87351e+02  9.99964e-01  -1.25122e-05  -1.56553e-05  9.99956e-01  1.00000e+00
2.87456e+02  9.99984e-01  -5.67460e-06  -4.65319e-06  9.99985e-01  9.99999e-01
2.87560e+02  1.00001e+00  1.21764e-06  6.38587e-06  1.00001e+00  9.99995e-01
2.87665e+02  1.00003e+00  8.08897e-06  1.73409e-05  1.00004e+00  9.99991e-01
2.87770e+02  1.00005e+00  1.48642e-05  2.80921e-05  1.00007e+00  9.99987e-01
2.87875e+02  1.00007e+00  2.14692e-05  3.85220e-05  1.00010e+00  9.99983e-01
2.87979e+02  1.00008e+00  2.78318e-05  4.85168e-05  1.00012e+00  9.99979e-01
2.88084e+02  1.00010e+00  3.38826e-05  5.79675e-05  1.00015e+00  9.99976e-01
2.88189e+02  1.00012e+00  3.95557e-05  6.67712e-05  1.00017e+00  9.99973e-01
2.88293e+02  1.00013e+00  4.47892e-05  7.48325e-05  1.00019e+00  9.99970e-01
2.88398e+02  1.00015e+00  4.95263e-05  8.20639e-05  1.00021e+00  9.99967e-01
2.88503e+02  1.00016e+00  5.37156e-05  8.83871e-05  1.00023e+00  9.99965e-01
2.88608e+02  1.00017e+00  5.73118e-05  9.37342e-05  1.00024e+00  9.99964e-01
2.88712e+02  1.00018e+00  6.02762e-05  9.80477e-05  1.00026e+00  9.99962e-01
2.88817e+02  1.00019e+00  6.25769e-05  1.01282e-04  1.00027e+00  9.99961e-01
2.88922e+02  1.00019e+00  6.41896e-05  1.03402e-04  1.00027e+00  9.99961e-01
2.89027e+02  1.00019e+00  6.50972e-05  1.04387e-04  1.00027e+00  9.99961e-01
2.89131e+02  1.00020e+00  6.52907e-05  1.04228e-04  1.00027e+00  9.99961e-01
2.89236e+02  1.00019e+00  6.47687e-05  1.02927e-04  1.00027e+00  9.99962e-01
2.89341e+02  1.00019e+00  6.35379e-05  1.00501e-04  1.00026e+00  9.99963e-01
2.89445e+02  1.00018e+00  6.16125e-05  9.69765e-05  1.00026e+00  9.99965e-01
2.89550e+02  1.00018e+00  5.90146e-05  9.23950e-05  1.00024e+00  9.99967e-01
2.89655e+02  1.00017e+00  5.57733e-05  8.68075e-05  1.00023e+00  9.99969e-01
2.89760e+02  1.00015e+00  5.19249e-05  8.02768e-05  1.00021e+00  9.99972e-01
2.89864e+02  1.00014e+00  4.75125e-05  7.28755e-05  1.00019e+00  9.99975e-01
2.89969e+02  1.00013e+00  4.25850e-05  6.46860e-05  1.00017e+00  9.99978e-01
2.90074e+02  1.00011e+00  3.71971e-05  5.57991e-05  1.00015e+00  9.99981e-01
2.90178e+02  1.00009e+00  3.14084e-05  4.63130e-05  1.00012e+00  9.99985e-01
2.90283e+02  1.00007e+00  2.52827e-05  3.63325e-05  1.00010e+00  9.99989e-01
2.90388e+02  1.00006e+00  1.88875e-05  2.59675e-05  1.00007e+00  9.99993e-01
2.90493e+02  1.00004e+00  1.22934e-05  1.53321e-05  1.00004e+00  9.99997e-01
2.90597e+02  1.00002e+00  5.57258e-06  4.54308e-06  1.00001e+00  1.00000e+00
2.90702e+02  9.99995e-01  -1.20107e-06  -6.28119e-06  9.99986e-01  1.00001e+00
2.90807e+02  9.99975e-01  -7.95340e-06  -1.70222e-05  9.99958e-01  1.00001e+00
2.90911e+02  9.99955e-01  -1.46105e-05  -2.75624e-05  9.99930e-01  1.00001e+00
2.91016e+02  9.99936e-01  -2.10997e-05  -3.77868e-05  9.99903e-01  1.00002e+00
2.91121e+02  9.99917e-01  -2.73502e-05  -4.75838e-05  9.99877e-01  1.00002e+00
2.91226e+02  9.99899e-01  -3.32938e-05  -5.68470e-05  9.99853e-01  1.00002e+00
2.91330e+02  9.99883e-01  -3.88661e-05  -6.54755e-05  9.99830e-01  1.00003e+00
2.91435e+02  9.99868e-01  -4.40064e-05  -7.33759e-05  9.99809e-01  1.00003e+00
2.91540e+02  9.99854e-01  -4.86590e-05  -8.04626e-05  9.99790e-01  1.00003e+00
2.91645e+02  9.99842e-01  -5.27738e-05  -8.66594e-05  9.99774e-01  1.00003e+00
2.91749e+02  9.99831e-01  -5.63064e-05  -9.18994e-05  9.99760e-01  1.00004e+00
2.91854e+02  9.99823e-01  -5.92187e-05  -9.61268e-05  9.99749e-01  1.00004e+00
2.91959e+02  9.99816e-01  -6.14798e-05  -9.92966e-05  9.99740e-01  1.00004e+00
2.92063e+02  9.99811e-01  -6.30657e-05  -1.01376e-04  9.99734e-01  1.00004e+00
2.92168e+02  9.99809e-01  -6.39597e-05  -1.02342e-04  9.99731e-01  1.00004e+00
2.92273e+02  9.99808e-01  -6.41529e-05  -1.02188e-04  9.99731e-01  1.00004e+00
2.92378e+02  9.99810e-01  -6.36441e-05  -1.00915e-04  9.99735e-01  1.00004e+00
2.92482e+02  9.99814e-01  -6.24394e-05  -9.85393e-05  9.99740e-01  1.00004e+00
2.92587e+02  9.99819e-01  -6.05530e-05  -9.50882e-05  9.99749e-01  1.00003e+00
2.92692e+02  9.99827e-01  -5.80060e-05  -9.06009e-05  9.99761e-01  1.00003e+00
2.92796e+02  9.99837e-01  -5.48272e-05  -8.51276e-05  9.99775e-01  1.00003e+00
2.92901e+02  9.99848e-01  -5.10519e-05  -7.87295e-05  9.99791e-01  1.00003e+00
2.93006e+02  9.99861e-01  -4.67221e-05  -7.14778e-05  9.99810e-01  1.00002e+00
2.93111e+02  9.99876e-01  -4.18857e-05  -6.34528e-05  9.99831e-01  1.00002e+00
2.93215e+02  9.99892e-01  -3.65961e-05  -5.47433e-05  9.99854e-01  1.00002e+00
2.93320e+02  9.99909e-01  -3.09116e-05  -4.54455e-05  9.99878e-01  1.00001e+00
2.93425e+02  9.99927e-01  -2.48950e-05  -3.56618e-05  9.99904e-01  1.00001e+00
2.93529e+02  9.99946e-01  -1.86122e-05  -2.54999e-05  9.99930e-01  1.00001e+00
2.93634e+02  9.99965e-01  -1.21324e-05  -1.50714e-05  9.99958e-01  1.00000e+00
2.93739e+02  9.99985e-01  -5.52664e-06  -4.49094e-06  9.99985e-01  9.99999e-01
2.93844e+02  1.00000e+00  1.13258e-06  6.12556e-06  1.00001e+00  9.99995e-01
2.93948e+02  1.00002e+00  7.77232e-06  1.66618e-05  1.00004e+00  9.99991e-01
2.94053e+02  1.00004e+00  1.43199e-05  2.70026e-05  1.00007e+00  9.99987e-01
2.94158e+02  1.00006e+00  2.07037e-05  3.70348e-05  1.00009e+00  9.99984e-01
2.94263e+02  1.00008e+00  2.68540e-05  4.66490e-05  1.00012e+00  9.99980e-01
2.94367e+02  1.00010e+00  3.27037e-05  5.57404e-05  1.00014e+00  9.99977e-01
2.94472e+02  1.00012e+00  3.81889e-05  6.42100e-05  1.00017e+00  9.99974e-01
2.94577e+02  1.00013e+00  4.32499e-05  7.19659e-05  1.00019e+00  9.99971e-01
2.94681e+02  1.00014e+00  4.78319e-05  7.89240e-05  1.00021e+00  9.99969e-01
2.94786e+02  1.00016e+00  5.18849e-05  8.50089e-05  1.00022e+00  9.99967e-01
2.94891e+02  1.00017e+00  5.53652e-05  9.01552e-05  1.00024e+00  9.99965e-01
2.94996e+02  1.00017e+00  5.82352e-05  9.43076e-05  1.00025e+00  9.99964e-01
2.95100e+02  1.00018e+00  6.04642e-05  9.74218e-05  1.00026e+00  9.99963e-01
2.95205e+02  1.00019e+00  6.20284e-05  9.94650e-05  1.00026e+00  9.99963e-01
2.95310e+02  1.00019e+00  6.29114e-05  1.00416e-04  1.00026e+00  9.99962e-01
2.95414e+02  1.00019e+00  6.31043e-05  1.00266e-04  1.00026e+00  9.99963e-01
2.95519e+02  1.00019e+00  6.26057e-05  9.90184e-05  1.00026e+00  9.99964e-01
2.95624e+02  1.00018e+00  6.14218e-05  9.66875e-05  1.00025e+00  9.99965e-01
2.95729e+02  1.00018e+00  5.95666e-05  9.33007e-05  1.00025e+00  9.99966e-01
2.95833e+02  1.00017e+00  5.70610e-05  8.88963e-05  1.00023e+00  9.99968e-01
2.95938e+02  1.00016e+00  5.39332e-05  8.35239e-05  1.00022e+00  9.99970e-01
2.96043e+02  1.00015e+00  5.02183e-05  7.72438e-05  1.00020e+00  9.99973e-01
2.96147e+02  1.00014e+00  4.59578e-05  7.01258e-05  1.00019e+00  9.99976e-01
2.96252e+02  1.00012e+00  4.11988e-05  6.22491e-05  1.00017e+00  9.99979e-01
2.96357e+02  1.00011e+00  3.59942e-05  5.37009e-05  1.00014e+00  9.99982e-01
2.96462e+02  1.00009e+00  3.04014e-05  4.45757e-05  1.00012e+00  9.99986e-01
2.96566e+02  1.00007e+00  2.44823e-05  3.49743e-05  1.00009e+00  9.99990e-01
2.96671e+02  1.00005e+00  1.83021e-05  2.50025e-05  1.00007e+00  9.99993e-01
2.96776e+02  1.00003e+00  1.19287e-05  1.47700e-05  1.00004e+00  9.99997e-01
2.96881e+02  1.00002e+00  5.43216e-06  4.38904e-06  1.00001e+00  1.00000e+00
2.96985e+02  9.99995e-01  -1.11626e-06  -6.02637e-06  9.99987e-01  1.00000e+00
2.97090e+02  9.99976e-01  -7.64481e-06  -1.63622e-05  9.99960e-01  1.00001e+00
2.97195e+02  9.99957e-01  -1.40821e-05  -2.65054e-05  9.99933e-01  1.00001e+00
2.97299e+02  9.99938e-01  -2.03577e-05  -3.63453e-05  9.99907e-01  1.00002e+00
2.97404e+02  9.99920e-01  -2.64032e-05  -4.57745e-05  9.99882e-01  1.00002e+00
2.97509e+02  9.99903e-01  -3.21528e-05  -5.46903e-05  9.99858e-01  1.00002e+00
2.97614e+02  9.99887e-01  -3.75439e-05  -6.29959e-05  9.99836e-01  1.00003e+00
2.97718e+02  9.99872e-01  -4.25179e-05  -7.06013e-05  9.99816e-01  1.00003e+00
2.97823e+02  9.99859e-01  -4.70210e-05  -7.74240e-05  9.99798e-01  1.00003e+00
2.97928e+02  9.99847e-01  -5.10044e-05  -8.33905e-05  9.99782e-01  1.00003e+00
2.98032e+02  9.99837e-01  -5.44253e-05  -8.84367e-05  9.99769e-01  1.00003e+00
2.98137e+02  9.99828e-01  -5.72468e-05  -9.25085e-05  9.99758e-01  1.00004e+00
2.98242e+02  9.99822e-01  -5.94388e-05  -9.55626e-05  9.99749e-01  1.00004e+00
2.98347e+02  9.99818e-01  -6.09780e-05  -9.75669e-05  9.99744e-01  1.00004e+00
2.98451e+02  9.99815e-01  -6.18483e-05  -9.85009e-05  9.99741e-01  1.00004e+00
2.98556e+02  9.99815e-01  -6.20410e-05  -9.83556e-05  9.99741e-01  1.00004e+00
2.98661e+02  9.99816e-01  -6.15546e-05  -9.71340e-05  9.99744e-01  1.00004e+00
2.98765e+02  9.99820e-01  -6.03953e-05  -9.48509e-05  9.99750e-01  1.00003e+00
2.98870e+02  9.99825e-01  -5.85764e-05  -9.15325e-05  9.99758e-01  1.00003e+00
2.98975e+02  9.99833e-01  -5.61185e-05  -8.72164e-05  9.99769e-01  1.00003e+00
2.99080e+02  9.99842e-01  -5.30492e-05  -8.19510e-05  9.99783e-01  1.00003e+00
2.99184e+02  9.99853e-01  -4.94026e-05  -7.57951e-05  9.99799e-01  1.00003e+00
2.99289e+02  9.99866e-01  -4.52192e-05  -6.88172e-05  9.99817e-01  1.00002e+00
2.99394e+02  9.99880e-01  -4.05454e-05  -6.10945e-05  9.99837e-01  1.00002e+00
2.99498e+02  9.99895e-01  -3.54327e-05  -5.27125e-05  9.99859e-01  1.00002e+00
2.99603e+02  9.99912e-01  -2.99375e-05  -4.37637e-05  9.99883e-01  1.00001e+00
2.99708e+02  9.99929e-01  -2.41203e-05  -3.43467e-05  9.99907e-01  1.00001e+00
2.99813e+02  9.99947e-01  -1.80451e-05  -2.45651e-05  9.99933e-01  1.00001e+00
2.99917e+02  9.99966e-01  -1.17786e-05  -1.45265e-05  9.99959e-01  1.00000e+00
3.00022e+02  9.99985e-01  -5.38963e-06  -4.34092e-06  9.99986e-01  9.99999e-01
3.00127e+02  1.00000e+00  1.05178e-06  5.87984e-06  1.00001e+00  9.99995e-01
3.00232e+02  1.00002e+00  7.47506e-06  1.60239e-05  1.00004e+00  9.99991e-01
3.00336e+02  1.00004e+00  1.38099e-05  2.59802e-05  1.00007e+00  9.99988e-01
3.00441e+02  1.00006e+00  1.99870e-05  3.56400e-05  1.00009e+00  9.99984e-01
3.00546e+02  1.00008e+00  2.59388e-05  4.48978e-05  1.00012e+00  9.99981e-01
3.00650e+02  1.00010e+00  3.16005e-05  5.36528e-05  1.00014e+00  9.99978e-01
3.00755e+02  1.00011e+00  3.69102e-05  6.18095e-05  1.00016e+00  9.99975e-01
3.00860e+02  1.00013e+00  4.18101e-05  6.92795e-05  1.00018e+00  9.99973e-01
3.00965e+02  1.00014e+00  4.62470e-05  7.59816e-05  1.00020e+00  9.99970e-01
3.01069e+02  1.00015e+00  5.01727e-05  8.18434e-05  1.00021e+00  9.99968e-01
3.01174e+02  1.00016e+00  5.35447e-05  8.68017e-05  1.00023e+00  9.99967e-01
3.01279e+02  1.00017e+00  5.63267e-05  9.08032e-05  1.00024e+00  9.99966e-01
3.01383e+02  1.00018e+00  5.84887e-05  9.38052e-05  1.00025e+00  9.99965e-01
3.01488e+02  1.00018e+00  6.00077e-05  9.57761e-05  1.00025e+00  9.99964e-01
3.01593e+02  1.00018e+00  6.08677e-05  9.66956e-05  1.00025e+00  9.99964e-01
3.01698e+02  1.00018e+00  6.10601e-05  9.65548e-05  1.00025e+00  9.99965e-01
3.01802e+02  1.00018e+00  6.05834e-05  9.53566e-05  1.00025e+00  9.99965e-01
3.01907e+02  1.00018e+00  5.94436e-05  9.31155e-05  1.00025e+00  9.99966e-01
3.02012e+02  1.00017e+00  5.76540e-05  8.98573e-05  1.00024e+00  9.99968e-01
3.02116e+02  1.00016e+00  5.52348e-05  8.56191e-05  1.00023e+00  9.99970e-01
3.02221e+02  1.00016e+00  5.22133e-05  8.04484e-05  1.00021e+00  9.99972e-01
3.02326e+02  1.00014e+00  4.86233e-05  7.44031e-05  1.00020e+00  9.99974e-01
3.02431e+02  1.00013e+00  4.45047e-05  6.75506e-05  1.00018e+00  9.99977e-01
3.02535e+02  1.00012e+00  3.99034e-05  5.99670e-05  1.00016e+00  9.99980e-01
3.02640e+02  1.00010e+00  3.48702e-05  5.17363e-05  1.00014e+00  9.99983e-01
3.02745e+02  1.00009e+00  2.94609e-05  4.29494e-05  1.00012e+00  9.99987e-01
3.02850e+02  1.00007e+00  2.37350e-05  3.37033e-05  1.00009e+00  9.99990e-01
3.02954e+02  1.00005e+00  1.77558e-05  2.41000e-05  1.00007e+00  9.99994e-01
3.03059e+02  1.00003e+00  1.15888e-05  1.42450e-05  1.00004e+00  9.99997e-01
3.03164e+02  1.00001e+00  5.30201e-06  4.24647e-06  1.00001e+00  1.00000e+00
3.03268e+02  9.99996e-01  -1.03576e-06  -5.78579e-06  9.99987e-01  1.00000e+00
3.03373e+02  9.99977e-01  -7.35504e-06  -1.57420e-05  9.99961e-01  1.00001e+00
3.03478e+02  9.99958e-01  -1.35867e-05  -2.55132e-05  9.99935e-01  1.00001e+00
3.03583e+02  9.99940e-01  -1.96626e-05  -3.49926e-05  9.99910e-01  1.00002e+00
3.03687e+02  9.99923e-01  -2.55165e-05  -4.40771e-05  9.99886e-01  1.00002e+00
3.03792e+02  9.99906e-01  -3.10846e-05  -5.26675e-05  9.99864e-01  1.00002e+00
3.03897e+02  9.99891e-01  -3.63063e-05  -6.06705e-05  9.99842e-01  1.00002e+00
3.04001e+02  9.99876e-01  -4.11248e-05  -6.79994e-05  9.99823e-01  1.00003e+00
3.04106e+02  9.99863e-01  -4.54881e-05  -7.45748e-05  9.99805e-01  1.00003e+00
3.04211e+02  9.99852e-01  -4.93487e-05  -8.03256e-05  9.99790e-01  1.00003e+00
3.04316e+02  9.99842e-01  -5.26652e-05  -8.51901e-05  9.99777e-01  1.00003e+00
3.04420e+02  9.99834e-01  -5.54018e-05  -8.91161e-05  9.99766e-01  1.00003e+00
3.04525e+02  9.99828e-01  -5.75292e-05  -9.20619e-05  9.99758e-01  1.00003e+00
3.04630e+02  9.99823e-01  -5.90249e-05  -9.39964e-05  9.99753e-01  1.00003e+00
3.04734e+02  9.99821e-01  -5.98731e-05  -9.48998e-05  9.99750e-01  1.00004e+00
3.04839e+02  9.99821e-01  -6.00654e-05  -9.47633e-05  9.99750e-01  1.00003e+00
3.04944e+02  9.99822e-01  -5.96002e-05  -9.35899e-05  9.99753e-01  1.00003e+00
3.05049e+02  9.99825e-01  -5.84833e-05  -9.13936e-05  9.99759e-01  1.00003e+00
3.05153e+02  9.99831e-01  -5.67278e-05  -8.81996e-05  9.99767e-01  1.00003e+00
3.05258e+02  9.99838e-01  -5.43532e-05  -8.40441e-05  9.99778e-01  1.00003e+00
3.05363e+02  9.99847e-01  -5.13864e-05  -7.89738e-05  9.99791e-01  1.00003e+00
3.05468e+02  9.99858e-01  -4.78603e-05  -7.30451e-05  9.99806e-01  1.00003e+00
3.05572e+02  9.99870e-01  -4.38140e-05  -6.63239e-05  9.99824e-01  1.00002e+00
3.05677e+02  9.99883e-01  -3.92923e-05  -5.88848e-05  9.99843e-01  1.00002e+00
3.05782e+02  9.99898e-01  -3.43452e-05  -5.08099e-05  9.99864e-01  1.00002e+00
3.05886e+02  9.99914e-01  -2.90271e-05  -4.21885e-05  9.99887e-01  1.00001e+00
3.05991e+02  9.99931e-01  -2.33966e-05  -3.31153e-05  9.99910e-01  1.00001e+00
3.06096e+02  9.99949e-01  -1.75156e-05  -2.36904e-05  9.99935e-01  1.00001e+00
3.06201e+02  9.99967e-01  -1.14488e-05  -1.40172e-05  9.99961e-01  1.00000e+00
3.06305e+02  9.99985e-01  -5.26263e-06  -4.20200e-06  9.99986e-01  9.99999e-01
3.06410e+02  1.00000e+00  9.74980e-07  5.64768e-06  1.00001e+00  9.99995e-01
3.06515e+02  1.00002e+00  7.19572e-06  1.54239e-05  1.00004e+00  9.99992e-01
3.06619e+02  1.00004e+00  1.33315e-05  2.50198e-05  1.00006e+00  9.99988e-01
3.06724e+02  1.00006e+00  1.93152e-05  3.43304e-05  1.00009e+00  9.99985e-01
3.06829e+02  1.00008e+00  2.50814e-05  4.32540e-05  1.00011e+00  9.99982e-01
3.06934e+02  1.00009e+00  3.05671e-05  5.16935e-05  1.00013e+00  9.99979e-01
3.07038e+02  1.00011e+00  3.57127e-05  5.95569e-05  1.00015e+00  9.99976e-01
3.07143e+02  1.00012e+00  4.04619e-05  6.67588e-05  1.00017e+00  9.99974e-01
3.07248e+02  1.00013e+00  4.47631e-05  7.32210e-05  1.00019e+00  9.99972e-01
3.07352e+02  1.00015e+00  4.85698e-05  7.88737e-05  1.00021e+00  9.99970e-01
3.07457e+02  1.00016e+00  5.18405e-05  8.36557e-05  1.00022e+00  9.99968e-01
3.07562e+02  1.00016e+00  5.45401e-05  8.75158e-05  1.00023e+00  9.99967e-01
3.07667e+02  1.00017e+00  5.66395e-05  9.04128e-05  1.00024e+00  9.99966e-01
3.07771e+02  1.00017e+00  5.81163e-05  9.23160e-05  1.00024e+00  9.99966e-01
3.07876e+02  1.00018e+00  5.89550e-05  9.32058e-05  1.00025e+00  9.99966e-01
3.07981e+02  1.00018e+00  5.91470e-05  9.30736e-05  1.00025e+00  9.99966e-01
3.08086e+02  1.00018e+00  5.86909e-05  9.19222e-05  1.00024e+00  9.99967e-01
3.08190e+02  1.00017e+00  5.75924e-05  8.97654e-05  1.00024e+00  9.99968e-01
3.08295e+02  1.00017e+00  5.58642e-05  8.66280e-05  1.00023e+00  9.99969e-01
3.08400e+02  1.00016e+00  5.35260e-05  8.25456e-05  1.00022e+00  9.99971e-01
3.08504e+02  1.00015e+00  5.06041e-05  7.75642e-05  1.00021e+00  9.99973e-01
3.08609e+02  1.00014e+00  4.71310e-05  7.17394e-05  1.00019e+00  9.99975e-01
3.08714e+02  1.00013e+00  4.31454e-05  6.51360e-05  1.00017e+00  9.99978e-01
3.08819e+02  1.00011e+00  3.86917e-05  5.78274e-05  1.00015e+00  9.99981e-01
3.08923e+02  1.00010e+00  3.38191e-05  4.98945e-05  1.00013e+00  9.99984e-01
3.09028e+02  1.00008e+00  2.85814e-05  4.14251e-05  1.00011e+00  9.99987e-01
3.09133e+02  1.00007e+00  2.30365e-05  3.25124e-05  1.00009e+00  9.99991e-01
3.09237e+02  1.00005e+00  1.72454e-05  2.32548e-05  1.00006e+00  9.99994e-01
3.09342e+02  1.00003e+00  1.12718e-05  1.37540e-05  1.00004e+00  9.99998e-01
3.09447e+02  1.00001e+00  5.18127e-06  4.11431e-06  1.00001e+00  1.00000e+00
3.09552e+02  9.99996e-01  -9.59291e-07  -5.55846e-06  9.99988e-01  1.00000e+00
3.09656e+02  9.99978e-01  -7.08266e-06  -1.51584e-05  9.99963e-01  1.00001e+00
3.09761e+02  9.99960e-01  -1.31218e-05  -2.45806e-05  9.99938e-01  1.00001e+00
3.09866e+02  9.99942e-01  -1.90108e-05  -3.37219e-05  9.99914e-01  1.00001e+00
3.09970e+02  9.99925e-01  -2.46853e-05  -4.24829e-05  9.99890e-01  1.00002e+00
3.10075e+02  9.99909e-01  -3.00835e-05  -5.07680e-05  9.99868e-01  1.00002e+00
3.10180e+02  9.99894e-01  -3.51466e-05  -5.84872e-05  9.99848e-01  1.00002e+00
3.10285e+02  9.99880e-01  -3.98197e-05  -6.55567e-05  9.99829e-01  1.00003e+00
3.10389e+02  9.99868e-01  -4.40521e-05  -7.19000e-05  9.99812e-01  1.00003e+00
3.10494e+02  9.99857e-01  -4.77978e-05  -7.74486e-05  9.99797e-01  1.00003e+00
3.10599e+02  9.99847e-01  -5.10166e-05  -8.21426e-05  9.99785e-01  1.00003e+00
3.10704e+02  9.99839e-01  -5.36738e-05  -8.59319e-05  9.99774e-01  1.00003e+00
3.10808e+02  9.99833e-01  -5.57408e-05  -8.87761e-05  9.99767e-01  1.00003e+00
3.10913e+02  9.99829e-01  -5.71958e-05  -9.06452e-05  9.99762e-01  1.00003e+00
3.11018e+02  9.99827e-01  -5.80235e-05  -9.15200e-05  9.99759e-01  1.00003e+00
3.11122e+02  9.99826e-01  -5.82154e-05  -9.13920e-05  9.99759e-01  1.00003e+00
3.11227e+02  9.99827e-01  -5.77701e-05  -9.02638e-05  9.99762e-01  1.00003e+00
3.11332e+02  9.99831e-01  -5.66932e-05  -8.81491e-05  9.99767e-01  1.00003e+00
3.11437e+02  9.99836e-01  -5.49969e-05  -8.50720e-05  9.99775e-01  1.00003e+00
3.11541e+02  9.99843e-01  -5.27006e-05  -8.10674e-05  9.99785e-01  1.00003e+00
3.11646e+02  9.99852e-01  -4.98298e-05  -7.61801e-05  9.99798e-01  1.00003e+00
3.11751e+02  9.99862e-01  -4.64166e-05  -7.04648e-05  9.99813e-01  1.00002e+00
3.11855e+02  9.99874e-01  -4.24988e-05  -6.39847e-05  9.99830e-01  1.00002e+00
3.11960e+02  9.99887e-01  -3.81197e-05  -5.68118e-05  9.99848e-01  1.00002e+00
3.12065e+02  9.99901e-01  -3.33276e-05  -4.90253e-05  9.99869e-01  1.00002e+00
3.12170e+02  9.99917e-01  -2.81755e-05  -4.07112e-05  9.99890e-01  1.00001e+00
3.12274e+02  9.99933e-01  -2.27199e-05  -3.19609e-05  9.99913e-01  1.00001e+00
3.12379e+02  9.99950e-01  -1.70208e-05  -2.28708e-05  9.99937e-01  1.00001e+00
3.12484e+02  9.99968e-01  -1.11410e-05  -1.35408e-05  9.99962e-01  1.00000e+00
3.12588e+02  9.99986e-01  -5.14482e-06  -4.07318e-06  9.99987e-01  9.99999e-01
3.12693e+02  1.00000e+00  9.01914e-07  5.42813e-06  1.00001e+00  9.99995e-01
3.12798e+02  1.00002e+00  6.93296e-06  1.48591e-05  1.00004e+00  9.99992e-01
3.12903e+02  1.00004e+00  1.28823e-05  2.41166e-05  1.00006e+00  9.99989e-01
3.13007e+02  1.00006e+00  1.86849e-05  3.30994e-05  1.00008e+00  9.99986e-01
3.13112e+02  1.00007e+00  2.42772e-05  4.17094e-05  1.00011e+00  9.99983e-01
3.13217e+02  1.00009e+00  2.95983e-05  4.98527e-05  1.00013e+00  9.99980e-01
3.13322e+02  1.00010e+00  3.45901e-05  5.74408e-05  1.00015e+00  9.99977e-01
3.13426e+02  1.00012e+00  3.91982e-05  6.43910e-05  1.00017e+00  9.99975e-01
3.13531e+02  1.00013e+00  4.33725e-05  7.06281e-05  1.00018e+00  9.99973e-01
3.13636e+02  1.00014e+00  4.70676e-05  7.60844e-05  1.00020e+00  9.99971e-01
3.13740e+02  1.00015e+00  5.02436e-05  8.07010e-05  1.00021e+00  9.99970e-01
3.13845e+02  1.00016e+00  5.28661e-05  8.44285e-05  1.00022e+00  9.99968e-01
3.13950e+02  1.00016e+00  5.49069e-05  8.72268e-05  1.00023e+00  9.99968e-01
3.14055e+02  1.00017e+00  5.63443e-05  8.90666e-05  1.00023e+00  9.99967e-01
3.14159e+02  1.00017e+00  5.71630e-05  8.99286e-05  1.00024e+00  9.99967e-01
3.14264e+02  1.00017e+00  5.73548e-05  8.98047e-05  1.00024e+00  9.99968e-01
3.14369e+02  1.00017e+00  5.69181e-05  8.86973e-05  1.00023e+00  9.99968e-01
3.14473e+02  1.00017e+00  5.58584e-05  8.66197e-05  1.00023e+00  9.99969e-01
3.14578e+02  1.00016e+00  5.41879e-05  8.35958e-05  1.00022e+00  9.99971e-01
3.14683e+02  1.00015e+00  5.19256e-05  7.96600e-05  1.00021e+00  9.99972e-01
3.14788e+02  1.00015e+00  4.90970e-05  7.48563e-05  1.00020e+00  9.99974e-01
3.14892e+02  1.00014e+00  4.57335e-05  6.92386e-05  1.00018e+00  9.99976e-01
3.14997e+02  1.00012e+00  4.18726e-05  6.28693e-05  1.00017e+00  9.99979e-01
3.15102e+02  1.00011e+00  3.75573e-05  5.58191e-05  1.00015e+00  9.99982e-01
3.15206e+02  1.00010e+00  3.28351e-05  4.81660e-05  1.00013e+00  9.99985e-01
3.15311e+02  1.00008e+00  2.77583e-05  3.99947e-05  1.00011e+00  9.99988e-01
3.15416e+02  1.00007e+00  2.23830e-05  3.13952e-05  1.00009e+00  9.99991e-01
3.15521e+02  1.00005e+00  1.67682e-05  2.24623e-05  1.00006e+00  9.99994e-01
3.15625e+02  1.00003e+00  1.09757e-05  1.32943e-05  1.00004e+00  9.99998e-01
3.15730e+02  1.00001e+00  5.06920e-06  3.99165e-06  1.00001e+00  1.00000e+00
3.15835e+02  9.99996e-01  -8.86582e-07  -5.34346e-06  9.99988e-01  1.00000e+00
3.15940e+02  9.99979e-01  -6.82638e-06  -1.46088e-05  9.99964e-01  1.00001e+00
3.16044e+02  9.99961e-01  -1.26852e-05  -2.37031e-05  9.99940e-01  1.00001e+00
3.16149e+02  9.99944e-01  -1.83990e-05  -3.25269e-05  9.99917e-01  1.00001e+00
3.16254e+02  9.99928e-01  -2.39055e-05  -4.09841e-05  9.99894e-01  1.00002e+00
3.16358e+02  9.99912e-01  -2.91445e-05  -4.89824e-05  9.99873e-01  1.00002e+00
3.16463e+02  9.99897e-01  -3.40591e-05  -5.64350e-05  9.99853e-01  1.00002e+00
3.16568e+02  9.99884e-01  -3.85959e-05  -6.32609e-05  9.99835e-01  1.00002e+00
3.16673e+02  9.99872e-01  -4.27056e-05  -6.93863e-05  9.99819e-01  1.00003e+00
3.16777e+02  9.99861e-01  -4.63438e-05  -7.47448e-05  9.99804e-01  1.00003e+00
3.16882e+02  9.99852e-01  -4.94711e-05  -7.92789e-05  9.99792e-01  1.00003e+00
3.16987e+02  9.99844e-01  -5.20539e-05  -8.29399e-05  9.99782e-01  1.00003e+00
3.17091e+02  9.99838e-01  -5.40645e-05  -8.56887e-05  9.99775e-01  1.00003e+00
3.17196e+02  9.99834e-01  -5.54814e-05  -8.74964e-05  9.99770e-01  1.00003e+00
3.17301e+02  9.99832e-01  -5.62899e-05  -8.83444e-05  9.99767e-01  1.00003e+00
3.17406e+02  9.99831e-01  -5.64816e-05  -8.82244e-05  9.99767e-01  1.00003e+00
3.17510e+02  9.99833e-01  -5.60551e-05  -8.71389e-05  9.99770e-01  1.00003e+00
3.17615e+02  9.99836e-01  -5.50156e-05  -8.51008e-05  9.99775e-01  1.00003e+00
3.17720e+02  9.99841e-01  -5.33751e-05  -8.21337e-05  9.99782e-01  1.00003e+00
3.17824e+02  9.99848e-01  -5.11521e-05  -7.82709e-05  9.99792e-01  1.00003e+00
3.17929e+02  9.99856e-01  -4.83714e-05  -7.35559e-05  9.99805e-01  1.00003e+00
3.18034e+02  9.99866e-01  -4.50641e-05  -6.80410e-05  9.99819e-01  1.00002e+00
3.18139e+02  9.99877e-01  -4.12667e-05  -6.17876e-05  9.99835e-01  1.00002e+00
3.18243e+02  9.99890e-01  -3.70213e-05  -5.48650e-05  9.99853e-01  1.00002e+00
3.18348e+02  9.99904e-01  -3.23747e-05  -4.73495e-05  9.99873e-01  1.00001e+00
3.18453e+02  9.99919e-01  -2.73781e-05  -3.93242e-05  9.99894e-01  1.00001e+00
3.18557e+02  9.99935e-01  -2.20865e-05  -3.08773e-05  9.99916e-01  1.00001e+00
3.18662e+02  9.99951e-01  -1.65581e-05  -2.21020e-05  9.99939e-01  1.00001e+00
3.18767e+02  9.99968e-01  -1.08535e-05  -1.30944e-05  9.99963e-01  1.00000e+00
3.18872e+02  9.99986e-01  -5.03545e-06  -3.95357e-06  9.99987e-01  9.99999e-01
3.18976e+02  1.00000e+00  8.32346e-07  5.22035e-06  1.00001e+00  9.99996e-01
3.19081e+02  1.00002e+00  6.68558e-06  1.43269e-05  1.00004e+00  9.99992e-01
3.19186e+02  1.00004e+00  1.24602e-05  2.32663e-05  1.00006e+00  9.99989e-01
3.19291e+02  1.00005e+00  1.80929e-05  3.19410e-05  1.00008e+00  9.99986e-01
3.19395e+02  1.00007e+00  2.35223e-05  4.02563e-05  1.00010e+00  9.99983e-01
3.19500e+02  1.00009e+00  2.86891e-05  4.81214e-05  1.00012e+00  9.99981e-01
3.19605e+02  1.00010e+00  3.35368e-05  5.54507e-05  1.00014e+00  9.99978e-01
3.19709e+02  1.00011e+00  3.80127e-05  6.21645e-05  1.00016e+00  9.99976e-01
3.19814e+02  1.00013e+00  4.20680e-05  6.81899e-05  1.00018e+00  9.99974e-01
3.19919e+02  1.00014e+00  4.56587e-05  7.34617e-05  1.00019e+00  9.99972e-01
3.20024e+02  1.00015e+00  4.87459e-05  7.79231e-05  1.00020e+00  9.99971e-01
3.20128e+02  1.00015e+00  5.12962e-05  8.15259e-05  1.00021e+00  9.99970e-01
3.20233e+02  1.00016e+00  5.32822e-05  8.42317e-05  1.00022e+00  9.99969e-01
3.20338e+02  1.00016e+00  5.46827e-05  8.60118e-05  1.00023e+00  9.99969e-01
3.20442e+02  1.00017e+00  5.54828e-05  8.68479e-05  1.00023e+00  9.99969e-01
3.20547e+02  1.00017e+00  5.56744e-05  8.67317e-05  1.00023e+00  9.99969e-01
3.20652e+02  1.00016e+00  5.52559e-05  8.56658e-05  1.00023e+00  9.99970e-01
3.20757e+02  1.00016e+00  5.42327e-05  8.36628e-05  1.00022e+00  9.99971e-01
3.20861e+02  1.00016e+00  5.26164e-05  8.07457e-05  1.00021e+00  9.99972e-01
3.20966e+02  1.00015e+00  5.04254e-05  7.69477e-05  1.00020e+00  9.99973e-01
3.21071e+02  1.00014e+00  4.76843e-05  7.23113e-05  1.00019e+00  9.99975e-01
3.21175e+02  1.00013e+00  4.44237e-05  6.68884e-05  1.00018e+00  9.99978e-01
3.21280e+02  1.00012e+00  4.06798e-05  6.07391e-05  1.00016e+00  9.99980e-01
3.21385e+02  1.00011e+00  3.64942e-05  5.39319e-05  1.00014e+00  9.99983e-01
3.21490e+02  1.00009e+00  3.19132e-05  4.65420e-05  1.00012e+00  9.99985e-01
3.21594e+02  1.00008e+00  2.69874e-05  3.86510e-05  1.00010e+00  9.99988e-01
3.21699e+02  1.00006e+00  2.17711e-05  3.03461e-05  1.00008e+00  9.99991e-01
3.21804e+02  1.00005e+00  1.63216e-05  2.17185e-05  1.00006e+00  9.99995e-01
3.21909e+02  1.00003e+00  1.06991e-05  1.28633e-05  1.00004e+00  9.99998e-01
3.22013e+02  1.00001e+00  4.96510e-06  3.87764e-06  1.00001e+00  1.00000e+00
3.22118e+02  9.99997e-01  -8.17387e-07  -5.13995e-06  9.99989e-01  1.00000e+00
3.22223e+02  9.99979e-01  -6.58504e-06  -1.40907e-05  9.99965e-01  1.00001e+00
3.22327e+02  9.99963e-01  -1.22747e-05  -2.28767e-05  9.99942e-01  1.00001e+00
3.22432e+02  9.99946e-01  -1.78243e-05  -3.14019e-05  9.99919e-01  1.00001e+00
3.22537e+02  9.99930e-01  -2.31731e-05  -3.95734e-05  9.99898e-01  1.00002e+00
3.22642e+02  9.99915e-01  -2.82630e-05  -4.73022e-05  9.99877e-01  1.00002e+00
3.22746e+02  9.99901e-01  -3.30383e-05  -5.45041e-05  9.99858e-01  1.00002e+00
3.22851e+02  9.99887e-01  -3.74473e-05  -6.11010e-05  9.99840e-01  1.00002e+00
3.22956e+02  9.99876e-01  -4.14421e-05  -6.70214e-05  9.99825e-01  1.00003e+00
3.23060e+02  9.99865e-01  -4.49794e-05  -7.22013e-05  9.99811e-01  1.00003e+00
3.23165e+02  9.99856e-01  -4.80210e-05  -7.65850e-05  9.99799e-01  1.00003e+00
3.23270e+02  9.99849e-01  -5.05341e-05  -8.01253e-05  9.99789e-01  1.00003e+00
3.23375e+02  9.99843e-01  -5.24918e-05  -8.27846e-05  9.99782e-01  1.00003e+00
3.23479e+02  9.99839e-01  -5.38731e-05  -8.45347e-05  9.99777e-01  1.00003e+00
3.23584e+02  9.99837e-01  -5.46637e-05  -8.53575e-05  9.99775e-01  1.00003e+00
3.23689e+02  9.99836e-01  -5.48552e-05  -8.52451e-05  9.99775e-01  1.00003e+00
3.23793e+02  9.99837e-01  -5.44464e-05  -8.41998e-05  9.99777e-01  1.00003e+00
3.23898e+02  9.99840e-01  -5.34421e-05  -8.22340e-05  9.99782e-01  1.00003e+00
3.24003e+02  9.99845e-01  -5.18540e-05  -7.93704e-05  9.99789e-01  1.00003e+00
3.24108e+02  9.99852e-01  -4.96999e-05  -7.56412e-05  9.99799e-01  1.00003e+00
3.24212e+02  9.99860e-01  -4.70039e-05  -7.10881e-05  9.99811e-01  1.00002e+00
3.24317e+02  9.99870e-01  -4.37959e-05  -6.57620e-05  9.99825e-01  1.00002e+00
3.24422e+02  9.99881e-01  -4.01116e-05  -5.97218e-05  9.99840e-01  1.00002e+00
3.24527e+02  9.99893e-01  -3.59917e-05  -5.30346e-05  9.99858e-01  1.00002e+00
3.24631e+02  9.99907e-01  -3.14816e-05  -4.57742e-05  9.99877e-01  1.00001e+00
3.24736e+02  9.99921e-01  -2.66310e-05  -3.80206e-05  9.99897e-01  1.00001e+00
3.24841e+02  9.99937e-01  -2.14933e-05  -2.98593e-05  9.99919e-01  1.00001e+00
3.24945e+02  9.99953e-01  -1.61249e-05  -2.13800e-05  9.99941e-01  1.00001e+00
3.25050e+02  9.99969e-01  -1.05848e-05  -1.26758e-05  9.99964e-01  1.00000e+00
3.25155e+02  9.99986e-01  -4.93387e-06  -3.84237e-06  9.99987e-01  9.99999e-01
3.25260e+02  1.00000e+00  7.66049e-07  5.02354e-06  1.00001e+00  9.99996e-01
3.25364e+02  1.00002e+00  6.45246e-06  1.38248e-05  1.00003e+00  9.99993e-01
3.25469e+02  1.00004e+00  1.20631e-05  2.24651e-05  1.00006e+00  9.99990e-01
3.25574e+02  1.00005e+00  1.75366e-05  3.08500e-05  1.00008e+00  9.99987e-01
3.25678e+02  1.00007e+00  2.28132e-05  3.88879e-05  1.00010e+00  9.99984e-01
3.25783e+02  1.00008e+00  2.78352e-05  4.64913e-05  1.00012e+00  9.99981e-01
3.25888e+02  1.00010e+00  3.25478e-05  5.35772e-05  1.00014e+00  9.99979e-01
3.25993e+02  1.00011e+00  3.68996e-05  6.00685e-05  1.00016e+00  9.99977e-01
3.26097e+02  1.00012e+00  4.08434e-05  6.58950e-05  1.00017e+00  9.99975e-01
3.26202e+02  1.00013e+00  4.43361e-05  7.09933e-05  1.00019e+00  9.99973e-01
3.26307e+02  1.00014e+00  4.73401e-05  7.53085e-05  1.00020e+00  9.99972e-01
3.26411e+02  1.00015e+00  4.98228e-05  7.87942e-05  1.00021e+00  9.99971e-01
3.26516e+02  1.00015e+00  5.17574e-05  8.14129e-05  1.00021e+00  9.99970e-01
3.26621e+02  1.00016e+00  5.31233e-05  8.31371e-05  1.00022e+00  9.99970e-01
3.26726e+02  1.00016e+00  5.39061e-05  8.39488e-05  1.00022e+00  9.99970e-01
3.26830e+02  1.00016e+00  5.40976e-05  8.38401e-05  1.00022e+00  9.99970e-01
3.26935e+02  1.00016e+00  5.36964e-05  8.28133e-05  1.00022e+00  9.99971e-01
3.27040e+02  1.00016e+00  5.27074e-05  8.08805e-05  1.00021e+00  9.99972e-01
3.27145e+02  1.00015e+00  5.11421e-05  7.80641e-05  1.00021e+00  9.99973e-01
3.27249e+02  1.00015e+00  4.90180e-05  7.43958e-05  1.00020e+00  9.99975e-01
3.27354e+02  1.00014e+00  4.63592e-05  6.99169e-05  1.00019e+00  9.99976e-01
3.27459e+02  1.00013e+00  4.31952e-05  6.46773e-05  1.00017e+00  9.99979e-01
3.27563e+02  1.00012e+00  3.95611e-05  5.87353e-05  1.00016e+00  9.99981e-01
3.27668e+02  1.00011e+00  3.54974e-05  5.21568e-05  1.00014e+00  9.99983e-01
3.27773e+02  1.00009e+00  3.10489e-05  4.50146e-05  1.00012e+00  9.99986e-01
3.27878e+02  1.00008e+00  2.62647e-05  3.73875e-05  1.00010e+00  9.99989e-01
3.27982e+02  1.00006e+00  2.11977e-05  2.93598e-05  1.00008e+00  9.99992e-01
3.28087e+02  1.00005e+00  1.59035e-05  2.10197e-05  1.00006e+00  9.99995e-01
3.28192e+02  1.00003e+00  1.04404e-05  1.24589e-05  1.00004e+00  9.99998e-01
3.28296e+02  1.00001e+00  4.86837e-06  3.77158e-06  1.00001e+00  1.00000e+00
3.28401e+02  9.99997e-01  -7.51473e-07  -4.94716e-06  9.99989e-01  1.00000e+00
3.28506e+02  9.99980e-01  -6.35756e-06  -1.36018e-05  9.99966e-01  1.00001e+00
3.28611e+02  9.99964e-01  -1.18885e-05  -2.20976e-05  9.99944e-01  1.00001e+00
3.28715e+02  9.99948e-01  -1.72840e-05  -3.03418e-05  9.99922e-01  1.00001e+00
3.28820e+02  9.99932e-01  -2.24849e-05  -3.82444e-05  9.99901e-01  1.00002e+00
3.28925e+02  9.99917e-01  -2.74347e-05  -4.57194e-05  9.99881e-01  1.00002e+00
3.29029e+02  9.99904e-01  -3.20794e-05  -5.26854e-05  9.99863e-01  1.00002e+00
3.29134e+02  9.99891e-01  -3.63685e-05  -5.90668e-05  9.99845e-01  1.00002e+00
3.29239e+02  9.99879e-01  -4.02555e-05  -6.47943e-05  9.99830e-01  1.00002e+00
3.29344e+02  9.99869e-01  -4.36982e-05  -6.98062e-05  9.99817e-01  1.00003e+00
3.29448e+02  9.99860e-01  -4.66594e-05  -7.40483e-05  9.99805e-01  1.00003e+00
3.29553e+02  9.99853e-01  -4.91072e-05  -7.74752e-05  9.99796e-01  1.00003e+00
3.29658e+02  9.99847e-01  -5.10152e-05  -8.00502e-05  9.99789e-01  1.00003e+00
3.29763e+02  9.99843e-01  -5.23633e-05  -8.17461e-05  9.99784e-01  1.00003e+00
3.29867e+02  9.99841e-01  -5.31370e-05  -8.25454e-05  9.99782e-01  1.00003e+00
3.29972e+02  9.99841e-01  -5.33286e-05  -8.24402e-05  9.99782e-01  1.00003e+00
3.30077e+02  9.99842e-01  -5.29364e-05  -8.14328e-05  9.99784e-01  1.00003e+00
3.30181e+02  9.99845e-01  -5.19653e-05  -7.95352e-05  9.99789e-01  1.00003e+00
3.30286e+02  9.99850e-01  -5.04264e-05  -7.67691e-05  9.99796e-01  1.00003e+00
3.30391e+02  9.99856e-01  -4.83370e-05  -7.31656e-05  9.99805e-01  1.00002e+00
3.30496e+02  9.99864e-01  -4.57205e-05  -6.87652e-05  9.99817e-01  1.00002e+00
3.30600e+02  9.99873e-01  -4.26060e-05  -6.36168e-05  9.99830e-01  1.00002e+00
3.30705e+02  9.99884e-01  -3.90279e-05  -5.77776e-05  9.99845e-01  1.00002e+00
3.30810e+02  9.99896e-01  -3.50259e-05  -5.13121e-05  9.99862e-01  1.00002e+00
3.30914e+02  9.99909e-01  -3.06440e-05  -4.42919e-05  9.99881e-01  1.00001e+00
3.31019e+02  9.99923e-01  -2.59305e-05  -3.67942e-05  9.99900e-01  1.00001e+00
3.31124e+02  9.99938e-01  -2.09373e-05  -2.89017e-05  9.99921e-01  1.00001e+00
3.31229e+02  9.99954e-01  -1.57192e-05  -2.07013e-05  9.99943e-01  1.00000e+00
3.31333e+02  9.99970e-01  -1.03336e-05  -1.22828e-05  9.99965e-01  1.00000e+00
3.31438e+02  9.99986e-01  -4.83948e-06  -3.73887e-06  9.99988e-01  9.99999e-01
3.31543e+02  1.00000e+00  7.02815e-07  4.83698e-06  1.00001e+00  9.99996e-01
3.31647e+02  1.00002e+00  6.23262e-06  1.33508e-05  1.00003e+00  9.99993e-01
3.31752e+02  1.00004e+00  1.16894e-05  2.17094e-05  1.00006e+00  9.99990e-01
3.31857e+02  1.00005e+00  1.70134e-05  2.98214e-05  1.00008e+00  9.99987e-01
3.31962e+02  1.00007e+00  2.21465e-05  3.75982e-05  1.00010e+00  9.99985e-01
3.32066e+02  1.00008e+00  2.70326e-05  4.49550e-05  1.00012e+00  9.99982e-01
3.32171e+02  1.00010e+00  3.16183e-05  5.18118e-05  1.00014e+00  9.99980e-01
3.32276e+02  1.00011e+00  3.58538e-05  5.80937e-05  1.00015e+00  9.99978e-01
3.32381e+02  1.00012e+00  3.96929e-05  6.37328e-05  1.00017e+00  9.99976e-01
3.32485e+02  1.00013e+00  4.30938e-05  6.86678e-05  1.00018e+00  9.99974e-01
3.32590e+02  1.00014e+00  4.60197e-05  7.28455e-05  1.00019e+00  9.99973e-01
3.32695e+02  1.00015e+00  4.84389e-05  7.62208e-05  1.00020e+00  9.99972e-01
3.32799e+02  1.00015e+00  5.03254e-05  7.87577e-05  1.00021e+00  9.99972e-01
3.32904e+02  1.00015e+00  5.16590e-05  8.04293e-05  1.00021e+00  9.99971e-01
3.33009e+02  1.00016e+00  5.24255e-05  8.12181e-05  1.00021e+00  9.99971e-01
3.33114e+02  1.00016e+00  5.26170e-05  8.11165e-05  1.00021e+00  9.99972e-01
3.33218e+02  1.00016e+00  5.22321e-05  8.01265e-05  1.00021e+00  9.99972e-01
3.33323e+02  1.00015e+00  5.12754e-05  7.82601e-05  1.00021e+00  9.99973e-01
3.33428e+02  1.00015e+00  4.97579e-05  7.55385e-05  1.00020e+00  9.99974e-01
3.33532e+02  1.00014e+00  4.76968e-05  7.19925e-05  1.00019e+00  9.99976e-01
3.33637e+02  1.00013e+00  4.51153e-05  6.76620e-05  1.00018e+00  9.99977e-01
3.33742e+02  1.00013e+00  4.20420e-05  6.25952e-05  1.00017e+00  9.99979e-01
3.33847e+02  1.00011e+00  3.85112e-05  5.68484e-05  1.00015e+00  9.99982e-01
3.33951e+02  1.00010e+00  3.45620e-05  5.04854e-05  1.00014e+00  9.99984e-01
3.34056e+02  1.00009e+00  3.02379e-05  4.35766e-05  1.00012e+00  9.99987e-01
3.34161e+02  1.00008e+00  2.55869e-05  3.61982e-05  1.00010e+00  9.99989e-01
3.34265e+02  1.00006e+00  2.06601e-05  2.84316e-05  1.00008e+00  9.99992e-01
3.34370e+02  1.00005e+00  1.55117e-05  2.03624e-05  1.00006e+00  9.99995e-01
3.34475e+02  1.00003e+00  1.01984e-05  1.20791e-05  1.00003e+00  9.99998e-01
3.34580e+02  1.00001e+00  4.77846e-06  3.67278e-06  1.00001e+00  1.00000e+00
3.34684e+02  9.99997e-01  -6.88624e-07  -4.76439e-06  9.99990e-01  1.00000e+00
3.34789e+02  9.99981e-01  -6.14298e-06  -1.31400e-05  9.99968e-01  1.00001e+00
3.34894e+02  9.99965e-01  -1.15249e-05  -2.13625e-05  9.99946e-01  1.00001e+00
3.34998e+02  9.99949e-01  -1.67756e-05  -2.93419e-05  9.99925e-01  1.00001e+00
3.35103e+02  9.99934e-01  -2.18377e-05  -3.69912e-05  9.99904e-01  1.00002e+00
3.35208e+02  9.99920e-01  -2.66560e-05  -4.42271e-05  9.99885e-01  1.00002e+00
3.35313e+02  9.99906e-01  -3.11780e-05  -5.09709e-05  9.99867e-01  1.00002e+00
3.35417e+02  9.99894e-01  -3.53546e-05  -5.71492e-05  9.99850e-01  1.00002e+00
3.35522e+02  9.99883e-01  -3.91403e-05  -6.26951e-05  9.99835e-01  1.00002e+00
3.35627e+02  9.99873e-01  -4.24942e-05  -6.75487e-05  9.99822e-01  1.00003e+00
3.35732e+02  9.99864e-01  -4.53800e-05  -7.16575e-05  9.99811e-01  1.00003e+00
3.35836e+02  9.99857e-01  -4.77665e-05  -7.49775e-05  9.99802e-01  1.00003e+00
3.35941e+02  9.99851e-01  -4.96280e-05  -7.74732e-05  9.99795e-01  1.00003e+00
3.36046e+02  9.99848e-01  -5.09448e-05  -7.91181e-05  9.99791e-01  1.00003e+00
3.36150e+02  9.99845e-01  -5.17029e-05  -7.98953e-05  9.99789e-01  1.00003e+00
3.36255e+02  9.99845e-01  -5.18946e-05  -7.97970e-05  9.99789e-01  1.00003e+00
3.36360e+02  9.99846e-01  -5.15181e-05  -7.88255e-05  9.99791e-01  1.00003e+00
3.36465e+02  9.99849e-01  -5.05782e-05  -7.69921e-05  9.99795e-01  1.00003e+00
3.36569e+02  9.99854e-01  -4.90857e-05  -7.43180e-05  9.99802e-01  1.00003e+00
3.36674e+02  9.99860e-01  -4.70572e-05  -7.08331e-05  9.99811e-01  1.00002e+00
3.36779e+02  9.99867e-01  -4.45155e-05  -6.65766e-05  9.99822e-01  1.00002e+00
3.36883e+02  9.99876e-01  -4.14888e-05  -6.15958e-05  9.99835e-01  1.00002e+00
3.36988e+02  9.99887e-01  -3.80106e-05  -5.59460e-05  9.99850e-01  1.00002e+00
3.37093e+02  9.99899e-01  -3.41193e-05  -4.96896e-05  9.99867e-01  1.00002e+00
3.37198e+02  9.99911e-01  -2.98579e-05  -4.28957e-05  9.99884e-01  1.00001e+00
3.37302e+02  9.99925e-01  -2.52732e-05  -3.56393e-05  9.99903e-01  1.00001e+00
3.37407e+02  9.99940e-01  -2.04158e-05  -2.80003e-05  9.99924e-01  1.00001e+00
3.37512e+02  9.99955e-01  -1.53390e-05  -2.00627e-05  9.99945e-01  1.00000e+00
3.37616e+02  9.99970e-01  -1.00984e-05  -1.19136e-05  9.99966e-01  1.00000e+00
3.37721e+02  9.99986e-01  -4.75178e-06  -3.64245e-06  9.99988e-01  9.99999e-01
3.37826e+02  1.00000e+00  6.42445e-07  4.66000e-06  1.00001e+00  9.99996e-01
3.37931e+02  1.00002e+00  6.02512e-06  1.29029e-05  1.00003e+00  9.99993e-01
3.38035e+02  1.00003e+00  1.13373e-05  2.09959e-05  1.00005e+00  9.99990e-01
3.38140e+02  1.00005e+00  1.65209e-05  2.88507e-05  1.00007e+00  9.99988e-01
3.38245e+02  1.00006e+00  2.15192e-05  3.63815e-05  1.00009e+00  9.99985e-01
3.38350e+02  1.00008e+00  2.62777e-05  4.35060e-05  1.00011e+00  9.99983e-01
3.38454e+02  1.00009e+00  3.07444e-05  5.01467e-05  1.00013e+00  9.99981e-01
3.38559e+02  1.00010e+00  3.48705e-05  5.62314e-05  1.00015e+00  9.99979e-01
3.38664e+02  1.00012e+00  3.86113e-05  6.16938e-05  1.00016e+00  9.99977e-01
3.38768e+02  1.00013e+00  4.19260e-05  6.64750e-05  1.00017e+00  9.99975e-01
3.38873e+02  1.00013e+00  4.47786e-05  7.05231e-05  1.00019e+00  9.99974e-01
3.38978e+02  1.00014e+00  4.71383e-05  7.37945e-05  1.00019e+00  9.99973e-01
3.39083e+02  1.00015e+00  4.89796e-05  7.62543e-05  1.00020e+00  9.99973e-01
3.39187e+02  1.00015e+00  5.02829e-05  7.78763e-05  1.00021e+00  9.99972e-01
3.39292e+02  1.00015e+00  5.10342e-05  7.86436e-05  1.00021e+00  9.99972e-01
3.39397e+02  1.00015e+00  5.12259e-05  7.85488e-05  1.00021e+00  9.99973e-01
3.39501e+02  1.00015e+00  5.08563e-05  7.75937e-05  1.00021e+00  9.99973e-01
3.39606e+02  1.00015e+00  4.99300e-05  7.57897e-05  1.00020e+00  9.99974e-01
3.39711e+02  1.00014e+00  4.84576e-05  7.31576e-05  1.00019e+00  9.99975e-01
3.39816e+02  1.00014e+00  4.64558e-05  6.97271e-05  1.00019e+00  9.99977e-01
3.39920e+02  1.00013e+00  4.39469e-05  6.55365e-05  1.00018e+00  9.99978e-01
3.40025e+02  1.00012e+00  4.09590e-05  6.06327e-05  1.00016e+00  9.99980e-01
3.40130e+02  1.00011e+00  3.75253e-05  5.50701e-05  1.00015e+00  9.99982e-01
3.40234e+02  1.00010e+00  3.36837e-05  4.89103e-05  1.00013e+00  9.99985e-01
3.40339e+02  1.00009e+00  2.94767e-05  4.22216e-05  1.00011e+00  9.99987e-01
3.40444e+02  1.00007e+00  2.49507e-05  3.50777e-05  1.00010e+00  9.99990e-01
3.40549e+02  1.00006e+00  2.01557e-05  2.75575e-05  1.00008e+00  9.99993e-01
3.40653e+02  1.00004e+00  1.51444e-05  1.97436e-05  1.00005e+00  9.99995e-01
3.40758e+02  1.00003e+00  9.97186e-06  1.17220e-05  1.00003e+00  9.99998e-01
3.40863e+02  1.00001e+00  4.69489e-06  3.58068e-06  1.00001e+00  1.00000e+00
3.40968e+02  9.99997e-01  -6.28637e-07  -4.59098e-06  9.99990e-01  1.00000e+00
3.41072e+02  9.99982e-01  -5.94040e-06  -1.27035e-05  9.99969e-01  1.00001e+00
3.41177e+02  9.99966e-01  -1.11823e-05  -2.06682e-05  9.99947e-01  1.00001e+00
3.41282e+02  9.99951e-01  -1.62969e-05  -2.83979e-05  9.99927e-01  1.00001e+00
3.41386e+02  9.99936e-01  -2.12286e-05  -3.58085e-05  9.99907e-01  1.00001e+00
3.41491e+02  9.99922e-01  -2.59233e-05  -4.28190e-05  9.99888e-01  1.00002e+00
3.41596e+02  9.99909e-01  -3.03301e-05  -4.93531e-05  9.99871e-01  1.00002e+00
3.41701e+02  9.99897e-01  -3.44010e-05  -5.53400e-05  9.99855e-01  1.00002e+00
3.41805e+02  9.99886e-01  -3.80916e-05  -6.07147e-05  9.99840e-01  1.00002e+00
3.41910e+02  9.99876e-01  -4.13621e-05  -6.54190e-05  9.99828e-01  1.00002e+00
3.42015e+02  9.99868e-01  -4.41771e-05  -6.94022e-05  9.99817e-01  1.00003e+00
3.42119e+02  9.99861e-01  -4.65060e-05  -7.26215e-05  9.99808e-01  1.00003e+00
3.42224e+02  9.99855e-01  -4.83240e-05  -7.50424e-05  9.99802e-01  1.00003e+00
3.42329e+02  9.99852e-01  -4.96115e-05  -7.66393e-05  9.99797e-01  1.00003e+00
3.42434e+02  9.99849e-01  -5.03550e-05  -7.73957e-05  9.99795e-01  1.00003e+00
3.42538e+02  9.99849e-01  -5.05468e-05  -7.73040e-05  9.99795e-01  1.00003e+00
3.42643e+02  9.99850e-01  -5.01852e-05  -7.63663e-05  9.99797e-01  1.00003e+00
3.42748e+02  9.99853e-01  -4.92747e-05  -7.45937e-05  9.99802e-01  1.00003e+00
3.42852e+02  9.99857e-01  -4.78258e-05  -7.20064e-05  9.99808e-01  1.00002e+00
3.42957e+02  9.99863e-01  -4.58546e-05  -6.86335e-05  9.99817e-01  1.00002e+00
3.43062e+02  9.99871e-01  -4.33833e-05  -6.45128e-05  9.99828e-01  1.00002e+00
3.43167e+02  9.99880e-01  -4.04392e-05  -5.96901e-05  9.99840e-01  1.00002e+00
3.43271e+02  9.99890e-01  -3.70549e-05  -5.42189e-05  9.99855e-01  1.00002e+00
3.43376e+02  9.99901e-01  -3.32678e-05  -4.81598e-05  9.99870e-01  1.00001e+00
3.43481e+02  9.99913e-01  -2.91197e-05  -4.15796e-05  9.99888e-01  1.00001e+00
3.43586e+02  9.99927e-01  -2.46562e-05  -3.45508e-05  9.99906e-01  1.00001e+00
3.43690e+02  9.99941e-01  -1.99265e-05  -2.71509e-05  9.99926e-01  1.00001e+00
3.43795e+02  9.99956e-01  -1.49824e-05  -1.94613e-05  9.99946e-01  1.00000e+00
3.43900e+02  9.99971e-01  -9.87836e-06  -1.15662e-05  9.99967e-01  1.00000e+00
3.44004e+02  9.99987e-01  -4.67027e-06  -3.55254e-06  9.99988e-01  9.99999e-01
3.44109e+02  1.00000e+00  5.84753e-07  4.49200e-06  1.00001e+00  9.99996e-01
3.44214e+02  1.00002e+00  5.82913e-06  1.24793e-05  1.00003e+00  9.99993e-01
3.44319e+02  1.00003e+00  1.10054e-05  2.03218e-05  1.00005e+00  9.99991e-01
3.44423e+02  1.00005e+00  1.60570e-05  2.79340e-05  1.00007e+00  9.99988e-01
3.44528e+02  1.00006e+00  2.09287e-05  3.52326e-05  1.00009e+00  9.99986e-01
3.44633e+02  1.00008e+00  2.55673e-05  4.21380e-05  1.00011e+00  9.99983e-01
3.44737e+02  1.00009e+00  2.99220e-05  4.85750e-05  1.00013e+00  9.99981e-01
3.44842e+02  1.00010e+00  3.39455e-05  5.44735e-05  1.00014e+00  9.99979e-01
3.44947e+02  1.00011e+00  3.75939e-05  5.97695e-05  1.00016e+00  9.99978e-01
3.45052e+02  1.00012e+00  4.08276e-05  6.44054e-05  1.00017e+00  9.99976e-01
3.45156e+02  1.00013e+00  4.36114e-05  6.83313e-05  1.00018e+00  9.99975e-01
3.45261e+02  1.00014e+00  4.59152e-05  7.15048e-05  1.00019e+00  9.99974e-01
3.45366e+02  1.00014e+00  4.77142e-05  7.38919e-05  1.00020e+00  9.99974e-01
3.45470e+02  1.00015e+00  4.89890e-05  7.54672e-05  1.00020e+00  9.99974e-01
3.45575e+02  1.00015e+00  4.97262e-05  7.62143e-05  1.00020e+00  9.99974e-01
3.45680e+02  1.00015e+00  4.99180e-05  7.61259e-05  1.00020e+00  9.99974e-01
3.45785e+02  1.00015e+00  4.95629e-05  7.52038e-05  1.00020e+00  9.99974e-01
3.45889e+02  1.00015e+00  4.86653e-05  7.34590e-05  1.00020e+00  9.99975e-01
3.45994e+02  1.00014e+00  4.72354e-05  7.09114e-05  1.00019e+00  9.99976e-01
3.46099e+02  1.00014e+00  4.52893e-05  6.75898e-05  1.00018e+00  9.99978e-01
3.46204e+02  1.00013e+00  4.28489e-05  6.35313e-05  1.00017e+00  9.99979e-01
3.46308e+02  1.00012e+00  3.99414e-05  5.87814e-05  1.00016e+00  9.99981e-01
3.46413e+02  1.00011e+00  3.65989e-05  5.33926e-05  1.00014e+00  9.99983e-01
3.46518e+02  1.00010e+00  3.28586e-05  4.74247e-05  1.00013e+00  9.99985e-01
3.46622e+02  1.00009e+00  2.87617e-05  4.09437e-05  1.00011e+00  9.99988e-01
3.46727e+02  1.00007e+00  2.43534e-05  3.40212e-05  1.00009e+00  9.99990e-01
3.46832e+02  1.00006e+00  1.96824e-05  2.67334e-05  1.00007e+00  9.99993e-01
3.46937e+02  1.00004e+00  1.47999e-05  1.91606e-05  1.00005e+00  9.99996e-01
3.47041e+02  1.00003e+00  9.75977e-06  1.13859e-05  1.00003e+00  9.99998e-01
3.47146e+02  1.00001e+00  4.61722e-06  3.49474e-06  1.00001e+00  1.00000e+00
3.47251e+02  9.99998e-01  -5.71325e-07  -4.42633e-06  9.99991e-01  1.00000e+00
3.47355e+02  9.99982e-01  -5.74903e-06  -1.22906e-05  9.99970e-01  1.00001e+00
3.47460e+02  9.99967e-01  -1.08592e-05  -2.00120e-05  9.99949e-01  1.00001e+00
3.47565e+02  9.99952e-01  -1.58460e-05  -2.75061e-05  9.99929e-01  1.00001e+00
3.47670e+02  9.99938e-01  -2.06550e-05  -3.46912e-05  9.99910e-01  1.00001e+00
3.47774e+02  9.99924e-01  -2.52337e-05  -4.14890e-05  9.99892e-01  1.00002e+00
3.47879e+02  9.99911e-01  -2.95321e-05  -4.78255e-05  9.99875e-01  1.00002e+00
3.47984e+02  9.99899e-01  -3.35036e-05  -5.36317e-05  9.99859e-01  1.00002e+00
3.48088e+02  9.99889e-01  -3.71049e-05  -5.88448e-05  9.99845e-01  1.00002e+00
3.48193e+02  9.99879e-01  -4.02971e-05  -6.34083e-05  9.99833e-01  1.00002e+00
3.48298e+02  9.99871e-01  -4.30455e-05  -6.72729e-05  9.99822e-01  1.00002e+00
3.48403e+02  9.99864e-01  -4.53204e-05  -7.03972e-05  9.99814e-01  1.00003e+00
3.48507e+02  9.99859e-01  -4.70974e-05  -7.27476e-05  9.99807e-01  1.00003e+00
3.48612e+02  9.99855e-01  -4.83575e-05  -7.42993e-05  9.99803e-01  1.00003e+00
3.48717e+02  9.99853e-01  -4.90873e-05  -7.50361e-05  9.99801e-01  1.00003e+00
3.48822e+02  9.99853e-01  -4.92793e-05  -7.49508e-05  9.99801e-01  1.00003e+00
3.48926e+02  9.99854e-01  -4.89318e-05  -7.40451e-05  9.99803e-01  1.00003e+00
3.49031e+02  9.99857e-01  -4.80491e-05  -7.23298e-05  9.99807e-01  1.00002e+00
3.49136e+02  9.99861e-01  -4.66413e-05  -6.98245e-05  9.99814e-01  1.00002e+00
3.49240e+02  9.99867e-01  -4.47242e-05  -6.65574e-05  9.99822e-01  1.00002e+00
3.49345e+02  9.99874e-01  -4.23191e-05  -6.25650e-05  9.99833e-01  1.00002e+00
3.49450e+02  9.99882e-01  -3.94527e-05  -5.78917e-05  9.99845e-01  1.00002e+00
3.49555e+02  9.99892e-01  -3.61568e-05  -5.25892e-05  9.99859e-01  1.00002e+00
3.49659e+02  9.99903e-01  -3.24678e-05  -4.67164e-05  9.99874e-01  1.00001e+00
3.49764e+02  9.99916e-01  -2.84263e-05  -4.03379e-05  9.99891e-01  1.00001e+00
3.49869e+02  9.99929e-01  -2.40768e-05  -3.35241e-05  9.99909e-01  1.00001e+00
3.49973e+02  9.99942e-01  -1.94672e-05  -2.63500e-05  9.99928e-01  1.00001e+00
3.50078e+02  9.99957e-01  -1.46480e-05  -1.88944e-05  9.99948e-01  1.00000e+00
3.50183e+02  9.99972e-01  -9.67229e-06  -1.12393e-05  9.99968e-01  1.00000e+00
3.50288e+02  9.99987e-01  -4.59454e-06  -3.46863e-06  9.99988e-01  9.99999e-01
3.50392e+02  1.00000e+00  5.29567e-07  4.33240e-06  1.00001e+00  9.99996e-01
3.50497e+02  1.00002e+00  5.64388e-06  1.20783e-05  1.00003e+00  9.99994e-01
3.50602e+02  1.00003e+00  1.06924e-05  1.96844e-05  1.00005e+00  9.99991e-01
3.50706e+02  1.00005e+00  1.56199e-05  2.70675e-05  1.00007e+00  9.99989e-01
3.50811e+02  1.00006e+00  2.03725e-05  3.41470e-05  1.00009e+00  9.99986e-01
3.50916e+02  1.00007e+00  2.48983e-05  4.08455e-05  1.00011e+00  9.99984e-01
3.51021e+02  1.00009e+00  2.91478e-05  4.70902e-05  1.00012e+00  9.99982e-01
3.51125e+02  1.00010e+00  3.30748e-05  5.28130e-05  1.00014e+00  9.99980e-01
3.51230e+02  1.00011e+00  3.66364e-05  5.79517e-05  1.00015e+00  9.99979e-01
3.51335e+02  1.00012e+00  3.97940e-05  6.24507e-05  1.00016e+00  9.99977e-01
3.51439e+02  1.00013e+00  4.25131e-05  6.62613e-05  1.00018e+00  9.99976e-01
3.51544e+02  1.00013e+00  4.47645e-05  6.93423e-05  1.00018e+00  9.99975e-01
3.51649e+02  1.00014e+00  4.65237e-05  7.16608e-05  1.00019e+00  9.99975e-01
3.51754e+02  1.00014e+00  4.77719e-05  7.31921e-05  1.00019e+00  9.99975e-01
3.51858e+02  1.00014e+00  4.84958e-05  7.39203e-05  1.00020e+00  9.99975e-01
3.51963e+02  1.00015e+00  4.86879e-05  7.38380e-05  1.00020e+00  9.99975e-01
3.52068e+02  1.00014e+00  4.83466e-05  7.29471e-05  1.00019e+00  9.99975e-01
3.52173e+02  1.00014e+00  4.74760e-05  7.12581e-05  1.00019e+00  9.99976e-01
3.52277e+02  1.00014e+00  4.60861e-05  6.87904e-05  1.00018e+00  9.99977e-01
3.52382e+02  1.00013e+00  4.41926e-05  6.55718e-05  1.00018e+00  9.99979e-01
3.52487e+02  1.00012e+00  4.18166e-05  6.16382e-05  1.00017e+00  9.99980e-01
3.52591e+02  1.00012e+00  3.89847e-05  5.70336e-05  1.00015e+00  9.99982e-01
3.52696e+02  1.00011e+00  3.57282e-05  5.18090e-05  1.00014e+00  9.99984e-01
3.52801e+02  1.00010e+00  3.20831e-05  4.60224e-05  1.00012e+00  9.99986e-01
3.52906e+02  1.00008e+00  2.80898e-05  3.97376e-05  1.00011e+00  9.99988e-01
3.53010e+02  1.00007e+00  2.37923e-05  3.30242e-05  1.00009e+00  9.99991e-01
3.53115e+02  1.00006e+00  1.92379e-05  2.59560e-05  1.00007e+00  9.99993e-01
3.53220e+02  1.00004e+00  1.44768e-05  1.86108e-05  1.00005e+00  9.99996e-01
3.53324e+02  1.00003e+00  9.56115e-06  1.10694e-05  1.00003e+00  9.99998e-01
3.53429e+02  1.00001e+00  4.54506e-06  3.41449e-06  1.00001e+00  1.00000e+00
3.53534e+02  9.99998e-01  -5.16510e-07  -4.26990e-06  9.99991e-01  1.00000e+00
3.53639e+02  9.99983e-01  -5.56811e-06  -1.18996e-05  9.99971e-01  1.00001e+00
3.53743e+02  9.99968e-01  -1.05544e-05  -1.93913e-05  9.99951e-01  1.00001e+00
3.53848e+02  9.99953e-01  -1.54210e-05  -2.66629e-05  9.99931e-01  1.00001e+00
3.53953e+02  9.99939e-01  -2.01146e-05  -3.36351e-05  9.99913e-01  1.00001e+00
3.54057e+02  9.99926e-01  -2.45841e-05  -4.02320e-05  9.99895e-01  1.00002e+00
3.54162e+02  9.99914e-01  -2.87807e-05  -4.63817e-05  9.99878e-01  1.00002e+00
3.54267e+02  9.99902e-01  -3.26587e-05  -5.20174e-05  9.99863e-01  1.00002e+00
3.54372e+02  9.99892e-01  -3.61761e-05  -5.70779e-05  9.99850e-01  1.00002e+00
3.54476e+02  9.99882e-01  -3.92946e-05  -6.15084e-05  9.99838e-01  1.00002e+00
3.54581e+02  9.99874e-01  -4.19805e-05  -6.52611e-05  9.99827e-01  1.00002e+00
3.54686e+02  9.99868e-01  -4.42047e-05  -6.82956e-05  9.99819e-01  1.00002e+00
3.54791e+02  9.99863e-01  -4.59432e-05  -7.05795e-05  9.99813e-01  1.00002e+00
3.54895e+02  9.99859e-01  -4.71776e-05  -7.20885e-05  9.99809e-01  1.00002e+00
3.55000e+02  9.99857e-01  -4.78946e-05  -7.28069e-05  9.99806e-01  1.00002e+00
3.55105e+02  9.99856e-01  -4.80869e-05  -7.27276e-05  9.99806e-01  1.00002e+00
3.55209e+02  9.99857e-01  -4.77528e-05  -7.18523e-05  9.99809e-01  1.00002e+00
3.55314e+02  9.99860e-01  -4.68963e-05  -7.01913e-05  9.99813e-01  1.00002e+00
3.55419e+02  9.99864e-01  -4.55272e-05  -6.77636e-05  9.99819e-01  1.00002e+00
3.55524e+02  9.99870e-01  -4.36610e-05  -6.45964e-05  9.99827e-01  1.00002e+00
3.55628e+02  9.99877e-01  -4.13183e-05  -6.07253e-05  9.99837e-01  1.00002e+00
3.55733e+02  9.99885e-01  -3.85252e-05  -5.61931e-05  9.99849e-01  1.00002e+00
3.55838e+02  9.99895e-01  -3.53125e-05  -5.10502e-05  9.99863e-01  1.00002e+00
3.55942e+02  9.99906e-01  -3.17158e-05  -4.53533e-05  9.99878e-01  1.00001e+00
3.56047e+02  9.99917e-01  -2.77747e-05  -3.91655e-05  9.99894e-01  1.00001e+00
3.56152e+02  9.99930e-01  -2.35325e-05  -3.25548e-05  9.99911e-01  1.00001e+00
3.56257e+02  9.99944e-01  -1.90359e-05  -2.55940e-05  9.99930e-01  1.00001e+00
3.56361e+02  9.99958e-01  -1.43343e-05  -1.83597e-05  9.99949e-01  1.00000e+00
3.56466e+02  9.99972e-01  -9.47932e-06  -1.09313e-05  9.99969e-01  1.00000e+00
3.56571e+02  9.99987e-01  -4.52420e-06  -3.39026e-06  9.99989e-01  9.99999e-01
3.56675e+02  1.00000e+00  4.76723e-07  4.18068e-06  1.00001e+00  9.99996e-01
3.56780e+02  1.00002e+00  5.46867e-06  1.16986e-05  1.00003e+00  9.99994e-01
3.56885e+02  1.00003e+00  1.03970e-05  1.90813e-05  1.00005e+00  9.99991e-01
3.56990e+02  1.00005e+00  1.52078e-05  2.62479e-05  1.00007e+00  9.99989e-01
3.57094e+02  1.00006e+00  1.98484e-05  3.31203e-05  1.00009e+00  9.99987e-01
3.57199e+02  1.00007e+00  2.42681e-05  3.96234e-05  1.00010e+00  9.99985e-01
3.57304e+02  1.00009e+00  2.84187e-05  4.56864e-05  1.00012e+00  9.99983e-01
3.57409e+02  1.00010e+00  3.22549e-05  5.12432e-05  1.00013e+00  9.99981e-01
3.57513e+02  1.00011e+00  3.57350e-05  5.62335e-05  1.00015e+00  9.99980e-01
3.57618e+02  1.00012e+00  3.88209e-05  6.06031e-05  1.00016e+00  9.99978e-01
3.57723e+02  1.00012e+00  4.14793e-05  6.43047e-05  1.00017e+00  9.99977e-01
3.57827e+02  1.00013e+00  4.36814e-05  6.72985e-05  1.00018e+00  9.99976e-01
3.57932e+02  1.00014e+00  4.54032e-05  6.95522e-05  1.00018e+00  9.99976e-01
3.58037e+02  1.00014e+00  4.66265e-05  7.10420e-05  1.00019e+00  9.99976e-01
3.58142e+02  1.00014e+00  4.73380e-05  7.17522e-05  1.00019e+00  9.99976e-01
3.58246e+02  1.00014e+00  4.75305e-05  7.16759e-05  1.00019e+00  9.99976e-01
3.58351e+02  1.00014e+00  4.72021e-05  7.08145e-05  1.00019e+00  9.99976e-01
3.58456e+02  1.00014e+00  4.63571e-05  6.91784e-05  1.00018e+00  9.99977e-01
3.58560e+02  1.00013e+00  4.50050e-05  6.67862e-05  1.00018e+00  9.99978e-01
3.58665e+02  1.00013e+00  4.31610e-05  6.36649e-05  1.00017e+00  9.99979e-01
3.58770e+02  1.00012e+00  4.08457e-05  5.98494e-05  1.00016e+00  9.99981e-01
3.58875e+02  1.00011e+00  3.80850e-05  5.53822e-05  1.00015e+00  9.99983e-01
3.58979e+02  1.00010e+00  3.49095e-05  5.03129e-05  1.00014e+00  9.99985e-01
3.59084e+02  1.00009e+00  3.13542e-05  4.46976e-05  1.00012e+00  9.99987e-01
3.59189e+02  1.00008e+00  2.74584e-05  3.85984e-05  1.00010e+00  9.99989e-01
3.59293e+02  1.00007e+00  2.32651e-05  3.20826e-05  1.00009e+00  9.99991e-01
3.59398e+02  1.00006e+00  1.88205e-05  2.52220e-05  1.00007e+00  9.99994e-01
3.59503e+02  1.00004e+00  1.41735e-05  1.80920e-05  1.00005e+00  9.99996e-01
3.59608e+02  1.00003e+00  9.37513e-06  1.07711e-05  1.00003e+00  9.99999e-01
3.59712e+02  1.00001e+00  4.47805e-06  3.33950e-06  1.00001e+00  1.00000e+00
3.59817e+02  9.99998e-01  -4.64028e-07  -4.12118e-06  9.99991e-01  1.00000e+00
3.59922e+02  9.99983e-01  -5.39696e-06  -1.15293e-05  9.99972e-01  1.00001e+00
3.60027e+02  9.99969e-01  -1.02668e-05  -1.88037e-05  9.99952e-01  1.00001e+00
3.60131e+02  9.99955e-01  -1.50202e-05  -2.58650e-05  9.99933e-01  1.00001e+00
3.60236e+02  9.99941e-01  -1.96053e-05  -3.26361e-05  9.99915e-01  1.00001e+00
3.60341e+02  9.99928e-01  -2.39720e-05  -3.90431e-05  9.99898e-01  1.00002e+00
3.60445e+02  9.99916e-01  -2.80728e-05  -4.50163e-05  9.99882e-01  1.00002e+00
3.60550e+02  9.99904e-01  -3.18630e-05  -5.04907e-05  9.99867e-01  1.00002e+00
3.60655e+02  9.99894e-01  -3.53014e-05  -5.54070e-05  9.99854e-01  1.00002e+00
3.60760e+02  9.99885e-01  -3.83507e-05  -5.97119e-05  9.99842e-01  1.00002e+00
3.60864e+02  9.99877e-01  -4.09778e-05  -6.33589e-05  9.99832e-01  1.00002e+00
3.60969e+02  9.99871e-01  -4.31543e-05  -6.63087e-05  9.99824e-01  1.00002e+00
3.61074e+02  9.99866e-01  -4.48568e-05  -6.85297e-05  9.99818e-01  1.00002e+00
3.61178e+02  9.99862e-01  -4.60670e-05  -6.99985e-05  9.99814e-01  1.00002e+00
3.61283e+02  9.99860e-01  -4.67721e-05  -7.06995e-05  9.99812e-01  1.00002e+00
3.61388e+02  9.99860e-01  -4.69648e-05  -7.06260e-05  9.99812e-01  1.00002e+00
3.61493e+02  9.99861e-01  -4.66433e-05  -6.97794e-05  9.99814e-01  1.00002e+00
3.61597e+02  9.99863e-01  -4.58116e-05  -6.81697e-05  9.99818e-01  1.00002e+00
3.61702e+02  9.99867e-01  -4.44791e-05  -6.58154e-05  9.99824e-01  1.00002e+00
3.61807e+02  9.99873e-01  -4.26608e-05  -6.27429e-05  9.99832e-01  1.00002e+00
3.61911e+02  9.99880e-01  -4.03769e-05  -5.89864e-05  9.99842e-01  1.00002e+00
3.62016e+02  9.99888e-01  -3.76528e-05  -5.45877e-05  9.99853e-01  1.00002e+00
3.62121e+02  9.99897e-01  -3.45185e-05  -4.95956e-05  9.99866e-01  1.00002e+00
3.62226e+02  9.99908e-01  -3.10088e-05  -4.40653e-05  9.99881e-01  1.00001e+00
3.62330e+02  9.99919e-01  -2.71621e-05  -3.80577e-05  9.99897e-01  1.00001e+00
3.62435e+02  9.99932e-01  -2.30210e-05  -3.16391e-05  9.99914e-01  1.00001e+00
3.62540e+02  9.99945e-01  -1.86308e-05  -2.48801e-05  9.99932e-01  1.00001e+00
3.62645e+02  9.99958e-01  -1.40399e-05  -1.78549e-05  9.99950e-01  1.00000e+00
3.62749e+02  9.99973e-01  -9.29860e-06  -1.06409e-05  9.99969e-01  1.00000e+00
3.62854e+02  9.99987e-01  -4.45892e-06  -3.31702e-06  9.99989e-01  9.99999e-01
3.62959e+02  1.00000e+00  4.26070e-07  4.03636e-06  1.00001e+00  9.99996e-01
3.63063e+02  1.00002e+00  5.30286e-06  1.13387e-05  1.00003e+00  9.99994e-01
3.63168e+02  1.00003e+00  1.01181e-05  1.85101e-05  1.00005e+00  9.99992e-01
3.63273e+02  1.00004e+00  1.48190e-05  2.54722e-05  1.00007e+00  9.99989e-01
3.63378e+02  1.00006e+00  1.93542e-05  3.21488e-05  1.00008e+00  9.99987e-01
3.63482e+02  1.00007e+00  2.36742e-05  3.84671e-05  1.00010e+00  9.99985e-01
3.63587e+02  1.00008e+00  2.77317e-05  4.43583e-05  1.00012e+00  9.99983e-01
3.63692e+02  1.00009e+00  3.14826e-05  4.97582e-05  1.00013e+00  9.99982e-01
3.63796e+02  1.00010e+00  3.48859e-05  5.46081e-05  1.00014e+00  9.99980e-01
3.63901e+02  1.00011e+00  3.79046e-05  5.88554e-05  1.00016e+00  9.99979e-01
3.64006e+02  1.00012e+00  4.05059e-05  6.24541e-05  1.00017e+00  9.99978e-01
3.64111e+02  1.00013e+00  4.26616e-05  6.53654e-05  1.00017e+00  9.99977e-01
3.64215e+02  1.00013e+00  4.43484e-05  6.75580e-05  1.00018e+00  9.99977e-01
3.64320e+02  1.00014e+00  4.55482e-05  6.90085e-05  1.00018e+00  9.99977e-01
3.64425e+02  1.00014e+00  4.62482e-05  6.97019e-05  1.00019e+00  9.99977e-01
3.64529e+02  1.00014e+00  4.64411e-05  6.96312e-05  1.00019e+00  9.99977e-01
3.64634e+02  1.00014e+00  4.61251e-05  6.87979e-05  1.00018e+00  9.99977e-01
3.64739e+02  1.00014e+00  4.53042e-05  6.72118e-05  1.00018e+00  9.99978e-01
3.64844e+02  1.00013e+00  4.39876e-05  6.48911e-05  1.00017e+00  9.99979e-01
3.64948e+02  1.00013e+00  4.21904e-05  6.18620e-05  1.00017e+00  9.99980e-01
3.65053e+02  1.00012e+00  3.99324e-05  5.81582e-05  1.00016e+00  9.99982e-01
3.65158e+02  1.00011e+00  3.72388e-05  5.38210e-05  1.00014e+00  9.99983e-01
3.65263e+02  1.00010e+00  3.41394e-05  4.88985e-05  1.00013e+00  9.99985e-01
3.65367e+02  1.00009e+00  3.06687e-05  4.34453e-05  1.00012e+00  9.99987e-01
3.65472e+02  1.00008e+00  2.68648e-05  3.75216e-05  1.00010e+00  9.99989e-01
3.65577e+02  1.00007e+00  2.27697e-05  3.11928e-05  1.00009e+00  9.99992e-01
3.65681e+02  1.00005e+00  1.84285e-05  2.45285e-05  1.00007e+00  9.99994e-01
3.65786e+02  1.00004e+00  1.38889e-05  1.76021e-05  1.00005e+00  9.99996e-01
3.65891e+02  1.00003e+00  9.20092e-06  1.04897e-05  1.00003e+00  9.99999e-01
3.65996e+02  1.00001e+00  4.41587e-06  3.26939e-06  1.00001e+00  1.00000e+00
3.66100e+02  9.99998e-01  -4.13724e-07  -3.97969e-06  9.99992e-01  1.00000e+00
3.66205e+02  9.99984e-01  -5.23497e-06  -1.11781e-05  9.99972e-01  1.00001e+00
3.66310e+02  9.99970e-01  -9.99508e-06  -1.82472e-05  9.99954e-01  1.00001e+00
3.66414e+02  9.99956e-01  -1.46420e-05  -2.51095e-05  9.99935e-01  1.00001e+00
3.66519e+02  9.99942e-01  -1.91250e-05  -3.16903e-05  9.99917e-01  1.00001e+00
3.66624e+02  9.99930e-01  -2.33951e-05  -3.79177e-05  9.99901e-01  1.00001e+00
3.66729e+02  9.99918e-01  -2.74058e-05  -4.37240e-05  9.99885e-01  1.00002e+00
3.66833e+02  9.99907e-01  -3.11133e-05  -4.90460e-05  9.99871e-01  1.00002e+00
3.66938e+02  9.99897e-01  -3.44775e-05  -5.38259e-05  9.99858e-01  1.00002e+00
3.67043e+02  9.99888e-01  -3.74616e-05  -5.80120e-05  9.99847e-01  1.00002e+00
3.67147e+02  9.99880e-01  -4.00335e-05  -6.15590e-05  9.99837e-01  1.00002e+00
3.67252e+02  9.99874e-01  -4.21652e-05  -6.44287e-05  9.99829e-01  1.00002e+00
3.67357e+02  9.99869e-01  -4.38338e-05  -6.65904e-05  9.99823e-01  1.00002e+00
3.67462e+02  9.99865e-01  -4.50214e-05  -6.80211e-05  9.99819e-01  1.00002e+00
3.67566e+02  9.99863e-01  -4.57154e-05  -6.87058e-05  9.99817e-01  1.00002e+00
3.67671e+02  9.99863e-01  -4.59085e-05  -6.86378e-05  9.99817e-01  1.00002e+00
3.67776e+02  9.99864e-01  -4.55990e-05  -6.78185e-05  9.99819e-01  1.00002e+00
3.67880e+02  9.99866e-01  -4.47907e-05  -6.62575e-05  9.99823e-01  1.00002e+00
3.67985e+02  9.99870e-01  -4.34927e-05  -6.39727e-05  9.99829e-01  1.00002e+00
3.68090e+02  9.99875e-01  -4.17196e-05  -6.09896e-05  9.99836e-01  1.00002e+00
3.68195e+02  9.99882e-01  -3.94912e-05  -5.73417e-05  9.99846e-01  1.00002e+00
3.68299e+02  9.99890e-01  -3.68321e-05  -5.30694e-05  9.99857e-01  1.00002e+00
3.68404e+02  9.99899e-01  -3.37717e-05  -4.82201e-05  9.99870e-01  1.00001e+00
3.68509e+02  9.99910e-01  -3.03439e-05  -4.28473e-05  9.99884e-01  1.00001e+00
3.68614e+02  9.99921e-01  -2.65863e-05  -3.70103e-05  9.99899e-01  1.00001e+00
3.68718e+02  9.99933e-01  -2.25403e-05  -3.07735e-05  9.99916e-01  1.00001e+00
3.68823e+02  9.99946e-01  -1.82504e-05  -2.42053e-05  9.99933e-01  1.00001e+00
3.68928e+02  9.99959e-01  -1.37636e-05  -1.73782e-05  9.99951e-01  1.00000e+00
3.69032e+02  9.99973e-01  -9.12938e-06  -1.03669e-05  9.99970e-01  1.00000e+00
3.69137e+02  9.99987e-01  -4.39839e-06  -3.24853e-06  9.99989e-01  9.99999e-01
3.69242e+02  1.00000e+00  3.77463e-07  3.89900e-06  1.00001e+00  9.99996e-01
3.69347e+02  1.00002e+00  5.14586e-06  1.09974e-05  1.00003e+00  9.99994e-01
3.69451e+02  1.00003e+00  9.85458e-06  1.79689e-05  1.00005e+00  9.99992e-01
3.69556e+02  1.00004e+00  1.44521e-05  2.47374e-05  1.00006e+00  9.99990e-01
3.69661e+02  1.00006e+00  1.88882e-05  3.12288e-05  1.00008e+00  9.99988e-01
3.69765e+02  1.00007e+00  2.31143e-05  3.73723e-05  1.00010e+00  9.99986e-01
3.69870e+02  1.00008e+00  2.70843e-05  4.31010e-05  1.00011e+00  9.99984e-01
3.69975e+02  1.00009e+00  3.07548e-05  4.83525e-05  1.00013e+00  9.99982e-01
3.70080e+02  1.00010e+00  3.40860e-05  5.30696e-05  1.00014e+00  9.99981e-01
3.70184e+02  1.00011e+00  3.70414e-05  5.72012e-05  1.00015e+00  9.99980e-01
3.70289e+02  1.00012e+00  3.95890e-05  6.07026e-05  1.00016e+00  9.99979e-01
3.70394e+02  1.00012e+00  4.17012e-05  6.35358e-05  1.00017e+00  9.99978e-01
3.70498e+02  1.00013e+00  4.33551e-05  6.56706e-05  1.00017e+00  9.99978e-01
3.70603e+02  1.00013e+00  4.45330e-05  6.70842e-05  1.00018e+00  9.99977e-01
3.70708e+02  1.00014e+00  4.52221e-05  6.77616e-05  1.00018e+00  9.99977e-01
3.70813e+02  1.00014e+00  4.54155e-05  6.76963e-05  1.00018e+00  9.99978e-01
3.70917e+02  1.00013e+00  4.51112e-05  6.68896e-05  1.00018e+00  9.99978e-01
3.71022e+02  1.00013e+00  4.43131e-05  6.53510e-05  1.00018e+00  9.99979e-01
3.71127e+02  1.00013e+00  4.30302e-05  6.30980e-05  1.00017e+00  9.99980e-01
3.71232e+02  1.00012e+00  4.12770e-05  6.01561e-05  1.00016e+00  9.99981e-01
3.71336e+02  1.00012e+00  3.90729e-05  5.65581e-05  1.00015e+00  9.99983e-01
3.71441e+02  1.00011e+00  3.64426e-05  5.23440e-05  1.00014e+00  9.99984e-01
3.71546e+02  1.00010e+00  3.34152e-05  4.75606e-05  1.00013e+00  9.99986e-01
3.71650e+02  1.00009e+00  3.00240e-05  4.22608e-05  1.00011e+00  9.99988e-01
3.71755e+02  1.00008e+00  2.63067e-05  3.65032e-05  1.00010e+00  9.99990e-01
3.71860e+02  1.00007e+00  2.23040e-05  3.03514e-05  1.00008e+00  9.99992e-01
3.71965e+02  1.00005e+00  1.80602e-05  2.38729e-05  1.00007e+00  9.99994e-01
3.72069e+02  1.00004e+00  1.36219e-05  1.71392e-05  1.00005e+00  9.99996e-01
3.72174e+02  1.00003e+00  9.03780e-06  1.02242e-05  1.00003e+00  9.99999e-01
3.72279e+02  1.00001e+00  4.35825e-06  3.20381e-06  1.00001e+00  1.00000e+00
3.72383e+02  9.99999e-01  -3.65455e-07  -3.84500e-06  9.99992e-01  1.00000e+00
3.72488e+02  9.99984e-01  -5.08155e-06  -1.08450e-05  9.99973e-01  1.00001e+00
3.72593e+02  9.99971e-01  -9.73841e-06  -1.77197e-05  9.99955e-01  1.00001e+00
3.72698e+02  9.99957e-01  -1.42851e-05  -2.43938e-05  9.99937e-01  1.00001e+00
3.72802e+02  9.99944e-01  -1.86720e-05  -3.07945e-05  9.99920e-01  1.00001e+00
3.72907e+02  9.99931e-01  -2.28512e-05  -3.68520e-05  9.99903e-01  1.00001e+00
3.73012e+02  9.99920e-01  -2.67770e-05  -4.25003e-05  9.99888e-01  1.00002e+00
3.73116e+02  9.99909e-01  -3.04069e-05  -4.76780e-05  9.99874e-01  1.00002e+00
3.73221e+02  9.99899e-01  -3.37011e-05  -5.23289e-05  9.99862e-01  1.00002e+00
3.73326e+02  9.99890e-01  -3.66241e-05  -5.64026e-05  9.99851e-01  1.00002e+00
3.73431e+02  9.99883e-01  -3.91440e-05  -5.98550e-05  9.99841e-01  1.00002e+00
3.73535e+02  9.99877e-01  -4.12336e-05  -6.26490e-05  9.99833e-01  1.00002e+00
3.73640e+02  9.99872e-01  -4.28704e-05  -6.47545e-05  9.99828e-01  1.00002e+00
3.73745e+02  9.99868e-01  -4.40368e-05  -6.61493e-05  9.99824e-01  1.00002e+00
3.73850e+02  9.99866e-01  -4.47204e-05  -6.68186e-05  9.99822e-01  1.00002e+00
3.73954e+02  9.99866e-01  -4.49140e-05  -6.67558e-05  9.99822e-01  1.00002e+00
3.74059e+02  9.99867e-01  -4.46159e-05  -6.59623e-05  9.99823e-01  1.00002e+00
3.74164e+02  9.99869e-01  -4.38297e-05  -6.44475e-05  9.99827e-01  1.00002e+00
3.74268e+02  9.99873e-01  -4.25643e-05  -6.22285e-05  9.99833e-01  1.00002e+00
3.74373e+02  9.99878e-01  -4.08339e-05  -5.93303e-05  9.99841e-01  1.00002e+00
3.74478e+02  9.99885e-01  -3.86577e-05  -5.57852e-05  9.99850e-01  1.00002e+00
3.74583e+02  9.99892e-01  -3.60599e-05  -5.16326e-05  9.99861e-01  1.00002e+00
3.74687e+02  9.99901e-01  -3.30692e-05  -4.69185e-05  9.99873e-01  1.00001e+00
3.74792e+02  9.99911e-01  -2.97186e-05  -4.16949e-05  9.99887e-01  1.00001e+00
3.74897e+02  9.99922e-01  -2.60448e-05  -3.60194e-05  9.99902e-01  1.00001e+00
3.75001e+02  9.99934e-01  -2.20885e-05  -2.99547e-05  9.99918e-01  1.00001e+00
3.75106e+02  9.99947e-01  -1.78930e-05  -2.35673e-05  9.99935e-01  1.00001e+00
3.75211e+02  9.99960e-01  -1.35044e-05  -1.69276e-05  9.99953e-01  1.00000e+00
3.75316e+02  9.99974e-01  -8.97097e-06  -1.01084e-05  9.99971e-01  1.00000e+00
3.75420e+02  9.99987e-01  -4.34232e-06  -3.18447e-06  9.99989e-01  9.99999e-01
3.75525e+02  1.00000e+00  3.30769e-07  3.76819e-06  1.00001e+00  9.99997e-01
3.75630e+02  1.00002e+00  4.99711e-06  1.06735e-05  1.00003e+00  9.99994e-01
3.75734e+02  1.00003e+00  9.60560e-06  1.74558e-05  1.00004e+00  9.99992e-01
3.75839e+02  1.00004e+00  1.41058e-05  2.40410e-05  1.00006e+00  9.99990e-01
3.75944e+02  1.00006e+00  1.84485e-05  3.03571e-05  1.00008e+00  9.99988e-01
3.76049e+02  1.00007e+00  2.25863e-05  3.63352e-05  1.00010e+00  9.99986e-01
3.76153e+02  1.00008e+00  2.64739e-05  4.19101e-05  1.00011e+00  9.99985e-01
3.76258e+02  1.00009e+00  3.00689e-05  4.70210e-05  1.00012e+00  9.99983e-01
3.76363e+02  1.00010e+00  3.33322e-05  5.16125e-05  1.00014e+00  9.99982e-01
3.76468e+02  1.00011e+00  3.62282e-05  5.56346e-05  1.00015e+00  9.99981e-01
3.76572e+02  1.00012e+00  3.87253e-05  5.90438e-05  1.00016e+00  9.99980e-01
3.76677e+02  1.00012e+00  4.07966e-05  6.18033e-05  1.00016e+00  9.99979e-01
3.76782e+02  1.00013e+00  4.24196e-05  6.38834e-05  1.00017e+00  9.99979e-01
3.76886e+02  1.00013e+00  4.35769e-05  6.52620e-05  1.00017e+00  9.99978e-01
3.76991e+02  1.00013e+00  4.42560e-05  6.59245e-05  1.00018e+00  9.99978e-01
3.77096e+02  1.00013e+00  4.44499e-05  6.58643e-05  1.00018e+00  9.99979e-01
3.77201e+02  1.00013e+00  4.41568e-05  6.50828e-05  1.00017e+00  9.99979e-01
3.77305e+02  1.00013e+00  4.33802e-05  6.35892e-05  1.00017e+00  9.99980e-01
3.77410e+02  1.00013e+00  4.21291e-05  6.14004e-05  1.00016e+00  9.99981e-01
3.77515e+02  1.00012e+00  4.04174e-05  5.85411e-05  1.00016e+00  9.99982e-01
3.77619e+02  1.00011e+00  3.82642e-05  5.50433e-05  1.00015e+00  9.99983e-01
3.77724e+02  1.00011e+00  3.56936e-05  5.09458e-05  1.00014e+00  9.99985e-01
3.77829e+02  1.00010e+00  3.27338e-05  4.62941e-05  1.00013e+00  9.99986e-01
3.77934e+02  1.00009e+00  2.94178e-05  4.11397e-05  1.00011e+00  9.99988e-01
3.78038e+02  1.00008e+00  2.57819e-05  3.55395e-05  1.00010e+00  9.99990e-01
3.78143e+02  1.00007e+00  2.18664e-05  2.95552e-05  1.00008e+00  9.99992e-01
3.78248e+02  1.00005e+00  1.77144e-05  2.32528e-05  1.00006e+00  9.99994e-01
3.78352e+02  1.00004e+00  1.33714e-05  1.67016e-05  1.00005e+00  9.99997e-01
3.78457e+02  1.00003e+00  8.88512e-06  9.97350e-06  1.00003e+00  9.99999e-01
3.78562e+02  1.00001e+00  4.30490e-06  3.14244e-06  1.00001e+00  1.00000e+00
3.78667e+02  9.99999e-01  -3.19083e-07  -3.71672e-06  9.99992e-01  1.00000e+00
3.78771e+02  9.99985e-01  -4.93618e-06  -1.05288e-05  9.99974e-01  1.00001e+00
3.78876e+02  9.99971e-01  -9.49585e-06  -1.72194e-05  9.99956e-01  1.00001e+00
3.78981e+02  9.99958e-01  -1.39482e-05  -2.37152e-05  9.99939e-01  1.00001e+00
3.79086e+02  9.99945e-01  -1.82447e-05  -2.99454e-05  9.99922e-01  1.00001e+00
3.79190e+02  9.99933e-01  -2.23382e-05  -3.58420e-05  9.99906e-01  1.00001e+00
3.79295e+02  9.99922e-01  -2.61843e-05  -4.13408e-05  9.99891e-01  1.00002e+00
3.79400e+02  9.99911e-01  -2.97410e-05  -4.63819e-05  9.99877e-01  1.00002e+00
3.79504e+02  9.99901e-01  -3.29696e-05  -5.09107e-05  9.99865e-01  1.00002e+00
3.79609e+02  9.99893e-01  -3.58349e-05  -5.48780e-05  9.99854e-01  1.00002e+00
3.79714e+02  9.99885e-01  -3.83061e-05  -5.82409e-05  9.99845e-01  1.00002e+00
3.79819e+02  9.99879e-01  -4.03561e-05  -6.09631e-05  9.99838e-01  1.00002e+00
3.79923e+02  9.99875e-01  -4.19631e-05  -6.30155e-05  9.99832e-01  1.00002e+00
3.80028e+02  9.99871e-01  -4.31096e-05  -6.43763e-05  9.99828e-01  1.00002e+00
3.80133e+02  9.99869e-01  -4.37835e-05  -6.50311e-05  9.99826e-01  1.00002e+00
3.80237e+02  9.99869e-01  -4.39777e-05  -6.49734e-05  9.99826e-01  1.00002e+00
3.80342e+02  9.99869e-01  -4.36904e-05  -6.42045e-05  9.99828e-01  1.00002e+00
3.80447e+02  9.99872e-01  -4.29251e-05  -6.27334e-05  9.99832e-01  1.00002e+00
3.80552e+02  9.99876e-01  -4.16904e-05  -6.05768e-05  9.99837e-01  1.00002e+00
3.80656e+02  9.99881e-01  -4.00003e-05  -5.77590e-05  9.99844e-01  1.00002e+00
3.80761e+02  9.99887e-01  -3.78735e-05  -5.43114e-05  9.99854e-01  1.00002e+00
3.80866e+02  9.99895e-01  -3.53335e-05  -5.02722e-05  9.99864e-01  1.00001e+00
3.80970e+02  9.99903e-01  -3.24084e-05  -4.56861e-05  9.99876e-01  1.00001e+00
3.81075e+02  9.99913e-01  -2.91305e-05  -4.06039e-05  9.99890e-01  1.00001e+00
3.81180e+02  9.99924e-01  -2.55358e-05  -3.50815e-05  9.99904e-01  1.00001e+00
3.81285e+02  9.99936e-01  -2.16639e-05  -2.91798e-05  9.99920e-01  1.00001e+00
3.81389e+02  9.99948e-01  -1.75574e-05  -2.29636e-05  9.99937e-01  1.00001e+00
3.81494e+02  9.99961e-01  -1.32613e-05  -1.65015e-05  9.99954e-01  1.00000e+00
3.81599e+02  9.99974e-01  -8.82274e-06  -9.86415e-06  9.99971e-01  1.00000e+00
3.81704e+02  9.99987e-01  -4.29047e-06  -3.12453e-06  9.99989e-01  9.99999e-01
3.81808e+02  1.00000e+00  2.85860e-07  3.64354e-06  1.00001e+00  9.99997e-01
3.81913e+02  1.00001e+00  4.85612e-06  1.03659e-05  1.00003e+00  9.99994e-01
3.82018e+02  1.00003e+00  9.37026e-06  1.69690e-05  1.00004e+00  9.99992e-01
3.82122e+02  1.00004e+00  1.37789e-05  2.33806e-05  1.00006e+00  9.99990e-01
3.82227e+02  1.00005e+00  1.80338e-05  2.95307e-05  1.00008e+00  9.99989e-01
3.82332e+02  1.00007e+00  2.20884e-05  3.53521e-05  1.00009e+00  9.99987e-01
3.82437e+02  1.00008e+00  2.58985e-05  4.07813e-05  1.00011e+00  9.99985e-01
3.82541e+02  1.00009e+00  2.94225e-05  4.57592e-05  1.00012e+00  9.99984e-01
3.82646e+02  1.00010e+00  3.26219e-05  5.02317e-05  1.00013e+00  9.99982e-01
3.82751e+02  1.00011e+00  3.54619e-05  5.41501e-05  1.00014e+00  9.99981e-01
3.82855e+02  1.00011e+00  3.79117e-05  5.74721e-05  1.00015e+00  9.99980e-01
3.82960e+02  1.00012e+00  3.99446e-05  6.01618e-05  1.00016e+00  9.99980e-01
3.83065e+02  1.00012e+00  4.15386e-05  6.21901e-05  1.00017e+00  9.99979e-01
3.83170e+02  1.00013e+00  4.26765e-05  6.35356e-05  1.00017e+00  9.99979e-01
3.83274e+02  1.00013e+00  4.33463e-05  6.41839e-05  1.00017e+00  9.99979e-01
3.83379e+02  1.00013e+00  4.35408e-05  6.41287e-05  1.00017e+00  9.99979e-01
3.83484e+02  1.00013e+00  4.32582e-05  6.33712e-05  1.00017e+00  9.99980e-01
3.83588e+02  1.00013e+00  4.25021e-05  6.19202e-05  1.00017e+00  9.99981e-01
3.83693e+02  1.00012e+00  4.12809e-05  5.97923e-05  1.00016e+00  9.99981e-01
3.83798e+02  1.00012e+00  3.96084e-05  5.70114e-05  1.00015e+00  9.99983e-01
3.83903e+02  1.00011e+00  3.75033e-05  5.36086e-05  1.00014e+00  9.99984e-01
3.84007e+02  1.00010e+00  3.49889e-05  4.96216e-05  1.00013e+00  9.99985e-01
3.84112e+02  1.00010e+00  3.20930e-05  4.50948e-05  1.00012e+00  9.99987e-01
3.84217e+02  1.00009e+00  2.88476e-05  4.00781e-05  1.00011e+00  9.99989e-01
3.84322e+02  1.00008e+00  2.52887e-05  3.46270e-05  1.00009e+00  9.99991e-01
3.84426e+02  1.00006e+00  2.14552e-05  2.88015e-05  1.00008e+00  9.99993e-01
3.84531e+02  1.00005e+00  1.73896e-05  2.26659e-05  1.00006e+00  9.99995e-01
3.84636e+02  1.00004e+00  1.31364e-05  1.62876e-05  1.00005e+00  9.99997e-01
3.84740e+02  1.00003e+00  8.74230e-06  9.73666e-06  1.00003e+00  9.99999e-01
3.84845e+02  1.00001e+00  4.25562e-06  3.08500e-06  1.00001e+00  1.00000e+00
3.84950e+02  9.99999e-01  -2.74480e-07  -3.59446e-06  9.99993e-01  1.00000e+00
3.85055e+02  9.99985e-01  -4.79838e-06  -1.02286e-05  9.99975e-01  1.00001e+00
3.85159e+02  9.99972e-01  -9.26655e-06  -1.67447e-05  9.99957e-01  1.00001e+00
3.85264e+02  9.99959e-01  -1.36301e-05  -2.30716e-05  9.99940e-01  1.00001e+00
3.85369e+02  9.99946e-01  -1.78414e-05  -2.91403e-05  9.99924e-01  1.00001e+00
3.85473e+02  9.99934e-01  -2.18545e-05  -3.48844e-05  9.99908e-01  1.00001e+00
3.85578e+02  9.99923e-01  -2.56255e-05  -4.02416e-05  9.99894e-01  1.00001e+00
3.85683e+02  9.99913e-01  -2.91134e-05  -4.51533e-05  9.99881e-01  1.00002e+00
3.85788e+02  9.99903e-01  -3.22801e-05  -4.95664e-05  9.99869e-01  1.00002e+00
3.85892e+02  9.99895e-01  -3.50914e-05  -5.34329e-05  9.99858e-01  1.00002e+00
3.85997e+02  9.99888e-01  -3.75166e-05  -5.67110e-05  9.99849e-01  1.00002e+00
3.86102e+02  9.99882e-01  -3.95296e-05  -5.93654e-05  9.99842e-01  1.00002e+00
3.86206e+02  9.99877e-01  -4.11085e-05  -6.13675e-05  9.99836e-01  1.00002e+00
3.86311e+02  9.99874e-01  -4.22364e-05  -6.26961e-05  9.99832e-01  1.00002e+00
3.86416e+02  9.99872e-01  -4.29012e-05  -6.33372e-05  9.99830e-01  1.00002e+00
3.86521e+02  9.99871e-01  -4.30961e-05  -6.32843e-05  9.99830e-01  1.00002e+00
3.86625e+02  9.99872e-01  -4.28191e-05  -6.25388e-05  9.99832e-01  1.00002e+00
3.86730e+02  9.99874e-01  -4.20736e-05  -6.11092e-05  9.99836e-01  1.00002e+00
3.86835e+02  9.99878e-01  -4.08680e-05  -5.90119e-05  9.99841e-01  1.00002e+00
3.86939e+02  9.99883e-01  -3.92159e-05  -5.62703e-05  9.99848e-01  1.00002e+00
3.87044e+02  9.99889e-01  -3.71356e-05  -5.29151e-05  9.99857e-01  1.00002e+00
3.87149e+02  9.99897e-01  -3.46501e-05  -4.89834e-05  9.99867e-01  1.00001e+00
3.87254e+02  9.99905e-01  -3.17869e-05  -4.45187e-05  9.99879e-01  1.00001e+00
3.87358e+02  9.99915e-01  -2.85776e-05  -3.95705e-05  9.99892e-01  1.00001e+00
3.87463e+02  9.99925e-01  -2.50574e-05  -3.41932e-05  9.99907e-01  1.00001e+00
3.87568e+02  9.99937e-01  -2.12651e-05  -2.84460e-05  9.99922e-01  1.00001e+00
3.87673e+02  9.99949e-01  -1.72423e-05  -2.23922e-05  9.99938e-01  1.00001e+00
3.87777e+02  9.99961e-01  -1.30333e-05  -1.60983e-05  9.99955e-01  1.00000e+00
3.87882e+02  9.99974e-01  -8.68414e-06  -9.63341e-06  9.99972e-01  1.00000e+00
3.87987e+02  9.99988e-01  -4.24261e-06  -3.06842e-06  9.99990e-01  9.99999e-01
3.88091e+02  1.00000e+00  2.42617e-07  3.52469e-06  1.00001e+00  9.99997e-01
3.88196e+02  1.00001e+00  4.72242e-06  1.00737e-05  1.00002e+00  9.99995e-01
3.88301e+02  1.00003e+00  9.14774e-06  1.65070e-05  1.00004e+00  9.99993e-01
3.88406e+02  1.00004e+00  1.34702e-05  2.27541e-05  1.00006e+00  9.99991e-01
3.88510e+02  1.00005e+00  1.76424e-05  2.87468e-05  1.00008e+00  9.99989e-01
3.88615e+02  1.00006e+00  2.16188e-05  3.44197e-05  1.00009e+00  9.99987e-01
3.88720e+02  1.00008e+00  2.53560e-05  3.97109e-05  1.00010e+00  9.99986e-01
3.88824e+02  1.00009e+00  2.88131e-05  4.45628e-05  1.00012e+00  9.99984e-01
3.88929e+02  1.00010e+00  3.19525e-05  4.89225e-05  1.00013e+00  9.99983e-01
3.89034e+02  1.00010e+00  3.47400e-05  5.27428e-05  1.00014e+00  9.99982e-01
3.89139e+02  1.00011e+00  3.71452e-05  5.59822e-05  1.00015e+00  9.99981e-01
3.89243e+02  1.00012e+00  3.91420e-05  5.86057e-05  1.00016e+00  9.99981e-01
3.89348e+02  1.00012e+00  4.07088e-05  6.05850e-05  1.00016e+00  9.99980e-01
3.89453e+02  1.00013e+00  4.18287e-05  6.18992e-05  1.00017e+00  9.99980e-01
3.89557e+02  1.00013e+00  4.24897e-05  6.25342e-05  1.00017e+00  9.99980e-01
3.89662e+02  1.00013e+00  4.26849e-05  6.24838e-05  1.00017e+00  9.99980e-01
3.89767e+02  1.00013e+00  4.24124e-05  6.17490e-05  1.00017e+00  9.99981e-01
3.89872e+02  1.00012e+00  4.16756e-05  6.03385e-05  1.00016e+00  9.99981e-01
3.89976e+02  1.00012e+00  4.04827e-05  5.82684e-05  1.00016e+00  9.99982e-01
3.90081e+02  1.00012e+00  3.88473e-05  5.55618e-05  1.00015e+00  9.99983e-01
3.90186e+02  1.00011e+00  3.67874e-05  5.22491e-05  1.00014e+00  9.99985e-01
3.90291e+02  1.00010e+00  3.43260e-05  4.83669e-05  1.00013e+00  9.99986e-01
3.90395e+02  1.00009e+00  3.14903e-05  4.39584e-05  1.00012e+00  9.99988e-01
3.90500e+02  1.00008e+00  2.83116e-05  3.90723e-05  1.00011e+00  9.99989e-01
3.90605e+02  1.00007e+00  2.48251e-05  3.37626e-05  1.00009e+00  9.99991e-01
3.90709e+02  1.00006e+00  2.10690e-05  2.80877e-05  1.00008e+00  9.99993e-01
3.90814e+02  1.00005e+00  1.70847e-05  2.21103e-05  1.00006e+00  9.99995e-01
3.90919e+02  1.00004e+00  1.29160e-05  1.58959e-05  1.00004e+00  9.99997e-01
3.91024e+02  1.00003e+00  8.60878e-06  9.51283e-06  1.00003e+00  9.99999e-01
3.91128e+02  1.00001e+00  4.21018e-06  3.03123e-06  1.00001e+00  1.00000e+00
3.91233e+02  9.99999e-01  -2.31526e-07  -3.47789e-06  9.99993e-01  1.00000e+00
3.91338e+02  9.99986e-01  -4.66769e-06  -9.94323e-06  9.99975e-01  1.00001e+00
3.91442e+02  9.99973e-01  -9.04974e-06  -1.62940e-05  9.99958e-01  1.00001e+00
3.91547e+02  9.99960e-01  -1.33298e-05  -2.24609e-05  9.99942e-01  1.00001e+00
3.91652e+02  9.99948e-01  -1.74610e-05  -2.83764e-05  9.99926e-01  1.00001e+00
3.91757e+02  9.99936e-01  -2.13982e-05  -3.39761e-05  9.99911e-01  1.00001e+00
3.91861e+02  9.99925e-01  -2.50986e-05  -3.91990e-05  9.99897e-01  1.00001e+00
3.91966e+02  9.99915e-01  -2.85218e-05  -4.39881e-05  9.99884e-01  1.00002e+00
3.92071e+02  9.99905e-01  -3.16305e-05  -4.82915e-05  9.99872e-01  1.00002e+00
3.92175e+02  9.99897e-01  -3.43909e-05  -5.20625e-05  9.99861e-01  1.00002e+00
3.92280e+02  9.99890e-01  -3.67730e-05  -5.52603e-05  9.99853e-01  1.00002e+00
3.92385e+02  9.99884e-01  -3.87511e-05  -5.78504e-05  9.99846e-01  1.00002e+00
3.92490e+02  9.99879e-01  -4.03037e-05  -5.98050e-05  9.99840e-01  1.00002e+00
3.92594e+02  9.99876e-01  -4.14142e-05  -6.11031e-05  9.99836e-01  1.00002e+00
3.92699e+02  9.99874e-01  -4.20706e-05  -6.17313e-05  9.99834e-01  1.00002e+00
3.92804e+02  9.99874e-01  -4.22662e-05  -6.16831e-05  9.99834e-01  1.00002e+00
3.92909e+02  9.99875e-01  -4.19990e-05  -6.09597e-05  9.99836e-01  1.00002e+00
3.93013e+02  9.99877e-01  -4.12722e-05  -5.95696e-05  9.99840e-01  1.00002e+00
3.93118e+02  9.99880e-01  -4.00941e-05  -5.75284e-05  9.99845e-01  1.00002e+00
3.93223e+02  9.99885e-01  -3.84779e-05  -5.48592e-05  9.99852e-01  1.00002e+00
3.93327e+02  9.99891e-01  -3.64415e-05  -5.15916e-05  9.99860e-01  1.00002e+00
3.93432e+02  9.99899e-01  -3.40074e-05  -4.77619e-05  9.99870e-01  1.00001e+00
3.93537e+02  9.99907e-01  -3.12026e-05  -4.34125e-05  9.99882e-01  1.00001e+00
3.93642e+02  9.99916e-01  -2.80578e-05  -3.85913e-05  9.99895e-01  1.00001e+00
3.93746e+02  9.99927e-01  -2.46078e-05  -3.33516e-05  9.99909e-01  1.00001e+00
3.93851e+02  9.99938e-01  -2.08904e-05  -2.77510e-05  9.99924e-01  1.00001e+00
3.93956e+02  9.99950e-01  -1.69466e-05  -2.18511e-05  9.99939e-01  1.00000e+00
3.94060e+02  9.99962e-01  -1.28196e-05  -1.57168e-05  9.99956e-01  1.00000e+00
3.94165e+02  9.99975e-01  -8.55463e-06  -9.41532e-06  9.99973e-01  1.00000e+00
3.94270e+02  9.99988e-01  -4.19855e-06  -3.01591e-06  9.99990e-01  9.99999e-01
3.94375e+02  1.00000e+00  2.00924e-07  3.41133e-06  1.00001e+00  9.99997e-01
3.94479e+02  1.00001e+00  4.59559e-06  9.79600e-06  1.00002e+00  9.99995e-01
3.94584e+02  1.00003e+00  8.93733e-06  1.60682e-05  1.00004e+00  9.99993e-01
3.94689e+02  1.00004e+00  1.31786e-05  2.21594e-05  1.00006e+00  9.99991e-01
3.94793e+02  1.00005e+00  1.72731e-05  2.80030e-05  1.00007e+00  9.99989e-01
3.94898e+02  1.00006e+00  2.11759e-05  3.35351e-05  1.00009e+00  9.99988e-01
3.95003e+02  1.00007e+00  2.48445e-05  3.86955e-05  1.00010e+00  9.99986e-01
3.95108e+02  1.00008e+00  2.82388e-05  4.34279e-05  1.00012e+00  9.99985e-01
3.95212e+02  1.00009e+00  3.13218e-05  4.76808e-05  1.00013e+00  9.99984e-01
3.95317e+02  1.00010e+00  3.40599e-05  5.14080e-05  1.00014e+00  9.99983e-01
3.95422e+02  1.00011e+00  3.64232e-05  5.45691e-05  1.00015e+00  9.99982e-01
3.95527e+02  1.00011e+00  3.83862e-05  5.71299e-05  1.00015e+00  9.99981e-01
3.95631e+02  1.00012e+00  3.99275e-05  5.90629e-05  1.00016e+00  9.99981e-01
3.95736e+02  1.00012e+00  4.10305e-05  6.03474e-05  1.00016e+00  9.99981e-01
3.95841e+02  1.00012e+00  4.16834e-05  6.09698e-05  1.00016e+00  9.99981e-01
3.95945e+02  1.00013e+00  4.18793e-05  6.09240e-05  1.00016e+00  9.99981e-01
3.96050e+02  1.00012e+00  4.16164e-05  6.02108e-05  1.00016e+00  9.99981e-01
3.96155e+02  1.00012e+00  4.08979e-05  5.88388e-05  1.00016e+00  9.99982e-01
3.96260e+02  1.00012e+00  3.97318e-05  5.68235e-05  1.00015e+00  9.99983e-01
3.96364e+02  1.00011e+00  3.81312e-05  5.41875e-05  1.00015e+00  9.99984e-01
3.96469e+02  1.00011e+00  3.61141e-05  5.09602e-05  1.00014e+00  9.99985e-01
3.96574e+02  1.00010e+00  3.37027e-05  4.71775e-05  1.00013e+00  9.99987e-01
3.96678e+02  1.00009e+00  3.09237e-05  4.28813e-05  1.00012e+00  9.99988e-01
3.96783e+02  1.00008e+00  2.78079e-05  3.81191e-05  1.00010e+00  9.99990e-01
3.96888e+02  1.00007e+00  2.43895e-05  3.29435e-05  1.00009e+00  9.99991e-01
3.96993e+02  1.00006e+00  2.07063e-05  2.74114e-05  1.00008e+00  9.99993e-01
3.97097e+02  1.00005e+00  1.67987e-05  2.15839e-05  1.00006e+00  9.99995e-01
3.97202e+02  1.00004e+00  1.27096e-05  1.55250e-05  1.00004e+00  9.99997e-01
3.97307e+02  1.00003e+00  8.48409e-06  9.30123e-06  1.00003e+00  9.99999e-01
3.97411e+02  1.00001e+00  4.16841e-06  2.98091e-06  1.00001e+00  1.00000e+00
3.97516e+02  9.99999e-01  -1.90103e-07  -3.36667e-06  9.99993e-01  1.00000e+00
3.97621e+02  9.99986e-01  -4.54370e-06  -9.67198e-06  9.99976e-01  1.00001e+00
3.97726e+02  9.99973e-01  -8.84472e-06  -1.58660e-05  9.99959e-01  1.00001e+00
3.97830e+02  9.99961e-01  -1.30461e-05  -2.18811e-05  9.99943e-01  1.00001e+00
3.97935e+02  9.99949e-01  -1.71020e-05  -2.76514e-05  9.99928e-01  1.00001e+00
3.98040e+02  9.99937e-01  -2.09680e-05  -3.31141e-05  9.99913e-01  1.00001e+00
3.98145e+02  9.99926e-01  -2.46020e-05  -3.82097e-05  9.99899e-01  1.00001e+00
3.98249e+02  9.99916e-01  -2.79643e-05  -4.28826e-05  9.99886e-01  1.00001e+00
3.98354e+02  9.99907e-01  -3.10184e-05  -4.70821e-05  9.99875e-01  1.00002e+00
3.98459e+02  9.99899e-01  -3.37310e-05  -5.07626e-05  9.99865e-01  1.00002e+00
3.98563e+02  9.99892e-01  -3.60727e-05  -5.38842e-05  9.99856e-01  1.00002e+00
3.98668e+02  9.99886e-01  -3.80180e-05  -5.64134e-05  9.99849e-01  1.00002e+00
3.98773e+02  9.99882e-01  -3.95460e-05  -5.83229e-05  9.99844e-01  1.00002e+00
3.98878e+02  9.99879e-01  -4.06402e-05  -5.95922e-05  9.99840e-01  1.00002e+00
3.98982e+02  9.99877e-01  -4.12889e-05  -6.02082e-05  9.99838e-01  1.00002e+00
3.99087e+02  9.99876e-01  -4.14852e-05  -6.01645e-05  9.99838e-01  1.00002e+00
3.99192e+02  9.99877e-01  -4.12273e-05  -5.94622e-05  9.99840e-01  1.00002e+00
3.99296e+02  9.99879e-01  -4.05183e-05  -5.81095e-05  9.99843e-01  1.00002e+00
3.99401e+02  9.99882e-01  -3.93662e-05  -5.61217e-05  9.99848e-01  1.00002e+00
3.99506e+02  9.99887e-01  -3.77838e-05  -5.35212e-05  9.99855e-01  1.00002e+00
3.99611e+02  9.99893e-01  -3.57888e-05  -5.03368e-05  9.99864e-01  1.00001e+00
3.99715e+02  9.99900e-01  -3.34032e-05  -4.66038e-05  9.99873e-01  1.00001e+00
3.99820e+02  9.99909e-01  -3.06533e-05  -4.23637e-05  9.99885e-01  1.00001e+00
3.99925e+02  9.99918e-01  -2.75695e-05  -3.76631e-05  9.99897e-01  1.00001e+00
4.00029e+02  9.99928e-01  -2.41856e-05  -3.25539e-05  9.99911e-01  1.00001e+00
4.00134e+02  9.99939e-01  -2.05388e-05  -2.70923e-05  9.99925e-01  1.00001e+00
4.00239e+02  9.99950e-01  -1.66693e-05  -2.13385e-05  9.99941e-01  1.00000e+00
4.00344e+02  9.99962e-01  -1.26195e-05  -1.53555e-05  9.99957e-01  1.00000e+00
4.00448e+02  9.99975e-01  -8.43376e-06  -9.20913e-06  9.99973e-01  1.00000e+00
4.00553e+02  9.99988e-01  -4.15810e-06  -2.96678e-06  9.99990e-01  9.99999e-01
4.00658e+02  1.00000e+00  1.60672e-07  3.30313e-06  1.00001e+00  9.99997e-01
4.00763e+02  1.00001e+00  4.47523e-06  9.53193e-06  1.00002e+00  9.99995e-01
4.00867e+02  1.00003e+00  8.73834e-06  1.56514e-05  1.00004e+00  9.99993e-01
4.00972e+02  1.00004e+00  1.29033e-05  2.15947e-05  1.00006e+00  9.99991e-01
4.01077e+02  1.00005e+00  1.69246e-05  2.72968e-05  1.00007e+00  9.99990e-01
4.01181e+02  1.00006e+00  2.07583e-05  3.26955e-05  1.00009e+00  9.99988e-01
4.01286e+02  1.00007e+00  2.43624e-05  3.77318e-05  1.00010e+00  9.99987e-01
4.01391e+02  1.00008e+00  2.76977e-05  4.23509e-05  1.00011e+00  9.99985e-01
4.01496e+02  1.00009e+00  3.07277e-05  4.65025e-05  1.00012e+00  9.99984e-01
4.01600e+02  1.00010e+00  3.34193e-05  5.01415e-05  1.00013e+00  9.99983e-01
4.01705e+02  1.00011e+00  3.57434e-05  5.32284e-05  1.00014e+00  9.99983e-01
4.01810e+02  1.00011e+00  3.76746e-05  5.57298e-05  1.00015e+00  9.99982e-01
4.01914e+02  1.00012e+00  3.91920e-05  5.76189e-05  1.00015e+00  9.99982e-01
4.02019e+02  1.00012e+00  4.02792e-05  5.88753e-05  1.00016e+00  9.99981e-01
4.02124e+02  1.00012e+00  4.09246e-05  5.94859e-05  1.00016e+00  9.99981e-01
4.02229e+02  1.00012e+00  4.11214e-05  5.94444e-05  1.00016e+00  9.99982e-01
4.02333e+02  1.00012e+00  4.08676e-05  5.87519e-05  1.00016e+00  9.99982e-01
4.02438e+02  1.00012e+00  4.01663e-05  5.74164e-05  1.00015e+00  9.99983e-01
4.02543e+02  1.00012e+00  3.90255e-05  5.54532e-05  1.00015e+00  9.99984e-01
4.02647e+02  1.00011e+00  3.74580e-05  5.28841e-05  1.00014e+00  9.99985e-01
4.02752e+02  1.00011e+00  3.54811e-05  4.97380e-05  1.00013e+00  9.99986e-01
4.02857e+02  1.00010e+00  3.31169e-05  4.60497e-05  1.00013e+00  9.99987e-01
4.02962e+02  1.00009e+00  3.03914e-05  4.18600e-05  1.00011e+00  9.99989e-01
4.03066e+02  1.00008e+00  2.73347e-05  3.72154e-05  1.00010e+00  9.99990e-01
4.03171e+02  1.00007e+00  2.39806e-05  3.21670e-05  1.00009e+00  9.99992e-01
4.03276e+02  1.00006e+00  2.03659e-05  2.67705e-05  1.00007e+00  9.99994e-01
4.03380e+02  1.00005e+00  1.65305e-05  2.10853e-05  1.00006e+00  9.99995e-01
4.03485e+02  1.00004e+00  1.25164e-05  1.51738e-05  1.00004e+00  9.99997e-01
4.03590e+02  1.00002e+00  8.36779e-06  9.10115e-06  1.00003e+00  9.99999e-01
4.03695e+02  1.00001e+00  4.13014e-06  2.93383e-06  1.00001e+00  1.00000e+00
4.03799e+02  9.99999e-01  -1.50097e-07  -3.26051e-06  9.99993e-01  1.00000e+00
4.03904e+02  9.99987e-01  -4.42602e-06  -9.41401e-06  9.99977e-01  1.00000e+00
4.04009e+02  9.99974e-01  -8.65081e-06  -1.54593e-05  9.99960e-01  1.00001e+00
4.04114e+02  9.99962e-01  -1.27783e-05  -2.13304e-05  9.99945e-01  1.00001e+00
4.04218e+02  9.99950e-01  -1.67633e-05  -2.69631e-05  9.99929e-01  1.00001e+00
4.04323e+02  9.99938e-01  -2.05623e-05  -3.22959e-05  9.99915e-01  1.00001e+00
4.04428e+02  9.99928e-01  -2.41339e-05  -3.72707e-05  9.99901e-01  1.00001e+00
4.04532e+02  9.99918e-01  -2.74391e-05  -4.18333e-05  9.99889e-01  1.00001e+00
4.04637e+02  9.99909e-01  -3.04419e-05  -4.59342e-05  9.99878e-01  1.00002e+00
4.04742e+02  9.99901e-01  -3.31096e-05  -4.95289e-05  9.99868e-01  1.00002e+00
4.04847e+02  9.99894e-01  -3.54133e-05  -5.25784e-05  9.99859e-01  1.00002e+00
4.04951e+02  9.99888e-01  -3.73280e-05  -5.50499e-05  9.99853e-01  1.00002e+00
4.05056e+02  9.99884e-01  -3.88329e-05  -5.69166e-05  9.99847e-01  1.00002e+00
4.05161e+02  9.99881e-01  -3.99119e-05  -5.81587e-05  9.99844e-01  1.00002e+00
4.05265e+02  9.99879e-01  -4.05533e-05  -5.87632e-05  9.99842e-01  1.00002e+00
4.05370e+02  9.99878e-01  -4.07505e-05  -5.87238e-05  9.99842e-01  1.00002e+00
4.05475e+02  9.99879e-01  -4.05015e-05  -5.80416e-05  9.99843e-01  1.00002e+00
4.05580e+02  9.99881e-01  -3.98093e-05  -5.67244e-05  9.99847e-01  1.00002e+00
4.05684e+02  9.99884e-01  -3.86817e-05  -5.47874e-05  9.99852e-01  1.00002e+00
4.05789e+02  9.99889e-01  -3.71314e-05  -5.22520e-05  9.99858e-01  1.00002e+00
4.05894e+02  9.99895e-01  -3.51754e-05  -4.91466e-05  9.99867e-01  1.00001e+00
4.05998e+02  9.99902e-01  -3.28355e-05  -4.55055e-05  9.99876e-01  1.00001e+00
4.06103e+02  9.99910e-01  -3.01374e-05  -4.13691e-05  9.99887e-01  1.00001e+00
4.06208e+02  9.99919e-01  -2.71109e-05  -3.67830e-05  9.99899e-01  1.00001e+00
4.06313e+02  9.99929e-01  -2.37893e-05  -3.17976e-05  9.99913e-01  1.00001e+00
4.06417e+02  9.99940e-01  -2.02090e-05  -2.64680e-05  9.99927e-01  1.00001e+00
4.06522e+02  9.99951e-01  -1.64094e-05  -2.08527e-05  9.99942e-01  1.00000e+00
4.06627e+02  9.99963e-01  -1.24322e-05  -1.50134e-05  9.99958e-01  1.00000e+00
4.06732e+02  9.99975e-01  -8.32111e-06  -9.01415e-06  9.99974e-01  1.00000e+00
4.06836e+02  9.99988e-01  -4.12110e-06  -2.92083e-06  9.99990e-01  9.99999e-01
4.06941e+02  1.00000e+00  1.21750e-07  3.19982e-06  1.00001e+00  9.99997e-01
4.07046e+02  1.00001e+00  4.36097e-06  9.28073e-06  1.00002e+00  9.99995e-01
4.07150e+02  1.00003e+00  8.55014e-06  1.52554e-05  1.00004e+00  9.99993e-01
4.07255e+02  1.00004e+00  1.26434e-05  2.10583e-05  1.00005e+00  9.99992e-01
4.07360e+02  1.00005e+00  1.65960e-05  2.66263e-05  1.00007e+00  9.99990e-01
4.07465e+02  1.00006e+00  2.03646e-05  3.18983e-05  1.00008e+00  9.99988e-01
4.07569e+02  1.00007e+00  2.39082e-05  3.68169e-05  1.00010e+00  9.99987e-01
4.07674e+02  1.00008e+00  2.71880e-05  4.13286e-05  1.00011e+00  9.99986e-01
4.07779e+02  1.00009e+00  3.01682e-05  4.53841e-05  1.00012e+00  9.99985e-01
4.07883e+02  1.00010e+00  3.28163e-05  4.89394e-05  1.00013e+00  9.99984e-01
4.07988e+02  1.00010e+00  3.51035e-05  5.19560e-05  1.00014e+00  9.99983e-01
4.08093e+02  1.00011e+00  3.70049e-05  5.44012e-05  1.00015e+00  9.99983e-01
4.08198e+02  1.00012e+00  3.85000e-05  5.62486e-05  1.00015e+00  9.99982e-01
4.08302e+02  1.00012e+00  3.95725e-05  5.74785e-05  1.00015e+00  9.99982e-01
4.08407e+02  1.00012e+00  4.02109e-05  5.80778e-05  1.00016e+00  9.99982e-01
4.08512e+02  1.00012e+00  4.04086e-05  5.80406e-05  1.00016e+00  9.99982e-01
4.08616e+02  1.00012e+00  4.01635e-05  5.73677e-05  1.00015e+00  9.99983e-01
4.08721e+02  1.00012e+00  3.94786e-05  5.60669e-05  1.00015e+00  9.99983e-01
4.08826e+02  1.00011e+00  3.83617e-05  5.41531e-05  1.00015e+00  9.99984e-01
4.08931e+02  1.00011e+00  3.68253e-05  5.16477e-05  1.00014e+00  9.99985e-01
4.09035e+02  1.00010e+00  3.48864e-05  4.85786e-05  1.00013e+00  9.99986e-01
4.09140e+02  1.00010e+00  3.25666e-05  4.49799e-05  1.00012e+00  9.99988e-01
4.09245e+02  1.00009e+00  2.98915e-05  4.08914e-05  1.00011e+00  9.99989e-01
4.09350e+02  1.00008e+00  2.68906e-05  3.63583e-05  1.00010e+00  9.99991e-01
4.09454e+02  1.00007e+00  2.35969e-05  3.14307e-05  1.00009e+00  9.99992e-01
4.09559e+02  1.00006e+00  2.00468e-05  2.61628e-05  1.00007e+00  9.99994e-01
4.09664e+02  1.00005e+00  1.62793e-05  2.06127e-05  1.00006e+00  9.99996e-01
4.09768e+02  1.00004e+00  1.23358e-05  1.48412e-05  1.00004e+00  9.99997e-01
4.09873e+02  1.00002e+00  8.25950e-06  8.91194e-06  1.00003e+00  9.99999e-01
4.09978e+02  1.00001e+00  4.09523e-06  2.88981e-06  1.00001e+00  1.00000e+00
4.10083e+02  1.00000e+00  -1.11389e-07  -3.15911e-06  9.99994e-01  1.00000e+00
4.10187e+02  9.99987e-01  -4.31428e-06  -9.16856e-06  9.99977e-01  1.00000e+00
4.10292e+02  9.99975e-01  -8.46743e-06  -1.50728e-05  9.99961e-01  1.00001e+00
4.10397e+02  9.99962e-01  -1.25254e-05  -2.08072e-05  9.99946e-01  1.00001e+00
4.10501e+02  9.99951e-01  -1.64438e-05  -2.63092e-05  9.99931e-01  1.00001e+00
4.10606e+02  9.99940e-01  -2.01799e-05  -3.15188e-05  9.99917e-01  1.00001e+00
4.10711e+02  9.99929e-01  -2.36929e-05  -3.63791e-05  9.99904e-01  1.00001e+00
4.10816e+02  9.99919e-01  -2.69444e-05  -4.08372e-05  9.99891e-01  1.00001e+00
4.10920e+02  9.99911e-01  -2.98991e-05  -4.48446e-05  9.99880e-01  1.00001e+00
4.11025e+02  9.99903e-01  -3.25248e-05  -4.83579e-05  9.99871e-01  1.00002e+00
4.11130e+02  9.99896e-01  -3.47929e-05  -5.13390e-05  9.99863e-01  1.00002e+00
4.11234e+02  9.99890e-01  -3.66788e-05  -5.37557e-05  9.99856e-01  1.00002e+00
4.11339e+02  9.99886e-01  -3.81622e-05  -5.55819e-05  9.99851e-01  1.00002e+00
4.11444e+02  9.99883e-01  -3.92270e-05  -5.67983e-05  9.99847e-01  1.00002e+00
4.11549e+02  9.99881e-01  -3.98618e-05  -5.73918e-05  9.99845e-01  1.00002e+00
4.11653e+02  9.99880e-01  -4.00599e-05  -5.73566e-05  9.99845e-01  1.00002e+00
4.11758e+02  9.99881e-01  -3.98193e-05  -5.66935e-05  9.99847e-01  1.00002e+00
4.11863e+02  9.99883e-01  -3.91431e-05  -5.54103e-05  9.99850e-01  1.00002e+00
4.11968e+02  9.99886e-01  -3.80387e-05  -5.35213e-05  9.99855e-01  1.00002e+00
4.12072e+02  9.99891e-01  -3.65185e-05  -5.10479e-05  9.99861e-01  1.00001e+00
4.12177e+02  9.99897e-01  -3.45994e-05  -4.80175e-05  9.99869e-01  1.00001e+00
4.12282e+02  9.99904e-01  -3.23025e-05  -4.44637e-05  9.99879e-01  1.00001e+00
4.12386e+02  9.99911e-01  -2.96532e-05  -4.04257e-05  9.99889e-01  1.00001e+00
4.12491e+02  9.99920e-01  -2.66807e-05  -3.59482e-05  9.99901e-01  1.00001e+00
4.12596e+02  9.99930e-01  -2.34176e-05  -3.10805e-05  9.99914e-01  1.00001e+00
4.12701e+02  9.99941e-01  -1.98999e-05  -2.58762e-05  9.99928e-01  1.00001e+00
4.12805e+02  9.99952e-01  -1.61661e-05  -2.03923e-05  9.99943e-01  1.00000e+00
4.12910e+02  9.99963e-01  -1.22573e-05  -1.46894e-05  9.99958e-01  1.00000e+00
4.13015e+02  9.99976e-01  -8.21632e-06  -8.82978e-06  9.99974e-01  1.00000e+00
4.13119e+02  9.99988e-01  -4.08744e-06  -2.87787e-06  9.99990e-01  9.99999e-01
4.13224e+02  1.00000e+00  8.40549e-08  3.10111e-06  1.00001e+00  9.99997e-01
4.13329e+02  1.00001e+00  4.25247e-06  9.04169e-06  1.00002e+00  9.99995e-01
4.13434e+02  1.00003e+00  8.37216e-06  1.48788e-05  1.00004e+00  9.99993e-01
4.13538e+02  1.00004e+00  1.23980e-05  2.05487e-05  1.00005e+00  9.99992e-01
4.13643e+02  1.00005e+00  1.62860e-05  2.59893e-05  1.00007e+00  9.99990e-01
4.13748e+02  1.00006e+00  1.99937e-05  3.11412e-05  1.00008e+00  9.99989e-01
4.13852e+02  1.00007e+00  2.34804e-05  3.59482e-05  1.00010e+00  9.99988e-01
4.13957e+02  1.00008e+00  2.67081e-05  4.03579e-05  1.00011e+00  9.99986e-01
4.14062e+02  1.00009e+00  2.96416e-05  4.43223e-05  1.00012e+00  9.99985e-01
4.14167e+02  1.00010e+00  3.22489e-05  4.77983e-05  1.00013e+00  9.99984e-01
4.14271e+02  1.00010e+00  3.45016e-05  5.07482e-05  1.00014e+00  9.99984e-01
4.14376e+02  1.00011e+00  3.63752e-05  5.31400e-05  1.00014e+00  9.99983e-01
4.14481e+02  1.00011e+00  3.78493e-05  5.49479e-05  1.00015e+00  9.99983e-01
4.14586e+02  1.00012e+00  3.89081e-05  5.61527e-05  1.00015e+00  9.99983e-01
4.14690e+02  1.00012e+00  3.95401e-05  5.67415e-05  1.00015e+00  9.99983e-01
4.14795e+02  1.00012e+00  3.97387e-05  5.67083e-05  1.00015e+00  9.99983e-01
4.14900e+02  1.00012e+00  3.95019e-05  5.60540e-05  1.00015e+00  9.99983e-01
4.15004e+02  1.00012e+00  3.88326e-05  5.47863e-05  1.00015e+00  9.99984e-01
4.15109e+02  1.00011e+00  3.77383e-05  5.29195e-05  1.00014e+00  9.99985e-01
4.15214e+02  1.00011e+00  3.62312e-05  5.04745e-05  1.00014e+00  9.99986e-01
4.15319e+02  1.00010e+00  3.43282e-05  4.74786e-05  1.00013e+00  9.99987e-01
4.15423e+02  1.00010e+00  3.20502e-05  4.39650e-05  1.00012e+00  9.99988e-01
4.15528e+02  1.00009e+00  2.94225e-05  3.99726e-05  1.00011e+00  9.99989e-01
4.15633e+02  1.00008e+00  2.64741e-05  3.55455e-05  1.00010e+00  9.99991e-01
4.15737e+02  1.00007e+00  2.32373e-05  3.07325e-05  1.00008e+00  9.99993e-01
4.15842e+02  1.00006e+00  1.97480e-05  2.55867e-05  1.00007e+00  9.99994e-01
4.15947e+02  1.00005e+00  1.60443e-05  2.01648e-05  1.00006e+00  9.99996e-01
4.16052e+02  1.00004e+00  1.21671e-05  1.45262e-05  1.00004e+00  9.99998e-01
4.16156e+02  1.00002e+00  8.15889e-06  8.73303e-06  1.00003e+00  9.99999e-01
4.16261e+02  1.00001e+00  4.06360e-06  2.84872e-06  1.00001e+00  1.00000e+00
4.16366e+02  1.00000e+00  -7.38509e-08  -3.06219e-06  9.99994e-01  1.00000e+00
4.16470e+02  9.99987e-01  -4.20813e-06  -8.93494e-06  9.99978e-01  1.00000e+00
4.16575e+02  9.99975e-01  -8.29398e-06  -1.47053e-05  9.99962e-01  1.00001e+00
4.16680e+02  9.99963e-01  -1.22867e-05  -2.03101e-05  9.99947e-01  1.00001e+00
4.16785e+02  9.99952e-01  -1.61426e-05  -2.56881e-05  9.99932e-01  1.00001e+00
4.16889e+02  9.99941e-01  -1.98197e-05  -3.07807e-05  9.99919e-01  1.00001e+00
4.16994e+02  9.99930e-01  -2.32777e-05  -3.55323e-05  9.99906e-01  1.00001e+00
4.17099e+02  9.99921e-01  -2.64789e-05  -3.98912e-05  9.99894e-01  1.00001e+00
4.17204e+02  9.99912e-01  -2.93884e-05  -4.38100e-05  9.99883e-01  1.00001e+00
4.17308e+02  9.99904e-01  -3.19747e-05  -4.72461e-05  9.99874e-01  1.00002e+00
4.17413e+02  9.99898e-01  -3.42094e-05  -5.01624e-05  9.99865e-01  1.00002e+00
4.17518e+02  9.99892e-01  -3.60685e-05  -5.25272e-05  9.99859e-01  1.00002e+00
4.17622e+02  9.99888e-01  -3.75318e-05  -5.43151e-05  9.99854e-01  1.00002e+00
4.17727e+02  9.99885e-01  -3.85834e-05  -5.55070e-05  9.99850e-01  1.00002e+00
4.17832e+02  9.99883e-01  -3.92121e-05  -5.60903e-05  9.99849e-01  1.00002e+00
4.17937e+02  9.99882e-01  -3.94112e-05  -5.60592e-05  9.99848e-01  1.00002e+00
4.18041e+02  9.99883e-01  -3.91788e-05  -5.54143e-05  9.99850e-01  1.00002e+00
4.18146e+02  9.99885e-01  -3.85176e-05  -5.41632e-05  9.99853e-01  1.00002e+00
4.18251e+02  9.99888e-01  -3.74351e-05  -5.23201e-05  9.99858e-01  1.00001e+00
4.18355e+02  9.99893e-01  -3.59434e-05  -4.99055e-05  9.99864e-01  1.00001e+00
4.18460e+02  9.99898e-01  -3.40589e-05  -4.69463e-05  9.99872e-01  1.00001e+00
4.18565e+02  9.99905e-01  -3.18026e-05  -4.34753e-05  9.99881e-01  1.00001e+00
4.18670e+02  9.99913e-01  -2.91993e-05  -3.95309e-05  9.99892e-01  1.00001e+00
4.18774e+02  9.99922e-01  -2.62776e-05  -3.51566e-05  9.99903e-01  1.00001e+00
4.18879e+02  9.99931e-01  -2.30696e-05  -3.04005e-05  9.99916e-01  1.00001e+00
4.18984e+02  9.99941e-01  -1.96107e-05  -2.53150e-05  9.99930e-01  1.00001e+00
4.19088e+02  9.99952e-01  -1.59388e-05  -1.99560e-05  9.99944e-01  1.00000e+00
4.19193e+02  9.99964e-01  -1.20942e-05  -1.43825e-05  9.99959e-01  1.00000e+00
4.19298e+02  9.99976e-01  -8.11905e-06  -8.65541e-06  9.99975e-01  1.00000e+00
4.19403e+02  9.99988e-01  -4.05698e-06  -2.83773e-06  9.99990e-01  9.99999e-01
4.19507e+02  1.00000e+00  4.75080e-08  3.00683e-06  1.00001e+00  9.99997e-01
4.19612e+02  1.00001e+00  4.14945e-06  8.81423e-06  1.00002e+00  9.99995e-01
4.19717e+02  1.00002e+00  8.20394e-06  1.45209e-05  1.00004e+00  9.99994e-01
4.19821e+02  1.00004e+00  1.21666e-05  2.00644e-05  1.00005e+00  9.99992e-01
4.19926e+02  1.00005e+00  1.59940e-05  2.53842e-05  1.00007e+00  9.99991e-01
4.20031e+02  1.00006e+00  1.96444e-05  3.04222e-05  1.00008e+00  9.99989e-01
4.20136e+02  1.00007e+00  2.30778e-05  3.51233e-05  1.00009e+00  9.99988e-01
4.20240e+02  1.00008e+00  2.62567e-05  3.94363e-05  1.00011e+00  9.99987e-01
4.20345e+02  1.00009e+00  2.91465e-05  4.33142e-05  1.00012e+00  9.99986e-01
4.20450e+02  1.00009e+00  3.17155e-05  4.67150e-05  1.00013e+00  9.99985e-01
4.20555e+02  1.00010e+00  3.39359e-05  4.96016e-05  1.00013e+00  9.99984e-01
4.20659e+02  1.00011e+00  3.57834e-05  5.19428e-05  1.00014e+00  9.99984e-01
4.20764e+02  1.00011e+00  3.72381e-05  5.37133e-05  1.00014e+00  9.99984e-01
4.20869e+02  1.00011e+00  3.82841e-05  5.48943e-05  1.00015e+00  9.99983e-01
4.20973e+02  1.00012e+00  3.89102e-05  5.54731e-05  1.00015e+00  9.99983e-01
4.21078e+02  1.00012e+00  3.91098e-05  5.54439e-05  1.00015e+00  9.99984e-01
4.21183e+02  1.00012e+00  3.88810e-05  5.48074e-05  1.00015e+00  9.99984e-01
4.21288e+02  1.00011e+00  3.82263e-05  5.35711e-05  1.00015e+00  9.99985e-01
4.21392e+02  1.00011e+00  3.71534e-05  5.17489e-05  1.00014e+00  9.99985e-01
4.21497e+02  1.00011e+00  3.56740e-05  4.93613e-05  1.00013e+00  9.99986e-01
4.21602e+02  1.00010e+00  3.38047e-05  4.64349e-05  1.00013e+00  9.99987e-01
4.21706e+02  1.00009e+00  3.15662e-05  4.30021e-05  1.00012e+00  9.99989e-01
4.21811e+02  1.00009e+00  2.89831e-05  3.91009e-05  1.00011e+00  9.99990e-01
4.21916e+02  1.00008e+00  2.60840e-05  3.47744e-05  1.00010e+00  9.99991e-01
4.22021e+02  1.00007e+00  2.29008e-05  3.00704e-05  1.00008e+00  9.99993e-01
4.22125e+02  1.00006e+00  1.94686e-05  2.50406e-05  1.00007e+00  9.99994e-01
4.22230e+02  1.00005e+00  1.58250e-05  1.97403e-05  1.00006e+00  9.99996e-01
4.22335e+02  1.00004e+00  1.20101e-05  1.42279e-05  1.00004e+00  9.99998e-01
4.22439e+02  1.00002e+00  8.06571e-06  8.56391e-06  1.00003e+00  1.00000e+00
4.22544e+02  1.00001e+00  4.03519e-06  2.81041e-06  1.00001e+00  1.00000e+00
4.22649e+02  1.00000e+00  -3.73274e-08  -2.96950e-06  9.99994e-01  1.00000e+00
4.22754e+02  9.99988e-01  -4.10722e-06  -8.71251e-06  9.99978e-01  1.00000e+00
4.22858e+02  9.99976e-01  -8.12993e-06  -1.43558e-05  9.99963e-01  1.00001e+00
4.22963e+02  9.99964e-01  -1.20615e-05  -1.98376e-05  9.99948e-01  1.00001e+00
4.23068e+02  9.99953e-01  -1.58588e-05  -2.50980e-05  9.99934e-01  1.00001e+00
4.23173e+02  9.99942e-01  -1.94805e-05  -3.00797e-05  9.99920e-01  1.00001e+00
4.23277e+02  9.99932e-01  -2.28870e-05  -3.47282e-05  9.99908e-01  1.00001e+00
4.23382e+02  9.99922e-01  -2.60411e-05  -3.89931e-05  9.99896e-01  1.00001e+00
4.23487e+02  9.99914e-01  -2.89085e-05  -4.28278e-05  9.99885e-01  1.00001e+00
4.23591e+02  9.99906e-01  -3.14579e-05  -4.61908e-05  9.99876e-01  1.00001e+00
4.23696e+02  9.99899e-01  -3.36615e-05  -4.90455e-05  9.99868e-01  1.00002e+00
4.23801e+02  9.99894e-01  -3.54956e-05  -5.13612e-05  9.99862e-01  1.00002e+00
4.23906e+02  9.99890e-01  -3.69401e-05  -5.31128e-05  9.99857e-01  1.00002e+00
4.24010e+02  9.99887e-01  -3.79795e-05  -5.42817e-05  9.99853e-01  1.00002e+00
4.24115e+02  9.99885e-01  -3.86026e-05  -5.48554e-05  9.99852e-01  1.00002e+00
4.24220e+02  9.99884e-01  -3.88029e-05  -5.48281e-05  9.99852e-01  1.00002e+00
4.24324e+02  9.99885e-01  -3.85782e-05  -5.42006e-05  9.99853e-01  1.00002e+00
4.24429e+02  9.99887e-01  -3.79313e-05  -5.29801e-05  9.99856e-01  1.00002e+00
4.24534e+02  9.99890e-01  -3.68696e-05  -5.11805e-05  9.99861e-01  1.00001e+00
4.24639e+02  9.99894e-01  -3.54047e-05  -4.88218e-05  9.99867e-01  1.00001e+00
4.24743e+02  9.99900e-01  -3.35529e-05  -4.59302e-05  9.99875e-01  1.00001e+00
4.24848e+02  9.99906e-01  -3.13347e-05  -4.25379e-05  9.99884e-01  1.00001e+00
4.24953e+02  9.99914e-01  -2.87745e-05  -3.86822e-05  9.99894e-01  1.00001e+00
4.25057e+02  9.99923e-01  -2.59005e-05  -3.44058e-05  9.99905e-01  1.00001e+00
4.25162e+02  9.99932e-01  -2.27443e-05  -2.97556e-05  9.99918e-01  1.00001e+00
4.25267e+02  9.99942e-01  -1.93405e-05  -2.47829e-05  9.99931e-01  1.00001e+00
4.25372e+02  9.99953e-01  -1.57266e-05  -1.95424e-05  9.99945e-01  1.00000e+00
4.25476e+02  9.99964e-01  -1.19423e-05  -1.40916e-05  9.99960e-01  1.00000e+00
4.25581e+02  9.99976e-01  -8.02888e-06  -8.49025e-06  9.99975e-01  1.00000e+00
4.25686e+02  9.99988e-01  -4.02942e-06  -2.79990e-06  9.99990e-01  9.99999e-01
4.25791e+02  1.00000e+00  1.22735e-08  2.91711e-06  1.00001e+00  9.99997e-01
4.25895e+02  1.00001e+00  4.05194e-06  8.59817e-06  1.00002e+00  9.99995e-01
4.26000e+02  1.00002e+00  8.04533e-06  1.41811e-05  1.00004e+00  9.99994e-01
4.26105e+02  1.00004e+00  1.19487e-05  1.96047e-05  1.00005e+00  9.99992e-01
4.26209e+02  1.00005e+00  1.57194e-05  2.48099e-05  1.00007e+00  9.99991e-01
4.26314e+02  1.00006e+00  1.93162e-05  2.97397e-05  1.00008e+00  9.99990e-01
4.26419e+02  1.00007e+00  2.26996e-05  3.43403e-05  1.00009e+00  9.99988e-01
4.26524e+02  1.00008e+00  2.58329e-05  3.85615e-05  1.00010e+00  9.99987e-01
4.26628e+02  1.00009e+00  2.86817e-05  4.23574e-05  1.00011e+00  9.99986e-01
4.26733e+02  1.00009e+00  3.12150e-05  4.56867e-05  1.00012e+00  9.99986e-01
4.26838e+02  1.00010e+00  3.34051e-05  4.85133e-05  1.00013e+00  9.99985e-01
4.26942e+02  1.00011e+00  3.52283e-05  5.08065e-05  1.00014e+00  9.99984e-01
4.27047e+02  1.00011e+00  3.66648e-05  5.25415e-05  1.00014e+00  9.99984e-01
4.27152e+02  1.00011e+00  3.76989e-05  5.36999e-05  1.00015e+00  9.99984e-01
4.27257e+02  1.00011e+00  3.83196e-05  5.42692e-05  1.00015e+00  9.99984e-01
4.27361e+02  1.00012e+00  3.85203e-05  5.42437e-05  1.00015e+00  9.99984e-01
4.27466e+02  1.00011e+00  3.82989e-05  5.36241e-05  1.00015e+00  9.99985e-01
4.27571e+02  1.00011e+00  3.76582e-05  5.24177e-05  1.00014e+00  9.99985e-01
4.27675e+02  1.00011e+00  3.66053e-05  5.06380e-05  1.00014e+00  9.99986e-01
4.27780e+02  1.00011e+00  3.51521e-05  4.83050e-05  1.00013e+00  9.99987e-01
4.27885e+02  1.00010e+00  3.33146e-05  4.54447e-05  1.00012e+00  9.99988e-01
4.27990e+02  1.00009e+00  3.11132e-05  4.20887e-05  1.00012e+00  9.99989e-01
4.28094e+02  1.00009e+00  2.85722e-05  3.82743e-05  1.00011e+00  9.99990e-01
4.28199e+02  1.00008e+00  2.57196e-05  3.40434e-05  1.00009e+00  9.99992e-01
4.28304e+02  1.00007e+00  2.25868e-05  2.94429e-05  1.00008e+00  9.99993e-01
4.28409e+02  1.00006e+00  1.92083e-05  2.45234e-05  1.00007e+00  9.99995e-01
4.28513e+02  1.00005e+00  1.56212e-05  1.93389e-05  1.00005e+00  9.99996e-01
4.28618e+02  1.00004e+00  1.18650e-05  1.39465e-05  1.00004e+00  9.99998e-01
4.28723e+02  1.00002e+00  7.98085e-06  8.40532e-06  1.00002e+00  1.00000e+00
4.28827e+02  1.00001e+00  4.01135e-06  2.77625e-06  1.00001e+00  1.00000e+00
4.28932e+02  1.00000e+00  1.65779e-11  -2.87905e-06  9.99994e-01  1.00000e+00
