# k S000 S110 S112 S10 S11
1.04720e-01  1.00000e+00  1.00000e+12  0.00000e+00  1.00000e+12  1.00000e+12
2.09440e-01  1.00000e+00  1.00000e+12  0.00000e+00  1.00000e+12  1.00000e+12
3.14159e-01  1.00000e+00  1.00000e+12  0.00000e+00  1.00000e+12  1.00000e+12
4.18879e-01  1.00000e+00  1.00000e+12  0.00000e+00  1.00000e+12  1.00000e+12
5.23599e-01  1.00000e+00  1.00000e+12  0.00000e+00  1.00000e+12  1.00000e+12
6.28319e-01  1.00000e+00  1.00000e+12  0.00000e+00  1.00000e+12  1.00000e+12
7.33038e-01  1.00000e+00  1.00000e+12  0.00000e+00  1.00000e+12  1.00000e+12
8.37758e-01  1.00000e+00  1.00000e+12  0.00000e+00  1.00000e+12  1.00000e+12
9.42478e-01  1.00000e+00  1.00000e+12  0.00000e+00  1.00000e+12  1.00000e+12
1.04720e+00  1.00000e+00  1.00000e+12  0.00000e+00  1.00000e+12  1.00000e+12
1.15192e+00  1.00000e+00  1.00000e+12  0.00000e+00  1.00000e+12  1.00000e+12
1.25664e+00  1.00000e+00  1.00000e+12  0.00000e+00  1.00000e+12  1.00000e+12
1.36136e+00  1.00000e+00  1.00000e+12  0.00000e+00  1.00000e+12  1.00000e+12
1.46608e+00  1.00000e+00  1.00000e+12  0.00000e+00  1.00000e+12  1.00000e+12
1.57080e+00  1.00000e+00  1.00000e+12  0.00000e+00  1.00000e+12  1.00000e+12
1.67552e+00  1.00000e+00  1.00000e+12  0.00000e+00  1.00000e+12  1.00000e+12
1.78024e+00  1.00000e+00  1.00000e+12  0.00000e+00  1.00000e+12  1.00000e+12
1.88496e+00  1.00000e+00  1.00000e+12  0.00000e+00  1.00000e+12  1.00000e+12
1.98968e+00  1.00000e+00  1.00000e+12  0.00000e+00  1.00000e+12  1.00000e+12
2.09440e+00  1.00000e+00  1.00000e+12  0.00000e+00  1.00000e+12  1.00000e+12
2.19911e+00  1.00000e+00  1.00000e+12  0.00000e+00  1.00000e+12  1.00000e+12
2.30383e+00  1.00000e+00  1.00000e+12  0.00000e+00  1.00000e+12  1.00000e+12
2.40855e+00  1.00000e+00  1.00000e+12  0.00000e+00  1.00000e+12  1.00000e+12
2.51327e+00  1.00000e+00  1.00000e+12  0.00000e+00  1.00000e+12  1.00000e+12
2.61799e+00  1.00000e+00  1.00000e+12  0.00000e+00  1.00000e+12  1.00000e+12
2.72271e+00  1.00000e+00  1.00000e+12  0.00000e+00  1.00000e+12  1.00000e+12
2.82743e+00  1.00000e+00  1.00000e+12  0.00000e+00  1.00000e+12  1.00000e+12
2.93215e+00  1.00000e+00  1.00000e+12  0.00000e+00  1.00000e+12  1.00000e+12
3.03687e+00  1.00000e+00  1.00000e+12  0.00000e+00  1.00000e+12  1.00000e+12
3.14159e+00  1.00000e+00  1.00000e+12  0.00000e+00  1.00000e+12  1.00000e+12
3.24631e+00  1.00000e+00  1.00000e+12  0.00000e+00  1.00000e+12  1.00000e+12
3.35103e+00  1.00000e+00  1.00000e+12  0.00000e+00  1.00000e+12  1.00000e+12
3.45575e+00  1.00000e+00  1.00000e+12  0.00000e+00  1.00000e+12  1.00000e+12
3.56047e+00  1.00000e+00  1.00000e+12  0.00000e+00  1.00000e+12  1.00000e+12
3.66519e+00  1.00000e+00  1.00000e+12  0.00000e+00  1.00000e+12  1.00000e+12
3.76991e+00  1.00000e+00  1.00000e+12  0.00000e+00  1.00000e+12  1.00000e+12
3.87463e+00  1.00000e+00  1.00000e+12  0.00000e+00  1.00000e+12  1.00000e+12
3.97935e+00  1.00000e+00  1.00000e+12  0.00000e+00  1.00000e+12  1.00000e+12
4.08407e+00  1.00000e+00  1.00000e+12  0.00000e+00  1.00000e+12  1.00000e+12
4.18879e+00  1.00000e+00  1.00000e+12  0.00000e+00  1.00000e+12  1.00000e+12
4.29351e+00  1.00000e+00  1.00000e+12  0.00000e+00  1.00000e+12  1.00000e+12
4.39823e+00  1.00000e+00  1.00000e+12  0.00000e+00  1.00000e+12  1.00000e+12
4.50295e+00  1.00000e+00  1.00000e+12  0.00000e+00  1.00000e+12  1.00000e+12
4.60767e+00  1.00000e+00  1.00000e+12  0.00000e+00  1.00000e+12  1.00000e+12
4.71239e+00  1.00000e+00  1.00000e+12  0.00000e+00  1.00000e+12  1.00000e+12
4.81711e+00  1.00000e+00  1.00000e+12  0.00000e+00  1.00000e+12  1.00000e+12
4.92183e+00  1.00000e+00  1.00000e+12  0.00000e+00  1.00000e+12  1.00000e+12
5.02655e+00  1.00000e+00  1.00000e+12  0.00000e+00  1.00000e+12  1.00000e+12
5.13127e+00  1.00000e+00  1.00000e+12  0.00000e+00  1.00000e+12  1.00000e+12
5.23599e+00  1.00000e+00  1.00000e+12  0.00000e+00  1.00000e+12  1.00000e+12
5.34071e+00  1.00000e+00  1.00000e+12  0.00000e+00  1.00000e+12  1.00000e+12
5.44543e+00  1.00000e+00  1.00000e+12  0.00000e+00  1.00000e+12  1.00000e+12
5.55015e+00  1.00000e+00  1.00000e+12  0.00000e+00  1.00000e+12  1.00000e+12
5.65487e+00  1.00000e+00  1.00000e+12  0.00000e+00  1.00000e+12  1.00000e+12
5.75959e+00  1.00000e+00  1.00000e+12  0.00000e+00  1.00000e+12  1.00000e+12
5.86431e+00  1.00000e+00  1.00000e+12  0.00000e+00  1.00000e+12  1.00000e+12
5.96903e+00  1.00000e+00  1.00000e+12  0.00000e+00  1.00000e+12  1.00000e+12
6.07375e+00  1.00000e+00  1.00000e+12  0.00000e+00  1.00000e+12  1.00000e+12
6.17847e+00  1.00000e+00  1.00000e+12  0.00000e+00  1.00000e+12  1.00000e+12
6.28319e+00  1.00000e+00  1.00000e+12  0.00000e+00  1.00000e+12  1.00000e+12
6.38791e+00  1.00000e+00  1.00000e+12  0.00000e+00  1.00000e+12  1.00000e+12
6.49262e+00  1.00000e+00  1.00000e+12  0.00000e+00  1.00000e+12  1.00000e+12
6.59734e+00  1.00000e+00  1.00000e+12  0.00000e+00  1.00000e+12  1.00000e+12
6.70206e+00  1.00000e+00  1.00000e+12  0.00000e+00  1.00000e+12  1.00000e+12
6.80678e+00  1.00000e+00  1.00000e+12  0.00000e+00  1.00000e+12  1.00000e+12
6.91150e+00  1.00000e+00  1.00000e+12  0.00000e+00  1.00000e+12  1.00000e+12
7.01622e+00  1.00000e+00  1.00000e+12  0.00000e+00  1.00000e+12  1.00000e+12
7.12094e+00  1.00000e+00  1.00000e+12  0.00000e+00  1.00000e+12  1.00000e+12
7.22566e+00  1.00000e+00  1.00000e+12  0.00000e+00  1.00000e+12  1.00000e+12
7.33038e+00  1.00000e+00  1.00000e+12  0.00000e+00  1.00000e+12  1.00000e+12
7.43510e+00  1.00000e+00  1.00000e+12  0.00000e+00  1.00000e+12  1.00000e+12
7.53982e+00  1.00000e+00  1.00000e+12  0.00000e+00  1.00000e+12  1.00000e+12
7.64454e+00  1.00000e+00  1.00000e+12  0.00000e+00  1.00000e+12  1.00000e+12
7.74926e+00  1.00000e+00  1.00000e+12  0.00000e+00  1.00000e+12  1.00000e+12
7.85398e+00  1.00000e+00  1.00000e+12  0.00000e+00  1.00000e+12  1.00000e+12
7.95870e+00  1.00000e+00  1.00000e+12  0.00000e+00  1.00000e+12  1.00000e+12
8.06342e+00  1.00000e+00  1.00000e+12  0.00000e+00  1.00000e+12  1.00000e+12
8.16814e+00  1.00000e+00  1.00000e+12  0.00000e+00  1.00000e+12  1.00000e+12
8.27286e+00  1.00000e+00  1.00000e+12  0.00000e+00  1.00000e+12  1.00000e+12
8.37758e+00  1.00000e+00  1.00000e+12  0.00000e+00  1.00000e+12  1.00000e+12
8.48230e+00  1.00000e+00  1.00000e+12  0.00000e+00  1.00000e+12  1.00000e+12
8.58702e+00  1.00000e+00  1.00000e+12  0.00000e+00  1.00000e+12  1.00000e+12
8.69174e+00  1.00000e+00  1.00000e+12  0.00000e+00  1.00000e+12  1.00000e+12
8.79646e+00  1.00000e+00  1.00000e+12  0.00000e+00  1.00000e+12  1.00000e+12
8.90118e+00  1.00000e+00  1.00000e+12  0.00000e+00  1.00000e+12  1.00000e+12
9.00590e+00  1.00000e+00  1.00000e+12  0.00000e+00  1.00000e+12  1.00000e+12
9.11062e+00  1.00000e+00  1.00000e+12  0.00000e+00  1.00000e+12  1.00000e+12
9.21534e+00  1.00000e+00  1.00000e+12  0.00000e+00  1.00000e+12  1.00000e+12
9.32006e+00  1.00000e+00  1.00000e+12  0.00000e+00  1.00000e+12  1.00000e+12
9.42478e+00  1.00000e+00  1.00000e+12  0.00000e+00  1.00000e+12  1.00000e+12
9.52950e+00  1.00000e+00  1.00000e+12  0.00000e+00  1.00000e+12  1.00000e+12
9.63422e+00  1.00000e+00  1.00000e+12  0.00000e+00  1.00000e+12  1.00000e+12
9.73894e+00  1.00000e+00  1.00000e+12  0.00000e+00  1.00000e+12  1.00000e+12
9.84366e+00  1.00000e+00  1.00000e+12  0.00000e+00  1.00000e+12  1.00000e+12
9.94838e+00  1.00000e+00  1.00000e+12  0.00000e+00  1.00000e+12  1.00000e+12
1.00531e+01  1.00000e+00  1.00000e+12  0.00000e+00  1.00000e+12  1.00000e+12
1.01578e+01  1.00000e+00  1.00000e+12  0.00000e+00  1.00000e+12  1.00000e+12
1.02625e+01  1.00000e+00  1.00000e+12  0.00000e+00  1.00000e+12  1.00000e+12
1.03673e+01  1.00000e+00  1.00000e+12  0.00000e+00  1.00000e+12  1.00000e+12
1.04720e+01  1.00000e+00  1.00000e+12  0.00000e+00  1.00000e+12  1.00000e+12
1.05767e+01  1.00000e+00  1.00000e+12  0.00000e+00  1.00000e+12  1.00000e+12
1.06814e+01  1.00000e+00  1.00000e+12  0.00000e+00  1.00000e+12  1.00000e+12
1.07861e+01  1.00000e+00  1.00000e+12  0.00000e+00  1.00000e+12  1.00000e+12
1.08909e+01  1.00000e+00  1.00000e+12  0.00000e+00  1.00000e+12  1.00000e+12
1.09956e+01  1.00000e+00  1.00000e+12  0.00000e+00  1.00000e+12  1.00000e+12
1.11003e+01  1.00000e+00  1.00000e+12  0.00000e+00  1.00000e+12  1.00000e+12
1.12050e+01  1.00000e+00  1.00000e+12  0.00000e+00  1.00000e+12  1.00000e+12
1.13097e+01  1.00000e+00  1.00000e+12  0.00000e+00  1.00000e+12  1.00000e+12
1.14145e+01  1.00000e+00  1.00000e+12  0.00000e+00  1.00000e+12  1.00000e+12
1.15192e+01  1.00000e+00  1.00000e+12  0.00000e+00  1.00000e+12  1.00000e+12
1.16239e+01  1.00000e+00  1.00000e+12  0.00000e+00  1.00000e+12  1.00000e+12
1.17286e+01  1.00000e+00  1.00000e+12  0.00000e+00  1.00000e+12  1.00000e+12
1.18333e+01  1.00000e+00  1.00000e+12  0.00000e+00  1.00000e+12  1.00000e+12
1.19381e+01  1.00000e+00  1.00000e+12  0.00000e+00  1.00000e+12  1.00000e+12
1.20428e+01  1.00000e+00  1.00000e+12  0.00000e+00  1.00000e+12  1.00000e+12
1.21475e+01  1.00000e+00  1.00000e+12  0.00000e+00  1.00000e+12  1.00000e+12
1.22522e+01  1.00000e+00  1.00000e+12  0.00000e+00  1.00000e+12  1.00000e+12
1.23569e+01  1.00000e+00  1.00000e+12  0.00000e+00  1.00000e+12  1.00000e+12
1.24617e+01  1.00000e+00  1.00000e+12  0.00000e+00  1.00000e+12  1.00000e+12
1.25664e+01  1.00000e+00  1.00000e+12  0.00000e+00  1.00000e+12  1.00000e+12
1.26711e+01  1.00000e+00  1.00000e+12  0.00000e+00  1.00000e+12  1.00000e+12
1.27758e+01  1.00000e+00  1.00000e+12  0.00000e+00  1.00000e+12  1.00000e+12
1.28805e+01  1.00000e+00  1.00000e+12  0.00000e+00  1.00000e+12  1.00000e+12
1.29852e+01  1.00000e+00  1.00000e+12  0.00000e+00  1.00000e+12  1.00000e+12
1.30900e+01  1.00000e+00  1.00000e+12  0.00000e+00  1.00000e+12  1.00000e+12
1.31947e+01  1.00000e+00  1.00000e+12  0.00000e+00  1.00000e+12  1.00000e+12
1.32994e+01  1.00000e+00  1.00000e+12  0.00000e+00  1.00000e+12  1.00000e+12
1.34041e+01  1.00000e+00  1.00000e+12  0.00000e+00  1.00000e+12  1.00000e+12
1.35088e+01  1.00000e+00  1.00000e+12  0.00000e+00  1.00000e+12  1.00000e+12
1.36136e+01  1.00000e+00  1.00000e+12  0.00000e+00  1.00000e+12  1.00000e+12
1.37183e+01  1.00000e+00  1.00000e+12  0.00000e+00  1.00000e+12  1.00000e+12
1.38230e+01  1.00000e+00  1.00000e+12  0.00000e+00  1.00000e+12  1.00000e+12
1.39277e+01  1.00000e+00  1.00000e+12  0.00000e+00  1.00000e+12  1.00000e+12
1.40324e+01  1.00000e+00  1.00000e+12  0.00000e+00  1.00000e+12  1.00000e+12
1.41372e+01  1.00000e+00  1.00000e+12  0.00000e+00  1.00000e+12  1.00000e+12
1.42419e+01  1.00000e+00  1.00000e+12  0.00000e+00  1.00000e+12  1.00000e+12
1.43466e+01  1.00000e+00  1.00000e+12  0.00000e+00  1.00000e+12  1.00000e+12
1.44513e+01  1.00000e+00  1.00000e+12  0.00000e+00  1.00000e+12  1.00000e+12
1.45560e+01  1.00000e+00  1.00000e+12  0.00000e+00  1.00000e+12  1.00000e+12
1.46608e+01  1.00000e+00  1.00000e+12  0.00000e+00  1.00000e+12  1.00000e+12
1.47655e+01  1.00000e+00  1.00000e+12  0.00000e+00  1.00000e+12  1.00000e+12
1.48702e+01  1.00000e+00  1.00000e+12  0.00000e+00  1.00000e+12  1.00000e+12
1.49749e+01  1.00000e+00  1.00000e+12  0.00000e+00  1.00000e+12  1.00000e+12
1.50796e+01  1.00000e+00  1.00000e+12  0.00000e+00  1.00000e+12  1.00000e+12
1.51844e+01  1.00000e+00  1.00000e+12  0.00000e+00  1.00000e+12  1.00000e+12
1.52891e+01  1.00000e+00  1.00000e+12  0.00000e+00  1.00000e+12  1.00000e+12
1.53938e+01  1.00000e+00  1.00000e+12  0.00000e+00  1.00000e+12  1.00000e+12
1.54985e+01  1.00000e+00  1.00000e+12  0.00000e+00  1.00000e+12  1.00000e+12
1.56032e+01  1.00000e+00  1.00000e+12  0.00000e+00  1.00000e+12  1.00000e+12
1.57080e+01  1.00000e+00  1.00000e+12  0.00000e+00  1.00000e+12  1.00000e+12
1.58127e+01  1.00000e+00  1.00000e+12  0.00000e+00  1.00000e+12  1.00000e+12
1.59174e+01  1.00000e+00  1.00000e+12  0.00000e+00  1.00000e+12  1.00000e+12
1.60221e+01  1.00000e+00  1.00000e+12  0.00000e+00  1.00000e+12  1.00000e+12
1.61268e+01  1.00000e+00  1.00000e+12  0.00000e+00  1.00000e+12  1.00000e+12
1.62316e+01  1.00000e+00  1.00000e+12  0.00000e+00  1.00000e+12  1.00000e+12
1.63363e+01  1.00000e+00  1.00000e+12  0.00000e+00  1.00000e+12  1.00000e+12
1.64410e+01  1.00000e+00  1.00000e+12  0.00000e+00  1.00000e+12  1.00000e+12
1.65457e+01  1.00000e+00  1.00000e+12  0.00000e+00  1.00000e+12  1.00000e+12
1.66504e+01  1.00000e+00  1.00000e+12  0.00000e+00  1.00000e+12  1.00000e+12
1.67552e+01  1.00000e+00  1.00000e+12  0.00000e+00  1.00000e+12  1.00000e+12
1.68599e+01  1.00000e+00  1.00000e+12  0.00000e+00  1.00000e+12  1.00000e+12
1.69646e+01  1.00000e+00  1.00000e+12  0.00000e+00  1.00000e+12  1.00000e+12
1.70693e+01  1.00000e+00  1.00000e+12  0.00000e+00  1.00000e+12  1.00000e+12
1.71740e+01  1.00000e+00  1.00000e+12  0.00000e+00  1.00000e+12  1.00000e+12
1.72788e+01  1.00000e+00  1.00000e+12  0.00000e+00  1.00000e+12  1.00000e+12
1.73835e+01  1.00000e+00  1.00000e+12  0.00000e+00  1.00000e+12  1.00000e+12
1.74882e+01  1.00000e+00  1.00000e+12  0.00000e+00  1.00000e+12  1.00000e+12
1.75929e+01  1.00000e+00  1.00000e+12  0.00000e+00  1.00000e+12  1.00000e+12
1.76976e+01  1.00000e+00  1.00000e+12  0.00000e+00  1.00000e+12  1.00000e+12
1.78024e+01  1.00000e+00  1.00000e+12  0.00000e+00  1.00000e+12  1.00000e+12
1.79071e+01  1.00000e+00  1.00000e+12  0.00000e+00  1.00000e+12  1.00000e+12
1.80118e+01  1.00000e+00  1.00000e+12  0.00000e+00  1.00000e+12  1.00000e+12
1.81165e+01  1.00000e+00  1.00000e+12  0.00000e+00  1.00000e+12  1.00000e+12
1.82212e+01  1.00000e+00  1.00000e+12  0.00000e+00  1.00000e+12  1.00000e+12
1.83260e+01  1.00000e+00  1.00000e+12  0.00000e+00  1.00000e+12  1.00000e+12
1.84307e+01  1.00000e+00  1.00000e+12  0.00000e+00  1.00000e+12  1.00000e+12
1.85354e+01  1.00000e+00  1.00000e+12  0.00000e+00  1.00000e+12  1.00000e+12
1.86401e+01  1.00000e+00  1.00000e+12  0.00000e+00  1.00000e+12  1.00000e+12
1.87448e+01  1.00000e+00  1.00000e+12  0.00000e+00  1.00000e+12  1.00000e+12
1.88496e+01  1.00000e+00  1.00000e+12  0.00000e+00  1.00000e+12  1.00000e+12
1.89543e+01  1.00000e+00  1.00000e+12  0.00000e+00  1.00000e+12  1.00000e+12
1.90590e+01  1.00000e+00  1.00000e+12  0.00000e+00  1.00000e+12  1.00000e+12
1.91637e+01  1.00000e+00  1.00000e+12  0.00000e+00  1.00000e+12  1.00000e+12
1.92684e+01  1.00000e+00  1.00000e+12  0.00000e+00  1.00000e+12  1.00000e+12
1.93732e+01  1.00000e+00  1.00000e+12  0.00000e+00  1.00000e+12  1.00000e+12
1.94779e+01  1.00000e+00  1.00000e+12  0.00000e+00  1.00000e+12  1.00000e+12
1.95826e+01  1.00000e+00  1.00000e+12  0.00000e+00  1.00000e+12  1.00000e+12
1.96873e+01  1.00000e+00  1.00000e+12  0.00000e+00  1.00000e+12  1.00000e+12
1.97920e+01  1.00000e+00  1.00000e+12  0.00000e+00  1.00000e+12  1.00000e+12
1.98968e+01  1.00000e+00  1.00000e+12  0.00000e+00  1.00000e+12  1.00000e+12
2.00015e+01  1.00000e+00  1.00000e+12  0.00000e+00  1.00000e+12  1.00000e+12
2.01062e+01  1.00000e+00  1.00000e+12  0.00000e+00  1.00000e+12  1.00000e+12
2.02109e+01  1.00000e+00  1.00000e+12  0.00000e+00  1.00000e+12  1.00000e+12
2.03156e+01  1.00000e+00  1.00000e+12  0.00000e+00  1.00000e+12  1.00000e+12
2.04204e+01  1.00000e+00  1.00000e+12  0.00000e+00  1.00000e+12  1.00000e+12
2.05251e+01  1.00000e+00  1.00000e+12  0.00000e+00  1.00000e+12  1.00000e+12
2.06298e+01  1.00000e+00  1.00000e+12  0.00000e+00  1.00000e+12  1.00000e+12
2.07345e+01  1.00000e+00  1.00000e+12  0.00000e+00  1.00000e+12  1.00000e+12
2.08392e+01  1.00000e+00  1.00000e+12  0.00000e+00  1.00000e+12  1.00000e+12
2.09440e+01  1.00000e+00  1.00000e+12  0.00000e+00  1.00000e+12  1.00000e+12
2.10487e+01  1.00000e+00  1.00000e+12  0.00000e+00  1.00000e+12  1.00000e+12
2.11534e+01  1.00000e+00  1.00000e+12  0.00000e+00  1.00000e+12  1.00000e+12
2.12581e+01  1.00000e+00  1.00000e+12  0.00000e+00  1.00000e+12  1.00000e+12
2.13628e+01  1.00000e+00  1.00000e+12  0.00000e+00  1.00000e+12  1.00000e+12
2.14675e+01  1.00000e+00  1.00000e+12  0.00000e+00  1.00000e+12  1.00000e+12
2.15723e+01  1.00000e+00  1.00000e+12  0.00000e+00  1.00000e+12  1.00000e+12
2.16770e+01  1.00000e+00  1.00000e+12  0.00000e+00  1.00000e+12  1.00000e+12
2.17817e+01  1.00000e+00  1.00000e+12  0.00000e+00  1.00000e+12  1.00000e+12
2.18864e+01  1.00000e+00  1.00000e+12  0.00000e+00  1.00000e+12  1.00000e+12
2.19911e+01  1.00000e+00  1.00000e+12  0.00000e+00  1.00000e+12  1.00000e+12
2.20959e+01  1.00000e+00  1.00000e+12  0.00000e+00  1.00000e+12  1.00000e+12
2.22006e+01  1.00000e+00  1.00000e+12  0.00000e+00  1.00000e+12  1.00000e+12
2.23053e+01  1.00000e+00  1.00000e+12  0.00000e+00  1.00000e+12  1.00000e+12
2.24100e+01  1.00000e+00  1.00000e+12  0.00000e+00  1.00000e+12  1.00000e+12
2.25147e+01  1.00000e+00  1.00000e+12  0.00000e+00  1.00000e+12  1.00000e+12
2.26195e+01  1.00000e+00  1.00000e+12  0.00000e+00  1.00000e+12  1.00000e+12
2.27242e+01  1.00000e+00  1.00000e+12  0.00000e+00  1.00000e+12  1.00000e+12
2.28289e+01  1.00000e+00  1.00000e+12  0.00000e+00  1.00000e+12  1.00000e+12
2.29336e+01  1.00000e+00  1.00000e+12  0.00000e+00  1.00000e+12  1.00000e+12
2.30383e+01  1.00000e+00  1.00000e+12  0.00000e+00  1.00000e+12  1.00000e+12
2.31431e+01  1.00000e+00  1.00000e+12  0.00000e+00  1.00000e+12  1.00000e+12
2.32478e+01  1.00000e+00  1.00000e+12  0.00000e+00  1.00000e+12  1.00000e+12
2.33525e+01  1.00000e+00  1.00000e+12  0.00000e+00  1.00000e+12  1.00000e+12
2.34572e+01  1.00000e+00  1.00000e+12  0.00000e+00  1.00000e+12  1.00000e+12
2.35619e+01  1.00000e+00  1.00000e+12  0.00000e+00  1.00000e+12  1.00000e+12
2.36667e+01  1.00000e+00  1.00000e+12  0.00000e+00  1.00000e+12  1.00000e+12
2.37714e+01  1.00000e+00  1.00000e+12  0.00000e+00  1.00000e+12  1.00000e+12
2.38761e+01  1.00000e+00  1.00000e+12  0.00000e+00  1.00000e+12  1.00000e+12
2.39808e+01  1.00000e+00  1.00000e+12  0.00000e+00  1.00000e+12  1.00000e+12
2.40855e+01  1.00000e+00  1.00000e+12  0.00000e+00  1.00000e+12  1.00000e+12
2.41903e+01  1.00000e+00  1.00000e+12  0.00000e+00  1.00000e+12  1.00000e+12
2.42950e+01  1.00000e+00  1.00000e+12  0.00000e+00  1.00000e+12  1.00000e+12
2.43997e+01  1.00000e+00  1.00000e+12  0.00000e+00  1.00000e+12  1.00000e+12
2.45044e+01  1.00000e+00  1.00000e+12  0.00000e+00  1.00000e+12  1.00000e+12
2.46091e+01  1.00000e+00  1.00000e+12  0.00000e+00  1.00000e+12  1.00000e+12
2.47139e+01  1.00000e+00  1.00000e+12  0.00000e+00  1.00000e+12  1.00000e+12
2.48186e+01  1.00000e+00  1.00000e+12  0.00000e+00  1.00000e+12  1.00000e+12
2.49233e+01  1.00000e+00  1.00000e+12  0.00000e+00  1.00000e+12  1.00000e+12
2.50280e+01  1.00000e+00  1.00000e+12  0.00000e+00  1.00000e+12  1.00000e+12
2.51327e+01  1.00000e+00  1.00000e+12  0.00000e+00  1.00000e+12  1.00000e+12
2.52375e+01  1.00000e+00  1.00000e+12  0.00000e+00  1.00000e+12  1.00000e+12
2.53422e+01  1.00000e+00  1.00000e+12  0.00000e+00  1.00000e+12  1.00000e+12
2.54469e+01  1.00000e+00  1.00000e+12  0.00000e+00  1.00000e+12  1.00000e+12
2.55516e+01  1.00000e+00  1.00000e+12  0.00000e+00  1.00000e+12  1.00000e+12
2.56563e+01  1.00000e+00  1.00000e+12  0.00000e+00  1.00000e+12  1.00000e+12
2.57611e+01  1.00000e+00  1.00000e+12  0.00000e+00  1.00000e+12  1.00000e+12
2.58658e+01  1.00000e+00  1.00000e+12  0.00000e+00  1.00000e+12  1.00000e+12
2.59705e+01  1.00000e+00  1.00000e+12  0.00000e+00  1.00000e+12  1.00000e+12
2.60752e+01  1.00000e+00  1.00000e+12  0.00000e+00  1.00000e+12  1.00000e+12
2.61799e+01  1.00000e+00  1.00000e+12  0.00000e+00  1.00000e+12  1.00000e+12
2.62847e+01  1.00000e+00  1.00000e+12  0.00000e+00  1.00000e+12  1.00000e+12
2.63894e+01  1.00000e+00  1.00000e+12  0.00000e+00  1.00000e+12  1.00000e+12
2.64941e+01  1.00000e+00  1.00000e+12  0.00000e+00  1.00000e+12  1.00000e+12
2.65988e+01  1.00000e+00  1.00000e+12  0.00000e+00  1.00000e+12  1.00000e+12
2.67035e+01  1.00000e+00  1.00000e+12  0.00000e+00  1.00000e+12  1.00000e+12
2.68083e+01  1.00000e+00  1.00000e+12  0.00000e+00  1.00000e+12  1.00000e+12
2.69130e+01  1.00000e+00  1.00000e+12  0.00000e+00  1.00000e+12  1.00000e+12
2.70177e+01  1.00000e+00  1.00000e+12  0.00000e+00  1.00000e+12  1.00000e+12
2.71224e+01  1.00000e+00  1.00000e+12  0.00000e+00  1.00000e+12  1.00000e+12
2.72271e+01  1.00000e+00  1.00000e+12  0.00000e+00  1.00000e+12  1.00000e+12
2.73319e+01  1.00000e+00  1.00000e+12  0.00000e+00  1.00000e+12  1.00000e+12
2.74366e+01  1.00000e+00  1.00000e+12  0.00000e+00  1.00000e+12  1.00000e+12
2.75413e+01  1.00000e+00  1.00000e+12  0.00000e+00  1.00000e+12  1.00000e+12
2.76460e+01  1.00000e+00  1.00000e+12  0.00000e+00  1.00000e+12  1.00000e+12
2.77507e+01  1.00000e+00  1.00000e+12  0.00000e+00  1.00000e+12  1.00000e+12
2.78555e+01  1.00000e+00  1.00000e+12  0.00000e+00  1.00000e+12  1.00000e+12
2.79602e+01  1.00000e+00  1.00000e+12  0.00000e+00  1.00000e+12  1.00000e+12
2.80649e+01  1.00000e+00  1.00000e+12  0.00000e+00  1.00000e+12  1.00000e+12
2.81696e+01  1.00000e+00  1.00000e+12  0.00000e+00  1.00000e+12  1.00000e+12
2.82743e+01  1.00000e+00  1.00000e+12  0.00000e+00  1.00000e+12  1.00000e+12
2.83791e+01  1.00000e+00  1.00000e+12  0.00000e+00  1.00000e+12  1.00000e+12
2.84838e+01  1.00000e+00  1.00000e+12  0.00000e+00  1.00000e+12  1.00000e+12
2.85885e+01  1.00000e+00  1.00000e+12  0.00000e+00  1.00000e+12  1.00000e+12
2.86932e+01  1.00000e+00  1.00000e+12  0.00000e+00  1.00000e+12  1.00000e+12
2.87979e+01  1.00000e+00  1.00000e+12  0.00000e+00  1.00000e+12  1.00000e+12
2.89027e+01  1.00000e+00  1.00000e+12  0.00000e+00  1.00000e+12  1.00000e+12
2.90074e+01  1.00000e+00  1.00000e+12  0.00000e+00  1.00000e+12  1.00000e+12
2.91121e+01  1.00000e+00  1.00000e+12  0.00000e+00  1.00000e+12  1.00000e+12
2.92168e+01  1.00000e+00  1.00000e+12  0.00000e+00  1.00000e+12  1.00000e+12
2.93215e+01  1.00000e+00  1.00000e+12  0.00000e+00  1.00000e+12  1.00000e+12
2.94263e+01  1.00000e+00  1.00000e+12  0.00000e+00  1.00000e+12  1.00000e+12
2.95310e+01  1.00000e+00  1.00000e+12  0.00000e+00  1.00000e+12  1.00000e+12
2.96357e+01  1.00000e+00  1.00000e+12  0.00000e+00  1.00000e+12  1.00000e+12
2.97404e+01  1.00000e+00  1.00000e+12  0.00000e+00  1.00000e+12  1.00000e+12
2.98451e+01  1.00000e+00  1.00000e+12  0.00000e+00  1.00000e+12  1.00000e+12
2.99498e+01  1.00000e+00  1.00000e+12  0.00000e+00  1.00000e+12  1.00000e+12
3.00546e+01  1.00000e+00  1.00000e+12  0.00000e+00  1.00000e+12  1.00000e+12
3.01593e+01  1.00000e+00  1.00000e+12  0.00000e+00  1.00000e+12  1.00000e+12
3.02640e+01  1.00000e+00  1.00000e+12  0.00000e+00  1.00000e+12  1.00000e+12
3.03687e+01  1.00000e+00  1.00000e+12  0.00000e+00  1.00000e+12  1.00000e+12
3.04734e+01  1.00000e+00  1.00000e+12  0.00000e+00  1.00000e+12  1.00000e+12
3.05782e+01  1.00000e+00  1.00000e+12  0.00000e+00  1.00000e+12  1.00000e+12
3.06829e+01  1.00000e+00  1.00000e+12  0.00000e+00  1.00000e+12  1.00000e+12
3.07876e+01  1.00000e+00  1.00000e+12  0.00000e+00  1.00000e+12  1.00000e+12
3.08923e+01  1.00000e+00  1.00000e+12  0.00000e+00  1.00000e+12  1.00000e+12
3.09970e+01  1.00000e+00  1.00000e+12  0.00000e+00  1.00000e+12  1.00000e+12
3.11018e+01  1.00000e+00  1.00000e+12  0.00000e+00  1.00000e+12  1.00000e+12
3.12065e+01  1.00000e+00  1.00000e+12  0.00000e+00  1.00000e+12  1.00000e+12
3.13112e+01  1.00000e+00  1.00000e+12  0.00000e+00  1.00000e+12  1.00000e+12
3.14159e+01  1.00000e+00  1.00000e+12  0.00000e+00  1.00000e+12  1.00000e+12
3.15206e+01  1.00000e+00  1.00000e+12  0.00000e+00  1.00000e+12  1.00000e+12
3.16254e+01  1.00000e+00  1.00000e+12  0.00000e+00  1.00000e+12  1.00000e+12
3.17301e+01  1.00000e+00  1.00000e+12  0.00000e+00  1.00000e+12  1.00000e+12
3.18348e+01  1.00000e+00  1.00000e+12  0.00000e+00  1.00000e+12  1.00000e+12
3.19395e+01  1.00000e+00  1.00000e+12  0.00000e+00  1.00000e+12  1.00000e+12
3.20442e+01  1.00000e+00  1.00000e+12  0.00000e+00  1.00000e+12  1.00000e+12
3.21490e+01  1.00000e+00  1.00000e+12  0.00000e+00  1.00000e+12  1.00000e+12
3.22537e+01  1.00000e+00  1.00000e+12  0.00000e+00  1.00000e+12  1.00000e+12
3.23584e+01  1.00000e+00  1.00000e+12  0.00000e+00  1.00000e+12  1.00000e+12
3.24631e+01  1.00000e+00  1.00000e+12  0.00000e+00  1.00000e+12  1.00000e+12
3.25678e+01  1.00000e+00  1.00000e+12  0.00000e+00  1.00000e+12  1.00000e+12
3.26726e+01  1.00000e+00  1.00000e+12  0.00000e+00  1.00000e+12  1.00000e+12
3.27773e+01  1.00000e+00  1.00000e+12  0.00000e+00  1.00000e+12  1.00000e+12
3.28820e+01  1.00000e+00  1.00000e+12  0.00000e+00  1.00000e+12  1.00000e+12
3.29867e+01  1.00000e+00  1.00000e+12  0.00000e+00  1.00000e+12  1.00000e+12
3.30914e+01  1.00000e+00  1.00000e+12  0.00000e+00  1.00000e+12  1.00000e+12
3.31962e+01  1.00000e+00  1.00000e+12  0.00000e+00  1.00000e+12  1.00000e+12
3.33009e+01  1.00000e+00  1.00000e+12  0.00000e+00  1.00000e+12  1.00000e+12
3.34056e+01  1.00000e+00  1.00000e+12  0.00000e+00  1.00000e+12  1.00000e+12
3.35103e+01  1.00000e+00  1.00000e+12  0.00000e+00  1.00000e+12  1.00000e+12
3.36150e+01  1.00000e+00  1.00000e+12  0.00000e+00  1.00000e+12  1.00000e+12
3.37198e+01  1.00000e+00  1.00000e+12  0.00000e+00  1.00000e+12  1.00000e+12
3.38245e+01  1.00000e+00  1.00000e+12  0.00000e+00  1.00000e+12  1.00000e+12
3.39292e+01  1.00000e+00  1.00000e+12  0.00000e+00  1.00000e+12  1.00000e+12
3.40339e+01  1.00000e+00  1.00000e+12  0.00000e+00  1.00000e+12  1.00000e+12
3.41386e+01  1.00000e+00  1.00000e+12  0.00000e+00  1.00000e+12  1.00000e+12
3.42434e+01  1.00000e+00  1.00000e+12  0.00000e+00  1.00000e+12  1.00000e+12
3.43481e+01  1.00000e+00  1.00000e+12  0.00000e+00  1.00000e+12  1.00000e+12
3.44528e+01  1.00000e+00  1.00000e+12  0.00000e+00  1.00000e+12  1.00000e+12
3.45575e+01  1.00000e+00  1.00000e+12  0.00000e+00  1.00000e+12  1.00000e+12
3.46622e+01  1.00000e+00  1.00000e+12  0.00000e+00  1.00000e+12  1.00000e+12
3.47670e+01  1.00000e+00  1.00000e+12  0.00000e+00  1.00000e+12  1.00000e+12
3.48717e+01  1.00000e+00  1.00000e+12  0.00000e+00  1.00000e+12  1.00000e+12
3.49764e+01  1.00000e+00  1.00000e+12  0.00000e+00  1.00000e+12  1.00000e+12
3.50811e+01  1.00000e+00  1.00000e+12  0.00000e+00  1.00000e+12  1.00000e+12
3.51858e+01  1.00000e+00  1.00000e+12  0.00000e+00  1.00000e+12  1.00000e+12
3.52906e+01  1.00000e+00  1.00000e+12  0.00000e+00  1.00000e+12  1.00000e+12
3.53953e+01  1.00000e+00  1.00000e+12  0.00000e+00  1.00000e+12  1.00000e+12
3.55000e+01  1.00000e+00  1.00000e+12  0.00000e+00  1.00000e+12  1.00000e+12
3.56047e+01  1.00000e+00  1.00000e+12  0.00000e+00  1.00000e+12  1.00000e+12
3.57094e+01  1.00000e+00  1.00000e+12  0.00000e+00  1.00000e+12  1.00000e+12
3.58142e+01  1.00000e+00  1.00000e+12  0.00000e+00  1.00000e+12  1.00000e+12
3.59189e+01  1.00000e+00  1.00000e+12  0.00000e+00  1.00000e+12  1.00000e+12
3.60236e+01  1.00000e+00  1.00000e+12  0.00000e+00  1.00000e+12  1.00000e+12
3.61283e+01  1.00000e+00  1.00000e+12  0.00000e+00  1.00000e+12  1.00000e+12
3.62330e+01  1.00000e+00  1.00000e+12  0.00000e+00  1.00000e+12  1.00000e+12
3.63378e+01  1.00000e+00  1.00000e+12  0.00000e+00  1.00000e+12  1.00000e+12
3.64425e+01  1.00000e+00  1.00000e+12  0.00000e+00  1.00000e+12  1.00000e+12
3.65472e+01  1.00000e+00  1.00000e+12  0.00000e+00  1.00000e+12  1.00000e+12
3.66519e+01  1.00000e+00  1.00000e+12  0.00000e+00  1.00000e+12  1.00000e+12
3.67566e+01  1.00000e+00  1.00000e+12  0.00000e+00  1.00000e+12  1.00000e+12
3.68614e+01  1.00000e+00  1.00000e+12  0.00000e+00  1.00000e+12  1.00000e+12
3.69661e+01  1.00000e+00  1.00000e+12  0.00000e+00  1.00000e+12  1.00000e+12
3.70708e+01  1.00000e+00  1.00000e+12  0.00000e+00  1.00000e+12  1.00000e+12
3.71755e+01  1.00000e+00  1.00000e+12  0.00000e+00  1.00000e+12  1.00000e+12
3.72802e+01  1.00000e+00  1.00000e+12  0.00000e+00  1.00000e+12  1.00000e+12
3.73850e+01  1.00000e+00  1.00000e+12  0.00000e+00  1.00000e+12  1.00000e+12
3.74897e+01  1.00000e+00  1.00000e+12  0.00000e+00  1.00000e+12  1.00000e+12
3.75944e+01  1.00000e+00  1.00000e+12  0.00000e+00  1.00000e+12  1.00000e+12
3.76991e+01  1.00000e+00  1.00000e+12  0.00000e+00  1.00000e+12  1.00000e+12
3.78038e+01  1.00000e+00  1.00000e+12  0.00000e+00  1.00000e+12  1.00000e+12
3.79086e+01  1.00000e+00  1.00000e+12  0.00000e+00  1.00000e+12  1.00000e+12
3.80133e+01  1.00000e+00  1.00000e+12  0.00000e+00  1.00000e+12  1.00000e+12
3.81180e+01  1.00000e+00  1.00000e+12  0.00000e+00  1.00000e+12  1.00000e+12
3.82227e+01  1.00000e+00  1.00000e+12  0.00000e+00  1.00000e+12  1.00000e+12
3.83274e+01  1.00000e+00  1.00000e+12  0.00000e+00  1.00000e+12  1.00000e+12
3.84322e+01  1.00000e+00  1.00000e+12  0.00000e+00  1.00000e+12  1.00000e+12
3.85369e+01  1.00000e+00  1.00000e+12  0.00000e+00  1.00000e+12  1.00000e+12
3.86416e+01  1.00000e+00  1.00000e+12  0.00000e+00  1.00000e+12  1.00000e+12
3.87463e+01  1.00000e+00  1.00000e+12  0.00000e+00  1.00000e+12  1.00000e+12
3.88510e+01  1.00000e+00  1.00000e+12  0.00000e+00  1.00000e+12  1.00000e+12
3.89557e+01  1.00000e+00  1.00000e+12  0.00000e+00  1.00000e+12  1.00000e+12
3.90605e+01  1.00000e+00  1.00000e+12  0.00000e+00  1.00000e+12  1.00000e+12
3.91652e+01  1.00000e+00  1.00000e+12  0.00000e+00  1.00000e+12  1.00000e+12
3.92699e+01  1.00000e+00  1.00000e+12  0.00000e+00  1.00000e+12  1.00000e+12
3.93746e+01  1.00000e+00  1.00000e+12  0.00000e+00  1.00000e+12  1.00000e+12
3.94793e+01  1.00000e+00  1.00000e+12  0.00000e+00  1.00000e+12  1.00000e+12
3.95841e+01  1.00000e+00  1.00000e+12  0.00000e+00  1.00000e+12  1.00000e+12
3.96888e+01  1.00000e+00  1.00000e+12  0.00000e+00  1.00000e+12  1.00000e+12
3.97935e+01  1.00000e+00  1.00000e+12  0.00000e+00  1.00000e+12  1.00000e+12
3.98982e+01  1.00000e+00  1.00000e+12  0.00000e+00  1.00000e+12  1.00000e+12
4.00029e+01  1.00000e+00  1.00000e+12  0.00000e+00  1.00000e+12  1.00000e+12
4.01077e+01  1.00000e+00  1.00000e+12  0.00000e+00  1.00000e+12  1.00000e+12
4.02124e+01  1.00000e+00  1.00000e+12  0.00000e+00  1.00000e+12  1.00000e+12
4.03171e+01  1.00000e+00  1.00000e+12  0.00000e+00  1.00000e+12  1.00000e+12
4.04218e+01  1.00000e+00  1.00000e+12  0.00000e+00  1.00000e+12  1.00000e+12
4.05265e+01  1.00000e+00  1.00000e+12  0.00000e+00  1.00000e+12  1.00000e+12
4.06313e+01  1.00000e+00  1.00000e+12  0.00000e+00  1.00000e+12  1.00000e+12
4.07360e+01  1.00000e+00  1.00000e+12  0.00000e+00  1.00000e+12  1.00000e+12
4.08407e+01  1.00000e+00  1.00000e+12  0.00000e+00  1.00000e+12  1.00000e+12
4.09454e+01  1.00000e+00  1.00000e+12  0.00000e+00  1.00000e+12  1.00000e+12
4.10501e+01  1.00000e+00  1.00000e+12  0.00000e+00  1.00000e+12  1.00000e+12
4.11549e+01  1.00000e+00  1.00000e+12  0.00000e+00  1.00000e+12  1.00000e+12
4.12596e+01  1.00000e+00  1.00000e+12  0.00000e+00  1.00000e+12  1.00000e+12
4.13643e+01  1.00000e+00  1.00000e+12  0.00000e+00  1.00000e+12  1.00000e+12
4.14690e+01  1.00000e+00  1.00000e+12  0.00000e+00  1.00000e+12  1.00000e+12
4.15737e+01  1.00000e+00  1.00000e+12  0.00000e+00  1.00000e+12  1.00000e+12
4.16785e+01  1.00000e+00  1.00000e+12  0.00000e+00  1.00000e+12  1.00000e+12
4.17832e+01  1.00000e+00  1.00000e+12  0.00000e+00  1.00000e+12  1.00000e+12
4.18879e+01  1.00000e+00  1.00000e+12  0.00000e+00  1.00000e+12  1.00000e+12
4.19926e+01  1.00000e+00  1.00000e+12  0.00000e+00  1.00000e+12  1.00000e+12
4.20973e+01  1.00000e+00  1.00000e+12  0.00000e+00  1.00000e+12  1.00000e+12
4.22021e+01  1.00000e+00  1.00000e+12  0.00000e+00  1.00000e+12  1.00000e+12
4.23068e+01  1.00000e+00  1.00000e+12  0.00000e+00  1.00000e+12  1.00000e+12
4.24115e+01  1.00000e+00  1.00000e+12  0.00000e+00  1.00000e+12  1.00000e+12
4.25162e+01  1.00000e+00  1.00000e+12  0.00000e+00  1.00000e+12  1.00000e+12
4.26209e+01  1.00000e+00  1.00000e+12  0.00000e+00  1.00000e+12  1.00000e+12
4.27257e+01  1.00000e+00  1.00000e+12  0.00000e+00  1.00000e+12  1.00000e+12
4.28304e+01  1.00000e+00  1.00000e+12  0.00000e+00  1.00000e+12  1.00000e+12
4.29351e+01  1.00000e+00  1.00000e+12  0.00000e+00  1.00000e+12  1.00000e+12
4.30398e+01  1.00000e+00  1.00000e+12  0.00000e+00  1.00000e+12  1.00000e+12
4.31445e+01  1.00000e+00  1.00000e+12  0.00000e+00  1.00000e+12  1.00000e+12
4.32493e+01  1.00000e+00  1.00000e+12  0.00000e+00  1.00000e+12  1.00000e+12
4.33540e+01  1.00000e+00  1.00000e+12  0.00000e+00  1.00000e+12  1.00000e+12
4.34587e+01  1.00000e+00  1.00000e+12  0.00000e+00  1.00000e+12  1.00000e+12
4.35634e+01  1.00000e+00  1.00000e+12  0.00000e+00  1.00000e+12  1.00000e+12
4.36681e+01  1.00000e+00  1.00000e+12  0.00000e+00  1.00000e+12  1.00000e+12
4.37729e+01  1.00000e+00  1.00000e+12  0.00000e+00  1.00000e+12  1.00000e+12
4.38776e+01  1.00000e+00  1.00000e+12  0.00000e+00  1.00000e+12  1.00000e+12
4.39823e+01  1.00000e+00  1.00000e+12  0.00000e+00  1.00000e+12  1.00000e+12
4.40870e+01  1.00000e+00  1.00000e+12  0.00000e+00  1.00000e+12  1.00000e+12
4.41917e+01  1.00000e+00  1.00000e+12  0.00000e+00  1.00000e+12  1.00000e+12
4.42965e+01  1.00000e+00  1.00000e+12  0.00000e+00  1.00000e+12  1.00000e+12
4.44012e+01  1.00000e+00  1.00000e+12  0.00000e+00  1.00000e+12  1.00000e+12
4.45059e+01  1.00000e+00  1.00000e+12  0.00000e+00  1.00000e+12  1.00000e+12
4.46106e+01  1.00000e+00  1.00000e+12  0.00000e+00  1.00000e+12  1.00000e+12
4.47153e+01  1.00000e+00  1.00000e+12  0.00000e+00  1.00000e+12  1.00000e+12
4.48201e+01  1.00000e+00  1.00000e+12  0.00000e+00  1.00000e+12  1.00000e+12
4.49248e+01  1.00000e+00  1.00000e+12  0.00000e+00  1.00000e+12  1.00000e+12
4.50295e+01  1.00000e+00  1.00000e+12  0.00000e+00  1.00000e+12  1.00000e+12
4.51342e+01  1.00000e+00  1.00000e+12  0.00000e+00  1.00000e+12  1.00000e+12
4.52389e+01  1.00000e+00  1.00000e+12  0.00000e+00  1.00000e+12  1.00000e+12
4.53437e+01  1.00000e+00  1.00000e+12  0.00000e+00  1.00000e+12  1.00000e+12
4.54484e+01  1.00000e+00  1.00000e+12  0.00000e+00  1.00000e+12  1.00000e+12
4.55531e+01  1.00000e+00  1.00000e+12  0.00000e+00  1.00000e+12  1.00000e+12
4.56578e+01  1.00000e+00  1.00000e+12  0.00000e+00  1.00000e+12  1.00000e+12
4.57625e+01  1.00000e+00  1.00000e+12  0.00000e+00  1.00000e+12  1.00000e+12
4.58673e+01  1.00000e+00  1.00000e+12  0.00000e+00  1.00000e+12  1.00000e+12
4.59720e+01  1.00000e+00  1.00000e+12  0.00000e+00  1.00000e+12  1.00000e+12
4.60767e+01  1.00000e+00  1.00000e+12  0.00000e+00  1.00000e+12  1.00000e+12
4.61814e+01  1.00000e+00  1.00000e+12  0.00000e+00  1.00000e+12  1.00000e+12
4.62861e+01  1.00000e+00  1.00000e+12  0.00000e+00  1.00000e+12  1.00000e+12
4.63909e+01  1.00000e+00  1.00000e+12  0.00000e+00  1.00000e+12  1.00000e+12
4.64956e+01  1.00000e+00  1.00000e+12  0.00000e+00  1.00000e+12  1.00000e+12
4.66003e+01  1.00000e+00  1.00000e+12  0.00000e+00  1.00000e+12  1.00000e+12
4.67050e+01  1.00000e+00  1.00000e+12  0.00000e+00  1.00000e+12  1.00000e+12
4.68097e+01  1.00000e+00  1.00000e+12  0.00000e+00  1.00000e+12  1.00000e+12
4.69145e+01  1.00000e+00  1.00000e+12  0.00000e+00  1.00000e+12  1.00000e+12
4.70192e+01  1.00000e+00  1.00000e+12  0.00000e+00  1.00000e+12  1.00000e+12
4.71239e+01  1.00000e+00  1.00000e+12  0.00000e+00  1.00000e+12  1.00000e+12
4.72286e+01  1.00000e+00  1.00000e+12  0.00000e+00  1.00000e+12  1.00000e+12
4.73333e+01  1.00000e+00  1.00000e+12  0.00000e+00  1.00000e+12  1.00000e+12
4.74380e+01  1.00000e+00  1.00000e+12  0.00000e+00  1.00000e+12  1.00000e+12
4.75428e+01  1.00000e+00  1.00000e+12  0.00000e+00  1.00000e+12  1.00000e+12
4.76475e+01  1.00000e+00  1.00000e+12  0.00000e+00  1.00000e+12  1.00000e+12
4.77522e+01  1.00000e+00  1.00000e+12  0.00000e+00  1.00000e+12  1.00000e+12
4.78569e+01  1.00000e+00  1.00000e+12  0.00000e+00  1.00000e+12  1.00000e+12
4.79616e+01  1.00000e+00  1.00000e+12  0.00000e+00  1.00000e+12  1.00000e+12
4.80664e+01  1.00000e+00  1.00000e+12  0.00000e+00  1.00000e+12  1.00000e+12
4.81711e+01  1.00000e+00  1.00000e+12  0.00000e+00  1.00000e+12  1.00000e+12
4.82758e+01  1.00000e+00  1.00000e+12  0.00000e+00  1.00000e+12  1.00000e+12
4.83805e+01  1.00000e+00  1.00000e+12  0.00000e+00  1.00000e+12  1.00000e+12
4.84852e+01  1.00000e+00  1.00000e+12  0.00000e+00  1.00000e+12  1.00000e+12
4.85900e+01  1.00000e+00  1.00000e+12  0.00000e+00  1.00000e+12  1.00000e+12
4.86947e+01  1.00000e+00  1.00000e+12  0.00000e+00  1.00000e+12  1.00000e+12
4.87994e+01  1.00000e+00  1.00000e+12  0.00000e+00  1.00000e+12  1.00000e+12
4.89041e+01  1.00000e+00  1.00000e+12  0.00000e+00  1.00000e+12  1.00000e+12
4.90088e+01  1.00000e+00  1.00000e+12  0.00000e+00  1.00000e+12  1.00000e+12
4.91136e+01  1.00000e+00  1.00000e+12  0.00000e+00  1.00000e+12  1.00000e+12
4.92183e+01  1.00000e+00  1.00000e+12  0.00000e+00  1.00000e+12  1.00000e+12
4.93230e+01  1.00000e+00  1.00000e+12  0.00000e+00  1.00000e+12  1.00000e+12
4.94277e+01  1.00000e+00  1.00000e+12  0.00000e+00  1.00000e+12  1.00000e+12
4.95324e+01  1.00000e+00  1.00000e+12  0.00000e+00  1.00000e+12  1.00000e+12
4.96372e+01  1.00000e+00  1.00000e+12  0.00000e+00  1.00000e+12  1.00000e+12
4.97419e+01  1.00000e+00  1.00000e+12  0.00000e+00  1.00000e+12  1.00000e+12
4.98466e+01  1.00000e+00  1.00000e+12  0.00000e+00  1.00000e+12  1.00000e+12
4.99513e+01  1.00000e+00  1.00000e+12  0.00000e+00  1.00000e+12  1.00000e+12
5.00560e+01  1.00000e+00  1.00000e+12  0.00000e+00  1.00000e+12  1.00000e+12
5.01608e+01  1.00000e+00  1.00000e+12  0.00000e+00  1.00000e+12  1.00000e+12
5.02655e+01  1.00000e+00  1.00000e+12  0.00000e+00  1.00000e+12  1.00000e+12
5.03702e+01  1.00000e+00  1.00000e+12  0.00000e+00  1.00000e+12  1.00000e+12
5.04749e+01  1.00000e+00  1.00000e+12  0.00000e+00  1.00000e+12  1.00000e+12
5.05796e+01  1.00000e+00  1.00000e+12  0.00000e+00  1.00000e+12  1.00000e+12
5.06844e+01  1.00000e+00  1.00000e+12  0.00000e+00  1.00000e+12  1.00000e+12
5.07891e+01  1.00000e+00  1.00000e+12  0.00000e+00  1.00000e+12  1.00000e+12
5.08938e+01  1.00000e+00  1.00000e+12  0.00000e+00  1.00000e+12  1.00000e+12
5.09985e+01  1.00000e+00  1.00000e+12  0.00000e+00  1.00000e+12  1.00000e+12
5.11032e+01  1.00000e+00  1.00000e+12  0.00000e+00  1.00000e+12  1.00000e+12
5.12080e+01  1.00000e+00  1.00000e+12  0.00000e+00  1.00000e+12  1.00000e+12
5.13127e+01  1.00000e+00  1.00000e+12  0.00000e+00  1.00000e+12  1.00000e+12
5.14174e+01  1.00000e+00  1.00000e+12  0.00000e+00  1.00000e+12  1.00000e+12
5.15221e+01  1.00000e+00  1.00000e+12  0.00000e+00  1.00000e+12  1.00000e+12
5.16268e+01  1.00000e+00  1.00000e+12  0.00000e+00  1.00000e+12  1.00000e+12
5.17316e+01  1.00000e+00  1.00000e+12  0.00000e+00  1.00000e+12  1.00000e+12
5.18363e+01  1.00000e+00  1.00000e+12  0.00000e+00  1.00000e+12  1.00000e+12
5.19410e+01  1.00000e+00  1.00000e+12  0.00000e+00  1.00000e+12  1.00000e+12
5.20457e+01  1.00000e+00  1.00000e+12  0.00000e+00  1.00000e+12  1.00000e+12
5.21504e+01  1.00000e+00  1.00000e+12  0.00000e+00  1.00000e+12  1.00000e+12
5.22552e+01  1.00000e+00  1.00000e+12  0.00000e+00  1.00000e+12  1.00000e+12
5.23599e+01  1.00000e+00  1.00000e+12  0.00000e+00  1.00000e+12  1.00000e+12
5.24646e+01  1.00000e+00  1.00000e+12  0.00000e+00  1.00000e+12  1.00000e+12
5.25693e+01  1.00000e+00  1.00000e+12  0.00000e+00  1.00000e+12  1.00000e+12
5.26740e+01  1.00000e+00  1.00000e+12  0.00000e+00  1.00000e+12  1.00000e+12
5.27788e+01  1.00000e+00  1.00000e+12  0.00000e+00  1.00000e+12  1.00000e+12
5.28835e+01  1.00000e+00  1.00000e+12  0.00000e+00  1.00000e+12  1.00000e+12
5.29882e+01  1.00000e+00  1.00000e+12  0.00000e+00  1.00000e+12  1.00000e+12
5.30929e+01  1.00000e+00  1.00000e+12  0.00000e+00  1.00000e+12  1.00000e+12
5.31976e+01  1.00000e+00  1.00000e+12  0.00000e+00  1.00000e+12  1.00000e+12
5.33024e+01  1.00000e+00  1.00000e+12  0.00000e+00  1.00000e+12  1.00000e+12
5.34071e+01  1.00000e+00  1.00000e+12  0.00000e+00  1.00000e+12  1.00000e+12
5.35118e+01  1.00000e+00  1.00000e+12  0.00000e+00  1.00000e+12  1.00000e+12
5.36165e+01  1.00000e+00  1.00000e+12  0.00000e+00  1.00000e+12  1.00000e+12
5.37212e+01  1.00000e+00  1.00000e+12  0.00000e+00  1.00000e+12  1.00000e+12
5.38260e+01  1.00000e+00  1.00000e+12  0.00000e+00  1.00000e+12  1.00000e+12
5.39307e+01  1.00000e+00  1.00000e+12  0.00000e+00  1.00000e+12  1.00000e+12
5.40354e+01  1.00000e+00  1.00000e+12  0.00000e+00  1.00000e+12  1.00000e+12
5.41401e+01  1.00000e+00  1.00000e+12  0.00000e+00  1.00000e+12  1.00000e+12
5.42448e+01  1.00000e+00  1.00000e+12  0.00000e+00  1.00000e+12  1.00000e+12
5.43496e+01  1.00000e+00  1.00000e+12  0.00000e+00  1.00000e+12  1.00000e+12
5.44543e+01  1.00000e+00  1.00000e+12  0.00000e+00  1.00000e+12  1.00000e+12
5.45590e+01  1.00000e+00  1.00000e+12  0.00000e+00  1.00000e+12  1.00000e+12
5.46637e+01  1.00000e+00  1.00000e+12  0.00000e+00  1.00000e+12  1.00000e+12
5.47684e+01  1.00000e+00  1.00000e+12  0.00000e+00  1.00000e+12  1.00000e+12
5.48732e+01  1.00000e+00  1.00000e+12  0.00000e+00  1.00000e+12  1.00000e+12
5.49779e+01  1.00000e+00  1.00000e+12  0.00000e+00  1.00000e+12  1.00000e+12
5.50826e+01  1.00000e+00  1.00000e+12  0.00000e+00  1.00000e+12  1.00000e+12
5.51873e+01  1.00000e+00  1.00000e+12  0.00000e+00  1.00000e+12  1.00000e+12
5.52920e+01  1.00000e+00  1.00000e+12  0.00000e+00  1.00000e+12  1.00000e+12
5.53968e+01  1.00000e+00  1.00000e+12  0.00000e+00  1.00000e+12  1.00000e+12
5.55015e+01  1.00000e+00  1.00000e+12  0.00000e+00  1.00000e+12  1.00000e+12
5.56062e+01  1.00000e+00  1.00000e+12  0.00000e+00  1.00000e+12  1.00000e+12
5.57109e+01  1.00000e+00  1.00000e+12  0.00000e+00  1.00000e+12  1.00000e+12
5.58156e+01  1.00000e+00  1.00000e+12  0.00000e+00  1.00000e+12  1.00000e+12
5.59203e+01  1.00000e+00  1.00000e+12  0.00000e+00  1.00000e+12  1.00000e+12
5.60251e+01  1.00000e+00  1.00000e+12  0.00000e+00  1.00000e+12  1.00000e+12
5.61298e+01  1.00000e+00  1.00000e+12  0.00000e+00  1.00000e+12  1.00000e+12
5.62345e+01  1.00000e+00  1.00000e+12  0.00000e+00  1.00000e+12  1.00000e+12
5.63392e+01  1.00000e+00  1.00000e+12  0.00000e+00  1.00000e+12  1.00000e+12
5.64439e+01  1.00000e+00  1.00000e+12  0.00000e+00  1.00000e+12  1.00000e+12
5.65487e+01  1.00000e+00  1.00000e+12  0.00000e+00  1.00000e+12  1.00000e+12
5.66534e+01  1.00000e+00  1.00000e+12  0.00000e+00  1.00000e+12  1.00000e+12
5.67581e+01  1.00000e+00  1.00000e+12  0.00000e+00  1.00000e+12  1.00000e+12
5.68628e+01  1.00000e+00  1.00000e+12  0.00000e+00  1.00000e+12  1.00000e+12
5.69675e+01  1.00000e+00  1.00000e+12  0.00000e+00  1.00000e+12  1.00000e+12
5.70723e+01  1.00000e+00  1.00000e+12  0.00000e+00  1.00000e+12  1.00000e+12
5.71770e+01  1.00000e+00  1.00000e+12  0.00000e+00  1.00000e+12  1.00000e+12
5.72817e+01  1.00000e+00  1.00000e+12  0.00000e+00  1.00000e+12  1.00000e+12
5.73864e+01  1.00000e+00  1.00000e+12  0.00000e+00  1.00000e+12  1.00000e+12
5.74911e+01  1.00000e+00  1.00000e+12  0.00000e+00  1.00000e+12  1.00000e+12
5.75959e+01  1.00000e+00  1.00000e+12  0.00000e+00  1.00000e+12  1.00000e+12
5.77006e+01  1.00000e+00  1.00000e+12  0.00000e+00  1.00000e+12  1.00000e+12
5.78053e+01  1.00000e+00  1.00000e+12  0.00000e+00  1.00000e+12  1.00000e+12
5.79100e+01  1.00000e+00  1.00000e+12  0.00000e+00  1.00000e+12  1.00000e+12
5.80147e+01  1.00000e+00  1.00000e+12  0.00000e+00  1.00000e+12  1.00000e+12
5.81195e+01  1.00000e+00  1.00000e+12  0.00000e+00  1.00000e+12  1.00000e+12
5.82242e+01  1.00000e+00  1.00000e+12  0.00000e+00  1.00000e+12  1.00000e+12
5.83289e+01  1.00000e+00  1.00000e+12  0.00000e+00  1.00000e+12  1.00000e+12
5.84336e+01  1.00000e+00  1.00000e+12  0.00000e+00  1.00000e+12  1.00000e+12
5.85383e+01  1.00000e+00  1.00000e+12  0.00000e+00  1.00000e+12  1.00000e+12
5.86431e+01  1.00000e+00  1.00000e+12  0.00000e+00  1.00000e+12  1.00000e+12
5.87478e+01  1.00000e+00  1.00000e+12  0.00000e+00  1.00000e+12  1.00000e+12
5.88525e+01  1.00000e+00  1.00000e+12  0.00000e+00  1.00000e+12  1.00000e+12
5.89572e+01  1.00000e+00  1.00000e+12  0.00000e+00  1.00000e+12  1.00000e+12
5.90619e+01  1.00000e+00  1.00000e+12  0.00000e+00  1.00000e+12  1.00000e+12
5.91667e+01  1.00000e+00  1.00000e+12  0.00000e+00  1.00000e+12  1.00000e+12
5.92714e+01  1.00000e+00  1.00000e+12  0.00000e+00  1.00000e+12  1.00000e+12
5.93761e+01  1.00000e+00  1.00000e+12  0.00000e+00  1.00000e+12  1.00000e+12
5.94808e+01  1.00000e+00  1.00000e+12  0.00000e+00  1.00000e+12  1.00000e+12
5.95855e+01  1.00000e+00  1.00000e+12  0.00000e+00  1.00000e+12  1.00000e+12
5.96903e+01  1.00000e+00  1.00000e+12  0.00000e+00  1.00000e+12  1.00000e+12
5.97950e+01  1.00000e+00  1.00000e+12  0.00000e+00  1.00000e+12  1.00000e+12
5.98997e+01  1.00000e+00  1.00000e+12  0.00000e+00  1.00000e+12  1.00000e+12
6.00044e+01  1.00000e+00  1.00000e+12  0.00000e+00  1.00000e+12  1.00000e+12
6.01091e+01  1.00000e+00  1.00000e+12  0.00000e+00  1.00000e+12  1.00000e+12
6.02139e+01  1.00000e+00  1.00000e+12  0.00000e+00  1.00000e+12  1.00000e+12
6.03186e+01  1.00000e+00  1.00000e+12  0.00000e+00  1.00000e+12  1.00000e+12
6.04233e+01  1.00000e+00  1.00000e+12  0.00000e+00  1.00000e+12  1.00000e+12
6.05280e+01  1.00000e+00  1.00000e+12  0.00000e+00  1.00000e+12  1.00000e+12
6.06327e+01  1.00000e+00  1.00000e+12  0.00000e+00  1.00000e+12  1.00000e+12
6.07375e+01  1.00000e+00  1.00000e+12  0.00000e+00  1.00000e+12  1.00000e+12
6.08422e+01  1.00000e+00  1.00000e+12  0.00000e+00  1.00000e+12  1.00000e+12
6.09469e+01  1.00000e+00  1.00000e+12  0.00000e+00  1.00000e+12  1.00000e+12
6.10516e+01  1.00000e+00  1.00000e+12  0.00000e+00  1.00000e+12  1.00000e+12
6.11563e+01  1.00000e+00  1.00000e+12  0.00000e+00  1.00000e+12  1.00000e+12
6.12611e+01  1.00000e+00  1.00000e+12  0.00000e+00  1.00000e+12  1.00000e+12
6.13658e+01  1.00000e+00  1.00000e+12  0.00000e+00  1.00000e+12  1.00000e+12
6.14705e+01  1.00000e+00  1.00000e+12  0.00000e+00  1.00000e+12  1.00000e+12
6.15752e+01  1.00000e+00  1.00000e+12  0.00000e+00  1.00000e+12  1.00000e+12
6.16799e+01  1.00000e+00  1.00000e+12  0.00000e+00  1.00000e+12  1.00000e+12
6.17847e+01  1.00000e+00  1.00000e+12  0.00000e+00  1.00000e+12  1.00000e+12
6.18894e+01  1.00000e+00  1.00000e+12  0.00000e+00  1.00000e+12  1.00000e+12
6.19941e+01  1.00000e+00  1.00000e+12  0.00000e+00  1.00000e+12  1.00000e+12
6.20988e+01  1.00000e+00  1.00000e+12  0.00000e+00  1.00000e+12  1.00000e+12
6.22035e+01  1.00000e+00  1.00000e+12  0.00000e+00  1.00000e+12  1.00000e+12
6.23083e+01  1.00000e+00  1.00000e+12  0.00000e+00  1.00000e+12  1.00000e+12
6.24130e+01  1.00000e+00  1.00000e+12  0.00000e+00  1.00000e+12  1.00000e+12
6.25177e+01  1.00000e+00  1.00000e+12  0.00000e+00  1.00000e+12  1.00000e+12
6.26224e+01  1.00000e+00  1.00000e+12  0.00000e+00  1.00000e+12  1.00000e+12
6.27271e+01  1.00000e+00  1.00000e+12  0.00000e+00  1.00000e+12  1.00000e+12
6.28319e+01  1.00000e+00  1.00000e+12  0.00000e+00  1.00000e+12  1.00000e+12
6.29366e+01  1.00000e+00  1.00000e+12  0.00000e+00  1.00000e+12  1.00000e+12
6.30413e+01  1.00000e+00  1.00000e+12  0.00000e+00  1.00000e+12  1.00000e+12
6.31460e+01  1.00000e+00  1.00000e+12  0.00000e+00  1.00000e+12  1.00000e+12
6.32507e+01  1.00000e+00  1.00000e+12  0.00000e+00  1.00000e+12  1.00000e+12
6.33555e+01  1.00000e+00  1.00000e+12  0.00000e+00  1.00000e+12  1.00000e+12
6.34602e+01  1.00000e+00  1.00000e+12  0.00000e+00  1.00000e+12  1.00000e+12
6.35649e+01  1.00000e+00  1.00000e+12  0.00000e+00  1.00000e+12  1.00000e+12
6.36696e+01  1.00000e+00  1.00000e+12  0.00000e+00  1.00000e+12  1.00000e+12
6.37743e+01  1.00000e+00  1.00000e+12  0.00000e+00  1.00000e+12  1.00000e+12
6.38791e+01  1.00000e+00  1.00000e+12  0.00000e+00  1.00000e+12  1.00000e+12
6.39838e+01  1.00000e+00  1.00000e+12  0.00000e+00  1.00000e+12  1.00000e+12
6.40885e+01  1.00000e+00  1.00000e+12  0.00000e+00  1.00000e+12  1.00000e+12
6.41932e+01  1.00000e+00  1.00000e+12  0.00000e+00  1.00000e+12  1.00000e+12
6.42979e+01  1.00000e+00  1.00000e+12  0.00000e+00  1.00000e+12  1.00000e+12
6.44026e+01  1.00000e+00  1.00000e+12  0.00000e+00  1.00000e+12  1.00000e+12
6.45074e+01  1.00000e+00  1.00000e+12  0.00000e+00  1.00000e+12  1.00000e+12
6.46121e+01  1.00000e+00  1.00000e+12  0.00000e+00  1.00000e+12  1.00000e+12
6.47168e+01  1.00000e+00  1.00000e+12  0.00000e+00  1.00000e+12  1.00000e+12
6.48215e+01  1.00000e+00  1.00000e+12  0.00000e+00  1.00000e+12  1.00000e+12
6.49262e+01  1.00000e+00  1.00000e+12  0.00000e+00  1.00000e+12  1.00000e+12
6.50310e+01  1.00000e+00  1.00000e+12  0.00000e+00  1.00000e+12  1.00000e+12
6.51357e+01  1.00000e+00  1.00000e+12  0.00000e+00  1.00000e+12  1.00000e+12
6.52404e+01  1.00000e+00  1.00000e+12  0.00000e+00  1.00000e+12  1.00000e+12
6.53451e+01  1.00000e+00  1.00000e+12  0.00000e+00  1.00000e+12  1.00000e+12
6.54498e+01  1.00000e+00  1.00000e+12  0.00000e+00  1.00000e+12  1.00000e+12
6.55546e+01  1.00000e+00  1.00000e+12  0.00000e+00  1.00000e+12  1.00000e+12
6.56593e+01  1.00000e+00  1.00000e+12  0.00000e+00  1.00000e+12  1.00000e+12
6.57640e+01  1.00000e+00  1.00000e+12  0.00000e+00  1.00000e+12  1.00000e+12
6.58687e+01  1.00000e+00  1.00000e+12  0.00000e+00  1.00000e+12  1.00000e+12
6.59734e+01  1.00000e+00  1.00000e+12  0.00000e+00  1.00000e+12  1.00000e+12
6.60782e+01  1.00000e+00  1.00000e+12  0.00000e+00  1.00000e+12  1.00000e+12
6.61829e+01  1.00000e+00  1.00000e+12  0.00000e+00  1.00000e+12  1.00000e+12
6.62876e+01  1.00000e+00  1.00000e+12  0.00000e+00  1.00000e+12  1.00000e+12
6.63923e+01  1.00000e+00  1.00000e+12  0.00000e+00  1.00000e+12  1.00000e+12
6.64970e+01  1.00000e+00  1.00000e+12  0.00000e+00  1.00000e+12  1.00000e+12
6.66018e+01  1.00000e+00  1.00000e+12  0.00000e+00  1.00000e+12  1.00000e+12
6.67065e+01  1.00000e+00  1.00000e+12  0.00000e+00  1.00000e+12  1.00000e+12
6.68112e+01  1.00000e+00  1.00000e+12  0.00000e+00  1.00000e+12  1.00000e+12
6.69159e+01  1.00000e+00  1.00000e+12  0.00000e+00  1.00000e+12  1.00000e+12
6.70206e+01  1.00000e+00  1.00000e+12  0.00000e+00  1.00000e+12  1.00000e+12
6.71254e+01  1.00000e+00  1.00000e+12  0.00000e+00  1.00000e+12  1.00000e+12
6.72301e+01  1.00000e+00  1.00000e+12  0.00000e+00  1.00000e+12  1.00000e+12
6.73348e+01  1.00000e+00  1.00000e+12  0.00000e+00  1.00000e+12  1.00000e+12
6.74395e+01  1.00000e+00  1.00000e+12  0.00000e+00  1.00000e+12  1.00000e+12
6.75442e+01  1.00000e+00  1.00000e+12  0.00000e+00  1.00000e+12  1.00000e+12
6.76490e+01  1.00000e+00  1.00000e+12  0.00000e+00  1.00000e+12  1.00000e+12
6.77537e+01  1.00000e+00  1.00000e+12  0.00000e+00  1.00000e+12  1.00000e+12
6.78584e+01  1.00000e+00  1.00000e+12  0.00000e+00  1.00000e+12  1.00000e+12
6.79631e+01  1.00000e+00  1.00000e+12  0.00000e+00  1.00000e+12  1.00000e+12
6.80678e+01  1.00000e+00  1.00000e+12  0.00000e+00  1.00000e+12  1.00000e+12
6.81726e+01  1.00000e+00  1.00000e+12  0.00000e+00  1.00000e+12  1.00000e+12
6.82773e+01  1.00000e+00  1.00000e+12  0.00000e+00  1.00000e+12  1.00000e+12
6.83820e+01  1.00000e+00  1.00000e+12  0.00000e+00  1.00000e+12  1.00000e+12
6.84867e+01  1.00000e+00  1.00000e+12  0.00000e+00  1.00000e+12  1.00000e+12
6.85914e+01  1.00000e+00  1.00000e+12  0.00000e+00  1.00000e+12  1.00000e+12
6.86962e+01  1.00000e+00  1.00000e+12  0.00000e+00  1.00000e+12  1.00000e+12
6.88009e+01  1.00000e+00  1.00000e+12  0.00000e+00  1.00000e+12  1.00000e+12
6.89056e+01  1.00000e+00  1.00000e+12  0.00000e+00  1.00000e+12  1.00000e+12
6.90103e+01  1.00000e+00  1.00000e+12  0.00000e+00  1.00000e+12  1.00000e+12
6.91150e+01  1.00000e+00  1.00000e+12  0.00000e+00  1.00000e+12  1.00000e+12
6.92198e+01  1.00000e+00  1.00000e+12  0.00000e+00  1.00000e+12  1.00000e+12
6.93245e+01  1.00000e+00  1.00000e+12  0.00000e+00  1.00000e+12  1.00000e+12
6.94292e+01  1.00000e+00  1.00000e+12  0.00000e+00  1.00000e+12  1.00000e+12
6.95339e+01  1.00000e+00  1.00000e+12  0.00000e+00  1.00000e+12  1.00000e+12
6.96386e+01  1.00000e+00  1.00000e+12  0.00000e+00  1.00000e+12  1.00000e+12
6.97434e+01  1.00000e+00  1.00000e+12  0.00000e+00  1.00000e+12  1.00000e+12
6.98481e+01  1.00000e+00  1.00000e+12  0.00000e+00  1.00000e+12  1.00000e+12
6.99528e+01  1.00000e+00  1.00000e+12  0.00000e+00  1.00000e+12  1.00000e+12
7.00575e+01  1.00000e+00  1.00000e+12  0.00000e+00  1.00000e+12  1.00000e+12
7.01622e+01  1.00000e+00  1.00000e+12  0.00000e+00  1.00000e+12  1.00000e+12
7.02670e+01  1.00000e+00  1.00000e+12  0.00000e+00  1.00000e+12  1.00000e+12
7.03717e+01  1.00000e+00  1.00000e+12  0.00000e+00  1.00000e+12  1.00000e+12
7.04764e+01  1.00000e+00  1.00000e+12  0.00000e+00  1.00000e+12  1.00000e+12
7.05811e+01  1.00000e+00  1.00000e+12  0.00000e+00  1.00000e+12  1.00000e+12
7.06858e+01  1.00000e+00  1.00000e+12  0.00000e+00  1.00000e+12  1.00000e+12
7.07906e+01  1.00000e+00  1.00000e+12  0.00000e+00  1.00000e+12  1.00000e+12
7.08953e+01  1.00000e+00  1.00000e+12  0.00000e+00  1.00000e+12  1.00000e+12
7.10000e+01  1.00000e+00  1.00000e+12  0.00000e+00  1.00000e+12  1.00000e+12
7.11047e+01  1.00000e+00  1.00000e+12  0.00000e+00  1.00000e+12  1.00000e+12
7.12094e+01  1.00000e+00  1.00000e+12  0.00000e+00  1.00000e+12  1.00000e+12
7.13142e+01  1.00000e+00  1.00000e+12  0.00000e+00  1.00000e+12  1.00000e+12
7.14189e+01  1.00000e+00  1.00000e+12  0.00000e+00  1.00000e+12  1.00000e+12
7.15236e+01  1.00000e+00  1.00000e+12  0.00000e+00  1.00000e+12  1.00000e+12
7.16283e+01  1.00000e+00  1.00000e+12  0.00000e+00  1.00000e+12  1.00000e+12
7.17330e+01  1.00000e+00  1.00000e+12  0.00000e+00  1.00000e+12  1.00000e+12
7.18378e+01  1.00000e+00  1.00000e+12  0.00000e+00  1.00000e+12  1.00000e+12
7.19425e+01  1.00000e+00  1.00000e+12  0.00000e+00  1.00000e+12  1.00000e+12
7.20472e+01  1.00000e+00  1.00000e+12  0.00000e+00  1.00000e+12  1.00000e+12
7.21519e+01  1.00000e+00  1.00000e+12  0.00000e+00  1.00000e+12  1.00000e+12
7.22566e+01  1.00000e+00  1.00000e+12  0.00000e+00  1.00000e+12  1.00000e+12
7.23614e+01  1.00000e+00  1.00000e+12  0.00000e+00  1.00000e+12  1.00000e+12
7.24661e+01  1.00000e+00  1.00000e+12  0.00000e+00  1.00000e+12  1.00000e+12
7.25708e+01  1.00000e+00  1.00000e+12  0.00000e+00  1.00000e+12  1.00000e+12
7.26755e+01  1.00000e+00  1.00000e+12  0.00000e+00  1.00000e+12  1.00000e+12
7.27802e+01  1.00000e+00  1.00000e+12  0.00000e+00  1.00000e+12  1.00000e+12
7.28849e+01  1.00000e+00  1.00000e+12  0.00000e+00  1.00000e+12  1.00000e+12
7.29897e+01  1.00000e+00  1.00000e+12  0.00000e+00  1.00000e+12  1.00000e+12
7.30944e+01  1.00000e+00  1.00000e+12  0.00000e+00  1.00000e+12  1.00000e+12
7.31991e+01  1.00000e+00  1.00000e+12  0.00000e+00  1.00000e+12  1.00000e+12
7.33038e+01  1.00000e+00  1.00000e+12  0.00000e+00  1.00000e+12  1.00000e+12
7.34085e+01  1.00000e+00  1.00000e+12  0.00000e+00  1.00000e+12  1.00000e+12
7.35133e+01  1.00000e+00  1.00000e+12  0.00000e+00  1.00000e+12  1.00000e+12
7.36180e+01  1.00000e+00  1.00000e+12  0.00000e+00  1.00000e+12  1.00000e+12
7.37227e+01  1.00000e+00  1.00000e+12  0.00000e+00  1.00000e+12  1.00000e+12
7.38274e+01  1.00000e+00  1.00000e+12  0.00000e+00  1.00000e+12  1.00000e+12
7.39321e+01  1.00000e+00  1.00000e+12  0.00000e+00  1.00000e+12  1.00000e+12
7.40369e+01  1.00000e+00  1.00000e+12  0.00000e+00  1.00000e+12  1.00000e+12
7.41416e+01  1.00000e+00  1.00000e+12  0.00000e+00  1.00000e+12  1.00000e+12
7.42463e+01  1.00000e+00  1.00000e+12  0.00000e+00  1.00000e+12  1.00000e+12
7.43510e+01  1.00000e+00  1.00000e+12  0.00000e+00  1.00000e+12  1.00000e+12
7.44557e+01  1.00000e+00  1.00000e+12  0.00000e+00  1.00000e+12  1.00000e+12
7.45605e+01  1.00000e+00  1.00000e+12  0.00000e+00  1.00000e+12  1.00000e+12
7.46652e+01  1.00000e+00  1.00000e+12  0.00000e+00  1.00000e+12  1.00000e+12
7.47699e+01  1.00000e+00  1.00000e+12  0.00000e+00  1.00000e+12  1.00000e+12
7.48746e+01  1.00000e+00  1.00000e+12  0.00000e+00  1.00000e+12  1.00000e+12
7.49793e+01  1.00000e+00  1.00000e+12  0.00000e+00  1.00000e+12  1.00000e+12
7.50841e+01  1.00000e+00  1.00000e+12  0.00000e+00  1.00000e+12  1.00000e+12
7.51888e+01  1.00000e+00  1.00000e+12  0.00000e+00  1.00000e+12  1.00000e+12
7.52935e+01  1.00000e+00  1.00000e+12  0.00000e+00  1.00000e+12  1.00000e+12
7.53982e+01  1.00000e+00  1.00000e+12  0.00000e+00  1.00000e+12  1.00000e+12
7.55029e+01  1.00000e+00  1.00000e+12  0.00000e+00  1.00000e+12  1.00000e+12
7.56077e+01  1.00000e+00  1.00000e+12  0.00000e+00  1.00000e+12  1.00000e+12
7.57124e+01  1.00000e+00  1.00000e+12  0.00000e+00  1.00000e+12  1.00000e+12
7.58171e+01  1.00000e+00  1.00000e+12  0.00000e+00  1.00000e+12  1.00000e+12
7.59218e+01  1.00000e+00  1.00000e+12  0.00000e+00  1.00000e+12  1.00000e+12
7.60265e+01  1.00000e+00  1.00000e+12  0.00000e+00  1.00000e+12  1.00000e+12
7.61313e+01  1.00000e+00  1.00000e+12  0.00000e+00  1.00000e+12  1.00000e+12
7.62360e+01  1.00000e+00  1.00000e+12  0.00000e+00  1.00000e+12  1.00000e+12
7.63407e+01  1.00000e+00  1.00000e+12  0.00000e+00  1.00000e+12  1.00000e+12
7.64454e+01  1.00000e+00  1.00000e+12  0.00000e+00  1.00000e+12  1.00000e+12
7.65501e+01  1.00000e+00  1.00000e+12  0.00000e+00  1.00000e+12  1.00000e+12
7.66549e+01  1.00000e+00  1.00000e+12  0.00000e+00  1.00000e+12  1.00000e+12
7.67596e+01  1.00000e+00  1.00000e+12  0.00000e+00  1.00000e+12  1.00000e+12
7.68643e+01  1.00000e+00  1.00000e+12  0.00000e+00  1.00000e+12  1.00000e+12
7.69690e+01  1.00000e+00  1.00000e+12  0.00000e+00  1.00000e+12  1.00000e+12
7.70737e+01  1.00000e+00  1.00000e+12  0.00000e+00  1.00000e+12  1.00000e+12
7.71785e+01  1.00000e+00  1.00000e+12  0.00000e+00  1.00000e+12  1.00000e+12
7.72832e+01  1.00000e+00  1.00000e+12  0.00000e+00  1.00000e+12  1.00000e+12
7.73879e+01  1.00000e+00  1.00000e+12  0.00000e+00  1.00000e+12  1.00000e+12
7.74926e+01  1.00000e+00  1.00000e+12  0.00000e+00  1.00000e+12  1.00000e+12
7.75973e+01  1.00000e+00  1.00000e+12  0.00000e+00  1.00000e+12  1.00000e+12
7.77021e+01  1.00000e+00  1.00000e+12  0.00000e+00  1.00000e+12  1.00000e+12
7.78068e+01  1.00000e+00  1.00000e+12  0.00000e+00  1.00000e+12  1.00000e+12
7.79115e+01  1.00000e+00  1.00000e+12  0.00000e+00  1.00000e+12  1.00000e+12
7.80162e+01  1.00000e+00  1.00000e+12  0.00000e+00  1.00000e+12  1.00000e+12
7.81209e+01  1.00000e+00  1.00000e+12  0.00000e+00  1.00000e+12  1.00000e+12
7.82257e+01  1.00000e+00  1.00000e+12  0.00000e+00  1.00000e+12  1.00000e+12
7.83304e+01  1.00000e+00  1.00000e+12  0.00000e+00  1.00000e+12  1.00000e+12
7.84351e+01  1.00000e+00  1.00000e+12  0.00000e+00  1.00000e+12  1.00000e+12
7.85398e+01  1.00000e+00  1.00000e+12  0.00000e+00  1.00000e+12  1.00000e+12
7.86445e+01  1.00000e+00  1.00000e+12  0.00000e+00  1.00000e+12  1.00000e+12
7.87493e+01  1.00000e+00  1.00000e+12  0.00000e+00  1.00000e+12  1.00000e+12
7.88540e+01  1.00000e+00  1.00000e+12  0.00000e+00  1.00000e+12  1.00000e+12
7.89587e+01  1.00000e+00  1.00000e+12  0.00000e+00  1.00000e+12  1.00000e+12
7.90634e+01  1.00000e+00  1.00000e+12  0.00000e+00  1.00000e+12  1.00000e+12
7.91681e+01  1.00000e+00  1.00000e+12  0.00000e+00  1.00000e+12  1.00000e+12
7.92729e+01  1.00000e+00  1.00000e+12  0.00000e+00  1.00000e+12  1.00000e+12
7.93776e+01  1.00000e+00  1.00000e+12  0.00000e+00  1.00000e+12  1.00000e+12
7.94823e+01  1.00000e+00  1.00000e+12  0.00000e+00  1.00000e+12  1.00000e+12
7.95870e+01  1.00000e+00  1.00000e+12  0.00000e+00  1.00000e+12  1.00000e+12
7.96917e+01  1.00000e+00  1.00000e+12  0.00000e+00  1.00000e+12  1.00000e+12
7.97965e+01  1.00000e+00  1.00000e+12  0.00000e+00  1.00000e+12  1.00000e+12
7.99012e+01  1.00000e+00  1.00000e+12  0.00000e+00  1.00000e+12  1.00000e+12
8.00059e+01  1.00000e+00  1.00000e+12  0.00000e+00  1.00000e+12  1.00000e+12
8.01106e+01  1.00000e+00  1.00000e+12  0.00000e+00  1.00000e+12  1.00000e+12
8.02153e+01  1.00000e+00  1.00000e+12  0.00000e+00  1.00000e+12  1.00000e+12
8.03201e+01  1.00000e+00  1.00000e+12  0.00000e+00  1.00000e+12  1.00000e+12
8.04248e+01  1.00000e+00  1.00000e+12  0.00000e+00  1.00000e+12  1.00000e+12
8.05295e+01  1.00000e+00  1.00000e+12  0.00000e+00  1.00000e+12  1.00000e+12
8.06342e+01  1.00000e+00  1.00000e+12  0.00000e+00  1.00000e+12  1.00000e+12
8.07389e+01  1.00000e+00  1.00000e+12  0.00000e+00  1.00000e+12  1.00000e+12
8.08437e+01  1.00000e+00  1.00000e+12  0.00000e+00  1.00000e+12  1.00000e+12
8.09484e+01  1.00000e+00  1.00000e+12  0.00000e+00  1.00000e+12  1.00000e+12
8.10531e+01  1.00000e+00  1.00000e+12  0.00000e+00  1.00000e+12  1.00000e+12
8.11578e+01  1.00000e+00  1.00000e+12  0.00000e+00  1.00000e+12  1.00000e+12
8.12625e+01  1.00000e+00  1.00000e+12  0.00000e+00  1.00000e+12  1.00000e+12
8.13672e+01  1.00000e+00  1.00000e+12  0.00000e+00  1.00000e+12  1.00000e+12
8.14720e+01  1.00000e+00  1.00000e+12  0.00000e+00  1.00000e+12  1.00000e+12
8.15767e+01  1.00000e+00  1.00000e+12  0.00000e+00  1.00000e+12  1.00000e+12
8.16814e+01  1.00000e+00  1.00000e+12  0.00000e+00  1.00000e+12  1.00000e+12
8.17861e+01  1.00000e+00  1.00000e+12  0.00000e+00  1.00000e+12  1.00000e+12
8.18908e+01  1.00000e+00  1.00000e+12  0.00000e+00  1.00000e+12  1.00000e+12
8.19956e+01  1.00000e+00  1.00000e+12  0.00000e+00  1.00000e+12  1.00000e+12
8.21003e+01  1.00000e+00  1.00000e+12  0.00000e+00  1.00000e+12  1.00000e+12
8.22050e+01  1.00000e+00  1.00000e+12  0.00000e+00  1.00000e+12  1.00000e+12
8.23097e+01  1.00000e+00  1.00000e+12  0.00000e+00  1.00000e+12  1.00000e+12
8.24144e+01  1.00000e+00  1.00000e+12  0.00000e+00  1.00000e+12  1.00000e+12
8.25192e+01  1.00000e+00  1.00000e+12  0.00000e+00  1.00000e+12  1.00000e+12
8.26239e+01  1.00000e+00  1.00000e+12  0.00000e+00  1.00000e+12  1.00000e+12
8.27286e+01  1.00000e+00  1.00000e+12  0.00000e+00  1.00000e+12  1.00000e+12
8.28333e+01  1.00000e+00  1.00000e+12  0.00000e+00  1.00000e+12  1.00000e+12
8.29380e+01  1.00000e+00  1.00000e+12  0.00000e+00  1.00000e+12  1.00000e+12
8.30428e+01  1.00000e+00  1.00000e+12  0.00000e+00  1.00000e+12  1.00000e+12
8.31475e+01  1.00000e+00  1.00000e+12  0.00000e+00  1.00000e+12  1.00000e+12
8.32522e+01  1.00000e+00  1.00000e+12  0.00000e+00  1.00000e+12  1.00000e+12
8.33569e+01  1.00000e+00  1.00000e+12  0.00000e+00  1.00000e+12  1.00000e+12
8.34616e+01  1.00000e+00  1.00000e+12  0.00000e+00  1.00000e+12  1.00000e+12
8.35664e+01  1.00000e+00  1.00000e+12  0.00000e+00  1.00000e+12  1.00000e+12
8.36711e+01  1.00000e+00  1.00000e+12  0.00000e+00  1.00000e+12  1.00000e+12
8.37758e+01  1.00000e+00  1.00000e+12  0.00000e+00  1.00000e+12  1.00000e+12
8.38805e+01  1.00000e+00  1.00000e+12  0.00000e+00  1.00000e+12  1.00000e+12
8.39852e+01  1.00000e+00  1.00000e+12  0.00000e+00  1.00000e+12  1.00000e+12
8.40900e+01  1.00000e+00  1.00000e+12  0.00000e+00  1.00000e+12  1.00000e+12
8.41947e+01  1.00000e+00  1.00000e+12  0.00000e+00  1.00000e+12  1.00000e+12
8.42994e+01  1.00000e+00  1.00000e+12  0.00000e+00  1.00000e+12  1.00000e+12
8.44041e+01  1.00000e+00  1.00000e+12  0.00000e+00  1.00000e+12  1.00000e+12
8.45088e+01  1.00000e+00  1.00000e+12  0.00000e+00  1.00000e+12  1.00000e+12
8.46136e+01  1.00000e+00  1.00000e+12  0.00000e+00  1.00000e+12  1.00000e+12
8.47183e+01  1.00000e+00  1.00000e+12  0.00000e+00  1.00000e+12  1.00000e+12
8.48230e+01  1.00000e+00  1.00000e+12  0.00000e+00  1.00000e+12  1.00000e+12
8.49277e+01  1.00000e+00  1.00000e+12  0.00000e+00  1.00000e+12  1.00000e+12
8.50324e+01  1.00000e+00  1.00000e+12  0.00000e+00  1.00000e+12  1.00000e+12
8.51372e+01  1.00000e+00  1.00000e+12  0.00000e+00  1.00000e+12  1.00000e+12
8.52419e+01  1.00000e+00  1.00000e+12  0.00000e+00  1.00000e+12  1.00000e+12
8.53466e+01  1.00000e+00  1.00000e+12  0.00000e+00  1.00000e+12  1.00000e+12
8.54513e+01  1.00000e+00  1.00000e+12  0.00000e+00  1.00000e+12  1.00000e+12
8.55560e+01  1.00000e+00  1.00000e+12  0.00000e+00  1.00000e+12  1.00000e+12
8.56608e+01  1.00000e+00  1.00000e+12  0.00000e+00  1.00000e+12  1.00000e+12
8.57655e+01  1.00000e+00  1.00000e+12  0.00000e+00  1.00000e+12  1.00000e+12
8.58702e+01  1.00000e+00  1.00000e+12  0.00000e+00  1.00000e+12  1.00000e+12
8.59749e+01  1.00000e+00  1.00000e+12  0.00000e+00  1.00000e+12  1.00000e+12
8.60796e+01  1.00000e+00  1.00000e+12  0.00000e+00  1.00000e+12  1.00000e+12
8.61844e+01  1.00000e+00  1.00000e+12  0.00000e+00  1.00000e+12  1.00000e+12
8.62891e+01  1.00000e+00  1.00000e+12  0.00000e+00  1.00000e+12  1.00000e+12
8.63938e+01  1.00000e+00  1.00000e+12  0.00000e+00  1.00000e+12  1.00000e+12
8.64985e+01  1.00000e+00  1.00000e+12  0.00000e+00  1.00000e+12  1.00000e+12
8.66032e+01  1.00000e+00  1.00000e+12  0.00000e+00  1.00000e+12  1.00000e+12
8.67080e+01  1.00000e+00  1.00000e+12  0.00000e+00  1.00000e+12  1.00000e+12
8.68127e+01  1.00000e+00  1.00000e+12  0.00000e+00  1.00000e+12  1.00000e+12
8.69174e+01  1.00000e+00  1.00000e+12  0.00000e+00  1.00000e+12  1.00000e+12
8.70221e+01  1.00000e+00  1.00000e+12  0.00000e+00  1.00000e+12  1.00000e+12
8.71268e+01  1.00000e+00  1.00000e+12  0.00000e+00  1.00000e+12  1.00000e+12
8.72316e+01  1.00000e+00  1.00000e+12  0.00000e+00  1.00000e+12  1.00000e+12
8.73363e+01  1.00000e+00  1.00000e+12  0.00000e+00  1.00000e+12  1.00000e+12
8.74410e+01  1.00000e+00  1.00000e+12  0.00000e+00  1.00000e+12  1.00000e+12
8.75457e+01  1.00000e+00  1.00000e+12  0.00000e+00  1.00000e+12  1.00000e+12
8.76504e+01  1.00000e+00  1.00000e+12  0.00000e+00  1.00000e+12  1.00000e+12
8.77552e+01  1.00000e+00  1.00000e+12  0.00000e+00  1.00000e+12  1.00000e+12
8.78599e+01  1.00000e+00  1.00000e+12  0.00000e+00  1.00000e+12  1.00000e+12
8.79646e+01  1.00000e+00  1.00000e+12  0.00000e+00  1.00000e+12  1.00000e+12
8.80693e+01  1.00000e+00  1.00000e+12  0.00000e+00  1.00000e+12  1.00000e+12
8.81740e+01  1.00000e+00  1.00000e+12  0.00000e+00  1.00000e+12  1.00000e+12
8.82788e+01  1.00000e+00  1.00000e+12  0.00000e+00  1.00000e+12  1.00000e+12
8.83835e+01  1.00000e+00  1.00000e+12  0.00000e+00  1.00000e+12  1.00000e+12
8.84882e+01  1.00000e+00  1.00000e+12  0.00000e+00  1.00000e+12  1.00000e+12
8.85929e+01  1.00000e+00  1.00000e+12  0.00000e+00  1.00000e+12  1.00000e+12
8.86976e+01  1.00000e+00  1.00000e+12  0.00000e+00  1.00000e+12  1.00000e+12
8.88024e+01  1.00000e+00  1.00000e+12  0.00000e+00  1.00000e+12  1.00000e+12
8.89071e+01  1.00000e+00  1.00000e+12  0.00000e+00  1.00000e+12  1.00000e+12
8.90118e+01  1.00000e+00  1.00000e+12  0.00000e+00  1.00000e+12  1.00000e+12
8.91165e+01  1.00000e+00  1.00000e+12  0.00000e+00  1.00000e+12  1.00000e+12
8.92212e+01  1.00000e+00  1.00000e+12  0.00000e+00  1.00000e+12  1.00000e+12
8.93260e+01  1.00000e+00  1.00000e+12  0.00000e+00  1.00000e+12  1.00000e+12
8.94307e+01  1.00000e+00  1.00000e+12  0.00000e+00  1.00000e+12  1.00000e+12
8.95354e+01  1.00000e+00  1.00000e+12  0.00000e+00  1.00000e+12  1.00000e+12
8.96401e+01  1.00000e+00  1.00000e+12  0.00000e+00  1.00000e+12  1.00000e+12
8.97448e+01  1.00000e+00  1.00000e+12  0.00000e+00  1.00000e+12  1.00000e+12
8.98495e+01  1.00000e+00  1.00000e+12  0.00000e+00  1.00000e+12  1.00000e+12
8.99543e+01  1.00000e+00  1.00000e+12  0.00000e+00  1.00000e+12  1.00000e+12
9.00590e+01  1.00000e+00  1.00000e+12  0.00000e+00  1.00000e+12  1.00000e+12
9.01637e+01  1.00000e+00  1.00000e+12  0.00000e+00  1.00000e+12  1.00000e+12
9.02684e+01  1.00000e+00  1.00000e+12  0.00000e+00  1.00000e+12  1.00000e+12
9.03731e+01  1.00000e+00  1.00000e+12  0.00000e+00  1.00000e+12  1.00000e+12
9.04779e+01  1.00000e+00  1.00000e+12  0.00000e+00  1.00000e+12  1.00000e+12
9.05826e+01  1.00000e+00  1.00000e+12  0.00000e+00  1.00000e+12  1.00000e+12
9.06873e+01  1.00000e+00  1.00000e+12  0.00000e+00  1.00000e+12  1.00000e+12
9.07920e+01  1.00000e+00  1.00000e+12  0.00000e+00  1.00000e+12  1.00000e+12
9.08967e+01  1.00000e+00  1.00000e+12  0.00000e+00  1.00000e+12  1.00000e+12
9.10015e+01  1.00000e+00  1.00000e+12  0.00000e+00  1.00000e+12  1.00000e+12
9.11062e+01  1.00000e+00  1.00000e+12  0.00000e+00  1.00000e+12  1.00000e+12
9.12109e+01  1.00000e+00  1.00000e+12  0.00000e+00  1.00000e+12  1.00000e+12
9.13156e+01  1.00000e+00  1.00000e+12  0.00000e+00  1.00000e+12  1.00000e+12
9.14203e+01  1.00000e+00  1.00000e+12  0.00000e+00  1.00000e+12  1.00000e+12
9.15251e+01  1.00000e+00  1.00000e+12  0.00000e+00  1.00000e+12  1.00000e+12
9.16298e+01  1.00000e+00  1.00000e+12  0.00000e+00  1.00000e+12  1.00000e+12
9.17345e+01  1.00000e+00  1.00000e+12  0.00000e+00  1.00000e+12  1.00000e+12
9.18392e+01  1.00000e+00  1.00000e+12  0.00000e+00  1.00000e+12  1.00000e+12
9.19439e+01  1.00000e+00  1.00000e+12  0.00000e+00  1.00000e+12  1.00000e+12
9.20487e+01  1.00000e+00  1.00000e+12  0.00000e+00  1.00000e+12  1.00000e+12
9.21534e+01  1.00000e+00  1.00000e+12  0.00000e+00  1.00000e+12  1.00000e+12
9.22581e+01  1.00000e+00  1.00000e+12  0.00000e+00  1.00000e+12  1.00000e+12
9.23628e+01  1.00000e+00  1.00000e+12  0.00000e+00  1.00000e+12  1.00000e+12
9.24675e+01  1.00000e+00  1.00000e+12  0.00000e+00  1.00000e+12  1.00000e+12
9.25723e+01  1.00000e+00  1.00000e+12  0.00000e+00  1.00000e+12  1.00000e+12
9.26770e+01  1.00000e+00  1.00000e+12  0.00000e+00  1.00000e+12  1.00000e+12
9.27817e+01  1.00000e+00  1.00000e+12  0.00000e+00  1.00000e+12  1.00000e+12
9.28864e+01  1.00000e+00  1.00000e+12  0.00000e+00  1.00000e+12  1.00000e+12
9.29911e+01  1.00000e+00  1.00000e+12  0.00000e+00  1.00000e+12  1.00000e+12
9.30959e+01  1.00000e+00  1.00000e+12  0.00000e+00  1.00000e+12  1.00000e+12
9.32006e+01  1.00000e+00  1.00000e+12  0.00000e+00  1.00000e+12  1.00000e+12
9.33053e+01  1.00000e+00  1.00000e+12  0.00000e+00  1.00000e+12  1.00000e+12
9.34100e+01  1.00000e+00  1.00000e+12  0.00000e+00  1.00000e+12  1.00000e+12
9.35147e+01  1.00000e+00  1.00000e+12  0.00000e+00  1.00000e+12  1.00000e+12
9.36195e+01  1.00000e+00  1.00000e+12  0.00000e+00  1.00000e+12  1.00000e+12
9.37242e+01  1.00000e+00  1.00000e+12  0.00000e+00  1.00000e+12  1.00000e+12
9.38289e+01  1.00000e+00  1.00000e+12  0.00000e+00  1.00000e+12  1.00000e+12
9.39336e+01  1.00000e+00  1.00000e+12  0.00000e+00  1.00000e+12  1.00000e+12
9.40383e+01  1.00000e+00  1.00000e+12  0.00000e+00  1.00000e+12  1.00000e+12
9.41431e+01  1.00000e+00  1.00000e+12  0.00000e+00  1.00000e+12  1.00000e+12
9.42478e+01  1.00000e+00  1.00000e+12  0.00000e+00  1.00000e+12  1.00000e+12
9.43525e+01  1.00000e+00  1.00000e+12  0.00000e+00  1.00000e+12  1.00000e+12
9.44572e+01  1.00000e+00  1.00000e+12  0.00000e+00  1.00000e+12  1.00000e+12
9.45619e+01  1.00000e+00  1.00000e+12  0.00000e+00  1.00000e+12  1.00000e+12
9.46667e+01  1.00000e+00  1.00000e+12  0.00000e+00  1.00000e+12  1.00000e+12
9.47714e+01  1.00000e+00  1.00000e+12  0.00000e+00  1.00000e+12  1.00000e+12
9.48761e+01  1.00000e+00  1.00000e+12  0.00000e+00  1.00000e+12  1.00000e+12
9.49808e+01  1.00000e+00  1.00000e+12  0.00000e+00  1.00000e+12  1.00000e+12
9.50855e+01  1.00000e+00  1.00000e+12  0.00000e+00  1.00000e+12  1.00000e+12
9.51903e+01  1.00000e+00  1.00000e+12  0.00000e+00  1.00000e+12  1.00000e+12
9.52950e+01  1.00000e+00  1.00000e+12  0.00000e+00  1.00000e+12  1.00000e+12
9.53997e+01  1.00000e+00  1.00000e+12  0.00000e+00  1.00000e+12  1.00000e+12
9.55044e+01  1.00000e+00  1.00000e+12  0.00000e+00  1.00000e+12  1.00000e+12
9.56091e+01  1.00000e+00  1.00000e+12  0.00000e+00  1.00000e+12  1.00000e+12
9.57139e+01  1.00000e+00  1.00000e+12  0.00000e+00  1.00000e+12  1.00000e+12
9.58186e+01  1.00000e+00  1.00000e+12  0.00000e+00  1.00000e+12  1.00000e+12
9.59233e+01  1.00000e+00  1.00000e+12  0.00000e+00  1.00000e+12  1.00000e+12
9.60280e+01  1.00000e+00  1.00000e+12  0.00000e+00  1.00000e+12  1.00000e+12
9.61327e+01  1.00000e+00  1.00000e+12  0.00000e+00  1.00000e+12  1.00000e+12
9.62375e+01  1.00000e+00  1.00000e+12  0.00000e+00  1.00000e+12  1.00000e+12
9.63422e+01  1.00000e+00  1.00000e+12  0.00000e+00  1.00000e+12  1.00000e+12
9.64469e+01  1.00000e+00  1.00000e+12  0.00000e+00  1.00000e+12  1.00000e+12
9.65516e+01  1.00000e+00  1.00000e+12  0.00000e+00  1.00000e+12  1.00000e+12
9.66563e+01  1.00000e+00  1.00000e+12  0.00000e+00  1.00000e+12  1.00000e+12
9.67611e+01  1.00000e+00  1.00000e+12  0.00000e+00  1.00000e+12  1.00000e+12
9.68658e+01  1.00000e+00  1.00000e+12  0.00000e+00  1.00000e+12  1.00000e+12
9.69705e+01  1.00000e+00  1.00000e+12  0.00000e+00  1.00000e+12  1.00000e+12
9.70752e+01  1.00000e+00  1.00000e+12  0.00000e+00  1.00000e+12  1.00000e+12
9.71799e+01  1.00000e+00  1.00000e+12  0.00000e+00  1.00000e+12  1.00000e+12
9.72847e+01  1.00000e+00  1.00000e+12  0.00000e+00  1.00000e+12  1.00000e+12
9.73894e+01  1.00000e+00  1.00000e+12  0.00000e+00  1.00000e+12  1.00000e+12
9.74941e+01  1.00000e+00  1.00000e+12  0.00000e+00  1.00000e+12  1.00000e+12
9.75988e+01  1.00000e+00  1.00000e+12  0.00000e+00  1.00000e+12  1.00000e+12
9.77035e+01  1.00000e+00  1.00000e+12  0.00000e+00  1.00000e+12  1.00000e+12
9.78083e+01  1.00000e+00  1.00000e+12  0.00000e+00  1.00000e+12  1.00000e+12
9.79130e+01  1.00000e+00  1.00000e+12  0.00000e+00  1.00000e+12  1.00000e+12
9.80177e+01  1.00000e+00  1.00000e+12  0.00000e+00  1.00000e+12  1.00000e+12
9.81224e+01  1.00000e+00  1.00000e+12  0.00000e+00  1.00000e+12  1.00000e+12
9.82271e+01  1.00000e+00  1.00000e+12  0.00000e+00  1.00000e+12  1.00000e+12
9.83319e+01  1.00000e+00  1.00000e+12  0.00000e+00  1.00000e+12  1.00000e+12
9.84366e+01  1.00000e+00  1.00000e+12  0.00000e+00  1.00000e+12  1.00000e+12
9.85413e+01  1.00000e+00  1.00000e+12  0.00000e+00  1.00000e+12  1.00000e+12
9.86460e+01  1.00000e+00  1.00000e+12  0.00000e+00  1.00000e+12  1.00000e+12
9.87507e+01  1.00000e+00  1.00000e+12  0.00000e+00  1.00000e+12  1.00000e+12
9.88554e+01  1.00000e+00  1.00000e+12  0.00000e+00  1.00000e+12  1.00000e+12
9.89602e+01  1.00000e+00  1.00000e+12  0.00000e+00  1.00000e+12  1.00000e+12
9.90649e+01  1.00000e+00  1.00000e+12  0.00000e+00  1.00000e+12  1.00000e+12
9.91696e+01  1.00000e+00  1.00000e+12  0.00000e+00  1.00000e+12  1.00000e+12
9.92743e+01  1.00000e+00  1.00000e+12  0.00000e+00  1.00000e+12  1.00000e+12
9.93790e+01  1.00000e+00  1.00000e+12  0.00000e+00  1.00000e+12  1.00000e+12
9.94838e+01  1.00000e+00  1.00000e+12  0.00000e+00  1.00000e+12  1.00000e+12
9.95885e+01  1.00000e+00  1.00000e+12  0.00000e+00  1.00000e+12  1.00000e+12
9.96932e+01  1.00000e+00  1.00000e+12  0.00000e+00  1.00000e+12  1.00000e+12
9.97979e+01  1.00000e+00  1.00000e+12  0.00000e+00  1.00000e+12  1.00000e+12
9.99026e+01  1.00000e+00  1.00000e+12  0.00000e+00  1.00000e+12  1.00000e+12
1.00007e+02  1.00000e+00  1.00000e+12  0.00000e+00  1.00000e+12  1.00000e+12
1.00112e+02  1.00000e+00  1.00000e+12  0.00000e+00  1.00000e+12  1.00000e+12
1.00217e+02  1.00000e+00  1.00000e+12  0.00000e+00  1.00000e+12  1.00000e+12
1.00322e+02  1.00000e+00  1.00000e+12  0.00000e+00  1.00000e+12  1.00000e+12
1.00426e+02  1.00000e+00  1.00000e+12  0.00000e+00  1.00000e+12  1.00000e+12
1.00531e+02  1.00000e+00  1.00000e+12  0.00000e+00  1.00000e+12  1.00000e+12
1.00636e+02  1.00000e+00  1.00000e+12  0.00000e+00  1.00000e+12  1.00000e+12
1.00740e+02  1.00000e+00  1.00000e+12  0.00000e+00  1.00000e+12  1.00000e+12
1.00845e+02  1.00000e+00  1.00000e+12  0.00000e+00  1.00000e+12  1.00000e+12
1.00950e+02  1.00000e+00  1.00000e+12  0.00000e+00  1.00000e+12  1.00000e+12
1.01055e+02  1.00000e+00  1.00000e+12  0.00000e+00  1.00000e+12  1.00000e+12
1.01159e+02  1.00000e+00  1.00000e+12  0.00000e+00  1.00000e+12  1.00000e+12
1.01264e+02  1.00000e+00  1.00000e+12  0.00000e+00  1.00000e+12  1.00000e+12
1.01369e+02  1.00000e+00  1.00000e+12  0.00000e+00  1.00000e+12  1.00000e+12
1.01473e+02  1.00000e+00  1.00000e+12  0.00000e+00  1.00000e+12  1.00000e+12
1.01578e+02  1.00000e+00  1.00000e+12  0.00000e+00  1.00000e+12  1.00000e+12
1.01683e+02  1.00000e+00  1.00000e+12  0.00000e+00  1.00000e+12  1.00000e+12
1.01788e+02  1.00000e+00  1.00000e+12  0.00000e+00  1.00000e+12  1.00000e+12
1.01892e+02  1.00000e+00  1.00000e+12  0.00000e+00  1.00000e+12  1.00000e+12
1.01997e+02  1.00000e+00  1.00000e+12  0.00000e+00  1.00000e+12  1.00000e+12
1.02102e+02  1.00000e+00  1.00000e+12  0.00000e+00  1.00000e+12  1.00000e+12
1.02206e+02  1.00000e+00  1.00000e+12  0.00000e+00  1.00000e+12  1.00000e+12
1.02311e+02  1.00000e+00  1.00000e+12  0.00000e+00  1.00000e+12  1.00000e+12
1.02416e+02  1.00000e+00  1.00000e+12  0.00000e+00  1.00000e+12  1.00000e+12
1.02521e+02  1.00000e+00  1.00000e+12  0.00000e+00  1.00000e+12  1.00000e+12
1.02625e+02  1.00000e+00  1.00000e+12  0.00000e+00  1.00000e+12  1.00000e+12
1.02730e+02  1.00000e+00  1.00000e+12  0.00000e+00  1.00000e+12  1.00000e+12
1.02835e+02  1.00000e+00  1.00000e+12  0.00000e+00  1.00000e+12  1.00000e+12
1.02940e+02  1.00000e+00  1.00000e+12  0.00000e+00  1.00000e+12  1.00000e+12
1.03044e+02  1.00000e+00  1.00000e+12  0.00000e+00  1.00000e+12  1.00000e+12
1.03149e+02  1.00000e+00  1.00000e+12  0.00000e+00  1.00000e+12  1.00000e+12
1.03254e+02  1.00000e+00  1.00000e+12  0.00000e+00  1.00000e+12  1.00000e+12
1.03358e+02  1.00000e+00  1.00000e+12  0.00000e+00  1.00000e+12  1.00000e+12
1.03463e+02  1.00000e+00  1.00000e+12  0.00000e+00  1.00000e+12  1.00000e+12
1.03568e+02  1.00000e+00  1.00000e+12  0.00000e+00  1.00000e+12  1.00000e+12
1.03673e+02  1.00000e+00  1.00000e+12  0.00000e+00  1.00000e+12  1.00000e+12
1.03777e+02  1.00000e+00  1.00000e+12  0.00000e+00  1.00000e+12  1.00000e+12
1.03882e+02  1.00000e+00  1.00000e+12  0.00000e+00  1.00000e+12  1.00000e+12
1.03987e+02  1.00000e+00  1.00000e+12  0.00000e+00  1.00000e+12  1.00000e+12
1.04091e+02  1.00000e+00  1.00000e+12  0.00000e+00  1.00000e+12  1.00000e+12
1.04196e+02  1.00000e+00  1.00000e+12  0.00000e+00  1.00000e+12  1.00000e+12
1.04301e+02  1.00000e+00  1.00000e+12  0.00000e+00  1.00000e+12  1.00000e+12
1.04406e+02  1.00000e+00  1.00000e+12  0.00000e+00  1.00000e+12  1.00000e+12
1.04510e+02  1.00000e+00  1.00000e+12  0.00000e+00  1.00000e+12  1.00000e+12
1.04615e+02  1.00000e+00  1.00000e+12  0.00000e+00  1.00000e+12  1.00000e+12
1.04720e+02  1.00000e+00  1.00000e+12  0.00000e+00  1.00000e+12  1.00000e+12
1.04824e+02  1.00000e+00  1.00000e+12  0.00000e+00  1.00000e+12  1.00000e+12
1.04929e+02  1.00000e+00  1.00000e+12  0.00000e+00  1.00000e+12  1.00000e+12
1.05034e+02  1.00000e+00  1.00000e+12  0.00000e+00  1.00000e+12  1.00000e+12
1.05139e+02  1.00000e+00  1.00000e+12  0.00000e+00  1.00000e+12  1.00000e+12
1.05243e+02  1.00000e+00  1.00000e+12  0.00000e+00  1.00000e+12  1.00000e+12
1.05348e+02  1.00000e+00  1.00000e+12  0.00000e+00  1.00000e+12  1.00000e+12
1.05453e+02  1.00000e+00  1.00000e+12  0.00000e+00  1.00000e+12  1.00000e+12
1.05558e+02  1.00000e+00  1.00000e+12  0.00000e+00  1.00000e+12  1.00000e+12
1.05662e+02  1.00000e+00  1.00000e+12  0.00000e+00  1.00000e+12  1.00000e+12
1.05767e+02  1.00000e+00  1.00000e+12  0.00000e+00  1.00000e+12  1.00000e+12
1.05872e+02  1.00000e+00  1.00000e+12  0.00000e+00  1.00000e+12  1.00000e+12
1.05976e+02  1.00000e+00  1.00000e+12  0.00000e+00  1.00000e+12  1.00000e+12
1.06081e+02  1.00000e+00  1.00000e+12  0.00000e+00  1.00000e+12  1.00000e+12
1.06186e+02  1.00000e+00  1.00000e+12  0.00000e+00  1.00000e+12  1.00000e+12
1.06291e+02  1.00000e+00  1.00000e+12  0.00000e+00  1.00000e+12  1.00000e+12
1.06395e+02  1.00000e+00  1.00000e+12  0.00000e+00  1.00000e+12  1.00000e+12
1.06500e+02  1.00000e+00  1.00000e+12  0.00000e+00  1.00000e+12  1.00000e+12
1.06605e+02  1.00000e+00  1.00000e+12  0.00000e+00  1.00000e+12  1.00000e+12
1.06709e+02  1.00000e+00  1.00000e+12  0.00000e+00  1.00000e+12  1.00000e+12
1.06814e+02  1.00000e+00  1.00000e+12  0.00000e+00  1.00000e+12  1.00000e+12
1.06919e+02  1.00000e+00  1.00000e+12  0.00000e+00  1.00000e+12  1.00000e+12
1.07024e+02  1.00000e+00  1.00000e+12  0.00000e+00  1.00000e+12  1.00000e+12
1.07128e+02  1.00000e+00  1.00000e+12  0.00000e+00  1.00000e+12  1.00000e+12
1.07233e+02  1.00000e+00  1.00000e+12  0.00000e+00  1.00000e+12  1.00000e+12
1.07338e+02  1.00000e+00  1.00000e+12  0.00000e+00  1.00000e+12  1.00000e+12
1.07442e+02  1.00000e+00  1.00000e+12  0.00000e+00  1.00000e+12  1.00000e+12
1.07547e+02  1.00000e+00  1.00000e+12  0.00000e+00  1.00000e+12  1.00000e+12
1.07652e+02  1.00000e+00  1.00000e+12  0.00000e+00  1.00000e+12  1.00000e+12
1.07757e+02  1.00000e+00  1.00000e+12  0.00000e+00  1.00000e+12  1.00000e+12
1.07861e+02  1.00000e+00  1.00000e+12  0.00000e+00  1.00000e+12  1.00000e+12
1.07966e+02  1.00000e+00  1.00000e+12  0.00000e+00  1.00000e+12  1.00000e+12
1.08071e+02  1.00000e+00  1.00000e+12  0.00000e+00  1.00000e+12  1.00000e+12
1.08176e+02  1.00000e+00  1.00000e+12  0.00000e+00  1.00000e+12  1.00000e+12
1.08280e+02  1.00000e+00  1.00000e+12  0.00000e+00  1.00000e+12  1.00000e+12
1.08385e+02  1.00000e+00  1.00000e+12  0.00000e+00  1.00000e+12  1.00000e+12
1.08490e+02  1.00000e+00  1.00000e+12  0.00000e+00  1.00000e+12  1.00000e+12
1.08594e+02  1.00000e+00  1.00000e+12  0.00000e+00  1.00000e+12  1.00000e+12
1.08699e+02  1.00000e+00  1.00000e+12  0.00000e+00  1.00000e+12  1.00000e+12
1.08804e+02  1.00000e+00  1.00000e+12  0.00000e+00  1.00000e+12  1.00000e+12
1.08909e+02  1.00000e+00  1.00000e+12  0.00000e+00  1.00000e+12  1.00000e+12
1.09013e+02  1.00000e+00  1.00000e+12  0.00000e+00  1.00000e+12  1.00000e+12
1.09118e+02  1.00000e+00  1.00000e+12  0.00000e+00  1.00000e+12  1.00000e+12
1.09223e+02  1.00000e+00  1.00000e+12  0.00000e+00  1.00000e+12  1.00000e+12
1.09327e+02  1.00000e+00  1.00000e+12  0.00000e+00  1.00000e+12  1.00000e+12
1.09432e+02  1.00000e+00  1.00000e+12  0.00000e+00  1.00000e+12  1.00000e+12
1.09537e+02  1.00000e+00  1.00000e+12  0.00000e+00  1.00000e+12  1.00000e+12
1.09642e+02  1.00000e+00  1.00000e+12  0.00000e+00  1.00000e+12  1.00000e+12
1.09746e+02  1.00000e+00  1.00000e+12  0.00000e+00  1.00000e+12  1.00000e+12
1.09851e+02  1.00000e+00  1.00000e+12  0.00000e+00  1.00000e+12  1.00000e+12
1.09956e+02  1.00000e+00  1.00000e+12  0.00000e+00  1.00000e+12  1.00000e+12
1.10060e+02  1.00000e+00  1.00000e+12  0.00000e+00  1.00000e+12  1.00000e+12
1.10165e+02  1.00000e+00  1.00000e+12  0.00000e+00  1.00000e+12  1.00000e+12
1.10270e+02  1.00000e+00  1.00000e+12  0.00000e+00  1.00000e+12  1.00000e+12
1.10375e+02  1.00000e+00  1.00000e+12  0.00000e+00  1.00000e+12  1.00000e+12
1.10479e+02  1.00000e+00  1.00000e+12  0.00000e+00  1.00000e+12  1.00000e+12
1.10584e+02  1.00000e+00  1.00000e+12  0.00000e+00  1.00000e+12  1.00000e+12
1.10689e+02  1.00000e+00  1.00000e+12  0.00000e+00  1.00000e+12  1.00000e+12
1.10794e+02  1.00000e+00  1.00000e+12  0.00000e+00  1.00000e+12  1.00000e+12
1.10898e+02  1.00000e+00  1.00000e+12  0.00000e+00  1.00000e+12  1.00000e+12
1.11003e+02  1.00000e+00  1.00000e+12  0.00000e+00  1.00000e+12  1.00000e+12
1.11108e+02  1.00000e+00  1.00000e+12  0.00000e+00  1.00000e+12  1.00000e+12
1.11212e+02  1.00000e+00  1.00000e+12  0.00000e+00  1.00000e+12  1.00000e+12
1.11317e+02  1.00000e+00  1.00000e+12  0.00000e+00  1.00000e+12  1.00000e+12
1.11422e+02  1.00000e+00  1.00000e+12  0.00000e+00  1.00000e+12  1.00000e+12
1.11527e+02  1.00000e+00  1.00000e+12  0.00000e+00  1.00000e+12  1.00000e+12
1.11631e+02  1.00000e+00  1.00000e+12  0.00000e+00  1.00000e+12  1.00000e+12
1.11736e+02  1.00000e+00  1.00000e+12  0.00000e+00  1.00000e+12  1.00000e+12
1.11841e+02  1.00000e+00  1.00000e+12  0.00000e+00  1.00000e+12  1.00000e+12
1.11945e+02  1.00000e+00  1.00000e+12  0.00000e+00  1.00000e+12  1.00000e+12
1.12050e+02  1.00000e+00  1.00000e+12  0.00000e+00  1.00000e+12  1.00000e+12
1.12155e+02  1.00000e+00  1.00000e+12  0.00000e+00  1.00000e+12  1.00000e+12
1.12260e+02  1.00000e+00  1.00000e+12  0.00000e+00  1.00000e+12  1.00000e+12
1.12364e+02  1.00000e+00  1.00000e+12  0.00000e+00  1.00000e+12  1.00000e+12
1.12469e+02  1.00000e+00  1.00000e+12  0.00000e+00  1.00000e+12  1.00000e+12
1.12574e+02  1.00000e+00  1.00000e+12  0.00000e+00  1.00000e+12  1.00000e+12
1.12678e+02  1.00000e+00  1.00000e+12  0.00000e+00  1.00000e+12  1.00000e+12
1.12783e+02  1.00000e+00  1.00000e+12  0.00000e+00  1.00000e+12  1.00000e+12
1.12888e+02  1.00000e+00  1.00000e+12  0.00000e+00  1.00000e+12  1.00000e+12
1.12993e+02  1.00000e+00  1.00000e+12  0.00000e+00  1.00000e+12  1.00000e+12
1.13097e+02  1.00000e+00  1.00000e+12  0.00000e+00  1.00000e+12  1.00000e+12
1.13202e+02  1.00000e+00  1.00000e+12  0.00000e+00  1.00000e+12  1.00000e+12
1.13307e+02  1.00000e+00  1.00000e+12  0.00000e+00  1.00000e+12  1.00000e+12
1.13411e+02  1.00000e+00  1.00000e+12  0.00000e+00  1.00000e+12  1.00000e+12
1.13516e+02  1.00000e+00  1.00000e+12  0.00000e+00  1.00000e+12  1.00000e+12
1.13621e+02  1.00000e+00  1.00000e+12  0.00000e+00  1.00000e+12  1.00000e+12
1.13726e+02  1.00000e+00  1.00000e+12  0.00000e+00  1.00000e+12  1.00000e+12
1.13830e+02  1.00000e+00  1.00000e+12  0.00000e+00  1.00000e+12  1.00000e+12
1.13935e+02  1.00000e+00  1.00000e+12  0.00000e+00  1.00000e+12  1.00000e+12
1.14040e+02  1.00000e+00  1.00000e+12  0.00000e+00  1.00000e+12  1.00000e+12
1.14145e+02  1.00000e+00  1.00000e+12  0.00000e+00  1.00000e+12  1.00000e+12
1.14249e+02  1.00000e+00  1.00000e+12  0.00000e+00  1.00000e+12  1.00000e+12
1.14354e+02  1.00000e+00  1.00000e+12  0.00000e+00  1.00000e+12  1.00000e+12
1.14459e+02  1.00000e+00  1.00000e+12  0.00000e+00  1.00000e+12  1.00000e+12
1.14563e+02  1.00000e+00  1.00000e+12  0.00000e+00  1.00000e+12  1.00000e+12
1.14668e+02  1.00000e+00  1.00000e+12  0.00000e+00  1.00000e+12  1.00000e+12
1.14773e+02  1.00000e+00  1.00000e+12  0.00000e+00  1.00000e+12  1.00000e+12
1.14878e+02  1.00000e+00  1.00000e+12  0.00000e+00  1.00000e+12  1.00000e+12
1.14982e+02  1.00000e+00  1.00000e+12  0.00000e+00  1.00000e+12  1.00000e+12
1.15087e+02  1.00000e+00  1.00000e+12  0.00000e+00  1.00000e+12  1.00000e+12
1.15192e+02  1.00000e+00  1.00000e+12  0.00000e+00  1.00000e+12  1.00000e+12
1.15296e+02  1.00000e+00  1.00000e+12  0.00000e+00  1.00000e+12  1.00000e+12
1.15401e+02  1.00000e+00  1.00000e+12  0.00000e+00  1.00000e+12  1.00000e+12
1.15506e+02  1.00000e+00  1.00000e+12  0.00000e+00  1.00000e+12  1.00000e+12
1.15611e+02  1.00000e+00  1.00000e+12  0.00000e+00  1.00000e+12  1.00000e+12
1.15715e+02  1.00000e+00  1.00000e+12  0.00000e+00  1.00000e+12  1.00000e+12
1.15820e+02  1.00000e+00  1.00000e+12  0.00000e+00  1.00000e+12  1.00000e+12
1.15925e+02  1.00000e+00  1.00000e+12  0.00000e+00  1.00000e+12  1.00000e+12
1.16029e+02  1.00000e+00  1.00000e+12  0.00000e+00  1.00000e+12  1.00000e+12
1.16134e+02  1.00000e+00  1.00000e+12  0.00000e+00  1.00000e+12  1.00000e+12
1.16239e+02  1.00000e+00  1.00000e+12  0.00000e+00  1.00000e+12  1.00000e+12
1.16344e+02  1.00000e+00  1.00000e+12  0.00000e+00  1.00000e+12  1.00000e+12
1.16448e+02  1.00000e+00  1.00000e+12  0.00000e+00  1.00000e+12  1.00000e+12
1.16553e+02  1.00000e+00  1.00000e+12  0.00000e+00  1.00000e+12  1.00000e+12
1.16658e+02  1.00000e+00  1.00000e+12  0.00000e+00  1.00000e+12  1.00000e+12
1.16763e+02  1.00000e+00  1.00000e+12  0.00000e+00  1.00000e+12  1.00000e+12
1.16867e+02  1.00000e+00  1.00000e+12  0.00000e+00  1.00000e+12  1.00000e+12
1.16972e+02  1.00000e+00  1.00000e+12  0.00000e+00  1.00000e+12  1.00000e+12
1.17077e+02  1.00000e+00  1.00000e+12  0.00000e+00  1.00000e+12  1.00000e+12
1.17181e+02  1.00000e+00  1.00000e+12  0.00000e+00  1.00000e+12  1.00000e+12
1.17286e+02  1.00000e+00  1.00000e+12  0.00000e+00  1.00000e+12  1.00000e+12
1.17391e+02  1.00000e+00  1.00000e+12  0.00000e+00  1.00000e+12  1.00000e+12
1.17496e+02  1.00000e+00  1.00000e+12  0.00000e+00  1.00000e+12  1.00000e+12
1.17600e+02  1.00000e+00  1.00000e+12  0.00000e+00  1.00000e+12  1.00000e+12
1.17705e+02  1.00000e+00  1.00000e+12  0.00000e+00  1.00000e+12  1.00000e+12
1.17810e+02  1.00000e+00  1.00000e+12  0.00000e+00  1.00000e+12  1.00000e+12
1.17914e+02  1.00000e+00  1.00000e+12  0.00000e+00  1.00000e+12  1.00000e+12
1.18019e+02  1.00000e+00  1.00000e+12  0.00000e+00  1.00000e+12  1.00000e+12
1.18124e+02  1.00000e+00  1.00000e+12  0.00000e+00  1.00000e+12  1.00000e+12
1.18229e+02  1.00000e+00  1.00000e+12  0.00000e+00  1.00000e+12  1.00000e+12
1.18333e+02  1.00000e+00  1.00000e+12  0.00000e+00  1.00000e+12  1.00000e+12
1.18438e+02  1.00000e+00  1.00000e+12  0.00000e+00  1.00000e+12  1.00000e+12
1.18543e+02  1.00000e+00  1.00000e+12  0.00000e+00  1.00000e+12  1.00000e+12
1.18647e+02  1.00000e+00  1.00000e+12  0.00000e+00  1.00000e+12  1.00000e+12
1.18752e+02  1.00000e+00  1.00000e+12  0.00000e+00  1.00000e+12  1.00000e+12
1.18857e+02  1.00000e+00  1.00000e+12  0.00000e+00  1.00000e+12  1.00000e+12
1.18962e+02  1.00000e+00  1.00000e+12  0.00000e+00  1.00000e+12  1.00000e+12
1.19066e+02  1.00000e+00  1.00000e+12  0.00000e+00  1.00000e+12  1.00000e+12
1.19171e+02  1.00000e+00  1.00000e+12  0.00000e+00  1.00000e+12  1.00000e+12
1.19276e+02  1.00000e+00  1.00000e+12  0.00000e+00  1.00000e+12  1.00000e+12
1.19381e+02  1.00000e+00  1.00000e+12  0.00000e+00  1.00000e+12  1.00000e+12
1.19485e+02  1.00000e+00  1.00000e+12  0.00000e+00  1.00000e+12  1.00000e+12
1.19590e+02  1.00000e+00  1.00000e+12  0.00000e+00  1.00000e+12  1.00000e+12
1.19695e+02  1.00000e+00  1.00000e+12  0.00000e+00  1.00000e+12  1.00000e+12
1.19799e+02  1.00000e+00  1.00000e+12  0.00000e+00  1.00000e+12  1.00000e+12
1.19904e+02  1.00000e+00  1.00000e+12  0.00000e+00  1.00000e+12  1.00000e+12
1.20009e+02  1.00000e+00  1.00000e+12  0.00000e+00  1.00000e+12  1.00000e+12
1.20114e+02  1.00000e+00  1.00000e+12  0.00000e+00  1.00000e+12  1.00000e+12
1.20218e+02  1.00000e+00  1.00000e+12  0.00000e+00  1.00000e+12  1.00000e+12
1.20323e+02  1.00000e+00  1.00000e+12  0.00000e+00  1.00000e+12  1.00000e+12
1.20428e+02  1.00000e+00  1.00000e+12  0.00000e+00  1.00000e+12  1.00000e+12
1.20532e+02  1.00000e+00  1.00000e+12  0.00000e+00  1.00000e+12  1.00000e+12
1.20637e+02  1.00000e+00  1.00000e+12  0.00000e+00  1.00000e+12  1.00000e+12
1.20742e+02  1.00000e+00  1.00000e+12  0.00000e+00  1.00000e+12  1.00000e+12
1.20847e+02  1.00000e+00  1.00000e+12  0.00000e+00  1.00000e+12  1.00000e+12
1.20951e+02  1.00000e+00  1.00000e+12  0.00000e+00  1.00000e+12  1.00000e+12
1.21056e+02  1.00000e+00  1.00000e+12  0.00000e+00  1.00000e+12  1.00000e+12
1.21161e+02  1.00000e+00  1.00000e+12  0.00000e+00  1.00000e+12  1.00000e+12
1.21265e+02  1.00000e+00  1.00000e+12  0.00000e+00  1.00000e+12  1.00000e+12
1.21370e+02  1.00000e+00  1.00000e+12  0.00000e+00  1.00000e+12  1.00000e+12
1.21475e+02  1.00000e+00  1.00000e+12  0.00000e+00  1.00000e+12  1.00000e+12
1.21580e+02  1.00000e+00  1.00000e+12  0.00000e+00  1.00000e+12  1.00000e+12
1.21684e+02  1.00000e+00  1.00000e+12  0.00000e+00  1.00000e+12  1.00000e+12
1.21789e+02  1.00000e+00  1.00000e+12  0.00000e+00  1.00000e+12  1.00000e+12
1.21894e+02  1.00000e+00  1.00000e+12  0.00000e+00  1.00000e+12  1.00000e+12
1.21999e+02  1.00000e+00  1.00000e+12  0.00000e+00  1.00000e+12  1.00000e+12
1.22103e+02  1.00000e+00  1.00000e+12  0.00000e+00  1.00000e+12  1.00000e+12
1.22208e+02  1.00000e+00  1.00000e+12  0.00000e+00  1.00000e+12  1.00000e+12
1.22313e+02  1.00000e+00  1.00000e+12  0.00000e+00  1.00000e+12  1.00000e+12
1.22417e+02  1.00000e+00  1.00000e+12  0.00000e+00  1.00000e+12  1.00000e+12
1.22522e+02  1.00000e+00  1.00000e+12  0.00000e+00  1.00000e+12  1.00000e+12
1.22627e+02  1.00000e+00  1.00000e+12  0.00000e+00  1.00000e+12  1.00000e+12
1.22732e+02  1.00000e+00  1.00000e+12  0.00000e+00  1.00000e+12  1.00000e+12
1.22836e+02  1.00000e+00  1.00000e+12  0.00000e+00  1.00000e+12  1.00000e+12
1.22941e+02  1.00000e+00  1.00000e+12  0.00000e+00  1.00000e+12  1.00000e+12
1.23046e+02  1.00000e+00  1.00000e+12  0.00000e+00  1.00000e+12  1.00000e+12
1.23150e+02  1.00000e+00  1.00000e+12  0.00000e+00  1.00000e+12  1.00000e+12
1.23255e+02  1.00000e+00  1.00000e+12  0.00000e+00  1.00000e+12  1.00000e+12
1.23360e+02  1.00000e+00  1.00000e+12  0.00000e+00  1.00000e+12  1.00000e+12
1.23465e+02  1.00000e+00  1.00000e+12  0.00000e+00  1.00000e+12  1.00000e+12
1.23569e+02  1.00000e+00  1.00000e+12  0.00000e+00  1.00000e+12  1.00000e+12
1.23674e+02  1.00000e+00  1.00000e+12  0.00000e+00  1.00000e+12  1.00000e+12
1.23779e+02  1.00000e+00  1.00000e+12  0.00000e+00  1.00000e+12  1.00000e+12
1.23883e+02  1.00000e+00  1.00000e+12  0.00000e+00  1.00000e+12  1.00000e+12
1.23988e+02  1.00000e+00  1.00000e+12  0.00000e+00  1.00000e+12  1.00000e+12
1.24093e+02  1.00000e+00  1.00000e+12  0.00000e+00  1.00000e+12  1.00000e+12
1.24198e+02  1.00000e+00  1.00000e+12  0.00000e+00  1.00000e+12  1.00000e+12
1.24302e+02  1.00000e+00  1.00000e+12  0.00000e+00  1.00000e+12  1.00000e+12
1.24407e+02  1.00000e+00  1.00000e+12  0.00000e+00  1.00000e+12  1.00000e+12
1.24512e+02  1.00000e+00  1.00000e+12  0.00000e+00  1.00000e+12  1.00000e+12
1.24617e+02  1.00000e+00  1.00000e+12  0.00000e+00  1.00000e+12  1.00000e+12
1.24721e+02  1.00000e+00  1.00000e+12  0.00000e+00  1.00000e+12  1.00000e+12
1.24826e+02  1.00000e+00  1.00000e+12  0.00000e+00  1.00000e+12  1.00000e+12
1.24931e+02  1.00000e+00  1.00000e+12  0.00000e+00  1.00000e+12  1.00000e+12
1.25035e+02  1.00000e+00  1.00000e+12  0.00000e+00  1.00000e+12  1.00000e+12
1.25140e+02  1.00000e+00  1.00000e+12  0.00000e+00  1.00000e+12  1.00000e+12
1.25245e+02  1.00000e+00  1.00000e+12  0.00000e+00  1.00000e+12  1.00000e+12
1.25350e+02  1.00000e+00  1.00000e+12  0.00000e+00  1.00000e+12  1.00000e+12
1.25454e+02  1.00000e+00  1.00000e+12  0.00000e+00  1.00000e+12  1.00000e+12
1.25559e+02  1.00000e+00  1.00000e+12  0.00000e+00  1.00000e+12  1.00000e+12
1.25664e+02  1.00000e+00  1.00000e+12  0.00000e+00  1.00000e+12  1.00000e+12
1.25768e+02  1.00000e+00  1.00000e+12  0.00000e+00  1.00000e+12  1.00000e+12
1.25873e+02  1.00000e+00  1.00000e+12  0.00000e+00  1.00000e+12  1.00000e+12
1.25978e+02  1.00000e+00  1.00000e+12  0.00000e+00  1.00000e+12  1.00000e+12
1.26083e+02  1.00000e+00  1.00000e+12  0.00000e+00  1.00000e+12  1.00000e+12
1.26187e+02  1.00000e+00  1.00000e+12  0.00000e+00  1.00000e+12  1.00000e+12
1.26292e+02  1.00000e+00  1.00000e+12  0.00000e+00  1.00000e+12  1.00000e+12
1.26397e+02  1.00000e+00  1.00000e+12  0.00000e+00  1.00000e+12  1.00000e+12
1.26501e+02  1.00000e+00  1.00000e+12  0.00000e+00  1.00000e+12  1.00000e+12
1.26606e+02  1.00000e+00  1.00000e+12  0.00000e+00  1.00000e+12  1.00000e+12
1.26711e+02  1.00000e+00  1.00000e+12  0.00000e+00  1.00000e+12  1.00000e+12
1.26816e+02  1.00000e+00  1.00000e+12  0.00000e+00  1.00000e+12  1.00000e+12
1.26920e+02  1.00000e+00  1.00000e+12  0.00000e+00  1.00000e+12  1.00000e+12
1.27025e+02  1.00000e+00  1.00000e+12  0.00000e+00  1.00000e+12  1.00000e+12
1.27130e+02  1.00000e+00  1.00000e+12  0.00000e+00  1.00000e+12  1.00000e+12
1.27235e+02  1.00000e+00  1.00000e+12  0.00000e+00  1.00000e+12  1.00000e+12
1.27339e+02  1.00000e+00  1.00000e+12  0.00000e+00  1.00000e+12  1.00000e+12
1.27444e+02  1.00000e+00  1.00000e+12  0.00000e+00  1.00000e+12  1.00000e+12
1.27549e+02  1.00000e+00  1.00000e+12  0.00000e+00  1.00000e+12  1.00000e+12
1.27653e+02  1.00000e+00  1.00000e+12  0.00000e+00  1.00000e+12  1.00000e+12
1.27758e+02  1.00000e+00  1.00000e+12  0.00000e+00  1.00000e+12  1.00000e+12
1.27863e+02  1.00000e+00  1.00000e+12  0.00000e+00  1.00000e+12  1.00000e+12
1.27968e+02  1.00000e+00  1.00000e+12  0.00000e+00  1.00000e+12  1.00000e+12
1.28072e+02  1.00000e+00  1.00000e+12  0.00000e+00  1.00000e+12  1.00000e+12
1.28177e+02  1.00000e+00  1.00000e+12  0.00000e+00  1.00000e+12  1.00000e+12
1.28282e+02  1.00000e+00  1.00000e+12  0.00000e+00  1.00000e+12  1.00000e+12
1.28386e+02  1.00000e+00  1.00000e+12  0.00000e+00  1.00000e+12  1.00000e+12
1.28491e+02  1.00000e+00  1.00000e+12  0.00000e+00  1.00000e+12  1.00000e+12
1.28596e+02  1.00000e+00  1.00000e+12  0.00000e+00  1.00000e+12  1.00000e+12
1.28701e+02  1.00000e+00  1.00000e+12  0.00000e+00  1.00000e+12  1.00000e+12
1.28805e+02  1.00000e+00  1.00000e+12  0.00000e+00  1.00000e+12  1.00000e+12
1.28910e+02  1.00000e+00  1.00000e+12  0.00000e+00  1.00000e+12  1.00000e+12
1.29015e+02  1.00000e+00  1.00000e+12  0.00000e+00  1.00000e+12  1.00000e+12
1.29119e+02  1.00000e+00  1.00000e+12  0.00000e+00  1.00000e+12  1.00000e+12
1.29224e+02  1.00000e+00  1.00000e+12  0.00000e+00  1.00000e+12  1.00000e+12
1.29329e+02  1.00000e+00  1.00000e+12  0.00000e+00  1.00000e+12  1.00000e+12
1.29434e+02  1.00000e+00  1.00000e+12  0.00000e+00  1.00000e+12  1.00000e+12
1.29538e+02  1.00000e+00  1.00000e+12  0.00000e+00  1.00000e+12  1.00000e+12
1.29643e+02  1.00000e+00  1.00000e+12  0.00000e+00  1.00000e+12  1.00000e+12
1.29748e+02  1.00000e+00  1.00000e+12  0.00000e+00  1.00000e+12  1.00000e+12
1.29852e+02  1.00000e+00  1.00000e+12  0.00000e+00  1.00000e+12  1.00000e+12
1.29957e+02  1.00000e+00  1.00000e+12  0.00000e+00  1.00000e+12  1.00000e+12
1.30062e+02  1.00000e+00  1.00000e+12  0.00000e+00  1.00000e+12  1.00000e+12
1.30167e+02  1.00000e+00  1.00000e+12  0.00000e+00  1.00000e+12  1.00000e+12
1.30271e+02  1.00000e+00  1.00000e+12  0.00000e+00  1.00000e+12  1.00000e+12
1.30376e+02  1.00000e+00  1.00000e+12  0.00000e+00  1.00000e+12  1.00000e+12
1.30481e+02  1.00000e+00  1.00000e+12  0.00000e+00  1.00000e+12  1.00000e+12
1.30586e+02  1.00000e+00  1.00000e+12  0.00000e+00  1.00000e+12  1.00000e+12
1.30690e+02  1.00000e+00  1.00000e+12  0.00000e+00  1.00000e+12  1.00000e+12
1.30795e+02  1.00000e+00  1.00000e+12  0.00000e+00  1.00000e+12  1.00000e+12
1.30900e+02  1.00000e+00  1.00000e+12  0.00000e+00  1.00000e+12  1.00000e+12
1.31004e+02  1.00000e+00  1.00000e+12  0.00000e+00  1.00000e+12  1.00000e+12
1.31109e+02  1.00000e+00  1.00000e+12  0.00000e+00  1.00000e+12  1.00000e+12
1.31214e+02  1.00000e+00  1.00000e+12  0.00000e+00  1.00000e+12  1.00000e+12
1.31319e+02  1.00000e+00  1.00000e+12  0.00000e+00  1.00000e+12  1.00000e+12
1.31423e+02  1.00000e+00  1.00000e+12  0.00000e+00  1.00000e+12  1.00000e+12
1.31528e+02  1.00000e+00  1.00000e+12  0.00000e+00  1.00000e+12  1.00000e+12
1.31633e+02  1.00000e+00  1.00000e+12  0.00000e+00  1.00000e+12  1.00000e+12
1.31737e+02  1.00000e+00  1.00000e+12  0.00000e+00  1.00000e+12  1.00000e+12
1.31842e+02  1.00000e+00  1.00000e+12  0.00000e+00  1.00000e+12  1.00000e+12
1.31947e+02  1.00000e+00  1.00000e+12  0.00000e+00  1.00000e+12  1.00000e+12
1.32052e+02  1.00000e+00  1.00000e+12  0.00000e+00  1.00000e+12  1.00000e+12
1.32156e+02  1.00000e+00  1.00000e+12  0.00000e+00  1.00000e+12  1.00000e+12
1.32261e+02  1.00000e+00  1.00000e+12  0.00000e+00  1.00000e+12  1.00000e+12
1.32366e+02  1.00000e+00  1.00000e+12  0.00000e+00  1.00000e+12  1.00000e+12
1.32470e+02  1.00000e+00  1.00000e+12  0.00000e+00  1.00000e+12  1.00000e+12
1.32575e+02  1.00000e+00  1.00000e+12  0.00000e+00  1.00000e+12  1.00000e+12
1.32680e+02  1.00000e+00  1.00000e+12  0.00000e+00  1.00000e+12  1.00000e+12
1.32785e+02  1.00000e+00  1.00000e+12  0.00000e+00  1.00000e+12  1.00000e+12
1.32889e+02  1.00000e+00  1.00000e+12  0.00000e+00  1.00000e+12  1.00000e+12
1.32994e+02  1.00000e+00  1.00000e+12  0.00000e+00  1.00000e+12  1.00000e+12
1.33099e+02  1.00000e+00  1.00000e+12  0.00000e+00  1.00000e+12  1.00000e+12
1.33204e+02  1.00000e+00  1.00000e+12  0.00000e+00  1.00000e+12  1.00000e+12
1.33308e+02  1.00000e+00  1.00000e+12  0.00000e+00  1.00000e+12  1.00000e+12
1.33413e+02  1.00000e+00  1.00000e+12  0.00000e+00  1.00000e+12  1.00000e+12
1.33518e+02  1.00000e+00  1.00000e+12  0.00000e+00  1.00000e+12  1.00000e+12
1.33622e+02  1.00000e+00  1.00000e+12  0.00000e+00  1.00000e+12  1.00000e+12
1.33727e+02  1.00000e+00  1.00000e+12  0.00000e+00  1.00000e+12  1.00000e+12
1.33832e+02  1.00000e+00  1.00000e+12  0.00000e+00  1.00000e+12  1.00000e+12
1.33937e+02  1.00000e+00  1.00000e+12  0.00000e+00  1.00000e+12  1.00000e+12
1.34041e+02  1.00000e+00  1.00000e+12  0.00000e+00  1.00000e+12  1.00000e+12
1.34146e+02  1.00000e+00  1.00000e+12  0.00000e+00  1.00000e+12  1.00000e+12
1.34251e+02  1.00000e+00  1.00000e+12  0.00000e+00  1.00000e+12  1.00000e+12
1.34355e+02  1.00000e+00  1.00000e+12  0.00000e+00  1.00000e+12  1.00000e+12
1.34460e+02  1.00000e+00  1.00000e+12  0.00000e+00  1.00000e+12  1.00000e+12
1.34565e+02  1.00000e+00  1.00000e+12  0.00000e+00  1.00000e+12  1.00000e+12
1.34670e+02  1.00000e+00  1.00000e+12  0.00000e+00  1.00000e+12  1.00000e+12
1.34774e+02  1.00000e+00  1.00000e+12  0.00000e+00  1.00000e+12  1.00000e+12
1.34879e+02  1.00000e+00  1.00000e+12  0.00000e+00  1.00000e+12  1.00000e+12
1.34984e+02  1.00000e+00  1.00000e+12  0.00000e+00  1.00000e+12  1.00000e+12
1.35088e+02  1.00000e+00  1.00000e+12  0.00000e+00  1.00000e+12  1.00000e+12
1.35193e+02  1.00000e+00  1.00000e+12  0.00000e+00  1.00000e+12  1.00000e+12
1.35298e+02  1.00000e+00  1.00000e+12  0.00000e+00  1.00000e+12  1.00000e+12
1.35403e+02  1.00000e+00  1.00000e+12  0.00000e+00  1.00000e+12  1.00000e+12
1.35507e+02  1.00000e+00  1.00000e+12  0.00000e+00  1.00000e+12  1.00000e+12
1.35612e+02  1.00000e+00  1.00000e+12  0.00000e+00  1.00000e+12  1.00000e+12
1.35717e+02  1.00000e+00  1.00000e+12  0.00000e+00  1.00000e+12  1.00000e+12
1.35822e+02  1.00000e+00  1.00000e+12  0.00000e+00  1.00000e+12  1.00000e+12
1.35926e+02  1.00000e+00  1.00000e+12  0.00000e+00  1.00000e+12  1.00000e+12
1.36031e+02  1.00000e+00  1.00000e+12  0.00000e+00  1.00000e+12  1.00000e+12
1.36136e+02  1.00000e+00  1.00000e+12  0.00000e+00  1.00000e+12  1.00000e+12
1.36240e+02  1.00000e+00  1.00000e+12  0.00000e+00  1.00000e+12  1.00000e+12
1.36345e+02  1.00000e+00  1.00000e+12  0.00000e+00  1.00000e+12  1.00000e+12
1.36450e+02  1.00000e+00  1.00000e+12  0.00000e+00  1.00000e+12  1.00000e+12
1.36555e+02  1.00000e+00  1.00000e+12  0.00000e+00  1.00000e+12  1.00000e+12
1.36659e+02  1.00000e+00  1.00000e+12  0.00000e+00  1.00000e+12  1.00000e+12
1.36764e+02  1.00000e+00  1.00000e+12  0.00000e+00  1.00000e+12  1.00000e+12
1.36869e+02  1.00000e+00  1.00000e+12  0.00000e+00  1.00000e+12  1.00000e+12
1.36973e+02  1.00000e+00  1.00000e+12  0.00000e+00  1.00000e+12  1.00000e+12
1.37078e+02  1.00000e+00  1.00000e+12  0.00000e+00  1.00000e+12  1.00000e+12
1.37183e+02  1.00000e+00  1.00000e+12  0.00000e+00  1.00000e+12  1.00000e+12
1.37288e+02  1.00000e+00  1.00000e+12  0.00000e+00  1.00000e+12  1.00000e+12
1.37392e+02  1.00000e+00  1.00000e+12  0.00000e+00  1.00000e+12  1.00000e+12
1.37497e+02  1.00000e+00  1.00000e+12  0.00000e+00  1.00000e+12  1.00000e+12
1.37602e+02  1.00000e+00  1.00000e+12  0.00000e+00  1.00000e+12  1.00000e+12
1.37706e+02  1.00000e+00  1.00000e+12  0.00000e+00  1.00000e+12  1.00000e+12
1.37811e+02  1.00000e+00  1.00000e+12  0.00000e+00  1.00000e+12  1.00000e+12
1.37916e+02  1.00000e+00  1.00000e+12  0.00000e+00  1.00000e+12  1.00000e+12
1.38021e+02  1.00000e+00  1.00000e+12  0.00000e+00  1.00000e+12  1.00000e+12
1.38125e+02  1.00000e+00  1.00000e+12  0.00000e+00  1.00000e+12  1.00000e+12
1.38230e+02  1.00000e+00  1.00000e+12  0.00000e+00  1.00000e+12  1.00000e+12
1.38335e+02  1.00000e+00  1.00000e+12  0.00000e+00  1.00000e+12  1.00000e+12
1.38440e+02  1.00000e+00  1.00000e+12  0.00000e+00  1.00000e+12  1.00000e+12
1.38544e+02  1.00000e+00  1.00000e+12  0.00000e+00  1.00000e+12  1.00000e+12
1.38649e+02  1.00000e+00  1.00000e+12  0.00000e+00  1.00000e+12  1.00000e+12
1.38754e+02  1.00000e+00  1.00000e+12  0.00000e+00  1.00000e+12  1.00000e+12
1.38858e+02  1.00000e+00  1.00000e+12  0.00000e+00  1.00000e+12  1.00000e+12
1.38963e+02  1.00000e+00  1.00000e+12  0.00000e+00  1.00000e+12  1.00000e+12
1.39068e+02  1.00000e+00  1.00000e+12  0.00000e+00  1.00000e+12  1.00000e+12
1.39173e+02  1.00000e+00  1.00000e+12  0.00000e+00  1.00000e+12  1.00000e+12
1.39277e+02  1.00000e+00  1.00000e+12  0.00000e+00  1.00000e+12  1.00000e+12
1.39382e+02  1.00000e+00  1.00000e+12  0.00000e+00  1.00000e+12  1.00000e+12
1.39487e+02  1.00000e+00  1.00000e+12  0.00000e+00  1.00000e+12  1.00000e+12
1.39591e+02  1.00000e+00  1.00000e+12  0.00000e+00  1.00000e+12  1.00000e+12
1.39696e+02  1.00000e+00  1.00000e+12  0.00000e+00  1.00000e+12  1.00000e+12
1.39801e+02  1.00000e+00  1.00000e+12  0.00000e+00  1.00000e+12  1.00000e+12
1.39906e+02  1.00000e+00  1.00000e+12  0.00000e+00  1.00000e+12  1.00000e+12
1.40010e+02  1.00000e+00  1.00000e+12  0.00000e+00  1.00000e+12  1.00000e+12
1.40115e+02  1.00000e+00  1.00000e+12  0.00000e+00  1.00000e+12  1.00000e+12
1.40220e+02  1.00000e+00  1.00000e+12  0.00000e+00  1.00000e+12  1.00000e+12
1.40324e+02  1.00000e+00  1.00000e+12  0.00000e+00  1.00000e+12  1.00000e+12
1.40429e+02  1.00000e+00  1.00000e+12  0.00000e+00  1.00000e+12  1.00000e+12
1.40534e+02  1.00000e+00  1.00000e+12  0.00000e+00  1.00000e+12  1.00000e+12
1.40639e+02  1.00000e+00  1.00000e+12  0.00000e+00  1.00000e+12  1.00000e+12
1.40743e+02  1.00000e+00  1.00000e+12  0.00000e+00  1.00000e+12  1.00000e+12
1.40848e+02  1.00000e+00  1.00000e+12  0.00000e+00  1.00000e+12  1.00000e+12
1.40953e+02  1.00000e+00  1.00000e+12  0.00000e+00  1.00000e+12  1.00000e+12
1.41058e+02  1.00000e+00  1.00000e+12  0.00000e+00  1.00000e+12  1.00000e+12
1.41162e+02  1.00000e+00  1.00000e+12  0.00000e+00  1.00000e+12  1.00000e+12
1.41267e+02  1.00000e+00  1.00000e+12  0.00000e+00  1.00000e+12  1.00000e+12
1.41372e+02  1.00000e+00  1.00000e+12  0.00000e+00  1.00000e+12  1.00000e+12
1.41476e+02  1.00000e+00  1.00000e+12  0.00000e+00  1.00000e+12  1.00000e+12
1.41581e+02  1.00000e+00  1.00000e+12  0.00000e+00  1.00000e+12  1.00000e+12
1.41686e+02  1.00000e+00  1.00000e+12  0.00000e+00  1.00000e+12  1.00000e+12
1.41791e+02  1.00000e+00  1.00000e+12  0.00000e+00  1.00000e+12  1.00000e+12
1.41895e+02  1.00000e+00  1.00000e+12  0.00000e+00  1.00000e+12  1.00000e+12
1.42000e+02  1.00000e+00  1.00000e+12  0.00000e+00  1.00000e+12  1.00000e+12
1.42105e+02  1.00000e+00  1.00000e+12  0.00000e+00  1.00000e+12  1.00000e+12
1.42209e+02  1.00000e+00  1.00000e+12  0.00000e+00  1.00000e+12  1.00000e+12
1.42314e+02  1.00000e+00  1.00000e+12  0.00000e+00  1.00000e+12  1.00000e+12
1.42419e+02  1.00000e+00  1.00000e+12  0.00000e+00  1.00000e+12  1.00000e+12
1.42524e+02  1.00000e+00  1.00000e+12  0.00000e+00  1.00000e+12  1.00000e+12
1.42628e+02  1.00000e+00  1.00000e+12  0.00000e+00  1.00000e+12  1.00000e+12
1.42733e+02  1.00000e+00  1.00000e+12  0.00000e+00  1.00000e+12  1.00000e+12
1.42838e+02  1.00000e+00  1.00000e+12  0.00000e+00  1.00000e+12  1.00000e+12
1.42942e+02  1.00000e+00  1.00000e+12  0.00000e+00  1.00000e+12  1.00000e+12
1.43047e+02  1.00000e+00  1.00000e+12  0.00000e+00  1.00000e+12  1.00000e+12
1.43152e+02  1.00000e+00  1.00000e+12  0.00000e+00  1.00000e+12  1.00000e+12
1.43257e+02  1.00000e+00  1.00000e+12  0.00000e+00  1.00000e+12  1.00000e+12
1.43361e+02  1.00000e+00  1.00000e+12  0.00000e+00  1.00000e+12  1.00000e+12
1.43466e+02  1.00000e+00  1.00000e+12  0.00000e+00  1.00000e+12  1.00000e+12
1.43571e+02  1.00000e+00  1.00000e+12  0.00000e+00  1.00000e+12  1.00000e+12
1.43676e+02  1.00000e+00  1.00000e+12  0.00000e+00  1.00000e+12  1.00000e+12
1.43780e+02  1.00000e+00  1.00000e+12  0.00000e+00  1.00000e+12  1.00000e+12
1.43885e+02  1.00000e+00  1.00000e+12  0.00000e+00  1.00000e+12  1.00000e+12
1.43990e+02  1.00000e+00  1.00000e+12  0.00000e+00  1.00000e+12  1.00000e+12
1.44094e+02  1.00000e+00  1.00000e+12  0.00000e+00  1.00000e+12  1.00000e+12
1.44199e+02  1.00000e+00  1.00000e+12  0.00000e+00  1.00000e+12  1.00000e+12
1.44304e+02  1.00000e+00  1.00000e+12  0.00000e+00  1.00000e+12  1.00000e+12
1.44409e+02  1.00000e+00  1.00000e+12  0.00000e+00  1.00000e+12  1.00000e+12
1.44513e+02  1.00000e+00  1.00000e+12  0.00000e+00  1.00000e+12  1.00000e+12
1.44618e+02  1.00000e+00  1.00000e+12  0.00000e+00  1.00000e+12  1.00000e+12
1.44723e+02  1.00000e+00  1.00000e+12  0.00000e+00  1.00000e+12  1.00000e+12
1.44827e+02  1.00000e+00  1.00000e+12  0.00000e+00  1.00000e+12  1.00000e+12
1.44932e+02  1.00000e+00  1.00000e+12  0.00000e+00  1.00000e+12  1.00000e+12
1.45037e+02  1.00000e+00  1.00000e+12  0.00000e+00  1.00000e+12  1.00000e+12
1.45142e+02  1.00000e+00  1.00000e+12  0.00000e+00  1.00000e+12  1.00000e+12
1.45246e+02  1.00000e+00  1.00000e+12  0.00000e+00  1.00000e+12  1.00000e+12
1.45351e+02  1.00000e+00  1.00000e+12  0.00000e+00  1.00000e+12  1.00000e+12
1.45456e+02  1.00000e+00  1.00000e+12  0.00000e+00  1.00000e+12  1.00000e+12
1.45560e+02  1.00000e+00  1.00000e+12  0.00000e+00  1.00000e+12  1.00000e+12
1.45665e+02  1.00000e+00  1.00000e+12  0.00000e+00  1.00000e+12  1.00000e+12
1.45770e+02  1.00000e+00  1.00000e+12  0.00000e+00  1.00000e+12  1.00000e+12
1.45875e+02  1.00000e+00  1.00000e+12  0.00000e+00  1.00000e+12  1.00000e+12
1.45979e+02  1.00000e+00  1.00000e+12  0.00000e+00  1.00000e+12  1.00000e+12
1.46084e+02  1.00000e+00  1.00000e+12  0.00000e+00  1.00000e+12  1.00000e+12
1.46189e+02  1.00000e+00  1.00000e+12  0.00000e+00  1.00000e+12  1.00000e+12
1.46293e+02  1.00000e+00  1.00000e+12  0.00000e+00  1.00000e+12  1.00000e+12
1.46398e+02  1.00000e+00  1.00000e+12  0.00000e+00  1.00000e+12  1.00000e+12
1.46503e+02  1.00000e+00  1.00000e+12  0.00000e+00  1.00000e+12  1.00000e+12
1.46608e+02  1.00000e+00  1.00000e+12  0.00000e+00  1.00000e+12  1.00000e+12
1.46712e+02  1.00000e+00  1.00000e+12  0.00000e+00  1.00000e+12  1.00000e+12
1.46817e+02  1.00000e+00  1.00000e+12  0.00000e+00  1.00000e+12  1.00000e+12
1.46922e+02  1.00000e+00  1.00000e+12  0.00000e+00  1.00000e+12  1.00000e+12
1.47027e+02  1.00000e+00  1.00000e+12  0.00000e+00  1.00000e+12  1.00000e+12
1.47131e+02  1.00000e+00  1.00000e+12  0.00000e+00  1.00000e+12  1.00000e+12
1.47236e+02  1.00000e+00  1.00000e+12  0.00000e+00  1.00000e+12  1.00000e+12
1.47341e+02  1.00000e+00  1.00000e+12  0.00000e+00  1.00000e+12  1.00000e+12
1.47445e+02  1.00000e+00  1.00000e+12  0.00000e+00  1.00000e+12  1.00000e+12
1.47550e+02  1.00000e+00  1.00000e+12  0.00000e+00  1.00000e+12  1.00000e+12
1.47655e+02  1.00000e+00  1.00000e+12  0.00000e+00  1.00000e+12  1.00000e+12
1.47760e+02  1.00000e+00  1.00000e+12  0.00000e+00  1.00000e+12  1.00000e+12
1.47864e+02  1.00000e+00  1.00000e+12  0.00000e+00  1.00000e+12  1.00000e+12
1.47969e+02  1.00000e+00  1.00000e+12  0.00000e+00  1.00000e+12  1.00000e+12
1.48074e+02  1.00000e+00  1.00000e+12  0.00000e+00  1.00000e+12  1.00000e+12
1.48178e+02  1.00000e+00  1.00000e+12  0.00000e+00  1.00000e+12  1.00000e+12
1.48283e+02  1.00000e+00  1.00000e+12  0.00000e+00  1.00000e+12  1.00000e+12
1.48388e+02  1.00000e+00  1.00000e+12  0.00000e+00  1.00000e+12  1.00000e+12
1.48493e+02  1.00000e+00  1.00000e+12  0.00000e+00  1.00000e+12  1.00000e+12
1.48597e+02  1.00000e+00  1.00000e+12  0.00000e+00  1.00000e+12  1.00000e+12
1.48702e+02  1.00000e+00  1.00000e+12  0.00000e+00  1.00000e+12  1.00000e+12
1.48807e+02  1.00000e+00  1.00000e+12  0.00000e+00  1.00000e+12  1.00000e+12
1.48911e+02  1.00000e+00  1.00000e+12  0.00000e+00  1.00000e+12  1.00000e+12
1.49016e+02  1.00000e+00  1.00000e+12  0.00000e+00  1.00000e+12  1.00000e+12
1.49121e+02  1.00000e+00  1.00000e+12  0.00000e+00  1.00000e+12  1.00000e+12
1.49226e+02  1.00000e+00  1.00000e+12  0.00000e+00  1.00000e+12  1.00000e+12
1.49330e+02  1.00000e+00  1.00000e+12  0.00000e+00  1.00000e+12  1.00000e+12
1.49435e+02  1.00000e+00  1.00000e+12  0.00000e+00  1.00000e+12  1.00000e+12
1.49540e+02  1.00000e+00  1.00000e+12  0.00000e+00  1.00000e+12  1.00000e+12
1.49645e+02  1.00000e+00  1.00000e+12  0.00000e+00  1.00000e+12  1.00000e+12
1.49749e+02  1.00000e+00  1.00000e+12  0.00000e+00  1.00000e+12  1.00000e+12
1.49854e+02  1.00000e+00  1.00000e+12  0.00000e+00  1.00000e+12  1.00000e+12
1.49959e+02  1.00000e+00  1.00000e+12  0.00000e+00  1.00000e+12  1.00000e+12
1.50063e+02  1.00000e+00  1.00000e+12  0.00000e+00  1.00000e+12  1.00000e+12
1.50168e+02  1.00000e+00  1.00000e+12  0.00000e+00  1.00000e+12  1.00000e+12
1.50273e+02  1.00000e+00  1.00000e+12  0.00000e+00  1.00000e+12  1.00000e+12
1.50378e+02  1.00000e+00  1.00000e+12  0.00000e+00  1.00000e+12  1.00000e+12
1.50482e+02  1.00000e+00  1.00000e+12  0.00000e+00  1.00000e+12  1.00000e+12
1.50587e+02  1.00000e+00  1.00000e+12  0.00000e+00  1.00000e+12  1.00000e+12
1.50692e+02  1.00000e+00  1.00000e+12  0.00000e+00  1.00000e+12  1.00000e+12
1.50796e+02  1.00000e+00  1.00000e+12  0.00000e+00  1.00000e+12  1.00000e+12
1.50901e+02  1.00000e+00  1.00000e+12  0.00000e+00  1.00000e+12  1.00000e+12
1.51006e+02  1.00000e+00  1.00000e+12  0.00000e+00  1.00000e+12  1.00000e+12
1.51111e+02  1.00000e+00  1.00000e+12  0.00000e+00  1.00000e+12  1.00000e+12
1.51215e+02  1.00000e+00  1.00000e+12  0.00000e+00  1.00000e+12  1.00000e+12
1.51320e+02  1.00000e+00  1.00000e+12  0.00000e+00  1.00000e+12  1.00000e+12
1.51425e+02  1.00000e+00  1.00000e+12  0.00000e+00  1.00000e+12  1.00000e+12
1.51529e+02  1.00000e+00  1.00000e+12  0.00000e+00  1.00000e+12  1.00000e+12
1.51634e+02  1.00000e+00  1.00000e+12  0.00000e+00  1.00000e+12  1.00000e+12
1.51739e+02  1.00000e+00  1.00000e+12  0.00000e+00  1.00000e+12  1.00000e+12
1.51844e+02  1.00000e+00  1.00000e+12  0.00000e+00  1.00000e+12  1.00000e+12
1.51948e+02  1.00000e+00  1.00000e+12  0.00000e+00  1.00000e+12  1.00000e+12
1.52053e+02  1.00000e+00  1.00000e+12  0.00000e+00  1.00000e+12  1.00000e+12
1.52158e+02  1.00000e+00  1.00000e+12  0.00000e+00  1.00000e+12  1.00000e+12
1.52263e+02  1.00000e+00  1.00000e+12  0.00000e+00  1.00000e+12  1.00000e+12
1.52367e+02  1.00000e+00  1.00000e+12  0.00000e+00  1.00000e+12  1.00000e+12
1.52472e+02  1.00000e+00  1.00000e+12  0.00000e+00  1.00000e+12  1.00000e+12
1.52577e+02  1.00000e+00  1.00000e+12  0.00000e+00  1.00000e+12  1.00000e+12
1.52681e+02  1.00000e+00  1.00000e+12  0.00000e+00  1.00000e+12  1.00000e+12
1.52786e+02  1.00000e+00  1.00000e+12  0.00000e+00  1.00000e+12  1.00000e+12
1.52891e+02  1.00000e+00  1.00000e+12  0.00000e+00  1.00000e+12  1.00000e+12
1.52996e+02  1.00000e+00  1.00000e+12  0.00000e+00  1.00000e+12  1.00000e+12
1.53100e+02  1.00000e+00  1.00000e+12  0.00000e+00  1.00000e+12  1.00000e+12
1.53205e+02  1.00000e+00  1.00000e+12  0.00000e+00  1.00000e+12  1.00000e+12
1.53310e+02  1.00000e+00  1.00000e+12  0.00000e+00  1.00000e+12  1.00000e+12
1.53414e+02  1.00000e+00  1.00000e+12  0.00000e+00  1.00000e+12  1.00000e+12
1.53519e+02  1.00000e+00  1.00000e+12  0.00000e+00  1.00000e+12  1.00000e+12
1.53624e+02  1.00000e+00  1.00000e+12  0.00000e+00  1.00000e+12  1.00000e+12
1.53729e+02  1.00000e+00  1.00000e+12  0.00000e+00  1.00000e+12  1.00000e+12
1.53833e+02  1.00000e+00  1.00000e+12  0.00000e+00  1.00000e+12  1.00000e+12
1.53938e+02  1.00000e+00  1.00000e+12  0.00000e+00  1.00000e+12  1.00000e+12
1.54043e+02  1.00000e+00  1.00000e+12  0.00000e+00  1.00000e+12  1.00000e+12
1.54147e+02  1.00000e+00  1.00000e+12  0.00000e+00  1.00000e+12  1.00000e+12
1.54252e+02  1.00000e+00  1.00000e+12  0.00000e+00  1.00000e+12  1.00000e+12
1.54357e+02  1.00000e+00  1.00000e+12  0.00000e+00  1.00000e+12  1.00000e+12
1.54462e+02  1.00000e+00  1.00000e+12  0.00000e+00  1.00000e+12  1.00000e+12
1.54566e+02  1.00000e+00  1.00000e+12  0.00000e+00  1.00000e+12  1.00000e+12
1.54671e+02  1.00000e+00  1.00000e+12  0.00000e+00  1.00000e+12  1.00000e+12
1.54776e+02  1.00000e+00  1.00000e+12  0.00000e+00  1.00000e+12  1.00000e+12
1.54881e+02  1.00000e+00  1.00000e+12  0.00000e+00  1.00000e+12  1.00000e+12
1.54985e+02  1.00000e+00  1.00000e+12  0.00000e+00  1.00000e+12  1.00000e+12
1.55090e+02  1.00000e+00  1.00000e+12  0.00000e+00  1.00000e+12  1.00000e+12
1.55195e+02  1.00000e+00  1.00000e+12  0.00000e+00  1.00000e+12  1.00000e+12
1.55299e+02  1.00000e+00  1.00000e+12  0.00000e+00  1.00000e+12  1.00000e+12
1.55404e+02  1.00000e+00  1.00000e+12  0.00000e+00  1.00000e+12  1.00000e+12
1.55509e+02  1.00000e+00  1.00000e+12  0.00000e+00  1.00000e+12  1.00000e+12
1.55614e+02  1.00000e+00  1.00000e+12  0.00000e+00  1.00000e+12  1.00000e+12
1.55718e+02  1.00000e+00  1.00000e+12  0.00000e+00  1.00000e+12  1.00000e+12
1.55823e+02  1.00000e+00  1.00000e+12  0.00000e+00  1.00000e+12  1.00000e+12
1.55928e+02  1.00000e+00  1.00000e+12  0.00000e+00  1.00000e+12  1.00000e+12
1.56032e+02  1.00000e+00  1.00000e+12  0.00000e+00  1.00000e+12  1.00000e+12
1.56137e+02  1.00000e+00  1.00000e+12  0.00000e+00  1.00000e+12  1.00000e+12
1.56242e+02  1.00000e+00  1.00000e+12  0.00000e+00  1.00000e+12  1.00000e+12
1.56347e+02  1.00000e+00  1.00000e+12  0.00000e+00  1.00000e+12  1.00000e+12
1.56451e+02  1.00000e+00  1.00000e+12  0.00000e+00  1.00000e+12  1.00000e+12
1.56556e+02  1.00000e+00  1.00000e+12  0.00000e+00  1.00000e+12  1.00000e+12
1.56661e+02  1.00000e+00  1.00000e+12  0.00000e+00  1.00000e+12  1.00000e+12
1.56765e+02  1.00000e+00  1.00000e+12  0.00000e+00  1.00000e+12  1.00000e+12
1.56870e+02  1.00000e+00  1.00000e+12  0.00000e+00  1.00000e+12  1.00000e+12
1.56975e+02  1.00000e+00  1.00000e+12  0.00000e+00  1.00000e+12  1.00000e+12
1.57080e+02  1.00000e+00  1.00000e+12  0.00000e+00  1.00000e+12  1.00000e+12
1.57184e+02  1.00000e+00  1.00000e+12  0.00000e+00  1.00000e+12  1.00000e+12
1.57289e+02  1.00000e+00  1.00000e+12  0.00000e+00  1.00000e+12  1.00000e+12
1.57394e+02  1.00000e+00  1.00000e+12  0.00000e+00  1.00000e+12  1.00000e+12
1.57499e+02  1.00000e+00  1.00000e+12  0.00000e+00  1.00000e+12  1.00000e+12
1.57603e+02  1.00000e+00  1.00000e+12  0.00000e+00  1.00000e+12  1.00000e+12
1.57708e+02  1.00000e+00  1.00000e+12  0.00000e+00  1.00000e+12  1.00000e+12
1.57813e+02  1.00000e+00  1.00000e+12  0.00000e+00  1.00000e+12  1.00000e+12
1.57917e+02  1.00000e+00  1.00000e+12  0.00000e+00  1.00000e+12  1.00000e+12
1.58022e+02  1.00000e+00  1.00000e+12  0.00000e+00  1.00000e+12  1.00000e+12
1.58127e+02  1.00000e+00  1.00000e+12  0.00000e+00  1.00000e+12  1.00000e+12
1.58232e+02  1.00000e+00  1.00000e+12  0.00000e+00  1.00000e+12  1.00000e+12
1.58336e+02  1.00000e+00  1.00000e+12  0.00000e+00  1.00000e+12  1.00000e+12
1.58441e+02  1.00000e+00  1.00000e+12  0.00000e+00  1.00000e+12  1.00000e+12
1.58546e+02  1.00000e+00  1.00000e+12  0.00000e+00  1.00000e+12  1.00000e+12
1.58650e+02  1.00000e+00  1.00000e+12  0.00000e+00  1.00000e+12  1.00000e+12
1.58755e+02  1.00000e+00  1.00000e+12  0.00000e+00  1.00000e+12  1.00000e+12
1.58860e+02  1.00000e+00  1.00000e+12  0.00000e+00  1.00000e+12  1.00000e+12
1.58965e+02  1.00000e+00  1.00000e+12  0.00000e+00  1.00000e+12  1.00000e+12
1.59069e+02  1.00000e+00  1.00000e+12  0.00000e+00  1.00000e+12  1.00000e+12
1.59174e+02  1.00000e+00  1.00000e+12  0.00000e+00  1.00000e+12  1.00000e+12
1.59279e+02  1.00000e+00  1.00000e+12  0.00000e+00  1.00000e+12  1.00000e+12
1.59383e+02  1.00000e+00  1.00000e+12  0.00000e+00  1.00000e+12  1.00000e+12
1.59488e+02  1.00000e+00  1.00000e+12  0.00000e+00  1.00000e+12  1.00000e+12
1.59593e+02  1.00000e+00  1.00000e+12  0.00000e+00  1.00000e+12  1.00000e+12
1.59698e+02  1.00000e+00  1.00000e+12  0.00000e+00  1.00000e+12  1.00000e+12
1.59802e+02  1.00000e+00  1.00000e+12  0.00000e+00  1.00000e+12  1.00000e+12
1.59907e+02  1.00000e+00  1.00000e+12  0.00000e+00  1.00000e+12  1.00000e+12
1.60012e+02  1.00000e+00  1.00000e+12  0.00000e+00  1.00000e+12  1.00000e+12
1.60117e+02  1.00000e+00  1.00000e+12  0.00000e+00  1.00000e+12  1.00000e+12
1.60221e+02  1.00000e+00  1.00000e+12  0.00000e+00  1.00000e+12  1.00000e+12
1.60326e+02  1.00000e+00  1.00000e+12  0.00000e+00  1.00000e+12  1.00000e+12
1.60431e+02  1.00000e+00  1.00000e+12  0.00000e+00  1.00000e+12  1.00000e+12
1.60535e+02  1.00000e+00  1.00000e+12  0.00000e+00  1.00000e+12  1.00000e+12
1.60640e+02  1.00000e+00  1.00000e+12  0.00000e+00  1.00000e+12  1.00000e+12
1.60745e+02  1.00000e+00  1.00000e+12  0.00000e+00  1.00000e+12  1.00000e+12
1.60850e+02  1.00000e+00  1.00000e+12  0.00000e+00  1.00000e+12  1.00000e+12
1.60954e+02  1.00000e+00  1.00000e+12  0.00000e+00  1.00000e+12  1.00000e+12
1.61059e+02  1.00000e+00  1.00000e+12  0.00000e+00  1.00000e+12  1.00000e+12
1.61164e+02  1.00000e+00  1.00000e+12  0.00000e+00  1.00000e+12  1.00000e+12
1.61268e+02  1.00000e+00  1.00000e+12  0.00000e+00  1.00000e+12  1.00000e+12
1.61373e+02  1.00000e+00  1.00000e+12  0.00000e+00  1.00000e+12  1.00000e+12
1.61478e+02  1.00000e+00  1.00000e+12  0.00000e+00  1.00000e+12  1.00000e+12
1.61583e+02  1.00000e+00  1.00000e+12  0.00000e+00  1.00000e+12  1.00000e+12
1.61687e+02  1.00000e+00  1.00000e+12  0.00000e+00  1.00000e+12  1.00000e+12
1.61792e+02  1.00000e+00  1.00000e+12  0.00000e+00  1.00000e+12  1.00000e+12
1.61897e+02  1.00000e+00  1.00000e+12  0.00000e+00  1.00000e+12  1.00000e+12
1.62001e+02  1.00000e+00  1.00000e+12  0.00000e+00  1.00000e+12  1.00000e+12
1.62106e+02  1.00000e+00  1.00000e+12  0.00000e+00  1.00000e+12  1.00000e+12
1.62211e+02  1.00000e+00  1.00000e+12  0.00000e+00  1.00000e+12  1.00000e+12
1.62316e+02  1.00000e+00  1.00000e+12  0.00000e+00  1.00000e+12  1.00000e+12
1.62420e+02  1.00000e+00  1.00000e+12  0.00000e+00  1.00000e+12  1.00000e+12
1.62525e+02  1.00000e+00  1.00000e+12  0.00000e+00  1.00000e+12  1.00000e+12
1.62630e+02  1.00000e+00  1.00000e+12  0.00000e+00  1.00000e+12  1.00000e+12
1.62734e+02  1.00000e+00  1.00000e+12  0.00000e+00  1.00000e+12  1.00000e+12
1.62839e+02  1.00000e+00  1.00000e+12  0.00000e+00  1.00000e+12  1.00000e+12
1.62944e+02  1.00000e+00  1.00000e+12  0.00000e+00  1.00000e+12  1.00000e+12
1.63049e+02  1.00000e+00  1.00000e+12  0.00000e+00  1.00000e+12  1.00000e+12
1.63153e+02  1.00000e+00  1.00000e+12  0.00000e+00  1.00000e+12  1.00000e+12
1.63258e+02  1.00000e+00  1.00000e+12  0.00000e+00  1.00000e+12  1.00000e+12
1.63363e+02  1.00000e+00  1.00000e+12  0.00000e+00  1.00000e+12  1.00000e+12
1.63468e+02  1.00000e+00  1.00000e+12  0.00000e+00  1.00000e+12  1.00000e+12
1.63572e+02  1.00000e+00  1.00000e+12  0.00000e+00  1.00000e+12  1.00000e+12
1.63677e+02  1.00000e+00  1.00000e+12  0.00000e+00  1.00000e+12  1.00000e+12
1.63782e+02  1.00000e+00  1.00000e+12  0.00000e+00  1.00000e+12  1.00000e+12
1.63886e+02  1.00000e+00  1.00000e+12  0.00000e+00  1.00000e+12  1.00000e+12
1.63991e+02  1.00000e+00  1.00000e+12  0.00000e+00  1.00000e+12  1.00000e+12
1.64096e+02  1.00000e+00  1.00000e+12  0.00000e+00  1.00000e+12  1.00000e+12
1.64201e+02  1.00000e+00  1.00000e+12  0.00000e+00  1.00000e+12  1.00000e+12
1.64305e+02  1.00000e+00  1.00000e+12  0.00000e+00  1.00000e+12  1.00000e+12
1.64410e+02  1.00000e+00  1.00000e+12  0.00000e+00  1.00000e+12  1.00000e+12
1.64515e+02  1.00000e+00  1.00000e+12  0.00000e+00  1.00000e+12  1.00000e+12
1.64619e+02  1.00000e+00  1.00000e+12  0.00000e+00  1.00000e+12  1.00000e+12
1.64724e+02  1.00000e+00  1.00000e+12  0.00000e+00  1.00000e+12  1.00000e+12
1.64829e+02  1.00000e+00  1.00000e+12  0.00000e+00  1.00000e+12  1.00000e+12
1.64934e+02  1.00000e+00  1.00000e+12  0.00000e+00  1.00000e+12  1.00000e+12
1.65038e+02  1.00000e+00  1.00000e+12  0.00000e+00  1.00000e+12  1.00000e+12
1.65143e+02  1.00000e+00  1.00000e+12  0.00000e+00  1.00000e+12  1.00000e+12
1.65248e+02  1.00000e+00  1.00000e+12  0.00000e+00  1.00000e+12  1.00000e+12
1.65352e+02  1.00000e+00  1.00000e+12  0.00000e+00  1.00000e+12  1.00000e+12
1.65457e+02  1.00000e+00  1.00000e+12  0.00000e+00  1.00000e+12  1.00000e+12
1.65562e+02  1.00000e+00  1.00000e+12  0.00000e+00  1.00000e+12  1.00000e+12
1.65667e+02  1.00000e+00  1.00000e+12  0.00000e+00  1.00000e+12  1.00000e+12
1.65771e+02  1.00000e+00  1.00000e+12  0.00000e+00  1.00000e+12  1.00000e+12
1.65876e+02  1.00000e+00  1.00000e+12  0.00000e+00  1.00000e+12  1.00000e+12
1.65981e+02  1.00000e+00  1.00000e+12  0.00000e+00  1.00000e+12  1.00000e+12
1.66086e+02  1.00000e+00  1.00000e+12  0.00000e+00  1.00000e+12  1.00000e+12
1.66190e+02  1.00000e+00  1.00000e+12  0.00000e+00  1.00000e+12  1.00000e+12
1.66295e+02  1.00000e+00  1.00000e+12  0.00000e+00  1.00000e+12  1.00000e+12
1.66400e+02  1.00000e+00  1.00000e+12  0.00000e+00  1.00000e+12  1.00000e+12
1.66504e+02  1.00000e+00  1.00000e+12  0.00000e+00  1.00000e+12  1.00000e+12
1.66609e+02  1.00000e+00  1.00000e+12  0.00000e+00  1.00000e+12  1.00000e+12
1.66714e+02  1.00000e+00  1.00000e+12  0.00000e+00  1.00000e+12  1.00000e+12
1.66819e+02  1.00000e+00  1.00000e+12  0.00000e+00  1.00000e+12  1.00000e+12
1.66923e+02  1.00000e+00  1.00000e+12  0.00000e+00  1.00000e+12  1.00000e+12
1.67028e+02  1.00000e+00  1.00000e+12  0.00000e+00  1.00000e+12  1.00000e+12
1.67133e+02  1.00000e+00  1.00000e+12  0.00000e+00  1.00000e+12  1.00000e+12
1.67237e+02  1.00000e+00  1.00000e+12  0.00000e+00  1.00000e+12  1.00000e+12
1.67342e+02  1.00000e+00  1.00000e+12  0.00000e+00  1.00000e+12  1.00000e+12
1.67447e+02  1.00000e+00  1.00000e+12  0.00000e+00  1.00000e+12  1.00000e+12
1.67552e+02  1.00000e+00  1.00000e+12  0.00000e+00  1.00000e+12  1.00000e+12
1.67656e+02  1.00000e+00  1.00000e+12  0.00000e+00  1.00000e+12  1.00000e+12
1.67761e+02  1.00000e+00  1.00000e+12  0.00000e+00  1.00000e+12  1.00000e+12
1.67866e+02  1.00000e+00  1.00000e+12  0.00000e+00  1.00000e+12  1.00000e+12
1.67970e+02  1.00000e+00  1.00000e+12  0.00000e+00  1.00000e+12  1.00000e+12
1.68075e+02  1.00000e+00  1.00000e+12  0.00000e+00  1.00000e+12  1.00000e+12
1.68180e+02  1.00000e+00  1.00000e+12  0.00000e+00  1.00000e+12  1.00000e+12
1.68285e+02  1.00000e+00  1.00000e+12  0.00000e+00  1.00000e+12  1.00000e+12
1.68389e+02  1.00000e+00  1.00000e+12  0.00000e+00  1.00000e+12  1.00000e+12
1.68494e+02  1.00000e+00  1.00000e+12  0.00000e+00  1.00000e+12  1.00000e+12
1.68599e+02  1.00000e+00  1.00000e+12  0.00000e+00  1.00000e+12  1.00000e+12
1.68704e+02  1.00000e+00  1.00000e+12  0.00000e+00  1.00000e+12  1.00000e+12
1.68808e+02  1.00000e+00  1.00000e+12  0.00000e+00  1.00000e+12  1.00000e+12
1.68913e+02  1.00000e+00  1.00000e+12  0.00000e+00  1.00000e+12  1.00000e+12
1.69018e+02  1.00000e+00  1.00000e+12  0.00000e+00  1.00000e+12  1.00000e+12
1.69122e+02  1.00000e+00  1.00000e+12  0.00000e+00  1.00000e+12  1.00000e+12
1.69227e+02  1.00000e+00  1.00000e+12  0.00000e+00  1.00000e+12  1.00000e+12
1.69332e+02  1.00000e+00  1.00000e+12  0.00000e+00  1.00000e+12  1.00000e+12
1.69437e+02  1.00000e+00  1.00000e+12  0.00000e+00  1.00000e+12  1.00000e+12
1.69541e+02  1.00000e+00  1.00000e+12  0.00000e+00  1.00000e+12  1.00000e+12
1.69646e+02  1.00000e+00  1.00000e+12  0.00000e+00  1.00000e+12  1.00000e+12
1.69751e+02  1.00000e+00  1.00000e+12  0.00000e+00  1.00000e+12  1.00000e+12
1.69855e+02  1.00000e+00  1.00000e+12  0.00000e+00  1.00000e+12  1.00000e+12
1.69960e+02  1.00000e+00  1.00000e+12  0.00000e+00  1.00000e+12  1.00000e+12
1.70065e+02  1.00000e+00  1.00000e+12  0.00000e+00  1.00000e+12  1.00000e+12
1.70170e+02  1.00000e+00  1.00000e+12  0.00000e+00  1.00000e+12  1.00000e+12
1.70274e+02  1.00000e+00  1.00000e+12  0.00000e+00  1.00000e+12  1.00000e+12
1.70379e+02  1.00000e+00  1.00000e+12  0.00000e+00  1.00000e+12  1.00000e+12
1.70484e+02  1.00000e+00  1.00000e+12  0.00000e+00  1.00000e+12  1.00000e+12
1.70588e+02  1.00000e+00  1.00000e+12  0.00000e+00  1.00000e+12  1.00000e+12
1.70693e+02  1.00000e+00  1.00000e+12  0.00000e+00  1.00000e+12  1.00000e+12
1.70798e+02  1.00000e+00  1.00000e+12  0.00000e+00  1.00000e+12  1.00000e+12
1.70903e+02  1.00000e+00  1.00000e+12  0.00000e+00  1.00000e+12  1.00000e+12
1.71007e+02  1.00000e+00  1.00000e+12  0.00000e+00  1.00000e+12  1.00000e+12
1.71112e+02  1.00000e+00  1.00000e+12  0.00000e+00  1.00000e+12  1.00000e+12
1.71217e+02  1.00000e+00  1.00000e+12  0.00000e+00  1.00000e+12  1.00000e+12
1.71322e+02  1.00000e+00  1.00000e+12  0.00000e+00  1.00000e+12  1.00000e+12
1.71426e+02  1.00000e+00  1.00000e+12  0.00000e+00  1.00000e+12  1.00000e+12
1.71531e+02  1.00000e+00  1.00000e+12  0.00000e+00  1.00000e+12  1.00000e+12
1.71636e+02  1.00000e+00  1.00000e+12  0.00000e+00  1.00000e+12  1.00000e+12
1.71740e+02  1.00000e+00  1.00000e+12  0.00000e+00  1.00000e+12  1.00000e+12
1.71845e+02  1.00000e+00  1.00000e+12  0.00000e+00  1.00000e+12  1.00000e+12
1.71950e+02  1.00000e+00  1.00000e+12  0.00000e+00  1.00000e+12  1.00000e+12
1.72055e+02  1.00000e+00  1.00000e+12  0.00000e+00  1.00000e+12  1.00000e+12
1.72159e+02  1.00000e+00  1.00000e+12  0.00000e+00  1.00000e+12  1.00000e+12
1.72264e+02  1.00000e+00  1.00000e+12  0.00000e+00  1.00000e+12  1.00000e+12
1.72369e+02  1.00000e+00  1.00000e+12  0.00000e+00  1.00000e+12  1.00000e+12
1.72473e+02  1.00000e+00  1.00000e+12  0.00000e+00  1.00000e+12  1.00000e+12
1.72578e+02  1.00000e+00  1.00000e+12  0.00000e+00  1.00000e+12  1.00000e+12
1.72683e+02  1.00000e+00  1.00000e+12  0.00000e+00  1.00000e+12  1.00000e+12
1.72788e+02  1.00000e+00  1.00000e+12  0.00000e+00  1.00000e+12  1.00000e+12
1.72892e+02  1.00000e+00  1.00000e+12  0.00000e+00  1.00000e+12  1.00000e+12
1.72997e+02  1.00000e+00  1.00000e+12  0.00000e+00  1.00000e+12  1.00000e+12
1.73102e+02  1.00000e+00  1.00000e+12  0.00000e+00  1.00000e+12  1.00000e+12
1.73206e+02  1.00000e+00  1.00000e+12  0.00000e+00  1.00000e+12  1.00000e+12
1.73311e+02  1.00000e+00  1.00000e+12  0.00000e+00  1.00000e+12  1.00000e+12
1.73416e+02  1.00000e+00  1.00000e+12  0.00000e+00  1.00000e+12  1.00000e+12
1.73521e+02  1.00000e+00  1.00000e+12  0.00000e+00  1.00000e+12  1.00000e+12
1.73625e+02  1.00000e+00  1.00000e+12  0.00000e+00  1.00000e+12  1.00000e+12
1.73730e+02  1.00000e+00  1.00000e+12  0.00000e+00  1.00000e+12  1.00000e+12
1.73835e+02  1.00000e+00  1.00000e+12  0.00000e+00  1.00000e+12  1.00000e+12
1.73940e+02  1.00000e+00  1.00000e+12  0.00000e+00  1.00000e+12  1.00000e+12
1.74044e+02  1.00000e+00  1.00000e+12  0.00000e+00  1.00000e+12  1.00000e+12
1.74149e+02  1.00000e+00  1.00000e+12  0.00000e+00  1.00000e+12  1.00000e+12
1.74254e+02  1.00000e+00  1.00000e+12  0.00000e+00  1.00000e+12  1.00000e+12
1.74358e+02  1.00000e+00  1.00000e+12  0.00000e+00  1.00000e+12  1.00000e+12
1.74463e+02  1.00000e+00  1.00000e+12  0.00000e+00  1.00000e+12  1.00000e+12
1.74568e+02  1.00000e+00  1.00000e+12  0.00000e+00  1.00000e+12  1.00000e+12
1.74673e+02  1.00000e+00  1.00000e+12  0.00000e+00  1.00000e+12  1.00000e+12
1.74777e+02  1.00000e+00  1.00000e+12  0.00000e+00  1.00000e+12  1.00000e+12
1.74882e+02  1.00000e+00  1.00000e+12  0.00000e+00  1.00000e+12  1.00000e+12
1.74987e+02  1.00000e+00  1.00000e+12  0.00000e+00  1.00000e+12  1.00000e+12
1.75091e+02  1.00000e+00  1.00000e+12  0.00000e+00  1.00000e+12  1.00000e+12
1.75196e+02  1.00000e+00  1.00000e+12  0.00000e+00  1.00000e+12  1.00000e+12
1.75301e+02  1.00000e+00  1.00000e+12  0.00000e+00  1.00000e+12  1.00000e+12
1.75406e+02  1.00000e+00  1.00000e+12  0.00000e+00  1.00000e+12  1.00000e+12
1.75510e+02  1.00000e+00  1.00000e+12  0.00000e+00  1.00000e+12  1.00000e+12
1.75615e+02  1.00000e+00  1.00000e+12  0.00000e+00  1.00000e+12  1.00000e+12
1.75720e+02  1.00000e+00  1.00000e+12  0.00000e+00  1.00000e+12  1.00000e+12
1.75824e+02  1.00000e+00  1.00000e+12  0.00000e+00  1.00000e+12  1.00000e+12
1.75929e+02  1.00000e+00  1.00000e+12  0.00000e+00  1.00000e+12  1.00000e+12
1.76034e+02  1.00000e+00  1.00000e+12  0.00000e+00  1.00000e+12  1.00000e+12
1.76139e+02  1.00000e+00  1.00000e+12  0.00000e+00  1.00000e+12  1.00000e+12
1.76243e+02  1.00000e+00  1.00000e+12  0.00000e+00  1.00000e+12  1.00000e+12
1.76348e+02  1.00000e+00  1.00000e+12  0.00000e+00  1.00000e+12  1.00000e+12
1.76453e+02  1.00000e+00  1.00000e+12  0.00000e+00  1.00000e+12  1.00000e+12
1.76558e+02  1.00000e+00  1.00000e+12  0.00000e+00  1.00000e+12  1.00000e+12
1.76662e+02  1.00000e+00  1.00000e+12  0.00000e+00  1.00000e+12  1.00000e+12
1.76767e+02  1.00000e+00  1.00000e+12  0.00000e+00  1.00000e+12  1.00000e+12
1.76872e+02  1.00000e+00  1.00000e+12  0.00000e+00  1.00000e+12  1.00000e+12
1.76976e+02  1.00000e+00  1.00000e+12  0.00000e+00  1.00000e+12  1.00000e+12
1.77081e+02  1.00000e+00  1.00000e+12  0.00000e+00  1.00000e+12  1.00000e+12
1.77186e+02  1.00000e+00  1.00000e+12  0.00000e+00  1.00000e+12  1.00000e+12
1.77291e+02  1.00000e+00  1.00000e+12  0.00000e+00  1.00000e+12  1.00000e+12
1.77395e+02  1.00000e+00  1.00000e+12  0.00000e+00  1.00000e+12  1.00000e+12
1.77500e+02  1.00000e+00  1.00000e+12  0.00000e+00  1.00000e+12  1.00000e+12
1.77605e+02  1.00000e+00  1.00000e+12  0.00000e+00  1.00000e+12  1.00000e+12
1.77709e+02  1.00000e+00  1.00000e+12  0.00000e+00  1.00000e+12  1.00000e+12
1.77814e+02  1.00000e+00  1.00000e+12  0.00000e+00  1.00000e+12  1.00000e+12
1.77919e+02  1.00000e+00  1.00000e+12  0.00000e+00  1.00000e+12  1.00000e+12
1.78024e+02  1.00000e+00  1.00000e+12  0.00000e+00  1.00000e+12  1.00000e+12
1.78128e+02  1.00000e+00  1.00000e+12  0.00000e+00  1.00000e+12  1.00000e+12
1.78233e+02  1.00000e+00  1.00000e+12  0.00000e+00  1.00000e+12  1.00000e+12
1.78338e+02  1.00000e+00  1.00000e+12  0.00000e+00  1.00000e+12  1.00000e+12
1.78442e+02  1.00000e+00  1.00000e+12  0.00000e+00  1.00000e+12  1.00000e+12
1.78547e+02  1.00000e+00  1.00000e+12  0.00000e+00  1.00000e+12  1.00000e+12
1.78652e+02  1.00000e+00  1.00000e+12  0.00000e+00  1.00000e+12  1.00000e+12
1.78757e+02  1.00000e+00  1.00000e+12  0.00000e+00  1.00000e+12  1.00000e+12
1.78861e+02  1.00000e+00  1.00000e+12  0.00000e+00  1.00000e+12  1.00000e+12
1.78966e+02  1.00000e+00  1.00000e+12  0.00000e+00  1.00000e+12  1.00000e+12
1.79071e+02  1.00000e+00  1.00000e+12  0.00000e+00  1.00000e+12  1.00000e+12
1.79176e+02  1.00000e+00  1.00000e+12  0.00000e+00  1.00000e+12  1.00000e+12
1.79280e+02  1.00000e+00  1.00000e+12  0.00000e+00  1.00000e+12  1.00000e+12
1.79385e+02  1.00000e+00  1.00000e+12  0.00000e+00  1.00000e+12  1.00000e+12
1.79490e+02  1.00000e+00  1.00000e+12  0.00000e+00  1.00000e+12  1.00000e+12
1.79594e+02  1.00000e+00  1.00000e+12  0.00000e+00  1.00000e+12  1.00000e+12
1.79699e+02  1.00000e+00  1.00000e+12  0.00000e+00  1.00000e+12  1.00000e+12
1.79804e+02  1.00000e+00  1.00000e+12  0.00000e+00  1.00000e+12  1.00000e+12
1.79909e+02  1.00000e+00  1.00000e+12  0.00000e+00  1.00000e+12  1.00000e+12
1.80013e+02  1.00000e+00  1.00000e+12  0.00000e+00  1.00000e+12  1.00000e+12
1.80118e+02  1.00000e+00  1.00000e+12  0.00000e+00  1.00000e+12  1.00000e+12
1.80223e+02  1.00000e+00  1.00000e+12  0.00000e+00  1.00000e+12  1.00000e+12
1.80327e+02  1.00000e+00  1.00000e+12  0.00000e+00  1.00000e+12  1.00000e+12
1.80432e+02  1.00000e+00  1.00000e+12  0.00000e+00  1.00000e+12  1.00000e+12
1.80537e+02  1.00000e+00  1.00000e+12  0.00000e+00  1.00000e+12  1.00000e+12
1.80642e+02  1.00000e+00  1.00000e+12  0.00000e+00  1.00000e+12  1.00000e+12
1.80746e+02  1.00000e+00  1.00000e+12  0.00000e+00  1.00000e+12  1.00000e+12
1.80851e+02  1.00000e+00  1.00000e+12  0.00000e+00  1.00000e+12  1.00000e+12
1.80956e+02  1.00000e+00  1.00000e+12  0.00000e+00  1.00000e+12  1.00000e+12
1.81060e+02  1.00000e+00  1.00000e+12  0.00000e+00  1.00000e+12  1.00000e+12
1.81165e+02  1.00000e+00  1.00000e+12  0.00000e+00  1.00000e+12  1.00000e+12
1.81270e+02  1.00000e+00  1.00000e+12  0.00000e+00  1.00000e+12  1.00000e+12
1.81375e+02  1.00000e+00  1.00000e+12  0.00000e+00  1.00000e+12  1.00000e+12
1.81479e+02  1.00000e+00  1.00000e+12  0.00000e+00  1.00000e+12  1.00000e+12
1.81584e+02  1.00000e+00  1.00000e+12  0.00000e+00  1.00000e+12  1.00000e+12
1.81689e+02  1.00000e+00  1.00000e+12  0.00000e+00  1.00000e+12  1.00000e+12
1.81793e+02  1.00000e+00  1.00000e+12  0.00000e+00  1.00000e+12  1.00000e+12
1.81898e+02  1.00000e+00  1.00000e+12  0.00000e+00  1.00000e+12  1.00000e+12
1.82003e+02  1.00000e+00  1.00000e+12  0.00000e+00  1.00000e+12  1.00000e+12
1.82108e+02  1.00000e+00  1.00000e+12  0.00000e+00  1.00000e+12  1.00000e+12
1.82212e+02  1.00000e+00  1.00000e+12  0.00000e+00  1.00000e+12  1.00000e+12
1.82317e+02  1.00000e+00  1.00000e+12  0.00000e+00  1.00000e+12  1.00000e+12
1.82422e+02  1.00000e+00  1.00000e+12  0.00000e+00  1.00000e+12  1.00000e+12
1.82527e+02  1.00000e+00  1.00000e+12  0.00000e+00  1.00000e+12  1.00000e+12
1.82631e+02  1.00000e+00  1.00000e+12  0.00000e+00  1.00000e+12  1.00000e+12
1.82736e+02  1.00000e+00  1.00000e+12  0.00000e+00  1.00000e+12  1.00000e+12
1.82841e+02  1.00000e+00  1.00000e+12  0.00000e+00  1.00000e+12  1.00000e+12
1.82945e+02  1.00000e+00  1.00000e+12  0.00000e+00  1.00000e+12  1.00000e+12
1.83050e+02  1.00000e+00  1.00000e+12  0.00000e+00  1.00000e+12  1.00000e+12
1.83155e+02  1.00000e+00  1.00000e+12  0.00000e+00  1.00000e+12  1.00000e+12
1.83260e+02  1.00000e+00  1.00000e+12  0.00000e+00  1.00000e+12  1.00000e+12
1.83364e+02  1.00000e+00  1.00000e+12  0.00000e+00  1.00000e+12  1.00000e+12
1.83469e+02  1.00000e+00  1.00000e+12  0.00000e+00  1.00000e+12  1.00000e+12
1.83574e+02  1.00000e+00  1.00000e+12  0.00000e+00  1.00000e+12  1.00000e+12
1.83678e+02  1.00000e+00  1.00000e+12  0.00000e+00  1.00000e+12  1.00000e+12
1.83783e+02  1.00000e+00  1.00000e+12  0.00000e+00  1.00000e+12  1.00000e+12
1.83888e+02  1.00000e+00  1.00000e+12  0.00000e+00  1.00000e+12  1.00000e+12
1.83993e+02  1.00000e+00  1.00000e+12  0.00000e+00  1.00000e+12  1.00000e+12
1.84097e+02  1.00000e+00  1.00000e+12  0.00000e+00  1.00000e+12  1.00000e+12
1.84202e+02  1.00000e+00  1.00000e+12  0.00000e+00  1.00000e+12  1.00000e+12
1.84307e+02  1.00000e+00  1.00000e+12  0.00000e+00  1.00000e+12  1.00000e+12
1.84411e+02  1.00000e+00  1.00000e+12  0.00000e+00  1.00000e+12  1.00000e+12
1.84516e+02  1.00000e+00  1.00000e+12  0.00000e+00  1.00000e+12  1.00000e+12
1.84621e+02  1.00000e+00  1.00000e+12  0.00000e+00  1.00000e+12  1.00000e+12
1.84726e+02  1.00000e+00  1.00000e+12  0.00000e+00  1.00000e+12  1.00000e+12
1.84830e+02  1.00000e+00  1.00000e+12  0.00000e+00  1.00000e+12  1.00000e+12
1.84935e+02  1.00000e+00  1.00000e+12  0.00000e+00  1.00000e+12  1.00000e+12
1.85040e+02  1.00000e+00  1.00000e+12  0.00000e+00  1.00000e+12  1.00000e+12
1.85145e+02  1.00000e+00  1.00000e+12  0.00000e+00  1.00000e+12  1.00000e+12
1.85249e+02  1.00000e+00  1.00000e+12  0.00000e+00  1.00000e+12  1.00000e+12
1.85354e+02  1.00000e+00  1.00000e+12  0.00000e+00  1.00000e+12  1.00000e+12
1.85459e+02  1.00000e+00  1.00000e+12  0.00000e+00  1.00000e+12  1.00000e+12
1.85563e+02  1.00000e+00  1.00000e+12  0.00000e+00  1.00000e+12  1.00000e+12
1.85668e+02  1.00000e+00  1.00000e+12  0.00000e+00  1.00000e+12  1.00000e+12
1.85773e+02  1.00000e+00  1.00000e+12  0.00000e+00  1.00000e+12  1.00000e+12
1.85878e+02  1.00000e+00  1.00000e+12  0.00000e+00  1.00000e+12  1.00000e+12
1.85982e+02  1.00000e+00  1.00000e+12  0.00000e+00  1.00000e+12  1.00000e+12
1.86087e+02  1.00000e+00  1.00000e+12  0.00000e+00  1.00000e+12  1.00000e+12
1.86192e+02  1.00000e+00  1.00000e+12  0.00000e+00  1.00000e+12  1.00000e+12
1.86296e+02  1.00000e+00  1.00000e+12  0.00000e+00  1.00000e+12  1.00000e+12
1.86401e+02  1.00000e+00  1.00000e+12  0.00000e+00  1.00000e+12  1.00000e+12
1.86506e+02  1.00000e+00  1.00000e+12  0.00000e+00  1.00000e+12  1.00000e+12
1.86611e+02  1.00000e+00  1.00000e+12  0.00000e+00  1.00000e+12  1.00000e+12
1.86715e+02  1.00000e+00  1.00000e+12  0.00000e+00  1.00000e+12  1.00000e+12
1.86820e+02  1.00000e+00  1.00000e+12  0.00000e+00  1.00000e+12  1.00000e+12
1.86925e+02  1.00000e+00  1.00000e+12  0.00000e+00  1.00000e+12  1.00000e+12
1.87029e+02  1.00000e+00  1.00000e+12  0.00000e+00  1.00000e+12  1.00000e+12
1.87134e+02  1.00000e+00  1.00000e+12  0.00000e+00  1.00000e+12  1.00000e+12
1.87239e+02  1.00000e+00  1.00000e+12  0.00000e+00  1.00000e+12  1.00000e+12
1.87344e+02  1.00000e+00  1.00000e+12  0.00000e+00  1.00000e+12  1.00000e+12
1.87448e+02  1.00000e+00  1.00000e+12  0.00000e+00  1.00000e+12  1.00000e+12
1.87553e+02  1.00000e+00  1.00000e+12  0.00000e+00  1.00000e+12  1.00000e+12
1.87658e+02  1.00000e+00  1.00000e+12  0.00000e+00  1.00000e+12  1.00000e+12
1.87763e+02  1.00000e+00  1.00000e+12  0.00000e+00  1.00000e+12  1.00000e+12
1.87867e+02  1.00000e+00  1.00000e+12  0.00000e+00  1.00000e+12  1.00000e+12
1.87972e+02  1.00000e+00  1.00000e+12  0.00000e+00  1.00000e+12  1.00000e+12
1.88077e+02  1.00000e+00  1.00000e+12  0.00000e+00  1.00000e+12  1.00000e+12
1.88181e+02  1.00000e+00  1.00000e+12  0.00000e+00  1.00000e+12  1.00000e+12
1.88286e+02  1.00000e+00  1.00000e+12  0.00000e+00  1.00000e+12  1.00000e+12
1.88391e+02  1.00000e+00  1.00000e+12  0.00000e+00  1.00000e+12  1.00000e+12
1.88496e+02  1.00000e+00  1.00000e+12  0.00000e+00  1.00000e+12  1.00000e+12
1.88600e+02  1.00000e+00  1.00000e+12  0.00000e+00  1.00000e+12  1.00000e+12
1.88705e+02  1.00000e+00  1.00000e+12  0.00000e+00  1.00000e+12  1.00000e+12
1.88810e+02  1.00000e+00  1.00000e+12  0.00000e+00  1.00000e+12  1.00000e+12
1.88914e+02  1.00000e+00  1.00000e+12  0.00000e+00  1.00000e+12  1.00000e+12
1.89019e+02  1.00000e+00  1.00000e+12  0.00000e+00  1.00000e+12  1.00000e+12
1.89124e+02  1.00000e+00  1.00000e+12  0.00000e+00  1.00000e+12  1.00000e+12
1.89229e+02  1.00000e+00  1.00000e+12  0.00000e+00  1.00000e+12  1.00000e+12
1.89333e+02  1.00000e+00  1.00000e+12  0.00000e+00  1.00000e+12  1.00000e+12
1.89438e+02  1.00000e+00  1.00000e+12  0.00000e+00  1.00000e+12  1.00000e+12
1.89543e+02  1.00000e+00  1.00000e+12  0.00000e+00  1.00000e+12  1.00000e+12
1.89647e+02  1.00000e+00  1.00000e+12  0.00000e+00  1.00000e+12  1.00000e+12
1.89752e+02  1.00000e+00  1.00000e+12  0.00000e+00  1.00000e+12  1.00000e+12
1.89857e+02  1.00000e+00  1.00000e+12  0.00000e+00  1.00000e+12  1.00000e+12
1.89962e+02  1.00000e+00  1.00000e+12  0.00000e+00  1.00000e+12  1.00000e+12
1.90066e+02  1.00000e+00  1.00000e+12  0.00000e+00  1.00000e+12  1.00000e+12
1.90171e+02  1.00000e+00  1.00000e+12  0.00000e+00  1.00000e+12  1.00000e+12
1.90276e+02  1.00000e+00  1.00000e+12  0.00000e+00  1.00000e+12  1.00000e+12
1.90381e+02  1.00000e+00  1.00000e+12  0.00000e+00  1.00000e+12  1.00000e+12
1.90485e+02  1.00000e+00  1.00000e+12  0.00000e+00  1.00000e+12  1.00000e+12
1.90590e+02  1.00000e+00  1.00000e+12  0.00000e+00  1.00000e+12  1.00000e+12
1.90695e+02  1.00000e+00  1.00000e+12  0.00000e+00  1.00000e+12  1.00000e+12
1.90799e+02  1.00000e+00  1.00000e+12  0.00000e+00  1.00000e+12  1.00000e+12
1.90904e+02  1.00000e+00  1.00000e+12  0.00000e+00  1.00000e+12  1.00000e+12
1.91009e+02  1.00000e+00  1.00000e+12  0.00000e+00  1.00000e+12  1.00000e+12
1.91114e+02  1.00000e+00  1.00000e+12  0.00000e+00  1.00000e+12  1.00000e+12
1.91218e+02  1.00000e+00  1.00000e+12  0.00000e+00  1.00000e+12  1.00000e+12
1.91323e+02  1.00000e+00  1.00000e+12  0.00000e+00  1.00000e+12  1.00000e+12
1.91428e+02  1.00000e+00  1.00000e+12  0.00000e+00  1.00000e+12  1.00000e+12
1.91532e+02  1.00000e+00  1.00000e+12  0.00000e+00  1.00000e+12  1.00000e+12
1.91637e+02  1.00000e+00  1.00000e+12  0.00000e+00  1.00000e+12  1.00000e+12
1.91742e+02  1.00000e+00  1.00000e+12  0.00000e+00  1.00000e+12  1.00000e+12
1.91847e+02  1.00000e+00  1.00000e+12  0.00000e+00  1.00000e+12  1.00000e+12
1.91951e+02  1.00000e+00  1.00000e+12  0.00000e+00  1.00000e+12  1.00000e+12
1.92056e+02  1.00000e+00  1.00000e+12  0.00000e+00  1.00000e+12  1.00000e+12
1.92161e+02  1.00000e+00  1.00000e+12  0.00000e+00  1.00000e+12  1.00000e+12
1.92265e+02  1.00000e+00  1.00000e+12  0.00000e+00  1.00000e+12  1.00000e+12
1.92370e+02  1.00000e+00  1.00000e+12  0.00000e+00  1.00000e+12  1.00000e+12
1.92475e+02  1.00000e+00  1.00000e+12  0.00000e+00  1.00000e+12  1.00000e+12
1.92580e+02  1.00000e+00  1.00000e+12  0.00000e+00  1.00000e+12  1.00000e+12
1.92684e+02  1.00000e+00  1.00000e+12  0.00000e+00  1.00000e+12  1.00000e+12
1.92789e+02  1.00000e+00  1.00000e+12  0.00000e+00  1.00000e+12  1.00000e+12
1.92894e+02  1.00000e+00  1.00000e+12  0.00000e+00  1.00000e+12  1.00000e+12
1.92999e+02  1.00000e+00  1.00000e+12  0.00000e+00  1.00000e+12  1.00000e+12
1.93103e+02  1.00000e+00  1.00000e+12  0.00000e+00  1.00000e+12  1.00000e+12
1.93208e+02  1.00000e+00  1.00000e+12  0.00000e+00  1.00000e+12  1.00000e+12
1.93313e+02  1.00000e+00  1.00000e+12  0.00000e+00  1.00000e+12  1.00000e+12
1.93417e+02  1.00000e+00  1.00000e+12  0.00000e+00  1.00000e+12  1.00000e+12
1.93522e+02  1.00000e+00  1.00000e+12  0.00000e+00  1.00000e+12  1.00000e+12
1.93627e+02  1.00000e+00  1.00000e+12  0.00000e+00  1.00000e+12  1.00000e+12
1.93732e+02  1.00000e+00  1.00000e+12  0.00000e+00  1.00000e+12  1.00000e+12
1.93836e+02  1.00000e+00  1.00000e+12  0.00000e+00  1.00000e+12  1.00000e+12
1.93941e+02  1.00000e+00  1.00000e+12  0.00000e+00  1.00000e+12  1.00000e+12
1.94046e+02  1.00000e+00  1.00000e+12  0.00000e+00  1.00000e+12  1.00000e+12
1.94150e+02  1.00000e+00  1.00000e+12  0.00000e+00  1.00000e+12  1.00000e+12
1.94255e+02  1.00000e+00  1.00000e+12  0.00000e+00  1.00000e+12  1.00000e+12
1.94360e+02  1.00000e+00  1.00000e+12  0.00000e+00  1.00000e+12  1.00000e+12
1.94465e+02  1.00000e+00  1.00000e+12  0.00000e+00  1.00000e+12  1.00000e+12
1.94569e+02  1.00000e+00  1.00000e+12  0.00000e+00  1.00000e+12  1.00000e+12
1.94674e+02  1.00000e+00  1.00000e+12  0.00000e+00  1.00000e+12  1.00000e+12
1.94779e+02  1.00000e+00  1.00000e+12  0.00000e+00  1.00000e+12  1.00000e+12
1.94883e+02  1.00000e+00  1.00000e+12  0.00000e+00  1.00000e+12  1.00000e+12
1.94988e+02  1.00000e+00  1.00000e+12  0.00000e+00  1.00000e+12  1.00000e+12
1.95093e+02  1.00000e+00  1.00000e+12  0.00000e+00  1.00000e+12  1.00000e+12
1.95198e+02  1.00000e+00  1.00000e+12  0.00000e+00  1.00000e+12  1.00000e+12
1.95302e+02  1.00000e+00  1.00000e+12  0.00000e+00  1.00000e+12  1.00000e+12
1.95407e+02  1.00000e+00  1.00000e+12  0.00000e+00  1.00000e+12  1.00000e+12
1.95512e+02  1.00000e+00  1.00000e+12  0.00000e+00  1.00000e+12  1.00000e+12
1.95617e+02  1.00000e+00  1.00000e+12  0.00000e+00  1.00000e+12  1.00000e+12
1.95721e+02  1.00000e+00  1.00000e+12  0.00000e+00  1.00000e+12  1.00000e+12
1.95826e+02  1.00000e+00  1.00000e+12  0.00000e+00  1.00000e+12  1.00000e+12
1.95931e+02  1.00000e+00  1.00000e+12  0.00000e+00  1.00000e+12  1.00000e+12
1.96035e+02  1.00000e+00  1.00000e+12  0.00000e+00  1.00000e+12  1.00000e+12
1.96140e+02  1.00000e+00  1.00000e+12  0.00000e+00  1.00000e+12  1.00000e+12
1.96245e+02  1.00000e+00  1.00000e+12  0.00000e+00  1.00000e+12  1.00000e+12
1.96350e+02  1.00000e+00  1.00000e+12  0.00000e+00  1.00000e+12  1.00000e+12
1.96454e+02  1.00000e+00  1.00000e+12  0.00000e+00  1.00000e+12  1.00000e+12
1.96559e+02  1.00000e+00  1.00000e+12  0.00000e+00  1.00000e+12  1.00000e+12
1.96664e+02  1.00000e+00  1.00000e+12  0.00000e+00  1.00000e+12  1.00000e+12
1.96768e+02  1.00000e+00  1.00000e+12  0.00000e+00  1.00000e+12  1.00000e+12
1.96873e+02  1.00000e+00  1.00000e+12  0.00000e+00  1.00000e+12  1.00000e+12
1.96978e+02  1.00000e+00  1.00000e+12  0.00000e+00  1.00000e+12  1.00000e+12
1.97083e+02  1.00000e+00  1.00000e+12  0.00000e+00  1.00000e+12  1.00000e+12
1.97187e+02  1.00000e+00  1.00000e+12  0.00000e+00  1.00000e+12  1.00000e+12
1.97292e+02  1.00000e+00  1.00000e+12  0.00000e+00  1.00000e+12  1.00000e+12
1.97397e+02  1.00000e+00  1.00000e+12  0.00000e+00  1.00000e+12  1.00000e+12
1.97501e+02  1.00000e+00  1.00000e+12  0.00000e+00  1.00000e+12  1.00000e+12
1.97606e+02  1.00000e+00  1.00000e+12  0.00000e+00  1.00000e+12  1.00000e+12
1.97711e+02  1.00000e+00  1.00000e+12  0.00000e+00  1.00000e+12  1.00000e+12
1.97816e+02  1.00000e+00  1.00000e+12  0.00000e+00  1.00000e+12  1.00000e+12
1.97920e+02  1.00000e+00  1.00000e+12  0.00000e+00  1.00000e+12  1.00000e+12
1.98025e+02  1.00000e+00  1.00000e+12  0.00000e+00  1.00000e+12  1.00000e+12
1.98130e+02  1.00000e+00  1.00000e+12  0.00000e+00  1.00000e+12  1.00000e+12
1.98234e+02  1.00000e+00  1.00000e+12  0.00000e+00  1.00000e+12  1.00000e+12
1.98339e+02  1.00000e+00  1.00000e+12  0.00000e+00  1.00000e+12  1.00000e+12
1.98444e+02  1.00000e+00  1.00000e+12  0.00000e+00  1.00000e+12  1.00000e+12
1.98549e+02  1.00000e+00  1.00000e+12  0.00000e+00  1.00000e+12  1.00000e+12
1.98653e+02  1.00000e+00  1.00000e+12  0.00000e+00  1.00000e+12  1.00000e+12
1.98758e+02  1.00000e+00  1.00000e+12  0.00000e+00  1.00000e+12  1.00000e+12
1.98863e+02  1.00000e+00  1.00000e+12  0.00000e+00  1.00000e+12  1.00000e+12
1.98968e+02  1.00000e+00  1.00000e+12  0.00000e+00  1.00000e+12  1.00000e+12
1.99072e+02  1.00000e+00  1.00000e+12  0.00000e+00  1.00000e+12  1.00000e+12
1.99177e+02  1.00000e+00  1.00000e+12  0.00000e+00  1.00000e+12  1.00000e+12
1.99282e+02  1.00000e+00  1.00000e+12  0.00000e+00  1.00000e+12  1.00000e+12
1.99386e+02  1.00000e+00  1.00000e+12  0.00000e+00  1.00000e+12  1.00000e+12
1.99491e+02  1.00000e+00  1.00000e+12  0.00000e+00  1.00000e+12  1.00000e+12
1.99596e+02  1.00000e+00  1.00000e+12  0.00000e+00  1.00000e+12  1.00000e+12
1.99701e+02  1.00000e+00  1.00000e+12  0.00000e+00  1.00000e+12  1.00000e+12
1.99805e+02  1.00000e+00  1.00000e+12  0.00000e+00  1.00000e+12  1.00000e+12
1.99910e+02  1.00000e+00  1.00000e+12  0.00000e+00  1.00000e+12  1.00000e+12
2.00015e+02  1.00000e+00  1.00000e+12  0.00000e+00  1.00000e+12  1.00000e+12
2.00119e+02  1.00000e+00  1.00000e+12  0.00000e+00  1.00000e+12  1.00000e+12
2.00224e+02  1.00000e+00  1.00000e+12  0.00000e+00  1.00000e+12  1.00000e+12
2.00329e+02  1.00000e+00  1.00000e+12  0.00000e+00  1.00000e+12  1.00000e+12
2.00434e+02  1.00000e+00  1.00000e+12  0.00000e+00  1.00000e+12  1.00000e+12
2.00538e+02  1.00000e+00  1.00000e+12  0.00000e+00  1.00000e+12  1.00000e+12
2.00643e+02  1.00000e+00  1.00000e+12  0.00000e+00  1.00000e+12  1.00000e+12
2.00748e+02  1.00000e+00  1.00000e+12  0.00000e+00  1.00000e+12  1.00000e+12
2.00852e+02  1.00000e+00  1.00000e+12  0.00000e+00  1.00000e+12  1.00000e+12
2.00957e+02  1.00000e+00  1.00000e+12  0.00000e+00  1.00000e+12  1.00000e+12
2.01062e+02  1.00000e+00  1.00000e+12  0.00000e+00  1.00000e+12  1.00000e+12
2.01167e+02  1.00000e+00  1.00000e+12  0.00000e+00  1.00000e+12  1.00000e+12
2.01271e+02  1.00000e+00  1.00000e+12  0.00000e+00  1.00000e+12  1.00000e+12
2.01376e+02  1.00000e+00  1.00000e+12  0.00000e+00  1.00000e+12  1.00000e+12
2.01481e+02  1.00000e+00  1.00000e+12  0.00000e+00  1.00000e+12  1.00000e+12
2.01586e+02  1.00000e+00  1.00000e+12  0.00000e+00  1.00000e+12  1.00000e+12
2.01690e+02  1.00000e+00  1.00000e+12  0.00000e+00  1.00000e+12  1.00000e+12
2.01795e+02  1.00000e+00  1.00000e+12  0.00000e+00  1.00000e+12  1.00000e+12
2.01900e+02  1.00000e+00  1.00000e+12  0.00000e+00  1.00000e+12  1.00000e+12
2.02004e+02  1.00000e+00  1.00000e+12  0.00000e+00  1.00000e+12  1.00000e+12
2.02109e+02  1.00000e+00  1.00000e+12  0.00000e+00  1.00000e+12  1.00000e+12
2.02214e+02  1.00000e+00  1.00000e+12  0.00000e+00  1.00000e+12  1.00000e+12
2.02319e+02  1.00000e+00  1.00000e+12  0.00000e+00  1.00000e+12  1.00000e+12
2.02423e+02  1.00000e+00  1.00000e+12  0.00000e+00  1.00000e+12  1.00000e+12
2.02528e+02  1.00000e+00  1.00000e+12  0.00000e+00  1.00000e+12  1.00000e+12
2.02633e+02  1.00000e+00  1.00000e+12  0.00000e+00  1.00000e+12  1.00000e+12
2.02737e+02  1.00000e+00  1.00000e+12  0.00000e+00  1.00000e+12  1.00000e+12
2.02842e+02  1.00000e+00  1.00000e+12  0.00000e+00  1.00000e+12  1.00000e+12
2.02947e+02  1.00000e+00  1.00000e+12  0.00000e+00  1.00000e+12  1.00000e+12
2.03052e+02  1.00000e+00  1.00000e+12  0.00000e+00  1.00000e+12  1.00000e+12
2.03156e+02  1.00000e+00  1.00000e+12  0.00000e+00  1.00000e+12  1.00000e+12
2.03261e+02  1.00000e+00  1.00000e+12  0.00000e+00  1.00000e+12  1.00000e+12
2.03366e+02  1.00000e+00  1.00000e+12  0.00000e+00  1.00000e+12  1.00000e+12
2.03470e+02  1.00000e+00  1.00000e+12  0.00000e+00  1.00000e+12  1.00000e+12
2.03575e+02  1.00000e+00  1.00000e+12  0.00000e+00  1.00000e+12  1.00000e+12
2.03680e+02  1.00000e+00  1.00000e+12  0.00000e+00  1.00000e+12  1.00000e+12
2.03785e+02  1.00000e+00  1.00000e+12  0.00000e+00  1.00000e+12  1.00000e+12
2.03889e+02  1.00000e+00  1.00000e+12  0.00000e+00  1.00000e+12  1.00000e+12
2.03994e+02  1.00000e+00  1.00000e+12  0.00000e+00  1.00000e+12  1.00000e+12
2.04099e+02  1.00000e+00  1.00000e+12  0.00000e+00  1.00000e+12  1.00000e+12
2.04204e+02  1.00000e+00  1.00000e+12  0.00000e+00  1.00000e+12  1.00000e+12
2.04308e+02  1.00000e+00  1.00000e+12  0.00000e+00  1.00000e+12  1.00000e+12
2.04413e+02  1.00000e+00  1.00000e+12  0.00000e+00  1.00000e+12  1.00000e+12
2.04518e+02  1.00000e+00  1.00000e+12  0.00000e+00  1.00000e+12  1.00000e+12
2.04622e+02  1.00000e+00  1.00000e+12  0.00000e+00  1.00000e+12  1.00000e+12
2.04727e+02  1.00000e+00  1.00000e+12  0.00000e+00  1.00000e+12  1.00000e+12
2.04832e+02  1.00000e+00  1.00000e+12  0.00000e+00  1.00000e+12  1.00000e+12
2.04937e+02  1.00000e+00  1.00000e+12  0.00000e+00  1.00000e+12  1.00000e+12
2.05041e+02  1.00000e+00  1.00000e+12  0.00000e+00  1.00000e+12  1.00000e+12
2.05146e+02  1.00000e+00  1.00000e+12  0.00000e+00  1.00000e+12  1.00000e+12
2.05251e+02  1.00000e+00  1.00000e+12  0.00000e+00  1.00000e+12  1.00000e+12
2.05355e+02  1.00000e+00  1.00000e+12  0.00000e+00  1.00000e+12  1.00000e+12
2.05460e+02  1.00000e+00  1.00000e+12  0.00000e+00  1.00000e+12  1.00000e+12
2.05565e+02  1.00000e+00  1.00000e+12  0.00000e+00  1.00000e+12  1.00000e+12
2.05670e+02  1.00000e+00  1.00000e+12  0.00000e+00  1.00000e+12  1.00000e+12
2.05774e+02  1.00000e+00  1.00000e+12  0.00000e+00  1.00000e+12  1.00000e+12
2.05879e+02  1.00000e+00  1.00000e+12  0.00000e+00  1.00000e+12  1.00000e+12
2.05984e+02  1.00000e+00  1.00000e+12  0.00000e+00  1.00000e+12  1.00000e+12
2.06088e+02  1.00000e+00  1.00000e+12  0.00000e+00  1.00000e+12  1.00000e+12
2.06193e+02  1.00000e+00  1.00000e+12  0.00000e+00  1.00000e+12  1.00000e+12
2.06298e+02  1.00000e+00  1.00000e+12  0.00000e+00  1.00000e+12  1.00000e+12
2.06403e+02  1.00000e+00  1.00000e+12  0.00000e+00  1.00000e+12  1.00000e+12
2.06507e+02  1.00000e+00  1.00000e+12  0.00000e+00  1.00000e+12  1.00000e+12
2.06612e+02  1.00000e+00  1.00000e+12  0.00000e+00  1.00000e+12  1.00000e+12
2.06717e+02  1.00000e+00  1.00000e+12  0.00000e+00  1.00000e+12  1.00000e+12
2.06822e+02  1.00000e+00  1.00000e+12  0.00000e+00  1.00000e+12  1.00000e+12
2.06926e+02  1.00000e+00  1.00000e+12  0.00000e+00  1.00000e+12  1.00000e+12
2.07031e+02  1.00000e+00  1.00000e+12  0.00000e+00  1.00000e+12  1.00000e+12
2.07136e+02  1.00000e+00  1.00000e+12  0.00000e+00  1.00000e+12  1.00000e+12
2.07240e+02  1.00000e+00  1.00000e+12  0.00000e+00  1.00000e+12  1.00000e+12
2.07345e+02  1.00000e+00  1.00000e+12  0.00000e+00  1.00000e+12  1.00000e+12
2.07450e+02  1.00000e+00  1.00000e+12  0.00000e+00  1.00000e+12  1.00000e+12
2.07555e+02  1.00000e+00  1.00000e+12  0.00000e+00  1.00000e+12  1.00000e+12
2.07659e+02  1.00000e+00  1.00000e+12  0.00000e+00  1.00000e+12  1.00000e+12
2.07764e+02  1.00000e+00  1.00000e+12  0.00000e+00  1.00000e+12  1.00000e+12
2.07869e+02  1.00000e+00  1.00000e+12  0.00000e+00  1.00000e+12  1.00000e+12
2.07973e+02  1.00000e+00  1.00000e+12  0.00000e+00  1.00000e+12  1.00000e+12
2.08078e+02  1.00000e+00  1.00000e+12  0.00000e+00  1.00000e+12  1.00000e+12
2.08183e+02  1.00000e+00  1.00000e+12  0.00000e+00  1.00000e+12  1.00000e+12
2.08288e+02  1.00000e+00  1.00000e+12  0.00000e+00  1.00000e+12  1.00000e+12
2.08392e+02  1.00000e+00  1.00000e+12  0.00000e+00  1.00000e+12  1.00000e+12
2.08497e+02  1.00000e+00  1.00000e+12  0.00000e+00  1.00000e+12  1.00000e+12
2.08602e+02  1.00000e+00  1.00000e+12  0.00000e+00  1.00000e+12  1.00000e+12
2.08706e+02  1.00000e+00  1.00000e+12  0.00000e+00  1.00000e+12  1.00000e+12
2.08811e+02  1.00000e+00  1.00000e+12  0.00000e+00  1.00000e+12  1.00000e+12
2.08916e+02  1.00000e+00  1.00000e+12  0.00000e+00  1.00000e+12  1.00000e+12
2.09021e+02  1.00000e+00  1.00000e+12  0.00000e+00  1.00000e+12  1.00000e+12
2.09125e+02  1.00000e+00  1.00000e+12  0.00000e+00  1.00000e+12  1.00000e+12
2.09230e+02  1.00000e+00  1.00000e+12  0.00000e+00  1.00000e+12  1.00000e+12
2.09335e+02  1.00000e+00  1.00000e+12  0.00000e+00  1.00000e+12  1.00000e+12
2.09440e+02  1.00000e+00  1.00000e+12  0.00000e+00  1.00000e+12  1.00000e+12
2.09544e+02  1.00000e+00  1.00000e+12  0.00000e+00  1.00000e+12  1.00000e+12
2.09649e+02  1.00000e+00  1.00000e+12  0.00000e+00  1.00000e+12  1.00000e+12
2.09754e+02  1.00000e+00  1.00000e+12  0.00000e+00  1.00000e+12  1.00000e+12
2.09858e+02  1.00000e+00  1.00000e+12  0.00000e+00  1.00000e+12  1.00000e+12
2.09963e+02  1.00000e+00  1.00000e+12  0.00000e+00  1.00000e+12  1.00000e+12
2.10068e+02  1.00000e+00  1.00000e+12  0.00000e+00  1.00000e+12  1.00000e+12
2.10173e+02  1.00000e+00  1.00000e+12  0.00000e+00  1.00000e+12  1.00000e+12
2.10277e+02  1.00000e+00  1.00000e+12  0.00000e+00  1.00000e+12  1.00000e+12
2.10382e+02  1.00000e+00  1.00000e+12  0.00000e+00  1.00000e+12  1.00000e+12
2.10487e+02  1.00000e+00  1.00000e+12  0.00000e+00  1.00000e+12  1.00000e+12
2.10591e+02  1.00000e+00  1.00000e+12  0.00000e+00  1.00000e+12  1.00000e+12
2.10696e+02  1.00000e+00  1.00000e+12  0.00000e+00  1.00000e+12  1.00000e+12
2.10801e+02  1.00000e+00  1.00000e+12  0.00000e+00  1.00000e+12  1.00000e+12
2.10906e+02  1.00000e+00  1.00000e+12  0.00000e+00  1.00000e+12  1.00000e+12
2.11010e+02  1.00000e+00  1.00000e+12  0.00000e+00  1.00000e+12  1.00000e+12
2.11115e+02  1.00000e+00  1.00000e+12  0.00000e+00  1.00000e+12  1.00000e+12
2.11220e+02  1.00000e+00  1.00000e+12  0.00000e+00  1.00000e+12  1.00000e+12
2.11324e+02  1.00000e+00  1.00000e+12  0.00000e+00  1.00000e+12  1.00000e+12
2.11429e+02  1.00000e+00  1.00000e+12  0.00000e+00  1.00000e+12  1.00000e+12
2.11534e+02  1.00000e+00  1.00000e+12  0.00000e+00  1.00000e+12  1.00000e+12
2.11639e+02  1.00000e+00  1.00000e+12  0.00000e+00  1.00000e+12  1.00000e+12
2.11743e+02  1.00000e+00  1.00000e+12  0.00000e+00  1.00000e+12  1.00000e+12
2.11848e+02  1.00000e+00  1.00000e+12  0.00000e+00  1.00000e+12  1.00000e+12
2.11953e+02  1.00000e+00  1.00000e+12  0.00000e+00  1.00000e+12  1.00000e+12
2.12058e+02  1.00000e+00  1.00000e+12  0.00000e+00  1.00000e+12  1.00000e+12
2.12162e+02  1.00000e+00  1.00000e+12  0.00000e+00  1.00000e+12  1.00000e+12
2.12267e+02  1.00000e+00  1.00000e+12  0.00000e+00  1.00000e+12  1.00000e+12
2.12372e+02  1.00000e+00  1.00000e+12  0.00000e+00  1.00000e+12  1.00000e+12
2.12476e+02  1.00000e+00  1.00000e+12  0.00000e+00  1.00000e+12  1.00000e+12
2.12581e+02  1.00000e+00  1.00000e+12  0.00000e+00  1.00000e+12  1.00000e+12
2.12686e+02  1.00000e+00  1.00000e+12  0.00000e+00  1.00000e+12  1.00000e+12
2.12791e+02  1.00000e+00  1.00000e+12  0.00000e+00  1.00000e+12  1.00000e+12
2.12895e+02  1.00000e+00  1.00000e+12  0.00000e+00  1.00000e+12  1.00000e+12
2.13000e+02  1.00000e+00  1.00000e+12  0.00000e+00  1.00000e+12  1.00000e+12
2.13105e+02  1.00000e+00  1.00000e+12  0.00000e+00  1.00000e+12  1.00000e+12
2.13209e+02  1.00000e+00  1.00000e+12  0.00000e+00  1.00000e+12  1.00000e+12
2.13314e+02  1.00000e+00  1.00000e+12  0.00000e+00  1.00000e+12  1.00000e+12
2.13419e+02  1.00000e+00  1.00000e+12  0.00000e+00  1.00000e+12  1.00000e+12
2.13524e+02  1.00000e+00  1.00000e+12  0.00000e+00  1.00000e+12  1.00000e+12
2.13628e+02  1.00000e+00  1.00000e+12  0.00000e+00  1.00000e+12  1.00000e+12
2.13733e+02  1.00000e+00  1.00000e+12  0.00000e+00  1.00000e+12  1.00000e+12
2.13838e+02  1.00000e+00  1.00000e+12  0.00000e+00  1.00000e+12  1.00000e+12
2.13942e+02  1.00000e+00  1.00000e+12  0.00000e+00  1.00000e+12  1.00000e+12
2.14047e+02  1.00000e+00  1.00000e+12  0.00000e+00  1.00000e+12  1.00000e+12
2.14152e+02  1.00000e+00  1.00000e+12  0.00000e+00  1.00000e+12  1.00000e+12
2.14257e+02  1.00000e+00  1.00000e+12  0.00000e+00  1.00000e+12  1.00000e+12
2.14361e+02  1.00000e+00  1.00000e+12  0.00000e+00  1.00000e+12  1.00000e+12
2.14466e+02  1.00000e+00  1.00000e+12  0.00000e+00  1.00000e+12  1.00000e+12
2.14571e+02  1.00000e+00  1.00000e+12  0.00000e+00  1.00000e+12  1.00000e+12
2.14675e+02  1.00000e+00  1.00000e+12  0.00000e+00  1.00000e+12  1.00000e+12
2.14780e+02  1.00000e+00  1.00000e+12  0.00000e+00  1.00000e+12  1.00000e+12
2.14885e+02  1.00000e+00  1.00000e+12  0.00000e+00  1.00000e+12  1.00000e+12
2.14990e+02  1.00000e+00  1.00000e+12  0.00000e+00  1.00000e+12  1.00000e+12
2.15094e+02  1.00000e+00  1.00000e+12  0.00000e+00  1.00000e+12  1.00000e+12
2.15199e+02  1.00000e+00  1.00000e+12  0.00000e+00  1.00000e+12  1.00000e+12
2.15304e+02  1.00000e+00  1.00000e+12  0.00000e+00  1.00000e+12  1.00000e+12
2.15409e+02  1.00000e+00  1.00000e+12  0.00000e+00  1.00000e+12  1.00000e+12
2.15513e+02  1.00000e+00  1.00000e+12  0.00000e+00  1.00000e+12  1.00000e+12
2.15618e+02  1.00000e+00  1.00000e+12  0.00000e+00  1.00000e+12  1.00000e+12
2.15723e+02  1.00000e+00  1.00000e+12  0.00000e+00  1.00000e+12  1.00000e+12
2.15827e+02  1.00000e+00  1.00000e+12  0.00000e+00  1.00000e+12  1.00000e+12
2.15932e+02  1.00000e+00  1.00000e+12  0.00000e+00  1.00000e+12  1.00000e+12
2.16037e+02  1.00000e+00  1.00000e+12  0.00000e+00  1.00000e+12  1.00000e+12
2.16142e+02  1.00000e+00  1.00000e+12  0.00000e+00  1.00000e+12  1.00000e+12
2.16246e+02  1.00000e+00  1.00000e+12  0.00000e+00  1.00000e+12  1.00000e+12
2.16351e+02  1.00000e+00  1.00000e+12  0.00000e+00  1.00000e+12  1.00000e+12
2.16456e+02  1.00000e+00  1.00000e+12  0.00000e+00  1.00000e+12  1.00000e+12
2.16560e+02  1.00000e+00  1.00000e+12  0.00000e+00  1.00000e+12  1.00000e+12
2.16665e+02  1.00000e+00  1.00000e+12  0.00000e+00  1.00000e+12  1.00000e+12
2.16770e+02  1.00000e+00  1.00000e+12  0.00000e+00  1.00000e+12  1.00000e+12
2.16875e+02  1.00000e+00  1.00000e+12  0.00000e+00  1.00000e+12  1.00000e+12
2.16979e+02  1.00000e+00  1.00000e+12  0.00000e+00  1.00000e+12  1.00000e+12
2.17084e+02  1.00000e+00  1.00000e+12  0.00000e+00  1.00000e+12  1.00000e+12
2.17189e+02  1.00000e+00  1.00000e+12  0.00000e+00  1.00000e+12  1.00000e+12
2.17293e+02  1.00000e+00  1.00000e+12  0.00000e+00  1.00000e+12  1.00000e+12
2.17398e+02  1.00000e+00  1.00000e+12  0.00000e+00  1.00000e+12  1.00000e+12
2.17503e+02  1.00000e+00  1.00000e+12  0.00000e+00  1.00000e+12  1.00000e+12
2.17608e+02  1.00000e+00  1.00000e+12  0.00000e+00  1.00000e+12  1.00000e+12
2.17712e+02  1.00000e+00  1.00000e+12  0.00000e+00  1.00000e+12  1.00000e+12
2.17817e+02  1.00000e+00  1.00000e+12  0.00000e+00  1.00000e+12  1.00000e+12
2.17922e+02  1.00000e+00  1.00000e+12  0.00000e+00  1.00000e+12  1.00000e+12
2.18027e+02  1.00000e+00  1.00000e+12  0.00000e+00  1.00000e+12  1.00000e+12
2.18131e+02  1.00000e+00  1.00000e+12  0.00000e+00  1.00000e+12  1.00000e+12
2.18236e+02  1.00000e+00  1.00000e+12  0.00000e+00  1.00000e+12  1.00000e+12
2.18341e+02  1.00000e+00  1.00000e+12  0.00000e+00  1.00000e+12  1.00000e+12
2.18445e+02  1.00000e+00  1.00000e+12  0.00000e+00  1.00000e+12  1.00000e+12
2.18550e+02  1.00000e+00  1.00000e+12  0.00000e+00  1.00000e+12  1.00000e+12
2.18655e+02  1.00000e+00  1.00000e+12  0.00000e+00  1.00000e+12  1.00000e+12
2.18760e+02  1.00000e+00  1.00000e+12  0.00000e+00  1.00000e+12  1.00000e+12
2.18864e+02  1.00000e+00  1.00000e+12  0.00000e+00  1.00000e+12  1.00000e+12
2.18969e+02  1.00000e+00  1.00000e+12  0.00000e+00  1.00000e+12  1.00000e+12
2.19074e+02  1.00000e+00  1.00000e+12  0.00000e+00  1.00000e+12  1.00000e+12
2.19178e+02  1.00000e+00  1.00000e+12  0.00000e+00  1.00000e+12  1.00000e+12
2.19283e+02  1.00000e+00  1.00000e+12  0.00000e+00  1.00000e+12  1.00000e+12
2.19388e+02  1.00000e+00  1.00000e+12  0.00000e+00  1.00000e+12  1.00000e+12
2.19493e+02  1.00000e+00  1.00000e+12  0.00000e+00  1.00000e+12  1.00000e+12
2.19597e+02  1.00000e+00  1.00000e+12  0.00000e+00  1.00000e+12  1.00000e+12
2.19702e+02  1.00000e+00  1.00000e+12  0.00000e+00  1.00000e+12  1.00000e+12
2.19807e+02  1.00000e+00  1.00000e+12  0.00000e+00  1.00000e+12  1.00000e+12
2.19911e+02  1.00000e+00  1.00000e+12  0.00000e+00  1.00000e+12  1.00000e+12
2.20016e+02  1.00000e+00  1.00000e+12  0.00000e+00  1.00000e+12  1.00000e+12
2.20121e+02  1.00000e+00  1.00000e+12  0.00000e+00  1.00000e+12  1.00000e+12
2.20226e+02  1.00000e+00  1.00000e+12  0.00000e+00  1.00000e+12  1.00000e+12
2.20330e+02  1.00000e+00  1.00000e+12  0.00000e+00  1.00000e+12  1.00000e+12
2.20435e+02  1.00000e+00  1.00000e+12  0.00000e+00  1.00000e+12  1.00000e+12
2.20540e+02  1.00000e+00  1.00000e+12  0.00000e+00  1.00000e+12  1.00000e+12
2.20645e+02  1.00000e+00  1.00000e+12  0.00000e+00  1.00000e+12  1.00000e+12
2.20749e+02  1.00000e+00  1.00000e+12  0.00000e+00  1.00000e+12  1.00000e+12
2.20854e+02  1.00000e+00  1.00000e+12  0.00000e+00  1.00000e+12  1.00000e+12
2.20959e+02  1.00000e+00  1.00000e+12  0.00000e+00  1.00000e+12  1.00000e+12
2.21063e+02  1.00000e+00  1.00000e+12  0.00000e+00  1.00000e+12  1.00000e+12
2.21168e+02  1.00000e+00  1.00000e+12  0.00000e+00  1.00000e+12  1.00000e+12
2.21273e+02  1.00000e+00  1.00000e+12  0.00000e+00  1.00000e+12  1.00000e+12
2.21378e+02  1.00000e+00  1.00000e+12  0.00000e+00  1.00000e+12  1.00000e+12
2.21482e+02  1.00000e+00  1.00000e+12  0.00000e+00  1.00000e+12  1.00000e+12
2.21587e+02  1.00000e+00  1.00000e+12  0.00000e+00  1.00000e+12  1.00000e+12
2.21692e+02  1.00000e+00  1.00000e+12  0.00000e+00  1.00000e+12  1.00000e+12
2.21796e+02  1.00000e+00  1.00000e+12  0.00000e+00  1.00000e+12  1.00000e+12
2.21901e+02  1.00000e+00  1.00000e+12  0.00000e+00  1.00000e+12  1.00000e+12
2.22006e+02  1.00000e+00  1.00000e+12  0.00000e+00  1.00000e+12  1.00000e+12
2.22111e+02  1.00000e+00  1.00000e+12  0.00000e+00  1.00000e+12  1.00000e+12
2.22215e+02  1.00000e+00  1.00000e+12  0.00000e+00  1.00000e+12  1.00000e+12
2.22320e+02  1.00000e+00  1.00000e+12  0.00000e+00  1.00000e+12  1.00000e+12
2.22425e+02  1.00000e+00  1.00000e+12  0.00000e+00  1.00000e+12  1.00000e+12
2.22529e+02  1.00000e+00  1.00000e+12  0.00000e+00  1.00000e+12  1.00000e+12
2.22634e+02  1.00000e+00  1.00000e+12  0.00000e+00  1.00000e+12  1.00000e+12
2.22739e+02  1.00000e+00  1.00000e+12  0.00000e+00  1.00000e+12  1.00000e+12
2.22844e+02  1.00000e+00  1.00000e+12  0.00000e+00  1.00000e+12  1.00000e+12
2.22948e+02  1.00000e+00  1.00000e+12  0.00000e+00  1.00000e+12  1.00000e+12
2.23053e+02  1.00000e+00  1.00000e+12  0.00000e+00  1.00000e+12  1.00000e+12
2.23158e+02  1.00000e+00  1.00000e+12  0.00000e+00  1.00000e+12  1.00000e+12
2.23263e+02  1.00000e+00  1.00000e+12  0.00000e+00  1.00000e+12  1.00000e+12
2.23367e+02  1.00000e+00  1.00000e+12  0.00000e+00  1.00000e+12  1.00000e+12
2.23472e+02  1.00000e+00  1.00000e+12  0.00000e+00  1.00000e+12  1.00000e+12
2.23577e+02  1.00000e+00  1.00000e+12  0.00000e+00  1.00000e+12  1.00000e+12
2.23681e+02  1.00000e+00  1.00000e+12  0.00000e+00  1.00000e+12  1.00000e+12
2.23786e+02  1.00000e+00  1.00000e+12  0.00000e+00  1.00000e+12  1.00000e+12
2.23891e+02  1.00000e+00  1.00000e+12  0.00000e+00  1.00000e+12  1.00000e+12
2.23996e+02  1.00000e+00  1.00000e+12  0.00000e+00  1.00000e+12  1.00000e+12
2.24100e+02  1.00000e+00  1.00000e+12  0.00000e+00  1.00000e+12  1.00000e+12
2.24205e+02  1.00000e+00  1.00000e+12  0.00000e+00  1.00000e+12  1.00000e+12
2.24310e+02  1.00000e+00  1.00000e+12  0.00000e+00  1.00000e+12  1.00000e+12
2.24414e+02  1.00000e+00  1.00000e+12  0.00000e+00  1.00000e+12  1.00000e+12
2.24519e+02  1.00000e+00  1.00000e+12  0.00000e+00  1.00000e+12  1.00000e+12
2.24624e+02  1.00000e+00  1.00000e+12  0.00000e+00  1.00000e+12  1.00000e+12
2.24729e+02  1.00000e+00  1.00000e+12  0.00000e+00  1.00000e+12  1.00000e+12
2.24833e+02  1.00000e+00  1.00000e+12  0.00000e+00  1.00000e+12  1.00000e+12
2.24938e+02  1.00000e+00  1.00000e+12  0.00000e+00  1.00000e+12  1.00000e+12
2.25043e+02  1.00000e+00  1.00000e+12  0.00000e+00  1.00000e+12  1.00000e+12
2.25147e+02  1.00000e+00  1.00000e+12  0.00000e+00  1.00000e+12  1.00000e+12
2.25252e+02  1.00000e+00  1.00000e+12  0.00000e+00  1.00000e+12  1.00000e+12
2.25357e+02  1.00000e+00  1.00000e+12  0.00000e+00  1.00000e+12  1.00000e+12
2.25462e+02  1.00000e+00  1.00000e+12  0.00000e+00  1.00000e+12  1.00000e+12
2.25566e+02  1.00000e+00  1.00000e+12  0.00000e+00  1.00000e+12  1.00000e+12
2.25671e+02  1.00000e+00  1.00000e+12  0.00000e+00  1.00000e+12  1.00000e+12
2.25776e+02  1.00000e+00  1.00000e+12  0.00000e+00  1.00000e+12  1.00000e+12
2.25881e+02  1.00000e+00  1.00000e+12  0.00000e+00  1.00000e+12  1.00000e+12
2.25985e+02  1.00000e+00  1.00000e+12  0.00000e+00  1.00000e+12  1.00000e+12
2.26090e+02  1.00000e+00  1.00000e+12  0.00000e+00  1.00000e+12  1.00000e+12
2.26195e+02  1.00000e+00  1.00000e+12  0.00000e+00  1.00000e+12  1.00000e+12
2.26299e+02  1.00000e+00  1.00000e+12  0.00000e+00  1.00000e+12  1.00000e+12
2.26404e+02  1.00000e+00  1.00000e+12  0.00000e+00  1.00000e+12  1.00000e+12
2.26509e+02  1.00000e+00  1.00000e+12  0.00000e+00  1.00000e+12  1.00000e+12
2.26614e+02  1.00000e+00  1.00000e+12  0.00000e+00  1.00000e+12  1.00000e+12
2.26718e+02  1.00000e+00  1.00000e+12  0.00000e+00  1.00000e+12  1.00000e+12
2.26823e+02  1.00000e+00  1.00000e+12  0.00000e+00  1.00000e+12  1.00000e+12
2.26928e+02  1.00000e+00  1.00000e+12  0.00000e+00  1.00000e+12  1.00000e+12
2.27032e+02  1.00000e+00  1.00000e+12  0.00000e+00  1.00000e+12  1.00000e+12
2.27137e+02  1.00000e+00  1.00000e+12  0.00000e+00  1.00000e+12  1.00000e+12
2.27242e+02  1.00000e+00  1.00000e+12  0.00000e+00  1.00000e+12  1.00000e+12
2.27347e+02  1.00000e+00  1.00000e+12  0.00000e+00  1.00000e+12  1.00000e+12
2.27451e+02  1.00000e+00  1.00000e+12  0.00000e+00  1.00000e+12  1.00000e+12
2.27556e+02  1.00000e+00  1.00000e+12  0.00000e+00  1.00000e+12  1.00000e+12
2.27661e+02  1.00000e+00  1.00000e+12  0.00000e+00  1.00000e+12  1.00000e+12
2.27765e+02  1.00000e+00  1.00000e+12  0.00000e+00  1.00000e+12  1.00000e+12
2.27870e+02  1.00000e+00  1.00000e+12  0.00000e+00  1.00000e+12  1.00000e+12
2.27975e+02  1.00000e+00  1.00000e+12  0.00000e+00  1.00000e+12  1.00000e+12
2.28080e+02  1.00000e+00  1.00000e+12  0.00000e+00  1.00000e+12  1.00000e+12
2.28184e+02  1.00000e+00  1.00000e+12  0.00000e+00  1.00000e+12  1.00000e+12
2.28289e+02  1.00000e+00  1.00000e+12  0.00000e+00  1.00000e+12  1.00000e+12
2.28394e+02  1.00000e+00  1.00000e+12  0.00000e+00  1.00000e+12  1.00000e+12
2.28499e+02  1.00000e+00  1.00000e+12  0.00000e+00  1.00000e+12  1.00000e+12
2.28603e+02  1.00000e+00  1.00000e+12  0.00000e+00  1.00000e+12  1.00000e+12
2.28708e+02  1.00000e+00  1.00000e+12  0.00000e+00  1.00000e+12  1.00000e+12
2.28813e+02  1.00000e+00  1.00000e+12  0.00000e+00  1.00000e+12  1.00000e+12
2.28917e+02  1.00000e+00  1.00000e+12  0.00000e+00  1.00000e+12  1.00000e+12
2.29022e+02  1.00000e+00  1.00000e+12  0.00000e+00  1.00000e+12  1.00000e+12
2.29127e+02  1.00000e+00  1.00000e+12  0.00000e+00  1.00000e+12  1.00000e+12
2.29232e+02  1.00000e+00  1.00000e+12  0.00000e+00  1.00000e+12  1.00000e+12
2.29336e+02  1.00000e+00  1.00000e+12  0.00000e+00  1.00000e+12  1.00000e+12
2.29441e+02  1.00000e+00  1.00000e+12  0.00000e+00  1.00000e+12  1.00000e+12
2.29546e+02  1.00000e+00  1.00000e+12  0.00000e+00  1.00000e+12  1.00000e+12
2.29650e+02  1.00000e+00  1.00000e+12  0.00000e+00  1.00000e+12  1.00000e+12
2.29755e+02  1.00000e+00  1.00000e+12  0.00000e+00  1.00000e+12  1.00000e+12
2.29860e+02  1.00000e+00  1.00000e+12  0.00000e+00  1.00000e+12  1.00000e+12
2.29965e+02  1.00000e+00  1.00000e+12  0.00000e+00  1.00000e+12  1.00000e+12
2.30069e+02  1.00000e+00  1.00000e+12  0.00000e+00  1.00000e+12  1.00000e+12
2.30174e+02  1.00000e+00  1.00000e+12  0.00000e+00  1.00000e+12  1.00000e+12
2.30279e+02  1.00000e+00  1.00000e+12  0.00000e+00  1.00000e+12  1.00000e+12
2.30383e+02  1.00000e+00  1.00000e+12  0.00000e+00  1.00000e+12  1.00000e+12
2.30488e+02  1.00000e+00  1.00000e+12  0.00000e+00  1.00000e+12  1.00000e+12
2.30593e+02  1.00000e+00  1.00000e+12  0.00000e+00  1.00000e+12  1.00000e+12
2.30698e+02  1.00000e+00  1.00000e+12  0.00000e+00  1.00000e+12  1.00000e+12
2.30802e+02  1.00000e+00  1.00000e+12  0.00000e+00  1.00000e+12  1.00000e+12
2.30907e+02  1.00000e+00  1.00000e+12  0.00000e+00  1.00000e+12  1.00000e+12
2.31012e+02  1.00000e+00  1.00000e+12  0.00000e+00  1.00000e+12  1.00000e+12
2.31116e+02  1.00000e+00  1.00000e+12  0.00000e+00  1.00000e+12  1.00000e+12
2.31221e+02  1.00000e+00  1.00000e+12  0.00000e+00  1.00000e+12  1.00000e+12
2.31326e+02  1.00000e+00  1.00000e+12  0.00000e+00  1.00000e+12  1.00000e+12
2.31431e+02  1.00000e+00  1.00000e+12  0.00000e+00  1.00000e+12  1.00000e+12
2.31535e+02  1.00000e+00  1.00000e+12  0.00000e+00  1.00000e+12  1.00000e+12
2.31640e+02  1.00000e+00  1.00000e+12  0.00000e+00  1.00000e+12  1.00000e+12
2.31745e+02  1.00000e+00  1.00000e+12  0.00000e+00  1.00000e+12  1.00000e+12
2.31850e+02  1.00000e+00  1.00000e+12  0.00000e+00  1.00000e+12  1.00000e+12
2.31954e+02  1.00000e+00  1.00000e+12  0.00000e+00  1.00000e+12  1.00000e+12
2.32059e+02  1.00000e+00  1.00000e+12  0.00000e+00  1.00000e+12  1.00000e+12
2.32164e+02  1.00000e+00  1.00000e+12  0.00000e+00  1.00000e+12  1.00000e+12
2.32268e+02  1.00000e+00  1.00000e+12  0.00000e+00  1.00000e+12  1.00000e+12
2.32373e+02  1.00000e+00  1.00000e+12  0.00000e+00  1.00000e+12  1.00000e+12
2.32478e+02  1.00000e+00  1.00000e+12  0.00000e+00  1.00000e+12  1.00000e+12
2.32583e+02  1.00000e+00  1.00000e+12  0.00000e+00  1.00000e+12  1.00000e+12
2.32687e+02  1.00000e+00  1.00000e+12  0.00000e+00  1.00000e+12  1.00000e+12
2.32792e+02  1.00000e+00  1.00000e+12  0.00000e+00  1.00000e+12  1.00000e+12
2.32897e+02  1.00000e+00  1.00000e+12  0.00000e+00  1.00000e+12  1.00000e+12
2.33001e+02  1.00000e+00  1.00000e+12  0.00000e+00  1.00000e+12  1.00000e+12
2.33106e+02  1.00000e+00  1.00000e+12  0.00000e+00  1.00000e+12  1.00000e+12
2.33211e+02  1.00000e+00  1.00000e+12  0.00000e+00  1.00000e+12  1.00000e+12
2.33316e+02  1.00000e+00  1.00000e+12  0.00000e+00  1.00000e+12  1.00000e+12
2.33420e+02  1.00000e+00  1.00000e+12  0.00000e+00  1.00000e+12  1.00000e+12
2.33525e+02  1.00000e+00  1.00000e+12  0.00000e+00  1.00000e+12  1.00000e+12
2.33630e+02  1.00000e+00  1.00000e+12  0.00000e+00  1.00000e+12  1.00000e+12
2.33734e+02  1.00000e+00  1.00000e+12  0.00000e+00  1.00000e+12  1.00000e+12
2.33839e+02  1.00000e+00  1.00000e+12  0.00000e+00  1.00000e+12  1.00000e+12
2.33944e+02  1.00000e+00  1.00000e+12  0.00000e+00  1.00000e+12  1.00000e+12
2.34049e+02  1.00000e+00  1.00000e+12  0.00000e+00  1.00000e+12  1.00000e+12
2.34153e+02  1.00000e+00  1.00000e+12  0.00000e+00  1.00000e+12  1.00000e+12
2.34258e+02  1.00000e+00  1.00000e+12  0.00000e+00  1.00000e+12  1.00000e+12
2.34363e+02  1.00000e+00  1.00000e+12  0.00000e+00  1.00000e+12  1.00000e+12
2.34468e+02  1.00000e+00  1.00000e+12  0.00000e+00  1.00000e+12  1.00000e+12
2.34572e+02  1.00000e+00  1.00000e+12  0.00000e+00  1.00000e+12  1.00000e+12
2.34677e+02  1.00000e+00  1.00000e+12  0.00000e+00  1.00000e+12  1.00000e+12
2.34782e+02  1.00000e+00  1.00000e+12  0.00000e+00  1.00000e+12  1.00000e+12
2.34886e+02  1.00000e+00  1.00000e+12  0.00000e+00  1.00000e+12  1.00000e+12
2.34991e+02  1.00000e+00  1.00000e+12  0.00000e+00  1.00000e+12  1.00000e+12
2.35096e+02  1.00000e+00  1.00000e+12  0.00000e+00  1.00000e+12  1.00000e+12
2.35201e+02  1.00000e+00  1.00000e+12  0.00000e+00  1.00000e+12  1.00000e+12
2.35305e+02  1.00000e+00  1.00000e+12  0.00000e+00  1.00000e+12  1.00000e+12
2.35410e+02  1.00000e+00  1.00000e+12  0.00000e+00  1.00000e+12  1.00000e+12
2.35515e+02  1.00000e+00  1.00000e+12  0.00000e+00  1.00000e+12  1.00000e+12
2.35619e+02  1.00000e+00  1.00000e+12  0.00000e+00  1.00000e+12  1.00000e+12
2.35724e+02  1.00000e+00  1.00000e+12  0.00000e+00  1.00000e+12  1.00000e+12
2.35829e+02  1.00000e+00  1.00000e+12  0.00000e+00  1.00000e+12  1.00000e+12
2.35934e+02  1.00000e+00  1.00000e+12  0.00000e+00  1.00000e+12  1.00000e+12
2.36038e+02  1.00000e+00  1.00000e+12  0.00000e+00  1.00000e+12  1.00000e+12
2.36143e+02  1.00000e+00  1.00000e+12  0.00000e+00  1.00000e+12  1.00000e+12
2.36248e+02  1.00000e+00  1.00000e+12  0.00000e+00  1.00000e+12  1.00000e+12
2.36352e+02  1.00000e+00  1.00000e+12  0.00000e+00  1.00000e+12  1.00000e+12
2.36457e+02  1.00000e+00  1.00000e+12  0.00000e+00  1.00000e+12  1.00000e+12
2.36562e+02  1.00000e+00  1.00000e+12  0.00000e+00  1.00000e+12  1.00000e+12
2.36667e+02  1.00000e+00  1.00000e+12  0.00000e+00  1.00000e+12  1.00000e+12
2.36771e+02  1.00000e+00  1.00000e+12  0.00000e+00  1.00000e+12  1.00000e+12
2.36876e+02  1.00000e+00  1.00000e+12  0.00000e+00  1.00000e+12  1.00000e+12
2.36981e+02  1.00000e+00  1.00000e+12  0.00000e+00  1.00000e+12  1.00000e+12
2.37086e+02  1.00000e+00  1.00000e+12  0.00000e+00  1.00000e+12  1.00000e+12
2.37190e+02  1.00000e+00  1.00000e+12  0.00000e+00  1.00000e+12  1.00000e+12
2.37295e+02  1.00000e+00  1.00000e+12  0.00000e+00  1.00000e+12  1.00000e+12
2.37400e+02  1.00000e+00  1.00000e+12  0.00000e+00  1.00000e+12  1.00000e+12
2.37504e+02  1.00000e+00  1.00000e+12  0.00000e+00  1.00000e+12  1.00000e+12
2.37609e+02  1.00000e+00  1.00000e+12  0.00000e+00  1.00000e+12  1.00000e+12
2.37714e+02  1.00000e+00  1.00000e+12  0.00000e+00  1.00000e+12  1.00000e+12
2.37819e+02  1.00000e+00  1.00000e+12  0.00000e+00  1.00000e+12  1.00000e+12
2.37923e+02  1.00000e+00  1.00000e+12  0.00000e+00  1.00000e+12  1.00000e+12
2.38028e+02  1.00000e+00  1.00000e+12  0.00000e+00  1.00000e+12  1.00000e+12
2.38133e+02  1.00000e+00  1.00000e+12  0.00000e+00  1.00000e+12  1.00000e+12
2.38237e+02  1.00000e+00  1.00000e+12  0.00000e+00  1.00000e+12  1.00000e+12
2.38342e+02  1.00000e+00  1.00000e+12  0.00000e+00  1.00000e+12  1.00000e+12
2.38447e+02  1.00000e+00  1.00000e+12  0.00000e+00  1.00000e+12  1.00000e+12
2.38552e+02  1.00000e+00  1.00000e+12  0.00000e+00  1.00000e+12  1.00000e+12
2.38656e+02  1.00000e+00  1.00000e+12  0.00000e+00  1.00000e+12  1.00000e+12
2.38761e+02  1.00000e+00  1.00000e+12  0.00000e+00  1.00000e+12  1.00000e+12
2.38866e+02  1.00000e+00  1.00000e+12  0.00000e+00  1.00000e+12  1.00000e+12
2.38970e+02  1.00000e+00  1.00000e+12  0.00000e+00  1.00000e+12  1.00000e+12
2.39075e+02  1.00000e+00  1.00000e+12  0.00000e+00  1.00000e+12  1.00000e+12
2.39180e+02  1.00000e+00  1.00000e+12  0.00000e+00  1.00000e+12  1.00000e+12
2.39285e+02  1.00000e+00  1.00000e+12  0.00000e+00  1.00000e+12  1.00000e+12
2.39389e+02  1.00000e+00  1.00000e+12  0.00000e+00  1.00000e+12  1.00000e+12
2.39494e+02  1.00000e+00  1.00000e+12  0.00000e+00  1.00000e+12  1.00000e+12
2.39599e+02  1.00000e+00  1.00000e+12  0.00000e+00  1.00000e+12  1.00000e+12
2.39704e+02  1.00000e+00  1.00000e+12  0.00000e+00  1.00000e+12  1.00000e+12
2.39808e+02  1.00000e+00  1.00000e+12  0.00000e+00  1.00000e+12  1.00000e+12
2.39913e+02  1.00000e+00  1.00000e+12  0.00000e+00  1.00000e+12  1.00000e+12
2.40018e+02  1.00000e+00  1.00000e+12  0.00000e+00  1.00000e+12  1.00000e+12
2.40122e+02  1.00000e+00  1.00000e+12  0.00000e+00  1.00000e+12  1.00000e+12
2.40227e+02  1.00000e+00  1.00000e+12  0.00000e+00  1.00000e+12  1.00000e+12
2.40332e+02  1.00000e+00  1.00000e+12  0.00000e+00  1.00000e+12  1.00000e+12
2.40437e+02  1.00000e+00  1.00000e+12  0.00000e+00  1.00000e+12  1.00000e+12
2.40541e+02  1.00000e+00  1.00000e+12  0.00000e+00  1.00000e+12  1.00000e+12
2.40646e+02  1.00000e+00  1.00000e+12  0.00000e+00  1.00000e+12  1.00000e+12
2.40751e+02  1.00000e+00  1.00000e+12  0.00000e+00  1.00000e+12  1.00000e+12
2.40855e+02  1.00000e+00  1.00000e+12  0.00000e+00  1.00000e+12  1.00000e+12
2.40960e+02  1.00000e+00  1.00000e+12  0.00000e+00  1.00000e+12  1.00000e+12
2.41065e+02  1.00000e+00  1.00000e+12  0.00000e+00  1.00000e+12  1.00000e+12
2.41170e+02  1.00000e+00  1.00000e+12  0.00000e+00  1.00000e+12  1.00000e+12
2.41274e+02  1.00000e+00  1.00000e+12  0.00000e+00  1.00000e+12  1.00000e+12
2.41379e+02  1.00000e+00  1.00000e+12  0.00000e+00  1.00000e+12  1.00000e+12
2.41484e+02  1.00000e+00  1.00000e+12  0.00000e+00  1.00000e+12  1.00000e+12
2.41588e+02  1.00000e+00  1.00000e+12  0.00000e+00  1.00000e+12  1.00000e+12
2.41693e+02  1.00000e+00  1.00000e+12  0.00000e+00  1.00000e+12  1.00000e+12
2.41798e+02  1.00000e+00  1.00000e+12  0.00000e+00  1.00000e+12  1.00000e+12
2.41903e+02  1.00000e+00  1.00000e+12  0.00000e+00  1.00000e+12  1.00000e+12
2.42007e+02  1.00000e+00  1.00000e+12  0.00000e+00  1.00000e+12  1.00000e+12
2.42112e+02  1.00000e+00  1.00000e+12  0.00000e+00  1.00000e+12  1.00000e+12
2.42217e+02  1.00000e+00  1.00000e+12  0.00000e+00  1.00000e+12  1.00000e+12
2.42322e+02  1.00000e+00  1.00000e+12  0.00000e+00  1.00000e+12  1.00000e+12
2.42426e+02  1.00000e+00  1.00000e+12  0.00000e+00  1.00000e+12  1.00000e+12
2.42531e+02  1.00000e+00  1.00000e+12  0.00000e+00  1.00000e+12  1.00000e+12
2.42636e+02  1.00000e+00  1.00000e+12  0.00000e+00  1.00000e+12  1.00000e+12
2.42740e+02  1.00000e+00  1.00000e+12  0.00000e+00  1.00000e+12  1.00000e+12
2.42845e+02  1.00000e+00  1.00000e+12  0.00000e+00  1.00000e+12  1.00000e+12
2.42950e+02  1.00000e+00  1.00000e+12  0.00000e+00  1.00000e+12  1.00000e+12
2.43055e+02  1.00000e+00  1.00000e+12  0.00000e+00  1.00000e+12  1.00000e+12
2.43159e+02  1.00000e+00  1.00000e+12  0.00000e+00  1.00000e+12  1.00000e+12
2.43264e+02  1.00000e+00  1.00000e+12  0.00000e+00  1.00000e+12  1.00000e+12
2.43369e+02  1.00000e+00  1.00000e+12  0.00000e+00  1.00000e+12  1.00000e+12
2.43473e+02  1.00000e+00  1.00000e+12  0.00000e+00  1.00000e+12  1.00000e+12
2.43578e+02  1.00000e+00  1.00000e+12  0.00000e+00  1.00000e+12  1.00000e+12
2.43683e+02  1.00000e+00  1.00000e+12  0.00000e+00  1.00000e+12  1.00000e+12
2.43788e+02  1.00000e+00  1.00000e+12  0.00000e+00  1.00000e+12  1.00000e+12
2.43892e+02  1.00000e+00  1.00000e+12  0.00000e+00  1.00000e+12  1.00000e+12
2.43997e+02  1.00000e+00  1.00000e+12  0.00000e+00  1.00000e+12  1.00000e+12
2.44102e+02  1.00000e+00  1.00000e+12  0.00000e+00  1.00000e+12  1.00000e+12
2.44206e+02  1.00000e+00  1.00000e+12  0.00000e+00  1.00000e+12  1.00000e+12
2.44311e+02  1.00000e+00  1.00000e+12  0.00000e+00  1.00000e+12  1.00000e+12
2.44416e+02  1.00000e+00  1.00000e+12  0.00000e+00  1.00000e+12  1.00000e+12
2.44521e+02  1.00000e+00  1.00000e+12  0.00000e+00  1.00000e+12  1.00000e+12
2.44625e+02  1.00000e+00  1.00000e+12  0.00000e+00  1.00000e+12  1.00000e+12
2.44730e+02  1.00000e+00  1.00000e+12  0.00000e+00  1.00000e+12  1.00000e+12
2.44835e+02  1.00000e+00  1.00000e+12  0.00000e+00  1.00000e+12  1.00000e+12
2.44940e+02  1.00000e+00  1.00000e+12  0.00000e+00  1.00000e+12  1.00000e+12
2.45044e+02  1.00000e+00  1.00000e+12  0.00000e+00  1.00000e+12  1.00000e+12
2.45149e+02  1.00000e+00  1.00000e+12  0.00000e+00  1.00000e+12  1.00000e+12
2.45254e+02  1.00000e+00  1.00000e+12  0.00000e+00  1.00000e+12  1.00000e+12
2.45358e+02  1.00000e+00  1.00000e+12  0.00000e+00  1.00000e+12  1.00000e+12
2.45463e+02  1.00000e+00  1.00000e+12  0.00000e+00  1.00000e+12  1.00000e+12
2.45568e+02  1.00000e+00  1.00000e+12  0.00000e+00  1.00000e+12  1.00000e+12
2.45673e+02  1.00000e+00  1.00000e+12  0.00000e+00  1.00000e+12  1.00000e+12
2.45777e+02  1.00000e+00  1.00000e+12  0.00000e+00  1.00000e+12  1.00000e+12
2.45882e+02  1.00000e+00  1.00000e+12  0.00000e+00  1.00000e+12  1.00000e+12
2.45987e+02  1.00000e+00  1.00000e+12  0.00000e+00  1.00000e+12  1.00000e+12
2.46091e+02  1.00000e+00  1.00000e+12  0.00000e+00  1.00000e+12  1.00000e+12
2.46196e+02  1.00000e+00  1.00000e+12  0.00000e+00  1.00000e+12  1.00000e+12
2.46301e+02  1.00000e+00  1.00000e+12  0.00000e+00  1.00000e+12  1.00000e+12
2.46406e+02  1.00000e+00  1.00000e+12  0.00000e+00  1.00000e+12  1.00000e+12
2.46510e+02  1.00000e+00  1.00000e+12  0.00000e+00  1.00000e+12  1.00000e+12
2.46615e+02  1.00000e+00  1.00000e+12  0.00000e+00  1.00000e+12  1.00000e+12
2.46720e+02  1.00000e+00  1.00000e+12  0.00000e+00  1.00000e+12  1.00000e+12
2.46824e+02  1.00000e+00  1.00000e+12  0.00000e+00  1.00000e+12  1.00000e+12
2.46929e+02  1.00000e+00  1.00000e+12  0.00000e+00  1.00000e+12  1.00000e+12
2.47034e+02  1.00000e+00  1.00000e+12  0.00000e+00  1.00000e+12  1.00000e+12
2.47139e+02  1.00000e+00  1.00000e+12  0.00000e+00  1.00000e+12  1.00000e+12
2.47243e+02  1.00000e+00  1.00000e+12  0.00000e+00  1.00000e+12  1.00000e+12
2.47348e+02  1.00000e+00  1.00000e+12  0.00000e+00  1.00000e+12  1.00000e+12
2.47453e+02  1.00000e+00  1.00000e+12  0.00000e+00  1.00000e+12  1.00000e+12
2.47558e+02  1.00000e+00  1.00000e+12  0.00000e+00  1.00000e+12  1.00000e+12
2.47662e+02  1.00000e+00  1.00000e+12  0.00000e+00  1.00000e+12  1.00000e+12
2.47767e+02  1.00000e+00  1.00000e+12  0.00000e+00  1.00000e+12  1.00000e+12
2.47872e+02  1.00000e+00  1.00000e+12  0.00000e+00  1.00000e+12  1.00000e+12
2.47976e+02  1.00000e+00  1.00000e+12  0.00000e+00  1.00000e+12  1.00000e+12
2.48081e+02  1.00000e+00  1.00000e+12  0.00000e+00  1.00000e+12  1.00000e+12
2.48186e+02  1.00000e+00  1.00000e+12  0.00000e+00  1.00000e+12  1.00000e+12
2.48291e+02  1.00000e+00  1.00000e+12  0.00000e+00  1.00000e+12  1.00000e+12
2.48395e+02  1.00000e+00  1.00000e+12  0.00000e+00  1.00000e+12  1.00000e+12
2.48500e+02  1.00000e+00  1.00000e+12  0.00000e+00  1.00000e+12  1.00000e+12
2.48605e+02  1.00000e+00  1.00000e+12  0.00000e+00  1.00000e+12  1.00000e+12
2.48709e+02  1.00000e+00  1.00000e+12  0.00000e+00  1.00000e+12  1.00000e+12
2.48814e+02  1.00000e+00  1.00000e+12  0.00000e+00  1.00000e+12  1.00000e+12
2.48919e+02  1.00000e+00  1.00000e+12  0.00000e+00  1.00000e+12  1.00000e+12
2.49024e+02  1.00000e+00  1.00000e+12  0.00000e+00  1.00000e+12  1.00000e+12
2.49128e+02  1.00000e+00  1.00000e+12  0.00000e+00  1.00000e+12  1.00000e+12
2.49233e+02  1.00000e+00  1.00000e+12  0.00000e+00  1.00000e+12  1.00000e+12
2.49338e+02  1.00000e+00  1.00000e+12  0.00000e+00  1.00000e+12  1.00000e+12
2.49442e+02  1.00000e+00  1.00000e+12  0.00000e+00  1.00000e+12  1.00000e+12
2.49547e+02  1.00000e+00  1.00000e+12  0.00000e+00  1.00000e+12  1.00000e+12
2.49652e+02  1.00000e+00  1.00000e+12  0.00000e+00  1.00000e+12  1.00000e+12
2.49757e+02  1.00000e+00  1.00000e+12  0.00000e+00  1.00000e+12  1.00000e+12
2.49861e+02  1.00000e+00  1.00000e+12  0.00000e+00  1.00000e+12  1.00000e+12
2.49966e+02  1.00000e+00  1.00000e+12  0.00000e+00  1.00000e+12  1.00000e+12
2.50071e+02  1.00000e+00  1.00000e+12  0.00000e+00  1.00000e+12  1.00000e+12
2.50175e+02  1.00000e+00  1.00000e+12  0.00000e+00  1.00000e+12  1.00000e+12
2.50280e+02  1.00000e+00  1.00000e+12  0.00000e+00  1.00000e+12  1.00000e+12
2.50385e+02  1.00000e+00  1.00000e+12  0.00000e+00  1.00000e+12  1.00000e+12
2.50490e+02  1.00000e+00  1.00000e+12  0.00000e+00  1.00000e+12  1.00000e+12
2.50594e+02  1.00000e+00  1.00000e+12  0.00000e+00  1.00000e+12  1.00000e+12
2.50699e+02  1.00000e+00  1.00000e+12  0.00000e+00  1.00000e+12  1.00000e+12
2.50804e+02  1.00000e+00  1.00000e+12  0.00000e+00  1.00000e+12  1.00000e+12
2.50909e+02  1.00000e+00  1.00000e+12  0.00000e+00  1.00000e+12  1.00000e+12
2.51013e+02  1.00000e+00  1.00000e+12  0.00000e+00  1.00000e+12  1.00000e+12
2.51118e+02  1.00000e+00  1.00000e+12  0.00000e+00  1.00000e+12  1.00000e+12
2.51223e+02  1.00000e+00  1.00000e+12  0.00000e+00  1.00000e+12  1.00000e+12
2.51327e+02  1.00000e+00  1.00000e+12  0.00000e+00  1.00000e+12  1.00000e+12
2.51432e+02  1.00000e+00  1.00000e+12  0.00000e+00  1.00000e+12  1.00000e+12
2.51537e+02  1.00000e+00  1.00000e+12  0.00000e+00  1.00000e+12  1.00000e+12
2.51642e+02  1.00000e+00  1.00000e+12  0.00000e+00  1.00000e+12  1.00000e+12
2.51746e+02  1.00000e+00  1.00000e+12  0.00000e+00  1.00000e+12  1.00000e+12
2.51851e+02  1.00000e+00  1.00000e+12  0.00000e+00  1.00000e+12  1.00000e+12
2.51956e+02  1.00000e+00  1.00000e+12  0.00000e+00  1.00000e+12  1.00000e+12
2.52060e+02  1.00000e+00  1.00000e+12  0.00000e+00  1.00000e+12  1.00000e+12
2.52165e+02  1.00000e+00  1.00000e+12  0.00000e+00  1.00000e+12  1.00000e+12
2.52270e+02  1.00000e+00  1.00000e+12  0.00000e+00  1.00000e+12  1.00000e+12
2.52375e+02  1.00000e+00  1.00000e+12  0.00000e+00  1.00000e+12  1.00000e+12
2.52479e+02  1.00000e+00  1.00000e+12  0.00000e+00  1.00000e+12  1.00000e+12
2.52584e+02  1.00000e+00  1.00000e+12  0.00000e+00  1.00000e+12  1.00000e+12
2.52689e+02  1.00000e+00  1.00000e+12  0.00000e+00  1.00000e+12  1.00000e+12
2.52793e+02  1.00000e+00  1.00000e+12  0.00000e+00  1.00000e+12  1.00000e+12
2.52898e+02  1.00000e+00  1.00000e+12  0.00000e+00  1.00000e+12  1.00000e+12
2.53003e+02  1.00000e+00  1.00000e+12  0.00000e+00  1.00000e+12  1.00000e+12
2.53108e+02  1.00000e+00  1.00000e+12  0.00000e+00  1.00000e+12  1.00000e+12
2.53212e+02  1.00000e+00  1.00000e+12  0.00000e+00  1.00000e+12  1.00000e+12
2.53317e+02  1.00000e+00  1.00000e+12  0.00000e+00  1.00000e+12  1.00000e+12
2.53422e+02  1.00000e+00  1.00000e+12  0.00000e+00  1.00000e+12  1.00000e+12
2.53527e+02  1.00000e+00  1.00000e+12  0.00000e+00  1.00000e+12  1.00000e+12
2.53631e+02  1.00000e+00  1.00000e+12  0.00000e+00  1.00000e+12  1.00000e+12
2.53736e+02  1.00000e+00  1.00000e+12  0.00000e+00  1.00000e+12  1.00000e+12
2.53841e+02  1.00000e+00  1.00000e+12  0.00000e+00  1.00000e+12  1.00000e+12
2.53945e+02  1.00000e+00  1.00000e+12  0.00000e+00  1.00000e+12  1.00000e+12
2.54050e+02  1.00000e+00  1.00000e+12  0.00000e+00  1.00000e+12  1.00000e+12
2.54155e+02  1.00000e+00  1.00000e+12  0.00000e+00  1.00000e+12  1.00000e+12
2.54260e+02  1.00000e+00  1.00000e+12  0.00000e+00  1.00000e+12  1.00000e+12
2.54364e+02  1.00000e+00  1.00000e+12  0.00000e+00  1.00000e+12  1.00000e+12
2.54469e+02  1.00000e+00  1.00000e+12  0.00000e+00  1.00000e+12  1.00000e+12
2.54574e+02  1.00000e+00  1.00000e+12  0.00000e+00  1.00000e+12  1.00000e+12
2.54678e+02  1.00000e+00  1.00000e+12  0.00000e+00  1.00000e+12  1.00000e+12
2.54783e+02  1.00000e+00  1.00000e+12  0.00000e+00  1.00000e+12  1.00000e+12
2.54888e+02  1.00000e+00  1.00000e+12  0.00000e+00  1.00000e+12  1.00000e+12
2.54993e+02  1.00000e+00  1.00000e+12  0.00000e+00  1.00000e+12  1.00000e+12
2.55097e+02  1.00000e+00  1.00000e+12  0.00000e+00  1.00000e+12  1.00000e+12
2.55202e+02  1.00000e+00  1.00000e+12  0.00000e+00  1.00000e+12  1.00000e+12
2.55307e+02  1.00000e+00  1.00000e+12  0.00000e+00  1.00000e+12  1.00000e+12
2.55411e+02  1.00000e+00  1.00000e+12  0.00000e+00  1.00000e+12  1.00000e+12
2.55516e+02  1.00000e+00  1.00000e+12  0.00000e+00  1.00000e+12  1.00000e+12
2.55621e+02  1.00000e+00  1.00000e+12  0.00000e+00  1.00000e+12  1.00000e+12
2.55726e+02  1.00000e+00  1.00000e+12  0.00000e+00  1.00000e+12  1.00000e+12
2.55830e+02  1.00000e+00  1.00000e+12  0.00000e+00  1.00000e+12  1.00000e+12
2.55935e+02  1.00000e+00  1.00000e+12  0.00000e+00  1.00000e+12  1.00000e+12
2.56040e+02  1.00000e+00  1.00000e+12  0.00000e+00  1.00000e+12  1.00000e+12
2.56145e+02  1.00000e+00  1.00000e+12  0.00000e+00  1.00000e+12  1.00000e+12
2.56249e+02  1.00000e+00  1.00000e+12  0.00000e+00  1.00000e+12  1.00000e+12
2.56354e+02  1.00000e+00  1.00000e+12  0.00000e+00  1.00000e+12  1.00000e+12
2.56459e+02  1.00000e+00  1.00000e+12  0.00000e+00  1.00000e+12  1.00000e+12
2.56563e+02  1.00000e+00  1.00000e+12  0.00000e+00  1.00000e+12  1.00000e+12
2.56668e+02  1.00000e+00  1.00000e+12  0.00000e+00  1.00000e+12  1.00000e+12
2.56773e+02  1.00000e+00  1.00000e+12  0.00000e+00  1.00000e+12  1.00000e+12
2.56878e+02  1.00000e+00  1.00000e+12  0.00000e+00  1.00000e+12  1.00000e+12
2.56982e+02  1.00000e+00  1.00000e+12  0.00000e+00  1.00000e+12  1.00000e+12
2.57087e+02  1.00000e+00  1.00000e+12  0.00000e+00  1.00000e+12  1.00000e+12
2.57192e+02  1.00000e+00  1.00000e+12  0.00000e+00  1.00000e+12  1.00000e+12
2.57296e+02  1.00000e+00  1.00000e+12  0.00000e+00  1.00000e+12  1.00000e+12
2.57401e+02  1.00000e+00  1.00000e+12  0.00000e+00  1.00000e+12  1.00000e+12
2.57506e+02  1.00000e+00  1.00000e+12  0.00000e+00  1.00000e+12  1.00000e+12
2.57611e+02  1.00000e+00  1.00000e+12  0.00000e+00  1.00000e+12  1.00000e+12
2.57715e+02  1.00000e+00  1.00000e+12  0.00000e+00  1.00000e+12  1.00000e+12
2.57820e+02  1.00000e+00  1.00000e+12  0.00000e+00  1.00000e+12  1.00000e+12
2.57925e+02  1.00000e+00  1.00000e+12  0.00000e+00  1.00000e+12  1.00000e+12
2.58029e+02  1.00000e+00  1.00000e+12  0.00000e+00  1.00000e+12  1.00000e+12
2.58134e+02  1.00000e+00  1.00000e+12  0.00000e+00  1.00000e+12  1.00000e+12
2.58239e+02  1.00000e+00  1.00000e+12  0.00000e+00  1.00000e+12  1.00000e+12
2.58344e+02  1.00000e+00  1.00000e+12  0.00000e+00  1.00000e+12  1.00000e+12
2.58448e+02  1.00000e+00  1.00000e+12  0.00000e+00  1.00000e+12  1.00000e+12
2.58553e+02  1.00000e+00  1.00000e+12  0.00000e+00  1.00000e+12  1.00000e+12
2.58658e+02  1.00000e+00  1.00000e+12  0.00000e+00  1.00000e+12  1.00000e+12
2.58763e+02  1.00000e+00  1.00000e+12  0.00000e+00  1.00000e+12  1.00000e+12
2.58867e+02  1.00000e+00  1.00000e+12  0.00000e+00  1.00000e+12  1.00000e+12
2.58972e+02  1.00000e+00  1.00000e+12  0.00000e+00  1.00000e+12  1.00000e+12
2.59077e+02  1.00000e+00  1.00000e+12  0.00000e+00  1.00000e+12  1.00000e+12
2.59181e+02  1.00000e+00  1.00000e+12  0.00000e+00  1.00000e+12  1.00000e+12
2.59286e+02  1.00000e+00  1.00000e+12  0.00000e+00  1.00000e+12  1.00000e+12
2.59391e+02  1.00000e+00  1.00000e+12  0.00000e+00  1.00000e+12  1.00000e+12
2.59496e+02  1.00000e+00  1.00000e+12  0.00000e+00  1.00000e+12  1.00000e+12
2.59600e+02  1.00000e+00  1.00000e+12  0.00000e+00  1.00000e+12  1.00000e+12
2.59705e+02  1.00000e+00  1.00000e+12  0.00000e+00  1.00000e+12  1.00000e+12
2.59810e+02  1.00000e+00  1.00000e+12  0.00000e+00  1.00000e+12  1.00000e+12
2.59914e+02  1.00000e+00  1.00000e+12  0.00000e+00  1.00000e+12  1.00000e+12
2.60019e+02  1.00000e+00  1.00000e+12  0.00000e+00  1.00000e+12  1.00000e+12
2.60124e+02  1.00000e+00  1.00000e+12  0.00000e+00  1.00000e+12  1.00000e+12
2.60229e+02  1.00000e+00  1.00000e+12  0.00000e+00  1.00000e+12  1.00000e+12
2.60333e+02  1.00000e+00  1.00000e+12  0.00000e+00  1.00000e+12  1.00000e+12
2.60438e+02  1.00000e+00  1.00000e+12  0.00000e+00  1.00000e+12  1.00000e+12
2.60543e+02  1.00000e+00  1.00000e+12  0.00000e+00  1.00000e+12  1.00000e+12
2.60647e+02  1.00000e+00  1.00000e+12  0.00000e+00  1.00000e+12  1.00000e+12
2.60752e+02  1.00000e+00  1.00000e+12  0.00000e+00  1.00000e+12  1.00000e+12
2.60857e+02  1.00000e+00  1.00000e+12  0.00000e+00  1.00000e+12  1.00000e+12
2.60962e+02  1.00000e+00  1.00000e+12  0.00000e+00  1.00000e+12  1.00000e+12
2.61066e+02  1.00000e+00  1.00000e+12  0.00000e+00  1.00000e+12  1.00000e+12
2.61171e+02  1.00000e+00  1.00000e+12  0.00000e+00  1.00000e+12  1.00000e+12
2.61276e+02  1.00000e+00  1.00000e+12  0.00000e+00  1.00000e+12  1.00000e+12
2.61381e+02  1.00000e+00  1.00000e+12  0.00000e+00  1.00000e+12  1.00000e+12
2.61485e+02  1.00000e+00  1.00000e+12  0.00000e+00  1.00000e+12  1.00000e+12
2.61590e+02  1.00000e+00  1.00000e+12  0.00000e+00  1.00000e+12  1.00000e+12
2.61695e+02  1.00000e+00  1.00000e+12  0.00000e+00  1.00000e+12  1.00000e+12
2.61799e+02  1.00000e+00  1.00000e+12  0.00000e+00  1.00000e+12  1.00000e+12
2.61904e+02  1.00000e+00  1.00000e+12  0.00000e+00  1.00000e+12  1.00000e+12
2.62009e+02  1.00000e+00  1.00000e+12  0.00000e+00  1.00000e+12  1.00000e+12
2.62114e+02  1.00000e+00  1.00000e+12  0.00000e+00  1.00000e+12  1.00000e+12
2.62218e+02  1.00000e+00  1.00000e+12  0.00000e+00  1.00000e+12  1.00000e+12
2.62323e+02  1.00000e+00  1.00000e+12  0.00000e+00  1.00000e+12  1.00000e+12
2.62428e+02  1.00000e+00  1.00000e+12  0.00000e+00  1.00000e+12  1.00000e+12
2.62532e+02  1.00000e+00  1.00000e+12  0.00000e+00  1.00000e+12  1.00000e+12
2.62637e+02  1.00000e+00  1.00000e+12  0.00000e+00  1.00000e+12  1.00000e+12
2.62742e+02  1.00000e+00  1.00000e+12  0.00000e+00  1.00000e+12  1.00000e+12
2.62847e+02  1.00000e+00  1.00000e+12  0.00000e+00  1.00000e+12  1.00000e+12
2.62951e+02  1.00000e+00  1.00000e+12  0.00000e+00  1.00000e+12  1.00000e+12
2.63056e+02  1.00000e+00  1.00000e+12  0.00000e+00  1.00000e+12  1.00000e+12
2.63161e+02  1.00000e+00  1.00000e+12  0.00000e+00  1.00000e+12  1.00000e+12
2.63265e+02  1.00000e+00  1.00000e+12  0.00000e+00  1.00000e+12  1.00000e+12
2.63370e+02  1.00000e+00  1.00000e+12  0.00000e+00  1.00000e+12  1.00000e+12
2.63475e+02  1.00000e+00  1.00000e+12  0.00000e+00  1.00000e+12  1.00000e+12
2.63580e+02  1.00000e+00  1.00000e+12  0.00000e+00  1.00000e+12  1.00000e+12
2.63684e+02  1.00000e+00  1.00000e+12  0.00000e+00  1.00000e+12  1.00000e+12
2.63789e+02  1.00000e+00  1.00000e+12  0.00000e+00  1.00000e+12  1.00000e+12
2.63894e+02  1.00000e+00  1.00000e+12  0.00000e+00  1.00000e+12  1.00000e+12
2.63999e+02  1.00000e+00  1.00000e+12  0.00000e+00  1.00000e+12  1.00000e+12
2.64103e+02  1.00000e+00  1.00000e+12  0.00000e+00  1.00000e+12  1.00000e+12
2.64208e+02  1.00000e+00  1.00000e+12  0.00000e+00  1.00000e+12  1.00000e+12
2.64313e+02  1.00000e+00  1.00000e+12  0.00000e+00  1.00000e+12  1.00000e+12
2.64417e+02  1.00000e+00  1.00000e+12  0.00000e+00  1.00000e+12  1.00000e+12
2.64522e+02  1.00000e+00  1.00000e+12  0.00000e+00  1.00000e+12  1.00000e+12
2.64627e+02  1.00000e+00  1.00000e+12  0.00000e+00  1.00000e+12  1.00000e+12
2.64732e+02  1.00000e+00  1.00000e+12  0.00000e+00  1.00000e+12  1.00000e+12
2.64836e+02  1.00000e+00  1.00000e+12  0.00000e+00  1.00000e+12  1.00000e+12
2.64941e+02  1.00000e+00  1.00000e+12  0.00000e+00  1.00000e+12  1.00000e+12
2.65046e+02  1.00000e+00  1.00000e+12  0.00000e+00  1.00000e+12  1.00000e+12
2.65150e+02  1.00000e+00  1.00000e+12  0.00000e+00  1.00000e+12  1.00000e+12
2.65255e+02  1.00000e+00  1.00000e+12  0.00000e+00  1.00000e+12  1.00000e+12
2.65360e+02  1.00000e+00  1.00000e+12  0.00000e+00  1.00000e+12  1.00000e+12
2.65465e+02  1.00000e+00  1.00000e+12  0.00000e+00  1.00000e+12  1.00000e+12
2.65569e+02  1.00000e+00  1.00000e+12  0.00000e+00  1.00000e+12  1.00000e+12
2.65674e+02  1.00000e+00  1.00000e+12  0.00000e+00  1.00000e+12  1.00000e+12
2.65779e+02  1.00000e+00  1.00000e+12  0.00000e+00  1.00000e+12  1.00000e+12
2.65883e+02  1.00000e+00  1.00000e+12  0.00000e+00  1.00000e+12  1.00000e+12
2.65988e+02  1.00000e+00  1.00000e+12  0.00000e+00  1.00000e+12  1.00000e+12
2.66093e+02  1.00000e+00  1.00000e+12  0.00000e+00  1.00000e+12  1.00000e+12
2.66198e+02  1.00000e+00  1.00000e+12  0.00000e+00  1.00000e+12  1.00000e+12
2.66302e+02  1.00000e+00  1.00000e+12  0.00000e+00  1.00000e+12  1.00000e+12
2.66407e+02  1.00000e+00  1.00000e+12  0.00000e+00  1.00000e+12  1.00000e+12
2.66512e+02  1.00000e+00  1.00000e+12  0.00000e+00  1.00000e+12  1.00000e+12
2.66616e+02  1.00000e+00  1.00000e+12  0.00000e+00  1.00000e+12  1.00000e+12
2.66721e+02  1.00000e+00  1.00000e+12  0.00000e+00  1.00000e+12  1.00000e+12
2.66826e+02  1.00000e+00  1.00000e+12  0.00000e+00  1.00000e+12  1.00000e+12
2.66931e+02  1.00000e+00  1.00000e+12  0.00000e+00  1.00000e+12  1.00000e+12
2.67035e+02  1.00000e+00  1.00000e+12  0.00000e+00  1.00000e+12  1.00000e+12
2.67140e+02  1.00000e+00  1.00000e+12  0.00000e+00  1.00000e+12  1.00000e+12
2.67245e+02  1.00000e+00  1.00000e+12  0.00000e+00  1.00000e+12  1.00000e+12
2.67350e+02  1.00000e+00  1.00000e+12  0.00000e+00  1.00000e+12  1.00000e+12
2.67454e+02  1.00000e+00  1.00000e+12  0.00000e+00  1.00000e+12  1.00000e+12
2.67559e+02  1.00000e+00  1.00000e+12  0.00000e+00  1.00000e+12  1.00000e+12
2.67664e+02  1.00000e+00  1.00000e+12  0.00000e+00  1.00000e+12  1.00000e+12
2.67768e+02  1.00000e+00  1.00000e+12  0.00000e+00  1.00000e+12  1.00000e+12
2.67873e+02  1.00000e+00  1.00000e+12  0.00000e+00  1.00000e+12  1.00000e+12
2.67978e+02  1.00000e+00  1.00000e+12  0.00000e+00  1.00000e+12  1.00000e+12
2.68083e+02  1.00000e+00  1.00000e+12  0.00000e+00  1.00000e+12  1.00000e+12
2.68187e+02  1.00000e+00  1.00000e+12  0.00000e+00  1.00000e+12  1.00000e+12
2.68292e+02  1.00000e+00  1.00000e+12  0.00000e+00  1.00000e+12  1.00000e+12
2.68397e+02  1.00000e+00  1.00000e+12  0.00000e+00  1.00000e+12  1.00000e+12
2.68501e+02  1.00000e+00  1.00000e+12  0.00000e+00  1.00000e+12  1.00000e+12
2.68606e+02  1.00000e+00  1.00000e+12  0.00000e+00  1.00000e+12  1.00000e+12
2.68711e+02  1.00000e+00  1.00000e+12  0.00000e+00  1.00000e+12  1.00000e+12
2.68816e+02  1.00000e+00  1.00000e+12  0.00000e+00  1.00000e+12  1.00000e+12
2.68920e+02  1.00000e+00  1.00000e+12  0.00000e+00  1.00000e+12  1.00000e+12
2.69025e+02  1.00000e+00  1.00000e+12  0.00000e+00  1.00000e+12  1.00000e+12
2.69130e+02  1.00000e+00  1.00000e+12  0.00000e+00  1.00000e+12  1.00000e+12
2.69234e+02  1.00000e+00  1.00000e+12  0.00000e+00  1.00000e+12  1.00000e+12
2.69339e+02  1.00000e+00  1.00000e+12  0.00000e+00  1.00000e+12  1.00000e+12
2.69444e+02  1.00000e+00  1.00000e+12  0.00000e+00  1.00000e+12  1.00000e+12
2.69549e+02  1.00000e+00  1.00000e+12  0.00000e+00  1.00000e+12  1.00000e+12
2.69653e+02  1.00000e+00  1.00000e+12  0.00000e+00  1.00000e+12  1.00000e+12
2.69758e+02  1.00000e+00  1.00000e+12  0.00000e+00  1.00000e+12  1.00000e+12
2.69863e+02  1.00000e+00  1.00000e+12  0.00000e+00  1.00000e+12  1.00000e+12
2.69968e+02  1.00000e+00  1.00000e+12  0.00000e+00  1.00000e+12  1.00000e+12
2.70072e+02  1.00000e+00  1.00000e+12  0.00000e+00  1.00000e+12  1.00000e+12
2.70177e+02  1.00000e+00  1.00000e+12  0.00000e+00  1.00000e+12  1.00000e+12
2.70282e+02  1.00000e+00  1.00000e+12  0.00000e+00  1.00000e+12  1.00000e+12
2.70386e+02  1.00000e+00  1.00000e+12  0.00000e+00  1.00000e+12  1.00000e+12
2.70491e+02  1.00000e+00  1.00000e+12  0.00000e+00  1.00000e+12  1.00000e+12
2.70596e+02  1.00000e+00  1.00000e+12  0.00000e+00  1.00000e+12  1.00000e+12
2.70701e+02  1.00000e+00  1.00000e+12  0.00000e+00  1.00000e+12  1.00000e+12
2.70805e+02  1.00000e+00  1.00000e+12  0.00000e+00  1.00000e+12  1.00000e+12
2.70910e+02  1.00000e+00  1.00000e+12  0.00000e+00  1.00000e+12  1.00000e+12
2.71015e+02  1.00000e+00  1.00000e+12  0.00000e+00  1.00000e+12  1.00000e+12
2.71119e+02  1.00000e+00  1.00000e+12  0.00000e+00  1.00000e+12  1.00000e+12
2.71224e+02  1.00000e+00  1.00000e+12  0.00000e+00  1.00000e+12  1.00000e+12
2.71329e+02  1.00000e+00  1.00000e+12  0.00000e+00  1.00000e+12  1.00000e+12
2.71434e+02  1.00000e+00  1.00000e+12  0.00000e+00  1.00000e+12  1.00000e+12
2.71538e+02  1.00000e+00  1.00000e+12  0.00000e+00  1.00000e+12  1.00000e+12
2.71643e+02  1.00000e+00  1.00000e+12  0.00000e+00  1.00000e+12  1.00000e+12
2.71748e+02  1.00000e+00  1.00000e+12  0.00000e+00  1.00000e+12  1.00000e+12
2.71852e+02  1.00000e+00  1.00000e+12  0.00000e+00  1.00000e+12  1.00000e+12
2.71957e+02  1.00000e+00  1.00000e+12  0.00000e+00  1.00000e+12  1.00000e+12
2.72062e+02  1.00000e+00  1.00000e+12  0.00000e+00  1.00000e+12  1.00000e+12
2.72167e+02  1.00000e+00  1.00000e+12  0.00000e+00  1.00000e+12  1.00000e+12
2.72271e+02  1.00000e+00  1.00000e+12  0.00000e+00  1.00000e+12  1.00000e+12
2.72376e+02  1.00000e+00  1.00000e+12  0.00000e+00  1.00000e+12  1.00000e+12
2.72481e+02  1.00000e+00  1.00000e+12  0.00000e+00  1.00000e+12  1.00000e+12
2.72586e+02  1.00000e+00  1.00000e+12  0.00000e+00  1.00000e+12  1.00000e+12
2.72690e+02  1.00000e+00  1.00000e+12  0.00000e+00  1.00000e+12  1.00000e+12
2.72795e+02  1.00000e+00  1.00000e+12  0.00000e+00  1.00000e+12  1.00000e+12
2.72900e+02  1.00000e+00  1.00000e+12  0.00000e+00  1.00000e+12  1.00000e+12
2.73004e+02  1.00000e+00  1.00000e+12  0.00000e+00  1.00000e+12  1.00000e+12
2.73109e+02  1.00000e+00  1.00000e+12  0.00000e+00  1.00000e+12  1.00000e+12
2.73214e+02  1.00000e+00  1.00000e+12  0.00000e+00  1.00000e+12  1.00000e+12
2.73319e+02  1.00000e+00  1.00000e+12  0.00000e+00  1.00000e+12  1.00000e+12
2.73423e+02  1.00000e+00  1.00000e+12  0.00000e+00  1.00000e+12  1.00000e+12
2.73528e+02  1.00000e+00  1.00000e+12  0.00000e+00  1.00000e+12  1.00000e+12
2.73633e+02  1.00000e+00  1.00000e+12  0.00000e+00  1.00000e+12  1.00000e+12
2.73737e+02  1.00000e+00  1.00000e+12  0.00000e+00  1.00000e+12  1.00000e+12
2.73842e+02  1.00000e+00  1.00000e+12  0.00000e+00  1.00000e+12  1.00000e+12
2.73947e+02  1.00000e+00  1.00000e+12  0.00000e+00  1.00000e+12  1.00000e+12
2.74052e+02  1.00000e+00  1.00000e+12  0.00000e+00  1.00000e+12  1.00000e+12
2.74156e+02  1.00000e+00  1.00000e+12  0.00000e+00  1.00000e+12  1.00000e+12
2.74261e+02  1.00000e+00  1.00000e+12  0.00000e+00  1.00000e+12  1.00000e+12
2.74366e+02  1.00000e+00  1.00000e+12  0.00000e+00  1.00000e+12  1.00000e+12
2.74470e+02  1.00000e+00  1.00000e+12  0.00000e+00  1.00000e+12  1.00000e+12
2.74575e+02  1.00000e+00  1.00000e+12  0.00000e+00  1.00000e+12  1.00000e+12
2.74680e+02  1.00000e+00  1.00000e+12  0.00000e+00  1.00000e+12  1.00000e+12
2.74785e+02  1.00000e+00  1.00000e+12  0.00000e+00  1.00000e+12  1.00000e+12
2.74889e+02  1.00000e+00  1.00000e+12  0.00000e+00  1.00000e+12  1.00000e+12
2.74994e+02  1.00000e+00  1.00000e+12  0.00000e+00  1.00000e+12  1.00000e+12
2.75099e+02  1.00000e+00  1.00000e+12  0.00000e+00  1.00000e+12  1.00000e+12
2.75204e+02  1.00000e+00  1.00000e+12  0.00000e+00  1.00000e+12  1.00000e+12
2.75308e+02  1.00000e+00  1.00000e+12  0.00000e+00  1.00000e+12  1.00000e+12
2.75413e+02  1.00000e+00  1.00000e+12  0.00000e+00  1.00000e+12  1.00000e+12
2.75518e+02  1.00000e+00  1.00000e+12  0.00000e+00  1.00000e+12  1.00000e+12
2.75622e+02  1.00000e+00  1.00000e+12  0.00000e+00  1.00000e+12  1.00000e+12
2.75727e+02  1.00000e+00  1.00000e+12  0.00000e+00  1.00000e+12  1.00000e+12
2.75832e+02  1.00000e+00  1.00000e+12  0.00000e+00  1.00000e+12  1.00000e+12
2.75937e+02  1.00000e+00  1.00000e+12  0.00000e+00  1.00000e+12  1.00000e+12
2.76041e+02  1.00000e+00  1.00000e+12  0.00000e+00  1.00000e+12  1.00000e+12
2.76146e+02  1.00000e+00  1.00000e+12  0.00000e+00  1.00000e+12  1.00000e+12
2.76251e+02  1.00000e+00  1.00000e+12  0.00000e+00  1.00000e+12  1.00000e+12
2.76355e+02  1.00000e+00  1.00000e+12  0.00000e+00  1.00000e+12  1.00000e+12
2.76460e+02  1.00000e+00  1.00000e+12  0.00000e+00  1.00000e+12  1.00000e+12
2.76565e+02  1.00000e+00  1.00000e+12  0.00000e+00  1.00000e+12  1.00000e+12
2.76670e+02  1.00000e+00  1.00000e+12  0.00000e+00  1.00000e+12  1.00000e+12
2.76774e+02  1.00000e+00  1.00000e+12  0.00000e+00  1.00000e+12  1.00000e+12
2.76879e+02  1.00000e+00  1.00000e+12  0.00000e+00  1.00000e+12  1.00000e+12
2.76984e+02  1.00000e+00  1.00000e+12  0.00000e+00  1.00000e+12  1.00000e+12
2.77088e+02  1.00000e+00  1.00000e+12  0.00000e+00  1.00000e+12  1.00000e+12
2.77193e+02  1.00000e+00  1.00000e+12  0.00000e+00  1.00000e+12  1.00000e+12
2.77298e+02  1.00000e+00  1.00000e+12  0.00000e+00  1.00000e+12  1.00000e+12
2.77403e+02  1.00000e+00  1.00000e+12  0.00000e+00  1.00000e+12  1.00000e+12
2.77507e+02  1.00000e+00  1.00000e+12  0.00000e+00  1.00000e+12  1.00000e+12
2.77612e+02  1.00000e+00  1.00000e+12  0.00000e+00  1.00000e+12  1.00000e+12
2.77717e+02  1.00000e+00  1.00000e+12  0.00000e+00  1.00000e+12  1.00000e+12
2.77822e+02  1.00000e+00  1.00000e+12  0.00000e+00  1.00000e+12  1.00000e+12
2.77926e+02  1.00000e+00  1.00000e+12  0.00000e+00  1.00000e+12  1.00000e+12
2.78031e+02  1.00000e+00  1.00000e+12  0.00000e+00  1.00000e+12  1.00000e+12
2.78136e+02  1.00000e+00  1.00000e+12  0.00000e+00  1.00000e+12  1.00000e+12
2.78240e+02  1.00000e+00  1.00000e+12  0.00000e+00  1.00000e+12  1.00000e+12
2.78345e+02  1.00000e+00  1.00000e+12  0.00000e+00  1.00000e+12  1.00000e+12
2.78450e+02  1.00000e+00  1.00000e+12  0.00000e+00  1.00000e+12  1.00000e+12
2.78555e+02  1.00000e+00  1.00000e+12  0.00000e+00  1.00000e+12  1.00000e+12
2.78659e+02  1.00000e+00  1.00000e+12  0.00000e+00  1.00000e+12  1.00000e+12
2.78764e+02  1.00000e+00  1.00000e+12  0.00000e+00  1.00000e+12  1.00000e+12
2.78869e+02  1.00000e+00  1.00000e+12  0.00000e+00  1.00000e+12  1.00000e+12
2.78973e+02  1.00000e+00  1.00000e+12  0.00000e+00  1.00000e+12  1.00000e+12
2.79078e+02  1.00000e+00  1.00000e+12  0.00000e+00  1.00000e+12  1.00000e+12
2.79183e+02  1.00000e+00  1.00000e+12  0.00000e+00  1.00000e+12  1.00000e+12
2.79288e+02  1.00000e+00  1.00000e+12  0.00000e+00  1.00000e+12  1.00000e+12
2.79392e+02  1.00000e+00  1.00000e+12  0.00000e+00  1.00000e+12  1.00000e+12
2.79497e+02  1.00000e+00  1.00000e+12  0.00000e+00  1.00000e+12  1.00000e+12
2.79602e+02  1.00000e+00  1.00000e+12  0.00000e+00  1.00000e+12  1.00000e+12
2.79706e+02  1.00000e+00  1.00000e+12  0.00000e+00  1.00000e+12  1.00000e+12
2.79811e+02  1.00000e+00  1.00000e+12  0.00000e+00  1.00000e+12  1.00000e+12
2.79916e+02  1.00000e+00  1.00000e+12  0.00000e+00  1.00000e+12  1.00000e+12
2.80021e+02  1.00000e+00  1.00000e+12  0.00000e+00  1.00000e+12  1.00000e+12
2.80125e+02  1.00000e+00  1.00000e+12  0.00000e+00  1.00000e+12  1.00000e+12
2.80230e+02  1.00000e+00  1.00000e+12  0.00000e+00  1.00000e+12  1.00000e+12
2.80335e+02  1.00000e+00  1.00000e+12  0.00000e+00  1.00000e+12  1.00000e+12
2.80440e+02  1.00000e+00  1.00000e+12  0.00000e+00  1.00000e+12  1.00000e+12
2.80544e+02  1.00000e+00  1.00000e+12  0.00000e+00  1.00000e+12  1.00000e+12
2.80649e+02  1.00000e+00  1.00000e+12  0.00000e+00  1.00000e+12  1.00000e+12
2.80754e+02  1.00000e+00  1.00000e+12  0.00000e+00  1.00000e+12  1.00000e+12
2.80858e+02  1.00000e+00  1.00000e+12  0.00000e+00  1.00000e+12  1.00000e+12
2.80963e+02  1.00000e+00  1.00000e+12  0.00000e+00  1.00000e+12  1.00000e+12
2.81068e+02  1.00000e+00  1.00000e+12  0.00000e+00  1.00000e+12  1.00000e+12
2.81173e+02  1.00000e+00  1.00000e+12  0.00000e+00  1.00000e+12  1.00000e+12
2.81277e+02  1.00000e+00  1.00000e+12  0.00000e+00  1.00000e+12  1.00000e+12
2.81382e+02  1.00000e+00  1.00000e+12  0.00000e+00  1.00000e+12  1.00000e+12
2.81487e+02  1.00000e+00  1.00000e+12  0.00000e+00  1.00000e+12  1.00000e+12
2.81591e+02  1.00000e+00  1.00000e+12  0.00000e+00  1.00000e+12  1.00000e+12
2.81696e+02  1.00000e+00  1.00000e+12  0.00000e+00  1.00000e+12  1.00000e+12
2.81801e+02  1.00000e+00  1.00000e+12  0.00000e+00  1.00000e+12  1.00000e+12
2.81906e+02  1.00000e+00  1.00000e+12  0.00000e+00  1.00000e+12  1.00000e+12
2.82010e+02  1.00000e+00  1.00000e+12  0.00000e+00  1.00000e+12  1.00000e+12
2.82115e+02  1.00000e+00  1.00000e+12  0.00000e+00  1.00000e+12  1.00000e+12
2.82220e+02  1.00000e+00  1.00000e+12  0.00000e+00  1.00000e+12  1.00000e+12
2.82324e+02  1.00000e+00  1.00000e+12  0.00000e+00  1.00000e+12  1.00000e+12
2.82429e+02  1.00000e+00  1.00000e+12  0.00000e+00  1.00000e+12  1.00000e+12
2.82534e+02  1.00000e+00  1.00000e+12  0.00000e+00  1.00000e+12  1.00000e+12
2.82639e+02  1.00000e+00  1.00000e+12  0.00000e+00  1.00000e+12  1.00000e+12
2.82743e+02  1.00000e+00  1.00000e+12  0.00000e+00  1.00000e+12  1.00000e+12
2.82848e+02  1.00000e+00  1.00000e+12  0.00000e+00  1.00000e+12  1.00000e+12
2.82953e+02  1.00000e+00  1.00000e+12  0.00000e+00  1.00000e+12  1.00000e+12
2.83057e+02  1.00000e+00  1.00000e+12  0.00000e+00  1.00000e+12  1.00000e+12
2.83162e+02  1.00000e+00  1.00000e+12  0.00000e+00  1.00000e+12  1.00000e+12
2.83267e+02  1.00000e+00  1.00000e+12  0.00000e+00  1.00000e+12  1.00000e+12
2.83372e+02  1.00000e+00  1.00000e+12  0.00000e+00  1.00000e+12  1.00000e+12
2.83476e+02  1.00000e+00  1.00000e+12  0.00000e+00  1.00000e+12  1.00000e+12
2.83581e+02  1.00000e+00  1.00000e+12  0.00000e+00  1.00000e+12  1.00000e+12
2.83686e+02  1.00000e+00  1.00000e+12  0.00000e+00  1.00000e+12  1.00000e+12
2.83791e+02  1.00000e+00  1.00000e+12  0.00000e+00  1.00000e+12  1.00000e+12
2.83895e+02  1.00000e+00  1.00000e+12  0.00000e+00  1.00000e+12  1.00000e+12
2.84000e+02  1.00000e+00  1.00000e+12  0.00000e+00  1.00000e+12  1.00000e+12
2.84105e+02  1.00000e+00  1.00000e+12  0.00000e+00  1.00000e+12  1.00000e+12
2.84209e+02  1.00000e+00  1.00000e+12  0.00000e+00  1.00000e+12  1.00000e+12
2.84314e+02  1.00000e+00  1.00000e+12  0.00000e+00  1.00000e+12  1.00000e+12
2.84419e+02  1.00000e+00  1.00000e+12  0.00000e+00  1.00000e+12  1.00000e+12
2.84524e+02  1.00000e+00  1.00000e+12  0.00000e+00  1.00000e+12  1.00000e+12
2.84628e+02  1.00000e+00  1.00000e+12  0.00000e+00  1.00000e+12  1.00000e+12
2.84733e+02  1.00000e+00  1.00000e+12  0.00000e+00  1.00000e+12  1.00000e+12
2.84838e+02  1.00000e+00  1.00000e+12  0.00000e+00  1.00000e+12  1.00000e+12
2.84942e+02  1.00000e+00  1.00000e+12  0.00000e+00  1.00000e+12  1.00000e+12
2.85047e+02  1.00000e+00  1.00000e+12  0.00000e+00  1.00000e+12  1.00000e+12
2.85152e+02  1.00000e+00  1.00000e+12  0.00000e+00  1.00000e+12  1.00000e+12
2.85257e+02  1.00000e+00  1.00000e+12  0.00000e+00  1.00000e+12  1.00000e+12
2.85361e+02  1.00000e+00  1.00000e+12  0.00000e+00  1.00000e+12  1.00000e+12
2.85466e+02  1.00000e+00  1.00000e+12  0.00000e+00  1.00000e+12  1.00000e+12
2.85571e+02  1.00000e+00  1.00000e+12  0.00000e+00  1.00000e+12  1.00000e+12
2.85675e+02  1.00000e+00  1.00000e+12  0.00000e+00  1.00000e+12  1.00000e+12
2.85780e+02  1.00000e+00  1.00000e+12  0.00000e+00  1.00000e+12  1.00000e+12
2.85885e+02  1.00000e+00  1.00000e+12  0.00000e+00  1.00000e+12  1.00000e+12
2.85990e+02  1.00000e+00  1.00000e+12  0.00000e+00  1.00000e+12  1.00000e+12
2.86094e+02  1.00000e+00  1.00000e+12  0.00000e+00  1.00000e+12  1.00000e+12
2.86199e+02  1.00000e+00  1.00000e+12  0.00000e+00  1.00000e+12  1.00000e+12
2.86304e+02  1.00000e+00  1.00000e+12  0.00000e+00  1.00000e+12  1.00000e+12
2.86409e+02  1.00000e+00  1.00000e+12  0.00000e+00  1.00000e+12  1.00000e+12
2.86513e+02  1.00000e+00  1.00000e+12  0.00000e+00  1.00000e+12  1.00000e+12
2.86618e+02  1.00000e+00  1.00000e+12  0.00000e+00  1.00000e+12  1.00000e+12
2.86723e+02  1.00000e+00  1.00000e+12  0.00000e+00  1.00000e+12  1.00000e+12
2.86827e+02  1.00000e+00  1.00000e+12  0.00000e+00  1.00000e+12  1.00000e+12
2.86932e+02  1.00000e+00  1.00000e+12  0.00000e+00  1.00000e+12  1.00000e+12
2.87037e+02  1.00000e+00  1.00000e+12  0.00000e+00  1.00000e+12  1.00000e+12
2.87142e+02  1.00000e+00  1.00000e+12  0.00000e+00  1.00000e+12  1.00000e+12
2.87246e+02  1.00000e+00  1.00000e+12  0.00000e+00  1.00000e+12  1.00000e+12
2.87351e+02  1.00000e+00  1.00000e+12  0.00000e+00  1.00000e+12  1.00000e+12
2.87456e+02  1.00000e+00  1.00000e+12  0.00000e+00  1.00000e+12  1.00000e+12
2.87560e+02  1.00000e+00  1.00000e+12  0.00000e+00  1.00000e+12  1.00000e+12
2.87665e+02  1.00000e+00  1.00000e+12  0.00000e+00  1.00000e+12  1.00000e+12
2.87770e+02  1.00000e+00  1.00000e+12  0.00000e+00  1.00000e+12  1.00000e+12
2.87875e+02  1.00000e+00  1.00000e+12  0.00000e+00  1.00000e+12  1.00000e+12
2.87979e+02  1.00000e+00  1.00000e+12  0.00000e+00  1.00000e+12  1.00000e+12
2.88084e+02  1.00000e+00  1.00000e+12  0.00000e+00  1.00000e+12  1.00000e+12
2.88189e+02  1.00000e+00  1.00000e+12  0.00000e+00  1.00000e+12  1.00000e+12
2.88293e+02  1.00000e+00  1.00000e+12  0.00000e+00  1.00000e+12  1.00000e+12
2.88398e+02  1.00000e+00  1.00000e+12  0.00000e+00  1.00000e+12  1.00000e+12
2.88503e+02  1.00000e+00  1.00000e+12  0.00000e+00  1.00000e+12  1.00000e+12
2.88608e+02  1.00000e+00  1.00000e+12  0.00000e+00  1.00000e+12  1.00000e+12
2.88712e+02  1.00000e+00  1.00000e+12  0.00000e+00  1.00000e+12  1.00000e+12
2.88817e+02  1.00000e+00  1.00000e+12  0.00000e+00  1.00000e+12  1.00000e+12
2.88922e+02  1.00000e+00  1.00000e+12  0.00000e+00  1.00000e+12  1.00000e+12
2.89027e+02  1.00000e+00  1.00000e+12  0.00000e+00  1.00000e+12  1.00000e+12
2.89131e+02  1.00000e+00  1.00000e+12  0.00000e+00  1.00000e+12  1.00000e+12
2.89236e+02  1.00000e+00  1.00000e+12  0.00000e+00  1.00000e+12  1.00000e+12
2.89341e+02  1.00000e+00  1.00000e+12  0.00000e+00  1.00000e+12  1.00000e+12
2.89445e+02  1.00000e+00  1.00000e+12  0.00000e+00  1.00000e+12  1.00000e+12
2.89550e+02  1.00000e+00  1.00000e+12  0.00000e+00  1.00000e+12  1.00000e+12
2.89655e+02  1.00000e+00  1.00000e+12  0.00000e+00  1.00000e+12  1.00000e+12
2.89760e+02  1.00000e+00  1.00000e+12  0.00000e+00  1.00000e+12  1.00000e+12
2.89864e+02  1.00000e+00  1.00000e+12  0.00000e+00  1.00000e+12  1.00000e+12
2.89969e+02  1.00000e+00  1.00000e+12  0.00000e+00  1.00000e+12  1.00000e+12
2.90074e+02  1.00000e+00  1.00000e+12  0.00000e+00  1.00000e+12  1.00000e+12
2.90178e+02  1.00000e+00  1.00000e+12  0.00000e+00  1.00000e+12  1.00000e+12
2.90283e+02  1.00000e+00  1.00000e+12  0.00000e+00  1.00000e+12  1.00000e+12
2.90388e+02  1.00000e+00  1.00000e+12  0.00000e+00  1.00000e+12  1.00000e+12
2.90493e+02  1.00000e+00  1.00000e+12  0.00000e+00  1.00000e+12  1.00000e+12
2.90597e+02  1.00000e+00  1.00000e+12  0.00000e+00  1.00000e+12  1.00000e+12
2.90702e+02  1.00000e+00  1.00000e+12  0.00000e+00  1.00000e+12  1.00000e+12
2.90807e+02  1.00000e+00  1.00000e+12  0.00000e+00  1.00000e+12  1.00000e+12
2.90911e+02  1.00000e+00  1.00000e+12  0.00000e+00  1.00000e+12  1.00000e+12
2.91016e+02  1.00000e+00  1.00000e+12  0.00000e+00  1.00000e+12  1.00000e+12
2.91121e+02  1.00000e+00  1.00000e+12  0.00000e+00  1.00000e+12  1.00000e+12
2.91226e+02  1.00000e+00  1.00000e+12  0.00000e+00  1.00000e+12  1.00000e+12
2.91330e+02  1.00000e+00  1.00000e+12  0.00000e+00  1.00000e+12  1.00000e+12
2.91435e+02  1.00000e+00  1.00000e+12  0.00000e+00  1.00000e+12  1.00000e+12
2.91540e+02  1.00000e+00  1.00000e+12  0.00000e+00  1.00000e+12  1.00000e+12
2.91645e+02  1.00000e+00  1.00000e+12  0.00000e+00  1.00000e+12  1.00000e+12
2.91749e+02  1.00000e+00  1.00000e+12  0.00000e+00  1.00000e+12  1.00000e+12
2.91854e+02  1.00000e+00  1.00000e+12  0.00000e+00  1.00000e+12  1.00000e+12
2.91959e+02  1.00000e+00  1.00000e+12  0.00000e+00  1.00000e+12  1.00000e+12
2.92063e+02  1.00000e+00  1.00000e+12  0.00000e+00  1.00000e+12  1.00000e+12
2.92168e+02  1.00000e+00  1.00000e+12  0.00000e+00  1.00000e+12  1.00000e+12
2.92273e+02  1.00000e+00  1.00000e+12  0.00000e+00  1.00000e+12  1.00000e+12
2.92378e+02  1.00000e+00  1.00000e+12  0.00000e+00  1.00000e+12  1.00000e+12
2.92482e+02  1.00000e+00  1.00000e+12  0.00000e+00  1.00000e+12  1.00000e+12
2.92587e+02  1.00000e+00  1.00000e+12  0.00000e+00  1.00000e+12  1.00000e+12
2.92692e+02  1.00000e+00  1.00000e+12  0.00000e+00  1.00000e+12  1.00000e+12
2.92796e+02  1.00000e+00  1.00000e+12  0.00000e+00  1.00000e+12  1.00000e+12
2.92901e+02  1.00000e+00  1.00000e+12  0.00000e+00  1.00000e+12  1.00000e+12
2.93006e+02  1.00000e+00  1.00000e+12  0.00000e+00  1.00000e+12  1.00000e+12
2.93111e+02  1.00000e+00  1.00000e+12  0.00000e+00  1.00000e+12  1.00000e+12
2.93215e+02  1.00000e+00  1.00000e+12  0.00000e+00  1.00000e+12  1.00000e+12
2.93320e+02  1.00000e+00  1.00000e+12  0.00000e+00  1.00000e+12  1.00000e+12
2.93425e+02  1.00000e+00  1.00000e+12  0.00000e+00  1.00000e+12  1.00000e+12
2.93529e+02  1.00000e+00  1.00000e+12  0.00000e+00  1.00000e+12  1.00000e+12
2.93634e+02  1.00000e+00  1.00000e+12  0.00000e+00  1.00000e+12  1.00000e+12
2.93739e+02  1.00000e+00  1.00000e+12  0.00000e+00  1.00000e+12  1.00000e+12
2.93844e+02  1.00000e+00  1.00000e+12  0.00000e+00  1.00000e+12  1.00000e+12
2.93948e+02  1.00000e+00  1.00000e+12  0.00000e+00  1.00000e+12  1.00000e+12
2.94053e+02  1.00000e+00  1.00000e+12  0.00000e+00  1.00000e+12  1.00000e+12
2.94158e+02  1.00000e+00  1.00000e+12  0.00000e+00  1.00000e+12  1.00000e+12
2.94263e+02  1.00000e+00  1.00000e+12  0.00000e+00  1.00000e+12  1.00000e+12
2.94367e+02  1.00000e+00  1.00000e+12  0.00000e+00  1.00000e+12  1.00000e+12
2.94472e+02  1.00000e+00  1.00000e+12  0.00000e+00  1.00000e+12  1.00000e+12
2.94577e+02  1.00000e+00  1.00000e+12  0.00000e+00  1.00000e+12  1.00000e+12
2.94681e+02  1.00000e+00  1.00000e+12  0.00000e+00  1.00000e+12  1.00000e+12
2.94786e+02  1.00000e+00  1.00000e+12  0.00000e+00  1.00000e+12  1.00000e+12
2.94891e+02  1.00000e+00  1.00000e+12  0.00000e+00  1.00000e+12  1.00000e+12
2.94996e+02  1.00000e+00  1.00000e+12  0.00000e+00  1.00000e+12  1.00000e+12
2.95100e+02  1.00000e+00  1.00000e+12  0.00000e+00  1.00000e+12  1.00000e+12
2.95205e+02  1.00000e+00  1.00000e+12  0.00000e+00  1.00000e+12  1.00000e+12
2.95310e+02  1.00000e+00  1.00000e+12  0.00000e+00  1.00000e+12  1.00000e+12
2.95414e+02  1.00000e+00  1.00000e+12  0.00000e+00  1.00000e+12  1.00000e+12
2.95519e+02  1.00000e+00  1.00000e+12  0.00000e+00  1.00000e+12  1.00000e+12
2.95624e+02  1.00000e+00  1.00000e+12  0.00000e+00  1.00000e+12  1.00000e+12
2.95729e+02  1.00000e+00  1.00000e+12  0.00000e+00  1.00000e+12  1.00000e+12
2.95833e+02  1.00000e+00  1.00000e+12  0.00000e+00  1.00000e+12  1.00000e+12
2.95938e+02  1.00000e+00  1.00000e+12  0.00000e+00  1.00000e+12  1.00000e+12
2.96043e+02  1.00000e+00  1.00000e+12  0.00000e+00  1.00000e+12  1.00000e+12
2.96147e+02  1.00000e+00  1.00000e+12  0.00000e+00  1.00000e+12  1.00000e+12
2.96252e+02  1.00000e+00  1.00000e+12  0.00000e+00  1.00000e+12  1.00000e+12
2.96357e+02  1.00000e+00  1.00000e+12  0.00000e+00  1.00000e+12  1.00000e+12
2.96462e+02  1.00000e+00  1.00000e+12  0.00000e+00  1.00000e+12  1.00000e+12
2.96566e+02  1.00000e+00  1.00000e+12  0.00000e+00  1.00000e+12  1.00000e+12
2.96671e+02  1.00000e+00  1.00000e+12  0.00000e+00  1.00000e+12  1.00000e+12
2.96776e+02  1.00000e+00  1.00000e+12  0.00000e+00  1.00000e+12  1.00000e+12
2.96881e+02  1.00000e+00  1.00000e+12  0.00000e+00  1.00000e+12  1.00000e+12
2.96985e+02  1.00000e+00  1.00000e+12  0.00000e+00  1.00000e+12  1.00000e+12
2.97090e+02  1.00000e+00  1.00000e+12  0.00000e+00  1.00000e+12  1.00000e+12
2.97195e+02  1.00000e+00  1.00000e+12  0.00000e+00  1.00000e+12  1.00000e+12
2.97299e+02  1.00000e+00  1.00000e+12  0.00000e+00  1.00000e+12  1.00000e+12
2.97404e+02  1.00000e+00  1.00000e+12  0.00000e+00  1.00000e+12  1.00000e+12
2.97509e+02  1.00000e+00  1.00000e+12  0.00000e+00  1.00000e+12  1.00000e+12
2.97614e+02  1.00000e+00  1.00000e+12  0.00000e+00  1.00000e+12  1.00000e+12
2.97718e+02  1.00000e+00  1.00000e+12  0.00000e+00  1.00000e+12  1.00000e+12
2.97823e+02  1.00000e+00  1.00000e+12  0.00000e+00  1.00000e+12  1.00000e+12
2.97928e+02  1.00000e+00  1.00000e+12  0.00000e+00  1.00000e+12  1.00000e+12
2.98032e+02  1.00000e+00  1.00000e+12  0.00000e+00  1.00000e+12  1.00000e+12
2.98137e+02  1.00000e+00  1.00000e+12  0.00000e+00  1.00000e+12  1.00000e+12
2.98242e+02  1.00000e+00  1.00000e+12  0.00000e+00  1.00000e+12  1.00000e+12
2.98347e+02  1.00000e+00  1.00000e+12  0.00000e+00  1.00000e+12  1.00000e+12
2.98451e+02  1.00000e+00  1.00000e+12  0.00000e+00  1.00000e+12  1.00000e+12
2.98556e+02  1.00000e+00  1.00000e+12  0.00000e+00  1.00000e+12  1.00000e+12
2.98661e+02  1.00000e+00  1.00000e+12  0.00000e+00  1.00000e+12  1.00000e+12
2.98765e+02  1.00000e+00  1.00000e+12  0.00000e+00  1.00000e+12  1.00000e+12
2.98870e+02  1.00000e+00  1.00000e+12  0.00000e+00  1.00000e+12  1.00000e+12
2.98975e+02  1.00000e+00  1.00000e+12  0.00000e+00  1.00000e+12  1.00000e+12
2.99080e+02  1.00000e+00  1.00000e+12  0.00000e+00  1.00000e+12  1.00000e+12
2.99184e+02  1.00000e+00  1.00000e+12  0.00000e+00  1.00000e+12  1.00000e+12
2.99289e+02  1.00000e+00  1.00000e+12  0.00000e+00  1.00000e+12  1.00000e+12
2.99394e+02  1.00000e+00  1.00000e+12  0.00000e+00  1.00000e+12  1.00000e+12
2.99498e+02  1.00000e+00  1.00000e+12  0.00000e+00  1.00000e+12  1.00000e+12
2.99603e+02  1.00000e+00  1.00000e+12  0.00000e+00  1.00000e+12  1.00000e+12
2.99708e+02  1.00000e+00  1.00000e+12  0.00000e+00  1.00000e+12  1.00000e+12
2.99813e+02  1.00000e+00  1.00000e+12  0.00000e+00  1.00000e+12  1.00000e+12
2.99917e+02  1.00000e+00  1.00000e+12  0.00000e+00  1.00000e+12  1.00000e+12
3.00022e+02  1.00000e+00  1.00000e+12  0.00000e+00  1.00000e+12  1.00000e+12
3.00127e+02  1.00000e+00  1.00000e+12  0.00000e+00  1.00000e+12  1.00000e+12
3.00232e+02  1.00000e+00  1.00000e+12  0.00000e+00  1.00000e+12  1.00000e+12
3.00336e+02  1.00000e+00  1.00000e+12  0.00000e+00  1.00000e+12  1.00000e+12
3.00441e+02  1.00000e+00  1.00000e+12  0.00000e+00  1.00000e+12  1.00000e+12
3.00546e+02  1.00000e+00  1.00000e+12  0.00000e+00  1.00000e+12  1.00000e+12
3.00650e+02  1.00000e+00  1.00000e+12  0.00000e+00  1.00000e+12  1.00000e+12
3.00755e+02  1.00000e+00  1.00000e+12  0.00000e+00  1.00000e+12  1.00000e+12
3.00860e+02  1.00000e+00  1.00000e+12  0.00000e+00  1.00000e+12  1.00000e+12
3.00965e+02  1.00000e+00  1.00000e+12  0.00000e+00  1.00000e+12  1.00000e+12
3.01069e+02  1.00000e+00  1.00000e+12  0.00000e+00  1.00000e+12  1.00000e+12
3.01174e+02  1.00000e+00  1.00000e+12  0.00000e+00  1.00000e+12  1.00000e+12
3.01279e+02  1.00000e+00  1.00000e+12  0.00000e+00  1.00000e+12  1.00000e+12
3.01383e+02  1.00000e+00  1.00000e+12  0.00000e+00  1.00000e+12  1.00000e+12
3.01488e+02  1.00000e+00  1.00000e+12  0.00000e+00  1.00000e+12  1.00000e+12
3.01593e+02  1.00000e+00  1.00000e+12  0.00000e+00  1.00000e+12  1.00000e+12
3.01698e+02  1.00000e+00  1.00000e+12  0.00000e+00  1.00000e+12  1.00000e+12
3.01802e+02  1.00000e+00  1.00000e+12  0.00000e+00  1.00000e+12  1.00000e+12
3.01907e+02  1.00000e+00  1.00000e+12  0.00000e+00  1.00000e+12  1.00000e+12
3.02012e+02  1.00000e+00  1.00000e+12  0.00000e+00  1.00000e+12  1.00000e+12
3.02116e+02  1.00000e+00  1.00000e+12  0.00000e+00  1.00000e+12  1.00000e+12
3.02221e+02  1.00000e+00  1.00000e+12  0.00000e+00  1.00000e+12  1.00000e+12
3.02326e+02  1.00000e+00  1.00000e+12  0.00000e+00  1.00000e+12  1.00000e+12
3.02431e+02  1.00000e+00  1.00000e+12  0.00000e+00  1.00000e+12  1.00000e+12
3.02535e+02  1.00000e+00  1.00000e+12  0.00000e+00  1.00000e+12  1.00000e+12
3.02640e+02  1.00000e+00  1.00000e+12  0.00000e+00  1.00000e+12  1.00000e+12
3.02745e+02  1.00000e+00  1.00000e+12  0.00000e+00  1.00000e+12  1.00000e+12
3.02850e+02  1.00000e+00  1.00000e+12  0.00000e+00  1.00000e+12  1.00000e+12
3.02954e+02  1.00000e+00  1.00000e+12  0.00000e+00  1.00000e+12  1.00000e+12
3.03059e+02  1.00000e+00  1.00000e+12  0.00000e+00  1.00000e+12  1.00000e+12
3.03164e+02  1.00000e+00  1.00000e+12  0.00000e+00  1.00000e+12  1.00000e+12
3.03268e+02  1.00000e+00  1.00000e+12  0.00000e+00  1.00000e+12  1.00000e+12
3.03373e+02  1.00000e+00  1.00000e+12  0.00000e+00  1.00000e+12  1.00000e+12
3.03478e+02  1.00000e+00  1.00000e+12  0.00000e+00  1.00000e+12  1.00000e+12
3.03583e+02  1.00000e+00  1.00000e+12  0.00000e+00  1.00000e+12  1.00000e+12
3.03687e+02  1.00000e+00  1.00000e+12  0.00000e+00  1.00000e+12  1.00000e+12
3.03792e+02  1.00000e+00  1.00000e+12  0.00000e+00  1.00000e+12  1.00000e+12
3.03897e+02  1.00000e+00  1.00000e+12  0.00000e+00  1.00000e+12  1.00000e+12
3.04001e+02  1.00000e+00  1.00000e+12  0.00000e+00  1.00000e+12  1.00000e+12
3.04106e+02  1.00000e+00  1.00000e+12  0.00000e+00  1.00000e+12  1.00000e+12
3.04211e+02  1.00000e+00  1.00000e+12  0.00000e+00  1.00000e+12  1.00000e+12
3.04316e+02  1.00000e+00  1.00000e+12  0.00000e+00  1.00000e+12  1.00000e+12
3.04420e+02  1.00000e+00  1.00000e+12  0.00000e+00  1.00000e+12  1.00000e+12
3.04525e+02  1.00000e+00  1.00000e+12  0.00000e+00  1.00000e+12  1.00000e+12
3.04630e+02  1.00000e+00  1.00000e+12  0.00000e+00  1.00000e+12  1.00000e+12
3.04734e+02  1.00000e+00  1.00000e+12  0.00000e+00  1.00000e+12  1.00000e+12
3.04839e+02  1.00000e+00  1.00000e+12  0.00000e+00  1.00000e+12  1.00000e+12
3.04944e+02  1.00000e+00  1.00000e+12  0.00000e+00  1.00000e+12  1.00000e+12
3.05049e+02  1.00000e+00  1.00000e+12  0.00000e+00  1.00000e+12  1.00000e+12
3.05153e+02  1.00000e+00  1.00000e+12  0.00000e+00  1.00000e+12  1.00000e+12
3.05258e+02  1.00000e+00  1.00000e+12  0.00000e+00  1.00000e+12  1.00000e+12
3.05363e+02  1.00000e+00  1.00000e+12  0.00000e+00  1.00000e+12  1.00000e+12
3.05468e+02  1.00000e+00  1.00000e+12  0.00000e+00  1.00000e+12  1.00000e+12
3.05572e+02  1.00000e+00  1.00000e+12  0.00000e+00  1.00000e+12  1.00000e+12
3.05677e+02  1.00000e+00  1.00000e+12  0.00000e+00  1.00000e+12  1.00000e+12
3.05782e+02  1.00000e+00  1.00000e+12  0.00000e+00  1.00000e+12  1.00000e+12
3.05886e+02  1.00000e+00  1.00000e+12  0.00000e+00  1.00000e+12  1.00000e+12
3.05991e+02  1.00000e+00  1.00000e+12  0.00000e+00  1.00000e+12  1.00000e+12
3.06096e+02  1.00000e+00  1.00000e+12  0.00000e+00  1.00000e+12  1.00000e+12
3.06201e+02  1.00000e+00  1.00000e+12  0.00000e+00  1.00000e+12  1.00000e+12
3.06305e+02  1.00000e+00  1.00000e+12  0.00000e+00  1.00000e+12  1.00000e+12
3.06410e+02  1.00000e+00  1.00000e+12  0.00000e+00  1.00000e+12  1.00000e+12
3.06515e+02  1.00000e+00  1.00000e+12  0.00000e+00  1.00000e+12  1.00000e+12
3.06619e+02  1.00000e+00  1.00000e+12  0.00000e+00  1.00000e+12  1.00000e+12
3.06724e+02  1.00000e+00  1.00000e+12  0.00000e+00  1.00000e+12  1.00000e+12
3.06829e+02  1.00000e+00  1.00000e+12  0.00000e+00  1.00000e+12  1.00000e+12
3.06934e+02  1.00000e+00  1.00000e+12  0.00000e+00  1.00000e+12  1.00000e+12
3.07038e+02  1.00000e+00  1.00000e+12  0.00000e+00  1.00000e+12  1.00000e+12
3.07143e+02  1.00000e+00  1.00000e+12  0.00000e+00  1.00000e+12  1.00000e+12
3.07248e+02  1.00000e+00  1.00000e+12  0.00000e+00  1.00000e+12  1.00000e+12
3.07352e+02  1.00000e+00  1.00000e+12  0.00000e+00  1.00000e+12  1.00000e+12
3.07457e+02  1.00000e+00  1.00000e+12  0.00000e+00  1.00000e+12  1.00000e+12
3.07562e+02  1.00000e+00  1.00000e+12  0.00000e+00  1.00000e+12  1.00000e+12
3.07667e+02  1.00000e+00  1.00000e+12  0.00000e+00  1.00000e+12  1.00000e+12
3.07771e+02  1.00000e+00  1.00000e+12  0.00000e+00  1.00000e+12  1.00000e+12
3.07876e+02  1.00000e+00  1.00000e+12  0.00000e+00  1.00000e+12  1.00000e+12
3.07981e+02  1.00000e+00  1.00000e+12  0.00000e+00  1.00000e+12  1.00000e+12
3.08086e+02  1.00000e+00  1.00000e+12  0.00000e+00  1.00000e+12  1.00000e+12
3.08190e+02  1.00000e+00  1.00000e+12  0.00000e+00  1.00000e+12  1.00000e+12
3.08295e+02  1.00000e+00  1.00000e+12  0.00000e+00  1.00000e+12  1.00000e+12
3.08400e+02  1.00000e+00  1.00000e+12  0.00000e+00  1.00000e+12  1.00000e+12
3.08504e+02  1.00000e+00  1.00000e+12  0.00000e+00  1.00000e+12  1.00000e+12
3.08609e+02  1.00000e+00  1.00000e+12  0.00000e+00  1.00000e+12  1.00000e+12
3.08714e+02  1.00000e+00  1.00000e+12  0.00000e+00  1.00000e+12  1.00000e+12
3.08819e+02  1.00000e+00  1.00000e+12  0.00000e+00  1.00000e+12  1.00000e+12
3.08923e+02  1.00000e+00  1.00000e+12  0.00000e+00  1.00000e+12  1.00000e+12
3.09028e+02  1.00000e+00  1.00000e+12  0.00000e+00  1.00000e+12  1.00000e+12
3.09133e+02  1.00000e+00  1.00000e+12  0.00000e+00  1.00000e+12  1.00000e+12
3.09237e+02  1.00000e+00  1.00000e+12  0.00000e+00  1.00000e+12  1.00000e+12
3.09342e+02  1.00000e+00  1.00000e+12  0.00000e+00  1.00000e+12  1.00000e+12
3.09447e+02  1.00000e+00  1.00000e+12  0.00000e+00  1.00000e+12  1.00000e+12
3.09552e+02  1.00000e+00  1.00000e+12  0.00000e+00  1.00000e+12  1.00000e+12
3.09656e+02  1.00000e+00  1.00000e+12  0.00000e+00  1.00000e+12  1.00000e+12
3.09761e+02  1.00000e+00  1.00000e+12  0.00000e+00  1.00000e+12  1.00000e+12
3.09866e+02  1.00000e+00  1.00000e+12  0.00000e+00  1.00000e+12  1.00000e+12
3.09970e+02  1.00000e+00  1.00000e+12  0.00000e+00  1.00000e+12  1.00000e+12
3.10075e+02  1.00000e+00  1.00000e+12  0.00000e+00  1.00000e+12  1.00000e+12
3.10180e+02  1.00000e+00  1.00000e+12  0.00000e+00  1.00000e+12  1.00000e+12
3.10285e+02  1.00000e+00  1.00000e+12  0.00000e+00  1.00000e+12  1.00000e+12
3.10389e+02  1.00000e+00  1.00000e+12  0.00000e+00  1.00000e+12  1.00000e+12
3.10494e+02  1.00000e+00  1.00000e+12  0.00000e+00  1.00000e+12  1.00000e+12
3.10599e+02  1.00000e+00  1.00000e+12  0.00000e+00  1.00000e+12  1.00000e+12
3.10704e+02  1.00000e+00  1.00000e+12  0.00000e+00  1.00000e+12  1.00000e+12
3.10808e+02  1.00000e+00  1.00000e+12  0.00000e+00  1.00000e+12  1.00000e+12
3.10913e+02  1.00000e+00  1.00000e+12  0.00000e+00  1.00000e+12  1.00000e+12
3.11018e+02  1.00000e+00  1.00000e+12  0.00000e+00  1.00000e+12  1.00000e+12
3.11122e+02  1.00000e+00  1.00000e+12  0.00000e+00  1.00000e+12  1.00000e+12
3.11227e+02  1.00000e+00  1.00000e+12  0.00000e+00  1.00000e+12  1.00000e+12
3.11332e+02  1.00000e+00  1.00000e+12  0.00000e+00  1.00000e+12  1.00000e+12
3.11437e+02  1.00000e+00  1.00000e+12  0.00000e+00  1.00000e+12  1.00000e+12
3.11541e+02  1.00000e+00  1.00000e+12  0.00000e+00  1.00000e+12  1.00000e+12
3.11646e+02  1.00000e+00  1.00000e+12  0.00000e+00  1.00000e+12  1.00000e+12
3.11751e+02  1.00000e+00  1.00000e+12  0.00000e+00  1.00000e+12  1.00000e+12
3.11855e+02  1.00000e+00  1.00000e+12  0.00000e+00  1.00000e+12  1.00000e+12
3.11960e+02  1.00000e+00  1.00000e+12  0.00000e+00  1.00000e+12  1.00000e+12
3.12065e+02  1.00000e+00  1.00000e+12  0.00000e+00  1.00000e+12  1.00000e+12
3.12170e+02  1.00000e+00  1.00000e+12  0.00000e+00  1.00000e+12  1.00000e+12
3.12274e+02  1.00000e+00  1.00000e+12  0.00000e+00  1.00000e+12  1.00000e+12
3.12379e+02  1.00000e+00  1.00000e+12  0.00000e+00  1.00000e+12  1.00000e+12
3.12484e+02  1.00000e+00  1.00000e+12  0.00000e+00  1.00000e+12  1.00000e+12
3.12588e+02  1.00000e+00  1.00000e+12  0.00000e+00  1.00000e+12  1.00000e+12
3.12693e+02  1.00000e+00  1.00000e+12  0.00000e+00  1.00000e+12  1.00000e+12
3.12798e+02  1.00000e+00  1.00000e+12  0.00000e+00  1.00000e+12  1.00000e+12
3.12903e+02  1.00000e+00  1.00000e+12  0.00000e+00  1.00000e+12  1.00000e+12
3.13007e+02  1.00000e+00  1.00000e+12  0.00000e+00  1.00000e+12  1.00000e+12
3.13112e+02  1.00000e+00  1.00000e+12  0.00000e+00  1.00000e+12  1.00000e+12
3.13217e+02  1.00000e+00  1.00000e+12  0.00000e+00  1.00000e+12  1.00000e+12
3.13322e+02  1.00000e+00  1.00000e+12  0.00000e+00  1.00000e+12  1.00000e+12
3.13426e+02  1.00000e+00  1.00000e+12  0.00000e+00  1.00000e+12  1.00000e+12
3.13531e+02  1.00000e+00  1.00000e+12  0.00000e+00  1.00000e+12  1.00000e+12
3.13636e+02  1.00000e+00  1.00000e+12  0.00000e+00  1.00000e+12  1.00000e+12
3.13740e+02  1.00000e+00  1.00000e+12  0.00000e+00  1.00000e+12  1.00000e+12
3.13845e+02  1.00000e+00  1.00000e+12  0.00000e+00  1.00000e+12  1.00000e+12
3.13950e+02  1.00000e+00  1.00000e+12  0.00000e+00  1.00000e+12  1.00000e+12
3.14055e+02  1.00000e+00  1.00000e+12  0.00000e+00  1.00000e+12  1.00000e+12
3.14159e+02  1.00000e+00  1.00000e+12  0.00000e+00  1.00000e+12  1.00000e+12
3.14264e+02  1.00000e+00  1.00000e+12  0.00000e+00  1.00000e+12  1.00000e+12
3.14369e+02  1.00000e+00  1.00000e+12  0.00000e+00  1.00000e+12  1.00000e+12
3.14473e+02  1.00000e+00  1.00000e+12  0.00000e+00  1.00000e+12  1.00000e+12
3.14578e+02  1.00000e+00  1.00000e+12  0.00000e+00  1.00000e+12  1.00000e+12
3.14683e+02  1.00000e+00  1.00000e+12  0.00000e+00  1.00000e+12  1.00000e+12
3.14788e+02  1.00000e+00  1.00000e+12  0.00000e+00  1.00000e+12  1.00000e+12
3.14892e+02  1.00000e+00  1.00000e+12  0.00000e+00  1.00000e+12  1.00000e+12
3.14997e+02  1.00000e+00  1.00000e+12  0.00000e+00  1.00000e+12  1.00000e+12
3.15102e+02  1.00000e+00  1.00000e+12  0.00000e+00  1.00000e+12  1.00000e+12
3.15206e+02  1.00000e+00  1.00000e+12  0.00000e+00  1.00000e+12  1.00000e+12
3.15311e+02  1.00000e+00  1.00000e+12  0.00000e+00  1.00000e+12  1.00000e+12
3.15416e+02  1.00000e+00  1.00000e+12  0.00000e+00  1.00000e+12  1.00000e+12
3.15521e+02  1.00000e+00  1.00000e+12  0.00000e+00  1.00000e+12  1.00000e+12
3.15625e+02  1.00000e+00  1.00000e+12  0.00000e+00  1.00000e+12  1.00000e+12
3.15730e+02  1.00000e+00  1.00000e+12  0.00000e+00  1.00000e+12  1.00000e+12
3.15835e+02  1.00000e+00  1.00000e+12  0.00000e+00  1.00000e+12  1.00000e+12
3.15940e+02  1.00000e+00  1.00000e+12  0.00000e+00  1.00000e+12  1.00000e+12
3.16044e+02  1.00000e+00  1.00000e+12  0.00000e+00  1.00000e+12  1.00000e+12
3.16149e+02  1.00000e+00  1.00000e+12  0.00000e+00  1.00000e+12  1.00000e+12
3.16254e+02  1.00000e+00  1.00000e+12  0.00000e+00  1.00000e+12  1.00000e+12
3.16358e+02  1.00000e+00  1.00000e+12  0.00000e+00  1.00000e+12  1.00000e+12
3.16463e+02  1.00000e+00  1.00000e+12  0.00000e+00  1.00000e+12  1.00000e+12
3.16568e+02  1.00000e+00  1.00000e+12  0.00000e+00  1.00000e+12  1.00000e+12
3.16673e+02  1.00000e+00  1.00000e+12  0.00000e+00  1.00000e+12  1.00000e+12
3.16777e+02  1.00000e+00  1.00000e+12  0.00000e+00  1.00000e+12  1.00000e+12
3.16882e+02  1.00000e+00  1.00000e+12  0.00000e+00  1.00000e+12  1.00000e+12
3.16987e+02  1.00000e+00  1.00000e+12  0.00000e+00  1.00000e+12  1.00000e+12
3.17091e+02  1.00000e+00  1.00000e+12  0.00000e+00  1.00000e+12  1.00000e+12
3.17196e+02  1.00000e+00  1.00000e+12  0.00000e+00  1.00000e+12  1.00000e+12
3.17301e+02  1.00000e+00  1.00000e+12  0.00000e+00  1.00000e+12  1.00000e+12
3.17406e+02  1.00000e+00  1.00000e+12  0.00000e+00  1.00000e+12  1.00000e+12
3.17510e+02  1.00000e+00  1.00000e+12  0.00000e+00  1.00000e+12  1.00000e+12
3.17615e+02  1.00000e+00  1.00000e+12  0.00000e+00  1.00000e+12  1.00000e+12
3.17720e+02  1.00000e+00  1.00000e+12  0.00000e+00  1.00000e+12  1.00000e+12
3.17824e+02  1.00000e+00  1.00000e+12  0.00000e+00  1.00000e+12  1.00000e+12
3.17929e+02  1.00000e+00  1.00000e+12  0.00000e+00  1.00000e+12  1.00000e+12
3.18034e+02  1.00000e+00  1.00000e+12  0.00000e+00  1.00000e+12  1.00000e+12
3.18139e+02  1.00000e+00  1.00000e+12  0.00000e+00  1.00000e+12  1.00000e+12
3.18243e+02  1.00000e+00  1.00000e+12  0.00000e+00  1.00000e+12  1.00000e+12
3.18348e+02  1.00000e+00  1.00000e+12  0.00000e+00  1.00000e+12  1.00000e+12
3.18453e+02  1.00000e+00  1.00000e+12  0.00000e+00  1.00000e+12  1.00000e+12
3.18557e+02  1.00000e+00  1.00000e+12  0.00000e+00  1.00000e+12  1.00000e+12
3.18662e+02  1.00000e+00  1.00000e+12  0.00000e+00  1.00000e+12  1.00000e+12
3.18767e+02  1.00000e+00  1.00000e+12  0.00000e+00  1.00000e+12  1.00000e+12
3.18872e+02  1.00000e+00  1.00000e+12  0.00000e+00  1.00000e+12  1.00000e+12
3.18976e+02  1.00000e+00  1.00000e+12  0.00000e+00  1.00000e+12  1.00000e+12
3.19081e+02  1.00000e+00  1.00000e+12  0.00000e+00  1.00000e+12  1.00000e+12
3.19186e+02  1.00000e+00  1.00000e+12  0.00000e+00  1.00000e+12  1.00000e+12
3.19291e+02  1.00000e+00  1.00000e+12  0.00000e+00  1.00000e+12  1.00000e+12
3.19395e+02  1.00000e+00  1.00000e+12  0.00000e+00  1.00000e+12  1.00000e+12
3.19500e+02  1.00000e+00  1.00000e+12  0.00000e+00  1.00000e+12  1.00000e+12
3.19605e+02  1.00000e+00  1.00000e+12  0.00000e+00  1.00000e+12  1.00000e+12
3.19709e+02  1.00000e+00  1.00000e+12  0.00000e+00  1.00000e+12  1.00000e+12
3.19814e+02  1.00000e+00  1.00000e+12  0.00000e+00  1.00000e+12  1.00000e+12
3.19919e+02  1.00000e+00  1.00000e+12  0.00000e+00  1.00000e+12  1.00000e+12
3.20024e+02  1.00000e+00  1.00000e+12  0.00000e+00  1.00000e+12  1.00000e+12
3.20128e+02  1.00000e+00  1.00000e+12  0.00000e+00  1.00000e+12  1.00000e+12
3.20233e+02  1.00000e+00  1.00000e+12  0.00000e+00  1.00000e+12  1.00000e+12
3.20338e+02  1.00000e+00  1.00000e+12  0.00000e+00  1.00000e+12  1.00000e+12
3.20442e+02  1.00000e+00  1.00000e+12  0.00000e+00  1.00000e+12  1.00000e+12
3.20547e+02  1.00000e+00  1.00000e+12  0.00000e+00  1.00000e+12  1.00000e+12
3.20652e+02  1.00000e+00  1.00000e+12  0.00000e+00  1.00000e+12  1.00000e+12
3.20757e+02  1.00000e+00  1.00000e+12  0.00000e+00  1.00000e+12  1.00000e+12
3.20861e+02  1.00000e+00  1.00000e+12  0.00000e+00  1.00000e+12  1.00000e+12
3.20966e+02  1.00000e+00  1.00000e+12  0.00000e+00  1.00000e+12  1.00000e+12
3.21071e+02  1.00000e+00  1.00000e+12  0.00000e+00  1.00000e+12  1.00000e+12
3.21175e+02  1.00000e+00  1.00000e+12  0.00000e+00  1.00000e+12  1.00000e+12
3.21280e+02  1.00000e+00  1.00000e+12  0.00000e+00  1.00000e+12  1.00000e+12
3.21385e+02  1.00000e+00  1.00000e+12  0.00000e+00  1.00000e+12  1.00000e+12
3.21490e+02  1.00000e+00  1.00000e+12  0.00000e+00  1.00000e+12  1.00000e+12
3.21594e+02  1.00000e+00  1.00000e+12  0.00000e+00  1.00000e+12  1.00000e+12
3.21699e+02  1.00000e+00  1.00000e+12  0.00000e+00  1.00000e+12  1.00000e+12
3.21804e+02  1.00000e+00  1.00000e+12  0.00000e+00  1.00000e+12  1.00000e+12
3.21909e+02  1.00000e+00  1.00000e+12  0.00000e+00  1.00000e+12  1.00000e+12
3.22013e+02  1.00000e+00  1.00000e+12  0.00000e+00  1.00000e+12  1.00000e+12
3.22118e+02  1.00000e+00  1.00000e+12  0.00000e+00  1.00000e+12  1.00000e+12
3.22223e+02  1.00000e+00  1.00000e+12  0.00000e+00  1.00000e+12  1.00000e+12
3.22327e+02  1.00000e+00  1.00000e+12  0.00000e+00  1.00000e+12  1.00000e+12
3.22432e+02  1.00000e+00  1.00000e+12  0.00000e+00  1.00000e+12  1.00000e+12
3.22537e+02  1.00000e+00  1.00000e+12  0.00000e+00  1.00000e+12  1.00000e+12
3.22642e+02  1.00000e+00  1.00000e+12  0.00000e+00  1.00000e+12  1.00000e+12
3.22746e+02  1.00000e+00  1.00000e+12  0.00000e+00  1.00000e+12  1.00000e+12
3.22851e+02  1.00000e+00  1.00000e+12  0.00000e+00  1.00000e+12  1.00000e+12
3.22956e+02  1.00000e+00  1.00000e+12  0.00000e+00  1.00000e+12  1.00000e+12
3.23060e+02  1.00000e+00  1.00000e+12  0.00000e+00  1.00000e+12  1.00000e+12
3.23165e+02  1.00000e+00  1.00000e+12  0.00000e+00  1.00000e+12  1.00000e+12
3.23270e+02  1.00000e+00  1.00000e+12  0.00000e+00  1.00000e+12  1.00000e+12
3.23375e+02  1.00000e+00  1.00000e+12  0.00000e+00  1.00000e+12  1.00000e+12
3.23479e+02  1.00000e+00  1.00000e+12  0.00000e+00  1.00000e+12  1.00000e+12
3.23584e+02  1.00000e+00  1.00000e+12  0.00000e+00  1.00000e+12  1.00000e+12
3.23689e+02  1.00000e+00  1.00000e+12  0.00000e+00  1.00000e+12  1.00000e+12
3.23793e+02  1.00000e+00  1.00000e+12  0.00000e+00  1.00000e+12  1.00000e+12
3.23898e+02  1.00000e+00  1.00000e+12  0.00000e+00  1.00000e+12  1.00000e+12
3.24003e+02  1.00000e+00  1.00000e+12  0.00000e+00  1.00000e+12  1.00000e+12
3.24108e+02  1.00000e+00  1.00000e+12  0.00000e+00  1.00000e+12  1.00000e+12
3.24212e+02  1.00000e+00  1.00000e+12  0.00000e+00  1.00000e+12  1.00000e+12
3.24317e+02  1.00000e+00  1.00000e+12  0.00000e+00  1.00000e+12  1.00000e+12
3.24422e+02  1.00000e+00  1.00000e+12  0.00000e+00  1.00000e+12  1.00000e+12
3.24527e+02  1.00000e+00  1.00000e+12  0.00000e+00  1.00000e+12  1.00000e+12
3.24631e+02  1.00000e+00  1.00000e+12  0.00000e+00  1.00000e+12  1.00000e+12
3.24736e+02  1.00000e+00  1.00000e+12  0.00000e+00  1.00000e+12  1.00000e+12
3.24841e+02  1.00000e+00  1.00000e+12  0.00000e+00  1.00000e+12  1.00000e+12
3.24945e+02  1.00000e+00  1.00000e+12  0.00000e+00  1.00000e+12  1.00000e+12
3.25050e+02  1.00000e+00  1.00000e+12  0.00000e+00  1.00000e+12  1.00000e+12
3.25155e+02  1.00000e+00  1.00000e+12  0.00000e+00  1.00000e+12  1.00000e+12
3.25260e+02  1.00000e+00  1.00000e+12  0.00000e+00  1.00000e+12  1.00000e+12
3.25364e+02  1.00000e+00  1.00000e+12  0.00000e+00  1.00000e+12  1.00000e+12
3.25469e+02  1.00000e+00  1.00000e+12  0.00000e+00  1.00000e+12  1.00000e+12
3.25574e+02  1.00000e+00  1.00000e+12  0.00000e+00  1.00000e+12  1.00000e+12
3.25678e+02  1.00000e+00  1.00000e+12  0.00000e+00  1.00000e+12  1.00000e+12
3.25783e+02  1.00000e+00  1.00000e+12  0.00000e+00  1.00000e+12  1.00000e+12
3.25888e+02  1.00000e+00  1.00000e+12  0.00000e+00  1.00000e+12  1.00000e+12
3.25993e+02  1.00000e+00  1.00000e+12  0.00000e+00  1.00000e+12  1.00000e+12
3.26097e+02  1.00000e+00  1.00000e+12  0.00000e+00  1.00000e+12  1.00000e+12
3.26202e+02  1.00000e+00  1.00000e+12  0.00000e+00  1.00000e+12  1.00000e+12
3.26307e+02  1.00000e+00  1.00000e+12  0.00000e+00  1.00000e+12  1.00000e+12
3.26411e+02  1.00000e+00  1.00000e+12  0.00000e+00  1.00000e+12  1.00000e+12
3.26516e+02  1.00000e+00  1.00000e+12  0.00000e+00  1.00000e+12  1.00000e+12
3.26621e+02  1.00000e+00  1.00000e+12  0.00000e+00  1.00000e+12  1.00000e+12
3.26726e+02  1.00000e+00  1.00000e+12  0.00000e+00  1.00000e+12  1.00000e+12
3.26830e+02  1.00000e+00  1.00000e+12  0.00000e+00  1.00000e+12  1.00000e+12
3.26935e+02  1.00000e+00  1.00000e+12  0.00000e+00  1.00000e+12  1.00000e+12
3.27040e+02  1.00000e+00  1.00000e+12  0.00000e+00  1.00000e+12  1.00000e+12
3.27145e+02  1.00000e+00  1.00000e+12  0.00000e+00  1.00000e+12  1.00000e+12
3.27249e+02  1.00000e+00  1.00000e+12  0.00000e+00  1.00000e+12  1.00000e+12
3.27354e+02  1.00000e+00  1.00000e+12  0.00000e+00  1.00000e+12  1.00000e+12
3.27459e+02  1.00000e+00  1.00000e+12  0.00000e+00  1.00000e+12  1.00000e+12
3.27563e+02  1.00000e+00  1.00000e+12  0.00000e+00  1.00000e+12  1.00000e+12
3.27668e+02  1.00000e+00  1.00000e+12  0.00000e+00  1.00000e+12  1.00000e+12
3.27773e+02  1.00000e+00  1.00000e+12  0.00000e+00  1.00000e+12  1.00000e+12
3.27878e+02  1.00000e+00  1.00000e+12  0.00000e+00  1.00000e+12  1.00000e+12
3.27982e+02  1.00000e+00  1.00000e+12  0.00000e+00  1.00000e+12  1.00000e+12
3.28087e+02  1.00000e+00  1.00000e+12  0.00000e+00  1.00000e+12  1.00000e+12
3.28192e+02  1.00000e+00  1.00000e+12  0.00000e+00  1.00000e+12  1.00000e+12
3.28296e+02  1.00000e+00  1.00000e+12  0.00000e+00  1.00000e+12  1.00000e+12
3.28401e+02  1.00000e+00  1.00000e+12  0.00000e+00  1.00000e+12  1.00000e+12
3.28506e+02  1.00000e+00  1.00000e+12  0.00000e+00  1.00000e+12  1.00000e+12
3.28611e+02  1.00000e+00  1.00000e+12  0.00000e+00  1.00000e+12  1.00000e+12
3.28715e+02  1.00000e+00  1.00000e+12  0.00000e+00  1.00000e+12  1.00000e+12
3.28820e+02  1.00000e+00  1.00000e+12  0.00000e+00  1.00000e+12  1.00000e+12
3.28925e+02  1.00000e+00  1.00000e+12  0.00000e+00  1.00000e+12  1.00000e+12
3.29029e+02  1.00000e+00  1.00000e+12  0.00000e+00  1.00000e+12  1.00000e+12
3.29134e+02  1.00000e+00  1.00000e+12  0.00000e+00  1.00000e+12  1.00000e+12
3.29239e+02  1.00000e+00  1.00000e+12  0.00000e+00  1.00000e+12  1.00000e+12
3.29344e+02  1.00000e+00  1.00000e+12  0.00000e+00  1.00000e+12  1.00000e+12
3.29448e+02  1.00000e+00  1.00000e+12  0.00000e+00  1.00000e+12  1.00000e+12
3.29553e+02  1.00000e+00  1.00000e+12  0.00000e+00  1.00000e+12  1.00000e+12
3.29658e+02  1.00000e+00  1.00000e+12  0.00000e+00  1.00000e+12  1.00000e+12
3.29763e+02  1.00000e+00  1.00000e+12  0.00000e+00  1.00000e+12  1.00000e+12
3.29867e+02  1.00000e+00  1.00000e+12  0.00000e+00  1.00000e+12  1.00000e+12
3.29972e+02  1.00000e+00  1.00000e+12  0.00000e+00  1.00000e+12  1.00000e+12
3.30077e+02  1.00000e+00  1.00000e+12  0.00000e+00  1.00000e+12  1.00000e+12
3.30181e+02  1.00000e+00  1.00000e+12  0.00000e+00  1.00000e+12  1.00000e+12
3.30286e+02  1.00000e+00  1.00000e+12  0.00000e+00  1.00000e+12  1.00000e+12
3.30391e+02  1.00000e+00  1.00000e+12  0.00000e+00  1.00000e+12  1.00000e+12
3.30496e+02  1.00000e+00  1.00000e+12  0.00000e+00  1.00000e+12  1.00000e+12
3.30600e+02  1.00000e+00  1.00000e+12  0.00000e+00  1.00000e+12  1.00000e+12
3.30705e+02  1.00000e+00  1.00000e+12  0.00000e+00  1.00000e+12  1.00000e+12
3.30810e+02  1.00000e+00  1.00000e+12  0.00000e+00  1.00000e+12  1.00000e+12
3.30914e+02  1.00000e+00  1.00000e+12  0.00000e+00  1.00000e+12  1.00000e+12
3.31019e+02  1.00000e+00  1.00000e+12  0.00000e+00  1.00000e+12  1.00000e+12
3.31124e+02  1.00000e+00  1.00000e+12  0.00000e+00  1.00000e+12  1.00000e+12
3.31229e+02  1.00000e+00  1.00000e+12  0.00000e+00  1.00000e+12  1.00000e+12
3.31333e+02  1.00000e+00  1.00000e+12  0.00000e+00  1.00000e+12  1.00000e+12
3.31438e+02  1.00000e+00  1.00000e+12  0.00000e+00  1.00000e+12  1.00000e+12
3.31543e+02  1.00000e+00  1.00000e+12  0.00000e+00  1.00000e+12  1.00000e+12
3.31647e+02  1.00000e+00  1.00000e+12  0.00000e+00  1.00000e+12  1.00000e+12
3.31752e+02  1.00000e+00  1.00000e+12  0.00000e+00  1.00000e+12  1.00000e+12
3.31857e+02  1.00000e+00  1.00000e+12  0.00000e+00  1.00000e+12  1.00000e+12
3.31962e+02  1.00000e+00  1.00000e+12  0.00000e+00  1.00000e+12  1.00000e+12
3.32066e+02  1.00000e+00  1.00000e+12  0.00000e+00  1.00000e+12  1.00000e+12
3.32171e+02  1.00000e+00  1.00000e+12  0.00000e+00  1.00000e+12  1.00000e+12
3.32276e+02  1.00000e+00  1.00000e+12  0.00000e+00  1.00000e+12  1.00000e+12
3.32381e+02  1.00000e+00  1.00000e+12  0.00000e+00  1.00000e+12  1.00000e+12
3.32485e+02  1.00000e+00  1.00000e+12  0.00000e+00  1.00000e+12  1.00000e+12
3.32590e+02  1.00000e+00  1.00000e+12  0.00000e+00  1.00000e+12  1.00000e+12
3.32695e+02  1.00000e+00  1.00000e+12  0.00000e+00  1.00000e+12  1.00000e+12
3.32799e+02  1.00000e+00  1.00000e+12  0.00000e+00  1.00000e+12  1.00000e+12
3.32904e+02  1.00000e+00  1.00000e+12  0.00000e+00  1.00000e+12  1.00000e+12
3.33009e+02  1.00000e+00  1.00000e+12  0.00000e+00  1.00000e+12  1.00000e+12
3.33114e+02  1.00000e+00  1.00000e+12  0.00000e+00  1.00000e+12  1.00000e+12
3.33218e+02  1.00000e+00  1.00000e+12  0.00000e+00  1.00000e+12  1.00000e+12
3.33323e+02  1.00000e+00  1.00000e+12  0.00000e+00  1.00000e+12  1.00000e+12
3.33428e+02  1.00000e+00  1.00000e+12  0.00000e+00  1.00000e+12  1.00000e+12
3.33532e+02  1.00000e+00  1.00000e+12  0.00000e+00  1.00000e+12  1.00000e+12
3.33637e+02  1.00000e+00  1.00000e+12  0.00000e+00  1.00000e+12  1.00000e+12
3.33742e+02  1.00000e+00  1.00000e+12  0.00000e+00  1.00000e+12  1.00000e+12
3.33847e+02  1.00000e+00  1.00000e+12  0.00000e+00  1.00000e+12  1.00000e+12
3.33951e+02  1.00000e+00  1.00000e+12  0.00000e+00  1.00000e+12  1.00000e+12
3.34056e+02  1.00000e+00  1.00000e+12  0.00000e+00  1.00000e+12  1.00000e+12
3.34161e+02  1.00000e+00  1.00000e+12  0.00000e+00  1.00000e+12  1.00000e+12
3.34265e+02  1.00000e+00  1.00000e+12  0.00000e+00  1.00000e+12  1.00000e+12
3.34370e+02  1.00000e+00  1.00000e+12  0.00000e+00  1.00000e+12  1.00000e+12
3.34475e+02  1.00000e+00  1.00000e+12  0.00000e+00  1.00000e+12  1.00000e+12
3.34580e+02  1.00000e+00  1.00000e+12  0.00000e+00  1.00000e+12  1.00000e+12
3.34684e+02  1.00000e+00  1.00000e+12  0.00000e+00  1.00000e+12  1.00000e+12
3.34789e+02  1.00000e+00  1.00000e+12  0.00000e+00  1.00000e+12  1.00000e+12
3.34894e+02  1.00000e+00  1.00000e+12  0.00000e+00  1.00000e+12  1.00000e+12
3.34998e+02  1.00000e+00  1.00000e+12  0.00000e+00  1.00000e+12  1.00000e+12
3.35103e+02  1.00000e+00  1.00000e+12  0.00000e+00  1.00000e+12  1.00000e+12
3.35208e+02  1.00000e+00  1.00000e+12  0.00000e+00  1.00000e+12  1.00000e+12
3.35313e+02  1.00000e+00  1.00000e+12  0.00000e+00  1.00000e+12  1.00000e+12
3.35417e+02  1.00000e+00  1.00000e+12  0.00000e+00  1.00000e+12  1.00000e+12
3.35522e+02  1.00000e+00  1.00000e+12  0.00000e+00  1.00000e+12  1.00000e+12
3.35627e+02  1.00000e+00  1.00000e+12  0.00000e+00  1.00000e+12  1.00000e+12
3.35732e+02  1.00000e+00  1.00000e+12  0.00000e+00  1.00000e+12  1.00000e+12
3.35836e+02  1.00000e+00  1.00000e+12  0.00000e+00  1.00000e+12  1.00000e+12
3.35941e+02  1.00000e+00  1.00000e+12  0.00000e+00  1.00000e+12  1.00000e+12
3.36046e+02  1.00000e+00  1.00000e+12  0.00000e+00  1.00000e+12  1.00000e+12
3.36150e+02  1.00000e+00  1.00000e+12  0.00000e+00  1.00000e+12  1.00000e+12
3.36255e+02  1.00000e+00  1.00000e+12  0.00000e+00  1.00000e+12  1.00000e+12
3.36360e+02  1.00000e+00  1.00000e+12  0.00000e+00  1.00000e+12  1.00000e+12
3.36465e+02  1.00000e+00  1.00000e+12  0.00000e+00  1.00000e+12  1.00000e+12
3.36569e+02  1.00000e+00  1.00000e+12  0.00000e+00  1.00000e+12  1.00000e+12
3.36674e+02  1.00000e+00  1.00000e+12  0.00000e+00  1.00000e+12  1.00000e+12
3.36779e+02  1.00000e+00  1.00000e+12  0.00000e+00  1.00000e+12  1.00000e+12
3.36883e+02  1.00000e+00  1.00000e+12  0.00000e+00  1.00000e+12  1.00000e+12
3.36988e+02  1.00000e+00  1.00000e+12  0.00000e+00  1.00000e+12  1.00000e+12
3.37093e+02  1.00000e+00  1.00000e+12  0.00000e+00  1.00000e+12  1.00000e+12
3.37198e+02  1.00000e+00  1.00000e+12  0.00000e+00  1.00000e+12  1.00000e+12
3.37302e+02  1.00000e+00  1.00000e+12  0.00000e+00  1.00000e+12  1.00000e+12
3.37407e+02  1.00000e+00  1.00000e+12  0.00000e+00  1.00000e+12  1.00000e+12
3.37512e+02  1.00000e+00  1.00000e+12  0.00000e+00  1.00000e+12  1.00000e+12
3.37616e+02  1.00000e+00  1.00000e+12  0.00000e+00  1.00000e+12  1.00000e+12
3.37721e+02  1.00000e+00  1.00000e+12  0.00000e+00  1.00000e+12  1.00000e+12
3.37826e+02  1.00000e+00  1.00000e+12  0.00000e+00  1.00000e+12  1.00000e+12
3.37931e+02  1.00000e+00  1.00000e+12  0.00000e+00  1.00000e+12  1.00000e+12
3.38035e+02  1.00000e+00  1.00000e+12  0.00000e+00  1.00000e+12  1.00000e+12
3.38140e+02  1.00000e+00  1.00000e+12  0.00000e+00  1.00000e+12  1.00000e+12
3.38245e+02  1.00000e+00  1.00000e+12  0.00000e+00  1.00000e+12  1.00000e+12
3.38350e+02  1.00000e+00  1.00000e+12  0.00000e+00  1.00000e+12  1.00000e+12
3.38454e+02  1.00000e+00  1.00000e+12  0.00000e+00  1.00000e+12  1.00000e+12
3.38559e+02  1.00000e+00  1.00000e+12  0.00000e+00  1.00000e+12  1.00000e+12
3.38664e+02  1.00000e+00  1.00000e+12  0.00000e+00  1.00000e+12  1.00000e+12
3.38768e+02  1.00000e+00  1.00000e+12  0.00000e+00  1.00000e+12  1.00000e+12
3.38873e+02  1.00000e+00  1.00000e+12  0.00000e+00  1.00000e+12  1.00000e+12
3.38978e+02  1.00000e+00  1.00000e+12  0.00000e+00  1.00000e+12  1.00000e+12
3.39083e+02  1.00000e+00  1.00000e+12  0.00000e+00  1.00000e+12  1.00000e+12
3.39187e+02  1.00000e+00  1.00000e+12  0.00000e+00  1.00000e+12  1.00000e+12
3.39292e+02  1.00000e+00  1.00000e+12  0.00000e+00  1.00000e+12  1.00000e+12
3.39397e+02  1.00000e+00  1.00000e+12  0.00000e+00  1.00000e+12  1.00000e+12
3.39501e+02  1.00000e+00  1.00000e+12  0.00000e+00  1.00000e+12  1.00000e+12
3.39606e+02  1.00000e+00  1.00000e+12  0.00000e+00  1.00000e+12  1.00000e+12
3.39711e+02  1.00000e+00  1.00000e+12  0.00000e+00  1.00000e+12  1.00000e+12
3.39816e+02  1.00000e+00  1.00000e+12  0.00000e+00  1.00000e+12  1.00000e+12
3.39920e+02  1.00000e+00  1.00000e+12  0.00000e+00  1.00000e+12  1.00000e+12
3.40025e+02  1.00000e+00  1.00000e+12  0.00000e+00  1.00000e+12  1.00000e+12
3.40130e+02  1.00000e+00  1.00000e+12  0.00000e+00  1.00000e+12  1.00000e+12
3.40234e+02  1.00000e+00  1.00000e+12  0.00000e+00  1.00000e+12  1.00000e+12
3.40339e+02  1.00000e+00  1.00000e+12  0.00000e+00  1.00000e+12  1.00000e+12
3.40444e+02  1.00000e+00  1.00000e+12  0.00000e+00  1.00000e+12  1.00000e+12
3.40549e+02  1.00000e+00  1.00000e+12  0.00000e+00  1.00000e+12  1.00000e+12
3.40653e+02  1.00000e+00  1.00000e+12  0.00000e+00  1.00000e+12  1.00000e+12
3.40758e+02  1.00000e+00  1.00000e+12  0.00000e+00  1.00000e+12  1.00000e+12
3.40863e+02  1.00000e+00  1.00000e+12  0.00000e+00  1.00000e+12  1.00000e+12
3.40968e+02  1.00000e+00  1.00000e+12  0.00000e+00  1.00000e+12  1.00000e+12
3.41072e+02  1.00000e+00  1.00000e+12  0.00000e+00  1.00000e+12  1.00000e+12
3.41177e+02  1.00000e+00  1.00000e+12  0.00000e+00  1.00000e+12  1.00000e+12
3.41282e+02  1.00000e+00  1.00000e+12  0.00000e+00  1.00000e+12  1.00000e+12
3.41386e+02  1.00000e+00  1.00000e+12  0.00000e+00  1.00000e+12  1.00000e+12
3.41491e+02  1.00000e+00  1.00000e+12  0.00000e+00  1.00000e+12  1.00000e+12
3.41596e+02  1.00000e+00  1.00000e+12  0.00000e+00  1.00000e+12  1.00000e+12
3.41701e+02  1.00000e+00  1.00000e+12  0.00000e+00  1.00000e+12  1.00000e+12
3.41805e+02  1.00000e+00  1.00000e+12  0.00000e+00  1.00000e+12  1.00000e+12
3.41910e+02  1.00000e+00  1.00000e+12  0.00000e+00  1.00000e+12  1.00000e+12
3.42015e+02  1.00000e+00  1.00000e+12  0.00000e+00  1.00000e+12  1.00000e+12
3.42119e+02  1.00000e+00  1.00000e+12  0.00000e+00  1.00000e+12  1.00000e+12
3.42224e+02  1.00000e+00  1.00000e+12  0.00000e+00  1.00000e+12  1.00000e+12
3.42329e+02  1.00000e+00  1.00000e+12  0.00000e+00  1.00000e+12  1.00000e+12
3.42434e+02  1.00000e+00  1.00000e+12  0.00000e+00  1.00000e+12  1.00000e+12
3.42538e+02  1.00000e+00  1.00000e+12  0.00000e+00  1.00000e+12  1.00000e+12
3.42643e+02  1.00000e+00  1.00000e+12  0.00000e+00  1.00000e+12  1.00000e+12
3.42748e+02  1.00000e+00  1.00000e+12  0.00000e+00  1.00000e+12  1.00000e+12
3.42852e+02  1.00000e+00  1.00000e+12  0.00000e+00  1.00000e+12  1.00000e+12
3.42957e+02  1.00000e+00  1.00000e+12  0.00000e+00  1.00000e+12  1.00000e+12
3.43062e+02  1.00000e+00  1.00000e+12  0.00000e+00  1.00000e+12  1.00000e+12
3.43167e+02  1.00000e+00  1.00000e+12  0.00000e+00  1.00000e+12  1.00000e+12
3.43271e+02  1.00000e+00  1.00000e+12  0.00000e+00  1.00000e+12  1.00000e+12
3.43376e+02  1.00000e+00  1.00000e+12  0.00000e+00  1.00000e+12  1.00000e+12
3.43481e+02  1.00000e+00  1.00000e+12  0.00000e+00  1.00000e+12  1.00000e+12
3.43586e+02  1.00000e+00  1.00000e+12  0.00000e+00  1.00000e+12  1.00000e+12
3.43690e+02  1.00000e+00  1.00000e+12  0.00000e+00  1.00000e+12  1.00000e+12
3.43795e+02  1.00000e+00  1.00000e+12  0.00000e+00  1.00000e+12  1.00000e+12
3.43900e+02  1.00000e+00  1.00000e+12  0.00000e+00  1.00000e+12  1.00000e+12
3.44004e+02  1.00000e+00  1.00000e+12  0.00000e+00  1.00000e+12  1.00000e+12
3.44109e+02  1.00000e+00  1.00000e+12  0.00000e+00  1.00000e+12  1.00000e+12
3.44214e+02  1.00000e+00  1.00000e+12  0.00000e+00  1.00000e+12  1.00000e+12
3.44319e+02  1.00000e+00  1.00000e+12  0.00000e+00  1.00000e+12  1.00000e+12
3.44423e+02  1.00000e+00  1.00000e+12  0.00000e+00  1.00000e+12  1.00000e+12
3.44528e+02  1.00000e+00  1.00000e+12  0.00000e+00  1.00000e+12  1.00000e+12
3.44633e+02  1.00000e+00  1.00000e+12  0.00000e+00  1.00000e+12  1.00000e+12
3.44737e+02  1.00000e+00  1.00000e+12  0.00000e+00  1.00000e+12  1.00000e+12
3.44842e+02  1.00000e+00  1.00000e+12  0.00000e+00  1.00000e+12  1.00000e+12
3.44947e+02  1.00000e+00  1.00000e+12  0.00000e+00  1.00000e+12  1.00000e+12
3.45052e+02  1.00000e+00  1.00000e+12  0.00000e+00  1.00000e+12  1.00000e+12
3.45156e+02  1.00000e+00  1.00000e+12  0.00000e+00  1.00000e+12  1.00000e+12
3.45261e+02  1.00000e+00  1.00000e+12  0.00000e+00  1.00000e+12  1.00000e+12
3.45366e+02  1.00000e+00  1.00000e+12  0.00000e+00  1.00000e+12  1.00000e+12
3.45470e+02  1.00000e+00  1.00000e+12  0.00000e+00  1.00000e+12  1.00000e+12
3.45575e+02  1.00000e+00  1.00000e+12  0.00000e+00  1.00000e+12  1.00000e+12
3.45680e+02  1.00000e+00  1.00000e+12  0.00000e+00  1.00000e+12  1.00000e+12
3.45785e+02  1.00000e+00  1.00000e+12  0.00000e+00  1.00000e+12  1.00000e+12
3.45889e+02  1.00000e+00  1.00000e+12  0.00000e+00  1.00000e+12  1.00000e+12
3.45994e+02  1.00000e+00  1.00000e+12  0.00000e+00  1.00000e+12  1.00000e+12
3.46099e+02  1.00000e+00  1.00000e+12  0.00000e+00  1.00000e+12  1.00000e+12
3.46204e+02  1.00000e+00  1.00000e+12  0.00000e+00  1.00000e+12  1.00000e+12
3.46308e+02  1.00000e+00  1.00000e+12  0.00000e+00  1.00000e+12  1.00000e+12
3.46413e+02  1.00000e+00  1.00000e+12  0.00000e+00  1.00000e+12  1.00000e+12
3.46518e+02  1.00000e+00  1.00000e+12  0.00000e+00  1.00000e+12  1.00000e+12
3.46622e+02  1.00000e+00  1.00000e+12  0.00000e+00  1.00000e+12  1.00000e+12
3.46727e+02  1.00000e+00  1.00000e+12  0.00000e+00  1.00000e+12  1.00000e+12
3.46832e+02  1.00000e+00  1.00000e+12  0.00000e+00  1.00000e+12  1.00000e+12
3.46937e+02  1.00000e+00  1.00000e+12  0.00000e+00  1.00000e+12  1.00000e+12
3.47041e+02  1.00000e+00  1.00000e+12  0.00000e+00  1.00000e+12  1.00000e+12
3.47146e+02  1.00000e+00  1.00000e+12  0.00000e+00  1.00000e+12  1.00000e+12
3.47251e+02  1.00000e+00  1.00000e+12  0.00000e+00  1.00000e+12  1.00000e+12
3.47355e+02  1.00000e+00  1.00000e+12  0.00000e+00  1.00000e+12  1.00000e+12
3.47460e+02  1.00000e+00  1.00000e+12  0.00000e+00  1.00000e+12  1.00000e+12
3.47565e+02  1.00000e+00  1.00000e+12  0.00000e+00  1.00000e+12  1.00000e+12
3.47670e+02  1.00000e+00  1.00000e+12  0.00000e+00  1.00000e+12  1.00000e+12
3.47774e+02  1.00000e+00  1.00000e+12  0.00000e+00  1.00000e+12  1.00000e+12
3.47879e+02  1.00000e+00  1.00000e+12  0.00000e+00  1.00000e+12  1.00000e+12
3.47984e+02  1.00000e+00  1.00000e+12  0.00000e+00  1.00000e+12  1.00000e+12
3.48088e+02  1.00000e+00  1.00000e+12  0.00000e+00  1.00000e+12  1.00000e+12
3.48193e+02  1.00000e+00  1.00000e+12  0.00000e+00  1.00000e+12  1.00000e+12
3.48298e+02  1.00000e+00  1.00000e+12  0.00000e+00  1.00000e+12  1.00000e+12
3.48403e+02  1.00000e+00  1.00000e+12  0.00000e+00  1.00000e+12  1.00000e+12
3.48507e+02  1.00000e+00  1.00000e+12  0.00000e+00  1.00000e+12  1.00000e+12
3.48612e+02  1.00000e+00  1.00000e+12  0.00000e+00  1.00000e+12  1.00000e+12
3.48717e+02  1.00000e+00  1.00000e+12  0.00000e+00  1.00000e+12  1.00000e+12
3.48822e+02  1.00000e+00  1.00000e+12  0.00000e+00  1.00000e+12  1.00000e+12
3.48926e+02  1.00000e+00  1.00000e+12  0.00000e+00  1.00000e+12  1.00000e+12
3.49031e+02  1.00000e+00  1.00000e+12  0.00000e+00  1.00000e+12  1.00000e+12
3.49136e+02  1.00000e+00  1.00000e+12  0.00000e+00  1.00000e+12  1.00000e+12
3.49240e+02  1.00000e+00  1.00000e+12  0.00000e+00  1.00000e+12  1.00000e+12
3.49345e+02  1.00000e+00  1.00000e+12  0.00000e+00  1.00000e+12  1.00000e+12
3.49450e+02  1.00000e+00  1.00000e+12  0.00000e+00  1.00000e+12  1.00000e+12
3.49555e+02  1.00000e+00  1.00000e+12  0.00000e+00  1.00000e+12  1.00000e+12
3.49659e+02  1.00000e+00  1.00000e+12  0.00000e+00  1.00000e+12  1.00000e+12
3.49764e+02  1.00000e+00  1.00000e+12  0.00000e+00  1.00000e+12  1.00000e+12
3.49869e+02  1.00000e+00  1.00000e+12  0.00000e+00  1.00000e+12  1.00000e+12
3.49973e+02  1.00000e+00  1.00000e+12  0.00000e+00  1.00000e+12  1.00000e+12
3.50078e+02  1.00000e+00  1.00000e+12  0.00000e+00  1.00000e+12  1.00000e+12
3.50183e+02  1.00000e+00  1.00000e+12  0.00000e+00  1.00000e+12  1.00000e+12
3.50288e+02  1.00000e+00  1.00000e+12  0.00000e+00  1.00000e+12  1.00000e+12
3.50392e+02  1.00000e+00  1.00000e+12  0.00000e+00  1.00000e+12  1.00000e+12
3.50497e+02  1.00000e+00  1.00000e+12  0.00000e+00  1.00000e+12  1.00000e+12
3.50602e+02  1.00000e+00  1.00000e+12  0.00000e+00  1.00000e+12  1.00000e+12
3.50706e+02  1.00000e+00  1.00000e+12  0.00000e+00  1.00000e+12  1.00000e+12
3.50811e+02  1.00000e+00  1.00000e+12  0.00000e+00  1.00000e+12  1.00000e+12
3.50916e+02  1.00000e+00  1.00000e+12  0.00000e+00  1.00000e+12  1.00000e+12
3.51021e+02  1.00000e+00  1.00000e+12  0.00000e+00  1.00000e+12  1.00000e+12
3.51125e+02  1.00000e+00  1.00000e+12  0.00000e+00  1.00000e+12  1.00000e+12
3.51230e+02  1.00000e+00  1.00000e+12  0.00000e+00  1.00000e+12  1.00000e+12
3.51335e+02  1.00000e+00  1.00000e+12  0.00000e+00  1.00000e+12  1.00000e+12
3.51439e+02  1.00000e+00  1.00000e+12  0.00000e+00  1.00000e+12  1.00000e+12
3.51544e+02  1.00000e+00  1.00000e+12  0.00000e+00  1.00000e+12  1.00000e+12
3.51649e+02  1.00000e+00  1.00000e+12  0.00000e+00  1.00000e+12  1.00000e+12
3.51754e+02  1.00000e+00  1.00000e+12  0.00000e+00  1.00000e+12  1.00000e+12
3.51858e+02  1.00000e+00  1.00000e+12  0.00000e+00  1.00000e+12  1.00000e+12
3.51963e+02  1.00000e+00  1.00000e+12  0.00000e+00  1.00000e+12  1.00000e+12
3.52068e+02  1.00000e+00  1.00000e+12  0.00000e+00  1.00000e+12  1.00000e+12
3.52173e+02  1.00000e+00  1.00000e+12  0.00000e+00  1.00000e+12  1.00000e+12
3.52277e+02  1.00000e+00  1.00000e+12  0.00000e+00  1.00000e+12  1.00000e+12
3.52382e+02  1.00000e+00  1.00000e+12  0.00000e+00  1.00000e+12  1.00000e+12
3.52487e+02  1.00000e+00  1.00000e+12  0.00000e+00  1.00000e+12  1.00000e+12
3.52591e+02  1.00000e+00  1.00000e+12  0.00000e+00  1.00000e+12  1.00000e+12
3.52696e+02  1.00000e+00  1.00000e+12  0.00000e+00  1.00000e+12  1.00000e+12
3.52801e+02  1.00000e+00  1.00000e+12  0.00000e+00  1.00000e+12  1.00000e+12
3.52906e+02  1.00000e+00  1.00000e+12  0.00000e+00  1.00000e+12  1.00000e+12
3.53010e+02  1.00000e+00  1.00000e+12  0.00000e+00  1.00000e+12  1.00000e+12
3.53115e+02  1.00000e+00  1.00000e+12  0.00000e+00  1.00000e+12  1.00000e+12
3.53220e+02  1.00000e+00  1.00000e+12  0.00000e+00  1.00000e+12  1.00000e+12
3.53324e+02  1.00000e+00  1.00000e+12  0.00000e+00  1.00000e+12  1.00000e+12
3.53429e+02  1.00000e+00  1.00000e+12  0.00000e+00  1.00000e+12  1.00000e+12
3.53534e+02  1.00000e+00  1.00000e+12  0.00000e+00  1.00000e+12  1.00000e+12
3.53639e+02  1.00000e+00  1.00000e+12  0.00000e+00  1.00000e+12  1.00000e+12
3.53743e+02  1.00000e+00  1.00000e+12  0.00000e+00  1.00000e+12  1.00000e+12
3.53848e+02  1.00000e+00  1.00000e+12  0.00000e+00  1.00000e+12  1.00000e+12
3.53953e+02  1.00000e+00  1.00000e+12  0.00000e+00  1.00000e+12  1.00000e+12
3.54057e+02  1.00000e+00  1.00000e+12  0.00000e+00  1.00000e+12  1.00000e+12
3.54162e+02  1.00000e+00  1.00000e+12  0.00000e+00  1.00000e+12  1.00000e+12
3.54267e+02  1.00000e+00  1.00000e+12  0.00000e+00  1.00000e+12  1.00000e+12
3.54372e+02  1.00000e+00  1.00000e+12  0.00000e+00  1.00000e+12  1.00000e+12
3.54476e+02  1.00000e+00  1.00000e+12  0.00000e+00  1.00000e+12  1.00000e+12
3.54581e+02  1.00000e+00  1.00000e+12  0.00000e+00  1.00000e+12  1.00000e+12
3.54686e+02  1.00000e+00  1.00000e+12  0.00000e+00  1.00000e+12  1.00000e+12
3.54791e+02  1.00000e+00  1.00000e+12  0.00000e+00  1.00000e+12  1.00000e+12
3.54895e+02  1.00000e+00  1.00000e+12  0.00000e+00  1.00000e+12  1.00000e+12
3.55000e+02  1.00000e+00  1.00000e+12  0.00000e+00  1.00000e+12  1.00000e+12
3.55105e+02  1.00000e+00  1.00000e+12  0.00000e+00  1.00000e+12  1.00000e+12
3.55209e+02  1.00000e+00  1.00000e+12  0.00000e+00  1.00000e+12  1.00000e+12
3.55314e+02  1.00000e+00  1.00000e+12  0.00000e+00  1.00000e+12  1.00000e+12
3.55419e+02  1.00000e+00  1.00000e+12  0.00000e+00  1.00000e+12  1.00000e+12
3.55524e+02  1.00000e+00  1.00000e+12  0.00000e+00  1.00000e+12  1.00000e+12
3.55628e+02  1.00000e+00  1.00000e+12  0.00000e+00  1.00000e+12  1.00000e+12
3.55733e+02  1.00000e+00  1.00000e+12  0.00000e+00  1.00000e+12  1.00000e+12
3.55838e+02  1.00000e+00  1.00000e+12  0.00000e+00  1.00000e+12  1.00000e+12
3.55942e+02  1.00000e+00  1.00000e+12  0.00000e+00  1.00000e+12  1.00000e+12
3.56047e+02  1.00000e+00  1.00000e+12  0.00000e+00  1.00000e+12  1.00000e+12
3.56152e+02  1.00000e+00  1.00000e+12  0.00000e+00  1.00000e+12  1.00000e+12
3.56257e+02  1.00000e+00  1.00000e+12  0.00000e+00  1.00000e+12  1.00000e+12
3.56361e+02  1.00000e+00  1.00000e+12  0.00000e+00  1.00000e+12  1.00000e+12
3.56466e+02  1.00000e+00  1.00000e+12  0.00000e+00  1.00000e+12  1.00000e+12
3.56571e+02  1.00000e+00  1.00000e+12  0.00000e+00  1.00000e+12  1.00000e+12
3.56675e+02  1.00000e+00  1.00000e+12  0.00000e+00  1.00000e+12  1.00000e+12
3.56780e+02  1.00000e+00  1.00000e+12  0.00000e+00  1.00000e+12  1.00000e+12
3.56885e+02  1.00000e+00  1.00000e+12  0.00000e+00  1.00000e+12  1.00000e+12
3.56990e+02  1.00000e+00  1.00000e+12  0.00000e+00  1.00000e+12  1.00000e+12
3.57094e+02  1.00000e+00  1.00000e+12  0.00000e+00  1.00000e+12  1.00000e+12
3.57199e+02  1.00000e+00  1.00000e+12  0.00000e+00  1.00000e+12  1.00000e+12
3.57304e+02  1.00000e+00  1.00000e+12  0.00000e+00  1.00000e+12  1.00000e+12
3.57409e+02  1.00000e+00  1.00000e+12  0.00000e+00  1.00000e+12  1.00000e+12
3.57513e+02  1.00000e+00  1.00000e+12  0.00000e+00  1.00000e+12  1.00000e+12
3.57618e+02  1.00000e+00  1.00000e+12  0.00000e+00  1.00000e+12  1.00000e+12
3.57723e+02  1.00000e+00  1.00000e+12  0.00000e+00  1.00000e+12  1.00000e+12
3.57827e+02  1.00000e+00  1.00000e+12  0.00000e+00  1.00000e+12  1.00000e+12
3.57932e+02  1.00000e+00  1.00000e+12  0.00000e+00  1.00000e+12  1.00000e+12
3.58037e+02  1.00000e+00  1.00000e+12  0.00000e+00  1.00000e+12  1.00000e+12
3.58142e+02  1.00000e+00  1.00000e+12  0.00000e+00  1.00000e+12  1.00000e+12
3.58246e+02  1.00000e+00  1.00000e+12  0.00000e+00  1.00000e+12  1.00000e+12
3.58351e+02  1.00000e+00  1.00000e+12  0.00000e+00  1.00000e+12  1.00000e+12
3.58456e+02  1.00000e+00  1.00000e+12  0.00000e+00  1.00000e+12  1.00000e+12
3.58560e+02  1.00000e+00  1.00000e+12  0.00000e+00  1.00000e+12  1.00000e+12
3.58665e+02  1.00000e+00  1.00000e+12  0.00000e+00  1.00000e+12  1.00000e+12
3.58770e+02  1.00000e+00  1.00000e+12  0.00000e+00  1.00000e+12  1.00000e+12
3.58875e+02  1.00000e+00  1.00000e+12  0.00000e+00  1.00000e+12  1.00000e+12
3.58979e+02  1.00000e+00  1.00000e+12  0.00000e+00  1.00000e+12  1.00000e+12
3.59084e+02  1.00000e+00  1.00000e+12  0.00000e+00  1.00000e+12  1.00000e+12
3.59189e+02  1.00000e+00  1.00000e+12  0.00000e+00  1.00000e+12  1.00000e+12
3.59293e+02  1.00000e+00  1.00000e+12  0.00000e+00  1.00000e+12  1.00000e+12
3.59398e+02  1.00000e+00  1.00000e+12  0.00000e+00  1.00000e+12  1.00000e+12
3.59503e+02  1.00000e+00  1.00000e+12  0.00000e+00  1.00000e+12  1.00000e+12
3.59608e+02  1.00000e+00  1.00000e+12  0.00000e+00  1.00000e+12  1.00000e+12
3.59712e+02  1.00000e+00  1.00000e+12  0.00000e+00  1.00000e+12  1.00000e+12
3.59817e+02  1.00000e+00  1.00000e+12  0.00000e+00  1.00000e+12  1.00000e+12
3.59922e+02  1.00000e+00  1.00000e+12  0.00000e+00  1.00000e+12  1.00000e+12
3.60027e+02  1.00000e+00  1.00000e+12  0.00000e+00  1.00000e+12  1.00000e+12
3.60131e+02  1.00000e+00  1.00000e+12  0.00000e+00  1.00000e+12  1.00000e+12
3.60236e+02  1.00000e+00  1.00000e+12  0.00000e+00  1.00000e+12  1.00000e+12
3.60341e+02  1.00000e+00  1.00000e+12  0.00000e+00  1.00000e+12  1.00000e+12
3.60445e+02  1.00000e+00  1.00000e+12  0.00000e+00  1.00000e+12  1.00000e+12
3.60550e+02  1.00000e+00  1.00000e+12  0.00000e+00  1.00000e+12  1.00000e+12
3.60655e+02  1.00000e+00  1.00000e+12  0.00000e+00  1.00000e+12  1.00000e+12
3.60760e+02  1.00000e+00  1.00000e+12  0.00000e+00  1.00000e+12  1.00000e+12
3.60864e+02  1.00000e+00  1.00000e+12  0.00000e+00  1.00000e+12  1.00000e+12
3.60969e+02  1.00000e+00  1.00000e+12  0.00000e+00  1.00000e+12  1.00000e+12
3.61074e+02  1.00000e+00  1.00000e+12  0.00000e+00  1.00000e+12  1.00000e+12
3.61178e+02  1.00000e+00  1.00000e+12  0.00000e+00  1.00000e+12  1.00000e+12
3.61283e+02  1.00000e+00  1.00000e+12  0.00000e+00  1.00000e+12  1.00000e+12
3.61388e+02  1.00000e+00  1.00000e+12  0.00000e+00  1.00000e+12  1.00000e+12
3.61493e+02  1.00000e+00  1.00000e+12  0.00000e+00  1.00000e+12  1.00000e+12
3.61597e+02  1.00000e+00  1.00000e+12  0.00000e+00  1.00000e+12  1.00000e+12
3.61702e+02  1.00000e+00  1.00000e+12  0.00000e+00  1.00000e+12  1.00000e+12
3.61807e+02  1.00000e+00  1.00000e+12  0.00000e+00  1.00000e+12  1.00000e+12
3.61911e+02  1.00000e+00  1.00000e+12  0.00000e+00  1.00000e+12  1.00000e+12
3.62016e+02  1.00000e+00  1.00000e+12  0.00000e+00  1.00000e+12  1.00000e+12
3.62121e+02  1.00000e+00  1.00000e+12  0.00000e+00  1.00000e+12  1.00000e+12
3.62226e+02  1.00000e+00  1.00000e+12  0.00000e+00  1.00000e+12  1.00000e+12
3.62330e+02  1.00000e+00  1.00000e+12  0.00000e+00  1.00000e+12  1.00000e+12
3.62435e+02  1.00000e+00  1.00000e+12  0.00000e+00  1.00000e+12  1.00000e+12
3.62540e+02  1.00000e+00  1.00000e+12  0.00000e+00  1.00000e+12  1.00000e+12
3.62645e+02  1.00000e+00  1.00000e+12  0.00000e+00  1.00000e+12  1.00000e+12
3.62749e+02  1.00000e+00  1.00000e+12  0.00000e+00  1.00000e+12  1.00000e+12
3.62854e+02  1.00000e+00  1.00000e+12  0.00000e+00  1.00000e+12  1.00000e+12
3.62959e+02  1.00000e+00  1.00000e+12  0.00000e+00  1.00000e+12  1.00000e+12
3.63063e+02  1.00000e+00  1.00000e+12  0.00000e+00  1.00000e+12  1.00000e+12
3.63168e+02  1.00000e+00  1.00000e+12  0.00000e+00  1.00000e+12  1.00000e+12
3.63273e+02  1.00000e+00  1.00000e+12  0.00000e+00  1.00000e+12  1.00000e+12
3.63378e+02  1.00000e+00  1.00000e+12  0.00000e+00  1.00000e+12  1.00000e+12
3.63482e+02  1.00000e+00  1.00000e+12  0.00000e+00  1.00000e+12  1.00000e+12
3.63587e+02  1.00000e+00  1.00000e+12  0.00000e+00  1.00000e+12  1.00000e+12
3.63692e+02  1.00000e+00  1.00000e+12  0.00000e+00  1.00000e+12  1.00000e+12
3.63796e+02  1.00000e+00  1.00000e+12  0.00000e+00  1.00000e+12  1.00000e+12
3.63901e+02  1.00000e+00  1.00000e+12  0.00000e+00  1.00000e+12  1.00000e+12
3.64006e+02  1.00000e+00  1.00000e+12  0.00000e+00  1.00000e+12  1.00000e+12
3.64111e+02  1.00000e+00  1.00000e+12  0.00000e+00  1.00000e+12  1.00000e+12
3.64215e+02  1.00000e+00  1.00000e+12  0.00000e+00  1.00000e+12  1.00000e+12
3.64320e+02  1.00000e+00  1.00000e+12  0.00000e+00  1.00000e+12  1.00000e+12
3.64425e+02  1.00000e+00  1.00000e+12  0.00000e+00  1.00000e+12  1.00000e+12
3.64529e+02  1.00000e+00  1.00000e+12  0.00000e+00  1.00000e+12  1.00000e+12
3.64634e+02  1.00000e+00  1.00000e+12  0.00000e+00  1.00000e+12  1.00000e+12
3.64739e+02  1.00000e+00  1.00000e+12  0.00000e+00  1.00000e+12  1.00000e+12
3.64844e+02  1.00000e+00  1.00000e+12  0.00000e+00  1.00000e+12  1.00000e+12
3.64948e+02  1.00000e+00  1.00000e+12  0.00000e+00  1.00000e+12  1.00000e+12
3.65053e+02  1.00000e+00  1.00000e+12  0.00000e+00  1.00000e+12  1.00000e+12
3.65158e+02  1.00000e+00  1.00000e+12  0.00000e+00  1.00000e+12  1.00000e+12
3.65263e+02  1.00000e+00  1.00000e+12  0.00000e+00  1.00000e+12  1.00000e+12
3.65367e+02  1.00000e+00  1.00000e+12  0.00000e+00  1.00000e+12  1.00000e+12
3.65472e+02  1.00000e+00  1.00000e+12  0.00000e+00  1.00000e+12  1.00000e+12
3.65577e+02  1.00000e+00  1.00000e+12  0.00000e+00  1.00000e+12  1.00000e+12
3.65681e+02  1.00000e+00  1.00000e+12  0.00000e+00  1.00000e+12  1.00000e+12
3.65786e+02  1.00000e+00  1.00000e+12  0.00000e+00  1.00000e+12  1.00000e+12
3.65891e+02  1.00000e+00  1.00000e+12  0.00000e+00  1.00000e+12  1.00000e+12
3.65996e+02  1.00000e+00  1.00000e+12  0.00000e+00  1.00000e+12  1.00000e+12
3.66100e+02  1.00000e+00  1.00000e+12  0.00000e+00  1.00000e+12  1.00000e+12
3.66205e+02  1.00000e+00  1.00000e+12  0.00000e+00  1.00000e+12  1.00000e+12
3.66310e+02  1.00000e+00  1.00000e+12  0.00000e+00  1.00000e+12  1.00000e+12
3.66414e+02  1.00000e+00  1.00000e+12  0.00000e+00  1.00000e+12  1.00000e+12
3.66519e+02  1.00000e+00  1.00000e+12  0.00000e+00  1.00000e+12  1.00000e+12
3.66624e+02  1.00000e+00  1.00000e+12  0.00000e+00  1.00000e+12  1.00000e+12
3.66729e+02  1.00000e+00  1.00000e+12  0.00000e+00  1.00000e+12  1.00000e+12
3.66833e+02  1.00000e+00  1.00000e+12  0.00000e+00  1.00000e+12  1.00000e+12
3.66938e+02  1.00000e+00  1.00000e+12  0.00000e+00  1.00000e+12  1.00000e+12
3.67043e+02  1.00000e+00  1.00000e+12  0.00000e+00  1.00000e+12  1.00000e+12
3.67147e+02  1.00000e+00  1.00000e+12  0.00000e+00  1.00000e+12  1.00000e+12
3.67252e+02  1.00000e+00  1.00000e+12  0.00000e+00  1.00000e+12  1.00000e+12
3.67357e+02  1.00000e+00  1.00000e+12  0.00000e+00  1.00000e+12  1.00000e+12
3.67462e+02  1.00000e+00  1.00000e+12  0.00000e+00  1.00000e+12  1.00000e+12
3.67566e+02  1.00000e+00  1.00000e+12  0.00000e+00  1.00000e+12  1.00000e+12
3.67671e+02  1.00000e+00  1.00000e+12  0.00000e+00  1.00000e+12  1.00000e+12
3.67776e+02  1.00000e+00  1.00000e+12  0.00000e+00  1.00000e+12  1.00000e+12
3.67880e+02  1.00000e+00  1.00000e+12  0.00000e+00  1.00000e+12  1.00000e+12
3.67985e+02  1.00000e+00  1.00000e+12  0.00000e+00  1.00000e+12  1.00000e+12
3.68090e+02  1.00000e+00  1.00000e+12  0.00000e+00  1.00000e+12  1.00000e+12
3.68195e+02  1.00000e+00  1.00000e+12  0.00000e+00  1.00000e+12  1.00000e+12
3.68299e+02  1.00000e+00  1.00000e+12  0.00000e+00  1.00000e+12  1.00000e+12
3.68404e+02  1.00000e+00  1.00000e+12  0.00000e+00  1.00000e+12  1.00000e+12
3.68509e+02  1.00000e+00  1.00000e+12  0.00000e+00  1.00000e+12  1.00000e+12
3.68614e+02  1.00000e+00  1.00000e+12  0.00000e+00  1.00000e+12  1.00000e+12
3.68718e+02  1.00000e+00  1.00000e+12  0.00000e+00  1.00000e+12  1.00000e+12
3.68823e+02  1.00000e+00  1.00000e+12  0.00000e+00  1.00000e+12  1.00000e+12
3.68928e+02  1.00000e+00  1.00000e+12  0.00000e+00  1.00000e+12  1.00000e+12
3.69032e+02  1.00000e+00  1.00000e+12  0.00000e+00  1.00000e+12  1.00000e+12
3.69137e+02  1.00000e+00  1.00000e+12  0.00000e+00  1.00000e+12  1.00000e+12
3.69242e+02  1.00000e+00  1.00000e+12  0.00000e+00  1.00000e+12  1.00000e+12
3.69347e+02  1.00000e+00  1.00000e+12  0.00000e+00  1.00000e+12  1.00000e+12
3.69451e+02  1.00000e+00  1.00000e+12  0.00000e+00  1.00000e+12  1.00000e+12
3.69556e+02  1.00000e+00  1.00000e+12  0.00000e+00  1.00000e+12  1.00000e+12
3.69661e+02  1.00000e+00  1.00000e+12  0.00000e+00  1.00000e+12  1.00000e+12
3.69765e+02  1.00000e+00  1.00000e+12  0.00000e+00  1.00000e+12  1.00000e+12
3.69870e+02  1.00000e+00  1.00000e+12  0.00000e+00  1.00000e+12  1.00000e+12
3.69975e+02  1.00000e+00  1.00000e+12  0.00000e+00  1.00000e+12  1.00000e+12
3.70080e+02  1.00000e+00  1.00000e+12  0.00000e+00  1.00000e+12  1.00000e+12
3.70184e+02  1.00000e+00  1.00000e+12  0.00000e+00  1.00000e+12  1.00000e+12
3.70289e+02  1.00000e+00  1.00000e+12  0.00000e+00  1.00000e+12  1.00000e+12
3.70394e+02  1.00000e+00  1.00000e+12  0.00000e+00  1.00000e+12  1.00000e+12
3.70498e+02  1.00000e+00  1.00000e+12  0.00000e+00  1.00000e+12  1.00000e+12
3.70603e+02  1.00000e+00  1.00000e+12  0.00000e+00  1.00000e+12  1.00000e+12
3.70708e+02  1.00000e+00  1.00000e+12  0.00000e+00  1.00000e+12  1.00000e+12
3.70813e+02  1.00000e+00  1.00000e+12  0.00000e+00  1.00000e+12  1.00000e+12
3.70917e+02  1.00000e+00  1.00000e+12  0.00000e+00  1.00000e+12  1.00000e+12
3.71022e+02  1.00000e+00  1.00000e+12  0.00000e+00  1.00000e+12  1.00000e+12
3.71127e+02  1.00000e+00  1.00000e+12  0.00000e+00  1.00000e+12  1.00000e+12
3.71232e+02  1.00000e+00  1.00000e+12  0.00000e+00  1.00000e+12  1.00000e+12
3.71336e+02  1.00000e+00  1.00000e+12  0.00000e+00  1.00000e+12  1.00000e+12
3.71441e+02  1.00000e+00  1.00000e+12  0.00000e+00  1.00000e+12  1.00000e+12
3.71546e+02  1.00000e+00  1.00000e+12  0.00000e+00  1.00000e+12  1.00000e+12
3.71650e+02  1.00000e+00  1.00000e+12  0.00000e+00  1.00000e+12  1.00000e+12
3.71755e+02  1.00000e+00  1.00000e+12  0.00000e+00  1.00000e+12  1.00000e+12
3.71860e+02  1.00000e+00  1.00000e+12  0.00000e+00  1.00000e+12  1.00000e+12
3.71965e+02  1.00000e+00  1.00000e+12  0.00000e+00  1.00000e+12  1.00000e+12
3.72069e+02  1.00000e+00  1.00000e+12  0.00000e+00  1.00000e+12  1.00000e+12
3.72174e+02  1.00000e+00  1.00000e+12  0.00000e+00  1.00000e+12  1.00000e+12
3.72279e+02  1.00000e+00  1.00000e+12  0.00000e+00  1.00000e+12  1.00000e+12
3.72383e+02  1.00000e+00  1.00000e+12  0.00000e+00  1.00000e+12  1.00000e+12
3.72488e+02  1.00000e+00  1.00000e+12  0.00000e+00  1.00000e+12  1.00000e+12
3.72593e+02  1.00000e+00  1.00000e+12  0.00000e+00  1.00000e+12  1.00000e+12
3.72698e+02  1.00000e+00  1.00000e+12  0.00000e+00  1.00000e+12  1.00000e+12
3.72802e+02  1.00000e+00  1.00000e+12  0.00000e+00  1.00000e+12  1.00000e+12
3.72907e+02  1.00000e+00  1.00000e+12  0.00000e+00  1.00000e+12  1.00000e+12
3.73012e+02  1.00000e+00  1.00000e+12  0.00000e+00  1.00000e+12  1.00000e+12
3.73116e+02  1.00000e+00  1.00000e+12  0.00000e+00  1.00000e+12  1.00000e+12
3.73221e+02  1.00000e+00  1.00000e+12  0.00000e+00  1.00000e+12  1.00000e+12
3.73326e+02  1.00000e+00  1.00000e+12  0.00000e+00  1.00000e+12  1.00000e+12
3.73431e+02  1.00000e+00  1.00000e+12  0.00000e+00  1.00000e+12  1.00000e+12
3.73535e+02  1.00000e+00  1.00000e+12  0.00000e+00  1.00000e+12  1.00000e+12
3.73640e+02  1.00000e+00  1.00000e+12  0.00000e+00  1.00000e+12  1.00000e+12
3.73745e+02  1.00000e+00  1.00000e+12  0.00000e+00  1.00000e+12  1.00000e+12
3.73850e+02  1.00000e+00  1.00000e+12  0.00000e+00  1.00000e+12  1.00000e+12
3.73954e+02  1.00000e+00  1.00000e+12  0.00000e+00  1.00000e+12  1.00000e+12
3.74059e+02  1.00000e+00  1.00000e+12  0.00000e+00  1.00000e+12  1.00000e+12
3.74164e+02  1.00000e+00  1.00000e+12  0.00000e+00  1.00000e+12  1.00000e+12
3.74268e+02  1.00000e+00  1.00000e+12  0.00000e+00  1.00000e+12  1.00000e+12
3.74373e+02  1.00000e+00  1.00000e+12  0.00000e+00  1.00000e+12  1.00000e+12
3.74478e+02  1.00000e+00  1.00000e+12  0.00000e+00  1.00000e+12  1.00000e+12
3.74583e+02  1.00000e+00  1.00000e+12  0.00000e+00  1.00000e+12  1.00000e+12
3.74687e+02  1.00000e+00  1.00000e+12  0.00000e+00  1.00000e+12  1.00000e+12
3.74792e+02  1.00000e+00  1.00000e+12  0.00000e+00  1.00000e+12  1.00000e+12
3.74897e+02  1.00000e+00  1.00000e+12  0.00000e+00  1.00000e+12  1.00000e+12
3.75001e+02  1.00000e+00  1.00000e+12  0.00000e+00  1.00000e+12  1.00000e+12
3.75106e+02  1.00000e+00  1.00000e+12  0.00000e+00  1.00000e+12  1.00000e+12
3.75211e+02  1.00000e+00  1.00000e+12  0.00000e+00  1.00000e+12  1.00000e+12
3.75316e+02  1.00000e+00  1.00000e+12  0.00000e+00  1.00000e+12  1.00000e+12
3.75420e+02  1.00000e+00  1.00000e+12  0.00000e+00  1.00000e+12  1.00000e+12
3.75525e+02  1.00000e+00  1.00000e+12  0.00000e+00  1.00000e+12  1.00000e+12
3.75630e+02  1.00000e+00  1.00000e+12  0.00000e+00  1.00000e+12  1.00000e+12
3.75734e+02  1.00000e+00  1.00000e+12  0.00000e+00  1.00000e+12  1.00000e+12
3.75839e+02  1.00000e+00  1.00000e+12  0.00000e+00  1.00000e+12  1.00000e+12
3.75944e+02  1.00000e+00  1.00000e+12  0.00000e+00  1.00000e+12  1.00000e+12
3.76049e+02  1.00000e+00  1.00000e+12  0.00000e+00  1.00000e+12  1.00000e+12
3.76153e+02  1.00000e+00  1.00000e+12  0.00000e+00  1.00000e+12  1.00000e+12
3.76258e+02  1.00000e+00  1.00000e+12  0.00000e+00  1.00000e+12  1.00000e+12
3.76363e+02  1.00000e+00  1.00000e+12  0.00000e+00  1.00000e+12  1.00000e+12
3.76468e+02  1.00000e+00  1.00000e+12  0.00000e+00  1.00000e+12  1.00000e+12
3.76572e+02  1.00000e+00  1.00000e+12  0.00000e+00  1.00000e+12  1.00000e+12
3.76677e+02  1.00000e+00  1.00000e+12  0.00000e+00  1.00000e+12  1.00000e+12
3.76782e+02  1.00000e+00  1.00000e+12  0.00000e+00  1.00000e+12  1.00000e+12
3.76886e+02  1.00000e+00  1.00000e+12  0.00000e+00  1.00000e+12  1.00000e+12
3.76991e+02  1.00000e+00  1.00000e+12  0.00000e+00  1.00000e+12  1.00000e+12
3.77096e+02  1.00000e+00  1.00000e+12  0.00000e+00  1.00000e+12  1.00000e+12
3.77201e+02  1.00000e+00  1.00000e+12  0.00000e+00  1.00000e+12  1.00000e+12
3.77305e+02  1.00000e+00  1.00000e+12  0.00000e+00  1.00000e+12  1.00000e+12
3.77410e+02  1.00000e+00  1.00000e+12  0.00000e+00  1.00000e+12  1.00000e+12
3.77515e+02  1.00000e+00  1.00000e+12  0.00000e+00  1.00000e+12  1.00000e+12
3.77619e+02  1.00000e+00  1.00000e+12  0.00000e+00  1.00000e+12  1.00000e+12
3.77724e+02  1.00000e+00  1.00000e+12  0.00000e+00  1.00000e+12  1.00000e+12
3.77829e+02  1.00000e+00  1.00000e+12  0.00000e+00  1.00000e+12  1.00000e+12
3.77934e+02  1.00000e+00  1.00000e+12  0.00000e+00  1.00000e+12  1.00000e+12
3.78038e+02  1.00000e+00  1.00000e+12  0.00000e+00  1.00000e+12  1.00000e+12
3.78143e+02  1.00000e+00  1.00000e+12  0.00000e+00  1.00000e+12  1.00000e+12
3.78248e+02  1.00000e+00  1.00000e+12  0.00000e+00  1.00000e+12  1.00000e+12
3.78352e+02  1.00000e+00  1.00000e+12  0.00000e+00  1.00000e+12  1.00000e+12
3.78457e+02  1.00000e+00  1.00000e+12  0.00000e+00  1.00000e+12  1.00000e+12
3.78562e+02  1.00000e+00  1.00000e+12  0.00000e+00  1.00000e+12  1.00000e+12
3.78667e+02  1.00000e+00  1.00000e+12  0.00000e+00  1.00000e+12  1.00000e+12
3.78771e+02  1.00000e+00  1.00000e+12  0.00000e+00  1.00000e+12  1.00000e+12
3.78876e+02  1.00000e+00  1.00000e+12  0.00000e+00  1.00000e+12  1.00000e+12
3.78981e+02  1.00000e+00  1.00000e+12  0.00000e+00  1.00000e+12  1.00000e+12
3.79086e+02  1.00000e+00  1.00000e+12  0.00000e+00  1.00000e+12  1.00000e+12
3.79190e+02  1.00000e+00  1.00000e+12  0.00000e+00  1.00000e+12  1.00000e+12
3.79295e+02  1.00000e+00  1.00000e+12  0.00000e+00  1.00000e+12  1.00000e+12
3.79400e+02  1.00000e+00  1.00000e+12  0.00000e+00  1.00000e+12  1.00000e+12
3.79504e+02  1.00000e+00  1.00000e+12  0.00000e+00  1.00000e+12  1.00000e+12
3.79609e+02  1.00000e+00  1.00000e+12  0.00000e+00  1.00000e+12  1.00000e+12
3.79714e+02  1.00000e+00  1.00000e+12  0.00000e+00  1.00000e+12  1.00000e+12
3.79819e+02  1.00000e+00  1.00000e+12  0.00000e+00  1.00000e+12  1.00000e+12
3.79923e+02  1.00000e+00  1.00000e+12  0.00000e+00  1.00000e+12  1.00000e+12
3.80028e+02  1.00000e+00  1.00000e+12  0.00000e+00  1.00000e+12  1.00000e+12
3.80133e+02  1.00000e+00  1.00000e+12  0.00000e+00  1.00000e+12  1.00000e+12
3.80237e+02  1.00000e+00  1.00000e+12  0.00000e+00  1.00000e+12  1.00000e+12
3.80342e+02  1.00000e+00  1.00000e+12  0.00000e+00  1.00000e+12  1.00000e+12
3.80447e+02  1.00000e+00  1.00000e+12  0.00000e+00  1.00000e+12  1.00000e+12
3.80552e+02  1.00000e+00  1.00000e+12  0.00000e+00  1.00000e+12  1.00000e+12
3.80656e+02  1.00000e+00  1.00000e+12  0.00000e+00  1.00000e+12  1.00000e+12
3.80761e+02  1.00000e+00  1.00000e+12  0.00000e+00  1.00000e+12  1.00000e+12
3.80866e+02  1.00000e+00  1.00000e+12  0.00000e+00  1.00000e+12  1.00000e+12
3.80970e+02  1.00000e+00  1.00000e+12  0.00000e+00  1.00000e+12  1.00000e+12
3.81075e+02  1.00000e+00  1.00000e+12  0.00000e+00  1.00000e+12  1.00000e+12
3.81180e+02  1.00000e+00  1.00000e+12  0.00000e+00  1.00000e+12  1.00000e+12
3.81285e+02  1.00000e+00  1.00000e+12  0.00000e+00  1.00000e+12  1.00000e+12
3.81389e+02  1.00000e+00  1.00000e+12  0.00000e+00  1.00000e+12  1.00000e+12
3.81494e+02  1.00000e+00  1.00000e+12  0.00000e+00  1.00000e+12  1.00000e+12
3.81599e+02  1.00000e+00  1.00000e+12  0.00000e+00  1.00000e+12  1.00000e+12
3.81704e+02  1.00000e+00  1.00000e+12  0.00000e+00  1.00000e+12  1.00000e+12
3.81808e+02  1.00000e+00  1.00000e+12  0.00000e+00  1.00000e+12  1.00000e+12
3.81913e+02  1.00000e+00  1.00000e+12  0.00000e+00  1.00000e+12  1.00000e+12
3.82018e+02  1.00000e+00  1.00000e+12  0.00000e+00  1.00000e+12  1.00000e+12
3.82122e+02  1.00000e+00  1.00000e+12  0.00000e+00  1.00000e+12  1.00000e+12
3.82227e+02  1.00000e+00  1.00000e+12  0.00000e+00  1.00000e+12  1.00000e+12
3.82332e+02  1.00000e+00  1.00000e+12  0.00000e+00  1.00000e+12  1.00000e+12
3.82437e+02  1.00000e+00  1.00000e+12  0.00000e+00  1.00000e+12  1.00000e+12
3.82541e+02  1.00000e+00  1.00000e+12  0.00000e+00  1.00000e+12  1.00000e+12
3.82646e+02  1.00000e+00  1.00000e+12  0.00000e+00  1.00000e+12  1.00000e+12
3.82751e+02  1.00000e+00  1.00000e+12  0.00000e+00  1.00000e+12  1.00000e+12
3.82855e+02  1.00000e+00  1.00000e+12  0.00000e+00  1.00000e+12  1.00000e+12
3.82960e+02  1.00000e+00  1.00000e+12  0.00000e+00  1.00000e+12  1.00000e+12
3.83065e+02  1.00000e+00  1.00000e+12  0.00000e+00  1.00000e+12  1.00000e+12
3.83170e+02  1.00000e+00  1.00000e+12  0.00000e+00  1.00000e+12  1.00000e+12
3.83274e+02  1.00000e+00  1.00000e+12  0.00000e+00  1.00000e+12  1.00000e+12
3.83379e+02  1.00000e+00  1.00000e+12  0.00000e+00  1.00000e+12  1.00000e+12
3.83484e+02  1.00000e+00  1.00000e+12  0.00000e+00  1.00000e+12  1.00000e+12
3.83588e+02  1.00000e+00  1.00000e+12  0.00000e+00  1.00000e+12  1.00000e+12
3.83693e+02  1.00000e+00  1.00000e+12  0.00000e+00  1.00000e+12  1.00000e+12
3.83798e+02  1.00000e+00  1.00000e+12  0.00000e+00  1.00000e+12  1.00000e+12
3.83903e+02  1.00000e+00  1.00000e+12  0.00000e+00  1.00000e+12  1.00000e+12
3.84007e+02  1.00000e+00  1.00000e+12  0.00000e+00  1.00000e+12  1.00000e+12
3.84112e+02  1.00000e+00  1.00000e+12  0.00000e+00  1.00000e+12  1.00000e+12
3.84217e+02  1.00000e+00  1.00000e+12  0.00000e+00  1.00000e+12  1.00000e+12
3.84322e+02  1.00000e+00  1.00000e+12  0.00000e+00  1.00000e+12  1.00000e+12
3.84426e+02  1.00000e+00  1.00000e+12  0.00000e+00  1.00000e+12  1.00000e+12
3.84531e+02  1.00000e+00  1.00000e+12  0.00000e+00  1.00000e+12  1.00000e+12
3.84636e+02  1.00000e+00  1.00000e+12  0.00000e+00  1.00000e+12  1.00000e+12
3.84740e+02  1.00000e+00  1.00000e+12  0.00000e+00  1.00000e+12  1.00000e+12
3.84845e+02  1.00000e+00  1.00000e+12  0.00000e+00  1.00000e+12  1.00000e+12
3.84950e+02  1.00000e+00  1.00000e+12  0.00000e+00  1.00000e+12  1.00000e+12
3.85055e+02  1.00000e+00  1.00000e+12  0.00000e+00  1.00000e+12  1.00000e+12
3.85159e+02  1.00000e+00  1.00000e+12  0.00000e+00  1.00000e+12  1.00000e+12
3.85264e+02  1.00000e+00  1.00000e+12  0.00000e+00  1.00000e+12  1.00000e+12
3.85369e+02  1.00000e+00  1.00000e+12  0.00000e+00  1.00000e+12  1.00000e+12
3.85473e+02  1.00000e+00  1.00000e+12  0.00000e+00  1.00000e+12  1.00000e+12
3.85578e+02  1.00000e+00  1.00000e+12  0.00000e+00  1.00000e+12  1.00000e+12
3.85683e+02  1.00000e+00  1.00000e+12  0.00000e+00  1.00000e+12  1.00000e+12
3.85788e+02  1.00000e+00  1.00000e+12  0.00000e+00  1.00000e+12  1.00000e+12
3.85892e+02  1.00000e+00  1.00000e+12  0.00000e+00  1.00000e+12  1.00000e+12
3.85997e+02  1.00000e+00  1.00000e+12  0.00000e+00  1.00000e+12  1.00000e+12
3.86102e+02  1.00000e+00  1.00000e+12  0.00000e+00  1.00000e+12  1.00000e+12
3.86206e+02  1.00000e+00  1.00000e+12  0.00000e+00  1.00000e+12  1.00000e+12
3.86311e+02  1.00000e+00  1.00000e+12  0.00000e+00  1.00000e+12  1.00000e+12
3.86416e+02  1.00000e+00  1.00000e+12  0.00000e+00  1.00000e+12  1.00000e+12
3.86521e+02  1.00000e+00  1.00000e+12  0.00000e+00  1.00000e+12  1.00000e+12
3.86625e+02  1.00000e+00  1.00000e+12  0.00000e+00  1.00000e+12  1.00000e+12
3.86730e+02  1.00000e+00  1.00000e+12  0.00000e+00  1.00000e+12  1.00000e+12
3.86835e+02  1.00000e+00  1.00000e+12  0.00000e+00  1.00000e+12  1.00000e+12
3.86939e+02  1.00000e+00  1.00000e+12  0.00000e+00  1.00000e+12  1.00000e+12
3.87044e+02  1.00000e+00  1.00000e+12  0.00000e+00  1.00000e+12  1.00000e+12
3.87149e+02  1.00000e+00  1.00000e+12  0.00000e+00  1.00000e+12  1.00000e+12
3.87254e+02  1.00000e+00  1.00000e+12  0.00000e+00  1.00000e+12  1.00000e+12
3.87358e+02  1.00000e+00  1.00000e+12  0.00000e+00  1.00000e+12  1.00000e+12
3.87463e+02  1.00000e+00  1.00000e+12  0.00000e+00  1.00000e+12  1.00000e+12
3.87568e+02  1.00000e+00  1.00000e+12  0.00000e+00  1.00000e+12  1.00000e+12
3.87673e+02  1.00000e+00  1.00000e+12  0.00000e+00  1.00000e+12  1.00000e+12
3.87777e+02  1.00000e+00  1.00000e+12  0.00000e+00  1.00000e+12  1.00000e+12
3.87882e+02  1.00000e+00  1.00000e+12  0.00000e+00  1.00000e+12  1.00000e+12
3.87987e+02  1.00000e+00  1.00000e+12  0.00000e+00  1.00000e+12  1.00000e+12
3.88091e+02  1.00000e+00  1.00000e+12  0.00000e+00  1.00000e+12  1.00000e+12
3.88196e+02  1.00000e+00  1.00000e+12  0.00000e+00  1.00000e+12  1.00000e+12
3.88301e+02  1.00000e+00  1.00000e+12  0.00000e+00  1.00000e+12  1.00000e+12
3.88406e+02  1.00000e+00  1.00000e+12  0.00000e+00  1.00000e+12  1.00000e+12
3.88510e+02  1.00000e+00  1.00000e+12  0.00000e+00  1.00000e+12  1.00000e+12
3.88615e+02  1.00000e+00  1.00000e+12  0.00000e+00  1.00000e+12  1.00000e+12
3.88720e+02  1.00000e+00  1.00000e+12  0.00000e+00  1.00000e+12  1.00000e+12
3.88824e+02  1.00000e+00  1.00000e+12  0.00000e+00  1.00000e+12  1.00000e+12
3.88929e+02  1.00000e+00  1.00000e+12  0.00000e+00  1.00000e+12  1.00000e+12
3.89034e+02  1.00000e+00  1.00000e+12  0.00000e+00  1.00000e+12  1.00000e+12
3.89139e+02  1.00000e+00  1.00000e+12  0.00000e+00  1.00000e+12  1.00000e+12
3.89243e+02  1.00000e+00  1.00000e+12  0.00000e+00  1.00000e+12  1.00000e+12
3.89348e+02  1.00000e+00  1.00000e+12  0.00000e+00  1.00000e+12  1.00000e+12
3.89453e+02  1.00000e+00  1.00000e+12  0.00000e+00  1.00000e+12  1.00000e+12
3.89557e+02  1.00000e+00  1.00000e+12  0.00000e+00  1.00000e+12  1.00000e+12
3.89662e+02  1.00000e+00  1.00000e+12  0.00000e+00  1.00000e+12  1.00000e+12
3.89767e+02  1.00000e+00  1.00000e+12  0.00000e+00  1.00000e+12  1.00000e+12
3.89872e+02  1.00000e+00  1.00000e+12  0.00000e+00  1.00000e+12  1.00000e+12
3.89976e+02  1.00000e+00  1.00000e+12  0.00000e+00  1.00000e+12  1.00000e+12
3.90081e+02  1.00000e+00  1.00000e+12  0.00000e+00  1.00000e+12  1.00000e+12
3.90186e+02  1.00000e+00  1.00000e+12  0.00000e+00  1.00000e+12  1.00000e+12
3.90291e+02  1.00000e+00  1.00000e+12  0.00000e+00  1.00000e+12  1.00000e+12
3.90395e+02  1.00000e+00  1.00000e+12  0.00000e+00  1.00000e+12  1.00000e+12
3.90500e+02  1.00000e+00  1.00000e+12  0.00000e+00  1.00000e+12  1.00000e+12
3.90605e+02  1.00000e+00  1.00000e+12  0.00000e+00  1.00000e+12  1.00000e+12
3.90709e+02  1.00000e+00  1.00000e+12  0.00000e+00  1.00000e+12  1.00000e+12
3.90814e+02  1.00000e+00  1.00000e+12  0.00000e+00  1.00000e+12  1.00000e+12
3.90919e+02  1.00000e+00  1.00000e+12  0.00000e+00  1.00000e+12  1.00000e+12
3.91024e+02  1.00000e+00  1.00000e+12  0.00000e+00  1.00000e+12  1.00000e+12
3.91128e+02  1.00000e+00  1.00000e+12  0.00000e+00  1.00000e+12  1.00000e+12
3.91233e+02  1.00000e+00  1.00000e+12  0.00000e+00  1.00000e+12  1.00000e+12
3.91338e+02  1.00000e+00  1.00000e+12  0.00000e+00  1.00000e+12  1.00000e+12
3.91442e+02  1.00000e+00  1.00000e+12  0.00000e+00  1.00000e+12  1.00000e+12
3.91547e+02  1.00000e+00  1.00000e+12  0.00000e+00  1.00000e+12  1.00000e+12
3.91652e+02  1.00000e+00  1.00000e+12  0.00000e+00  1.00000e+12  1.00000e+12
3.91757e+02  1.00000e+00  1.00000e+12  0.00000e+00  1.00000e+12  1.00000e+12
3.91861e+02  1.00000e+00  1.00000e+12  0.00000e+00  1.00000e+12  1.00000e+12
3.91966e+02  1.00000e+00  1.00000e+12  0.00000e+00  1.00000e+12  1.00000e+12
3.92071e+02  1.00000e+00  1.00000e+12  0.00000e+00  1.00000e+12  1.00000e+12
3.92175e+02  1.00000e+00  1.00000e+12  0.00000e+00  1.00000e+12  1.00000e+12
3.92280e+02  1.00000e+00  1.00000e+12  0.00000e+00  1.00000e+12  1.00000e+12
3.92385e+02  1.00000e+00  1.00000e+12  0.00000e+00  1.00000e+12  1.00000e+12
3.92490e+02  1.00000e+00  1.00000e+12  0.00000e+00  1.00000e+12  1.00000e+12
3.92594e+02  1.00000e+00  1.00000e+12  0.00000e+00  1.00000e+12  1.00000e+12
3.92699e+02  1.00000e+00  1.00000e+12  0.00000e+00  1.00000e+12  1.00000e+12
3.92804e+02  1.00000e+00  1.00000e+12  0.00000e+00  1.00000e+12  1.00000e+12
3.92909e+02  1.00000e+00  1.00000e+12  0.00000e+00  1.00000e+12  1.00000e+12
3.93013e+02  1.00000e+00  1.00000e+12  0.00000e+00  1.00000e+12  1.00000e+12
3.93118e+02  1.00000e+00  1.00000e+12  0.00000e+00  1.00000e+12  1.00000e+12
3.93223e+02  1.00000e+00  1.00000e+12  0.00000e+00  1.00000e+12  1.00000e+12
3.93327e+02  1.00000e+00  1.00000e+12  0.00000e+00  1.00000e+12  1.00000e+12
3.93432e+02  1.00000e+00  1.00000e+12  0.00000e+00  1.00000e+12  1.00000e+12
3.93537e+02  1.00000e+00  1.00000e+12  0.00000e+00  1.00000e+12  1.00000e+12
3.93642e+02  1.00000e+00  1.00000e+12  0.00000e+00  1.00000e+12  1.00000e+12
3.93746e+02  1.00000e+00  1.00000e+12  0.00000e+00  1.00000e+12  1.00000e+12
3.93851e+02  1.00000e+00  1.00000e+12  0.00000e+00  1.00000e+12  1.00000e+12
3.93956e+02  1.00000e+00  1.00000e+12  0.00000e+00  1.00000e+12  1.00000e+12
3.94060e+02  1.00000e+00  1.00000e+12  0.00000e+00  1.00000e+12  1.00000e+12
3.94165e+02  1.00000e+00  1.00000e+12  0.00000e+00  1.00000e+12  1.00000e+12
3.94270e+02  1.00000e+00  1.00000e+12  0.00000e+00  1.00000e+12  1.00000e+12
3.94375e+02  1.00000e+00  1.00000e+12  0.00000e+00  1.00000e+12  1.00000e+12
3.94479e+02  1.00000e+00  1.00000e+12  0.00000e+00  1.00000e+12  1.00000e+12
3.94584e+02  1.00000e+00  1.00000e+12  0.00000e+00  1.00000e+12  1.00000e+12
3.94689e+02  1.00000e+00  1.00000e+12  0.00000e+00  1.00000e+12  1.00000e+12
3.94793e+02  1.00000e+00  1.00000e+12  0.00000e+00  1.00000e+12  1.00000e+12
3.94898e+02  1.00000e+00  1.00000e+12  0.00000e+00  1.00000e+12  1.00000e+12
3.95003e+02  1.00000e+00  1.00000e+12  0.00000e+00  1.00000e+12  1.00000e+12
3.95108e+02  1.00000e+00  1.00000e+12  0.00000e+00  1.00000e+12  1.00000e+12
3.95212e+02  1.00000e+00  1.00000e+12  0.00000e+00  1.00000e+12  1.00000e+12
3.95317e+02  1.00000e+00  1.00000e+12  0.00000e+00  1.00000e+12  1.00000e+12
3.95422e+02  1.00000e+00  1.00000e+12  0.00000e+00  1.00000e+12  1.00000e+12
3.95527e+02  1.00000e+00  1.00000e+12  0.00000e+00  1.00000e+12  1.00000e+12
3.95631e+02  1.00000e+00  1.00000e+12  0.00000e+00  1.00000e+12  1.00000e+12
3.95736e+02  1.00000e+00  1.00000e+12  0.00000e+00  1.00000e+12  1.00000e+12
3.95841e+02  1.00000e+00  1.00000e+12  0.00000e+00  1.00000e+12  1.00000e+12
3.95945e+02  1.00000e+00  1.00000e+12  0.00000e+00  1.00000e+12  1.00000e+12
3.96050e+02  1.00000e+00  1.00000e+12  0.00000e+00  1.00000e+12  1.00000e+12
3.96155e+02  1.00000e+00  1.00000e+12  0.00000e+00  1.00000e+12  1.00000e+12
3.96260e+02  1.00000e+00  1.00000e+12  0.00000e+00  1.00000e+12  1.00000e+12
3.96364e+02  1.00000e+00  1.00000e+12  0.00000e+00  1.00000e+12  1.00000e+12
3.96469e+02  1.00000e+00  1.00000e+12  0.00000e+00  1.00000e+12  1.00000e+12
3.96574e+02  1.00000e+00  1.00000e+12  0.00000e+00  1.00000e+12  1.00000e+12
3.96678e+02  1.00000e+00  1.00000e+12  0.00000e+00  1.00000e+12  1.00000e+12
3.96783e+02  1.00000e+00  1.00000e+12  0.00000e+00  1.00000e+12  1.00000e+12
3.96888e+02  1.00000e+00  1.00000e+12  0.00000e+00  1.00000e+12  1.00000e+12
3.96993e+02  1.00000e+00  1.00000e+12  0.00000e+00  1.00000e+12  1.00000e+12
3.97097e+02  1.00000e+00  1.00000e+12  0.00000e+00  1.00000e+12  1.00000e+12
3.97202e+02  1.00000e+00  1.00000e+12  0.00000e+00  1.00000e+12  1.00000e+12
3.97307e+02  1.00000e+00  1.00000e+12  0.00000e+00  1.00000e+12  1.00000e+12
3.97411e+02  1.00000e+00  1.00000e+12  0.00000e+00  1.00000e+12  1.00000e+12
3.97516e+02  1.00000e+00  1.00000e+12  0.00000e+00  1.00000e+12  1.00000e+12
3.97621e+02  1.00000e+00  1.00000e+12  0.00000e+00  1.00000e+12  1.00000e+12
3.97726e+02  1.00000e+00  1.00000e+12  0.00000e+00  1.00000e+12  1.00000e+12
3.97830e+02  1.00000e+00  1.00000e+12  0.00000e+00  1.00000e+12  1.00000e+12
3.97935e+02  1.00000e+00  1.00000e+12  0.00000e+00  1.00000e+12  1.00000e+12
3.98040e+02  1.00000e+00  1.00000e+12  0.00000e+00  1.00000e+12  1.00000e+12
3.98145e+02  1.00000e+00  1.00000e+12  0.00000e+00  1.00000e+12  1.00000e+12
3.98249e+02  1.00000e+00  1.00000e+12  0.00000e+00  1.00000e+12  1.00000e+12
3.98354e+02  1.00000e+00  1.00000e+12  0.00000e+00  1.00000e+12  1.00000e+12
3.98459e+02  1.00000e+00  1.00000e+12  0.00000e+00  1.00000e+12  1.00000e+12
3.98563e+02  1.00000e+00  1.00000e+12  0.00000e+00  1.00000e+12  1.00000e+12
3.98668e+02  1.00000e+00  1.00000e+12  0.00000e+00  1.00000e+12  1.00000e+12
3.98773e+02  1.00000e+00  1.00000e+12  0.00000e+00  1.00000e+12  1.00000e+12
3.98878e+02  1.00000e+00  1.00000e+12  0.00000e+00  1.00000e+12  1.00000e+12
3.98982e+02  1.00000e+00  1.00000e+12  0.00000e+00  1.00000e+12  1.00000e+12
3.99087e+02  1.00000e+00  1.00000e+12  0.00000e+00  1.00000e+12  1.00000e+12
3.99192e+02  1.00000e+00  1.00000e+12  0.00000e+00  1.00000e+12  1.00000e+12
3.99296e+02  1.00000e+00  1.00000e+12  0.00000e+00  1.00000e+12  1.00000e+12
3.99401e+02  1.00000e+00  1.00000e+12  0.00000e+00  1.00000e+12  1.00000e+12
3.99506e+02  1.00000e+00  1.00000e+12  0.00000e+00  1.00000e+12  1.00000e+12
3.99611e+02  1.00000e+00  1.00000e+12  0.00000e+00  1.00000e+12  1.00000e+12
3.99715e+02  1.00000e+00  1.00000e+12  0.00000e+00  1.00000e+12  1.00000e+12
3.99820e+02  1.00000e+00  1.00000e+12  0.00000e+00  1.00000e+12  1.00000e+12
3.99925e+02  1.00000e+00  1.00000e+12  0.00000e+00  1.00000e+12  1.00000e+12
4.00029e+02  1.00000e+00  1.00000e+12  0.00000e+00  1.00000e+12  1.00000e+12
4.00134e+02  1.00000e+00  1.00000e+12  0.00000e+00  1.00000e+12  1.00000e+12
4.00239e+02  1.00000e+00  1.00000e+12  0.00000e+00  1.00000e+12  1.00000e+12
4.00344e+02  1.00000e+00  1.00000e+12  0.00000e+00  1.00000e+12  1.00000e+12
4.00448e+02  1.00000e+00  1.00000e+12  0.00000e+00  1.00000e+12  1.00000e+12
4.00553e+02  1.00000e+00  1.00000e+12  0.00000e+00  1.00000e+12  1.00000e+12
4.00658e+02  1.00000e+00  1.00000e+12  0.00000e+00  1.00000e+12  1.00000e+12
4.00763e+02  1.00000e+00  1.00000e+12  0.00000e+00  1.00000e+12  1.00000e+12
4.00867e+02  1.00000e+00  1.00000e+12  0.00000e+00  1.00000e+12  1.00000e+12
4.00972e+02  1.00000e+00  1.00000e+12  0.00000e+00  1.00000e+12  1.00000e+12
4.01077e+02  1.00000e+00  1.00000e+12  0.00000e+00  1.00000e+12  1.00000e+12
4.01181e+02  1.00000e+00  1.00000e+12  0.00000e+00  1.00000e+12  1.00000e+12
4.01286e+02  1.00000e+00  1.00000e+12  0.00000e+00  1.00000e+12  1.00000e+12
4.01391e+02  1.00000e+00  1.00000e+12  0.00000e+00  1.00000e+12  1.00000e+12
4.01496e+02  1.00000e+00  1.00000e+12  0.00000e+00  1.00000e+12  1.00000e+12
4.01600e+02  1.00000e+00  1.00000e+12  0.00000e+00  1.00000e+12  1.00000e+12
4.01705e+02  1.00000e+00  1.00000e+12  0.00000e+00  1.00000e+12  1.00000e+12
4.01810e+02  1.00000e+00  1.00000e+12  0.00000e+00  1.00000e+12  1.00000e+12
4.01914e+02  1.00000e+00  1.00000e+12  0.00000e+00  1.00000e+12  1.00000e+12
4.02019e+02  1.00000e+00  1.00000e+12  0.00000e+00  1.00000e+12  1.00000e+12
4.02124e+02  1.00000e+00  1.00000e+12  0.00000e+00  1.00000e+12  1.00000e+12
4.02229e+02  1.00000e+00  1.00000e+12  0.00000e+00  1.00000e+12  1.00000e+12
4.02333e+02  1.00000e+00  1.00000e+12  0.00000e+00  1.00000e+12  1.00000e+12
4.02438e+02  1.00000e+00  1.00000e+12  0.00000e+00  1.00000e+12  1.00000e+12
4.02543e+02  1.00000e+00  1.00000e+12  0.00000e+00  1.00000e+12  1.00000e+12
4.02647e+02  1.00000e+00  1.00000e+12  0.00000e+00  1.00000e+12  1.00000e+12
4.02752e+02  1.00000e+00  1.00000e+12  0.00000e+00  1.00000e+12  1.00000e+12
4.02857e+02  1.00000e+00  1.00000e+12  0.00000e+00  1.00000e+12  1.00000e+12
4.02962e+02  1.00000e+00  1.00000e+12  0.00000e+00  1.00000e+12  1.00000e+12
4.03066e+02  1.00000e+00  1.00000e+12  0.00000e+00  1.00000e+12  1.00000e+12
4.03171e+02  1.00000e+00  1.00000e+12  0.00000e+00  1.00000e+12  1.00000e+12
4.03276e+02  1.00000e+00  1.00000e+12  0.00000e+00  1.00000e+12  1.00000e+12
4.03380e+02  1.00000e+00  1.00000e+12  0.00000e+00  1.00000e+12  1.00000e+12
4.03485e+02  1.00000e+00  1.00000e+12  0.00000e+00  1.00000e+12  1.00000e+12
4.03590e+02  1.00000e+00  1.00000e+12  0.00000e+00  1.00000e+12  1.00000e+12
4.03695e+02  1.00000e+00  1.00000e+12  0.00000e+00  1.00000e+12  1.00000e+12
4.03799e+02  1.00000e+00  1.00000e+12  0.00000e+00  1.00000e+12  1.00000e+12
4.03904e+02  1.00000e+00  1.00000e+12  0.00000e+00  1.00000e+12  1.00000e+12
4.04009e+02  1.00000e+00  1.00000e+12  0.00000e+00  1.00000e+12  1.00000e+12
4.04114e+02  1.00000e+00  1.00000e+12  0.00000e+00  1.00000e+12  1.00000e+12
4.04218e+02  1.00000e+00  1.00000e+12  0.00000e+00  1.00000e+12  1.00000e+12
4.04323e+02  1.00000e+00  1.00000e+12  0.00000e+00  1.00000e+12  1.00000e+12
4.04428e+02  1.00000e+00  1.00000e+12  0.00000e+00  1.00000e+12  1.00000e+12
4.04532e+02  1.00000e+00  1.00000e+12  0.00000e+00  1.00000e+12  1.00000e+12
4.04637e+02  1.00000e+00  1.00000e+12  0.00000e+00  1.00000e+12  1.00000e+12
4.04742e+02  1.00000e+00  1.00000e+12  0.00000e+00  1.00000e+12  1.00000e+12
4.04847e+02  1.00000e+00  1.00000e+12  0.00000e+00  1.00000e+12  1.00000e+12
4.04951e+02  1.00000e+00  1.00000e+12  0.00000e+00  1.00000e+12  1.00000e+12
4.05056e+02  1.00000e+00  1.00000e+12  0.00000e+00  1.00000e+12  1.00000e+12
4.05161e+02  1.00000e+00  1.00000e+12  0.00000e+00  1.00000e+12  1.00000e+12
4.05265e+02  1.00000e+00  1.00000e+12  0.00000e+00  1.00000e+12  1.00000e+12
4.05370e+02  1.00000e+00  1.00000e+12  0.00000e+00  1.00000e+12  1.00000e+12
4.05475e+02  1.00000e+00  1.00000e+12  0.00000e+00  1.00000e+12  1.00000e+12
4.05580e+02  1.00000e+00  1.00000e+12  0.00000e+00  1.00000e+12  1.00000e+12
4.05684e+02  1.00000e+00  1.00000e+12  0.00000e+00  1.00000e+12  1.00000e+12
4.05789e+02  1.00000e+00  1.00000e+12  0.00000e+00  1.00000e+12  1.00000e+12
4.05894e+02  1.00000e+00  1.00000e+12  0.00000e+00  1.00000e+12  1.00000e+12
4.05998e+02  1.00000e+00  1.00000e+12  0.00000e+00  1.00000e+12  1.00000e+12
4.06103e+02  1.00000e+00  1.00000e+12  0.00000e+00  1.00000e+12  1.00000e+12
4.06208e+02  1.00000e+00  1.00000e+12  0.00000e+00  1.00000e+12  1.00000e+12
4.06313e+02  1.00000e+00  1.00000e+12  0.00000e+00  1.00000e+12  1.00000e+12
4.06417e+02  1.00000e+00  1.00000e+12  0.00000e+00  1.00000e+12  1.00000e+12
4.06522e+02  1.00000e+00  1.00000e+12  0.00000e+00  1.00000e+12  1.00000e+12
4.06627e+02  1.00000e+00  1.00000e+12  0.00000e+00  1.00000e+12  1.00000e+12
4.06732e+02  1.00000e+00  1.00000e+12  0.00000e+00  1.00000e+12  1.00000e+12
4.06836e+02  1.00000e+00  1.00000e+12  0.00000e+00  1.00000e+12  1.00000e+12
4.06941e+02  1.00000e+00  1.00000e+12  0.00000e+00  1.00000e+12  1.00000e+12
4.07046e+02  1.00000e+00  1.00000e+12  0.00000e+00  1.00000e+12  1.00000e+12
4.07150e+02  1.00000e+00  1.00000e+12  0.00000e+00  1.00000e+12  1.00000e+12
4.07255e+02  1.00000e+00  1.00000e+12  0.00000e+00  1.00000e+12  1.00000e+12
4.07360e+02  1.00000e+00  1.00000e+12  0.00000e+00  1.00000e+12  1.00000e+12
4.07465e+02  1.00000e+00  1.00000e+12  0.00000e+00  1.00000e+12  1.00000e+12
4.07569e+02  1.00000e+00  1.00000e+12  0.00000e+00  1.00000e+12  1.00000e+12
4.07674e+02  1.00000e+00  1.00000e+12  0.00000e+00  1.00000e+12  1.00000e+12
4.07779e+02  1.00000e+00  1.00000e+12  0.00000e+00  1.00000e+12  1.00000e+12
4.07883e+02  1.00000e+00  1.00000e+12  0.00000e+00  1.00000e+12  1.00000e+12
4.07988e+02  1.00000e+00  1.00000e+12  0.00000e+00  1.00000e+12  1.00000e+12
4.08093e+02  1.00000e+00  1.00000e+12  0.00000e+00  1.00000e+12  1.00000e+12
4.08198e+02  1.00000e+00  1.00000e+12  0.00000e+00  1.00000e+12  1.00000e+12
4.08302e+02  1.00000e+00  1.00000e+12  0.00000e+00  1.00000e+12  1.00000e+12
4.08407e+02  1.00000e+00  1.00000e+12  0.00000e+00  1.00000e+12  1.00000e+12
4.08512e+02  1.00000e+00  1.00000e+12  0.00000e+00  1.00000e+12  1.00000e+12
4.08616e+02  1.00000e+00  1.00000e+12  0.00000e+00  1.00000e+12  1.00000e+12
4.08721e+02  1.00000e+00  1.00000e+12  0.00000e+00  1.00000e+12  1.00000e+12
4.08826e+02  1.00000e+00  1.00000e+12  0.00000e+00  1.00000e+12  1.00000e+12
4.08931e+02  1.00000e+00  1.00000e+12  0.00000e+00  1.00000e+12  1.00000e+12
4.09035e+02  1.00000e+00  1.00000e+12  0.00000e+00  1.00000e+12  1.00000e+12
4.09140e+02  1.00000e+00  1.00000e+12  0.00000e+00  1.00000e+12  1.00000e+12
4.09245e+02  1.00000e+00  1.00000e+12  0.00000e+00  1.00000e+12  1.00000e+12
4.09350e+02  1.00000e+00  1.00000e+12  0.00000e+00  1.00000e+12  1.00000e+12
4.09454e+02  1.00000e+00  1.00000e+12  0.00000e+00  1.00000e+12  1.00000e+12
4.09559e+02  1.00000e+00  1.00000e+12  0.00000e+00  1.00000e+12  1.00000e+12
4.09664e+02  1.00000e+00  1.00000e+12  0.00000e+00  1.00000e+12  1.00000e+12
4.09768e+02  1.00000e+00  1.00000e+12  0.00000e+00  1.00000e+12  1.00000e+12
4.09873e+02  1.00000e+00  1.00000e+12  0.00000e+00  1.00000e+12  1.00000e+12
4.09978e+02  1.00000e+00  1.00000e+12  0.00000e+00  1.00000e+12  1.00000e+12
4.10083e+02  1.00000e+00  1.00000e+12  0.00000e+00  1.00000e+12  1.00000e+12
4.10187e+02  1.00000e+00  1.00000e+12  0.00000e+00  1.00000e+12  1.00000e+12
4.10292e+02  1.00000e+00  1.00000e+12  0.00000e+00  1.00000e+12  1.00000e+12
4.10397e+02  1.00000e+00  1.00000e+12  0.00000e+00  1.00000e+12  1.00000e+12
4.10501e+02  1.00000e+00  1.00000e+12  0.00000e+00  1.00000e+12  1.00000e+12
4.10606e+02  1.00000e+00  1.00000e+12  0.00000e+00  1.00000e+12  1.00000e+12
4.10711e+02  1.00000e+00  1.00000e+12  0.00000e+00  1.00000e+12  1.00000e+12
4.10816e+02  1.00000e+00  1.00000e+12  0.00000e+00  1.00000e+12  1.00000e+12
4.10920e+02  1.00000e+00  1.00000e+12  0.00000e+00  1.00000e+12  1.00000e+12
4.11025e+02  1.00000e+00  1.00000e+12  0.00000e+00  1.00000e+12  1.00000e+12
4.11130e+02  1.00000e+00  1.00000e+12  0.00000e+00  1.00000e+12  1.00000e+12
4.11234e+02  1.00000e+00  1.00000e+12  0.00000e+00  1.00000e+12  1.00000e+12
4.11339e+02  1.00000e+00  1.00000e+12  0.00000e+00  1.00000e+12  1.00000e+12
4.11444e+02  1.00000e+00  1.00000e+12  0.00000e+00  1.00000e+12  1.00000e+12
4.11549e+02  1.00000e+00  1.00000e+12  0.00000e+00  1.00000e+12  1.00000e+12
4.11653e+02  1.00000e+00  1.00000e+12  0.00000e+00  1.00000e+12  1.00000e+12
4.11758e+02  1.00000e+00  1.00000e+12  0.00000e+00  1.00000e+12  1.00000e+12
4.11863e+02  1.00000e+00  1.00000e+12  0.00000e+00  1.00000e+12  1.00000e+12
4.11968e+02  1.00000e+00  1.00000e+12  0.00000e+00  1.00000e+12  1.00000e+12
4.12072e+02  1.00000e+00  1.00000e+12  0.00000e+00  1.00000e+12  1.00000e+12
4.12177e+02  1.00000e+00  1.00000e+12  0.00000e+00  1.00000e+12  1.00000e+12
4.12282e+02  1.00000e+00  1.00000e+12  0.00000e+00  1.00000e+12  1.00000e+12
4.12386e+02  1.00000e+00  1.00000e+12  0.00000e+00  1.00000e+12  1.00000e+12
4.12491e+02  1.00000e+00  1.00000e+12  0.00000e+00  1.00000e+12  1.00000e+12
4.12596e+02  1.00000e+00  1.00000e+12  0.00000e+00  1.00000e+12  1.00000e+12
4.12701e+02  1.00000e+00  1.00000e+12  0.00000e+00  1.00000e+12  1.00000e+12
4.12805e+02  1.00000e+00  1.00000e+12  0.00000e+00  1.00000e+12  1.00000e+12
4.12910e+02  1.00000e+00  1.00000e+12  0.00000e+00  1.00000e+12  1.00000e+12
4.13015e+02  1.00000e+00  1.00000e+12  0.00000e+00  1.00000e+12  1.00000e+12
4.13119e+02  1.00000e+00  1.00000e+12  0.00000e+00  1.00000e+12  1.00000e+12
4.13224e+02  1.00000e+00  1.00000e+12  0.00000e+00  1.00000e+12  1.00000e+12
4.13329e+02  1.00000e+00  1.00000e+12  0.00000e+00  1.00000e+12  1.00000e+12
4.13434e+02  1.00000e+00  1.00000e+12  0.00000e+00  1.00000e+12  1.00000e+12
4.13538e+02  1.00000e+00  1.00000e+12  0.00000e+00  1.00000e+12  1.00000e+12
4.13643e+02  1.00000e+00  1.00000e+12  0.00000e+00  1.00000e+12  1.00000e+12
4.13748e+02  1.00000e+00  1.00000e+12  0.00000e+00  1.00000e+12  1.00000e+12
4.13852e+02  1.00000e+00  1.00000e+12  0.00000e+00  1.00000e+12  1.00000e+12
4.13957e+02  1.00000e+00  1.00000e+12  0.00000e+00  1.00000e+12  1.00000e+12
4.14062e+02  1.00000e+00  1.00000e+12  0.00000e+00  1.00000e+12  1.00000e+12
4.14167e+02  1.00000e+00  1.00000e+12  0.00000e+00  1.00000e+12  1.00000e+12
4.14271e+02  1.00000e+00  1.00000e+12  0.00000e+00  1.00000e+12  1.00000e+12
4.14376e+02  1.00000e+00  1.00000e+12  0.00000e+00  1.00000e+12  1.00000e+12
4.14481e+02  1.00000e+00  1.00000e+12  0.00000e+00  1.00000e+12  1.00000e+12
4.14586e+02  1.00000e+00  1.00000e+12  0.00000e+00  1.00000e+12  1.00000e+12
4.14690e+02  1.00000e+00  1.00000e+12  0.00000e+00  1.00000e+12  1.00000e+12
4.14795e+02  1.00000e+00  1.00000e+12  0.00000e+00  1.00000e+12  1.00000e+12
4.14900e+02  1.00000e+00  1.00000e+12  0.00000e+00  1.00000e+12  1.00000e+12
4.15004e+02  1.00000e+00  1.00000e+12  0.00000e+00  1.00000e+12  1.00000e+12
4.15109e+02  1.00000e+00  1.00000e+12  0.00000e+00  1.00000e+12  1.00000e+12
4.15214e+02  1.00000e+00  1.00000e+12  0.00000e+00  1.00000e+12  1.00000e+12
4.15319e+02  1.00000e+00  1.00000e+12  0.00000e+00  1.00000e+12  1.00000e+12
4.15423e+02  1.00000e+00  1.00000e+12  0.00000e+00  1.00000e+12  1.00000e+12
4.15528e+02  1.00000e+00  1.00000e+12  0.00000e+00  1.00000e+12  1.00000e+12
4.15633e+02  1.00000e+00  1.00000e+12  0.00000e+00  1.00000e+12  1.00000e+12
4.15737e+02  1.00000e+00  1.00000e+12  0.00000e+00  1.00000e+12  1.00000e+12
4.15842e+02  1.00000e+00  1.00000e+12  0.00000e+00  1.00000e+12  1.00000e+12
4.15947e+02  1.00000e+00  1.00000e+12  0.00000e+00  1.00000e+12  1.00000e+12
4.16052e+02  1.00000e+00  1.00000e+12  0.00000e+00  1.00000e+12  1.00000e+12
4.16156e+02  1.00000e+00  1.00000e+12  0.00000e+00  1.00000e+12  1.00000e+12
4.16261e+02  1.00000e+00  1.00000e+12  0.00000e+00  1.00000e+12  1.00000e+12
4.16366e+02  1.00000e+00  1.00000e+12  0.00000e+00  1.00000e+12  1.00000e+12
4.16470e+02  1.00000e+00  1.00000e+12  0.00000e+00  1.00000e+12  1.00000e+12
4.16575e+02  1.00000e+00  1.00000e+12  0.00000e+00  1.00000e+12  1.00000e+12
4.16680e+02  1.00000e+00  1.00000e+12  0.00000e+00  1.00000e+12  1.00000e+12
4.16785e+02  1.00000e+00  1.00000e+12  0.00000e+00  1.00000e+12  1.00000e+12
4.16889e+02  1.00000e+00  1.00000e+12  0.00000e+00  1.00000e+12  1.00000e+12
4.16994e+02  1.00000e+00  1.00000e+12  0.00000e+00  1.00000e+12  1.00000e+12
4.17099e+02  1.00000e+00  1.00000e+12  0.00000e+00  1.00000e+12  1.00000e+12
4.17204e+02  1.00000e+00  1.00000e+12  0.00000e+00  1.00000e+12  1.00000e+12
4.17308e+02  1.00000e+00  1.00000e+12  0.00000e+00  1.00000e+12  1.00000e+12
4.17413e+02  1.00000e+00  1.00000e+12  0.00000e+00  1.00000e+12  1.00000e+12
4.17518e+02  1.00000e+00  1.00000e+12  0.00000e+00  1.00000e+12  1.00000e+12
4.17622e+02  1.00000e+00  1.00000e+12  0.00000e+00  1.00000e+12  1.00000e+12
4.17727e+02  1.00000e+00  1.00000e+12  0.00000e+00  1.00000e+12  1.00000e+12
4.17832e+02  1.00000e+00  1.00000e+12  0.00000e+00  1.00000e+12  1.00000e+12
4.17937e+02  1.00000e+00  1.00000e+12  0.00000e+00  1.00000e+12  1.00000e+12
4.18041e+02  1.00000e+00  1.00000e+12  0.00000e+00  1.00000e+12  1.00000e+12
4.18146e+02  1.00000e+00  1.00000e+12  0.00000e+00  1.00000e+12  1.00000e+12
4.18251e+02  1.00000e+00  1.00000e+12  0.00000e+00  1.00000e+12  1.00000e+12
4.18355e+02  1.00000e+00  1.00000e+12  0.00000e+00  1.00000e+12  1.00000e+12
4.18460e+02  1.00000e+00  1.00000e+12  0.00000e+00  1.00000e+12  1.00000e+12
4.18565e+02  1.00000e+00  1.00000e+12  0.00000e+00  1.00000e+12  1.00000e+12
4.18670e+02  1.00000e+00  1.00000e+12  0.00000e+00  1.00000e+12  1.00000e+12
4.18774e+02  1.00000e+00  1.00000e+12  0.00000e+00  1.00000e+12  1.00000e+12
4.18879e+02  1.00000e+00  1.00000e+12  0.00000e+00  1.00000e+12  1.00000e+12
4.18984e+02  1.00000e+00  1.00000e+12  0.00000e+00  1.00000e+12  1.00000e+12
4.19088e+02  1.00000e+00  1.00000e+12  0.00000e+00  1.00000e+12  1.00000e+12
4.19193e+02  1.00000e+00  1.00000e+12  0.00000e+00  1.00000e+12  1.00000e+12
4.19298e+02  1.00000e+00  1.00000e+12  0.00000e+00  1.00000e+12  1.00000e+12
4.19403e+02  1.00000e+00  1.00000e+12  0.00000e+00  1.00000e+12  1.00000e+12
4.19507e+02  1.00000e+00  1.00000e+12  0.00000e+00  1.00000e+12  1.00000e+12
4.19612e+02  1.00000e+00  1.00000e+12  0.00000e+00  1.00000e+12  1.00000e+12
4.19717e+02  1.00000e+00  1.00000e+12  0.00000e+00  1.00000e+12  1.00000e+12
4.19821e+02  1.00000e+00  1.00000e+12  0.00000e+00  1.00000e+12  1.00000e+12
4.19926e+02  1.00000e+00  1.00000e+12  0.00000e+00  1.00000e+12  1.00000e+12
4.20031e+02  1.00000e+00  1.00000e+12  0.00000e+00  1.00000e+12  1.00000e+12
4.20136e+02  1.00000e+00  1.00000e+12  0.00000e+00  1.00000e+12  1.00000e+12
4.20240e+02  1.00000e+00  1.00000e+12  0.00000e+00  1.00000e+12  1.00000e+12
4.20345e+02  1.00000e+00  1.00000e+12  0.00000e+00  1.00000e+12  1.00000e+12
4.20450e+02  1.00000e+00  1.00000e+12  0.00000e+00  1.00000e+12  1.00000e+12
4.20555e+02  1.00000e+00  1.00000e+12  0.00000e+00  1.00000e+12  1.00000e+12
4.20659e+02  1.00000e+00  1.00000e+12  0.00000e+00  1.00000e+12  1.00000e+12
4.20764e+02  1.00000e+00  1.00000e+12  0.00000e+00  1.00000e+12  1.00000e+12
4.20869e+02  1.00000e+00  1.00000e+12  0.00000e+00  1.00000e+12  1.00000e+12
4.20973e+02  1.00000e+00  1.00000e+12  0.00000e+00  1.00000e+12  1.00000e+12
4.21078e+02  1.00000e+00  1.00000e+12  0.00000e+00  1.00000e+12  1.00000e+12
4.21183e+02  1.00000e+00  1.00000e+12  0.00000e+00  1.00000e+12  1.00000e+12
4.21288e+02  1.00000e+00  1.00000e+12  0.00000e+00  1.00000e+12  1.00000e+12
4.21392e+02  1.00000e+00  1.00000e+12  0.00000e+00  1.00000e+12  1.00000e+12
4.21497e+02  1.00000e+00  1.00000e+12  0.00000e+00  1.00000e+12  1.00000e+12
4.21602e+02  1.00000e+00  1.00000e+12  0.00000e+00  1.00000e+12  1.00000e+12
4.21706e+02  1.00000e+00  1.00000e+12  0.00000e+00  1.00000e+12  1.00000e+12
4.21811e+02  1.00000e+00  1.00000e+12  0.00000e+00  1.00000e+12  1.00000e+12
4.21916e+02  1.00000e+00  1.00000e+12  0.00000e+00  1.00000e+12  1.00000e+12
4.22021e+02  1.00000e+00  1.00000e+12  0.00000e+00  1.00000e+12  1.00000e+12
4.22125e+02  1.00000e+00  1.00000e+12  0.00000e+00  1.00000e+12  1.00000e+12
4.22230e+02  1.00000e+00  1.00000e+12  0.00000e+00  1.00000e+12  1.00000e+12
4.22335e+02  1.00000e+00  1.00000e+12  0.00000e+00  1.00000e+12  1.00000e+12
4.22439e+02  1.00000e+00  1.00000e+12  0.00000e+00  1.00000e+12  1.00000e+12
4.22544e+02  1.00000e+00  1.00000e+12  0.00000e+00  1.00000e+12  1.00000e+12
4.22649e+02  1.00000e+00  1.00000e+12  0.00000e+00  1.00000e+12  1.00000e+12
4.22754e+02  1.00000e+00  1.00000e+12  0.00000e+00  1.00000e+12  1.00000e+12
4.22858e+02  1.00000e+00  1.00000e+12  0.00000e+00  1.00000e+12  1.00000e+12
4.22963e+02  1.00000e+00  1.00000e+12  0.00000e+00  1.00000e+12  1.00000e+12
4.23068e+02  1.00000e+00  1.00000e+12  0.00000e+00  1.00000e+12  1.00000e+12
4.23173e+02  1.00000e+00  1.00000e+12  0.00000e+00  1.00000e+12  1.00000e+12
4.23277e+02  1.00000e+00  1.00000e+12  0.00000e+00  1.00000e+12  1.00000e+12
4.23382e+02  1.00000e+00  1.00000e+12  0.00000e+00  1.00000e+12  1.00000e+12
4.23487e+02  1.00000e+00  1.00000e+12  0.00000e+00  1.00000e+12  1.00000e+12
4.23591e+02  1.00000e+00  1.00000e+12  0.00000e+00  1.00000e+12  1.00000e+12
4.23696e+02  1.00000e+00  1.00000e+12  0.00000e+00  1.00000e+12  1.00000e+12
4.23801e+02  1.00000e+00  1.00000e+12  0.00000e+00  1.00000e+12  1.00000e+12
4.23906e+02  1.00000e+00  1.00000e+12  0.00000e+00  1.00000e+12  1.00000e+12
4.24010e+02  1.00000e+00  1.00000e+12  0.00000e+00  1.00000e+12  1.00000e+12
4.24115e+02  1.00000e+00  1.00000e+12  0.00000e+00  1.00000e+12  1.00000e+12
4.24220e+02  1.00000e+00  1.00000e+12  0.00000e+00  1.00000e+12  1.00000e+12
4.24324e+02  1.00000e+00  1.00000e+12  0.00000e+00  1.00000e+12  1.00000e+12
4.24429e+02  1.00000e+00  1.00000e+12  0.00000e+00  1.00000e+12  1.00000e+12
4.24534e+02  1.00000e+00  1.00000e+12  0.00000e+00  1.00000e+12  1.00000e+12
4.24639e+02  1.00000e+00  1.00000e+12  0.00000e+00  1.00000e+12  1.00000e+12
4.24743e+02  1.00000e+00  1.00000e+12  0.00000e+00  1.00000e+12  1.00000e+12
4.24848e+02  1.00000e+00  1.00000e+12  0.00000e+00  1.00000e+12  1.00000e+12
4.24953e+02  1.00000e+00  1.00000e+12  0.00000e+00  1.00000e+12  1.00000e+12
4.25057e+02  1.00000e+00  1.00000e+12  0.00000e+00  1.00000e+12  1.00000e+12
4.25162e+02  1.00000e+00  1.00000e+12  0.00000e+00  1.00000e+12  1.00000e+12
4.25267e+02  1.00000e+00  1.00000e+12  0.00000e+00  1.00000e+12  1.00000e+12
4.25372e+02  1.00000e+00  1.00000e+12  0.00000e+00  1.00000e+12  1.00000e+12
4.25476e+02  1.00000e+00  1.00000e+12  0.00000e+00  1.00000e+12  1.00000e+12
4.25581e+02  1.00000e+00  1.00000e+12  0.00000e+00  1.00000e+12  1.00000e+12
4.25686e+02  1.00000e+00  1.00000e+12  0.00000e+00  1.00000e+12  1.00000e+12
4.25791e+02  1.00000e+00  1.00000e+12  0.00000e+00  1.00000e+12  1.00000e+12
4.25895e+02  1.00000e+00  1.00000e+12  0.00000e+00  1.00000e+12  1.00000e+12
4.26000e+02  1.00000e+00  1.00000e+12  0.00000e+00  1.00000e+12  1.00000e+12
4.26105e+02  1.00000e+00  1.00000e+12  0.00000e+00  1.00000e+12  1.00000e+12
4.26209e+02  1.00000e+00  1.00000e+12  0.00000e+00  1.00000e+12  1.00000e+12
4.26314e+02  1.00000e+00  1.00000e+12  0.00000e+00  1.00000e+12  1.00000e+12
4.26419e+02  1.00000e+00  1.00000e+12  0.00000e+00  1.00000e+12  1.00000e+12
4.26524e+02  1.00000e+00  1.00000e+12  0.00000e+00  1.00000e+12  1.00000e+12
4.26628e+02  1.00000e+00  1.00000e+12  0.00000e+00  1.00000e+12  1.00000e+12
4.26733e+02  1.00000e+00  1.00000e+12  0.00000e+00  1.00000e+12  1.00000e+12
4.26838e+02  1.00000e+00  1.00000e+12  0.00000e+00  1.00000e+12  1.00000e+12
4.26942e+02  1.00000e+00  1.00000e+12  0.00000e+00  1.00000e+12  1.00000e+12
4.27047e+02  1.00000e+00  1.00000e+12  0.00000e+00  1.00000e+12  1.00000e+12
4.27152e+02  1.00000e+00  1.00000e+12  0.00000e+00  1.00000e+12  1.00000e+12
4.27257e+02  1.00000e+00  1.00000e+12  0.00000e+00  1.00000e+12  1.00000e+12
4.27361e+02  1.00000e+00  1.00000e+12  0.00000e+00  1.00000e+12  1.00000e+12
4.27466e+02  1.00000e+00  1.00000e+12  0.00000e+00  1.00000e+12  1.00000e+12
4.27571e+02  1.00000e+00  1.00000e+12  0.00000e+00  1.00000e+12  1.00000e+12
4.27675e+02  1.00000e+00  1.00000e+12  0.00000e+00  1.00000e+12  1.00000e+12
4.27780e+02  1.00000e+00  1.00000e+12  0.00000e+00  1.00000e+12  1.00000e+12
4.27885e+02  1.00000e+00  1.00000e+12  0.00000e+00  1.00000e+12  1.00000e+12
4.27990e+02  1.00000e+00  1.00000e+12  0.00000e+00  1.00000e+12  1.00000e+12
4.28094e+02  1.00000e+00  1.00000e+12  0.00000e+00  1.00000e+12  1.00000e+12
4.28199e+02  1.00000e+00  1.00000e+12  0.00000e+00  1.00000e+12  1.00000e+12
4.28304e+02  1.00000e+00  1.00000e+12  0.00000e+00  1.00000e+12  1.00000e+12
4.28409e+02  1.00000e+00  1.00000e+12  0.00000e+00  1.00000e+12  1.00000e+12
4.28513e+02  1.00000e+00  1.00000e+12  0.00000e+00  1.00000e+12  1.00000e+12
4.28618e+02  1.00000e+00  1.00000e+12  0.00000e+00  1.00000e+12  1.00000e+12
4.28723e+02  1.00000e+00  1.00000e+12  0.00000e+00  1.00000e+12  1.00000e+12
4.28827e+02  1.00000e+00  1.00000e+12  0.00000e+00  1.00000e+12  1.00000e+12
4.28932e+02  1.00000e+00  1.00000e+12  0.00000e+00  1.00000e+12  1.00000e+12
