# k S000 S110 S112 S10 S11
1.04720e-01  1.05220e-01  1.93200e+00  -1.39595e+00  1.40091e-01  4.32795e+00
2.09440e-01  1.05435e-01  1.89326e+00  -1.37649e+00  1.40284e-01  4.26975e+00
3.14159e-01  1.05794e-01  1.83133e+00  -1.34536e+00  1.40608e-01  4.17669e+00
4.18879e-01  1.06300e-01  1.74969e+00  -1.30431e+00  1.41066e-01  4.05401e+00
5.23599e-01  1.06956e-01  1.65259e+00  -1.25546e+00  1.41663e-01  3.90806e+00
6.28319e-01  1.07768e-01  1.54447e+00  -1.20103e+00  1.42402e-01  3.74550e+00
7.33038e-01  1.08740e-01  1.42959e+00  -1.14315e+00  1.43292e-01  3.57274e+00
8.37758e-01  1.09879e-01  1.31173e+00  -1.08370e+00  1.44339e-01  3.39543e+00
9.42478e-01  1.11193e-01  1.19402e+00  -1.02424e+00  1.45553e-01  3.21826e+00
1.04720e+00  1.12691e-01  1.07890e+00  -9.65980e-01  1.46941e-01  3.04488e+00
1.15192e+00  1.14382e-01  9.68140e-01  -9.09812e-01  1.48516e-01  2.87795e+00
1.25664e+00  1.16278e-01  8.62934e-01  -8.56323e-01  1.50289e-01  2.71926e+00
1.36136e+00  1.18391e-01  7.64006e-01  -8.05868e-01  1.52271e-01  2.56987e+00
1.46608e+00  1.20737e-01  6.71708e-01  -7.58616e-01  1.54476e-01  2.43032e+00
1.57080e+00  1.23330e-01  5.86119e-01  -7.14599e-01  1.56920e-01  2.30072e+00
1.67552e+00  1.26189e-01  5.07121e-01  -6.73752e-01  1.59617e-01  2.18087e+00
1.78024e+00  1.29334e-01  4.34469e-01  -6.35942e-01  1.62585e-01  2.07041e+00
1.88496e+00  1.32785e-01  3.67838e-01  -6.00998e-01  1.65843e-01  1.96884e+00
1.98968e+00  1.36568e-01  3.06858e-01  -5.68724e-01  1.69410e-01  1.87558e+00
2.09440e+00  1.40710e-01  2.51143e-01  -5.38917e-01  1.73309e-01  1.79006e+00
2.19911e+00  1.45241e-01  2.00306e-01  -5.11371e-01  1.77564e-01  1.71168e+00
2.30383e+00  1.50195e-01  1.53973e-01  -4.85886e-01  1.82200e-01  1.63986e+00
2.40855e+00  1.55610e-01  1.11790e-01  -4.62271e-01  1.87248e-01  1.57406e+00
2.51327e+00  1.61527e-01  7.34296e-02  -4.40346e-01  1.92738e-01  1.51378e+00
2.61799e+00  1.67995e-01  3.85875e-02  -4.19941e-01  1.98706e-01  1.45853e+00
2.72271e+00  1.75066e-01  6.98843e-03  -4.00899e-01  2.05191e-01  1.40789e+00
2.82743e+00  1.82798e-01  -2.16168e-02  -3.83073e-01  2.12237e-01  1.36146e+00
2.93215e+00  1.91258e-01  -4.74516e-02  -3.66329e-01  2.19891e-01  1.31888e+00
3.03687e+00  2.00521e-01  -7.07150e-02  -3.50539e-01  2.28206e-01  1.27982e+00
3.14159e+00  2.10670e-01  -9.15833e-02  -3.35586e-01  2.37244e-01  1.24400e+00
3.24631e+00  2.21798e-01  -1.10211e-01  -3.21360e-01  2.47069e-01  1.21115e+00
3.35103e+00  2.34010e-01  -1.26734e-01  -3.07754e-01  2.57757e-01  1.18102e+00
3.45575e+00  2.47425e-01  -1.41268e-01  -2.94670e-01  2.69392e-01  1.15340e+00
3.56047e+00  2.62174e-01  -1.53912e-01  -2.82011e-01  2.82066e-01  1.12810e+00
3.66519e+00  2.78406e-01  -1.64749e-01  -2.69683e-01  2.95886e-01  1.10493e+00
3.76991e+00  2.96286e-01  -1.73845e-01  -2.57593e-01  3.10969e-01  1.08375e+00
3.87463e+00  3.15999e-01  -1.81252e-01  -2.45650e-01  3.27448e-01  1.06440e+00
3.97935e+00  3.37748e-01  -1.87009e-01  -2.33759e-01  3.45472e-01  1.04675e+00
4.08407e+00  3.61761e-01  -1.91139e-01  -2.21826e-01  3.65209e-01  1.03069e+00
4.18879e+00  3.88284e-01  -1.93652e-01  -2.09752e-01  3.86843e-01  1.01610e+00
4.29351e+00  4.17588e-01  -1.94543e-01  -1.97435e-01  4.10586e-01  1.00289e+00
4.39823e+00  4.49959e-01  -1.93796e-01  -1.84769e-01  4.36666e-01  9.90972e-01
4.50295e+00  4.85699e-01  -1.91380e-01  -1.71639e-01  4.65341e-01  9.80259e-01
4.60767e+00  5.25118e-01  -1.87251e-01  -1.57930e-01  4.96888e-01  9.70680e-01
4.71239e+00  5.68519e-01  -1.81354e-01  -1.43519e-01  5.31607e-01  9.62165e-01
4.81711e+00  6.16184e-01  -1.73623e-01  -1.28280e-01  5.69816e-01  9.54657e-01
4.92183e+00  6.68343e-01  -1.63988e-01  -1.12087e-01  6.11839e-01  9.48099e-01
5.02655e+00  7.25146e-01  -1.52372e-01  -9.48164e-02  6.57996e-01  9.42445e-01
5.13127e+00  7.86612e-01  -1.38707e-01  -7.63577e-02  7.08578e-01  9.37651e-01
5.23599e+00  8.52581e-01  -1.22939e-01  -5.66209e-02  7.63819e-01  9.33681e-01
5.34071e+00  9.22643e-01  -1.05048e-01  -3.55526e-02  8.23847e-01  9.30505e-01
5.44543e+00  9.96077e-01  -8.50600e-02  -1.31551e-02  8.88630e-01  9.28095e-01
5.55015e+00  1.07179e+00  -6.30809e-02  1.04893e-02  9.57898e-01  9.26430e-01
5.65487e+00  1.14828e+00  -3.93198e-02  3.51903e-02  1.03106e+00  9.25490e-01
5.75959e+00  1.22364e+00  -1.41205e-02  6.06210e-02  1.10712e+00  9.25258e-01
5.86431e+00  1.29563e+00  1.20130e-02  8.62942e-02  1.18460e+00  9.25719e-01
5.96903e+00  1.36177e+00  3.84041e-02  1.11551e-01  1.26151e+00  9.26853e-01
6.07375e+00  1.41962e+00  6.42146e-02  1.35576e-01  1.33537e+00  9.28639e-01
6.17847e+00  1.46694e+00  8.84880e-02  1.57437e-01  1.40336e+00  9.31051e-01
6.28319e+00  1.50202e+00  1.10228e-01  1.76172e-01  1.46257e+00  9.34056e-01
6.38791e+00  1.52383e+00  1.28507e-01  1.90895e-01  1.51030e+00  9.37612e-01
6.49262e+00  1.53218e+00  1.42583e-01  2.00914e-01  1.54441e+00  9.41669e-01
6.59734e+00  1.52766e+00  1.52002e-01  2.05832e-01  1.56366e+00  9.46170e-01
6.70206e+00  1.51153e+00  1.56649e-01  2.05601e-01  1.56785e+00  9.51048e-01
6.80678e+00  1.48557e+00  1.56752e-01  2.00520e-01  1.55779e+00  9.56232e-01
6.91150e+00  1.45176e+00  1.52817e-01  1.91172e-01  1.53516e+00  9.61645e-01
7.01622e+00  1.41219e+00  1.45537e-01  1.78328e-01  1.50219e+00  9.67208e-01
7.12094e+00  1.36877e+00  1.35686e-01  1.62843e-01  1.46137e+00  9.72843e-01
7.22566e+00  1.32322e+00  1.24033e-01  1.45560e-01  1.41515e+00  9.78474e-01
7.33038e+00  1.27698e+00  1.11271e-01  1.27244e-01  1.36576e+00  9.84027e-01
7.43510e+00  1.23118e+00  9.79804e-02  1.08544e-01  1.31507e+00  9.89436e-01
7.53982e+00  1.18669e+00  8.46204e-02  8.99791e-02  1.26458e+00  9.94641e-01
7.64454e+00  1.14413e+00  7.15307e-02  7.19407e-02  1.21541e+00  9.99590e-01
7.74926e+00  1.10394e+00  5.89475e-02  5.47095e-02  1.16837e+00  1.00424e+00
7.85398e+00  1.06638e+00  4.70222e-02  3.84733e-02  1.12397e+00  1.00855e+00
7.95870e+00  1.03159e+00  3.58412e-02  2.33466e-02  1.08253e+00  1.01249e+00
8.06342e+00  9.99626e-01  2.54429e-02  9.38816e-03  1.04422e+00  1.01605e+00
8.16814e+00  9.70482e-01  1.58321e-02  -3.38363e-03  1.00906e+00  1.01922e+00
8.27286e+00  9.44099e-01  6.99181e-03  -1.49789e-02  9.77034e-01  1.02197e+00
8.37758e+00  9.20394e-01  -1.10851e-03  -2.54270e-02  9.48037e-01  1.02432e+00
8.48230e+00  8.99266e-01  -8.50627e-03  -3.47692e-02  9.21955e-01  1.02626e+00
8.58702e+00  8.80605e-01  -1.52415e-02  -4.30536e-02  8.98651e-01  1.02781e+00
8.69174e+00  8.64300e-01  -2.13537e-02  -5.03318e-02  8.77983e-01  1.02898e+00
8.79646e+00  8.50241e-01  -2.68801e-02  -5.66557e-02  8.59808e-01  1.02978e+00
8.90118e+00  8.38323e-01  -3.18542e-02  -6.20762e-02  8.43993e-01  1.03022e+00
9.00590e+00  8.28446e-01  -3.63054e-02  -6.66419e-02  8.30411e-01  1.03034e+00
9.11062e+00  8.20520e-01  -4.02586e-02  -7.03984e-02  8.18945e-01  1.03014e+00
9.21534e+00  8.14461e-01  -4.37341e-02  -7.33878e-02  8.09490e-01  1.02965e+00
9.32006e+00  8.10192e-01  -4.67482e-02  -7.56487e-02  8.01954e-01  1.02890e+00
9.42478e+00  8.07645e-01  -4.93130e-02  -7.72162e-02  7.96255e-01  1.02790e+00
9.52950e+00  8.06756e-01  -5.14368e-02  -7.81217e-02  7.92320e-01  1.02668e+00
9.63422e+00  8.07469e-01  -5.31250e-02  -7.83936e-02  7.90088e-01  1.02527e+00
9.73894e+00  8.09730e-01  -5.43796e-02  -7.80569e-02  7.89506e-01  1.02368e+00
9.84366e+00  8.13492e-01  -5.52006e-02  -7.71342e-02  7.90531e-01  1.02193e+00
9.94838e+00  8.18705e-01  -5.55858e-02  -7.56454e-02  7.93123e-01  1.02006e+00
1.00531e+01  8.25325e-01  -5.55314e-02  -7.36086e-02  7.97251e-01  1.01808e+00
1.01578e+01  8.33303e-01  -5.50328e-02  -7.10405e-02  8.02886e-01  1.01601e+00
1.02625e+01  8.42589e-01  -5.40848e-02  -6.79565e-02  8.10002e-01  1.01387e+00
1.03673e+01  8.53126e-01  -5.26827e-02  -6.43720e-02  8.18573e-01  1.01169e+00
1.04720e+01  8.64855e-01  -5.08223e-02  -6.03024e-02  8.28573e-01  1.00948e+00
1.05767e+01  8.77702e-01  -4.85014e-02  -5.57645e-02  8.39970e-01  1.00726e+00
1.06814e+01  8.91586e-01  -4.57204e-02  -5.07770e-02  8.52726e-01  1.00506e+00
1.07861e+01  9.06413e-01  -4.24833e-02  -4.53615e-02  8.66794e-01  1.00288e+00
1.08909e+01  9.22072e-01  -3.87987e-02  -3.95439e-02  8.82113e-01  1.00075e+00
1.09956e+01  9.38435e-01  -3.46812e-02  -3.33551e-02  8.98609e-01  9.98674e-01
1.11003e+01  9.55358e-01  -3.01524e-02  -2.68326e-02  9.16182e-01  9.96680e-01
1.12050e+01  9.72675e-01  -2.52424e-02  -2.00214e-02  9.34715e-01  9.94779e-01
1.13097e+01  9.90203e-01  -1.99906e-02  -1.29755e-02  9.54058e-01  9.92985e-01
1.14145e+01  1.00774e+00  -1.44472e-02  -5.75826e-03  9.74036e-01  9.91311e-01
1.15192e+01  1.02507e+00  -8.67329e-03  1.55654e-03  9.94440e-01  9.89770e-01
1.16239e+01  1.04196e+00  -2.74167e-03  8.88469e-03  1.01503e+00  9.88374e-01
1.17286e+01  1.05817e+00  3.26381e-03  1.61320e-02  1.03553e+00  9.87132e-01
1.18333e+01  1.07347e+00  9.24921e-03  2.31956e-02  1.05564e+00  9.86054e-01
1.19381e+01  1.08761e+00  1.51124e-02  2.99659e-02  1.07504e+00  9.85147e-01
1.20428e+01  1.10037e+00  2.07460e-02  3.63293e-02  1.09340e+00  9.84417e-01
1.21475e+01  1.11156e+00  2.60407e-02  4.21725e-02  1.11039e+00  9.83868e-01
1.22522e+01  1.12100e+00  3.08900e-02  4.73865e-02  1.12566e+00  9.83503e-01
1.23569e+01  1.12854e+00  3.51948e-02  5.18719e-02  1.13894e+00  9.83323e-01
1.24617e+01  1.13411e+00  3.88682e-02  5.55431e-02  1.14995e+00  9.83325e-01
1.25664e+01  1.13764e+00  4.18400e-02  5.83336e-02  1.15851e+00  9.83506e-01
1.26711e+01  1.13912e+00  4.40601e-02  6.01988e-02  1.16446e+00  9.83861e-01
1.27758e+01  1.13861e+00  4.55012e-02  6.11191e-02  1.16774e+00  9.84382e-01
1.28805e+01  1.13618e+00  4.61593e-02  6.10999e-02  1.16836e+00  9.85059e-01
1.29852e+01  1.13196e+00  4.60536e-02  6.01715e-02  1.16640e+00  9.85882e-01
1.30900e+01  1.12609e+00  4.52240e-02  5.83866e-02  1.16200e+00  9.86837e-01
1.31947e+01  1.11876e+00  4.37281e-02  5.58169e-02  1.15536e+00  9.87911e-01
1.32994e+01  1.11016e+00  4.16372e-02  5.25490e-02  1.14674e+00  9.89088e-01
1.34041e+01  1.10049e+00  3.90320e-02  4.86796e-02  1.13639e+00  9.90352e-01
1.35088e+01  1.08996e+00  3.59983e-02  4.43114e-02  1.12462e+00  9.91687e-01
1.36136e+01  1.07879e+00  3.26230e-02  3.95482e-02  1.11172e+00  9.93075e-01
1.37183e+01  1.06715e+00  2.89907e-02  3.44921e-02  1.09797e+00  9.94499e-01
1.38230e+01  1.05524e+00  2.51813e-02  2.92398e-02  1.08366e+00  9.95941e-01
1.39277e+01  1.04324e+00  2.12679e-02  2.38815e-02  1.06903e+00  9.97386e-01
1.40324e+01  1.03129e+00  1.73158e-02  1.84986e-02  1.05431e+00  9.98817e-01
1.41372e+01  1.01953e+00  1.33821e-02  1.31635e-02  1.03971e+00  1.00022e+00
1.42419e+01  1.00810e+00  9.51553e-03  7.93941e-03  1.02539e+00  1.00158e+00
1.43466e+01  9.97084e-01  5.75670e-03  2.88058e-03  1.01152e+00  1.00288e+00
1.44513e+01  9.86589e-01  2.13902e-03  -1.96736e-03  9.98204e-01  1.00411e+00
1.45560e+01  9.76688e-01  -1.31070e-03  -6.56655e-03  9.85556e-01  1.00526e+00
1.46608e+01  9.67445e-01  -4.57135e-03  -1.08862e-02  9.73656e-01  1.00631e+00
1.47655e+01  9.58912e-01  -7.62669e-03  -1.49016e-02  9.62570e-01  1.00727e+00
1.48702e+01  9.51132e-01  -1.04645e-02  -1.85936e-02  9.52348e-01  1.00813e+00
1.49749e+01  9.44136e-01  -1.30757e-02  -2.19477e-02  9.43029e-01  1.00887e+00
1.50796e+01  9.37951e-01  -1.54540e-02  -2.49531e-02  9.34640e-01  1.00950e+00
1.51844e+01  9.32592e-01  -1.75950e-02  -2.76026e-02  9.27200e-01  1.01001e+00
1.52891e+01  9.28071e-01  -1.94959e-02  -2.98919e-02  9.20720e-01  1.01040e+00
1.53938e+01  9.24393e-01  -2.11547e-02  -3.18187e-02  9.15208e-01  1.01066e+00
1.54985e+01  9.21559e-01  -2.25707e-02  -3.33831e-02  9.10663e-01  1.01081e+00
1.56032e+01  9.19563e-01  -2.37435e-02  -3.45866e-02  9.07083e-01  1.01084e+00
1.57080e+01  9.18399e-01  -2.46730e-02  -3.54325e-02  9.04462e-01  1.01076e+00
1.58127e+01  9.18052e-01  -2.53598e-02  -3.59252e-02  9.02790e-01  1.01057e+00
1.59174e+01  9.18508e-01  -2.58045e-02  -3.60704e-02  9.02055e-01  1.01027e+00
1.60221e+01  9.19745e-01  -2.60081e-02  -3.58750e-02  9.02242e-01  1.00987e+00
1.61268e+01  9.21740e-01  -2.59722e-02  -3.53471e-02  9.03334e-01  1.00937e+00
1.62316e+01  9.24464e-01  -2.56987e-02  -3.44959e-02  9.05310e-01  1.00880e+00
1.63363e+01  9.27887e-01  -2.51904e-02  -3.33320e-02  9.08146e-01  1.00814e+00
1.64410e+01  9.31970e-01  -2.44506e-02  -3.18673e-02  9.11815e-01  1.00742e+00
1.65457e+01  9.36673e-01  -2.34843e-02  -3.01153e-02  9.16285e-01  1.00663e+00
1.66504e+01  9.41951e-01  -2.22972e-02  -2.80912e-02  9.21520e-01  1.00579e+00
1.67552e+01  9.47753e-01  -2.08969e-02  -2.58121e-02  9.27479e-01  1.00492e+00
1.68599e+01  9.54022e-01  -1.92930e-02  -2.32969e-02  9.34113e-01  1.00400e+00
1.69646e+01  9.60699e-01  -1.74969e-02  -2.05672e-02  9.41369e-01  1.00307e+00
1.70693e+01  9.67716e-01  -1.55224e-02  -1.76465e-02  9.49185e-01  1.00212e+00
1.71740e+01  9.75004e-01  -1.33860e-02  -1.45611e-02  9.57492e-01  1.00118e+00
1.72788e+01  9.82485e-01  -1.11068e-02  -1.13398e-02  9.66214e-01  1.00023e+00
1.73835e+01  9.90082e-01  -8.70661e-03  -8.01389e-03  9.75266e-01  9.99307e-01
1.74882e+01  9.97709e-01  -6.21026e-03  -4.61745e-03  9.84555e-01  9.98407e-01
1.75929e+01  1.00528e+00  -3.64518e-03  -1.18675e-03  9.93981e-01  9.97542e-01
1.76976e+01  1.01271e+00  -1.04136e-03  2.23982e-03  1.00344e+00  9.96719e-01
1.78024e+01  1.01991e+00  1.56899e-03  5.62217e-03  1.01281e+00  9.95947e-01
1.79071e+01  1.02679e+00  4.15195e-03  8.91907e-03  1.02199e+00  9.95233e-01
1.80118e+01  1.03328e+00  6.67243e-03  1.20888e-02  1.03085e+00  9.94584e-01
1.81165e+01  1.03928e+00  9.09492e-03  1.50901e-02  1.03928e+00  9.94005e-01
1.82212e+01  1.04472e+00  1.13843e-02  1.78826e-02  1.04715e+00  9.93502e-01
1.83260e+01  1.04955e+00  1.35068e-02  2.04284e-02  1.05436e+00  9.93078e-01
1.84307e+01  1.05369e+00  1.54307e-02  2.26927e-02  1.06082e+00  9.92738e-01
1.85354e+01  1.05712e+00  1.71277e-02  2.46445e-02  1.06642e+00  9.92483e-01
1.86401e+01  1.05978e+00  1.85733e-02  2.62581e-02  1.07109e+00  9.92315e-01
1.87448e+01  1.06165e+00  1.97477e-02  2.75133e-02  1.07477e+00  9.92234e-01
1.88496e+01  1.06273e+00  2.06365e-02  2.83964e-02  1.07743e+00  9.92240e-01
1.89543e+01  1.06302e+00  2.12310e-02  2.89001e-02  1.07903e+00  9.92331e-01
1.90590e+01  1.06252e+00  2.15285e-02  2.90243e-02  1.07958e+00  9.92504e-01
1.91637e+01  1.06128e+00  2.15319e-02  2.87752e-02  1.07908e+00  9.92757e-01
1.92684e+01  1.05932e+00  2.12497e-02  2.81657e-02  1.07758e+00  9.93084e-01
1.93732e+01  1.05669e+00  2.06955e-02  2.72144e-02  1.07512e+00  9.93481e-01
1.94779e+01  1.05344e+00  1.98876e-02  2.59453e-02  1.07178e+00  9.93942e-01
1.95826e+01  1.04964e+00  1.88477e-02  2.43865e-02  1.06762e+00  9.94461e-01
1.96873e+01  1.04536e+00  1.76005e-02  2.25697e-02  1.06274e+00  9.95031e-01
1.97920e+01  1.04066e+00  1.61728e-02  2.05290e-02  1.05723e+00  9.95644e-01
1.98968e+01  1.03562e+00  1.45927e-02  1.83002e-02  1.05119e+00  9.96293e-01
2.00015e+01  1.03031e+00  1.28889e-02  1.59198e-02  1.04473e+00  9.96969e-01
2.01062e+01  1.02481e+00  1.10897e-02  1.34243e-02  1.03794e+00  9.97665e-01
2.02109e+01  1.01919e+00  9.22279e-03  1.08495e-02  1.03092e+00  9.98373e-01
2.03156e+01  1.01351e+00  7.31466e-03  8.22988e-03  1.02377e+00  9.99085e-01
2.04204e+01  1.00785e+00  5.39022e-03  5.59830e-03  1.01659e+00  9.99792e-01
2.05251e+01  1.00226e+00  3.47256e-03  2.98549e-03  1.00944e+00  1.00049e+00
2.06298e+01  9.96801e-01  1.58280e-03  4.19909e-04  1.00242e+00  1.00116e+00
2.07345e+01  9.91533e-01  -2.59950e-04  -2.07240e-03  9.95595e-01  1.00181e+00
2.08392e+01  9.86501e-01  -2.03865e-03  -4.46789e-03  9.89026e-01  1.00243e+00
2.09440e+01  9.81748e-01  -3.73824e-03  -6.74553e-03  9.82771e-01  1.00301e+00
2.10487e+01  9.77314e-01  -5.34554e-03  -8.88673e-03  9.76881e-01  1.00354e+00
2.11534e+01  9.73232e-01  -6.84917e-03  -1.08753e-02  9.71400e-01  1.00403e+00
2.12581e+01  9.69532e-01  -8.23938e-03  -1.26973e-02  9.66366e-01  1.00446e+00
2.13628e+01  9.66238e-01  -9.50794e-03  -1.43410e-02  9.61810e-01  1.00483e+00
2.14675e+01  9.63371e-01  -1.06480e-02  -1.57967e-02  9.57759e-01  1.00515e+00
2.15723e+01  9.60946e-01  -1.16538e-02  -1.70566e-02  9.54233e-01  1.00540e+00
2.16770e+01  9.58975e-01  -1.25209e-02  -1.81148e-02  9.51249e-01  1.00559e+00
2.17817e+01  9.57467e-01  -1.32459e-02  -1.89669e-02  9.48820e-01  1.00572e+00
2.18864e+01  9.56424e-01  -1.38261e-02  -1.96104e-02  9.46953e-01  1.00578e+00
2.19911e+01  9.55848e-01  -1.42599e-02  -2.00441e-02  9.45652e-01  1.00578e+00
2.20959e+01  9.55735e-01  -1.45464e-02  -2.02684e-02  9.44917e-01  1.00572e+00
2.22006e+01  9.56077e-01  -1.46856e-02  -2.02851e-02  9.44744e-01  1.00560e+00
2.23053e+01  9.56866e-01  -1.46783e-02  -2.00974e-02  9.45127e-01  1.00542e+00
2.24100e+01  9.58086e-01  -1.45261e-02  -1.97099e-02  9.46054e-01  1.00518e+00
2.25147e+01  9.59721e-01  -1.42316e-02  -1.91284e-02  9.47512e-01  1.00490e+00
2.26195e+01  9.61750e-01  -1.37980e-02  -1.83603e-02  9.49481e-01  1.00456e+00
2.27242e+01  9.64151e-01  -1.32296e-02  -1.74143e-02  9.51942e-01  1.00418e+00
2.28289e+01  9.66895e-01  -1.25319e-02  -1.63002e-02  9.54868e-01  1.00377e+00
2.29336e+01  9.69954e-01  -1.17112e-02  -1.50296e-02  9.58230e-01  1.00332e+00
2.30383e+01  9.73294e-01  -1.07749e-02  -1.36151e-02  9.61995e-01  1.00284e+00
2.31431e+01  9.76881e-01  -9.73173e-03  -1.20710e-02  9.66126e-01  1.00234e+00
2.32478e+01  9.80675e-01  -8.59154e-03  -1.04127e-02  9.70583e-01  1.00182e+00
2.33525e+01  9.84637e-01  -7.36535e-03  -8.65699e-03  9.75321e-01  1.00129e+00
2.34572e+01  9.88723e-01  -6.06542e-03  -6.82194e-03  9.80291e-01  1.00076e+00
2.35619e+01  9.92891e-01  -4.70514e-03  -4.92671e-03  9.85441e-01  1.00022e+00
2.36667e+01  9.97093e-01  -3.29901e-03  -2.99150e-03  9.90718e-01  9.99692e-01
2.37714e+01  1.00128e+00  -1.86249e-03  -1.03733e-03  9.96063e-01  9.99175e-01
2.38761e+01  1.00542e+00  -4.11895e-04  9.14083e-04  1.00142e+00  9.98674e-01
2.39808e+01  1.00944e+00  1.03582e-03  2.84065e-03  1.00672e+00  9.98195e-01
2.40855e+01  1.01332e+00  2.46327e-03  4.72014e-03  1.01190e+00  9.97743e-01
2.41903e+01  1.01700e+00  3.85293e-03  6.53050e-03  1.01691e+00  9.97322e-01
2.42950e+01  1.02045e+00  5.18738e-03  8.25019e-03  1.02169e+00  9.96937e-01
2.43997e+01  1.02362e+00  6.44965e-03  9.85855e-03  1.02617e+00  9.96591e-01
2.45044e+01  1.02648e+00  7.62356e-03  1.13362e-02  1.03030e+00  9.96287e-01
2.46091e+01  1.02900e+00  8.69403e-03  1.26652e-02  1.03402e+00  9.96029e-01
2.47139e+01  1.03114e+00  9.64740e-03  1.38299e-02  1.03731e+00  9.95818e-01
2.48186e+01  1.03290e+00  1.04717e-02  1.48165e-02  1.04010e+00  9.95655e-01
2.49233e+01  1.03424e+00  1.11571e-02  1.56141e-02  1.04239e+00  9.95543e-01
2.50280e+01  1.03517e+00  1.16958e-02  1.62144e-02  1.04412e+00  9.95481e-01
2.51327e+01  1.03567e+00  1.20823e-02  1.66121e-02  1.04531e+00  9.95470e-01
2.52375e+01  1.03574e+00  1.23139e-02  1.68048e-02  1.04592e+00  9.95509e-01
2.53422e+01  1.03540e+00  1.23900e-02  1.67932e-02  1.04598e+00  9.95597e-01
2.54469e+01  1.03465e+00  1.23126e-02  1.65811e-02  1.04547e+00  9.95731e-01
2.55516e+01  1.03352e+00  1.20861e-02  1.61750e-02  1.04444e+00  9.95911e-01
2.56563e+01  1.03201e+00  1.17170e-02  1.55840e-02  1.04288e+00  9.96133e-01
2.57611e+01  1.03017e+00  1.12138e-02  1.48197e-02  1.04085e+00  9.96394e-01
2.58658e+01  1.02801e+00  1.05866e-02  1.38958e-02  1.03838e+00  9.96691e-01
2.59705e+01  1.02558e+00  9.84704e-03  1.28278e-02  1.03550e+00  9.97019e-01
2.60752e+01  1.02290e+00  9.00792e-03  1.16324e-02  1.03227e+00  9.97376e-01
2.61799e+01  1.02002e+00  8.08282e-03  1.03277e-02  1.02874e+00  9.97755e-01
2.62847e+01  1.01697e+00  7.08586e-03  8.93244e-03  1.02495e+00  9.98153e-01
2.63894e+01  1.01379e+00  6.03149e-03  7.46562e-03  1.02096e+00  9.98566e-01
2.64941e+01  1.01052e+00  4.93412e-03  5.94647e-03  1.01683e+00  9.98988e-01
2.65988e+01  1.00721e+00  3.80802e-03  4.39402e-03  1.01260e+00  9.99414e-01
2.67035e+01  1.00388e+00  2.66701e-03  2.82686e-03  1.00832e+00  9.99840e-01
2.68083e+01  1.00058e+00  1.52439e-03  1.26294e-03  1.00405e+00  1.00026e+00
2.69130e+01  9.97342e-01  3.92770e-04  -2.80613e-04  9.99832e-01  1.00067e+00
2.70177e+01  9.94196e-01  -7.16030e-04  -1.78763e-03  9.95709e-01  1.00107e+00
2.71224e+01  9.91176e-01  -1.79103e-03  -3.24303e-03  9.91723e-01  1.00145e+00
2.72271e+01  9.88310e-01  -2.82216e-03  -4.63287e-03  9.87912e-01  1.00181e+00
2.73319e+01  9.85624e-01  -3.80025e-03  -5.94446e-03  9.84311e-01  1.00214e+00
2.74366e+01  9.83142e-01  -4.71706e-03  -7.16634e-03  9.80950e-01  1.00245e+00
2.75413e+01  9.80885e-01  -5.56528e-03  -8.28835e-03  9.77858e-01  1.00272e+00
2.76460e+01  9.78871e-01  -6.33849e-03  -9.30161e-03  9.75058e-01  1.00296e+00
2.77507e+01  9.77116e-01  -7.03115e-03  -1.01985e-02  9.72572e-01  1.00317e+00
2.78555e+01  9.75632e-01  -7.63857e-03  -1.09728e-02  9.70416e-01  1.00333e+00
2.79602e+01  9.74429e-01  -8.15690e-03  -1.16192e-02  9.68605e-01  1.00346e+00
2.80649e+01  9.73514e-01  -8.58308e-03  -1.21341e-02  9.67149e-01  1.00355e+00
2.81696e+01  9.72892e-01  -8.91483e-03  -1.25148e-02  9.66056e-01  1.00360e+00
2.82743e+01  9.72563e-01  -9.15062e-03  -1.27597e-02  9.65330e-01  1.00361e+00
2.83791e+01  9.72528e-01  -9.28968e-03  -1.28687e-02  9.64973e-01  1.00358e+00
2.84838e+01  9.72782e-01  -9.33195e-03  -1.28425e-02  9.64983e-01  1.00351e+00
2.85885e+01  9.73318e-01  -9.27814e-03  -1.26831e-02  9.65356e-01  1.00340e+00
2.86932e+01  9.74130e-01  -9.12965e-03  -1.23936e-02  9.66083e-01  1.00326e+00
2.87979e+01  9.75204e-01  -8.88864e-03  -1.19782e-02  9.67155e-01  1.00309e+00
2.89027e+01  9.76528e-01  -8.55798e-03  -1.14421e-02  9.68558e-01  1.00288e+00
2.90074e+01  9.78086e-01  -8.14131e-03  -1.07914e-02  9.70276e-01  1.00265e+00
2.91121e+01  9.79860e-01  -7.64300e-03  -1.00336e-02  9.72290e-01  1.00239e+00
2.92168e+01  9.81830e-01  -7.06817e-03  -9.17670e-03  9.74578e-01  1.00211e+00
2.93215e+01  9.83975e-01  -6.42267e-03  -8.23003e-03  9.77117e-01  1.00181e+00
2.94263e+01  9.86270e-01  -5.71312e-03  -7.20362e-03  9.79880e-01  1.00149e+00
2.95310e+01  9.88691e-01  -4.94680e-03  -6.10839e-03  9.82836e-01  1.00116e+00
2.96357e+01  9.91211e-01  -4.13170e-03  -4.95599e-03  9.85956e-01  1.00082e+00
2.97404e+01  9.93802e-01  -3.27644e-03  -3.75880e-03  9.89206e-01  1.00048e+00
2.98451e+01  9.96437e-01  -2.39020e-03  -2.52973e-03  9.92550e-01  1.00014e+00
2.99498e+01  9.99086e-01  -1.48266e-03  -1.28220e-03  9.95953e-01  9.99800e-01
3.00546e+01  1.00172e+00  -5.63922e-04  -2.99238e-05  9.99376e-01  9.99466e-01
3.01593e+01  1.00431e+00  3.55642e-04  1.21317e-03  1.00278e+00  9.99142e-01
3.02640e+01  1.00683e+00  1.26547e-03  2.43313e-03  1.00613e+00  9.98832e-01
3.03687e+01  1.00924e+00  2.15498e-03  3.61616e-03  1.00939e+00  9.98539e-01
3.04734e+01  1.01153e+00  3.01369e-03  4.74879e-03  1.01251e+00  9.98265e-01
3.05782e+01  1.01367e+00  3.83140e-03  5.81805e-03  1.01547e+00  9.98013e-01
3.06829e+01  1.01563e+00  4.59835e-03  6.81170e-03  1.01822e+00  9.97787e-01
3.07876e+01  1.01739e+00  5.30537e-03  7.71839e-03  1.02074e+00  9.97587e-01
3.08923e+01  1.01893e+00  5.94404e-03  8.52784e-03  1.02300e+00  9.97416e-01
3.09970e+01  1.02025e+00  6.50686e-03  9.23101e-03  1.02497e+00  9.97276e-01
3.11018e+01  1.02131e+00  6.98737e-03  9.82025e-03  1.02663e+00  9.97167e-01
3.12065e+01  1.02213e+00  7.38024e-03  1.02894e-02  1.02796e+00  9.97091e-01
3.13112e+01  1.02268e+00  7.68141e-03  1.06341e-02  1.02895e+00  9.97047e-01
3.14159e+01  1.02296e+00  7.88812e-03  1.08513e-02  1.02959e+00  9.97037e-01
3.15206e+01  1.02298e+00  7.99897e-03  1.09399e-02  1.02988e+00  9.97059e-01
3.16254e+01  1.02274e+00  8.01391e-03  1.09007e-02  1.02982e+00  9.97113e-01
3.17301e+01  1.02224e+00  7.93422e-03  1.07358e-02  1.02941e+00  9.97198e-01
3.18348e+01  1.02150e+00  7.76248e-03  1.04491e-02  1.02866e+00  9.97313e-01
3.19395e+01  1.02052e+00  7.50246e-03  1.00461e-02  1.02759e+00  9.97456e-01
3.20442e+01  1.01933e+00  7.15907e-03  9.53351e-03  1.02623e+00  9.97626e-01
3.21490e+01  1.01793e+00  6.73820e-03  8.91953e-03  1.02458e+00  9.97819e-01
3.22537e+01  1.01636e+00  6.24661e-03  8.21331e-03  1.02267e+00  9.98033e-01
3.23584e+01  1.01463e+00  5.69177e-03  7.42496e-03  1.02054e+00  9.98267e-01
3.24631e+01  1.01276e+00  5.08174e-03  6.56534e-03  1.01821e+00  9.98516e-01
3.25678e+01  1.01077e+00  4.42500e-03  5.64590e-03  1.01572e+00  9.98779e-01
3.26726e+01  1.00870e+00  3.73033e-03  4.67845e-03  1.01309e+00  9.99052e-01
3.27773e+01  1.00657e+00  3.00665e-03  3.67505e-03  1.01036e+00  9.99332e-01
3.28820e+01  1.00439e+00  2.26289e-03  2.64778e-03  1.00756e+00  9.99615e-01
3.29867e+01  1.00221e+00  1.50789e-03  1.60864e-03  1.00473e+00  9.99899e-01
3.30914e+01  1.00003e+00  7.50287e-04  5.69371e-04  1.00189e+00  1.00018e+00
3.31962e+01  9.97889e-01  -1.57330e-06  -4.58628e-04  9.99081e-01  1.00046e+00
3.33009e+01  9.95804e-01  -7.39721e-04  -1.46445e-03  9.96331e-01  1.00072e+00
3.34056e+01  9.93796e-01  -1.45662e-03  -2.43774e-03  9.93668e-01  1.00098e+00
3.35103e+01  9.91886e-01  -2.14521e-03  -3.36881e-03  9.91117e-01  1.00122e+00
3.36150e+01  9.90092e-01  -2.79899e-03  -4.24867e-03  9.88704e-01  1.00145e+00
3.37198e+01  9.88432e-01  -3.41197e-03  -5.06912e-03  9.86450e-01  1.00166e+00
3.38245e+01  9.86919e-01  -3.97877e-03  -5.82275e-03  9.84376e-01  1.00184e+00
3.39292e+01  9.85569e-01  -4.49459e-03  -6.50299e-03  9.82499e-01  1.00201e+00
3.40339e+01  9.84391e-01  -4.95523e-03  -7.10416e-03  9.80836e-01  1.00215e+00
3.41386e+01  9.83396e-01  -5.35711e-03  -7.62144e-03  9.79400e-01  1.00226e+00
3.42434e+01  9.82591e-01  -5.69724e-03  -8.05090e-03  9.78201e-01  1.00235e+00
3.43481e+01  9.81982e-01  -5.97322e-03  -8.38953e-03  9.77248e-01  1.00242e+00
3.44528e+01  9.81572e-01  -6.18329e-03  -8.63518e-03  9.76546e-01  1.00245e+00
3.45575e+01  9.81363e-01  -6.32625e-03  -8.78661e-03  9.76101e-01  1.00246e+00
3.46622e+01  9.81355e-01  -6.40150e-03  -8.84346e-03  9.75912e-01  1.00244e+00
3.47670e+01  9.81546e-01  -6.40905e-03  -8.80626e-03  9.75978e-01  1.00240e+00
3.48717e+01  9.81931e-01  -6.34946e-03  -8.67635e-03  9.76298e-01  1.00233e+00
3.49764e+01  9.82505e-01  -6.22391e-03  -8.45598e-03  9.76864e-01  1.00223e+00
3.50811e+01  9.83259e-01  -6.03411e-03  -8.14816e-03  9.77670e-01  1.00211e+00
3.51858e+01  9.84185e-01  -5.78238e-03  -7.75676e-03  9.78704e-01  1.00197e+00
3.52906e+01  9.85271e-01  -5.47158e-03  -7.28637e-03  9.79956e-01  1.00181e+00
3.53953e+01  9.86505e-01  -5.10513e-03  -6.74236e-03  9.81410e-01  1.00164e+00
3.55000e+01  9.87873e-01  -4.68696e-03  -6.13080e-03  9.83051e-01  1.00144e+00
3.56047e+01  9.89359e-01  -4.22154e-03  -5.45841e-03  9.84862e-01  1.00124e+00
3.57094e+01  9.90947e-01  -3.71384e-03  -4.73254e-03  9.86821e-01  1.00102e+00
3.58142e+01  9.92619e-01  -3.16926e-03  -3.96109e-03  9.88909e-01  1.00079e+00
3.59189e+01  9.94356e-01  -2.59366e-03  -3.15245e-03  9.91101e-01  1.00056e+00
3.60236e+01  9.96141e-01  -1.99325e-03  -2.31543e-03  9.93376e-01  1.00032e+00
3.61283e+01  9.97952e-01  -1.37457e-03  -1.45918e-03  9.95707e-01  1.00008e+00
3.62330e+01  9.99770e-01  -7.44428e-04  -5.93095e-04  9.98069e-01  9.99849e-01
3.63378e+01  1.00158e+00  -1.09834e-04  2.73266e-04  1.00044e+00  9.99617e-01
3.64425e+01  1.00335e+00  5.22100e-04  1.13031e-03  1.00278e+00  9.99392e-01
3.65472e+01  1.00507e+00  1.14423e-03  1.96851e-03  1.00508e+00  9.99176e-01
3.66519e+01  1.00672e+00  1.74945e-03  2.77851e-03  1.00731e+00  9.98971e-01
3.67566e+01  1.00828e+00  2.33085e-03  3.55126e-03  1.00943e+00  9.98780e-01
3.68614e+01  1.00973e+00  2.88172e-03  4.27810e-03  1.01144e+00  9.98604e-01
3.69661e+01  1.01106e+00  3.39572e-03  4.95093e-03  1.01330e+00  9.98445e-01
3.70708e+01  1.01226e+00  3.86696e-03  5.56230e-03  1.01499e+00  9.98305e-01
3.71755e+01  1.01331e+00  4.29005e-03  6.10547e-03  1.01650e+00  9.98185e-01
3.72802e+01  1.01420e+00  4.66025e-03  6.57458e-03  1.01781e+00  9.98086e-01
3.73850e+01  1.01491e+00  4.97348e-03  6.96469e-03  1.01890e+00  9.98009e-01
3.74897e+01  1.01546e+00  5.22643e-03  7.27188e-03  1.01977e+00  9.97955e-01
3.75944e+01  1.01582e+00  5.41657e-03  7.49325e-03  1.02040e+00  9.97923e-01
3.76991e+01  1.01601e+00  5.54222e-03  7.62702e-03  1.02080e+00  9.97915e-01
3.78038e+01  1.01601e+00  5.60256e-03  7.67252e-03  1.02095e+00  9.97930e-01
3.79086e+01  1.01583e+00  5.59762e-03  7.63019e-03  1.02086e+00  9.97967e-01
3.80133e+01  1.01548e+00  5.52829e-03  7.50155e-03  1.02053e+00  9.98027e-01
3.81180e+01  1.01495e+00  5.39626e-03  7.28919e-03  1.01997e+00  9.98107e-01
3.82227e+01  1.01427e+00  5.20401e-03  6.99669e-03  1.01920e+00  9.98207e-01
3.83274e+01  1.01343e+00  4.95474e-03  6.62857e-03  1.01821e+00  9.98326e-01
3.84322e+01  1.01245e+00  4.65232e-03  6.19019e-03  1.01703e+00  9.98462e-01
3.85369e+01  1.01135e+00  4.30118e-03  5.68768e-03  1.01568e+00  9.98613e-01
3.86416e+01  1.01013e+00  3.90628e-03  5.12781e-03  1.01416e+00  9.98778e-01
3.87463e+01  1.00882e+00  3.47296e-03  4.51790e-03  1.01251e+00  9.98955e-01
3.88510e+01  1.00743e+00  3.00693e-03  3.86571e-03  1.01074e+00  9.99141e-01
3.89557e+01  1.00597e+00  2.51412e-03  3.17930e-03  1.00887e+00  9.99335e-01
3.90605e+01  1.00446e+00  2.00060e-03  2.46697e-03  1.00693e+00  9.99534e-01
3.91652e+01  1.00293e+00  1.47253e-03  1.73710e-03  1.00495e+00  9.99735e-01
3.92699e+01  1.00138e+00  9.36057e-04  9.98085e-04  1.00293e+00  9.99938e-01
3.93746e+01  9.99842e-01  3.97256e-04  2.58220e-04  1.00091e+00  1.00014e+00
3.94793e+01  9.98322e-01  -1.37951e-04  -4.74393e-04  9.98913e-01  1.00034e+00
3.95841e+01  9.96839e-01  -6.63844e-04  -1.19192e-03  9.96952e-01  1.00053e+00
3.96888e+01  9.95409e-01  -1.17496e-03  -1.88686e-03  9.95051e-01  1.00071e+00
3.97935e+01  9.94048e-01  -1.66613e-03  -2.55214e-03  9.93230e-01  1.00089e+00
3.98982e+01  9.92767e-01  -2.13254e-03  -3.18113e-03  9.91505e-01  1.00105e+00
4.00029e+01  9.91580e-01  -2.56973e-03  -3.76775e-03  9.89895e-01  1.00120e+00
4.01077e+01  9.90498e-01  -2.97363e-03  -4.30644e-03  9.88413e-01  1.00133e+00
4.02124e+01  9.89532e-01  -3.34062e-03  -4.79226e-03  9.87075e-01  1.00145e+00
4.03171e+01  9.88689e-01  -3.66748e-03  -5.22087e-03  9.85891e-01  1.00155e+00
4.04218e+01  9.87977e-01  -3.95145e-03  -5.58859e-03  9.84871e-01  1.00164e+00
4.05265e+01  9.87402e-01  -4.19022e-03  -5.89240e-03  9.84025e-01  1.00170e+00
4.06313e+01  9.86968e-01  -4.38195e-03  -6.12994e-03  9.83358e-01  1.00175e+00
4.07360e+01  9.86678e-01  -4.52526e-03  -6.29952e-03  9.82876e-01  1.00177e+00
4.08407e+01  9.86535e-01  -4.61924e-03  -6.40016e-03  9.82580e-01  1.00178e+00
4.09454e+01  9.86537e-01  -4.66343e-03  -6.43153e-03  9.82474e-01  1.00177e+00
4.10501e+01  9.86684e-01  -4.65785e-03  -6.39399e-03  9.82554e-01  1.00174e+00
4.11549e+01  9.86972e-01  -4.60299e-03  -6.28855e-03  9.82820e-01  1.00169e+00
4.12596e+01  9.87397e-01  -4.49977e-03  -6.11688e-03  9.83266e-01  1.00162e+00
4.13643e+01  9.87954e-01  -4.34958e-03  -5.88128e-03  9.83888e-01  1.00153e+00
4.14690e+01  9.88636e-01  -4.15425e-03  -5.58467e-03  9.84676e-01  1.00143e+00
4.15737e+01  9.89434e-01  -3.91603e-03  -5.23056e-03  9.85623e-01  1.00131e+00
4.16785e+01  9.90339e-01  -3.63760e-03  -4.82301e-03  9.86716e-01  1.00119e+00
4.17832e+01  9.91341e-01  -3.32200e-03  -4.36663e-03  9.87945e-01  1.00104e+00
4.18879e+01  9.92429e-01  -2.97270e-03  -3.86648e-03  9.89294e-01  1.00089e+00
4.19926e+01  9.93591e-01  -2.59349e-03  -3.32810e-03  9.90750e-01  1.00073e+00
4.20973e+01  9.94813e-01  -2.18848e-03  -2.75741e-03  9.92297e-01  1.00057e+00
4.22021e+01  9.96082e-01  -1.76208e-03  -2.16068e-03  9.93917e-01  1.00040e+00
4.23068e+01  9.97384e-01  -1.31894e-03  -1.54446e-03  9.95592e-01  1.00023e+00
4.24115e+01  9.98704e-01  -8.63921e-04  -9.15512e-04  9.97305e-01  1.00005e+00
4.25162e+01  1.00003e+00  -4.02040e-04  -2.80758e-04  9.99036e-01  9.99879e-01
4.26209e+01  1.00134e+00  6.15832e-05  3.52809e-04  1.00077e+00  9.99709e-01
4.27257e+01  1.00263e+00  5.21784e-04  9.78196e-04  1.00248e+00  9.99544e-01
4.28304e+01  1.00388e+00  9.73408e-04  1.58849e-03  1.00415e+00  9.99385e-01
4.29351e+01  1.00508e+00  1.41138e-03  2.17694e-03  1.00577e+00  9.99234e-01
4.30398e+01  1.00621e+00  1.83076e-03  2.73704e-03  1.00730e+00  9.99094e-01
4.31445e+01  1.00727e+00  2.22683e-03  3.26261e-03  1.00875e+00  9.98964e-01
4.32493e+01  1.00823e+00  2.59511e-03  3.74788e-03  1.01009e+00  9.98847e-01
4.33540e+01  1.00910e+00  2.93149e-03  4.18753e-03  1.01131e+00  9.98744e-01
4.34587e+01  1.00986e+00  3.23222e-03  4.57683e-03  1.01239e+00  9.98655e-01
4.35634e+01  1.01050e+00  3.49399e-03  4.91163e-03  1.01332e+00  9.98582e-01
4.36681e+01  1.01102e+00  3.71401e-03  5.18847e-03  1.01409e+00  9.98526e-01
4.37729e+01  1.01141e+00  3.88998e-03  5.40458e-03  1.01470e+00  9.98485e-01
4.38776e+01  1.01167e+00  4.02019e-03  5.55796e-03  1.01514e+00  9.98462e-01
4.39823e+01  1.01180e+00  4.10350e-03  5.64736e-03  1.01540e+00  9.98456e-01
4.40870e+01  1.01179e+00  4.13936e-03  5.67232e-03  1.01548e+00  9.98467e-01
4.41917e+01  1.01165e+00  4.12782e-03  5.63318e-03  1.01539e+00  9.98495e-01
4.42965e+01  1.01139e+00  4.06952e-03  5.53102e-03  1.01513e+00  9.98539e-01
4.44012e+01  1.01100e+00  3.96566e-03  5.36768e-03  1.01470e+00  9.98598e-01
4.45059e+01  1.01049e+00  3.81802e-03  5.14572e-03  1.01411e+00  9.98672e-01
4.46106e+01  1.00987e+00  3.62884e-03  4.86836e-03  1.01337e+00  9.98760e-01
4.47153e+01  1.00915e+00  3.40087e-03  4.53943e-03  1.01248e+00  9.98861e-01
4.48201e+01  1.00833e+00  3.13726e-03  4.16332e-03  1.01146e+00  9.98974e-01
4.49248e+01  1.00743e+00  2.84155e-03  3.74489e-03  1.01033e+00  9.99097e-01
4.50295e+01  1.00646e+00  2.51757e-03  3.28943e-03  1.00910e+00  9.99228e-01
4.51342e+01  1.00543e+00  2.16942e-03  2.80256e-03  1.00777e+00  9.99367e-01
4.52389e+01  1.00434e+00  1.80139e-03  2.29016e-03  1.00638e+00  9.99511e-01
4.53437e+01  1.00323e+00  1.41792e-03  1.75830e-03  1.00493e+00  9.99660e-01
4.54484e+01  1.00208e+00  1.02351e-03  1.21313e-03  1.00345e+00  9.99810e-01
4.55531e+01  1.00093e+00  6.22686e-04  6.60880e-04  1.00194e+00  9.99962e-01
4.56578e+01  9.99783e-01  2.19961e-04  1.07700e-04  1.00044e+00  1.00011e+00
4.57625e+01  9.98648e-01  -1.80246e-04  -4.40349e-04  9.98939e-01  1.00026e+00
4.58673e+01  9.97540e-01  -5.73637e-04  -9.77377e-04  9.97472e-01  1.00040e+00
4.59720e+01  9.96471e-01  -9.56078e-04  -1.49772e-03  9.96048e-01  1.00054e+00
4.60767e+01  9.95451e-01  -1.32364e-03  -1.99600e-03  9.94684e-01  1.00067e+00
4.61814e+01  9.94492e-01  -1.67263e-03  -2.46717e-03  9.93393e-01  1.00079e+00
4.62861e+01  9.93602e-01  -1.99961e-03  -2.90653e-03  9.92187e-01  1.00091e+00
4.63909e+01  9.92790e-01  -2.30146e-03  -3.30983e-03  9.91079e-01  1.00101e+00
4.64956e+01  9.92065e-01  -2.57532e-03  -3.67321e-03  9.90078e-01  1.00110e+00
4.66003e+01  9.91432e-01  -2.81871e-03  -3.99332e-03  9.89195e-01  1.00117e+00
4.67050e+01  9.90897e-01  -3.02946e-03  -4.26727e-03  9.88436e-01  1.00124e+00
4.68097e+01  9.90466e-01  -3.20575e-03  -4.49268e-03  9.87809e-01  1.00129e+00
4.69145e+01  9.90142e-01  -3.34613e-03  -4.66770e-03  9.87318e-01  1.00132e+00
4.70192e+01  9.89927e-01  -3.44952e-03  -4.79100e-03  9.86968e-01  1.00134e+00
4.71239e+01  9.89822e-01  -3.51521e-03  -4.86177e-03  9.86761e-01  1.00135e+00
4.72286e+01  9.89828e-01  -3.54285e-03  -4.87975e-03  9.86698e-01  1.00134e+00
4.73333e+01  9.89944e-01  -3.53246e-03  -4.84520e-03  9.86777e-01  1.00131e+00
4.74380e+01  9.90166e-01  -3.48444e-03  -4.75890e-03  9.86998e-01  1.00127e+00
4.75428e+01  9.90493e-01  -3.39955e-03  -4.62216e-03  9.87356e-01  1.00122e+00
4.76475e+01  9.90920e-01  -3.27891e-03  -4.43675e-03  9.87848e-01  1.00116e+00
4.77522e+01  9.91442e-01  -3.12397e-03  -4.20497e-03  9.88466e-01  1.00108e+00
4.78569e+01  9.92053e-01  -2.93653e-03  -3.92955e-03  9.89204e-01  1.00099e+00
4.79616e+01  9.92744e-01  -2.71872e-03  -3.61366e-03  9.90054e-01  1.00089e+00
4.80664e+01  9.93510e-01  -2.47296e-03  -3.26087e-03  9.91005e-01  1.00079e+00
4.81711e+01  9.94340e-01  -2.20196e-03  -2.87514e-03  9.92048e-01  1.00067e+00
4.82758e+01  9.95225e-01  -1.90870e-03  -2.46076e-03  9.93170e-01  1.00055e+00
4.83805e+01  9.96157e-01  -1.59640e-03  -2.02230e-03  9.94359e-01  1.00043e+00
4.84852e+01  9.97124e-01  -1.26846e-03  -1.56461e-03  9.95602e-01  1.00030e+00
4.85900e+01  9.98115e-01  -9.28492e-04  -1.09273e-03  9.96886e-01  1.00016e+00
4.86947e+01  9.99120e-01  -5.80231e-04  -6.11847e-04  9.98196e-01  1.00003e+00
4.87994e+01  1.00013e+00  -2.27517e-04  -1.27253e-04  9.99518e-01  9.99900e-01
4.89041e+01  1.00113e+00  1.25750e-04  3.55717e-04  1.00084e+00  9.99770e-01
4.90088e+01  1.00211e+00  4.75652e-04  8.31747e-04  1.00214e+00  9.99644e-01
4.91136e+01  1.00306e+00  8.18298e-04  1.29560e-03  1.00341e+00  9.99523e-01
4.92183e+01  1.00397e+00  1.14987e-03  1.74216e-03  1.00463e+00  9.99408e-01
4.93230e+01  1.00483e+00  1.46667e-03  2.16654e-03  1.00580e+00  9.99300e-01
4.94277e+01  1.00563e+00  1.76518e-03  2.56409e-03  1.00689e+00  9.99201e-01
4.95324e+01  1.00636e+00  2.04207e-03  2.93047e-03  1.00790e+00  9.99112e-01
4.96372e+01  1.00702e+00  2.29429e-03  3.26172e-03  1.00882e+00  9.99033e-01
4.97419e+01  1.00759e+00  2.51906e-03  3.55429e-03  1.00963e+00  9.98965e-01
4.98466e+01  1.00808e+00  2.71397e-03  3.80511e-03  1.01032e+00  9.98909e-01
4.99513e+01  1.00847e+00  2.87694e-03  4.01158e-03  1.01090e+00  9.98865e-01
5.00560e+01  1.00876e+00  3.00631e-03  4.17166e-03  1.01135e+00  9.98835e-01
5.01608e+01  1.00896e+00  3.10081e-03  4.28385e-03  1.01167e+00  9.98817e-01
5.02655e+01  1.00905e+00  3.15962e-03  4.34724e-03  1.01185e+00  9.98812e-01
5.03702e+01  1.00905e+00  3.18234e-03  4.36149e-03  1.01191e+00  9.98821e-01
5.04749e+01  1.00894e+00  3.16903e-03  4.32685e-03  1.01182e+00  9.98842e-01
5.05796e+01  1.00873e+00  3.12017e-03  4.24414e-03  1.01161e+00  9.98876e-01
5.06844e+01  1.00843e+00  3.03666e-03  4.11474e-03  1.01127e+00  9.98922e-01
5.07891e+01  1.00804e+00  2.91982e-03  3.94056e-03  1.01080e+00  9.98979e-01
5.08938e+01  1.00756e+00  2.77134e-03  3.72403e-03  1.01022e+00  9.99047e-01
5.09985e+01  1.00701e+00  2.59327e-03  3.46801e-03  1.00953e+00  9.99125e-01
5.11032e+01  1.00638e+00  2.38798e-03  3.17582e-03  1.00874e+00  9.99212e-01
5.12080e+01  1.00568e+00  2.15811e-03  2.85114e-03  1.00786e+00  9.99307e-01
5.13127e+01  1.00493e+00  1.90657e-03  2.49796e-03  1.00690e+00  9.99409e-01
5.14174e+01  1.00414e+00  1.63646e-03  2.12056e-03  1.00588e+00  9.99516e-01
5.15221e+01  1.00330e+00  1.35102e-03  1.72341e-03  1.00480e+00  9.99628e-01
5.16268e+01  1.00244e+00  1.05364e-03  1.31114e-03  1.00368e+00  9.99742e-01
5.17316e+01  1.00156e+00  7.47766e-04  8.88508e-04  1.00252e+00  9.99859e-01
5.18363e+01  1.00066e+00  4.36884e-04  4.60270e-04  1.00136e+00  9.99977e-01
5.19410e+01  9.99774e-01  1.24466e-04  3.11963e-05  1.00019e+00  1.00009e+00
5.20457e+01  9.98895e-01  -1.86059e-04  -3.94016e-04  9.99026e-01  1.00021e+00
5.21504e+01  9.98035e-01  -4.91343e-04  -8.10782e-04  9.97887e-01  1.00032e+00
5.22552e+01  9.97205e-01  -7.88156e-04  -1.21468e-03  9.96782e-01  1.00043e+00
5.23599e+01  9.96413e-01  -1.07341e-03  -1.60149e-03  9.95724e-01  1.00053e+00
5.24646e+01  9.95668e-01  -1.34420e-03  -1.96724e-03  9.94721e-01  1.00062e+00
5.25693e+01  9.94976e-01  -1.59781e-03  -2.30823e-03  9.93786e-01  1.00071e+00
5.26740e+01  9.94344e-01  -1.83174e-03  -2.62109e-03  9.92926e-01  1.00079e+00
5.27788e+01  9.93779e-01  -2.04374e-03  -2.90275e-03  9.92151e-01  1.00086e+00
5.28835e+01  9.93287e-01  -2.23181e-03  -3.15054e-03  9.91467e-01  1.00092e+00
5.29882e+01  9.92871e-01  -2.39422e-03  -3.36216e-03  9.90881e-01  1.00097e+00
5.30929e+01  9.92536e-01  -2.52952e-03  -3.53570e-03  9.90399e-01  1.00101e+00
5.31976e+01  9.92284e-01  -2.63654e-03  -3.66968e-03  9.90024e-01  1.00103e+00
5.33024e+01  9.92118e-01  -2.71442e-03  -3.76301e-03  9.89760e-01  1.00105e+00
5.34071e+01  9.92038e-01  -2.76257e-03  -3.81504e-03  9.89607e-01  1.00105e+00
5.35118e+01  9.92045e-01  -2.78074e-03  -3.82557e-03  9.89568e-01  1.00104e+00
5.36165e+01  9.92138e-01  -2.76895e-03  -3.79478e-03  9.89641e-01  1.00103e+00
5.37212e+01  9.92315e-01  -2.72753e-03  -3.72330e-03  9.89826e-01  1.00100e+00
5.38260e+01  9.92574e-01  -2.65709e-03  -3.61216e-03  9.90119e-01  1.00096e+00
5.39307e+01  9.92911e-01  -2.55855e-03  -3.46281e-03  9.90516e-01  1.00090e+00
5.40354e+01  9.93323e-01  -2.43310e-03  -3.27704e-03  9.91013e-01  1.00084e+00
5.41401e+01  9.93804e-01  -2.28219e-03  -3.05707e-03  9.91604e-01  1.00077e+00
5.42448e+01  9.94350e-01  -2.10754e-03  -2.80541e-03  9.92282e-01  1.00070e+00
5.43496e+01  9.94953e-01  -1.91111e-03  -2.52492e-03  9.93039e-01  1.00061e+00
5.44543e+01  9.95607e-01  -1.69508e-03  -2.21875e-03  9.93867e-01  1.00052e+00
5.45590e+01  9.96304e-01  -1.46183e-03  -1.89031e-03  9.94758e-01  1.00043e+00
5.46637e+01  9.97037e-01  -1.21393e-03  -1.54325e-03  9.95700e-01  1.00033e+00
5.47684e+01  9.97798e-01  -9.54110e-04  -1.18141e-03  9.96683e-01  1.00023e+00
5.48732e+01  9.98579e-01  -6.85225e-04  -8.08766e-04  9.97697e-01  1.00012e+00
5.49779e+01  9.99369e-01  -4.10234e-04  -4.29433e-04  9.98731e-01  1.00002e+00
5.50826e+01  1.00016e+00  -1.32169e-04  -4.75830e-05  9.99773e-01  9.99915e-01
5.51873e+01  1.00095e+00  1.45901e-04  3.32586e-04  1.00081e+00  9.99813e-01
5.52920e+01  1.00172e+00  4.20902e-04  7.06896e-04  1.00183e+00  9.99714e-01
5.53968e+01  1.00247e+00  6.89791e-04  1.07124e-03  1.00283e+00  9.99619e-01
5.55015e+01  1.00318e+00  9.49591e-04  1.42162e-03  1.00379e+00  9.99528e-01
5.56062e+01  1.00386e+00  1.19743e-03  1.75422e-03  1.00471e+00  9.99443e-01
5.57109e+01  1.00449e+00  1.43056e-03  2.06539e-03  1.00556e+00  9.99365e-01
5.58156e+01  1.00506e+00  1.64642e-03  2.35178e-03  1.00635e+00  9.99295e-01
5.59203e+01  1.00558e+00  1.84265e-03  2.61030e-03  1.00706e+00  9.99232e-01
5.60251e+01  1.00603e+00  2.01711e-03  2.83819e-03  1.00769e+00  9.99179e-01
5.61298e+01  1.00641e+00  2.16793e-03  3.03306e-03  1.00823e+00  9.99135e-01
5.62345e+01  1.00671e+00  2.29353e-03  3.19291e-03  1.00868e+00  9.99101e-01
5.63392e+01  1.00695e+00  2.39262e-03  3.31615e-03  1.00902e+00  9.99076e-01
5.64439e+01  1.00710e+00  2.46425e-03  3.40164e-03  1.00927e+00  9.99063e-01
5.65487e+01  1.00717e+00  2.50778e-03  3.44864e-03  1.00941e+00  9.99059e-01
5.66534e+01  1.00716e+00  2.52291e-03  3.45692e-03  1.00944e+00  9.99066e-01
5.67581e+01  1.00708e+00  2.50969e-03  3.42666e-03  1.00936e+00  9.99083e-01
5.68628e+01  1.00691e+00  2.46850e-03  3.35851e-03  1.00919e+00  9.99110e-01
5.69675e+01  1.00667e+00  2.40004e-03  3.25353e-03  1.00891e+00  9.99147e-01
5.70723e+01  1.00636e+00  2.30533e-03  3.11321e-03  1.00853e+00  9.99192e-01
5.71770e+01  1.00598e+00  2.18569e-03  2.93945e-03  1.00806e+00  9.99246e-01
5.72817e+01  1.00554e+00  2.04272e-03  2.73449e-03  1.00751e+00  9.99308e-01
5.73864e+01  1.00504e+00  1.87826e-03  2.50090e-03  1.00688e+00  9.99377e-01
5.74911e+01  1.00449e+00  1.69437e-03  2.24158e-03  1.00618e+00  9.99453e-01
5.75959e+01  1.00389e+00  1.49332e-03  1.95966e-03  1.00541e+00  9.99534e-01
5.77006e+01  1.00326e+00  1.27755e-03  1.65850e-03  1.00459e+00  9.99619e-01
5.78053e+01  1.00260e+00  1.04962e-03  1.34162e-03  1.00373e+00  9.99708e-01
5.79100e+01  1.00191e+00  8.12187e-04  1.01269e-03  1.00284e+00  9.99799e-01
5.80147e+01  1.00121e+00  5.67979e-04  6.75466e-04  1.00192e+00  9.99893e-01
5.81195e+01  1.00049e+00  3.19762e-04  3.33729e-04  1.00099e+00  9.99986e-01
5.82242e+01  9.99785e-01  7.02984e-05  -8.72522e-06  1.00005e+00  1.00008e+00
5.83289e+01  9.99083e-01  -1.77674e-04  -3.48148e-04  9.99126e-01  1.00017e+00
5.84336e+01  9.98397e-01  -4.21477e-04  -6.80871e-04  9.98217e-01  1.00026e+00
5.85383e+01  9.97734e-01  -6.58516e-04  -1.00335e-03  9.97335e-01  1.00034e+00
5.86431e+01  9.97101e-01  -8.86305e-04  -1.31219e-03  9.96489e-01  1.00043e+00
5.87478e+01  9.96504e-01  -1.10250e-03  -1.60418e-03  9.95689e-01  1.00050e+00
5.88525e+01  9.95950e-01  -1.30489e-03  -1.87635e-03  9.94942e-01  1.00057e+00
5.89572e+01  9.95445e-01  -1.49146e-03  -2.12594e-03  9.94257e-01  1.00063e+00
5.90619e+01  9.94993e-01  -1.66038e-03  -2.35050e-03  9.93639e-01  1.00069e+00
5.91667e+01  9.94599e-01  -1.81002e-03  -2.54783e-03  9.93094e-01  1.00074e+00
5.92714e+01  9.94266e-01  -1.93896e-03  -2.71606e-03  9.92629e-01  1.00078e+00
5.93761e+01  9.93998e-01  -2.04602e-03  -2.85363e-03  9.92247e-01  1.00081e+00
5.94808e+01  9.93796e-01  -2.13024e-03  -2.95933e-03  9.91951e-01  1.00083e+00
5.95855e+01  9.93664e-01  -2.19092e-03  -3.03227e-03  9.91745e-01  1.00084e+00
5.96903e+01  9.93601e-01  -2.22759e-03  -3.07192e-03  9.91629e-01  1.00084e+00
5.97950e+01  9.93607e-01  -2.24003e-03  -3.07810e-03  9.91604e-01  1.00084e+00
5.98997e+01  9.93683e-01  -2.22827e-03  -3.05096e-03  9.91670e-01  1.00082e+00
6.00044e+01  9.93827e-01  -2.19258e-03  -2.99101e-03  9.91825e-01  1.00080e+00
6.01091e+01  9.94037e-01  -2.13348e-03  -2.89909e-03  9.92068e-01  1.00077e+00
6.02139e+01  9.94310e-01  -2.05172e-03  -2.77637e-03  9.92396e-01  1.00072e+00
6.03186e+01  9.94643e-01  -1.94828e-03  -2.62434e-03  9.92803e-01  1.00068e+00
6.04233e+01  9.95033e-01  -1.82437e-03  -2.44477e-03  9.93286e-01  1.00062e+00
6.05280e+01  9.95473e-01  -1.68139e-03  -2.23974e-03  9.93839e-01  1.00056e+00
6.06327e+01  9.95961e-01  -1.52095e-03  -2.01157e-03  9.94456e-01  1.00049e+00
6.07375e+01  9.96489e-01  -1.34485e-03  -1.76282e-03  9.95130e-01  1.00042e+00
6.08422e+01  9.97053e-01  -1.15502e-03  -1.49627e-03  9.95852e-01  1.00034e+00
6.09469e+01  9.97645e-01  -9.53564e-04  -1.21489e-03  9.96617e-01  1.00026e+00
6.10516e+01  9.98260e-01  -7.42709e-04  -9.21777e-04  9.97414e-01  1.00018e+00
6.11563e+01  9.98890e-01  -5.24772e-04  -6.20176e-04  9.98235e-01  1.00010e+00
6.12611e+01  9.99528e-01  -3.02154e-04  -3.13408e-04  9.99071e-01  1.00001e+00
6.13658e+01  1.00017e+00  -7.73075e-05  -4.84810e-06  9.99913e-01  9.99928e-01
6.14705e+01  1.00080e+00  1.47289e-04  3.02114e-04  1.00075e+00  9.99845e-01
6.15752e+01  1.00142e+00  3.69159e-04  6.04109e-04  1.00158e+00  9.99765e-01
6.16799e+01  1.00203e+00  5.85856e-04  8.97830e-04  1.00238e+00  9.99688e-01
6.17847e+01  1.00261e+00  7.94990e-04  1.18007e-03  1.00316e+00  9.99615e-01
6.18894e+01  1.00315e+00  9.94257e-04  1.44774e-03  1.00389e+00  9.99547e-01
6.19941e+01  1.00366e+00  1.18147e-03  1.69794e-03  1.00458e+00  9.99484e-01
6.20988e+01  1.00412e+00  1.35457e-03  1.92796e-03  1.00521e+00  9.99427e-01
6.22035e+01  1.00454e+00  1.51169e-03  2.13534e-03  1.00578e+00  9.99376e-01
6.23083e+01  1.00490e+00  1.65112e-03  2.31787e-03  1.00629e+00  9.99333e-01
6.24130e+01  1.00521e+00  1.77137e-03  2.47364e-03  1.00672e+00  9.99298e-01
6.25177e+01  1.00546e+00  1.87118e-03  2.60105e-03  1.00707e+00  9.99270e-01
6.26224e+01  1.00564e+00  1.94955e-03  2.69883e-03  1.00735e+00  9.99251e-01
6.27271e+01  1.00576e+00  2.00570e-03  2.76606e-03  1.00754e+00  9.99240e-01
6.28319e+01  1.00582e+00  2.03913e-03  2.80216e-03  1.00764e+00  9.99237e-01
6.29366e+01  1.00581e+00  2.04961e-03  2.80695e-03  1.00766e+00  9.99243e-01
6.30413e+01  1.00574e+00  2.03719e-03  2.78056e-03  1.00760e+00  9.99257e-01
6.31460e+01  1.00561e+00  2.00216e-03  2.72352e-03  1.00745e+00  9.99279e-01
6.32507e+01  1.00541e+00  1.94509e-03  2.63668e-03  1.00722e+00  9.99308e-01
6.33555e+01  1.00516e+00  1.86680e-03  2.52124e-03  1.00691e+00  9.99346e-01
6.34602e+01  1.00485e+00  1.76835e-03  2.37870e-03  1.00653e+00  9.99390e-01
6.35649e+01  1.00449e+00  1.65100e-03  2.21088e-03  1.00607e+00  9.99440e-01
6.36696e+01  1.00409e+00  1.51624e-03  2.01984e-03  1.00556e+00  9.99496e-01
6.37743e+01  1.00364e+00  1.36573e-03  1.80792e-03  1.00498e+00  9.99558e-01
6.38791e+01  1.00315e+00  1.20130e-03  1.57764e-03  1.00436e+00  9.99624e-01
6.39838e+01  1.00264e+00  1.02491e-03  1.33170e-03  1.00369e+00  9.99693e-01
6.40885e+01  1.00210e+00  8.38625e-04  1.07297e-03  1.00298e+00  9.99766e-01
6.41932e+01  1.00153e+00  6.44602e-04  8.04421e-04  1.00225e+00  9.99840e-01
6.42979e+01  1.00096e+00  4.45054e-04  5.29086e-04  1.00150e+00  9.99916e-01
6.44026e+01  1.00038e+00  2.42229e-04  2.50054e-04  1.00074e+00  9.99992e-01
6.45074e+01  9.99802e-01  3.83800e-05  -2.95853e-05  9.99979e-01  1.00007e+00
6.46121e+01  9.99229e-01  -1.64258e-04  -3.06771e-04  9.99222e-01  1.00014e+00
6.47168e+01  9.98668e-01  -3.63492e-04  -5.78503e-04  9.98480e-01  1.00022e+00
6.48215e+01  9.98126e-01  -5.57193e-04  -8.41873e-04  9.97759e-01  1.00028e+00
6.49262e+01  9.97608e-01  -7.43318e-04  -1.09410e-03  9.97068e-01  1.00035e+00
6.50310e+01  9.97120e-01  -9.19930e-04  -1.33254e-03  9.96415e-01  1.00041e+00
6.51357e+01  9.96667e-01  -1.08522e-03  -1.55473e-03  9.95805e-01  1.00047e+00
6.52404e+01  9.96253e-01  -1.23750e-03  -1.75843e-03  9.95246e-01  1.00052e+00
6.53451e+01  9.95883e-01  -1.37527e-03  -1.94157e-03  9.94742e-01  1.00057e+00
6.54498e+01  9.95560e-01  -1.49717e-03  -2.10236e-03  9.94298e-01  1.00061e+00
6.55546e+01  9.95287e-01  -1.60202e-03  -2.23923e-03  9.93920e-01  1.00064e+00
6.56593e+01  9.95067e-01  -1.68884e-03  -2.35090e-03  9.93609e-01  1.00066e+00
6.57640e+01  9.94903e-01  -1.75685e-03  -2.43636e-03  9.93370e-01  1.00068e+00
6.58687e+01  9.94794e-01  -1.80544e-03  -2.49486e-03  9.93205e-01  1.00069e+00
6.59734e+01  9.94743e-01  -1.83423e-03  -2.52596e-03  9.93114e-01  1.00069e+00
6.60782e+01  9.94749e-01  -1.84304e-03  -2.52951e-03  9.93098e-01  1.00069e+00
6.61829e+01  9.94813e-01  -1.83190e-03  -2.50563e-03  9.93157e-01  1.00067e+00
6.62876e+01  9.94932e-01  -1.80104e-03  -2.45475e-03  9.93289e-01  1.00065e+00
6.63923e+01  9.95105e-01  -1.75089e-03  -2.37756e-03  9.93494e-01  1.00063e+00
6.64970e+01  9.95330e-01  -1.68208e-03  -2.27503e-03  9.93768e-01  1.00059e+00
6.66018e+01  9.95605e-01  -1.59544e-03  -2.14840e-03  9.94108e-01  1.00055e+00
6.67065e+01  9.95927e-01  -1.49196e-03  -1.99914e-03  9.94510e-01  1.00051e+00
6.68112e+01  9.96290e-01  -1.37284e-03  -1.82897e-03  9.94969e-01  1.00046e+00
6.69159e+01  9.96692e-01  -1.23940e-03  -1.63981e-03  9.95481e-01  1.00040e+00
6.70206e+01  9.97128e-01  -1.09314e-03  -1.43380e-03  9.96039e-01  1.00034e+00
6.71254e+01  9.97593e-01  -9.35685e-04  -1.21323e-03  9.96638e-01  1.00028e+00
6.72301e+01  9.98081e-01  -7.68771e-04  -9.80558e-04  9.97270e-01  1.00021e+00
6.73348e+01  9.98588e-01  -5.94243e-04  -7.38357e-04  9.97929e-01  1.00014e+00
6.74395e+01  9.99108e-01  -4.14024e-04  -4.89301e-04  9.98607e-01  1.00008e+00
6.75442e+01  9.99634e-01  -2.30098e-04  -2.36135e-04  9.99298e-01  1.00001e+00
6.76490e+01  1.00016e+00  -4.44926e-05  1.83578e-05  9.99992e-01  9.99937e-01
6.77537e+01  1.00069e+00  1.40751e-04  2.71382e-04  1.00068e+00  9.99869e-01
6.78584e+01  1.00120e+00  3.23592e-04  5.20165e-04  1.00136e+00  9.99803e-01
6.79631e+01  1.00170e+00  5.02019e-04  7.61984e-04  1.00203e+00  9.99740e-01
6.80678e+01  1.00217e+00  6.74071e-04  9.94199e-04  1.00266e+00  9.99680e-01
6.81726e+01  1.00262e+00  8.37859e-04  1.21428e-03  1.00327e+00  9.99624e-01
6.82773e+01  1.00304e+00  9.91590e-04  1.41985e-03  1.00383e+00  9.99572e-01
6.83820e+01  1.00342e+00  1.13359e-03  1.60868e-03  1.00435e+00  9.99525e-01
6.84867e+01  1.00376e+00  1.26231e-03  1.77876e-03  1.00482e+00  9.99484e-01
6.85914e+01  1.00406e+00  1.37637e-03  1.92827e-03  1.00523e+00  9.99448e-01
6.86962e+01  1.00432e+00  1.47456e-03  2.05565e-03  1.00559e+00  9.99419e-01
6.88009e+01  1.00452e+00  1.55585e-03  2.15958e-03  1.00588e+00  9.99396e-01
6.89056e+01  1.00467e+00  1.61941e-03  2.23904e-03  1.00610e+00  9.99380e-01
6.90103e+01  1.00477e+00  1.66463e-03  2.29327e-03  1.00625e+00  9.99371e-01
6.91150e+01  1.00482e+00  1.69108e-03  2.32180e-03  1.00633e+00  9.99369e-01
6.92198e+01  1.00482e+00  1.69859e-03  2.32446e-03  1.00635e+00  9.99374e-01
6.93245e+01  1.00476e+00  1.68719e-03  2.30139e-03  1.00629e+00  9.99386e-01
6.94292e+01  1.00465e+00  1.65713e-03  2.25300e-03  1.00616e+00  9.99404e-01
6.95339e+01  1.00448e+00  1.60887e-03  2.17999e-03  1.00597e+00  9.99429e-01
6.96386e+01  1.00427e+00  1.54309e-03  2.08335e-03  1.00571e+00  9.99460e-01
6.97434e+01  1.00402e+00  1.46063e-03  1.96431e-03  1.00539e+00  9.99496e-01
6.98481e+01  1.00372e+00  1.36257e-03  1.82435e-03  1.00501e+00  9.99538e-01
6.99528e+01  1.00338e+00  1.25010e-03  1.66520e-03  1.00458e+00  9.99585e-01
7.00575e+01  1.00301e+00  1.12460e-03  1.48874e-03  1.00410e+00  9.99636e-01
7.01622e+01  1.00261e+00  9.87566e-04  1.29707e-03  1.00358e+00  9.99690e-01
7.02670e+01  1.00218e+00  8.40617e-04  1.09243e-03  1.00303e+00  9.99748e-01
7.03717e+01  1.00173e+00  6.85461e-04  8.77165e-04  1.00244e+00  9.99808e-01
7.04764e+01  1.00126e+00  5.23880e-04  6.53743e-04  1.00183e+00  9.99870e-01
7.05811e+01  1.00079e+00  3.57708e-04  4.24682e-04  1.00121e+00  9.99933e-01
7.06858e+01  1.00030e+00  1.88808e-04  1.92539e-04  1.00057e+00  9.99996e-01
7.07906e+01  9.99821e-01  1.90541e-05  -4.01190e-05  9.99939e-01  1.00006e+00
7.08953e+01  9.99344e-01  -1.49694e-04  -2.70744e-04  9.99309e-01  1.00012e+00
7.10000e+01  9.98877e-01  -3.15607e-04  -4.96837e-04  9.98691e-01  1.00018e+00
7.11047e+01  9.98425e-01  -4.76906e-04  -7.15973e-04  9.98091e-01  1.00024e+00
7.12094e+01  9.97993e-01  -6.31882e-04  -9.25823e-04  9.97516e-01  1.00029e+00
7.13142e+01  9.97586e-01  -7.78913e-04  -1.12418e-03  9.96973e-01  1.00035e+00
7.14189e+01  9.97208e-01  -9.16475e-04  -1.30899e-03  9.96466e-01  1.00039e+00
7.15236e+01  9.96863e-01  -1.04316e-03  -1.47835e-03  9.96000e-01  1.00044e+00
7.16283e+01  9.96554e-01  -1.15770e-03  -1.63054e-03  9.95581e-01  1.00047e+00
7.17330e+01  9.96285e-01  -1.25894e-03  -1.76405e-03  9.95213e-01  1.00051e+00
7.18378e+01  9.96057e-01  -1.34591e-03  -1.87756e-03  9.94899e-01  1.00053e+00
7.19425e+01  9.95874e-01  -1.41776e-03  -1.96999e-03  9.94642e-01  1.00055e+00
7.20472e+01  9.95736e-01  -1.47383e-03  -2.04048e-03  9.94445e-01  1.00057e+00
7.21519e+01  9.95646e-01  -1.51362e-03  -2.08840e-03  9.94310e-01  1.00057e+00
7.22566e+01  9.95603e-01  -1.53681e-03  -2.11339e-03  9.94236e-01  1.00058e+00
7.23614e+01  9.95609e-01  -1.54324e-03  -2.11531e-03  9.94226e-01  1.00057e+00
7.24661e+01  9.95662e-01  -1.53293e-03  -2.09427e-03  9.94279e-01  1.00056e+00
7.25708e+01  9.95762e-01  -1.50609e-03  -2.05061e-03  9.94393e-01  1.00054e+00
7.26755e+01  9.95908e-01  -1.46308e-03  -1.98493e-03  9.94567e-01  1.00052e+00
7.27802e+01  9.96097e-01  -1.40444e-03  -1.89804e-03  9.94799e-01  1.00049e+00
7.28849e+01  9.96328e-01  -1.33086e-03  -1.79098e-03  9.95087e-01  1.00046e+00
7.29897e+01  9.96597e-01  -1.24320e-03  -1.66499e-03  9.95427e-01  1.00042e+00
7.30944e+01  9.96902e-01  -1.14246e-03  -1.52153e-03  9.95814e-01  1.00038e+00
7.31991e+01  9.97240e-01  -1.02976e-03  -1.36222e-03  9.96246e-01  1.00033e+00
7.33038e+01  9.97605e-01  -9.06371e-04  -1.18884e-03  9.96716e-01  1.00028e+00
7.34085e+01  9.97995e-01  -7.73662e-04  -1.00333e-03  9.97220e-01  1.00023e+00
7.35133e+01  9.98405e-01  -6.33102e-04  -8.07761e-04  9.97751e-01  1.00017e+00
7.36180e+01  9.98831e-01  -4.86243e-04  -6.04289e-04  9.98305e-01  1.00012e+00
7.37227e+01  9.99267e-01  -3.34704e-04  -3.95164e-04  9.98875e-01  1.00006e+00
7.38274e+01  9.99708e-01  -1.80155e-04  -1.82689e-04  9.99454e-01  1.00000e+00
7.39321e+01  1.00015e+00  -2.42957e-05  3.07996e-05  1.00004e+00  9.99945e-01
7.40369e+01  1.00059e+00  1.31158e-04  2.42958e-04  1.00062e+00  9.99888e-01
7.41416e+01  1.00102e+00  2.84498e-04  4.51463e-04  1.00119e+00  9.99833e-01
7.42463e+01  1.00144e+00  4.34040e-04  6.54036e-04  1.00174e+00  9.99780e-01
7.43510e+01  1.00184e+00  5.78143e-04  8.48467e-04  1.00228e+00  9.99730e-01
7.44557e+01  1.00221e+00  7.15230e-04  1.03264e-03  1.00278e+00  9.99683e-01
7.45605e+01  1.00257e+00  8.43802e-04  1.20457e-03  1.00325e+00  9.99639e-01
7.46652e+01  1.00289e+00  9.62462e-04  1.36239e-03  1.00369e+00  9.99600e-01
7.47699e+01  1.00317e+00  1.06993e-03  1.50442e-03  1.00408e+00  9.99566e-01
7.48746e+01  1.00343e+00  1.16504e-03  1.62914e-03  1.00442e+00  9.99536e-01
7.49793e+01  1.00364e+00  1.24679e-03  1.73527e-03  1.00472e+00  9.99512e-01
7.50841e+01  1.00381e+00  1.31433e-03  1.82169e-03  1.00496e+00  9.99493e-01
7.51888e+01  1.00394e+00  1.36696e-03  1.88754e-03  1.00514e+00  9.99479e-01
7.52935e+01  1.00402e+00  1.40417e-03  1.93219e-03  1.00527e+00  9.99472e-01
7.53982e+01  1.00406e+00  1.42562e-03  1.95527e-03  1.00534e+00  9.99470e-01
7.55029e+01  1.00406e+00  1.43115e-03  1.95661e-03  1.00534e+00  9.99475e-01
7.56077e+01  1.00401e+00  1.42080e-03  1.93634e-03  1.00529e+00  9.99484e-01
7.57124e+01  1.00391e+00  1.39477e-03  1.89480e-03  1.00518e+00  9.99500e-01
7.58171e+01  1.00378e+00  1.35345e-03  1.83257e-03  1.00502e+00  9.99521e-01
7.59218e+01  1.00360e+00  1.29740e-03  1.75048e-03  1.00480e+00  9.99547e-01
7.60265e+01  1.00338e+00  1.22734e-03  1.64956e-03  1.00453e+00  9.99578e-01
7.61313e+01  1.00313e+00  1.14415e-03  1.53106e-03  1.00421e+00  9.99613e-01
7.62360e+01  1.00285e+00  1.04883e-03  1.39639e-03  1.00384e+00  9.99652e-01
7.63407e+01  1.00253e+00  9.42549e-04  1.24717e-03  1.00344e+00  9.99695e-01
7.64454e+01  1.00219e+00  8.26550e-04  1.08513e-03  1.00300e+00  9.99741e-01
7.65501e+01  1.00183e+00  7.02194e-04  9.12165e-04  1.00253e+00  9.99790e-01
7.66549e+01  1.00145e+00  5.70915e-04  7.30246e-04  1.00203e+00  9.99841e-01
7.67596e+01  1.00106e+00  4.34215e-04  5.41442e-04  1.00152e+00  9.99893e-01
7.68643e+01  1.00065e+00  2.93637e-04  3.47875e-04  1.00099e+00  9.99946e-01
7.69690e+01  1.00025e+00  1.50753e-04  1.51703e-04  1.00045e+00  9.99999e-01
7.70737e+01  9.99839e-01  7.14572e-06  -4.49069e-05  9.99917e-01  1.00005e+00
7.71785e+01  9.99435e-01  -1.35611e-04  -2.39803e-04  9.99385e-01  1.00010e+00
7.72832e+01  9.99040e-01  -2.75969e-04  -4.30871e-04  9.98862e-01  1.00015e+00
7.73879e+01  9.98658e-01  -4.12419e-04  -6.16055e-04  9.98355e-01  1.00020e+00
7.74926e+01  9.98293e-01  -5.43511e-04  -7.93383e-04  9.97870e-01  1.00025e+00
7.75973e+01  9.97948e-01  -6.67863e-04  -9.60983e-04  9.97410e-01  1.00029e+00
7.77021e+01  9.97628e-01  -7.84181e-04  -1.11710e-03  9.96982e-01  1.00033e+00
7.78068e+01  9.97335e-01  -8.91266e-04  -1.26013e-03  9.96588e-01  1.00037e+00
7.79115e+01  9.97073e-01  -9.88028e-04  -1.38860e-03  9.96235e-01  1.00040e+00
7.80162e+01  9.96845e-01  -1.07349e-03  -1.50122e-03  9.95924e-01  1.00043e+00
7.81209e+01  9.96652e-01  -1.14682e-03  -1.59687e-03  9.95659e-01  1.00045e+00
7.82257e+01  9.96496e-01  -1.20729e-03  -1.67463e-03  9.95443e-01  1.00047e+00
7.83304e+01  9.96380e-01  -1.25434e-03  -1.73375e-03  9.95278e-01  1.00048e+00
7.84351e+01  9.96303e-01  -1.28754e-03  -1.77372e-03  9.95165e-01  1.00049e+00
7.85398e+01  9.96267e-01  -1.30661e-03  -1.79421e-03  9.95105e-01  1.00049e+00
7.86445e+01  9.96272e-01  -1.31143e-03  -1.79509e-03  9.95098e-01  1.00048e+00
7.87493e+01  9.96317e-01  -1.30200e-03  -1.77648e-03  9.95145e-01  1.00047e+00
7.88540e+01  9.96403e-01  -1.27851e-03  -1.73865e-03  9.95244e-01  1.00046e+00
7.89587e+01  9.96527e-01  -1.24126e-03  -1.68211e-03  9.95395e-01  1.00044e+00
7.90634e+01  9.96688e-01  -1.19072e-03  -1.60756e-03  9.95594e-01  1.00042e+00
7.91681e+01  9.96884e-01  -1.12749e-03  -1.51589e-03  9.95841e-01  1.00039e+00
7.92729e+01  9.97113e-01  -1.05230e-03  -1.40816e-03  9.96131e-01  1.00036e+00
7.93776e+01  9.97373e-01  -9.65995e-04  -1.28560e-03  9.96463e-01  1.00032e+00
7.94823e+01  9.97660e-01  -8.69558e-04  -1.14960e-03  9.96831e-01  1.00028e+00
7.95870e+01  9.97971e-01  -7.64063e-04  -1.00169e-03  9.97233e-01  1.00024e+00
7.96917e+01  9.98303e-01  -6.50683e-04  -8.43512e-04  9.97662e-01  1.00019e+00
7.97965e+01  9.98652e-01  -5.30673e-04  -6.76831e-04  9.98116e-01  1.00015e+00
7.99012e+01  9.99014e-01  -4.05361e-04  -5.03491e-04  9.98588e-01  1.00010e+00
8.00059e+01  9.99386e-01  -2.76127e-04  -3.25406e-04  9.99073e-01  1.00005e+00
8.01106e+01  9.99762e-01  -1.44395e-04  -1.44537e-04  9.99567e-01  1.00000e+00
8.02153e+01  1.00014e+00  -1.16152e-05  3.71268e-05  1.00006e+00  9.99951e-01
8.03201e+01  1.00051e+00  1.20754e-04  2.17594e-04  1.00056e+00  9.99903e-01
8.04248e+01  1.00088e+00  2.51259e-04  3.94887e-04  1.00104e+00  9.99856e-01
8.05295e+01  1.00123e+00  3.78467e-04  5.67071e-04  1.00151e+00  9.99811e-01
8.06342e+01  1.00157e+00  5.00985e-04  7.32268e-04  1.00197e+00  9.99769e-01
8.07389e+01  1.00190e+00  6.17474e-04  8.88684e-04  1.00239e+00  9.99729e-01
8.08437e+01  1.00219e+00  7.26664e-04  1.03463e-03  1.00280e+00  9.99692e-01
8.09484e+01  1.00247e+00  8.27369e-04  1.16852e-03  1.00316e+00  9.99659e-01
8.10531e+01  1.00271e+00  9.18501e-04  1.28894e-03  1.00350e+00  9.99630e-01
8.11578e+01  1.00293e+00  9.99083e-04  1.39460e-03  1.00379e+00  9.99604e-01
8.12625e+01  1.00311e+00  1.06826e-03  1.48439e-03  1.00404e+00  9.99584e-01
8.13672e+01  1.00325e+00  1.12531e-03  1.55739e-03  1.00424e+00  9.99568e-01
8.14720e+01  1.00336e+00  1.16964e-03  1.61287e-03  1.00440e+00  9.99557e-01
8.15767e+01  1.00344e+00  1.20083e-03  1.65028e-03  1.00450e+00  9.99551e-01
8.16814e+01  1.00347e+00  1.21858e-03  1.66930e-03  1.00456e+00  9.99549e-01
8.17861e+01  1.00346e+00  1.22276e-03  1.66981e-03  1.00456e+00  9.99553e-01
8.18908e+01  1.00342e+00  1.21340e-03  1.65191e-03  1.00452e+00  9.99561e-01
8.19956e+01  1.00334e+00  1.19068e-03  1.61587e-03  1.00442e+00  9.99575e-01
8.21003e+01  1.00323e+00  1.15492e-03  1.56221e-03  1.00428e+00  9.99593e-01
8.22050e+01  1.00307e+00  1.10659e-03  1.49162e-03  1.00409e+00  9.99615e-01
8.23097e+01  1.00289e+00  1.04631e-03  1.40497e-03  1.00386e+00  9.99641e-01
8.24144e+01  1.00267e+00  9.74829e-04  1.30332e-03  1.00358e+00  9.99672e-01
8.25192e+01  1.00243e+00  8.92999e-04  1.18789e-03  1.00327e+00  9.99705e-01
8.26239e+01  1.00216e+00  8.01800e-04  1.06003e-03  1.00292e+00  9.99742e-01
8.27286e+01  1.00187e+00  7.02301e-04  9.21229e-04  1.00254e+00  9.99781e-01
8.28333e+01  1.00156e+00  5.95658e-04  7.73091e-04  1.00214e+00  9.99823e-01
8.29380e+01  1.00124e+00  4.83095e-04  6.17304e-04  1.00172e+00  9.99866e-01
8.30428e+01  1.00090e+00  3.65892e-04  4.55630e-04  1.00128e+00  9.99910e-01
8.31475e+01  1.00055e+00  2.45368e-04  2.89882e-04  1.00083e+00  9.99955e-01
8.32522e+01  1.00021e+00  1.22869e-04  1.21904e-04  1.00037e+00  1.00000e+00
8.33569e+01  9.99856e-01  -2.51128e-07  -4.64498e-05  9.99907e-01  1.00005e+00
8.34616e+01  9.99510e-01  -1.22643e-04  -2.13337e-04  9.99451e-01  1.00009e+00
8.35664e+01  9.99171e-01  -2.42978e-04  -3.76946e-04  9.99003e-01  1.00013e+00
8.36711e+01  9.98843e-01  -3.59960e-04  -5.35514e-04  9.98569e-01  1.00018e+00
8.37758e+01  9.98530e-01  -4.72341e-04  -6.87346e-04  9.98153e-01  1.00022e+00
8.38805e+01  9.98234e-01  -5.78933e-04  -8.30834e-04  9.97759e-01  1.00025e+00
8.39852e+01  9.97959e-01  -6.78619e-04  -9.64471e-04  9.97392e-01  1.00029e+00
8.40900e+01  9.97707e-01  -7.70366e-04  -1.08687e-03  9.97056e-01  1.00032e+00
8.41947e+01  9.97482e-01  -8.53232e-04  -1.19677e-03  9.96753e-01  1.00034e+00
8.42994e+01  9.97286e-01  -9.26379e-04  -1.29305e-03  9.96488e-01  1.00037e+00
8.44041e+01  9.97120e-01  -9.89075e-04  -1.37475e-03  9.96261e-01  1.00039e+00
8.45088e+01  9.96987e-01  -1.04071e-03  -1.44107e-03  9.96077e-01  1.00040e+00
8.46136e+01  9.96886e-01  -1.08078e-03  -1.49138e-03  9.95936e-01  1.00041e+00
8.47183e+01  9.96821e-01  -1.10892e-03  -1.52522e-03  9.95841e-01  1.00042e+00
8.48230e+01  9.96790e-01  -1.12489e-03  -1.54230e-03  9.95791e-01  1.00042e+00
8.49277e+01  9.96794e-01  -1.12857e-03  -1.54252e-03  9.95786e-01  1.00041e+00
8.50324e+01  9.96833e-01  -1.11999e-03  -1.52598e-03  9.95828e-01  1.00041e+00
8.51372e+01  9.96907e-01  -1.09930e-03  -1.49291e-03  9.95915e-01  1.00039e+00
8.52419e+01  9.97013e-01  -1.06676e-03  -1.44375e-03  9.96046e-01  1.00038e+00
8.53466e+01  9.97152e-01  -1.02277e-03  -1.37911e-03  9.96219e-01  1.00036e+00
8.54513e+01  9.97321e-01  -9.67860e-04  -1.29975e-03  9.96433e-01  1.00033e+00
8.55560e+01  9.97519e-01  -9.02656e-04  -1.20658e-03  9.96684e-01  1.00030e+00
8.56608e+01  9.97743e-01  -8.27901e-04  -1.10067e-03  9.96971e-01  1.00027e+00
8.57655e+01  9.97990e-01  -7.44436e-04  -9.83228e-04  9.97289e-01  1.00024e+00
8.58702e+01  9.98258e-01  -6.53193e-04  -8.55557e-04  9.97636e-01  1.00020e+00
8.59749e+01  9.98544e-01  -5.55188e-04  -7.19087e-04  9.98007e-01  1.00016e+00
8.60796e+01  9.98845e-01  -4.51505e-04  -5.75334e-04  9.98398e-01  1.00012e+00
8.61844e+01  9.99157e-01  -3.43291e-04  -4.25890e-04  9.98805e-01  1.00008e+00
8.62891e+01  9.99477e-01  -2.31740e-04  -2.72403e-04  9.99223e-01  1.00004e+00
8.63938e+01  9.99801e-01  -1.18079e-04  -1.16566e-04  9.99649e-01  9.99998e-01
8.64985e+01  1.00013e+00  -3.55881e-06  3.99112e-05  1.00008e+00  9.99957e-01
8.66032e+01  1.00045e+00  1.10562e-04  1.95311e-04  1.00050e+00  9.99915e-01
8.67080e+01  1.00076e+00  2.23032e-04  3.47933e-04  1.00092e+00  9.99875e-01
8.68127e+01  1.00107e+00  3.32619e-04  4.96110e-04  1.00132e+00  9.99837e-01
8.69174e+01  1.00136e+00  4.38122e-04  6.38229e-04  1.00171e+00  9.99800e-01
8.70221e+01  1.00164e+00  5.38390e-04  7.72747e-04  1.00208e+00  9.99766e-01
8.71268e+01  1.00190e+00  6.32331e-04  8.98207e-04  1.00243e+00  9.99734e-01
8.72316e+01  1.00214e+00  7.18927e-04  1.01326e-03  1.00275e+00  9.99706e-01
8.73363e+01  1.00235e+00  7.97243e-04  1.11667e-03  1.00303e+00  9.99681e-01
8.74410e+01  1.00253e+00  8.66439e-04  1.20735e-03  1.00328e+00  9.99659e-01
8.75457e+01  1.00269e+00  9.25781e-04  1.28433e-03  1.00349e+00  9.99641e-01
8.76504e+01  1.00281e+00  9.74648e-04  1.34683e-03  1.00367e+00  9.99628e-01
8.77552e+01  1.00291e+00  1.01254e-03  1.39421e-03  1.00380e+00  9.99618e-01
8.78599e+01  1.00297e+00  1.03908e-03  1.42601e-03  1.00389e+00  9.99613e-01
8.79646e+01  1.00300e+00  1.05402e-03  1.44195e-03  1.00394e+00  9.99612e-01
8.80693e+01  1.00299e+00  1.05726e-03  1.44193e-03  1.00394e+00  9.99615e-01
8.81740e+01  1.00296e+00  1.04880e-03  1.42602e-03  1.00390e+00  9.99623e-01
8.82788e+01  1.00289e+00  1.02881e-03  1.39448e-03  1.00382e+00  9.99634e-01
8.83835e+01  1.00279e+00  9.97565e-04  1.34774e-03  1.00369e+00  9.99650e-01
8.84882e+01  1.00266e+00  9.55469e-04  1.28638e-03  1.00353e+00  9.99669e-01
8.85929e+01  1.00250e+00  9.03052e-04  1.21117e-03  1.00333e+00  9.99692e-01
8.86976e+01  1.00231e+00  8.40951e-04  1.12301e-03  1.00309e+00  9.99718e-01
8.88024e+01  1.00210e+00  7.69912e-04  1.02295e-03  1.00282e+00  9.99747e-01
8.89071e+01  1.00187e+00  6.90771e-04  9.12159e-04  1.00252e+00  9.99779e-01
8.90118e+01  1.00162e+00  6.04454e-04  7.91916e-04  1.00219e+00  9.99813e-01
8.91165e+01  1.00135e+00  5.11955e-04  6.63602e-04  1.00184e+00  9.99848e-01
8.92212e+01  1.00107e+00  4.14332e-04  5.28675e-04  1.00147e+00  9.99886e-01
8.93260e+01  1.00078e+00  3.12690e-04  3.88657e-04  1.00109e+00  9.99924e-01
8.94307e+01  1.00048e+00  2.08171e-04  2.45114e-04  1.00070e+00  9.99963e-01
8.95354e+01  1.00017e+00  1.01939e-04  9.96417e-05  1.00030e+00  1.00000e+00
8.96401e+01  9.99871e-01  -4.83303e-06  -4.61572e-05  9.99903e-01  1.00004e+00
8.97448e+01  9.99571e-01  -1.10975e-04  -1.90686e-04  9.99508e-01  1.00008e+00
8.98495e+01  9.99277e-01  -2.15333e-04  -3.32375e-04  9.99120e-01  1.00012e+00
8.99543e+01  9.98992e-01  -3.16782e-04  -4.69694e-04  9.98744e-01  1.00015e+00
9.00590e+01  9.98720e-01  -4.14236e-04  -6.01174e-04  9.98383e-01  1.00019e+00
9.01637e+01  9.98463e-01  -5.06662e-04  -7.25416e-04  9.98043e-01  1.00022e+00
9.02684e+01  9.98225e-01  -5.93087e-04  -8.41113e-04  9.97725e-01  1.00025e+00
9.03731e+01  9.98006e-01  -6.72612e-04  -9.47054e-04  9.97433e-01  1.00027e+00
9.04779e+01  9.97811e-01  -7.44414e-04  -1.04215e-03  9.97171e-01  1.00030e+00
9.05826e+01  9.97640e-01  -8.07761e-04  -1.12541e-03  9.96941e-01  1.00032e+00
9.06873e+01  9.97496e-01  -8.62016e-04  -1.19602e-03  9.96746e-01  1.00033e+00
9.07920e+01  9.97380e-01  -9.06640e-04  -1.25326e-03  9.96587e-01  1.00035e+00
9.08967e+01  9.97293e-01  -9.41202e-04  -1.29659e-03  9.96466e-01  1.00036e+00
9.10015e+01  9.97236e-01  -9.65378e-04  -1.32560e-03  9.96383e-01  1.00036e+00
9.11062e+01  9.97209e-01  -9.78957e-04  -1.34005e-03  9.96341e-01  1.00036e+00
9.12109e+01  9.97212e-01  -9.81841e-04  -1.33986e-03  9.96338e-01  1.00036e+00
9.13156e+01  9.97246e-01  -9.74045e-04  -1.32508e-03  9.96376e-01  1.00035e+00
9.14203e+01  9.97310e-01  -9.55699e-04  -1.29594e-03  9.96452e-01  1.00034e+00
9.15251e+01  9.97403e-01  -9.27043e-04  -1.25282e-03  9.96567e-01  1.00033e+00
9.16298e+01  9.97524e-01  -8.88424e-04  -1.19624e-03  9.96719e-01  1.00031e+00
9.17345e+01  9.97671e-01  -8.40298e-04  -1.12687e-03  9.96906e-01  1.00029e+00
9.18392e+01  9.97843e-01  -7.83218e-04  -1.04551e-03  9.97126e-01  1.00026e+00
9.19439e+01  9.98038e-01  -7.17833e-04  -9.53083e-04  9.97376e-01  1.00024e+00
9.20487e+01  9.98253e-01  -6.44876e-04  -8.50636e-04  9.97654e-01  1.00021e+00
9.21534e+01  9.98487e-01  -5.65164e-04  -7.39317e-04  9.97956e-01  1.00017e+00
9.22581e+01  9.98736e-01  -4.79584e-04  -6.20368e-04  9.98280e-01  1.00014e+00
9.23628e+01  9.98998e-01  -3.89082e-04  -4.95110e-04  9.98621e-01  1.00011e+00
9.24675e+01  9.99270e-01  -2.94660e-04  -3.64929e-04  9.98975e-01  1.00007e+00
9.25723e+01  9.99549e-01  -1.97359e-04  -2.31262e-04  9.99340e-01  1.00003e+00
9.26770e+01  9.99831e-01  -9.82500e-05  -9.55809e-05  9.99711e-01  9.99997e-01
9.27817e+01  1.00011e+00  1.57735e-06  4.06235e-05  1.00008e+00  9.99961e-01
9.28864e+01  1.00040e+00  1.01027e-04  1.75858e-04  1.00045e+00  9.99925e-01
9.29911e+01  1.00067e+00  1.99007e-04  3.08643e-04  1.00082e+00  9.99890e-01
9.30959e+01  1.00094e+00  2.94446e-04  4.37529e-04  1.00117e+00  9.99857e-01
9.32006e+01  1.00119e+00  3.86300e-04  5.61113e-04  1.00151e+00  9.99825e-01
9.33053e+01  1.00144e+00  4.73566e-04  6.78052e-04  1.00183e+00  9.99796e-01
9.34100e+01  1.00166e+00  5.55295e-04  7.87082e-04  1.00213e+00  9.99768e-01
9.35147e+01  1.00187e+00  6.30602e-04  8.87028e-04  1.00240e+00  9.99744e-01
9.36195e+01  1.00205e+00  6.98675e-04  9.76821e-04  1.00265e+00  9.99722e-01
9.37242e+01  1.00221e+00  7.58783e-04  1.05551e-03  1.00287e+00  9.99703e-01
9.38289e+01  1.00235e+00  8.10289e-04  1.12226e-03  1.00305e+00  9.99688e-01
9.39336e+01  1.00246e+00  8.52653e-04  1.17638e-03  1.00321e+00  9.99676e-01
9.40383e+01  1.00254e+00  8.85440e-04  1.21733e-03  1.00332e+00  9.99668e-01
9.41431e+01  1.00259e+00  9.08325e-04  1.24470e-03  1.00340e+00  9.99664e-01
9.42478e+01  1.00262e+00  9.21093e-04  1.25825e-03  1.00344e+00  9.99663e-01
9.43525e+01  1.00262e+00  9.23646e-04  1.25789e-03  1.00344e+00  9.99666e-01
9.44572e+01  1.00258e+00  9.16002e-04  1.24368e-03  1.00340e+00  9.99672e-01
9.45619e+01  1.00252e+00  8.98292e-04  1.21585e-03  1.00333e+00  9.99682e-01
9.46667e+01  1.00244e+00  8.70760e-04  1.17477e-03  1.00322e+00  9.99696e-01
9.47714e+01  1.00232e+00  8.33760e-04  1.12094e-03  1.00308e+00  9.99713e-01
9.48761e+01  1.00218e+00  7.87750e-04  1.05504e-03  1.00290e+00  9.99733e-01
9.49808e+01  1.00202e+00  7.33286e-04  9.77846e-04  1.00269e+00  9.99755e-01
9.50855e+01  1.00184e+00  6.71014e-04  8.90267e-04  1.00245e+00  9.99781e-01
9.51903e+01  1.00163e+00  6.01665e-04  7.93324e-04  1.00219e+00  9.99808e-01
9.52950e+01  1.00141e+00  5.26043e-04  6.88134e-04  1.00190e+00  9.99838e-01
9.53997e+01  1.00118e+00  4.45017e-04  5.75898e-04  1.00160e+00  9.99869e-01
9.55044e+01  1.00093e+00  3.59509e-04  4.57887e-04  1.00128e+00  9.99902e-01
9.56091e+01  1.00068e+00  2.70485e-04  3.35429e-04  1.00094e+00  9.99935e-01
9.57139e+01  1.00041e+00  1.78941e-04  2.09891e-04  1.00060e+00  9.99969e-01
9.58186e+01  1.00015e+00  8.58964e-05  8.26667e-05  1.00025e+00  1.00000e+00
9.59233e+01  9.99884e-01  -7.62311e-06  -4.48431e-05  9.99903e-01  1.00004e+00
9.60280e+01  9.99621e-01  -1.00592e-04  -1.71242e-04  9.99557e-01  1.00007e+00
9.61327e+01  9.99364e-01  -1.92000e-04  -2.95156e-04  9.99218e-01  1.00010e+00
9.62375e+01  9.99115e-01  -2.80859e-04  -4.15246e-04  9.98889e-01  1.00013e+00
9.63422e+01  9.98876e-01  -3.66218e-04  -5.30223e-04  9.98573e-01  1.00016e+00
9.64469e+01  9.98651e-01  -4.47166e-04  -6.38864e-04  9.98275e-01  1.00019e+00
9.65516e+01  9.98441e-01  -5.22851e-04  -7.40018e-04  9.97997e-01  1.00022e+00
9.66563e+01  9.98250e-01  -5.92480e-04  -8.32626e-04  9.97742e-01  1.00024e+00
9.67611e+01  9.98078e-01  -6.55331e-04  -9.15725e-04  9.97513e-01  1.00026e+00
9.68658e+01  9.97929e-01  -7.10758e-04  -9.88460e-04  9.97312e-01  1.00028e+00
9.69705e+01  9.97802e-01  -7.58198e-04  -1.05009e-03  9.97142e-01  1.00029e+00
9.70752e+01  9.97700e-01  -7.97179e-04  -1.10001e-03  9.97003e-01  1.00030e+00
9.71799e+01  9.97624e-01  -8.27319e-04  -1.13772e-03  9.96897e-01  1.00031e+00
9.72847e+01  9.97573e-01  -8.48333e-04  -1.16288e-03  9.96826e-01  1.00031e+00
9.73894e+01  9.97550e-01  -8.60033e-04  -1.17526e-03  9.96789e-01  1.00032e+00
9.74941e+01  9.97553e-01  -8.62335e-04  -1.17480e-03  9.96788e-01  1.00031e+00
9.75988e+01  9.97583e-01  -8.55250e-04  -1.16154e-03  9.96822e-01  1.00031e+00
9.77035e+01  9.97639e-01  -8.38892e-04  -1.13568e-03  9.96890e-01  1.00030e+00
9.78083e+01  9.97720e-01  -8.13473e-04  -1.09755e-03  9.96991e-01  1.00028e+00
9.79130e+01  9.97826e-01  -7.79301e-04  -1.04762e-03  9.97125e-01  1.00027e+00
9.80177e+01  9.97956e-01  -7.36776e-04  -9.86472e-04  9.97290e-01  1.00025e+00
9.81224e+01  9.98107e-01  -6.86387e-04  -9.14805e-04  9.97484e-01  1.00023e+00
9.82271e+01  9.98278e-01  -6.28704e-04  -8.33436e-04  9.97704e-01  1.00020e+00
9.83319e+01  9.98467e-01  -5.64375e-04  -7.43285e-04  9.97949e-01  1.00018e+00
9.84366e+01  9.98673e-01  -4.94121e-04  -6.45361e-04  9.98215e-01  1.00015e+00
9.85413e+01  9.98892e-01  -4.18721e-04  -5.40755e-04  9.98500e-01  1.00012e+00
9.86460e+01  9.99122e-01  -3.39011e-04  -4.30628e-04  9.98800e-01  1.00009e+00
9.87507e+01  9.99361e-01  -2.55873e-04  -3.16201e-04  9.99112e-01  1.00006e+00
9.88554e+01  9.99606e-01  -1.70221e-04  -1.98734e-04  9.99432e-01  1.00003e+00
9.89602e+01  9.99855e-01  -8.30009e-05  -7.95214e-05  9.99758e-01  9.99997e-01
9.90649e+01  1.00010e+00  4.83043e-06  4.01274e-05  1.00009e+00  9.99965e-01
9.91696e+01  1.00035e+00  9.23082e-05  1.58901e-04  1.00041e+00  9.99933e-01
9.92743e+01  1.00059e+00  1.78474e-04  2.75500e-04  1.00073e+00  9.99903e-01
9.93790e+01  1.00083e+00  2.62383e-04  3.88652e-04  1.00104e+00  9.99874e-01
9.94838e+01  1.00105e+00  3.43120e-04  4.97124e-04  1.00134e+00  9.99846e-01
9.95885e+01  1.00127e+00  4.19805e-04  5.99740e-04  1.00162e+00  9.99820e-01
9.96932e+01  1.00146e+00  4.91603e-04  6.95390e-04  1.00188e+00  9.99796e-01
9.97979e+01  1.00164e+00  5.57737e-04  7.83042e-04  1.00212e+00  9.99775e-01
9.99026e+01  1.00181e+00  6.17493e-04  8.61759e-04  1.00234e+00  9.99756e-01
1.00007e+02  1.00195e+00  6.70232e-04  9.30702e-04  1.00253e+00  9.99740e-01
1.00112e+02  1.00207e+00  7.15393e-04  9.89147e-04  1.00269e+00  9.99726e-01
1.00217e+02  1.00217e+00  7.52503e-04  1.03649e-03  1.00283e+00  9.99716e-01
1.00322e+02  1.00224e+00  7.81179e-04  1.07224e-03  1.00293e+00  9.99709e-01
1.00426e+02  1.00229e+00  8.01135e-04  1.09605e-03  1.00299e+00  9.99705e-01
1.00531e+02  1.00231e+00  8.12184e-04  1.10771e-03  1.00303e+00  9.99704e-01
1.00636e+02  1.00231e+00  8.14239e-04  1.10714e-03  1.00303e+00  9.99707e-01
1.00740e+02  1.00228e+00  8.07314e-04  1.09438e-03  1.00300e+00  9.99713e-01
1.00845e+02  1.00222e+00  7.91525e-04  1.06965e-03  1.00293e+00  9.99722e-01
1.00950e+02  1.00215e+00  7.67086e-04  1.03325e-03  1.00283e+00  9.99734e-01
1.01055e+02  1.00205e+00  7.34306e-04  9.85656e-04  1.00271e+00  9.99749e-01
1.01159e+02  1.00192e+00  6.93588e-04  9.27428e-04  1.00255e+00  9.99766e-01
1.01264e+02  1.00178e+00  6.45419e-04  8.59262e-04  1.00236e+00  9.99786e-01
1.01369e+02  1.00162e+00  5.90368e-04  7.81957e-04  1.00215e+00  9.99808e-01
1.01473e+02  1.00144e+00  5.29078e-04  6.96408e-04  1.00192e+00  9.99833e-01
1.01578e+02  1.00125e+00  4.62254e-04  6.03597e-04  1.00167e+00  9.99859e-01
1.01683e+02  1.00104e+00  3.90662e-04  5.04580e-04  1.00140e+00  9.99886e-01
1.01788e+02  1.00082e+00  3.15114e-04  4.00476e-04  1.00112e+00  9.99915e-01
1.01892e+02  1.00060e+00  2.36460e-04  2.92453e-04  1.00082e+00  9.99944e-01
1.01997e+02  1.00036e+00  1.55581e-04  1.81715e-04  1.00052e+00  9.99974e-01
1.02102e+02  1.00013e+00  7.33732e-05  6.94903e-05  1.00021e+00  1.00000e+00
1.02206e+02  9.99896e-01  -9.25540e-06  -4.29858e-05  9.99905e-01  1.00003e+00
1.02311e+02  9.99664e-01  -9.14000e-05  -1.54482e-04  9.99600e-01  1.00006e+00
1.02416e+02  9.99436e-01  -1.72167e-04  -2.63785e-04  9.99300e-01  1.00009e+00
1.02521e+02  9.99216e-01  -2.50682e-04  -3.69713e-04  9.99010e-01  1.00012e+00
1.02625e+02  9.99005e-01  -3.26102e-04  -4.71128e-04  9.98732e-01  1.00015e+00
1.02730e+02  9.98806e-01  -3.97624e-04  -5.66946e-04  9.98468e-01  1.00017e+00
1.02835e+02  9.98620e-01  -4.64490e-04  -6.56152e-04  9.98223e-01  1.00019e+00
1.02940e+02  9.98451e-01  -5.25997e-04  -7.37807e-04  9.97998e-01  1.00021e+00
1.03044e+02  9.98299e-01  -5.81504e-04  -8.11060e-04  9.97796e-01  1.00023e+00
1.03149e+02  9.98167e-01  -6.30438e-04  -8.75153e-04  9.97619e-01  1.00024e+00
1.03254e+02  9.98054e-01  -6.72301e-04  -9.29432e-04  9.97469e-01  1.00026e+00
1.03358e+02  9.97964e-01  -7.06670e-04  -9.73352e-04  9.97347e-01  1.00027e+00
1.03463e+02  9.97896e-01  -7.33207e-04  -1.00648e-03  9.97254e-01  1.00027e+00
1.03568e+02  9.97852e-01  -7.51659e-04  -1.02851e-03  9.97191e-01  1.00028e+00
1.03673e+02  9.97831e-01  -7.61859e-04  -1.03924e-03  9.97160e-01  1.00028e+00
1.03777e+02  9.97833e-01  -7.63729e-04  -1.03860e-03  9.97159e-01  1.00027e+00
1.03882e+02  9.97860e-01  -7.57281e-04  -1.02665e-03  9.97189e-01  1.00027e+00
1.03987e+02  9.97909e-01  -7.42617e-04  -1.00355e-03  9.97250e-01  1.00026e+00
1.04091e+02  9.97981e-01  -7.19923e-04  -9.69609e-04  9.97341e-01  1.00025e+00
1.04196e+02  9.98075e-01  -6.89473e-04  -9.25222e-04  9.97460e-01  1.00024e+00
1.04301e+02  9.98190e-01  -6.51623e-04  -8.70912e-04  9.97607e-01  1.00022e+00
1.04406e+02  9.98324e-01  -6.06806e-04  -8.07302e-04  9.97779e-01  1.00020e+00
1.04510e+02  9.98475e-01  -5.55530e-04  -7.35117e-04  9.97974e-01  1.00018e+00
1.04615e+02  9.98643e-01  -4.98370e-04  -6.55168e-04  9.98191e-01  1.00016e+00
1.04720e+02  9.98825e-01  -4.35966e-04  -5.68350e-04  9.98427e-01  1.00013e+00
1.04824e+02  9.99019e-01  -3.69011e-04  -4.75632e-04  9.98680e-01  1.00011e+00
1.04929e+02  9.99223e-01  -2.98246e-04  -3.78041e-04  9.98946e-01  1.00008e+00
1.05034e+02  9.99435e-01  -2.24453e-04  -2.76658e-04  9.99222e-01  1.00005e+00
1.05139e+02  9.99653e-01  -1.48446e-04  -1.72601e-04  9.99506e-01  1.00002e+00
1.05243e+02  9.99873e-01  -7.10621e-05  -6.70148e-05  9.99795e-01  9.99996e-01
1.05348e+02  1.00009e+00  6.84913e-06  3.89403e-05  1.00008e+00  9.99968e-01
1.05453e+02  1.00031e+00  8.44323e-05  1.44103e-04  1.00037e+00  9.99940e-01
1.05558e+02  1.00053e+00  1.60837e-04  2.47324e-04  1.00066e+00  9.99914e-01
1.05662e+02  1.00074e+00  2.35228e-04  3.47476e-04  1.00093e+00  9.99888e-01
1.05767e+02  1.00094e+00  3.06792e-04  4.43468e-04  1.00119e+00  9.99863e-01
1.05872e+02  1.00113e+00  3.74750e-04  5.34260e-04  1.00144e+00  9.99840e-01
1.05976e+02  1.00130e+00  4.38362e-04  6.18868e-04  1.00168e+00  9.99819e-01
1.06081e+02  1.00146e+00  4.96940e-04  6.96381e-04  1.00189e+00  9.99801e-01
1.06186e+02  1.00161e+00  5.49853e-04  7.65969e-04  1.00208e+00  9.99784e-01
1.06291e+02  1.00173e+00  5.96533e-04  8.26890e-04  1.00225e+00  9.99770e-01
1.06395e+02  1.00184e+00  6.36484e-04  8.78503e-04  1.00239e+00  9.99758e-01
1.06500e+02  1.00192e+00  6.69287e-04  9.20270e-04  1.00251e+00  9.99749e-01
1.06605e+02  1.00199e+00  6.94603e-04  9.51765e-04  1.00260e+00  9.99743e-01
1.06709e+02  1.00203e+00  7.12179e-04  9.72677e-04  1.00266e+00  9.99740e-01
1.06814e+02  1.00205e+00  7.21847e-04  9.82816e-04  1.00269e+00  9.99739e-01
1.06919e+02  1.00205e+00  7.23531e-04  9.82110e-04  1.00269e+00  9.99741e-01
1.07024e+02  1.00202e+00  7.17244e-04  9.70610e-04  1.00266e+00  9.99747e-01
1.07128e+02  1.00198e+00  7.03086e-04  9.48485e-04  1.00260e+00  9.99755e-01
1.07233e+02  1.00191e+00  6.81247e-04  9.16022e-04  1.00251e+00  9.99765e-01
1.07338e+02  1.00182e+00  6.52000e-04  8.73623e-04  1.00240e+00  9.99778e-01
1.07442e+02  1.00171e+00  6.15702e-04  8.21797e-04  1.00226e+00  9.99794e-01
1.07547e+02  1.00158e+00  5.72784e-04  7.61157e-04  1.00210e+00  9.99812e-01
1.07652e+02  1.00144e+00  5.23751e-04  6.92409e-04  1.00191e+00  9.99831e-01
1.07757e+02  1.00128e+00  4.69170e-04  6.16346e-04  1.00170e+00  9.99853e-01
1.07861e+02  1.00111e+00  4.09670e-04  5.33837e-04  1.00148e+00  9.99876e-01
1.07966e+02  1.00092e+00  3.45929e-04  4.45820e-04  1.00124e+00  9.99900e-01
1.08071e+02  1.00073e+00  2.78667e-04  3.53286e-04  1.00099e+00  9.99925e-01
1.08176e+02  1.00053e+00  2.08641e-04  2.57272e-04  1.00072e+00  9.99951e-01
1.08280e+02  1.00032e+00  1.36632e-04  1.58847e-04  1.00045e+00  9.99978e-01
1.08385e+02  1.00012e+00  6.34387e-05  5.91003e-05  1.00018e+00  1.00000e+00
1.08490e+02  9.99906e-01  -1.01319e-05  -4.08695e-05  9.99908e-01  1.00003e+00
1.08594e+02  9.99700e-01  -8.32739e-05  -1.39968e-04  9.99637e-01  1.00006e+00
1.08699e+02  9.99497e-01  -1.55191e-04  -2.37117e-04  9.99371e-01  1.00008e+00
1.08804e+02  9.99300e-01  -2.25104e-04  -3.31265e-04  9.99112e-01  1.00011e+00
1.08909e+02  9.99113e-01  -2.92263e-04  -4.21397e-04  9.98865e-01  1.00013e+00
1.09013e+02  9.98935e-01  -3.55948e-04  -5.06552e-04  9.98631e-01  1.00015e+00
1.09118e+02  9.98770e-01  -4.15483e-04  -5.85822e-04  9.98413e-01  1.00017e+00
1.09223e+02  9.98619e-01  -4.70242e-04  -6.58372e-04  9.98213e-01  1.00019e+00
1.09327e+02  9.98483e-01  -5.19651e-04  -7.23443e-04  9.98033e-01  1.00020e+00
1.09432e+02  9.98365e-01  -5.63199e-04  -7.80359e-04  9.97876e-01  1.00022e+00
1.09537e+02  9.98265e-01  -6.00437e-04  -8.28536e-04  9.97742e-01  1.00023e+00
1.09642e+02  9.98184e-01  -6.30990e-04  -8.67488e-04  9.97634e-01  1.00024e+00
1.09746e+02  9.98124e-01  -6.54554e-04  -8.96829e-04  9.97552e-01  1.00024e+00
1.09851e+02  9.98084e-01  -6.70902e-04  -9.16279e-04  9.97497e-01  1.00025e+00
1.09956e+02  9.98065e-01  -6.79884e-04  -9.25666e-04  9.97469e-01  1.00025e+00
1.10060e+02  9.98067e-01  -6.81431e-04  -9.24926e-04  9.97469e-01  1.00024e+00
1.10165e+02  9.98091e-01  -6.75553e-04  -9.14106e-04  9.97496e-01  1.00024e+00
1.10270e+02  9.98135e-01  -6.62340e-04  -8.93358e-04  9.97551e-01  1.00023e+00
1.10375e+02  9.98199e-01  -6.41958e-04  -8.62944e-04  9.97632e-01  1.00022e+00
1.10479e+02  9.98283e-01  -6.14653e-04  -8.23227e-04  9.97739e-01  1.00021e+00
1.10584e+02  9.98385e-01  -5.80743e-04  -7.74669e-04  9.97870e-01  1.00019e+00
1.10689e+02  9.98504e-01  -5.40615e-04  -7.17829e-04  9.98024e-01  1.00018e+00
1.10794e+02  9.98640e-01  -4.94723e-04  -6.53350e-04  9.98199e-01  1.00016e+00
1.10898e+02  9.98789e-01  -4.43583e-04  -5.81958e-04  9.98393e-01  1.00014e+00
1.11003e+02  9.98952e-01  -3.87765e-04  -5.04451e-04  9.98603e-01  1.00012e+00
1.11108e+02  9.99125e-01  -3.27889e-04  -4.21694e-04  9.98829e-01  1.00009e+00
1.11212e+02  9.99308e-01  -2.64619e-04  -3.34603e-04  9.99066e-01  1.00007e+00
1.11317e+02  9.99497e-01  -1.98654e-04  -2.44142e-04  9.99313e-01  1.00005e+00
1.11422e+02  9.99691e-01  -1.30720e-04  -1.51308e-04  9.99567e-01  1.00002e+00
1.11527e+02  9.99888e-01  -6.15662e-05  -5.71240e-05  9.99824e-01  9.99996e-01
1.11631e+02  1.00009e+00  8.04876e-06  3.73767e-05  1.00008e+00  9.99971e-01
1.11736e+02  1.00028e+00  7.73607e-05  1.31158e-04  1.00034e+00  9.99946e-01
1.11841e+02  1.00047e+00  1.45610e-04  2.23195e-04  1.00059e+00  9.99922e-01
1.11945e+02  1.00066e+00  2.12051e-04  3.12483e-04  1.00084e+00  9.99900e-01
1.12050e+02  1.00084e+00  2.75957e-04  3.98050e-04  1.00107e+00  9.99878e-01
1.12155e+02  1.00101e+00  3.36633e-04  4.78967e-04  1.00129e+00  9.99858e-01
1.12260e+02  1.00116e+00  3.93419e-04  5.54358e-04  1.00150e+00  9.99839e-01
1.12364e+02  1.00131e+00  4.45700e-04  6.23412e-04  1.00169e+00  9.99822e-01
1.12469e+02  1.00144e+00  4.92913e-04  6.85386e-04  1.00186e+00  9.99808e-01
1.12574e+02  1.00155e+00  5.34552e-04  7.39623e-04  1.00201e+00  9.99795e-01
1.12678e+02  1.00164e+00  5.70173e-04  7.85548e-04  1.00214e+00  9.99785e-01
1.12783e+02  1.00172e+00  5.99402e-04  8.22683e-04  1.00224e+00  9.99777e-01
1.12888e+02  1.00178e+00  6.21937e-04  8.50647e-04  1.00232e+00  9.99771e-01
1.12993e+02  1.00182e+00  6.37550e-04  8.69165e-04  1.00238e+00  9.99768e-01
1.13097e+02  1.00184e+00  6.46094e-04  8.78065e-04  1.00240e+00  9.99768e-01
1.13202e+02  1.00183e+00  6.47498e-04  8.77283e-04  1.00240e+00  9.99770e-01
1.13307e+02  1.00181e+00  6.41774e-04  8.66863e-04  1.00238e+00  9.99775e-01
1.13411e+02  1.00177e+00  6.29011e-04  8.46958e-04  1.00232e+00  9.99782e-01
1.13516e+02  1.00171e+00  6.09378e-04  8.17821e-04  1.00225e+00  9.99792e-01
1.13621e+02  1.00163e+00  5.83119e-04  7.79811e-04  1.00214e+00  9.99803e-01
1.13726e+02  1.00153e+00  5.50550e-04  7.33382e-04  1.00202e+00  9.99817e-01
1.13830e+02  1.00142e+00  5.12057e-04  6.79080e-04  1.00187e+00  9.99833e-01
1.13935e+02  1.00129e+00  4.68090e-04  6.17533e-04  1.00170e+00  9.99851e-01
1.14040e+02  1.00115e+00  4.19156e-04  5.49450e-04  1.00152e+00  9.99870e-01
1.14145e+02  1.00099e+00  3.65817e-04  4.75608e-04  1.00132e+00  9.99890e-01
1.14249e+02  1.00083e+00  3.08678e-04  3.96841e-04  1.00110e+00  9.99912e-01
1.14354e+02  1.00065e+00  2.48384e-04  3.14036e-04  1.00088e+00  9.99934e-01
1.14459e+02  1.00047e+00  1.85611e-04  2.28120e-04  1.00064e+00  9.99957e-01
1.14563e+02  1.00029e+00  1.21060e-04  1.40047e-04  1.00040e+00  9.99981e-01
1.14668e+02  1.00010e+00  5.54439e-05  5.07920e-05  1.00016e+00  1.00000e+00
1.14773e+02  9.99915e-01  -1.05126e-05  -3.86630e-05  9.99912e-01  1.00003e+00
1.14878e+02  9.99730e-01  -7.60875e-05  -1.27339e-04  9.99669e-01  1.00005e+00
1.14982e+02  9.99548e-01  -1.40566e-04  -2.14269e-04  9.99431e-01  1.00007e+00
1.15087e+02  9.99372e-01  -2.03251e-04  -2.98513e-04  9.99200e-01  1.00010e+00
1.15192e+02  9.99204e-01  -2.63466e-04  -3.79162e-04  9.98978e-01  1.00012e+00
1.15296e+02  9.99044e-01  -3.20566e-04  -4.55352e-04  9.98769e-01  1.00013e+00
1.15401e+02  9.98896e-01  -3.73944e-04  -5.26273e-04  9.98574e-01  1.00015e+00
1.15506e+02  9.98760e-01  -4.23037e-04  -5.91173e-04  9.98395e-01  1.00017e+00
1.15611e+02  9.98639e-01  -4.67327e-04  -6.49371e-04  9.98234e-01  1.00018e+00
1.15715e+02  9.98532e-01  -5.06356e-04  -7.00262e-04  9.98093e-01  1.00019e+00
1.15820e+02  9.98443e-01  -5.39719e-04  -7.43321e-04  9.97974e-01  1.00020e+00
1.15925e+02  9.98370e-01  -5.67079e-04  -7.78110e-04  9.97877e-01  1.00021e+00
1.16029e+02  9.98315e-01  -5.88161e-04  -8.04284e-04  9.97803e-01  1.00022e+00
1.16134e+02  9.98280e-01  -6.02760e-04  -8.21591e-04  9.97754e-01  1.00022e+00
1.16239e+02  9.98262e-01  -6.10741e-04  -8.29874e-04  9.97730e-01  1.00022e+00
1.16344e+02  9.98264e-01  -6.12043e-04  -8.29078e-04  9.97730e-01  1.00022e+00
1.16448e+02  9.98285e-01  -6.06672e-04  -8.19242e-04  9.97755e-01  1.00021e+00
1.16553e+02  9.98325e-01  -5.94709e-04  -8.00504e-04  9.97804e-01  1.00021e+00
1.16658e+02  9.98382e-01  -5.76306e-04  -7.73098e-04  9.97877e-01  1.00020e+00
1.16763e+02  9.98458e-01  -5.51681e-04  -7.37350e-04  9.97974e-01  1.00019e+00
1.16867e+02  9.98549e-01  -5.21121e-04  -6.93675e-04  9.98092e-01  1.00017e+00
1.16972e+02  9.98657e-01  -4.84975e-04  -6.42574e-04  9.98230e-01  1.00016e+00
1.17077e+02  9.98778e-01  -4.43650e-04  -5.84625e-04  9.98387e-01  1.00014e+00
1.17181e+02  9.98913e-01  -3.97612e-04  -5.20479e-04  9.98561e-01  1.00012e+00
1.17286e+02  9.99059e-01  -3.47372e-04  -4.50854e-04  9.98751e-01  1.00010e+00
1.17391e+02  9.99214e-01  -2.93490e-04  -3.76524e-04  9.98953e-01  1.00008e+00
1.17496e+02  9.99378e-01  -2.36561e-04  -2.98314e-04  9.99167e-01  1.00006e+00
1.17600e+02  9.99548e-01  -1.77215e-04  -2.17088e-04  9.99389e-01  1.00004e+00
1.17705e+02  9.99723e-01  -1.16107e-04  -1.33743e-04  9.99616e-01  1.00002e+00
1.17810e+02  9.99900e-01  -5.39068e-05  -4.91940e-05  9.99848e-01  9.99995e-01
1.17914e+02  1.00008e+00  8.70048e-06  3.56293e-05  1.00008e+00  9.99973e-01
1.18019e+02  1.00025e+00  7.10284e-05  1.19798e-04  1.00031e+00  9.99951e-01
1.18124e+02  1.00043e+00  1.32394e-04  2.02391e-04  1.00054e+00  9.99930e-01
1.18229e+02  1.00059e+00  1.92127e-04  2.82508e-04  1.00076e+00  9.99910e-01
1.18333e+02  1.00075e+00  2.49575e-04  3.59276e-04  1.00097e+00  9.99890e-01
1.18438e+02  1.00091e+00  3.04112e-04  4.31862e-04  1.00117e+00  9.99872e-01
1.18543e+02  1.00105e+00  3.55146e-04  4.99480e-04  1.00135e+00  9.99856e-01
1.18647e+02  1.00118e+00  4.02124e-04  5.61401e-04  1.00152e+00  9.99841e-01
1.18752e+02  1.00129e+00  4.44539e-04  6.16962e-04  1.00168e+00  9.99828e-01
1.18857e+02  1.00139e+00  4.81937e-04  6.65569e-04  1.00181e+00  9.99816e-01
1.18962e+02  1.00148e+00  5.13920e-04  7.06708e-04  1.00193e+00  9.99807e-01
1.19066e+02  1.00155e+00  5.40150e-04  7.39951e-04  1.00202e+00  9.99800e-01
1.19171e+02  1.00160e+00  5.60356e-04  7.64956e-04  1.00209e+00  9.99795e-01
1.19276e+02  1.00164e+00  5.74335e-04  7.81474e-04  1.00214e+00  9.99793e-01
1.19381e+02  1.00165e+00  5.81950e-04  7.89351e-04  1.00216e+00  9.99793e-01
1.19485e+02  1.00165e+00  5.83141e-04  7.88530e-04  1.00216e+00  9.99795e-01
1.19590e+02  1.00163e+00  5.77915e-04  7.79051e-04  1.00214e+00  9.99799e-01
1.19695e+02  1.00159e+00  5.66354e-04  7.61048e-04  1.00209e+00  9.99805e-01
1.19799e+02  1.00154e+00  5.48608e-04  7.34750e-04  1.00202e+00  9.99814e-01
1.19904e+02  1.00147e+00  5.24896e-04  7.00478e-04  1.00193e+00  9.99824e-01
1.20009e+02  1.00138e+00  4.95502e-04  6.58640e-04  1.00181e+00  9.99837e-01
1.20114e+02  1.00128e+00  4.60772e-04  6.09724e-04  1.00168e+00  9.99851e-01
1.20218e+02  1.00116e+00  4.21111e-04  5.54296e-04  1.00153e+00  9.99867e-01
1.20323e+02  1.00103e+00  3.76974e-04  4.92991e-04  1.00136e+00  9.99884e-01
1.20428e+02  1.00089e+00  3.28866e-04  4.26506e-04  1.00118e+00  9.99902e-01
1.20532e+02  1.00074e+00  2.77332e-04  3.55593e-04  1.00099e+00  9.99922e-01
1.20637e+02  1.00059e+00  2.22952e-04  2.81047e-04  1.00079e+00  9.99942e-01
1.20742e+02  1.00043e+00  1.66336e-04  2.03701e-04  1.00057e+00  9.99963e-01
1.20847e+02  1.00026e+00  1.08113e-04  1.24415e-04  1.00036e+00  9.99984e-01
1.20951e+02  1.00009e+00  4.89275e-05  4.40645e-05  1.00014e+00  1.00000e+00
1.21056e+02  9.99924e-01  -1.05680e-05  -3.64661e-05  9.99916e-01  1.00003e+00
1.21161e+02  9.99756e-01  -6.97219e-05  -1.16295e-04  9.99698e-01  1.00005e+00
1.21265e+02  9.99592e-01  -1.27890e-04  -1.94553e-04  9.99483e-01  1.00007e+00
1.21370e+02  9.99433e-01  -1.84441e-04  -2.70392e-04  9.99275e-01  1.00009e+00
1.21475e+02  9.99281e-01  -2.38765e-04  -3.42993e-04  9.99075e-01  1.00010e+00
1.21580e+02  9.99137e-01  -2.90280e-04  -4.11578e-04  9.98887e-01  1.00012e+00
1.21684e+02  9.99003e-01  -3.38437e-04  -4.75414e-04  9.98711e-01  1.00014e+00
1.21789e+02  9.98881e-01  -3.82725e-04  -5.33825e-04  9.98550e-01  1.00015e+00
1.21894e+02  9.98771e-01  -4.22678e-04  -5.86197e-04  9.98405e-01  1.00016e+00
1.21999e+02  9.98675e-01  -4.57879e-04  -6.31981e-04  9.98278e-01  1.00017e+00
1.22103e+02  9.98594e-01  -4.87963e-04  -6.70705e-04  9.98171e-01  1.00018e+00
1.22208e+02  9.98528e-01  -5.12623e-04  -7.01973e-04  9.98083e-01  1.00019e+00
1.22313e+02  9.98479e-01  -5.31612e-04  -7.25473e-04  9.98017e-01  1.00019e+00
1.22417e+02  9.98446e-01  -5.44742e-04  -7.40977e-04  9.97973e-01  1.00020e+00
1.22522e+02  9.98430e-01  -5.51892e-04  -7.48343e-04  9.97951e-01  1.00020e+00
1.22627e+02  9.98432e-01  -5.53004e-04  -7.47521e-04  9.97952e-01  1.00019e+00
1.22732e+02  9.98451e-01  -5.48085e-04  -7.38545e-04  9.97975e-01  1.00019e+00
1.22836e+02  9.98486e-01  -5.37208e-04  -7.21540e-04  9.98020e-01  1.00018e+00
1.22941e+02  9.98538e-01  -5.20509e-04  -6.96718e-04  9.98086e-01  1.00018e+00
1.23046e+02  9.98606e-01  -4.98186e-04  -6.64371e-04  9.98173e-01  1.00017e+00
1.23150e+02  9.98689e-01  -4.70497e-04  -6.24875e-04  9.98280e-01  1.00015e+00
1.23255e+02  9.98786e-01  -4.37759e-04  -5.78682e-04  9.98405e-01  1.00014e+00
1.23360e+02  9.98896e-01  -4.00342e-04  -5.26313e-04  9.98547e-01  1.00013e+00
1.23465e+02  9.99017e-01  -3.58663e-04  -4.68356e-04  9.98705e-01  1.00011e+00
1.23569e+02  9.99149e-01  -3.13189e-04  -4.05460e-04  9.98876e-01  1.00009e+00
1.23674e+02  9.99290e-01  -2.64424e-04  -3.38324e-04  9.99059e-01  1.00007e+00
1.23779e+02  9.99438e-01  -2.12908e-04  -2.67692e-04  9.99252e-01  1.00005e+00
1.23883e+02  9.99592e-01  -1.59210e-04  -1.94345e-04  9.99452e-01  1.00004e+00
1.23988e+02  9.99750e-01  -1.03921e-04  -1.19091e-04  9.99658e-01  1.00002e+00
1.24093e+02  9.99910e-01  -4.76505e-05  -4.27575e-05  9.99867e-01  9.99995e-01
1.24198e+02  1.00007e+00  8.98425e-06  3.38163e-05  1.00008e+00  9.99975e-01
1.24302e+02  1.00023e+00  6.53619e-05  1.09792e-04  1.00028e+00  9.99956e-01
1.24407e+02  1.00039e+00  1.20865e-04  1.84339e-04  1.00049e+00  9.99937e-01
1.24512e+02  1.00054e+00  1.74887e-04  2.56643e-04  1.00069e+00  9.99918e-01
1.24617e+02  1.00068e+00  2.26837e-04  3.25918e-04  1.00088e+00  9.99901e-01
1.24721e+02  1.00082e+00  2.76151e-04  3.91411e-04  1.00106e+00  9.99885e-01
1.24826e+02  1.00095e+00  3.22293e-04  4.52413e-04  1.00123e+00  9.99870e-01
1.24931e+02  1.00107e+00  3.64762e-04  5.08266e-04  1.00138e+00  9.99856e-01
1.25035e+02  1.00117e+00  4.03101e-04  5.58372e-04  1.00152e+00  9.99845e-01
1.25140e+02  1.00126e+00  4.36899e-04  6.02194e-04  1.00164e+00  9.99835e-01
1.25245e+02  1.00134e+00  4.65795e-04  6.39270e-04  1.00174e+00  9.99827e-01
1.25350e+02  1.00140e+00  4.89485e-04  6.69211e-04  1.00183e+00  9.99820e-01
1.25454e+02  1.00145e+00  5.07722e-04  6.91709e-04  1.00189e+00  9.99816e-01
1.25559e+02  1.00148e+00  5.20322e-04  7.06540e-04  1.00193e+00  9.99814e-01
1.25664e+02  1.00150e+00  5.27164e-04  7.13564e-04  1.00195e+00  9.99814e-01
1.25768e+02  1.00150e+00  5.28189e-04  7.12729e-04  1.00195e+00  9.99815e-01
1.25873e+02  1.00148e+00  5.23406e-04  7.04072e-04  1.00193e+00  9.99819e-01
1.25978e+02  1.00144e+00  5.12886e-04  6.87712e-04  1.00189e+00  9.99825e-01
1.26083e+02  1.00139e+00  4.96767e-04  6.63856e-04  1.00182e+00  9.99833e-01
1.26187e+02  1.00133e+00  4.75244e-04  6.32794e-04  1.00174e+00  9.99842e-01
1.26292e+02  1.00125e+00  4.48575e-04  5.94893e-04  1.00164e+00  9.99854e-01
1.26397e+02  1.00116e+00  4.17072e-04  5.50594e-04  1.00152e+00  9.99866e-01
1.26501e+02  1.00105e+00  3.81100e-04  5.00407e-04  1.00138e+00  9.99881e-01
1.26606e+02  1.00094e+00  3.41071e-04  4.44907e-04  1.00123e+00  9.99896e-01
1.26711e+02  1.00081e+00  2.97443e-04  3.84723e-04  1.00107e+00  9.99913e-01
1.26816e+02  1.00068e+00  2.50708e-04  3.20533e-04  1.00089e+00  9.99930e-01
1.26920e+02  1.00053e+00  2.01391e-04  2.53058e-04  1.00071e+00  9.99948e-01
1.27025e+02  1.00039e+00  1.50043e-04  1.83049e-04  1.00052e+00  9.99967e-01
1.27130e+02  1.00024e+00  9.72364e-05  1.11284e-04  1.00032e+00  9.99986e-01
1.27235e+02  1.00008e+00  4.35545e-05  3.85555e-05  1.00012e+00  1.00000e+00
1.27339e+02  9.99931e-01  -1.04117e-05  -3.43363e-05  9.99921e-01  1.00002e+00
1.27444e+02  9.99779e-01  -6.40709e-05  -1.06594e-04  9.99723e-01  1.00004e+00
1.27549e+02  9.99630e-01  -1.16838e-04  -1.77429e-04  9.99528e-01  1.00006e+00
1.27653e+02  9.99486e-01  -1.68141e-04  -2.46074e-04  9.99340e-01  1.00008e+00
1.27758e+02  9.99348e-01  -2.17426e-04  -3.11787e-04  9.99159e-01  1.00009e+00
1.27863e+02  9.99217e-01  -2.64163e-04  -3.73863e-04  9.98988e-01  1.00011e+00
1.27968e+02  9.99095e-01  -3.07854e-04  -4.31638e-04  9.98829e-01  1.00012e+00
1.28072e+02  9.98984e-01  -3.48034e-04  -4.84499e-04  9.98683e-01  1.00014e+00
1.28177e+02  9.98884e-01  -3.84279e-04  -5.31887e-04  9.98552e-01  1.00015e+00
1.28282e+02  9.98797e-01  -4.16209e-04  -5.73306e-04  9.98437e-01  1.00016e+00
1.28386e+02  9.98723e-01  -4.43494e-04  -6.08326e-04  9.98340e-01  1.00016e+00
1.28491e+02  9.98663e-01  -4.65853e-04  -6.36590e-04  9.98261e-01  1.00017e+00
1.28596e+02  9.98618e-01  -4.83059e-04  -6.57811e-04  9.98201e-01  1.00017e+00
1.28701e+02  9.98589e-01  -4.94944e-04  -6.71785e-04  9.98161e-01  1.00018e+00
1.28805e+02  9.98574e-01  -5.01395e-04  -6.78381e-04  9.98142e-01  1.00018e+00
1.28910e+02  9.98576e-01  -5.02359e-04  -6.77553e-04  9.98143e-01  1.00018e+00
1.29015e+02  9.98593e-01  -4.97844e-04  -6.69333e-04  9.98163e-01  1.00017e+00
1.29119e+02  9.98625e-01  -4.87913e-04  -6.53833e-04  9.98204e-01  1.00017e+00
1.29224e+02  9.98672e-01  -4.72692e-04  -6.31245e-04  9.98265e-01  1.00016e+00
1.29329e+02  9.98734e-01  -4.52359e-04  -6.01835e-04  9.98344e-01  1.00015e+00
1.29434e+02  9.98809e-01  -4.27150e-04  -5.65943e-04  9.98441e-01  1.00014e+00
1.29538e+02  9.98897e-01  -3.97352e-04  -5.23978e-04  9.98555e-01  1.00013e+00
1.29643e+02  9.98996e-01  -3.63301e-04  -4.76414e-04  9.98684e-01  1.00011e+00
1.29748e+02  9.99107e-01  -3.25379e-04  -4.23786e-04  9.98827e-01  1.00010e+00
1.29852e+02  9.99227e-01  -2.84007e-04  -3.66681e-04  9.98983e-01  1.00008e+00
1.29957e+02  9.99355e-01  -2.39645e-04  -3.05733e-04  9.99149e-01  1.00007e+00
1.30062e+02  9.99489e-01  -1.92785e-04  -2.41619e-04  9.99324e-01  1.00005e+00
1.30167e+02  9.99629e-01  -1.43943e-04  -1.75045e-04  9.99506e-01  1.00003e+00
1.30271e+02  9.99773e-01  -9.36576e-05  -1.06747e-04  9.99693e-01  1.00001e+00
1.30376e+02  9.99918e-01  -4.24823e-05  -3.74754e-05  9.99883e-01  9.99995e-01
1.30481e+02  1.00006e+00  9.02124e-06  3.20095e-05  1.00007e+00  9.99977e-01
1.30586e+02  1.00021e+00  6.02881e-05  1.00946e-04  1.00026e+00  9.99959e-01
1.30690e+02  1.00035e+00  1.10757e-04  1.68581e-04  1.00045e+00  9.99942e-01
1.30795e+02  1.00049e+00  1.59876e-04  2.34177e-04  1.00063e+00  9.99926e-01
1.30900e+02  1.00062e+00  2.07109e-04  2.97018e-04  1.00080e+00  9.99910e-01
1.31004e+02  1.00075e+00  2.51942e-04  3.56422e-04  1.00096e+00  9.99896e-01
1.31109e+02  1.00086e+00  2.93888e-04  4.11747e-04  1.00112e+00  9.99882e-01
1.31214e+02  1.00097e+00  3.32493e-04  4.62395e-04  1.00126e+00  9.99870e-01
1.31319e+02  1.00107e+00  3.67339e-04  5.07822e-04  1.00138e+00  9.99860e-01
1.31423e+02  1.00115e+00  3.98054e-04  5.47544e-04  1.00149e+00  9.99851e-01
1.31528e+02  1.00122e+00  4.24309e-04  5.81138e-04  1.00159e+00  9.99843e-01
1.31633e+02  1.00128e+00  4.45827e-04  6.08254e-04  1.00166e+00  9.99838e-01
1.31737e+02  1.00132e+00  4.62385e-04  6.28612e-04  1.00172e+00  9.99834e-01
1.31842e+02  1.00135e+00  4.73813e-04  6.42006e-04  1.00176e+00  9.99832e-01
1.31947e+02  1.00136e+00  4.80002e-04  6.48312e-04  1.00178e+00  9.99832e-01
1.32052e+02  1.00136e+00  4.80898e-04  6.47481e-04  1.00178e+00  9.99833e-01
1.32156e+02  1.00135e+00  4.76508e-04  6.39545e-04  1.00176e+00  9.99837e-01
1.32261e+02  1.00131e+00  4.66897e-04  6.24613e-04  1.00172e+00  9.99842e-01
1.32366e+02  1.00127e+00  4.52189e-04  6.02873e-04  1.00166e+00  9.99849e-01
1.32470e+02  1.00121e+00  4.32561e-04  5.74587e-04  1.00158e+00  9.99858e-01
1.32575e+02  1.00114e+00  4.08247e-04  5.40088e-04  1.00149e+00  9.99868e-01
1.32680e+02  1.00105e+00  3.79531e-04  4.99776e-04  1.00138e+00  9.99880e-01
1.32785e+02  1.00096e+00  3.46745e-04  4.54114e-04  1.00125e+00  9.99893e-01
1.32889e+02  1.00085e+00  3.10262e-04  4.03624e-04  1.00112e+00  9.99907e-01
1.32994e+02  1.00074e+00  2.70499e-04  3.48876e-04  1.00097e+00  9.99922e-01
1.33099e+02  1.00062e+00  2.27903e-04  2.90487e-04  1.00081e+00  9.99937e-01
1.33204e+02  1.00049e+00  1.82953e-04  2.29110e-04  1.00064e+00  9.99954e-01
1.33308e+02  1.00035e+00  1.36150e-04  1.65430e-04  1.00047e+00  9.99971e-01
1.33413e+02  1.00022e+00  8.80142e-05  1.00152e-04  1.00029e+00  9.99988e-01
1.33518e+02  1.00008e+00  3.90781e-05  3.39981e-05  1.00011e+00  1.00001e+00
1.33622e+02  9.99937e-01  -1.01200e-05  -3.23052e-05  9.99925e-01  1.00002e+00
1.33727e+02  9.99799e-01  -5.90411e-05  -9.80318e-05  9.99745e-01  1.00004e+00
1.33832e+02  9.99663e-01  -1.07152e-04  -1.62465e-04  9.99568e-01  1.00006e+00
1.33937e+02  9.99531e-01  -1.53930e-04  -2.24906e-04  9.99396e-01  1.00007e+00
1.34041e+02  9.99405e-01  -1.98870e-04  -2.84680e-04  9.99232e-01  1.00009e+00
1.34146e+02  9.99286e-01  -2.41488e-04  -3.41143e-04  9.99076e-01  1.00010e+00
1.34251e+02  9.99175e-01  -2.81329e-04  -3.93692e-04  9.98931e-01  1.00011e+00
1.34355e+02  9.99073e-01  -3.17969e-04  -4.41767e-04  9.98798e-01  1.00012e+00
1.34460e+02  9.98982e-01  -3.51020e-04  -4.84860e-04  9.98679e-01  1.00013e+00
1.34565e+02  9.98903e-01  -3.80135e-04  -5.22519e-04  9.98575e-01  1.00014e+00
1.34670e+02  9.98835e-01  -4.05010e-04  -5.54351e-04  9.98486e-01  1.00015e+00
1.34774e+02  9.98780e-01  -4.25390e-04  -5.80030e-04  9.98415e-01  1.00015e+00
1.34879e+02  9.98739e-01  -4.41068e-04  -5.99295e-04  9.98360e-01  1.00016e+00
1.34984e+02  9.98712e-01  -4.51887e-04  -6.11959e-04  9.98324e-01  1.00016e+00
1.35088e+02  9.98699e-01  -4.57745e-04  -6.17902e-04  9.98306e-01  1.00016e+00
1.35193e+02  9.98700e-01  -4.58594e-04  -6.17083e-04  9.98307e-01  1.00016e+00
1.35298e+02  9.98715e-01  -4.54439e-04  -6.09530e-04  9.98327e-01  1.00016e+00
1.35403e+02  9.98745e-01  -4.45338e-04  -5.95344e-04  9.98364e-01  1.00015e+00
1.35507e+02  9.98788e-01  -4.31406e-04  -5.74701e-04  9.98419e-01  1.00014e+00
1.35612e+02  9.98844e-01  -4.12805e-04  -5.47843e-04  9.98492e-01  1.00014e+00
1.35717e+02  9.98912e-01  -3.89752e-04  -5.15079e-04  9.98580e-01  1.00013e+00
1.35822e+02  9.98992e-01  -3.62506e-04  -4.76784e-04  9.98684e-01  1.00011e+00
1.35926e+02  9.99083e-01  -3.31377e-04  -4.33388e-04  9.98802e-01  1.00010e+00
1.36031e+02  9.99184e-01  -2.96711e-04  -3.85379e-04  9.98933e-01  1.00009e+00
1.36136e+02  9.99294e-01  -2.58896e-04  -3.33293e-04  9.99075e-01  1.00007e+00
1.36240e+02  9.99410e-01  -2.18350e-04  -2.77707e-04  9.99226e-01  1.00006e+00
1.36345e+02  9.99533e-01  -1.75523e-04  -2.19238e-04  9.99386e-01  1.00004e+00
1.36450e+02  9.99661e-01  -1.30887e-04  -1.58531e-04  9.99552e-01  1.00003e+00
1.36555e+02  9.99792e-01  -8.49339e-05  -9.62557e-05  9.99723e-01  1.00001e+00
1.36659e+02  9.99925e-01  -3.81691e-05  -3.30970e-05  9.99896e-01  9.99995e-01
1.36764e+02  1.00006e+00  8.89387e-06  3.02520e-05  1.00007e+00  9.99979e-01
1.36869e+02  1.00019e+00  5.57390e-05  9.30974e-05  1.00024e+00  9.99963e-01
1.36973e+02  1.00032e+00  1.01853e-04  1.54752e-04  1.00041e+00  9.99947e-01
1.37078e+02  1.00045e+00  1.46733e-04  2.14543e-04  1.00058e+00  9.99932e-01
1.37183e+02  1.00057e+00  1.89888e-04  2.71819e-04  1.00073e+00  9.99918e-01
1.37288e+02  1.00068e+00  2.30848e-04  3.25959e-04  1.00088e+00  9.99905e-01
1.37392e+02  1.00079e+00  2.69169e-04  3.76375e-04  1.00102e+00  9.99893e-01
1.37497e+02  1.00089e+00  3.04435e-04  4.22524e-04  1.00115e+00  9.99882e-01
1.37602e+02  1.00097e+00  3.36266e-04  4.63910e-04  1.00126e+00  9.99872e-01
1.37706e+02  1.00105e+00  3.64320e-04  5.00090e-04  1.00136e+00  9.99864e-01
1.37811e+02  1.00112e+00  3.88298e-04  5.30680e-04  1.00145e+00  9.99858e-01
1.37916e+02  1.00117e+00  4.07945e-04  5.55360e-04  1.00152e+00  9.99853e-01
1.38021e+02  1.00121e+00  4.23058e-04  5.73875e-04  1.00157e+00  9.99849e-01
1.38125e+02  1.00123e+00  4.33482e-04  5.86037e-04  1.00161e+00  9.99847e-01
1.38230e+02  1.00125e+00  4.39116e-04  5.91732e-04  1.00162e+00  9.99847e-01
1.38335e+02  1.00125e+00  4.39910e-04  5.90915e-04  1.00162e+00  9.99849e-01
1.38440e+02  1.00123e+00  4.35870e-04  5.83616e-04  1.00160e+00  9.99852e-01
1.38544e+02  1.00120e+00  4.27056e-04  5.69934e-04  1.00157e+00  9.99857e-01
1.38649e+02  1.00116e+00  4.13580e-04  5.50039e-04  1.00151e+00  9.99864e-01
1.38754e+02  1.00111e+00  3.95603e-04  5.24170e-04  1.00144e+00  9.99871e-01
1.38858e+02  1.00104e+00  3.73339e-04  4.92630e-04  1.00136e+00  9.99881e-01
1.38963e+02  1.00096e+00  3.47047e-04  4.55784e-04  1.00126e+00  9.99891e-01
1.39068e+02  1.00088e+00  3.17029e-04  4.14056e-04  1.00115e+00  9.99903e-01
1.39173e+02  1.00078e+00  2.83628e-04  3.67918e-04  1.00102e+00  9.99916e-01
1.39277e+02  1.00068e+00  2.47222e-04  3.17893e-04  1.00088e+00  9.99929e-01
1.39382e+02  1.00056e+00  2.08222e-04  2.64542e-04  1.00074e+00  9.99944e-01
1.39487e+02  1.00045e+00  1.67064e-04  2.08463e-04  1.00058e+00  9.99959e-01
1.39591e+02  1.00032e+00  1.24208e-04  1.50280e-04  1.00042e+00  9.99974e-01
1.39696e+02  1.00020e+00  8.01284e-05  9.06370e-05  1.00026e+00  9.99989e-01
1.39801e+02  1.00007e+00  3.53133e-05  3.01927e-05  1.00010e+00  1.00001e+00
1.39906e+02  9.99943e-01  -9.74451e-06  -3.03884e-05  9.99929e-01  1.00002e+00
1.40010e+02  9.99816e-01  -5.45516e-05  -9.04432e-05  9.99765e-01  1.00004e+00
1.40115e+02  9.99691e-01  -9.86191e-05  -1.49317e-04  9.99603e-01  1.00005e+00
1.40220e+02  9.99571e-01  -1.41468e-04  -2.06370e-04  9.99446e-01  1.00006e+00
1.40324e+02  9.99455e-01  -1.82636e-04  -2.60985e-04  9.99295e-01  1.00008e+00
1.40429e+02  9.99346e-01  -2.21679e-04  -3.12575e-04  9.99153e-01  1.00009e+00
1.40534e+02  9.99244e-01  -2.58179e-04  -3.60587e-04  9.99021e-01  1.00010e+00
1.40639e+02  9.99151e-01  -2.91747e-04  -4.04509e-04  9.98899e-01  1.00011e+00
1.40743e+02  9.99068e-01  -3.22027e-04  -4.43875e-04  9.98790e-01  1.00012e+00
1.40848e+02  9.98994e-01  -3.48700e-04  -4.78271e-04  9.98695e-01  1.00013e+00
1.40953e+02  9.98932e-01  -3.71488e-04  -5.07339e-04  9.98614e-01  1.00014e+00
1.41058e+02  9.98882e-01  -3.90155e-04  -5.30778e-04  9.98548e-01  1.00014e+00
1.41162e+02  9.98844e-01  -4.04510e-04  -5.48351e-04  9.98499e-01  1.00014e+00
1.41267e+02  9.98819e-01  -4.14411e-04  -5.59884e-04  9.98466e-01  1.00015e+00
1.41372e+02  9.98807e-01  -4.19762e-04  -5.65270e-04  9.98450e-01  1.00015e+00
1.41476e+02  9.98808e-01  -4.20519e-04  -5.64469e-04  9.98451e-01  1.00014e+00
1.41581e+02  9.98822e-01  -4.16686e-04  -5.57506e-04  9.98468e-01  1.00014e+00
1.41686e+02  9.98849e-01  -4.08318e-04  -5.44475e-04  9.98503e-01  1.00014e+00
1.41791e+02  9.98888e-01  -3.95516e-04  -5.25536e-04  9.98553e-01  1.00013e+00
1.41895e+02  9.98939e-01  -3.78432e-04  -5.00909e-04  9.98620e-01  1.00012e+00
1.42000e+02  9.99002e-01  -3.57263e-04  -4.70879e-04  9.98701e-01  1.00011e+00
1.42105e+02  9.99076e-01  -3.32248e-04  -4.35788e-04  9.98796e-01  1.00010e+00
1.42209e+02  9.99159e-01  -3.03669e-04  -3.96030e-04  9.98904e-01  1.00009e+00
1.42314e+02  9.99251e-01  -2.71846e-04  -3.52051e-04  9.99024e-01  1.00008e+00
1.42419e+02  9.99352e-01  -2.37133e-04  -3.04341e-04  9.99154e-01  1.00007e+00
1.42524e+02  9.99459e-01  -1.99916e-04  -2.53431e-04  9.99293e-01  1.00005e+00
1.42628e+02  9.99572e-01  -1.60605e-04  -1.99884e-04  9.99440e-01  1.00004e+00
1.42733e+02  9.99689e-01  -1.19636e-04  -1.44292e-04  9.99592e-01  1.00002e+00
1.42838e+02  9.99809e-01  -7.74579e-05  -8.72662e-05  9.99748e-01  1.00001e+00
1.42942e+02  9.99931e-01  -3.45360e-05  -2.94346e-05  9.99907e-01  9.99995e-01
1.43047e+02  1.00005e+00  8.65878e-06  2.85682e-05  1.00007e+00  9.99980e-01
1.43152e+02  1.00018e+00  5.16529e-05  8.61070e-05  1.00022e+00  9.99966e-01
1.43257e+02  1.00029e+00  9.39756e-05  1.42552e-04  1.00038e+00  9.99951e-01
1.43361e+02  1.00041e+00  1.35164e-04  1.97289e-04  1.00053e+00  9.99938e-01
1.43466e+02  1.00052e+00  1.74770e-04  2.49720e-04  1.00067e+00  9.99925e-01
1.43571e+02  1.00063e+00  2.12360e-04  2.99276e-04  1.00081e+00  9.99913e-01
1.43676e+02  1.00072e+00  2.47527e-04  3.45420e-04  1.00094e+00  9.99902e-01
1.43780e+02  1.00081e+00  2.79891e-04  3.87654e-04  1.00106e+00  9.99892e-01
1.43885e+02  1.00089e+00  3.09100e-04  4.25524e-04  1.00116e+00  9.99884e-01
1.43990e+02  1.00096e+00  3.34842e-04  4.58625e-04  1.00125e+00  9.99876e-01
1.44094e+02  1.00102e+00  3.56842e-04  4.86605e-04  1.00133e+00  9.99870e-01
1.44199e+02  1.00107e+00  3.74867e-04  5.09170e-04  1.00139e+00  9.99866e-01
1.44304e+02  1.00111e+00  3.88729e-04  5.26086e-04  1.00144e+00  9.99863e-01
1.44409e+02  1.00113e+00  3.98285e-04  5.37183e-04  1.00147e+00  9.99861e-01
1.44513e+02  1.00115e+00  4.03442e-04  5.42354e-04  1.00149e+00  9.99861e-01
1.44618e+02  1.00114e+00  4.04155e-04  5.41559e-04  1.00149e+00  9.99863e-01
1.44723e+02  1.00113e+00  4.00429e-04  5.34825e-04  1.00147e+00  9.99866e-01
1.44827e+02  1.00111e+00  3.92317e-04  5.22241e-04  1.00144e+00  9.99870e-01
1.44932e+02  1.00107e+00  3.79922e-04  5.03964e-04  1.00139e+00  9.99876e-01
1.45037e+02  1.00102e+00  3.63392e-04  4.80213e-04  1.00132e+00  9.99883e-01
1.45142e+02  1.00096e+00  3.42923e-04  4.51263e-04  1.00125e+00  9.99892e-01
1.45246e+02  1.00089e+00  3.18752e-04  4.17450e-04  1.00115e+00  9.99901e-01
1.45351e+02  1.00081e+00  2.91155e-04  3.79161e-04  1.00105e+00  9.99912e-01
1.45456e+02  1.00072e+00  2.60448e-04  3.36829e-04  1.00093e+00  9.99924e-01
1.45560e+02  1.00062e+00  2.26977e-04  2.90933e-04  1.00081e+00  9.99936e-01
1.45665e+02  1.00052e+00  1.91119e-04  2.41988e-04  1.00068e+00  9.99949e-01
1.45770e+02  1.00041e+00  1.53276e-04  1.90539e-04  1.00053e+00  9.99963e-01
1.45875e+02  1.00030e+00  1.13868e-04  1.37161e-04  1.00039e+00  9.99977e-01
1.45979e+02  1.00018e+00  7.33338e-05  8.24423e-05  1.00024e+00  9.99991e-01
1.46084e+02  1.00007e+00  3.21198e-05  2.69884e-05  1.00009e+00  1.00001e+00
1.46189e+02  9.99948e-01  -9.32033e-06  -2.85917e-05  9.99933e-01  1.00002e+00
1.46293e+02  9.99831e-01  -5.05326e-05  -8.36895e-05  9.99782e-01  1.00003e+00
1.46398e+02  9.99717e-01  -9.10675e-05  -1.37704e-04  9.99634e-01  1.00005e+00
1.46503e+02  9.99606e-01  -1.30484e-04  -1.90049e-04  9.99489e-01  1.00006e+00
1.46608e+02  9.99499e-01  -1.68357e-04  -2.40157e-04  9.99351e-01  1.00007e+00
1.46712e+02  9.99399e-01  -2.04276e-04  -2.87488e-04  9.99221e-01  1.00008e+00
1.46817e+02  9.99305e-01  -2.37858e-04  -3.31536e-04  9.99099e-01  1.00009e+00
1.46922e+02  9.99219e-01  -2.68743e-04  -3.71829e-04  9.98988e-01  1.00010e+00
1.47027e+02  9.99142e-01  -2.96604e-04  -4.07940e-04  9.98888e-01  1.00011e+00
1.47131e+02  9.99075e-01  -3.21146e-04  -4.39488e-04  9.98800e-01  1.00012e+00
1.47236e+02  9.99018e-01  -3.42113e-04  -4.66143e-04  9.98726e-01  1.00012e+00
1.47341e+02  9.98971e-01  -3.59286e-04  -4.87629e-04  9.98665e-01  1.00013e+00
1.47445e+02  9.98936e-01  -3.72491e-04  -5.03729e-04  9.98620e-01  1.00013e+00
1.47550e+02  9.98913e-01  -3.81594e-04  -5.14281e-04  9.98590e-01  1.00013e+00
1.47655e+02  9.98902e-01  -3.86509e-04  -5.19187e-04  9.98575e-01  1.00013e+00
1.47760e+02  9.98903e-01  -3.87192e-04  -5.18409e-04  9.98576e-01  1.00013e+00
1.47864e+02  9.98915e-01  -3.83649e-04  -5.11972e-04  9.98592e-01  1.00013e+00
1.47969e+02  9.98940e-01  -3.75928e-04  -4.99960e-04  9.98624e-01  1.00012e+00
1.48074e+02  9.98976e-01  -3.64123e-04  -4.82521e-04  9.98671e-01  1.00012e+00
1.48178e+02  9.99023e-01  -3.48374e-04  -4.59857e-04  9.98732e-01  1.00011e+00
1.48283e+02  9.99081e-01  -3.28862e-04  -4.32229e-04  9.98807e-01  1.00010e+00
1.48388e+02  9.99148e-01  -3.05806e-04  -3.99951e-04  9.98894e-01  1.00009e+00
1.48493e+02  9.99225e-01  -2.79468e-04  -3.63386e-04  9.98994e-01  1.00008e+00
1.48597e+02  9.99310e-01  -2.50140e-04  -3.22944e-04  9.99104e-01  1.00007e+00
1.48702e+02  9.99403e-01  -2.18150e-04  -2.79076e-04  9.99224e-01  1.00006e+00
1.48807e+02  9.99501e-01  -1.83853e-04  -2.32267e-04  9.99352e-01  1.00005e+00
1.48911e+02  9.99605e-01  -1.47626e-04  -1.83038e-04  9.99486e-01  1.00004e+00
1.49016e+02  9.99713e-01  -1.09871e-04  -1.31930e-04  9.99626e-01  1.00002e+00
1.49121e+02  9.99824e-01  -7.10033e-05  -7.95070e-05  9.99770e-01  1.00001e+00
1.49226e+02  9.99936e-01  -3.14498e-05  -2.63456e-05  9.99916e-01  9.99995e-01
1.49330e+02  1.00005e+00  8.35510e-06  2.69710e-05  1.00006e+00  9.99981e-01
1.49435e+02  1.00016e+00  4.79750e-05  7.98588e-05  1.00021e+00  9.99968e-01
1.49540e+02  1.00027e+00  8.69761e-05  1.31739e-04  1.00035e+00  9.99955e-01
1.49645e+02  1.00038e+00  1.24932e-04  1.82047e-04  1.00049e+00  9.99943e-01
1.49749e+02  1.00048e+00  1.61429e-04  2.30233e-04  1.00062e+00  9.99931e-01
1.49854e+02  1.00058e+00  1.96069e-04  2.75774e-04  1.00075e+00  9.99920e-01
1.49959e+02  1.00067e+00  2.28476e-04  3.18177e-04  1.00086e+00  9.99910e-01
1.50063e+02  1.00075e+00  2.58299e-04  3.56984e-04  1.00097e+00  9.99901e-01
1.50168e+02  1.00082e+00  2.85216e-04  3.91777e-04  1.00107e+00  9.99893e-01
1.50273e+02  1.00089e+00  3.08937e-04  4.22183e-04  1.00115e+00  9.99887e-01
1.50378e+02  1.00094e+00  3.29208e-04  4.47880e-04  1.00122e+00  9.99881e-01
1.50482e+02  1.00099e+00  3.45816e-04  4.68597e-04  1.00128e+00  9.99877e-01
1.50587e+02  1.00102e+00  3.58586e-04  4.84119e-04  1.00133e+00  9.99874e-01
1.50692e+02  1.00105e+00  3.67387e-04  4.94288e-04  1.00136e+00  9.99873e-01
1.50796e+02  1.00106e+00  3.72133e-04  4.99008e-04  1.00137e+00  9.99873e-01
1.50901e+02  1.00106e+00  3.72781e-04  4.98240e-04  1.00137e+00  9.99875e-01
1.51006e+02  1.00104e+00  3.69335e-04  4.92008e-04  1.00135e+00  9.99877e-01
1.51111e+02  1.00102e+00  3.61845e-04  4.80396e-04  1.00132e+00  9.99881e-01
1.51215e+02  1.00098e+00  3.50405e-04  4.63546e-04  1.00128e+00  9.99887e-01
1.51320e+02  1.00094e+00  3.35150e-04  4.41659e-04  1.00122e+00  9.99893e-01
1.51425e+02  1.00088e+00  3.16261e-04  4.14990e-04  1.00115e+00  9.99901e-01
1.51529e+02  1.00082e+00  2.93955e-04  3.83845e-04  1.00106e+00  9.99910e-01
1.51634e+02  1.00074e+00  2.68488e-04  3.48581e-04  1.00097e+00  9.99920e-01
1.51739e+02  1.00066e+00  2.40150e-04  3.09597e-04  1.00086e+00  9.99931e-01
1.51844e+02  1.00057e+00  2.09259e-04  2.67331e-04  1.00074e+00  9.99942e-01
1.51948e+02  1.00048e+00  1.76164e-04  2.22258e-04  1.00062e+00  9.99954e-01
1.52053e+02  1.00038e+00  1.41234e-04  1.74881e-04  1.00049e+00  9.99966e-01
1.52158e+02  1.00028e+00  1.04858e-04  1.25725e-04  1.00036e+00  9.99979e-01
1.52263e+02  1.00017e+00  6.74387e-05  7.53364e-05  1.00022e+00  9.99992e-01
1.52367e+02  1.00006e+00  2.93895e-05  2.42693e-05  1.00008e+00  1.00001e+00
1.52472e+02  9.99952e-01  -8.87131e-06  -2.69148e-05  9.99937e-01  1.00002e+00
1.52577e+02  9.99844e-01  -4.69246e-05  -7.76554e-05  9.99798e-01  1.00003e+00
1.52681e+02  9.99739e-01  -8.43550e-05  -1.27399e-04  9.99661e-01  1.00004e+00
1.52786e+02  9.99636e-01  -1.20756e-04  -1.75605e-04  9.99528e-01  1.00005e+00
1.52891e+02  9.99538e-01  -1.55732e-04  -2.21751e-04  9.99401e-01  1.00007e+00
1.52996e+02  9.99445e-01  -1.88908e-04  -2.65341e-04  9.99280e-01  1.00008e+00
1.53100e+02  9.99358e-01  -2.19926e-04  -3.05904e-04  9.99168e-01  1.00009e+00
1.53205e+02  9.99279e-01  -2.48454e-04  -3.43009e-04  9.99066e-01  1.00009e+00
1.53310e+02  9.99208e-01  -2.74191e-04  -3.76260e-04  9.98973e-01  1.00010e+00
1.53414e+02  9.99145e-01  -2.96862e-04  -4.05307e-04  9.98893e-01  1.00011e+00
1.53519e+02  9.99093e-01  -3.16230e-04  -4.29844e-04  9.98824e-01  1.00011e+00
1.53624e+02  9.99050e-01  -3.32095e-04  -4.49618e-04  9.98769e-01  1.00012e+00
1.53729e+02  9.99017e-01  -3.44292e-04  -4.64426e-04  9.98727e-01  1.00012e+00
1.53833e+02  9.98996e-01  -3.52699e-04  -4.74121e-04  9.98699e-01  1.00012e+00
1.53938e+02  9.98985e-01  -3.57234e-04  -4.78610e-04  9.98686e-01  1.00012e+00
1.54043e+02  9.98986e-01  -3.57858e-04  -4.77860e-04  9.98686e-01  1.00012e+00
1.54147e+02  9.98998e-01  -3.54575e-04  -4.71892e-04  9.98702e-01  1.00012e+00
1.54252e+02  9.99020e-01  -3.47430e-04  -4.60785e-04  9.98731e-01  1.00011e+00
1.54357e+02  9.99053e-01  -3.36509e-04  -4.44673e-04  9.98774e-01  1.00011e+00
1.54462e+02  9.99097e-01  -3.21941e-04  -4.23744e-04  9.98831e-01  1.00010e+00
1.54566e+02  9.99150e-01  -3.03892e-04  -3.98238e-04  9.98900e-01  1.00009e+00
1.54671e+02  9.99213e-01  -2.82568e-04  -3.68444e-04  9.98981e-01  1.00009e+00
1.54776e+02  9.99283e-01  -2.58206e-04  -3.34698e-04  9.99072e-01  1.00008e+00
1.54881e+02  9.99362e-01  -2.31081e-04  -2.97377e-04  9.99174e-01  1.00007e+00
1.54985e+02  9.99447e-01  -2.01493e-04  -2.56897e-04  9.99285e-01  1.00006e+00
1.55090e+02  9.99538e-01  -1.69770e-04  -2.13706e-04  9.99403e-01  1.00004e+00
1.55195e+02  9.99634e-01  -1.36264e-04  -1.68283e-04  9.99527e-01  1.00003e+00
1.55299e+02  9.99734e-01  -1.01343e-04  -1.21130e-04  9.99656e-01  1.00002e+00
1.55404e+02  9.99837e-01  -6.53927e-05  -7.27649e-05  9.99789e-01  1.00001e+00
1.55509e+02  9.99941e-01  -2.88078e-05  -2.37203e-05  9.99924e-01  9.99995e-01
1.55614e+02  1.00004e+00  8.00998e-06  2.54659e-05  1.00006e+00  9.99983e-01
1.55718e+02  1.00015e+00  4.46570e-05  7.42549e-05  1.00019e+00  9.99970e-01
1.55823e+02  1.00025e+00  8.07322e-05  1.22113e-04  1.00032e+00  9.99959e-01
1.55928e+02  1.00035e+00  1.15841e-04  1.68518e-04  1.00045e+00  9.99947e-01
1.56032e+02  1.00044e+00  1.49601e-04  2.12965e-04  1.00058e+00  9.99937e-01
1.56137e+02  1.00053e+00  1.81644e-04  2.54970e-04  1.00069e+00  9.99927e-01
1.56242e+02  1.00062e+00  2.11621e-04  2.94079e-04  1.00080e+00  9.99918e-01
1.56347e+02  1.00069e+00  2.39208e-04  3.29867e-04  1.00090e+00  9.99909e-01
1.56451e+02  1.00076e+00  2.64108e-04  3.61951e-04  1.00099e+00  9.99902e-01
1.56556e+02  1.00082e+00  2.86051e-04  3.89987e-04  1.00107e+00  9.99896e-01
1.56661e+02  1.00087e+00  3.04804e-04  4.13676e-04  1.00113e+00  9.99891e-01
1.56765e+02  1.00092e+00  3.20167e-04  4.32769e-04  1.00119e+00  9.99887e-01
1.56870e+02  1.00095e+00  3.31979e-04  4.47067e-04  1.00123e+00  9.99885e-01
1.56975e+02  1.00097e+00  3.40119e-04  4.56424e-04  1.00125e+00  9.99884e-01
1.57080e+02  1.00098e+00  3.44506e-04  4.60751e-04  1.00127e+00  9.99884e-01
1.57184e+02  1.00098e+00  3.45102e-04  4.60012e-04  1.00127e+00  9.99885e-01
1.57289e+02  1.00097e+00  3.41909e-04  4.54229e-04  1.00125e+00  9.99888e-01
1.57394e+02  1.00094e+00  3.34972e-04  4.43480e-04  1.00122e+00  9.99891e-01
1.57499e+02  1.00091e+00  3.24378e-04  4.27895e-04  1.00118e+00  9.99896e-01
1.57603e+02  1.00087e+00  3.10252e-04  4.07659e-04  1.00113e+00  9.99903e-01
1.57708e+02  1.00082e+00  2.92761e-04  3.83007e-04  1.00106e+00  9.99910e-01
1.57813e+02  1.00076e+00  2.72105e-04  3.54223e-04  1.00098e+00  9.99918e-01
1.57917e+02  1.00069e+00  2.48521e-04  3.21633e-04  1.00089e+00  9.99927e-01
1.58022e+02  1.00061e+00  2.22276e-04  2.85608e-04  1.00079e+00  9.99937e-01
1.58127e+02  1.00053e+00  1.93666e-04  2.46551e-04  1.00069e+00  9.99947e-01
1.58232e+02  1.00044e+00  1.63012e-04  2.04901e-04  1.00057e+00  9.99958e-01
1.58336e+02  1.00035e+00  1.30656e-04  1.61122e-04  1.00045e+00  9.99970e-01
1.58441e+02  1.00026e+00  9.69585e-05  1.15699e-04  1.00033e+00  9.99981e-01
1.58546e+02  1.00016e+00  6.22916e-05  6.91359e-05  1.00020e+00  9.99993e-01
1.58650e+02  1.00006e+00  2.70384e-05  2.19454e-05  1.00007e+00  1.00001e+00
1.58755e+02  9.99956e-01  -8.41365e-06  -2.53540e-05  9.99941e-01  1.00002e+00
1.58860e+02  9.99856e-01  -4.36761e-05  -7.22443e-05  9.99812e-01  1.00003e+00
1.58965e+02  9.99758e-01  -7.83640e-05  -1.18214e-04  9.99685e-01  1.00004e+00
1.59069e+02  9.99663e-01  -1.12100e-04  -1.62763e-04  9.99562e-01  1.00005e+00
1.59174e+02  9.99572e-01  -1.44519e-04  -2.05409e-04  9.99445e-01  1.00006e+00
1.59279e+02  9.99486e-01  -1.75271e-04  -2.45691e-04  9.99333e-01  1.00007e+00
1.59383e+02  9.99406e-01  -2.04024e-04  -2.83178e-04  9.99230e-01  1.00008e+00
1.59488e+02  9.99332e-01  -2.30472e-04  -3.17466e-04  9.99135e-01  1.00009e+00
1.59593e+02  9.99266e-01  -2.54332e-04  -3.48192e-04  9.99049e-01  1.00009e+00
1.59698e+02  9.99208e-01  -2.75353e-04  -3.75030e-04  9.98975e-01  1.00010e+00
1.59802e+02  9.99159e-01  -2.93311e-04  -3.97698e-04  9.98911e-01  1.00010e+00
1.59907e+02  9.99119e-01  -3.08021e-04  -4.15961e-04  9.98860e-01  1.00011e+00
1.60012e+02  9.99089e-01  -3.19331e-04  -4.29632e-04  9.98821e-01  1.00011e+00
1.60117e+02  9.99069e-01  -3.27125e-04  -4.38573e-04  9.98796e-01  1.00011e+00
1.60221e+02  9.99059e-01  -3.31330e-04  -4.42700e-04  9.98783e-01  1.00011e+00
1.60326e+02  9.99059e-01  -3.31906e-04  -4.41979e-04  9.98784e-01  1.00011e+00
1.60431e+02  9.99070e-01  -3.28858e-04  -4.36432e-04  9.98798e-01  1.00011e+00
1.60535e+02  9.99091e-01  -3.22226e-04  -4.26130e-04  9.98826e-01  1.00010e+00
1.60640e+02  9.99122e-01  -3.12092e-04  -4.11199e-04  9.98866e-01  1.00010e+00
1.60745e+02  9.99162e-01  -2.98573e-04  -3.91810e-04  9.98918e-01  1.00009e+00
1.60850e+02  9.99211e-01  -2.81824e-04  -3.68188e-04  9.98982e-01  1.00009e+00
1.60954e+02  9.99269e-01  -2.62035e-04  -3.40598e-04  9.99057e-01  1.00008e+00
1.61059e+02  9.99335e-01  -2.39429e-04  -3.09352e-04  9.99142e-01  1.00007e+00
1.61164e+02  9.99408e-01  -2.14256e-04  -2.74798e-04  9.99236e-01  1.00006e+00
1.61268e+02  9.99487e-01  -1.86797e-04  -2.37321e-04  9.99339e-01  1.00005e+00
1.61373e+02  9.99571e-01  -1.57357e-04  -1.97338e-04  9.99448e-01  1.00004e+00
1.61478e+02  9.99660e-01  -1.26261e-04  -1.55289e-04  9.99563e-01  1.00003e+00
1.61583e+02  9.99753e-01  -9.38513e-05  -1.11640e-04  9.99683e-01  1.00002e+00
1.61687e+02  9.99848e-01  -6.04855e-05  -6.68707e-05  9.99806e-01  1.00001e+00
1.61792e+02  9.99944e-01  -2.65300e-05  -2.14734e-05  9.99931e-01  9.99995e-01
1.61897e+02  1.00004e+00  7.64227e-06  2.40538e-05  1.00006e+00  9.99984e-01
1.62001e+02  1.00014e+00  4.16569e-05  6.92121e-05  1.00018e+00  9.99972e-01
1.62106e+02  1.00023e+00  7.51415e-05  1.13508e-04  1.00030e+00  9.99962e-01
1.62211e+02  1.00032e+00  1.07730e-04  1.56457e-04  1.00042e+00  9.99951e-01
1.62316e+02  1.00041e+00  1.39067e-04  1.97593e-04  1.00053e+00  9.99941e-01
1.62420e+02  1.00049e+00  1.68811e-04  2.36468e-04  1.00064e+00  9.99932e-01
1.62525e+02  1.00057e+00  1.96639e-04  2.72659e-04  1.00074e+00  9.99924e-01
1.62630e+02  1.00064e+00  2.22249e-04  3.05777e-04  1.00083e+00  9.99916e-01
1.62734e+02  1.00071e+00  2.45364e-04  3.35465e-04  1.00092e+00  9.99910e-01
1.62839e+02  1.00076e+00  2.65735e-04  3.61404e-04  1.00099e+00  9.99904e-01
1.62944e+02  1.00081e+00  2.83146e-04  3.83318e-04  1.00105e+00  9.99900e-01
1.63049e+02  1.00085e+00  2.97409e-04  4.00975e-04  1.00110e+00  9.99896e-01
1.63153e+02  1.00088e+00  3.08377e-04  4.14192e-04  1.00114e+00  9.99894e-01
1.63258e+02  1.00090e+00  3.15935e-04  4.22834e-04  1.00116e+00  9.99893e-01
1.63363e+02  1.00091e+00  3.20009e-04  4.26818e-04  1.00117e+00  9.99893e-01
1.63468e+02  1.00091e+00  3.20562e-04  4.26110e-04  1.00117e+00  9.99894e-01
1.63572e+02  1.00090e+00  3.17596e-04  4.20730e-04  1.00116e+00  9.99897e-01
1.63677e+02  1.00088e+00  3.11153e-04  4.10751e-04  1.00113e+00  9.99900e-01
1.63782e+02  1.00085e+00  3.01313e-04  3.96292e-04  1.00109e+00  9.99905e-01
1.63886e+02  1.00081e+00  2.88192e-04  3.77524e-04  1.00104e+00  9.99911e-01
1.63991e+02  1.00076e+00  2.71943e-04  3.54666e-04  1.00098e+00  9.99917e-01
1.64096e+02  1.00071e+00  2.52754e-04  3.27979e-04  1.00091e+00  9.99925e-01
1.64201e+02  1.00064e+00  2.30843e-04  2.97766e-04  1.00083e+00  9.99933e-01
1.64305e+02  1.00057e+00  2.06457e-04  2.64369e-04  1.00074e+00  9.99942e-01
1.64410e+02  1.00049e+00  1.79872e-04  2.28163e-04  1.00064e+00  9.99952e-01
1.64515e+02  1.00041e+00  1.51386e-04  1.89552e-04  1.00053e+00  9.99962e-01
1.64619e+02  1.00033e+00  1.21315e-04  1.48968e-04  1.00042e+00  9.99972e-01
1.64724e+02  1.00024e+00  8.99947e-05  1.06860e-04  1.00030e+00  9.99983e-01
1.64829e+02  1.00015e+00  5.77714e-05  6.36942e-05  1.00019e+00  9.99994e-01
1.64934e+02  1.00005e+00  2.50003e-05  1.99461e-05  1.00006e+00  1.00001e+00
1.65038e+02  9.99960e-01  -7.95820e-06  -2.39036e-05  9.99944e-01  1.00002e+00
1.65143e+02  9.99867e-01  -4.07431e-05  -6.73750e-05  9.99825e-01  1.00003e+00
1.65248e+02  9.99776e-01  -7.29966e-05  -1.09993e-04  9.99707e-01  1.00004e+00
1.65352e+02  9.99687e-01  -1.04368e-04  -1.51296e-04  9.99593e-01  1.00005e+00
1.65457e+02  9.99603e-01  -1.34516e-04  -1.90833e-04  9.99484e-01  1.00006e+00
1.65562e+02  9.99522e-01  -1.63116e-04  -2.28180e-04  9.99381e-01  1.00007e+00
1.65667e+02  9.99448e-01  -1.89860e-04  -2.62934e-04  9.99284e-01  1.00007e+00
1.65771e+02  9.99379e-01  -2.14462e-04  -2.94723e-04  9.99196e-01  1.00008e+00
1.65876e+02  9.99318e-01  -2.36658e-04  -3.23207e-04  9.99117e-01  1.00009e+00
1.65981e+02  9.99264e-01  -2.56213e-04  -3.48086e-04  9.99048e-01  1.00009e+00
1.66086e+02  9.99218e-01  -2.72922e-04  -3.69097e-04  9.98989e-01  1.00010e+00
1.66190e+02  9.99181e-01  -2.86609e-04  -3.86020e-04  9.98941e-01  1.00010e+00
1.66295e+02  9.99153e-01  -2.97133e-04  -3.98683e-04  9.98906e-01  1.00010e+00
1.66400e+02  9.99134e-01  -3.04387e-04  -4.06959e-04  9.98882e-01  1.00010e+00
1.66504e+02  9.99125e-01  -3.08300e-04  -4.10767e-04  9.98870e-01  1.00010e+00
1.66609e+02  9.99125e-01  -3.08837e-04  -4.10077e-04  9.98871e-01  1.00010e+00
1.66714e+02  9.99135e-01  -3.06001e-04  -4.04908e-04  9.98884e-01  1.00010e+00
1.66819e+02  9.99154e-01  -2.99830e-04  -3.95328e-04  9.98910e-01  1.00010e+00
1.66923e+02  9.99183e-01  -2.90398e-04  -3.81450e-04  9.98947e-01  1.00009e+00
1.67028e+02  9.99220e-01  -2.77816e-04  -3.63436e-04  9.98995e-01  1.00009e+00
1.67133e+02  9.99266e-01  -2.62227e-04  -3.41493e-04  9.99055e-01  1.00008e+00
1.67237e+02  9.99320e-01  -2.43807e-04  -3.15868e-04  9.99124e-01  1.00007e+00
1.67342e+02  9.99381e-01  -2.22763e-04  -2.86849e-04  9.99204e-01  1.00006e+00
1.67447e+02  9.99448e-01  -1.99329e-04  -2.54760e-04  9.99291e-01  1.00006e+00
1.67552e+02  9.99522e-01  -1.73767e-04  -2.19959e-04  9.99386e-01  1.00005e+00
1.67656e+02  9.99601e-01  -1.46359e-04  -1.82831e-04  9.99488e-01  1.00004e+00
1.67761e+02  9.99683e-01  -1.17409e-04  -1.43787e-04  9.99595e-01  1.00003e+00
1.67866e+02  9.99769e-01  -8.72346e-05  -1.03257e-04  9.99706e-01  1.00002e+00
1.67970e+02  9.99858e-01  -5.61690e-05  -6.16887e-05  9.99820e-01  1.00001e+00
1.68075e+02  9.99948e-01  -2.45534e-05  -1.95379e-05  9.99936e-01  9.99995e-01
1.68180e+02  1.00004e+00  7.26505e-06  2.27327e-05  1.00005e+00  9.99985e-01
1.68285e+02  1.00013e+00  3.89377e-05  6.46600e-05  1.00017e+00  9.99974e-01
1.68389e+02  1.00022e+00  7.01179e-05  1.05786e-04  1.00028e+00  9.99964e-01
1.68494e+02  1.00030e+00  1.00465e-04  1.45661e-04  1.00039e+00  9.99955e-01
1.68599e+02  1.00038e+00  1.29647e-04  1.83851e-04  1.00050e+00  9.99946e-01
1.68704e+02  1.00046e+00  1.57347e-04  2.19940e-04  1.00060e+00  9.99937e-01
1.68808e+02  1.00053e+00  1.83264e-04  2.53538e-04  1.00069e+00  9.99930e-01
1.68913e+02  1.00060e+00  2.07116e-04  2.84281e-04  1.00078e+00  9.99923e-01
1.69018e+02  1.00066e+00  2.28646e-04  3.11838e-04  1.00085e+00  9.99917e-01
1.69122e+02  1.00071e+00  2.47621e-04  3.35913e-04  1.00092e+00  9.99912e-01
1.69227e+02  1.00076e+00  2.63839e-04  3.56249e-04  1.00098e+00  9.99908e-01
1.69332e+02  1.00079e+00  2.77128e-04  3.72633e-04  1.00102e+00  9.99904e-01
1.69437e+02  1.00082e+00  2.87346e-04  3.84891e-04  1.00106e+00  9.99902e-01
1.69541e+02  1.00084e+00  2.94390e-04  3.92900e-04  1.00108e+00  9.99901e-01
1.69646e+02  1.00085e+00  2.98188e-04  3.96582e-04  1.00109e+00  9.99902e-01
1.69751e+02  1.00085e+00  2.98705e-04  3.95905e-04  1.00109e+00  9.99903e-01
1.69855e+02  1.00084e+00  2.95945e-04  3.90889e-04  1.00108e+00  9.99905e-01
1.69960e+02  1.00082e+00  2.89945e-04  3.81599e-04  1.00105e+00  9.99908e-01
1.70065e+02  1.00079e+00  2.80779e-04  3.68147e-04  1.00102e+00  9.99913e-01
1.70170e+02  1.00075e+00  2.68556e-04  3.50691e-04  1.00097e+00  9.99918e-01
1.70274e+02  1.00071e+00  2.53416e-04  3.29434e-04  1.00091e+00  9.99924e-01
1.70379e+02  1.00066e+00  2.35535e-04  3.04619e-04  1.00084e+00  9.99931e-01
1.70484e+02  1.00060e+00  2.15116e-04  2.76527e-04  1.00077e+00  9.99939e-01
1.70588e+02  1.00053e+00  1.92389e-04  2.45475e-04  1.00068e+00  9.99947e-01
1.70693e+02  1.00046e+00  1.67611e-04  2.11812e-04  1.00059e+00  9.99956e-01
1.70798e+02  1.00039e+00  1.41057e-04  1.75914e-04  1.00049e+00  9.99965e-01
1.70903e+02  1.00031e+00  1.13025e-04  1.38180e-04  1.00039e+00  9.99975e-01
1.71007e+02  1.00022e+00  8.38249e-05  9.90286e-05  1.00028e+00  9.99985e-01
1.71112e+02  1.00014e+00  5.37805e-05  5.88932e-05  1.00017e+00  9.99995e-01
1.71217e+02  1.00005e+00  2.32229e-05  1.82158e-05  1.00006e+00  1.00001e+00
1.71322e+02  9.99963e-01  -7.51217e-06  -2.25571e-05  9.99947e-01  1.00002e+00
1.71426e+02  9.99876e-01  -3.80879e-05  -6.29788e-05  9.99836e-01  1.00002e+00
1.71531e+02  9.99791e-01  -6.81706e-05  -1.02608e-04  9.99727e-01  1.00003e+00
1.71636e+02  9.99709e-01  -9.74326e-05  -1.41014e-04  9.99621e-01  1.00004e+00
1.71740e+02  9.99630e-01  -1.25557e-04  -1.77780e-04  9.99519e-01  1.00005e+00
1.71845e+02  9.99555e-01  -1.52239e-04  -2.12509e-04  9.99423e-01  1.00006e+00
1.71950e+02  9.99485e-01  -1.77191e-04  -2.44826e-04  9.99333e-01  1.00007e+00
1.72055e+02  9.99421e-01  -2.00147e-04  -2.74386e-04  9.99251e-01  1.00007e+00
1.72159e+02  9.99364e-01  -2.20860e-04  -3.00872e-04  9.99177e-01  1.00008e+00
1.72264e+02  9.99313e-01  -2.39110e-04  -3.24004e-04  9.99113e-01  1.00008e+00
1.72369e+02  9.99270e-01  -2.54705e-04  -3.43538e-04  9.99058e-01  1.00009e+00
1.72473e+02  9.99236e-01  -2.67482e-04  -3.59269e-04  9.99014e-01  1.00009e+00
1.72578e+02  9.99209e-01  -2.77307e-04  -3.71036e-04  9.98981e-01  1.00009e+00
1.72683e+02  9.99192e-01  -2.84081e-04  -3.78720e-04  9.98958e-01  1.00009e+00
1.72788e+02  9.99183e-01  -2.87737e-04  -3.82247e-04  9.98948e-01  1.00009e+00
1.72892e+02  9.99183e-01  -2.88242e-04  -3.81588e-04  9.98949e-01  1.00009e+00
1.72997e+02  9.99192e-01  -2.85598e-04  -3.76761e-04  9.98961e-01  1.00009e+00
1.73102e+02  9.99210e-01  -2.79841e-04  -3.67828e-04  9.98985e-01  1.00009e+00
1.73206e+02  9.99237e-01  -2.71040e-04  -3.54895e-04  9.99019e-01  1.00008e+00
1.73311e+02  9.99272e-01  -2.59296e-04  -3.38113e-04  9.99064e-01  1.00008e+00
1.73416e+02  9.99314e-01  -2.44745e-04  -3.17673e-04  9.99120e-01  1.00007e+00
1.73521e+02  9.99364e-01  -2.27550e-04  -2.93806e-04  9.99185e-01  1.00007e+00
1.73625e+02  9.99421e-01  -2.07905e-04  -2.66780e-04  9.99259e-01  1.00006e+00
1.73730e+02  9.99485e-01  -1.86027e-04  -2.36896e-04  9.99340e-01  1.00005e+00
1.73835e+02  9.99553e-01  -1.62161e-04  -2.04488e-04  9.99429e-01  1.00004e+00
1.73940e+02  9.99627e-01  -1.36570e-04  -1.69914e-04  9.99524e-01  1.00003e+00
1.74044e+02  9.99704e-01  -1.09538e-04  -1.33556e-04  9.99623e-01  1.00002e+00
1.74149e+02  9.99784e-01  -8.13619e-05  -9.58164e-05  9.99727e-01  1.00001e+00
1.74254e+02  9.99867e-01  -5.23523e-05  -5.71093e-05  9.99833e-01  1.00000e+00
1.74358e+02  9.99951e-01  -2.28279e-05  -1.78607e-05  9.99941e-01  9.99995e-01
1.74463e+02  1.00003e+00  6.88729e-06  2.14989e-05  1.00005e+00  9.99985e-01
1.74568e+02  1.00012e+00  3.64675e-05  6.05385e-05  1.00016e+00  9.99976e-01
1.74673e+02  1.00020e+00  6.55890e-05  9.88309e-05  1.00026e+00  9.99967e-01
1.74777e+02  1.00028e+00  9.39334e-05  1.35958e-04  1.00037e+00  9.99958e-01
1.74882e+02  1.00036e+00  1.21191e-04  1.71516e-04  1.00046e+00  9.99950e-01
1.74987e+02  1.00043e+00  1.47066e-04  2.05118e-04  1.00056e+00  9.99942e-01
1.75091e+02  1.00050e+00  1.71276e-04  2.36399e-04  1.00064e+00  9.99935e-01
1.75196e+02  1.00056e+00  1.93559e-04  2.65020e-04  1.00072e+00  9.99929e-01
1.75301e+02  1.00062e+00  2.13674e-04  2.90674e-04  1.00080e+00  9.99923e-01
1.75406e+02  1.00066e+00  2.31404e-04  3.13085e-04  1.00086e+00  9.99918e-01
1.75510e+02  1.00071e+00  2.46559e-04  3.32014e-04  1.00091e+00  9.99915e-01
1.75615e+02  1.00074e+00  2.58977e-04  3.47261e-04  1.00095e+00  9.99912e-01
1.75720e+02  1.00077e+00  2.68529e-04  3.58666e-04  1.00099e+00  9.99910e-01
1.75824e+02  1.00078e+00  2.75114e-04  3.66112e-04  1.00101e+00  9.99909e-01
1.75929e+02  1.00079e+00  2.78668e-04  3.69526e-04  1.00102e+00  9.99909e-01
1.76034e+02  1.00079e+00  2.79157e-04  3.68881e-04  1.00102e+00  9.99910e-01
1.76139e+02  1.00078e+00  2.76583e-04  3.64193e-04  1.00100e+00  9.99912e-01
1.76243e+02  1.00076e+00  2.70981e-04  3.55522e-04  1.00098e+00  9.99915e-01
1.76348e+02  1.00074e+00  2.62420e-04  3.42974e-04  1.00095e+00  9.99919e-01
1.76453e+02  1.00070e+00  2.51002e-04  3.26695e-04  1.00090e+00  9.99924e-01
1.76558e+02  1.00066e+00  2.36857e-04  3.06874e-04  1.00085e+00  9.99930e-01
1.76662e+02  1.00062e+00  2.20149e-04  2.83737e-04  1.00079e+00  9.99936e-01
1.76767e+02  1.00056e+00  2.01066e-04  2.57545e-04  1.00072e+00  9.99944e-01
1.76872e+02  1.00050e+00  1.79825e-04  2.28595e-04  1.00064e+00  9.99951e-01
1.76976e+02  1.00043e+00  1.56664e-04  1.97210e-04  1.00055e+00  9.99959e-01
1.77081e+02  1.00036e+00  1.31841e-04  1.63741e-04  1.00046e+00  9.99968e-01
1.77186e+02  1.00029e+00  1.05634e-04  1.28560e-04  1.00036e+00  9.99977e-01
1.77291e+02  1.00021e+00  7.83330e-05  9.20576e-05  1.00026e+00  9.99986e-01
1.77395e+02  1.00013e+00  5.02397e-05  5.46367e-05  1.00016e+00  9.99996e-01
1.77500e+02  1.00005e+00  2.16640e-05  1.67096e-05  1.00006e+00  1.00000e+00
1.77605e+02  9.99966e-01  -7.08018e-06  -2.13072e-05  9.99950e-01  1.00001e+00
1.77709e+02  9.99885e-01  -3.56779e-05  -5.89974e-05  9.99846e-01  1.00002e+00
1.77814e+02  9.99805e-01  -6.38168e-05  -9.59497e-05  9.99744e-01  1.00003e+00
1.77919e+02  9.99728e-01  -9.11907e-05  -1.31762e-04  9.99645e-01  1.00004e+00
1.78024e+02  9.99654e-01  -1.17502e-04  -1.66045e-04  9.99550e-01  1.00005e+00
1.78128e+02  9.99584e-01  -1.42467e-04  -1.98429e-04  9.99461e-01  1.00006e+00
1.78233e+02  9.99519e-01  -1.65816e-04  -2.28565e-04  9.99377e-01  1.00006e+00
1.78338e+02  9.99459e-01  -1.87298e-04  -2.56128e-04  9.99300e-01  1.00007e+00
1.78442e+02  9.99405e-01  -2.06683e-04  -2.80826e-04  9.99232e-01  1.00007e+00
1.78547e+02  9.99358e-01  -2.23766e-04  -3.02394e-04  9.99171e-01  1.00008e+00
1.78652e+02  9.99318e-01  -2.38365e-04  -3.20606e-04  9.99120e-01  1.00008e+00
1.78757e+02  9.99285e-01  -2.50327e-04  -3.35271e-04  9.99079e-01  1.00008e+00
1.78861e+02  9.99260e-01  -2.59528e-04  -3.46237e-04  9.99048e-01  1.00009e+00
1.78966e+02  9.99244e-01  -2.65874e-04  -3.53393e-04  9.99027e-01  1.00009e+00
1.79071e+02  9.99235e-01  -2.69302e-04  -3.56671e-04  9.99017e-01  1.00009e+00
1.79176e+02  9.99236e-01  -2.69781e-04  -3.56044e-04  9.99018e-01  1.00009e+00
1.79280e+02  9.99244e-01  -2.67312e-04  -3.51526e-04  9.99030e-01  1.00008e+00
1.79385e+02  9.99261e-01  -2.61928e-04  -3.43176e-04  9.99052e-01  1.00008e+00
1.79490e+02  9.99285e-01  -2.53694e-04  -3.31094e-04  9.99084e-01  1.00008e+00
1.79594e+02  9.99318e-01  -2.42705e-04  -3.15419e-04  9.99126e-01  1.00007e+00
1.79699e+02  9.99358e-01  -2.29087e-04  -2.96330e-04  9.99178e-01  1.00007e+00
1.79804e+02  9.99405e-01  -2.12993e-04  -2.74043e-04  9.99239e-01  1.00006e+00
1.79909e+02  9.99458e-01  -1.94603e-04  -2.48807e-04  9.99308e-01  1.00005e+00
1.80013e+02  9.99517e-01  -1.74123e-04  -2.20904e-04  9.99384e-01  1.00005e+00
1.80118e+02  9.99581e-01  -1.51779e-04  -1.90644e-04  9.99467e-01  1.00004e+00
1.80223e+02  9.99650e-01  -1.27820e-04  -1.58363e-04  9.99555e-01  1.00003e+00
1.80327e+02  9.99722e-01  -1.02509e-04  -1.24418e-04  9.99649e-01  1.00002e+00
1.80432e+02  9.99798e-01  -7.61261e-05  -8.91815e-05  9.99746e-01  1.00001e+00
1.80537e+02  9.99875e-01  -4.89613e-05  -5.30430e-05  9.99845e-01  1.00000e+00
1.80642e+02  9.99953e-01  -2.13130e-05  -1.63992e-05  9.99946e-01  9.99995e-01
1.80746e+02  1.00003e+00  6.51513e-06  2.03480e-05  1.00005e+00  9.99986e-01
1.80851e+02  1.00011e+00  3.42183e-05  5.67960e-05  1.00015e+00  9.99977e-01
1.80956e+02  1.00019e+00  6.14932e-05  9.25463e-05  1.00025e+00  9.99969e-01
1.81060e+02  1.00026e+00  8.80417e-05  1.27209e-04  1.00034e+00  9.99961e-01
1.81165e+02  1.00033e+00  1.13574e-04  1.60405e-04  1.00043e+00  9.99953e-01
1.81270e+02  1.00040e+00  1.37812e-04  1.91775e-04  1.00052e+00  9.99946e-01
1.81375e+02  1.00047e+00  1.60492e-04  2.20977e-04  1.00060e+00  9.99940e-01
1.81479e+02  1.00052e+00  1.81369e-04  2.47697e-04  1.00068e+00  9.99934e-01
1.81584e+02  1.00058e+00  2.00215e-04  2.71644e-04  1.00074e+00  9.99929e-01
1.81689e+02  1.00062e+00  2.16829e-04  2.92564e-04  1.00080e+00  9.99924e-01
1.81793e+02  1.00066e+00  2.31031e-04  3.10231e-04  1.00085e+00  9.99921e-01
1.81898e+02  1.00069e+00  2.42671e-04  3.24460e-04  1.00089e+00  9.99918e-01
1.82003e+02  1.00072e+00  2.51626e-04  3.35100e-04  1.00092e+00  9.99917e-01
1.82108e+02  1.00073e+00  2.57802e-04  3.42043e-04  1.00094e+00  9.99916e-01
1.82212e+02  1.00074e+00  2.61139e-04  3.45221e-04  1.00095e+00  9.99916e-01
1.82317e+02  1.00074e+00  2.61604e-04  3.44607e-04  1.00095e+00  9.99917e-01
1.82422e+02  1.00073e+00  2.59199e-04  3.40216e-04  1.00094e+00  9.99919e-01
1.82527e+02  1.00072e+00  2.53957e-04  3.32104e-04  1.00092e+00  9.99922e-01
1.82631e+02  1.00069e+00  2.45942e-04  3.20370e-04  1.00089e+00  9.99926e-01
1.82736e+02  1.00066e+00  2.35247e-04  3.05151e-04  1.00085e+00  9.99930e-01
1.82841e+02  1.00062e+00  2.21997e-04  2.86622e-04  1.00080e+00  9.99935e-01
1.82945e+02  1.00058e+00  2.06343e-04  2.64994e-04  1.00074e+00  9.99941e-01
1.83050e+02  1.00053e+00  1.88463e-04  2.40512e-04  1.00067e+00  9.99948e-01
1.83155e+02  1.00047e+00  1.68558e-04  2.13452e-04  1.00060e+00  9.99955e-01
1.83260e+02  1.00041e+00  1.46851e-04  1.84116e-04  1.00052e+00  9.99963e-01
1.83364e+02  1.00034e+00  1.23584e-04  1.52831e-04  1.00043e+00  9.99971e-01
1.83469e+02  1.00027e+00  9.90179e-05  1.19947e-04  1.00034e+00  9.99979e-01
1.83574e+02  1.00020e+00  7.34234e-05  8.58258e-05  1.00025e+00  9.99988e-01
1.83678e+02  1.00012e+00  4.70839e-05  5.08458e-05  1.00015e+00  9.99996e-01
1.83783e+02  1.00004e+00  2.02896e-05  1.53918e-05  1.00005e+00  1.00000e+00
1.83888e+02  9.99968e-01  -6.66507e-06  -2.01469e-05  9.99953e-01  1.00001e+00
1.83993e+02  9.99893e-01  -3.34849e-05  -5.53812e-05  9.99856e-01  1.00002e+00
1.84097e+02  9.99818e-01  -5.98768e-05  -8.99263e-05  9.99760e-01  1.00003e+00
1.84202e+02  9.99746e-01  -8.55535e-05  -1.23406e-04  9.99668e-01  1.00004e+00
1.84307e+02  9.99676e-01  -1.10236e-04  -1.55457e-04  9.99579e-01  1.00005e+00
1.84411e+02  9.99610e-01  -1.33658e-04  -1.85733e-04  9.99495e-01  1.00005e+00
1.84516e+02  9.99549e-01  -1.55565e-04  -2.13907e-04  9.99417e-01  1.00006e+00
1.84621e+02  9.99493e-01  -1.75723e-04  -2.39677e-04  9.99345e-01  1.00006e+00
1.84726e+02  9.99442e-01  -1.93916e-04  -2.62766e-04  9.99281e-01  1.00007e+00
1.84830e+02  9.99398e-01  -2.09950e-04  -2.82930e-04  9.99224e-01  1.00007e+00
1.84935e+02  9.99360e-01  -2.23654e-04  -2.99955e-04  9.99176e-01  1.00008e+00
1.85040e+02  9.99329e-01  -2.34886e-04  -3.13662e-04  9.99138e-01  1.00008e+00
1.85145e+02  9.99306e-01  -2.43527e-04  -3.23910e-04  9.99109e-01  1.00008e+00
1.85249e+02  9.99290e-01  -2.49489e-04  -3.30594e-04  9.99089e-01  1.00008e+00
1.85354e+02  9.99283e-01  -2.52714e-04  -3.33650e-04  9.99080e-01  1.00008e+00
1.85459e+02  9.99283e-01  -2.53171e-04  -3.33052e-04  9.99081e-01  1.00008e+00
1.85563e+02  9.99290e-01  -2.50861e-04  -3.28815e-04  9.99092e-01  1.00008e+00
1.85668e+02  9.99306e-01  -2.45815e-04  -3.20993e-04  9.99112e-01  1.00008e+00
1.85773e+02  9.99329e-01  -2.38093e-04  -3.09679e-04  9.99143e-01  1.00007e+00
1.85878e+02  9.99360e-01  -2.27785e-04  -2.95003e-04  9.99182e-01  1.00007e+00
1.85982e+02  9.99397e-01  -2.15009e-04  -2.77133e-04  9.99231e-01  1.00006e+00
1.86087e+02  9.99441e-01  -1.99907e-04  -2.56270e-04  9.99288e-01  1.00006e+00
1.86192e+02  9.99491e-01  -1.82649e-04  -2.32648e-04  9.99352e-01  1.00005e+00
1.86296e+02  9.99546e-01  -1.63428e-04  -2.06531e-04  9.99424e-01  1.00004e+00
1.86401e+02  9.99606e-01  -1.42456e-04  -1.78208e-04  9.99501e-01  1.00004e+00
1.86506e+02  9.99671e-01  -1.19966e-04  -1.47993e-04  9.99584e-01  1.00003e+00
1.86611e+02  9.99739e-01  -9.62063e-05  -1.16221e-04  9.99671e-01  1.00002e+00
1.86715e+02  9.99809e-01  -7.14384e-05  -8.32408e-05  9.99762e-01  1.00001e+00
1.86820e+02  9.99882e-01  -4.59351e-05  -4.94164e-05  9.99855e-01  1.00000e+00
1.86925e+02  9.99956e-01  -1.99764e-05  -1.51191e-05  9.99950e-01  9.99995e-01
1.87029e+02  1.00003e+00  6.15264e-06  1.92748e-05  1.00004e+00  9.99987e-01
1.87134e+02  1.00010e+00  3.21657e-05  5.33886e-05  1.00014e+00  9.99979e-01
1.87239e+02  1.00018e+00  5.77782e-05  8.68492e-05  1.00023e+00  9.99971e-01
1.87344e+02  1.00025e+00  8.27100e-05  1.19291e-04  1.00032e+00  9.99963e-01
1.87448e+02  1.00031e+00  1.06689e-04  1.50361e-04  1.00041e+00  9.99956e-01
1.87553e+02  1.00038e+00  1.29454e-04  1.79721e-04  1.00049e+00  9.99950e-01
1.87658e+02  1.00044e+00  1.50757e-04  2.07053e-04  1.00056e+00  9.99944e-01
1.87763e+02  1.00049e+00  1.70368e-04  2.32059e-04  1.00063e+00  9.99938e-01
1.87867e+02  1.00054e+00  1.88074e-04  2.54472e-04  1.00070e+00  9.99934e-01
1.87972e+02  1.00058e+00  2.03683e-04  2.74049e-04  1.00075e+00  9.99930e-01
1.88077e+02  1.00062e+00  2.17029e-04  2.90582e-04  1.00080e+00  9.99926e-01
1.88181e+02  1.00065e+00  2.27969e-04  3.03895e-04  1.00084e+00  9.99924e-01
1.88286e+02  1.00067e+00  2.36388e-04  3.13849e-04  1.00086e+00  9.99923e-01
1.88391e+02  1.00069e+00  2.42198e-04  3.20341e-04  1.00088e+00  9.99922e-01
1.88496e+02  1.00070e+00  2.45340e-04  3.23307e-04  1.00089e+00  9.99922e-01
1.88600e+02  1.00070e+00  2.45786e-04  3.22723e-04  1.00089e+00  9.99923e-01
1.88705e+02  1.00069e+00  2.43535e-04  3.18601e-04  1.00088e+00  9.99925e-01
1.88810e+02  1.00067e+00  2.38619e-04  3.10996e-04  1.00086e+00  9.99928e-01
1.88914e+02  1.00065e+00  2.31096e-04  2.99999e-04  1.00083e+00  9.99931e-01
1.89019e+02  1.00062e+00  2.21056e-04  2.85737e-04  1.00079e+00  9.99935e-01
1.89124e+02  1.00059e+00  2.08614e-04  2.68375e-04  1.00075e+00  9.99940e-01
1.89229e+02  1.00054e+00  1.93912e-04  2.48110e-04  1.00069e+00  9.99946e-01
1.89333e+02  1.00049e+00  1.77116e-04  2.25171e-04  1.00063e+00  9.99952e-01
1.89438e+02  1.00044e+00  1.58416e-04  1.99816e-04  1.00056e+00  9.99959e-01
1.89543e+02  1.00038e+00  1.38021e-04  1.72329e-04  1.00048e+00  9.99966e-01
1.89647e+02  1.00032e+00  1.16159e-04  1.43017e-04  1.00040e+00  9.99973e-01
1.89752e+02  1.00025e+00  9.30720e-05  1.12204e-04  1.00032e+00  9.99981e-01
1.89857e+02  1.00018e+00  6.90170e-05  8.02327e-05  1.00023e+00  9.99989e-01
1.89962e+02  1.00011e+00  4.42595e-05  4.74554e-05  1.00014e+00  9.99997e-01
1.90066e+02  1.00004e+00  1.90721e-05  1.42331e-05  1.00005e+00  1.00000e+00
1.90171e+02  9.99971e-01  -6.26844e-06  -1.90694e-05  9.99956e-01  1.00001e+00
1.90276e+02  9.99900e-01  -3.14845e-05  -5.20874e-05  9.99864e-01  1.00002e+00
1.90381e+02  9.99829e-01  -5.63007e-05  -8.44604e-05  9.99775e-01  1.00003e+00
1.90485e+02  9.99761e-01  -8.04466e-05  -1.15836e-04  9.99688e-01  1.00004e+00
1.90590e+02  9.99696e-01  -1.03660e-04  -1.45873e-04  9.99605e-01  1.00004e+00
1.90695e+02  9.99634e-01  -1.25689e-04  -1.74247e-04  9.99526e-01  1.00005e+00
1.90799e+02  9.99576e-01  -1.46297e-04  -2.00651e-04  9.99452e-01  1.00005e+00
1.90904e+02  9.99523e-01  -1.65261e-04  -2.24802e-04  9.99385e-01  1.00006e+00
1.91009e+02  9.99476e-01  -1.82379e-04  -2.46441e-04  9.99325e-01  1.00006e+00
1.91114e+02  9.99434e-01  -1.97467e-04  -2.65338e-04  9.99272e-01  1.00007e+00
1.91218e+02  9.99398e-01  -2.10365e-04  -2.81292e-04  9.99227e-01  1.00007e+00
1.91323e+02  9.99369e-01  -2.20938e-04  -2.94136e-04  9.99191e-01  1.00007e+00
1.91428e+02  9.99347e-01  -2.29075e-04  -3.03737e-04  9.99163e-01  1.00007e+00
1.91532e+02  9.99333e-01  -2.34693e-04  -3.09997e-04  9.99145e-01  1.00008e+00
1.91637e+02  9.99325e-01  -2.37735e-04  -3.12854e-04  9.99137e-01  1.00008e+00
1.91742e+02  9.99325e-01  -2.38173e-04  -3.12286e-04  9.99137e-01  1.00007e+00
1.91847e+02  9.99332e-01  -2.36009e-04  -3.08305e-04  9.99147e-01  1.00007e+00
1.91951e+02  9.99347e-01  -2.31270e-04  -3.00961e-04  9.99167e-01  1.00007e+00
1.92056e+02  9.99369e-01  -2.24012e-04  -2.90343e-04  9.99195e-01  1.00007e+00
1.92161e+02  9.99397e-01  -2.14321e-04  -2.76572e-04  9.99233e-01  1.00006e+00
1.92265e+02  9.99432e-01  -2.02306e-04  -2.59805e-04  9.99278e-01  1.00006e+00
1.92370e+02  9.99474e-01  -1.88102e-04  -2.40231e-04  9.99331e-01  1.00005e+00
1.92475e+02  9.99521e-01  -1.71868e-04  -2.18069e-04  9.99392e-01  1.00005e+00
1.92580e+02  9.99573e-01  -1.53785e-04  -1.93566e-04  9.99459e-01  1.00004e+00
1.92684e+02  9.99629e-01  -1.34053e-04  -1.66995e-04  9.99532e-01  1.00003e+00
1.92789e+02  9.99690e-01  -1.12892e-04  -1.38648e-04  9.99610e-01  1.00003e+00
1.92894e+02  9.99754e-01  -9.05335e-05  -1.08841e-04  9.99692e-01  1.00002e+00
1.92999e+02  9.99820e-01  -6.72253e-05  -7.79009e-05  9.99777e-01  1.00001e+00
1.93103e+02  9.99888e-01  -4.32233e-05  -4.61685e-05  9.99864e-01  1.00000e+00
1.93208e+02  9.99958e-01  -1.87914e-05  -1.39925e-05  9.99953e-01  9.99995e-01
1.93313e+02  1.00003e+00  5.80243e-06  1.82742e-05  1.00004e+00  9.99988e-01
1.93417e+02  1.00010e+00  3.02886e-05  5.02781e-05  1.00013e+00  9.99980e-01
1.93522e+02  1.00016e+00  5.43992e-05  8.16693e-05  1.00022e+00  9.99973e-01
1.93627e+02  1.00023e+00  7.78706e-05  1.12105e-04  1.00030e+00  9.99966e-01
1.93732e+02  1.00029e+00  1.00447e-04  1.41253e-04  1.00038e+00  9.99959e-01
1.93836e+02  1.00035e+00  1.21881e-04  1.68797e-04  1.00046e+00  9.99953e-01
1.93941e+02  1.00041e+00  1.41941e-04  1.94438e-04  1.00053e+00  9.99948e-01
1.94046e+02  1.00046e+00  1.60409e-04  2.17898e-04  1.00060e+00  9.99943e-01
1.94150e+02  1.00051e+00  1.77084e-04  2.38923e-04  1.00065e+00  9.99938e-01
1.94255e+02  1.00055e+00  1.91788e-04  2.57288e-04  1.00071e+00  9.99934e-01
1.94360e+02  1.00058e+00  2.04361e-04  2.72796e-04  1.00075e+00  9.99932e-01
1.94465e+02  1.00061e+00  2.14670e-04  2.85283e-04  1.00079e+00  9.99929e-01
1.94569e+02  1.00063e+00  2.22606e-04  2.94618e-04  1.00081e+00  9.99928e-01
1.94674e+02  1.00065e+00  2.28085e-04  3.00704e-04  1.00083e+00  9.99927e-01
1.94779e+02  1.00066e+00  2.31054e-04  3.03481e-04  1.00084e+00  9.99928e-01
1.94883e+02  1.00066e+00  2.31482e-04  3.02925e-04  1.00084e+00  9.99929e-01
1.94988e+02  1.00065e+00  2.29372e-04  2.99050e-04  1.00083e+00  9.99930e-01
1.95093e+02  1.00063e+00  2.24752e-04  2.91905e-04  1.00081e+00  9.99933e-01
1.95198e+02  1.00061e+00  2.17676e-04  2.81575e-04  1.00078e+00  9.99936e-01
1.95302e+02  1.00059e+00  2.08229e-04  2.68181e-04  1.00074e+00  9.99940e-01
1.95407e+02  1.00055e+00  1.96519e-04  2.51876e-04  1.00070e+00  9.99945e-01
1.95512e+02  1.00051e+00  1.82678e-04  2.32846e-04  1.00065e+00  9.99950e-01
1.95617e+02  1.00047e+00  1.66865e-04  2.11305e-04  1.00059e+00  9.99956e-01
1.95721e+02  1.00042e+00  1.49255e-04  1.87495e-04  1.00052e+00  9.99962e-01
1.95826e+02  1.00036e+00  1.30048e-04  1.61683e-04  1.00045e+00  9.99968e-01
1.95931e+02  1.00030e+00  1.09456e-04  1.34156e-04  1.00038e+00  9.99975e-01
1.96035e+02  1.00024e+00  8.77091e-05  1.05219e-04  1.00030e+00  9.99982e-01
1.96140e+02  1.00017e+00  6.50475e-05  7.51942e-05  1.00022e+00  9.99990e-01
1.96245e+02  1.00011e+00  4.17218e-05  4.44113e-05  1.00013e+00  9.99997e-01
1.96350e+02  1.00004e+00  1.79887e-05  1.32097e-05  1.00004e+00  1.00000e+00
1.96454e+02  9.99973e-01  -5.89100e-06  -1.80680e-05  9.99958e-01  1.00001e+00
1.96559e+02  9.99906e-01  -2.96557e-05  -4.90794e-05  9.99872e-01  1.00002e+00
1.96664e+02  9.99840e-01  -5.30458e-05  -7.94858e-05  9.99788e-01  1.00003e+00
1.96768e+02  9.99776e-01  -7.58063e-05  -1.08956e-04  9.99706e-01  1.00003e+00
1.96873e+02  9.99714e-01  -9.76901e-05  -1.37170e-04  9.99628e-01  1.00004e+00
1.96978e+02  9.99656e-01  -1.18460e-04  -1.63822e-04  9.99554e-01  1.00005e+00
1.97083e+02  9.99601e-01  -1.37891e-04  -1.88624e-04  9.99485e-01  1.00005e+00
1.97187e+02  9.99551e-01  -1.55775e-04  -2.11310e-04  9.99422e-01  1.00006e+00
1.97292e+02  9.99506e-01  -1.71920e-04  -2.31636e-04  9.99365e-01  1.00006e+00
1.97397e+02  9.99467e-01  -1.86152e-04  -2.49386e-04  9.99315e-01  1.00006e+00
1.97501e+02  9.99433e-01  -1.98322e-04  -2.64372e-04  9.99273e-01  1.00007e+00
1.97606e+02  9.99406e-01  -2.08299e-04  -2.76436e-04  9.99239e-01  1.00007e+00
1.97711e+02  9.99385e-01  -2.15981e-04  -2.85452e-04  9.99213e-01  1.00007e+00
1.97816e+02  9.99371e-01  -2.21288e-04  -2.91328e-04  9.99196e-01  1.00007e+00
1.97920e+02  9.99364e-01  -2.24166e-04  -2.94008e-04  9.99188e-01  1.00007e+00
1.98025e+02  9.99364e-01  -2.24589e-04  -2.93467e-04  9.99188e-01  1.00007e+00
1.98130e+02  9.99370e-01  -2.22557e-04  -2.89720e-04  9.99198e-01  1.00007e+00
1.98234e+02  9.99384e-01  -2.18097e-04  -2.82812e-04  9.99216e-01  1.00006e+00
1.98339e+02  9.99405e-01  -2.11262e-04  -2.72826e-04  9.99243e-01  1.00006e+00
1.98444e+02  9.99431e-01  -2.02130e-04  -2.59877e-04  9.99278e-01  1.00006e+00
1.98549e+02  9.99464e-01  -1.90806e-04  -2.44111e-04  9.99321e-01  1.00005e+00
1.98653e+02  9.99503e-01  -1.77416e-04  -2.25707e-04  9.99371e-01  1.00005e+00
1.98758e+02  9.99547e-01  -1.62111e-04  -2.04870e-04  9.99428e-01  1.00004e+00
1.98863e+02  9.99597e-01  -1.45061e-04  -1.81832e-04  9.99491e-01  1.00004e+00
1.98968e+02  9.99650e-01  -1.26454e-04  -1.56849e-04  9.99560e-01  1.00003e+00
1.99072e+02  9.99707e-01  -1.06497e-04  -1.30198e-04  9.99633e-01  1.00002e+00
1.99177e+02  9.99767e-01  -8.54098e-05  -1.02174e-04  9.99710e-01  1.00002e+00
1.99282e+02  9.99830e-01  -6.34249e-05  -7.30836e-05  9.99790e-01  1.00001e+00
1.99386e+02  9.99894e-01  -4.07841e-05  -4.32486e-05  9.99873e-01  1.00000e+00
1.99491e+02  9.99960e-01  -1.77361e-05  -1.29964e-05  9.99956e-01  9.99995e-01
1.99596e+02  1.00003e+00  5.46610e-06  1.73411e-05  1.00004e+00  9.99988e-01
1.99701e+02  1.00009e+00  2.85684e-05  4.74318e-05  1.00012e+00  9.99981e-01
1.99805e+02  1.00016e+00  5.13178e-05  7.69465e-05  1.00021e+00  9.99974e-01
1.99910e+02  1.00022e+00  7.34657e-05  1.05563e-04  1.00028e+00  9.99968e-01
2.00015e+02  1.00028e+00  9.47704e-05  1.32969e-04  1.00036e+00  9.99962e-01
2.00119e+02  1.00033e+00  1.15000e-04  1.58867e-04  1.00043e+00  9.99956e-01
2.00224e+02  1.00039e+00  1.33933e-04  1.82975e-04  1.00050e+00  9.99951e-01
2.00329e+02  1.00044e+00  1.51365e-04  2.05032e-04  1.00056e+00  9.99946e-01
2.00434e+02  1.00048e+00  1.67108e-04  2.24801e-04  1.00062e+00  9.99942e-01
2.00538e+02  1.00052e+00  1.80991e-04  2.42067e-04  1.00067e+00  9.99939e-01
2.00643e+02  1.00055e+00  1.92864e-04  2.56648e-04  1.00071e+00  9.99936e-01
2.00748e+02  1.00058e+00  2.02602e-04  2.68387e-04  1.00074e+00  9.99934e-01
2.00852e+02  1.00060e+00  2.10101e-04  2.77161e-04  1.00076e+00  9.99933e-01
2.00957e+02  1.00061e+00  2.15282e-04  2.82880e-04  1.00078e+00  9.99932e-01
2.01062e+02  1.00062e+00  2.18093e-04  2.85487e-04  1.00079e+00  9.99933e-01
2.01167e+02  1.00062e+00  2.18508e-04  2.84959e-04  1.00079e+00  9.99934e-01
2.01271e+02  1.00061e+00  2.16527e-04  2.81309e-04  1.00078e+00  9.99935e-01
2.01376e+02  1.00060e+00  2.12176e-04  2.74583e-04  1.00076e+00  9.99938e-01
2.01481e+02  1.00058e+00  2.05507e-04  2.64860e-04  1.00074e+00  9.99941e-01
2.01586e+02  1.00055e+00  1.96598e-04  2.52255e-04  1.00070e+00  9.99944e-01
2.01690e+02  1.00052e+00  1.85553e-04  2.36911e-04  1.00066e+00  9.99949e-01
2.01795e+02  1.00048e+00  1.72495e-04  2.19003e-04  1.00061e+00  9.99953e-01
2.01900e+02  1.00044e+00  1.57573e-04  1.98732e-04  1.00056e+00  9.99959e-01
2.02004e+02  1.00039e+00  1.40955e-04  1.76325e-04  1.00049e+00  9.99965e-01
2.02109e+02  1.00034e+00  1.22825e-04  1.52034e-04  1.00043e+00  9.99971e-01
2.02214e+02  1.00028e+00  1.03387e-04  1.26129e-04  1.00036e+00  9.99977e-01
2.02319e+02  1.00023e+00  8.28561e-05  9.88971e-05  1.00028e+00  9.99984e-01
2.02423e+02  1.00017e+00  6.14594e-05  7.06395e-05  1.00020e+00  9.99991e-01
2.02528e+02  1.00010e+00  3.94334e-05  4.16681e-05  1.00012e+00  9.99998e-01
2.02633e+02  1.00004e+00  1.70206e-05  1.23019e-05  1.00004e+00  1.00000e+00
2.02737e+02  9.99975e-01  -5.53290e-06  -1.71368e-05  9.99960e-01  1.00001e+00
2.02842e+02  9.99912e-01  -2.79800e-05  -4.63257e-05  9.99879e-01  1.00002e+00
2.02947e+02  9.99849e-01  -5.00755e-05  -7.49458e-05  9.99800e-01  1.00002e+00
2.03052e+02  9.99788e-01  -7.15784e-05  -1.02685e-04  9.99723e-01  1.00003e+00
2.03156e+02  9.99730e-01  -9.22552e-05  -1.29243e-04  9.99649e-01  1.00004e+00
2.03261e+02  9.99675e-01  -1.11881e-04  -1.54331e-04  9.99579e-01  1.00004e+00
2.03366e+02  9.99624e-01  -1.30245e-04  -1.77679e-04  9.99514e-01  1.00005e+00
2.03470e+02  9.99576e-01  -1.47149e-04  -1.99034e-04  9.99455e-01  1.00005e+00
2.03575e+02  9.99534e-01  -1.62410e-04  -2.18169e-04  9.99401e-01  1.00006e+00
2.03680e+02  9.99496e-01  -1.75866e-04  -2.34878e-04  9.99354e-01  1.00006e+00
2.03785e+02  9.99465e-01  -1.87374e-04  -2.48985e-04  9.99315e-01  1.00006e+00
2.03889e+02  9.99439e-01  -1.96812e-04  -2.60340e-04  9.99283e-01  1.00006e+00
2.03994e+02  9.99419e-01  -2.04081e-04  -2.68826e-04  9.99258e-01  1.00006e+00
2.04099e+02  9.99406e-01  -2.09106e-04  -2.74356e-04  9.99242e-01  1.00007e+00
2.04204e+02  9.99399e-01  -2.11836e-04  -2.76875e-04  9.99234e-01  1.00007e+00
2.04308e+02  9.99399e-01  -2.12247e-04  -2.76362e-04  9.99235e-01  1.00006e+00
2.04413e+02  9.99405e-01  -2.10337e-04  -2.72828e-04  9.99244e-01  1.00006e+00
2.04518e+02  9.99418e-01  -2.06131e-04  -2.66317e-04  9.99261e-01  1.00006e+00
2.04622e+02  9.99437e-01  -1.99680e-04  -2.56908e-04  9.99287e-01  1.00006e+00
2.04727e+02  9.99462e-01  -1.91058e-04  -2.44707e-04  9.99320e-01  1.00005e+00
2.04832e+02  9.99494e-01  -1.80363e-04  -2.29853e-04  9.99360e-01  1.00005e+00
2.04937e+02  9.99530e-01  -1.67715e-04  -2.12514e-04  9.99407e-01  1.00004e+00
2.05041e+02  9.99572e-01  -1.53255e-04  -1.92883e-04  9.99461e-01  1.00004e+00
2.05146e+02  9.99618e-01  -1.37143e-04  -1.71178e-04  9.99520e-01  1.00003e+00
2.05251e+02  9.99669e-01  -1.19560e-04  -1.47642e-04  9.99585e-01  1.00003e+00
2.05355e+02  9.99723e-01  -1.00698e-04  -1.22533e-04  9.99654e-01  1.00002e+00
2.05460e+02  9.99779e-01  -8.07669e-05  -9.61299e-05  9.99727e-01  1.00002e+00
2.05565e+02  9.99839e-01  -5.99854e-05  -6.87232e-05  9.99803e-01  1.00001e+00
2.05670e+02  9.99900e-01  -3.85823e-05  -4.06143e-05  9.99880e-01  1.00000e+00
2.05774e+02  9.99961e-01  -1.67926e-05  -1.21122e-05  9.99959e-01  9.99995e-01
2.05879e+02  1.00002e+00  5.14450e-06  1.64706e-05  1.00004e+00  9.99989e-01
2.05984e+02  1.00009e+00  2.69887e-05  4.48211e-05  1.00012e+00  9.99982e-01
2.06088e+02  1.00015e+00  4.85008e-05  7.26291e-05  1.00019e+00  9.99976e-01
2.06193e+02  1.00021e+00  6.94457e-05  9.95910e-05  1.00027e+00  9.99970e-01
2.06298e+02  1.00026e+00  8.95948e-05  1.25413e-04  1.00034e+00  9.99964e-01
2.06403e+02  1.00032e+00  1.08728e-04  1.49814e-04  1.00041e+00  9.99959e-01
2.06507e+02  1.00037e+00  1.26638e-04  1.72528e-04  1.00047e+00  9.99954e-01
2.06612e+02  1.00041e+00  1.43130e-04  1.93311e-04  1.00053e+00  9.99950e-01
2.06717e+02  1.00045e+00  1.58025e-04  2.11936e-04  1.00058e+00  9.99946e-01
2.06822e+02  1.00049e+00  1.71162e-04  2.28205e-04  1.00063e+00  9.99943e-01
2.06926e+02  1.00052e+00  1.82400e-04  2.41942e-04  1.00067e+00  9.99940e-01
2.07031e+02  1.00055e+00  1.91619e-04  2.53002e-04  1.00070e+00  9.99939e-01
2.07136e+02  1.00057e+00  1.98721e-04  2.61267e-04  1.00072e+00  9.99937e-01
2.07240e+02  1.00058e+00  2.03632e-04  2.66654e-04  1.00074e+00  9.99937e-01
2.07345e+02  1.00059e+00  2.06302e-04  2.69107e-04  1.00074e+00  9.99937e-01
2.07450e+02  1.00059e+00  2.06706e-04  2.68606e-04  1.00074e+00  9.99938e-01
2.07555e+02  1.00058e+00  2.04842e-04  2.65162e-04  1.00074e+00  9.99940e-01
2.07659e+02  1.00057e+00  2.00737e-04  2.58818e-04  1.00072e+00  9.99942e-01
2.07764e+02  1.00055e+00  1.94439e-04  2.49650e-04  1.00069e+00  9.99945e-01
2.07869e+02  1.00052e+00  1.86021e-04  2.37764e-04  1.00066e+00  9.99948e-01
2.07973e+02  1.00049e+00  1.75581e-04  2.23295e-04  1.00062e+00  9.99952e-01
2.08078e+02  1.00046e+00  1.63236e-04  2.06409e-04  1.00058e+00  9.99957e-01
2.08183e+02  1.00042e+00  1.49126e-04  1.87296e-04  1.00052e+00  9.99962e-01
2.08288e+02  1.00037e+00  1.33410e-04  1.66168e-04  1.00047e+00  9.99967e-01
2.08392e+02  1.00032e+00  1.16262e-04  1.43263e-04  1.00040e+00  9.99973e-01
2.08497e+02  1.00027e+00  9.78745e-05  1.18836e-04  1.00034e+00  9.99979e-01
2.08602e+02  1.00021e+00  7.84506e-05  9.31562e-05  1.00026e+00  9.99985e-01
2.08706e+02  1.00016e+00  5.82057e-05  6.65088e-05  1.00019e+00  9.99992e-01
2.08811e+02  1.00010e+00  3.73631e-05  3.91877e-05  1.00012e+00  9.99998e-01
2.08916e+02  1.00004e+00  1.61523e-05  1.14934e-05  1.00004e+00  1.00000e+00
2.09021e+02  9.99977e-01  -5.19386e-06  -1.62701e-05  9.99962e-01  1.00001e+00
2.09125e+02  9.99917e-01  -2.64414e-05  -4.37987e-05  9.99886e-01  1.00002e+00
2.09230e+02  9.99858e-01  -4.73582e-05  -7.07918e-05  9.99811e-01  1.00002e+00
2.09335e+02  9.99800e-01  -6.77162e-05  -9.69551e-05  9.99738e-01  1.00003e+00
2.09440e+02  9.99745e-01  -8.72941e-05  -1.22004e-04  9.99669e-01  1.00003e+00
2.09544e+02  9.99693e-01  -1.05879e-04  -1.45668e-04  9.99603e-01  1.00004e+00
2.09649e+02  9.99644e-01  -1.23271e-04  -1.67691e-04  9.99541e-01  1.00004e+00
2.09754e+02  9.99599e-01  -1.39282e-04  -1.87835e-04  9.99485e-01  1.00005e+00
2.09858e+02  9.99559e-01  -1.53740e-04  -2.05884e-04  9.99434e-01  1.00005e+00
2.09963e+02  9.99523e-01  -1.66490e-04  -2.21645e-04  9.99390e-01  1.00006e+00
2.10068e+02  9.99493e-01  -1.77396e-04  -2.34952e-04  9.99353e-01  1.00006e+00
2.10173e+02  9.99469e-01  -1.86343e-04  -2.45663e-04  9.99322e-01  1.00006e+00
2.10277e+02  9.99450e-01  -1.93236e-04  -2.53667e-04  9.99299e-01  1.00006e+00
2.10382e+02  9.99437e-01  -1.98006e-04  -2.58881e-04  9.99284e-01  1.00006e+00
2.10487e+02  9.99431e-01  -2.00602e-04  -2.61255e-04  9.99277e-01  1.00006e+00
2.10591e+02  9.99430e-01  -2.01001e-04  -2.60768e-04  9.99277e-01  1.00006e+00
2.10696e+02  9.99436e-01  -1.99203e-04  -2.57430e-04  9.99286e-01  1.00006e+00
2.10801e+02  9.99449e-01  -1.95231e-04  -2.51283e-04  9.99302e-01  1.00006e+00
2.10906e+02  9.99467e-01  -1.89131e-04  -2.42400e-04  9.99326e-01  1.00005e+00
2.11010e+02  9.99491e-01  -1.80975e-04  -2.30883e-04  9.99357e-01  1.00005e+00
2.11115e+02  9.99520e-01  -1.70853e-04  -2.16862e-04  9.99395e-01  1.00005e+00
2.11220e+02  9.99555e-01  -1.58881e-04  -2.00495e-04  9.99440e-01  1.00004e+00
2.11324e+02  9.99594e-01  -1.45192e-04  -1.81964e-04  9.99491e-01  1.00004e+00
2.11429e+02  9.99638e-01  -1.29937e-04  -1.61477e-04  9.99547e-01  1.00003e+00
2.11534e+02  9.99686e-01  -1.13287e-04  -1.39259e-04  9.99608e-01  1.00003e+00
2.11639e+02  9.99737e-01  -9.54244e-05  -1.15558e-04  9.99673e-01  1.00002e+00
2.11743e+02  9.99791e-01  -7.65471e-05  -9.06348e-05  9.99742e-01  1.00001e+00
2.11848e+02  9.99847e-01  -5.68628e-05  -6.47638e-05  9.99814e-01  1.00001e+00
2.11953e+02  9.99904e-01  -3.65881e-05  -3.82297e-05  9.99887e-01  1.00000e+00
2.12058e+02  9.99963e-01  -1.59457e-05  -1.13241e-05  9.99961e-01  9.99995e-01
2.12162e+02  1.00002e+00  4.83797e-06  1.56580e-05  1.00004e+00  9.99989e-01
2.12267e+02  1.00008e+00  2.55352e-05  4.24211e-05  1.00011e+00  9.99983e-01
2.12372e+02  1.00014e+00  4.59194e-05  6.86724e-05  1.00018e+00  9.99977e-01
2.12476e+02  1.00019e+00  6.57678e-05  9.41252e-05  1.00025e+00  9.99972e-01
2.12581e+02  1.00025e+00  8.48636e-05  1.18502e-04  1.00032e+00  9.99966e-01
2.12686e+02  1.00030e+00  1.02999e-04  1.41538e-04  1.00039e+00  9.99961e-01
2.12791e+02  1.00035e+00  1.19976e-04  1.62982e-04  1.00045e+00  9.99957e-01
2.12895e+02  1.00039e+00  1.35610e-04  1.82602e-04  1.00050e+00  9.99953e-01
2.13000e+02  1.00043e+00  1.49733e-04  2.00185e-04  1.00055e+00  9.99950e-01
2.13105e+02  1.00046e+00  1.62191e-04  2.15544e-04  1.00059e+00  9.99947e-01
2.13209e+02  1.00049e+00  1.72850e-04  2.28513e-04  1.00063e+00  9.99944e-01
2.13314e+02  1.00052e+00  1.81597e-04  2.38954e-04  1.00066e+00  9.99943e-01
2.13419e+02  1.00054e+00  1.88338e-04  2.46756e-04  1.00068e+00  9.99942e-01
2.13524e+02  1.00055e+00  1.93003e-04  2.51840e-04  1.00070e+00  9.99941e-01
2.13628e+02  1.00055e+00  1.95545e-04  2.54154e-04  1.00070e+00  9.99941e-01
2.13733e+02  1.00055e+00  1.95938e-04  2.53679e-04  1.00070e+00  9.99942e-01
2.13838e+02  1.00055e+00  1.94183e-04  2.50423e-04  1.00070e+00  9.99944e-01
2.13942e+02  1.00054e+00  1.90303e-04  2.44430e-04  1.00068e+00  9.99946e-01
2.14047e+02  1.00052e+00  1.84344e-04  2.35769e-04  1.00066e+00  9.99949e-01
2.14152e+02  1.00050e+00  1.76375e-04  2.24540e-04  1.00063e+00  9.99952e-01
2.14257e+02  1.00047e+00  1.66488e-04  2.10873e-04  1.00059e+00  9.99956e-01
2.14361e+02  1.00043e+00  1.54794e-04  1.94921e-04  1.00054e+00  9.99960e-01
2.14466e+02  1.00040e+00  1.41426e-04  1.76865e-04  1.00050e+00  9.99965e-01
2.14571e+02  1.00035e+00  1.26533e-04  1.56906e-04  1.00044e+00  9.99970e-01
2.14675e+02  1.00031e+00  1.10282e-04  1.35267e-04  1.00038e+00  9.99975e-01
2.14780e+02  1.00026e+00  9.28529e-05  1.12189e-04  1.00032e+00  9.99981e-01
2.14885e+02  1.00020e+00  7.44399e-05  8.79278e-05  1.00025e+00  9.99987e-01
2.14990e+02  1.00015e+00  5.52463e-05  6.27515e-05  1.00018e+00  9.99992e-01
2.15094e+02  1.00009e+00  3.54841e-05  3.69378e-05  1.00011e+00  9.99999e-01
2.15199e+02  1.00004e+00  1.53705e-05  1.07707e-05  1.00004e+00  1.00000e+00
2.15304e+02  9.99979e-01  -4.87333e-06  -1.54625e-05  9.99964e-01  1.00001e+00
2.15409e+02  9.99922e-01  -2.50258e-05  -4.14746e-05  9.99892e-01  1.00002e+00
2.15513e+02  9.99866e-01  -4.48666e-05  -6.69815e-05  9.99821e-01  1.00002e+00
2.15618e+02  9.99811e-01  -6.41794e-05  -9.17051e-05  9.99752e-01  1.00003e+00
2.15723e+02  9.99759e-01  -8.27542e-05  -1.15377e-04  9.99686e-01  1.00003e+00
2.15827e+02  9.99709e-01  -1.00389e-04  -1.37739e-04  9.99624e-01  1.00004e+00
2.15932e+02  9.99663e-01  -1.16894e-04  -1.58552e-04  9.99566e-01  1.00004e+00
2.16037e+02  9.99620e-01  -1.32090e-04  -1.77589e-04  9.99513e-01  1.00005e+00
2.16142e+02  9.99582e-01  -1.45814e-04  -1.94647e-04  9.99465e-01  1.00005e+00
2.16246e+02  9.99548e-01  -1.57919e-04  -2.09543e-04  9.99423e-01  1.00005e+00
2.16351e+02  9.99519e-01  -1.68276e-04  -2.22119e-04  9.99387e-01  1.00005e+00
2.16456e+02  9.99496e-01  -1.76775e-04  -2.32242e-04  9.99359e-01  1.00006e+00
2.16560e+02  9.99478e-01  -1.83327e-04  -2.39807e-04  9.99337e-01  1.00006e+00
2.16665e+02  9.99466e-01  -1.87863e-04  -2.44734e-04  9.99323e-01  1.00006e+00
2.16770e+02  9.99460e-01  -1.90338e-04  -2.46976e-04  9.99316e-01  1.00006e+00
2.16875e+02  9.99460e-01  -1.90728e-04  -2.46514e-04  9.99316e-01  1.00006e+00
2.16979e+02  9.99465e-01  -1.89033e-04  -2.43356e-04  9.99324e-01  1.00005e+00
2.17084e+02  9.99477e-01  -1.85274e-04  -2.37543e-04  9.99340e-01  1.00005e+00
2.17189e+02  9.99494e-01  -1.79496e-04  -2.29142e-04  9.99362e-01  1.00005e+00
2.17293e+02  9.99516e-01  -1.71766e-04  -2.18251e-04  9.99392e-01  1.00005e+00
2.17398e+02  9.99544e-01  -1.62170e-04  -2.04992e-04  9.99428e-01  1.00004e+00
2.17503e+02  9.99577e-01  -1.50816e-04  -1.89515e-04  9.99470e-01  1.00004e+00
2.17608e+02  9.99614e-01  -1.37832e-04  -1.71992e-04  9.99518e-01  1.00003e+00
2.17712e+02  9.99656e-01  -1.23361e-04  -1.52618e-04  9.99571e-01  1.00003e+00
2.17817e+02  9.99701e-01  -1.07563e-04  -1.31608e-04  9.99629e-01  1.00002e+00
2.17922e+02  9.99750e-01  -9.06145e-05  -1.09194e-04  9.99691e-01  1.00002e+00
2.18027e+02  9.99801e-01  -7.27008e-05  -8.56242e-05  9.99756e-01  1.00001e+00
2.18131e+02  9.99854e-01  -5.40197e-05  -6.11580e-05  9.99824e-01  1.00001e+00
2.18236e+02  9.99909e-01  -3.47766e-05  -3.60644e-05  9.99893e-01  1.00000e+00
2.18341e+02  9.99964e-01  -1.51829e-05  -1.06191e-05  9.99964e-01  9.99995e-01
2.18445e+02  1.00002e+00  4.54649e-06  1.48990e-05  1.00003e+00  9.99990e-01
2.18550e+02  1.00008e+00  2.41954e-05  4.02102e-05  1.00010e+00  9.99984e-01
2.18655e+02  1.00013e+00  4.35487e-05  6.50378e-05  1.00017e+00  9.99979e-01
2.18760e+02  1.00018e+00  6.23950e-05  8.91106e-05  1.00024e+00  9.99973e-01
2.18864e+02  1.00023e+00  8.05282e-05  1.12166e-04  1.00030e+00  9.99968e-01
2.18969e+02  1.00028e+00  9.77509e-05  1.33953e-04  1.00037e+00  9.99964e-01
2.19074e+02  1.00033e+00  1.13875e-04  1.54235e-04  1.00042e+00  9.99960e-01
2.19178e+02  1.00037e+00  1.28727e-04  1.72793e-04  1.00047e+00  9.99956e-01
2.19283e+02  1.00041e+00  1.42144e-04  1.89424e-04  1.00052e+00  9.99953e-01
2.19388e+02  1.00044e+00  1.53981e-04  2.03951e-04  1.00056e+00  9.99950e-01
2.19493e+02  1.00047e+00  1.64112e-04  2.16218e-04  1.00060e+00  9.99948e-01
2.19597e+02  1.00049e+00  1.72428e-04  2.26093e-04  1.00062e+00  9.99946e-01
2.19702e+02  1.00051e+00  1.78840e-04  2.33473e-04  1.00065e+00  9.99945e-01
2.19807e+02  1.00052e+00  1.83281e-04  2.38281e-04  1.00066e+00  9.99945e-01
2.19911e+02  1.00053e+00  1.85706e-04  2.40469e-04  1.00067e+00  9.99945e-01
2.20016e+02  1.00053e+00  1.86091e-04  2.40017e-04  1.00067e+00  9.99946e-01
2.20121e+02  1.00052e+00  1.84436e-04  2.36936e-04  1.00066e+00  9.99947e-01
2.20226e+02  1.00051e+00  1.80762e-04  2.31264e-04  1.00064e+00  9.99949e-01
2.20330e+02  1.00049e+00  1.75113e-04  2.23068e-04  1.00062e+00  9.99952e-01
2.20435e+02  1.00047e+00  1.67555e-04  2.12442e-04  1.00059e+00  9.99955e-01
2.20540e+02  1.00044e+00  1.58174e-04  1.99508e-04  1.00056e+00  9.99959e-01
2.20645e+02  1.00041e+00  1.47077e-04  1.84413e-04  1.00052e+00  9.99963e-01
2.20749e+02  1.00038e+00  1.34387e-04  1.67325e-04  1.00047e+00  9.99967e-01
2.20854e+02  1.00034e+00  1.20248e-04  1.48436e-04  1.00042e+00  9.99972e-01
2.20959e+02  1.00029e+00  1.04818e-04  1.27957e-04  1.00036e+00  9.99977e-01
2.21063e+02  1.00024e+00  8.82665e-05  1.06115e-04  1.00030e+00  9.99982e-01
2.21168e+02  1.00019e+00  7.07786e-05  8.31530e-05  1.00024e+00  9.99988e-01
2.21273e+02  1.00014e+00  5.25473e-05  5.93239e-05  1.00017e+00  9.99993e-01
2.21378e+02  1.00009e+00  3.37737e-05  3.48908e-05  1.00010e+00  9.99999e-01
2.21482e+02  1.00003e+00  1.46645e-05  1.01224e-05  1.00003e+00  1.00000e+00
2.21587e+02  9.99980e-01  -4.57061e-06  -1.47094e-05  9.99966e-01  1.00001e+00
2.21692e+02  9.99926e-01  -2.37209e-05  -3.93327e-05  9.99898e-01  1.00002e+00
2.21796e+02  9.99873e-01  -4.25769e-05  -6.34784e-05  9.99830e-01  1.00002e+00
2.21901e+02  9.99821e-01  -6.09332e-05  -8.68835e-05  9.99765e-01  1.00003e+00
2.22006e+02  9.99771e-01  -7.85899e-05  -1.09293e-04  9.99703e-01  1.00003e+00
2.22111e+02  9.99724e-01  -9.53555e-05  -1.30465e-04  9.99644e-01  1.00004e+00
2.22215e+02  9.99680e-01  -1.11048e-04  -1.50169e-04  9.99589e-01  1.00004e+00
2.22320e+02  9.99639e-01  -1.25499e-04  -1.68193e-04  9.99538e-01  1.00004e+00
2.22425e+02  9.99603e-01  -1.38552e-04  -1.84344e-04  9.99493e-01  1.00005e+00
2.22529e+02  9.99571e-01  -1.50067e-04  -1.98448e-04  9.99453e-01  1.00005e+00
2.22634e+02  9.99543e-01  -1.59922e-04  -2.10355e-04  9.99419e-01  1.00005e+00
2.22739e+02  9.99521e-01  -1.68011e-04  -2.19940e-04  9.99392e-01  1.00005e+00
2.22844e+02  9.99504e-01  -1.74250e-04  -2.27102e-04  9.99372e-01  1.00005e+00
2.22948e+02  9.99493e-01  -1.78574e-04  -2.31768e-04  9.99358e-01  1.00005e+00
2.23053e+02  9.99487e-01  -1.80938e-04  -2.33890e-04  9.99351e-01  1.00005e+00
2.23158e+02  9.99486e-01  -1.81320e-04  -2.33451e-04  9.99352e-01  1.00005e+00
2.23263e+02  9.99491e-01  -1.79720e-04  -2.30459e-04  9.99359e-01  1.00005e+00
2.23367e+02  9.99502e-01  -1.76157e-04  -2.24953e-04  9.99374e-01  1.00005e+00
2.23472e+02  9.99519e-01  -1.70675e-04  -2.16995e-04  9.99395e-01  1.00005e+00
2.23577e+02  9.99540e-01  -1.63335e-04  -2.06679e-04  9.99423e-01  1.00004e+00
2.23681e+02  9.99566e-01  -1.54220e-04  -1.94120e-04  9.99458e-01  1.00004e+00
2.23786e+02  9.99598e-01  -1.43434e-04  -1.79458e-04  9.99498e-01  1.00004e+00
2.23891e+02  9.99633e-01  -1.31096e-04  -1.62859e-04  9.99543e-01  1.00003e+00
2.23996e+02  9.99673e-01  -1.17343e-04  -1.44506e-04  9.99594e-01  1.00003e+00
2.24100e+02  9.99716e-01  -1.02328e-04  -1.24604e-04  9.99648e-01  1.00002e+00
2.24205e+02  9.99762e-01  -8.62163e-05  -1.03371e-04  9.99707e-01  1.00002e+00
2.24310e+02  9.99810e-01  -6.91858e-05  -8.10430e-05  9.99769e-01  1.00001e+00
2.24414e+02  9.99861e-01  -5.14241e-05  -5.78651e-05  9.99833e-01  1.00001e+00
2.24519e+02  9.99913e-01  -3.31263e-05  -3.40925e-05  9.99899e-01  1.00000e+00
2.24624e+02  9.99966e-01  -1.44936e-05  -9.98620e-06  9.99966e-01  9.99995e-01
2.24729e+02  1.00002e+00  4.26978e-06  1.41893e-05  1.00003e+00  9.99990e-01
2.24833e+02  1.00007e+00  2.29582e-05  3.81694e-05  1.00010e+00  9.99985e-01
2.24938e+02  1.00012e+00  4.13670e-05  6.16916e-05  1.00016e+00  9.99980e-01
2.25043e+02  1.00017e+00  5.92951e-05  8.44992e-05  1.00023e+00  9.99975e-01
2.25147e+02  1.00022e+00  7.65465e-05  1.06343e-04  1.00029e+00  9.99970e-01
2.25252e+02  1.00027e+00  9.29333e-05  1.26986e-04  1.00035e+00  9.99966e-01
2.25357e+02  1.00031e+00  1.08277e-04  1.46203e-04  1.00040e+00  9.99962e-01
2.25462e+02  1.00035e+00  1.22411e-04  1.63786e-04  1.00045e+00  9.99959e-01
2.25566e+02  1.00039e+00  1.35182e-04  1.79545e-04  1.00049e+00  9.99956e-01
2.25671e+02  1.00042e+00  1.46451e-04  1.93310e-04  1.00053e+00  9.99953e-01
2.25776e+02  1.00045e+00  1.56098e-04  2.04933e-04  1.00057e+00  9.99951e-01
2.25881e+02  1.00047e+00  1.64019e-04  2.14291e-04  1.00059e+00  9.99950e-01
2.25985e+02  1.00048e+00  1.70130e-04  2.21284e-04  1.00061e+00  9.99949e-01
2.26090e+02  1.00050e+00  1.74366e-04  2.25839e-04  1.00063e+00  9.99949e-01
2.26195e+02  1.00050e+00  1.76685e-04  2.27912e-04  1.00063e+00  9.99949e-01
2.26299e+02  1.00050e+00  1.77063e-04  2.27484e-04  1.00063e+00  9.99950e-01
2.26404e+02  1.00050e+00  1.75500e-04  2.24563e-04  1.00062e+00  9.99951e-01
2.26509e+02  1.00049e+00  1.72016e-04  2.19186e-04  1.00061e+00  9.99953e-01
2.26614e+02  1.00047e+00  1.66652e-04  2.11417e-04  1.00059e+00  9.99955e-01
2.26718e+02  1.00045e+00  1.59471e-04  2.01346e-04  1.00056e+00  9.99958e-01
2.26823e+02  1.00042e+00  1.50555e-04  1.89086e-04  1.00053e+00  9.99961e-01
2.26928e+02  1.00039e+00  1.40005e-04  1.74776e-04  1.00049e+00  9.99965e-01
2.27032e+02  1.00036e+00  1.27938e-04  1.58578e-04  1.00045e+00  9.99969e-01
2.27137e+02  1.00032e+00  1.14491e-04  1.40672e-04  1.00040e+00  9.99974e-01
2.27242e+02  1.00028e+00  9.98129e-05  1.21257e-04  1.00034e+00  9.99979e-01
2.27347e+02  1.00023e+00  8.40670e-05  1.00551e-04  1.00029e+00  9.99984e-01
2.27451e+02  1.00019e+00  6.74278e-05  7.87811e-05  1.00022e+00  9.99989e-01
2.27556e+02  1.00014e+00  5.00792e-05  5.61889e-05  1.00016e+00  9.99994e-01
2.27661e+02  1.00009e+00  3.22127e-05  3.30232e-05  1.00010e+00  9.99999e-01
2.27765e+02  1.00003e+00  1.40248e-05  9.53894e-06  1.00003e+00  1.00000e+00
2.27870e+02  9.99982e-01  -4.28489e-06  -1.40063e-05  9.99968e-01  1.00001e+00
2.27975e+02  9.99930e-01  -2.25157e-05  -3.73546e-05  9.99903e-01  1.00001e+00
2.28080e+02  9.99879e-01  -4.04684e-05  -6.02508e-05  9.99839e-01  1.00002e+00
2.28184e+02  9.99830e-01  -5.79472e-05  -8.24454e-05  9.99777e-01  1.00002e+00
2.28289e+02  9.99783e-01  -7.47618e-05  -1.03697e-04  9.99718e-01  1.00003e+00
2.28394e+02  9.99738e-01  -9.07296e-05  -1.23775e-04  9.99662e-01  1.00003e+00
2.28499e+02  9.99696e-01  -1.05678e-04  -1.42461e-04  9.99609e-01  1.00004e+00
2.28603e+02  9.99657e-01  -1.19445e-04  -1.59556e-04  9.99561e-01  1.00004e+00
2.28708e+02  9.99622e-01  -1.31882e-04  -1.74873e-04  9.99518e-01  1.00004e+00
2.28813e+02  9.99592e-01  -1.42856e-04  -1.88251e-04  9.99481e-01  1.00005e+00
2.28917e+02  9.99566e-01  -1.52250e-04  -1.99545e-04  9.99449e-01  1.00005e+00
2.29022e+02  9.99544e-01  -1.59964e-04  -2.08636e-04  9.99423e-01  1.00005e+00
2.29127e+02  9.99528e-01  -1.65917e-04  -2.15430e-04  9.99403e-01  1.00005e+00
2.29232e+02  9.99517e-01  -1.70045e-04  -2.19855e-04  9.99390e-01  1.00005e+00
2.29336e+02  9.99511e-01  -1.72308e-04  -2.21868e-04  9.99384e-01  1.00005e+00
2.29441e+02  9.99511e-01  -1.72684e-04  -2.21451e-04  9.99384e-01  1.00005e+00
2.29546e+02  9.99516e-01  -1.71171e-04  -2.18613e-04  9.99392e-01  1.00005e+00
2.29650e+02  9.99526e-01  -1.67789e-04  -2.13389e-04  9.99405e-01  1.00005e+00
2.29755e+02  9.99541e-01  -1.62578e-04  -2.05839e-04  9.99426e-01  1.00004e+00
2.29860e+02  9.99562e-01  -1.55598e-04  -1.96052e-04  9.99452e-01  1.00004e+00
2.29965e+02  9.99587e-01  -1.46926e-04  -1.84136e-04  9.99485e-01  1.00004e+00
2.30069e+02  9.99616e-01  -1.36661e-04  -1.70225e-04  9.99523e-01  1.00003e+00
2.30174e+02  9.99650e-01  -1.24917e-04  -1.54476e-04  9.99566e-01  1.00003e+00
2.30279e+02  9.99688e-01  -1.11824e-04  -1.37062e-04  9.99614e-01  1.00003e+00
2.30383e+02  9.99729e-01  -9.75275e-05  -1.18178e-04  9.99666e-01  1.00002e+00
2.30488e+02  9.99772e-01  -8.21849e-05  -9.80306e-05  9.99722e-01  1.00002e+00
2.30593e+02  9.99819e-01  -6.59657e-05  -7.68436e-05  9.99780e-01  1.00001e+00
2.30698e+02  9.99867e-01  -4.90483e-05  -5.48500e-05  9.99841e-01  1.00001e+00
2.30802e+02  9.99916e-01  -3.16189e-05  -3.22917e-05  9.99904e-01  1.00000e+00
2.30907e+02  9.99967e-01  -1.38687e-05  -9.41622e-06  9.99967e-01  9.99996e-01
2.31012e+02  1.00002e+00  4.00740e-06  1.35254e-05  1.00003e+00  9.99990e-01
2.31116e+02  1.00007e+00  2.18137e-05  3.62820e-05  1.00009e+00  9.99986e-01
2.31221e+02  1.00012e+00  3.93552e-05  5.86045e-05  1.00016e+00  9.99981e-01
2.31326e+02  1.00017e+00  5.64401e-05  8.02493e-05  1.00022e+00  9.99976e-01
2.31431e+02  1.00021e+00  7.28819e-05  1.00980e-04  1.00027e+00  9.99972e-01
2.31535e+02  1.00026e+00  8.85012e-05  1.20571e-04  1.00033e+00  9.99968e-01
2.31640e+02  1.00030e+00  1.03128e-04  1.38810e-04  1.00038e+00  9.99964e-01
2.31745e+02  1.00033e+00  1.16603e-04  1.55498e-04  1.00043e+00  9.99961e-01
2.31850e+02  1.00037e+00  1.28781e-04  1.70455e-04  1.00047e+00  9.99958e-01
2.31954e+02  1.00040e+00  1.39529e-04  1.83520e-04  1.00051e+00  9.99956e-01
2.32059e+02  1.00042e+00  1.48732e-04  1.94552e-04  1.00054e+00  9.99954e-01
2.32164e+02  1.00045e+00  1.56291e-04  2.03434e-04  1.00056e+00  9.99953e-01
2.32268e+02  1.00046e+00  1.62125e-04  2.10072e-04  1.00058e+00  9.99952e-01
2.32373e+02  1.00047e+00  1.66174e-04  2.14397e-04  1.00059e+00  9.99952e-01
2.32478e+02  1.00048e+00  1.68395e-04  2.16364e-04  1.00060e+00  9.99952e-01
2.32583e+02  1.00048e+00  1.68767e-04  2.15958e-04  1.00060e+00  9.99953e-01
2.32687e+02  1.00047e+00  1.67289e-04  2.13185e-04  1.00059e+00  9.99954e-01
2.32792e+02  1.00046e+00  1.63980e-04  2.08081e-04  1.00058e+00  9.99956e-01
2.32897e+02  1.00045e+00  1.58879e-04  2.00706e-04  1.00056e+00  9.99958e-01
2.33001e+02  1.00043e+00  1.52045e-04  1.91144e-04  1.00053e+00  9.99961e-01
2.33106e+02  1.00040e+00  1.43557e-04  1.79504e-04  1.00050e+00  9.99964e-01
2.33211e+02  1.00037e+00  1.33509e-04  1.65918e-04  1.00047e+00  9.99968e-01
2.33316e+02  1.00034e+00  1.22016e-04  1.50539e-04  1.00042e+00  9.99971e-01
2.33420e+02  1.00031e+00  1.09204e-04  1.33537e-04  1.00038e+00  9.99976e-01
2.33525e+02  1.00027e+00  9.52183e-05  1.15103e-04  1.00033e+00  9.99980e-01
2.33630e+02  1.00022e+00  8.02127e-05  9.54405e-05  1.00027e+00  9.99985e-01
2.33734e+02  1.00018e+00  6.43539e-05  7.47682e-05  1.00021e+00  9.99990e-01
2.33839e+02  1.00013e+00  4.78170e-05  5.33142e-05  1.00015e+00  9.99995e-01
2.33944e+02  1.00008e+00  3.07844e-05  3.13149e-05  1.00009e+00  9.99999e-01
2.34049e+02  1.00003e+00  1.34436e-05  9.01216e-06  1.00003e+00  1.00000e+00
2.34153e+02  9.99983e-01  -4.01528e-06  -1.33492e-05  9.99969e-01  1.00001e+00
2.34258e+02  9.99934e-01  -2.14008e-05  -3.55243e-05  9.99908e-01  1.00001e+00
2.34363e+02  9.99885e-01  -3.85230e-05  -5.72708e-05  9.99847e-01  1.00002e+00
2.34468e+02  9.99838e-01  -5.51949e-05  -7.83515e-05  9.99788e-01  1.00002e+00
2.34572e+02  9.99793e-01  -7.12353e-05  -9.85373e-05  9.99732e-01  1.00003e+00
2.34677e+02  9.99750e-01  -8.64697e-05  -1.17609e-04  9.99678e-01  1.00003e+00
2.34782e+02  9.99710e-01  -1.00733e-04  -1.35360e-04  9.99629e-01  1.00003e+00
2.34886e+02  9.99673e-01  -1.13871e-04  -1.51598e-04  9.99583e-01  1.00004e+00
2.34991e+02  9.99640e-01  -1.25743e-04  -1.66150e-04  9.99542e-01  1.00004e+00
2.35096e+02  9.99611e-01  -1.36220e-04  -1.78858e-04  9.99506e-01  1.00004e+00
2.35201e+02  9.99586e-01  -1.45191e-04  -1.89588e-04  9.99476e-01  1.00004e+00
2.35305e+02  9.99565e-01  -1.52560e-04  -1.98226e-04  9.99451e-01  1.00005e+00
2.35410e+02  9.99550e-01  -1.58249e-04  -2.04681e-04  9.99432e-01  1.00005e+00
2.35515e+02  9.99539e-01  -1.62199e-04  -2.08886e-04  9.99420e-01  1.00005e+00
2.35619e+02  9.99534e-01  -1.64369e-04  -2.10799e-04  9.99414e-01  1.00005e+00
2.35724e+02  9.99533e-01  -1.64739e-04  -2.10403e-04  9.99414e-01  1.00005e+00
2.35829e+02  9.99538e-01  -1.63308e-04  -2.07707e-04  9.99421e-01  1.00004e+00
2.35934e+02  9.99548e-01  -1.60093e-04  -2.02743e-04  9.99434e-01  1.00004e+00
2.36038e+02  9.99562e-01  -1.55132e-04  -1.95570e-04  9.99454e-01  1.00004e+00
2.36143e+02  9.99582e-01  -1.48482e-04  -1.86270e-04  9.99479e-01  1.00004e+00
2.36248e+02  9.99606e-01  -1.40219e-04  -1.74947e-04  9.99510e-01  1.00003e+00
2.36352e+02  9.99634e-01  -1.30434e-04  -1.61729e-04  9.99546e-01  1.00003e+00
2.36457e+02  9.99666e-01  -1.19236e-04  -1.46762e-04  9.99587e-01  1.00003e+00
2.36562e+02  9.99702e-01  -1.06751e-04  -1.30214e-04  9.99633e-01  1.00002e+00
2.36667e+02  9.99741e-01  -9.31157e-05  -1.12267e-04  9.99682e-01  1.00002e+00
2.36771e+02  9.99782e-01  -7.84812e-05  -9.31207e-05  9.99735e-01  1.00001e+00
2.36876e+02  9.99827e-01  -6.30088e-05  -7.29852e-05  9.99791e-01  1.00001e+00
2.36981e+02  9.99873e-01  -4.68688e-05  -5.20827e-05  9.99849e-01  1.00001e+00
2.37086e+02  9.99920e-01  -3.02385e-05  -3.06429e-05  9.99908e-01  1.00000e+00
2.37190e+02  9.99968e-01  -1.33008e-05  -8.90130e-06  9.99969e-01  9.99996e-01
2.37295e+02  1.00002e+00  3.75881e-06  1.29037e-05  1.00003e+00  9.99991e-01
2.37400e+02  1.00006e+00  2.07532e-05  3.45332e-05  1.00009e+00  9.99986e-01
2.37504e+02  1.00011e+00  3.74965e-05  5.57508e-05  1.00015e+00  9.99982e-01
2.37609e+02  1.00016e+00  5.38055e-05  7.63245e-05  1.00021e+00  9.99977e-01
2.37714e+02  1.00020e+00  6.95022e-05  9.60300e-05  1.00026e+00  9.99973e-01
2.37819e+02  1.00024e+00  8.44153e-05  1.14653e-04  1.00031e+00  9.99970e-01
2.37923e+02  1.00028e+00  9.83824e-05  1.31990e-04  1.00036e+00  9.99966e-01
2.38028e+02  1.00032e+00  1.11252e-04  1.47854e-04  1.00041e+00  9.99963e-01
2.38133e+02  1.00035e+00  1.22883e-04  1.62072e-04  1.00045e+00  9.99961e-01
2.38237e+02  1.00038e+00  1.33152e-04  1.74493e-04  1.00048e+00  9.99959e-01
2.38342e+02  1.00040e+00  1.41946e-04  1.84981e-04  1.00051e+00  9.99957e-01
2.38447e+02  1.00042e+00  1.49172e-04  1.93426e-04  1.00054e+00  9.99956e-01
2.38552e+02  1.00044e+00  1.54753e-04  1.99737e-04  1.00055e+00  9.99955e-01
2.38656e+02  1.00045e+00  1.58629e-04  2.03849e-04  1.00057e+00  9.99955e-01
2.38761e+02  1.00046e+00  1.60761e-04  2.05721e-04  1.00057e+00  9.99955e-01
2.38866e+02  1.00046e+00  1.61128e-04  2.05335e-04  1.00057e+00  9.99956e-01
2.38970e+02  1.00045e+00  1.59729e-04  2.02700e-04  1.00057e+00  9.99957e-01
2.39075e+02  1.00044e+00  1.56581e-04  1.97847e-04  1.00055e+00  9.99959e-01
2.39180e+02  1.00043e+00  1.51722e-04  1.90835e-04  1.00053e+00  9.99961e-01
2.39285e+02  1.00041e+00  1.45209e-04  1.81744e-04  1.00051e+00  9.99963e-01
2.39389e+02  1.00039e+00  1.37114e-04  1.70677e-04  1.00048e+00  9.99966e-01
2.39494e+02  1.00036e+00  1.27530e-04  1.57758e-04  1.00044e+00  9.99970e-01
2.39599e+02  1.00033e+00  1.16565e-04  1.43134e-04  1.00040e+00  9.99973e-01
2.39704e+02  1.00029e+00  1.04339e-04  1.26966e-04  1.00036e+00  9.99977e-01
2.39808e+02  1.00025e+00  9.09910e-05  1.09436e-04  1.00031e+00  9.99982e-01
2.39913e+02  1.00021e+00  7.66676e-05  9.07367e-05  1.00026e+00  9.99986e-01
2.40018e+02  1.00017e+00  6.15277e-05  7.10765e-05  1.00020e+00  9.99990e-01
2.40122e+02  1.00012e+00  4.57387e-05  5.06721e-05  1.00015e+00  9.99995e-01
2.40227e+02  1.00008e+00  2.94745e-05  2.97483e-05  1.00009e+00  1.00000e+00
2.40332e+02  1.00003e+00  1.29140e-05  8.53518e-06  1.00003e+00  1.00000e+00
2.40437e+02  9.99984e-01  -3.76090e-06  -1.27344e-05  9.99971e-01  1.00001e+00
2.40541e+02  9.99937e-01  -2.03676e-05  -3.38276e-05  9.99912e-01  1.00001e+00
2.40646e+02  9.99891e-01  -3.67245e-05  -5.45139e-05  9.99854e-01  1.00002e+00
2.40751e+02  9.99846e-01  -5.26532e-05  -7.45676e-05  9.99798e-01  1.00002e+00
2.40855e+02  9.99803e-01  -6.79802e-05  -9.37706e-05  9.99744e-01  1.00003e+00
2.40960e+02  9.99762e-01  -8.25389e-05  -1.11914e-04  9.99694e-01  1.00003e+00
2.41065e+02  9.99723e-01  -9.61716e-05  -1.28802e-04  9.99646e-01  1.00003e+00
2.41170e+02  9.99688e-01  -1.08731e-04  -1.44252e-04  9.99603e-01  1.00004e+00
2.41274e+02  9.99656e-01  -1.20081e-04  -1.58097e-04  9.99564e-01  1.00004e+00
2.41379e+02  9.99628e-01  -1.30100e-04  -1.70189e-04  9.99530e-01  1.00004e+00
2.41484e+02  9.99604e-01  -1.38681e-04  -1.80399e-04  9.99501e-01  1.00004e+00
2.41588e+02  9.99585e-01  -1.45732e-04  -1.88619e-04  9.99477e-01  1.00004e+00
2.41693e+02  9.99570e-01  -1.51179e-04  -1.94762e-04  9.99459e-01  1.00004e+00
2.41798e+02  9.99560e-01  -1.54965e-04  -1.98764e-04  9.99448e-01  1.00004e+00
2.41903e+02  9.99554e-01  -1.57050e-04  -2.00585e-04  9.99442e-01  1.00004e+00
2.42007e+02  9.99554e-01  -1.57416e-04  -2.00210e-04  9.99442e-01  1.00004e+00
2.42112e+02  9.99558e-01  -1.56059e-04  -1.97645e-04  9.99449e-01  1.00004e+00
2.42217e+02  9.99568e-01  -1.52998e-04  -1.92922e-04  9.99461e-01  1.00004e+00
2.42322e+02  9.99581e-01  -1.48269e-04  -1.86097e-04  9.99480e-01  1.00004e+00
2.42426e+02  9.99600e-01  -1.41924e-04  -1.77247e-04  9.99504e-01  1.00004e+00
2.42531e+02  9.99623e-01  -1.34037e-04  -1.66472e-04  9.99533e-01  1.00003e+00
2.42636e+02  9.99650e-01  -1.24695e-04  -1.53893e-04  9.99568e-01  1.00003e+00
2.42740e+02  9.99680e-01  -1.14003e-04  -1.39649e-04  9.99607e-01  1.00003e+00
2.42845e+02  9.99715e-01  -1.02078e-04  -1.23900e-04  9.99650e-01  1.00002e+00
2.42950e+02  9.99752e-01  -8.90527e-05  -1.06820e-04  9.99697e-01  1.00002e+00
2.43055e+02  9.99792e-01  -7.50714e-05  -8.85968e-05  9.99748e-01  1.00001e+00
2.43159e+02  9.99834e-01  -6.02878e-05  -6.94321e-05  9.99801e-01  1.00001e+00
2.43264e+02  9.99878e-01  -4.48647e-05  -4.95368e-05  9.99856e-01  1.00000e+00
2.43369e+02  9.99923e-01  -2.89716e-05  -2.91297e-05  9.99913e-01  1.00000e+00
2.43473e+02  9.99969e-01  -1.27831e-05  -8.43479e-06  9.99970e-01  9.99996e-01
2.43578e+02  1.00002e+00  3.52339e-06  1.23209e-05  1.00003e+00  9.99991e-01
2.43683e+02  1.00006e+00  1.97691e-05  3.29102e-05  1.00009e+00  9.99987e-01
2.43788e+02  1.00011e+00  3.57762e-05  5.31077e-05  1.00014e+00  9.99983e-01
2.43892e+02  1.00015e+00  5.13698e-05  7.26929e-05  1.00020e+00  9.99979e-01
2.43997e+02  1.00019e+00  6.63793e-05  9.14520e-05  1.00025e+00  9.99975e-01
2.44102e+02  1.00023e+00  8.06413e-05  1.09181e-04  1.00030e+00  9.99971e-01
2.44206e+02  1.00027e+00  9.40002e-05  1.25686e-04  1.00035e+00  9.99968e-01
2.44311e+02  1.00030e+00  1.06311e-04  1.40790e-04  1.00039e+00  9.99966e-01
2.44416e+02  1.00034e+00  1.17440e-04  1.54327e-04  1.00043e+00  9.99963e-01
2.44521e+02  1.00036e+00  1.27266e-04  1.66153e-04  1.00046e+00  9.99961e-01
2.44625e+02  1.00039e+00  1.35684e-04  1.76139e-04  1.00049e+00  9.99960e-01
2.44730e+02  1.00041e+00  1.42603e-04  1.84180e-04  1.00051e+00  9.99958e-01
2.44835e+02  1.00042e+00  1.47950e-04  1.90191e-04  1.00053e+00  9.99958e-01
2.44940e+02  1.00043e+00  1.51667e-04  1.94107e-04  1.00054e+00  9.99958e-01
2.45044e+02  1.00044e+00  1.53718e-04  1.95891e-04  1.00055e+00  9.99958e-01
2.45149e+02  1.00044e+00  1.54080e-04  1.95524e-04  1.00055e+00  9.99959e-01
2.45254e+02  1.00043e+00  1.52754e-04  1.93016e-04  1.00054e+00  9.99960e-01
2.45358e+02  1.00042e+00  1.49755e-04  1.88397e-04  1.00053e+00  9.99961e-01
2.45463e+02  1.00041e+00  1.45120e-04  1.81721e-04  1.00051e+00  9.99963e-01
2.45568e+02  1.00039e+00  1.38902e-04  1.73065e-04  1.00049e+00  9.99966e-01
2.45673e+02  1.00037e+00  1.31172e-04  1.62527e-04  1.00046e+00  9.99969e-01
2.45777e+02  1.00034e+00  1.22016e-04  1.50225e-04  1.00042e+00  9.99972e-01
2.45882e+02  1.00031e+00  1.11538e-04  1.36298e-04  1.00038e+00  9.99975e-01
2.45987e+02  1.00028e+00  9.98535e-05  1.20902e-04  1.00034e+00  9.99979e-01
2.46091e+02  1.00024e+00  8.70938e-05  1.04206e-04  1.00030e+00  9.99983e-01
2.46196e+02  1.00020e+00  7.34001e-05  8.63977e-05  1.00025e+00  9.99987e-01
2.46301e+02  1.00016e+00  5.89240e-05  6.76727e-05  1.00019e+00  9.99991e-01
2.46406e+02  1.00012e+00  4.38253e-05  4.82382e-05  1.00014e+00  9.99996e-01
2.46510e+02  1.00008e+00  2.82704e-05  2.83083e-05  1.00008e+00  1.00000e+00
2.46615e+02  1.00003e+00  1.24304e-05  8.10209e-06  1.00003e+00  1.00000e+00
2.46720e+02  9.99985e-01  -3.52086e-06  -1.21587e-05  9.99972e-01  1.00001e+00
2.46824e+02  9.99940e-01  -1.94086e-05  -3.22522e-05  9.99916e-01  1.00001e+00
2.46929e+02  9.99896e-01  -3.50591e-05  -5.19588e-05  9.99861e-01  1.00002e+00
2.47034e+02  9.99853e-01  -5.03017e-05  -7.10635e-05  9.99808e-01  1.00002e+00
2.47139e+02  9.99812e-01  -6.49701e-05  -8.93584e-05  9.99756e-01  1.00002e+00
2.47243e+02  9.99772e-01  -7.89052e-05  -1.06645e-04  9.99708e-01  1.00003e+00
2.47348e+02  9.99736e-01  -9.19556e-05  -1.22735e-04  9.99663e-01  1.00003e+00
2.47453e+02  9.99702e-01  -1.03980e-04  -1.37456e-04  9.99621e-01  1.00003e+00
2.47558e+02  9.99671e-01  -1.14849e-04  -1.50649e-04  9.99584e-01  1.00004e+00
2.47662e+02  9.99645e-01  -1.24446e-04  -1.62172e-04  9.99551e-01  1.00004e+00
2.47767e+02  9.99622e-01  -1.32667e-04  -1.71901e-04  9.99524e-01  1.00004e+00
2.47872e+02  9.99603e-01  -1.39425e-04  -1.79735e-04  9.99501e-01  1.00004e+00
2.47976e+02  9.99589e-01  -1.44649e-04  -1.85589e-04  9.99484e-01  1.00004e+00
2.48081e+02  9.99579e-01  -1.48283e-04  -1.89405e-04  9.99473e-01  1.00004e+00
2.48186e+02  9.99574e-01  -1.50290e-04  -1.91142e-04  9.99467e-01  1.00004e+00
2.48291e+02  9.99573e-01  -1.50651e-04  -1.90785e-04  9.99468e-01  1.00004e+00
2.48395e+02  9.99577e-01  -1.49365e-04  -1.88343e-04  9.99474e-01  1.00004e+00
2.48500e+02  9.99586e-01  -1.46446e-04  -1.83844e-04  9.99486e-01  1.00004e+00
2.48605e+02  9.99599e-01  -1.41931e-04  -1.77340e-04  9.99503e-01  1.00004e+00
2.48709e+02  9.99617e-01  -1.35869e-04  -1.68907e-04  9.99526e-01  1.00003e+00
2.48814e+02  9.99639e-01  -1.28330e-04  -1.58639e-04  9.99554e-01  1.00003e+00
2.48919e+02  9.99664e-01  -1.19398e-04  -1.46651e-04  9.99587e-01  1.00003e+00
2.49024e+02  9.99694e-01  -1.09171e-04  -1.33077e-04  9.99625e-01  1.00002e+00
2.49128e+02  9.99726e-01  -9.77645e-05  -1.18067e-04  9.99666e-01  1.00002e+00
2.49233e+02  9.99762e-01  -8.53035e-05  -1.01788e-04  9.99711e-01  1.00002e+00
2.49338e+02  9.99800e-01  -7.19258e-05  -8.44197e-05  9.99759e-01  1.00001e+00
2.49442e+02  9.99841e-01  -5.77788e-05  -6.61531e-05  9.99810e-01  1.00001e+00
2.49547e+02  9.99883e-01  -4.30183e-05  -4.71896e-05  9.99863e-01  1.00000e+00
2.49652e+02  9.99926e-01  -2.78063e-05  -2.77377e-05  9.99917e-01  1.00000e+00
2.49757e+02  9.99970e-01  -1.23101e-05  -8.01098e-06  9.99972e-01  9.99996e-01
2.49861e+02  1.00001e+00  3.30050e-06  1.17742e-05  1.00003e+00  9.99992e-01
2.49966e+02  1.00006e+00  1.88544e-05  3.14013e-05  1.00008e+00  9.99987e-01
2.50071e+02  1.00010e+00  3.41814e-05  5.06554e-05  1.00014e+00  9.99984e-01
2.50175e+02  1.00014e+00  4.91139e-05  6.93262e-05  1.00019e+00  9.99980e-01
2.50280e+02  1.00018e+00  6.34887e-05  8.72101e-05  1.00024e+00  9.99976e-01
2.50385e+02  1.00022e+00  7.71491e-05  1.04112e-04  1.00029e+00  9.99973e-01
2.50490e+02  1.00026e+00  8.99461e-05  1.19849e-04  1.00033e+00  9.99970e-01
2.50594e+02  1.00029e+00  1.01741e-04  1.34249e-04  1.00037e+00  9.99967e-01
2.50699e+02  1.00032e+00  1.12405e-04  1.47156e-04  1.00041e+00  9.99965e-01
2.50804e+02  1.00035e+00  1.21823e-04  1.58432e-04  1.00044e+00  9.99963e-01
2.50909e+02  1.00037e+00  1.29893e-04  1.67955e-04  1.00047e+00  9.99962e-01
2.51013e+02  1.00039e+00  1.36529e-04  1.75623e-04  1.00049e+00  9.99961e-01
2.51118e+02  1.00040e+00  1.41660e-04  1.81355e-04  1.00050e+00  9.99960e-01
2.51223e+02  1.00041e+00  1.45231e-04  1.85091e-04  1.00052e+00  9.99960e-01
2.51327e+02  1.00042e+00  1.47206e-04  1.86793e-04  1.00052e+00  9.99960e-01
2.51432e+02  1.00042e+00  1.47565e-04  1.86446e-04  1.00052e+00  9.99961e-01
2.51537e+02  1.00041e+00  1.46306e-04  1.84056e-04  1.00051e+00  9.99962e-01
2.51642e+02  1.00041e+00  1.43446e-04  1.79653e-04  1.00050e+00  9.99964e-01
2.51746e+02  1.00039e+00  1.39018e-04  1.73288e-04  1.00049e+00  9.99966e-01
2.51851e+02  1.00038e+00  1.33074e-04  1.65035e-04  1.00046e+00  9.99968e-01
2.51956e+02  1.00035e+00  1.25680e-04  1.54987e-04  1.00044e+00  9.99971e-01
2.52060e+02  1.00033e+00  1.16920e-04  1.43257e-04  1.00040e+00  9.99974e-01
2.52165e+02  1.00030e+00  1.06893e-04  1.29976e-04  1.00037e+00  9.99977e-01
2.52270e+02  1.00027e+00  9.57091e-05  1.15294e-04  1.00033e+00  9.99980e-01
2.52375e+02  1.00023e+00  8.34940e-05  9.93716e-05  1.00028e+00  9.99984e-01
2.52479e+02  1.00020e+00  7.03827e-05  8.23871e-05  1.00024e+00  9.99988e-01
2.52584e+02  1.00016e+00  5.65204e-05  6.45281e-05  1.00019e+00  9.99992e-01
2.52689e+02  1.00012e+00  4.20602e-05  4.59916e-05  1.00013e+00  9.99996e-01
2.52793e+02  1.00007e+00  2.71613e-05  2.69818e-05  1.00008e+00  1.00000e+00
2.52898e+02  1.00003e+00  1.19877e-05  7.70783e-06  1.00003e+00  1.00000e+00
2.53003e+02  9.99986e-01  -3.29430e-06  -1.16190e-05  9.99973e-01  1.00001e+00
2.53108e+02  9.99943e-01  -1.85171e-05  -3.07869e-05  9.99920e-01  1.00001e+00
2.53212e+02  9.99901e-01  -3.35143e-05  -4.95864e-05  9.99867e-01  1.00002e+00
2.53317e+02  9.99860e-01  -4.81223e-05  -6.78125e-05  9.99816e-01  1.00002e+00
2.53422e+02  9.99820e-01  -6.21818e-05  -8.52667e-05  9.99767e-01  1.00002e+00
2.53527e+02  9.99782e-01  -7.55400e-05  -1.01759e-04  9.99721e-01  1.00003e+00
2.53631e+02  9.99747e-01  -8.80519e-05  -1.17112e-04  9.99678e-01  1.00003e+00
2.53736e+02  9.99715e-01  -9.95822e-05  -1.31158e-04  9.99638e-01  1.00003e+00
2.53841e+02  9.99685e-01  -1.10006e-04  -1.43747e-04  9.99603e-01  1.00003e+00
2.53945e+02  9.99660e-01  -1.19212e-04  -1.54742e-04  9.99571e-01  1.00004e+00
2.54050e+02  9.99638e-01  -1.27101e-04  -1.64028e-04  9.99545e-01  1.00004e+00
2.54155e+02  9.99620e-01  -1.33588e-04  -1.71504e-04  9.99523e-01  1.00004e+00
2.54260e+02  9.99606e-01  -1.38605e-04  -1.77092e-04  9.99507e-01  1.00004e+00
2.54364e+02  9.99596e-01  -1.42099e-04  -1.80734e-04  9.99496e-01  1.00004e+00
2.54469e+02  9.99591e-01  -1.44035e-04  -1.82394e-04  9.99491e-01  1.00004e+00
2.54574e+02  9.99591e-01  -1.44393e-04  -1.82056e-04  9.99491e-01  1.00004e+00
2.54678e+02  9.99595e-01  -1.43171e-04  -1.79727e-04  9.99497e-01  1.00004e+00
2.54783e+02  9.99603e-01  -1.40385e-04  -1.75435e-04  9.99509e-01  1.00004e+00
2.54888e+02  9.99616e-01  -1.36067e-04  -1.69230e-04  9.99525e-01  1.00003e+00
2.54993e+02  9.99633e-01  -1.30268e-04  -1.61184e-04  9.99547e-01  1.00003e+00
2.55097e+02  9.99653e-01  -1.23051e-04  -1.51386e-04  9.99574e-01  1.00003e+00
2.55202e+02  9.99678e-01  -1.14498e-04  -1.39947e-04  9.99606e-01  1.00003e+00
2.55307e+02  9.99706e-01  -1.04703e-04  -1.26993e-04  9.99641e-01  1.00002e+00
2.55411e+02  9.99737e-01  -9.37762e-05  -1.12668e-04  9.99681e-01  1.00002e+00
2.55516e+02  9.99772e-01  -8.18374e-05  -9.71320e-05  9.99724e-01  1.00002e+00
2.55621e+02  9.99808e-01  -6.90186e-05  -8.05553e-05  9.99770e-01  1.00001e+00
2.55726e+02  9.99847e-01  -5.54610e-05  -6.31210e-05  9.99818e-01  1.00001e+00
2.55830e+02  9.99887e-01  -4.13137e-05  -4.50211e-05  9.99869e-01  1.00000e+00
2.55935e+02  9.99928e-01  -2.67324e-05  -2.64544e-05  9.99920e-01  1.00000e+00
2.56040e+02  9.99971e-01  -1.18770e-05  -7.62497e-06  9.99973e-01  9.99996e-01
2.56145e+02  1.00001e+00  3.08946e-06  1.12609e-05  1.00003e+00  9.99992e-01
2.56249e+02  1.00006e+00  1.80031e-05  2.99962e-05  1.00008e+00  9.99988e-01
2.56354e+02  1.00010e+00  3.27005e-05  4.83761e-05  1.00013e+00  9.99984e-01
2.56459e+02  1.00014e+00  4.70212e-05  6.61998e-05  1.00018e+00  9.99981e-01
2.56563e+02  1.00018e+00  6.08085e-05  8.32727e-05  1.00023e+00  9.99978e-01
2.56668e+02  1.00021e+00  7.39121e-05  9.94089e-05  1.00027e+00  9.99975e-01
2.56773e+02  1.00025e+00  8.61892e-05  1.14433e-04  1.00032e+00  9.99972e-01
2.56878e+02  1.00028e+00  9.75063e-05  1.28181e-04  1.00035e+00  9.99969e-01
2.56982e+02  1.00031e+00  1.07740e-04  1.40505e-04  1.00039e+00  9.99967e-01
2.57087e+02  1.00033e+00  1.16781e-04  1.51272e-04  1.00042e+00  9.99966e-01
2.57192e+02  1.00035e+00  1.24529e-04  1.60365e-04  1.00045e+00  9.99964e-01
2.57296e+02  1.00037e+00  1.30903e-04  1.67688e-04  1.00047e+00  9.99963e-01
2.57401e+02  1.00039e+00  1.35835e-04  1.73163e-04  1.00048e+00  9.99963e-01
2.57506e+02  1.00040e+00  1.39271e-04  1.76732e-04  1.00049e+00  9.99963e-01
2.57611e+02  1.00040e+00  1.41176e-04  1.78359e-04  1.00050e+00  9.99963e-01
2.57715e+02  1.00040e+00  1.41532e-04  1.78029e-04  1.00050e+00  9.99964e-01
2.57820e+02  1.00040e+00  1.40336e-04  1.75749e-04  1.00049e+00  9.99965e-01
2.57925e+02  1.00039e+00  1.37604e-04  1.71547e-04  1.00048e+00  9.99966e-01
2.58029e+02  1.00038e+00  1.33369e-04  1.65472e-04  1.00046e+00  9.99968e-01
2.58134e+02  1.00036e+00  1.27678e-04  1.57593e-04  1.00044e+00  9.99970e-01
2.58239e+02  1.00034e+00  1.20596e-04  1.47999e-04  1.00042e+00  9.99973e-01
2.58344e+02  1.00032e+00  1.12203e-04  1.36799e-04  1.00039e+00  9.99975e-01
2.58448e+02  1.00029e+00  1.02593e-04  1.24118e-04  1.00035e+00  9.99978e-01
2.58553e+02  1.00026e+00  9.18735e-05  1.10097e-04  1.00031e+00  9.99982e-01
2.58658e+02  1.00022e+00  8.01629e-05  9.48928e-05  1.00027e+00  9.99985e-01
2.58763e+02  1.00019e+00  6.75912e-05  7.86729e-05  1.00022e+00  9.99989e-01
2.58867e+02  1.00015e+00  5.42977e-05  6.16171e-05  1.00018e+00  9.99993e-01
2.58972e+02  1.00011e+00  4.04290e-05  4.39136e-05  1.00013e+00  9.99997e-01
2.59077e+02  1.00007e+00  2.61379e-05  2.57574e-05  1.00008e+00  1.00000e+00
2.59181e+02  1.00003e+00  1.15815e-05  7.34803e-06  1.00003e+00  1.00000e+00
2.59286e+02  9.99987e-01  -3.08036e-06  -1.11124e-05  9.99975e-01  1.00001e+00
2.59391e+02  9.99946e-01  -1.76872e-05  -2.94219e-05  9.99923e-01  1.00001e+00
2.59496e+02  9.99905e-01  -3.20791e-05  -4.73801e-05  9.99873e-01  1.00002e+00
2.59600e+02  9.99866e-01  -4.60992e-05  -6.47913e-05  9.99824e-01  1.00002e+00
2.59705e+02  9.99828e-01  -5.95945e-05  -8.14657e-05  9.99777e-01  1.00002e+00
2.59810e+02  9.99791e-01  -7.24183e-05  -9.72223e-05  9.99733e-01  1.00002e+00
2.59914e+02  9.99758e-01  -8.44315e-05  -1.11890e-04  9.99692e-01  1.00003e+00
2.60019e+02  9.99726e-01  -9.55039e-05  -1.25311e-04  9.99654e-01  1.00003e+00
2.60124e+02  9.99698e-01  -1.05516e-04  -1.37339e-04  9.99620e-01  1.00003e+00
2.60229e+02  9.99674e-01  -1.14360e-04  -1.47846e-04  9.99590e-01  1.00003e+00
2.60333e+02  9.99653e-01  -1.21940e-04  -1.56719e-04  9.99565e-01  1.00003e+00
2.60438e+02  9.99635e-01  -1.28177e-04  -1.63864e-04  9.99544e-01  1.00004e+00
2.60543e+02  9.99622e-01  -1.33003e-04  -1.69206e-04  9.99529e-01  1.00004e+00
2.60647e+02  9.99613e-01  -1.36368e-04  -1.72688e-04  9.99518e-01  1.00004e+00
2.60752e+02  9.99608e-01  -1.38237e-04  -1.74276e-04  9.99513e-01  1.00004e+00
2.60857e+02  9.99607e-01  -1.38591e-04  -1.73955e-04  9.99513e-01  1.00004e+00
2.60962e+02  9.99611e-01  -1.37430e-04  -1.71732e-04  9.99519e-01  1.00003e+00
2.61066e+02  9.99619e-01  -1.34767e-04  -1.67633e-04  9.99530e-01  1.00003e+00
2.61171e+02  9.99631e-01  -1.30634e-04  -1.61706e-04  9.99546e-01  1.00003e+00
2.61276e+02  9.99647e-01  -1.25077e-04  -1.54019e-04  9.99567e-01  1.00003e+00
2.61381e+02  9.99667e-01  -1.18159e-04  -1.44658e-04  9.99593e-01  1.00003e+00
2.61485e+02  9.99691e-01  -1.09958e-04  -1.33727e-04  9.99623e-01  1.00002e+00
2.61590e+02  9.99718e-01  -1.00564e-04  -1.21350e-04  9.99657e-01  1.00002e+00
2.61695e+02  9.99748e-01  -9.00820e-05  -1.07662e-04  9.99695e-01  1.00002e+00
2.61799e+02  9.99780e-01  -7.86275e-05  -9.28148e-05  9.99736e-01  1.00001e+00
2.61904e+02  9.99815e-01  -6.63269e-05  -7.69734e-05  9.99780e-01  1.00001e+00
2.62009e+02  9.99852e-01  -5.33159e-05  -6.03119e-05  9.99826e-01  1.00001e+00
2.62114e+02  9.99891e-01  -3.97374e-05  -4.30138e-05  9.99874e-01  1.00000e+00
2.62218e+02  9.99931e-01  -2.57408e-05  -2.52690e-05  9.99924e-01  1.00000e+00
2.62323e+02  9.99971e-01  -1.14796e-05  -7.27254e-06  9.99974e-01  9.99996e-01
2.62428e+02  1.00001e+00  2.88962e-06  1.07784e-05  1.00002e+00  9.99992e-01
2.62532e+02  1.00005e+00  1.72095e-05  2.86860e-05  1.00007e+00  9.99989e-01
2.62637e+02  1.00009e+00  3.13233e-05  4.62544e-05  1.00012e+00  9.99985e-01
2.62742e+02  1.00013e+00  4.50767e-05  6.32916e-05  1.00017e+00  9.99982e-01
2.62847e+02  1.00017e+00  5.83194e-05  7.96117e-05  1.00022e+00  9.99979e-01
2.62951e+02  1.00020e+00  7.09069e-05  9.50369e-05  1.00026e+00  9.99976e-01
2.63056e+02  1.00024e+00  8.27020e-05  1.09399e-04  1.00030e+00  9.99973e-01
2.63161e+02  1.00027e+00  9.35764e-05  1.22543e-04  1.00034e+00  9.99971e-01
2.63265e+02  1.00030e+00  1.03412e-04  1.34326e-04  1.00037e+00  9.99969e-01
2.63370e+02  1.00032e+00  1.12102e-04  1.44620e-04  1.00040e+00  9.99967e-01
2.63475e+02  1.00034e+00  1.19553e-04  1.53315e-04  1.00043e+00  9.99966e-01
2.63580e+02  1.00036e+00  1.25684e-04  1.60317e-04  1.00045e+00  9.99965e-01
2.63684e+02  1.00037e+00  1.30431e-04  1.65553e-04  1.00046e+00  9.99965e-01
2.63789e+02  1.00038e+00  1.33741e-04  1.68968e-04  1.00047e+00  9.99965e-01
2.63894e+02  1.00038e+00  1.35583e-04  1.70526e-04  1.00048e+00  9.99965e-01
2.63999e+02  1.00039e+00  1.35936e-04  1.70213e-04  1.00048e+00  9.99966e-01
2.64103e+02  1.00038e+00  1.34799e-04  1.68035e-04  1.00047e+00  9.99967e-01
2.64208e+02  1.00037e+00  1.32186e-04  1.64020e-04  1.00046e+00  9.99968e-01
2.64313e+02  1.00036e+00  1.28129e-04  1.58213e-04  1.00044e+00  9.99970e-01
2.64417e+02  1.00035e+00  1.22674e-04  1.50682e-04  1.00042e+00  9.99972e-01
2.64522e+02  1.00033e+00  1.15882e-04  1.41511e-04  1.00040e+00  9.99974e-01
2.64627e+02  1.00030e+00  1.07829e-04  1.30804e-04  1.00037e+00  9.99977e-01
2.64732e+02  1.00028e+00  9.86073e-05  1.18680e-04  1.00034e+00  9.99980e-01
2.64836e+02  1.00025e+00  8.83177e-05  1.05275e-04  1.00030e+00  9.99983e-01
2.64941e+02  1.00022e+00  7.70753e-05  9.07365e-05  1.00026e+00  9.99986e-01
2.65046e+02  1.00018e+00  6.50044e-05  7.52270e-05  1.00022e+00  9.99990e-01
2.65150e+02  1.00014e+00  5.22387e-05  5.89175e-05  1.00017e+00  9.99993e-01
2.65255e+02  1.00011e+00  3.89189e-05  4.19880e-05  1.00012e+00  9.99997e-01
2.65360e+02  1.00007e+00  2.51918e-05  2.46248e-05  1.00007e+00  1.00000e+00
2.65465e+02  1.00003e+00  1.12083e-05  7.01893e-06  1.00003e+00  1.00000e+00
2.65569e+02  9.99988e-01  -2.87825e-06  -1.06366e-05  9.99976e-01  1.00001e+00
2.65674e+02  9.99948e-01  -1.69134e-05  -2.81483e-05  9.99927e-01  1.00001e+00
2.65779e+02  9.99909e-01  -3.07438e-05  -4.53249e-05  9.99879e-01  1.00001e+00
2.65883e+02  9.99871e-01  -4.42183e-05  -6.19789e-05  9.99832e-01  1.00002e+00
2.65988e+02  9.99835e-01  -5.71901e-05  -7.79288e-05  9.99787e-01  1.00002e+00
2.66093e+02  9.99800e-01  -6.95181e-05  -9.30015e-05  9.99744e-01  1.00002e+00
2.66198e+02  9.99767e-01  -8.10684e-05  -1.07033e-04  9.99705e-01  1.00003e+00
2.66302e+02  9.99737e-01  -9.17160e-05  -1.19872e-04  9.99669e-01  1.00003e+00
2.66407e+02  9.99710e-01  -1.01346e-04  -1.31380e-04  9.99636e-01  1.00003e+00
2.66512e+02  9.99687e-01  -1.09854e-04  -1.41434e-04  9.99607e-01  1.00003e+00
2.66616e+02  9.99666e-01  -1.17149e-04  -1.49924e-04  9.99583e-01  1.00003e+00
2.66721e+02  9.99650e-01  -1.23152e-04  -1.56762e-04  9.99563e-01  1.00003e+00
2.66826e+02  9.99637e-01  -1.27801e-04  -1.61874e-04  9.99548e-01  1.00003e+00
2.66931e+02  9.99628e-01  -1.31046e-04  -1.65208e-04  9.99539e-01  1.00003e+00
2.67035e+02  9.99623e-01  -1.32854e-04  -1.66730e-04  9.99534e-01  1.00003e+00
2.67140e+02  9.99623e-01  -1.33206e-04  -1.66425e-04  9.99534e-01  1.00003e+00
2.67245e+02  9.99626e-01  -1.32101e-04  -1.64300e-04  9.99539e-01  1.00003e+00
2.67350e+02  9.99634e-01  -1.29552e-04  -1.60381e-04  9.99550e-01  1.00003e+00
2.67454e+02  9.99645e-01  -1.25590e-04  -1.54713e-04  9.99565e-01  1.00003e+00
2.67559e+02  9.99661e-01  -1.20259e-04  -1.47360e-04  9.99585e-01  1.00003e+00
2.67664e+02  9.99680e-01  -1.13619e-04  -1.38405e-04  9.99610e-01  1.00002e+00
2.67768e+02  9.99702e-01  -1.05745e-04  -1.27948e-04  9.99638e-01  1.00002e+00
2.67873e+02  9.99728e-01  -9.67235e-05  -1.16106e-04  9.99671e-01  1.00002e+00
2.67978e+02  9.99757e-01  -8.66547e-05  -1.03010e-04  9.99707e-01  1.00002e+00
2.68083e+02  9.99789e-01  -7.56500e-05  -8.88051e-05  9.99747e-01  1.00001e+00
2.68187e+02  9.99822e-01  -6.38308e-05  -7.36476e-05  9.99789e-01  1.00001e+00
2.68292e+02  9.99858e-01  -5.13274e-05  -5.77048e-05  9.99833e-01  1.00001e+00
2.68397e+02  9.99895e-01  -3.82771e-05  -4.11523e-05  9.99879e-01  1.00000e+00
2.68501e+02  9.99933e-01  -2.48235e-05  -2.41719e-05  9.99927e-01  9.99999e-01
2.68606e+02  9.99972e-01  -1.11143e-05  -6.95002e-06  9.99975e-01  9.99996e-01
2.68711e+02  1.00001e+00  2.70033e-06  1.03244e-05  1.00002e+00  9.99992e-01
2.68816e+02  1.00005e+00  1.64689e-05  2.74623e-05  1.00007e+00  9.99989e-01
2.68920e+02  1.00009e+00  3.00407e-05  4.42761e-05  1.00012e+00  9.99986e-01
2.69025e+02  1.00013e+00  4.32674e-05  6.05820e-05  1.00016e+00  9.99983e-01
2.69130e+02  1.00016e+00  5.60043e-05  7.62022e-05  1.00021e+00  9.99980e-01
2.69234e+02  1.00020e+00  6.81126e-05  9.09664e-05  1.00025e+00  9.99977e-01
2.69339e+02  1.00023e+00  7.94602e-05  1.04714e-04  1.00029e+00  9.99975e-01
2.69444e+02  1.00026e+00  8.99236e-05  1.17295e-04  1.00032e+00  9.99973e-01
2.69549e+02  1.00028e+00  9.93892e-05  1.28575e-04  1.00036e+00  9.99971e-01
2.69653e+02  1.00031e+00  1.07754e-04  1.38430e-04  1.00038e+00  9.99969e-01
2.69758e+02  1.00033e+00  1.14929e-04  1.46754e-04  1.00041e+00  9.99968e-01
2.69863e+02  1.00034e+00  1.20835e-04  1.53459e-04  1.00043e+00  9.99967e-01
2.69968e+02  1.00036e+00  1.25409e-04  1.58473e-04  1.00044e+00  9.99967e-01
2.70072e+02  1.00037e+00  1.28604e-04  1.61744e-04  1.00045e+00  9.99967e-01
2.70177e+02  1.00037e+00  1.30386e-04  1.63238e-04  1.00046e+00  9.99967e-01
2.70282e+02  1.00037e+00  1.30737e-04  1.62941e-04  1.00046e+00  9.99968e-01
2.70386e+02  1.00037e+00  1.29655e-04  1.60859e-04  1.00045e+00  9.99969e-01
2.70491e+02  1.00036e+00  1.27153e-04  1.57018e-04  1.00044e+00  9.99970e-01
2.70596e+02  1.00035e+00  1.23262e-04  1.51462e-04  1.00043e+00  9.99972e-01
2.70701e+02  1.00033e+00  1.18026e-04  1.44254e-04  1.00041e+00  9.99974e-01
2.70805e+02  1.00031e+00  1.11503e-04  1.35477e-04  1.00038e+00  9.99976e-01
2.70910e+02  1.00029e+00  1.03768e-04  1.25228e-04  1.00035e+00  9.99979e-01
2.71015e+02  1.00027e+00  9.49057e-05  1.13623e-04  1.00032e+00  9.99981e-01
2.71119e+02  1.00024e+00  8.50162e-05  1.00790e-04  1.00029e+00  9.99984e-01
2.71224e+02  1.00021e+00  7.42089e-05  8.68728e-05  1.00025e+00  9.99987e-01
2.71329e+02  1.00017e+00  6.26035e-05  7.20245e-05  1.00021e+00  9.99991e-01
2.71434e+02  1.00014e+00  5.03283e-05  5.64096e-05  1.00016e+00  9.99994e-01
2.71538e+02  1.00010e+00  3.75187e-05  4.02004e-05  1.00012e+00  9.99997e-01
2.71643e+02  1.00007e+00  2.43157e-05  2.35754e-05  1.00007e+00  1.00000e+00
2.71748e+02  1.00003e+00  1.08646e-05  6.71723e-06  1.00002e+00  1.00000e+00
2.71852e+02  9.99989e-01  -2.68720e-06  -1.01891e-05  9.99977e-01  1.00001e+00
2.71957e+02  9.99951e-01  -1.61911e-05  -2.69585e-05  9.99930e-01  1.00001e+00
2.72062e+02  9.99913e-01  -2.94995e-05  -4.34076e-05  9.99884e-01  1.00001e+00
2.72167e+02  9.99877e-01  -4.24670e-05  -5.93569e-05  9.99839e-01  1.00002e+00
2.72271e+02  9.99841e-01  -5.49523e-05  -7.46326e-05  9.99796e-01  1.00002e+00
2.72376e+02  9.99808e-01  -6.68196e-05  -8.90687e-05  9.99755e-01  1.00002e+00
2.72481e+02  9.99777e-01  -7.79398e-05  -1.02509e-04  9.99717e-01  1.00002e+00
2.72586e+02  9.99748e-01  -8.81926e-05  -1.14807e-04  9.99682e-01  1.00003e+00
2.72690e+02  9.99722e-01  -9.74670e-05  -1.25831e-04  9.99651e-01  1.00003e+00
2.72795e+02  9.99699e-01  -1.05663e-04  -1.35461e-04  9.99623e-01  1.00003e+00
2.72900e+02  9.99679e-01  -1.12693e-04  -1.43596e-04  9.99600e-01  1.00003e+00
2.73004e+02  9.99663e-01  -1.18480e-04  -1.50148e-04  9.99581e-01  1.00003e+00
2.73109e+02  9.99651e-01  -1.22965e-04  -1.55047e-04  9.99567e-01  1.00003e+00
2.73214e+02  9.99642e-01  -1.26099e-04  -1.58243e-04  9.99557e-01  1.00003e+00
2.73319e+02  9.99637e-01  -1.27849e-04  -1.59703e-04  9.99553e-01  1.00003e+00
2.73423e+02  9.99637e-01  -1.28199e-04  -1.59414e-04  9.99553e-01  1.00003e+00
2.73528e+02  9.99640e-01  -1.27147e-04  -1.57381e-04  9.99558e-01  1.00003e+00
2.73633e+02  9.99647e-01  -1.24705e-04  -1.53630e-04  9.99568e-01  1.00003e+00
2.73737e+02  9.99658e-01  -1.20902e-04  -1.48202e-04  9.99583e-01  1.00003e+00
2.73842e+02  9.99673e-01  -1.15781e-04  -1.41161e-04  9.99602e-01  1.00003e+00
2.73947e+02  9.99692e-01  -1.09400e-04  -1.32585e-04  9.99625e-01  1.00002e+00
2.74052e+02  9.99713e-01  -1.01830e-04  -1.22570e-04  9.99653e-01  1.00002e+00
2.74156e+02  9.99738e-01  -9.31543e-05  -1.11227e-04  9.99684e-01  1.00002e+00
2.74261e+02  9.99766e-01  -8.34701e-05  -9.86823e-05  9.99719e-01  1.00002e+00
2.74366e+02  9.99796e-01  -7.28839e-05  -8.50747e-05  9.99757e-01  1.00001e+00
2.74470e+02  9.99829e-01  -6.15125e-05  -7.05542e-05  9.99797e-01  1.00001e+00
2.74575e+02  9.99863e-01  -4.94812e-05  -5.52810e-05  9.99840e-01  1.00001e+00
2.74680e+02  9.99898e-01  -3.69223e-05  -3.94230e-05  9.99884e-01  1.00000e+00
2.74785e+02  9.99935e-01  -2.39738e-05  -2.31545e-05  9.99930e-01  9.99999e-01
2.74889e+02  9.99973e-01  -1.07778e-05  -6.65423e-06  9.99976e-01  9.99996e-01
2.74994e+02  1.00001e+00  2.52096e-06  9.89703e-06  1.00002e+00  9.99993e-01
2.75099e+02  1.00005e+00  1.57768e-05  2.63180e-05  1.00007e+00  9.99989e-01
2.75204e+02  1.00008e+00  2.88446e-05  4.24289e-05  1.00011e+00  9.99986e-01
2.75308e+02  1.00012e+00  4.15814e-05  5.80538e-05  1.00016e+00  9.99984e-01
2.75413e+02  1.00016e+00  5.38481e-05  7.30221e-05  1.00020e+00  9.99981e-01
2.75518e+02  1.00019e+00  6.55107e-05  8.71707e-05  1.00024e+00  9.99978e-01
2.75622e+02  1.00022e+00  7.64422e-05  1.00346e-04  1.00028e+00  9.99976e-01
2.75727e+02  1.00025e+00  8.65235e-05  1.12404e-04  1.00031e+00  9.99974e-01
2.75832e+02  1.00027e+00  9.56451e-05  1.23214e-04  1.00034e+00  9.99972e-01
2.75937e+02  1.00030e+00  1.03708e-04  1.32660e-04  1.00037e+00  9.99971e-01
2.76041e+02  1.00031e+00  1.10625e-04  1.40640e-04  1.00039e+00  9.99970e-01
2.76146e+02  1.00033e+00  1.16322e-04  1.47068e-04  1.00041e+00  9.99969e-01
2.76251e+02  1.00034e+00  1.20738e-04  1.51876e-04  1.00042e+00  9.99969e-01
2.76355e+02  1.00035e+00  1.23825e-04  1.55013e-04  1.00043e+00  9.99969e-01
2.76460e+02  1.00036e+00  1.25551e-04  1.56447e-04  1.00044e+00  9.99969e-01
2.76565e+02  1.00036e+00  1.25900e-04  1.56166e-04  1.00044e+00  9.99970e-01
2.76670e+02  1.00035e+00  1.24869e-04  1.54173e-04  1.00043e+00  9.99971e-01
2.76774e+02  1.00035e+00  1.22472e-04  1.50494e-04  1.00042e+00  9.99972e-01
2.76879e+02  1.00034e+00  1.18735e-04  1.45172e-04  1.00041e+00  9.99974e-01
2.76984e+02  1.00032e+00  1.13702e-04  1.38266e-04  1.00039e+00  9.99975e-01
2.77088e+02  1.00030e+00  1.07430e-04  1.29856e-04  1.00037e+00  9.99978e-01
2.77193e+02  1.00028e+00  9.99897e-05  1.20035e-04  1.00034e+00  9.99980e-01
2.77298e+02  1.00026e+00  9.14634e-05  1.08913e-04  1.00031e+00  9.99983e-01
2.77403e+02  1.00023e+00  8.19462e-05  9.66144e-05  1.00028e+00  9.99985e-01
2.77507e+02  1.00020e+00  7.15440e-05  8.32752e-05  1.00024e+00  9.99988e-01
2.77612e+02  1.00017e+00  6.03718e-05  6.90433e-05  1.00020e+00  9.99991e-01
2.77717e+02  1.00013e+00  4.85531e-05  5.40759e-05  1.00016e+00  9.99994e-01
2.77822e+02  1.00010e+00  3.62184e-05  3.85382e-05  1.00011e+00  9.99998e-01
2.77926e+02  1.00006e+00  2.35033e-05  2.26013e-05  1.00007e+00  1.00000e+00
2.78031e+02  1.00003e+00  1.05476e-05  6.44009e-06  1.00002e+00  1.00000e+00
2.78136e+02  9.99990e-01  -2.50649e-06  -9.76794e-06  9.99978e-01  1.00001e+00
2.78240e+02  9.99953e-01  -1.55160e-05  -2.58453e-05  9.99933e-01  1.00001e+00
2.78345e+02  9.99917e-01  -2.83386e-05  -4.16163e-05  9.99888e-01  1.00001e+00
2.78450e+02  9.99881e-01  -4.08343e-05  -5.69088e-05  9.99845e-01  1.00002e+00
2.78555e+02  9.99847e-01  -5.28668e-05  -7.15560e-05  9.99804e-01  1.00002e+00
2.78659e+02  9.99815e-01  -6.43052e-05  -8.53989e-05  9.99765e-01  1.00002e+00
2.78764e+02  9.99785e-01  -7.50252e-05  -9.82871e-05  9.99728e-01  1.00002e+00
2.78869e+02  9.99757e-01  -8.49107e-05  -1.10081e-04  9.99695e-01  1.00003e+00
2.78973e+02  9.99732e-01  -9.38545e-05  -1.20654e-04  9.99665e-01  1.00003e+00
2.79078e+02  9.99710e-01  -1.01760e-04  -1.29891e-04  9.99638e-01  1.00003e+00
2.79183e+02  9.99691e-01  -1.08543e-04  -1.37694e-04  9.99616e-01  1.00003e+00
2.79288e+02  9.99675e-01  -1.14130e-04  -1.43979e-04  9.99598e-01  1.00003e+00
2.79392e+02  9.99663e-01  -1.18461e-04  -1.48680e-04  9.99584e-01  1.00003e+00
2.79497e+02  9.99655e-01  -1.21492e-04  -1.51747e-04  9.99575e-01  1.00003e+00
2.79602e+02  9.99651e-01  -1.23189e-04  -1.53151e-04  9.99571e-01  1.00003e+00
2.79706e+02  9.99650e-01  -1.23538e-04  -1.52876e-04  9.99571e-01  1.00003e+00
2.79811e+02  9.99653e-01  -1.22534e-04  -1.50930e-04  9.99576e-01  1.00003e+00
2.79916e+02  9.99660e-01  -1.20192e-04  -1.47335e-04  9.99585e-01  1.00003e+00
2.80021e+02  9.99671e-01  -1.16538e-04  -1.42132e-04  9.99599e-01  1.00003e+00
2.80125e+02  9.99685e-01  -1.11613e-04  -1.35382e-04  9.99618e-01  1.00002e+00
2.80230e+02  9.99703e-01  -1.05472e-04  -1.27159e-04  9.99640e-01  1.00002e+00
2.80335e+02  9.99724e-01  -9.81856e-05  -1.17556e-04  9.99667e-01  1.00002e+00
2.80440e+02  9.99747e-01  -8.98329e-05  -1.06679e-04  9.99697e-01  1.00002e+00
2.80544e+02  9.99774e-01  -8.05069e-05  -9.46488e-05  9.99730e-01  1.00001e+00
2.80649e+02  9.99803e-01  -7.03105e-05  -8.15987e-05  9.99766e-01  1.00001e+00
2.80754e+02  9.99834e-01  -5.93562e-05  -6.76726e-05  9.99805e-01  1.00001e+00
2.80858e+02  9.99867e-01  -4.77647e-05  -5.30239e-05  9.99846e-01  1.00001e+00
2.80963e+02  9.99902e-01  -3.56635e-05  -3.78139e-05  9.99889e-01  1.00000e+00
2.81068e+02  9.99937e-01  -2.31854e-05  -2.22096e-05  9.99932e-01  9.99999e-01
2.81173e+02  9.99973e-01  -1.04674e-05  -6.38241e-06  9.99977e-01  9.99996e-01
2.81277e+02  1.00001e+00  2.35091e-06  9.49423e-06  1.00002e+00  9.99993e-01
2.81382e+02  1.00005e+00  1.51292e-05  2.52464e-05  1.00007e+00  9.99990e-01
2.81487e+02  1.00008e+00  2.77276e-05  4.07018e-05  1.00011e+00  9.99987e-01
2.81591e+02  1.00012e+00  4.00083e-05  5.56914e-05  1.00015e+00  9.99984e-01
2.81696e+02  1.00015e+00  5.18370e-05  7.00517e-05  1.00019e+00  9.99982e-01
2.81801e+02  1.00018e+00  6.30847e-05  8.36261e-05  1.00023e+00  9.99979e-01
2.81906e+02  1.00021e+00  7.36287e-05  9.62668e-05  1.00027e+00  9.99977e-01
2.82010e+02  1.00024e+00  8.33543e-05  1.07837e-04  1.00030e+00  9.99976e-01
2.82115e+02  1.00026e+00  9.21557e-05  1.18210e-04  1.00033e+00  9.99974e-01
2.82220e+02  1.00028e+00  9.99374e-05  1.27274e-04  1.00035e+00  9.99973e-01
2.82324e+02  1.00030e+00  1.06615e-04  1.34933e-04  1.00038e+00  9.99972e-01
2.82429e+02  1.00032e+00  1.12117e-04  1.41103e-04  1.00039e+00  9.99971e-01
2.82534e+02  1.00033e+00  1.16385e-04  1.45718e-04  1.00041e+00  9.99971e-01
2.82639e+02  1.00034e+00  1.19372e-04  1.48731e-04  1.00042e+00  9.99971e-01
2.82743e+02  1.00034e+00  1.21047e-04  1.50110e-04  1.00042e+00  9.99971e-01
2.82848e+02  1.00034e+00  1.21395e-04  1.49843e-04  1.00042e+00  9.99972e-01
2.82953e+02  1.00034e+00  1.20411e-04  1.47934e-04  1.00042e+00  9.99972e-01
2.83057e+02  1.00033e+00  1.18110e-04  1.44407e-04  1.00041e+00  9.99974e-01
2.83162e+02  1.00032e+00  1.14518e-04  1.39303e-04  1.00039e+00  9.99975e-01
2.83267e+02  1.00031e+00  1.09675e-04  1.32680e-04  1.00038e+00  9.99977e-01
2.83372e+02  1.00029e+00  1.03637e-04  1.24612e-04  1.00035e+00  9.99979e-01
2.83476e+02  1.00027e+00  9.64714e-05  1.15190e-04  1.00033e+00  9.99981e-01
2.83581e+02  1.00025e+00  8.82578e-05  1.04520e-04  1.00030e+00  9.99984e-01
2.83686e+02  1.00022e+00  7.90877e-05  9.27196e-05  1.00026e+00  9.99986e-01
2.83791e+02  1.00019e+00  6.90630e-05  7.99203e-05  1.00023e+00  9.99989e-01
2.83895e+02  1.00016e+00  5.82945e-05  6.62639e-05  1.00019e+00  9.99992e-01
2.84000e+02  1.00013e+00  4.69014e-05  5.19010e-05  1.00015e+00  9.99995e-01
2.84105e+02  1.00010e+00  3.50092e-05  3.69902e-05  1.00011e+00  9.99998e-01
2.84209e+02  1.00006e+00  2.27487e-05  2.16955e-05  1.00007e+00  1.00000e+00
2.84314e+02  1.00003e+00  1.02548e-05  6.18501e-06  1.00002e+00  1.00000e+00
2.84419e+02  9.99991e-01  -2.33543e-06  -9.37113e-06  9.99979e-01  1.00001e+00
2.84524e+02  9.99955e-01  -1.48842e-05  -2.48025e-05  9.99936e-01  1.00001e+00
2.84628e+02  9.99920e-01  -2.72541e-05  -3.99405e-05  9.99893e-01  1.00001e+00
2.84733e+02  9.99886e-01  -3.93100e-05  -5.46198e-05  9.99851e-01  1.00002e+00
2.84838e+02  9.99853e-01  -5.09206e-05  -6.86804e-05  9.99812e-01  1.00002e+00
2.84942e+02  9.99822e-01  -6.19595e-05  -8.19695e-05  9.99774e-01  1.00002e+00
2.85047e+02  9.99793e-01  -7.23065e-05  -9.43427e-05  9.99739e-01  1.00002e+00
2.85152e+02  9.99766e-01  -8.18496e-05  -1.05666e-04  9.99707e-01  1.00002e+00
2.85257e+02  9.99742e-01  -9.04854e-05  -1.15817e-04  9.99678e-01  1.00003e+00
2.85361e+02  9.99720e-01  -9.81207e-05  -1.24687e-04  9.99653e-01  1.00003e+00
2.85466e+02  9.99702e-01  -1.04673e-04  -1.32180e-04  9.99631e-01  1.00003e+00
2.85571e+02  9.99687e-01  -1.10073e-04  -1.38217e-04  9.99613e-01  1.00003e+00
2.85675e+02  9.99675e-01  -1.14262e-04  -1.42733e-04  9.99600e-01  1.00003e+00
2.85780e+02  9.99667e-01  -1.17196e-04  -1.45681e-04  9.99591e-01  1.00003e+00
2.85885e+02  9.99663e-01  -1.18845e-04  -1.47031e-04  9.99587e-01  1.00003e+00
2.85990e+02  9.99662e-01  -1.19192e-04  -1.46771e-04  9.99587e-01  1.00003e+00
2.86094e+02  9.99665e-01  -1.18235e-04  -1.44905e-04  9.99592e-01  1.00003e+00
2.86199e+02  9.99672e-01  -1.15985e-04  -1.41456e-04  9.99601e-01  1.00003e+00
2.86304e+02  9.99682e-01  -1.12469e-04  -1.36464e-04  9.99615e-01  1.00002e+00
2.86409e+02  9.99696e-01  -1.07727e-04  -1.29986e-04  9.99632e-01  1.00002e+00
2.86513e+02  9.99713e-01  -1.01812e-04  -1.22093e-04  9.99654e-01  1.00002e+00
2.86618e+02  9.99733e-01  -9.47896e-05  -1.12875e-04  9.99679e-01  1.00002e+00
2.86723e+02  9.99756e-01  -8.67379e-05  -1.02433e-04  9.99708e-01  1.00002e+00
2.86827e+02  9.99782e-01  -7.77460e-05  -9.08840e-05  9.99740e-01  1.00001e+00
2.86932e+02  9.99810e-01  -6.79132e-05  -7.83549e-05  9.99775e-01  1.00001e+00
2.87037e+02  9.99840e-01  -5.73480e-05  -6.49841e-05  9.99813e-01  1.00001e+00
2.87142e+02  9.99872e-01  -4.61667e-05  -5.09190e-05  9.99852e-01  1.00000e+00
2.87246e+02  9.99905e-01  -3.44923e-05  -3.63143e-05  9.99893e-01  1.00000e+00
2.87351e+02  9.99939e-01  -2.24529e-05  -2.13306e-05  9.99935e-01  9.99999e-01
2.87456e+02  9.99974e-01  -1.01808e-05  -6.13214e-06  9.99978e-01  9.99996e-01
2.87560e+02  1.00001e+00  2.18960e-06  9.11429e-06  1.00002e+00  9.99993e-01
2.87665e+02  1.00004e+00  1.45226e-05  2.42417e-05  1.00006e+00  9.99990e-01
2.87770e+02  1.00008e+00  2.66833e-05  3.90847e-05  1.00010e+00  9.99988e-01
2.87875e+02  1.00011e+00  3.85386e-05  5.34809e-05  1.00015e+00  9.99985e-01
2.87979e+02  1.00014e+00  4.99590e-05  6.72732e-05  1.00018e+00  9.99983e-01
2.88084e+02  1.00017e+00  6.08199e-05  8.03113e-05  1.00022e+00  9.99981e-01
2.88189e+02  1.00020e+00  7.10027e-05  9.24532e-05  1.00026e+00  9.99979e-01
2.88293e+02  1.00023e+00  8.03966e-05  1.03567e-04  1.00029e+00  9.99977e-01
2.88398e+02  1.00025e+00  8.88994e-05  1.13532e-04  1.00032e+00  9.99975e-01
2.88503e+02  1.00027e+00  9.64190e-05  1.22240e-04  1.00034e+00  9.99974e-01
2.88608e+02  1.00029e+00  1.02874e-04  1.29599e-04  1.00036e+00  9.99973e-01
2.88712e+02  1.00031e+00  1.08194e-04  1.35527e-04  1.00038e+00  9.99973e-01
2.88817e+02  1.00032e+00  1.12324e-04  1.39964e-04  1.00039e+00  9.99972e-01
2.88922e+02  1.00033e+00  1.15217e-04  1.42860e-04  1.00040e+00  9.99972e-01
2.89027e+02  1.00033e+00  1.16846e-04  1.44188e-04  1.00041e+00  9.99973e-01
2.89131e+02  1.00033e+00  1.17192e-04  1.43935e-04  1.00041e+00  9.99973e-01
2.89236e+02  1.00033e+00  1.16253e-04  1.42104e-04  1.00040e+00  9.99974e-01
2.89341e+02  1.00032e+00  1.14043e-04  1.38720e-04  1.00039e+00  9.99975e-01
2.89445e+02  1.00031e+00  1.10585e-04  1.33820e-04  1.00038e+00  9.99977e-01
2.89550e+02  1.00030e+00  1.05920e-04  1.27460e-04  1.00036e+00  9.99978e-01
2.89655e+02  1.00028e+00  1.00100e-04  1.19713e-04  1.00034e+00  9.99980e-01
2.89760e+02  1.00026e+00  9.31906e-05  1.10664e-04  1.00031e+00  9.99983e-01
2.89864e+02  1.00024e+00  8.52688e-05  1.00416e-04  1.00029e+00  9.99985e-01
2.89969e+02  1.00021e+00  7.64226e-05  8.90817e-05  1.00025e+00  9.99987e-01
2.90074e+02  1.00019e+00  6.67502e-05  7.67873e-05  1.00022e+00  9.99990e-01
2.90178e+02  1.00016e+00  5.63586e-05  6.36688e-05  1.00018e+00  9.99993e-01
2.90283e+02  1.00013e+00  4.53626e-05  4.98710e-05  1.00015e+00  9.99995e-01
2.90388e+02  1.00009e+00  3.38833e-05  3.55462e-05  1.00010e+00  9.99998e-01
2.90493e+02  1.00006e+00  2.20471e-05  2.08520e-05  1.00006e+00  1.00000e+00
2.90597e+02  1.00003e+00  9.98409e-06  5.94979e-06  1.00002e+00  1.00000e+00
2.90702e+02  9.99991e-01  -2.17340e-06  -8.99692e-06  9.99980e-01  1.00001e+00
2.90807e+02  9.99957e-01  -1.42922e-05  -2.38245e-05  9.99938e-01  1.00001e+00
2.90911e+02  9.99923e-01  -2.62397e-05  -3.83707e-05  9.99897e-01  1.00001e+00
2.91016e+02  9.99890e-01  -3.78854e-05  -5.24767e-05  9.99857e-01  1.00001e+00
2.91121e+02  9.99859e-01  -4.91023e-05  -6.59890e-05  9.99819e-01  1.00002e+00
2.91226e+02  9.99828e-01  -5.97683e-05  -7.87604e-05  9.99783e-01  1.00002e+00
2.91330e+02  9.99800e-01  -6.97674e-05  -9.06523e-05  9.99749e-01  1.00002e+00
2.91435e+02  9.99774e-01  -7.89911e-05  -1.01536e-04  9.99718e-01  1.00002e+00
2.91540e+02  9.99751e-01  -8.73395e-05  -1.11293e-04  9.99690e-01  1.00002e+00
2.91645e+02  9.99730e-01  -9.47226e-05  -1.19820e-04  9.99666e-01  1.00003e+00
2.91749e+02  9.99712e-01  -1.01061e-04  -1.27024e-04  9.99645e-01  1.00003e+00
2.91854e+02  9.99698e-01  -1.06286e-04  -1.32828e-04  9.99628e-01  1.00003e+00
2.91959e+02  9.99687e-01  -1.10342e-04  -1.37171e-04  9.99615e-01  1.00003e+00
2.92063e+02  9.99679e-01  -1.13187e-04  -1.40008e-04  9.99607e-01  1.00003e+00
2.92168e+02  9.99674e-01  -1.14790e-04  -1.41309e-04  9.99603e-01  1.00003e+00
2.92273e+02  9.99674e-01  -1.15136e-04  -1.41062e-04  9.99603e-01  1.00003e+00
2.92378e+02  9.99677e-01  -1.14221e-04  -1.39272e-04  9.99607e-01  1.00003e+00
2.92482e+02  9.99683e-01  -1.12059e-04  -1.35960e-04  9.99616e-01  1.00002e+00
2.92587e+02  9.99693e-01  -1.08673e-04  -1.31165e-04  9.99629e-01  1.00002e+00
2.92692e+02  9.99706e-01  -1.04102e-04  -1.24941e-04  9.99646e-01  1.00002e+00
2.92796e+02  9.99722e-01  -9.83964e-05  -1.17357e-04  9.99667e-01  1.00002e+00
2.92901e+02  9.99742e-01  -9.16209e-05  -1.08499e-04  9.99691e-01  1.00002e+00
2.93006e+02  9.99764e-01  -8.38503e-05  -9.84646e-05  9.99719e-01  1.00001e+00
2.93111e+02  9.99789e-01  -7.51705e-05  -8.73653e-05  9.99750e-01  1.00001e+00
2.93215e+02  9.99816e-01  -6.56773e-05  -7.53235e-05  9.99784e-01  1.00001e+00
2.93320e+02  9.99845e-01  -5.54754e-05  -6.24723e-05  9.99820e-01  1.00001e+00
2.93425e+02  9.99876e-01  -4.46771e-05  -4.89531e-05  9.99857e-01  1.00000e+00
2.93529e+02  9.99908e-01  -3.34012e-05  -3.49148e-05  9.99897e-01  1.00000e+00
2.93634e+02  9.99941e-01  -2.17715e-05  -2.05115e-05  9.99937e-01  9.99999e-01
2.93739e+02  9.99974e-01  -9.91558e-06  -5.90128e-06  9.99978e-01  9.99996e-01
2.93844e+02  1.00001e+00  2.03649e-06  8.75560e-06  1.00002e+00  9.99993e-01
2.93948e+02  1.00004e+00  1.39538e-05  2.32986e-05  1.00006e+00  9.99991e-01
2.94053e+02  1.00008e+00  2.57058e-05  3.75687e-05  1.00010e+00  9.99988e-01
2.94158e+02  1.00011e+00  3.71641e-05  5.14098e-05  1.00014e+00  9.99986e-01
2.94263e+02  1.00014e+00  4.82033e-05  6.46709e-05  1.00018e+00  9.99984e-01
2.94367e+02  1.00017e+00  5.87030e-05  7.72073e-05  1.00021e+00  9.99981e-01
2.94472e+02  1.00020e+00  6.85486e-05  8.88826e-05  1.00025e+00  9.99980e-01
2.94577e+02  1.00022e+00  7.76329e-05  9.95699e-05  1.00028e+00  9.99978e-01
2.94681e+02  1.00024e+00  8.58572e-05  1.09153e-04  1.00030e+00  9.99977e-01
2.94786e+02  1.00027e+00  9.31321e-05  1.17529e-04  1.00033e+00  9.99976e-01
2.94891e+02  1.00028e+00  9.93788e-05  1.24606e-04  1.00035e+00  9.99975e-01
2.94996e+02  1.00030e+00  1.04530e-04  1.30309e-04  1.00037e+00  9.99974e-01
2.95100e+02  1.00031e+00  1.08530e-04  1.34578e-04  1.00038e+00  9.99974e-01
2.95205e+02  1.00032e+00  1.11337e-04  1.37367e-04  1.00039e+00  9.99974e-01
2.95310e+02  1.00032e+00  1.12921e-04  1.38647e-04  1.00039e+00  9.99974e-01
2.95414e+02  1.00032e+00  1.13266e-04  1.38406e-04  1.00039e+00  9.99975e-01
2.95519e+02  1.00032e+00  1.12370e-04  1.36649e-04  1.00039e+00  9.99976e-01
2.95624e+02  1.00031e+00  1.10244e-04  1.33398e-04  1.00038e+00  9.99977e-01
2.95729e+02  1.00030e+00  1.06912e-04  1.28689e-04  1.00036e+00  9.99978e-01
2.95833e+02  1.00029e+00  1.02413e-04  1.22576e-04  1.00035e+00  9.99980e-01
2.95938e+02  1.00027e+00  9.67973e-05  1.15129e-04  1.00033e+00  9.99982e-01
2.96043e+02  1.00025e+00  9.01276e-05  1.06430e-04  1.00030e+00  9.99984e-01
2.96147e+02  1.00023e+00  8.24785e-05  9.65770e-05  1.00028e+00  9.99986e-01
2.96252e+02  1.00021e+00  7.39350e-05  8.56791e-05  1.00025e+00  9.99988e-01
2.96357e+02  1.00018e+00  6.45918e-05  7.38573e-05  1.00021e+00  9.99991e-01
2.96462e+02  1.00015e+00  5.45522e-05  6.12424e-05  1.00018e+00  9.99993e-01
2.96566e+02  1.00012e+00  4.39272e-05  4.79737e-05  1.00014e+00  9.99996e-01
2.96671e+02  1.00009e+00  3.28337e-05  3.41975e-05  1.00010e+00  9.99999e-01
2.96776e+02  1.00006e+00  2.13938e-05  2.00653e-05  1.00006e+00  1.00000e+00
2.96881e+02  1.00003e+00  9.73339e-06  5.73252e-06  1.00002e+00  1.00000e+00
2.96985e+02  9.99992e-01  -2.01978e-06  -8.64373e-06  9.99981e-01  1.00001e+00
2.97090e+02  9.99959e-01  -1.37369e-05  -2.29060e-05  9.99940e-01  1.00001e+00
2.97195e+02  9.99926e-01  -2.52898e-05  -3.68983e-05  9.99901e-01  1.00001e+00
2.97299e+02  9.99894e-01  -3.65522e-05  -5.04678e-05  9.99863e-01  1.00001e+00
2.97404e+02  9.99864e-01  -4.74014e-05  -6.34667e-05  9.99826e-01  1.00002e+00
2.97509e+02  9.99834e-01  -5.77191e-05  -7.57535e-05  9.99791e-01  1.00002e+00
2.97614e+02  9.99807e-01  -6.73932e-05  -8.71949e-05  9.99758e-01  1.00002e+00
2.97718e+02  9.99782e-01  -7.63186e-05  -9.76667e-05  9.99728e-01  1.00002e+00
2.97823e+02  9.99759e-01  -8.43987e-05  -1.07056e-04  9.99701e-01  1.00002e+00
2.97928e+02  9.99739e-01  -9.15462e-05  -1.15261e-04  9.99678e-01  1.00002e+00
2.98032e+02  9.99722e-01  -9.76839e-05  -1.22194e-04  9.99658e-01  1.00002e+00
2.98137e+02  9.99708e-01  -1.02746e-04  -1.27781e-04  9.99642e-01  1.00003e+00
2.98242e+02  9.99697e-01  -1.06678e-04  -1.31963e-04  9.99629e-01  1.00003e+00
2.98347e+02  9.99689e-01  -1.09439e-04  -1.34695e-04  9.99621e-01  1.00003e+00
2.98451e+02  9.99685e-01  -1.11000e-04  -1.35950e-04  9.99617e-01  1.00002e+00
2.98556e+02  9.99684e-01  -1.11345e-04  -1.35715e-04  9.99617e-01  1.00002e+00
2.98661e+02  9.99687e-01  -1.10471e-04  -1.33996e-04  9.99622e-01  1.00002e+00
2.98765e+02  9.99693e-01  -1.08390e-04  -1.30813e-04  9.99630e-01  1.00002e+00
2.98870e+02  9.99703e-01  -1.05125e-04  -1.26203e-04  9.99642e-01  1.00002e+00
2.98975e+02  9.99716e-01  -1.00714e-04  -1.20217e-04  9.99659e-01  1.00002e+00
2.99080e+02  9.99731e-01  -9.52055e-05  -1.12923e-04  9.99679e-01  1.00002e+00
2.99184e+02  9.99750e-01  -8.86610e-05  -1.04403e-04  9.99703e-01  1.00002e+00
2.99289e+02  9.99772e-01  -8.11532e-05  -9.47499e-05  9.99729e-01  1.00001e+00
2.99394e+02  9.99796e-01  -7.27651e-05  -8.40720e-05  9.99759e-01  1.00001e+00
2.99498e+02  9.99822e-01  -6.35894e-05  -7.24868e-05  9.99791e-01  1.00001e+00
2.99603e+02  9.99850e-01  -5.37272e-05  -6.01223e-05  9.99826e-01  1.00001e+00
2.99708e+02  9.99879e-01  -4.32870e-05  -4.71146e-05  9.99862e-01  1.00000e+00
2.99813e+02  9.99910e-01  -3.23837e-05  -3.36067e-05  9.99900e-01  1.00000e+00
2.99917e+02  9.99942e-01  -2.11369e-05  -1.97471e-05  9.99939e-01  9.99999e-01
3.00022e+02  9.99975e-01  -9.67005e-06  -5.68796e-06  9.99979e-01  9.99996e-01
3.00127e+02  1.00001e+00  1.89105e-06  8.41670e-06  1.00002e+00  9.99993e-01
3.00232e+02  1.00004e+00  1.34198e-05  2.24123e-05  1.00006e+00  9.99991e-01
3.00336e+02  1.00007e+00  2.47899e-05  3.61458e-05  1.00010e+00  9.99989e-01
3.00441e+02  1.00010e+00  3.58770e-05  4.94671e-05  1.00013e+00  9.99986e-01
3.00546e+02  1.00013e+00  4.65600e-05  6.22306e-05  1.00017e+00  9.99984e-01
3.00650e+02  1.00016e+00  5.67222e-05  7.42972e-05  1.00021e+00  9.99982e-01
3.00755e+02  1.00019e+00  6.62527e-05  8.55355e-05  1.00024e+00  9.99981e-01
3.00860e+02  1.00021e+00  7.50478e-05  9.58233e-05  1.00027e+00  9.99979e-01
3.00965e+02  1.00024e+00  8.30117e-05  1.05049e-04  1.00029e+00  9.99978e-01
3.01069e+02  1.00026e+00  9.00580e-05  1.13113e-04  1.00032e+00  9.99977e-01
3.01174e+02  1.00027e+00  9.61104e-05  1.19927e-04  1.00034e+00  9.99976e-01
3.01279e+02  1.00029e+00  1.01103e-04  1.25420e-04  1.00035e+00  9.99976e-01
3.01383e+02  1.00030e+00  1.04984e-04  1.29531e-04  1.00036e+00  9.99975e-01
3.01488e+02  1.00031e+00  1.07710e-04  1.32219e-04  1.00037e+00  9.99975e-01
3.01593e+02  1.00031e+00  1.09252e-04  1.33454e-04  1.00038e+00  9.99976e-01
3.01698e+02  1.00031e+00  1.09597e-04  1.33226e-04  1.00038e+00  9.99976e-01
3.01802e+02  1.00031e+00  1.08740e-04  1.31538e-04  1.00037e+00  9.99977e-01
3.01907e+02  1.00030e+00  1.06693e-04  1.28412e-04  1.00036e+00  9.99978e-01
3.02012e+02  1.00029e+00  1.03479e-04  1.23882e-04  1.00035e+00  9.99980e-01
3.02116e+02  1.00028e+00  9.91352e-05  1.18001e-04  1.00034e+00  9.99981e-01
3.02221e+02  1.00026e+00  9.37103e-05  1.10835e-04  1.00032e+00  9.99983e-01
3.02326e+02  1.00025e+00  8.72649e-05  1.02464e-04  1.00029e+00  9.99985e-01
3.02431e+02  1.00022e+00  7.98709e-05  9.29814e-05  1.00027e+00  9.99987e-01
3.02535e+02  1.00020e+00  7.16105e-05  8.24925e-05  1.00024e+00  9.99989e-01
3.02640e+02  1.00018e+00  6.25752e-05  7.11137e-05  1.00020e+00  9.99991e-01
3.02745e+02  1.00015e+00  5.28649e-05  5.89708e-05  1.00017e+00  9.99994e-01
3.02850e+02  1.00012e+00  4.25868e-05  4.61980e-05  1.00013e+00  9.99996e-01
3.02954e+02  1.00009e+00  3.18541e-05  3.29359e-05  1.00010e+00  9.99999e-01
3.03059e+02  1.00006e+00  2.07850e-05  1.93306e-05  1.00006e+00  1.00000e+00
3.03164e+02  1.00002e+00  9.50103e-06  5.53150e-06  1.00002e+00  1.00000e+00
3.03268e+02  9.99993e-01  -1.87401e-06  -8.31007e-06  9.99982e-01  1.00001e+00
3.03373e+02  9.99960e-01  -1.32155e-05  -2.20425e-05  9.99943e-01  1.00001e+00
3.03478e+02  9.99929e-01  -2.43994e-05  -3.55156e-05  9.99905e-01  1.00001e+00
3.03583e+02  9.99898e-01  -3.53034e-05  -4.85823e-05  9.99868e-01  1.00001e+00
3.03687e+02  9.99868e-01  -4.58087e-05  -6.11001e-05  9.99832e-01  1.00002e+00
3.03792e+02  9.99840e-01  -5.58007e-05  -7.29328e-05  9.99798e-01  1.00002e+00
3.03897e+02  9.99814e-01  -6.51709e-05  -8.39519e-05  9.99767e-01  1.00002e+00
3.04001e+02  9.99789e-01  -7.38174e-05  -9.40379e-05  9.99738e-01  1.00002e+00
3.04106e+02  9.99767e-01  -8.16466e-05  -1.03082e-04  9.99712e-01  1.00002e+00
3.04211e+02  9.99748e-01  -8.85738e-05  -1.10986e-04  9.99689e-01  1.00002e+00
3.04316e+02  9.99731e-01  -9.45243e-05  -1.17665e-04  9.99670e-01  1.00002e+00
3.04420e+02  9.99717e-01  -9.94341e-05  -1.23049e-04  9.99654e-01  1.00002e+00
3.04525e+02  9.99707e-01  -1.03251e-04  -1.27079e-04  9.99643e-01  1.00002e+00
3.04630e+02  9.99699e-01  -1.05934e-04  -1.29713e-04  9.99635e-01  1.00002e+00
3.04734e+02  9.99695e-01  -1.07455e-04  -1.30925e-04  9.99631e-01  1.00002e+00
3.04839e+02  9.99695e-01  -1.07799e-04  -1.30703e-04  9.99631e-01  1.00002e+00
3.04944e+02  9.99697e-01  -1.06964e-04  -1.29051e-04  9.99635e-01  1.00002e+00
3.05049e+02  9.99703e-01  -1.04959e-04  -1.25988e-04  9.99643e-01  1.00002e+00
3.05153e+02  9.99712e-01  -1.01808e-04  -1.21551e-04  9.99655e-01  1.00002e+00
3.05258e+02  9.99724e-01  -9.75459e-05  -1.15789e-04  9.99671e-01  1.00002e+00
3.05363e+02  9.99740e-01  -9.22213e-05  -1.08767e-04  9.99690e-01  1.00002e+00
3.05468e+02  9.99758e-01  -8.58930e-05  -1.00563e-04  9.99713e-01  1.00001e+00
3.05572e+02  9.99779e-01  -7.86313e-05  -9.12684e-05  9.99739e-01  1.00001e+00
3.05677e+02  9.99802e-01  -7.05163e-05  -8.09858e-05  9.99768e-01  1.00001e+00
3.05782e+02  9.99827e-01  -6.16378e-05  -6.98290e-05  9.99799e-01  1.00001e+00
3.05886e+02  9.99854e-01  -5.20935e-05  -5.79210e-05  9.99832e-01  1.00001e+00
3.05991e+02  9.99883e-01  -4.19884e-05  -4.53929e-05  9.99867e-01  1.00000e+00
3.06096e+02  9.99913e-01  -3.14337e-05  -3.23826e-05  9.99904e-01  1.00000e+00
3.06201e+02  9.99944e-01  -2.05452e-05  -1.90330e-05  9.99941e-01  9.99998e-01
3.06305e+02  9.99975e-01  -9.44247e-06  -5.49053e-06  9.99980e-01  9.99996e-01
3.06410e+02  1.00001e+00  1.75280e-06  8.09624e-06  1.00002e+00  9.99994e-01
3.06515e+02  1.00004e+00  1.29179e-05  2.15785e-05  1.00006e+00  9.99991e-01
3.06619e+02  1.00007e+00  2.39307e-05  3.48088e-05  1.00009e+00  9.99989e-01
3.06724e+02  1.00010e+00  3.46706e-05  4.76425e-05  1.00013e+00  9.99987e-01
3.06829e+02  1.00013e+00  4.50203e-05  5.99394e-05  1.00016e+00  9.99985e-01
3.06934e+02  1.00016e+00  5.48668e-05  7.15655e-05  1.00020e+00  9.99983e-01
3.07038e+02  1.00018e+00  6.41026e-05  8.23940e-05  1.00023e+00  9.99982e-01
3.07143e+02  1.00021e+00  7.26271e-05  9.23073e-05  1.00026e+00  9.99980e-01
3.07248e+02  1.00023e+00  8.03475e-05  1.01198e-04  1.00028e+00  9.99979e-01
3.07352e+02  1.00025e+00  8.71800e-05  1.08969e-04  1.00031e+00  9.99978e-01
3.07457e+02  1.00026e+00  9.30506e-05  1.15537e-04  1.00032e+00  9.99978e-01
3.07562e+02  1.00028e+00  9.78959e-05  1.20832e-04  1.00034e+00  9.99977e-01
3.07667e+02  1.00029e+00  1.01664e-04  1.24797e-04  1.00035e+00  9.99977e-01
3.07771e+02  1.00030e+00  1.04314e-04  1.27389e-04  1.00036e+00  9.99977e-01
3.07876e+02  1.00030e+00  1.05818e-04  1.28583e-04  1.00036e+00  9.99977e-01
3.07981e+02  1.00030e+00  1.06162e-04  1.28367e-04  1.00036e+00  9.99978e-01
3.08086e+02  1.00030e+00  1.05343e-04  1.26744e-04  1.00036e+00  9.99979e-01
3.08190e+02  1.00029e+00  1.03370e-04  1.23735e-04  1.00035e+00  9.99980e-01
3.08295e+02  1.00028e+00  1.00266e-04  1.19374e-04  1.00034e+00  9.99981e-01
3.08400e+02  1.00027e+00  9.60681e-05  1.13710e-04  1.00032e+00  9.99982e-01
3.08504e+02  1.00026e+00  9.08219e-05  1.06808e-04  1.00030e+00  9.99984e-01
3.08609e+02  1.00024e+00  8.45866e-05  9.87446e-05  1.00028e+00  9.99986e-01
3.08714e+02  1.00022e+00  7.74315e-05  8.96095e-05  1.00026e+00  9.99988e-01
3.08819e+02  1.00020e+00  6.94362e-05  7.95044e-05  1.00023e+00  9.99990e-01
3.08923e+02  1.00017e+00  6.06892e-05  6.85414e-05  1.00020e+00  9.99992e-01
3.09028e+02  1.00014e+00  5.12872e-05  5.68415e-05  1.00016e+00  9.99994e-01
3.09133e+02  1.00012e+00  4.13339e-05  4.45340e-05  1.00013e+00  9.99997e-01
3.09237e+02  1.00009e+00  3.09391e-05  3.17545e-05  1.00009e+00  9.99999e-01
3.09342e+02  1.00006e+00  2.02170e-05  1.86435e-05  1.00006e+00  1.00000e+00
3.09447e+02  1.00002e+00  9.28548e-06  5.34522e-06  1.00002e+00  1.00000e+00
3.09552e+02  9.99993e-01  -1.73558e-06  -7.99461e-06  9.99982e-01  1.00001e+00
3.09656e+02  9.99962e-01  -1.27254e-05  -2.12299e-05  9.99945e-01  1.00001e+00
3.09761e+02  9.99931e-01  -2.35639e-05  -3.42158e-05  9.99908e-01  1.00001e+00
3.09866e+02  9.99901e-01  -3.41324e-05  -4.68106e-05  9.99872e-01  1.00001e+00
3.09970e+02  9.99873e-01  -4.43158e-05  -5.88770e-05  9.99838e-01  1.00001e+00
3.10075e+02  9.99845e-01  -5.40030e-05  -7.02836e-05  9.99805e-01  1.00002e+00
3.10180e+02  9.99820e-01  -6.30887e-05  -8.09064e-05  9.99775e-01  1.00002e+00
3.10285e+02  9.99796e-01  -7.14742e-05  -9.06304e-05  9.99747e-01  1.00002e+00
3.10389e+02  9.99775e-01  -7.90686e-05  -9.93503e-05  9.99722e-01  1.00002e+00
3.10494e+02  9.99756e-01  -8.57897e-05  -1.06972e-04  9.99700e-01  1.00002e+00
3.10599e+02  9.99740e-01  -9.15650e-05  -1.13413e-04  9.99682e-01  1.00002e+00
3.10704e+02  9.99726e-01  -9.63324e-05  -1.18606e-04  9.99666e-01  1.00002e+00
3.10808e+02  9.99716e-01  -1.00041e-04  -1.22494e-04  9.99655e-01  1.00002e+00
3.10913e+02  9.99709e-01  -1.02651e-04  -1.25037e-04  9.99647e-01  1.00002e+00
3.11018e+02  9.99705e-01  -1.04135e-04  -1.26209e-04  9.99643e-01  1.00002e+00
3.11122e+02  9.99704e-01  -1.04479e-04  -1.25998e-04  9.99644e-01  1.00002e+00
3.11227e+02  9.99706e-01  -1.03679e-04  -1.24409e-04  9.99648e-01  1.00002e+00
3.11332e+02  9.99712e-01  -1.01746e-04  -1.21460e-04  9.99655e-01  1.00002e+00
3.11437e+02  9.99721e-01  -9.87013e-05  -1.17185e-04  9.99667e-01  1.00002e+00
3.11541e+02  9.99733e-01  -9.45799e-05  -1.11634e-04  9.99682e-01  1.00002e+00
3.11646e+02  9.99748e-01  -8.94278e-05  -1.04867e-04  9.99701e-01  1.00002e+00
3.11751e+02  9.99765e-01  -8.33021e-05  -9.69602e-05  9.99723e-01  1.00001e+00
3.11855e+02  9.99785e-01  -7.62709e-05  -8.80016e-05  9.99748e-01  1.00001e+00
3.11960e+02  9.99808e-01  -6.84119e-05  -7.80903e-05  9.99775e-01  1.00001e+00
3.12065e+02  9.99832e-01  -5.98118e-05  -6.73356e-05  9.99806e-01  1.00001e+00
3.12170e+02  9.99858e-01  -5.05652e-05  -5.58563e-05  9.99838e-01  1.00001e+00
3.12274e+02  9.99886e-01  -4.07741e-05  -4.37786e-05  9.99872e-01  1.00000e+00
3.12379e+02  9.99915e-01  -3.05459e-05  -3.12355e-05  9.99907e-01  1.00000e+00
3.12484e+02  9.99945e-01  -1.99931e-05  -1.83648e-05  9.99943e-01  9.99998e-01
3.12588e+02  9.99976e-01  -9.23135e-06  -5.30754e-06  9.99980e-01  9.99996e-01
3.12693e+02  1.00001e+00  1.62128e-06  7.79297e-06  1.00002e+00  9.99994e-01
3.12798e+02  1.00004e+00  1.24459e-05  2.07933e-05  1.00005e+00  9.99992e-01
3.12903e+02  1.00007e+00  2.31240e-05  3.35511e-05  1.00009e+00  9.99990e-01
3.13007e+02  1.00010e+00  3.35388e-05  4.59270e-05  1.00013e+00  9.99988e-01
3.13112e+02  1.00013e+00  4.35764e-05  5.77859e-05  1.00016e+00  9.99986e-01
3.13217e+02  1.00015e+00  5.31272e-05  6.89984e-05  1.00019e+00  9.99984e-01
3.13322e+02  1.00018e+00  6.20870e-05  7.94422e-05  1.00022e+00  9.99983e-01
3.13426e+02  1.00020e+00  7.03582e-05  8.90040e-05  1.00025e+00  9.99981e-01
3.13531e+02  1.00022e+00  7.78507e-05  9.75798e-05  1.00027e+00  9.99980e-01
3.13636e+02  1.00024e+00  8.44831e-05  1.05077e-04  1.00029e+00  9.99979e-01
3.13740e+02  1.00026e+00  9.01836e-05  1.11414e-04  1.00031e+00  9.99979e-01
3.13845e+02  1.00027e+00  9.48905e-05  1.16523e-04  1.00033e+00  9.99978e-01
3.13950e+02  1.00028e+00  9.85532e-05  1.20350e-04  1.00034e+00  9.99978e-01
3.14055e+02  1.00029e+00  1.01133e-04  1.22853e-04  1.00035e+00  9.99978e-01
3.14159e+02  1.00029e+00  1.02602e-04  1.24008e-04  1.00035e+00  9.99979e-01
3.14264e+02  1.00029e+00  1.02945e-04  1.23803e-04  1.00035e+00  9.99979e-01
3.14369e+02  1.00029e+00  1.02160e-04  1.22241e-04  1.00035e+00  9.99980e-01
3.14473e+02  1.00028e+00  1.00257e-04  1.19342e-04  1.00034e+00  9.99981e-01
3.14578e+02  1.00027e+00  9.72573e-05  1.15140e-04  1.00033e+00  9.99982e-01
3.14683e+02  1.00026e+00  9.31954e-05  1.09681e-04  1.00031e+00  9.99984e-01
3.14788e+02  1.00025e+00  8.81169e-05  1.03027e-04  1.00029e+00  9.99985e-01
3.14892e+02  1.00023e+00  8.20785e-05  9.52521e-05  1.00027e+00  9.99987e-01
3.14997e+02  1.00021e+00  7.51474e-05  8.64438e-05  1.00025e+00  9.99989e-01
3.15102e+02  1.00019e+00  6.74005e-05  7.66993e-05  1.00022e+00  9.99991e-01
3.15206e+02  1.00017e+00  5.89237e-05  6.61268e-05  1.00019e+00  9.99993e-01
3.15311e+02  1.00014e+00  4.98106e-05  5.48431e-05  1.00016e+00  9.99995e-01
3.15416e+02  1.00011e+00  4.01618e-05  4.29728e-05  1.00013e+00  9.99997e-01
3.15521e+02  1.00008e+00  3.00835e-05  3.06466e-05  1.00009e+00  9.99999e-01
3.15625e+02  1.00005e+00  1.96867e-05  1.80002e-05  1.00006e+00  1.00000e+00
3.15730e+02  1.00002e+00  9.08538e-06  5.17235e-06  1.00002e+00  1.00000e+00
3.15835e+02  9.99994e-01  -1.60400e-06  -7.69612e-06  9.99983e-01  1.00001e+00
3.15940e+02  9.99963e-01  -1.22644e-05  -2.04643e-05  9.99947e-01  1.00001e+00
3.16044e+02  9.99934e-01  -2.27791e-05  -3.29926e-05  9.99911e-01  1.00001e+00
3.16149e+02  9.99905e-01  -3.30333e-05  -4.51441e-05  9.99877e-01  1.00001e+00
3.16254e+02  9.99877e-01  -4.29151e-05  -5.67863e-05  9.99844e-01  1.00001e+00
3.16358e+02  9.99850e-01  -5.23168e-05  -6.77926e-05  9.99812e-01  1.00002e+00
3.16463e+02  9.99825e-01  -6.11360e-05  -7.80433e-05  9.99783e-01  1.00002e+00
3.16568e+02  9.99802e-01  -6.92769e-05  -8.74272e-05  9.99756e-01  1.00002e+00
3.16673e+02  9.99782e-01  -7.66514e-05  -9.58427e-05  9.99732e-01  1.00002e+00
3.16777e+02  9.99763e-01  -8.31794e-05  -1.03199e-04  9.99710e-01  1.00002e+00
3.16882e+02  9.99748e-01  -8.87907e-05  -1.09417e-04  9.99692e-01  1.00002e+00
3.16987e+02  9.99735e-01  -9.34247e-05  -1.14430e-04  9.99678e-01  1.00002e+00
3.17091e+02  9.99725e-01  -9.70319e-05  -1.18185e-04  9.99667e-01  1.00002e+00
3.17196e+02  9.99717e-01  -9.95738e-05  -1.20642e-04  9.99659e-01  1.00002e+00
3.17301e+02  9.99714e-01  -1.01024e-04  -1.21776e-04  9.99655e-01  1.00002e+00
3.17406e+02  9.99713e-01  -1.01367e-04  -1.21577e-04  9.99655e-01  1.00002e+00
3.17510e+02  9.99715e-01  -1.00601e-04  -1.20046e-04  9.99659e-01  1.00002e+00
3.17615e+02  9.99721e-01  -9.87350e-05  -1.17204e-04  9.99667e-01  1.00002e+00
3.17720e+02  9.99729e-01  -9.57905e-05  -1.13083e-04  9.99678e-01  1.00002e+00
3.17824e+02  9.99741e-01  -9.18008e-05  -1.07729e-04  9.99693e-01  1.00002e+00
3.17929e+02  9.99755e-01  -8.68104e-05  -1.01202e-04  9.99711e-01  1.00001e+00
3.18034e+02  9.99772e-01  -8.08749e-05  -9.35753e-05  9.99732e-01  1.00001e+00
3.18139e+02  9.99791e-01  -7.40599e-05  -8.49328e-05  9.99756e-01  1.00001e+00
3.18243e+02  9.99813e-01  -6.64408e-05  -7.53705e-05  9.99783e-01  1.00001e+00
3.18348e+02  9.99837e-01  -5.81017e-05  -6.49940e-05  9.99812e-01  1.00001e+00
3.18453e+02  9.99862e-01  -4.91344e-05  -5.39176e-05  9.99843e-01  1.00000e+00
3.18557e+02  9.99889e-01  -3.96376e-05  -4.22634e-05  9.99876e-01  1.00000e+00
3.18662e+02  9.99917e-01  -2.97156e-05  -3.01595e-05  9.99910e-01  1.00000e+00
3.18767e+02  9.99947e-01  -1.94774e-05  -1.77388e-05  9.99945e-01  9.99998e-01
3.18872e+02  9.99976e-01  -9.03538e-06  -5.13767e-06  9.99981e-01  9.99996e-01
3.18976e+02  1.00001e+00  1.49605e-06  7.50575e-06  1.00002e+00  9.99994e-01
3.19081e+02  1.00004e+00  1.20015e-05  2.00530e-05  1.00005e+00  9.99992e-01
3.19186e+02  1.00007e+00  2.23659e-05  3.23668e-05  1.00009e+00  9.99990e-01
3.19291e+02  1.00009e+00  3.24759e-05  4.43125e-05  1.00012e+00  9.99988e-01
3.19395e+02  1.00012e+00  4.22210e-05  5.57596e-05  1.00015e+00  9.99986e-01
3.19500e+02  1.00015e+00  5.14948e-05  6.65833e-05  1.00018e+00  9.99985e-01
3.19605e+02  1.00017e+00  6.01959e-05  7.66657e-05  1.00021e+00  9.99984e-01
3.19709e+02  1.00019e+00  6.82297e-05  8.58970e-05  1.00024e+00  9.99982e-01
3.19814e+02  1.00022e+00  7.55086e-05  9.41771e-05  1.00026e+00  9.99981e-01
3.19919e+02  1.00023e+00  8.19536e-05  1.01416e-04  1.00028e+00  9.99981e-01
3.20024e+02  1.00025e+00  8.74947e-05  1.07536e-04  1.00030e+00  9.99980e-01
3.20128e+02  1.00026e+00  9.20721e-05  1.12471e-04  1.00032e+00  9.99980e-01
3.20233e+02  1.00027e+00  9.56364e-05  1.16168e-04  1.00033e+00  9.99979e-01
3.20338e+02  1.00028e+00  9.81496e-05  1.18588e-04  1.00034e+00  9.99980e-01
3.20442e+02  1.00028e+00  9.95851e-05  1.19706e-04  1.00034e+00  9.99980e-01
3.20547e+02  1.00028e+00  9.99283e-05  1.19512e-04  1.00034e+00  9.99980e-01
3.20652e+02  1.00028e+00  9.91763e-05  1.18008e-04  1.00034e+00  9.99981e-01
3.20757e+02  1.00028e+00  9.73387e-05  1.15213e-04  1.00033e+00  9.99982e-01
3.20861e+02  1.00027e+00  9.44365e-05  1.11159e-04  1.00032e+00  9.99983e-01
3.20966e+02  1.00026e+00  9.05027e-05  1.05893e-04  1.00030e+00  9.99985e-01
3.21071e+02  1.00024e+00  8.55815e-05  9.94720e-05  1.00028e+00  9.99986e-01
3.21175e+02  1.00022e+00  7.97278e-05  9.19693e-05  1.00026e+00  9.99988e-01
3.21280e+02  1.00021e+00  7.30068e-05  8.34682e-05  1.00024e+00  9.99990e-01
3.21385e+02  1.00018e+00  6.54930e-05  7.40630e-05  1.00021e+00  9.99991e-01
3.21490e+02  1.00016e+00  5.72696e-05  6.38579e-05  1.00018e+00  9.99993e-01
3.21594e+02  1.00014e+00  4.84276e-05  5.29656e-05  1.00015e+00  9.99995e-01
3.21699e+02  1.00011e+00  3.90643e-05  4.15065e-05  1.00012e+00  9.99998e-01
3.21804e+02  1.00008e+00  2.92829e-05  2.96067e-05  1.00009e+00  1.00000e+00
3.21909e+02  1.00005e+00  1.91911e-05  1.73970e-05  1.00005e+00  1.00000e+00
3.22013e+02  1.00002e+00  8.89951e-06  5.01171e-06  1.00002e+00  1.00000e+00
3.22118e+02  9.99994e-01  -1.47881e-06  -7.41344e-06  9.99984e-01  1.00001e+00
3.22223e+02  9.99965e-01  -1.18302e-05  -1.97424e-05  9.99949e-01  1.00001e+00
3.22327e+02  9.99936e-01  -2.20414e-05  -3.18402e-05  9.99914e-01  1.00001e+00
3.22432e+02  9.99908e-01  -3.20009e-05  -4.35748e-05  9.99881e-01  1.00001e+00
3.22537e+02  9.99881e-01  -4.15999e-05  -5.48182e-05  9.99849e-01  1.00001e+00
3.22642e+02  9.99855e-01  -5.07337e-05  -6.54481e-05  9.99818e-01  1.00001e+00
3.22746e+02  9.99831e-01  -5.93031e-05  -7.53487e-05  9.99790e-01  1.00002e+00
3.22851e+02  9.99808e-01  -6.72148e-05  -8.44128e-05  9.99764e-01  1.00002e+00
3.22956e+02  9.99788e-01  -7.43830e-05  -9.25422e-05  9.99741e-01  1.00002e+00
3.23060e+02  9.99770e-01  -8.07302e-05  -9.96492e-05  9.99720e-01  1.00002e+00
3.23165e+02  9.99755e-01  -8.61877e-05  -1.05657e-04  9.99702e-01  1.00002e+00
3.23270e+02  9.99742e-01  -9.06967e-05  -1.10502e-04  9.99688e-01  1.00002e+00
3.23375e+02  9.99733e-01  -9.42090e-05  -1.14131e-04  9.99678e-01  1.00002e+00
3.23479e+02  9.99726e-01  -9.66872e-05  -1.16508e-04  9.99670e-01  1.00002e+00
3.23584e+02  9.99722e-01  -9.81050e-05  -1.17607e-04  9.99667e-01  1.00002e+00
3.23689e+02  9.99721e-01  -9.84482e-05  -1.17417e-04  9.99667e-01  1.00002e+00
3.23793e+02  9.99723e-01  -9.77139e-05  -1.15943e-04  9.99670e-01  1.00002e+00
3.23898e+02  9.99729e-01  -9.59111e-05  -1.13202e-04  9.99678e-01  1.00002e+00
3.24003e+02  9.99737e-01  -9.30607e-05  -1.09225e-04  9.99688e-01  1.00002e+00
3.24108e+02  9.99748e-01  -8.91946e-05  -1.04057e-04  9.99703e-01  1.00001e+00
3.24212e+02  9.99762e-01  -8.43561e-05  -9.77557e-05  9.99720e-01  1.00001e+00
3.24317e+02  9.99778e-01  -7.85990e-05  -9.03919e-05  9.99741e-01  1.00001e+00
3.24422e+02  9.99797e-01  -7.19870e-05  -8.20469e-05  9.99764e-01  1.00001e+00
3.24527e+02  9.99818e-01  -6.45931e-05  -7.28131e-05  9.99790e-01  1.00001e+00
3.24631e+02  9.99841e-01  -5.64990e-05  -6.27924e-05  9.99818e-01  1.00001e+00
3.24736e+02  9.99866e-01  -4.77938e-05  -5.20953e-05  9.99848e-01  1.00000e+00
3.24841e+02  9.99892e-01  -3.85731e-05  -4.08395e-05  9.99880e-01  1.00000e+00
3.24945e+02  9.99920e-01  -2.89384e-05  -2.91488e-05  9.99913e-01  1.00000e+00
3.25050e+02  9.99948e-01  -1.89955e-05  -1.71517e-05  9.99947e-01  9.99998e-01
3.25155e+02  9.99976e-01  -8.85338e-06  -4.97979e-06  9.99981e-01  9.99996e-01
3.25260e+02  1.00001e+00  1.37672e-06  7.23355e-06  1.00002e+00  9.99994e-01
3.25364e+02  1.00003e+00  1.15827e-05  1.93545e-05  1.00005e+00  9.99992e-01
3.25469e+02  1.00006e+00  2.16529e-05  3.12504e-05  1.00008e+00  9.99990e-01
3.25574e+02  1.00009e+00  3.14770e-05  4.27913e-05  1.00012e+00  9.99989e-01
3.25678e+02  1.00012e+00  4.09477e-05  5.38510e-05  1.00015e+00  9.99987e-01
3.25783e+02  1.00014e+00  4.99616e-05  6.43090e-05  1.00018e+00  9.99986e-01
3.25888e+02  1.00017e+00  5.84202e-05  7.40512e-05  1.00021e+00  9.99984e-01
3.25993e+02  1.00019e+00  6.62313e-05  8.29717e-05  1.00023e+00  9.99983e-01
3.26097e+02  1.00021e+00  7.33099e-05  9.09736e-05  1.00026e+00  9.99982e-01
3.26202e+02  1.00023e+00  7.95791e-05  9.79701e-05  1.00028e+00  9.99982e-01
3.26307e+02  1.00024e+00  8.49709e-05  1.03886e-04  1.00029e+00  9.99981e-01
3.26411e+02  1.00025e+00  8.94268e-05  1.08657e-04  1.00031e+00  9.99981e-01
3.26516e+02  1.00026e+00  9.28990e-05  1.12232e-04  1.00032e+00  9.99981e-01
3.26621e+02  1.00027e+00  9.53503e-05  1.14574e-04  1.00032e+00  9.99981e-01
3.26726e+02  1.00027e+00  9.67547e-05  1.15658e-04  1.00033e+00  9.99981e-01
3.26830e+02  1.00028e+00  9.70978e-05  1.15473e-04  1.00033e+00  9.99982e-01
3.26935e+02  1.00027e+00  9.63768e-05  1.14024e-04  1.00032e+00  9.99982e-01
3.27040e+02  1.00027e+00  9.46007e-05  1.11327e-04  1.00032e+00  9.99983e-01
3.27145e+02  1.00026e+00  9.17901e-05  1.07413e-04  1.00031e+00  9.99984e-01
3.27249e+02  1.00025e+00  8.79766e-05  1.02328e-04  1.00029e+00  9.99986e-01
3.27354e+02  1.00023e+00  8.32031e-05  9.61270e-05  1.00028e+00  9.99987e-01
3.27459e+02  1.00022e+00  7.75229e-05  8.88804e-05  1.00026e+00  9.99989e-01
3.27563e+02  1.00020e+00  7.09992e-05  8.06686e-05  1.00023e+00  9.99990e-01
3.27668e+02  1.00018e+00  6.37042e-05  7.15827e-05  1.00021e+00  9.99992e-01
3.27773e+02  1.00016e+00  5.57188e-05  6.17235e-05  1.00018e+00  9.99994e-01
3.27878e+02  1.00013e+00  4.71311e-05  5.11998e-05  1.00015e+00  9.99996e-01
3.27982e+02  1.00011e+00  3.80359e-05  4.01278e-05  1.00012e+00  9.99998e-01
3.28087e+02  1.00008e+00  2.85332e-05  2.86293e-05  1.00009e+00  1.00000e+00
3.28192e+02  1.00005e+00  1.87276e-05  1.68310e-05  1.00005e+00  1.00000e+00
3.28296e+02  1.00002e+00  8.72680e-06  4.86225e-06  1.00002e+00  1.00000e+00
3.28401e+02  9.99995e-01  -1.35958e-06  -7.14556e-06  9.99984e-01  1.00001e+00
3.28506e+02  9.99966e-01  -1.14210e-05  -1.90609e-05  9.99950e-01  1.00001e+00
3.28611e+02  9.99938e-01  -2.13474e-05  -3.07536e-05  9.99917e-01  1.00001e+00
3.28715e+02  9.99911e-01  -3.10302e-05  -4.20957e-05  9.99885e-01  1.00001e+00
3.28820e+02  9.99884e-01  -4.03638e-05  -5.29637e-05  9.99854e-01  1.00001e+00
3.28925e+02  9.99859e-01  -4.92464e-05  -6.32391e-05  9.99824e-01  1.00001e+00
3.29029e+02  9.99836e-01  -5.75813e-05  -7.28103e-05  9.99797e-01  1.00002e+00
3.29134e+02  9.99814e-01  -6.52780e-05  -8.15734e-05  9.99772e-01  1.00002e+00
3.29239e+02  9.99794e-01  -7.22528e-05  -8.94334e-05  9.99749e-01  1.00002e+00
3.29344e+02  9.99777e-01  -7.84302e-05  -9.63056e-05  9.99729e-01  1.00002e+00
3.29448e+02  9.99762e-01  -8.37435e-05  -1.02116e-04  9.99712e-01  1.00002e+00
3.29553e+02  9.99750e-01  -8.81354e-05  -1.06802e-04  9.99698e-01  1.00002e+00
3.29658e+02  9.99740e-01  -9.15588e-05  -1.10314e-04  9.99688e-01  1.00002e+00
3.29763e+02  9.99733e-01  -9.39772e-05  -1.12614e-04  9.99681e-01  1.00002e+00
3.29867e+02  9.99730e-01  -9.53651e-05  -1.13680e-04  9.99677e-01  1.00002e+00
3.29972e+02  9.99729e-01  -9.57082e-05  -1.13500e-04  9.99677e-01  1.00002e+00
3.30077e+02  9.99731e-01  -9.50039e-05  -1.12079e-04  9.99681e-01  1.00002e+00
3.30181e+02  9.99736e-01  -9.32607e-05  -1.09433e-04  9.99688e-01  1.00002e+00
3.30286e+02  9.99744e-01  -9.04986e-05  -1.05591e-04  9.99698e-01  1.00002e+00
3.30391e+02  9.99755e-01  -8.67488e-05  -1.00599e-04  9.99712e-01  1.00001e+00
3.30496e+02  9.99768e-01  -8.20530e-05  -9.45108e-05  9.99729e-01  1.00001e+00
3.30600e+02  9.99784e-01  -7.64635e-05  -8.73949e-05  9.99749e-01  1.00001e+00
3.30705e+02  9.99803e-01  -7.00422e-05  -7.93302e-05  9.99771e-01  1.00001e+00
3.30810e+02  9.99823e-01  -6.28599e-05  -7.04058e-05  9.99796e-01  1.00001e+00
3.30914e+02  9.99845e-01  -5.49959e-05  -6.07203e-05  9.99824e-01  1.00001e+00
3.31019e+02  9.99869e-01  -4.65367e-05  -5.03805e-05  9.99853e-01  1.00000e+00
3.31124e+02  9.99895e-01  -3.75754e-05  -3.95000e-05  9.99883e-01  1.00000e+00
3.31229e+02  9.99921e-01  -2.82105e-05  -2.81987e-05  9.99915e-01  1.00000e+00
3.31333e+02  9.99949e-01  -1.85448e-05  -1.66005e-05  9.99948e-01  9.99998e-01
3.31438e+02  9.99977e-01  -8.68428e-06  -4.83285e-06  9.99982e-01  9.99996e-01
3.31543e+02  1.00001e+00  1.26290e-06  6.97538e-06  1.00002e+00  9.99994e-01
3.31647e+02  1.00003e+00  1.11878e-05  1.86948e-05  1.00005e+00  9.99992e-01
3.31752e+02  1.00006e+00  2.09817e-05  3.01972e-05  1.00008e+00  9.99991e-01
3.31857e+02  1.00009e+00  3.05374e-05  4.13568e-05  1.00011e+00  9.99989e-01
3.31962e+02  1.00011e+00  3.97506e-05  5.20517e-05  1.00014e+00  9.99988e-01
3.32066e+02  1.00014e+00  4.85205e-05  6.21652e-05  1.00017e+00  9.99986e-01
3.32171e+02  1.00016e+00  5.67515e-05  7.15871e-05  1.00020e+00  9.99985e-01
3.32276e+02  1.00018e+00  6.43537e-05  8.02148e-05  1.00022e+00  9.99984e-01
3.32381e+02  1.00020e+00  7.12444e-05  8.79547e-05  1.00025e+00  9.99983e-01
3.32485e+02  1.00022e+00  7.73487e-05  9.47229e-05  1.00027e+00  9.99983e-01
3.32590e+02  1.00023e+00  8.26003e-05  1.00446e-04  1.00028e+00  9.99982e-01
3.32695e+02  1.00025e+00  8.69424e-05  1.05063e-04  1.00030e+00  9.99982e-01
3.32799e+02  1.00026e+00  9.03282e-05  1.08523e-04  1.00031e+00  9.99982e-01
3.32904e+02  1.00026e+00  9.27214e-05  1.10791e-04  1.00031e+00  9.99982e-01
3.33009e+02  1.00027e+00  9.40967e-05  1.11843e-04  1.00032e+00  9.99982e-01
3.33114e+02  1.00027e+00  9.44399e-05  1.11668e-04  1.00032e+00  9.99983e-01
3.33218e+02  1.00027e+00  9.37482e-05  1.10270e-04  1.00031e+00  9.99983e-01
3.33323e+02  1.00026e+00  9.20302e-05  1.07666e-04  1.00031e+00  9.99984e-01
3.33428e+02  1.00025e+00  8.93055e-05  1.03885e-04  1.00030e+00  9.99985e-01
3.33532e+02  1.00024e+00  8.56052e-05  9.89699e-05  1.00028e+00  9.99987e-01
3.33637e+02  1.00023e+00  8.09706e-05  9.29763e-05  1.00027e+00  9.99988e-01
3.33742e+02  1.00021e+00  7.54534e-05  8.59709e-05  1.00025e+00  9.99989e-01
3.33847e+02  1.00019e+00  6.91150e-05  7.80318e-05  1.00023e+00  9.99991e-01
3.33951e+02  1.00017e+00  6.20257e-05  6.92470e-05  1.00020e+00  9.99993e-01
3.34056e+02  1.00015e+00  5.42638e-05  5.97137e-05  1.00017e+00  9.99995e-01
3.34161e+02  1.00013e+00  4.59151e-05  4.95374e-05  1.00014e+00  9.99996e-01
3.34265e+02  1.00010e+00  3.70717e-05  3.88301e-05  1.00011e+00  9.99998e-01
3.34370e+02  1.00008e+00  2.78308e-05  2.77100e-05  1.00008e+00  1.00000e+00
3.34475e+02  1.00005e+00  1.82941e-05  1.62992e-05  1.00005e+00  1.00000e+00
3.34580e+02  1.00002e+00  8.56627e-06  4.72301e-06  1.00002e+00  1.00000e+00
3.34684e+02  9.99995e-01  -1.24592e-06  -6.89151e-06  9.99985e-01  1.00001e+00
3.34789e+02  9.99967e-01  -1.10350e-05  -1.84172e-05  9.99952e-01  1.00001e+00
3.34894e+02  9.99940e-01  -2.06939e-05  -2.97280e-05  9.99920e-01  1.00001e+00
3.34998e+02  9.99913e-01  -3.01170e-05  -4.07003e-05  9.99888e-01  1.00001e+00
3.35103e+02  9.99888e-01  -3.92014e-05  -5.12144e-05  9.99858e-01  1.00001e+00
3.35208e+02  9.99863e-01  -4.78480e-05  -6.11559e-05  9.99830e-01  1.00001e+00
3.35313e+02  9.99840e-01  -5.59629e-05  -7.04167e-05  9.99803e-01  1.00001e+00
3.35417e+02  9.99819e-01  -6.34576e-05  -7.88961e-05  9.99779e-01  1.00002e+00
3.35522e+02  9.99800e-01  -7.02508e-05  -8.65024e-05  9.99757e-01  1.00002e+00
3.35627e+02  9.99783e-01  -7.62689e-05  -9.31534e-05  9.99737e-01  1.00002e+00
3.35732e+02  9.99769e-01  -8.14469e-05  -9.87773e-05  9.99721e-01  1.00002e+00
3.35836e+02  9.99757e-01  -8.57289e-05  -1.03314e-04  9.99708e-01  1.00002e+00
3.35941e+02  9.99747e-01  -8.90689e-05  -1.06715e-04  9.99698e-01  1.00002e+00
3.36046e+02  9.99741e-01  -9.14313e-05  -1.08944e-04  9.99691e-01  1.00002e+00
3.36150e+02  9.99737e-01  -9.27912e-05  -1.09979e-04  9.99687e-01  1.00002e+00
3.36255e+02  9.99736e-01  -9.31345e-05  -1.09809e-04  9.99687e-01  1.00002e+00
3.36360e+02  9.99738e-01  -9.24585e-05  -1.08437e-04  9.99691e-01  1.00002e+00
3.36465e+02  9.99743e-01  -9.07714e-05  -1.05880e-04  9.99697e-01  1.00002e+00
3.36569e+02  9.99751e-01  -8.80925e-05  -1.02167e-04  9.99708e-01  1.00001e+00
3.36674e+02  9.99761e-01  -8.44520e-05  -9.73401e-05  9.99721e-01  1.00001e+00
3.36779e+02  9.99774e-01  -7.98904e-05  -9.14528e-05  9.99737e-01  1.00001e+00
3.36883e+02  9.99790e-01  -7.44586e-05  -8.45708e-05  9.99756e-01  1.00001e+00
3.36988e+02  9.99808e-01  -6.82164e-05  -7.67704e-05  9.99778e-01  1.00001e+00
3.37093e+02  9.99827e-01  -6.12330e-05  -6.81378e-05  9.99802e-01  1.00001e+00
3.37198e+02  9.99849e-01  -5.35852e-05  -5.87684e-05  9.99829e-01  1.00001e+00
3.37302e+02  9.99873e-01  -4.53573e-05  -4.87653e-05  9.99857e-01  1.00000e+00
3.37407e+02  9.99897e-01  -3.66397e-05  -3.82388e-05  9.99887e-01  1.00000e+00
3.37512e+02  9.99923e-01  -2.75283e-05  -2.73045e-05  9.99918e-01  1.00000e+00
3.37616e+02  9.99950e-01  -1.81231e-05  -1.60825e-05  9.99950e-01  9.99998e-01
3.37721e+02  9.99977e-01  -8.52715e-06  -4.69595e-06  9.99982e-01  9.99996e-01
3.37826e+02  1.00000e+00  1.15423e-06  6.73035e-06  1.00001e+00  9.99994e-01
3.37931e+02  1.00003e+00  1.08150e-05  1.80712e-05  1.00005e+00  9.99993e-01
3.38035e+02  1.00006e+00  2.03494e-05  2.92026e-05  1.00008e+00  9.99991e-01
3.38140e+02  1.00009e+00  2.96531e-05  4.00027e-05  1.00011e+00  9.99990e-01
3.38245e+02  1.00011e+00  3.86244e-05  5.03537e-05  1.00014e+00  9.99988e-01
3.38350e+02  1.00013e+00  4.71652e-05  6.01425e-05  1.00017e+00  9.99987e-01
3.38454e+02  1.00016e+00  5.51823e-05  6.92624e-05  1.00019e+00  9.99986e-01
3.38559e+02  1.00018e+00  6.25884e-05  7.76143e-05  1.00022e+00  9.99985e-01
3.38664e+02  1.00020e+00  6.93026e-05  8.51072e-05  1.00024e+00  9.99984e-01
3.38768e+02  1.00021e+00  7.52521e-05  9.16601e-05  1.00026e+00  9.99984e-01
3.38873e+02  1.00023e+00  8.03722e-05  9.72021e-05  1.00027e+00  9.99983e-01
3.38978e+02  1.00024e+00  8.46074e-05  1.01673e-04  1.00029e+00  9.99983e-01
3.39083e+02  1.00025e+00  8.79122e-05  1.05026e-04  1.00030e+00  9.99983e-01
3.39187e+02  1.00026e+00  9.02510e-05  1.07225e-04  1.00030e+00  9.99983e-01
3.39292e+02  1.00026e+00  9.15992e-05  1.08246e-04  1.00031e+00  9.99983e-01
3.39397e+02  1.00026e+00  9.19426e-05  1.08080e-04  1.00031e+00  9.99984e-01
3.39501e+02  1.00026e+00  9.12786e-05  1.06731e-04  1.00030e+00  9.99985e-01
3.39606e+02  1.00025e+00  8.96152e-05  1.04214e-04  1.00030e+00  9.99985e-01
3.39711e+02  1.00025e+00  8.69715e-05  1.00558e-04  1.00029e+00  9.99986e-01
3.39816e+02  1.00024e+00  8.33776e-05  9.58038e-05  1.00027e+00  9.99988e-01
3.39920e+02  1.00022e+00  7.88736e-05  9.00057e-05  1.00026e+00  9.99989e-01
3.40025e+02  1.00021e+00  7.35098e-05  8.32280e-05  1.00024e+00  9.99990e-01
3.40130e+02  1.00019e+00  6.73457e-05  7.55461e-05  1.00022e+00  9.99992e-01
3.40234e+02  1.00017e+00  6.04496e-05  6.70453e-05  1.00019e+00  9.99993e-01
3.40339e+02  1.00015e+00  5.28979e-05  5.78195e-05  1.00017e+00  9.99995e-01
3.40444e+02  1.00013e+00  4.47739e-05  4.79707e-05  1.00014e+00  9.99997e-01
3.40549e+02  1.00010e+00  3.61671e-05  3.76076e-05  1.00011e+00  9.99999e-01
3.40653e+02  1.00008e+00  2.71722e-05  2.68443e-05  1.00008e+00  1.00000e+00
3.40758e+02  1.00005e+00  1.78882e-05  1.57990e-05  1.00005e+00  1.00000e+00
3.40863e+02  1.00002e+00  8.41706e-06  4.59315e-06  1.00002e+00  1.00000e+00
3.40968e+02  9.99996e-01  -1.13746e-06  -6.65041e-06  9.99986e-01  1.00001e+00
3.41072e+02  9.99969e-01  -1.06706e-05  -1.78085e-05  9.99954e-01  1.00001e+00
3.41177e+02  9.99942e-01  -2.00781e-05  -2.87591e-05  9.99922e-01  1.00001e+00
3.41282e+02  9.99916e-01  -2.92571e-05  -3.93826e-05  9.99892e-01  1.00001e+00
3.41386e+02  9.99891e-01  -3.81074e-05  -4.95631e-05  9.99863e-01  1.00001e+00
3.41491e+02  9.99867e-01  -4.65324e-05  -5.91897e-05  9.99835e-01  1.00001e+00
3.41596e+02  9.99845e-01  -5.44405e-05  -6.81576e-05  9.99809e-01  1.00001e+00
3.41701e+02  9.99824e-01  -6.17455e-05  -7.63695e-05  9.99786e-01  1.00001e+00
3.41805e+02  9.99805e-01  -6.83682e-05  -8.37365e-05  9.99764e-01  1.00002e+00
3.41910e+02  9.99789e-01  -7.42367e-05  -9.01789e-05  9.99745e-01  1.00002e+00
3.42015e+02  9.99775e-01  -7.92876e-05  -9.56272e-05  9.99729e-01  1.00002e+00
3.42119e+02  9.99763e-01  -8.34664e-05  -1.00023e-04  9.99716e-01  1.00002e+00
3.42224e+02  9.99754e-01  -8.67282e-05  -1.03319e-04  9.99707e-01  1.00002e+00
3.42329e+02  9.99747e-01  -8.90382e-05  -1.05481e-04  9.99700e-01  1.00002e+00
3.42434e+02  9.99744e-01  -9.03719e-05  -1.06487e-04  9.99697e-01  1.00002e+00
3.42538e+02  9.99743e-01  -9.07155e-05  -1.06326e-04  9.99697e-01  1.00002e+00
3.42643e+02  9.99745e-01  -9.00662e-05  -1.05001e-04  9.99700e-01  1.00001e+00
3.42748e+02  9.99750e-01  -8.84320e-05  -1.02529e-04  9.99707e-01  1.00001e+00
3.42852e+02  9.99757e-01  -8.58315e-05  -9.89370e-05  9.99716e-01  1.00001e+00
3.42957e+02  9.99767e-01  -8.22938e-05  -9.42662e-05  9.99729e-01  1.00001e+00
3.43062e+02  9.99780e-01  -7.78586e-05  -8.85684e-05  9.99745e-01  1.00001e+00
3.43167e+02  9.99795e-01  -7.25750e-05  -8.19071e-05  9.99764e-01  1.00001e+00
3.43271e+02  9.99812e-01  -6.65015e-05  -7.43561e-05  9.99785e-01  1.00001e+00
3.43376e+02  9.99832e-01  -5.97050e-05  -6.59989e-05  9.99808e-01  1.00001e+00
3.43481e+02  9.99853e-01  -5.22606e-05  -5.69278e-05  9.99834e-01  1.00000e+00
3.43586e+02  9.99876e-01  -4.42502e-05  -4.72427e-05  9.99861e-01  1.00000e+00
3.43690e+02  9.99900e-01  -3.57618e-05  -3.70501e-05  9.99890e-01  1.00000e+00
3.43795e+02  9.99925e-01  -2.68887e-05  -2.64622e-05  9.99920e-01  1.00000e+00
3.43900e+02  9.99951e-01  -1.77283e-05  -1.55952e-05  9.99951e-01  9.99998e-01
3.44004e+02  9.99977e-01  -8.38114e-06  -4.56825e-06  9.99982e-01  9.99996e-01
3.44109e+02  1.00000e+00  1.05039e-06  6.49765e-06  1.00001e+00  9.99995e-01
3.44214e+02  1.00003e+00  1.04629e-05  1.74813e-05  1.00005e+00  9.99993e-01
3.44319e+02  1.00006e+00  1.97534e-05  2.82626e-05  1.00008e+00  9.99991e-01
3.44423e+02  1.00008e+00  2.88202e-05  3.87236e-05  1.00011e+00  9.99990e-01
3.44528e+02  1.00011e+00  3.75641e-05  4.87500e-05  1.00014e+00  9.99989e-01
3.44633e+02  1.00013e+00  4.58897e-05  5.82324e-05  1.00016e+00  9.99988e-01
3.44737e+02  1.00015e+00  5.37059e-05  6.70675e-05  1.00019e+00  9.99987e-01
3.44842e+02  1.00017e+00  6.09276e-05  7.51590e-05  1.00021e+00  9.99986e-01
3.44947e+02  1.00019e+00  6.74761e-05  8.24191e-05  1.00023e+00  9.99985e-01
3.45052e+02  1.00021e+00  7.32802e-05  8.87689e-05  1.00025e+00  9.99985e-01
3.45156e+02  1.00022e+00  7.82767e-05  9.41398e-05  1.00027e+00  9.99984e-01
3.45261e+02  1.00023e+00  8.24117e-05  9.84739e-05  1.00028e+00  9.99984e-01
3.45366e+02  1.00024e+00  8.56404e-05  1.01725e-04  1.00029e+00  9.99984e-01
3.45470e+02  1.00025e+00  8.79283e-05  1.03858e-04  1.00030e+00  9.99984e-01
3.45575e+02  1.00025e+00  8.92510e-05  1.04851e-04  1.00030e+00  9.99984e-01
3.45680e+02  1.00025e+00  8.95949e-05  1.04694e-04  1.00030e+00  9.99985e-01
3.45785e+02  1.00025e+00  8.89570e-05  1.03391e-04  1.00030e+00  9.99986e-01
3.45889e+02  1.00025e+00  8.73451e-05  1.00956e-04  1.00029e+00  9.99986e-01
3.45994e+02  1.00024e+00  8.47778e-05  9.74178e-05  1.00028e+00  9.99987e-01
3.46099e+02  1.00023e+00  8.12841e-05  9.28161e-05  1.00027e+00  9.99988e-01
3.46204e+02  1.00022e+00  7.69030e-05  8.72026e-05  1.00025e+00  9.99990e-01
3.46308e+02  1.00020e+00  7.16834e-05  8.06398e-05  1.00023e+00  9.99991e-01
3.46413e+02  1.00019e+00  6.56833e-05  7.32008e-05  1.00021e+00  9.99992e-01
3.46518e+02  1.00017e+00  5.89691e-05  6.49680e-05  1.00019e+00  9.99994e-01
3.46622e+02  1.00015e+00  5.16150e-05  5.60326e-05  1.00016e+00  9.99996e-01
3.46727e+02  1.00012e+00  4.37023e-05  4.64931e-05  1.00014e+00  9.99997e-01
3.46832e+02  1.00010e+00  3.53181e-05  3.64549e-05  1.00011e+00  9.99999e-01
3.46937e+02  1.00007e+00  2.65546e-05  2.60284e-05  1.00008e+00  1.00000e+00
3.47041e+02  1.00005e+00  1.75083e-05  1.53282e-05  1.00005e+00  1.00000e+00
3.47146e+02  1.00002e+00  8.27838e-06  4.47193e-06  1.00002e+00  1.00000e+00
3.47251e+02  9.99996e-01  -1.03385e-06  -6.42144e-06  9.99986e-01  1.00001e+00
3.47355e+02  9.99970e-01  -1.03264e-05  -1.72326e-05  9.99955e-01  1.00001e+00
3.47460e+02  9.99944e-01  -1.94976e-05  -2.78432e-05  9.99925e-01  1.00001e+00
3.47565e+02  9.99918e-01  -2.84471e-05  -3.81374e-05  9.99895e-01  1.00001e+00
3.47670e+02  9.99894e-01  -3.70773e-05  -4.80029e-05  9.99867e-01  1.00001e+00
3.47774e+02  9.99871e-01  -4.52940e-05  -5.73322e-05  9.99840e-01  1.00001e+00
3.47879e+02  9.99849e-01  -5.30077e-05  -6.60237e-05  9.99815e-01  1.00001e+00
3.47984e+02  9.99829e-01  -6.01344e-05  -7.39832e-05  9.99792e-01  1.00001e+00
3.48088e+02  9.99811e-01  -6.65968e-05  -8.11243e-05  9.99771e-01  1.00001e+00
3.48193e+02  9.99794e-01  -7.23248e-05  -8.73698e-05  9.99753e-01  1.00002e+00
3.48298e+02  9.99781e-01  -7.72564e-05  -9.26524e-05  9.99737e-01  1.00002e+00
3.48403e+02  9.99769e-01  -8.13383e-05  -9.69153e-05  9.99725e-01  1.00002e+00
3.48507e+02  9.99760e-01  -8.45267e-05  -1.00113e-04  9.99715e-01  1.00002e+00
3.48612e+02  9.99754e-01  -8.67875e-05  -1.02212e-04  9.99709e-01  1.00002e+00
3.48717e+02  9.99750e-01  -8.80967e-05  -1.03190e-04  9.99706e-01  1.00002e+00
3.48822e+02  9.99749e-01  -8.84408e-05  -1.03037e-04  9.99705e-01  1.00001e+00
3.48926e+02  9.99751e-01  -8.78168e-05  -1.01757e-04  9.99709e-01  1.00001e+00
3.49031e+02  9.99756e-01  -8.62325e-05  -9.93648e-05  9.99715e-01  1.00001e+00
3.49136e+02  9.99763e-01  -8.37057e-05  -9.58874e-05  9.99725e-01  1.00001e+00
3.49240e+02  9.99773e-01  -8.02650e-05  -9.13641e-05  9.99737e-01  1.00001e+00
3.49345e+02  9.99785e-01  -7.59487e-05  -8.58454e-05  9.99752e-01  1.00001e+00
3.49450e+02  9.99800e-01  -7.08047e-05  -7.93926e-05  9.99770e-01  1.00001e+00
3.49555e+02  9.99817e-01  -6.48898e-05  -7.20772e-05  9.99791e-01  1.00001e+00
3.49659e+02  9.99836e-01  -5.82694e-05  -6.39802e-05  9.99814e-01  1.00001e+00
3.49764e+02  9.99856e-01  -5.10163e-05  -5.51908e-05  9.99839e-01  1.00000e+00
3.49869e+02  9.99878e-01  -4.32105e-05  -4.58060e-05  9.99865e-01  1.00000e+00
3.49973e+02  9.99902e-01  -3.49377e-05  -3.59288e-05  9.99893e-01  1.00000e+00
3.50078e+02  9.99927e-01  -2.62888e-05  -2.56681e-05  9.99922e-01  9.99999e-01
3.50183e+02  9.99952e-01  -1.73587e-05  -1.51363e-05  9.99952e-01  9.99998e-01
3.50288e+02  9.99978e-01  -8.24549e-06  -4.44902e-06  9.99983e-01  9.99996e-01
3.50392e+02  1.00000e+00  9.51050e-07  6.27652e-06  1.00001e+00  9.99995e-01
3.50497e+02  1.00003e+00  1.01301e-05  1.69229e-05  1.00004e+00  9.99993e-01
3.50602e+02  1.00006e+00  1.91913e-05  2.73736e-05  1.00007e+00  9.99992e-01
3.50706e+02  1.00008e+00  2.80353e-05  3.75143e-05  1.00010e+00  9.99991e-01
3.50811e+02  1.00010e+00  3.65655e-05  4.72342e-05  1.00013e+00  9.99989e-01
3.50916e+02  1.00013e+00  4.46886e-05  5.64273e-05  1.00016e+00  9.99988e-01
3.51021e+02  1.00015e+00  5.23160e-05  6.49934e-05  1.00018e+00  9.99987e-01
3.51125e+02  1.00017e+00  5.93645e-05  7.28391e-05  1.00021e+00  9.99987e-01
3.51230e+02  1.00019e+00  6.57572e-05  7.98792e-05  1.00023e+00  9.99986e-01
3.51335e+02  1.00020e+00  7.14246e-05  8.60373e-05  1.00024e+00  9.99985e-01
3.51439e+02  1.00022e+00  7.63051e-05  9.12468e-05  1.00026e+00  9.99985e-01
3.51544e+02  1.00023e+00  8.03459e-05  9.54515e-05  1.00027e+00  9.99985e-01
3.51649e+02  1.00024e+00  8.35033e-05  9.86063e-05  1.00028e+00  9.99985e-01
3.51754e+02  1.00024e+00  8.57434e-05  1.00678e-04  1.00029e+00  9.99985e-01
3.51858e+02  1.00025e+00  8.70424e-05  1.01644e-04  1.00029e+00  9.99985e-01
3.51963e+02  1.00025e+00  8.73868e-05  1.01496e-04  1.00029e+00  9.99986e-01
3.52068e+02  1.00025e+00  8.67736e-05  1.00236e-04  1.00029e+00  9.99987e-01
3.52173e+02  1.00024e+00  8.52103e-05  9.78788e-05  1.00028e+00  9.99987e-01
3.52277e+02  1.00023e+00  8.27149e-05  9.44522e-05  1.00027e+00  9.99988e-01
3.52382e+02  1.00022e+00  7.93156e-05  8.99943e-05  1.00026e+00  9.99989e-01
3.52487e+02  1.00021e+00  7.50503e-05  8.45552e-05  1.00024e+00  9.99990e-01
3.52591e+02  1.00020e+00  6.99665e-05  7.81956e-05  1.00023e+00  9.99992e-01
3.52696e+02  1.00018e+00  6.41207e-05  7.09861e-05  1.00021e+00  9.99993e-01
3.52801e+02  1.00016e+00  5.75777e-05  6.30066e-05  1.00018e+00  9.99995e-01
3.52906e+02  1.00014e+00  5.04097e-05  5.43455e-05  1.00016e+00  9.99996e-01
3.53010e+02  1.00012e+00  4.26958e-05  4.50983e-05  1.00013e+00  9.99998e-01
3.53115e+02  1.00010e+00  3.45209e-05  3.53670e-05  1.00011e+00  9.99999e-01
3.53220e+02  1.00007e+00  2.59752e-05  2.52588e-05  1.00008e+00  1.00000e+00
3.53324e+02  1.00005e+00  1.71525e-05  1.48847e-05  1.00005e+00  1.00000e+00
3.53429e+02  1.00002e+00  8.14954e-06  4.35864e-06  1.00002e+00  1.00000e+00
3.53534e+02  9.99996e-01  -9.34778e-07  -6.20387e-06  9.99987e-01  1.00001e+00
3.53639e+02  9.99971e-01  -1.00010e-05  -1.66872e-05  9.99957e-01  1.00001e+00
3.53743e+02  9.99945e-01  -1.89499e-05  -2.69766e-05  9.99927e-01  1.00001e+00
3.53848e+02  9.99921e-01  -2.76836e-05  -3.69597e-05  9.99898e-01  1.00001e+00
3.53953e+02  9.99897e-01  -3.61068e-05  -4.65276e-05  9.99871e-01  1.00001e+00
3.54057e+02  9.99874e-01  -4.41276e-05  -5.55760e-05  9.99845e-01  1.00001e+00
3.54162e+02  9.99853e-01  -5.16585e-05  -6.40065e-05  9.99820e-01  1.00001e+00
3.54267e+02  9.99833e-01  -5.86176e-05  -7.17274e-05  9.99798e-01  1.00001e+00
3.54372e+02  9.99815e-01  -6.49294e-05  -7.86552e-05  9.99778e-01  1.00001e+00
3.54476e+02  9.99800e-01  -7.05253e-05  -8.47147e-05  9.99760e-01  1.00001e+00
3.54581e+02  9.99786e-01  -7.53447e-05  -8.98408e-05  9.99745e-01  1.00001e+00
3.54686e+02  9.99775e-01  -7.93357e-05  -9.39782e-05  9.99733e-01  1.00001e+00
3.54791e+02  9.99766e-01  -8.24551e-05  -9.70828e-05  9.99723e-01  1.00001e+00
3.54895e+02  9.99760e-01  -8.46698e-05  -9.91217e-05  9.99717e-01  1.00001e+00
3.55000e+02  9.99756e-01  -8.59561e-05  -1.00074e-04  9.99714e-01  1.00001e+00
3.55105e+02  9.99755e-01  -8.63008e-05  -9.99294e-05  9.99714e-01  1.00001e+00
3.55209e+02  9.99757e-01  -8.57008e-05  -9.86917e-05  9.99717e-01  1.00001e+00
3.55314e+02  9.99762e-01  -8.41635e-05  -9.63750e-05  9.99723e-01  1.00001e+00
3.55419e+02  9.99769e-01  -8.17064e-05  -9.30059e-05  9.99732e-01  1.00001e+00
3.55524e+02  9.99778e-01  -7.83570e-05  -8.86221e-05  9.99744e-01  1.00001e+00
3.55628e+02  9.99790e-01  -7.41527e-05  -8.32727e-05  9.99759e-01  1.00001e+00
3.55733e+02  9.99805e-01  -6.91401e-05  -7.70170e-05  9.99777e-01  1.00001e+00
3.55838e+02  9.99821e-01  -6.33747e-05  -6.99244e-05  9.99797e-01  1.00001e+00
3.55942e+02  9.99839e-01  -5.69199e-05  -6.20733e-05  9.99819e-01  1.00001e+00
3.56047e+02  9.99860e-01  -4.98470e-05  -5.35503e-05  9.99843e-01  1.00000e+00
3.56152e+02  9.99881e-01  -4.22337e-05  -4.44492e-05  9.99869e-01  1.00000e+00
3.56257e+02  9.99904e-01  -3.41638e-05  -3.48703e-05  9.99896e-01  1.00000e+00
3.56361e+02  9.99928e-01  -2.57259e-05  -2.49187e-05  9.99924e-01  9.99999e-01
3.56466e+02  9.99953e-01  -1.70126e-05  -1.47038e-05  9.99954e-01  9.99998e-01
3.56571e+02  9.99978e-01  -8.11952e-06  -4.33759e-06  9.99983e-01  9.99996e-01
3.56675e+02  1.00000e+00  8.55930e-07  6.06626e-06  1.00001e+00  9.99995e-01
3.56780e+02  1.00003e+00  9.81538e-06  1.63938e-05  1.00004e+00  9.99993e-01
3.56885e+02  1.00005e+00  1.86607e-05  2.65320e-05  1.00007e+00  9.99992e-01
3.56990e+02  1.00008e+00  2.72952e-05  3.63700e-05  1.00010e+00  9.99991e-01
3.57094e+02  1.00010e+00  3.56243e-05  4.58003e-05  1.00013e+00  9.99990e-01
3.57199e+02  1.00012e+00  4.35571e-05  5.47200e-05  1.00015e+00  9.99989e-01
3.57304e+02  1.00015e+00  5.10069e-05  6.30319e-05  1.00018e+00  9.99988e-01
3.57409e+02  1.00016e+00  5.78925e-05  7.06453e-05  1.00020e+00  9.99987e-01
3.57513e+02  1.00018e+00  6.41387e-05  7.74776e-05  1.00022e+00  9.99987e-01
3.57618e+02  1.00020e+00  6.96777e-05  8.34546e-05  1.00024e+00  9.99986e-01
3.57723e+02  1.00021e+00  7.44492e-05  8.85115e-05  1.00025e+00  9.99986e-01
3.57827e+02  1.00022e+00  7.84015e-05  9.25940e-05  1.00026e+00  9.99986e-01
3.57932e+02  1.00023e+00  8.14919e-05  9.56580e-05  1.00027e+00  9.99986e-01
3.58037e+02  1.00024e+00  8.36872e-05  9.76711e-05  1.00028e+00  9.99986e-01
3.58142e+02  1.00024e+00  8.49640e-05  9.86122e-05  1.00028e+00  9.99986e-01
3.58246e+02  1.00024e+00  8.53091e-05  9.84721e-05  1.00028e+00  9.99987e-01
3.58351e+02  1.00024e+00  8.47193e-05  9.72532e-05  1.00028e+00  9.99987e-01
3.58456e+02  1.00024e+00  8.32020e-05  9.49702e-05  1.00027e+00  9.99988e-01
3.58560e+02  1.00023e+00  8.07744e-05  9.16490e-05  1.00026e+00  9.99989e-01
3.58665e+02  1.00022e+00  7.74640e-05  8.73272e-05  1.00025e+00  9.99990e-01
3.58770e+02  1.00021e+00  7.33078e-05  8.20531e-05  1.00024e+00  9.99991e-01
3.58875e+02  1.00019e+00  6.83519e-05  7.58856e-05  1.00022e+00  9.99992e-01
3.58979e+02  1.00018e+00  6.26515e-05  6.88931e-05  1.00020e+00  9.99994e-01
3.59084e+02  1.00016e+00  5.62696e-05  6.11532e-05  1.00018e+00  9.99995e-01
3.59189e+02  1.00014e+00  4.92767e-05  5.27515e-05  1.00015e+00  9.99997e-01
3.59293e+02  1.00012e+00  4.17500e-05  4.37806e-05  1.00013e+00  9.99998e-01
3.59398e+02  1.00009e+00  3.37723e-05  3.43396e-05  1.00010e+00  9.99999e-01
3.59503e+02  1.00007e+00  2.54315e-05  2.45322e-05  1.00007e+00  1.00000e+00
3.59608e+02  1.00005e+00  1.68192e-05  1.44664e-05  1.00005e+00  1.00000e+00
3.59712e+02  1.00002e+00  8.02991e-06  4.25269e-06  1.00002e+00  1.00000e+00
3.59817e+02  9.99997e-01  -8.39934e-07  -5.99699e-06  9.99987e-01  1.00001e+00
3.59922e+02  9.99972e-01  -9.69317e-06  -1.61703e-05  9.99958e-01  1.00001e+00
3.60027e+02  9.99947e-01  -1.84329e-05  -2.61561e-05  9.99929e-01  1.00001e+00
3.60131e+02  9.99923e-01  -2.69636e-05  -3.58451e-05  9.99901e-01  1.00001e+00
3.60236e+02  9.99899e-01  -3.51921e-05  -4.51316e-05  9.99875e-01  1.00001e+00
3.60341e+02  9.99877e-01  -4.30285e-05  -5.39145e-05  9.99849e-01  1.00001e+00
3.60445e+02  9.99857e-01  -5.03875e-05  -6.20981e-05  9.99825e-01  1.00001e+00
3.60550e+02  9.99837e-01  -5.71891e-05  -6.95936e-05  9.99804e-01  1.00001e+00
3.60655e+02  9.99820e-01  -6.33592e-05  -7.63196e-05  9.99784e-01  1.00001e+00
3.60760e+02  9.99804e-01  -6.88309e-05  -8.22034e-05  9.99767e-01  1.00001e+00
3.60864e+02  9.99791e-01  -7.35449e-05  -8.71815e-05  9.99752e-01  1.00001e+00
3.60969e+02  9.99780e-01  -7.74503e-05  -9.12003e-05  9.99740e-01  1.00001e+00
3.61074e+02  9.99772e-01  -8.05051e-05  -9.42169e-05  9.99731e-01  1.00001e+00
3.61178e+02  9.99766e-01  -8.26765e-05  -9.61994e-05  9.99725e-01  1.00001e+00
3.61283e+02  9.99762e-01  -8.39415e-05  -9.71269e-05  9.99722e-01  1.00001e+00
3.61388e+02  9.99761e-01  -8.42869e-05  -9.69906e-05  9.99722e-01  1.00001e+00
3.61493e+02  9.99763e-01  -8.37096e-05  -9.57928e-05  9.99725e-01  1.00001e+00
3.61597e+02  9.99767e-01  -8.22168e-05  -9.35478e-05  9.99731e-01  1.00001e+00
3.61702e+02  9.99774e-01  -7.98253e-05  -9.02811e-05  9.99740e-01  1.00001e+00
3.61807e+02  9.99783e-01  -7.65621e-05  -8.60294e-05  9.99751e-01  1.00001e+00
3.61911e+02  9.99795e-01  -7.24634e-05  -8.08402e-05  9.99766e-01  1.00001e+00
3.62016e+02  9.99809e-01  -6.75746e-05  -7.47711e-05  9.99783e-01  1.00001e+00
3.62121e+02  9.99825e-01  -6.19498e-05  -6.78892e-05  9.99802e-01  1.00001e+00
3.62226e+02  9.99843e-01  -5.56511e-05  -6.02708e-05  9.99824e-01  1.00000e+00
3.62330e+02  9.99863e-01  -4.87478e-05  -5.19997e-05  9.99847e-01  1.00000e+00
3.62435e+02  9.99884e-01  -4.13159e-05  -4.31671e-05  9.99872e-01  1.00000e+00
3.62540e+02  9.99906e-01  -3.34370e-05  -3.38702e-05  9.99899e-01  1.00000e+00
3.62645e+02  9.99929e-01  -2.51978e-05  -2.42111e-05  9.99926e-01  9.99999e-01
3.62749e+02  9.99954e-01  -1.66885e-05  -1.42959e-05  9.99955e-01  9.99998e-01
3.62854e+02  9.99978e-01  -8.00261e-06  -4.23336e-06  9.99984e-01  9.99996e-01
3.62959e+02  1.00000e+00  7.64750e-07  5.86622e-06  1.00001e+00  9.99995e-01
3.63063e+02  1.00003e+00  9.51750e-06  1.58922e-05  1.00004e+00  9.99994e-01
3.63168e+02  1.00005e+00  1.81598e-05  2.57349e-05  1.00007e+00  9.99992e-01
3.63273e+02  1.00008e+00  2.65971e-05  3.52866e-05  1.00010e+00  9.99991e-01
3.63378e+02  1.00010e+00  3.47371e-05  4.44430e-05  1.00012e+00  9.99990e-01
3.63482e+02  1.00012e+00  4.24908e-05  5.31041e-05  1.00015e+00  9.99989e-01
3.63587e+02  1.00014e+00  4.97736e-05  6.11755e-05  1.00017e+00  9.99989e-01
3.63692e+02  1.00016e+00  5.65059e-05  6.85693e-05  1.00019e+00  9.99988e-01
3.63796e+02  1.00018e+00  6.26144e-05  7.52051e-05  1.00021e+00  9.99987e-01
3.63901e+02  1.00019e+00  6.80326e-05  8.10108e-05  1.00023e+00  9.99987e-01
3.64006e+02  1.00021e+00  7.27017e-05  8.59236e-05  1.00024e+00  9.99987e-01
3.64111e+02  1.00022e+00  7.65708e-05  8.98904e-05  1.00026e+00  9.99987e-01
3.64215e+02  1.00023e+00  7.95983e-05  9.28688e-05  1.00027e+00  9.99987e-01
3.64320e+02  1.00023e+00  8.17516e-05  9.48268e-05  1.00027e+00  9.99987e-01
3.64425e+02  1.00024e+00  8.30077e-05  9.57442e-05  1.00027e+00  9.99987e-01
3.64529e+02  1.00024e+00  8.33536e-05  9.56117e-05  1.00027e+00  9.99988e-01
3.64634e+02  1.00023e+00  8.27860e-05  9.44319e-05  1.00027e+00  9.99988e-01
3.64739e+02  1.00023e+00  8.13120e-05  9.22188e-05  1.00027e+00  9.99989e-01
3.64844e+02  1.00022e+00  7.89485e-05  8.89975e-05  1.00026e+00  9.99990e-01
3.64948e+02  1.00021e+00  7.57219e-05  8.48045e-05  1.00025e+00  9.99991e-01
3.65053e+02  1.00020e+00  7.16685e-05  7.96866e-05  1.00023e+00  9.99992e-01
3.65158e+02  1.00019e+00  6.68332e-05  7.37008e-05  1.00021e+00  9.99993e-01
3.65263e+02  1.00017e+00  6.12698e-05  6.69138e-05  1.00020e+00  9.99994e-01
3.65367e+02  1.00016e+00  5.50396e-05  5.94005e-05  1.00017e+00  9.99996e-01
3.65472e+02  1.00014e+00  4.82117e-05  5.12442e-05  1.00015e+00  9.99997e-01
3.65577e+02  1.00012e+00  4.08612e-05  4.25349e-05  1.00013e+00  9.99998e-01
3.65681e+02  1.00009e+00  3.30692e-05  3.33685e-05  1.00010e+00  1.00000e+00
3.65786e+02  1.00007e+00  2.49213e-05  2.38459e-05  1.00007e+00  1.00000e+00
3.65891e+02  1.00005e+00  1.65071e-05  1.40718e-05  1.00004e+00  1.00000e+00
3.65996e+02  1.00002e+00  7.91892e-06  4.15352e-06  1.00002e+00  1.00000e+00
3.66100e+02  9.99997e-01  -7.49040e-07  -5.80017e-06  9.99988e-01  1.00001e+00
3.66205e+02  9.99973e-01  -9.40182e-06  -1.56803e-05  9.99959e-01  1.00001e+00
3.66310e+02  9.99948e-01  -1.79447e-05  -2.53786e-05  9.99931e-01  1.00001e+00
3.66414e+02  9.99925e-01  -2.62843e-05  -3.47894e-05  9.99904e-01  1.00001e+00
3.66519e+02  9.99902e-01  -3.43295e-05  -4.38097e-05  9.99878e-01  1.00001e+00
3.66624e+02  9.99880e-01  -4.19926e-05  -5.23414e-05  9.99853e-01  1.00001e+00
3.66729e+02  9.99860e-01  -4.91899e-05  -6.02915e-05  9.99830e-01  1.00001e+00
3.66833e+02  9.99841e-01  -5.58432e-05  -6.75736e-05  9.99809e-01  1.00001e+00
3.66938e+02  9.99824e-01  -6.18800e-05  -7.41088e-05  9.99790e-01  1.00001e+00
3.67043e+02  9.99809e-01  -6.72350e-05  -7.98264e-05  9.99773e-01  1.00001e+00
3.67147e+02  9.99796e-01  -7.18499e-05  -8.46645e-05  9.99759e-01  1.00001e+00
3.67252e+02  9.99785e-01  -7.56750e-05  -8.85712e-05  9.99747e-01  1.00001e+00
3.67357e+02  9.99777e-01  -7.86690e-05  -9.15046e-05  9.99738e-01  1.00001e+00
3.67462e+02  9.99771e-01  -8.07999e-05  -9.34337e-05  9.99732e-01  1.00001e+00
3.67566e+02  9.99767e-01  -8.20449e-05  -9.43383e-05  9.99729e-01  1.00001e+00
3.67671e+02  9.99767e-01  -8.23911e-05  -9.42095e-05  9.99729e-01  1.00001e+00
3.67776e+02  9.99768e-01  -8.18354e-05  -9.30497e-05  9.99732e-01  1.00001e+00
3.67880e+02  9.99772e-01  -8.03846e-05  -9.08726e-05  9.99738e-01  1.00001e+00
3.67985e+02  9.99779e-01  -7.80551e-05  -8.77029e-05  9.99747e-01  1.00001e+00
3.68090e+02  9.99788e-01  -7.48731e-05  -8.35762e-05  9.99758e-01  1.00001e+00
3.68195e+02  9.99800e-01  -7.08739e-05  -7.85387e-05  9.99772e-01  1.00001e+00
3.68299e+02  9.99813e-01  -6.61019e-05  -7.26461e-05  9.99789e-01  1.00001e+00
3.68404e+02  9.99829e-01  -6.06097e-05  -6.59638e-05  9.99807e-01  1.00001e+00
3.68509e+02  9.99846e-01  -5.44580e-05  -5.85656e-05  9.99828e-01  1.00000e+00
3.68614e+02  9.99865e-01  -4.77145e-05  -5.05330e-05  9.99851e-01  1.00000e+00
3.68718e+02  9.99886e-01  -4.04534e-05  -4.19546e-05  9.99876e-01  1.00000e+00
3.68823e+02  9.99908e-01  -3.27544e-05  -3.29246e-05  9.99901e-01  1.00000e+00
3.68928e+02  9.99931e-01  -2.47022e-05  -2.35424e-05  9.99928e-01  9.99999e-01
3.69032e+02  9.99954e-01  -1.63850e-05  -1.39109e-05  9.99956e-01  9.99998e-01
3.69137e+02  9.99978e-01  -7.89421e-06  -4.13579e-06  9.99984e-01  9.99996e-01
3.69242e+02  1.00000e+00  6.77253e-07  5.67579e-06  1.00001e+00  9.99995e-01
3.69347e+02  1.00003e+00  9.23543e-06  1.54164e-05  1.00004e+00  9.99994e-01
3.69451e+02  1.00005e+00  1.76866e-05  2.49793e-05  1.00007e+00  9.99993e-01
3.69556e+02  1.00007e+00  2.59383e-05  3.42601e-05  1.00009e+00  9.99992e-01
3.69661e+02  1.00010e+00  3.39003e-05  4.31573e-05  1.00012e+00  9.99991e-01
3.69765e+02  1.00012e+00  4.14855e-05  5.15737e-05  1.00014e+00  9.99990e-01
3.69870e+02  1.00014e+00  4.86111e-05  5.94176e-05  1.00017e+00  9.99989e-01
3.69975e+02  1.00016e+00  5.51994e-05  6.66035e-05  1.00019e+00  9.99989e-01
3.70080e+02  1.00017e+00  6.11784e-05  7.30533e-05  1.00021e+00  9.99988e-01
3.70184e+02  1.00019e+00  6.64830e-05  7.86970e-05  1.00022e+00  9.99988e-01
3.70289e+02  1.00020e+00  7.10557e-05  8.34734e-05  1.00024e+00  9.99988e-01
3.70394e+02  1.00021e+00  7.48468e-05  8.73309e-05  1.00025e+00  9.99988e-01
3.70498e+02  1.00022e+00  7.78152e-05  9.02281e-05  1.00026e+00  9.99988e-01
3.70603e+02  1.00023e+00  7.99291e-05  9.21342e-05  1.00026e+00  9.99988e-01
3.70708e+02  1.00023e+00  8.11659e-05  9.30291e-05  1.00027e+00  9.99988e-01
3.70813e+02  1.00023e+00  8.15126e-05  9.29040e-05  1.00027e+00  9.99989e-01
3.70917e+02  1.00023e+00  8.09662e-05  9.17613e-05  1.00026e+00  9.99989e-01
3.71022e+02  1.00023e+00  7.95332e-05  8.96143e-05  1.00026e+00  9.99990e-01
3.71127e+02  1.00022e+00  7.72300e-05  8.64877e-05  1.00025e+00  9.99991e-01
3.71232e+02  1.00021e+00  7.40826e-05  8.24167e-05  1.00024e+00  9.99992e-01
3.71336e+02  1.00020e+00  7.01261e-05  7.74467e-05  1.00023e+00  9.99993e-01
3.71441e+02  1.00018e+00  6.54044e-05  7.16331e-05  1.00021e+00  9.99994e-01
3.71546e+02  1.00017e+00  5.99700e-05  6.50406e-05  1.00019e+00  9.99995e-01
3.71650e+02  1.00015e+00  5.38829e-05  5.77420e-05  1.00017e+00  9.99996e-01
3.71755e+02  1.00013e+00  4.72104e-05  4.98181e-05  1.00015e+00  9.99997e-01
3.71860e+02  1.00011e+00  4.00259e-05  4.13564e-05  1.00012e+00  9.99999e-01
3.71965e+02  1.00009e+00  3.24087e-05  3.24500e-05  1.00010e+00  1.00000e+00
3.72069e+02  1.00007e+00  2.44425e-05  2.31970e-05  1.00007e+00  1.00000e+00
3.72174e+02  1.00005e+00  1.62149e-05  1.36991e-05  1.00004e+00  1.00000e+00
3.72279e+02  1.00002e+00  7.81605e-06  4.06063e-06  1.00002e+00  1.00000e+00
3.72383e+02  9.99997e-01  -6.61831e-07  -5.61281e-06  9.99988e-01  1.00000e+00
3.72488e+02  9.99973e-01  -9.12589e-06  -1.52152e-05  9.99960e-01  1.00001e+00
3.72593e+02  9.99950e-01  -1.74835e-05  -2.46416e-05  9.99933e-01  1.00001e+00
3.72698e+02  9.99927e-01  -2.56433e-05  -3.37889e-05  9.99907e-01  1.00001e+00
3.72802e+02  9.99904e-01  -3.35160e-05  -4.25572e-05  9.99881e-01  1.00001e+00
3.72907e+02  9.99883e-01  -4.10159e-05  -5.08510e-05  9.99857e-01  1.00001e+00
3.73012e+02  9.99863e-01  -4.80610e-05  -5.85800e-05  9.99835e-01  1.00001e+00
3.73116e+02  9.99845e-01  -5.45748e-05  -6.56603e-05  9.99814e-01  1.00001e+00
3.73221e+02  9.99828e-01  -6.04864e-05  -7.20149e-05  9.99795e-01  1.00001e+00
3.73326e+02  9.99813e-01  -6.57315e-05  -7.75750e-05  9.99779e-01  1.00001e+00
3.73431e+02  9.99801e-01  -7.02533e-05  -8.22807e-05  9.99765e-01  1.00001e+00
3.73535e+02  9.99790e-01  -7.40029e-05  -8.60813e-05  9.99754e-01  1.00001e+00
3.73640e+02  9.99782e-01  -7.69399e-05  -8.89360e-05  9.99745e-01  1.00001e+00
3.73745e+02  9.99776e-01  -7.90327e-05  -9.08146e-05  9.99739e-01  1.00001e+00
3.73850e+02  9.99773e-01  -8.02591e-05  -9.16975e-05  9.99736e-01  1.00001e+00
3.73954e+02  9.99772e-01  -8.06063e-05  -9.15759e-05  9.99736e-01  1.00001e+00
3.74059e+02  9.99773e-01  -8.00711e-05  -9.04521e-05  9.99739e-01  1.00001e+00
3.74164e+02  9.99777e-01  -7.86600e-05  -8.83394e-05  9.99745e-01  1.00001e+00
3.74268e+02  9.99784e-01  -7.63890e-05  -8.52617e-05  9.99753e-01  1.00001e+00
3.74373e+02  9.99793e-01  -7.32836e-05  -8.12535e-05  9.99764e-01  1.00001e+00
3.74478e+02  9.99804e-01  -6.93783e-05  -7.63597e-05  9.99778e-01  1.00001e+00
3.74583e+02  9.99817e-01  -6.47163e-05  -7.06344e-05  9.99794e-01  1.00001e+00
3.74687e+02  9.99832e-01  -5.93491e-05  -6.41411e-05  9.99812e-01  1.00000e+00
3.74792e+02  9.99849e-01  -5.33359e-05  -5.69515e-05  9.99833e-01  1.00000e+00
3.74897e+02  9.99868e-01  -4.67430e-05  -4.91449e-05  9.99855e-01  1.00000e+00
3.75001e+02  9.99888e-01  -3.96427e-05  -4.08072e-05  9.99879e-01  1.00000e+00
3.75106e+02  9.99910e-01  -3.21133e-05  -3.20301e-05  9.99904e-01  1.00000e+00
3.75211e+02  9.99932e-01  -2.42372e-05  -2.29101e-05  9.99930e-01  9.99999e-01
3.75316e+02  9.99955e-01  -1.61010e-05  -1.35473e-05  9.99957e-01  9.99997e-01
3.75420e+02  9.99979e-01  -7.79382e-06  -4.04440e-06  9.99984e-01  9.99996e-01
3.75525e+02  1.00000e+00  5.93195e-07  5.49443e-06  1.00001e+00  9.99995e-01
3.75630e+02  1.00003e+00  8.96820e-06  1.49647e-05  1.00004e+00  9.99994e-01
3.75734e+02  1.00005e+00  1.72395e-05  2.42628e-05  1.00007e+00  9.99993e-01
3.75839e+02  1.00007e+00  2.53165e-05  3.32870e-05  1.00009e+00  9.99992e-01
3.75944e+02  1.00009e+00  3.31110e-05  4.19386e-05  1.00012e+00  9.99991e-01
3.76049e+02  1.00012e+00  4.05376e-05  5.01233e-05  1.00014e+00  9.99990e-01
3.76153e+02  1.00014e+00  4.75154e-05  5.77518e-05  1.00016e+00  9.99990e-01
3.76258e+02  1.00015e+00  5.39680e-05  6.47409e-05  1.00018e+00  9.99989e-01
3.76363e+02  1.00017e+00  5.98252e-05  7.10146e-05  1.00020e+00  9.99989e-01
3.76468e+02  1.00018e+00  6.50231e-05  7.65049e-05  1.00022e+00  9.99989e-01
3.76572e+02  1.00020e+00  6.95052e-05  8.11521e-05  1.00023e+00  9.99988e-01
3.76677e+02  1.00021e+00  7.32229e-05  8.49061e-05  1.00024e+00  9.99988e-01
3.76782e+02  1.00022e+00  7.61359e-05  8.77266e-05  1.00025e+00  9.99988e-01
3.76886e+02  1.00022e+00  7.82129e-05  8.95835e-05  1.00026e+00  9.99989e-01
3.76991e+02  1.00023e+00  7.94317e-05  9.04573e-05  1.00026e+00  9.99989e-01
3.77096e+02  1.00023e+00  7.97794e-05  9.03393e-05  1.00026e+00  9.99989e-01
3.77201e+02  1.00022e+00  7.92530e-05  8.92317e-05  1.00026e+00  9.99990e-01
3.77305e+02  1.00022e+00  7.78587e-05  8.71476e-05  1.00025e+00  9.99991e-01
3.77410e+02  1.00021e+00  7.56126e-05  8.41107e-05  1.00024e+00  9.99992e-01
3.77515e+02  1.00021e+00  7.25398e-05  8.01552e-05  1.00023e+00  9.99992e-01
3.77619e+02  1.00019e+00  6.86747e-05  7.53254e-05  1.00022e+00  9.99993e-01
3.77724e+02  1.00018e+00  6.40602e-05  6.96750e-05  1.00020e+00  9.99994e-01
3.77829e+02  1.00017e+00  5.87474e-05  6.32667e-05  1.00019e+00  9.99995e-01
3.77934e+02  1.00015e+00  5.27951e-05  5.61716e-05  1.00017e+00  9.99997e-01
3.78038e+02  1.00013e+00  4.62690e-05  4.84679e-05  1.00014e+00  9.99998e-01
3.78143e+02  1.00011e+00  3.92409e-05  4.02408e-05  1.00012e+00  9.99999e-01
3.78248e+02  1.00009e+00  3.17884e-05  3.15808e-05  1.00009e+00  1.00000e+00
3.78352e+02  1.00007e+00  2.39933e-05  2.25832e-05  1.00007e+00  1.00000e+00
3.78457e+02  1.00004e+00  1.59414e-05  1.33470e-05  1.00004e+00  1.00000e+00
3.78562e+02  1.00002e+00  7.72085e-06  3.97357e-06  1.00002e+00  1.00000e+00
3.78667e+02  9.99998e-01  -5.78059e-07  -5.43437e-06  9.99989e-01  1.00000e+00
3.78771e+02  9.99974e-01  -8.86445e-06  -1.47738e-05  9.99962e-01  1.00001e+00
3.78876e+02  9.99951e-01  -1.70476e-05  -2.39424e-05  9.99935e-01  1.00001e+00
3.78981e+02  9.99929e-01  -2.50381e-05  -3.28401e-05  9.99909e-01  1.00001e+00
3.79086e+02  9.99907e-01  -3.27485e-05  -4.13697e-05  9.99885e-01  1.00001e+00
3.79190e+02  9.99886e-01  -4.00948e-05  -4.94382e-05  9.99861e-01  1.00001e+00
3.79295e+02  9.99866e-01  -4.69968e-05  -5.69578e-05  9.99839e-01  1.00001e+00
3.79400e+02  9.99848e-01  -5.33794e-05  -6.38468e-05  9.99819e-01  1.00001e+00
3.79504e+02  9.99832e-01  -5.91731e-05  -7.00303e-05  9.99801e-01  1.00001e+00
3.79609e+02  9.99817e-01  -6.43149e-05  -7.54414e-05  9.99785e-01  1.00001e+00
3.79714e+02  9.99805e-01  -6.87492e-05  -8.00217e-05  9.99771e-01  1.00001e+00
3.79819e+02  9.99795e-01  -7.24279e-05  -8.37217e-05  9.99760e-01  1.00001e+00
3.79923e+02  9.99786e-01  -7.53113e-05  -8.65020e-05  9.99752e-01  1.00001e+00
3.80028e+02  9.99781e-01  -7.73685e-05  -8.83329e-05  9.99746e-01  1.00001e+00
3.80133e+02  9.99777e-01  -7.85775e-05  -8.91953e-05  9.99743e-01  1.00001e+00
3.80237e+02  9.99776e-01  -7.89258e-05  -8.90806e-05  9.99743e-01  1.00001e+00
3.80342e+02  9.99778e-01  -7.84101e-05  -8.79910e-05  9.99746e-01  1.00001e+00
3.80447e+02  9.99782e-01  -7.70365e-05  -8.59393e-05  9.99751e-01  1.00001e+00
3.80552e+02  9.99788e-01  -7.48208e-05  -8.29488e-05  9.99759e-01  1.00001e+00
3.80656e+02  9.99797e-01  -7.17877e-05  -7.90530e-05  9.99770e-01  1.00001e+00
3.80761e+02  9.99808e-01  -6.79709e-05  -7.42954e-05  9.99783e-01  1.00001e+00
3.80866e+02  9.99821e-01  -6.34127e-05  -6.87287e-05  9.99799e-01  1.00001e+00
3.80970e+02  9.99836e-01  -5.81633e-05  -6.24146e-05  9.99817e-01  1.00000e+00
3.81075e+02  9.99852e-01  -5.22807e-05  -5.54228e-05  9.99837e-01  1.00000e+00
3.81180e+02  9.99871e-01  -4.58296e-05  -4.78303e-05  9.99859e-01  1.00000e+00
3.81285e+02  9.99890e-01  -3.88810e-05  -3.97207e-05  9.99882e-01  1.00000e+00
3.81389e+02  9.99911e-01  -3.15111e-05  -3.11833e-05  9.99906e-01  1.00000e+00
3.81494e+02  9.99933e-01  -2.38010e-05  -2.23118e-05  9.99932e-01  9.99999e-01
3.81599e+02  9.99956e-01  -1.58352e-05  -1.32037e-05  9.99958e-01  9.99997e-01
3.81704e+02  9.99979e-01  -7.70100e-06  -3.95874e-06  9.99984e-01  9.99996e-01
3.81808e+02  1.00000e+00  5.12347e-07  5.32161e-06  1.00001e+00  9.99995e-01
3.81913e+02  1.00003e+00  8.71489e-06  1.45357e-05  1.00004e+00  9.99994e-01
3.82018e+02  1.00005e+00  1.68168e-05  2.35828e-05  1.00006e+00  9.99993e-01
3.82122e+02  1.00007e+00  2.47295e-05  3.23638e-05  1.00009e+00  9.99992e-01
3.82227e+02  1.00009e+00  3.23662e-05  4.07829e-05  1.00011e+00  9.99992e-01
3.82332e+02  1.00011e+00  3.96437e-05  4.87480e-05  1.00014e+00  9.99991e-01
3.82437e+02  1.00013e+00  4.64823e-05  5.61724e-05  1.00016e+00  9.99990e-01
3.82541e+02  1.00015e+00  5.28074e-05  6.29750e-05  1.00018e+00  9.99990e-01
3.82646e+02  1.00017e+00  5.85500e-05  6.90819e-05  1.00020e+00  9.99989e-01
3.82751e+02  1.00018e+00  6.36475e-05  7.44268e-05  1.00021e+00  9.99989e-01
3.82855e+02  1.00019e+00  6.80445e-05  7.89517e-05  1.00023e+00  9.99989e-01
3.82960e+02  1.00020e+00  7.16933e-05  8.26077e-05  1.00024e+00  9.99989e-01
3.83065e+02  1.00021e+00  7.45543e-05  8.53556e-05  1.00025e+00  9.99989e-01
3.83170e+02  1.00022e+00  7.65967e-05  8.71659e-05  1.00025e+00  9.99989e-01
3.83274e+02  1.00022e+00  7.77986e-05  8.80197e-05  1.00025e+00  9.99990e-01
3.83379e+02  1.00022e+00  7.81475e-05  8.79085e-05  1.00025e+00  9.99990e-01
3.83484e+02  1.00022e+00  7.76401e-05  8.68343e-05  1.00025e+00  9.99991e-01
3.83588e+02  1.00022e+00  7.62825e-05  8.48098e-05  1.00025e+00  9.99991e-01
3.83693e+02  1.00021e+00  7.40903e-05  8.18580e-05  1.00024e+00  9.99992e-01
3.83798e+02  1.00020e+00  7.10880e-05  7.80122e-05  1.00023e+00  9.99993e-01
3.83903e+02  1.00019e+00  6.73091e-05  7.33153e-05  1.00021e+00  9.99994e-01
3.84007e+02  1.00018e+00  6.27956e-05  6.78196e-05  1.00020e+00  9.99995e-01
3.84112e+02  1.00016e+00  5.75974e-05  6.15861e-05  1.00018e+00  9.99996e-01
3.84217e+02  1.00015e+00  5.17721e-05  5.46838e-05  1.00016e+00  9.99997e-01
3.84322e+02  1.00013e+00  4.53840e-05  4.71889e-05  1.00014e+00  9.99998e-01
3.84426e+02  1.00011e+00  3.85033e-05  3.91841e-05  1.00012e+00  9.99999e-01
3.84531e+02  1.00009e+00  3.12059e-05  3.07577e-05  1.00009e+00  1.00000e+00
3.84636e+02  1.00007e+00  2.35720e-05  2.20023e-05  1.00007e+00  1.00000e+00
3.84740e+02  1.00004e+00  1.56855e-05  1.30142e-05  1.00004e+00  1.00000e+00
3.84845e+02  1.00002e+00  7.63291e-06  3.89193e-06  1.00002e+00  1.00000e+00
3.84950e+02  9.99998e-01  -4.97491e-07  -5.26435e-06  9.99989e-01  1.00000e+00
3.85055e+02  9.99975e-01  -8.61661e-06  -1.43544e-05  9.99963e-01  1.00001e+00
3.85159e+02  9.99952e-01  -1.66356e-05  -2.32787e-05  9.99937e-01  1.00001e+00
3.85264e+02  9.99930e-01  -2.44667e-05  -3.19398e-05  9.99912e-01  1.00001e+00
3.85369e+02  9.99909e-01  -3.20244e-05  -4.02432e-05  9.99887e-01  1.00001e+00
3.85473e+02  9.99888e-01  -3.92262e-05  -4.80982e-05  9.99865e-01  1.00001e+00
3.85578e+02  9.99869e-01  -4.59935e-05  -5.54193e-05  9.99843e-01  1.00001e+00
3.85683e+02  9.99852e-01  -5.22526e-05  -6.21270e-05  9.99823e-01  1.00001e+00
3.85788e+02  9.99836e-01  -5.79354e-05  -6.81484e-05  9.99806e-01  1.00001e+00
3.85892e+02  9.99821e-01  -6.29802e-05  -7.34183e-05  9.99790e-01  1.00001e+00
3.85997e+02  9.99809e-01  -6.73322e-05  -7.78797e-05  9.99777e-01  1.00001e+00
3.86102e+02  9.99799e-01  -7.09443e-05  -8.14846e-05  9.99766e-01  1.00001e+00
3.86206e+02  9.99791e-01  -7.37775e-05  -8.41943e-05  9.99758e-01  1.00001e+00
3.86311e+02  9.99785e-01  -7.58013e-05  -8.59800e-05  9.99752e-01  1.00001e+00
3.86416e+02  9.99782e-01  -7.69942e-05  -8.68230e-05  9.99749e-01  1.00001e+00
3.86521e+02  9.99781e-01  -7.73436e-05  -8.67150e-05  9.99749e-01  1.00001e+00
3.86625e+02  9.99782e-01  -7.68464e-05  -8.56579e-05  9.99752e-01  1.00001e+00
3.86730e+02  9.99786e-01  -7.55084e-05  -8.36642e-05  9.99757e-01  1.00001e+00
3.86835e+02  9.99792e-01  -7.33449e-05  -8.07564e-05  9.99765e-01  1.00001e+00
3.86939e+02  9.99801e-01  -7.03801e-05  -7.69672e-05  9.99776e-01  1.00001e+00
3.87044e+02  9.99811e-01  -6.66468e-05  -7.23388e-05  9.99789e-01  1.00001e+00
3.87149e+02  9.99824e-01  -6.21864e-05  -6.69226e-05  9.99804e-01  1.00000e+00
3.87254e+02  9.99839e-01  -5.70481e-05  -6.07784e-05  9.99821e-01  1.00000e+00
3.87358e+02  9.99855e-01  -5.12886e-05  -5.39740e-05  9.99841e-01  1.00000e+00
3.87463e+02  9.99873e-01  -4.49711e-05  -4.65846e-05  9.99862e-01  1.00000e+00
3.87568e+02  9.99892e-01  -3.81653e-05  -3.86914e-05  9.99884e-01  1.00000e+00
3.87673e+02  9.99913e-01  -3.09458e-05  -3.03813e-05  9.99908e-01  9.99999e-01
3.87777e+02  9.99934e-01  -2.33920e-05  -2.17454e-05  9.99933e-01  9.99998e-01
3.87882e+02  9.99956e-01  -1.55866e-05  -1.28787e-05  9.99959e-01  9.99997e-01
3.87987e+02  9.99979e-01  -7.61534e-06  -3.87842e-06  9.99985e-01  9.99996e-01
3.88091e+02  1.00000e+00  4.34492e-07  5.15686e-06  1.00001e+00  9.99995e-01
3.88196e+02  1.00002e+00  8.47469e-06  1.41281e-05  1.00004e+00  9.99994e-01
3.88301e+02  1.00005e+00  1.64172e-05  2.29372e-05  1.00006e+00  9.99993e-01
3.88406e+02  1.00007e+00  2.41751e-05  3.14877e-05  1.00009e+00  9.99993e-01
3.88510e+02  1.00009e+00  3.16635e-05  3.96863e-05  1.00011e+00  9.99992e-01
3.88615e+02  1.00011e+00  3.88006e-05  4.74432e-05  1.00013e+00  9.99991e-01
3.88720e+02  1.00013e+00  4.55083e-05  5.46741e-05  1.00015e+00  9.99991e-01
3.88824e+02  1.00015e+00  5.17134e-05  6.13000e-05  1.00017e+00  9.99990e-01
3.88929e+02  1.00016e+00  5.73483e-05  6.72488e-05  1.00019e+00  9.99990e-01
3.89034e+02  1.00018e+00  6.23515e-05  7.24559e-05  1.00021e+00  9.99990e-01
3.89139e+02  1.00019e+00  6.66685e-05  7.68649e-05  1.00022e+00  9.99990e-01
3.89243e+02  1.00020e+00  7.02526e-05  8.04280e-05  1.00023e+00  9.99990e-01
3.89348e+02  1.00021e+00  7.30648e-05  8.31070e-05  1.00024e+00  9.99990e-01
3.89453e+02  1.00021e+00  7.50748e-05  8.48733e-05  1.00024e+00  9.99990e-01
3.89557e+02  1.00022e+00  7.62611e-05  8.57083e-05  1.00025e+00  9.99991e-01
3.89662e+02  1.00022e+00  7.66112e-05  8.56035e-05  1.00025e+00  9.99991e-01
3.89767e+02  1.00022e+00  7.61219e-05  8.45610e-05  1.00025e+00  9.99992e-01
3.89872e+02  1.00021e+00  7.47991e-05  8.25931e-05  1.00024e+00  9.99992e-01
3.89976e+02  1.00021e+00  7.26577e-05  7.97221e-05  1.00023e+00  9.99993e-01
3.90081e+02  1.00020e+00  6.97219e-05  7.59803e-05  1.00022e+00  9.99994e-01
3.90186e+02  1.00019e+00  6.60243e-05  7.14096e-05  1.00021e+00  9.99995e-01
3.90291e+02  1.00017e+00  6.16060e-05  6.60606e-05  1.00019e+00  9.99996e-01
3.90395e+02  1.00016e+00  5.65160e-05  5.99929e-05  1.00018e+00  9.99997e-01
3.90500e+02  1.00014e+00  5.08104e-05  5.32735e-05  1.00016e+00  9.99998e-01
3.90605e+02  1.00013e+00  4.45522e-05  4.59766e-05  1.00014e+00  9.99999e-01
3.90709e+02  1.00011e+00  3.78104e-05  3.81828e-05  1.00011e+00  1.00000e+00
3.90814e+02  1.00009e+00  3.06591e-05  2.99779e-05  1.00009e+00  1.00000e+00
3.90919e+02  1.00007e+00  2.31771e-05  2.14522e-05  1.00007e+00  1.00000e+00
3.91024e+02  1.00004e+00  1.54464e-05  1.26993e-05  1.00004e+00  1.00000e+00
3.91128e+02  1.00002e+00  7.55185e-06  3.81535e-06  1.00002e+00  1.00000e+00
3.91233e+02  9.99998e-01  -4.19902e-07  -5.10225e-06  9.99989e-01  1.00000e+00
3.91338e+02  9.99976e-01  -8.38156e-06  -1.39558e-05  9.99964e-01  1.00001e+00
3.91442e+02  9.99954e-01  -1.62460e-05  -2.26485e-05  9.99938e-01  1.00001e+00
3.91547e+02  9.99932e-01  -2.39271e-05  -3.10853e-05  9.99914e-01  1.00001e+00
3.91652e+02  9.99911e-01  -3.13411e-05  -3.91740e-05  9.99890e-01  1.00001e+00
3.91757e+02  9.99891e-01  -3.84069e-05  -4.68265e-05  9.99868e-01  1.00001e+00
3.91861e+02  9.99872e-01  -4.50475e-05  -5.39595e-05  9.99847e-01  1.00001e+00
3.91966e+02  9.99855e-01  -5.11906e-05  -6.04953e-05  9.99828e-01  1.00001e+00
3.92071e+02  9.99839e-01  -5.67692e-05  -6.63630e-05  9.99811e-01  1.00001e+00
3.92175e+02  9.99825e-01  -6.17227e-05  -7.14989e-05  9.99795e-01  1.00001e+00
3.92280e+02  9.99813e-01  -6.59974e-05  -7.58477e-05  9.99782e-01  1.00001e+00
3.92385e+02  9.99803e-01  -6.95470e-05  -7.93624e-05  9.99772e-01  1.00001e+00
3.92490e+02  9.99795e-01  -7.23330e-05  -8.20052e-05  9.99764e-01  1.00001e+00
3.92594e+02  9.99789e-01  -7.43256e-05  -8.37482e-05  9.99758e-01  1.00001e+00
3.92699e+02  9.99786e-01  -7.55035e-05  -8.45729e-05  9.99755e-01  1.00001e+00
3.92804e+02  9.99785e-01  -7.58543e-05  -8.44712e-05  9.99755e-01  1.00001e+00
3.92909e+02  9.99786e-01  -7.53746e-05  -8.34450e-05  9.99758e-01  1.00001e+00
3.93013e+02  9.99790e-01  -7.40703e-05  -8.15063e-05  9.99763e-01  1.00001e+00
3.93118e+02  9.99796e-01  -7.19562e-05  -7.86771e-05  9.99771e-01  1.00001e+00
3.93223e+02  9.99804e-01  -6.90557e-05  -7.49891e-05  9.99781e-01  1.00001e+00
3.93327e+02  9.99815e-01  -6.54012e-05  -7.04834e-05  9.99794e-01  1.00001e+00
3.93432e+02  9.99827e-01  -6.10331e-05  -6.52099e-05  9.99809e-01  1.00000e+00
3.93537e+02  9.99842e-01  -5.59995e-05  -5.92269e-05  9.99826e-01  1.00000e+00
3.93642e+02  9.99858e-01  -5.03559e-05  -5.26005e-05  9.99844e-01  1.00000e+00
3.93746e+02  9.99875e-01  -4.41645e-05  -4.54038e-05  9.99865e-01  1.00000e+00
3.93851e+02  9.99894e-01  -3.74932e-05  -3.77158e-05  9.99887e-01  1.00000e+00
3.93956e+02  9.99914e-01  -3.04154e-05  -2.96213e-05  9.99910e-01  9.99999e-01
3.94060e+02  9.99935e-01  -2.30087e-05  -2.12090e-05  9.99935e-01  9.99998e-01
3.94165e+02  9.99957e-01  -1.53544e-05  -1.25714e-05  9.99960e-01  9.99997e-01
3.94270e+02  9.99979e-01  -7.53649e-06  -3.80308e-06  9.99985e-01  9.99996e-01
3.94375e+02  1.00000e+00  3.59420e-07  4.99972e-06  1.00001e+00  9.99995e-01
3.94479e+02  1.00002e+00  8.24681e-06  1.37406e-05  1.00004e+00  9.99995e-01
3.94584e+02  1.00005e+00  1.60393e-05  2.23240e-05  1.00006e+00  9.99994e-01
3.94689e+02  1.00007e+00  2.36516e-05  3.06558e-05  1.00008e+00  9.99993e-01
3.94793e+02  1.00009e+00  3.10004e-05  3.86452e-05  1.00011e+00  9.99992e-01
3.94898e+02  1.00011e+00  3.80054e-05  4.62048e-05  1.00013e+00  9.99992e-01
3.95003e+02  1.00013e+00  4.45901e-05  5.32521e-05  1.00015e+00  9.99991e-01
3.95108e+02  1.00014e+00  5.06824e-05  5.97103e-05  1.00017e+00  9.99991e-01
3.95212e+02  1.00016e+00  5.62160e-05  6.55092e-05  1.00019e+00  9.99991e-01
3.95317e+02  1.00017e+00  6.11305e-05  7.05857e-05  1.00020e+00  9.99991e-01
3.95422e+02  1.00019e+00  6.53725e-05  7.48847e-05  1.00022e+00  9.99990e-01
3.95527e+02  1.00020e+00  6.88958e-05  7.83599e-05  1.00023e+00  9.99991e-01
3.95631e+02  1.00020e+00  7.16622e-05  8.09737e-05  1.00023e+00  9.99991e-01
3.95736e+02  1.00021e+00  7.36420e-05  8.26982e-05  1.00024e+00  9.99991e-01
3.95841e+02  1.00021e+00  7.48138e-05  8.35153e-05  1.00024e+00  9.99991e-01
3.95945e+02  1.00021e+00  7.51653e-05  8.34168e-05  1.00024e+00  9.99992e-01
3.96050e+02  1.00021e+00  7.46932e-05  8.24045e-05  1.00024e+00  9.99992e-01
3.96155e+02  1.00021e+00  7.34032e-05  8.04903e-05  1.00023e+00  9.99993e-01
3.96260e+02  1.00020e+00  7.13099e-05  7.76960e-05  1.00023e+00  9.99994e-01
3.96364e+02  1.00019e+00  6.84368e-05  7.40530e-05  1.00022e+00  9.99994e-01
3.96469e+02  1.00018e+00  6.48160e-05  6.96019e-05  1.00020e+00  9.99995e-01
3.96574e+02  1.00017e+00  6.04875e-05  6.43923e-05  1.00019e+00  9.99996e-01
3.96678e+02  1.00016e+00  5.54994e-05  5.84819e-05  1.00017e+00  9.99997e-01
3.96783e+02  1.00014e+00  4.99066e-05  5.19360e-05  1.00015e+00  9.99998e-01
3.96888e+02  1.00012e+00  4.37709e-05  4.48271e-05  1.00013e+00  9.99999e-01
3.96993e+02  1.00010e+00  3.71598e-05  3.72335e-05  1.00011e+00  1.00000e+00
3.97097e+02  1.00009e+00  3.01462e-05  2.92388e-05  1.00009e+00  1.00000e+00
3.97202e+02  1.00006e+00  2.28070e-05  2.09310e-05  1.00006e+00  1.00000e+00
3.97307e+02  1.00004e+00  1.52230e-05  1.24013e-05  1.00004e+00  1.00000e+00
3.97411e+02  1.00002e+00  7.47735e-06  3.74349e-06  1.00001e+00  1.00000e+00
3.97516e+02  9.99999e-01  -3.45076e-07  -4.94765e-06  9.99990e-01  1.00000e+00
3.97621e+02  9.99977e-01  -8.15855e-06  -1.35769e-05  9.99965e-01  1.00001e+00
3.97726e+02  9.99955e-01  -1.58775e-05  -2.20497e-05  9.99940e-01  1.00001e+00
3.97830e+02  9.99933e-01  -2.34176e-05  -3.02737e-05  9.99916e-01  1.00001e+00
3.97935e+02  9.99913e-01  -3.06964e-05  -3.81588e-05  9.99893e-01  1.00001e+00
3.98040e+02  9.99893e-01  -3.76343e-05  -4.56193e-05  9.99871e-01  1.00001e+00
3.98145e+02  9.99875e-01  -4.41558e-05  -5.25737e-05  9.99851e-01  1.00001e+00
3.98249e+02  9.99858e-01  -5.01897e-05  -5.89464e-05  9.99832e-01  1.00001e+00
3.98354e+02  9.99842e-01  -5.56704e-05  -6.46683e-05  9.99815e-01  1.00001e+00
3.98459e+02  9.99828e-01  -6.05382e-05  -6.96773e-05  9.99800e-01  1.00001e+00
3.98563e+02  9.99816e-01  -6.47403e-05  -7.39192e-05  9.99787e-01  1.00001e+00
3.98668e+02  9.99807e-01  -6.82312e-05  -7.73483e-05  9.99777e-01  1.00001e+00
3.98773e+02  9.99799e-01  -7.09731e-05  -7.99278e-05  9.99769e-01  1.00001e+00
3.98878e+02  9.99793e-01  -7.29365e-05  -8.16302e-05  9.99764e-01  1.00001e+00
3.98982e+02  9.99790e-01  -7.41005e-05  -8.24377e-05  9.99761e-01  1.00001e+00
3.99087e+02  9.99789e-01  -7.44527e-05  -8.23421e-05  9.99761e-01  1.00001e+00
3.99192e+02  9.99790e-01  -7.39898e-05  -8.13453e-05  9.99763e-01  1.00001e+00
3.99296e+02  9.99794e-01  -7.27174e-05  -7.94589e-05  9.99768e-01  1.00001e+00
3.99401e+02  9.99800e-01  -7.06498e-05  -7.67044e-05  9.99776e-01  1.00001e+00
3.99506e+02  9.99808e-01  -6.78102e-05  -7.31124e-05  9.99786e-01  1.00001e+00
3.99611e+02  9.99818e-01  -6.42300e-05  -6.87231e-05  9.99798e-01  1.00000e+00
3.99715e+02  9.99830e-01  -5.99489e-05  -6.35851e-05  9.99813e-01  1.00000e+00
3.99820e+02  9.99844e-01  -5.50140e-05  -5.77552e-05  9.99829e-01  1.00000e+00
3.99925e+02  9.99860e-01  -4.94797e-05  -5.12977e-05  9.99848e-01  1.00000e+00
4.00029e+02  9.99877e-01  -4.34069e-05  -4.42838e-05  9.99868e-01  1.00000e+00
4.00134e+02  9.99896e-01  -3.68623e-05  -3.67907e-05  9.99890e-01  1.00000e+00
4.00239e+02  9.99916e-01  -2.99179e-05  -2.89008e-05  9.99912e-01  9.99999e-01
4.00344e+02  9.99936e-01  -2.26498e-05  -2.07007e-05  9.99936e-01  9.99998e-01
4.00448e+02  9.99957e-01  -1.51377e-05  -1.22805e-05  9.99960e-01  9.99997e-01
4.00553e+02  9.99979e-01  -7.46413e-06  -3.73240e-06  9.99985e-01  9.99996e-01
4.00658e+02  1.00000e+00  2.86930e-07  4.84979e-06  1.00001e+00  9.99995e-01
4.00763e+02  1.00002e+00  8.03054e-06  1.33721e-05  1.00003e+00  9.99995e-01
4.00867e+02  1.00004e+00  1.56819e-05  2.17412e-05  1.00006e+00  9.99994e-01
4.00972e+02  1.00007e+00  2.31572e-05  2.98656e-05  1.00008e+00  9.99993e-01
4.01077e+02  1.00009e+00  3.03748e-05  3.76565e-05  1.00011e+00  9.99993e-01
4.01181e+02  1.00011e+00  3.72557e-05  4.50287e-05  1.00013e+00  9.99992e-01
4.01286e+02  1.00012e+00  4.37246e-05  5.19019e-05  1.00015e+00  9.99992e-01
4.01391e+02  1.00014e+00  4.97109e-05  5.82011e-05  1.00017e+00  9.99992e-01
4.01496e+02  1.00016e+00  5.51494e-05  6.38577e-05  1.00018e+00  9.99991e-01
4.01600e+02  1.00017e+00  5.99807e-05  6.88103e-05  1.00020e+00  9.99991e-01
4.01705e+02  1.00018e+00  6.41521e-05  7.30051e-05  1.00021e+00  9.99991e-01
4.01810e+02  1.00019e+00  6.76184e-05  7.63967e-05  1.00022e+00  9.99991e-01
4.01914e+02  1.00020e+00  7.03420e-05  7.89487e-05  1.00023e+00  9.99991e-01
4.02019e+02  1.00020e+00  7.22934e-05  8.06337e-05  1.00023e+00  9.99992e-01
4.02124e+02  1.00021e+00  7.34518e-05  8.14340e-05  1.00024e+00  9.99992e-01
4.02229e+02  1.00021e+00  7.38048e-05  8.13414e-05  1.00024e+00  9.99992e-01
4.02333e+02  1.00021e+00  7.33491e-05  8.03579e-05  1.00023e+00  9.99993e-01
4.02438e+02  1.00020e+00  7.20902e-05  7.84948e-05  1.00023e+00  9.99994e-01
4.02543e+02  1.00020e+00  7.00424e-05  7.57733e-05  1.00022e+00  9.99994e-01
4.02647e+02  1.00019e+00  6.72285e-05  7.22241e-05  1.00021e+00  9.99995e-01
4.02752e+02  1.00018e+00  6.36801e-05  6.78867e-05  1.00020e+00  9.99996e-01
4.02857e+02  1.00017e+00  5.94363e-05  6.28093e-05  1.00019e+00  9.99997e-01
4.02962e+02  1.00015e+00  5.45441e-05  5.70483e-05  1.00017e+00  9.99997e-01
4.03066e+02  1.00014e+00  4.90576e-05  5.06672e-05  1.00015e+00  9.99998e-01
4.03171e+02  1.00012e+00  4.30372e-05  4.37367e-05  1.00013e+00  9.99999e-01
4.03276e+02  1.00010e+00  3.65493e-05  3.63331e-05  1.00011e+00  1.00000e+00
4.03380e+02  1.00008e+00  2.96653e-05  2.85380e-05  1.00009e+00  1.00000e+00
4.03485e+02  1.00006e+00  2.24607e-05  2.04371e-05  1.00006e+00  1.00000e+00
4.03590e+02  1.00004e+00  1.50148e-05  1.21193e-05  1.00004e+00  1.00000e+00
4.03695e+02  1.00002e+00  7.40913e-06  3.67607e-06  1.00001e+00  1.00000e+00
4.03799e+02  9.99999e-01  -2.72798e-07  -4.80010e-06  9.99990e-01  1.00000e+00
4.03904e+02  9.99977e-01  -7.94686e-06  -1.32164e-05  9.99966e-01  1.00001e+00
4.04009e+02  9.99956e-01  -1.55291e-05  -2.14806e-05  9.99942e-01  1.00001e+00
4.04114e+02  9.99935e-01  -2.29365e-05  -2.95025e-05  9.99918e-01  1.00001e+00
4.04218e+02  9.99915e-01  -3.00881e-05  -3.71945e-05  9.99896e-01  1.00001e+00
4.04323e+02  9.99895e-01  -3.69059e-05  -4.44726e-05  9.99874e-01  1.00001e+00
4.04428e+02  9.99877e-01  -4.33154e-05  -5.12576e-05  9.99854e-01  1.00001e+00
4.04532e+02  9.99860e-01  -4.92468e-05  -5.74756e-05  9.99836e-01  1.00001e+00
4.04637e+02  9.99845e-01  -5.46354e-05  -6.30592e-05  9.99819e-01  1.00001e+00
4.04742e+02  9.99831e-01  -5.94228e-05  -6.79476e-05  9.99805e-01  1.00001e+00
4.04847e+02  9.99820e-01  -6.35568e-05  -7.20882e-05  9.99792e-01  1.00001e+00
4.04951e+02  9.99810e-01  -6.69927e-05  -7.54362e-05  9.99782e-01  1.00001e+00
4.05056e+02  9.99802e-01  -6.96932e-05  -7.79556e-05  9.99774e-01  1.00001e+00
4.05161e+02  9.99797e-01  -7.16294e-05  -7.96196e-05  9.99769e-01  1.00001e+00
4.05265e+02  9.99794e-01  -7.27804e-05  -8.04107e-05  9.99766e-01  1.00001e+00
4.05370e+02  9.99793e-01  -7.31342e-05  -8.03210e-05  9.99766e-01  1.00001e+00
4.05475e+02  9.99794e-01  -7.26873e-05  -7.93522e-05  9.99769e-01  1.00001e+00
4.05580e+02  9.99798e-01  -7.14451e-05  -7.75156e-05  9.99774e-01  1.00001e+00
4.05684e+02  9.99803e-01  -6.94216e-05  -7.48319e-05  9.99781e-01  1.00001e+00
4.05789e+02  9.99811e-01  -6.66394e-05  -7.13313e-05  9.99791e-01  1.00000e+00
4.05894e+02  9.99821e-01  -6.31294e-05  -6.70526e-05  9.99803e-01  1.00000e+00
4.05998e+02  9.99833e-01  -5.89302e-05  -6.20433e-05  9.99817e-01  1.00000e+00
4.06103e+02  9.99847e-01  -5.40883e-05  -5.63587e-05  9.99833e-01  1.00000e+00
4.06208e+02  9.99862e-01  -4.86569e-05  -5.00616e-05  9.99851e-01  1.00000e+00
4.06313e+02  9.99879e-01  -4.26959e-05  -4.32214e-05  9.99871e-01  1.00000e+00
4.06417e+02  9.99897e-01  -3.62706e-05  -3.59133e-05  9.99892e-01  1.00000e+00
4.06522e+02  9.99917e-01  -2.94517e-05  -2.82176e-05  9.99914e-01  9.99999e-01
4.06627e+02  9.99937e-01  -2.23140e-05  -2.02190e-05  9.99937e-01  9.99998e-01
4.06732e+02  9.99958e-01  -1.49358e-05  -1.20051e-05  9.99961e-01  9.99997e-01
4.06836e+02  9.99979e-01  -7.39800e-06  -3.66610e-06  9.99985e-01  9.99996e-01
4.06941e+02  1.00000e+00  2.16821e-07  4.70664e-06  1.00001e+00  9.99996e-01
4.07046e+02  1.00002e+00  7.82522e-06  1.30214e-05  1.00003e+00  9.99995e-01
4.07150e+02  1.00004e+00  1.53439e-05  2.11872e-05  1.00006e+00  9.99994e-01
4.07255e+02  1.00006e+00  2.26905e-05  2.91146e-05  1.00008e+00  9.99994e-01
4.07360e+02  1.00008e+00  2.97847e-05  3.67171e-05  1.00010e+00  9.99993e-01
4.07465e+02  1.00010e+00  3.65488e-05  4.39116e-05  1.00012e+00  9.99993e-01
4.07569e+02  1.00012e+00  4.29091e-05  5.06195e-05  1.00014e+00  9.99992e-01
4.07674e+02  1.00014e+00  4.87959e-05  5.67677e-05  1.00016e+00  9.99992e-01
4.07779e+02  1.00015e+00  5.41450e-05  6.22894e-05  1.00018e+00  9.99992e-01
4.07883e+02  1.00017e+00  5.88981e-05  6.71244e-05  1.00019e+00  9.99992e-01
4.07988e+02  1.00018e+00  6.30034e-05  7.12202e-05  1.00021e+00  9.99992e-01
4.08093e+02  1.00019e+00  6.64164e-05  7.45327e-05  1.00022e+00  9.99992e-01
4.08198e+02  1.00020e+00  6.90998e-05  7.70260e-05  1.00022e+00  9.99992e-01
4.08302e+02  1.00020e+00  7.10248e-05  7.86735e-05  1.00023e+00  9.99992e-01
4.08407e+02  1.00020e+00  7.21707e-05  7.94579e-05  1.00023e+00  9.99993e-01
4.08512e+02  1.00021e+00  7.25253e-05  7.93711e-05  1.00023e+00  9.99993e-01
4.08616e+02  1.00020e+00  7.20853e-05  7.84148e-05  1.00023e+00  9.99994e-01
4.08721e+02  1.00020e+00  7.08559e-05  7.66003e-05  1.00022e+00  9.99994e-01
4.08826e+02  1.00020e+00  6.88510e-05  7.39481e-05  1.00022e+00  9.99995e-01
4.08931e+02  1.00019e+00  6.60931e-05  7.04880e-05  1.00021e+00  9.99996e-01
4.09035e+02  1.00018e+00  6.26128e-05  6.62586e-05  1.00020e+00  9.99996e-01
4.09140e+02  1.00017e+00  5.84488e-05  6.13069e-05  1.00018e+00  9.99997e-01
4.09245e+02  1.00015e+00  5.36471e-05  5.56877e-05  1.00017e+00  9.99998e-01
4.09350e+02  1.00014e+00  4.82607e-05  4.94632e-05  1.00015e+00  9.99999e-01
4.09454e+02  1.00012e+00  4.23490e-05  4.27021e-05  1.00013e+00  1.00000e+00
4.09559e+02  1.00010e+00  3.59770e-05  3.54790e-05  1.00011e+00  1.00000e+00
4.09664e+02  1.00008e+00  2.92149e-05  2.78734e-05  1.00008e+00  1.00000e+00
4.09768e+02  1.00006e+00  2.21369e-05  1.99689e-05  1.00006e+00  1.00000e+00
4.09873e+02  1.00004e+00  1.48209e-05  1.18523e-05  1.00004e+00  1.00000e+00
4.09978e+02  1.00002e+00  7.34697e-06  3.61287e-06  1.00001e+00  1.00000e+00
4.10083e+02  9.99999e-01  -2.02832e-07  -4.65920e-06  9.99990e-01  1.00000e+00
4.10187e+02  9.99978e-01  -7.74583e-06  -1.28733e-05  9.99967e-01  1.00001e+00
4.10292e+02  9.99957e-01  -1.51994e-05  -2.09394e-05  9.99943e-01  1.00001e+00
4.10397e+02  9.99936e-01  -2.24821e-05  -2.87696e-05  9.99920e-01  1.00001e+00
4.10501e+02  9.99916e-01  -2.95143e-05  -3.62781e-05  9.99898e-01  1.00001e+00
4.10606e+02  9.99897e-01  -3.62192e-05  -4.33832e-05  9.99877e-01  1.00001e+00
4.10711e+02  9.99879e-01  -4.25236e-05  -5.00073e-05  9.99857e-01  1.00001e+00
4.10816e+02  9.99863e-01  -4.83587e-05  -5.60785e-05  9.99839e-01  1.00001e+00
4.10920e+02  9.99848e-01  -5.36610e-05  -6.15307e-05  9.99823e-01  1.00001e+00
4.11025e+02  9.99834e-01  -5.83729e-05  -6.63049e-05  9.99809e-01  1.00001e+00
4.11130e+02  9.99823e-01  -6.24431e-05  -7.03492e-05  9.99797e-01  1.00001e+00
4.11234e+02  9.99813e-01  -6.58275e-05  -7.36202e-05  9.99787e-01  1.00001e+00
4.11339e+02  9.99806e-01  -6.84894e-05  -7.60827e-05  9.99779e-01  1.00001e+00
4.11444e+02  9.99800e-01  -7.04001e-05  -7.77103e-05  9.99774e-01  1.00001e+00
4.11549e+02  9.99797e-01  -7.15393e-05  -7.84861e-05  9.99771e-01  1.00001e+00
4.11653e+02  9.99796e-01  -7.18948e-05  -7.84020e-05  9.99771e-01  1.00001e+00
4.11758e+02  9.99798e-01  -7.14632e-05  -7.74598e-05  9.99774e-01  1.00001e+00
4.11863e+02  9.99801e-01  -7.02496e-05  -7.56705e-05  9.99778e-01  1.00001e+00
4.11968e+02  9.99807e-01  -6.82677e-05  -7.30543e-05  9.99786e-01  1.00000e+00
4.12072e+02  9.99814e-01  -6.55397e-05  -6.96404e-05  9.99795e-01  1.00000e+00
4.12177e+02  9.99824e-01  -6.20958e-05  -6.54668e-05  9.99807e-01  1.00000e+00
4.12282e+02  9.99836e-01  -5.79739e-05  -6.05797e-05  9.99821e-01  1.00000e+00
4.12386e+02  9.99849e-01  -5.32196e-05  -5.50332e-05  9.99837e-01  1.00000e+00
4.12491e+02  9.99864e-01  -4.78851e-05  -4.88885e-05  9.99854e-01  1.00000e+00
4.12596e+02  9.99881e-01  -4.20292e-05  -4.22132e-05  9.99874e-01  1.00000e+00
4.12701e+02  9.99899e-01  -3.57162e-05  -3.50808e-05  9.99894e-01  9.99999e-01
4.12805e+02  9.99918e-01  -2.90154e-05  -2.75697e-05  9.99916e-01  9.99999e-01
4.12910e+02  9.99938e-01  -2.20004e-05  -1.97623e-05  9.99938e-01  9.99998e-01
4.13015e+02  9.99958e-01  -1.47480e-05  -1.17444e-05  9.99962e-01  9.99997e-01
4.13119e+02  9.99979e-01  -7.33786e-06  -3.60393e-06  9.99985e-01  9.99996e-01
4.13224e+02  1.00000e+00  1.48900e-07  4.56994e-06  1.00001e+00  9.99996e-01
4.13329e+02  1.00002e+00  7.63023e-06  1.26877e-05  1.00003e+00  9.99995e-01
4.13434e+02  1.00004e+00  1.50242e-05  2.06604e-05  1.00006e+00  9.99994e-01
4.13538e+02  1.00006e+00  2.22499e-05  2.84008e-05  1.00008e+00  9.99994e-01
4.13643e+02  1.00008e+00  2.92282e-05  3.58244e-05  1.00010e+00  9.99993e-01
4.13748e+02  1.00010e+00  3.58828e-05  4.28501e-05  1.00012e+00  9.99993e-01
4.13852e+02  1.00012e+00  4.21410e-05  4.94011e-05  1.00014e+00  9.99993e-01
4.13957e+02  1.00014e+00  4.79344e-05  5.54061e-05  1.00016e+00  9.99993e-01
4.14062e+02  1.00015e+00  5.31997e-05  6.07996e-05  1.00017e+00  9.99992e-01
4.14167e+02  1.00016e+00  5.78796e-05  6.55229e-05  1.00019e+00  9.99992e-01
4.14271e+02  1.00018e+00  6.19229e-05  6.95249e-05  1.00020e+00  9.99992e-01
4.14376e+02  1.00019e+00  6.52859e-05  7.27622e-05  1.00021e+00  9.99993e-01
4.14481e+02  1.00019e+00  6.79318e-05  7.52000e-05  1.00022e+00  9.99993e-01
4.14586e+02  1.00020e+00  6.98322e-05  7.68120e-05  1.00022e+00  9.99993e-01
4.14690e+02  1.00020e+00  7.09666e-05  7.75812e-05  1.00023e+00  9.99993e-01
4.14795e+02  1.00020e+00  7.13230e-05  7.74999e-05  1.00023e+00  9.99994e-01
4.14900e+02  1.00020e+00  7.08979e-05  7.65697e-05  1.00022e+00  9.99994e-01
4.15004e+02  1.00020e+00  6.96964e-05  7.48014e-05  1.00022e+00  9.99995e-01
4.15109e+02  1.00019e+00  6.77321e-05  7.22151e-05  1.00021e+00  9.99996e-01
4.15214e+02  1.00018e+00  6.50269e-05  6.88397e-05  1.00020e+00  9.99996e-01
4.15319e+02  1.00017e+00  6.16110e-05  6.47129e-05  1.00019e+00  9.99997e-01
4.15423e+02  1.00016e+00  5.75222e-05  5.98805e-05  1.00018e+00  9.99998e-01
4.15528e+02  1.00015e+00  5.28057e-05  5.43961e-05  1.00016e+00  9.99998e-01
4.15633e+02  1.00013e+00  4.75135e-05  4.83203e-05  1.00014e+00  9.99999e-01
4.15737e+02  1.00012e+00  4.17040e-05  4.17202e-05  1.00013e+00  1.00000e+00
4.15842e+02  1.00010e+00  3.54411e-05  3.46686e-05  1.00010e+00  1.00000e+00
4.15947e+02  1.00008e+00  2.87936e-05  2.72429e-05  1.00008e+00  1.00000e+00
4.16052e+02  1.00006e+00  2.18348e-05  1.95250e-05  1.00006e+00  1.00000e+00
4.16156e+02  1.00004e+00  1.46408e-05  1.15997e-05  1.00004e+00  1.00000e+00
4.16261e+02  1.00002e+00  7.29075e-06  3.55374e-06  1.00001e+00  1.00000e+00
4.16366e+02  9.99999e-01  -1.34888e-07  -4.52448e-06  9.99991e-01  1.00000e+00
4.16470e+02  9.99978e-01  -7.55474e-06  -1.25465e-05  9.99967e-01  1.00000e+00
4.16575e+02  9.99958e-01  -1.48876e-05  -2.04246e-05  9.99944e-01  1.00001e+00
4.16680e+02  9.99937e-01  -2.20532e-05  -2.80726e-05  9.99922e-01  1.00001e+00
4.16785e+02  9.99918e-01  -2.89733e-05  -3.54070e-05  9.99900e-01  1.00001e+00
4.16889e+02  9.99899e-01  -3.55722e-05  -4.23477e-05  9.99880e-01  1.00001e+00
4.16994e+02  9.99882e-01  -4.17779e-05  -4.88192e-05  9.99861e-01  1.00001e+00
4.17099e+02  9.99865e-01  -4.75228e-05  -5.47510e-05  9.99843e-01  1.00001e+00
4.17204e+02  9.99850e-01  -5.27442e-05  -6.00786e-05  9.99827e-01  1.00001e+00
4.17308e+02  9.99837e-01  -5.73854e-05  -6.47442e-05  9.99813e-01  1.00001e+00
4.17413e+02  9.99826e-01  -6.13959e-05  -6.86974e-05  9.99801e-01  1.00001e+00
4.17518e+02  9.99817e-01  -6.47321e-05  -7.18954e-05  9.99791e-01  1.00001e+00
4.17622e+02  9.99809e-01  -6.73580e-05  -7.43039e-05  9.99784e-01  1.00001e+00
4.17727e+02  9.99804e-01  -6.92452e-05  -7.58971e-05  9.99779e-01  1.00001e+00
4.17832e+02  9.99801e-01  -7.03734e-05  -7.66583e-05  9.99776e-01  1.00001e+00
4.17937e+02  9.99800e-01  -7.07308e-05  -7.65797e-05  9.99776e-01  1.00001e+00
4.18041e+02  9.99801e-01  -7.03138e-05  -7.56630e-05  9.99778e-01  1.00001e+00
4.18146e+02  9.99804e-01  -6.91274e-05  -7.39186e-05  9.99783e-01  1.00000e+00
4.18251e+02  9.99810e-01  -6.71849e-05  -7.13665e-05  9.99790e-01  1.00000e+00
4.18355e+02  9.99817e-01  -6.45080e-05  -6.80351e-05  9.99799e-01  1.00000e+00
4.18460e+02  9.99827e-01  -6.11263e-05  -6.39613e-05  9.99811e-01  1.00000e+00
4.18565e+02  9.99838e-01  -5.70772e-05  -5.91905e-05  9.99825e-01  1.00000e+00
4.18670e+02  9.99852e-01  -5.24053e-05  -5.37752e-05  9.99840e-01  1.00000e+00
4.18774e+02  9.99866e-01  -4.71621e-05  -4.77751e-05  9.99857e-01  1.00000e+00
4.18879e+02  9.99883e-01  -4.14051e-05  -4.12565e-05  9.99876e-01  1.00000e+00
4.18984e+02  9.99900e-01  -3.51976e-05  -3.42909e-05  9.99896e-01  9.99999e-01
4.19088e+02  9.99919e-01  -2.86078e-05  -2.69550e-05  9.99917e-01  9.99998e-01
4.19193e+02  9.99939e-01  -2.17079e-05  -1.93294e-05  9.99940e-01  9.99998e-01
4.19298e+02  9.99959e-01  -1.45738e-05  -1.14976e-05  9.99962e-01  9.99997e-01
4.19403e+02  9.99979e-01  -7.28347e-06  -3.54559e-06  9.99986e-01  9.99996e-01
4.19507e+02  1.00000e+00  8.30638e-08  4.43945e-06  1.00001e+00  9.99996e-01
4.19612e+02  1.00002e+00  7.44512e-06  1.23701e-05  1.00003e+00  9.99995e-01
4.19717e+02  1.00004e+00  1.47221e-05  2.01594e-05  1.00006e+00  9.99995e-01
4.19821e+02  1.00006e+00  2.18343e-05  2.77224e-05  1.00008e+00  9.99994e-01
4.19926e+02  1.00008e+00  2.87039e-05  3.49761e-05  1.00010e+00  9.99994e-01
4.20031e+02  1.00010e+00  3.52558e-05  4.18415e-05  1.00012e+00  9.99993e-01
4.20136e+02  1.00012e+00  4.14183e-05  4.82436e-05  1.00014e+00  9.99993e-01
4.20240e+02  1.00013e+00  4.71241e-05  5.41125e-05  1.00016e+00  9.99993e-01
4.20345e+02  1.00015e+00  5.23109e-05  5.93843e-05  1.00017e+00  9.99993e-01
4.20450e+02  1.00016e+00  5.69222e-05  6.40017e-05  1.00018e+00  9.99993e-01
4.20555e+02  1.00017e+00  6.09075e-05  6.79146e-05  1.00020e+00  9.99993e-01
4.20659e+02  1.00018e+00  6.42237e-05  7.10806e-05  1.00021e+00  9.99993e-01
4.20764e+02  1.00019e+00  6.68347e-05  7.34655e-05  1.00021e+00  9.99993e-01
4.20869e+02  1.00019e+00  6.87122e-05  7.50438e-05  1.00022e+00  9.99994e-01
4.20973e+02  1.00020e+00  6.98361e-05  7.57988e-05  1.00022e+00  9.99994e-01
4.21078e+02  1.00020e+00  7.01943e-05  7.57229e-05  1.00022e+00  9.99994e-01
4.21183e+02  1.00020e+00  6.97834e-05  7.48174e-05  1.00022e+00  9.99995e-01
4.21288e+02  1.00019e+00  6.86084e-05  7.30930e-05  1.00021e+00  9.99996e-01
4.21392e+02  1.00019e+00  6.66824e-05  7.05693e-05  1.00021e+00  9.99996e-01
4.21497e+02  1.00018e+00  6.40270e-05  6.72744e-05  1.00020e+00  9.99997e-01
4.21602e+02  1.00017e+00  6.06718e-05  6.32452e-05  1.00019e+00  9.99997e-01
4.21706e+02  1.00016e+00  5.66538e-05  5.85263e-05  1.00017e+00  9.99998e-01
4.21811e+02  1.00015e+00  5.20174e-05  5.31700e-05  1.00016e+00  9.99999e-01
4.21916e+02  1.00013e+00  4.68139e-05  4.72356e-05  1.00014e+00  1.00000e+00
4.22021e+02  1.00012e+00  4.11006e-05  4.07885e-05  1.00012e+00  1.00000e+00
4.22125e+02  1.00010e+00  3.49402e-05  3.38997e-05  1.00010e+00  1.00000e+00
4.22230e+02  1.00008e+00  2.84006e-05  2.66452e-05  1.00008e+00  1.00000e+00
4.22335e+02  1.00006e+00  2.15536e-05  1.91046e-05  1.00006e+00  1.00000e+00
4.22439e+02  1.00004e+00  1.44744e-05  1.13608e-05  1.00004e+00  1.00000e+00
4.22544e+02  1.00002e+00  7.24061e-06  3.49872e-06  1.00001e+00  1.00000e+00
4.22649e+02  1.00000e+00  -6.84716e-08  -4.39539e-06  9.99991e-01  1.00000e+00
4.22754e+02  9.99979e-01  -7.37278e-06  -1.22351e-05  9.99968e-01  1.00000e+00
4.22858e+02  9.99959e-01  -1.45923e-05  -1.99346e-05  9.99946e-01  1.00001e+00
4.22963e+02  9.99939e-01  -2.16482e-05  -2.74097e-05  9.99924e-01  1.00001e+00
4.23068e+02  9.99919e-01  -2.84632e-05  -3.45788e-05  9.99902e-01  1.00001e+00
4.23173e+02  9.99901e-01  -3.49629e-05  -4.13636e-05  9.99882e-01  1.00001e+00
4.23277e+02  9.99884e-01  -4.10764e-05  -4.76903e-05  9.99864e-01  1.00001e+00
4.23382e+02  9.99868e-01  -4.67369e-05  -5.34898e-05  9.99846e-01  1.00001e+00
4.23487e+02  9.99853e-01  -5.18827e-05  -5.86993e-05  9.99831e-01  1.00001e+00
4.23591e+02  9.99840e-01  -5.64580e-05  -6.32621e-05  9.99817e-01  1.00001e+00
4.23696e+02  9.99829e-01  -6.04128e-05  -6.71289e-05  9.99805e-01  1.00001e+00
4.23801e+02  9.99819e-01  -6.37043e-05  -7.02578e-05  9.99796e-01  1.00001e+00
4.23906e+02  9.99812e-01  -6.62967e-05  -7.26152e-05  9.99788e-01  1.00001e+00
4.24010e+02  9.99807e-01  -6.81622e-05  -7.41759e-05  9.99783e-01  1.00001e+00
4.24115e+02  9.99804e-01  -6.92806e-05  -7.49235e-05  9.99781e-01  1.00001e+00
4.24220e+02  9.99803e-01  -6.96401e-05  -7.48502e-05  9.99781e-01  1.00001e+00
4.24324e+02  9.99804e-01  -6.92371e-05  -7.39577e-05  9.99783e-01  1.00000e+00
4.24429e+02  9.99807e-01  -6.80764e-05  -7.22562e-05  9.99787e-01  1.00000e+00
4.24534e+02  9.99813e-01  -6.61710e-05  -6.97650e-05  9.99794e-01  1.00000e+00
4.24639e+02  9.99820e-01  -6.35423e-05  -6.65118e-05  9.99803e-01  1.00000e+00
4.24743e+02  9.99829e-01  -6.02191e-05  -6.25328e-05  9.99815e-01  1.00000e+00
4.24848e+02  9.99841e-01  -5.62384e-05  -5.78722e-05  9.99828e-01  1.00000e+00
4.24953e+02  9.99854e-01  -5.16438e-05  -5.25813e-05  9.99843e-01  1.00000e+00
4.25057e+02  9.99868e-01  -4.64860e-05  -4.67185e-05  9.99860e-01  1.00000e+00
4.25162e+02  9.99884e-01  -4.08217e-05  -4.03485e-05  9.99878e-01  1.00000e+00
4.25267e+02  9.99902e-01  -3.47130e-05  -3.35411e-05  9.99898e-01  9.99999e-01
4.25372e+02  9.99920e-01  -2.82272e-05  -2.63714e-05  9.99919e-01  9.99998e-01
4.25476e+02  9.99939e-01  -2.14352e-05  -1.89180e-05  9.99941e-01  9.99997e-01
4.25581e+02  9.99959e-01  -1.44117e-05  -1.12628e-05  9.99963e-01  9.99997e-01
4.25686e+02  9.99980e-01  -7.23363e-06  -3.48965e-06  9.99986e-01  9.99996e-01
4.25791e+02  1.00000e+00  2.03409e-08  4.31620e-06  1.00001e+00  9.99996e-01
4.25895e+02  1.00002e+00  7.27072e-06  1.20692e-05  1.00003e+00  9.99995e-01
4.26000e+02  1.00004e+00  1.44381e-05  1.96846e-05  1.00005e+00  9.99995e-01
4.26105e+02  1.00006e+00  2.14440e-05  2.70789e-05  1.00008e+00  9.99994e-01
4.26209e+02  1.00008e+00  2.82118e-05  3.41714e-05  1.00010e+00  9.99994e-01
4.26314e+02  1.00010e+00  3.46674e-05  4.08845e-05  1.00012e+00  9.99994e-01
4.26419e+02  1.00012e+00  4.07403e-05  4.71450e-05  1.00014e+00  9.99994e-01
4.26524e+02  1.00013e+00  4.63640e-05  5.28845e-05  1.00015e+00  9.99993e-01
4.26628e+02  1.00015e+00  5.14772e-05  5.80406e-05  1.00017e+00  9.99993e-01
4.26733e+02  1.00016e+00  5.60241e-05  6.25572e-05  1.00018e+00  9.99993e-01
4.26838e+02  1.00017e+00  5.99551e-05  6.63853e-05  1.00019e+00  9.99994e-01
4.26942e+02  1.00018e+00  6.32275e-05  6.94833e-05  1.00020e+00  9.99994e-01
4.27047e+02  1.00019e+00  6.58057e-05  7.18179e-05  1.00021e+00  9.99994e-01
4.27152e+02  1.00019e+00  6.76617e-05  7.33640e-05  1.00021e+00  9.99994e-01
4.27257e+02  1.00019e+00  6.87757e-05  7.41053e-05  1.00022e+00  9.99995e-01
4.27361e+02  1.00020e+00  6.91358e-05  7.40343e-05  1.00022e+00  9.99995e-01
4.27466e+02  1.00019e+00  6.87384e-05  7.31524e-05  1.00022e+00  9.99996e-01
4.27571e+02  1.00019e+00  6.75883e-05  7.14698e-05  1.00021e+00  9.99996e-01
4.27675e+02  1.00019e+00  6.56984e-05  6.90055e-05  1.00020e+00  9.99997e-01
4.27780e+02  1.00018e+00  6.30900e-05  6.57873e-05  1.00019e+00  9.99997e-01
4.27885e+02  1.00017e+00  5.97919e-05  6.18510e-05  1.00018e+00  9.99998e-01
4.27990e+02  1.00016e+00  5.58406e-05  5.72401e-05  1.00017e+00  9.99999e-01
4.28094e+02  1.00015e+00  5.12799e-05  5.20059e-05  1.00016e+00  9.99999e-01
4.28199e+02  1.00013e+00  4.61600e-05  4.62062e-05  1.00014e+00  1.00000e+00
4.28304e+02  1.00011e+00  4.05373e-05  3.99049e-05  1.00012e+00  1.00000e+00
4.28409e+02  1.00010e+00  3.44736e-05  3.31714e-05  1.00010e+00  1.00000e+00
4.28513e+02  1.00008e+00  2.80357e-05  2.60800e-05  1.00008e+00  1.00000e+00
4.28618e+02  1.00006e+00  2.12943e-05  1.87084e-05  1.00006e+00  1.00000e+00
4.28723e+02  1.00004e+00  1.43233e-05  1.11377e-05  1.00004e+00  1.00000e+00
4.28827e+02  1.00002e+00  7.19915e-06  3.45103e-06  1.00001e+00  1.00000e+00
4.28932e+02  1.00000e+00  3.64226e-11  -4.26746e-06  9.99991e-01  1.00000e+00
