# k S000 S110 S112 S10 S11
1.04720e-01  2.13504e-01  7.84220e-01  -7.91958e-01  2.00304e-01  2.57618e+00
2.09440e-01  2.13955e-01  7.75421e-01  -7.87392e-01  2.00636e-01  2.56281e+00
3.14159e-01  2.14708e-01  7.61013e-01  -7.79911e-01  2.01191e-01  2.54092e+00
4.18879e-01  2.15768e-01  7.41364e-01  -7.69696e-01  2.01972e-01  2.51106e+00
5.23599e-01  2.17140e-01  7.16960e-01  -7.56988e-01  2.02984e-01  2.47395e+00
6.28319e-01  2.18831e-01  6.88371e-01  -7.42070e-01  2.04231e-01  2.43044e+00
7.33038e-01  2.20849e-01  6.56226e-01  -7.25253e-01  2.05720e-01  2.38148e+00
8.37758e-01  2.23204e-01  6.21183e-01  -7.06862e-01  2.07459e-01  2.32804e+00
9.42478e-01  2.25909e-01  5.83897e-01  -6.87219e-01  2.09458e-01  2.27112e+00
1.04720e+00  2.28978e-01  5.45001e-01  -6.66637e-01  2.11727e-01  2.21164e+00
1.15192e+00  2.32425e-01  5.05088e-01  -6.45405e-01  2.14277e-01  2.15049e+00
1.25664e+00  2.36270e-01  4.64693e-01  -6.23785e-01  2.17123e-01  2.08848e+00
1.36136e+00  2.40531e-01  4.24293e-01  -6.02007e-01  2.20279e-01  2.02630e+00
1.46608e+00  2.45231e-01  3.84296e-01  -5.80266e-01  2.23764e-01  1.96456e+00
1.57080e+00  2.50395e-01  3.45047e-01  -5.58727e-01  2.27594e-01  1.90377e+00
1.67552e+00  2.56050e-01  3.06829e-01  -5.37519e-01  2.31791e-01  1.84435e+00
1.78024e+00  2.62227e-01  2.69867e-01  -5.16744e-01  2.36379e-01  1.78661e+00
1.88496e+00  2.68957e-01  2.34336e-01  -4.96477e-01  2.41381e-01  1.73081e+00
1.98968e+00  2.76277e-01  2.00365e-01  -4.76769e-01  2.46826e-01  1.67713e+00
2.09440e+00  2.84228e-01  1.68048e-01  -4.57651e-01  2.52745e-01  1.62570e+00
2.19911e+00  2.92851e-01  1.37444e-01  -4.39136e-01  2.59172e-01  1.57658e+00
2.30383e+00  3.02193e-01  1.08587e-01  -4.21223e-01  2.66142e-01  1.52981e+00
2.40855e+00  3.12306e-01  8.14936e-02  -4.03899e-01  2.73696e-01  1.48539e+00
2.51327e+00  3.23244e-01  5.61610e-02  -3.87140e-01  2.81880e-01  1.44330e+00
2.61799e+00  3.35066e-01  3.25763e-02  -3.70917e-01  2.90742e-01  1.40349e+00
2.72271e+00  3.47835e-01  1.07182e-02  -3.55191e-01  3.00336e-01  1.36591e+00
2.82743e+00  3.61620e-01  -9.43988e-03  -3.39920e-01  3.10720e-01  1.33048e+00
2.93215e+00  3.76491e-01  -2.79276e-02  -3.25057e-01  3.21958e-01  1.29713e+00
3.03687e+00  3.92523e-01  -4.47754e-02  -3.10551e-01  3.34122e-01  1.26578e+00
3.14159e+00  4.09797e-01  -6.00129e-02  -2.96350e-01  3.47288e-01  1.23634e+00
3.24631e+00  4.28393e-01  -7.36680e-02  -2.82396e-01  3.61539e-01  1.20873e+00
3.35103e+00  4.48394e-01  -8.57651e-02  -2.68634e-01  3.76968e-01  1.18287e+00
3.45575e+00  4.69884e-01  -9.63252e-02  -2.55002e-01  3.93671e-01  1.15868e+00
3.56047e+00  4.92943e-01  -1.05364e-01  -2.41441e-01  4.11754e-01  1.13608e+00
3.66519e+00  5.17648e-01  -1.12895e-01  -2.27887e-01  4.31331e-01  1.11499e+00
3.76991e+00  5.44068e-01  -1.18923e-01  -2.14278e-01  4.52522e-01  1.09536e+00
3.87463e+00  5.72260e-01  -1.23451e-01  -2.00549e-01  4.75451e-01  1.07710e+00
3.97935e+00  6.02264e-01  -1.26477e-01  -1.86638e-01  5.00248e-01  1.06016e+00
4.08407e+00  6.34098e-01  -1.27996e-01  -1.72481e-01  5.27043e-01  1.04449e+00
4.18879e+00  6.67748e-01  -1.28000e-01  -1.58017e-01  5.55965e-01  1.03002e+00
4.29351e+00  7.03164e-01  -1.26482e-01  -1.43191e-01  5.87135e-01  1.01671e+00
4.39823e+00  7.40251e-01  -1.23437e-01  -1.27952e-01  6.20659e-01  1.00452e+00
4.50295e+00  7.78856e-01  -1.18863e-01  -1.12258e-01  6.56621e-01  9.93394e-01
4.60767e+00  8.18765e-01  -1.12771e-01  -9.60796e-02  6.95070e-01  9.83308e-01
4.71239e+00  8.59694e-01  -1.05183e-01  -7.94065e-02  7.36004e-01  9.74223e-01
4.81711e+00  9.01281e-01  -9.61426e-02  -6.22496e-02  7.79358e-01  9.66107e-01
4.92183e+00  9.43091e-01  -8.57187e-02  -4.46486e-02  8.24984e-01  9.58930e-01
5.02655e+00  9.84613e-01  -7.40142e-02  -2.66786e-02  8.72629e-01  9.52664e-01
5.13127e+00  1.02527e+00  -6.11723e-02  -8.45613e-03  9.21915e-01  9.47284e-01
5.23599e+00  1.06445e+00  -4.73818e-02  9.85558e-03  9.72329e-01  9.42763e-01
5.34071e+00  1.10149e+00  -3.28815e-02  2.80435e-02  1.02321e+00  9.39075e-01
5.44543e+00  1.13576e+00  -1.79601e-02  4.58449e-02  1.07373e+00  9.36195e-01
5.55015e+00  1.16664e+00  -2.95183e-03  6.29528e-02  1.12295e+00  9.34095e-01
5.65487e+00  1.19359e+00  1.17738e-02  7.90263e-02  1.16983e+00  9.32748e-01
5.75959e+00  1.21617e+00  2.58289e-02  9.37081e-02  1.21325e+00  9.32121e-01
5.86431e+00  1.23407e+00  3.88287e-02  1.06647e-01  1.25212e+00  9.32182e-01
5.96903e+00  1.24711e+00  5.04177e-02  1.17522e-01  1.28546e+00  9.32896e-01
6.07375e+00  1.25529e+00  6.02953e-02  1.26073e-01  1.31244e+00  9.34223e-01
6.17847e+00  1.25872e+00  6.82386e-02  1.32117e-01  1.33247e+00  9.36122e-01
6.28319e+00  1.25767e+00  7.41180e-02  1.35569e-01  1.34526e+00  9.38549e-01
6.38791e+00  1.25250e+00  7.79040e-02  1.36448e-01  1.35080e+00  9.41456e-01
6.49262e+00  1.24367e+00  7.96624e-02  1.34868e-01  1.34940e+00  9.44795e-01
6.59734e+00  1.23169e+00  7.95425e-02  1.31029e-01  1.34160e+00  9.48513e-01
6.70206e+00  1.21707e+00  7.77565e-02  1.25199e-01  1.32815e+00  9.52558e-01
6.80678e+00  1.20037e+00  7.45582e-02  1.17683e-01  1.30992e+00  9.56875e-01
6.91150e+00  1.18208e+00  7.02196e-02  1.08810e-01  1.28784e+00  9.61409e-01
7.01622e+00  1.16269e+00  6.50121e-02  9.89050e-02  1.26282e+00  9.66107e-01
7.12094e+00  1.14263e+00  5.91906e-02  8.82772e-02  1.23575e+00  9.70913e-01
7.22566e+00  1.12229e+00  5.29837e-02  7.72082e-02  1.20740e+00  9.75776e-01
7.33038e+00  1.10200e+00  4.65873e-02  6.59453e-02  1.17848e+00  9.80642e-01
7.43510e+00  1.08203e+00  4.01629e-02  5.46992e-02  1.14956e+00  9.85464e-01
7.53982e+00  1.06262e+00  3.38381e-02  4.36443e-02  1.12113e+00  9.90194e-01
7.64454e+00  1.04395e+00  2.77101e-02  3.29213e-02  1.09355e+00  9.94789e-01
7.74926e+00  1.02618e+00  2.18487e-02  2.26403e-02  1.06713e+00  9.99208e-01
7.85398e+00  1.00942e+00  1.63012e-02  1.28854e-02  1.04207e+00  1.00342e+00
7.95870e+00  9.93751e-01  1.10965e-02  3.71817e-03  1.01853e+00  1.00738e+00
8.06342e+00  9.79239e-01  6.24908e-03  -4.81795e-03  9.96613e-01  1.01107e+00
8.16814e+00  9.65922e-01  1.76287e-03  -1.26945e-02  9.76374e-01  1.01446e+00
8.27286e+00  9.53824e-01  -2.36601e-03  -1.98950e-02  9.57844e-01  1.01753e+00
8.37758e+00  9.42957e-01  -6.14650e-03  -2.64121e-02  9.41029e-01  1.02027e+00
8.48230e+00  9.33318e-01  -9.59061e-03  -3.22459e-02  9.25918e-01  1.02266e+00
8.58702e+00  9.24901e-01  -1.27118e-02  -3.74019e-02  9.12484e-01  1.02469e+00
8.69174e+00  9.17688e-01  -1.55239e-02  -4.18899e-02  9.00696e-01  1.02637e+00
8.79646e+00  9.11660e-01  -1.80397e-02  -4.57228e-02  8.90515e-01  1.02768e+00
8.90118e+00  9.06791e-01  -2.02712e-02  -4.89157e-02  8.81897e-01  1.02864e+00
9.00590e+00  9.03053e-01  -2.22283e-02  -5.14857e-02  8.74800e-01  1.02926e+00
9.11062e+00  9.00415e-01  -2.39194e-02  -5.34508e-02  8.69179e-01  1.02953e+00
9.21534e+00  8.98842e-01  -2.53506e-02  -5.48301e-02  8.64989e-01  1.02948e+00
9.32006e+00  8.98298e-01  -2.65266e-02  -5.56436e-02  8.62186e-01  1.02912e+00
9.42478e+00  8.98745e-01  -2.74499e-02  -5.59115e-02  8.60727e-01  1.02846e+00
9.52950e+00  9.00143e-01  -2.81219e-02  -5.56550e-02  8.60568e-01  1.02753e+00
9.63422e+00  9.02446e-01  -2.85429e-02  -5.48958e-02  8.61666e-01  1.02635e+00
9.73894e+00  9.05610e-01  -2.87124e-02  -5.36561e-02  8.63975e-01  1.02494e+00
9.84366e+00  9.09585e-01  -2.86295e-02  -5.19591e-02  8.67452e-01  1.02333e+00
9.94838e+00  9.14317e-01  -2.82935e-02  -4.98291e-02  8.72048e-01  1.02154e+00
1.00531e+01  9.19751e-01  -2.77043e-02  -4.72914e-02  8.77713e-01  1.01959e+00
1.01578e+01  9.25825e-01  -2.68629e-02  -4.43730e-02  8.84391e-01  1.01751e+00
1.02625e+01  9.32476e-01  -2.57718e-02  -4.11023e-02  8.92024e-01  1.01533e+00
1.03673e+01  9.39633e-01  -2.44357e-02  -3.75100e-02  9.00544e-01  1.01307e+00
1.04720e+01  9.47225e-01  -2.28617e-02  -3.36287e-02  9.09881e-01  1.01077e+00
1.05767e+01  9.55172e-01  -2.10599e-02  -2.94937e-02  9.19953e-01  1.00843e+00
1.06814e+01  9.63392e-01  -1.90439e-02  -2.51429e-02  9.30670e-01  1.00610e+00
1.07861e+01  9.71801e-01  -1.68307e-02  -2.06167e-02  9.41936e-01  1.00379e+00
1.08909e+01  9.80309e-01  -1.44414e-02  -1.59586e-02  9.53641e-01  1.00152e+00
1.09956e+01  9.88826e-01  -1.19008e-02  -1.12146e-02  9.65670e-01  9.99314e-01
1.11003e+01  9.97259e-01  -9.23781e-03  -6.43355e-03  9.77895e-01  9.97196e-01
1.12050e+01  1.00552e+00  -6.48488e-03  -1.66614e-03  9.90183e-01  9.95181e-01
1.13097e+01  1.01350e+00  -3.67777e-03  3.03504e-03  1.00239e+00  9.93287e-01
1.14145e+01  1.02113e+00  -8.54959e-04  7.61644e-03  1.01438e+00  9.91529e-01
1.15192e+01  1.02832e+00  1.94312e-03  1.20243e-02  1.02599e+00  9.89919e-01
1.16239e+01  1.03499e+00  4.67499e-03  1.62057e-02  1.03709e+00  9.88469e-01
1.17286e+01  1.04106e+00  7.29918e-03  2.01095e-02  1.04752e+00  9.87190e-01
1.18333e+01  1.04648e+00  9.77535e-03  2.36877e-02  1.05715e+00  9.86088e-01
1.19381e+01  1.05119e+00  1.20654e-02  2.68966e-02  1.06586e+00  9.85169e-01
1.20428e+01  1.05514e+00  1.41349e-02  2.96978e-02  1.07353e+00  9.84437e-01
1.21475e+01  1.05830e+00  1.59536e-02  3.20594e-02  1.08007e+00  9.83894e-01
1.22522e+01  1.06066e+00  1.74970e-02  3.39570e-02  1.08541e+00  9.83540e-01
1.23569e+01  1.06221e+00  1.87465e-02  3.53740e-02  1.08949e+00  9.83373e-01
1.24617e+01  1.06295e+00  1.96901e-02  3.63022e-02  1.09229e+00  9.83388e-01
1.25664e+01  1.06291e+00  2.03229e-02  3.67420e-02  1.09381e+00  9.83581e-01
1.26711e+01  1.06210e+00  2.06462e-02  3.67022e-02  1.09405e+00  9.83944e-01
1.27758e+01  1.06057e+00  2.06680e-02  3.61994e-02  1.09307e+00  9.84469e-01
1.28805e+01  1.05837e+00  2.04019e-02  3.52574e-02  1.09092e+00  9.85145e-01
1.29852e+01  1.05555e+00  1.98667e-02  3.39062e-02  1.08768e+00  9.85961e-01
1.30900e+01  1.05217e+00  1.90851e-02  3.21812e-02  1.08345e+00  9.86904e-01
1.31947e+01  1.04829e+00  1.80830e-02  3.01219e-02  1.07833e+00  9.87961e-01
1.32994e+01  1.04400e+00  1.68886e-02  2.77707e-02  1.07243e+00  9.89118e-01
1.34041e+01  1.03935e+00  1.55312e-02  2.51722e-02  1.06588e+00  9.90359e-01
1.35088e+01  1.03442e+00  1.40406e-02  2.23715e-02  1.05878e+00  9.91669e-01
1.36136e+01  1.02928e+00  1.24461e-02  1.94139e-02  1.05127e+00  9.93032e-01
1.37183e+01  1.02401e+00  1.07761e-02  1.63437e-02  1.04346e+00  9.94432e-01
1.38230e+01  1.01865e+00  9.05741e-03  1.32036e-02  1.03546e+00  9.95854e-01
1.39277e+01  1.01329e+00  7.31484e-03  1.00343e-02  1.02738e+00  9.97281e-01
1.40324e+01  1.00798e+00  5.57116e-03  6.87403e-03  1.01932e+00  9.98697e-01
1.41372e+01  1.00277e+00  3.84682e-03  3.75808e-03  1.01136e+00  1.00009e+00
1.42419e+01  9.97726e-01  2.15996e-03  7.18850e-04  1.00360e+00  1.00144e+00
1.43466e+01  9.92882e-01  5.26402e-04  -2.21435e-03  9.96098e-01  1.00274e+00
1.44513e+01  9.88285e-01  -1.04018e-03  -5.01531e-03  9.88929e-01  1.00398e+00
1.45560e+01  9.83971e-01  -2.52817e-03  -7.66088e-03  9.82150e-01  1.00513e+00
1.46608e+01  9.79973e-01  -3.92780e-03  -1.01309e-02  9.75810e-01  1.00620e+00
1.47655e+01  9.76320e-01  -5.23099e-03  -1.24081e-02  9.69953e-01  1.00718e+00
1.48702e+01  9.73033e-01  -6.43112e-03  -1.44780e-02  9.64613e-01  1.00805e+00
1.49749e+01  9.70133e-01  -7.52287e-03  -1.63287e-02  9.59820e-01  1.00881e+00
1.50796e+01  9.67634e-01  -8.50202e-03  -1.79506e-02  9.55597e-01  1.00945e+00
1.51844e+01  9.65547e-01  -9.36532e-03  -1.93368e-02  9.51961e-01  1.00997e+00
1.52891e+01  9.63879e-01  -1.01103e-02  -2.04823e-02  9.48925e-01  1.01037e+00
1.53938e+01  9.62633e-01  -1.07353e-02  -2.13844e-02  9.46496e-01  1.01065e+00
1.54985e+01  9.61808e-01  -1.12392e-02  -2.20422e-02  9.44676e-01  1.01080e+00
1.56032e+01  9.61401e-01  -1.16214e-02  -2.24568e-02  9.43465e-01  1.01084e+00
1.57080e+01  9.61404e-01  -1.18821e-02  -2.26311e-02  9.42856e-01  1.01075e+00
1.58127e+01  9.61807e-01  -1.20216e-02  -2.25696e-02  9.42839e-01  1.01055e+00
1.59174e+01  9.62597e-01  -1.20411e-02  -2.22785e-02  9.43402e-01  1.01024e+00
1.60221e+01  9.63757e-01  -1.19423e-02  -2.17657e-02  9.44526e-01  1.00982e+00
1.61268e+01  9.65269e-01  -1.17273e-02  -2.10406e-02  9.46191e-01  1.00931e+00
1.62316e+01  9.67110e-01  -1.13992e-02  -2.01140e-02  9.48373e-01  1.00871e+00
1.63363e+01  9.69256e-01  -1.09616e-02  -1.89982e-02  9.51042e-01  1.00804e+00
1.64410e+01  9.71681e-01  -1.04189e-02  -1.77069e-02  9.54167e-01  1.00729e+00
1.65457e+01  9.74355e-01  -9.77644e-03  -1.62554e-02  9.57713e-01  1.00648e+00
1.66504e+01  9.77247e-01  -9.04046e-03  -1.46599e-02  9.61640e-01  1.00562e+00
1.67552e+01  9.80324e-01  -8.21812e-03  -1.29381e-02  9.65906e-01  1.00472e+00
1.68599e+01  9.83553e-01  -7.31761e-03  -1.11087e-02  9.70465e-01  1.00379e+00
1.69646e+01  9.86896e-01  -6.34806e-03  -9.19153e-03  9.75269e-01  1.00284e+00
1.70693e+01  9.90317e-01  -5.31961e-03  -7.20731e-03  9.80266e-01  1.00189e+00
1.71740e+01  9.93780e-01  -4.24331e-03  -5.17745e-03  9.85402e-01  1.00093e+00
1.72788e+01  9.97245e-01  -3.13105e-03  -3.12396e-03  9.90621e-01  9.99993e-01
1.73835e+01  1.00068e+00  -1.99548e-03  -1.06921e-03  9.95866e-01  9.99074e-01
1.74882e+01  1.00403e+00  -8.49800e-04  9.64295e-04  1.00108e+00  9.98186e-01
1.75929e+01  1.00728e+00  2.92330e-04  2.95418e-03  1.00620e+00  9.97338e-01
1.76976e+01  1.01039e+00  1.41705e-03  4.87848e-03  1.01117e+00  9.96539e-01
1.78024e+01  1.01332e+00  2.51051e-03  6.71593e-03  1.01594e+00  9.95795e-01
1.79071e+01  1.01605e+00  3.55909e-03  8.44624e-03  1.02045e+00  9.95113e-01
1.80118e+01  1.01854e+00  4.54971e-03  1.00505e-02  1.02465e+00  9.94499e-01
1.81165e+01  1.02077e+00  5.47002e-03  1.15112e-02  1.02849e+00  9.93959e-01
1.82212e+01  1.02272e+00  6.30868e-03  1.28130e-02  1.03193e+00  9.93496e-01
1.83260e+01  1.02438e+00  7.05560e-03  1.39425e-02  1.03494e+00  9.93113e-01
1.84307e+01  1.02572e+00  7.70211e-03  1.48887e-02  1.03748e+00  9.92813e-01
1.85354e+01  1.02674e+00  8.24117e-03  1.56432e-02  1.03953e+00  9.92598e-01
1.86401e+01  1.02743e+00  8.66750e-03  1.62001e-02  1.04107e+00  9.92467e-01
1.87448e+01  1.02779e+00  8.97763e-03  1.65564e-02  1.04209e+00  9.92421e-01
1.88496e+01  1.02783e+00  9.16997e-03  1.67117e-02  1.04259e+00  9.92458e-01
1.89543e+01  1.02755e+00  9.24480e-03  1.66685e-02  1.04258e+00  9.92576e-01
1.90590e+01  1.02697e+00  9.20419e-03  1.64318e-02  1.04207e+00  9.92772e-01
1.91637e+01  1.02608e+00  9.05192e-03  1.60091e-02  1.04107e+00  9.93043e-01
1.92684e+01  1.02493e+00  8.79333e-03  1.54101e-02  1.03961e+00  9.93383e-01
1.93732e+01  1.02351e+00  8.43514e-03  1.46466e-02  1.03773e+00  9.93789e-01
1.94779e+01  1.02187e+00  7.98528e-03  1.37321e-02  1.03545e+00  9.94253e-01
1.95826e+01  1.02002e+00  7.45264e-03  1.26819e-02  1.03282e+00  9.94771e-01
1.96873e+01  1.01798e+00  6.84689e-03  1.15121e-02  1.02987e+00  9.95335e-01
1.97920e+01  1.01580e+00  6.17826e-03  1.02400e-02  1.02666e+00  9.95938e-01
1.98968e+01  1.01349e+00  5.45727e-03  8.88337e-03  1.02322e+00  9.96574e-01
2.00015e+01  1.01109e+00  4.69461e-03  7.46044e-03  1.01962e+00  9.97234e-01
2.01062e+01  1.00862e+00  3.90093e-03  5.98942e-03  1.01588e+00  9.97912e-01
2.02109e+01  1.00612e+00  3.08665e-03  4.48841e-03  1.01206e+00  9.98598e-01
2.03156e+01  1.00361e+00  2.26188e-03  2.97512e-03  1.00821e+00  9.99287e-01
2.04204e+01  1.00112e+00  1.43625e-03  1.46666e-03  1.00437e+00  9.99970e-01
2.05251e+01  9.98673e-01  6.18885e-04  -2.05552e-05  1.00058e+00  1.00064e+00
2.06298e+01  9.96302e-01  -1.81728e-04  -1.47104e-03  9.96876e-01  1.00129e+00
2.07345e+01  9.94026e-01  -9.57739e-04  -2.87027e-03  9.93302e-01  1.00191e+00
2.08392e+01  9.91867e-01  -1.70198e-03  -4.20484e-03  9.89888e-01  1.00250e+00
2.09440e+01  9.89844e-01  -2.40798e-03  -5.46250e-03  9.86667e-01  1.00305e+00
2.10487e+01  9.87976e-01  -3.06994e-03  -6.63221e-03  9.83666e-01  1.00356e+00
2.11534e+01  9.86278e-01  -3.68278e-03  -7.70419e-03  9.80909e-01  1.00402e+00
2.12581e+01  9.84763e-01  -4.24206e-03  -8.66996e-03  9.78418e-01  1.00443e+00
2.13628e+01  9.83443e-01  -4.74398e-03  -9.52230e-03  9.76211e-01  1.00478e+00
2.14675e+01  9.82327e-01  -5.18537e-03  -1.02553e-02  9.74304e-01  1.00507e+00
2.15723e+01  9.81422e-01  -5.56366e-03  -1.08643e-02  9.72708e-01  1.00530e+00
2.16770e+01  9.80733e-01  -5.87684e-03  -1.13460e-02  9.71431e-01  1.00547e+00
2.17817e+01  9.80261e-01  -6.12348e-03  -1.16983e-02  9.70480e-01  1.00557e+00
2.18864e+01  9.80009e-01  -6.30266e-03  -1.19203e-02  9.69857e-01  1.00562e+00
2.19911e+01  9.79973e-01  -6.41399e-03  -1.20123e-02  9.69561e-01  1.00560e+00
2.20959e+01  9.80150e-01  -6.45761e-03  -1.19758e-02  9.69591e-01  1.00552e+00
2.22006e+01  9.80536e-01  -6.43416e-03  -1.18135e-02  9.69939e-01  1.00538e+00
2.23053e+01  9.81122e-01  -6.34479e-03  -1.15292e-02  9.70597e-01  1.00518e+00
2.24100e+01  9.81898e-01  -6.19114e-03  -1.11276e-02  9.71554e-01  1.00494e+00
2.25147e+01  9.82855e-01  -5.97538e-03  -1.06146e-02  9.72795e-01  1.00464e+00
2.26195e+01  9.83979e-01  -5.70018e-03  -9.99700e-03  9.74306e-01  1.00430e+00
2.27242e+01  9.85256e-01  -5.36871e-03  -9.28250e-03  9.76066e-01  1.00391e+00
2.28289e+01  9.86670e-01  -4.98466e-03  -8.47969e-03  9.78056e-01  1.00350e+00
2.29336e+01  9.88206e-01  -4.55221e-03  -7.59794e-03  9.80252e-01  1.00305e+00
2.30383e+01  9.89845e-01  -4.07603e-03  -6.64732e-03  9.82629e-01  1.00257e+00
2.31431e+01  9.91569e-01  -3.56123e-03  -5.63857e-03  9.85162e-01  1.00208e+00
2.32478e+01  9.93358e-01  -3.01339e-03  -4.58292e-03  9.87821e-01  1.00157e+00
2.33525e+01  9.95192e-01  -2.43847e-03  -3.49209e-03  9.90577e-01  1.00105e+00
2.34572e+01  9.97051e-01  -1.84277e-03  -2.37810e-03  9.93401e-01  1.00054e+00
2.35619e+01  9.98915e-01  -1.23291e-03  -1.25320e-03  9.96261e-01  1.00002e+00
2.36667e+01  1.00076e+00  -6.15723e-04  -1.29728e-04  9.99125e-01  9.99514e-01
2.37714e+01  1.00257e+00  1.81120e-06  9.80021e-04  1.00196e+00  9.99022e-01
2.38761e+01  1.00433e+00  6.12643e-04  2.06393e-03  1.00474e+00  9.98549e-01
2.39808e+01  1.00601e+00  1.20975e-03  3.11022e-03  1.00743e+00  9.98100e-01
2.40855e+01  1.00761e+00  1.78624e-03  4.10755e-03  1.01000e+00  9.97679e-01
2.41903e+01  1.00909e+00  2.33545e-03  5.04521e-03  1.01243e+00  9.97290e-01
2.42950e+01  1.01045e+00  2.85104e-03  5.91322e-03  1.01468e+00  9.96938e-01
2.43997e+01  1.01167e+00  3.32709e-03  6.70247e-03  1.01673e+00  9.96625e-01
2.45044e+01  1.01274e+00  3.75821e-03  7.40486e-03  1.01857e+00  9.96353e-01
2.46091e+01  1.01366e+00  4.13964e-03  8.01339e-03  1.02017e+00  9.96126e-01
2.47139e+01  1.01441e+00  4.46728e-03  8.52225e-03  1.02151e+00  9.95945e-01
2.48186e+01  1.01498e+00  4.73780e-03  8.92691e-03  1.02259e+00  9.95811e-01
2.49233e+01  1.01538e+00  4.94866e-03  9.22414e-03  1.02340e+00  9.95725e-01
2.50280e+01  1.01560e+00  5.09816e-03  9.41211e-03  1.02392e+00  9.95686e-01
2.51327e+01  1.01564e+00  5.18547e-03  9.49033e-03  1.02417e+00  9.95695e-01
2.52375e+01  1.01550e+00  5.21060e-03  9.45966e-03  1.02413e+00  9.95751e-01
2.53422e+01  1.01520e+00  5.17439e-03  9.32230e-03  1.02382e+00  9.95852e-01
2.54469e+01  1.01473e+00  5.07850e-03  9.08173e-03  1.02324e+00  9.95997e-01
2.55516e+01  1.01410e+00  4.92534e-03  8.74260e-03  1.02241e+00  9.96183e-01
2.56563e+01  1.01333e+00  4.71802e-03  8.31067e-03  1.02134e+00  9.96407e-01
2.57611e+01  1.01242e+00  4.46027e-03  7.79271e-03  1.02005e+00  9.96668e-01
2.58658e+01  1.01139e+00  4.15636e-03  7.19636e-03  1.01855e+00  9.96960e-01
2.59705e+01  1.01025e+00  3.81102e-03  6.53000e-03  1.01687e+00  9.97281e-01
2.60752e+01  1.00902e+00  3.42936e-03  5.80267e-03  1.01503e+00  9.97627e-01
2.61799e+01  1.00771e+00  3.01675e-03  5.02386e-03  1.01306e+00  9.97993e-01
2.62847e+01  1.00634e+00  2.57877e-03  4.20343e-03  1.01099e+00  9.98375e-01
2.63894e+01  1.00492e+00  2.12109e-03  3.35144e-03  1.00882e+00  9.98770e-01
2.64941e+01  1.00348e+00  1.64941e-03  2.47805e-03  1.00661e+00  9.99171e-01
2.65988e+01  1.00202e+00  1.16939e-03  1.59339e-03  1.00436e+00  9.99576e-01
2.67035e+01  1.00057e+00  6.86539e-04  7.07419e-04  1.00210e+00  9.99979e-01
2.68083e+01  9.99132e-01  2.06234e-04  -1.70138e-04  9.99866e-01  1.00038e+00
2.69130e+01  9.97732e-01  -2.66401e-04  -1.02993e-03  9.97674e-01  1.00076e+00
2.70177e+01  9.96381e-01  -7.26504e-04  -1.86302e-03  9.95547e-01  1.00114e+00
2.71224e+01  9.95092e-01  -1.16952e-03  -2.66103e-03  9.93508e-01  1.00149e+00
2.72271e+01  9.93878e-01  -1.59123e-03  -3.41613e-03  9.91577e-01  1.00182e+00
2.73319e+01  9.92751e-01  -1.98776e-03  -4.12114e-03  9.89770e-01  1.00213e+00
2.74366e+01  9.91720e-01  -2.35561e-03  -4.76959e-03  9.88105e-01  1.00241e+00
2.75413e+01  9.90796e-01  -2.69169e-03  -5.35573e-03  9.86597e-01  1.00266e+00
2.76460e+01  9.89986e-01  -2.99326e-03  -5.87454e-03  9.85258e-01  1.00288e+00
2.77507e+01  9.89297e-01  -3.25799e-03  -6.32184e-03  9.84098e-01  1.00306e+00
2.78555e+01  9.88733e-01  -3.48395e-03  -6.69419e-03  9.83128e-01  1.00321e+00
2.79602e+01  9.88300e-01  -3.66959e-03  -6.98901e-03  9.82352e-01  1.00332e+00
2.80649e+01  9.87998e-01  -3.81377e-03  -7.20450e-03  9.81777e-01  1.00339e+00
2.81696e+01  9.87830e-01  -3.91573e-03  -7.33967e-03  9.81405e-01  1.00342e+00
2.82743e+01  9.87794e-01  -3.97508e-03  -7.39436e-03  9.81236e-01  1.00342e+00
2.83791e+01  9.87890e-01  -3.99185e-03  -7.36917e-03  9.81270e-01  1.00338e+00
2.84838e+01  9.88115e-01  -3.96640e-03  -7.26550e-03  9.81503e-01  1.00330e+00
2.85885e+01  9.88465e-01  -3.89951e-03  -7.08548e-03  9.81930e-01  1.00319e+00
2.86932e+01  9.88933e-01  -3.79229e-03  -6.83197e-03  9.82544e-01  1.00304e+00
2.87979e+01  9.89515e-01  -3.64622e-03  -6.50854e-03  9.83337e-01  1.00286e+00
2.89027e+01  9.90201e-01  -3.46314e-03  -6.11939e-03  9.84298e-01  1.00266e+00
2.90074e+01  9.90984e-01  -3.24522e-03  -5.66936e-03  9.85416e-01  1.00242e+00
2.91121e+01  9.91854e-01  -2.99497e-03  -5.16386e-03  9.86677e-01  1.00217e+00
2.92168e+01  9.92802e-01  -2.71520e-03  -4.60881e-03  9.88067e-01  1.00189e+00
2.93215e+01  9.93815e-01  -2.40903e-03  -4.01059e-03  9.89570e-01  1.00160e+00
2.94263e+01  9.94882e-01  -2.07984e-03  -3.37602e-03  9.91168e-01  1.00130e+00
2.95310e+01  9.95992e-01  -1.73126e-03  -2.71222e-03  9.92844e-01  1.00098e+00
2.96357e+01  9.97132e-01  -1.36713e-03  -2.02660e-03  9.94580e-01  1.00066e+00
2.97404e+01  9.98289e-01  -9.91479e-04  -1.32676e-03  9.96355e-01  1.00034e+00
2.98451e+01  9.99450e-01  -6.08464e-04  -6.20426e-04  9.98151e-01  1.00001e+00
2.99498e+01  1.00060e+00  -2.22348e-04  8.46541e-05  9.99947e-01  9.99693e-01
3.00546e+01  1.00174e+00  1.62561e-04  7.80771e-04  1.00172e+00  9.99382e-01
3.01593e+01  1.00284e+00  5.41956e-04  1.46035e-03  1.00346e+00  9.99082e-01
3.02640e+01  1.00389e+00  9.11583e-04  2.11603e-03  1.00514e+00  9.98796e-01
3.03687e+01  1.00489e+00  1.26730e-03  2.74077e-03  1.00675e+00  9.98527e-01
3.04734e+01  1.00582e+00  1.60511e-03  3.32790e-03  1.00826e+00  9.98277e-01
3.05782e+01  1.00668e+00  1.92127e-03  3.87122e-03  1.00966e+00  9.98050e-01
3.06829e+01  1.00746e+00  2.21227e-03  4.36508e-03  1.01094e+00  9.97847e-01
3.07876e+01  1.00814e+00  2.47493e-03  4.80442e-03  1.01208e+00  9.97671e-01
3.08923e+01  1.00872e+00  2.70644e-03  5.18487e-03  1.01308e+00  9.97522e-01
3.09970e+01  1.00920e+00  2.90440e-03  5.50278e-03  1.01391e+00  9.97402e-01
3.11018e+01  1.00957e+00  3.06682e-03  5.75525e-03  1.01458e+00  9.97312e-01
3.12065e+01  1.00983e+00  3.19219e-03  5.94020e-03  1.01507e+00  9.97252e-01
3.13112e+01  1.00997e+00  3.27949e-03  6.05634e-03  1.01539e+00  9.97223e-01
3.14159e+01  1.01001e+00  3.32817e-03  6.10323e-03  1.01553e+00  9.97225e-01
3.15206e+01  1.00993e+00  3.33819e-03  6.08124e-03  1.01550e+00  9.97257e-01
3.16254e+01  1.00975e+00  3.30999e-03  5.99154e-03  1.01529e+00  9.97318e-01
3.17301e+01  1.00945e+00  3.24448e-03  5.83610e-03  1.01492e+00  9.97408e-01
3.18348e+01  1.00906e+00  3.14302e-03  5.61762e-03  1.01438e+00  9.97525e-01
3.19395e+01  1.00858e+00  3.00739e-03  5.33948e-03  1.01369e+00  9.97668e-01
3.20442e+01  1.00800e+00  2.83976e-03  5.00574e-03  1.01285e+00  9.97834e-01
3.21490e+01  1.00734e+00  2.64264e-03  4.62100e-03  1.01188e+00  9.98022e-01
3.22537e+01  1.00662e+00  2.41884e-03  4.19037e-03  1.01080e+00  9.98228e-01
3.23584e+01  1.00583e+00  2.17143e-03  3.71942e-03  1.00961e+00  9.98452e-01
3.24631e+01  1.00498e+00  1.90368e-03  3.21405e-03  1.00833e+00  9.98690e-01
3.25678e+01  1.00410e+00  1.61901e-03  2.68045e-03  1.00698e+00  9.98939e-01
3.26726e+01  1.00318e+00  1.32097e-03  2.12500e-03  1.00557e+00  9.99196e-01
3.27773e+01  1.00224e+00  1.01314e-03  1.55420e-03  1.00412e+00  9.99459e-01
3.28820e+01  1.00129e+00  6.99129e-04  9.74575e-04  1.00265e+00  9.99725e-01
3.29867e+01  1.00034e+00  3.82523e-04  3.92641e-04  1.00117e+00  9.99990e-01
3.30914e+01  9.99393e-01  6.68309e-05  -1.85209e-04  9.99696e-01  1.00025e+00
3.31962e+01  9.98470e-01  -2.44539e-04  -7.52753e-04  9.98250e-01  1.00051e+00
3.33009e+01  9.97576e-01  -5.48317e-04  -1.30400e-03  9.96844e-01  1.00076e+00
3.34056e+01  9.96721e-01  -8.41399e-04  -1.83327e-03  9.95492e-01  1.00099e+00
3.35103e+01  9.95913e-01  -1.12087e-03  -2.33519e-03  9.94209e-01  1.00121e+00
3.36150e+01  9.95160e-01  -1.38402e-03  -2.80482e-03  9.93006e-01  1.00142e+00
3.37198e+01  9.94470e-01  -1.62839e-03  -3.23762e-03  9.91896e-01  1.00161e+00
3.38245e+01  9.93848e-01  -1.85175e-03  -3.62953e-03  9.90889e-01  1.00178e+00
3.39292e+01  9.93302e-01  -2.05212e-03  -3.97699e-03  9.89994e-01  1.00192e+00
3.40339e+01  9.92834e-01  -2.22780e-03  -4.27693e-03  9.89218e-01  1.00205e+00
3.41386e+01  9.92450e-01  -2.37734e-03  -4.52685e-03  9.88569e-01  1.00215e+00
3.42434e+01  9.92153e-01  -2.49961e-03  -4.72480e-03  9.88051e-01  1.00223e+00
3.43481e+01  9.91944e-01  -2.59372e-03  -4.86935e-03  9.87668e-01  1.00228e+00
3.44528e+01  9.91824e-01  -2.65907e-03  -4.95968e-03  9.87422e-01  1.00230e+00
3.45575e+01  9.91794e-01  -2.69536e-03  -4.99550e-03  9.87314e-01  1.00230e+00
3.46622e+01  9.91853e-01  -2.70255e-03  -4.97710e-03  9.87343e-01  1.00227e+00
3.47670e+01  9.91999e-01  -2.68088e-03  -4.90530e-03  9.87509e-01  1.00222e+00
3.48717e+01  9.92230e-01  -2.63089e-03  -4.78146e-03  9.87806e-01  1.00215e+00
3.49764e+01  9.92542e-01  -2.55334e-03  -4.60747e-03  9.88232e-01  1.00205e+00
3.50811e+01  9.92932e-01  -2.44931e-03  -4.38568e-03  9.88779e-01  1.00194e+00
3.51858e+01  9.93393e-01  -2.32007e-03  -4.11894e-03  9.89442e-01  1.00180e+00
3.52906e+01  9.93921e-01  -2.16719e-03  -3.81053e-03  9.90212e-01  1.00164e+00
3.53953e+01  9.94509e-01  -1.99243e-03  -3.46414e-03  9.91079e-01  1.00147e+00
3.55000e+01  9.95150e-01  -1.79778e-03  -3.08380e-03  9.92035e-01  1.00129e+00
3.56047e+01  9.95837e-01  -1.58544e-03  -2.67391e-03  9.93067e-01  1.00109e+00
3.57094e+01  9.96562e-01  -1.35777e-03  -2.23912e-03  9.94164e-01  1.00088e+00
3.58142e+01  9.97317e-01  -1.11731e-03  -1.78433e-03  9.95314e-01  1.00067e+00
3.59189e+01  9.98093e-01  -8.66712e-04  -1.31462e-03  9.96504e-01  1.00045e+00
3.60236e+01  9.98882e-01  -6.08759e-04  -8.35207e-04  9.97721e-01  1.00023e+00
3.61283e+01  9.99675e-01  -3.46304e-04  -3.51381e-04  9.98951e-01  1.00001e+00
3.62330e+01  1.00046e+00  -8.22546e-05  1.31544e-04  1.00018e+00  9.99786e-01
3.63378e+01  1.00124e+00  1.80464e-04  6.08292e-04  1.00140e+00  9.99572e-01
3.64425e+01  1.00199e+00  4.38941e-04  1.07368e-03  1.00259e+00  9.99365e-01
3.65472e+01  1.00272e+00  6.90314e-04  1.52268e-03  1.00374e+00  9.99168e-01
3.66519e+01  1.00340e+00  9.31805e-04  1.95047e-03  1.00483e+00  9.98981e-01
3.67566e+01  1.00404e+00  1.16075e-03  2.35249e-03  1.00587e+00  9.98808e-01
3.68614e+01  1.00463e+00  1.37464e-03  2.72450e-03  1.00682e+00  9.98650e-01
3.69661e+01  1.00517e+00  1.57116e-03  3.06264e-03  1.00770e+00  9.98509e-01
3.70708e+01  1.00564e+00  1.74818e-03  3.36343e-03  1.00848e+00  9.98385e-01
3.71755e+01  1.00604e+00  1.90385e-03  3.62386e-03  1.00915e+00  9.98280e-01
3.72802e+01  1.00638e+00  2.03655e-03  3.84141e-03  1.00972e+00  9.98195e-01
3.73850e+01  1.00664e+00  2.14497e-03  4.01404e-03  1.01017e+00  9.98131e-01
3.74897e+01  1.00682e+00  2.22809e-03  4.14029e-03  1.01051e+00  9.98088e-01
3.75944e+01  1.00693e+00  2.28522e-03  4.21921e-03  1.01072e+00  9.98066e-01
3.76991e+01  1.00695e+00  2.31597e-03  4.25041e-03  1.01082e+00  9.98066e-01
3.78038e+01  1.00690e+00  2.32028e-03  4.23408e-03  1.01079e+00  9.98086e-01
3.79086e+01  1.00678e+00  2.29842e-03  4.17092e-03  1.01064e+00  9.98128e-01
3.80133e+01  1.00658e+00  2.25096e-03  4.06218e-03  1.01038e+00  9.98189e-01
3.81180e+01  1.00631e+00  2.17878e-03  3.90961e-03  1.01000e+00  9.98269e-01
3.82227e+01  1.00598e+00  2.08302e-03  3.71546e-03  1.00951e+00  9.98368e-01
3.83274e+01  1.00558e+00  1.96511e-03  3.48239e-03  1.00893e+00  9.98483e-01
3.84322e+01  1.00513e+00  1.82670e-03  3.21350e-03  1.00825e+00  9.98613e-01
3.85369e+01  1.00463e+00  1.66967e-03  2.91225e-03  1.00749e+00  9.98757e-01
3.86416e+01  1.00408e+00  1.49605e-03  2.58238e-03  1.00666e+00  9.98914e-01
3.87463e+01  1.00349e+00  1.30807e-03  2.22795e-03  1.00576e+00  9.99080e-01
3.88510e+01  1.00287e+00  1.10804e-03  1.85319e-03  1.00481e+00  9.99255e-01
3.89557e+01  1.00222e+00  8.98386e-04  1.46251e-03  1.00382e+00  9.99436e-01
3.90605e+01  1.00156e+00  6.81579e-04  1.06042e-03  1.00280e+00  9.99621e-01
3.91652e+01  1.00089e+00  4.60128e-04  6.51500e-04  1.00176e+00  9.99809e-01
3.92699e+01  1.00022e+00  2.36538e-04  2.40312e-04  1.00072e+00  9.99996e-01
3.93746e+01  9.99554e-01  1.32847e-05  -1.68619e-04  9.99676e-01  1.00018e+00
3.94793e+01  9.98900e-01  -2.07209e-04  -5.70868e-04  9.98651e-01  1.00036e+00
3.95841e+01  9.98265e-01  -4.22602e-04  -9.62152e-04  9.97653e-01  1.00054e+00
3.96888e+01  9.97656e-01  -6.30654e-04  -1.33837e-03  9.96693e-01  1.00071e+00
3.97935e+01  9.97080e-01  -8.29245e-04  -1.69566e-03  9.95779e-01  1.00087e+00
3.98982e+01  9.96542e-01  -1.01640e-03  -2.03039e-03  9.94923e-01  1.00101e+00
4.00029e+01  9.96047e-01  -1.19028e-03  -2.33926e-03  9.94131e-01  1.00115e+00
4.01077e+01  9.95601e-01  -1.34925e-03  -2.61927e-03  9.93412e-01  1.00127e+00
4.02124e+01  9.95207e-01  -1.49183e-03  -2.86775e-03  9.92773e-01  1.00138e+00
4.03171e+01  9.94870e-01  -1.61673e-03  -3.08243e-03  9.92218e-01  1.00147e+00
4.04218e+01  9.94592e-01  -1.72286e-03  -3.26141e-03  9.91754e-01  1.00154e+00
4.05265e+01  9.94375e-01  -1.80934e-03  -3.40317e-03  9.91384e-01  1.00159e+00
4.06313e+01  9.94221e-01  -1.87550e-03  -3.50663e-03  9.91111e-01  1.00163e+00
4.07360e+01  9.94132e-01  -1.92086e-03  -3.57108e-03  9.90937e-01  1.00165e+00
4.08407e+01  9.94107e-01  -1.94518e-03  -3.59626e-03  9.90862e-01  1.00165e+00
4.09454e+01  9.94146e-01  -1.94840e-03  -3.58229e-03  9.90887e-01  1.00163e+00
4.10501e+01  9.94248e-01  -1.93070e-03  -3.52972e-03  9.91010e-01  1.00160e+00
4.11549e+01  9.94412e-01  -1.89245e-03  -3.43948e-03  9.91229e-01  1.00155e+00
4.12596e+01  9.94634e-01  -1.83423e-03  -3.31288e-03  9.91540e-01  1.00148e+00
4.13643e+01  9.94913e-01  -1.75680e-03  -3.15162e-03  9.91940e-01  1.00139e+00
4.14690e+01  9.95244e-01  -1.66113e-03  -2.95772e-03  9.92423e-01  1.00130e+00
4.15737e+01  9.95623e-01  -1.54836e-03  -2.73354e-03  9.92985e-01  1.00119e+00
4.16785e+01  9.96046e-01  -1.41980e-03  -2.48174e-03  9.93617e-01  1.00106e+00
4.17832e+01  9.96509e-01  -1.27692e-03  -2.20526e-03  9.94313e-01  1.00093e+00
4.18879e+01  9.97005e-01  -1.12133e-03  -1.90727e-03  9.95064e-01  1.00079e+00
4.19926e+01  9.97529e-01  -9.54787e-04  -1.59115e-03  9.95863e-01  1.00064e+00
4.20973e+01  9.98075e-01  -7.79135e-04  -1.26046e-03  9.96700e-01  1.00048e+00
4.22021e+01  9.98638e-01  -5.96328e-04  -9.18907e-04  9.97566e-01  1.00032e+00
4.23068e+01  9.99210e-01  -4.08392e-04  -5.70271e-04  9.98451e-01  1.00016e+00
4.24115e+01  9.99786e-01  -2.17404e-04  -2.18403e-04  9.99346e-01  1.00000e+00
4.25162e+01  1.00036e+00  -2.54759e-05  1.32832e-04  1.00024e+00  9.99842e-01
4.26209e+01  1.00092e+00  1.65276e-04  4.79597e-04  1.00112e+00  9.99686e-01
4.27257e+01  1.00147e+00  3.52749e-04  8.18123e-04  1.00199e+00  9.99535e-01
4.28304e+01  1.00200e+00  5.34880e-04  1.14475e-03  1.00282e+00  9.99390e-01
4.29351e+01  1.00250e+00  7.09672e-04  1.45598e-03  1.00362e+00  9.99254e-01
4.30398e+01  1.00297e+00  8.75215e-04  1.74849e-03  1.00437e+00  9.99127e-01
4.31445e+01  1.00340e+00  1.02971e-03  2.01918e-03  1.00507e+00  9.99011e-01
4.32493e+01  1.00379e+00  1.17149e-03  2.26525e-03  1.00570e+00  9.98906e-01
4.33540e+01  1.00414e+00  1.29905e-03  2.48414e-03  1.00627e+00  9.98815e-01
4.34587e+01  1.00444e+00  1.41104e-03  2.67367e-03  1.00676e+00  9.98737e-01
4.35634e+01  1.00468e+00  1.50631e-03  2.83195e-03  1.00717e+00  9.98674e-01
4.36681e+01  1.00487e+00  1.58393e-03  2.95751e-03  1.00750e+00  9.98626e-01
4.37729e+01  1.00501e+00  1.64314e-03  3.04922e-03  1.00774e+00  9.98594e-01
4.38776e+01  1.00509e+00  1.68345e-03  3.10636e-03  1.00790e+00  9.98577e-01
4.39823e+01  1.00511e+00  1.70456e-03  3.12863e-03  1.00796e+00  9.98576e-01
4.40870e+01  1.00508e+00  1.70642e-03  3.11609e-03  1.00794e+00  9.98590e-01
4.41917e+01  1.00499e+00  1.68921e-03  3.06922e-03  1.00783e+00  9.98620e-01
4.42965e+01  1.00485e+00  1.65330e-03  2.98887e-03  1.00763e+00  9.98664e-01
4.44012e+01  1.00465e+00  1.59932e-03  2.87628e-03  1.00735e+00  9.98723e-01
4.45059e+01  1.00441e+00  1.52807e-03  2.73303e-03  1.00699e+00  9.98795e-01
4.46106e+01  1.00412e+00  1.44056e-03  2.56103e-03  1.00656e+00  9.98880e-01
4.47153e+01  1.00379e+00  1.33796e-03  2.36248e-03  1.00606e+00  9.98975e-01
4.48201e+01  1.00342e+00  1.22160e-03  2.13988e-03  1.00550e+00  9.99082e-01
4.49248e+01  1.00301e+00  1.09296e-03  1.89594e-03  1.00488e+00  9.99197e-01
4.50295e+01  1.00258e+00  9.53625e-04  1.63360e-03  1.00422e+00  9.99320e-01
4.51342e+01  1.00212e+00  8.05286e-04  1.35595e-03  1.00352e+00  9.99449e-01
4.52389e+01  1.00164e+00  6.49702e-04  1.06623e-03  1.00278e+00  9.99583e-01
4.53437e+01  1.00115e+00  4.88686e-04  7.67740e-04  1.00202e+00  9.99721e-01
4.54484e+01  1.00066e+00  3.24079e-04  4.63864e-04  1.00125e+00  9.99860e-01
4.55531e+01  1.00016e+00  1.57736e-04  1.57987e-04  1.00047e+00  1.00000e+00
4.56578e+01  9.99660e-01  -8.50594e-06  -1.46528e-04  9.99698e-01  1.00014e+00
4.57625e+01  9.99172e-01  -1.72837e-04  -4.46375e-04  9.98934e-01  1.00027e+00
4.58673e+01  9.98698e-01  -3.33501e-04  -7.38343e-04  9.98190e-01  1.00040e+00
4.59720e+01  9.98243e-01  -4.88807e-04  -1.01935e-03  9.97472e-01  1.00053e+00
4.60767e+01  9.97811e-01  -6.37149e-04  -1.28646e-03  9.96790e-01  1.00065e+00
4.61814e+01  9.97407e-01  -7.77022e-04  -1.53694e-03  9.96149e-01  1.00076e+00
4.62861e+01  9.97035e-01  -9.07029e-04  -1.76826e-03  9.95556e-01  1.00086e+00
4.63909e+01  9.96699e-01  -1.02590e-03  -1.97813e-03  9.95018e-01  1.00095e+00
4.64956e+01  9.96402e-01  -1.13249e-03  -2.16449e-03  9.94539e-01  1.00103e+00
4.66003e+01  9.96147e-01  -1.22581e-03  -2.32559e-03  9.94123e-01  1.00110e+00
4.67050e+01  9.95936e-01  -1.30502e-03  -2.45995e-03  9.93775e-01  1.00115e+00
4.68097e+01  9.95771e-01  -1.36940e-03  -2.56638e-03  9.93498e-01  1.00120e+00
4.69145e+01  9.95653e-01  -1.41844e-03  -2.64401e-03  9.93294e-01  1.00123e+00
4.70192e+01  9.95584e-01  -1.45177e-03  -2.69226e-03  9.93164e-01  1.00124e+00
4.71239e+01  9.95563e-01  -1.46916e-03  -2.71090e-03  9.93109e-01  1.00124e+00
4.72286e+01  9.95590e-01  -1.47058e-03  -2.69998e-03  9.93129e-01  1.00123e+00
4.73333e+01  9.95666e-01  -1.45615e-03  -2.65987e-03  9.93224e-01  1.00120e+00
4.74380e+01  9.95787e-01  -1.42614e-03  -2.59127e-03  9.93391e-01  1.00117e+00
4.75428e+01  9.95953e-01  -1.38099e-03  -2.49512e-03  9.93629e-01  1.00111e+00
4.76475e+01  9.96162e-01  -1.32129e-03  -2.37270e-03  9.93933e-01  1.00105e+00
4.77522e+01  9.96411e-01  -1.24778e-03  -2.22552e-03  9.94301e-01  1.00098e+00
4.78569e+01  9.96697e-01  -1.16132e-03  -2.05536e-03  9.94728e-01  1.00089e+00
4.79616e+01  9.97016e-01  -1.06292e-03  -1.86422e-03  9.95209e-01  1.00080e+00
4.80664e+01  9.97365e-01  -9.53707e-04  -1.65432e-03  9.95738e-01  1.00070e+00
4.81711e+01  9.97740e-01  -8.34919e-04  -1.42807e-03  9.96309e-01  1.00059e+00
4.82758e+01  9.98137e-01  -7.07887e-04  -1.18802e-03  9.96916e-01  1.00048e+00
4.83805e+01  9.98550e-01  -5.74028e-04  -9.36890e-04  9.97552e-01  1.00036e+00
4.84852e+01  9.98977e-01  -4.34830e-04  -6.77466e-04  9.98210e-01  1.00024e+00
4.85900e+01  9.99411e-01  -2.91835e-04  -4.12634e-04  9.98883e-01  1.00012e+00
4.86947e+01  9.99848e-01  -1.46623e-04  -1.45316e-04  9.99563e-01  9.99999e-01
4.87994e+01  1.00028e+00  -7.96224e-07  1.21553e-04  1.00024e+00  9.99878e-01
4.89041e+01  1.00071e+00  1.44041e-04  3.85057e-04  1.00091e+00  9.99759e-01
4.90088e+01  1.00113e+00  2.86296e-04  6.42332e-04  1.00157e+00  9.99644e-01
4.91136e+01  1.00153e+00  4.24412e-04  8.90597e-04  1.00221e+00  9.99534e-01
4.92183e+01  1.00191e+00  5.56878e-04  1.12718e-03  1.00281e+00  9.99430e-01
4.93230e+01  1.00227e+00  6.82254e-04  1.34957e-03  1.00338e+00  9.99333e-01
4.94277e+01  1.00260e+00  7.99185e-04  1.55540e-03  1.00391e+00  9.99244e-01
4.95324e+01  1.00290e+00  9.06414e-04  1.74252e-03  1.00439e+00  9.99164e-01
4.96372e+01  1.00317e+00  1.00280e-03  1.90899e-03  1.00482e+00  9.99094e-01
4.97419e+01  1.00339e+00  1.08734e-03  2.05313e-03  1.00519e+00  9.99034e-01
4.98466e+01  1.00358e+00  1.15916e-03  2.17351e-03  1.00551e+00  9.98986e-01
4.99513e+01  1.00373e+00  1.21753e-03  2.26896e-03  1.00576e+00  9.98949e-01
5.00560e+01  1.00384e+00  1.26192e-03  2.33863e-03  1.00594e+00  9.98923e-01
5.01608e+01  1.00390e+00  1.29192e-03  2.38195e-03  1.00606e+00  9.98910e-01
5.02655e+01  1.00392e+00  1.30731e-03  2.39865e-03  1.00610e+00  9.98909e-01
5.03702e+01  1.00390e+00  1.30803e-03  2.38875e-03  1.00609e+00  9.98919e-01
5.04749e+01  1.00383e+00  1.29422e-03  2.35260e-03  1.00600e+00  9.98942e-01
5.05796e+01  1.00372e+00  1.26614e-03  2.29081e-03  1.00585e+00  9.98975e-01
5.06844e+01  1.00357e+00  1.22426e-03  2.20430e-03  1.00563e+00  9.99020e-01
5.07891e+01  1.00339e+00  1.16917e-03  2.09424e-03  1.00536e+00  9.99075e-01
5.08938e+01  1.00317e+00  1.10161e-03  1.96207e-03  1.00503e+00  9.99140e-01
5.09985e+01  1.00291e+00  1.02247e-03  1.80944e-03  1.00464e+00  9.99213e-01
5.11032e+01  1.00263e+00  9.32754e-04  1.63822e-03  1.00421e+00  9.99295e-01
5.12080e+01  1.00232e+00  8.33565e-04  1.45050e-03  1.00373e+00  9.99383e-01
5.13127e+01  1.00198e+00  7.26108e-04  1.24847e-03  1.00322e+00  9.99478e-01
5.14174e+01  1.00163e+00  6.11663e-04  1.03452e-03  1.00268e+00  9.99577e-01
5.15221e+01  1.00127e+00  4.91571e-04  8.11101e-04  1.00211e+00  9.99680e-01
5.16268e+01  1.00089e+00  3.67216e-04  5.80757e-04  1.00153e+00  9.99786e-01
5.17316e+01  1.00050e+00  2.40014e-04  3.46080e-04  1.00093e+00  9.99894e-01
5.18363e+01  1.00012e+00  1.11388e-04  1.09682e-04  1.00033e+00  1.00000e+00
5.19410e+01  9.99734e-01  -1.72405e-05  -1.25840e-04  9.99731e-01  1.00011e+00
5.20457e+01  9.99356e-01  -1.44469e-04  -3.57924e-04  9.99140e-01  1.00021e+00
5.21504e+01  9.98988e-01  -2.68932e-04  -5.84074e-04  9.98563e-01  1.00032e+00
5.22552e+01  9.98634e-01  -3.89310e-04  -8.01887e-04  9.98007e-01  1.00041e+00
5.23599e+01  9.98299e-01  -5.04347e-04  -1.00907e-03  9.97478e-01  1.00050e+00
5.24646e+01  9.97984e-01  -6.12857e-04  -1.20349e-03  9.96980e-01  1.00059e+00
5.25693e+01  9.97694e-01  -7.13741e-04  -1.38314e-03  9.96520e-01  1.00067e+00
5.26740e+01  9.97432e-01  -8.05993e-04  -1.54622e-03  9.96102e-01  1.00074e+00
5.27788e+01  9.97200e-01  -8.88710e-04  -1.69112e-03  9.95729e-01  1.00080e+00
5.28835e+01  9.97000e-01  -9.61098e-04  -1.81642e-03  9.95406e-01  1.00086e+00
5.29882e+01  9.96834e-01  -1.02248e-03  -1.92095e-03  9.95136e-01  1.00090e+00
5.30929e+01  9.96704e-01  -1.07230e-03  -2.00376e-03  9.94920e-01  1.00093e+00
5.31976e+01  9.96611e-01  -1.11013e-03  -2.06413e-03  9.94762e-01  1.00095e+00
5.33024e+01  9.96556e-01  -1.13566e-03  -2.10160e-03  9.94661e-01  1.00097e+00
5.34071e+01  9.96538e-01  -1.14872e-03  -2.11595e-03  9.94619e-01  1.00097e+00
5.35118e+01  9.96558e-01  -1.14927e-03  -2.10720e-03  9.94636e-01  1.00096e+00
5.36165e+01  9.96615e-01  -1.13740e-03  -2.07563e-03  9.94711e-01  1.00094e+00
5.37212e+01  9.96709e-01  -1.11331e-03  -2.02174e-03  9.94843e-01  1.00091e+00
5.38260e+01  9.96838e-01  -1.07736e-03  -1.94629e-03  9.95030e-01  1.00087e+00
5.39307e+01  9.97000e-01  -1.03000e-03  -1.85024e-03  9.95270e-01  1.00082e+00
5.40354e+01  9.97194e-01  -9.71813e-04  -1.73477e-03  9.95559e-01  1.00076e+00
5.41401e+01  9.97417e-01  -9.03483e-04  -1.60127e-03  9.95894e-01  1.00070e+00
5.42448e+01  9.97666e-01  -8.25804e-04  -1.45129e-03  9.96272e-01  1.00063e+00
5.43496e+01  9.97939e-01  -7.39665e-04  -1.28658e-03  9.96687e-01  1.00055e+00
5.44543e+01  9.98232e-01  -6.46039e-04  -1.10901e-03  9.97136e-01  1.00046e+00
5.45590e+01  9.98543e-01  -5.45977e-04  -9.20589e-04  9.97613e-01  1.00037e+00
5.46637e+01  9.98867e-01  -4.40596e-04  -7.23438e-04  9.98113e-01  1.00028e+00
5.47684e+01  9.99202e-01  -3.31068e-04  -5.19752e-04  9.98629e-01  1.00019e+00
5.48732e+01  9.99542e-01  -2.18606e-04  -3.11791e-04  9.99158e-01  1.00009e+00
5.49779e+01  9.99885e-01  -1.04450e-04  -1.01851e-04  9.99692e-01  9.99997e-01
5.50826e+01  1.00023e+00  1.01393e-05  1.07765e-04  1.00023e+00  9.99902e-01
5.51873e+01  1.00056e+00  1.23904e-04  3.14766e-04  1.00075e+00  9.99809e-01
5.52920e+01  1.00089e+00  2.35597e-04  5.16901e-04  1.00127e+00  9.99719e-01
5.53968e+01  1.00121e+00  3.43997e-04  7.11984e-04  1.00177e+00  9.99632e-01
5.55015e+01  1.00151e+00  4.47921e-04  8.97916e-04  1.00224e+00  9.99550e-01
5.56062e+01  1.00179e+00  5.46244e-04  1.07271e-03  1.00269e+00  9.99474e-01
5.57109e+01  1.00205e+00  6.37903e-04  1.23451e-03  1.00311e+00  9.99403e-01
5.58156e+01  1.00229e+00  7.21917e-04  1.38163e-03  1.00349e+00  9.99340e-01
5.59203e+01  1.00250e+00  7.97393e-04  1.51253e-03  1.00382e+00  9.99285e-01
5.60251e+01  1.00268e+00  8.63541e-04  1.62587e-03  1.00412e+00  9.99238e-01
5.61298e+01  1.00283e+00  9.19680e-04  1.72053e-03  1.00436e+00  9.99199e-01
5.62345e+01  1.00295e+00  9.65247e-04  1.79557e-03  1.00456e+00  9.99170e-01
5.63392e+01  1.00303e+00  9.99801e-04  1.85032e-03  1.00470e+00  9.99149e-01
5.64439e+01  1.00308e+00  1.02303e-03  1.88430e-03  1.00479e+00  9.99139e-01
5.65487e+01  1.00310e+00  1.03476e-03  1.89729e-03  1.00483e+00  9.99137e-01
5.66534e+01  1.00308e+00  1.03494e-03  1.88930e-03  1.00481e+00  9.99146e-01
5.67581e+01  1.00303e+00  1.02365e-03  1.86058e-03  1.00474e+00  9.99163e-01
5.68628e+01  1.00295e+00  1.00112e-03  1.81159e-03  1.00462e+00  9.99190e-01
5.69675e+01  1.00283e+00  9.67686e-04  1.74304e-03  1.00445e+00  9.99225e-01
5.70723e+01  1.00269e+00  9.23809e-04  1.65583e-03  1.00424e+00  9.99268e-01
5.71770e+01  1.00251e+00  8.70070e-04  1.55107e-03  1.00397e+00  9.99319e-01
5.72817e+01  1.00231e+00  8.07153e-04  1.43007e-03  1.00367e+00  9.99377e-01
5.73864e+01  1.00209e+00  7.35838e-04  1.29429e-03  1.00332e+00  9.99442e-01
5.74911e+01  1.00184e+00  6.56993e-04  1.14534e-03  1.00295e+00  9.99512e-01
5.75959e+01  1.00158e+00  5.71561e-04  9.84966e-04  1.00254e+00  9.99587e-01
5.77006e+01  1.00130e+00  4.80546e-04  8.15038e-04  1.00211e+00  9.99666e-01
5.78053e+01  1.00101e+00  3.85005e-04  6.37495e-04  1.00166e+00  9.99748e-01
5.79100e+01  1.00071e+00  2.86032e-04  4.54349e-04  1.00119e+00  9.99832e-01
5.80147e+01  1.00040e+00  1.84746e-04  2.67654e-04  1.00072e+00  9.99917e-01
5.81195e+01  1.00009e+00  8.22781e-05  7.94828e-05  1.00024e+00  1.00000e+00
5.82242e+01  9.99786e-01  -2.02402e-05  -1.08096e-04  9.99764e-01  1.00009e+00
5.83289e+01  9.99485e-01  -1.21691e-04  -2.93041e-04  9.99292e-01  1.00017e+00
5.84336e+01  9.99191e-01  -2.20981e-04  -4.73357e-04  9.98832e-01  1.00025e+00
5.85383e+01  9.98908e-01  -3.17052e-04  -6.47119e-04  9.98389e-01  1.00033e+00
5.86431e+01  9.98640e-01  -4.08895e-04  -8.12491e-04  9.97966e-01  1.00040e+00
5.87478e+01  9.98388e-01  -4.95553e-04  -9.67746e-04  9.97569e-01  1.00047e+00
5.88525e+01  9.98156e-01  -5.76140e-04  -1.11128e-03  9.97201e-01  1.00054e+00
5.89572e+01  9.97945e-01  -6.49840e-04  -1.24163e-03  9.96867e-01  1.00059e+00
5.90619e+01  9.97758e-01  -7.15919e-04  -1.35749e-03  9.96569e-01  1.00064e+00
5.91667e+01  9.97597e-01  -7.73731e-04  -1.45772e-03  9.96311e-01  1.00068e+00
5.92714e+01  9.97464e-01  -8.22724e-04  -1.54135e-03  9.96095e-01  1.00072e+00
5.93761e+01  9.97359e-01  -8.62442e-04  -1.60760e-03  9.95922e-01  1.00075e+00
5.94808e+01  9.97283e-01  -8.92532e-04  -1.65589e-03  9.95796e-01  1.00076e+00
5.95855e+01  9.97238e-01  -9.12741e-04  -1.68582e-03  9.95716e-01  1.00077e+00
5.96903e+01  9.97222e-01  -9.22925e-04  -1.69721e-03  9.95683e-01  1.00077e+00
5.97950e+01  9.97238e-01  -9.23044e-04  -1.69006e-03  9.95697e-01  1.00077e+00
5.98997e+01  9.97283e-01  -9.13164e-04  -1.66458e-03  9.95758e-01  1.00075e+00
6.00044e+01  9.97357e-01  -8.93456e-04  -1.62116e-03  9.95864e-01  1.00073e+00
6.01091e+01  9.97460e-01  -8.64191e-04  -1.56039e-03  9.96015e-01  1.00070e+00
6.02139e+01  9.97590e-01  -8.25740e-04  -1.48305e-03  9.96208e-01  1.00066e+00
6.03186e+01  9.97745e-01  -7.78570e-04  -1.39007e-03  9.96441e-01  1.00061e+00
6.04233e+01  9.97923e-01  -7.23235e-04  -1.28256e-03  9.96712e-01  1.00056e+00
6.05280e+01  9.98123e-01  -6.60377e-04  -1.16177e-03  9.97016e-01  1.00050e+00
6.06327e+01  9.98343e-01  -5.90712e-04  -1.02910e-03  9.97351e-01  1.00044e+00
6.07375e+01  9.98578e-01  -5.15028e-04  -8.86055e-04  9.97713e-01  1.00037e+00
6.08422e+01  9.98828e-01  -4.34174e-04  -7.34249e-04  9.98097e-01  1.00030e+00
6.09469e+01  9.99089e-01  -3.49052e-04  -5.75386e-04  9.98500e-01  1.00023e+00
6.10516e+01  9.99359e-01  -2.60608e-04  -4.11236e-04  9.98917e-01  1.00015e+00
6.11563e+01  9.99633e-01  -1.69821e-04  -2.43618e-04  9.99343e-01  1.00007e+00
6.12611e+01  9.99910e-01  -7.76942e-05  -7.43807e-05  9.99774e-01  9.99997e-01
6.13658e+01  1.00019e+00  1.47596e-05  9.46176e-05  1.00020e+00  9.99920e-01
6.14705e+01  1.00046e+00  1.06525e-04  2.61530e-04  1.00063e+00  9.99845e-01
6.15752e+01  1.00072e+00  1.96596e-04  4.24542e-04  1.00105e+00  9.99772e-01
6.16799e+01  1.00098e+00  2.83990e-04  5.81887e-04  1.00145e+00  9.99702e-01
6.17847e+01  1.00122e+00  3.67756e-04  7.31873e-04  1.00183e+00  9.99636e-01
6.18894e+01  1.00145e+00  4.46986e-04  8.72894e-04  1.00219e+00  9.99574e-01
6.19941e+01  1.00166e+00  5.20826e-04  1.00345e-03  1.00253e+00  9.99517e-01
6.20988e+01  1.00185e+00  5.88485e-04  1.12217e-03  1.00283e+00  9.99466e-01
6.22035e+01  1.00203e+00  6.49246e-04  1.22782e-03  1.00310e+00  9.99421e-01
6.23083e+01  1.00217e+00  7.02471e-04  1.31930e-03  1.00334e+00  9.99383e-01
6.24130e+01  1.00229e+00  7.47611e-04  1.39570e-03  1.00354e+00  9.99352e-01
6.25177e+01  1.00239e+00  7.84210e-04  1.45627e-03  1.00370e+00  9.99328e-01
6.26224e+01  1.00246e+00  8.11912e-04  1.50044e-03  1.00381e+00  9.99311e-01
6.27271e+01  1.00250e+00  8.30464e-04  1.52783e-03  1.00389e+00  9.99303e-01
6.28319e+01  1.00252e+00  8.39717e-04  1.53824e-03  1.00392e+00  9.99301e-01
6.29366e+01  1.00250e+00  8.39630e-04  1.53166e-03  1.00390e+00  9.99308e-01
6.30413e+01  1.00246e+00  8.30268e-04  1.50829e-03  1.00385e+00  9.99322e-01
6.31460e+01  1.00239e+00  8.11799e-04  1.46850e-03  1.00375e+00  9.99343e-01
6.32507e+01  1.00230e+00  7.84494e-04  1.41284e-03  1.00361e+00  9.99372e-01
6.33555e+01  1.00218e+00  7.48723e-04  1.34203e-03  1.00343e+00  9.99407e-01
6.34602e+01  1.00204e+00  7.04947e-04  1.25696e-03  1.00322e+00  9.99448e-01
6.35649e+01  1.00188e+00  6.53712e-04  1.15867e-03  1.00297e+00  9.99495e-01
6.36696e+01  1.00170e+00  5.95646e-04  1.04834e-03  1.00269e+00  9.99547e-01
6.37743e+01  1.00150e+00  5.31445e-04  9.27271e-04  1.00239e+00  9.99604e-01
6.38791e+01  1.00128e+00  4.61868e-04  7.96868e-04  1.00206e+00  9.99665e-01
6.39838e+01  1.00106e+00  3.87726e-04  6.58635e-04  1.00170e+00  9.99729e-01
6.40885e+01  1.00082e+00  3.09875e-04  5.14148e-04  1.00134e+00  9.99796e-01
6.41932e+01  1.00058e+00  2.29199e-04  3.65036e-04  1.00096e+00  9.99864e-01
6.42979e+01  1.00033e+00  1.46608e-04  2.12968e-04  1.00057e+00  9.99934e-01
6.44026e+01  1.00008e+00  6.30217e-05  5.96296e-05  1.00018e+00  1.00000e+00
6.45074e+01  9.99825e-01  -2.06376e-05  -9.32942e-05  9.99793e-01  1.00007e+00
6.46121e+01  9.99579e-01  -1.03457e-04  -2.44137e-04  9.99408e-01  1.00014e+00
6.47168e+01  9.99339e-01  -1.84542e-04  -3.91267e-04  9.99033e-01  1.00021e+00
6.48215e+01  9.99108e-01  -2.63025e-04  -5.33111e-04  9.98671e-01  1.00027e+00
6.49262e+01  9.98888e-01  -3.38076e-04  -6.68162e-04  9.98326e-01  1.00033e+00
6.50310e+01  9.98681e-01  -4.08910e-04  -7.95000e-04  9.98001e-01  1.00039e+00
6.51357e+01  9.98491e-01  -4.74793e-04  -9.12308e-04  9.97701e-01  1.00044e+00
6.52404e+01  9.98318e-01  -5.35054e-04  -1.01888e-03  9.97427e-01  1.00048e+00
6.53451e+01  9.98165e-01  -5.89083e-04  -1.11363e-03  9.97184e-01  1.00052e+00
6.54498e+01  9.98032e-01  -6.36346e-04  -1.19562e-03  9.96972e-01  1.00056e+00
6.55546e+01  9.97922e-01  -6.76383e-04  -1.26404e-03  9.96796e-01  1.00059e+00
6.56593e+01  9.97835e-01  -7.08815e-04  -1.31826e-03  9.96655e-01  1.00061e+00
6.57640e+01  9.97772e-01  -7.33344e-04  -1.35776e-03  9.96551e-01  1.00062e+00
6.58687e+01  9.97734e-01  -7.49760e-04  -1.38223e-03  9.96486e-01  1.00063e+00
6.59734e+01  9.97721e-01  -7.57939e-04  -1.39150e-03  9.96459e-01  1.00063e+00
6.60782e+01  9.97733e-01  -7.57845e-04  -1.38555e-03  9.96471e-01  1.00063e+00
6.61829e+01  9.97770e-01  -7.49529e-04  -1.36456e-03  9.96521e-01  1.00062e+00
6.62876e+01  9.97830e-01  -7.33128e-04  -1.32884e-03  9.96609e-01  1.00060e+00
6.63923e+01  9.97914e-01  -7.08866e-04  -1.27886e-03  9.96733e-01  1.00057e+00
6.64970e+01  9.98020e-01  -6.77045e-04  -1.21526e-03  9.96892e-01  1.00054e+00
6.66018e+01  9.98147e-01  -6.38049e-04  -1.13880e-03  9.97084e-01  1.00050e+00
6.67065e+01  9.98293e-01  -5.92336e-04  -1.05038e-03  9.97307e-01  1.00046e+00
6.68112e+01  9.98457e-01  -5.40433e-04  -9.51030e-04  9.97558e-01  1.00041e+00
6.69159e+01  9.98637e-01  -4.82931e-04  -8.41893e-04  9.97833e-01  1.00036e+00
6.70206e+01  9.98831e-01  -4.20480e-04  -7.24206e-04  9.98131e-01  1.00030e+00
6.71254e+01  9.99036e-01  -3.53780e-04  -5.99297e-04  9.98448e-01  1.00025e+00
6.72301e+01  9.99251e-01  -2.83574e-04  -4.68563e-04  9.98779e-01  1.00018e+00
6.73348e+01  9.99472e-01  -2.10643e-04  -3.33460e-04  9.99122e-01  1.00012e+00
6.74395e+01  9.99699e-01  -1.35793e-04  -1.95485e-04  9.99473e-01  1.00006e+00
6.75442e+01  9.99927e-01  -5.98506e-05  -5.61594e-05  9.99828e-01  9.99996e-01
6.76490e+01  1.00015e+00  1.63486e-05  8.29881e-05  1.00018e+00  9.99933e-01
6.77537e+01  1.00038e+00  9.19688e-05  2.20436e-04  1.00053e+00  9.99872e-01
6.78584e+01  1.00060e+00  1.66182e-04  3.54690e-04  1.00088e+00  9.99811e-01
6.79631e+01  1.00081e+00  2.38180e-04  4.84294e-04  1.00121e+00  9.99754e-01
6.80678e+01  1.00101e+00  3.07178e-04  6.07852e-04  1.00152e+00  9.99699e-01
6.81726e+01  1.00120e+00  3.72430e-04  7.24041e-04  1.00182e+00  9.99648e-01
6.82773e+01  1.00137e+00  4.33232e-04  8.31623e-04  1.00210e+00  9.99602e-01
6.83820e+01  1.00153e+00  4.88935e-04  9.29462e-04  1.00235e+00  9.99559e-01
6.84867e+01  1.00167e+00  5.38946e-04  1.01654e-03  1.00257e+00  9.99522e-01
6.85914e+01  1.00180e+00  5.82739e-04  1.09195e-03  1.00277e+00  9.99491e-01
6.86962e+01  1.00190e+00  6.19863e-04  1.15493e-03  1.00293e+00  9.99465e-01
6.88009e+01  1.00198e+00  6.49939e-04  1.20485e-03  1.00306e+00  9.99445e-01
6.89056e+01  1.00204e+00  6.72674e-04  1.24125e-03  1.00316e+00  9.99431e-01
6.90103e+01  1.00207e+00  6.87856e-04  1.26380e-03  1.00322e+00  9.99424e-01
6.91150e+01  1.00208e+00  6.95361e-04  1.27234e-03  1.00324e+00  9.99423e-01
6.92198e+01  1.00207e+00  6.95150e-04  1.26684e-03  1.00323e+00  9.99428e-01
6.93245e+01  1.00204e+00  6.87275e-04  1.24746e-03  1.00318e+00  9.99440e-01
6.94292e+01  1.00198e+00  6.71871e-04  1.21450e-03  1.00310e+00  9.99457e-01
6.95339e+01  1.00191e+00  6.49157e-04  1.16841e-03  1.00299e+00  9.99481e-01
6.96386e+01  1.00181e+00  6.19434e-04  1.10977e-03  1.00284e+00  9.99510e-01
6.97434e+01  1.00169e+00  5.83078e-04  1.03931e-03  1.00266e+00  9.99544e-01
6.98481e+01  1.00156e+00  5.40538e-04  9.57881e-04  1.00246e+00  9.99583e-01
6.99528e+01  1.00141e+00  4.92326e-04  8.66453e-04  1.00223e+00  9.99626e-01
7.00575e+01  1.00124e+00  4.39017e-04  7.66096e-04  1.00197e+00  9.99673e-01
7.01622e+01  1.00107e+00  3.81235e-04  6.57969e-04  1.00170e+00  9.99723e-01
7.02670e+01  1.00088e+00  3.19649e-04  5.43313e-04  1.00141e+00  9.99776e-01
7.03717e+01  1.00068e+00  2.54964e-04  4.23428e-04  1.00110e+00  9.99832e-01
7.04764e+01  1.00048e+00  1.87913e-04  2.99662e-04  1.00079e+00  9.99888e-01
7.05811e+01  1.00027e+00  1.19249e-04  1.73398e-04  1.00047e+00  9.99946e-01
7.06858e+01  1.00006e+00  4.97361e-05  4.60331e-05  1.00014e+00  1.00000e+00
7.07906e+01  9.99855e-01  -1.98599e-05  -8.10327e-05  9.99818e-01  1.00006e+00
7.08953e+01  9.99650e-01  -8.87789e-05  -2.06414e-04  9.99498e-01  1.00012e+00
7.10000e+01  9.99450e-01  -1.56275e-04  -3.28752e-04  9.99186e-01  1.00017e+00
7.11047e+01  9.99257e-01  -2.21624e-04  -4.46736e-04  9.98885e-01  1.00023e+00
7.12094e+01  9.99074e-01  -2.84133e-04  -5.59107e-04  9.98598e-01  1.00027e+00
7.13142e+01  9.98901e-01  -3.43142e-04  -6.64679e-04  9.98328e-01  1.00032e+00
7.14189e+01  9.98742e-01  -3.98038e-04  -7.62348e-04  9.98077e-01  1.00036e+00
7.15236e+01  9.98598e-01  -4.48255e-04  -8.51103e-04  9.97850e-01  1.00040e+00
7.16283e+01  9.98469e-01  -4.93281e-04  -9.30036e-04  9.97647e-01  1.00044e+00
7.17330e+01  9.98358e-01  -5.32666e-04  -9.98353e-04  9.97471e-01  1.00047e+00
7.18378e+01  9.98266e-01  -5.66021e-04  -1.05538e-03  9.97323e-01  1.00049e+00
7.19425e+01  9.98193e-01  -5.93025e-04  -1.10056e-03  9.97206e-01  1.00051e+00
7.20472e+01  9.98140e-01  -6.13426e-04  -1.13349e-03  9.97120e-01  1.00052e+00
7.21519e+01  9.98108e-01  -6.27045e-04  -1.15387e-03  9.97065e-01  1.00053e+00
7.22566e+01  9.98096e-01  -6.33773e-04  -1.16155e-03  9.97043e-01  1.00053e+00
7.23614e+01  9.98106e-01  -6.33579e-04  -1.15654e-03  9.97053e-01  1.00052e+00
7.24661e+01  9.98135e-01  -6.26503e-04  -1.13896e-03  9.97096e-01  1.00051e+00
7.25708e+01  9.98186e-01  -6.12658e-04  -1.10906e-03  9.97169e-01  1.00050e+00
7.26755e+01  9.98255e-01  -5.92229e-04  -1.06724e-03  9.97273e-01  1.00048e+00
7.27802e+01  9.98343e-01  -5.65469e-04  -1.01403e-03  9.97406e-01  1.00045e+00
7.28849e+01  9.98449e-01  -5.32699e-04  -9.50045e-04  9.97567e-01  1.00042e+00
7.29897e+01  9.98571e-01  -4.94302e-04  -8.76053e-04  9.97754e-01  1.00038e+00
7.30944e+01  9.98708e-01  -4.50720e-04  -7.92906e-04  9.97963e-01  1.00034e+00
7.31991e+01  9.98859e-01  -4.02447e-04  -7.01556e-04  9.98194e-01  1.00030e+00
7.33038e+01  9.99021e-01  -3.50030e-04  -6.03038e-04  9.98444e-01  1.00025e+00
7.34085e+01  9.99193e-01  -2.94054e-04  -4.98460e-04  9.98709e-01  1.00020e+00
7.35133e+01  9.99372e-01  -2.35145e-04  -3.88993e-04  9.98987e-01  1.00015e+00
7.36180e+01  9.99558e-01  -1.73955e-04  -2.75853e-04  9.99274e-01  1.00010e+00
7.37227e+01  9.99747e-01  -1.11162e-04  -1.60293e-04  9.99568e-01  1.00005e+00
7.38274e+01  9.99939e-01  -4.74580e-05  -4.35873e-05  9.99865e-01  9.99996e-01
7.39321e+01  1.00013e+00  1.64559e-05  7.29834e-05  1.00016e+00  9.99943e-01
7.40369e+01  1.00032e+00  7.98788e-05  1.88145e-04  1.00046e+00  9.99892e-01
7.41416e+01  1.00050e+00  1.42117e-04  3.00644e-04  1.00074e+00  9.99841e-01
7.42463e+01  1.00068e+00  2.02492e-04  4.09260e-04  1.00102e+00  9.99793e-01
7.43510e+01  1.00085e+00  2.60348e-04  5.12823e-04  1.00129e+00  9.99748e-01
7.44557e+01  1.00101e+00  3.15058e-04  6.10221e-04  1.00154e+00  9.99705e-01
7.45605e+01  1.00115e+00  3.66033e-04  7.00415e-04  1.00177e+00  9.99666e-01
7.46652e+01  1.00129e+00  4.12727e-04  7.82451e-04  1.00198e+00  9.99630e-01
7.47699e+01  1.00141e+00  4.54643e-04  8.55469e-04  1.00217e+00  9.99599e-01
7.48746e+01  1.00151e+00  4.91341e-04  9.18712e-04  1.00233e+00  9.99573e-01
7.49793e+01  1.00160e+00  5.22440e-04  9.71534e-04  1.00247e+00  9.99551e-01
7.50841e+01  1.00166e+00  5.47623e-04  1.01341e-03  1.00257e+00  9.99534e-01
7.51888e+01  1.00171e+00  5.66641e-04  1.04393e-03  1.00265e+00  9.99523e-01
7.52935e+01  1.00174e+00  5.79316e-04  1.06283e-03  1.00270e+00  9.99516e-01
7.53982e+01  1.00175e+00  5.85540e-04  1.06996e-03  1.00273e+00  9.99516e-01
7.55029e+01  1.00175e+00  5.85281e-04  1.06530e-03  1.00272e+00  9.99520e-01
7.56077e+01  1.00172e+00  5.78577e-04  1.04898e-03  1.00268e+00  9.99530e-01
7.57124e+01  1.00167e+00  5.65540e-04  1.02123e-03  1.00261e+00  9.99544e-01
7.58171e+01  1.00161e+00  5.46351e-04  9.82431e-04  1.00251e+00  9.99564e-01
7.59218e+01  1.00153e+00  5.21260e-04  9.33069e-04  1.00239e+00  9.99588e-01
7.60265e+01  1.00143e+00  4.90580e-04  8.73750e-04  1.00224e+00  9.99617e-01
7.61313e+01  1.00132e+00  4.54684e-04  8.05184e-04  1.00207e+00  9.99650e-01
7.62360e+01  1.00119e+00  4.14003e-04  7.28180e-04  1.00187e+00  9.99686e-01
7.63407e+01  1.00105e+00  3.69016e-04  6.43633e-04  1.00166e+00  9.99725e-01
7.64454e+01  1.00090e+00  3.20245e-04  5.52517e-04  1.00143e+00  9.99768e-01
7.65501e+01  1.00074e+00  2.68253e-04  4.55872e-04  1.00118e+00  9.99812e-01
7.66549e+01  1.00058e+00  2.13632e-04  3.54790e-04  1.00092e+00  9.99859e-01
7.67596e+01  1.00040e+00  1.57000e-04  2.50406e-04  1.00066e+00  9.99907e-01
7.68643e+01  1.00023e+00  9.89892e-05  1.43884e-04  1.00039e+00  9.99955e-01
7.69690e+01  1.00005e+00  4.02452e-05  3.64008e-05  1.00011e+00  1.00000e+00
7.70737e+01  9.99878e-01  -1.85853e-05  -7.08615e-05  9.99840e-01  1.00005e+00
7.71785e+01  9.99705e-01  -7.68596e-05  -1.76733e-04  9.99570e-01  1.00010e+00
7.72832e+01  9.99535e-01  -1.33946e-04  -2.80066e-04  9.99306e-01  1.00015e+00
7.73879e+01  9.99372e-01  -1.89231e-04  -3.79748e-04  9.99051e-01  1.00019e+00
7.74926e+01  9.99217e-01  -2.42125e-04  -4.74715e-04  9.98808e-01  1.00023e+00
7.75973e+01  9.99071e-01  -2.92068e-04  -5.63961e-04  9.98580e-01  1.00027e+00
7.77021e+01  9.98935e-01  -3.38539e-04  -6.46548e-04  9.98368e-01  1.00031e+00
7.78068e+01  9.98813e-01  -3.81055e-04  -7.21615e-04  9.98176e-01  1.00034e+00
7.79115e+01  9.98703e-01  -4.19179e-04  -7.88391e-04  9.98004e-01  1.00037e+00
7.80162e+01  9.98609e-01  -4.52527e-04  -8.46197e-04  9.97855e-01  1.00039e+00
7.81209e+01  9.98530e-01  -4.80765e-04  -8.94456e-04  9.97730e-01  1.00041e+00
7.82257e+01  9.98468e-01  -5.03618e-04  -9.32698e-04  9.97631e-01  1.00043e+00
7.83304e+01  9.98423e-01  -5.20871e-04  -9.60562e-04  9.97558e-01  1.00044e+00
7.84351e+01  9.98395e-01  -5.32367e-04  -9.77804e-04  9.97512e-01  1.00045e+00
7.85398e+01  9.98385e-01  -5.38013e-04  -9.84292e-04  9.97493e-01  1.00045e+00
7.86445e+01  9.98392e-01  -5.37779e-04  -9.80015e-04  9.97502e-01  1.00044e+00
7.87493e+01  9.98417e-01  -5.31698e-04  -9.65076e-04  9.97538e-01  1.00043e+00
7.88540e+01  9.98459e-01  -5.19865e-04  -9.39691e-04  9.97601e-01  1.00042e+00
7.89587e+01  9.98518e-01  -5.02435e-04  -9.04189e-04  9.97689e-01  1.00040e+00
7.90634e+01  9.98593e-01  -4.79623e-04  -8.59008e-04  9.97802e-01  1.00038e+00
7.91681e+01  9.98682e-01  -4.51700e-04  -8.04687e-04  9.97939e-01  1.00035e+00
7.92729e+01  9.98786e-01  -4.18992e-04  -7.41860e-04  9.98097e-01  1.00032e+00
7.93776e+01  9.98902e-01  -3.81874e-04  -6.71252e-04  9.98276e-01  1.00029e+00
7.94823e+01  9.99029e-01  -3.40768e-04  -5.93669e-04  9.98472e-01  1.00025e+00
7.95870e+01  9.99167e-01  -2.96136e-04  -5.09988e-04  9.98684e-01  1.00021e+00
7.96917e+01  9.99313e-01  -2.48479e-04  -4.21150e-04  9.98909e-01  1.00017e+00
7.97965e+01  9.99466e-01  -1.98326e-04  -3.28148e-04  9.99145e-01  1.00013e+00
7.99012e+01  9.99624e-01  -1.46236e-04  -2.32014e-04  9.99390e-01  1.00009e+00
8.00059e+01  9.99785e-01  -9.27824e-05  -1.33812e-04  9.99640e-01  1.00004e+00
8.01106e+01  9.99947e-01  -3.85561e-05  -3.46246e-05  9.99892e-01  9.99996e-01
8.02153e+01  1.00011e+00  1.58472e-05  6.44595e-05  1.00014e+00  9.99951e-01
8.03201e+01  1.00027e+00  6.98310e-05  1.62357e-04  1.00039e+00  9.99907e-01
8.04248e+01  1.00043e+00  1.22805e-04  2.58002e-04  1.00064e+00  9.99865e-01
8.05295e+01  1.00058e+00  1.74192e-04  3.50358e-04  1.00087e+00  9.99824e-01
8.06342e+01  1.00072e+00  2.23433e-04  4.38427e-04  1.00110e+00  9.99785e-01
8.07389e+01  1.00086e+00  2.69995e-04  5.21263e-04  1.00131e+00  9.99749e-01
8.08437e+01  1.00098e+00  3.13377e-04  5.97982e-04  1.00151e+00  9.99715e-01
8.09484e+01  1.00110e+00  3.53114e-04  6.67769e-04  1.00169e+00  9.99685e-01
8.10531e+01  1.00120e+00  3.88782e-04  7.29892e-04  1.00185e+00  9.99659e-01
8.11578e+01  1.00129e+00  4.20007e-04  7.83703e-04  1.00199e+00  9.99636e-01
8.12625e+01  1.00136e+00  4.46463e-04  8.28651e-04  1.00210e+00  9.99618e-01
8.13672e+01  1.00142e+00  4.67879e-04  8.64285e-04  1.00220e+00  9.99604e-01
8.14720e+01  1.00146e+00  4.84043e-04  8.90259e-04  1.00226e+00  9.99594e-01
8.15767e+01  1.00149e+00  4.94801e-04  9.06334e-04  1.00231e+00  9.99588e-01
8.16814e+01  1.00150e+00  5.00060e-04  9.12383e-04  1.00232e+00  9.99588e-01
8.17861e+01  1.00149e+00  4.99791e-04  9.08391e-04  1.00232e+00  9.99591e-01
8.18908e+01  1.00147e+00  4.94024e-04  8.94453e-04  1.00228e+00  9.99600e-01
8.19956e+01  1.00143e+00  4.82852e-04  8.70773e-04  1.00222e+00  9.99612e-01
8.21003e+01  1.00137e+00  4.66429e-04  8.37664e-04  1.00214e+00  9.99629e-01
8.22050e+01  1.00130e+00  4.44963e-04  7.95538e-04  1.00204e+00  9.99649e-01
8.23097e+01  1.00122e+00  4.18721e-04  7.44908e-04  1.00191e+00  9.99674e-01
8.24144e+01  1.00113e+00  3.88018e-04  6.86375e-04  1.00176e+00  9.99702e-01
8.25192e+01  1.00102e+00  3.53220e-04  6.20624e-04  1.00159e+00  9.99733e-01
8.26239e+01  1.00090e+00  3.14734e-04  5.48419e-04  1.00141e+00  9.99766e-01
8.27286e+01  1.00077e+00  2.73003e-04  4.70585e-04  1.00121e+00  9.99802e-01
8.28333e+01  1.00064e+00  2.28508e-04  3.88009e-04  1.00100e+00  9.99840e-01
8.29380e+01  1.00049e+00  1.81753e-04  3.01621e-04  1.00078e+00  9.99880e-01
8.30428e+01  1.00035e+00  1.33264e-04  2.12390e-04  1.00056e+00  9.99921e-01
8.31475e+01  1.00020e+00  8.35844e-05  1.21307e-04  1.00033e+00  9.99962e-01
8.32522e+01  1.00005e+00  3.32637e-05  2.93796e-05  1.00009e+00  1.00000e+00
8.33569e+01  9.99896e-01  -1.71436e-05  -6.23819e-05  9.99858e-01  1.00005e+00
8.34616e+01  9.99748e-01  -6.70864e-05  -1.52976e-04  9.99627e-01  1.00009e+00
8.35664e+01  9.99602e-01  -1.16023e-04  -2.41420e-04  9.99401e-01  1.00013e+00
8.36711e+01  9.99462e-01  -1.63426e-04  -3.26760e-04  9.99183e-01  1.00016e+00
8.37758e+01  9.99329e-01  -2.08789e-04  -4.08084e-04  9.98975e-01  1.00020e+00
8.38805e+01  9.99203e-01  -2.51631e-04  -4.84525e-04  9.98779e-01  1.00023e+00
8.39852e+01  9.99087e-01  -2.91500e-04  -5.55278e-04  9.98598e-01  1.00026e+00
8.40900e+01  9.98981e-01  -3.27982e-04  -6.19604e-04  9.98433e-01  1.00029e+00
8.41947e+01  9.98888e-01  -3.60699e-04  -6.76835e-04  9.98286e-01  1.00032e+00
8.42994e+01  9.98806e-01  -3.89319e-04  -7.26388e-04  9.98158e-01  1.00034e+00
8.44041e+01  9.98738e-01  -4.13552e-04  -7.67764e-04  9.98051e-01  1.00035e+00
8.45088e+01  9.98684e-01  -4.33161e-04  -8.00554e-04  9.97966e-01  1.00037e+00
8.46136e+01  9.98645e-01  -4.47957e-04  -8.24447e-04  9.97903e-01  1.00038e+00
8.47183e+01  9.98621e-01  -4.57805e-04  -8.39227e-04  9.97864e-01  1.00038e+00
8.48230e+01  9.98612e-01  -4.62622e-04  -8.44781e-04  9.97848e-01  1.00038e+00
8.49277e+01  9.98618e-01  -4.62381e-04  -8.41091e-04  9.97855e-01  1.00038e+00
8.50324e+01  9.98639e-01  -4.57109e-04  -8.28245e-04  9.97886e-01  1.00037e+00
8.51372e+01  9.98675e-01  -4.46886e-04  -8.06426e-04  9.97940e-01  1.00036e+00
8.52419e+01  9.98725e-01  -4.31844e-04  -7.75912e-04  9.98016e-01  1.00034e+00
8.53466e+01  9.98789e-01  -4.12168e-04  -7.37078e-04  9.98114e-01  1.00032e+00
8.54513e+01  9.98866e-01  -3.88091e-04  -6.90383e-04  9.98231e-01  1.00030e+00
8.55560e+01  9.98955e-01  -3.59893e-04  -6.36371e-04  9.98367e-01  1.00028e+00
8.56608e+01  9.99054e-01  -3.27895e-04  -5.75665e-04  9.98521e-01  1.00025e+00
8.57655e+01  9.99164e-01  -2.92462e-04  -5.08953e-04  9.98690e-01  1.00022e+00
8.58702e+01  9.99282e-01  -2.53991e-04  -4.36991e-04  9.98872e-01  1.00018e+00
8.59749e+01  9.99408e-01  -2.12913e-04  -3.60585e-04  9.99066e-01  1.00015e+00
8.60796e+01  9.99539e-01  -1.69685e-04  -2.80588e-04  9.99269e-01  1.00011e+00
8.61844e+01  9.99675e-01  -1.24787e-04  -1.97889e-04  9.99479e-01  1.00007e+00
8.62891e+01  9.99814e-01  -7.87155e-05  -1.13401e-04  9.99694e-01  1.00003e+00
8.63938e+01  9.99954e-01  -3.19772e-05  -2.80563e-05  9.99912e-01  9.99996e-01
8.64985e+01  1.00009e+00  1.49137e-05  5.72092e-05  1.00013e+00  9.99958e-01
8.66032e+01  1.00023e+00  6.14433e-05  1.41463e-04  1.00034e+00  9.99920e-01
8.67080e+01  1.00037e+00  1.07103e-04  2.23788e-04  1.00055e+00  9.99883e-01
8.68127e+01  1.00050e+00  1.51395e-04  3.03289e-04  1.00076e+00  9.99848e-01
8.69174e+01  1.00062e+00  1.93838e-04  3.79109e-04  1.00095e+00  9.99815e-01
8.70221e+01  1.00074e+00  2.33972e-04  4.50432e-04  1.00113e+00  9.99784e-01
8.71268e+01  1.00085e+00  2.71365e-04  5.16496e-04  1.00130e+00  9.99755e-01
8.72316e+01  1.00095e+00  3.05617e-04  5.76597e-04  1.00146e+00  9.99729e-01
8.73363e+01  1.00104e+00  3.36361e-04  6.30103e-04  1.00160e+00  9.99706e-01
8.74410e+01  1.00111e+00  3.63275e-04  6.76455e-04  1.00172e+00  9.99687e-01
8.75457e+01  1.00118e+00  3.86076e-04  7.15177e-04  1.00182e+00  9.99671e-01
8.76504e+01  1.00123e+00  4.04531e-04  7.45876e-04  1.00190e+00  9.99659e-01
8.77552e+01  1.00126e+00  4.18454e-04  7.68252e-04  1.00195e+00  9.99650e-01
8.78599e+01  1.00129e+00  4.27714e-04  7.82098e-04  1.00199e+00  9.99646e-01
8.79646e+01  1.00129e+00  4.32228e-04  7.87301e-04  1.00201e+00  9.99645e-01
8.80693e+01  1.00129e+00  4.31968e-04  7.83844e-04  1.00200e+00  9.99648e-01
8.81740e+01  1.00127e+00  4.26961e-04  7.71807e-04  1.00197e+00  9.99655e-01
8.82788e+01  1.00124e+00  4.17285e-04  7.51362e-04  1.00192e+00  9.99666e-01
8.83835e+01  1.00119e+00  4.03070e-04  7.22776e-04  1.00185e+00  9.99680e-01
8.84882e+01  1.00113e+00  3.84495e-04  6.86403e-04  1.00176e+00  9.99698e-01
8.85929e+01  1.00106e+00  3.61788e-04  6.42680e-04  1.00165e+00  9.99719e-01
8.86976e+01  1.00097e+00  3.35221e-04  5.92124e-04  1.00152e+00  9.99743e-01
8.88024e+01  1.00088e+00  3.05106e-04  5.35324e-04  1.00138e+00  9.99770e-01
8.89071e+01  1.00078e+00  2.71794e-04  4.72936e-04  1.00122e+00  9.99799e-01
8.90118e+01  1.00067e+00  2.35669e-04  4.05672e-04  1.00105e+00  9.99830e-01
8.91165e+01  1.00055e+00  1.97143e-04  3.34295e-04  1.00087e+00  9.99863e-01
8.92212e+01  1.00043e+00  1.56651e-04  2.59607e-04  1.00068e+00  9.99897e-01
8.93260e+01  1.00030e+00  1.14650e-04  1.82444e-04  1.00048e+00  9.99932e-01
8.94307e+01  1.00017e+00  7.16062e-05  1.03664e-04  1.00028e+00  9.99968e-01
8.95354e+01  1.00004e+00  2.79981e-05  2.41355e-05  1.00008e+00  1.00000e+00
8.96401e+01  9.99911e-01  -1.56950e-05  -5.52665e-05  9.99874e-01  1.00004e+00
8.97448e+01  9.99782e-01  -5.89953e-05  -1.33675e-04  9.99674e-01  1.00007e+00
8.98495e+01  9.99656e-01  -1.01433e-04  -2.10239e-04  9.99478e-01  1.00011e+00
8.99543e+01  9.99534e-01  -1.42549e-04  -2.84132e-04  9.99289e-01  1.00014e+00
9.00590e+01  9.99418e-01  -1.81904e-04  -3.54562e-04  9.99109e-01  1.00017e+00
9.01637e+01  9.99309e-01  -2.19078e-04  -4.20777e-04  9.98939e-01  1.00020e+00
9.02684e+01  9.99208e-01  -2.53680e-04  -4.82077e-04  9.98782e-01  1.00023e+00
9.03731e+01  9.99116e-01  -2.85347e-04  -5.37818e-04  9.98639e-01  1.00025e+00
9.04779e+01  9.99035e-01  -3.13749e-04  -5.87421e-04  9.98511e-01  1.00027e+00
9.05826e+01  9.98964e-01  -3.38597e-04  -6.30376e-04  9.98401e-01  1.00029e+00
9.06873e+01  9.98904e-01  -3.59638e-04  -6.66248e-04  9.98308e-01  1.00031e+00
9.07920e+01  9.98857e-01  -3.76662e-04  -6.94680e-04  9.98234e-01  1.00032e+00
9.08967e+01  9.98823e-01  -3.89505e-04  -7.15398e-04  9.98180e-01  1.00033e+00
9.10015e+01  9.98802e-01  -3.98047e-04  -7.28213e-04  9.98146e-01  1.00033e+00
9.11062e+01  9.98794e-01  -4.02215e-04  -7.33023e-04  9.98132e-01  1.00033e+00
9.12109e+01  9.98799e-01  -4.01984e-04  -7.29811e-04  9.98138e-01  1.00033e+00
9.13156e+01  9.98817e-01  -3.97376e-04  -7.18650e-04  9.98165e-01  1.00032e+00
9.14203e+01  9.98848e-01  -3.88460e-04  -6.99696e-04  9.98212e-01  1.00031e+00
9.15251e+01  9.98891e-01  -3.75350e-04  -6.73190e-04  9.98278e-01  1.00030e+00
9.16298e+01  9.98946e-01  -3.58206e-04  -6.39453e-04  9.98363e-01  1.00028e+00
9.17345e+01  9.99013e-01  -3.37230e-04  -5.98884e-04  9.98465e-01  1.00026e+00
9.18392e+01  9.99090e-01  -3.12665e-04  -5.51954e-04  9.98583e-01  1.00024e+00
9.19439e+01  9.99177e-01  -2.84791e-04  -4.99201e-04  9.98717e-01  1.00021e+00
9.20487e+01  9.99272e-01  -2.53924e-04  -4.41223e-04  9.98864e-01  1.00019e+00
9.21534e+01  9.99375e-01  -2.20411e-04  -3.78676e-04  9.99022e-01  1.00016e+00
9.22581e+01  9.99484e-01  -1.84626e-04  -3.12259e-04  9.99191e-01  1.00013e+00
9.23628e+01  9.99598e-01  -1.46968e-04  -2.42713e-04  9.99368e-01  1.00010e+00
9.24675e+01  9.99716e-01  -1.07853e-04  -1.70811e-04  9.99551e-01  1.00006e+00
9.25723e+01  9.99837e-01  -6.77152e-05  -9.73456e-05  9.99738e-01  1.00003e+00
9.26770e+01  9.99959e-01  -2.69955e-05  -2.31276e-05  9.99927e-01  9.99996e-01
9.27817e+01  1.00008e+00  1.38585e-05  5.10292e-05  1.00012e+00  9.99963e-01
9.28864e+01  1.00020e+00  5.43990e-05  1.24314e-04  1.00030e+00  9.99930e-01
9.29911e+01  1.00032e+00  9.41828e-05  1.95927e-04  1.00049e+00  9.99898e-01
9.30959e+01  1.00043e+00  1.32776e-04  2.65093e-04  1.00066e+00  9.99868e-01
9.32006e+01  1.00054e+00  1.69760e-04  3.31062e-04  1.00083e+00  9.99839e-01
9.33053e+01  1.00064e+00  2.04734e-04  3.93126e-04  1.00099e+00  9.99812e-01
9.34100e+01  1.00074e+00  2.37320e-04  4.50618e-04  1.00114e+00  9.99787e-01
9.35147e+01  1.00083e+00  2.67170e-04  5.02928e-04  1.00127e+00  9.99764e-01
9.36195e+01  1.00090e+00  2.93964e-04  5.49502e-04  1.00139e+00  9.99744e-01
9.37242e+01  1.00097e+00  3.17420e-04  5.89854e-04  1.00150e+00  9.99728e-01
9.38289e+01  1.00103e+00  3.37292e-04  6.23565e-04  1.00158e+00  9.99714e-01
9.39336e+01  1.00107e+00  3.53376e-04  6.50295e-04  1.00165e+00  9.99703e-01
9.40383e+01  1.00110e+00  3.65509e-04  6.69778e-04  1.00171e+00  9.99696e-01
9.41431e+01  1.00112e+00  3.73574e-04  6.81833e-04  1.00174e+00  9.99692e-01
9.42478e+01  1.00113e+00  3.77500e-04  6.86359e-04  1.00175e+00  9.99691e-01
9.43525e+01  1.00113e+00  3.77261e-04  6.83339e-04  1.00174e+00  9.99694e-01
9.44572e+01  1.00111e+00  3.72879e-04  6.72840e-04  1.00172e+00  9.99700e-01
9.45619e+01  1.00108e+00  3.64419e-04  6.55011e-04  1.00167e+00  9.99709e-01
9.46667e+01  1.00104e+00  3.51996e-04  6.30080e-04  1.00161e+00  9.99722e-01
9.47714e+01  1.00099e+00  3.35763e-04  5.98355e-04  1.00153e+00  9.99737e-01
9.48761e+01  1.00092e+00  3.15917e-04  5.60213e-04  1.00144e+00  9.99756e-01
9.49808e+01  1.00085e+00  2.92696e-04  5.16105e-04  1.00132e+00  9.99777e-01
9.50855e+01  1.00077e+00  2.66370e-04  4.66541e-04  1.00120e+00  9.99800e-01
9.51903e+01  1.00068e+00  2.37245e-04  4.12090e-04  1.00106e+00  9.99825e-01
9.52950e+01  1.00059e+00  2.05654e-04  3.53375e-04  1.00091e+00  9.99852e-01
9.53997e+01  1.00048e+00  1.71957e-04  2.91056e-04  1.00075e+00  9.99881e-01
9.55044e+01  1.00038e+00  1.36534e-04  2.25836e-04  1.00059e+00  9.99911e-01
9.56091e+01  1.00026e+00  9.97833e-05  1.58442e-04  1.00042e+00  9.99941e-01
9.57139e+01  1.00015e+00  6.21128e-05  8.96218e-05  1.00024e+00  9.99972e-01
9.58186e+01  1.00004e+00  2.39400e-05  2.01356e-05  1.00006e+00  1.00000e+00
9.59233e+01  9.99923e-01  -1.43152e-05  -4.92536e-05  9.99887e-01  1.00003e+00
9.60280e+01  9.99810e-01  -5.22345e-05  -1.17788e-04  9.99712e-01  1.00007e+00
9.61327e+01  9.99699e-01  -8.94056e-05  -1.84722e-04  9.99541e-01  1.00010e+00
9.62375e+01  9.99593e-01  -1.25427e-04  -2.49333e-04  9.99376e-01  1.00012e+00
9.63422e+01  9.99491e-01  -1.59912e-04  -3.10927e-04  9.99218e-01  1.00015e+00
9.64469e+01  9.99395e-01  -1.92493e-04  -3.68846e-04  9.99070e-01  1.00018e+00
9.65516e+01  9.99307e-01  -2.22824e-04  -4.22474e-04  9.98932e-01  1.00020e+00
9.66563e+01  9.99226e-01  -2.50587e-04  -4.71249e-04  9.98807e-01  1.00022e+00
9.67611e+01  9.99154e-01  -2.75492e-04  -5.14659e-04  9.98695e-01  1.00024e+00
9.68658e+01  9.99092e-01  -2.97283e-04  -5.52257e-04  9.98598e-01  1.00025e+00
9.69705e+01  9.99040e-01  -3.15737e-04  -5.83659e-04  9.98517e-01  1.00027e+00
9.70752e+01  9.98998e-01  -3.30669e-04  -6.08552e-04  9.98452e-01  1.00028e+00
9.71799e+01  9.98968e-01  -3.41933e-04  -6.26693e-04  9.98405e-01  1.00028e+00
9.72847e+01  9.98949e-01  -3.49423e-04  -6.37914e-04  9.98375e-01  1.00029e+00
9.73894e+01  9.98941e-01  -3.53074e-04  -6.42123e-04  9.98363e-01  1.00029e+00
9.74941e+01  9.98945e-01  -3.52862e-04  -6.39305e-04  9.98369e-01  1.00029e+00
9.75988e+01  9.98961e-01  -3.48805e-04  -6.29519e-04  9.98392e-01  1.00028e+00
9.77035e+01  9.98988e-01  -3.40964e-04  -6.12902e-04  9.98433e-01  1.00027e+00
9.78083e+01  9.99026e-01  -3.29438e-04  -5.89663e-04  9.98491e-01  1.00026e+00
9.79130e+01  9.99074e-01  -3.14366e-04  -5.60082e-04  9.98565e-01  1.00025e+00
9.80177e+01  9.99133e-01  -2.95926e-04  -5.24507e-04  9.98655e-01  1.00023e+00
9.81224e+01  9.99200e-01  -2.74330e-04  -4.83350e-04  9.98759e-01  1.00021e+00
9.82271e+01  9.99276e-01  -2.49825e-04  -4.37081e-04  9.98876e-01  1.00019e+00
9.83319e+01  9.99360e-01  -2.22687e-04  -3.86226e-04  9.99005e-01  1.00016e+00
9.84366e+01  9.99450e-01  -1.93222e-04  -3.31355e-04  9.99144e-01  1.00014e+00
9.85413e+01  9.99546e-01  -1.61758e-04  -2.73085e-04  9.99292e-01  1.00011e+00
9.86460e+01  9.99646e-01  -1.28645e-04  -2.12063e-04  9.99447e-01  1.00008e+00
9.87507e+01  9.99750e-01  -9.42500e-05  -1.48967e-04  9.99608e-01  1.00005e+00
9.88554e+01  9.99856e-01  -5.89531e-05  -8.44936e-05  9.99772e-01  1.00003e+00
9.89602e+01  9.99964e-01  -2.31429e-05  -1.93529e-05  9.99938e-01  9.99996e-01
9.90649e+01  1.00007e+00  1.27871e-05  4.57403e-05  1.00010e+00  9.99967e-01
9.91696e+01  1.00018e+00  4.84433e-05  1.10074e-04  1.00027e+00  9.99938e-01
9.92743e+01  1.00028e+00  8.34360e-05  1.72947e-04  1.00043e+00  9.99910e-01
9.93790e+01  1.00038e+00  1.17384e-04  2.33677e-04  1.00058e+00  9.99884e-01
9.94838e+01  1.00048e+00  1.49917e-04  2.91607e-04  1.00073e+00  9.99858e-01
9.95885e+01  1.00057e+00  1.80685e-04  3.46111e-04  1.00087e+00  9.99835e-01
9.96932e+01  1.00065e+00  2.09354e-04  3.96607e-04  1.00100e+00  9.99813e-01
9.97979e+01  1.00073e+00  2.35617e-04  4.42556e-04  1.00112e+00  9.99793e-01
9.99026e+01  1.00079e+00  2.59194e-04  4.83471e-04  1.00123e+00  9.99776e-01
1.00007e+02  1.00085e+00  2.79835e-04  5.18922e-04  1.00132e+00  9.99761e-01
1.00112e+02  1.00090e+00  2.97323e-04  5.48544e-04  1.00139e+00  9.99749e-01
1.00217e+02  1.00094e+00  3.11478e-04  5.72032e-04  1.00146e+00  9.99739e-01
1.00322e+02  1.00097e+00  3.22157e-04  5.89154e-04  1.00150e+00  9.99733e-01
1.00426e+02  1.00099e+00  3.29255e-04  5.99749e-04  1.00153e+00  9.99730e-01
1.00531e+02  1.00100e+00  3.32708e-04  6.03724e-04  1.00154e+00  9.99729e-01
1.00636e+02  1.00099e+00  3.32494e-04  6.01066e-04  1.00153e+00  9.99731e-01
1.00740e+02  1.00098e+00  3.28630e-04  5.91830e-04  1.00151e+00  9.99737e-01
1.00845e+02  1.00095e+00  3.21174e-04  5.76144e-04  1.00147e+00  9.99745e-01
1.00950e+02  1.00092e+00  3.10223e-04  5.54210e-04  1.00142e+00  9.99756e-01
1.01055e+02  1.00087e+00  2.95913e-04  5.26293e-04  1.00135e+00  9.99770e-01
1.01159e+02  1.00082e+00  2.78417e-04  4.92726e-04  1.00126e+00  9.99786e-01
1.01264e+02  1.00075e+00  2.57941e-04  4.53903e-04  1.00117e+00  9.99804e-01
1.01369e+02  1.00068e+00  2.34723e-04  4.10270e-04  1.00106e+00  9.99824e-01
1.01473e+02  1.00060e+00  2.09033e-04  3.62330e-04  1.00093e+00  9.99847e-01
1.01578e+02  1.00052e+00  1.81162e-04  3.10625e-04  1.00080e+00  9.99871e-01
1.01683e+02  1.00043e+00  1.51428e-04  2.55739e-04  1.00066e+00  9.99896e-01
1.01788e+02  1.00033e+00  1.20165e-04  1.98287e-04  1.00052e+00  9.99922e-01
1.01892e+02  1.00023e+00  8.77232e-05  1.38911e-04  1.00037e+00  9.99949e-01
1.01997e+02  1.00013e+00  5.44633e-05  7.82680e-05  1.00021e+00  9.99976e-01
1.02102e+02  1.00003e+00  2.07531e-05  1.70281e-05  1.00005e+00  1.00000e+00
1.02206e+02  9.99933e-01  -1.30365e-05  -4.41367e-05  9.99899e-01  1.00003e+00
1.02311e+02  9.99833e-01  -4.65360e-05  -1.04558e-04  9.99744e-01  1.00006e+00
1.02416e+02  9.99735e-01  -7.93811e-05  -1.63578e-04  9.99593e-01  1.00008e+00
1.02521e+02  9.99641e-01  -1.11217e-04  -2.20560e-04  9.99448e-01  1.00011e+00
1.02625e+02  9.99551e-01  -1.41700e-04  -2.74889e-04  9.99309e-01  1.00013e+00
1.02730e+02  9.99466e-01  -1.70505e-04  -3.25985e-04  9.99178e-01  1.00016e+00
1.02835e+02  9.99388e-01  -1.97327e-04  -3.73303e-04  9.99056e-01  1.00018e+00
1.02940e+02  9.99316e-01  -2.21881e-04  -4.16345e-04  9.98945e-01  1.00019e+00
1.03044e+02  9.99252e-01  -2.43912e-04  -4.54660e-04  9.98847e-01  1.00021e+00
1.03149e+02  9.99197e-01  -2.63191e-04  -4.87849e-04  9.98761e-01  1.00022e+00
1.03254e+02  9.99151e-01  -2.79520e-04  -5.15573e-04  9.98689e-01  1.00024e+00
1.03358e+02  9.99114e-01  -2.92735e-04  -5.37553e-04  9.98632e-01  1.00024e+00
1.03463e+02  9.99087e-01  -3.02704e-04  -5.53573e-04  9.98590e-01  1.00025e+00
1.03568e+02  9.99070e-01  -3.09334e-04  -5.63483e-04  9.98564e-01  1.00025e+00
1.03673e+02  9.99063e-01  -3.12565e-04  -5.67200e-04  9.98553e-01  1.00025e+00
1.03777e+02  9.99066e-01  -3.12375e-04  -5.64709e-04  9.98558e-01  1.00025e+00
1.03882e+02  9.99080e-01  -3.08781e-04  -5.56061e-04  9.98579e-01  1.00025e+00
1.03987e+02  9.99104e-01  -3.01834e-04  -5.41375e-04  9.98615e-01  1.00024e+00
1.04091e+02  9.99137e-01  -2.91622e-04  -5.20834e-04  9.98667e-01  1.00023e+00
1.04196e+02  9.99180e-01  -2.78267e-04  -4.94685e-04  9.98732e-01  1.00022e+00
1.04301e+02  9.99231e-01  -2.61927e-04  -4.63235e-04  9.98812e-01  1.00020e+00
1.04406e+02  9.99291e-01  -2.42788e-04  -4.26846e-04  9.98904e-01  1.00018e+00
1.04510e+02  9.99358e-01  -2.21070e-04  -3.85933e-04  9.99007e-01  1.00016e+00
1.04615e+02  9.99432e-01  -1.97017e-04  -3.40959e-04  9.99121e-01  1.00014e+00
1.04720e+02  9.99512e-01  -1.70899e-04  -2.92431e-04  9.99244e-01  1.00012e+00
1.04824e+02  9.99597e-01  -1.43007e-04  -2.40890e-04  9.99375e-01  1.00010e+00
1.04929e+02  9.99686e-01  -1.13651e-04  -1.86911e-04  9.99513e-01  1.00007e+00
1.05034e+02  9.99778e-01  -8.31573e-05  -1.31092e-04  9.99655e-01  1.00005e+00
1.05139e+02  9.99872e-01  -5.18615e-05  -7.40488e-05  9.99800e-01  1.00002e+00
1.05243e+02  9.99967e-01  -2.01084e-05  -1.64100e-05  9.99947e-01  9.99996e-01
1.05348e+02  1.00006e+00  1.17531e-05  4.11921e-05  1.00009e+00  9.99971e-01
1.05453e+02  1.00016e+00  4.33740e-05  9.81275e-05  1.00024e+00  9.99945e-01
1.05558e+02  1.00025e+00  7.44086e-05  1.53775e-04  1.00038e+00  9.99921e-01
1.05662e+02  1.00034e+00  1.04519e-04  2.07531e-04  1.00052e+00  9.99897e-01
1.05767e+02  1.00042e+00  1.33377e-04  2.58813e-04  1.00065e+00  9.99875e-01
1.05872e+02  1.00050e+00  1.60671e-04  3.07068e-04  1.00077e+00  9.99854e-01
1.05976e+02  1.00058e+00  1.86105e-04  3.51778e-04  1.00089e+00  9.99834e-01
1.06081e+02  1.00064e+00  2.09408e-04  3.92466e-04  1.00099e+00  9.99817e-01
1.06186e+02  1.00071e+00  2.30328e-04  4.28700e-04  1.00109e+00  9.99802e-01
1.06291e+02  1.00076e+00  2.48646e-04  4.60099e-04  1.00117e+00  9.99789e-01
1.06395e+02  1.00080e+00  2.64168e-04  4.86337e-04  1.00124e+00  9.99778e-01
1.06500e+02  1.00084e+00  2.76733e-04  5.07145e-04  1.00129e+00  9.99770e-01
1.06605e+02  1.00086e+00  2.86214e-04  5.22315e-04  1.00133e+00  9.99764e-01
1.06709e+02  1.00088e+00  2.92518e-04  5.31702e-04  1.00136e+00  9.99761e-01
1.06814e+02  1.00088e+00  2.95587e-04  5.35225e-04  1.00137e+00  9.99760e-01
1.06919e+02  1.00088e+00  2.95399e-04  5.32869e-04  1.00136e+00  9.99763e-01
1.07024e+02  1.00087e+00  2.91970e-04  5.24681e-04  1.00134e+00  9.99767e-01
1.07128e+02  1.00085e+00  2.85350e-04  5.10775e-04  1.00131e+00  9.99775e-01
1.07233e+02  1.00081e+00  2.75624e-04  4.91327e-04  1.00126e+00  9.99784e-01
1.07338e+02  1.00077e+00  2.62913e-04  4.66570e-04  1.00120e+00  9.99796e-01
1.07442e+02  1.00073e+00  2.47368e-04  4.36800e-04  1.00112e+00  9.99811e-01
1.07547e+02  1.00067e+00  2.29172e-04  4.02362e-04  1.00103e+00  9.99827e-01
1.07652e+02  1.00061e+00  2.08536e-04  3.63654e-04  1.00094e+00  9.99845e-01
1.07757e+02  1.00054e+00  1.85698e-04  3.21117e-04  1.00083e+00  9.99865e-01
1.07861e+02  1.00046e+00  1.60917e-04  2.75233e-04  1.00071e+00  9.99886e-01
1.07966e+02  1.00038e+00  1.34474e-04  2.26520e-04  1.00059e+00  9.99908e-01
1.08071e+02  1.00030e+00  1.06667e-04  1.75522e-04  1.00046e+00  9.99931e-01
1.08176e+02  1.00021e+00  7.78051e-05  1.22807e-04  1.00032e+00  9.99955e-01
1.08280e+02  1.00012e+00  4.82101e-05  6.89601e-05  1.00019e+00  9.99979e-01
1.08385e+02  1.00003e+00  1.82087e-05  1.45746e-05  1.00005e+00  1.00000e+00
1.08490e+02  9.99941e-01  -1.18691e-05  -3.97523e-05  9.99909e-01  1.00003e+00
1.08594e+02  9.99852e-01  -4.16943e-05  -9.34268e-05  9.99771e-01  1.00005e+00
1.08699e+02  9.99765e-01  -7.09424e-05  -1.45865e-04  9.99637e-01  1.00007e+00
1.08804e+02  9.99681e-01  -9.92966e-05  -1.96499e-04  9.99508e-01  1.00010e+00
1.08909e+02  9.99601e-01  -1.26452e-04  -2.44783e-04  9.99384e-01  1.00012e+00
1.09013e+02  9.99525e-01  -1.52117e-04  -2.90200e-04  9.99267e-01  1.00014e+00
1.09118e+02  9.99455e-01  -1.76018e-04  -3.32266e-04  9.99159e-01  1.00016e+00
1.09223e+02  9.99391e-01  -1.97904e-04  -3.70536e-04  9.99061e-01  1.00017e+00
1.09327e+02  9.99334e-01  -2.17544e-04  -4.04607e-04  9.98973e-01  1.00019e+00
1.09432e+02  9.99285e-01  -2.34734e-04  -4.34124e-04  9.98897e-01  1.00020e+00
1.09537e+02  9.99243e-01  -2.49296e-04  -4.58784e-04  9.98833e-01  1.00021e+00
1.09642e+02  9.99210e-01  -2.61083e-04  -4.78338e-04  9.98782e-01  1.00022e+00
1.09746e+02  9.99186e-01  -2.69978e-04  -4.92592e-04  9.98745e-01  1.00022e+00
1.09851e+02  9.99171e-01  -2.75895e-04  -5.01411e-04  9.98721e-01  1.00023e+00
1.09956e+02  9.99164e-01  -2.78781e-04  -5.04720e-04  9.98712e-01  1.00023e+00
1.10060e+02  9.99167e-01  -2.78616e-04  -5.02503e-04  9.98716e-01  1.00022e+00
1.10165e+02  9.99179e-01  -2.75412e-04  -4.94807e-04  9.98735e-01  1.00022e+00
1.10270e+02  9.99200e-01  -2.69216e-04  -4.81734e-04  9.98767e-01  1.00021e+00
1.10375e+02  9.99230e-01  -2.60106e-04  -4.63448e-04  9.98813e-01  1.00020e+00
1.10479e+02  9.99268e-01  -2.48189e-04  -4.40166e-04  9.98871e-01  1.00019e+00
1.10584e+02  9.99314e-01  -2.33606e-04  -4.12161e-04  9.98942e-01  1.00018e+00
1.10689e+02  9.99367e-01  -2.16524e-04  -3.79755e-04  9.99024e-01  1.00016e+00
1.10794e+02  9.99426e-01  -1.97137e-04  -3.43316e-04  9.99116e-01  1.00015e+00
1.10898e+02  9.99492e-01  -1.75664e-04  -3.03257e-04  9.99218e-01  1.00013e+00
1.11003e+02  9.99564e-01  -1.52345e-04  -2.60028e-04  9.99328e-01  1.00011e+00
1.11108e+02  9.99639e-01  -1.27440e-04  -2.14111e-04  9.99444e-01  1.00009e+00
1.11212e+02  9.99719e-01  -1.01226e-04  -1.66018e-04  9.99567e-01  1.00006e+00
1.11317e+02  9.99801e-01  -7.39928e-05  -1.16280e-04  9.99693e-01  1.00004e+00
1.11422e+02  9.99885e-01  -4.60413e-05  -6.54472e-05  9.99823e-01  1.00002e+00
1.11527e+02  9.99970e-01  -1.76792e-05  -1.40792e-05  9.99954e-01  9.99996e-01
1.11631e+02  1.00005e+00  1.07820e-05  3.72606e-05  1.00009e+00  9.99974e-01
1.11736e+02  1.00014e+00  3.90306e-05  8.80107e-05  1.00022e+00  9.99951e-01
1.11841e+02  1.00022e+00  6.67579e-05  1.37618e-04  1.00034e+00  9.99929e-01
1.11945e+02  1.00030e+00  9.36614e-05  1.85542e-04  1.00046e+00  9.99908e-01
1.12050e+02  1.00038e+00  1.19449e-04  2.31265e-04  1.00058e+00  9.99888e-01
1.12155e+02  1.00045e+00  1.43841e-04  2.74293e-04  1.00069e+00  9.99870e-01
1.12260e+02  1.00052e+00  1.66573e-04  3.14164e-04  1.00079e+00  9.99852e-01
1.12364e+02  1.00058e+00  1.87402e-04  3.50451e-04  1.00089e+00  9.99837e-01
1.12469e+02  1.00063e+00  2.06105e-04  3.82770e-04  1.00097e+00  9.99823e-01
1.12574e+02  1.00068e+00  2.22483e-04  4.10779e-04  1.00104e+00  9.99812e-01
1.12678e+02  1.00072e+00  2.36364e-04  4.34187e-04  1.00110e+00  9.99802e-01
1.12783e+02  1.00075e+00  2.47603e-04  4.52752e-04  1.00115e+00  9.99795e-01
1.12888e+02  1.00077e+00  2.56086e-04  4.66290e-04  1.00119e+00  9.99790e-01
1.12993e+02  1.00079e+00  2.61729e-04  4.74668e-04  1.00121e+00  9.99787e-01
1.13097e+02  1.00079e+00  2.64479e-04  4.77814e-04  1.00122e+00  9.99787e-01
1.13202e+02  1.00079e+00  2.64318e-04  4.75712e-04  1.00122e+00  9.99789e-01
1.13307e+02  1.00078e+00  2.61257e-04  4.68405e-04  1.00120e+00  9.99793e-01
1.13411e+02  1.00076e+00  2.55341e-04  4.55992e-04  1.00117e+00  9.99799e-01
1.13516e+02  1.00073e+00  2.46646e-04  4.38628e-04  1.00112e+00  9.99808e-01
1.13621e+02  1.00069e+00  2.35277e-04  4.16524e-04  1.00107e+00  9.99819e-01
1.13726e+02  1.00065e+00  2.21370e-04  3.89938e-04  1.00100e+00  9.99831e-01
1.13830e+02  1.00060e+00  2.05089e-04  3.59180e-04  1.00092e+00  9.99846e-01
1.13935e+02  1.00054e+00  1.86620e-04  3.24604e-04  1.00084e+00  9.99862e-01
1.14040e+02  1.00048e+00  1.66177e-04  2.86602e-04  1.00074e+00  9.99880e-01
1.14145e+02  1.00041e+00  1.43990e-04  2.45605e-04  1.00064e+00  9.99898e-01
1.14249e+02  1.00034e+00  1.20311e-04  2.02074e-04  1.00052e+00  9.99918e-01
1.14354e+02  1.00027e+00  9.54048e-05  1.56494e-04  1.00041e+00  9.99939e-01
1.14459e+02  1.00019e+00  6.95499e-05  1.09375e-04  1.00029e+00  9.99960e-01
1.14563e+02  1.00011e+00  4.30331e-05  6.12361e-05  1.00017e+00  9.99982e-01
1.14668e+02  1.00003e+00  1.61473e-05  1.26096e-05  1.00004e+00  1.00000e+00
1.14773e+02  9.99948e-01  -1.08119e-05  -3.59712e-05  9.99917e-01  1.00003e+00
1.14878e+02  9.99868e-01  -3.75497e-05  -8.39750e-05  9.99795e-01  1.00005e+00
1.14982e+02  9.99790e-01  -6.37748e-05  -1.30879e-04  9.99674e-01  1.00007e+00
1.15087e+02  9.99715e-01  -8.92031e-05  -1.76176e-04  9.99558e-01  1.00009e+00
1.15192e+02  9.99643e-01  -1.13560e-04  -2.19377e-04  9.99448e-01  1.00011e+00
1.15296e+02  9.99575e-01  -1.36585e-04  -2.60018e-04  9.99343e-01  1.00012e+00
1.15401e+02  9.99512e-01  -1.58032e-04  -2.97665e-04  9.99247e-01  1.00014e+00
1.15506e+02  9.99454e-01  -1.77674e-04  -3.31919e-04  9.99158e-01  1.00015e+00
1.15611e+02  9.99403e-01  -1.95304e-04  -3.62419e-04  9.99080e-01  1.00017e+00
1.15715e+02  9.99359e-01  -2.10737e-04  -3.88846e-04  9.99012e-01  1.00018e+00
1.15820e+02  9.99321e-01  -2.23815e-04  -4.10928e-04  9.98954e-01  1.00019e+00
1.15925e+02  9.99292e-01  -2.34403e-04  -4.28439e-04  9.98909e-01  1.00019e+00
1.16029e+02  9.99270e-01  -2.42395e-04  -4.41207e-04  9.98875e-01  1.00020e+00
1.16134e+02  9.99256e-01  -2.47715e-04  -4.49108e-04  9.98854e-01  1.00020e+00
1.16239e+02  9.99250e-01  -2.50314e-04  -4.52074e-04  9.98846e-01  1.00020e+00
1.16344e+02  9.99252e-01  -2.50172e-04  -4.50091e-04  9.98850e-01  1.00020e+00
1.16448e+02  9.99263e-01  -2.47302e-04  -4.43198e-04  9.98866e-01  1.00020e+00
1.16553e+02  9.99282e-01  -2.41743e-04  -4.31487e-04  9.98895e-01  1.00019e+00
1.16658e+02  9.99308e-01  -2.33565e-04  -4.15103e-04  9.98936e-01  1.00018e+00
1.16763e+02  9.99342e-01  -2.22865e-04  -3.94241e-04  9.98989e-01  1.00017e+00
1.16867e+02  9.99383e-01  -2.09768e-04  -3.69143e-04  9.99052e-01  1.00016e+00
1.16972e+02  9.99431e-01  -1.94423e-04  -3.40098e-04  9.99125e-01  1.00015e+00
1.17077e+02  9.99484e-01  -1.77006e-04  -3.07435e-04  9.99208e-01  1.00013e+00
1.17181e+02  9.99543e-01  -1.57712e-04  -2.71524e-04  9.99299e-01  1.00011e+00
1.17286e+02  9.99607e-01  -1.36757e-04  -2.32768e-04  9.99398e-01  1.00010e+00
1.17391e+02  9.99675e-01  -1.14374e-04  -1.91598e-04  9.99502e-01  1.00008e+00
1.17496e+02  9.99746e-01  -9.08129e-05  -1.48473e-04  9.99612e-01  1.00006e+00
1.17600e+02  9.99820e-01  -6.63333e-05  -1.03869e-04  9.99726e-01  1.00004e+00
1.17705e+02  9.99896e-01  -4.12057e-05  -5.82801e-05  9.99842e-01  1.00002e+00
1.17810e+02  9.99972e-01  -1.57065e-05  -1.22071e-05  9.99960e-01  9.99997e-01
1.17914e+02  1.00005e+00  9.88409e-06  3.38445e-05  1.00008e+00  9.99976e-01
1.18019e+02  1.00012e+00  3.52859e-05  7.93709e-05  1.00019e+00  9.99956e-01
1.18124e+02  1.00020e+00  6.02211e-05  1.23876e-04  1.00031e+00  9.99936e-01
1.18229e+02  1.00027e+00  8.44181e-05  1.66874e-04  1.00042e+00  9.99918e-01
1.18333e+02  1.00034e+00  1.07614e-04  2.07902e-04  1.00052e+00  9.99900e-01
1.18438e+02  1.00040e+00  1.29556e-04  2.46514e-04  1.00062e+00  9.99883e-01
1.18543e+02  1.00046e+00  1.50008e-04  2.82297e-04  1.00071e+00  9.99868e-01
1.18647e+02  1.00052e+00  1.68751e-04  3.14866e-04  1.00080e+00  9.99854e-01
1.18752e+02  1.00057e+00  1.85582e-04  3.43877e-04  1.00087e+00  9.99842e-01
1.18857e+02  1.00061e+00  2.00324e-04  3.69021e-04  1.00094e+00  9.99831e-01
1.18962e+02  1.00064e+00  2.12821e-04  3.90037e-04  1.00099e+00  9.99823e-01
1.19066e+02  1.00067e+00  2.22942e-04  4.06708e-04  1.00104e+00  9.99816e-01
1.19171e+02  1.00069e+00  2.30584e-04  4.18866e-04  1.00107e+00  9.99812e-01
1.19276e+02  1.00071e+00  2.35671e-04  4.26392e-04  1.00109e+00  9.99809e-01
1.19381e+02  1.00071e+00  2.38155e-04  4.29220e-04  1.00110e+00  9.99809e-01
1.19485e+02  1.00071e+00  2.38019e-04  4.27335e-04  1.00109e+00  9.99811e-01
1.19590e+02  1.00070e+00  2.35272e-04  4.20774e-04  1.00108e+00  9.99814e-01
1.19695e+02  1.00068e+00  2.29954e-04  4.09626e-04  1.00105e+00  9.99820e-01
1.19799e+02  1.00066e+00  2.22133e-04  3.94029e-04  1.00101e+00  9.99828e-01
1.19904e+02  1.00063e+00  2.11903e-04  3.74171e-04  1.00096e+00  9.99838e-01
1.20009e+02  1.00059e+00  1.99386e-04  3.50283e-04  1.00090e+00  9.99849e-01
1.20114e+02  1.00054e+00  1.84727e-04  3.22643e-04  1.00083e+00  9.99862e-01
1.20218e+02  1.00049e+00  1.68095e-04  2.91567e-04  1.00075e+00  9.99877e-01
1.20323e+02  1.00043e+00  1.49681e-04  2.57408e-04  1.00066e+00  9.99892e-01
1.20428e+02  1.00037e+00  1.29693e-04  2.20553e-04  1.00057e+00  9.99909e-01
1.20532e+02  1.00031e+00  1.08357e-04  1.81414e-04  1.00047e+00  9.99927e-01
1.20637e+02  1.00024e+00  8.59106e-05  1.40429e-04  1.00037e+00  9.99945e-01
1.20742e+02  1.00017e+00  6.26051e-05  9.80540e-05  1.00026e+00  9.99965e-01
1.20847e+02  1.00010e+00  3.86987e-05  5.47569e-05  1.00015e+00  9.99984e-01
1.20951e+02  1.00003e+00  1.44552e-05  1.10155e-05  1.00004e+00  1.00000e+00
1.21056e+02  9.99954e-01  -9.85882e-06  -3.26903e-05  9.99925e-01  1.00002e+00
1.21161e+02  9.99882e-01  -3.39774e-05  -7.58824e-05  9.99814e-01  1.00004e+00
1.21265e+02  9.99811e-01  -5.76377e-05  -1.18091e-04  9.99706e-01  1.00006e+00
1.21370e+02  9.99743e-01  -8.05832e-05  -1.58857e-04  9.99602e-01  1.00008e+00
1.21475e+02  9.99678e-01  -1.02566e-04  -1.97742e-04  9.99502e-01  1.00010e+00
1.21580e+02  9.99617e-01  -1.23351e-04  -2.34327e-04  9.99408e-01  1.00011e+00
1.21684e+02  9.99560e-01  -1.42714e-04  -2.68222e-04  9.99321e-01  1.00013e+00
1.21789e+02  9.99508e-01  -1.60451e-04  -2.99065e-04  9.99241e-01  1.00014e+00
1.21894e+02  9.99462e-01  -1.76375e-04  -3.26532e-04  9.99171e-01  1.00015e+00
1.21999e+02  9.99421e-01  -1.90318e-04  -3.50334e-04  9.99109e-01  1.00016e+00
1.22103e+02  9.99388e-01  -2.02135e-04  -3.70225e-04  9.99057e-01  1.00017e+00
1.22208e+02  9.99361e-01  -2.11706e-04  -3.86001e-04  9.99016e-01  1.00017e+00
1.22313e+02  9.99341e-01  -2.18934e-04  -3.97506e-04  9.98986e-01  1.00018e+00
1.22417e+02  9.99328e-01  -2.23748e-04  -4.04627e-04  9.98967e-01  1.00018e+00
1.22522e+02  9.99323e-01  -2.26105e-04  -4.07304e-04  9.98959e-01  1.00018e+00
1.22627e+02  9.99325e-01  -2.25987e-04  -4.05520e-04  9.98963e-01  1.00018e+00
1.22732e+02  9.99334e-01  -2.23402e-04  -3.99312e-04  9.98978e-01  1.00018e+00
1.22836e+02  9.99351e-01  -2.18387e-04  -3.88761e-04  9.99004e-01  1.00017e+00
1.22941e+02  9.99375e-01  -2.11005e-04  -3.73997e-04  9.99041e-01  1.00016e+00
1.23046e+02  9.99405e-01  -2.01343e-04  -3.55194e-04  9.99088e-01  1.00015e+00
1.23150e+02  9.99442e-01  -1.89513e-04  -3.32572e-04  9.99145e-01  1.00014e+00
1.23255e+02  9.99485e-01  -1.75650e-04  -3.06389e-04  9.99212e-01  1.00013e+00
1.23360e+02  9.99533e-01  -1.59911e-04  -2.76942e-04  9.99286e-01  1.00012e+00
1.23465e+02  9.99587e-01  -1.42474e-04  -2.44564e-04  9.99368e-01  1.00010e+00
1.23569e+02  9.99644e-01  -1.23534e-04  -2.09617e-04  9.99457e-01  1.00009e+00
1.23674e+02  9.99706e-01  -1.03301e-04  -1.72490e-04  9.99552e-01  1.00007e+00
1.23779e+02  9.99770e-01  -8.19995e-05  -1.33597e-04  9.99651e-01  1.00005e+00
1.23883e+02  9.99837e-01  -5.98659e-05  -9.33678e-05  9.99753e-01  1.00003e+00
1.23988e+02  9.99905e-01  -3.71440e-05  -5.22462e-05  9.99858e-01  1.00002e+00
1.24093e+02  9.99974e-01  -1.40839e-05  -1.06846e-05  9.99965e-01  9.99997e-01
1.24198e+02  1.00004e+00  9.06126e-06  3.08610e-05  1.00007e+00  9.99978e-01
1.24302e+02  1.00011e+00  3.20379e-05  7.19360e-05  1.00018e+00  9.99960e-01
1.24407e+02  1.00018e+00  5.45950e-05  1.12092e-04  1.00028e+00  9.99943e-01
1.24512e+02  1.00024e+00  7.64864e-05  1.50893e-04  1.00038e+00  9.99926e-01
1.24617e+02  1.00031e+00  9.74741e-05  1.87918e-04  1.00047e+00  9.99910e-01
1.24721e+02  1.00036e+00  1.17330e-04  2.22767e-04  1.00056e+00  9.99895e-01
1.24826e+02  1.00042e+00  1.35841e-04  2.55064e-04  1.00065e+00  9.99881e-01
1.24931e+02  1.00047e+00  1.52806e-04  2.84464e-04  1.00072e+00  9.99868e-01
1.25035e+02  1.00051e+00  1.68044e-04  3.10654e-04  1.00079e+00  9.99857e-01
1.25140e+02  1.00055e+00  1.81393e-04  3.33356e-04  1.00085e+00  9.99848e-01
1.25245e+02  1.00058e+00  1.92711e-04  3.52333e-04  1.00090e+00  9.99840e-01
1.25350e+02  1.00061e+00  2.01881e-04  3.67388e-04  1.00094e+00  9.99834e-01
1.25454e+02  1.00063e+00  2.08808e-04  3.78370e-04  1.00097e+00  9.99830e-01
1.25559e+02  1.00064e+00  2.13423e-04  3.85170e-04  1.00098e+00  9.99828e-01
1.25664e+02  1.00065e+00  2.15683e-04  3.87728e-04  1.00099e+00  9.99828e-01
1.25768e+02  1.00064e+00  2.15570e-04  3.86029e-04  1.00099e+00  9.99830e-01
1.25873e+02  1.00063e+00  2.13093e-04  3.80106e-04  1.00097e+00  9.99833e-01
1.25978e+02  1.00062e+00  2.08288e-04  3.70039e-04  1.00095e+00  9.99838e-01
1.26083e+02  1.00060e+00  2.01214e-04  3.55952e-04  1.00091e+00  9.99845e-01
1.26187e+02  1.00057e+00  1.91958e-04  3.38012e-04  1.00087e+00  9.99854e-01
1.26292e+02  1.00053e+00  1.80628e-04  3.16429e-04  1.00081e+00  9.99864e-01
1.26397e+02  1.00049e+00  1.67357e-04  2.91454e-04  1.00075e+00  9.99876e-01
1.26501e+02  1.00044e+00  1.52296e-04  2.63370e-04  1.00068e+00  9.99889e-01
1.26606e+02  1.00039e+00  1.35617e-04  2.32497e-04  1.00060e+00  9.99903e-01
1.26711e+02  1.00034e+00  1.17509e-04  1.99182e-04  1.00052e+00  9.99918e-01
1.26816e+02  1.00028e+00  9.81751e-05  1.63799e-04  1.00043e+00  9.99934e-01
1.26920e+02  1.00022e+00  7.78325e-05  1.26743e-04  1.00033e+00  9.99951e-01
1.27025e+02  1.00016e+00  5.67071e-05  8.84251e-05  1.00023e+00  9.99968e-01
1.27130e+02  1.00009e+00  3.50332e-05  4.92694e-05  1.00013e+00  9.99986e-01
1.27235e+02  1.00002e+00  1.30499e-05  9.70730e-06  1.00003e+00  1.00000e+00
1.27339e+02  9.99959e-01  -9.00117e-06  -2.98270e-05  9.99931e-01  1.00002e+00
1.27444e+02  9.99893e-01  -3.08788e-05  -6.89012e-05  9.99831e-01  1.00004e+00
1.27549e+02  9.99829e-01  -5.23445e-05  -1.07090e-04  9.99733e-01  1.00005e+00
1.27653e+02  9.99768e-01  -7.31653e-05  -1.43978e-04  9.99639e-01  1.00007e+00
1.27758e+02  9.99709e-01  -9.31163e-05  -1.79168e-04  9.99549e-01  1.00009e+00
1.27863e+02  9.99653e-01  -1.11983e-04  -2.12280e-04  9.99463e-01  1.00010e+00
1.27968e+02  9.99601e-01  -1.29563e-04  -2.42961e-04  9.99385e-01  1.00011e+00
1.28072e+02  9.99554e-01  -1.45670e-04  -2.70883e-04  9.99313e-01  1.00013e+00
1.28177e+02  9.99512e-01  -1.60133e-04  -2.95751e-04  9.99248e-01  1.00014e+00
1.28282e+02  9.99475e-01  -1.72799e-04  -3.17305e-04  9.99193e-01  1.00014e+00
1.28386e+02  9.99444e-01  -1.83538e-04  -3.35319e-04  9.99146e-01  1.00015e+00
1.28491e+02  9.99420e-01  -1.92239e-04  -3.49609e-04  9.99109e-01  1.00016e+00
1.28596e+02  9.99401e-01  -1.98813e-04  -3.60031e-04  9.99081e-01  1.00016e+00
1.28701e+02  9.99390e-01  -2.03196e-04  -3.66485e-04  9.99064e-01  1.00016e+00
1.28805e+02  9.99385e-01  -2.05347e-04  -3.68913e-04  9.99057e-01  1.00016e+00
1.28910e+02  9.99387e-01  -2.05250e-04  -3.67302e-04  9.99060e-01  1.00016e+00
1.29015e+02  9.99395e-01  -2.02913e-04  -3.61682e-04  9.99074e-01  1.00016e+00
1.29119e+02  9.99410e-01  -1.98367e-04  -3.52126e-04  9.99097e-01  1.00015e+00
1.29224e+02  9.99432e-01  -1.91670e-04  -3.38753e-04  9.99131e-01  1.00015e+00
1.29329e+02  9.99459e-01  -1.82899e-04  -3.21719e-04  9.99174e-01  1.00014e+00
1.29434e+02  9.99493e-01  -1.72158e-04  -3.01222e-04  9.99225e-01  1.00013e+00
1.29538e+02  9.99532e-01  -1.59568e-04  -2.77496e-04  9.99285e-01  1.00012e+00
1.29643e+02  9.99575e-01  -1.45272e-04  -2.50810e-04  9.99353e-01  1.00011e+00
1.29748e+02  9.99624e-01  -1.29430e-04  -2.21465e-04  9.99428e-01  1.00009e+00
1.29852e+02  9.99676e-01  -1.12220e-04  -1.89789e-04  9.99508e-01  1.00008e+00
1.29957e+02  9.99732e-01  -9.38334e-05  -1.56135e-04  9.99594e-01  1.00006e+00
1.30062e+02  9.99790e-01  -7.44736e-05  -1.20876e-04  9.99684e-01  1.00005e+00
1.30167e+02  9.99851e-01  -5.43549e-05  -8.44034e-05  9.99777e-01  1.00003e+00
1.30271e+02  9.99913e-01  -3.36992e-05  -4.71187e-05  9.99872e-01  1.00001e+00
1.30376e+02  9.99976e-01  -1.27338e-05  -9.43231e-06  9.99968e-01  9.99997e-01
1.30481e+02  1.00004e+00  8.31115e-06  2.82424e-05  1.00006e+00  9.99980e-01
1.30586e+02  1.00010e+00  2.92052e-05  6.54933e-05  1.00016e+00  9.99964e-01
1.30690e+02  1.00016e+00  4.97198e-05  1.01914e-04  1.00025e+00  9.99948e-01
1.30795e+02  1.00022e+00  6.96314e-05  1.37108e-04  1.00034e+00  9.99933e-01
1.30900e+02  1.00028e+00  8.87232e-05  1.70694e-04  1.00043e+00  9.99918e-01
1.31004e+02  1.00033e+00  1.06788e-04  2.02308e-04  1.00051e+00  9.99904e-01
1.31109e+02  1.00038e+00  1.23631e-04  2.31610e-04  1.00059e+00  9.99892e-01
1.31214e+02  1.00043e+00  1.39070e-04  2.58286e-04  1.00066e+00  9.99881e-01
1.31319e+02  1.00047e+00  1.52940e-04  2.82051e-04  1.00072e+00  9.99871e-01
1.31423e+02  1.00050e+00  1.65093e-04  3.02654e-04  1.00077e+00  9.99862e-01
1.31528e+02  1.00053e+00  1.75400e-04  3.19879e-04  1.00082e+00  9.99856e-01
1.31633e+02  1.00055e+00  1.83754e-04  3.33545e-04  1.00085e+00  9.99850e-01
1.31737e+02  1.00057e+00  1.90068e-04  3.43516e-04  1.00088e+00  9.99847e-01
1.31842e+02  1.00058e+00  1.94279e-04  3.49692e-04  1.00089e+00  9.99845e-01
1.31947e+02  1.00059e+00  1.96346e-04  3.52018e-04  1.00090e+00  9.99844e-01
1.32052e+02  1.00059e+00  1.96255e-04  3.50480e-04  1.00090e+00  9.99846e-01
1.32156e+02  1.00058e+00  1.94012e-04  3.45107e-04  1.00088e+00  9.99849e-01
1.32261e+02  1.00056e+00  1.89649e-04  3.35971e-04  1.00086e+00  9.99854e-01
1.32366e+02  1.00054e+00  1.83220e-04  3.23183e-04  1.00083e+00  9.99860e-01
1.32470e+02  1.00052e+00  1.74803e-04  3.06896e-04  1.00079e+00  9.99868e-01
1.32575e+02  1.00048e+00  1.64497e-04  2.87299e-04  1.00074e+00  9.99877e-01
1.32680e+02  1.00045e+00  1.52420e-04  2.64618e-04  1.00068e+00  9.99888e-01
1.32785e+02  1.00041e+00  1.38712e-04  2.39112e-04  1.00062e+00  9.99900e-01
1.32889e+02  1.00036e+00  1.23528e-04  2.11068e-04  1.00055e+00  9.99912e-01
1.32994e+02  1.00031e+00  1.07040e-04  1.80804e-04  1.00047e+00  9.99926e-01
1.33099e+02  1.00026e+00  8.94318e-05  1.48658e-04  1.00039e+00  9.99941e-01
1.33204e+02  1.00020e+00  7.09017e-05  1.14988e-04  1.00030e+00  9.99956e-01
1.33308e+02  1.00014e+00  5.16552e-05  8.01672e-05  1.00021e+00  9.99971e-01
1.33413e+02  1.00008e+00  3.19055e-05  4.45815e-05  1.00012e+00  9.99987e-01
1.33518e+02  1.00002e+00  1.18705e-05  8.62261e-06  1.00003e+00  1.00000e+00
1.33622e+02  9.99963e-01  -8.22977e-06  -2.73148e-05  9.99937e-01  1.00002e+00
1.33727e+02  9.99903e-01  -2.81753e-05  -6.28378e-05  9.99846e-01  1.00003e+00
1.33832e+02  9.99845e-01  -4.77486e-05  -9.75593e-05  9.99757e-01  1.00005e+00
1.33937e+02  9.99789e-01  -6.67372e-05  -1.31102e-04  9.99671e-01  1.00006e+00
1.34041e+02  9.99735e-01  -8.49357e-05  -1.63104e-04  9.99589e-01  1.00008e+00
1.34146e+02  9.99684e-01  -1.02148e-04  -1.93220e-04  9.99511e-01  1.00009e+00
1.34251e+02  9.99637e-01  -1.18190e-04  -2.21128e-04  9.99440e-01  1.00010e+00
1.34355e+02  9.99594e-01  -1.32890e-04  -2.46529e-04  9.99374e-01  1.00011e+00
1.34460e+02  9.99555e-01  -1.46093e-04  -2.69154e-04  9.99316e-01  1.00012e+00
1.34565e+02  9.99522e-01  -1.57660e-04  -2.88766e-04  9.99265e-01  1.00013e+00
1.34670e+02  9.99493e-01  -1.67468e-04  -3.05160e-04  9.99222e-01  1.00014e+00
1.34774e+02  9.99471e-01  -1.75419e-04  -3.18166e-04  9.99188e-01  1.00014e+00
1.34879e+02  9.99454e-01  -1.81429e-04  -3.27655e-04  9.99163e-01  1.00015e+00
1.34984e+02  9.99443e-01  -1.85441e-04  -3.33533e-04  9.99147e-01  1.00015e+00
1.35088e+02  9.99439e-01  -1.87415e-04  -3.35747e-04  9.99141e-01  1.00015e+00
1.35193e+02  9.99440e-01  -1.87338e-04  -3.34285e-04  9.99144e-01  1.00015e+00
1.35298e+02  9.99448e-01  -1.85215e-04  -3.29174e-04  9.99156e-01  1.00014e+00
1.35403e+02  9.99461e-01  -1.81077e-04  -3.20479e-04  9.99178e-01  1.00014e+00
1.35507e+02  9.99481e-01  -1.74972e-04  -3.08308e-04  9.99208e-01  1.00013e+00
1.35612e+02  9.99506e-01  -1.66974e-04  -2.92804e-04  9.99247e-01  1.00013e+00
1.35717e+02  9.99536e-01  -1.57175e-04  -2.74145e-04  9.99295e-01  1.00012e+00
1.35822e+02  9.99572e-01  -1.45687e-04  -2.52544e-04  9.99349e-01  1.00011e+00
1.35926e+02  9.99612e-01  -1.32639e-04  -2.28246e-04  9.99411e-01  1.00010e+00
1.36031e+02  9.99656e-01  -1.18178e-04  -2.01524e-04  9.99479e-01  1.00008e+00
1.36136e+02  9.99704e-01  -1.02465e-04  -1.72677e-04  9.99552e-01  1.00007e+00
1.36240e+02  9.99755e-01  -8.56757e-05  -1.42027e-04  9.99630e-01  1.00006e+00
1.36345e+02  9.99808e-01  -6.79956e-05  -1.09913e-04  9.99712e-01  1.00004e+00
1.36450e+02  9.99863e-01  -4.96201e-05  -7.66899e-05  9.99797e-01  1.00003e+00
1.36555e+02  9.99920e-01  -3.07520e-05  -4.27251e-05  9.99884e-01  1.00001e+00
1.36659e+02  9.99977e-01  -1.15988e-05  -8.39183e-06  9.99972e-01  9.99997e-01
1.36764e+02  1.00003e+00  7.62924e-06  2.59334e-05  1.00006e+00  9.99982e-01
1.36869e+02  1.00009e+00  2.67215e-05  5.98749e-05  1.00015e+00  9.99967e-01
1.36973e+02  1.00015e+00  4.54693e-05  9.30623e-05  1.00023e+00  9.99952e-01
1.37078e+02  1.00020e+00  6.36681e-05  1.25134e-04  1.00031e+00  9.99939e-01
1.37183e+02  1.00025e+00  8.11200e-05  1.55743e-04  1.00039e+00  9.99925e-01
1.37288e+02  1.00030e+00  9.76354e-05  1.84558e-04  1.00047e+00  9.99913e-01
1.37392e+02  1.00035e+00  1.13036e-04  2.11267e-04  1.00054e+00  9.99902e-01
1.37497e+02  1.00039e+00  1.27155e-04  2.35585e-04  1.00060e+00  9.99892e-01
1.37602e+02  1.00043e+00  1.39842e-04  2.57251e-04  1.00065e+00  9.99883e-01
1.37706e+02  1.00046e+00  1.50960e-04  2.76037e-04  1.00070e+00  9.99875e-01
1.37811e+02  1.00048e+00  1.60393e-04  2.91743e-04  1.00074e+00  9.99869e-01
1.37916e+02  1.00051e+00  1.68041e-04  3.04208e-04  1.00078e+00  9.99864e-01
1.38021e+02  1.00052e+00  1.73825e-04  3.13303e-04  1.00080e+00  9.99861e-01
1.38125e+02  1.00053e+00  1.77687e-04  3.18939e-04  1.00082e+00  9.99859e-01
1.38230e+02  1.00054e+00  1.79589e-04  3.21065e-04  1.00082e+00  9.99859e-01
1.38335e+02  1.00054e+00  1.79518e-04  3.19667e-04  1.00082e+00  9.99860e-01
1.38440e+02  1.00053e+00  1.77478e-04  3.14771e-04  1.00081e+00  9.99863e-01
1.38544e+02  1.00052e+00  1.73499e-04  3.06442e-04  1.00079e+00  9.99867e-01
1.38649e+02  1.00050e+00  1.67630e-04  2.94782e-04  1.00076e+00  9.99873e-01
1.38754e+02  1.00047e+00  1.59941e-04  2.79928e-04  1.00072e+00  9.99880e-01
1.38858e+02  1.00044e+00  1.50523e-04  2.62053e-04  1.00067e+00  9.99888e-01
1.38963e+02  1.00041e+00  1.39483e-04  2.41362e-04  1.00062e+00  9.99898e-01
1.39068e+02  1.00037e+00  1.26949e-04  2.18092e-04  1.00056e+00  9.99909e-01
1.39173e+02  1.00033e+00  1.13061e-04  1.92504e-04  1.00050e+00  9.99921e-01
1.39277e+02  1.00028e+00  9.79782e-05  1.64886e-04  1.00043e+00  9.99933e-01
1.39382e+02  1.00023e+00  8.18680e-05  1.35548e-04  1.00035e+00  9.99946e-01
1.39487e+02  1.00018e+00  6.49106e-05  1.04817e-04  1.00027e+00  9.99960e-01
1.39591e+02  1.00013e+00  4.72947e-05  7.30318e-05  1.00019e+00  9.99974e-01
1.39696e+02  1.00008e+00  2.92151e-05  4.05453e-05  1.00011e+00  9.99989e-01
1.39801e+02  1.00002e+00  1.08711e-05  7.71468e-06  1.00003e+00  1.00000e+00
1.39906e+02  9.99967e-01  -7.53562e-06  -2.50996e-05  9.99942e-01  1.00002e+00
1.40010e+02  9.99912e-01  -2.58037e-05  -5.75387e-05  9.99859e-01  1.00003e+00
1.40115e+02  9.99859e-01  -4.37339e-05  -8.92490e-05  9.99778e-01  1.00005e+00
1.40220e+02  9.99807e-01  -6.11315e-05  -1.19886e-04  9.99699e-01  1.00006e+00
1.40324e+02  9.99758e-01  -7.78081e-05  -1.49119e-04  9.99624e-01  1.00007e+00
1.40429e+02  9.99711e-01  -9.35839e-05  -1.76631e-04  9.99553e-01  1.00008e+00
1.40534e+02  9.99668e-01  -1.08290e-04  -2.02129e-04  9.99487e-01  1.00009e+00
1.40639e+02  9.99628e-01  -1.21769e-04  -2.25339e-04  9.99428e-01  1.00010e+00
1.40743e+02  9.99593e-01  -1.33877e-04  -2.46015e-04  9.99374e-01  1.00011e+00
1.40848e+02  9.99562e-01  -1.44487e-04  -2.63940e-04  9.99328e-01  1.00012e+00
1.40953e+02  9.99536e-01  -1.53488e-04  -2.78925e-04  9.99289e-01  1.00013e+00
1.41058e+02  9.99515e-01  -1.60787e-04  -2.90816e-04  9.99258e-01  1.00013e+00
1.41162e+02  9.99500e-01  -1.66308e-04  -2.99493e-04  9.99235e-01  1.00013e+00
1.41267e+02  9.99490e-01  -1.69998e-04  -3.04871e-04  9.99220e-01  1.00013e+00
1.41372e+02  9.99485e-01  -1.71820e-04  -3.06899e-04  9.99214e-01  1.00014e+00
1.41476e+02  9.99487e-01  -1.71761e-04  -3.05567e-04  9.99217e-01  1.00013e+00
1.41581e+02  9.99494e-01  -1.69826e-04  -3.00899e-04  9.99228e-01  1.00013e+00
1.41686e+02  9.99506e-01  -1.66042e-04  -2.92955e-04  9.99248e-01  1.00013e+00
1.41791e+02  9.99524e-01  -1.60454e-04  -2.81830e-04  9.99276e-01  1.00012e+00
1.41895e+02  9.99547e-01  -1.53130e-04  -2.67657e-04  9.99312e-01  1.00011e+00
1.42000e+02  9.99575e-01  -1.44152e-04  -2.50598e-04  9.99355e-01  1.00011e+00
1.42105e+02  9.99607e-01  -1.33623e-04  -2.30847e-04  9.99405e-01  1.00010e+00
1.42209e+02  9.99644e-01  -1.21662e-04  -2.08629e-04  9.99461e-01  1.00009e+00
1.42314e+02  9.99684e-01  -1.08403e-04  -1.84191e-04  9.99523e-01  1.00008e+00
1.42419e+02  9.99728e-01  -9.39949e-05  -1.57808e-04  9.99590e-01  1.00006e+00
1.42524e+02  9.99774e-01  -7.85966e-05  -1.29773e-04  9.99662e-01  1.00005e+00
1.42628e+02  9.99823e-01  -6.23792e-05  -1.00397e-04  9.99737e-01  1.00004e+00
1.42733e+02  9.99874e-01  -4.55220e-05  -7.00050e-05  9.99814e-01  1.00002e+00
1.42838e+02  9.99926e-01  -2.82106e-05  -3.89318e-05  9.99894e-01  1.00001e+00
1.42942e+02  9.99979e-01  -1.06356e-05  -7.51928e-06  9.99974e-01  9.99997e-01
1.43047e+02  1.00003e+00  7.01010e-06  2.38881e-05  1.00005e+00  9.99983e-01
1.43152e+02  1.00008e+00  2.45333e-05  5.49466e-05  1.00013e+00  9.99970e-01
1.43257e+02  1.00013e+00  4.17424e-05  8.53173e-05  1.00021e+00  9.99956e-01
1.43361e+02  1.00018e+00  5.84496e-05  1.14670e-04  1.00029e+00  9.99944e-01
1.43466e+02  1.00023e+00  7.44732e-05  1.42685e-04  1.00036e+00  9.99932e-01
1.43571e+02  1.00028e+00  8.96392e-05  1.69059e-04  1.00043e+00  9.99921e-01
1.43676e+02  1.00032e+00  1.03783e-04  1.93509e-04  1.00049e+00  9.99910e-01
1.43780e+02  1.00036e+00  1.16753e-04  2.15772e-04  1.00055e+00  9.99901e-01
1.43885e+02  1.00039e+00  1.28409e-04  2.35609e-04  1.00060e+00  9.99893e-01
1.43990e+02  1.00042e+00  1.38627e-04  2.52810e-04  1.00064e+00  9.99886e-01
1.44094e+02  1.00044e+00  1.47299e-04  2.67194e-04  1.00068e+00  9.99880e-01
1.44199e+02  1.00047e+00  1.54332e-04  2.78610e-04  1.00071e+00  9.99876e-01
1.44304e+02  1.00048e+00  1.59655e-04  2.86943e-04  1.00073e+00  9.99873e-01
1.44409e+02  1.00049e+00  1.63214e-04  2.92108e-04  1.00075e+00  9.99871e-01
1.44513e+02  1.00049e+00  1.64973e-04  2.94060e-04  1.00075e+00  9.99871e-01
1.44618e+02  1.00049e+00  1.64919e-04  2.92784e-04  1.00075e+00  9.99872e-01
1.44723e+02  1.00049e+00  1.63058e-04  2.88305e-04  1.00074e+00  9.99875e-01
1.44827e+02  1.00047e+00  1.59415e-04  2.80681e-04  1.00072e+00  9.99879e-01
1.44932e+02  1.00046e+00  1.54035e-04  2.70005e-04  1.00069e+00  9.99884e-01
1.45037e+02  1.00043e+00  1.46982e-04  2.56402e-04  1.00066e+00  9.99891e-01
1.45142e+02  1.00041e+00  1.38339e-04  2.40030e-04  1.00062e+00  9.99898e-01
1.45246e+02  1.00038e+00  1.28204e-04  2.21077e-04  1.00057e+00  9.99907e-01
1.45351e+02  1.00034e+00  1.16694e-04  1.99758e-04  1.00052e+00  9.99917e-01
1.45456e+02  1.00030e+00  1.03939e-04  1.76314e-04  1.00046e+00  9.99928e-01
1.45560e+02  1.00026e+00  9.00830e-05  1.51008e-04  1.00039e+00  9.99939e-01
1.45665e+02  1.00022e+00  7.52804e-05  1.24123e-04  1.00032e+00  9.99951e-01
1.45770e+02  1.00017e+00  5.96966e-05  9.59578e-05  1.00025e+00  9.99964e-01
1.45875e+02  1.00012e+00  4.35047e-05  6.68246e-05  1.00018e+00  9.99977e-01
1.45979e+02  1.00007e+00  2.68837e-05  3.70455e-05  1.00010e+00  9.99990e-01
1.46084e+02  1.00002e+00  1.00170e-05  6.94816e-06  1.00002e+00  1.00000e+00
1.46189e+02  9.99970e-01  -6.91030e-06  -2.31370e-05  9.99947e-01  1.00002e+00
1.46293e+02  9.99920e-01  -2.37128e-05  -5.28811e-05  9.99871e-01  1.00003e+00
1.46398e+02  9.99871e-01  -4.02074e-05  -8.19596e-05  9.99796e-01  1.00004e+00
1.46503e+02  9.99823e-01  -5.62146e-05  -1.10057e-04  9.99724e-01  1.00005e+00
1.46608e+02  9.99778e-01  -7.15611e-05  -1.36868e-04  9.99655e-01  1.00007e+00
1.46712e+02  9.99735e-01  -8.60814e-05  -1.62105e-04  9.99590e-01  1.00008e+00
1.46817e+02  9.99695e-01  -9.96195e-05  -1.85495e-04  9.99529e-01  1.00009e+00
1.46922e+02  9.99658e-01  -1.12030e-04  -2.06789e-04  9.99474e-01  1.00009e+00
1.47027e+02  9.99626e-01  -1.23182e-04  -2.25761e-04  9.99425e-01  1.00010e+00
1.47131e+02  9.99597e-01  -1.32957e-04  -2.42210e-04  9.99383e-01  1.00011e+00
1.47236e+02  9.99573e-01  -1.41252e-04  -2.55963e-04  9.99347e-01  1.00011e+00
1.47341e+02  9.99554e-01  -1.47981e-04  -2.66879e-04  9.99318e-01  1.00012e+00
1.47445e+02  9.99540e-01  -1.53075e-04  -2.74846e-04  9.99297e-01  1.00012e+00
1.47550e+02  9.99530e-01  -1.56483e-04  -2.79785e-04  9.99284e-01  1.00012e+00
1.47655e+02  9.99526e-01  -1.58173e-04  -2.81652e-04  9.99279e-01  1.00012e+00
1.47760e+02  9.99527e-01  -1.58130e-04  -2.80434e-04  9.99281e-01  1.00012e+00
1.47864e+02  9.99534e-01  -1.56361e-04  -2.76154e-04  9.99291e-01  1.00012e+00
1.47969e+02  9.99545e-01  -1.52888e-04  -2.68866e-04  9.99309e-01  1.00012e+00
1.48074e+02  9.99561e-01  -1.47754e-04  -2.58659e-04  9.99335e-01  1.00011e+00
1.48178e+02  9.99582e-01  -1.41019e-04  -2.45652e-04  9.99368e-01  1.00010e+00
1.48283e+02  9.99608e-01  -1.32760e-04  -2.29994e-04  9.99407e-01  1.00010e+00
1.48388e+02  9.99638e-01  -1.23072e-04  -2.11864e-04  9.99453e-01  1.00009e+00
1.48493e+02  9.99671e-01  -1.12064e-04  -1.91466e-04  9.99505e-01  1.00008e+00
1.48597e+02  9.99709e-01  -9.98591e-05  -1.69030e-04  9.99562e-01  1.00007e+00
1.48702e+02  9.99749e-01  -8.65932e-05  -1.44805e-04  9.99624e-01  1.00006e+00
1.48807e+02  9.99792e-01  -7.24138e-05  -1.19062e-04  9.99689e-01  1.00005e+00
1.48911e+02  9.99837e-01  -5.74781e-05  -9.20855e-05  9.99758e-01  1.00003e+00
1.49016e+02  9.99883e-01  -4.19509e-05  -6.41737e-05  9.99830e-01  1.00002e+00
1.49121e+02  9.99931e-01  -2.60036e-05  -3.56344e-05  9.99903e-01  1.00001e+00
1.49226e+02  9.99980e-01  -9.81131e-06  -6.78138e-06  9.99977e-01  9.99997e-01
1.49330e+02  1.00003e+00  6.44808e-06  2.20688e-05  1.00005e+00  9.99984e-01
1.49435e+02  1.00008e+00  2.25965e-05  5.06006e-05  1.00012e+00  9.99972e-01
1.49540e+02  1.00012e+00  3.84575e-05  7.85024e-05  1.00020e+00  9.99960e-01
1.49645e+02  1.00017e+00  5.38579e-05  1.05470e-04  1.00026e+00  9.99948e-01
1.49749e+02  1.00021e+00  6.86301e-05  1.31212e-04  1.00033e+00  9.99937e-01
1.49854e+02  1.00025e+00  8.26137e-05  1.55448e-04  1.00039e+00  9.99927e-01
1.49959e+02  1.00029e+00  9.56573e-05  1.77917e-04  1.00045e+00  9.99918e-01
1.50063e+02  1.00033e+00  1.07620e-04  1.98378e-04  1.00050e+00  9.99909e-01
1.50168e+02  1.00036e+00  1.18374e-04  2.16611e-04  1.00055e+00  9.99902e-01
1.50273e+02  1.00039e+00  1.27803e-04  2.32423e-04  1.00059e+00  9.99895e-01
1.50378e+02  1.00041e+00  1.35807e-04  2.45647e-04  1.00063e+00  9.99890e-01
1.50482e+02  1.00043e+00  1.42302e-04  2.56144e-04  1.00065e+00  9.99886e-01
1.50587e+02  1.00044e+00  1.47222e-04  2.63808e-04  1.00067e+00  9.99883e-01
1.50692e+02  1.00045e+00  1.50514e-04  2.68561e-04  1.00069e+00  9.99882e-01
1.50796e+02  1.00046e+00  1.52149e-04  2.70359e-04  1.00069e+00  9.99882e-01
1.50901e+02  1.00045e+00  1.52112e-04  2.69192e-04  1.00069e+00  9.99883e-01
1.51006e+02  1.00045e+00  1.50407e-04  2.65078e-04  1.00068e+00  9.99885e-01
1.51111e+02  1.00044e+00  1.47059e-04  2.58073e-04  1.00066e+00  9.99889e-01
1.51215e+02  1.00042e+00  1.42109e-04  2.48260e-04  1.00064e+00  9.99894e-01
1.51320e+02  1.00040e+00  1.35614e-04  2.35756e-04  1.00061e+00  9.99900e-01
1.51425e+02  1.00038e+00  1.27651e-04  2.20704e-04  1.00057e+00  9.99907e-01
1.51529e+02  1.00035e+00  1.18312e-04  2.03277e-04  1.00052e+00  9.99915e-01
1.51634e+02  1.00032e+00  1.07702e-04  1.83673e-04  1.00048e+00  9.99924e-01
1.51739e+02  1.00028e+00  9.59412e-05  1.62111e-04  1.00042e+00  9.99934e-01
1.51844e+02  1.00024e+00  8.31623e-05  1.38836e-04  1.00036e+00  9.99944e-01
1.51948e+02  1.00020e+00  6.95081e-05  1.14105e-04  1.00030e+00  9.99955e-01
1.52053e+02  1.00016e+00  5.51307e-05  8.81946e-05  1.00023e+00  9.99967e-01
1.52158e+02  1.00011e+00  4.01896e-05  6.13913e-05  1.00016e+00  9.99979e-01
1.52263e+02  1.00007e+00  2.48501e-05  3.39912e-05  1.00009e+00  9.99991e-01
1.52367e+02  1.00002e+00  9.28123e-06  6.29591e-06  1.00002e+00  1.00000e+00
1.52472e+02  9.99973e-01  -6.34613e-06  -2.13907e-05  9.99951e-01  1.00002e+00
1.52577e+02  9.99926e-01  -2.18609e-05  -4.87658e-05  9.99881e-01  1.00003e+00
1.52681e+02  9.99881e-01  -3.70937e-05  -7.55308e-05  9.99812e-01  1.00004e+00
1.52786e+02  9.99837e-01  -5.18790e-05  -1.01395e-04  9.99745e-01  1.00005e+00
1.52891e+02  9.99795e-01  -6.60564e-05  -1.26077e-04  9.99682e-01  1.00006e+00
1.52996e+02  9.99755e-01  -7.94731e-05  -1.49312e-04  9.99622e-01  1.00007e+00
1.53100e+02  9.99718e-01  -9.19845e-05  -1.70850e-04  9.99566e-01  1.00008e+00
1.53205e+02  9.99685e-01  -1.03457e-04  -1.90459e-04  9.99516e-01  1.00009e+00
1.53310e+02  9.99654e-01  -1.13768e-04  -2.07932e-04  9.99470e-01  1.00009e+00
1.53414e+02  9.99628e-01  -1.22808e-04  -2.23082e-04  9.99431e-01  1.00010e+00
1.53519e+02  9.99606e-01  -1.30482e-04  -2.35752e-04  9.99398e-01  1.00011e+00
1.53624e+02  9.99588e-01  -1.36710e-04  -2.45809e-04  9.99372e-01  1.00011e+00
1.53729e+02  9.99575e-01  -1.41429e-04  -2.53151e-04  9.99352e-01  1.00011e+00
1.53833e+02  9.99566e-01  -1.44590e-04  -2.57706e-04  9.99340e-01  1.00011e+00
1.53938e+02  9.99562e-01  -1.46164e-04  -2.59430e-04  9.99335e-01  1.00011e+00
1.54043e+02  9.99563e-01  -1.46136e-04  -2.58313e-04  9.99337e-01  1.00011e+00
1.54147e+02  9.99569e-01  -1.44512e-04  -2.54375e-04  9.99347e-01  1.00011e+00
1.54252e+02  9.99579e-01  -1.41314e-04  -2.47666e-04  9.99363e-01  1.00011e+00
1.54357e+02  9.99594e-01  -1.36579e-04  -2.38266e-04  9.99387e-01  1.00010e+00
1.54462e+02  9.99614e-01  -1.30364e-04  -2.26286e-04  9.99417e-01  1.00010e+00
1.54566e+02  9.99637e-01  -1.22740e-04  -2.11862e-04  9.99454e-01  1.00009e+00
1.54671e+02  9.99665e-01  -1.13793e-04  -1.95160e-04  9.99496e-01  1.00008e+00
1.54776e+02  9.99696e-01  -1.03624e-04  -1.76367e-04  9.99544e-01  1.00007e+00
1.54881e+02  9.99730e-01  -9.23469e-05  -1.55693e-04  9.99596e-01  1.00006e+00
1.54985e+02  9.99767e-01  -8.00876e-05  -1.33370e-04  9.99653e-01  1.00005e+00
1.55090e+02  9.99807e-01  -6.69821e-05  -1.09646e-04  9.99714e-01  1.00004e+00
1.55195e+02  9.99849e-01  -5.31754e-05  -8.47829e-05  9.99777e-01  1.00003e+00
1.55299e+02  9.99892e-01  -3.88201e-05  -5.90565e-05  9.99843e-01  1.00002e+00
1.55404e+02  9.99936e-01  -2.40744e-05  -3.27500e-05  9.99910e-01  1.00001e+00
1.55509e+02  9.99981e-01  -9.10033e-06  -6.15249e-06  9.99979e-01  9.99997e-01
1.55614e+02  1.00003e+00  5.93768e-06  2.04442e-05  1.00005e+00  9.99985e-01
1.55718e+02  1.00007e+00  2.08749e-05  4.67490e-05  1.00011e+00  9.99974e-01
1.55823e+02  1.00011e+00  3.55481e-05  7.24748e-05  1.00018e+00  9.99963e-01
1.55928e+02  1.00016e+00  4.97972e-05  9.73414e-05  1.00024e+00  9.99952e-01
1.56032e+02  1.00020e+00  6.34669e-05  1.21079e-04  1.00031e+00  9.99942e-01
1.56137e+02  1.00024e+00  7.64088e-05  1.43429e-04  1.00036e+00  9.99933e-01
1.56242e+02  1.00027e+00  8.84828e-05  1.64152e-04  1.00042e+00  9.99924e-01
1.56347e+02  1.00030e+00  9.95583e-05  1.83024e-04  1.00047e+00  9.99917e-01
1.56451e+02  1.00033e+00  1.09516e-04  1.99843e-04  1.00051e+00  9.99910e-01
1.56556e+02  1.00036e+00  1.18250e-04  2.14431e-04  1.00055e+00  9.99904e-01
1.56661e+02  1.00038e+00  1.25667e-04  2.26632e-04  1.00058e+00  9.99899e-01
1.56765e+02  1.00040e+00  1.31689e-04  2.36319e-04  1.00060e+00  9.99895e-01
1.56870e+02  1.00041e+00  1.36252e-04  2.43393e-04  1.00062e+00  9.99893e-01
1.56975e+02  1.00042e+00  1.39311e-04  2.47782e-04  1.00063e+00  9.99892e-01
1.57080e+02  1.00042e+00  1.40836e-04  2.49446e-04  1.00064e+00  9.99891e-01
1.57184e+02  1.00042e+00  1.40814e-04  2.48374e-04  1.00064e+00  9.99892e-01
1.57289e+02  1.00042e+00  1.39248e-04  2.44583e-04  1.00063e+00  9.99895e-01
1.57394e+02  1.00041e+00  1.36161e-04  2.38124e-04  1.00061e+00  9.99898e-01
1.57499e+02  1.00039e+00  1.31589e-04  2.29074e-04  1.00059e+00  9.99903e-01
1.57603e+02  1.00037e+00  1.25588e-04  2.17539e-04  1.00056e+00  9.99908e-01
1.57708e+02  1.00035e+00  1.18226e-04  2.03653e-04  1.00053e+00  9.99915e-01
1.57813e+02  1.00032e+00  1.09588e-04  1.87573e-04  1.00048e+00  9.99922e-01
1.57917e+02  1.00029e+00  9.97723e-05  1.69482e-04  1.00044e+00  9.99930e-01
1.58022e+02  1.00026e+00  8.88896e-05  1.49583e-04  1.00039e+00  9.99939e-01
1.58127e+02  1.00022e+00  7.70620e-05  1.28101e-04  1.00033e+00  9.99949e-01
1.58232e+02  1.00019e+00  6.44218e-05  1.05273e-04  1.00027e+00  9.99959e-01
1.58336e+02  1.00015e+00  5.11097e-05  8.13538e-05  1.00021e+00  9.99970e-01
1.58441e+02  1.00010e+00  3.72733e-05  5.66085e-05  1.00015e+00  9.99981e-01
1.58546e+02  1.00006e+00  2.30655e-05  3.13101e-05  1.00009e+00  9.99992e-01
1.58650e+02  1.00002e+00  8.64286e-06  5.73688e-06  1.00002e+00  1.00000e+00
1.58755e+02  9.99975e-01  -5.83625e-06  -1.98304e-05  9.99955e-01  1.00001e+00
1.58860e+02  9.99932e-01  -2.02133e-05  -4.51122e-05  9.99890e-01  1.00002e+00
1.58965e+02  9.99890e-01  -3.43315e-05  -6.98326e-05  9.99826e-01  1.00004e+00
1.59069e+02  9.99850e-01  -4.80371e-05  -9.37228e-05  9.99765e-01  1.00005e+00
1.59174e+02  9.99811e-01  -6.11817e-05  -1.16524e-04  9.99706e-01  1.00006e+00
1.59279e+02  9.99774e-01  -7.36230e-05  -1.37990e-04  9.99650e-01  1.00006e+00
1.59383e+02  9.99739e-01  -8.52272e-05  -1.57889e-04  9.99599e-01  1.00007e+00
1.59488e+02  9.99708e-01  -9.58699e-05  -1.76008e-04  9.99552e-01  1.00008e+00
1.59593e+02  9.99680e-01  -1.05437e-04  -1.92155e-04  9.99510e-01  1.00009e+00
1.59698e+02  9.99656e-01  -1.13828e-04  -2.06158e-04  9.99474e-01  1.00009e+00
1.59802e+02  9.99635e-01  -1.20954e-04  -2.17869e-04  9.99443e-01  1.00010e+00
1.59907e+02  9.99618e-01  -1.26740e-04  -2.27167e-04  9.99419e-01  1.00010e+00
1.60012e+02  9.99606e-01  -1.31127e-04  -2.33957e-04  9.99401e-01  1.00010e+00
1.60117e+02  9.99598e-01  -1.34070e-04  -2.38171e-04  9.99390e-01  1.00010e+00
1.60221e+02  9.99594e-01  -1.35541e-04  -2.39770e-04  9.99385e-01  1.00010e+00
1.60326e+02  9.99595e-01  -1.35527e-04  -2.38742e-04  9.99387e-01  1.00010e+00
1.60431e+02  9.99600e-01  -1.34033e-04  -2.35107e-04  9.99396e-01  1.00010e+00
1.60535e+02  9.99610e-01  -1.31077e-04  -2.28909e-04  9.99411e-01  1.00010e+00
1.60640e+02  9.99624e-01  -1.26697e-04  -2.20225e-04  9.99433e-01  1.00009e+00
1.60745e+02  9.99642e-01  -1.20942e-04  -2.09154e-04  9.99461e-01  1.00009e+00
1.60850e+02  9.99663e-01  -1.13879e-04  -1.95823e-04  9.99494e-01  1.00008e+00
1.60954e+02  9.99689e-01  -1.05588e-04  -1.80384e-04  9.99534e-01  1.00007e+00
1.61059e+02  9.99717e-01  -9.61624e-05  -1.63011e-04  9.99578e-01  1.00007e+00
1.61164e+02  9.99749e-01  -8.57073e-05  -1.43899e-04  9.99626e-01  1.00006e+00
1.61268e+02  9.99784e-01  -7.43392e-05  -1.23259e-04  9.99679e-01  1.00005e+00
1.61373e+02  9.99820e-01  -6.21845e-05  -1.01323e-04  9.99735e-01  1.00004e+00
1.61478e+02  9.99859e-01  -4.93776e-05  -7.83324e-05  9.99794e-01  1.00003e+00
1.61583e+02  9.99899e-01  -3.60599e-05  -5.45414e-05  9.99855e-01  1.00002e+00
1.61687e+02  9.99940e-01  -2.23781e-05  -3.02124e-05  9.99917e-01  1.00001e+00
1.61792e+02  9.99982e-01  -8.48278e-06  -5.61272e-06  9.99980e-01  9.99997e-01
1.61897e+02  1.00002e+00  5.47374e-06  1.89878e-05  1.00004e+00  9.99986e-01
1.62001e+02  1.00006e+00  1.93385e-05  4.33200e-05  1.00011e+00  9.99976e-01
1.62106e+02  1.00011e+00  3.29600e-05  6.71182e-05  1.00017e+00  9.99966e-01
1.62211e+02  1.00014e+00  4.61894e-05  9.01230e-05  1.00023e+00  9.99956e-01
1.62316e+02  1.00018e+00  5.88829e-05  1.12085e-04  1.00028e+00  9.99947e-01
1.62420e+02  1.00022e+00  7.09023e-05  1.32765e-04  1.00034e+00  9.99938e-01
1.62525e+02  1.00025e+00  8.21176e-05  1.51940e-04  1.00039e+00  9.99930e-01
1.62630e+02  1.00028e+00  9.24075e-05  1.69405e-04  1.00043e+00  9.99923e-01
1.62734e+02  1.00031e+00  1.01661e-04  1.84971e-04  1.00047e+00  9.99917e-01
1.62839e+02  1.00033e+00  1.09780e-04  1.98473e-04  1.00051e+00  9.99911e-01
1.62944e+02  1.00035e+00  1.16676e-04  2.09768e-04  1.00054e+00  9.99907e-01
1.63049e+02  1.00037e+00  1.22278e-04  2.18737e-04  1.00056e+00  9.99904e-01
1.63153e+02  1.00038e+00  1.26527e-04  2.25288e-04  1.00058e+00  9.99901e-01
1.63258e+02  1.00039e+00  1.29379e-04  2.29355e-04  1.00059e+00  9.99900e-01
1.63363e+02  1.00039e+00  1.30807e-04  2.30900e-04  1.00059e+00  9.99900e-01
1.63468e+02  1.00039e+00  1.30798e-04  2.29912e-04  1.00059e+00  9.99901e-01
1.63572e+02  1.00039e+00  1.29356e-04  2.26408e-04  1.00058e+00  9.99903e-01
1.63677e+02  1.00038e+00  1.26500e-04  2.20434e-04  1.00057e+00  9.99906e-01
1.63782e+02  1.00036e+00  1.22265e-04  2.12060e-04  1.00055e+00  9.99910e-01
1.63886e+02  1.00035e+00  1.16700e-04  2.01386e-04  1.00052e+00  9.99915e-01
1.63991e+02  1.00032e+00  1.09872e-04  1.88533e-04  1.00049e+00  9.99921e-01
1.64096e+02  1.00030e+00  1.01856e-04  1.73648e-04  1.00045e+00  9.99928e-01
1.64201e+02  1.00027e+00  9.27451e-05  1.56900e-04  1.00041e+00  9.99936e-01
1.64305e+02  1.00024e+00  8.26411e-05  1.38477e-04  1.00036e+00  9.99944e-01
1.64410e+02  1.00021e+00  7.16576e-05  1.18585e-04  1.00031e+00  9.99953e-01
1.64515e+02  1.00017e+00  5.99171e-05  9.74461e-05  1.00025e+00  9.99962e-01
1.64619e+02  1.00014e+00  4.75502e-05  7.52948e-05  1.00020e+00  9.99972e-01
1.64724e+02  1.00010e+00  3.46940e-05  5.23763e-05  1.00014e+00  9.99982e-01
1.64829e+02  1.00006e+00  2.14906e-05  2.89436e-05  1.00008e+00  9.99993e-01
1.64934e+02  1.00002e+00  8.08535e-06  5.25455e-06  1.00002e+00  1.00000e+00
1.65038e+02  9.99977e-01  -5.37456e-06  -1.84310e-05  9.99958e-01  1.00001e+00
1.65143e+02  9.99938e-01  -1.87418e-05  -4.18539e-05  9.99898e-01  1.00002e+00
1.65248e+02  9.99898e-01  -3.18704e-05  -6.47586e-05  9.99839e-01  1.00003e+00
1.65352e+02  9.99861e-01  -4.46175e-05  -8.68959e-05  9.99782e-01  1.00004e+00
1.65457e+02  9.99824e-01  -5.68448e-05  -1.08026e-04  9.99727e-01  1.00005e+00
1.65562e+02  9.99790e-01  -6.84202e-05  -1.27920e-04  9.99676e-01  1.00006e+00
1.65667e+02  9.99758e-01  -7.92188e-05  -1.46364e-04  9.99628e-01  1.00007e+00
1.65771e+02  9.99729e-01  -8.91248e-05  -1.63160e-04  9.99585e-01  1.00007e+00
1.65876e+02  9.99703e-01  -9.80322e-05  -1.78129e-04  9.99546e-01  1.00008e+00
1.65981e+02  9.99680e-01  -1.05846e-04  -1.91111e-04  9.99512e-01  1.00009e+00
1.66086e+02  9.99661e-01  -1.12485e-04  -2.01971e-04  9.99484e-01  1.00009e+00
1.66190e+02  9.99645e-01  -1.17878e-04  -2.10595e-04  9.99461e-01  1.00009e+00
1.66295e+02  9.99633e-01  -1.21970e-04  -2.16894e-04  9.99444e-01  1.00009e+00
1.66400e+02  9.99626e-01  -1.24720e-04  -2.20805e-04  9.99434e-01  1.00010e+00
1.66504e+02  9.99622e-01  -1.26100e-04  -2.22292e-04  9.99429e-01  1.00010e+00
1.66609e+02  9.99623e-01  -1.26099e-04  -2.21344e-04  9.99431e-01  1.00010e+00
1.66714e+02  9.99628e-01  -1.24719e-04  -2.17978e-04  9.99439e-01  1.00009e+00
1.66819e+02  9.99637e-01  -1.21981e-04  -2.12236e-04  9.99454e-01  1.00009e+00
1.66923e+02  9.99650e-01  -1.17915e-04  -2.04187e-04  9.99474e-01  1.00009e+00
1.67028e+02  9.99666e-01  -1.12570e-04  -1.93925e-04  9.99500e-01  1.00008e+00
1.67133e+02  9.99686e-01  -1.06006e-04  -1.81567e-04  9.99531e-01  1.00008e+00
1.67237e+02  9.99710e-01  -9.82990e-05  -1.67252e-04  9.99567e-01  1.00007e+00
1.67342e+02  9.99737e-01  -8.95343e-05  -1.51143e-04  9.99608e-01  1.00006e+00
1.67447e+02  9.99766e-01  -7.98102e-05  -1.33418e-04  9.99653e-01  1.00005e+00
1.67552e+02  9.99798e-01  -6.92350e-05  -1.14277e-04  9.99702e-01  1.00005e+00
1.67656e+02  9.99832e-01  -5.79261e-05  -9.39314e-05  9.99754e-01  1.00004e+00
1.67761e+02  9.99868e-01  -4.60085e-05  -7.26064e-05  9.99809e-01  1.00003e+00
1.67866e+02  9.99906e-01  -3.36139e-05  -5.05376e-05  9.99865e-01  1.00002e+00
1.67970e+02  9.99944e-01  -2.08787e-05  -2.79683e-05  9.99923e-01  1.00001e+00
1.68075e+02  9.99983e-01  -7.94288e-06  -5.14638e-06  9.99982e-01  9.99997e-01
1.68180e+02  1.00002e+00  5.05150e-06  1.76777e-05  1.00004e+00  9.99987e-01
1.68285e+02  1.00006e+00  1.79622e-05  4.02543e-05  1.00010e+00  9.99978e-01
1.68389e+02  1.00010e+00  3.06479e-05  6.23368e-05  1.00016e+00  9.99968e-01
1.68494e+02  1.00013e+00  4.29703e-05  8.36846e-05  1.00021e+00  9.99959e-01
1.68599e+02  1.00017e+00  5.47952e-05  1.04066e-04  1.00026e+00  9.99951e-01
1.68704e+02  1.00020e+00  6.59939e-05  1.23259e-04  1.00031e+00  9.99943e-01
1.68808e+02  1.00023e+00  7.64452e-05  1.41057e-04  1.00036e+00  9.99935e-01
1.68913e+02  1.00026e+00  8.60360e-05  1.57268e-04  1.00040e+00  9.99929e-01
1.69018e+02  1.00029e+00  9.46630e-05  1.71719e-04  1.00044e+00  9.99923e-01
1.69122e+02  1.00031e+00  1.02234e-04  1.84254e-04  1.00047e+00  9.99918e-01
1.69227e+02  1.00033e+00  1.08667e-04  1.94742e-04  1.00050e+00  9.99914e-01
1.69332e+02  1.00034e+00  1.13896e-04  2.03072e-04  1.00052e+00  9.99911e-01
1.69437e+02  1.00035e+00  1.17865e-04  2.09157e-04  1.00054e+00  9.99909e-01
1.69541e+02  1.00036e+00  1.20533e-04  2.12938e-04  1.00055e+00  9.99908e-01
1.69646e+02  1.00036e+00  1.21875e-04  2.14377e-04  1.00055e+00  9.99907e-01
1.69751e+02  1.00036e+00  1.21878e-04  2.13464e-04  1.00055e+00  9.99908e-01
1.69855e+02  1.00036e+00  1.20546e-04  2.10216e-04  1.00054e+00  9.99910e-01
1.69960e+02  1.00035e+00  1.17896e-04  2.04673e-04  1.00053e+00  9.99913e-01
1.70065e+02  1.00034e+00  1.13961e-04  1.96903e-04  1.00051e+00  9.99917e-01
1.70170e+02  1.00032e+00  1.08786e-04  1.86995e-04  1.00048e+00  9.99922e-01
1.70274e+02  1.00030e+00  1.02432e-04  1.75063e-04  1.00045e+00  9.99927e-01
1.70379e+02  1.00028e+00  9.49717e-05  1.61244e-04  1.00042e+00  9.99934e-01
1.70484e+02  1.00025e+00  8.64886e-05  1.45693e-04  1.00038e+00  9.99941e-01
1.70588e+02  1.00023e+00  7.70786e-05  1.28585e-04  1.00033e+00  9.99948e-01
1.70693e+02  1.00019e+00  6.68472e-05  1.10111e-04  1.00029e+00  9.99957e-01
1.70798e+02  1.00016e+00  5.59086e-05  9.04782e-05  1.00024e+00  9.99965e-01
1.70903e+02  1.00013e+00  4.43842e-05  6.99029e-05  1.00018e+00  9.99974e-01
1.71007e+02  1.00009e+00  3.24018e-05  4.86134e-05  1.00013e+00  9.99984e-01
1.71112e+02  1.00005e+00  2.00938e-05  2.68446e-05  1.00007e+00  9.99993e-01
1.71217e+02  1.00002e+00  7.59552e-06  4.83583e-06  1.00002e+00  1.00000e+00
1.71322e+02  9.99979e-01  -4.95568e-06  -1.71714e-05  9.99961e-01  1.00001e+00
1.71426e+02  9.99942e-01  -1.74224e-05  -3.89362e-05  9.99905e-01  1.00002e+00
1.71531e+02  9.99906e-01  -2.96686e-05  -6.02211e-05  9.99850e-01  1.00003e+00
1.71636e+02  9.99870e-01  -4.15609e-05  -8.07946e-05  9.99797e-01  1.00004e+00
1.71740e+02  9.99836e-01  -5.29703e-05  -1.00433e-04  9.99746e-01  1.00005e+00
1.71845e+02  9.99804e-01  -6.37732e-05  -1.18925e-04  9.99698e-01  1.00006e+00
1.71950e+02  9.99775e-01  -7.38532e-05  -1.36071e-04  9.99654e-01  1.00006e+00
1.72055e+02  9.99747e-01  -8.31020e-05  -1.51685e-04  9.99614e-01  1.00007e+00
1.72159e+02  9.99723e-01  -9.14206e-05  -1.65603e-04  9.99577e-01  1.00007e+00
1.72264e+02  9.99702e-01  -9.87204e-05  -1.77675e-04  9.99546e-01  1.00008e+00
1.72369e+02  9.99684e-01  -1.04924e-04  -1.87775e-04  9.99520e-01  1.00008e+00
1.72473e+02  9.99669e-01  -1.09967e-04  -1.95797e-04  9.99498e-01  1.00009e+00
1.72578e+02  9.99658e-01  -1.13796e-04  -2.01657e-04  9.99483e-01  1.00009e+00
1.72683e+02  9.99651e-01  -1.16373e-04  -2.05299e-04  9.99473e-01  1.00009e+00
1.72788e+02  9.99648e-01  -1.17672e-04  -2.06686e-04  9.99469e-01  1.00009e+00
1.72892e+02  9.99648e-01  -1.17683e-04  -2.05809e-04  9.99471e-01  1.00009e+00
1.72997e+02  9.99653e-01  -1.16407e-04  -2.02684e-04  9.99478e-01  1.00009e+00
1.73102e+02  9.99661e-01  -1.13861e-04  -1.97349e-04  9.99491e-01  1.00008e+00
1.73206e+02  9.99673e-01  -1.10077e-04  -1.89868e-04  9.99510e-01  1.00008e+00
1.73311e+02  9.99688e-01  -1.05098e-04  -1.80328e-04  9.99534e-01  1.00008e+00
1.73416e+02  9.99707e-01  -9.89805e-05  -1.68838e-04  9.99563e-01  1.00007e+00
1.73521e+02  9.99729e-01  -9.17945e-05  -1.55528e-04  9.99597e-01  1.00006e+00
1.73625e+02  9.99754e-01  -8.36203e-05  -1.40547e-04  9.99635e-01  1.00006e+00
1.73730e+02  9.99781e-01  -7.45493e-05  -1.24064e-04  9.99677e-01  1.00005e+00
1.73835e+02  9.99811e-01  -6.46824e-05  -1.06261e-04  9.99723e-01  1.00004e+00
1.73940e+02  9.99843e-01  -5.41291e-05  -8.73368e-05  9.99771e-01  1.00003e+00
1.74044e+02  9.99877e-01  -4.30061e-05  -6.75003e-05  9.99822e-01  1.00002e+00
1.74149e+02  9.99911e-01  -3.14361e-05  -4.69707e-05  9.99875e-01  1.00002e+00
1.74254e+02  9.99947e-01  -1.95465e-05  -2.59740e-05  9.99929e-01  1.00001e+00
1.74358e+02  9.99983e-01  -7.46807e-06  -4.74106e-06  9.99983e-01  9.99997e-01
1.74463e+02  1.00002e+00  4.66668e-06  1.64953e-05  1.00004e+00  9.99988e-01
1.74568e+02  1.00006e+00  1.67248e-05  3.75026e-05  1.00009e+00  9.99979e-01
1.74673e+02  1.00009e+00  2.85746e-05  5.80515e-05  1.00014e+00  9.99971e-01
1.74777e+02  1.00013e+00  4.00865e-05  7.79179e-05  1.00020e+00  9.99962e-01
1.74882e+02  1.00016e+00  5.11352e-05  9.68860e-05  1.00024e+00  9.99954e-01
1.74987e+02  1.00019e+00  6.16006e-05  1.14750e-04  1.00029e+00  9.99947e-01
1.75091e+02  1.00022e+00  7.13692e-05  1.31317e-04  1.00033e+00  9.99940e-01
1.75196e+02  1.00024e+00  8.03353e-05  1.46407e-04  1.00037e+00  9.99934e-01
1.75301e+02  1.00027e+00  8.84024e-05  1.59860e-04  1.00041e+00  9.99929e-01
1.75406e+02  1.00029e+00  9.54837e-05  1.71532e-04  1.00044e+00  9.99924e-01
1.75510e+02  1.00031e+00  1.01504e-04  1.81298e-04  1.00046e+00  9.99920e-01
1.75615e+02  1.00032e+00  1.06399e-04  1.89056e-04  1.00048e+00  9.99917e-01
1.75720e+02  1.00033e+00  1.10118e-04  1.94725e-04  1.00050e+00  9.99915e-01
1.75824e+02  1.00034e+00  1.12622e-04  1.98249e-04  1.00051e+00  9.99914e-01
1.75929e+02  1.00034e+00  1.13886e-04  1.99593e-04  1.00051e+00  9.99914e-01
1.76034e+02  1.00034e+00  1.13901e-04  1.98748e-04  1.00051e+00  9.99915e-01
1.76139e+02  1.00034e+00  1.12667e-04  1.95729e-04  1.00050e+00  9.99917e-01
1.76243e+02  1.00033e+00  1.10202e-04  1.90572e-04  1.00049e+00  9.99920e-01
1.76348e+02  1.00032e+00  1.06535e-04  1.83341e-04  1.00047e+00  9.99923e-01
1.76453e+02  1.00030e+00  1.01709e-04  1.74119e-04  1.00045e+00  9.99928e-01
1.76558e+02  1.00028e+00  9.57800e-05  1.63012e-04  1.00042e+00  9.99933e-01
1.76662e+02  1.00026e+00  8.88155e-05  1.50147e-04  1.00039e+00  9.99939e-01
1.76767e+02  1.00024e+00  8.08943e-05  1.35667e-04  1.00035e+00  9.99945e-01
1.76872e+02  1.00021e+00  7.21054e-05  1.19737e-04  1.00031e+00  9.99952e-01
1.76976e+02  1.00018e+00  6.25472e-05  1.02533e-04  1.00027e+00  9.99960e-01
1.77081e+02  1.00015e+00  5.23261e-05  8.42478e-05  1.00022e+00  9.99968e-01
1.77186e+02  1.00012e+00  4.15559e-05  6.50838e-05  1.00017e+00  9.99976e-01
1.77291e+02  1.00009e+00  3.03556e-05  4.52530e-05  1.00012e+00  9.99985e-01
1.77395e+02  1.00005e+00  1.88490e-05  2.49741e-05  1.00007e+00  9.99994e-01
1.77500e+02  1.00002e+00  7.16276e-06  4.47027e-06  1.00002e+00  1.00000e+00
1.77605e+02  9.99981e-01  -4.57487e-06  -1.60337e-05  9.99963e-01  1.00001e+00
1.77709e+02  9.99946e-01  -1.62354e-05  -3.63133e-05  9.99911e-01  1.00002e+00
1.77814e+02  9.99912e-01  -2.76914e-05  -5.61473e-05  9.99860e-01  1.00003e+00
1.77919e+02  9.99879e-01  -3.88182e-05  -7.53198e-05  9.99811e-01  1.00004e+00
1.78024e+02  9.99847e-01  -4.94950e-05  -9.36228e-05  9.99763e-01  1.00004e+00
1.78128e+02  9.99817e-01  -5.96062e-05  -1.10858e-04  9.99719e-01  1.00005e+00
1.78233e+02  9.99790e-01  -6.90425e-05  -1.26840e-04  9.99677e-01  1.00006e+00
1.78338e+02  9.99764e-01  -7.77027e-05  -1.41396e-04  9.99640e-01  1.00006e+00
1.78442e+02  9.99741e-01  -8.54938e-05  -1.54372e-04  9.99606e-01  1.00007e+00
1.78547e+02  9.99721e-01  -9.23329e-05  -1.65628e-04  9.99576e-01  1.00007e+00
1.78652e+02  9.99704e-01  -9.81473e-05  -1.75047e-04  9.99552e-01  1.00008e+00
1.78757e+02  9.99690e-01  -1.02876e-04  -1.82528e-04  9.99532e-01  1.00008e+00
1.78861e+02  9.99680e-01  -1.06470e-04  -1.87996e-04  9.99518e-01  1.00008e+00
1.78966e+02  9.99673e-01  -1.08892e-04  -1.91396e-04  9.99508e-01  1.00008e+00
1.79071e+02  9.99670e-01  -1.10119e-04  -1.92694e-04  9.99504e-01  1.00008e+00
1.79176e+02  9.99671e-01  -1.10140e-04  -1.91881e-04  9.99506e-01  1.00008e+00
1.79280e+02  9.99675e-01  -1.08956e-04  -1.88971e-04  9.99513e-01  1.00008e+00
1.79385e+02  9.99682e-01  -1.06585e-04  -1.84001e-04  9.99525e-01  1.00008e+00
1.79490e+02  9.99694e-01  -1.03053e-04  -1.77030e-04  9.99543e-01  1.00007e+00
1.79594e+02  9.99708e-01  -9.84017e-05  -1.68138e-04  9.99565e-01  1.00007e+00
1.79699e+02  9.99726e-01  -9.26847e-05  -1.57427e-04  9.99592e-01  1.00006e+00
1.79804e+02  9.99746e-01  -8.59662e-05  -1.45018e-04  9.99624e-01  1.00006e+00
1.79909e+02  9.99769e-01  -7.83217e-05  -1.31050e-04  9.99660e-01  1.00005e+00
1.80013e+02  9.99795e-01  -6.98365e-05  -1.15680e-04  9.99699e-01  1.00005e+00
1.80118e+02  9.99823e-01  -6.06049e-05  -9.90779e-05  9.99741e-01  1.00004e+00
1.80223e+02  9.99853e-01  -5.07293e-05  -8.14289e-05  9.99786e-01  1.00003e+00
1.80327e+02  9.99884e-01  -4.03189e-05  -6.29279e-05  9.99834e-01  1.00002e+00
1.80432e+02  9.99917e-01  -2.94886e-05  -4.37793e-05  9.99883e-01  1.00001e+00
1.80537e+02  9.99950e-01  -1.83576e-05  -2.41938e-05  9.99933e-01  1.00001e+00
1.80642e+02  9.99984e-01  -7.04823e-06  -4.38679e-06  9.99984e-01  9.99997e-01
1.80746e+02  1.00002e+00  4.31541e-06  1.54246e-05  1.00004e+00  9.99989e-01
1.80851e+02  1.00005e+00  1.56088e-05  3.50236e-05  1.00009e+00  9.99981e-01
1.80956e+02  1.00008e+00  2.67086e-05  5.41960e-05  1.00014e+00  9.99973e-01
1.81060e+02  1.00012e+00  3.74934e-05  7.27329e-05  1.00018e+00  9.99965e-01
1.81165e+02  1.00015e+00  4.78459e-05  9.04327e-05  1.00023e+00  9.99957e-01
1.81270e+02  1.00018e+00  5.76534e-05  1.07103e-04  1.00027e+00  9.99951e-01
1.81375e+02  1.00020e+00  6.68095e-05  1.22564e-04  1.00031e+00  9.99944e-01
1.81479e+02  1.00023e+00  7.52152e-05  1.36649e-04  1.00035e+00  9.99939e-01
1.81584e+02  1.00025e+00  8.27798e-05  1.49207e-04  1.00038e+00  9.99934e-01
1.81689e+02  1.00027e+00  8.94221e-05  1.60102e-04  1.00041e+00  9.99929e-01
1.81793e+02  1.00029e+00  9.50711e-05  1.69220e-04  1.00043e+00  9.99926e-01
1.81898e+02  1.00030e+00  9.96668e-05  1.76465e-04  1.00045e+00  9.99923e-01
1.82003e+02  1.00031e+00  1.03161e-04  1.81761e-04  1.00047e+00  9.99921e-01
1.82108e+02  1.00032e+00  1.05518e-04  1.85054e-04  1.00048e+00  9.99920e-01
1.82212e+02  1.00032e+00  1.06714e-04  1.86313e-04  1.00048e+00  9.99920e-01
1.82317e+02  1.00032e+00  1.06738e-04  1.85529e-04  1.00048e+00  9.99921e-01
1.82422e+02  1.00031e+00  1.05593e-04  1.82715e-04  1.00047e+00  9.99923e-01
1.82527e+02  1.00031e+00  1.03293e-04  1.77906e-04  1.00046e+00  9.99925e-01
1.82631e+02  1.00030e+00  9.98673e-05  1.71160e-04  1.00044e+00  9.99929e-01
1.82736e+02  1.00028e+00  9.53547e-05  1.62554e-04  1.00042e+00  9.99933e-01
1.82841e+02  1.00027e+00  8.98076e-05  1.52188e-04  1.00039e+00  9.99938e-01
1.82945e+02  1.00025e+00  8.32889e-05  1.40180e-04  1.00036e+00  9.99943e-01
1.83050e+02  1.00022e+00  7.58724e-05  1.26663e-04  1.00033e+00  9.99949e-01
1.83155e+02  1.00020e+00  6.76414e-05  1.11791e-04  1.00029e+00  9.99956e-01
1.83260e+02  1.00017e+00  5.86879e-05  9.57282e-05  1.00025e+00  9.99963e-01
1.83364e+02  1.00014e+00  4.91116e-05  7.86546e-05  1.00021e+00  9.99970e-01
1.83469e+02  1.00011e+00  3.90189e-05  6.07591e-05  1.00016e+00  9.99978e-01
1.83574e+02  1.00008e+00  2.85214e-05  4.22396e-05  1.00011e+00  9.99986e-01
1.83678e+02  1.00005e+00  1.77350e-05  2.33003e-05  1.00006e+00  9.99994e-01
1.83783e+02  1.00002e+00  6.77849e-06  4.14942e-06  1.00002e+00  1.00000e+00
1.83888e+02  9.99983e-01  -4.22796e-06  -1.50029e-05  9.99966e-01  1.00001e+00
1.83993e+02  9.99950e-01  -1.51638e-05  -3.39471e-05  9.99917e-01  1.00002e+00
1.84097e+02  9.99918e-01  -2.59096e-05  -5.24763e-05  9.99869e-01  1.00003e+00
1.84202e+02  9.99887e-01  -3.63483e-05  -7.03889e-05  9.99823e-01  1.00003e+00
1.84307e+02  9.99857e-01  -4.63665e-05  -8.74903e-05  9.99779e-01  1.00004e+00
1.84411e+02  9.99829e-01  -5.58557e-05  -1.03595e-04  9.99737e-01  1.00005e+00
1.84516e+02  9.99803e-01  -6.47134e-05  -1.18530e-04  9.99698e-01  1.00005e+00
1.84621e+02  9.99779e-01  -7.28443e-05  -1.32135e-04  9.99663e-01  1.00006e+00
1.84726e+02  9.99757e-01  -8.01611e-05  -1.44263e-04  9.99631e-01  1.00006e+00
1.84830e+02  9.99739e-01  -8.65858e-05  -1.54785e-04  9.99604e-01  1.00007e+00
1.84935e+02  9.99723e-01  -9.20502e-05  -1.63591e-04  9.99581e-01  1.00007e+00
1.85040e+02  9.99710e-01  -9.64967e-05  -1.70587e-04  9.99562e-01  1.00007e+00
1.85145e+02  9.99700e-01  -9.98789e-05  -1.75702e-04  9.99549e-01  1.00008e+00
1.85249e+02  9.99694e-01  -1.02162e-04  -1.78883e-04  9.99540e-01  1.00008e+00
1.85354e+02  9.99691e-01  -1.03324e-04  -1.80101e-04  9.99536e-01  1.00008e+00
1.85459e+02  9.99691e-01  -1.03354e-04  -1.79345e-04  9.99538e-01  1.00008e+00
1.85563e+02  9.99695e-01  -1.02254e-04  -1.76630e-04  9.99544e-01  1.00007e+00
1.85668e+02  9.99702e-01  -1.00038e-04  -1.71989e-04  9.99556e-01  1.00007e+00
1.85773e+02  9.99712e-01  -9.67338e-05  -1.65476e-04  9.99572e-01  1.00007e+00
1.85878e+02  9.99726e-01  -9.23783e-05  -1.57168e-04  9.99593e-01  1.00006e+00
1.85982e+02  9.99742e-01  -8.70216e-05  -1.47158e-04  9.99619e-01  1.00006e+00
1.86087e+02  9.99761e-01  -8.07241e-05  -1.35560e-04  9.99648e-01  1.00005e+00
1.86192e+02  9.99783e-01  -7.35564e-05  -1.22504e-04  9.99681e-01  1.00005e+00
1.86296e+02  9.99807e-01  -6.55985e-05  -1.08136e-04  9.99718e-01  1.00004e+00
1.86401e+02  9.99833e-01  -5.69388e-05  -9.26160e-05  9.99758e-01  1.00004e+00
1.86506e+02  9.99861e-01  -4.76734e-05  -7.61155e-05  9.99800e-01  1.00003e+00
1.86611e+02  9.99891e-01  -3.79046e-05  -5.88174e-05  9.99844e-01  1.00002e+00
1.86715e+02  9.99921e-01  -2.77402e-05  -4.09126e-05  9.99890e-01  1.00001e+00
1.86820e+02  9.99953e-01  -1.72921e-05  -2.25982e-05  9.99938e-01  1.00001e+00
1.86925e+02  9.99985e-01  -6.67512e-06  -4.07554e-06  9.99985e-01  9.99997e-01
1.87029e+02  1.00002e+00  3.99424e-06  1.44523e-05  1.00003e+00  9.99990e-01
1.87134e+02  1.00005e+00  1.45991e-05  3.27826e-05  1.00008e+00  9.99982e-01
1.87239e+02  1.00008e+00  2.50235e-05  5.07150e-05  1.00013e+00  9.99974e-01
1.87344e+02  1.00011e+00  3.51537e-05  6.80541e-05  1.00017e+00  9.99967e-01
1.87448e+02  1.00014e+00  4.48792e-05  8.46113e-05  1.00021e+00  9.99960e-01
1.87553e+02  1.00017e+00  5.40943e-05  1.00207e-04  1.00025e+00  9.99954e-01
1.87658e+02  1.00019e+00  6.26989e-05  1.14672e-04  1.00029e+00  9.99948e-01
1.87763e+02  1.00021e+00  7.05999e-05  1.27850e-04  1.00033e+00  9.99943e-01
1.87867e+02  1.00024e+00  7.77121e-05  1.39601e-04  1.00036e+00  9.99938e-01
1.87972e+02  1.00025e+00  8.39590e-05  1.49797e-04  1.00038e+00  9.99934e-01
1.88077e+02  1.00027e+00  8.92737e-05  1.58332e-04  1.00041e+00  9.99931e-01
1.88181e+02  1.00028e+00  9.36000e-05  1.65113e-04  1.00042e+00  9.99928e-01
1.88286e+02  1.00029e+00  9.68922e-05  1.70072e-04  1.00044e+00  9.99927e-01
1.88391e+02  1.00030e+00  9.91163e-05  1.73158e-04  1.00045e+00  9.99926e-01
1.88496e+02  1.00030e+00  1.00250e-04  1.74341e-04  1.00045e+00  9.99926e-01
1.88600e+02  1.00030e+00  1.00283e-04  1.73612e-04  1.00045e+00  9.99927e-01
1.88705e+02  1.00030e+00  9.92181e-05  1.70983e-04  1.00044e+00  9.99928e-01
1.88810e+02  1.00029e+00  9.70681e-05  1.66487e-04  1.00043e+00  9.99931e-01
1.88914e+02  1.00028e+00  9.38593e-05  1.60178e-04  1.00041e+00  9.99934e-01
1.89019e+02  1.00027e+00  8.96291e-05  1.52128e-04  1.00039e+00  9.99938e-01
1.89124e+02  1.00025e+00  8.44260e-05  1.42430e-04  1.00037e+00  9.99942e-01
1.89229e+02  1.00023e+00  7.83092e-05  1.31194e-04  1.00034e+00  9.99947e-01
1.89333e+02  1.00021e+00  7.13478e-05  1.18546e-04  1.00031e+00  9.99953e-01
1.89438e+02  1.00019e+00  6.36197e-05  1.04628e-04  1.00027e+00  9.99959e-01
1.89543e+02  1.00016e+00  5.52114e-05  8.95952e-05  1.00023e+00  9.99966e-01
1.89647e+02  1.00013e+00  4.62164e-05  7.36147e-05  1.00019e+00  9.99973e-01
1.89752e+02  1.00011e+00  3.67346e-05  5.68636e-05  1.00015e+00  9.99980e-01
1.89857e+02  1.00008e+00  2.68709e-05  3.95272e-05  1.00011e+00  9.99987e-01
1.89962e+02  1.00005e+00  1.67341e-05  2.17964e-05  1.00006e+00  9.99995e-01
1.90066e+02  1.00002e+00  6.43566e-06  3.86644e-06  1.00001e+00  1.00000e+00
1.90171e+02  9.99984e-01  -3.91129e-06  -1.40662e-05  9.99968e-01  1.00001e+00
1.90276e+02  9.99953e-01  -1.41935e-05  -3.18051e-05  9.99922e-01  1.00002e+00
1.90381e+02  9.99923e-01  -2.42986e-05  -4.91568e-05  9.99877e-01  1.00002e+00
1.90485e+02  9.99894e-01  -3.41165e-05  -6.59322e-05  9.99834e-01  1.00003e+00
1.90590e+02  9.99866e-01  -4.35406e-05  -8.19491e-05  9.99793e-01  1.00004e+00
1.90695e+02  9.99840e-01  -5.24686e-05  -9.70340e-05  9.99753e-01  1.00004e+00
1.90799e+02  9.99815e-01  -6.08042e-05  -1.11024e-04  9.99717e-01  1.00005e+00
1.90904e+02  9.99792e-01  -6.84575e-05  -1.23769e-04  9.99684e-01  1.00006e+00
1.91009e+02  9.99772e-01  -7.53463e-05  -1.35132e-04  9.99654e-01  1.00006e+00
1.91114e+02  9.99754e-01  -8.13971e-05  -1.44991e-04  9.99629e-01  1.00006e+00
1.91218e+02  9.99739e-01  -8.65455e-05  -1.53243e-04  9.99607e-01  1.00007e+00
1.91323e+02  9.99727e-01  -9.07372e-05  -1.59801e-04  9.99590e-01  1.00007e+00
1.91428e+02  9.99718e-01  -9.39284e-05  -1.64597e-04  9.99577e-01  1.00007e+00
1.91532e+02  9.99712e-01  -9.60863e-05  -1.67581e-04  9.99569e-01  1.00007e+00
1.91637e+02  9.99709e-01  -9.71895e-05  -1.68727e-04  9.99565e-01  1.00007e+00
1.91742e+02  9.99709e-01  -9.72279e-05  -1.68023e-04  9.99567e-01  1.00007e+00
1.91847e+02  9.99713e-01  -9.62034e-05  -1.65484e-04  9.99573e-01  1.00007e+00
1.91951e+02  9.99719e-01  -9.41291e-05  -1.61139e-04  9.99584e-01  1.00007e+00
1.92056e+02  9.99729e-01  -9.10297e-05  -1.55041e-04  9.99599e-01  1.00006e+00
1.92161e+02  9.99742e-01  -8.69411e-05  -1.47260e-04  9.99619e-01  1.00006e+00
1.92265e+02  9.99757e-01  -8.19098e-05  -1.37884e-04  9.99642e-01  1.00006e+00
1.92370e+02  9.99775e-01  -7.59924e-05  -1.27019e-04  9.99670e-01  1.00005e+00
1.92475e+02  9.99796e-01  -6.92554e-05  -1.14787e-04  9.99701e-01  1.00005e+00
1.92580e+02  9.99818e-01  -6.17738e-05  -1.01325e-04  9.99736e-01  1.00004e+00
1.92684e+02  9.99843e-01  -5.36308e-05  -8.67820e-05  9.99773e-01  1.00003e+00
1.92789e+02  9.99869e-01  -4.49166e-05  -7.13195e-05  9.99812e-01  1.00003e+00
1.92894e+02  9.99897e-01  -3.57274e-05  -5.51086e-05  9.99854e-01  1.00002e+00
1.92999e+02  9.99926e-01  -2.61646e-05  -3.83280e-05  9.99897e-01  1.00001e+00
1.93103e+02  9.99955e-01  -1.63334e-05  -2.11625e-05  9.99941e-01  1.00000e+00
1.93208e+02  9.99985e-01  -6.34202e-06  -3.80075e-06  9.99986e-01  9.99997e-01
1.93313e+02  1.00002e+00  3.70009e-06  1.35669e-05  1.00003e+00  9.99990e-01
1.93417e+02  1.00004e+00  1.36829e-05  3.07503e-05  1.00008e+00  9.99983e-01
1.93522e+02  1.00007e+00  2.34972e-05  4.75618e-05  1.00012e+00  9.99976e-01
1.93627e+02  1.00010e+00  3.30358e-05  6.38180e-05  1.00016e+00  9.99969e-01
1.93732e+02  1.00013e+00  4.21948e-05  7.93420e-05  1.00020e+00  9.99963e-01
1.93836e+02  1.00016e+00  5.08746e-05  9.39655e-05  1.00024e+00  9.99957e-01
1.93941e+02  1.00018e+00  5.89808e-05  1.07530e-04  1.00027e+00  9.99951e-01
1.94046e+02  1.00020e+00  6.64258e-05  1.19889e-04  1.00031e+00  9.99947e-01
1.94150e+02  1.00022e+00  7.31291e-05  1.30910e-04  1.00033e+00  9.99942e-01
1.94255e+02  1.00024e+00  7.90187e-05  1.40474e-04  1.00036e+00  9.99939e-01
1.94360e+02  1.00025e+00  8.40315e-05  1.48480e-04  1.00038e+00  9.99936e-01
1.94465e+02  1.00026e+00  8.81142e-05  1.54844e-04  1.00040e+00  9.99933e-01
1.94569e+02  1.00027e+00  9.12237e-05  1.59498e-04  1.00041e+00  9.99932e-01
1.94674e+02  1.00028e+00  9.33280e-05  1.62396e-04  1.00042e+00  9.99931e-01
1.94779e+02  1.00028e+00  9.44058e-05  1.63510e-04  1.00042e+00  9.99931e-01
1.94883e+02  1.00028e+00  9.44474e-05  1.62830e-04  1.00042e+00  9.99932e-01
1.94988e+02  1.00028e+00  9.34543e-05  1.60369e-04  1.00041e+00  9.99933e-01
1.95093e+02  1.00027e+00  9.14395e-05  1.56156e-04  1.00040e+00  9.99935e-01
1.95198e+02  1.00026e+00  8.84271e-05  1.50242e-04  1.00039e+00  9.99938e-01
1.95302e+02  1.00025e+00  8.44522e-05  1.42696e-04  1.00037e+00  9.99942e-01
1.95407e+02  1.00024e+00  7.95604e-05  1.33603e-04  1.00035e+00  9.99946e-01
1.95512e+02  1.00022e+00  7.38071e-05  1.23066e-04  1.00032e+00  9.99951e-01
1.95617e+02  1.00020e+00  6.72572e-05  1.11204e-04  1.00029e+00  9.99956e-01
1.95721e+02  1.00018e+00  5.99840e-05  9.81497e-05  1.00026e+00  9.99962e-01
1.95826e+02  1.00015e+00  5.20689e-05  8.40486e-05  1.00022e+00  9.99968e-01
1.95931e+02  1.00013e+00  4.35999e-05  6.90575e-05  1.00018e+00  9.99975e-01
1.96035e+02  1.00010e+00  3.46708e-05  5.33423e-05  1.00014e+00  9.99981e-01
1.96140e+02  1.00007e+00  2.53805e-05  3.70769e-05  1.00010e+00  9.99988e-01
1.96245e+02  1.00004e+00  1.58314e-05  2.04404e-05  1.00006e+00  9.99995e-01
1.96350e+02  1.00001e+00  6.12849e-06  3.61571e-06  1.00001e+00  1.00000e+00
1.96454e+02  9.99985e-01  -3.62165e-06  -1.32125e-05  9.99970e-01  1.00001e+00
1.96559e+02  9.99957e-01  -1.33123e-05  -2.98602e-05  9.99927e-01  1.00002e+00
1.96664e+02  9.99928e-01  -2.28375e-05  -4.61454e-05  9.99885e-01  1.00002e+00
1.96768e+02  9.99901e-01  -3.20936e-05  -6.18910e-05  9.99844e-01  1.00003e+00
1.96873e+02  9.99874e-01  -4.09798e-05  -7.69257e-05  9.99805e-01  1.00004e+00
1.96978e+02  9.99849e-01  -4.93999e-05  -9.10867e-05  9.99768e-01  1.00004e+00
1.97083e+02  9.99826e-01  -5.72628e-05  -1.04221e-04  9.99734e-01  1.00005e+00
1.97187e+02  9.99805e-01  -6.44837e-05  -1.16187e-04  9.99703e-01  1.00005e+00
1.97292e+02  9.99785e-01  -7.09850e-05  -1.26857e-04  9.99675e-01  1.00006e+00
1.97397e+02  9.99769e-01  -7.66972e-05  -1.36116e-04  9.99651e-01  1.00006e+00
1.97501e+02  9.99754e-01  -8.15595e-05  -1.43867e-04  9.99631e-01  1.00006e+00
1.97606e+02  9.99743e-01  -8.55206e-05  -1.50027e-04  9.99614e-01  1.00006e+00
1.97711e+02  9.99734e-01  -8.85388e-05  -1.54534e-04  9.99602e-01  1.00007e+00
1.97816e+02  9.99728e-01  -9.05832e-05  -1.57340e-04  9.99595e-01  1.00007e+00
1.97920e+02  9.99726e-01  -9.16333e-05  -1.58419e-04  9.99592e-01  1.00007e+00
1.98025e+02  9.99726e-01  -9.16795e-05  -1.57764e-04  9.99593e-01  1.00007e+00
1.98130e+02  9.99729e-01  -9.07233e-05  -1.55383e-04  9.99599e-01  1.00006e+00
1.98234e+02  9.99735e-01  -8.87769e-05  -1.51308e-04  9.99609e-01  1.00006e+00
1.98339e+02  9.99744e-01  -8.58636e-05  -1.45585e-04  9.99623e-01  1.00006e+00
1.98444e+02  9.99756e-01  -8.20168e-05  -1.38282e-04  9.99641e-01  1.00006e+00
1.98549e+02  9.99771e-01  -7.72803e-05  -1.29480e-04  9.99664e-01  1.00005e+00
1.98653e+02  9.99788e-01  -7.17076e-05  -1.19280e-04  9.99690e-01  1.00005e+00
1.98758e+02  9.99807e-01  -6.53608e-05  -1.07795e-04  9.99719e-01  1.00004e+00
1.98863e+02  9.99828e-01  -5.83109e-05  -9.51543e-05  9.99751e-01  1.00004e+00
1.98968e+02  9.99852e-01  -5.06360e-05  -8.14974e-05  9.99786e-01  1.00003e+00
1.99072e+02  9.99876e-01  -4.24213e-05  -6.69761e-05  9.99824e-01  1.00002e+00
1.99177e+02  9.99902e-01  -3.37573e-05  -5.17508e-05  9.99863e-01  1.00002e+00
1.99282e+02  9.99930e-01  -2.47398e-05  -3.59896e-05  9.99903e-01  1.00001e+00
1.99386e+02  9.99957e-01  -1.54678e-05  -1.98660e-05  9.99945e-01  1.00000e+00
1.99491e+02  9.99986e-01  -6.04336e-06  -3.55706e-06  9.99987e-01  9.99998e-01
1.99596e+02  1.00001e+00  3.43023e-06  1.27584e-05  1.00003e+00  9.99991e-01
1.99701e+02  1.00004e+00  1.28492e-05  2.89016e-05  1.00007e+00  9.99984e-01
1.99805e+02  1.00007e+00  2.21104e-05  4.46964e-05  1.00011e+00  9.99977e-01
1.99910e+02  1.00010e+00  3.11129e-05  5.99705e-05  1.00015e+00  9.99971e-01
2.00015e+02  1.00012e+00  3.97584e-05  7.45575e-05  1.00019e+00  9.99965e-01
2.00119e+02  1.00015e+00  4.79529e-05  8.82992e-05  1.00022e+00  9.99960e-01
2.00224e+02  1.00017e+00  5.56074e-05  1.01047e-04  1.00026e+00  9.99955e-01
2.00329e+02  1.00019e+00  6.26389e-05  1.12662e-04  1.00029e+00  9.99950e-01
2.00434e+02  1.00021e+00  6.89716e-05  1.23021e-04  1.00032e+00  9.99946e-01
2.00538e+02  1.00022e+00  7.45373e-05  1.32012e-04  1.00034e+00  9.99943e-01
2.00643e+02  1.00024e+00  7.92762e-05  1.39539e-04  1.00036e+00  9.99940e-01
2.00748e+02  1.00025e+00  8.31381e-05  1.45523e-04  1.00037e+00  9.99938e-01
2.00852e+02  1.00026e+00  8.60821e-05  1.49901e-04  1.00039e+00  9.99936e-01
2.00957e+02  1.00026e+00  8.80777e-05  1.52629e-04  1.00039e+00  9.99935e-01
2.01062e+02  1.00027e+00  8.91048e-05  1.53679e-04  1.00040e+00  9.99935e-01
2.01167e+02  1.00027e+00  8.91539e-05  1.53045e-04  1.00040e+00  9.99936e-01
2.01271e+02  1.00026e+00  8.82263e-05  1.50736e-04  1.00039e+00  9.99937e-01
2.01376e+02  1.00026e+00  8.63341e-05  1.46780e-04  1.00038e+00  9.99940e-01
2.01481e+02  1.00025e+00  8.35000e-05  1.41226e-04  1.00037e+00  9.99942e-01
2.01586e+02  1.00024e+00  7.97568e-05  1.34136e-04  1.00035e+00  9.99946e-01
2.01690e+02  1.00022e+00  7.51473e-05  1.25591e-04  1.00033e+00  9.99950e-01
2.01795e+02  1.00021e+00  6.97237e-05  1.15690e-04  1.00030e+00  9.99954e-01
2.01900e+02  1.00019e+00  6.35472e-05  1.04541e-04  1.00027e+00  9.99959e-01
2.02004e+02  1.00017e+00  5.66869e-05  9.22711e-05  1.00024e+00  9.99964e-01
2.02109e+02  1.00014e+00  4.92194e-05  7.90161e-05  1.00021e+00  9.99970e-01
2.02214e+02  1.00012e+00  4.12276e-05  6.49233e-05  1.00017e+00  9.99976e-01
2.02319e+02  1.00009e+00  3.28001e-05  5.01489e-05  1.00013e+00  9.99983e-01
2.02423e+02  1.00007e+00  2.40302e-05  3.48561e-05  1.00009e+00  9.99989e-01
2.02528e+02  1.00004e+00  1.50145e-05  1.92133e-05  1.00005e+00  9.99996e-01
2.02633e+02  1.00001e+00  5.85217e-06  3.39261e-06  1.00001e+00  1.00000e+00
2.02737e+02  9.99987e-01  -3.35621e-06  -1.24325e-05  9.99972e-01  1.00001e+00
2.02842e+02  9.99959e-01  -1.25098e-05  -2.80888e-05  9.99931e-01  1.00002e+00
2.02947e+02  9.99932e-01  -2.15086e-05  -4.34054e-05  9.99892e-01  1.00002e+00
2.03052e+02  9.99906e-01  -3.02546e-05  -5.82154e-05  9.99853e-01  1.00003e+00
2.03156e+02  9.99881e-01  -3.86525e-05  -7.23578e-05  9.99817e-01  1.00003e+00
2.03261e+02  9.99858e-01  -4.66113e-05  -8.56792e-05  9.99782e-01  1.00004e+00
2.03366e+02  9.99836e-01  -5.40449e-05  -9.80359e-05  9.99750e-01  1.00004e+00
2.03470e+02  9.99816e-01  -6.08732e-05  -1.09294e-04  9.99721e-01  1.00005e+00
2.03575e+02  9.99797e-01  -6.70226e-05  -1.19334e-04  9.99694e-01  1.00005e+00
2.03680e+02  9.99782e-01  -7.24273e-05  -1.28048e-04  9.99671e-01  1.00006e+00
2.03785e+02  9.99768e-01  -7.70298e-05  -1.35343e-04  9.99652e-01  1.00006e+00
2.03889e+02  9.99757e-01  -8.07813e-05  -1.41142e-04  9.99637e-01  1.00006e+00
2.03994e+02  9.99749e-01  -8.36425e-05  -1.45386e-04  9.99626e-01  1.00006e+00
2.04099e+02  9.99743e-01  -8.55837e-05  -1.48031e-04  9.99618e-01  1.00006e+00
2.04204e+02  9.99741e-01  -8.65856e-05  -1.49050e-04  9.99615e-01  1.00006e+00
2.04308e+02  9.99741e-01  -8.66389e-05  -1.48437e-04  9.99616e-01  1.00006e+00
2.04413e+02  9.99744e-01  -8.57448e-05  -1.46202e-04  9.99622e-01  1.00006e+00
2.04518e+02  9.99750e-01  -8.39148e-05  -1.42371e-04  9.99631e-01  1.00006e+00
2.04622e+02  9.99758e-01  -8.11704e-05  -1.36990e-04  9.99645e-01  1.00006e+00
2.04727e+02  9.99770e-01  -7.75435e-05  -1.30121e-04  9.99662e-01  1.00005e+00
2.04832e+02  9.99783e-01  -7.30750e-05  -1.21842e-04  9.99683e-01  1.00005e+00
2.04937e+02  9.99799e-01  -6.78153e-05  -1.12246e-04  9.99708e-01  1.00004e+00
2.05041e+02  9.99817e-01  -6.18233e-05  -1.01441e-04  9.99735e-01  1.00004e+00
2.05146e+02  9.99838e-01  -5.51657e-05  -8.95464e-05  9.99766e-01  1.00003e+00
2.05251e+02  9.99859e-01  -4.79164e-05  -7.66954e-05  9.99799e-01  1.00003e+00
2.05355e+02  9.99883e-01  -4.01557e-05  -6.30300e-05  9.99834e-01  1.00002e+00
2.05460e+02  9.99907e-01  -3.19692e-05  -4.87013e-05  9.99871e-01  1.00002e+00
2.05565e+02  9.99933e-01  -2.34473e-05  -3.38673e-05  9.99909e-01  1.00001e+00
2.05670e+02  9.99959e-01  -1.46836e-05  -1.86913e-05  9.99948e-01  1.00000e+00
2.05774e+02  9.99986e-01  -5.77454e-06  -3.34004e-06  9.99988e-01  9.99998e-01
2.05879e+02  1.00001e+00  3.18222e-06  1.20182e-05  1.00003e+00  9.99991e-01
2.05984e+02  1.00004e+00  1.20885e-05  2.72153e-05  1.00007e+00  9.99985e-01
2.06088e+02  1.00007e+00  2.08470e-05  4.20852e-05  1.00011e+00  9.99979e-01
2.06193e+02  1.00009e+00  2.93620e-05  5.64657e-05  1.00014e+00  9.99973e-01
2.06298e+02  1.00012e+00  3.75407e-05  7.02002e-05  1.00018e+00  9.99967e-01
2.06403e+02  1.00014e+00  4.52940e-05  8.31397e-05  1.00021e+00  9.99962e-01
2.06507e+02  1.00016e+00  5.25377e-05  9.51438e-05  1.00024e+00  9.99957e-01
2.06612e+02  1.00018e+00  5.91934e-05  1.06083e-04  1.00027e+00  9.99953e-01
2.06717e+02  1.00020e+00  6.51890e-05  1.15839e-04  1.00030e+00  9.99949e-01
2.06822e+02  1.00021e+00  7.04601e-05  1.24308e-04  1.00032e+00  9.99946e-01
2.06926e+02  1.00023e+00  7.49501e-05  1.31399e-04  1.00034e+00  9.99944e-01
2.07031e+02  1.00024e+00  7.86112e-05  1.37038e-04  1.00035e+00  9.99942e-01
2.07136e+02  1.00024e+00  8.14046e-05  1.41165e-04  1.00036e+00  9.99940e-01
2.07240e+02  1.00025e+00  8.33014e-05  1.43737e-04  1.00037e+00  9.99940e-01
2.07345e+02  1.00025e+00  8.42823e-05  1.44731e-04  1.00037e+00  9.99940e-01
2.07450e+02  1.00025e+00  8.43383e-05  1.44137e-04  1.00037e+00  9.99940e-01
2.07555e+02  1.00025e+00  8.34703e-05  1.41966e-04  1.00037e+00  9.99942e-01
2.07659e+02  1.00024e+00  8.16898e-05  1.38245e-04  1.00036e+00  9.99943e-01
2.07764e+02  1.00024e+00  7.90178e-05  1.33017e-04  1.00035e+00  9.99946e-01
2.07869e+02  1.00022e+00  7.54853e-05  1.26343e-04  1.00033e+00  9.99949e-01
2.07973e+02  1.00021e+00  7.11327e-05  1.18299e-04  1.00031e+00  9.99953e-01
2.08078e+02  1.00020e+00  6.60092e-05  1.08975e-04  1.00028e+00  9.99957e-01
2.08183e+02  1.00018e+00  6.01725e-05  9.84765e-05  1.00026e+00  9.99962e-01
2.08288e+02  1.00016e+00  5.36879e-05  8.69206e-05  1.00023e+00  9.99967e-01
2.08392e+02  1.00014e+00  4.66276e-05  7.44361e-05  1.00020e+00  9.99972e-01
2.08497e+02  1.00011e+00  3.90702e-05  6.11615e-05  1.00016e+00  9.99978e-01
2.08602e+02  1.00009e+00  3.10993e-05  4.72440e-05  1.00013e+00  9.99984e-01
2.08706e+02  1.00007e+00  2.28031e-05  3.28370e-05  1.00009e+00  9.99990e-01
2.08811e+02  1.00004e+00  1.42729e-05  1.80995e-05  1.00005e+00  9.99996e-01
2.08916e+02  1.00001e+00  5.60270e-06  3.19331e-06  1.00001e+00  1.00000e+00
2.09021e+02  9.99988e-01  -3.11248e-06  -1.17180e-05  9.99973e-01  1.00001e+00
2.09125e+02  9.99962e-01  -1.17772e-05  -2.64712e-05  9.99935e-01  1.00001e+00
2.09230e+02  9.99936e-01  -2.02966e-05  -4.09052e-05  9.99898e-01  1.00002e+00
2.09335e+02  9.99912e-01  -2.85781e-05  -5.48627e-05  9.99862e-01  1.00003e+00
2.09440e+02  9.99888e-01  -3.65313e-05  -6.81920e-05  9.99827e-01  1.00003e+00
2.09544e+02  9.99866e-01  -4.40701e-05  -8.07485e-05  9.99794e-01  1.00004e+00
2.09649e+02  9.99845e-01  -5.11129e-05  -9.23965e-05  9.99764e-01  1.00004e+00
2.09754e+02  9.99826e-01  -5.75835e-05  -1.03010e-04  9.99736e-01  1.00005e+00
2.09858e+02  9.99808e-01  -6.34124e-05  -1.12476e-04  9.99712e-01  1.00005e+00
2.09963e+02  9.99793e-01  -6.85370e-05  -1.20692e-04  9.99690e-01  1.00005e+00
2.10068e+02  9.99781e-01  -7.29029e-05  -1.27572e-04  9.99672e-01  1.00005e+00
2.10173e+02  9.99770e-01  -7.64635e-05  -1.33042e-04  9.99657e-01  1.00006e+00
2.10277e+02  9.99762e-01  -7.91816e-05  -1.37047e-04  9.99647e-01  1.00006e+00
2.10382e+02  9.99757e-01  -8.10289e-05  -1.39543e-04  9.99640e-01  1.00006e+00
2.10487e+02  9.99755e-01  -8.19869e-05  -1.40509e-04  9.99637e-01  1.00006e+00
2.10591e+02  9.99755e-01  -8.20467e-05  -1.39935e-04  9.99638e-01  1.00006e+00
2.10696e+02  9.99758e-01  -8.12092e-05  -1.37831e-04  9.99643e-01  1.00006e+00
2.10801e+02  9.99763e-01  -7.94851e-05  -1.34224e-04  9.99652e-01  1.00005e+00
2.10906e+02  9.99771e-01  -7.68949e-05  -1.29154e-04  9.99665e-01  1.00005e+00
2.11010e+02  9.99782e-01  -7.34682e-05  -1.22682e-04  9.99681e-01  1.00005e+00
2.11115e+02  9.99795e-01  -6.92440e-05  -1.14879e-04  9.99701e-01  1.00005e+00
2.11220e+02  9.99810e-01  -6.42697e-05  -1.05834e-04  9.99724e-01  1.00004e+00
2.11324e+02  9.99827e-01  -5.86010e-05  -9.56482e-05  9.99750e-01  1.00004e+00
2.11429e+02  9.99846e-01  -5.23010e-05  -8.44350e-05  9.99779e-01  1.00003e+00
2.11534e+02  9.99867e-01  -4.54396e-05  -7.23190e-05  9.99810e-01  1.00003e+00
2.11639e+02  9.99889e-01  -3.80927e-05  -5.94343e-05  9.99843e-01  1.00002e+00
2.11743e+02  9.99912e-01  -3.03414e-05  -4.59234e-05  9.99878e-01  1.00002e+00
2.11848e+02  9.99936e-01  -2.22712e-05  -3.19352e-05  9.99914e-01  1.00001e+00
2.11953e+02  9.99961e-01  -1.39709e-05  -1.76237e-05  9.99951e-01  1.00000e+00
2.12058e+02  9.99986e-01  -5.53169e-06  -3.14602e-06  9.99988e-01  9.99998e-01
2.12162e+02  1.00001e+00  2.95391e-06  1.13390e-05  1.00003e+00  9.99992e-01
2.12267e+02  1.00004e+00  1.13929e-05  2.56729e-05  1.00006e+00  9.99986e-01
2.12372e+02  1.00006e+00  1.96930e-05  3.96990e-05  1.00010e+00  9.99980e-01
2.12476e+02  1.00009e+00  2.77636e-05  5.32642e-05  1.00013e+00  9.99974e-01
2.12581e+02  1.00011e+00  3.55166e-05  6.62209e-05  1.00017e+00  9.99969e-01
2.12686e+02  1.00013e+00  4.28676e-05  7.84284e-05  1.00020e+00  9.99964e-01
2.12791e+02  1.00015e+00  4.97369e-05  8.97542e-05  1.00023e+00  9.99960e-01
2.12895e+02  1.00017e+00  5.60498e-05  1.00076e-04  1.00026e+00  9.99956e-01
2.13000e+02  1.00019e+00  6.17381e-05  1.09283e-04  1.00028e+00  9.99952e-01
2.13105e+02  1.00020e+00  6.67406e-05  1.17275e-04  1.00030e+00  9.99949e-01
2.13209e+02  1.00021e+00  7.10036e-05  1.23969e-04  1.00032e+00  9.99947e-01
2.13314e+02  1.00022e+00  7.44815e-05  1.29292e-04  1.00033e+00  9.99945e-01
2.13419e+02  1.00023e+00  7.71377e-05  1.33189e-04  1.00034e+00  9.99944e-01
2.13524e+02  1.00024e+00  7.89443e-05  1.35620e-04  1.00035e+00  9.99943e-01
2.13628e+02  1.00024e+00  7.98832e-05  1.36562e-04  1.00035e+00  9.99943e-01
2.13733e+02  1.00024e+00  7.99454e-05  1.36006e-04  1.00035e+00  9.99944e-01
2.13838e+02  1.00024e+00  7.91319e-05  1.33961e-04  1.00035e+00  9.99945e-01
2.13942e+02  1.00023e+00  7.74531e-05  1.30454e-04  1.00034e+00  9.99947e-01
2.14047e+02  1.00022e+00  7.49290e-05  1.25524e-04  1.00033e+00  9.99949e-01
2.14152e+02  1.00021e+00  7.15888e-05  1.19230e-04  1.00031e+00  9.99952e-01
2.14257e+02  1.00020e+00  6.74706e-05  1.11642e-04  1.00029e+00  9.99956e-01
2.14361e+02  1.00019e+00  6.26209e-05  1.02846e-04  1.00027e+00  9.99960e-01
2.14466e+02  1.00017e+00  5.70943e-05  9.29407e-05  1.00024e+00  9.99964e-01
2.14571e+02  1.00015e+00  5.09524e-05  8.20370e-05  1.00022e+00  9.99969e-01
2.14675e+02  1.00013e+00  4.42639e-05  7.02561e-05  1.00018e+00  9.99974e-01
2.14780e+02  1.00011e+00  3.71028e-05  5.77289e-05  1.00015e+00  9.99979e-01
2.14885e+02  1.00009e+00  2.95486e-05  4.45938e-05  1.00012e+00  9.99985e-01
2.14990e+02  1.00006e+00  2.16847e-05  3.09961e-05  1.00008e+00  9.99991e-01
2.15094e+02  1.00004e+00  1.35978e-05  1.70854e-05  1.00005e+00  9.99997e-01
2.15199e+02  1.00001e+00  5.37670e-06  3.01459e-06  1.00001e+00  1.00000e+00
2.15304e+02  9.99989e-01  -2.88825e-06  -1.10619e-05  9.99975e-01  1.00001e+00
2.15409e+02  9.99964e-01  -1.11066e-05  -2.49900e-05  9.99939e-01  1.00001e+00
2.15513e+02  9.99940e-01  -1.91885e-05  -3.86177e-05  9.99904e-01  1.00002e+00
2.15618e+02  9.99917e-01  -2.70458e-05  -5.17964e-05  9.99869e-01  1.00002e+00
2.15723e+02  9.99894e-01  -3.45931e-05  -6.43827e-05  9.99837e-01  1.00003e+00
2.15827e+02  9.99873e-01  -4.17484e-05  -7.62402e-05  9.99806e-01  1.00003e+00
2.15932e+02  9.99853e-01  -4.84341e-05  -8.72406e-05  9.99777e-01  1.00004e+00
2.16037e+02  9.99835e-01  -5.45782e-05  -9.72652e-05  9.99751e-01  1.00004e+00
2.16142e+02  9.99818e-01  -6.01144e-05  -1.06206e-04  9.99727e-01  1.00005e+00
2.16246e+02  9.99804e-01  -6.49833e-05  -1.13968e-04  9.99707e-01  1.00005e+00
2.16351e+02  9.99792e-01  -6.91329e-05  -1.20468e-04  9.99690e-01  1.00005e+00
2.16456e+02  9.99782e-01  -7.25193e-05  -1.25638e-04  9.99676e-01  1.00005e+00
2.16560e+02  9.99775e-01  -7.51066e-05  -1.29423e-04  9.99666e-01  1.00005e+00
2.16665e+02  9.99770e-01  -7.68682e-05  -1.31785e-04  9.99660e-01  1.00005e+00
2.16770e+02  9.99767e-01  -7.77861e-05  -1.32701e-04  9.99657e-01  1.00005e+00
2.16875e+02  9.99767e-01  -7.78518e-05  -1.32163e-04  9.99658e-01  1.00005e+00
2.16979e+02  9.99770e-01  -7.70660e-05  -1.30180e-04  9.99663e-01  1.00005e+00
2.17084e+02  9.99775e-01  -7.54388e-05  -1.26776e-04  9.99671e-01  1.00005e+00
2.17189e+02  9.99783e-01  -7.29893e-05  -1.21991e-04  9.99683e-01  1.00005e+00
2.17293e+02  9.99793e-01  -6.97457e-05  -1.15881e-04  9.99698e-01  1.00005e+00
2.17398e+02  9.99805e-01  -6.57446e-05  -1.08514e-04  9.99717e-01  1.00004e+00
2.17503e+02  9.99819e-01  -6.10312e-05  -9.99729e-05  9.99739e-01  1.00004e+00
2.17608e+02  9.99835e-01  -5.56579e-05  -9.03537e-05  9.99764e-01  1.00003e+00
2.17712e+02  9.99854e-01  -4.96847e-05  -7.97634e-05  9.99791e-01  1.00003e+00
2.17817e+02  9.99873e-01  -4.31777e-05  -6.83196e-05  9.99820e-01  1.00003e+00
2.17922e+02  9.99894e-01  -3.62090e-05  -5.61490e-05  9.99851e-01  1.00002e+00
2.18027e+02  9.99916e-01  -2.88555e-05  -4.33860e-05  9.99884e-01  1.00001e+00
2.18131e+02  9.99939e-01  -2.11982e-05  -3.01714e-05  9.99918e-01  1.00001e+00
2.18236e+02  9.99963e-01  -1.33214e-05  -1.66505e-05  9.99953e-01  1.00000e+00
2.18341e+02  9.99987e-01  -5.31159e-06  -2.97191e-06  9.99989e-01  9.99998e-01
2.18445e+02  1.00001e+00  2.74337e-06  1.07144e-05  1.00002e+00  9.99992e-01
2.18550e+02  1.00003e+00  1.07552e-05  2.42586e-05  1.00006e+00  9.99986e-01
2.18655e+02  1.00006e+00  1.86364e-05  3.75128e-05  1.00009e+00  9.99981e-01
2.18760e+02  1.00008e+00  2.63007e-05  5.03322e-05  1.00013e+00  9.99976e-01
2.18864e+02  1.00010e+00  3.36646e-05  6.25773e-05  1.00016e+00  9.99971e-01
2.18969e+02  1.00012e+00  4.06479e-05  7.41150e-05  1.00019e+00  9.99967e-01
2.19074e+02  1.00014e+00  4.71748e-05  8.48203e-05  1.00022e+00  9.99962e-01
2.19178e+02  1.00016e+00  5.31743e-05  9.45774e-05  1.00024e+00  9.99959e-01
2.19283e+02  1.00018e+00  5.85817e-05  1.03281e-04  1.00027e+00  9.99955e-01
2.19388e+02  1.00019e+00  6.33387e-05  1.10838e-04  1.00029e+00  9.99953e-01
2.19493e+02  1.00020e+00  6.73940e-05  1.17167e-04  1.00030e+00  9.99950e-01
2.19597e+02  1.00021e+00  7.07046e-05  1.22202e-04  1.00032e+00  9.99949e-01
2.19702e+02  1.00022e+00  7.32352e-05  1.25889e-04  1.00033e+00  9.99947e-01
2.19807e+02  1.00022e+00  7.49595e-05  1.28191e-04  1.00033e+00  9.99947e-01
2.19911e+02  1.00023e+00  7.58598e-05  1.29084e-04  1.00033e+00  9.99947e-01
2.20016e+02  1.00023e+00  7.59278e-05  1.28563e-04  1.00033e+00  9.99947e-01
2.20121e+02  1.00022e+00  7.51640e-05  1.26634e-04  1.00033e+00  9.99949e-01
2.20226e+02  1.00022e+00  7.35784e-05  1.23322e-04  1.00032e+00  9.99950e-01
2.20330e+02  1.00021e+00  7.11896e-05  1.18666e-04  1.00031e+00  9.99953e-01
2.20435e+02  1.00020e+00  6.80253e-05  1.12719e-04  1.00029e+00  9.99955e-01
2.20540e+02  1.00019e+00  6.41214e-05  1.05549e-04  1.00028e+00  9.99959e-01
2.20645e+02  1.00018e+00  5.95222e-05  9.72361e-05  1.00025e+00  9.99962e-01
2.20749e+02  1.00016e+00  5.42792e-05  8.78742e-05  1.00023e+00  9.99966e-01
2.20854e+02  1.00014e+00  4.84509e-05  7.75676e-05  1.00020e+00  9.99971e-01
2.20959e+02  1.00012e+00  4.21024e-05  6.64310e-05  1.00017e+00  9.99976e-01
2.21063e+02  1.00010e+00  3.53040e-05  5.45881e-05  1.00014e+00  9.99981e-01
2.21168e+02  1.00008e+00  2.81311e-05  4.21697e-05  1.00011e+00  9.99986e-01
2.21273e+02  1.00006e+00  2.06627e-05  2.93129e-05  1.00008e+00  9.99991e-01
2.21378e+02  1.00004e+00  1.29813e-05  1.61594e-05  1.00005e+00  9.99997e-01
2.21482e+02  1.00001e+00  5.17133e-06  2.85379e-06  1.00001e+00  1.00000e+00
2.21587e+02  9.99989e-01  -2.68159e-06  -1.04581e-05  9.99976e-01  1.00001e+00
2.21692e+02  9.99966e-01  -1.04914e-05  -2.36305e-05  9.99942e-01  1.00001e+00
2.21796e+02  9.99943e-01  -1.81728e-05  -3.65196e-05  9.99909e-01  1.00002e+00
2.21901e+02  9.99921e-01  -2.56420e-05  -4.89848e-05  9.99876e-01  1.00002e+00
2.22006e+02  9.99900e-01  -3.28176e-05  -6.08906e-05  9.99845e-01  1.00003e+00
2.22111e+02  9.99879e-01  -3.96218e-05  -7.21077e-05  9.99816e-01  1.00003e+00
2.22215e+02  9.99861e-01  -4.59808e-05  -8.25148e-05  9.99789e-01  1.00004e+00
2.22320e+02  9.99843e-01  -5.18259e-05  -9.19996e-05  9.99764e-01  1.00004e+00
2.22425e+02  9.99828e-01  -5.70941e-05  -1.00460e-04  9.99742e-01  1.00004e+00
2.22529e+02  9.99814e-01  -6.17288e-05  -1.07805e-04  9.99723e-01  1.00005e+00
2.22634e+02  9.99802e-01  -6.56806e-05  -1.13958e-04  9.99706e-01  1.00005e+00
2.22739e+02  9.99793e-01  -6.89073e-05  -1.18852e-04  9.99693e-01  1.00005e+00
2.22844e+02  9.99786e-01  -7.13750e-05  -1.22436e-04  9.99684e-01  1.00005e+00
2.22948e+02  9.99781e-01  -7.30580e-05  -1.24674e-04  9.99678e-01  1.00005e+00
2.23053e+02  9.99779e-01  -7.39392e-05  -1.25544e-04  9.99675e-01  1.00005e+00
2.23158e+02  9.99779e-01  -7.40103e-05  -1.25039e-04  9.99676e-01  1.00005e+00
2.23263e+02  9.99781e-01  -7.32719e-05  -1.23167e-04  9.99680e-01  1.00005e+00
2.23367e+02  9.99786e-01  -7.17334e-05  -1.19950e-04  9.99688e-01  1.00005e+00
2.23472e+02  9.99793e-01  -6.94128e-05  -1.15427e-04  9.99700e-01  1.00005e+00
2.23577e+02  9.99803e-01  -6.63369e-05  -1.09648e-04  9.99714e-01  1.00004e+00
2.23681e+02  9.99814e-01  -6.25403e-05  -1.02681e-04  9.99732e-01  1.00004e+00
2.23786e+02  9.99828e-01  -5.80657e-05  -9.46017e-05  9.99753e-01  1.00004e+00
2.23891e+02  9.99843e-01  -5.29631e-05  -8.55019e-05  9.99776e-01  1.00003e+00
2.23996e+02  9.99860e-01  -4.72892e-05  -7.54827e-05  9.99802e-01  1.00003e+00
2.24100e+02  9.99879e-01  -4.11070e-05  -6.46552e-05  9.99830e-01  1.00002e+00
2.24205e+02  9.99899e-01  -3.44848e-05  -5.31392e-05  9.99859e-01  1.00002e+00
2.24310e+02  9.99920e-01  -2.74957e-05  -4.10621e-05  9.99890e-01  1.00001e+00
2.24414e+02  9.99942e-01  -2.02167e-05  -2.85568e-05  9.99923e-01  1.00001e+00
2.24519e+02  9.99964e-01  -1.27279e-05  -1.57610e-05  9.99956e-01  1.00000e+00
2.24624e+02  9.99987e-01  -5.11149e-06  -2.81515e-06  9.99989e-01  9.99998e-01
2.24729e+02  1.00001e+00  2.54889e-06  1.01387e-05  1.00002e+00  9.99992e-01
2.24833e+02  1.00003e+00  1.01694e-05  2.29588e-05  1.00006e+00  9.99987e-01
2.24938e+02  1.00006e+00  1.76666e-05  3.55049e-05  1.00009e+00  9.99982e-01
2.25043e+02  1.00008e+00  2.49587e-05  4.76403e-05  1.00012e+00  9.99977e-01
2.25147e+02  1.00010e+00  3.19660e-05  5.92328e-05  1.00015e+00  9.99973e-01
2.25252e+02  1.00012e+00  3.86124e-05  7.01563e-05  1.00018e+00  9.99968e-01
2.25357e+02  1.00014e+00  4.48255e-05  8.02924e-05  1.00021e+00  9.99965e-01
2.25462e+02  1.00015e+00  5.05379e-05  8.95314e-05  1.00023e+00  9.99961e-01
2.25566e+02  1.00017e+00  5.56878e-05  9.77737e-05  1.00025e+00  9.99958e-01
2.25671e+02  1.00018e+00  6.02197e-05  1.04931e-04  1.00027e+00  9.99955e-01
2.25776e+02  1.00019e+00  6.40848e-05  1.10926e-04  1.00029e+00  9.99953e-01
2.25881e+02  1.00020e+00  6.72419e-05  1.15696e-04  1.00030e+00  9.99952e-01
2.25985e+02  1.00021e+00  6.96575e-05  1.19191e-04  1.00031e+00  9.99950e-01
2.26090e+02  1.00021e+00  7.13062e-05  1.21373e-04  1.00031e+00  9.99950e-01
2.26195e+02  1.00022e+00  7.21713e-05  1.22223e-04  1.00032e+00  9.99950e-01
2.26299e+02  1.00022e+00  7.22445e-05  1.21733e-04  1.00032e+00  9.99951e-01
2.26404e+02  1.00021e+00  7.15264e-05  1.19911e-04  1.00031e+00  9.99952e-01
2.26509e+02  1.00021e+00  7.00261e-05  1.16778e-04  1.00030e+00  9.99953e-01
2.26614e+02  1.00020e+00  6.77613e-05  1.12373e-04  1.00029e+00  9.99955e-01
2.26718e+02  1.00019e+00  6.47582e-05  1.06745e-04  1.00028e+00  9.99958e-01
2.26823e+02  1.00018e+00  6.10510e-05  9.99580e-05  1.00026e+00  9.99961e-01
2.26928e+02  1.00017e+00  5.66814e-05  9.20888e-05  1.00024e+00  9.99965e-01
2.27032e+02  1.00015e+00  5.16984e-05  8.32255e-05  1.00022e+00  9.99968e-01
2.27137e+02  1.00014e+00  4.61578e-05  7.34671e-05  1.00019e+00  9.99973e-01
2.27242e+02  1.00012e+00  4.01211e-05  6.29219e-05  1.00017e+00  9.99977e-01
2.27347e+02  1.00010e+00  3.36553e-05  5.17071e-05  1.00014e+00  9.99982e-01
2.27451e+02  1.00008e+00  2.68320e-05  3.99465e-05  1.00011e+00  9.99987e-01
2.27556e+02  1.00006e+00  1.97265e-05  2.77701e-05  1.00008e+00  9.99992e-01
2.27661e+02  1.00003e+00  1.24171e-05  1.53118e-05  1.00004e+00  9.99997e-01
2.27765e+02  1.00001e+00  4.98417e-06  2.70862e-06  1.00001e+00  1.00000e+00
2.27870e+02  9.99990e-01  -2.49078e-06  -9.90124e-06  9.99978e-01  1.00001e+00
2.27975e+02  9.99968e-01  -9.92588e-06  -2.23798e-05  9.99945e-01  1.00001e+00
2.28080e+02  9.99946e-01  -1.72398e-05  -3.45906e-05  9.99914e-01  1.00002e+00
2.28184e+02  9.99925e-01  -2.43529e-05  -4.64007e-05  9.99883e-01  1.00002e+00
2.28289e+02  9.99905e-01  -3.11875e-05  -5.76814e-05  9.99853e-01  1.00003e+00
2.28394e+02  9.99885e-01  -3.76696e-05  -6.83104e-05  9.99826e-01  1.00003e+00
2.28499e+02  9.99867e-01  -4.37287e-05  -7.81727e-05  9.99800e-01  1.00003e+00
2.28603e+02  9.99851e-01  -4.92995e-05  -8.71616e-05  9.99776e-01  1.00004e+00
2.28708e+02  9.99836e-01  -5.43217e-05  -9.51805e-05  9.99755e-01  1.00004e+00
2.28813e+02  9.99823e-01  -5.87415e-05  -1.02143e-04  9.99737e-01  1.00004e+00
2.28917e+02  9.99812e-01  -6.25116e-05  -1.07976e-04  9.99722e-01  1.00005e+00
2.29022e+02  9.99803e-01  -6.55919e-05  -1.12617e-04  9.99709e-01  1.00005e+00
2.29127e+02  9.99796e-01  -6.79497e-05  -1.16017e-04  9.99700e-01  1.00005e+00
2.29232e+02  9.99792e-01  -6.95606e-05  -1.18142e-04  9.99694e-01  1.00005e+00
2.29336e+02  9.99789e-01  -7.04081e-05  -1.18970e-04  9.99692e-01  1.00005e+00
2.29441e+02  9.99789e-01  -7.04843e-05  -1.18495e-04  9.99693e-01  1.00005e+00
2.29546e+02  9.99792e-01  -6.97894e-05  -1.16724e-04  9.99697e-01  1.00005e+00
2.29650e+02  9.99796e-01  -6.83323e-05  -1.13679e-04  9.99704e-01  1.00005e+00
2.29755e+02  9.99803e-01  -6.61301e-05  -1.09396e-04  9.99715e-01  1.00004e+00
2.29860e+02  9.99812e-01  -6.32080e-05  -1.03922e-04  9.99729e-01  1.00004e+00
2.29965e+02  9.99823e-01  -5.95991e-05  -9.73217e-05  9.99746e-01  1.00004e+00
2.30069e+02  9.99836e-01  -5.53439e-05  -8.96674e-05  9.99765e-01  1.00003e+00
2.30174e+02  9.99851e-01  -5.04898e-05  -8.10450e-05  9.99787e-01  1.00003e+00
2.30279e+02  9.99867e-01  -4.50908e-05  -7.15506e-05  9.99812e-01  1.00003e+00
2.30383e+02  9.99885e-01  -3.92067e-05  -6.12895e-05  9.99838e-01  1.00002e+00
2.30488e+02  9.99904e-01  -3.29027e-05  -5.03753e-05  9.99866e-01  1.00002e+00
2.30593e+02  9.99924e-01  -2.62482e-05  -3.89284e-05  9.99896e-01  1.00001e+00
2.30698e+02  9.99944e-01  -1.93166e-05  -2.70751e-05  9.99927e-01  1.00001e+00
2.30802e+02  9.99966e-01  -1.21841e-05  -1.49458e-05  9.99958e-01  1.00000e+00
2.30907e+02  9.99987e-01  -4.92906e-06  -2.67354e-06  9.99990e-01  9.99998e-01
2.31012e+02  1.00001e+00  2.36895e-06  9.60697e-06  1.00002e+00  9.99993e-01
2.31116e+02  1.00003e+00  9.63000e-06  2.17613e-05  1.00005e+00  9.99988e-01
2.31221e+02  1.00005e+00  1.67746e-05  3.36567e-05  1.00008e+00  9.99983e-01
2.31326e+02  1.00007e+00  2.37248e-05  4.51633e-05  1.00011e+00  9.99979e-01
2.31431e+02  1.00009e+00  3.04047e-05  5.61557e-05  1.00014e+00  9.99974e-01
2.31535e+02  1.00011e+00  3.67416e-05  6.65145e-05  1.00017e+00  9.99970e-01
2.31640e+02  1.00013e+00  4.26665e-05  7.61272e-05  1.00019e+00  9.99967e-01
2.31745e+02  1.00015e+00  4.81151e-05  8.48899e-05  1.00022e+00  9.99963e-01
2.31850e+02  1.00016e+00  5.30285e-05  9.27080e-05  1.00024e+00  9.99960e-01
2.31954e+02  1.00017e+00  5.73537e-05  9.94975e-05  1.00026e+00  9.99958e-01
2.32059e+02  1.00018e+00  6.10440e-05  1.05186e-04  1.00027e+00  9.99956e-01
2.32164e+02  1.00019e+00  6.40601e-05  1.09712e-04  1.00028e+00  9.99954e-01
2.32268e+02  1.00020e+00  6.63700e-05  1.13030e-04  1.00029e+00  9.99953e-01
2.32373e+02  1.00020e+00  6.79494e-05  1.15103e-04  1.00030e+00  9.99953e-01
2.32478e+02  1.00021e+00  6.87820e-05  1.15913e-04  1.00030e+00  9.99953e-01
2.32583e+02  1.00021e+00  6.88601e-05  1.15452e-04  1.00030e+00  9.99953e-01
2.32687e+02  1.00020e+00  6.81839e-05  1.13727e-04  1.00030e+00  9.99954e-01
2.32792e+02  1.00020e+00  6.67620e-05  1.10760e-04  1.00029e+00  9.99956e-01
2.32897e+02  1.00019e+00  6.46112e-05  1.06585e-04  1.00028e+00  9.99958e-01
2.33001e+02  1.00018e+00  6.17563e-05  1.01250e-04  1.00026e+00  9.99961e-01
2.33106e+02  1.00017e+00  5.82297e-05  9.48159e-05  1.00025e+00  9.99963e-01
2.33211e+02  1.00016e+00  5.40712e-05  8.73548e-05  1.00023e+00  9.99967e-01
2.33316e+02  1.00015e+00  4.93272e-05  7.89503e-05  1.00021e+00  9.99970e-01
2.33420e+02  1.00013e+00  4.40509e-05  6.96961e-05  1.00018e+00  9.99974e-01
2.33525e+02  1.00011e+00  3.83008e-05  5.96951e-05  1.00016e+00  9.99979e-01
2.33630e+02  1.00009e+00  3.21408e-05  4.90581e-05  1.00013e+00  9.99983e-01
2.33734e+02  1.00007e+00  2.56389e-05  3.79029e-05  1.00010e+00  9.99988e-01
2.33839e+02  1.00005e+00  1.88669e-05  2.63524e-05  1.00007e+00  9.99993e-01
2.33944e+02  1.00003e+00  1.18995e-05  1.45339e-05  1.00004e+00  9.99997e-01
2.34049e+02  1.00001e+00  4.81316e-06  2.57718e-06  1.00001e+00  1.00000e+00
2.34153e+02  9.99991e-01  -2.31430e-06  -9.38661e-06  9.99979e-01  1.00001e+00
2.34258e+02  9.99970e-01  -9.40484e-06  -2.12265e-05  9.99948e-01  1.00001e+00
2.34363e+02  9.99949e-01  -1.63809e-05  -3.28131e-05  9.99918e-01  1.00002e+00
2.34468e+02  9.99929e-01  -2.31665e-05  -4.40202e-05  9.99889e-01  1.00002e+00
2.34572e+02  9.99909e-01  -2.96876e-05  -5.47256e-05  9.99861e-01  1.00003e+00
2.34677e+02  9.99891e-01  -3.58734e-05  -6.48133e-05  9.99834e-01  1.00003e+00
2.34782e+02  9.99874e-01  -4.16568e-05  -7.41740e-05  9.99810e-01  1.00003e+00
2.34886e+02  9.99858e-01  -4.69753e-05  -8.27064e-05  9.99788e-01  1.00004e+00
2.34991e+02  9.99844e-01  -5.17713e-05  -9.03189e-05  9.99768e-01  1.00004e+00
2.35096e+02  9.99831e-01  -5.59935e-05  -9.69296e-05  9.99750e-01  1.00004e+00
2.35201e+02  9.99821e-01  -5.95965e-05  -1.02468e-04  9.99735e-01  1.00004e+00
2.35305e+02  9.99812e-01  -6.25420e-05  -1.06876e-04  9.99724e-01  1.00004e+00
2.35410e+02  9.99806e-01  -6.47988e-05  -1.10106e-04  9.99715e-01  1.00005e+00
2.35515e+02  9.99801e-01  -6.63434e-05  -1.12126e-04  9.99709e-01  1.00005e+00
2.35619e+02  9.99799e-01  -6.71599e-05  -1.12916e-04  9.99707e-01  1.00005e+00
2.35724e+02  9.99799e-01  -6.72406e-05  -1.12469e-04  9.99708e-01  1.00005e+00
2.35829e+02  9.99801e-01  -6.65858e-05  -1.10792e-04  9.99712e-01  1.00004e+00
2.35934e+02  9.99806e-01  -6.52036e-05  -1.07905e-04  9.99719e-01  1.00004e+00
2.36038e+02  9.99812e-01  -6.31103e-05  -1.03842e-04  9.99729e-01  1.00004e+00
2.36143e+02  9.99820e-01  -6.03299e-05  -9.86501e-05  9.99742e-01  1.00004e+00
2.36248e+02  9.99831e-01  -5.68937e-05  -9.23873e-05  9.99758e-01  1.00004e+00
2.36352e+02  9.99843e-01  -5.28403e-05  -8.51240e-05  9.99777e-01  1.00003e+00
2.36457e+02  9.99857e-01  -4.82149e-05  -7.69414e-05  9.99798e-01  1.00003e+00
2.36562e+02  9.99873e-01  -4.30688e-05  -6.79304e-05  9.99821e-01  1.00002e+00
2.36667e+02  9.99890e-01  -3.74591e-05  -5.81911e-05  9.99846e-01  1.00002e+00
2.36771e+02  9.99908e-01  -3.14478e-05  -4.78312e-05  9.99873e-01  1.00002e+00
2.36876e+02  9.99927e-01  -2.51013e-05  -3.69650e-05  9.99901e-01  1.00001e+00
2.36981e+02  9.99947e-01  -1.84894e-05  -2.57123e-05  9.99930e-01  1.00001e+00
2.37086e+02  9.99967e-01  -1.16848e-05  -1.41969e-05  9.99960e-01  1.00000e+00
2.37190e+02  9.99988e-01  -4.76231e-06  -2.54524e-06  9.99990e-01  9.99998e-01
2.37295e+02  1.00001e+00  2.20220e-06  9.11493e-06  1.00002e+00  9.99993e-01
2.37400e+02  1.00003e+00  9.13242e-06  2.06560e-05  1.00005e+00  9.99988e-01
2.37504e+02  1.00005e+00  1.59525e-05  3.19517e-05  1.00008e+00  9.99984e-01
2.37609e+02  1.00007e+00  2.25880e-05  4.28788e-05  1.00011e+00  9.99980e-01
2.37714e+02  1.00009e+00  2.89665e-05  5.33184e-05  1.00014e+00  9.99976e-01
2.37819e+02  1.00011e+00  3.50185e-05  6.31568e-05  1.00016e+00  9.99972e-01
2.37923e+02  1.00012e+00  4.06781e-05  7.22873e-05  1.00019e+00  9.99968e-01
2.38028e+02  1.00014e+00  4.58839e-05  8.06110e-05  1.00021e+00  9.99965e-01
2.38133e+02  1.00015e+00  5.05796e-05  8.80382e-05  1.00023e+00  9.99963e-01
2.38237e+02  1.00016e+00  5.47145e-05  9.44889e-05  1.00024e+00  9.99960e-01
2.38342e+02  1.00018e+00  5.82440e-05  9.98941e-05  1.00026e+00  9.99958e-01
2.38447e+02  1.00018e+00  6.11303e-05  1.04196e-04  1.00027e+00  9.99957e-01
2.38552e+02  1.00019e+00  6.33428e-05  1.07350e-04  1.00028e+00  9.99956e-01
2.38656e+02  1.00019e+00  6.48583e-05  1.09323e-04  1.00028e+00  9.99956e-01
2.38761e+02  1.00020e+00  6.56612e-05  1.10096e-04  1.00029e+00  9.99956e-01
2.38866e+02  1.00020e+00  6.57437e-05  1.09661e-04  1.00029e+00  9.99956e-01
2.38970e+02  1.00019e+00  6.51061e-05  1.08027e-04  1.00028e+00  9.99957e-01
2.39075e+02  1.00019e+00  6.37564e-05  1.05212e-04  1.00027e+00  9.99959e-01
2.39180e+02  1.00018e+00  6.17106e-05  1.01249e-04  1.00026e+00  9.99960e-01
2.39285e+02  1.00018e+00  5.89921e-05  9.61851e-05  1.00025e+00  9.99963e-01
2.39389e+02  1.00017e+00  5.56319e-05  9.00761e-05  1.00024e+00  9.99966e-01
2.39494e+02  1.00015e+00  5.16677e-05  8.29912e-05  1.00022e+00  9.99969e-01
2.39599e+02  1.00014e+00  4.71439e-05  7.50096e-05  1.00020e+00  9.99972e-01
2.39704e+02  1.00012e+00  4.21110e-05  6.62204e-05  1.00017e+00  9.99976e-01
2.39808e+02  1.00011e+00  3.66249e-05  5.67211e-05  1.00015e+00  9.99980e-01
2.39913e+02  1.00009e+00  3.07464e-05  4.66171e-05  1.00012e+00  9.99984e-01
2.40018e+02  1.00007e+00  2.45406e-05  3.60201e-05  1.00010e+00  9.99989e-01
2.40122e+02  1.00005e+00  1.80759e-05  2.50469e-05  1.00007e+00  9.99993e-01
2.40227e+02  1.00003e+00  1.14235e-05  1.38183e-05  1.00004e+00  9.99998e-01
2.40332e+02  1.00001e+00  4.65653e-06  2.45781e-06  1.00001e+00  1.00000e+00
2.40437e+02  9.99992e-01  -2.15077e-06  -8.91010e-06  9.99980e-01  1.00001e+00
2.40541e+02  9.99971e-01  -8.92386e-06  -2.01610e-05  9.99951e-01  1.00001e+00
2.40646e+02  9.99952e-01  -1.55887e-05  -3.11718e-05  9.99922e-01  1.00002e+00
2.40751e+02  9.99932e-01  -2.20725e-05  -4.18226e-05  9.99894e-01  1.00002e+00
2.40855e+02  9.99914e-01  -2.83047e-05  -5.19974e-05  9.99868e-01  1.00002e+00
2.40960e+02  9.99896e-01  -3.42175e-05  -6.15857e-05  9.99843e-01  1.00003e+00
2.41065e+02  9.99880e-01  -3.97468e-05  -7.04836e-05  9.99819e-01  1.00003e+00
2.41170e+02  9.99865e-01  -4.48327e-05  -7.85950e-05  9.99798e-01  1.00003e+00
2.41274e+02  9.99851e-01  -4.94203e-05  -8.58324e-05  9.99779e-01  1.00004e+00
2.41379e+02  9.99839e-01  -5.34603e-05  -9.21183e-05  9.99762e-01  1.00004e+00
2.41484e+02  9.99829e-01  -5.69094e-05  -9.73854e-05  9.99748e-01  1.00004e+00
2.41588e+02  9.99821e-01  -5.97307e-05  -1.01578e-04  9.99737e-01  1.00004e+00
2.41693e+02  9.99814e-01  -6.18943e-05  -1.04652e-04  9.99729e-01  1.00004e+00
2.41798e+02  9.99810e-01  -6.33778e-05  -1.06575e-04  9.99723e-01  1.00004e+00
2.41903e+02  9.99808e-01  -6.41657e-05  -1.07329e-04  9.99721e-01  1.00004e+00
2.42007e+02  9.99808e-01  -6.42507e-05  -1.06908e-04  9.99722e-01  1.00004e+00
2.42112e+02  9.99810e-01  -6.36327e-05  -1.05317e-04  9.99726e-01  1.00004e+00
2.42217e+02  9.99814e-01  -6.23196e-05  -1.02576e-04  9.99733e-01  1.00004e+00
2.42322e+02  9.99820e-01  -6.03268e-05  -9.87175e-05  9.99742e-01  1.00004e+00
2.42426e+02  9.99828e-01  -5.76769e-05  -9.37849e-05  9.99755e-01  1.00004e+00
2.42531e+02  9.99838e-01  -5.44000e-05  -8.78340e-05  9.99770e-01  1.00003e+00
2.42636e+02  9.99850e-01  -5.05326e-05  -8.09317e-05  9.99788e-01  1.00003e+00
2.42740e+02  9.99863e-01  -4.61180e-05  -7.31549e-05  9.99808e-01  1.00003e+00
2.42845e+02  9.99878e-01  -4.12052e-05  -6.45902e-05  9.99830e-01  1.00002e+00
2.42950e+02  9.99894e-01  -3.58485e-05  -5.53325e-05  9.99853e-01  1.00002e+00
2.43055e+02  9.99912e-01  -3.01072e-05  -4.54843e-05  9.99879e-01  1.00002e+00
2.43159e+02  9.99930e-01  -2.40447e-05  -3.51542e-05  9.99906e-01  1.00001e+00
2.43264e+02  9.99949e-01  -1.77276e-05  -2.44560e-05  9.99933e-01  1.00001e+00
2.43369e+02  9.99968e-01  -1.12254e-05  -1.35074e-05  9.99962e-01  1.00000e+00
2.43473e+02  9.99988e-01  -4.60954e-06  -2.42867e-06  9.99991e-01  9.99998e-01
2.43578e+02  1.00001e+00  2.04741e-06  8.65875e-06  1.00002e+00  9.99993e-01
2.43683e+02  1.00003e+00  8.67254e-06  1.96335e-05  1.00005e+00  9.99989e-01
2.43788e+02  1.00005e+00  1.51934e-05  3.03755e-05  1.00008e+00  9.99985e-01
2.43892e+02  1.00007e+00  2.15386e-05  4.07677e-05  1.00010e+00  9.99981e-01
2.43997e+02  1.00008e+00  2.76391e-05  5.06967e-05  1.00013e+00  9.99977e-01
2.44102e+02  1.00010e+00  3.34283e-05  6.00546e-05  1.00015e+00  9.99973e-01
2.44206e+02  1.00012e+00  3.88433e-05  6.87398e-05  1.00018e+00  9.99970e-01
2.44311e+02  1.00013e+00  4.38252e-05  7.66582e-05  1.00020e+00  9.99967e-01
2.44416e+02  1.00015e+00  4.83200e-05  8.37243e-05  1.00022e+00  9.99965e-01
2.44521e+02  1.00016e+00  5.22793e-05  8.98622e-05  1.00023e+00  9.99962e-01
2.44625e+02  1.00017e+00  5.56604e-05  9.50060e-05  1.00025e+00  9.99961e-01
2.44730e+02  1.00018e+00  5.84270e-05  9.91011e-05  1.00026e+00  9.99959e-01
2.44835e+02  1.00018e+00  6.05498e-05  1.02104e-04  1.00026e+00  9.99958e-01
2.44940e+02  1.00019e+00  6.20063e-05  1.03984e-04  1.00027e+00  9.99958e-01
2.45044e+02  1.00019e+00  6.27817e-05  1.04722e-04  1.00027e+00  9.99958e-01
2.45149e+02  1.00019e+00  6.28683e-05  1.04313e-04  1.00027e+00  9.99959e-01
2.45254e+02  1.00019e+00  6.22663e-05  1.02761e-04  1.00027e+00  9.99960e-01
2.45358e+02  1.00018e+00  6.09833e-05  1.00087e-04  1.00026e+00  9.99961e-01
2.45463e+02  1.00018e+00  5.90343e-05  9.63209e-05  1.00025e+00  9.99963e-01
2.45568e+02  1.00017e+00  5.64417e-05  9.15064e-05  1.00024e+00  9.99965e-01
2.45673e+02  1.00016e+00  5.32350e-05  8.56978e-05  1.00022e+00  9.99968e-01
2.45777e+02  1.00015e+00  4.94501e-05  7.89605e-05  1.00021e+00  9.99970e-01
2.45882e+02  1.00013e+00  4.51295e-05  7.13697e-05  1.00019e+00  9.99974e-01
2.45987e+02  1.00012e+00  4.03212e-05  6.30101e-05  1.00017e+00  9.99977e-01
2.46091e+02  1.00010e+00  3.50788e-05  5.39744e-05  1.00014e+00  9.99981e-01
2.46196e+02  1.00009e+00  2.94602e-05  4.43629e-05  1.00012e+00  9.99985e-01
2.46301e+02  1.00007e+00  2.35277e-05  3.42817e-05  1.00009e+00  9.99989e-01
2.46406e+02  1.00005e+00  1.73466e-05  2.38419e-05  1.00007e+00  9.99994e-01
2.46510e+02  1.00003e+00  1.09850e-05  1.31586e-05  1.00004e+00  9.99998e-01
2.46615e+02  1.00001e+00  4.51276e-06  2.34912e-06  1.00001e+00  1.00000e+00
2.46720e+02  9.99992e-01  -1.99901e-06  -8.46806e-06  9.99981e-01  1.00001e+00
2.46824e+02  9.99973e-01  -8.47904e-06  -1.91745e-05  9.99953e-01  1.00001e+00
2.46929e+02  9.99954e-01  -1.48565e-05  -2.96532e-05  9.99926e-01  1.00001e+00
2.47034e+02  9.99935e-01  -2.10617e-05  -3.97898e-05  9.99899e-01  1.00002e+00
2.47139e+02  9.99918e-01  -2.70272e-05  -4.94741e-05  9.99874e-01  1.00002e+00
2.47243e+02  9.99901e-01  -3.26879e-05  -5.86007e-05  9.99850e-01  1.00003e+00
2.47348e+02  9.99885e-01  -3.79826e-05  -6.70709e-05  9.99828e-01  1.00003e+00
2.47453e+02  9.99871e-01  -4.28538e-05  -7.47930e-05  9.99808e-01  1.00003e+00
2.47558e+02  9.99858e-01  -4.72490e-05  -8.16837e-05  9.99789e-01  1.00003e+00
2.47662e+02  9.99846e-01  -5.11207e-05  -8.76692e-05  9.99774e-01  1.00004e+00
2.47767e+02  9.99836e-01  -5.44276e-05  -9.26853e-05  9.99760e-01  1.00004e+00
2.47872e+02  9.99829e-01  -5.71342e-05  -9.66790e-05  9.99750e-01  1.00004e+00
2.47976e+02  9.99822e-01  -5.92118e-05  -9.96081e-05  9.99742e-01  1.00004e+00
2.48081e+02  9.99818e-01  -6.06388e-05  -1.01442e-04  9.99736e-01  1.00004e+00
2.48186e+02  9.99816e-01  -6.14004e-05  -1.02164e-04  9.99734e-01  1.00004e+00
2.48291e+02  9.99816e-01  -6.14892e-05  -1.01766e-04  9.99735e-01  1.00004e+00
2.48395e+02  9.99818e-01  -6.09054e-05  -1.00255e-04  9.99739e-01  1.00004e+00
2.48500e+02  9.99822e-01  -5.96561e-05  -9.76489e-05  9.99745e-01  1.00004e+00
2.48605e+02  9.99828e-01  -5.77560e-05  -9.39788e-05  9.99754e-01  1.00004e+00
2.48709e+02  9.99836e-01  -5.52267e-05  -8.92861e-05  9.99766e-01  1.00003e+00
2.48814e+02  9.99845e-01  -5.20969e-05  -8.36238e-05  9.99781e-01  1.00003e+00
2.48919e+02  9.99856e-01  -4.84015e-05  -7.70553e-05  9.99797e-01  1.00003e+00
2.49024e+02  9.99869e-01  -4.41816e-05  -6.96539e-05  9.99817e-01  1.00003e+00
2.49128e+02  9.99883e-01  -3.94843e-05  -6.15020e-05  9.99838e-01  1.00002e+00
2.49233e+02  9.99899e-01  -3.43613e-05  -5.26898e-05  9.99860e-01  1.00002e+00
2.49338e+02  9.99915e-01  -2.88695e-05  -4.33149e-05  9.99885e-01  1.00001e+00
2.49442e+02  9.99933e-01  -2.30693e-05  -3.34806e-05  9.99910e-01  1.00001e+00
2.49547e+02  9.99951e-01  -1.70245e-05  -2.32954e-05  9.99936e-01  1.00001e+00
2.49652e+02  9.99969e-01  -1.08018e-05  -1.28712e-05  9.99963e-01  1.00000e+00
2.49757e+02  9.99988e-01  -4.46926e-06  -2.32247e-06  9.99991e-01  9.99998e-01
2.49861e+02  1.00001e+00  1.90350e-06  8.23508e-06  1.00002e+00  9.99994e-01
2.49966e+02  1.00003e+00  8.24672e-06  1.86859e-05  1.00005e+00  9.99990e-01
2.50071e+02  1.00004e+00  1.44910e-05  2.89157e-05  1.00007e+00  9.99986e-01
2.50175e+02  1.00006e+00  2.05681e-05  3.88129e-05  1.00010e+00  9.99982e-01
2.50280e+02  1.00008e+00  2.64117e-05  4.82695e-05  1.00012e+00  9.99978e-01
2.50385e+02  1.00010e+00  3.19581e-05  5.71828e-05  1.00015e+00  9.99975e-01
2.50490e+02  1.00011e+00  3.71469e-05  6.54559e-05  1.00017e+00  9.99972e-01
2.50594e+02  1.00013e+00  4.19219e-05  7.29992e-05  1.00019e+00  9.99969e-01
2.50699e+02  1.00014e+00  4.62312e-05  7.97313e-05  1.00021e+00  9.99966e-01
2.50804e+02  1.00015e+00  5.00282e-05  8.55797e-05  1.00022e+00  9.99964e-01
2.50909e+02  1.00016e+00  5.32722e-05  9.04816e-05  1.00023e+00  9.99963e-01
2.51013e+02  1.00017e+00  5.59282e-05  9.43849e-05  1.00024e+00  9.99962e-01
2.51118e+02  1.00017e+00  5.79679e-05  9.72485e-05  1.00025e+00  9.99961e-01
2.51223e+02  1.00018e+00  5.93700e-05  9.90424e-05  1.00026e+00  9.99960e-01
2.51327e+02  1.00018e+00  6.01199e-05  9.97489e-05  1.00026e+00  9.99960e-01
2.51432e+02  1.00018e+00  6.02103e-05  9.93619e-05  1.00026e+00  9.99961e-01
2.51537e+02  1.00018e+00  5.96412e-05  9.78874e-05  1.00026e+00  9.99962e-01
2.51642e+02  1.00017e+00  5.84198e-05  9.53433e-05  1.00025e+00  9.99963e-01
2.51746e+02  1.00017e+00  5.65604e-05  9.17592e-05  1.00024e+00  9.99965e-01
2.51851e+02  1.00016e+00  5.40842e-05  8.71759e-05  1.00023e+00  9.99967e-01
2.51956e+02  1.00015e+00  5.10194e-05  8.16455e-05  1.00021e+00  9.99969e-01
2.52060e+02  1.00014e+00  4.74003e-05  7.52299e-05  1.00020e+00  9.99972e-01
2.52165e+02  1.00013e+00  4.32675e-05  6.80009e-05  1.00018e+00  9.99975e-01
2.52270e+02  1.00011e+00  3.86670e-05  6.00390e-05  1.00016e+00  9.99979e-01
2.52375e+02  1.00010e+00  3.36498e-05  5.14326e-05  1.00014e+00  9.99982e-01
2.52479e+02  1.00008e+00  2.82716e-05  4.22770e-05  1.00011e+00  9.99986e-01
2.52584e+02  1.00007e+00  2.25917e-05  3.26734e-05  1.00009e+00  9.99990e-01
2.52689e+02  1.00005e+00  1.66728e-05  2.27276e-05  1.00006e+00  9.99994e-01
2.52793e+02  1.00003e+00  1.05801e-05  1.25492e-05  1.00004e+00  9.99998e-01
2.52898e+02  1.00001e+00  4.38052e-06  2.24991e-06  1.00001e+00  1.00000e+00
2.53003e+02  9.99993e-01  -1.85793e-06  -8.05728e-06  9.99982e-01  1.00001e+00
2.53108e+02  9.99974e-01  -8.06693e-06  -1.82595e-05  9.99955e-01  1.00001e+00
2.53212e+02  9.99956e-01  -1.41786e-05  -2.82454e-05  9.99929e-01  1.00001e+00
2.53317e+02  9.99938e-01  -2.01262e-05  -3.79058e-05  9.99904e-01  1.00002e+00
2.53422e+02  9.99921e-01  -2.58449e-05  -4.71358e-05  9.99880e-01  1.00002e+00
2.53527e+02  9.99905e-01  -3.12725e-05  -5.58349e-05  9.99857e-01  1.00002e+00
2.53631e+02  9.99890e-01  -3.63501e-05  -6.39088e-05  9.99836e-01  1.00003e+00
2.53736e+02  9.99876e-01  -4.10227e-05  -7.12703e-05  9.99816e-01  1.00003e+00
2.53841e+02  9.99864e-01  -4.52398e-05  -7.78399e-05  9.99799e-01  1.00003e+00
2.53945e+02  9.99853e-01  -4.89559e-05  -8.35471e-05  9.99784e-01  1.00003e+00
2.54050e+02  9.99843e-01  -5.21312e-05  -8.83308e-05  9.99771e-01  1.00004e+00
2.54155e+02  9.99836e-01  -5.47317e-05  -9.21402e-05  9.99761e-01  1.00004e+00
2.54260e+02  9.99830e-01  -5.67298e-05  -9.49352e-05  9.99753e-01  1.00004e+00
2.54364e+02  9.99826e-01  -5.81045e-05  -9.66868e-05  9.99749e-01  1.00004e+00
2.54469e+02  9.99824e-01  -5.88417e-05  -9.73775e-05  9.99746e-01  1.00004e+00
2.54574e+02  9.99824e-01  -5.89342e-05  -9.70014e-05  9.99747e-01  1.00004e+00
2.54678e+02  9.99826e-01  -5.83819e-05  -9.55645e-05  9.99750e-01  1.00004e+00
2.54783e+02  9.99829e-01  -5.71916e-05  -9.30839e-05  9.99757e-01  1.00004e+00
2.54888e+02  9.99835e-01  -5.53774e-05  -8.95885e-05  9.99765e-01  1.00003e+00
2.54993e+02  9.99842e-01  -5.29598e-05  -8.51181e-05  9.99777e-01  1.00003e+00
2.55097e+02  9.99851e-01  -4.99661e-05  -7.97232e-05  9.99791e-01  1.00003e+00
2.55202e+02  9.99862e-01  -4.64297e-05  -7.34641e-05  9.99807e-01  1.00003e+00
2.55307e+02  9.99874e-01  -4.23902e-05  -6.64106e-05  9.99825e-01  1.00002e+00
2.55411e+02  9.99888e-01  -3.78922e-05  -5.86412e-05  9.99845e-01  1.00002e+00
2.55516e+02  9.99903e-01  -3.29856e-05  -5.02419e-05  9.99867e-01  1.00002e+00
2.55621e+02  9.99918e-01  -2.77246e-05  -4.13056e-05  9.99890e-01  1.00001e+00
2.55726e+02  9.99935e-01  -2.21672e-05  -3.19309e-05  9.99914e-01  1.00001e+00
2.55830e+02  9.99953e-01  -1.63746e-05  -2.22211e-05  9.99939e-01  1.00001e+00
2.55935e+02  9.99970e-01  -1.04104e-05  -1.22829e-05  9.99965e-01  1.00000e+00
2.56040e+02  9.99989e-01  -4.34021e-06  -2.22549e-06  9.99991e-01  9.99998e-01
2.56145e+02  1.00001e+00  1.76951e-06  7.84092e-06  1.00002e+00  9.99994e-01
2.56249e+02  1.00002e+00  7.85178e-06  1.78061e-05  1.00004e+00  9.99990e-01
2.56354e+02  1.00004e+00  1.38401e-05  2.75611e-05  1.00007e+00  9.99986e-01
2.56459e+02  1.00006e+00  1.96689e-05  3.69994e-05  1.00009e+00  9.99983e-01
2.56563e+02  1.00008e+00  2.52747e-05  4.60182e-05  1.00012e+00  9.99979e-01
2.56668e+02  1.00009e+00  3.05963e-05  5.45193e-05  1.00014e+00  9.99976e-01
2.56773e+02  1.00011e+00  3.55759e-05  6.24104e-05  1.00016e+00  9.99973e-01
2.56878e+02  1.00012e+00  4.01592e-05  6.96060e-05  1.00018e+00  9.99971e-01
2.56982e+02  1.00013e+00  4.42967e-05  7.60283e-05  1.00020e+00  9.99968e-01
2.57087e+02  1.00014e+00  4.79436e-05  8.16083e-05  1.00021e+00  9.99966e-01
2.57192e+02  1.00015e+00  5.10605e-05  8.62860e-05  1.00022e+00  9.99965e-01
2.57296e+02  1.00016e+00  5.36141e-05  9.00115e-05  1.00023e+00  9.99964e-01
2.57401e+02  1.00017e+00  5.55771e-05  9.27456e-05  1.00024e+00  9.99963e-01
2.57506e+02  1.00017e+00  5.69287e-05  9.44598e-05  1.00025e+00  9.99962e-01
2.57611e+02  1.00017e+00  5.76551e-05  9.51369e-05  1.00025e+00  9.99963e-01
2.57715e+02  1.00017e+00  5.77490e-05  9.47710e-05  1.00025e+00  9.99963e-01
2.57820e+02  1.00017e+00  5.72104e-05  9.33679e-05  1.00024e+00  9.99964e-01
2.57925e+02  1.00017e+00  5.60460e-05  9.09445e-05  1.00024e+00  9.99965e-01
2.58029e+02  1.00016e+00  5.42695e-05  8.75290e-05  1.00023e+00  9.99967e-01
2.58134e+02  1.00015e+00  5.19011e-05  8.31602e-05  1.00022e+00  9.99969e-01
2.58239e+02  1.00015e+00  4.89678e-05  7.78877e-05  1.00020e+00  9.99971e-01
2.58344e+02  1.00014e+00  4.55023e-05  7.17705e-05  1.00019e+00  9.99974e-01
2.58448e+02  1.00012e+00  4.15434e-05  6.48771e-05  1.00017e+00  9.99977e-01
2.58553e+02  1.00011e+00  3.71353e-05  5.72841e-05  1.00015e+00  9.99980e-01
2.58658e+02  1.00010e+00  3.23267e-05  4.90758e-05  1.00013e+00  9.99983e-01
2.58763e+02  1.00008e+00  2.71711e-05  4.03432e-05  1.00011e+00  9.99987e-01
2.58867e+02  1.00006e+00  2.17253e-05  3.11826e-05  1.00008e+00  9.99991e-01
2.58972e+02  1.00005e+00  1.60493e-05  2.16951e-05  1.00006e+00  9.99994e-01
2.59077e+02  1.00003e+00  1.02057e-05  1.19850e-05  1.00003e+00  9.99998e-01
2.59181e+02  1.00001e+00  4.25867e-06  2.15913e-06  1.00001e+00  1.00000e+00
2.59286e+02  9.99993e-01  -1.72657e-06  -7.67490e-06  9.99983e-01  1.00001e+00
2.59391e+02  9.99976e-01  -7.68447e-06  -1.74094e-05  9.99957e-01  1.00001e+00
2.59496e+02  9.99958e-01  -1.35499e-05  -2.69379e-05  9.99933e-01  1.00001e+00
2.59600e+02  9.99941e-01  -1.92587e-05  -3.61566e-05  9.99908e-01  1.00002e+00
2.59705e+02  9.99925e-01  -2.47488e-05  -4.49649e-05  9.99885e-01  1.00002e+00
2.59810e+02  9.99909e-01  -2.99604e-05  -5.32673e-05  9.99864e-01  1.00002e+00
2.59914e+02  9.99895e-01  -3.48369e-05  -6.09736e-05  9.99843e-01  1.00003e+00
2.60019e+02  9.99881e-01  -3.93255e-05  -6.80004e-05  9.99825e-01  1.00003e+00
2.60124e+02  9.99869e-01  -4.33776e-05  -7.42720e-05  9.99808e-01  1.00003e+00
2.60229e+02  9.99859e-01  -4.69495e-05  -7.97210e-05  9.99794e-01  1.00003e+00
2.60333e+02  9.99850e-01  -5.00029e-05  -8.42889e-05  9.99781e-01  1.00003e+00
2.60438e+02  9.99842e-01  -5.25050e-05  -8.79273e-05  9.99772e-01  1.00004e+00
2.60543e+02  9.99837e-01  -5.44294e-05  -9.05978e-05  9.99764e-01  1.00004e+00
2.60647e+02  9.99833e-01  -5.57557e-05  -9.22726e-05  9.99760e-01  1.00004e+00
2.60752e+02  9.99831e-01  -5.64703e-05  -9.29351e-05  9.99758e-01  1.00004e+00
2.60857e+02  9.99831e-01  -5.65661e-05  -9.25794e-05  9.99758e-01  1.00004e+00
2.60962e+02  9.99833e-01  -5.60431e-05  -9.12111e-05  9.99762e-01  1.00004e+00
2.61066e+02  9.99836e-01  -5.49076e-05  -8.88467e-05  9.99767e-01  1.00003e+00
2.61171e+02  9.99841e-01  -5.31729e-05  -8.55136e-05  9.99776e-01  1.00003e+00
2.61276e+02  9.99849e-01  -5.08588e-05  -8.12496e-05  9.99787e-01  1.00003e+00
2.61381e+02  9.99857e-01  -4.79912e-05  -7.61028e-05  9.99800e-01  1.00003e+00
2.61485e+02  9.99867e-01  -4.46024e-05  -7.01309e-05  9.99815e-01  1.00003e+00
2.61590e+02  9.99879e-01  -4.07300e-05  -6.34004e-05  9.99832e-01  1.00002e+00
2.61695e+02  9.99892e-01  -3.64169e-05  -5.59862e-05  9.99852e-01  1.00002e+00
2.61799e+02  9.99906e-01  -3.17109e-05  -4.79702e-05  9.99872e-01  1.00002e+00
2.61904e+02  9.99922e-01  -2.66639e-05  -3.94412e-05  9.99894e-01  1.00001e+00
2.62009e+02  9.99938e-01  -2.13316e-05  -3.04933e-05  9.99918e-01  1.00001e+00
2.62114e+02  9.99954e-01  -1.57727e-05  -2.12249e-05  9.99942e-01  1.00001e+00
2.62218e+02  9.99971e-01  -1.00483e-05  -1.17380e-05  9.99966e-01  1.00000e+00
2.62323e+02  9.99989e-01  -4.22127e-06  -2.13671e-06  9.99992e-01  9.99998e-01
2.62428e+02  1.00001e+00  1.64455e-06  7.47363e-06  1.00002e+00  9.99994e-01
2.62532e+02  1.00002e+00  7.48488e-06  1.69878e-05  1.00004e+00  9.99990e-01
2.62637e+02  1.00004e+00  1.32358e-05  2.63019e-05  1.00007e+00  9.99987e-01
2.62742e+02  1.00006e+00  1.88345e-05  3.53141e-05  1.00009e+00  9.99984e-01
2.62847e+02  1.00007e+00  2.42198e-05  4.39262e-05  1.00011e+00  9.99980e-01
2.62951e+02  1.00009e+00  2.93330e-05  5.20445e-05  1.00013e+00  9.99977e-01
2.63056e+02  1.00010e+00  3.41184e-05  5.95808e-05  1.00015e+00  9.99975e-01
2.63161e+02  1.00012e+00  3.85241e-05  6.64535e-05  1.00017e+00  9.99972e-01
2.63265e+02  1.00013e+00  4.25023e-05  7.25882e-05  1.00019e+00  9.99970e-01
2.63370e+02  1.00014e+00  4.60099e-05  7.79188e-05  1.00020e+00  9.99968e-01
2.63475e+02  1.00015e+00  4.90091e-05  8.23882e-05  1.00021e+00  9.99967e-01
2.63580e+02  1.00015e+00  5.14677e-05  8.59487e-05  1.00022e+00  9.99966e-01
2.63684e+02  1.00016e+00  5.33594e-05  8.85625e-05  1.00023e+00  9.99965e-01
2.63789e+02  1.00016e+00  5.46643e-05  9.02026e-05  1.00024e+00  9.99964e-01
2.63894e+02  1.00017e+00  5.53688e-05  9.08523e-05  1.00024e+00  9.99965e-01
2.63999e+02  1.00017e+00  5.54660e-05  9.05062e-05  1.00024e+00  9.99965e-01
2.64103e+02  1.00016e+00  5.49557e-05  8.91694e-05  1.00023e+00  9.99966e-01
2.64208e+02  1.00016e+00  5.38442e-05  8.68581e-05  1.00023e+00  9.99967e-01
2.64313e+02  1.00016e+00  5.21446e-05  8.35992e-05  1.00022e+00  9.99969e-01
2.64417e+02  1.00015e+00  4.98763e-05  7.94298e-05  1.00021e+00  9.99970e-01
2.64522e+02  1.00014e+00  4.70648e-05  7.43969e-05  1.00020e+00  9.99973e-01
2.64627e+02  1.00013e+00  4.37418e-05  6.85570e-05  1.00018e+00  9.99975e-01
2.64732e+02  1.00012e+00  3.99443e-05  6.19753e-05  1.00016e+00  9.99978e-01
2.64836e+02  1.00011e+00  3.57147e-05  5.47251e-05  1.00015e+00  9.99981e-01
2.64941e+02  1.00009e+00  3.10997e-05  4.68868e-05  1.00012e+00  9.99984e-01
2.65046e+02  1.00008e+00  2.61506e-05  3.85472e-05  1.00010e+00  9.99988e-01
2.65150e+02  1.00006e+00  2.09219e-05  2.97983e-05  1.00008e+00  9.99991e-01
2.65255e+02  1.00004e+00  1.54714e-05  2.07366e-05  1.00006e+00  9.99995e-01
2.65360e+02  1.00003e+00  9.85892e-06  1.14619e-05  1.00003e+00  9.99998e-01
2.65465e+02  1.00001e+00  4.14621e-06  2.07588e-06  1.00001e+00  1.00000e+00
2.65569e+02  9.99994e-01  -1.60407e-06  -7.31840e-06  9.99984e-01  1.00001e+00
2.65674e+02  9.99977e-01  -7.32895e-06  -1.66181e-05  9.99959e-01  1.00001e+00
2.65779e+02  9.99960e-01  -1.29658e-05  -2.57216e-05  9.99936e-01  1.00001e+00
2.65883e+02  9.99944e-01  -1.84531e-05  -3.45296e-05  9.99912e-01  1.00002e+00
2.65988e+02  9.99928e-01  -2.37311e-05  -4.29461e-05  9.99890e-01  1.00002e+00
2.66093e+02  9.99913e-01  -2.87422e-05  -5.08797e-05  9.99869e-01  1.00002e+00
2.66198e+02  9.99899e-01  -3.34321e-05  -5.82442e-05  9.99850e-01  1.00002e+00
2.66302e+02  9.99886e-01  -3.77498e-05  -6.49600e-05  9.99832e-01  1.00003e+00
2.66407e+02  9.99875e-01  -4.16488e-05  -7.09545e-05  9.99816e-01  1.00003e+00
2.66512e+02  9.99864e-01  -4.50868e-05  -7.61634e-05  9.99803e-01  1.00003e+00
2.66616e+02  9.99856e-01  -4.80270e-05  -8.05308e-05  9.99791e-01  1.00003e+00
2.66721e+02  9.99849e-01  -5.04379e-05  -8.40102e-05  9.99782e-01  1.00003e+00
2.66826e+02  9.99843e-01  -5.22938e-05  -8.65649e-05  9.99775e-01  1.00003e+00
2.66931e+02  9.99840e-01  -5.35752e-05  -8.81684e-05  9.99770e-01  1.00003e+00
2.67035e+02  9.99838e-01  -5.42688e-05  -8.88045e-05  9.99768e-01  1.00003e+00
2.67140e+02  9.99837e-01  -5.43678e-05  -8.84678e-05  9.99769e-01  1.00003e+00
2.67245e+02  9.99839e-01  -5.38719e-05  -8.71634e-05  9.99772e-01  1.00003e+00
2.67350e+02  9.99842e-01  -5.27872e-05  -8.49070e-05  9.99777e-01  1.00003e+00
2.67454e+02  9.99848e-01  -5.11265e-05  -8.17247e-05  9.99785e-01  1.00003e+00
2.67559e+02  9.99854e-01  -4.89084e-05  -7.76526e-05  9.99796e-01  1.00003e+00
2.67664e+02  9.99863e-01  -4.61581e-05  -7.27367e-05  9.99808e-01  1.00003e+00
2.67768e+02  9.99872e-01  -4.29062e-05  -6.70319e-05  9.99823e-01  1.00002e+00
2.67873e+02  9.99884e-01  -3.91889e-05  -6.06018e-05  9.99840e-01  1.00002e+00
2.67978e+02  9.99896e-01  -3.50475e-05  -5.35178e-05  9.99858e-01  1.00002e+00
2.68083e+02  9.99910e-01  -3.05277e-05  -4.58584e-05  9.99878e-01  1.00002e+00
2.68187e+02  9.99924e-01  -2.56795e-05  -3.77082e-05  9.99899e-01  1.00001e+00
2.68292e+02  9.99940e-01  -2.05563e-05  -2.91571e-05  9.99921e-01  1.00001e+00
2.68397e+02  9.99956e-01  -1.52145e-05  -2.02993e-05  9.99944e-01  1.00001e+00
2.68501e+02  9.99972e-01  -9.71274e-06  -1.12322e-05  9.99968e-01  1.00000e+00
2.68606e+02  9.99989e-01  -4.11149e-06  -2.05526e-06  9.99992e-01  9.99998e-01
2.68711e+02  1.00001e+00  1.52785e-06  7.13085e-06  1.00002e+00  9.99994e-01
2.68816e+02  1.00002e+00  7.14348e-06  1.62256e-05  1.00004e+00  9.99991e-01
2.68920e+02  1.00004e+00  1.26740e-05  2.51294e-05  1.00006e+00  9.99988e-01
2.69025e+02  1.00006e+00  1.80589e-05  3.37452e-05  1.00009e+00  9.99984e-01
2.69130e+02  1.00007e+00  2.32394e-05  4.19790e-05  1.00011e+00  9.99981e-01
2.69234e+02  1.00009e+00  2.81590e-05  4.97413e-05  1.00013e+00  9.99978e-01
2.69339e+02  1.00010e+00  3.27642e-05  5.69475e-05  1.00015e+00  9.99976e-01
2.69444e+02  1.00011e+00  3.70049e-05  6.35197e-05  1.00016e+00  9.99973e-01
2.69549e+02  1.00012e+00  4.08352e-05  6.93868e-05  1.00018e+00  9.99971e-01
2.69653e+02  1.00013e+00  4.42134e-05  7.44855e-05  1.00019e+00  9.99970e-01
2.69758e+02  1.00014e+00  4.71032e-05  7.87611e-05  1.00020e+00  9.99968e-01
2.69863e+02  1.00015e+00  4.94736e-05  8.21679e-05  1.00021e+00  9.99967e-01
2.69968e+02  1.00015e+00  5.12992e-05  8.46699e-05  1.00022e+00  9.99967e-01
2.70072e+02  1.00016e+00  5.25606e-05  8.62410e-05  1.00023e+00  9.99966e-01
2.70177e+02  1.00016e+00  5.32449e-05  8.68653e-05  1.00023e+00  9.99966e-01
2.70282e+02  1.00016e+00  5.33452e-05  8.65374e-05  1.00023e+00  9.99967e-01
2.70386e+02  1.00016e+00  5.28611e-05  8.52624e-05  1.00022e+00  9.99968e-01
2.70491e+02  1.00015e+00  5.17988e-05  8.30555e-05  1.00022e+00  9.99969e-01
2.70596e+02  1.00015e+00  5.01707e-05  7.99423e-05  1.00021e+00  9.99970e-01
2.70701e+02  1.00014e+00  4.79952e-05  7.59583e-05  1.00020e+00  9.99972e-01
2.70805e+02  1.00013e+00  4.52971e-05  7.11485e-05  1.00019e+00  9.99974e-01
2.70910e+02  1.00013e+00  4.21064e-05  6.55667e-05  1.00017e+00  9.99977e-01
2.71015e+02  1.00011e+00  3.84589e-05  5.92752e-05  1.00016e+00  9.99979e-01
2.71119e+02  1.00010e+00  3.43951e-05  5.23441e-05  1.00014e+00  9.99982e-01
2.71224e+02  1.00009e+00  2.99600e-05  4.48501e-05  1.00012e+00  9.99985e-01
2.71329e+02  1.00007e+00  2.52028e-05  3.68763e-05  1.00010e+00  9.99988e-01
2.71434e+02  1.00006e+00  2.01760e-05  2.85107e-05  1.00008e+00  9.99992e-01
2.71538e+02  1.00004e+00  1.49349e-05  1.98454e-05  1.00005e+00  9.99995e-01
2.71643e+02  1.00003e+00  9.53720e-06  1.09758e-05  1.00003e+00  9.99999e-01
2.71748e+02  1.00001e+00  4.04227e-06  1.99938e-06  1.00001e+00  1.00000e+00
2.71852e+02  9.99994e-01  -1.48965e-06  -6.98551e-06  9.99985e-01  1.00001e+00
2.71957e+02  9.99978e-01  -6.99798e-06  -1.58805e-05  9.99961e-01  1.00001e+00
2.72062e+02  9.99962e-01  -1.24225e-05  -2.45883e-05  9.99938e-01  1.00001e+00
2.72167e+02  9.99946e-01  -1.77039e-05  -3.30139e-05  9.99916e-01  1.00002e+00
2.72271e+02  9.99931e-01  -2.27846e-05  -4.10656e-05  9.99895e-01  1.00002e+00
2.72376e+02  9.99916e-01  -2.76094e-05  -4.86558e-05  9.99875e-01  1.00002e+00
2.72481e+02  9.99903e-01  -3.21258e-05  -5.57020e-05  9.99856e-01  1.00002e+00
2.72586e+02  9.99891e-01  -3.62848e-05  -6.21282e-05  9.99839e-01  1.00003e+00
2.72690e+02  9.99879e-01  -4.00414e-05  -6.78647e-05  9.99824e-01  1.00003e+00
2.72795e+02  9.99870e-01  -4.33550e-05  -7.28500e-05  9.99811e-01  1.00003e+00
2.72900e+02  9.99861e-01  -4.61900e-05  -7.70306e-05  9.99800e-01  1.00003e+00
2.73004e+02  9.99854e-01  -4.85161e-05  -8.03620e-05  9.99791e-01  1.00003e+00
2.73109e+02  9.99849e-01  -5.03084e-05  -8.28089e-05  9.99784e-01  1.00003e+00
2.73214e+02  9.99846e-01  -5.15480e-05  -8.43459e-05  9.99780e-01  1.00003e+00
2.73319e+02  9.99844e-01  -5.22221e-05  -8.49576e-05  9.99778e-01  1.00003e+00
2.73423e+02  9.99844e-01  -5.23241e-05  -8.46386e-05  9.99778e-01  1.00003e+00
2.73528e+02  9.99845e-01  -5.18534e-05  -8.33936e-05  9.99781e-01  1.00003e+00
2.73633e+02  9.99848e-01  -5.08160e-05  -8.12378e-05  9.99787e-01  1.00003e+00
2.73737e+02  9.99853e-01  -4.92239e-05  -7.81960e-05  9.99794e-01  1.00003e+00
2.73842e+02  9.99860e-01  -4.70953e-05  -7.43027e-05  9.99804e-01  1.00003e+00
2.73947e+02  9.99868e-01  -4.44539e-05  -6.96018e-05  9.99816e-01  1.00003e+00
2.74052e+02  9.99877e-01  -4.13294e-05  -6.41458e-05  9.99830e-01  1.00002e+00
2.74156e+02  9.99888e-01  -3.77564e-05  -5.79955e-05  9.99846e-01  1.00002e+00
2.74261e+02  9.99900e-01  -3.37746e-05  -5.12192e-05  9.99864e-01  1.00002e+00
2.74366e+02  9.99913e-01  -2.94281e-05  -4.38920e-05  9.99883e-01  1.00001e+00
2.74470e+02  9.99927e-01  -2.47647e-05  -3.60947e-05  9.99903e-01  1.00001e+00
2.74575e+02  9.99942e-01  -1.98359e-05  -2.79133e-05  9.99924e-01  1.00001e+00
2.74680e+02  9.99957e-01  -1.46959e-05  -1.94380e-05  9.99946e-01  1.00000e+00
2.74785e+02  9.99973e-01  -9.40124e-06  -1.07620e-05  9.99969e-01  1.00000e+00
2.74889e+02  9.99989e-01  -4.01000e-06  -1.98039e-06  9.99992e-01  9.99998e-01
2.74994e+02  1.00001e+00  1.41869e-06  6.81046e-06  1.00002e+00  9.99995e-01
2.75099e+02  1.00002e+00  6.82535e-06  1.55143e-05  1.00004e+00  9.99991e-01
2.75204e+02  1.00004e+00  1.21508e-05  2.40360e-05  1.00006e+00  9.99988e-01
2.75308e+02  1.00005e+00  1.73369e-05  3.22825e-05  1.00008e+00  9.99985e-01
2.75413e+02  1.00007e+00  2.23270e-05  4.01638e-05  1.00010e+00  9.99982e-01
2.75518e+02  1.00008e+00  2.70666e-05  4.75942e-05  1.00012e+00  9.99979e-01
2.75622e+02  1.00010e+00  3.15042e-05  5.44929e-05  1.00014e+00  9.99977e-01
2.75727e+02  1.00011e+00  3.55914e-05  6.07851e-05  1.00016e+00  9.99975e-01
2.75832e+02  1.00012e+00  3.92840e-05  6.64028e-05  1.00017e+00  9.99973e-01
2.75937e+02  1.00013e+00  4.25419e-05  7.12853e-05  1.00019e+00  9.99971e-01
2.76041e+02  1.00014e+00  4.53300e-05  7.53803e-05  1.00020e+00  9.99970e-01
2.76146e+02  1.00014e+00  4.76184e-05  7.86439e-05  1.00020e+00  9.99969e-01
2.76251e+02  1.00015e+00  4.93824e-05  8.10417e-05  1.00021e+00  9.99968e-01
2.76355e+02  1.00015e+00  5.06035e-05  8.25485e-05  1.00022e+00  9.99968e-01
2.76460e+02  1.00015e+00  5.12689e-05  8.31491e-05  1.00022e+00  9.99968e-01
2.76565e+02  1.00015e+00  5.13720e-05  8.28383e-05  1.00022e+00  9.99969e-01
2.76670e+02  1.00015e+00  5.09125e-05  8.16208e-05  1.00021e+00  9.99969e-01
2.76774e+02  1.00015e+00  4.98959e-05  7.95112e-05  1.00021e+00  9.99970e-01
2.76879e+02  1.00014e+00  4.83343e-05  7.65339e-05  1.00020e+00  9.99972e-01
2.76984e+02  1.00014e+00  4.62453e-05  7.27228e-05  1.00019e+00  9.99974e-01
2.77088e+02  1.00013e+00  4.36525e-05  6.81208e-05  1.00018e+00  9.99976e-01
2.77193e+02  1.00012e+00  4.05851e-05  6.27796e-05  1.00017e+00  9.99978e-01
2.77298e+02  1.00011e+00  3.70771e-05  5.67587e-05  1.00015e+00  9.99980e-01
2.77403e+02  1.00010e+00  3.31676e-05  5.01250e-05  1.00013e+00  9.99983e-01
2.77507e+02  1.00009e+00  2.89000e-05  4.29521e-05  1.00011e+00  9.99986e-01
2.77612e+02  1.00007e+00  2.43213e-05  3.53193e-05  1.00009e+00  9.99989e-01
2.77717e+02  1.00006e+00  1.94823e-05  2.73110e-05  1.00007e+00  9.99992e-01
2.77822e+02  1.00004e+00  1.44361e-05  1.90153e-05  1.00005e+00  9.99995e-01
2.77926e+02  1.00003e+00  9.23833e-06  1.05235e-05  1.00003e+00  9.99999e-01
2.78031e+02  1.00001e+00  3.94608e-06  1.92895e-06  1.00001e+00  1.00000e+00
2.78136e+02  9.99995e-01  -1.38262e-06  -6.67421e-06  9.99985e-01  1.00001e+00
2.78240e+02  9.99979e-01  -6.68939e-06  -1.51918e-05  9.99963e-01  1.00001e+00
2.78345e+02  9.99963e-01  -1.19162e-05  -2.35306e-05  9.99941e-01  1.00001e+00
2.78450e+02  9.99948e-01  -1.70060e-05  -3.15997e-05  9.99920e-01  1.00001e+00
2.78555e+02  9.99934e-01  -2.19032e-05  -3.93111e-05  9.99899e-01  1.00002e+00
2.78659e+02  9.99920e-01  -2.65545e-05  -4.65810e-05  9.99880e-01  1.00002e+00
2.78764e+02  9.99907e-01  -3.09094e-05  -5.33305e-05  9.99862e-01  1.00002e+00
2.78869e+02  9.99895e-01  -3.49206e-05  -5.94865e-05  9.99846e-01  1.00002e+00
2.78973e+02  9.99884e-01  -3.85447e-05  -6.49825e-05  9.99831e-01  1.00003e+00
2.79078e+02  9.99875e-01  -4.17425e-05  -6.97593e-05  9.99819e-01  1.00003e+00
2.79183e+02  9.99866e-01  -4.44797e-05  -7.37656e-05  9.99808e-01  1.00003e+00
2.79288e+02  9.99860e-01  -4.67268e-05  -7.69589e-05  9.99799e-01  1.00003e+00
2.79392e+02  9.99855e-01  -4.84599e-05  -7.93053e-05  9.99793e-01  1.00003e+00
2.79497e+02  9.99851e-01  -4.96606e-05  -8.07803e-05  9.99789e-01  1.00003e+00
2.79602e+02  9.99849e-01  -5.03166e-05  -8.13692e-05  9.99787e-01  1.00003e+00
2.79706e+02  9.99849e-01  -5.04213e-05  -8.10666e-05  9.99787e-01  1.00003e+00
2.79811e+02  9.99851e-01  -4.99742e-05  -7.98772e-05  9.99790e-01  1.00003e+00
2.79916e+02  9.99854e-01  -4.89808e-05  -7.78152e-05  9.99795e-01  1.00003e+00
2.80021e+02  9.99858e-01  -4.74527e-05  -7.49045e-05  9.99803e-01  1.00003e+00
2.80125e+02  9.99865e-01  -4.54073e-05  -7.11780e-05  9.99812e-01  1.00003e+00
2.80230e+02  9.99872e-01  -4.28674e-05  -6.66776e-05  9.99824e-01  1.00002e+00
2.80335e+02  9.99881e-01  -3.98615e-05  -6.14538e-05  9.99837e-01  1.00002e+00
2.80440e+02  9.99892e-01  -3.64229e-05  -5.55646e-05  9.99852e-01  1.00002e+00
2.80544e+02  9.99903e-01  -3.25898e-05  -4.90754e-05  9.99869e-01  1.00002e+00
2.80649e+02  9.99916e-01  -2.84045e-05  -4.20580e-05  9.99887e-01  1.00001e+00
2.80754e+02  9.99929e-01  -2.39133e-05  -3.45900e-05  9.99907e-01  1.00001e+00
2.80858e+02  9.99944e-01  -1.91656e-05  -2.67536e-05  9.99927e-01  1.00001e+00
2.80963e+02  9.99959e-01  -1.42136e-05  -1.86353e-05  9.99949e-01  1.00000e+00
2.81068e+02  9.99974e-01  -9.11174e-06  -1.03241e-05  9.99970e-01  1.00000e+00
2.81173e+02  9.99989e-01  -3.91608e-06  -1.91143e-06  9.99992e-01  9.99998e-01
2.81277e+02  1.00001e+00  1.31643e-06  6.51058e-06  1.00001e+00  9.99995e-01
2.81382e+02  1.00002e+00  6.52849e-06  1.48497e-05  1.00004e+00  9.99992e-01
2.81487e+02  1.00004e+00  1.16630e-05  2.30147e-05  1.00006e+00  9.99989e-01
2.81591e+02  1.00005e+00  1.66640e-05  3.09165e-05  1.00008e+00  9.99986e-01
2.81696e+02  1.00007e+00  2.14766e-05  3.84689e-05  1.00010e+00  9.99983e-01
2.81801e+02  1.00008e+00  2.60486e-05  4.55896e-05  1.00012e+00  9.99980e-01
2.81906e+02  1.00009e+00  3.03300e-05  5.22013e-05  1.00013e+00  9.99978e-01
2.82010e+02  1.00010e+00  3.42743e-05  5.82322e-05  1.00015e+00  9.99976e-01
2.82115e+02  1.00011e+00  3.78388e-05  6.36171e-05  1.00017e+00  9.99974e-01
2.82220e+02  1.00012e+00  4.09846e-05  6.82979e-05  1.00018e+00  9.99973e-01
2.82324e+02  1.00013e+00  4.36780e-05  7.22243e-05  1.00019e+00  9.99971e-01
2.82429e+02  1.00014e+00  4.58899e-05  7.53543e-05  1.00020e+00  9.99971e-01
2.82534e+02  1.00014e+00  4.75967e-05  7.76547e-05  1.00020e+00  9.99970e-01
2.82639e+02  1.00015e+00  4.87802e-05  7.91016e-05  1.00021e+00  9.99970e-01
2.82743e+02  1.00015e+00  4.94280e-05  7.96801e-05  1.00021e+00  9.99970e-01
2.82848e+02  1.00015e+00  4.95339e-05  7.93852e-05  1.00021e+00  9.99970e-01
2.82953e+02  1.00015e+00  4.90971e-05  7.82214e-05  1.00021e+00  9.99971e-01
2.83057e+02  1.00014e+00  4.81232e-05  7.62026e-05  1.00020e+00  9.99972e-01
2.83162e+02  1.00014e+00  4.66235e-05  7.33522e-05  1.00019e+00  9.99973e-01
2.83267e+02  1.00013e+00  4.46151e-05  6.97025e-05  1.00018e+00  9.99975e-01
2.83372e+02  1.00013e+00  4.21206e-05  6.52946e-05  1.00017e+00  9.99977e-01
2.83476e+02  1.00012e+00  3.91679e-05  6.01780e-05  1.00016e+00  9.99979e-01
2.83581e+02  1.00011e+00  3.57900e-05  5.44096e-05  1.00014e+00  9.99981e-01
2.83686e+02  1.00009e+00  3.20243e-05  4.80536e-05  1.00013e+00  9.99984e-01
2.83791e+02  1.00008e+00  2.79126e-05  4.11805e-05  1.00011e+00  9.99987e-01
2.83895e+02  1.00007e+00  2.35004e-05  3.38662e-05  1.00009e+00  9.99990e-01
2.84000e+02  1.00006e+00  1.88363e-05  2.61915e-05  1.00007e+00  9.99993e-01
2.84105e+02  1.00004e+00  1.39718e-05  1.82409e-05  1.00005e+00  9.99996e-01
2.84209e+02  1.00003e+00  8.96033e-06  1.01020e-05  1.00003e+00  9.99999e-01
2.84314e+02  1.00001e+00  3.85696e-06  1.86399e-06  1.00001e+00  1.00000e+00
2.84419e+02  9.99995e-01  -1.28235e-06  -6.38269e-06  9.99986e-01  1.00001e+00
2.84524e+02  9.99980e-01  -6.40129e-06  -1.45478e-05  9.99965e-01  1.00001e+00
2.84628e+02  9.99965e-01  -1.14439e-05  -2.25420e-05  9.99943e-01  1.00001e+00
2.84733e+02  9.99950e-01  -1.63550e-05  -3.02781e-05  9.99923e-01  1.00001e+00
2.84838e+02  9.99936e-01  -2.10812e-05  -3.76718e-05  9.99904e-01  1.00002e+00
2.84942e+02  9.99923e-01  -2.55709e-05  -4.46426e-05  9.99885e-01  1.00002e+00
2.85047e+02  9.99910e-01  -2.97753e-05  -5.11149e-05  9.99868e-01  1.00002e+00
2.85152e+02  9.99899e-01  -3.36487e-05  -5.70186e-05  9.99852e-01  1.00002e+00
2.85257e+02  9.99888e-01  -3.71493e-05  -6.22898e-05  9.99838e-01  1.00003e+00
2.85361e+02  9.99879e-01  -4.02392e-05  -6.68718e-05  9.99826e-01  1.00003e+00
2.85466e+02  9.99871e-01  -4.28851e-05  -7.07155e-05  9.99816e-01  1.00003e+00
2.85571e+02  9.99865e-01  -4.50586e-05  -7.37797e-05  9.99807e-01  1.00003e+00
2.85675e+02  9.99860e-01  -4.67365e-05  -7.60322e-05  9.99801e-01  1.00003e+00
2.85780e+02  9.99857e-01  -4.79011e-05  -7.74494e-05  9.99797e-01  1.00003e+00
2.85885e+02  9.99855e-01  -4.85402e-05  -7.80168e-05  9.99795e-01  1.00003e+00
2.85990e+02  9.99855e-01  -4.86474e-05  -7.77297e-05  9.99796e-01  1.00003e+00
2.86094e+02  9.99856e-01  -4.82223e-05  -7.65921e-05  9.99799e-01  1.00003e+00
2.86199e+02  9.99859e-01  -4.72700e-05  -7.46178e-05  9.99803e-01  1.00003e+00
2.86304e+02  9.99863e-01  -4.58016e-05  -7.18295e-05  9.99811e-01  1.00003e+00
2.86409e+02  9.99869e-01  -4.38338e-05  -6.82589e-05  9.99820e-01  1.00002e+00
2.86513e+02  9.99877e-01  -4.13886e-05  -6.39460e-05  9.99831e-01  1.00002e+00
2.86618e+02  9.99885e-01  -3.84932e-05  -5.89390e-05  9.99844e-01  1.00002e+00
2.86723e+02  9.99895e-01  -3.51800e-05  -5.32937e-05  9.99858e-01  1.00002e+00
2.86827e+02  9.99907e-01  -3.14855e-05  -4.70728e-05  9.99874e-01  1.00002e+00
2.86932e+02  9.99919e-01  -2.74506e-05  -4.03450e-05  9.99892e-01  1.00001e+00
2.87037e+02  9.99932e-01  -2.31199e-05  -3.31846e-05  9.99911e-01  1.00001e+00
2.87142e+02  9.99945e-01  -1.85410e-05  -2.56707e-05  9.99930e-01  1.00001e+00
2.87246e+02  9.99960e-01  -1.37643e-05  -1.78859e-05  9.99950e-01  1.00000e+00
2.87351e+02  9.99975e-01  -8.84233e-06  -9.91576e-06  9.99971e-01  1.00000e+00
2.87456e+02  9.99990e-01  -3.82906e-06  -1.84781e-06  9.99992e-01  9.99998e-01
2.87560e+02  1.00000e+00  1.22052e-06  6.22951e-06  1.00001e+00  9.99995e-01
2.87665e+02  1.00002e+00  6.25108e-06  1.42278e-05  1.00003e+00  9.99992e-01
2.87770e+02  1.00003e+00  1.12076e-05  2.20595e-05  1.00006e+00  9.99989e-01
2.87875e+02  1.00005e+00  1.60358e-05  2.96391e-05  1.00008e+00  9.99986e-01
2.87979e+02  1.00006e+00  2.06831e-05  3.68840e-05  1.00009e+00  9.99984e-01
2.88084e+02  1.00008e+00  2.50987e-05  4.37153e-05  1.00011e+00  9.99981e-01
2.88189e+02  1.00009e+00  2.92345e-05  5.00587e-05  1.00013e+00  9.99979e-01
2.88293e+02  1.00010e+00  3.30456e-05  5.58454e-05  1.00014e+00  9.99977e-01
2.88398e+02  1.00011e+00  3.64905e-05  6.10128e-05  1.00016e+00  9.99975e-01
2.88503e+02  1.00012e+00  3.95319e-05  6.55050e-05  1.00017e+00  9.99974e-01
2.88608e+02  1.00013e+00  4.21369e-05  6.92738e-05  1.00018e+00  9.99973e-01
2.88712e+02  1.00013e+00  4.42776e-05  7.22789e-05  1.00019e+00  9.99972e-01
2.88817e+02  1.00014e+00  4.59309e-05  7.44884e-05  1.00019e+00  9.99971e-01
2.88922e+02  1.00014e+00  4.70793e-05  7.58792e-05  1.00020e+00  9.99971e-01
2.89027e+02  1.00014e+00  4.77109e-05  7.64370e-05  1.00020e+00  9.99971e-01
2.89131e+02  1.00014e+00  4.78192e-05  7.61571e-05  1.00020e+00  9.99972e-01
2.89236e+02  1.00014e+00  4.74038e-05  7.50435e-05  1.00020e+00  9.99972e-01
2.89341e+02  1.00014e+00  4.64697e-05  7.31096e-05  1.00019e+00  9.99973e-01
2.89445e+02  1.00013e+00  4.50278e-05  7.03777e-05  1.00019e+00  9.99975e-01
2.89550e+02  1.00013e+00  4.30946e-05  6.68789e-05  1.00018e+00  9.99976e-01
2.89655e+02  1.00012e+00  4.06917e-05  6.26525e-05  1.00017e+00  9.99978e-01
2.89760e+02  1.00011e+00  3.78461e-05  5.77459e-05  1.00015e+00  9.99980e-01
2.89864e+02  1.00010e+00  3.45895e-05  5.22137e-05  1.00014e+00  9.99982e-01
2.89969e+02  1.00009e+00  3.09580e-05  4.61174e-05  1.00012e+00  9.99985e-01
2.90074e+02  1.00008e+00  2.69918e-05  3.95246e-05  1.00011e+00  9.99987e-01
2.90178e+02  1.00007e+00  2.27349e-05  3.25081e-05  1.00009e+00  9.99990e-01
2.90283e+02  1.00005e+00  1.82341e-05  2.51454e-05  1.00007e+00  9.99993e-01
2.90388e+02  1.00004e+00  1.35391e-05  1.75175e-05  1.00005e+00  9.99996e-01
2.90493e+02  1.00003e+00  8.70145e-06  9.70848e-06  1.00003e+00  9.99999e-01
2.90597e+02  1.00001e+00  3.77431e-06  1.80397e-06  1.00001e+00  1.00000e+00
2.90702e+02  9.99996e-01  -1.18827e-06  -6.10933e-06  9.99987e-01  1.00000e+00
2.90807e+02  9.99981e-01  -6.13194e-06  -1.39448e-05  9.99966e-01  1.00001e+00
2.90911e+02  9.99966e-01  -1.10026e-05  -2.16167e-05  9.99946e-01  1.00001e+00
2.91016e+02  9.99952e-01  -1.57471e-05  -2.90413e-05  9.99926e-01  1.00001e+00
2.91121e+02  9.99938e-01  -2.03136e-05  -3.61378e-05  9.99907e-01  1.00002e+00
2.91226e+02  9.99925e-01  -2.46525e-05  -4.28289e-05  9.99890e-01  1.00002e+00
2.91330e+02  9.99913e-01  -2.87164e-05  -4.90419e-05  9.99873e-01  1.00002e+00
2.91435e+02  9.99902e-01  -3.24614e-05  -5.47096e-05  9.99858e-01  1.00002e+00
2.91540e+02  9.99892e-01  -3.58467e-05  -5.97706e-05  9.99845e-01  1.00002e+00
2.91645e+02  9.99883e-01  -3.88359e-05  -6.41705e-05  9.99833e-01  1.00003e+00
2.91749e+02  9.99876e-01  -4.13967e-05  -6.78619e-05  9.99823e-01  1.00003e+00
2.91854e+02  9.99870e-01  -4.35015e-05  -7.08055e-05  9.99815e-01  1.00003e+00
2.91959e+02  9.99865e-01  -4.51279e-05  -7.29701e-05  9.99809e-01  1.00003e+00
2.92063e+02  9.99862e-01  -4.62587e-05  -7.43331e-05  9.99805e-01  1.00003e+00
2.92168e+02  9.99860e-01  -4.68821e-05  -7.48806e-05  9.99803e-01  1.00003e+00
2.92273e+02  9.99860e-01  -4.69917e-05  -7.46079e-05  9.99804e-01  1.00003e+00
2.92378e+02  9.99861e-01  -4.65871e-05  -7.35188e-05  9.99806e-01  1.00003e+00
2.92482e+02  9.99864e-01  -4.56732e-05  -7.16266e-05  9.99811e-01  1.00003e+00
2.92587e+02  9.99868e-01  -4.42606e-05  -6.89529e-05  9.99818e-01  1.00002e+00
2.92692e+02  9.99874e-01  -4.23652e-05  -6.55280e-05  9.99827e-01  1.00002e+00
2.92796e+02  9.99881e-01  -4.00083e-05  -6.13905e-05  9.99837e-01  1.00002e+00
2.92901e+02  9.99889e-01  -3.72163e-05  -5.65865e-05  9.99850e-01  1.00002e+00
2.93006e+02  9.99899e-01  -3.40201e-05  -5.11695e-05  9.99864e-01  1.00002e+00
2.93111e+02  9.99910e-01  -3.04550e-05  -4.51995e-05  9.99879e-01  1.00001e+00
2.93215e+02  9.99921e-01  -2.65606e-05  -3.87427e-05  9.99896e-01  1.00001e+00
2.93320e+02  9.99934e-01  -2.23797e-05  -3.18703e-05  9.99914e-01  1.00001e+00
2.93425e+02  9.99947e-01  -1.79585e-05  -2.46580e-05  9.99933e-01  1.00001e+00
2.93529e+02  9.99961e-01  -1.33454e-05  -1.71853e-05  9.99952e-01  1.00000e+00
2.93634e+02  9.99975e-01  -8.59135e-06  -9.53434e-06  9.99972e-01  1.00000e+00
2.93739e+02  9.99990e-01  -3.74837e-06  -1.78901e-06  9.99993e-01  9.99998e-01
2.93844e+02  1.00000e+00  1.13041e-06  5.96573e-06  1.00001e+00  9.99995e-01
2.93948e+02  1.00002e+00  5.99153e-06  1.36450e-05  1.00003e+00  9.99992e-01
2.94053e+02  1.00003e+00  1.07818e-05  2.11647e-05  1.00005e+00  9.99990e-01
2.94158e+02  1.00005e+00  1.54488e-05  2.84429e-05  1.00007e+00  9.99987e-01
2.94263e+02  1.00006e+00  1.99417e-05  3.54001e-05  1.00009e+00  9.99985e-01
2.94367e+02  1.00007e+00  2.42113e-05  4.19605e-05  1.00011e+00  9.99982e-01
2.94472e+02  1.00009e+00  2.82112e-05  4.80528e-05  1.00012e+00  9.99980e-01
2.94577e+02  1.00010e+00  3.18978e-05  5.36109e-05  1.00014e+00  9.99978e-01
2.94681e+02  1.00011e+00  3.52311e-05  5.85746e-05  1.00015e+00  9.99977e-01
2.94786e+02  1.00011e+00  3.81749e-05  6.28904e-05  1.00016e+00  9.99975e-01
2.94891e+02  1.00012e+00  4.06975e-05  6.65117e-05  1.00017e+00  9.99974e-01
2.94996e+02  1.00013e+00  4.27717e-05  6.93999e-05  1.00018e+00  9.99973e-01
2.95100e+02  1.00013e+00  4.43751e-05  7.15242e-05  1.00019e+00  9.99973e-01
2.95205e+02  1.00014e+00  4.54909e-05  7.28625e-05  1.00019e+00  9.99973e-01
2.95310e+02  1.00014e+00  4.61072e-05  7.34010e-05  1.00019e+00  9.99973e-01
2.95414e+02  1.00014e+00  4.62179e-05  7.31350e-05  1.00019e+00  9.99973e-01
2.95519e+02  1.00014e+00  4.58223e-05  7.20684e-05  1.00019e+00  9.99974e-01
2.95624e+02  1.00013e+00  4.49255e-05  7.02140e-05  1.00019e+00  9.99975e-01
2.95729e+02  1.00013e+00  4.35376e-05  6.75932e-05  1.00018e+00  9.99976e-01
2.95833e+02  1.00012e+00  4.16746e-05  6.42357e-05  1.00017e+00  9.99977e-01
2.95938e+02  1.00012e+00  3.93574e-05  6.01792e-05  1.00016e+00  9.99979e-01
2.96043e+02  1.00011e+00  3.66118e-05  5.54692e-05  1.00015e+00  9.99981e-01
2.96147e+02  1.00010e+00  3.34685e-05  5.01582e-05  1.00013e+00  9.99983e-01
2.96252e+02  1.00009e+00  2.99624e-05  4.43050e-05  1.00012e+00  9.99986e-01
2.96357e+02  1.00008e+00  2.61322e-05  3.79746e-05  1.00010e+00  9.99988e-01
2.96462e+02  1.00007e+00  2.20203e-05  3.12369e-05  1.00008e+00  9.99991e-01
2.96566e+02  1.00005e+00  1.76721e-05  2.41664e-05  1.00007e+00  9.99994e-01
2.96671e+02  1.00004e+00  1.31354e-05  1.68407e-05  1.00005e+00  9.99996e-01
2.96776e+02  1.00002e+00  8.46011e-06  9.34064e-06  1.00003e+00  9.99999e-01
2.96881e+02  1.00001e+00  3.69762e-06  1.74843e-06  1.00001e+00  1.00000e+00
2.96985e+02  9.99996e-01  -1.09987e-06  -5.85266e-06  9.99987e-01  1.00000e+00
2.97090e+02  9.99982e-01  -5.87981e-06  -1.33794e-05  9.99967e-01  1.00001e+00
2.97195e+02  9.99968e-01  -1.05899e-05  -2.07495e-05  9.99948e-01  1.00001e+00
2.97299e+02  9.99954e-01  -1.51787e-05  -2.78825e-05  9.99929e-01  1.00001e+00
2.97404e+02  9.99941e-01  -1.95961e-05  -3.47006e-05  9.99911e-01  1.00002e+00
2.97509e+02  9.99928e-01  -2.37940e-05  -4.11297e-05  9.99894e-01  1.00002e+00
2.97614e+02  9.99916e-01  -2.77268e-05  -4.70999e-05  9.99878e-01  1.00002e+00
2.97718e+02  9.99906e-01  -3.13516e-05  -5.25465e-05  9.99864e-01  1.00002e+00
2.97823e+02  9.99896e-01  -3.46293e-05  -5.74106e-05  9.99851e-01  1.00002e+00
2.97928e+02  9.99887e-01  -3.75244e-05  -6.16398e-05  9.99839e-01  1.00002e+00
2.98032e+02  9.99880e-01  -4.00056e-05  -6.51886e-05  9.99830e-01  1.00003e+00
2.98137e+02  9.99874e-01  -4.20463e-05  -6.80192e-05  9.99822e-01  1.00003e+00
2.98242e+02  9.99869e-01  -4.36247e-05  -7.01015e-05  9.99816e-01  1.00003e+00
2.98347e+02  9.99866e-01  -4.47239e-05  -7.14138e-05  9.99812e-01  1.00003e+00
2.98451e+02  9.99864e-01  -4.53326e-05  -7.19427e-05  9.99811e-01  1.00003e+00
2.98556e+02  9.99864e-01  -4.54446e-05  -7.16834e-05  9.99811e-01  1.00003e+00
2.98661e+02  9.99865e-01  -4.50592e-05  -7.06398e-05  9.99814e-01  1.00003e+00
2.98765e+02  9.99868e-01  -4.41811e-05  -6.88244e-05  9.99818e-01  1.00002e+00
2.98870e+02  9.99872e-01  -4.28206e-05  -6.62581e-05  9.99825e-01  1.00002e+00
2.98975e+02  9.99878e-01  -4.09930e-05  -6.29698e-05  9.99833e-01  1.00002e+00
2.99080e+02  9.99885e-01  -3.87188e-05  -5.89966e-05  9.99843e-01  1.00002e+00
2.99184e+02  9.99893e-01  -3.60232e-05  -5.43828e-05  9.99855e-01  1.00002e+00
2.99289e+02  9.99902e-01  -3.29364e-05  -4.91796e-05  9.99869e-01  1.00002e+00
2.99394e+02  9.99912e-01  -2.94923e-05  -4.34449e-05  9.99884e-01  1.00001e+00
2.99498e+02  9.99924e-01  -2.57292e-05  -3.72419e-05  9.99900e-01  1.00001e+00
2.99603e+02  9.99936e-01  -2.16884e-05  -3.06393e-05  9.99917e-01  1.00001e+00
2.99708e+02  9.99949e-01  -1.74145e-05  -2.37098e-05  9.99935e-01  1.00001e+00
2.99813e+02  9.99962e-01  -1.29545e-05  -1.65295e-05  9.99954e-01  1.00000e+00
2.99917e+02  9.99976e-01  -8.35731e-06  -9.17759e-06  9.99973e-01  1.00000e+00
3.00022e+02  9.99990e-01  -3.67349e-06  -1.73459e-06  9.99993e-01  9.99998e-01
3.00127e+02  1.00000e+00  1.04564e-06  5.71787e-06  1.00001e+00  9.99995e-01
3.00232e+02  1.00002e+00  5.74838e-06  1.30982e-05  1.00003e+00  9.99993e-01
3.00336e+02  1.00003e+00  1.03833e-05  2.03256e-05  1.00005e+00  9.99990e-01
3.00441e+02  1.00005e+00  1.48996e-05  2.73212e-05  1.00007e+00  9.99988e-01
3.00546e+02  1.00006e+00  1.92481e-05  3.40087e-05  1.00009e+00  9.99985e-01
3.00650e+02  1.00007e+00  2.33813e-05  4.03153e-05  1.00010e+00  9.99983e-01
3.00755e+02  1.00008e+00  2.72541e-05  4.61723e-05  1.00012e+00  9.99981e-01
3.00860e+02  1.00009e+00  3.08244e-05  5.15161e-05  1.00013e+00  9.99979e-01
3.00965e+02  1.00010e+00  3.40534e-05  5.62890e-05  1.00015e+00  9.99978e-01
3.01069e+02  1.00011e+00  3.69061e-05  6.04393e-05  1.00016e+00  9.99976e-01
3.01174e+02  1.00012e+00  3.93516e-05  6.39224e-05  1.00017e+00  9.99975e-01
3.01279e+02  1.00012e+00  4.13636e-05  6.67010e-05  1.00017e+00  9.99975e-01
3.01383e+02  1.00013e+00  4.29205e-05  6.87456e-05  1.00018e+00  9.99974e-01
3.01488e+02  1.00013e+00  4.40057e-05  7.00346e-05  1.00018e+00  9.99974e-01
3.01593e+02  1.00013e+00  4.46078e-05  7.05550e-05  1.00019e+00  9.99974e-01
3.01698e+02  1.00013e+00  4.47207e-05  7.03021e-05  1.00019e+00  9.99974e-01
3.01802e+02  1.00013e+00  4.43439e-05  6.92796e-05  1.00018e+00  9.99975e-01
3.01907e+02  1.00013e+00  4.34818e-05  6.74998e-05  1.00018e+00  9.99976e-01
3.02012e+02  1.00013e+00  4.21445e-05  6.49830e-05  1.00017e+00  9.99977e-01
3.02116e+02  1.00012e+00  4.03472e-05  6.17580e-05  1.00016e+00  9.99979e-01
3.02221e+02  1.00011e+00  3.81100e-05  5.78608e-05  1.00015e+00  9.99980e-01
3.02326e+02  1.00011e+00  3.54580e-05  5.33351e-05  1.00014e+00  9.99982e-01
3.02431e+02  1.00010e+00  3.24207e-05  4.82314e-05  1.00013e+00  9.99984e-01
3.02535e+02  1.00009e+00  2.90318e-05  4.26062e-05  1.00011e+00  9.99986e-01
3.02640e+02  1.00008e+00  2.53288e-05  3.65219e-05  1.00010e+00  9.99989e-01
3.02745e+02  1.00006e+00  2.13525e-05  3.00457e-05  1.00008e+00  9.99991e-01
3.02850e+02  1.00005e+00  1.71470e-05  2.32490e-05  1.00006e+00  9.99994e-01
3.02954e+02  1.00004e+00  1.27583e-05  1.62067e-05  1.00005e+00  9.99997e-01
3.03059e+02  1.00002e+00  8.23492e-06  8.99634e-06  1.00003e+00  9.99999e-01
3.03164e+02  1.00001e+00  3.62640e-06  1.69696e-06  1.00001e+00  1.00000e+00
3.03268e+02  9.99996e-01  -1.01670e-06  -5.61137e-06  9.99988e-01  1.00000e+00
3.03373e+02  9.99982e-01  -5.64350e-06  -1.28486e-05  9.99969e-01  1.00001e+00
3.03478e+02  9.99969e-01  -1.02034e-05  -1.99357e-05  9.99950e-01  1.00001e+00
3.03583e+02  9.99955e-01  -1.46466e-05  -2.67951e-05  9.99932e-01  1.00001e+00
3.03687e+02  9.99943e-01  -1.89245e-05  -3.33522e-05  9.99914e-01  1.00001e+00
3.03792e+02  9.99931e-01  -2.29907e-05  -3.95356e-05  9.99898e-01  1.00002e+00
3.03897e+02  9.99919e-01  -2.68007e-05  -4.52780e-05  9.99883e-01  1.00002e+00
3.04001e+02  9.99909e-01  -3.03133e-05  -5.05173e-05  9.99869e-01  1.00002e+00
3.04106e+02  9.99899e-01  -3.34903e-05  -5.51968e-05  9.99856e-01  1.00002e+00
3.04211e+02  9.99891e-01  -3.62974e-05  -5.92659e-05  9.99845e-01  1.00002e+00
3.04316e+02  9.99884e-01  -3.87042e-05  -6.26811e-05  9.99836e-01  1.00002e+00
3.04420e+02  9.99878e-01  -4.06850e-05  -6.54057e-05  9.99829e-01  1.00002e+00
3.04525e+02  9.99874e-01  -4.22184e-05  -6.74108e-05  9.99823e-01  1.00003e+00
3.04630e+02  9.99870e-01  -4.32882e-05  -6.86755e-05  9.99819e-01  1.00003e+00
3.04734e+02  9.99869e-01  -4.38831e-05  -6.91868e-05  9.99818e-01  1.00003e+00
3.04839e+02  9.99868e-01  -4.39973e-05  -6.89402e-05  9.99818e-01  1.00002e+00
3.04944e+02  9.99870e-01  -4.36299e-05  -6.79393e-05  9.99820e-01  1.00002e+00
3.05049e+02  9.99872e-01  -4.27855e-05  -6.61960e-05  9.99825e-01  1.00002e+00
3.05153e+02  9.99876e-01  -4.14737e-05  -6.37304e-05  9.99831e-01  1.00002e+00
3.05258e+02  9.99882e-01  -3.97095e-05  -6.05703e-05  9.99839e-01  1.00002e+00
3.05363e+02  9.99888e-01  -3.75126e-05  -5.67512e-05  9.99849e-01  1.00002e+00
3.05468e+02  9.99896e-01  -3.49074e-05  -5.23158e-05  9.99860e-01  1.00002e+00
3.05572e+02  9.99905e-01  -3.19229e-05  -4.73133e-05  9.99873e-01  1.00002e+00
3.05677e+02  9.99915e-01  -2.85921e-05  -4.17992e-05  9.99888e-01  1.00001e+00
3.05782e+02  9.99926e-01  -2.49518e-05  -3.58345e-05  9.99903e-01  1.00001e+00
3.05886e+02  9.99938e-01  -2.10421e-05  -2.94850e-05  9.99920e-01  1.00001e+00
3.05991e+02  9.99950e-01  -1.69060e-05  -2.28206e-05  9.99937e-01  1.00001e+00
3.06096e+02  9.99963e-01  -1.25892e-05  -1.59148e-05  9.99956e-01  1.00000e+00
3.06201e+02  9.99976e-01  -8.13885e-06  -8.84348e-06  9.99974e-01  1.00000e+00
3.06305e+02  9.99990e-01  -3.60397e-06  -1.68414e-06  9.99993e-01  9.99998e-01
3.06410e+02  1.00000e+00  9.65783e-07  5.48467e-06  1.00001e+00  9.99995e-01
3.06515e+02  1.00002e+00  5.52033e-06  1.25845e-05  1.00003e+00  9.99993e-01
3.06619e+02  1.00003e+00  1.00098e-05  1.95376e-05  1.00005e+00  9.99990e-01
3.06724e+02  1.00004e+00  1.43852e-05  2.62681e-05  1.00007e+00  9.99988e-01
3.06829e+02  1.00006e+00  1.85986e-05  3.27026e-05  1.00008e+00  9.99986e-01
3.06934e+02  1.00007e+00  2.26042e-05  3.87709e-05  1.00010e+00  9.99984e-01
3.07038e+02  1.00008e+00  2.63581e-05  4.44071e-05  1.00012e+00  9.99982e-01
3.07143e+02  1.00009e+00  2.98196e-05  4.95499e-05  1.00013e+00  9.99980e-01
3.07248e+02  1.00010e+00  3.29510e-05  5.41437e-05  1.00014e+00  9.99979e-01
3.07352e+02  1.00011e+00  3.57184e-05  5.81388e-05  1.00015e+00  9.99978e-01
3.07457e+02  1.00011e+00  3.80919e-05  6.14921e-05  1.00016e+00  9.99977e-01
3.07562e+02  1.00012e+00  4.00457e-05  6.41679e-05  1.00017e+00  9.99976e-01
3.07667e+02  1.00012e+00  4.15590e-05  6.61376e-05  1.00017e+00  9.99975e-01
3.07771e+02  1.00013e+00  4.26156e-05  6.73805e-05  1.00018e+00  9.99975e-01
3.07876e+02  1.00013e+00  4.32045e-05  6.78839e-05  1.00018e+00  9.99975e-01
3.07981e+02  1.00013e+00  4.33196e-05  6.76432e-05  1.00018e+00  9.99976e-01
3.08086e+02  1.00013e+00  4.29602e-05  6.66621e-05  1.00018e+00  9.99976e-01
3.08190e+02  1.00013e+00  4.21307e-05  6.49522e-05  1.00017e+00  9.99977e-01
3.08295e+02  1.00012e+00  4.08408e-05  6.25332e-05  1.00017e+00  9.99978e-01
3.08400e+02  1.00012e+00  3.91050e-05  5.94325e-05  1.00016e+00  9.99980e-01
3.08504e+02  1.00011e+00  3.69428e-05  5.56848e-05  1.00015e+00  9.99981e-01
3.08609e+02  1.00010e+00  3.43784e-05  5.13322e-05  1.00014e+00  9.99983e-01
3.08714e+02  1.00009e+00  3.14403e-05  4.64231e-05  1.00012e+00  9.99985e-01
3.08819e+02  1.00008e+00  2.81611e-05  4.10119e-05  1.00011e+00  9.99987e-01
3.08923e+02  1.00007e+00  2.45771e-05  3.51586e-05  1.00009e+00  9.99989e-01
3.09028e+02  1.00006e+00  2.07279e-05  2.89278e-05  1.00008e+00  9.99992e-01
3.09133e+02  1.00005e+00  1.66559e-05  2.23883e-05  1.00006e+00  9.99994e-01
3.09237e+02  1.00004e+00  1.24059e-05  1.56121e-05  1.00004e+00  9.99997e-01
3.09342e+02  1.00002e+00  8.02462e-06  8.67365e-06  1.00003e+00  9.99999e-01
3.09447e+02  1.00001e+00  3.56024e-06  1.64920e-06  1.00001e+00  1.00000e+00
3.09552e+02  9.99996e-01  -9.38318e-07  -5.38426e-06  9.99988e-01  1.00000e+00
3.09656e+02  9.99983e-01  -5.42177e-06  -1.23497e-05  9.99970e-01  1.00001e+00
3.09761e+02  9.99970e-01  -9.84107e-06  -1.91710e-05  9.99952e-01  1.00001e+00
3.09866e+02  9.99957e-01  -1.41479e-05  -2.57736e-05  9.99934e-01  1.00001e+00
3.09970e+02  9.99945e-01  -1.82953e-05  -3.20856e-05  9.99918e-01  1.00001e+00
3.10075e+02  9.99933e-01  -2.22381e-05  -3.80383e-05  9.99902e-01  1.00002e+00
3.10180e+02  9.99922e-01  -2.59333e-05  -4.35669e-05  9.99887e-01  1.00002e+00
3.10285e+02  9.99912e-01  -2.93408e-05  -4.86115e-05  9.99873e-01  1.00002e+00
3.10389e+02  9.99903e-01  -3.24236e-05  -5.31176e-05  9.99861e-01  1.00002e+00
3.10494e+02  9.99894e-01  -3.51483e-05  -5.70365e-05  9.99851e-01  1.00002e+00
3.10599e+02  9.99888e-01  -3.74855e-05  -6.03260e-05  9.99842e-01  1.00002e+00
3.10704e+02  9.99882e-01  -3.94101e-05  -6.29511e-05  9.99835e-01  1.00002e+00
3.10808e+02  9.99877e-01  -4.09014e-05  -6.48837e-05  9.99829e-01  1.00002e+00
3.10913e+02  9.99874e-01  -4.19437e-05  -6.61037e-05  9.99826e-01  1.00002e+00
3.11018e+02  9.99873e-01  -4.25259e-05  -6.65986e-05  9.99824e-01  1.00002e+00
3.11122e+02  9.99873e-01  -4.26421e-05  -6.63639e-05  9.99825e-01  1.00002e+00
3.11227e+02  9.99874e-01  -4.22916e-05  -6.54030e-05  9.99827e-01  1.00002e+00
3.11332e+02  9.99876e-01  -4.14786e-05  -6.37275e-05  9.99831e-01  1.00002e+00
3.11437e+02  9.99880e-01  -4.02126e-05  -6.13565e-05  9.99837e-01  1.00002e+00
3.11541e+02  9.99885e-01  -3.85078e-05  -5.83168e-05  9.99845e-01  1.00002e+00
3.11646e+02  9.99892e-01  -3.63833e-05  -5.46425e-05  9.99854e-01  1.00002e+00
3.11751e+02  9.99899e-01  -3.38628e-05  -5.03747e-05  9.99865e-01  1.00002e+00
3.11855e+02  9.99908e-01  -3.09742e-05  -4.55606e-05  9.99878e-01  1.00001e+00
3.11960e+02  9.99918e-01  -2.77494e-05  -4.02538e-05  9.99892e-01  1.00001e+00
3.12065e+02  9.99928e-01  -2.42242e-05  -3.45128e-05  9.99907e-01  1.00001e+00
3.12170e+02  9.99939e-01  -2.04372e-05  -2.84011e-05  9.99923e-01  1.00001e+00
3.12274e+02  9.99952e-01  -1.64304e-05  -2.19860e-05  9.99940e-01  1.00001e+00
3.12379e+02  9.99964e-01  -1.22476e-05  -1.53380e-05  9.99957e-01  1.00000e+00
3.12484e+02  9.99977e-01  -7.93480e-06  -8.53018e-06  9.99975e-01  1.00000e+00
3.12588e+02  9.99990e-01  -3.53940e-06  -1.63732e-06  9.99993e-01  9.99998e-01
3.12693e+02  1.00000e+00  8.90445e-07  5.26503e-06  1.00001e+00  9.99996e-01
3.12798e+02  1.00002e+00  5.30620e-06  1.21013e-05  1.00003e+00  9.99993e-01
3.12903e+02  1.00003e+00  9.65955e-06  1.87967e-05  1.00005e+00  9.99991e-01
3.13007e+02  1.00004e+00  1.39029e-05  2.52782e-05  1.00006e+00  9.99989e-01
3.13112e+02  1.00005e+00  1.79898e-05  3.14749e-05  1.00008e+00  9.99987e-01
3.13217e+02  1.00007e+00  2.18758e-05  3.73194e-05  1.00010e+00  9.99985e-01
3.13322e+02  1.00008e+00  2.55184e-05  4.27481e-05  1.00011e+00  9.99983e-01
3.13426e+02  1.00009e+00  2.88780e-05  4.77021e-05  1.00012e+00  9.99981e-01
3.13531e+02  1.00010e+00  3.19181e-05  5.21276e-05  1.00014e+00  9.99980e-01
3.13636e+02  1.00010e+00  3.46056e-05  5.59768e-05  1.00015e+00  9.99979e-01
3.13740e+02  1.00011e+00  3.69115e-05  5.92083e-05  1.00016e+00  9.99978e-01
3.13845e+02  1.00012e+00  3.88110e-05  6.17875e-05  1.00016e+00  9.99977e-01
3.13950e+02  1.00012e+00  4.02835e-05  6.36868e-05  1.00017e+00  9.99977e-01
3.14055e+02  1.00012e+00  4.13134e-05  6.48863e-05  1.00017e+00  9.99976e-01
3.14159e+02  1.00013e+00  4.18898e-05  6.53738e-05  1.00017e+00  9.99977e-01
3.14264e+02  1.00013e+00  4.20070e-05  6.51447e-05  1.00017e+00  9.99977e-01
3.14369e+02  1.00012e+00  4.16640e-05  6.42024e-05  1.00017e+00  9.99977e-01
3.14473e+02  1.00012e+00  4.08651e-05  6.25583e-05  1.00017e+00  9.99978e-01
3.14578e+02  1.00012e+00  3.96195e-05  6.02311e-05  1.00016e+00  9.99979e-01
3.14683e+02  1.00011e+00  3.79414e-05  5.72472e-05  1.00015e+00  9.99981e-01
3.14788e+02  1.00011e+00  3.58495e-05  5.36401e-05  1.00014e+00  9.99982e-01
3.14892e+02  1.00010e+00  3.33672e-05  4.94502e-05  1.00013e+00  9.99984e-01
3.14997e+02  1.00009e+00  3.05222e-05  4.47239e-05  1.00012e+00  9.99986e-01
3.15102e+02  1.00008e+00  2.73458e-05  3.95139e-05  1.00011e+00  9.99988e-01
3.15206e+02  1.00007e+00  2.38734e-05  3.38777e-05  1.00009e+00  9.99990e-01
3.15311e+02  1.00006e+00  2.01431e-05  2.78776e-05  1.00008e+00  9.99992e-01
3.15416e+02  1.00005e+00  1.61962e-05  2.15798e-05  1.00006e+00  9.99995e-01
3.15521e+02  1.00004e+00  1.20761e-05  1.50536e-05  1.00004e+00  9.99997e-01
3.15625e+02  1.00002e+00  7.82808e-06  8.37086e-06  1.00002e+00  9.99999e-01
3.15730e+02  1.00001e+00  3.49876e-06  1.60483e-06  1.00001e+00  1.00000e+00
3.15835e+02  9.99997e-01  -8.64357e-07  -5.17026e-06  9.99989e-01  1.00000e+00
3.15940e+02  9.99984e-01  -5.21349e-06  -1.18802e-05  9.99971e-01  1.00001e+00
3.16044e+02  9.99971e-01  -9.50105e-06  -1.84517e-05  9.99954e-01  1.00001e+00
3.16149e+02  9.99958e-01  -1.36802e-05  -2.48129e-05  9.99937e-01  1.00001e+00
3.16254e+02  9.99946e-01  -1.77053e-05  -3.08945e-05  9.99921e-01  1.00001e+00
3.16358e+02  9.99935e-01  -2.15324e-05  -3.66303e-05  9.99905e-01  1.00002e+00
3.16463e+02  9.99924e-01  -2.51200e-05  -4.19579e-05  9.99891e-01  1.00002e+00
3.16568e+02  9.99915e-01  -2.84290e-05  -4.68195e-05  9.99878e-01  1.00002e+00
3.16673e+02  9.99906e-01  -3.14235e-05  -5.11625e-05  9.99866e-01  1.00002e+00
3.16777e+02  9.99898e-01  -3.40711e-05  -5.49401e-05  9.99856e-01  1.00002e+00
3.16882e+02  9.99891e-01  -3.63431e-05  -5.81116e-05  9.99847e-01  1.00002e+00
3.16987e+02  9.99885e-01  -3.82151e-05  -6.06431e-05  9.99840e-01  1.00002e+00
3.17091e+02  9.99881e-01  -3.96671e-05  -6.25076e-05  9.99835e-01  1.00002e+00
3.17196e+02  9.99878e-01  -4.06835e-05  -6.36856e-05  9.99832e-01  1.00002e+00
3.17301e+02  9.99877e-01  -4.12538e-05  -6.41650e-05  9.99830e-01  1.00002e+00
3.17406e+02  9.99876e-01  -4.13720e-05  -6.39415e-05  9.99831e-01  1.00002e+00
3.17510e+02  9.99877e-01  -4.10373e-05  -6.30183e-05  9.99833e-01  1.00002e+00
3.17615e+02  9.99880e-01  -4.02540e-05  -6.14065e-05  9.99837e-01  1.00002e+00
3.17720e+02  9.99883e-01  -3.90308e-05  -5.91244e-05  9.99843e-01  1.00002e+00
3.17824e+02  9.99888e-01  -3.73818e-05  -5.61980e-05  9.99850e-01  1.00002e+00
3.17929e+02  9.99895e-01  -3.53252e-05  -5.26599e-05  9.99859e-01  1.00002e+00
3.18034e+02  9.99902e-01  -3.28840e-05  -4.85496e-05  9.99870e-01  1.00002e+00
3.18139e+02  9.99910e-01  -3.00853e-05  -4.39128e-05  9.99882e-01  1.00001e+00
3.18243e+02  9.99920e-01  -2.69600e-05  -3.88009e-05  9.99895e-01  1.00001e+00
3.18348e+02  9.99930e-01  -2.35426e-05  -3.32704e-05  9.99910e-01  1.00001e+00
3.18453e+02  9.99941e-01  -1.98708e-05  -2.73823e-05  9.99925e-01  1.00001e+00
3.18557e+02  9.99953e-01  -1.59850e-05  -2.12015e-05  9.99942e-01  1.00001e+00
3.18662e+02  9.99965e-01  -1.19279e-05  -1.47959e-05  9.99958e-01  1.00000e+00
3.18767e+02  9.99977e-01  -7.74405e-06  -8.23604e-06  9.99976e-01  1.00000e+00
3.18872e+02  9.99990e-01  -3.47942e-06  -1.59382e-06  9.99993e-01  9.99998e-01
3.18976e+02  1.00000e+00  8.19272e-07  5.05793e-06  1.00001e+00  9.99996e-01
3.19081e+02  1.00002e+00  5.10493e-06  1.16464e-05  1.00003e+00  9.99993e-01
3.19186e+02  1.00003e+00  9.33064e-06  1.80994e-05  1.00005e+00  9.99991e-01
3.19291e+02  1.00004e+00  1.34502e-05  2.43466e-05  1.00006e+00  9.99989e-01
3.19395e+02  1.00005e+00  1.74186e-05  3.03197e-05  1.00008e+00  9.99987e-01
3.19500e+02  1.00006e+00  2.11925e-05  3.59537e-05  1.00009e+00  9.99985e-01
3.19605e+02  1.00007e+00  2.47308e-05  4.11873e-05  1.00011e+00  9.99984e-01
3.19709e+02  1.00008e+00  2.79949e-05  4.59636e-05  1.00012e+00  9.99982e-01
3.19814e+02  1.00009e+00  3.09493e-05  5.02308e-05  1.00013e+00  9.99981e-01
3.19919e+02  1.00010e+00  3.35620e-05  5.39428e-05  1.00014e+00  9.99980e-01
3.20024e+02  1.00011e+00  3.58047e-05  5.70597e-05  1.00015e+00  9.99979e-01
3.20128e+02  1.00011e+00  3.76531e-05  5.95480e-05  1.00016e+00  9.99978e-01
3.20233e+02  1.00012e+00  3.90875e-05  6.13811e-05  1.00016e+00  9.99978e-01
3.20338e+02  1.00012e+00  4.00923e-05  6.25398e-05  1.00017e+00  9.99978e-01
3.20442e+02  1.00012e+00  4.06572e-05  6.30123e-05  1.00017e+00  9.99978e-01
3.20547e+02  1.00012e+00  4.07763e-05  6.27941e-05  1.00017e+00  9.99978e-01
3.20652e+02  1.00012e+00  4.04488e-05  6.18884e-05  1.00016e+00  9.99979e-01
3.20757e+02  1.00012e+00  3.96786e-05  6.03062e-05  1.00016e+00  9.99979e-01
3.20861e+02  1.00011e+00  3.84747e-05  5.80654e-05  1.00015e+00  9.99980e-01
3.20966e+02  1.00011e+00  3.68506e-05  5.51914e-05  1.00015e+00  9.99982e-01
3.21071e+02  1.00010e+00  3.48247e-05  5.17166e-05  1.00014e+00  9.99983e-01
3.21175e+02  1.00010e+00  3.24194e-05  4.76797e-05  1.00013e+00  9.99985e-01
3.21280e+02  1.00009e+00  2.96615e-05  4.31255e-05  1.00012e+00  9.99987e-01
3.21385e+02  1.00008e+00  2.65817e-05  3.81047e-05  1.00010e+00  9.99988e-01
3.21490e+02  1.00007e+00  2.32138e-05  3.26728e-05  1.00009e+00  9.99991e-01
3.21594e+02  1.00006e+00  1.95952e-05  2.68898e-05  1.00007e+00  9.99993e-01
3.21699e+02  1.00005e+00  1.57657e-05  2.08195e-05  1.00006e+00  9.99995e-01
3.21804e+02  1.00003e+00  1.17674e-05  1.45286e-05  1.00004e+00  9.99997e-01
3.21909e+02  1.00002e+00  7.64429e-06  8.08640e-06  1.00002e+00  1.00000e+00
3.22013e+02  1.00001e+00  3.44164e-06  1.56355e-06  1.00001e+00  1.00000e+00
3.22118e+02  9.99997e-01  -7.94463e-07  -4.96840e-06  9.99989e-01  1.00000e+00
3.22223e+02  9.99984e-01  -5.01763e-06  -1.14379e-05  9.99972e-01  1.00001e+00
3.22327e+02  9.99972e-01  -9.18165e-06  -1.77743e-05  9.99955e-01  1.00001e+00
3.22432e+02  9.99960e-01  -1.32410e-05  -2.39083e-05  9.99939e-01  1.00001e+00
3.22537e+02  9.99948e-01  -1.71514e-05  -2.97731e-05  9.99923e-01  1.00001e+00
3.22642e+02  9.99937e-01  -2.08702e-05  -3.53047e-05  9.99909e-01  1.00001e+00
3.22746e+02  9.99927e-01  -2.43568e-05  -4.04431e-05  9.99895e-01  1.00002e+00
3.22851e+02  9.99917e-01  -2.75735e-05  -4.51325e-05  9.99882e-01  1.00002e+00
3.22956e+02  9.99908e-01  -3.04852e-05  -4.93221e-05  9.99871e-01  1.00002e+00
3.23060e+02  9.99901e-01  -3.30604e-05  -5.29667e-05  9.99861e-01  1.00002e+00
3.23165e+02  9.99894e-01  -3.52713e-05  -5.60271e-05  9.99853e-01  1.00002e+00
3.23270e+02  9.99889e-01  -3.70941e-05  -5.84705e-05  9.99846e-01  1.00002e+00
3.23375e+02  9.99885e-01  -3.85092e-05  -6.02709e-05  9.99841e-01  1.00002e+00
3.23479e+02  9.99882e-01  -3.95015e-05  -6.14093e-05  9.99838e-01  1.00002e+00
3.23584e+02  9.99880e-01  -4.00605e-05  -6.18742e-05  9.99836e-01  1.00002e+00
3.23689e+02  9.99880e-01  -4.01806e-05  -6.16613e-05  9.99836e-01  1.00002e+00
3.23793e+02  9.99881e-01  -3.98609e-05  -6.07736e-05  9.99839e-01  1.00002e+00
3.23898e+02  9.99883e-01  -3.91053e-05  -5.92217e-05  9.99842e-01  1.00002e+00
3.24003e+02  9.99887e-01  -3.79225e-05  -5.70234e-05  9.99848e-01  1.00002e+00
3.24108e+02  9.99892e-01  -3.63257e-05  -5.42036e-05  9.99855e-01  1.00002e+00
3.24212e+02  9.99898e-01  -3.43329e-05  -5.07937e-05  9.99864e-01  1.00002e+00
3.24317e+02  9.99905e-01  -3.19662e-05  -4.68318e-05  9.99874e-01  1.00001e+00
3.24422e+02  9.99913e-01  -2.92518e-05  -4.23619e-05  9.99886e-01  1.00001e+00
3.24527e+02  9.99922e-01  -2.62199e-05  -3.74335e-05  9.99899e-01  1.00001e+00
3.24631e+02  9.99932e-01  -2.29037e-05  -3.21011e-05  9.99913e-01  1.00001e+00
3.24736e+02  9.99943e-01  -1.93399e-05  -2.64235e-05  9.99928e-01  1.00001e+00
3.24841e+02  9.99954e-01  -1.55677e-05  -2.04633e-05  9.99944e-01  1.00000e+00
3.24945e+02  9.99966e-01  -1.16285e-05  -1.42861e-05  9.99960e-01  1.00000e+00
3.25050e+02  9.99978e-01  -7.56566e-06  -7.95958e-06  9.99977e-01  1.00000e+00
3.25155e+02  9.99990e-01  -3.42371e-06  -1.55335e-06  9.99993e-01  9.99998e-01
3.25260e+02  1.00000e+00  7.51939e-07  4.86243e-06  1.00001e+00  9.99996e-01
3.25364e+02  1.00002e+00  4.91554e-06  1.12175e-05  1.00003e+00  9.99994e-01
3.25469e+02  1.00003e+00  9.02151e-06  1.74423e-05  1.00004e+00  9.99992e-01
3.25574e+02  1.00004e+00  1.30250e-05  2.34689e-05  1.00006e+00  9.99990e-01
3.25678e+02  1.00005e+00  1.68821e-05  2.92315e-05  1.00008e+00  9.99988e-01
3.25783e+02  1.00006e+00  2.05509e-05  3.46673e-05  1.00009e+00  9.99986e-01
3.25888e+02  1.00007e+00  2.39913e-05  3.97171e-05  1.00010e+00  9.99984e-01
3.25993e+02  1.00008e+00  2.71658e-05  4.43261e-05  1.00012e+00  9.99983e-01
3.26097e+02  1.00009e+00  3.00400e-05  4.84443e-05  1.00013e+00  9.99982e-01
3.26202e+02  1.00010e+00  3.25825e-05  5.20271e-05  1.00014e+00  9.99981e-01
3.26307e+02  1.00010e+00  3.47659e-05  5.50361e-05  1.00014e+00  9.99980e-01
3.26411e+02  1.00011e+00  3.65665e-05  5.74387e-05  1.00015e+00  9.99979e-01
3.26516e+02  1.00011e+00  3.79650e-05  5.92096e-05  1.00016e+00  9.99979e-01
3.26621e+02  1.00012e+00  3.89465e-05  6.03299e-05  1.00016e+00  9.99979e-01
3.26726e+02  1.00012e+00  3.95006e-05  6.07882e-05  1.00016e+00  9.99979e-01
3.26830e+02  1.00012e+00  3.96215e-05  6.05802e-05  1.00016e+00  9.99979e-01
3.26935e+02  1.00012e+00  3.93085e-05  5.97091e-05  1.00016e+00  9.99980e-01
3.27040e+02  1.00012e+00  3.85653e-05  5.81851e-05  1.00015e+00  9.99980e-01
3.27145e+02  1.00011e+00  3.74005e-05  5.60257e-05  1.00015e+00  9.99981e-01
3.27249e+02  1.00011e+00  3.58273e-05  5.32553e-05  1.00014e+00  9.99983e-01
3.27354e+02  1.00010e+00  3.38632e-05  4.99051e-05  1.00013e+00  9.99984e-01
3.27459e+02  1.00009e+00  3.15303e-05  4.60123e-05  1.00012e+00  9.99986e-01
3.27563e+02  1.00009e+00  2.88543e-05  4.16203e-05  1.00011e+00  9.99987e-01
3.27668e+02  1.00008e+00  2.58650e-05  3.67777e-05  1.00010e+00  9.99989e-01
3.27773e+02  1.00007e+00  2.25954e-05  3.15383e-05  1.00009e+00  9.99991e-01
3.27878e+02  1.00006e+00  1.90815e-05  2.59598e-05  1.00007e+00  9.99993e-01
3.27982e+02  1.00005e+00  1.53621e-05  2.01037e-05  1.00006e+00  9.99995e-01
3.28087e+02  1.00003e+00  1.14782e-05  1.40345e-05  1.00004e+00  9.99997e-01
3.28192e+02  1.00002e+00  7.47234e-06  7.81887e-06  1.00002e+00  1.00000e+00
3.28296e+02  1.00001e+00  3.38858e-06  1.52513e-06  1.00001e+00  1.00000e+00
3.28401e+02  9.99997e-01  -7.28321e-07  -4.77777e-06  9.99990e-01  1.00000e+00
3.28506e+02  9.99985e-01  -4.83326e-06  -1.10208e-05  9.99973e-01  1.00001e+00
3.28611e+02  9.99973e-01  -8.88134e-06  -1.71357e-05  9.99957e-01  1.00001e+00
3.28715e+02  9.99961e-01  -1.28283e-05  -2.30556e-05  9.99941e-01  1.00001e+00
3.28820e+02  9.99950e-01  -1.66310e-05  -2.87161e-05  9.99926e-01  1.00001e+00
3.28925e+02  9.99939e-01  -2.02481e-05  -3.40554e-05  9.99912e-01  1.00001e+00
3.29029e+02  9.99929e-01  -2.36401e-05  -3.90156e-05  9.99898e-01  1.00002e+00
3.29134e+02  9.99920e-01  -2.67701e-05  -4.35427e-05  9.99886e-01  1.00002e+00
3.29239e+02  9.99911e-01  -2.96041e-05  -4.75878e-05  9.99875e-01  1.00002e+00
3.29344e+02  9.99904e-01  -3.21115e-05  -5.11071e-05  9.99866e-01  1.00002e+00
3.29448e+02  9.99897e-01  -3.42651e-05  -5.40628e-05  9.99858e-01  1.00002e+00
3.29553e+02  9.99892e-01  -3.60416e-05  -5.64232e-05  9.99851e-01  1.00002e+00
3.29658e+02  9.99888e-01  -3.74221e-05  -5.81631e-05  9.99846e-01  1.00002e+00
3.29763e+02  9.99885e-01  -3.83918e-05  -5.92644e-05  9.99843e-01  1.00002e+00
3.29867e+02  9.99884e-01  -3.89404e-05  -5.97156e-05  9.99842e-01  1.00002e+00
3.29972e+02  9.99883e-01  -3.90623e-05  -5.95126e-05  9.99842e-01  1.00002e+00
3.30077e+02  9.99884e-01  -3.87567e-05  -5.86584e-05  9.99844e-01  1.00002e+00
3.30181e+02  9.99886e-01  -3.80272e-05  -5.71630e-05  9.99848e-01  1.00002e+00
3.30286e+02  9.99890e-01  -3.68822e-05  -5.50437e-05  9.99853e-01  1.00002e+00
3.30391e+02  9.99895e-01  -3.53346e-05  -5.23243e-05  9.99860e-01  1.00002e+00
3.30496e+02  9.99900e-01  -3.34016e-05  -4.90352e-05  9.99869e-01  1.00002e+00
3.30600e+02  9.99907e-01  -3.11049e-05  -4.52131e-05  9.99878e-01  1.00001e+00
3.30705e+02  9.99915e-01  -2.84698e-05  -4.09005e-05  9.99890e-01  1.00001e+00
3.30810e+02  9.99924e-01  -2.55254e-05  -3.61451e-05  9.99902e-01  1.00001e+00
3.30914e+02  9.99934e-01  -2.23043e-05  -3.09995e-05  9.99916e-01  1.00001e+00
3.31019e+02  9.99944e-01  -1.88420e-05  -2.55203e-05  9.99930e-01  1.00001e+00
3.31124e+02  9.99955e-01  -1.51764e-05  -1.97681e-05  9.99945e-01  1.00000e+00
3.31229e+02  9.99967e-01  -1.13480e-05  -1.38059e-05  9.99961e-01  1.00000e+00
3.31333e+02  9.99978e-01  -7.39874e-06  -7.69947e-06  9.99977e-01  1.00000e+00
3.31438e+02  9.99990e-01  -3.37197e-06  -1.51566e-06  9.99994e-01  9.99998e-01
3.31543e+02  1.00000e+00  6.88151e-07  4.67770e-06  1.00001e+00  9.99996e-01
3.31647e+02  1.00001e+00  4.73715e-06  1.08128e-05  1.00003e+00  9.99994e-01
3.31752e+02  1.00003e+00  8.73072e-06  1.68225e-05  1.00004e+00  9.99992e-01
3.31857e+02  1.00004e+00  1.26252e-05  2.26412e-05  1.00006e+00  9.99990e-01
3.31962e+02  1.00005e+00  1.63779e-05  2.82053e-05  1.00007e+00  9.99988e-01
3.32066e+02  1.00006e+00  1.99481e-05  3.34542e-05  1.00009e+00  9.99986e-01
3.32171e+02  1.00007e+00  2.32966e-05  3.83308e-05  1.00010e+00  9.99985e-01
3.32276e+02  1.00008e+00  2.63870e-05  4.27821e-05  1.00011e+00  9.99984e-01
3.32381e+02  1.00009e+00  2.91858e-05  4.67599e-05  1.00012e+00  9.99982e-01
3.32485e+02  1.00009e+00  3.16625e-05  5.02210e-05  1.00013e+00  9.99981e-01
3.32590e+02  1.00010e+00  3.37902e-05  5.31281e-05  1.00014e+00  9.99981e-01
3.32695e+02  1.00011e+00  3.55460e-05  5.54501e-05  1.00015e+00  9.99980e-01
3.32799e+02  1.00011e+00  3.69110e-05  5.71622e-05  1.00015e+00  9.99980e-01
3.32904e+02  1.00011e+00  3.78705e-05  5.82464e-05  1.00015e+00  9.99980e-01
3.33009e+02  1.00011e+00  3.84144e-05  5.86914e-05  1.00016e+00  9.99980e-01
3.33114e+02  1.00012e+00  3.85372e-05  5.84931e-05  1.00016e+00  9.99980e-01
3.33218e+02  1.00011e+00  3.82378e-05  5.76545e-05  1.00015e+00  9.99981e-01
3.33323e+02  1.00011e+00  3.75200e-05  5.61854e-05  1.00015e+00  9.99981e-01
3.33428e+02  1.00011e+00  3.63920e-05  5.41028e-05  1.00014e+00  9.99982e-01
3.33532e+02  1.00010e+00  3.48665e-05  5.14301e-05  1.00014e+00  9.99983e-01
3.33637e+02  1.00010e+00  3.29607e-05  4.81972e-05  1.00013e+00  9.99985e-01
3.33742e+02  1.00009e+00  3.06956e-05  4.44404e-05  1.00012e+00  9.99986e-01
3.33847e+02  1.00008e+00  2.80966e-05  4.02012e-05  1.00011e+00  9.99988e-01
3.33951e+02  1.00007e+00  2.51924e-05  3.55268e-05  1.00010e+00  9.99990e-01
3.34056e+02  1.00007e+00  2.20150e-05  3.04688e-05  1.00008e+00  9.99992e-01
3.34161e+02  1.00006e+00  1.85996e-05  2.50831e-05  1.00007e+00  9.99994e-01
3.34265e+02  1.00004e+00  1.49837e-05  1.94291e-05  1.00005e+00  9.99996e-01
3.34370e+02  1.00003e+00  1.12071e-05  1.35689e-05  1.00004e+00  9.99998e-01
3.34475e+02  1.00002e+00  7.31141e-06  7.56702e-06  1.00002e+00  1.00000e+00
3.34580e+02  1.00001e+00  3.33931e-06  1.48932e-06  1.00001e+00  1.00000e+00
3.34684e+02  9.99998e-01  -6.65638e-07  -4.59757e-06  9.99990e-01  1.00000e+00
3.34789e+02  9.99986e-01  -4.65955e-06  -1.06270e-05  9.99974e-01  1.00001e+00
3.34894e+02  9.99974e-01  -8.59874e-06  -1.65330e-05  9.99958e-01  1.00001e+00
3.34998e+02  9.99962e-01  -1.24401e-05  -2.22511e-05  9.99943e-01  1.00001e+00
3.35103e+02  9.99951e-01  -1.61418e-05  -2.77189e-05  9.99928e-01  1.00001e+00
3.35208e+02  9.99941e-01  -1.96633e-05  -3.28769e-05  9.99915e-01  1.00001e+00
3.35313e+02  9.99931e-01  -2.29664e-05  -3.76689e-05  9.99902e-01  1.00001e+00
3.35417e+02  9.99922e-01  -2.60151e-05  -4.20430e-05  9.99890e-01  1.00002e+00
3.35522e+02  9.99914e-01  -2.87762e-05  -4.59517e-05  9.99879e-01  1.00002e+00
3.35627e+02  9.99906e-01  -3.12199e-05  -4.93529e-05  9.99870e-01  1.00002e+00
3.35732e+02  9.99900e-01  -3.33196e-05  -5.22098e-05  9.99862e-01  1.00002e+00
3.35836e+02  9.99895e-01  -3.50528e-05  -5.44920e-05  9.99856e-01  1.00002e+00
3.35941e+02  9.99891e-01  -3.64009e-05  -5.61750e-05  9.99851e-01  1.00002e+00
3.36046e+02  9.99888e-01  -3.73493e-05  -5.72411e-05  9.99848e-01  1.00002e+00
3.36150e+02  9.99887e-01  -3.78881e-05  -5.76794e-05  9.99847e-01  1.00002e+00
3.36255e+02  9.99886e-01  -3.80119e-05  -5.74858e-05  9.99847e-01  1.00002e+00
3.36360e+02  9.99887e-01  -3.77195e-05  -5.66631e-05  9.99849e-01  1.00002e+00
3.36465e+02  9.99889e-01  -3.70145e-05  -5.52212e-05  9.99853e-01  1.00002e+00
3.36569e+02  9.99893e-01  -3.59051e-05  -5.31763e-05  9.99858e-01  1.00002e+00
3.36674e+02  9.99897e-01  -3.44037e-05  -5.05517e-05  9.99864e-01  1.00002e+00
3.36779e+02  9.99903e-01  -3.25271e-05  -4.73766e-05  9.99873e-01  1.00001e+00
3.36883e+02  9.99910e-01  -3.02962e-05  -4.36864e-05  9.99882e-01  1.00001e+00
3.36988e+02  9.99917e-01  -2.77355e-05  -3.95222e-05  9.99893e-01  1.00001e+00
3.37093e+02  9.99926e-01  -2.48736e-05  -3.49300e-05  9.99905e-01  1.00001e+00
3.37198e+02  9.99935e-01  -2.17418e-05  -2.99605e-05  9.99918e-01  1.00001e+00
3.37302e+02  9.99945e-01  -1.83747e-05  -2.46686e-05  9.99932e-01  1.00001e+00
3.37407e+02  9.99956e-01  -1.48094e-05  -1.91125e-05  9.99947e-01  1.00000e+00
3.37512e+02  9.99967e-01  -1.10850e-05  -1.33534e-05  9.99962e-01  1.00000e+00
3.37616e+02  9.99979e-01  -7.24250e-06  -7.45449e-06  9.99978e-01  1.00000e+00
3.37721e+02  9.99991e-01  -3.32396e-06  -1.48054e-06  9.99994e-01  9.99998e-01
3.37826e+02  1.00000e+00  6.27635e-07  4.50298e-06  1.00001e+00  9.99996e-01
3.37931e+02  1.00001e+00  4.56898e-06  1.04305e-05  1.00003e+00  9.99994e-01
3.38035e+02  1.00003e+00  8.45695e-06  1.62373e-05  1.00004e+00  9.99992e-01
3.38140e+02  1.00004e+00  1.22490e-05  2.18598e-05  1.00006e+00  9.99990e-01
3.38245e+02  1.00005e+00  1.59037e-05  2.72366e-05  1.00007e+00  9.99989e-01
3.38350e+02  1.00006e+00  1.93811e-05  3.23093e-05  1.00008e+00  9.99987e-01
3.38454e+02  1.00007e+00  2.26434e-05  3.70225e-05  1.00010e+00  9.99986e-01
3.38559e+02  1.00008e+00  2.56549e-05  4.13250e-05  1.00011e+00  9.99984e-01
3.38664e+02  1.00009e+00  2.83829e-05  4.51701e-05  1.00012e+00  9.99983e-01
3.38768e+02  1.00009e+00  3.07977e-05  4.85164e-05  1.00013e+00  9.99982e-01
3.38873e+02  1.00010e+00  3.28732e-05  5.13275e-05  1.00014e+00  9.99982e-01
3.38978e+02  1.00010e+00  3.45869e-05  5.35734e-05  1.00014e+00  9.99981e-01
3.39083e+02  1.00011e+00  3.59204e-05  5.52301e-05  1.00015e+00  9.99981e-01
3.39187e+02  1.00011e+00  3.68593e-05  5.62801e-05  1.00015e+00  9.99981e-01
3.39292e+02  1.00011e+00  3.73938e-05  5.67125e-05  1.00015e+00  9.99981e-01
3.39397e+02  1.00011e+00  3.75183e-05  5.65234e-05  1.00015e+00  9.99981e-01
3.39501e+02  1.00011e+00  3.72319e-05  5.57155e-05  1.00015e+00  9.99982e-01
3.39606e+02  1.00011e+00  3.65380e-05  5.42983e-05  1.00015e+00  9.99982e-01
3.39711e+02  1.00011e+00  3.54446e-05  5.22881e-05  1.00014e+00  9.99983e-01
3.39816e+02  1.00010e+00  3.39640e-05  4.97076e-05  1.00013e+00  9.99984e-01
3.39920e+02  1.00010e+00  3.21129e-05  4.65856e-05  1.00013e+00  9.99986e-01
3.40025e+02  1.00009e+00  2.99117e-05  4.29571e-05  1.00012e+00  9.99987e-01
3.40130e+02  1.00008e+00  2.73850e-05  3.88622e-05  1.00011e+00  9.99989e-01
3.40234e+02  1.00007e+00  2.45608e-05  3.43465e-05  1.00009e+00  9.99990e-01
3.40339e+02  1.00006e+00  2.14701e-05  2.94598e-05  1.00008e+00  9.99992e-01
3.40444e+02  1.00005e+00  1.81472e-05  2.42561e-05  1.00007e+00  9.99994e-01
3.40549e+02  1.00004e+00  1.46285e-05  1.87927e-05  1.00005e+00  9.99996e-01
3.40653e+02  1.00003e+00  1.09529e-05  1.31298e-05  1.00004e+00  9.99998e-01
3.40758e+02  1.00002e+00  7.16075e-06  7.32969e-06  1.00002e+00  1.00000e+00
3.40863e+02  1.00001e+00  3.29358e-06  1.45592e-06  1.00001e+00  1.00000e+00
3.40968e+02  9.99998e-01  -6.06151e-07  -4.42707e-06  9.99991e-01  1.00000e+00
3.41072e+02  9.99986e-01  -4.49573e-06  -1.02549e-05  9.99975e-01  1.00001e+00
3.41177e+02  9.99975e-01  -8.33259e-06  -1.59637e-05  9.99960e-01  1.00001e+00
3.41282e+02  9.99963e-01  -1.20748e-05  -2.14912e-05  9.99945e-01  1.00001e+00
3.41386e+02  9.99953e-01  -1.56815e-05  -2.67772e-05  9.99931e-01  1.00001e+00
3.41491e+02  9.99942e-01  -1.91133e-05  -3.17639e-05  9.99917e-01  1.00001e+00
3.41596e+02  9.99933e-01  -2.23328e-05  -3.63973e-05  9.99905e-01  1.00001e+00
3.41701e+02  9.99924e-01  -2.53050e-05  -4.06269e-05  9.99893e-01  1.00002e+00
3.41805e+02  9.99916e-01  -2.79977e-05  -4.44069e-05  9.99883e-01  1.00002e+00
3.41910e+02  9.99909e-01  -3.03815e-05  -4.76965e-05  9.99874e-01  1.00002e+00
3.42015e+02  9.99903e-01  -3.24308e-05  -5.04603e-05  9.99867e-01  1.00002e+00
3.42119e+02  9.99898e-01  -3.41233e-05  -5.26686e-05  9.99861e-01  1.00002e+00
3.42224e+02  9.99894e-01  -3.54408e-05  -5.42978e-05  9.99856e-01  1.00002e+00
3.42329e+02  9.99891e-01  -3.63694e-05  -5.53307e-05  9.99853e-01  1.00002e+00
3.42434e+02  9.99890e-01  -3.68991e-05  -5.57569e-05  9.99852e-01  1.00002e+00
3.42538e+02  9.99889e-01  -3.70246e-05  -5.55722e-05  9.99852e-01  1.00002e+00
3.42643e+02  9.99890e-01  -3.67447e-05  -5.47793e-05  9.99854e-01  1.00002e+00
3.42748e+02  9.99892e-01  -3.60629e-05  -5.33877e-05  9.99857e-01  1.00002e+00
3.42852e+02  9.99896e-01  -3.49870e-05  -5.14132e-05  9.99862e-01  1.00002e+00
3.42957e+02  9.99900e-01  -3.35291e-05  -4.88781e-05  9.99869e-01  1.00002e+00
3.43062e+02  9.99905e-01  -3.17055e-05  -4.58106e-05  9.99877e-01  1.00001e+00
3.43167e+02  9.99912e-01  -2.95364e-05  -4.22451e-05  9.99886e-01  1.00001e+00
3.43271e+02  9.99919e-01  -2.70458e-05  -3.82210e-05  9.99897e-01  1.00001e+00
3.43376e+02  9.99928e-01  -2.42613e-05  -3.37829e-05  9.99908e-01  1.00001e+00
3.43481e+02  9.99937e-01  -2.12135e-05  -2.89798e-05  9.99921e-01  1.00001e+00
3.43586e+02  9.99947e-01  -1.79360e-05  -2.38647e-05  9.99934e-01  1.00001e+00
3.43690e+02  9.99957e-01  -1.44650e-05  -1.84939e-05  9.99949e-01  1.00000e+00
3.43795e+02  9.99968e-01  -1.08384e-05  -1.29264e-05  9.99963e-01  1.00000e+00
3.43900e+02  9.99979e-01  -7.09623e-06  -7.22355e-06  9.99978e-01  1.00000e+00
3.44004e+02  9.99991e-01  -3.27942e-06  -1.44778e-06  9.99994e-01  9.99998e-01
3.44109e+02  1.00000e+00  5.70143e-07  4.33756e-06  1.00001e+00  9.99996e-01
3.44214e+02  1.00001e+00  4.41030e-06  1.00691e-05  1.00002e+00  9.99994e-01
3.44319e+02  1.00002e+00  8.19901e-06  1.56842e-05  1.00004e+00  9.99993e-01
3.44423e+02  1.00004e+00  1.18948e-05  2.11214e-05  1.00005e+00  9.99991e-01
3.44528e+02  1.00005e+00  1.54574e-05  2.63214e-05  1.00007e+00  9.99989e-01
3.44633e+02  1.00006e+00  1.88477e-05  3.12276e-05  1.00008e+00  9.99988e-01
3.44737e+02  1.00007e+00  2.20289e-05  3.57864e-05  1.00009e+00  9.99986e-01
3.44842e+02  1.00007e+00  2.49662e-05  3.99484e-05  1.00010e+00  9.99985e-01
3.44947e+02  1.00008e+00  2.76277e-05  4.36684e-05  1.00011e+00  9.99984e-01
3.45052e+02  1.00009e+00  2.99844e-05  4.69061e-05  1.00012e+00  9.99983e-01
3.45156e+02  1.00010e+00  3.20109e-05  4.96266e-05  1.00013e+00  9.99982e-01
3.45261e+02  1.00010e+00  3.36851e-05  5.18006e-05  1.00014e+00  9.99982e-01
3.45366e+02  1.00010e+00  3.49890e-05  5.34050e-05  1.00014e+00  9.99982e-01
3.45470e+02  1.00011e+00  3.59086e-05  5.44227e-05  1.00014e+00  9.99981e-01
3.45575e+02  1.00011e+00  3.64343e-05  5.48433e-05  1.00015e+00  9.99982e-01
3.45680e+02  1.00011e+00  3.65605e-05  5.46628e-05  1.00015e+00  9.99982e-01
3.45785e+02  1.00011e+00  3.62862e-05  5.38839e-05  1.00014e+00  9.99982e-01
3.45889e+02  1.00011e+00  3.56149e-05  5.25158e-05  1.00014e+00  9.99983e-01
3.45994e+02  1.00010e+00  3.45541e-05  5.05740e-05  1.00014e+00  9.99984e-01
3.46099e+02  1.00010e+00  3.31158e-05  4.80806e-05  1.00013e+00  9.99985e-01
3.46204e+02  1.00009e+00  3.13161e-05  4.50634e-05  1.00012e+00  9.99986e-01
3.46308e+02  1.00009e+00  2.91751e-05  4.15560e-05  1.00011e+00  9.99988e-01
3.46413e+02  1.00008e+00  2.67164e-05  3.75975e-05  1.00010e+00  9.99989e-01
3.46518e+02  1.00007e+00  2.39674e-05  3.32316e-05  1.00009e+00  9.99991e-01
3.46622e+02  1.00006e+00  2.09583e-05  2.85068e-05  1.00008e+00  9.99992e-01
3.46727e+02  1.00005e+00  1.77224e-05  2.34750e-05  1.00006e+00  9.99994e-01
3.46832e+02  1.00004e+00  1.42952e-05  1.81919e-05  1.00005e+00  9.99996e-01
3.46937e+02  1.00003e+00  1.07145e-05  1.27154e-05  1.00004e+00  9.99998e-01
3.47041e+02  1.00002e+00  7.01968e-06  7.10584e-06  1.00002e+00  1.00000e+00
3.47146e+02  1.00001e+00  3.25119e-06  1.42474e-06  1.00001e+00  1.00000e+00
3.47251e+02  9.99998e-01  -5.49616e-07  -4.26559e-06  9.99991e-01  1.00000e+00
3.47355e+02  9.99987e-01  -4.34109e-06  -9.90286e-06  9.99976e-01  1.00001e+00
3.47460e+02  9.99975e-01  -8.08175e-06  -1.54254e-05  9.99961e-01  1.00001e+00
3.47565e+02  9.99965e-01  -1.17307e-05  -2.07729e-05  9.99947e-01  1.00001e+00
3.47670e+02  9.99954e-01  -1.52481e-05  -2.58870e-05  9.99933e-01  1.00001e+00
3.47774e+02  9.99944e-01  -1.85955e-05  -3.07120e-05  9.99920e-01  1.00001e+00
3.47879e+02  9.99935e-01  -2.17366e-05  -3.51954e-05  9.99908e-01  1.00001e+00
3.47984e+02  9.99926e-01  -2.46370e-05  -3.92885e-05  9.99897e-01  1.00001e+00
3.48088e+02  9.99918e-01  -2.72653e-05  -4.29469e-05  9.99887e-01  1.00002e+00
3.48193e+02  9.99911e-01  -2.95929e-05  -4.61311e-05  9.99878e-01  1.00002e+00
3.48298e+02  9.99905e-01  -3.15946e-05  -4.88068e-05  9.99871e-01  1.00002e+00
3.48403e+02  9.99900e-01  -3.32489e-05  -5.09453e-05  9.99865e-01  1.00002e+00
3.48507e+02  9.99897e-01  -3.45379e-05  -5.25237e-05  9.99860e-01  1.00002e+00
3.48612e+02  9.99894e-01  -3.54478e-05  -5.35254e-05  9.99858e-01  1.00002e+00
3.48717e+02  9.99892e-01  -3.59690e-05  -5.39400e-05  9.99856e-01  1.00002e+00
3.48822e+02  9.99892e-01  -3.60961e-05  -5.37637e-05  9.99856e-01  1.00002e+00
3.48926e+02  9.99893e-01  -3.58281e-05  -5.29991e-05  9.99858e-01  1.00002e+00
3.49031e+02  9.99895e-01  -3.51681e-05  -5.16551e-05  9.99862e-01  1.00002e+00
3.49136e+02  9.99898e-01  -3.41238e-05  -4.97471e-05  9.99866e-01  1.00002e+00
3.49240e+02  9.99902e-01  -3.27069e-05  -4.72965e-05  9.99873e-01  1.00001e+00
3.49345e+02  9.99908e-01  -3.09331e-05  -4.43309e-05  9.99880e-01  1.00001e+00
3.49450e+02  9.99914e-01  -2.88222e-05  -4.08831e-05  9.99889e-01  1.00001e+00
3.49555e+02  9.99921e-01  -2.63976e-05  -3.69914e-05  9.99900e-01  1.00001e+00
3.49659e+02  9.99929e-01  -2.36859e-05  -3.26990e-05  9.99911e-01  1.00001e+00
3.49764e+02  9.99938e-01  -2.07172e-05  -2.80531e-05  9.99923e-01  1.00001e+00
3.49869e+02  9.99948e-01  -1.75241e-05  -2.31051e-05  9.99936e-01  1.00001e+00
3.49973e+02  9.99958e-01  -1.41416e-05  -1.79095e-05  9.99950e-01  1.00000e+00
3.50078e+02  9.99969e-01  -1.06071e-05  -1.25232e-05  9.99964e-01  1.00000e+00
3.50183e+02  9.99980e-01  -6.95929e-06  -7.00564e-06  9.99979e-01  1.00000e+00
3.50288e+02  9.99991e-01  -3.23817e-06  -1.41720e-06  9.99994e-01  9.99998e-01
3.50392e+02  1.00000e+00  5.15446e-07  4.18081e-06  1.00001e+00  9.99996e-01
3.50497e+02  1.00001e+00  4.26044e-06  9.72709e-06  1.00002e+00  9.99995e-01
3.50602e+02  1.00002e+00  7.95581e-06  1.51610e-05  1.00004e+00  9.99993e-01
3.50706e+02  1.00003e+00  1.15611e-05  2.04231e-05  1.00005e+00  9.99991e-01
3.50811e+02  1.00005e+00  1.50370e-05  2.54559e-05  1.00007e+00  9.99990e-01
3.50916e+02  1.00006e+00  1.83455e-05  3.02047e-05  1.00008e+00  9.99988e-01
3.51021e+02  1.00006e+00  2.14504e-05  3.46176e-05  1.00009e+00  9.99987e-01
3.51125e+02  1.00007e+00  2.43180e-05  3.86468e-05  1.00010e+00  9.99986e-01
3.51230e+02  1.00008e+00  2.69170e-05  4.22484e-05  1.00011e+00  9.99985e-01
3.51335e+02  1.00009e+00  2.92192e-05  4.53836e-05  1.00012e+00  9.99984e-01
3.51439e+02  1.00009e+00  3.11995e-05  4.80183e-05  1.00013e+00  9.99983e-01
3.51544e+02  1.00010e+00  3.28366e-05  5.01244e-05  1.00013e+00  9.99983e-01
3.51649e+02  1.00010e+00  3.41128e-05  5.16793e-05  1.00014e+00  9.99982e-01
3.51754e+02  1.00010e+00  3.50143e-05  5.26666e-05  1.00014e+00  9.99982e-01
3.51858e+02  1.00011e+00  3.55317e-05  5.30760e-05  1.00014e+00  9.99982e-01
3.51963e+02  1.00011e+00  3.56596e-05  5.29038e-05  1.00014e+00  9.99983e-01
3.52068e+02  1.00011e+00  3.53969e-05  5.21523e-05  1.00014e+00  9.99983e-01
3.52173e+02  1.00010e+00  3.47467e-05  5.08305e-05  1.00014e+00  9.99984e-01
3.52277e+02  1.00010e+00  3.37166e-05  4.89535e-05  1.00013e+00  9.99985e-01
3.52382e+02  1.00010e+00  3.23182e-05  4.65424e-05  1.00013e+00  9.99986e-01
3.52487e+02  1.00009e+00  3.05670e-05  4.36242e-05  1.00012e+00  9.99987e-01
3.52591e+02  1.00008e+00  2.84825e-05  4.02315e-05  1.00011e+00  9.99988e-01
3.52696e+02  1.00008e+00  2.60880e-05  3.64019e-05  1.00010e+00  9.99990e-01
3.52801e+02  1.00007e+00  2.34097e-05  3.21778e-05  1.00009e+00  9.99991e-01
3.52906e+02  1.00006e+00  2.04774e-05  2.76060e-05  1.00008e+00  9.99993e-01
3.53010e+02  1.00005e+00  1.73233e-05  2.27368e-05  1.00006e+00  9.99995e-01
3.53115e+02  1.00004e+00  1.39822e-05  1.76240e-05  1.00005e+00  9.99996e-01
3.53220e+02  1.00003e+00  1.04909e-05  1.23239e-05  1.00004e+00  9.99998e-01
3.53324e+02  1.00002e+00  6.88759e-06  6.89452e-06  1.00002e+00  1.00000e+00
3.53429e+02  1.00001e+00  3.21193e-06  1.39563e-06  1.00001e+00  1.00000e+00
3.53534e+02  9.99998e-01  -4.95808e-07  -4.11252e-06  9.99991e-01  1.00000e+00
3.53639e+02  9.99987e-01  -4.19501e-06  -9.56963e-06  9.99977e-01  1.00001e+00
3.53743e+02  9.99976e-01  -7.84518e-06  -1.49160e-05  9.99962e-01  1.00001e+00
3.53848e+02  9.99966e-01  -1.14064e-05  -2.00932e-05  9.99948e-01  1.00001e+00
3.53953e+02  9.99955e-01  -1.48398e-05  -2.50448e-05  9.99935e-01  1.00001e+00
3.54057e+02  9.99946e-01  -1.81080e-05  -2.97168e-05  9.99922e-01  1.00001e+00
3.54162e+02  9.99936e-01  -2.11752e-05  -3.40584e-05  9.99911e-01  1.00001e+00
3.54267e+02  9.99928e-01  -2.40080e-05  -3.80224e-05  9.99900e-01  1.00001e+00
3.54372e+02  9.99920e-01  -2.65758e-05  -4.15658e-05  9.99890e-01  1.00001e+00
3.54476e+02  9.99914e-01  -2.88506e-05  -4.46504e-05  9.99882e-01  1.00002e+00
3.54581e+02  9.99908e-01  -3.08078e-05  -4.72428e-05  9.99875e-01  1.00002e+00
3.54686e+02  9.99903e-01  -3.24261e-05  -4.93153e-05  9.99869e-01  1.00002e+00
3.54791e+02  9.99899e-01  -3.36883e-05  -5.08456e-05  9.99865e-01  1.00002e+00
3.54895e+02  9.99897e-01  -3.45807e-05  -5.18177e-05  9.99862e-01  1.00002e+00
3.55000e+02  9.99895e-01  -3.50940e-05  -5.22215e-05  9.99860e-01  1.00002e+00
3.55105e+02  9.99895e-01  -3.52227e-05  -5.20532e-05  9.99861e-01  1.00002e+00
3.55209e+02  9.99895e-01  -3.49658e-05  -5.13152e-05  9.99862e-01  1.00002e+00
3.55314e+02  9.99897e-01  -3.43265e-05  -5.00163e-05  9.99866e-01  1.00002e+00
3.55419e+02  9.99900e-01  -3.33119e-05  -4.81712e-05  9.99870e-01  1.00001e+00
3.55524e+02  9.99905e-01  -3.19336e-05  -4.58007e-05  9.99876e-01  1.00001e+00
3.55628e+02  9.99910e-01  -3.02068e-05  -4.29313e-05  9.99884e-01  1.00001e+00
3.55733e+02  9.99916e-01  -2.81507e-05  -3.95949e-05  9.99893e-01  1.00001e+00
3.55838e+02  9.99923e-01  -2.57881e-05  -3.58286e-05  9.99903e-01  1.00001e+00
3.55942e+02  9.99931e-01  -2.31451e-05  -3.16739e-05  9.99914e-01  1.00001e+00
3.56047e+02  9.99940e-01  -2.02508e-05  -2.71769e-05  9.99925e-01  1.00001e+00
3.56152e+02  9.99949e-01  -1.71370e-05  -2.23870e-05  9.99938e-01  1.00001e+00
3.56257e+02  9.99959e-01  -1.38380e-05  -1.73570e-05  9.99951e-01  1.00000e+00
3.56361e+02  9.99969e-01  -1.03901e-05  -1.21422e-05  9.99965e-01  1.00000e+00
3.56466e+02  9.99980e-01  -6.83108e-06  -6.79986e-06  9.99980e-01  1.00000e+00
3.56571e+02  9.99991e-01  -3.20000e-06  -1.38865e-06  9.99994e-01  9.99998e-01
3.56675e+02  1.00000e+00  4.63336e-07  4.03213e-06  1.00001e+00  9.99996e-01
3.56780e+02  1.00001e+00  4.11879e-06  9.40314e-06  1.00002e+00  9.99995e-01
3.56885e+02  1.00002e+00  7.72636e-06  1.46656e-05  1.00004e+00  9.99993e-01
3.56990e+02  1.00003e+00  1.12466e-05  1.97620e-05  1.00005e+00  9.99991e-01
3.57094e+02  1.00004e+00  1.46409e-05  2.46367e-05  1.00006e+00  9.99990e-01
3.57199e+02  1.00005e+00  1.78724e-05  2.92366e-05  1.00008e+00  9.99989e-01
3.57304e+02  1.00006e+00  2.09056e-05  3.35115e-05  1.00009e+00  9.99987e-01
3.57409e+02  1.00007e+00  2.37076e-05  3.74150e-05  1.00010e+00  9.99986e-01
3.57513e+02  1.00008e+00  2.62479e-05  4.09047e-05  1.00011e+00  9.99985e-01
3.57618e+02  1.00009e+00  2.84987e-05  4.39428e-05  1.00012e+00  9.99985e-01
3.57723e+02  1.00009e+00  3.04358e-05  4.64965e-05  1.00012e+00  9.99984e-01
3.57827e+02  1.00010e+00  3.20380e-05  4.85383e-05  1.00013e+00  9.99983e-01
3.57932e+02  1.00010e+00  3.32881e-05  5.00464e-05  1.00013e+00  9.99983e-01
3.58037e+02  1.00010e+00  3.41727e-05  5.10049e-05  1.00014e+00  9.99983e-01
3.58142e+02  1.00010e+00  3.46824e-05  5.14037e-05  1.00014e+00  9.99983e-01
3.58246e+02  1.00010e+00  3.48119e-05  5.12392e-05  1.00014e+00  9.99984e-01
3.58351e+02  1.00010e+00  3.45601e-05  5.05138e-05  1.00014e+00  9.99984e-01
3.58456e+02  1.00010e+00  3.39300e-05  4.92359e-05  1.00013e+00  9.99985e-01
3.58560e+02  1.00010e+00  3.29289e-05  4.74201e-05  1.00013e+00  9.99986e-01
3.58665e+02  1.00009e+00  3.15679e-05  4.50869e-05  1.00012e+00  9.99986e-01
3.58770e+02  1.00009e+00  2.98624e-05  4.22625e-05  1.00011e+00  9.99988e-01
3.58875e+02  1.00008e+00  2.78313e-05  3.89783e-05  1.00011e+00  9.99989e-01
3.58979e+02  1.00008e+00  2.54970e-05  3.52706e-05  1.00010e+00  9.99990e-01
3.59084e+02  1.00007e+00  2.28854e-05  3.11807e-05  1.00009e+00  9.99992e-01
3.59189e+02  1.00006e+00  2.00254e-05  2.67537e-05  1.00007e+00  9.99993e-01
3.59293e+02  1.00005e+00  1.69484e-05  2.20385e-05  1.00006e+00  9.99995e-01
3.59398e+02  1.00004e+00  1.36883e-05  1.70870e-05  1.00005e+00  9.99997e-01
3.59503e+02  1.00003e+00  1.02810e-05  1.19536e-05  1.00003e+00  9.99998e-01
3.59608e+02  1.00002e+00  6.76394e-06  6.69487e-06  1.00002e+00  1.00000e+00
3.59712e+02  1.00001e+00  3.17564e-06  1.36844e-06  1.00001e+00  1.00000e+00
3.59817e+02  9.99998e-01  -4.44523e-07  -3.96729e-06  9.99992e-01  1.00000e+00
3.59922e+02  9.99988e-01  -4.05689e-06  -9.25388e-06  9.99977e-01  1.00001e+00
3.60027e+02  9.99977e-01  -7.62193e-06  -1.44335e-05  9.99964e-01  1.00001e+00
3.60131e+02  9.99967e-01  -1.11007e-05  -1.94496e-05  9.99950e-01  1.00001e+00
3.60236e+02  9.99956e-01  -1.44551e-05  -2.42474e-05  9.99937e-01  1.00001e+00
3.60341e+02  9.99947e-01  -1.76486e-05  -2.87746e-05  9.99925e-01  1.00001e+00
3.60445e+02  9.99938e-01  -2.06463e-05  -3.29819e-05  9.99913e-01  1.00001e+00
3.60550e+02  9.99930e-01  -2.34157e-05  -3.68237e-05  9.99903e-01  1.00001e+00
3.60655e+02  9.99922e-01  -2.59266e-05  -4.02583e-05  9.99894e-01  1.00001e+00
3.60760e+02  9.99916e-01  -2.81517e-05  -4.32485e-05  9.99885e-01  1.00002e+00
3.60864e+02  9.99910e-01  -3.00669e-05  -4.57622e-05  9.99878e-01  1.00002e+00
3.60969e+02  9.99905e-01  -3.16516e-05  -4.77721e-05  9.99873e-01  1.00002e+00
3.61074e+02  9.99902e-01  -3.28885e-05  -4.92570e-05  9.99869e-01  1.00002e+00
3.61178e+02  9.99899e-01  -3.37646e-05  -5.02011e-05  9.99866e-01  1.00002e+00
3.61283e+02  9.99897e-01  -3.42704e-05  -5.05946e-05  9.99865e-01  1.00002e+00
3.61388e+02  9.99897e-01  -3.44007e-05  -5.04339e-05  9.99865e-01  1.00002e+00
3.61493e+02  9.99898e-01  -3.41545e-05  -4.97212e-05  9.99866e-01  1.00002e+00
3.61597e+02  9.99900e-01  -3.35346e-05  -4.84649e-05  9.99870e-01  1.00001e+00
3.61702e+02  9.99903e-01  -3.25481e-05  -4.66794e-05  9.99874e-01  1.00001e+00
3.61807e+02  9.99907e-01  -3.12061e-05  -4.43847e-05  9.99880e-01  1.00001e+00
3.61911e+02  9.99912e-01  -2.95236e-05  -4.16064e-05  9.99887e-01  1.00001e+00
3.62016e+02  9.99918e-01  -2.75192e-05  -3.83756e-05  9.99896e-01  1.00001e+00
3.62121e+02  9.99925e-01  -2.52150e-05  -3.47279e-05  9.99905e-01  1.00001e+00
3.62226e+02  9.99933e-01  -2.26366e-05  -3.07037e-05  9.99916e-01  1.00001e+00
3.62330e+02  9.99941e-01  -1.98124e-05  -2.63475e-05  9.99927e-01  1.00001e+00
3.62435e+02  9.99950e-01  -1.67733e-05  -2.17073e-05  9.99940e-01  1.00000e+00
3.62540e+02  9.99960e-01  -1.35529e-05  -1.68342e-05  9.99953e-01  1.00000e+00
3.62645e+02  9.99970e-01  -1.01865e-05  -1.17817e-05  9.99966e-01  1.00000e+00
3.62749e+02  9.99980e-01  -6.71108e-06  -6.60537e-06  9.99980e-01  1.00000e+00
3.62854e+02  9.99991e-01  -3.16475e-06  -1.36198e-06  9.99994e-01  9.99998e-01
3.62959e+02  1.00000e+00  4.13617e-07  3.89101e-06  1.00001e+00  9.99997e-01
3.63063e+02  1.00001e+00  3.98481e-06  9.09605e-06  1.00002e+00  9.99995e-01
3.63168e+02  1.00002e+00  7.50974e-06  1.41962e-05  1.00004e+00  9.99993e-01
3.63273e+02  1.00003e+00  1.09498e-05  1.91357e-05  1.00005e+00  9.99992e-01
3.63378e+02  1.00004e+00  1.42675e-05  2.38607e-05  1.00006e+00  9.99990e-01
3.63482e+02  1.00005e+00  1.74265e-05  2.83196e-05  1.00007e+00  9.99989e-01
3.63587e+02  1.00006e+00  2.03923e-05  3.24638e-05  1.00009e+00  9.99988e-01
3.63692e+02  1.00007e+00  2.31327e-05  3.62483e-05  1.00010e+00  9.99987e-01
3.63796e+02  1.00008e+00  2.56177e-05  3.96320e-05  1.00010e+00  9.99986e-01
3.63901e+02  1.00008e+00  2.78203e-05  4.25782e-05  1.00011e+00  9.99985e-01
3.64006e+02  1.00009e+00  2.97166e-05  4.50552e-05  1.00012e+00  9.99985e-01
3.64111e+02  1.00009e+00  3.12861e-05  4.70361e-05  1.00013e+00  9.99984e-01
3.64215e+02  1.00010e+00  3.25117e-05  4.85000e-05  1.00013e+00  9.99984e-01
3.64320e+02  1.00010e+00  3.33805e-05  4.94312e-05  1.00013e+00  9.99984e-01
3.64425e+02  1.00010e+00  3.38830e-05  4.98200e-05  1.00013e+00  9.99984e-01
3.64529e+02  1.00010e+00  3.40141e-05  4.96629e-05  1.00013e+00  9.99984e-01
3.64634e+02  1.00010e+00  3.37726e-05  4.89621e-05  1.00013e+00  9.99985e-01
3.64739e+02  1.00010e+00  3.31614e-05  4.77257e-05  1.00013e+00  9.99985e-01
3.64844e+02  1.00010e+00  3.21876e-05  4.59680e-05  1.00012e+00  9.99986e-01
3.64948e+02  1.00009e+00  3.08621e-05  4.37087e-05  1.00012e+00  9.99987e-01
3.65053e+02  1.00009e+00  2.91996e-05  4.09731e-05  1.00011e+00  9.99988e-01
3.65158e+02  1.00008e+00  2.72187e-05  3.77915e-05  1.00010e+00  9.99989e-01
3.65263e+02  1.00007e+00  2.49412e-05  3.41995e-05  1.00009e+00  9.99991e-01
3.65367e+02  1.00007e+00  2.23925e-05  3.02367e-05  1.00008e+00  9.99992e-01
3.65472e+02  1.00006e+00  1.96005e-05  2.59469e-05  1.00007e+00  9.99994e-01
3.65577e+02  1.00005e+00  1.65961e-05  2.13774e-05  1.00006e+00  9.99995e-01
3.65681e+02  1.00004e+00  1.34123e-05  1.65786e-05  1.00005e+00  9.99997e-01
3.65786e+02  1.00003e+00  1.00842e-05  1.16033e-05  1.00003e+00  9.99998e-01
3.65891e+02  1.00002e+00  6.64821e-06  6.50611e-06  1.00002e+00  1.00000e+00
3.65996e+02  1.00001e+00  3.14215e-06  1.34302e-06  1.00001e+00  1.00000e+00
3.66100e+02  9.99999e-01  -3.95570e-07  -3.82939e-06  9.99992e-01  1.00000e+00
3.66205e+02  9.99988e-01  -3.92621e-06  -8.95446e-06  9.99978e-01  1.00001e+00
3.66310e+02  9.99978e-01  -7.41111e-06  -1.39761e-05  9.99965e-01  1.00001e+00
3.66414e+02  9.99967e-01  -1.08122e-05  -1.88396e-05  9.99952e-01  1.00001e+00
3.66519e+02  9.99958e-01  -1.40923e-05  -2.34916e-05  9.99939e-01  1.00001e+00
3.66624e+02  9.99948e-01  -1.72155e-05  -2.78817e-05  9.99927e-01  1.00001e+00
3.66729e+02  9.99940e-01  -2.01480e-05  -3.19619e-05  9.99916e-01  1.00001e+00
3.66833e+02  9.99931e-01  -2.28576e-05  -3.56880e-05  9.99906e-01  1.00001e+00
3.66938e+02  9.99924e-01  -2.53150e-05  -3.90195e-05  9.99897e-01  1.00001e+00
3.67043e+02  9.99918e-01  -2.74934e-05  -4.19204e-05  9.99889e-01  1.00001e+00
3.67147e+02  9.99912e-01  -2.93692e-05  -4.43593e-05  9.99882e-01  1.00001e+00
3.67252e+02  9.99907e-01  -3.09222e-05  -4.63101e-05  9.99876e-01  1.00002e+00
3.67357e+02  9.99904e-01  -3.21355e-05  -4.77520e-05  9.99872e-01  1.00002e+00
3.67462e+02  9.99901e-01  -3.29962e-05  -4.86695e-05  9.99870e-01  1.00002e+00
3.67566e+02  9.99900e-01  -3.34951e-05  -4.90534e-05  9.99868e-01  1.00002e+00
3.67671e+02  9.99899e-01  -3.36270e-05  -4.88998e-05  9.99869e-01  1.00002e+00
3.67776e+02  9.99900e-01  -3.33908e-05  -4.82111e-05  9.99870e-01  1.00001e+00
3.67880e+02  9.99902e-01  -3.27892e-05  -4.69953e-05  9.99873e-01  1.00001e+00
3.67985e+02  9.99905e-01  -3.18292e-05  -4.52662e-05  9.99878e-01  1.00001e+00
3.68090e+02  9.99909e-01  -3.05216e-05  -4.30433e-05  9.99883e-01  1.00001e+00
3.68195e+02  9.99914e-01  -2.88808e-05  -4.03514e-05  9.99890e-01  1.00001e+00
3.68299e+02  9.99920e-01  -2.69251e-05  -3.72205e-05  9.99899e-01  1.00001e+00
3.68404e+02  9.99926e-01  -2.46760e-05  -3.36852e-05  9.99908e-01  1.00001e+00
3.68509e+02  9.99934e-01  -2.21585e-05  -2.97847e-05  9.99918e-01  1.00001e+00
3.68614e+02  9.99942e-01  -1.94002e-05  -2.55620e-05  9.99929e-01  1.00001e+00
3.68718e+02  9.99951e-01  -1.64316e-05  -2.10637e-05  9.99941e-01  1.00000e+00
3.68823e+02  9.99961e-01  -1.32851e-05  -1.63392e-05  9.99954e-01  1.00000e+00
3.68928e+02  9.99970e-01  -9.99551e-06  -1.14405e-05  9.99967e-01  1.00000e+00
3.69032e+02  9.99981e-01  -6.59880e-06  -6.42144e-06  9.99981e-01  1.00000e+00
3.69137e+02  9.99991e-01  -3.13226e-06  -1.33705e-06  9.99994e-01  9.99998e-01
3.69242e+02  1.00000e+00  3.66111e-07  3.75693e-06  1.00001e+00  9.99997e-01
3.69347e+02  1.00001e+00  3.85799e-06  8.80471e-06  1.00002e+00  9.99995e-01
3.69451e+02  1.00002e+00  7.30514e-06  1.37511e-05  1.00003e+00  9.99994e-01
3.69556e+02  1.00003e+00  1.06699e-05  1.85419e-05  1.00005e+00  9.99992e-01
3.69661e+02  1.00004e+00  1.39154e-05  2.31250e-05  1.00006e+00  9.99991e-01
3.69765e+02  1.00005e+00  1.70062e-05  2.74503e-05  1.00007e+00  9.99990e-01
3.69870e+02  1.00006e+00  1.99086e-05  3.14707e-05  1.00008e+00  9.99988e-01
3.69975e+02  1.00007e+00  2.25909e-05  3.51425e-05  1.00009e+00  9.99987e-01
3.70080e+02  1.00007e+00  2.50239e-05  3.84257e-05  1.00010e+00  9.99987e-01
3.70184e+02  1.00008e+00  2.71812e-05  4.12849e-05  1.00011e+00  9.99986e-01
3.70289e+02  1.00009e+00  2.90392e-05  4.36891e-05  1.00012e+00  9.99985e-01
3.70394e+02  1.00009e+00  3.05779e-05  4.56124e-05  1.00012e+00  9.99985e-01
3.70498e+02  1.00010e+00  3.17807e-05  4.70343e-05  1.00013e+00  9.99985e-01
3.70603e+02  1.00010e+00  3.26345e-05  4.79397e-05  1.00013e+00  9.99985e-01
3.70708e+02  1.00010e+00  3.31303e-05  4.83191e-05  1.00013e+00  9.99985e-01
3.70813e+02  1.00010e+00  3.32630e-05  4.81690e-05  1.00013e+00  9.99985e-01
3.70917e+02  1.00010e+00  3.30313e-05  4.74915e-05  1.00013e+00  9.99986e-01
3.71022e+02  1.00010e+00  3.24380e-05  4.62946e-05  1.00013e+00  9.99986e-01
3.71127e+02  1.00009e+00  3.14900e-05  4.45919e-05  1.00012e+00  9.99987e-01
3.71232e+02  1.00009e+00  3.01979e-05  4.24025e-05  1.00012e+00  9.99988e-01
3.71336e+02  1.00009e+00  2.85760e-05  3.97511e-05  1.00011e+00  9.99989e-01
3.71441e+02  1.00008e+00  2.66424e-05  3.66670e-05  1.00010e+00  9.99990e-01
3.71546e+02  1.00007e+00  2.44185e-05  3.31845e-05  1.00009e+00  9.99991e-01
3.71650e+02  1.00007e+00  2.19289e-05  2.93421e-05  1.00008e+00  9.99993e-01
3.71755e+02  1.00006e+00  1.92011e-05  2.51823e-05  1.00007e+00  9.99994e-01
3.71860e+02  1.00005e+00  1.62650e-05  2.07510e-05  1.00006e+00  9.99996e-01
3.71965e+02  1.00004e+00  1.31531e-05  1.60970e-05  1.00005e+00  9.99997e-01
3.72069e+02  1.00003e+00  9.89949e-06  1.12715e-05  1.00003e+00  9.99999e-01
3.72174e+02  1.00002e+00  6.53995e-06  6.32750e-06  1.00002e+00  1.00000e+00
3.72279e+02  1.00001e+00  3.11133e-06  1.31925e-06  1.00001e+00  1.00000e+00
3.72383e+02  9.99999e-01  -3.48776e-07  -3.69833e-06  9.99992e-01  1.00000e+00
3.72488e+02  9.99988e-01  -3.80247e-06  -8.67030e-06  9.99979e-01  1.00000e+00
3.72593e+02  9.99978e-01  -7.21195e-06  -1.35423e-05  9.99966e-01  1.00001e+00
3.72698e+02  9.99968e-01  -1.05399e-05  -1.82610e-05  9.99953e-01  1.00001e+00
3.72802e+02  9.99959e-01  -1.37500e-05  -2.27750e-05  9.99941e-01  1.00001e+00
3.72907e+02  9.99950e-01  -1.68073e-05  -2.70350e-05  9.99929e-01  1.00001e+00
3.73012e+02  9.99941e-01  -1.96782e-05  -3.09947e-05  9.99918e-01  1.00001e+00
3.73116e+02  9.99933e-01  -2.23317e-05  -3.46111e-05  9.99908e-01  1.00001e+00
3.73221e+02  9.99926e-01  -2.47387e-05  -3.78448e-05  9.99900e-01  1.00001e+00
3.73326e+02  9.99920e-01  -2.68732e-05  -4.06610e-05  9.99892e-01  1.00001e+00
3.73431e+02  9.99914e-01  -2.87120e-05  -4.30292e-05  9.99885e-01  1.00001e+00
3.73535e+02  9.99909e-01  -3.02352e-05  -4.49240e-05  9.99880e-01  1.00001e+00
3.73640e+02  9.99906e-01  -3.14263e-05  -4.63250e-05  9.99876e-01  1.00001e+00
3.73745e+02  9.99903e-01  -3.22726e-05  -4.72174e-05  9.99873e-01  1.00001e+00
3.73850e+02  9.99902e-01  -3.27650e-05  -4.75921e-05  9.99872e-01  1.00001e+00
3.73954e+02  9.99902e-01  -3.28985e-05  -4.74454e-05  9.99872e-01  1.00001e+00
3.74059e+02  9.99902e-01  -3.26718e-05  -4.67794e-05  9.99874e-01  1.00001e+00
3.74164e+02  9.99904e-01  -3.20877e-05  -4.56019e-05  9.99877e-01  1.00001e+00
3.74268e+02  9.99907e-01  -3.11527e-05  -4.39264e-05  9.99881e-01  1.00001e+00
3.74373e+02  9.99911e-01  -2.98774e-05  -4.17716e-05  9.99887e-01  1.00001e+00
3.74478e+02  9.99916e-01  -2.82760e-05  -3.91617e-05  9.99893e-01  1.00001e+00
3.74583e+02  9.99921e-01  -2.63661e-05  -3.61255e-05  9.99901e-01  1.00001e+00
3.74687e+02  9.99928e-01  -2.41690e-05  -3.26969e-05  9.99910e-01  1.00001e+00
3.74792e+02  9.99935e-01  -2.17089e-05  -2.89136e-05  9.99920e-01  1.00001e+00
3.74897e+02  9.99943e-01  -1.90128e-05  -2.48175e-05  9.99931e-01  1.00001e+00
3.75001e+02  9.99952e-01  -1.61104e-05  -2.04536e-05  9.99943e-01  1.00000e+00
3.75106e+02  9.99961e-01  -1.30337e-05  -1.58701e-05  9.99955e-01  1.00000e+00
3.75211e+02  9.99971e-01  -9.81638e-06  -1.11173e-05  9.99968e-01  1.00000e+00
3.75316e+02  9.99981e-01  -6.49380e-06  -6.24735e-06  9.99981e-01  1.00000e+00
3.75420e+02  9.99991e-01  -3.10240e-06  -1.31375e-06  9.99994e-01  9.99998e-01
3.75525e+02  1.00000e+00  3.20652e-07  3.62946e-06  1.00001e+00  9.99997e-01
3.75630e+02  1.00001e+00  3.73785e-06  8.52812e-06  1.00002e+00  9.99995e-01
3.75734e+02  1.00002e+00  7.11179e-06  1.33286e-05  1.00003e+00  9.99994e-01
3.75839e+02  1.00003e+00  1.04056e-05  1.79786e-05  1.00005e+00  9.99992e-01
3.75944e+02  1.00004e+00  1.35831e-05  2.24271e-05  1.00006e+00  9.99991e-01
3.76049e+02  1.00005e+00  1.66098e-05  2.66257e-05  1.00007e+00  9.99990e-01
3.76153e+02  1.00006e+00  1.94525e-05  3.05287e-05  1.00008e+00  9.99989e-01
3.76258e+02  1.00007e+00  2.20803e-05  3.40935e-05  1.00009e+00  9.99988e-01
3.76363e+02  1.00007e+00  2.44644e-05  3.72815e-05  1.00010e+00  9.99987e-01
3.76468e+02  1.00008e+00  2.65790e-05  4.00582e-05  1.00011e+00  9.99987e-01
3.76572e+02  1.00009e+00  2.84011e-05  4.23934e-05  1.00011e+00  9.99986e-01
3.76677e+02  1.00009e+00  2.99109e-05  4.42621e-05  1.00012e+00  9.99986e-01
3.76782e+02  1.00009e+00  3.10921e-05  4.56442e-05  1.00012e+00  9.99985e-01
3.76886e+02  1.00010e+00  3.19320e-05  4.65251e-05  1.00012e+00  9.99985e-01
3.76991e+02  1.00010e+00  3.24216e-05  4.68956e-05  1.00013e+00  9.99986e-01
3.77096e+02  1.00010e+00  3.25558e-05  4.67521e-05  1.00013e+00  9.99986e-01
3.77201e+02  1.00010e+00  3.23334e-05  4.60968e-05  1.00012e+00  9.99986e-01
3.77305e+02  1.00009e+00  3.17571e-05  4.49373e-05  1.00012e+00  9.99987e-01
3.77410e+02  1.00009e+00  3.08334e-05  4.32868e-05  1.00012e+00  9.99988e-01
3.77515e+02  1.00009e+00  2.95728e-05  4.11639e-05  1.00011e+00  9.99988e-01
3.77619e+02  1.00008e+00  2.79892e-05  3.85922e-05  1.00011e+00  9.99989e-01
3.77724e+02  1.00008e+00  2.61002e-05  3.56005e-05  1.00010e+00  9.99990e-01
3.77829e+02  1.00007e+00  2.39268e-05  3.22219e-05  1.00009e+00  9.99992e-01
3.77934e+02  1.00006e+00  2.14930e-05  2.84938e-05  1.00008e+00  9.99993e-01
3.78038e+02  1.00006e+00  1.88256e-05  2.44574e-05  1.00007e+00  9.99994e-01
3.78143e+02  1.00005e+00  1.59539e-05  2.01572e-05  1.00006e+00  9.99996e-01
3.78248e+02  1.00004e+00  1.29097e-05  1.56406e-05  1.00004e+00  9.99997e-01
3.78352e+02  1.00003e+00  9.72631e-06  1.09571e-05  1.00003e+00  9.99999e-01
3.78457e+02  1.00002e+00  6.43874e-06  6.15840e-06  1.00002e+00  1.00000e+00
3.78562e+02  1.00001e+00  3.08305e-06  1.29703e-06  1.00001e+00  1.00000e+00
3.78667e+02  9.99999e-01  -3.03976e-07  -3.57369e-06  9.99993e-01  1.00000e+00
3.78771e+02  9.99989e-01  -3.68523e-06  -8.40042e-06  9.99980e-01  1.00000e+00
3.78876e+02  9.99979e-01  -7.02370e-06  -1.31304e-05  9.99967e-01  1.00001e+00
3.78981e+02  9.99969e-01  -1.02829e-05  -1.77118e-05  9.99954e-01  1.00001e+00
3.79086e+02  9.99960e-01  -1.34272e-05  -2.20948e-05  9.99942e-01  1.00001e+00
3.79190e+02  9.99951e-01  -1.64222e-05  -2.62315e-05  9.99931e-01  1.00001e+00
3.79295e+02  9.99942e-01  -1.92353e-05  -3.00769e-05  9.99921e-01  1.00001e+00
3.79400e+02  9.99935e-01  -2.18359e-05  -3.35892e-05  9.99911e-01  1.00001e+00
3.79504e+02  9.99928e-01  -2.41956e-05  -3.67303e-05  9.99902e-01  1.00001e+00
3.79609e+02  9.99921e-01  -2.62888e-05  -3.94661e-05  9.99895e-01  1.00001e+00
3.79714e+02  9.99916e-01  -2.80928e-05  -4.17672e-05  9.99888e-01  1.00001e+00
3.79819e+02  9.99911e-01  -2.95880e-05  -4.36088e-05  9.99883e-01  1.00001e+00
3.79923e+02  9.99908e-01  -3.07583e-05  -4.49711e-05  9.99879e-01  1.00001e+00
3.80028e+02  9.99905e-01  -3.15911e-05  -4.58397e-05  9.99877e-01  1.00001e+00
3.80133e+02  9.99904e-01  -3.20776e-05  -4.62057e-05  9.99876e-01  1.00001e+00
3.80237e+02  9.99904e-01  -3.22126e-05  -4.60655e-05  9.99876e-01  1.00001e+00
3.80342e+02  9.99904e-01  -3.19950e-05  -4.54211e-05  9.99877e-01  1.00001e+00
3.80447e+02  9.99906e-01  -3.14273e-05  -4.42800e-05  9.99880e-01  1.00001e+00
3.80552e+02  9.99909e-01  -3.05159e-05  -4.26553e-05  9.99884e-01  1.00001e+00
3.80656e+02  9.99913e-01  -2.92712e-05  -4.05652e-05  9.99890e-01  1.00001e+00
3.80761e+02  9.99917e-01  -2.77069e-05  -3.80330e-05  9.99896e-01  1.00001e+00
3.80866e+02  9.99923e-01  -2.58403e-05  -3.50868e-05  9.99904e-01  1.00001e+00
3.80970e+02  9.99929e-01  -2.36922e-05  -3.17593e-05  9.99913e-01  1.00001e+00
3.81075e+02  9.99937e-01  -2.12861e-05  -2.80873e-05  9.99923e-01  1.00001e+00
3.81180e+02  9.99944e-01  -1.86486e-05  -2.41113e-05  9.99933e-01  1.00001e+00
3.81285e+02  9.99953e-01  -1.58087e-05  -1.98751e-05  9.99944e-01  1.00000e+00
3.81389e+02  9.99962e-01  -1.27976e-05  -1.54253e-05  9.99956e-01  1.00000e+00
3.81494e+02  9.99971e-01  -9.64845e-06  -1.08109e-05  9.99969e-01  1.00000e+00
3.81599e+02  9.99981e-01  -6.39569e-06  -6.08249e-06  9.99981e-01  1.00000e+00
3.81704e+02  9.99991e-01  -3.07504e-06  -1.29196e-06  9.99994e-01  9.99998e-01
3.81808e+02  1.00000e+00  2.77088e-07  3.50816e-06  1.00001e+00  9.99997e-01
3.81913e+02  1.00001e+00  3.62398e-06  8.26532e-06  1.00002e+00  9.99995e-01
3.82018e+02  1.00002e+00  6.92900e-06  1.29275e-05  1.00003e+00  9.99994e-01
3.82122e+02  1.00003e+00  1.01560e-05  1.74436e-05  1.00005e+00  9.99993e-01
3.82227e+02  1.00004e+00  1.32696e-05  2.17645e-05  1.00006e+00  9.99992e-01
3.82332e+02  1.00005e+00  1.62359e-05  2.58429e-05  1.00007e+00  9.99990e-01
3.82437e+02  1.00006e+00  1.90225e-05  2.96344e-05  1.00008e+00  9.99989e-01
3.82541e+02  1.00006e+00  2.15989e-05  3.30978e-05  1.00009e+00  9.99989e-01
3.82646e+02  1.00007e+00  2.39371e-05  3.61955e-05  1.00010e+00  9.99988e-01
3.82751e+02  1.00008e+00  2.60116e-05  3.88938e-05  1.00010e+00  9.99987e-01
3.82855e+02  1.00008e+00  2.77999e-05  4.11636e-05  1.00011e+00  9.99987e-01
3.82960e+02  1.00009e+00  2.92826e-05  4.29804e-05  1.00012e+00  9.99986e-01
3.83065e+02  1.00009e+00  3.04436e-05  4.43248e-05  1.00012e+00  9.99986e-01
3.83170e+02  1.00009e+00  3.12704e-05  4.51825e-05  1.00012e+00  9.99986e-01
3.83274e+02  1.00009e+00  3.17542e-05  4.55445e-05  1.00012e+00  9.99986e-01
3.83379e+02  1.00010e+00  3.18900e-05  4.54074e-05  1.00012e+00  9.99986e-01
3.83484e+02  1.00009e+00  3.16764e-05  4.47731e-05  1.00012e+00  9.99987e-01
3.83588e+02  1.00009e+00  3.11161e-05  4.36492e-05  1.00012e+00  9.99987e-01
3.83693e+02  1.00009e+00  3.02155e-05  4.20482e-05  1.00011e+00  9.99988e-01
3.83798e+02  1.00009e+00  2.89845e-05  3.99883e-05  1.00011e+00  9.99989e-01
3.83903e+02  1.00008e+00  2.74371e-05  3.74925e-05  1.00010e+00  9.99990e-01
3.84007e+02  1.00008e+00  2.55902e-05  3.45885e-05  1.00009e+00  9.99991e-01
3.84112e+02  1.00007e+00  2.34644e-05  3.13086e-05  1.00009e+00  9.99992e-01
3.84217e+02  1.00006e+00  2.10831e-05  2.76890e-05  1.00008e+00  9.99993e-01
3.84322e+02  1.00006e+00  1.84727e-05  2.37696e-05  1.00007e+00  9.99995e-01
3.84426e+02  1.00005e+00  1.56617e-05  1.95938e-05  1.00005e+00  9.99996e-01
3.84531e+02  1.00004e+00  1.26812e-05  1.52076e-05  1.00004e+00  9.99997e-01
3.84636e+02  1.00003e+00  9.56400e-06  1.06590e-05  1.00003e+00  9.99999e-01
3.84740e+02  1.00002e+00  6.34421e-06  5.99821e-06  1.00002e+00  1.00000e+00
3.84845e+02  1.00001e+00  3.05719e-06  1.27626e-06  1.00001e+00  1.00000e+00
3.84950e+02  9.99999e-01  -2.61023e-07  -3.45506e-06  9.99993e-01  1.00000e+00
3.85055e+02  9.99989e-01  -3.57407e-06  -8.14393e-06  9.99980e-01  1.00000e+00
3.85159e+02  9.99979e-01  -6.84570e-06  -1.27391e-05  9.99968e-01  1.00001e+00
3.85264e+02  9.99970e-01  -1.00401e-05  -1.71902e-05  9.99956e-01  1.00001e+00
3.85369e+02  9.99961e-01  -1.31224e-05  -2.14489e-05  9.99944e-01  1.00001e+00
3.85473e+02  9.99952e-01  -1.60590e-05  -2.54685e-05  9.99933e-01  1.00001e+00
3.85578e+02  9.99944e-01  -1.88177e-05  -2.92054e-05  9.99923e-01  1.00001e+00
3.85683e+02  9.99936e-01  -2.13686e-05  -3.26189e-05  9.99913e-01  1.00001e+00
3.85788e+02  9.99929e-01  -2.36838e-05  -3.56720e-05  9.99905e-01  1.00001e+00
3.85892e+02  9.99923e-01  -2.57382e-05  -3.83316e-05  9.99898e-01  1.00001e+00
3.85997e+02  9.99918e-01  -2.75094e-05  -4.05690e-05  9.99891e-01  1.00001e+00
3.86102e+02  9.99913e-01  -2.89784e-05  -4.23601e-05  9.99886e-01  1.00001e+00
3.86206e+02  9.99910e-01  -3.01292e-05  -4.36857e-05  9.99882e-01  1.00001e+00
3.86311e+02  9.99907e-01  -3.09494e-05  -4.45317e-05  9.99880e-01  1.00001e+00
3.86416e+02  9.99906e-01  -3.14303e-05  -4.48895e-05  9.99879e-01  1.00001e+00
3.86521e+02  9.99906e-01  -3.15669e-05  -4.47554e-05  9.99879e-01  1.00001e+00
3.86625e+02  9.99906e-01  -3.13578e-05  -4.41315e-05  9.99880e-01  1.00001e+00
3.86730e+02  9.99908e-01  -3.08056e-05  -4.30251e-05  9.99883e-01  1.00001e+00
3.86835e+02  9.99911e-01  -2.99166e-05  -4.14487e-05  9.99887e-01  1.00001e+00
3.86939e+02  9.99914e-01  -2.87008e-05  -3.94199e-05  9.99892e-01  1.00001e+00
3.87044e+02  9.99919e-01  -2.71715e-05  -3.69615e-05  9.99899e-01  1.00001e+00
3.87149e+02  9.99924e-01  -2.53458e-05  -3.41008e-05  9.99906e-01  1.00001e+00
3.87254e+02  9.99931e-01  -2.32438e-05  -3.08694e-05  9.99915e-01  1.00001e+00
3.87358e+02  9.99938e-01  -2.08887e-05  -2.73030e-05  9.99925e-01  1.00001e+00
3.87463e+02  9.99945e-01  -1.83064e-05  -2.34411e-05  9.99935e-01  1.00001e+00
3.87568e+02  9.99954e-01  -1.55254e-05  -1.93261e-05  9.99946e-01  1.00000e+00
3.87673e+02  9.99963e-01  -1.25761e-05  -1.50033e-05  9.99957e-01  1.00000e+00
3.87777e+02  9.99972e-01  -9.49110e-06  -1.05203e-05  9.99969e-01  1.00000e+00
3.87882e+02  9.99981e-01  -6.30409e-06  -5.92627e-06  9.99982e-01  1.00000e+00
3.87987e+02  9.99991e-01  -3.05008e-06  -1.27160e-06  9.99994e-01  9.99998e-01
3.88091e+02  1.00000e+00  2.35274e-07  3.39267e-06  1.00001e+00  9.99997e-01
3.88196e+02  1.00001e+00  3.51598e-06  8.01546e-06  1.00002e+00  9.99996e-01
3.88301e+02  1.00002e+00  6.75612e-06  1.25462e-05  1.00003e+00  9.99994e-01
3.88406e+02  1.00003e+00  9.92025e-06  1.69354e-05  1.00004e+00  9.99993e-01
3.88510e+02  1.00004e+00  1.29737e-05  2.11350e-05  1.00006e+00  9.99992e-01
3.88615e+02  1.00005e+00  1.58833e-05  2.50993e-05  1.00007e+00  9.99991e-01
3.88720e+02  1.00006e+00  1.86170e-05  2.87850e-05  1.00008e+00  9.99990e-01
3.88824e+02  1.00006e+00  2.11451e-05  3.21521e-05  1.00009e+00  9.99989e-01
3.88929e+02  1.00007e+00  2.34401e-05  3.51640e-05  1.00009e+00  9.99988e-01
3.89034e+02  1.00008e+00  2.54770e-05  3.77879e-05  1.00010e+00  9.99988e-01
3.89139e+02  1.00008e+00  2.72335e-05  3.99956e-05  1.00011e+00  9.99987e-01
3.89243e+02  1.00009e+00  2.86907e-05  4.17632e-05  1.00011e+00  9.99987e-01
3.89348e+02  1.00009e+00  2.98328e-05  4.30718e-05  1.00012e+00  9.99987e-01
3.89453e+02  1.00009e+00  3.06474e-05  4.39075e-05  1.00012e+00  9.99987e-01
3.89557e+02  1.00009e+00  3.11259e-05  4.42615e-05  1.00012e+00  9.99987e-01
3.89662e+02  1.00009e+00  3.12632e-05  4.41304e-05  1.00012e+00  9.99987e-01
3.89767e+02  1.00009e+00  3.10580e-05  4.35162e-05  1.00012e+00  9.99988e-01
3.89872e+02  1.00009e+00  3.05129e-05  4.24259e-05  1.00012e+00  9.99988e-01
3.89976e+02  1.00009e+00  2.96340e-05  4.08721e-05  1.00011e+00  9.99989e-01
3.90081e+02  1.00008e+00  2.84311e-05  3.88721e-05  1.00011e+00  9.99990e-01
3.90186e+02  1.00008e+00  2.69177e-05  3.64483e-05  1.00010e+00  9.99990e-01
3.90291e+02  1.00007e+00  2.51105e-05  3.36276e-05  1.00009e+00  9.99991e-01
3.90395e+02  1.00007e+00  2.30296e-05  3.04414e-05  1.00008e+00  9.99993e-01
3.90500e+02  1.00006e+00  2.06979e-05  2.69248e-05  1.00007e+00  9.99994e-01
3.90605e+02  1.00005e+00  1.81411e-05  2.31167e-05  1.00006e+00  9.99995e-01
3.90709e+02  1.00005e+00  1.53873e-05  1.90591e-05  1.00005e+00  9.99996e-01
3.90814e+02  1.00004e+00  1.24669e-05  1.47966e-05  1.00004e+00  9.99998e-01
3.90919e+02  1.00003e+00  9.41197e-06  1.03762e-05  1.00003e+00  9.99999e-01
3.91024e+02  1.00002e+00  6.25600e-06  5.84636e-06  1.00002e+00  1.00000e+00
3.91128e+02  1.00001e+00  3.03365e-06  1.25684e-06  1.00001e+00  1.00000e+00
3.91233e+02  9.99999e-01  -2.19774e-07  -3.34207e-06  9.99993e-01  1.00000e+00
3.91338e+02  9.99989e-01  -3.46862e-06  -7.89999e-06  9.99981e-01  1.00000e+00
3.91442e+02  9.99980e-01  -6.67734e-06  -1.23671e-05  9.99969e-01  1.00001e+00
3.91547e+02  9.99971e-01  -9.81082e-06  -1.66945e-05  9.99957e-01  1.00001e+00
3.91652e+02  9.99961e-01  -1.28348e-05  -2.08350e-05  9.99945e-01  1.00001e+00
3.91757e+02  9.99953e-01  -1.57163e-05  -2.47435e-05  9.99935e-01  1.00001e+00
3.91861e+02  9.99945e-01  -1.84239e-05  -2.83773e-05  9.99925e-01  1.00001e+00
3.91966e+02  9.99937e-01  -2.09280e-05  -3.16970e-05  9.99916e-01  1.00001e+00
3.92071e+02  9.99931e-01  -2.32014e-05  -3.46666e-05  9.99907e-01  1.00001e+00
3.92175e+02  9.99925e-01  -2.52193e-05  -3.72537e-05  9.99900e-01  1.00001e+00
3.92280e+02  9.99919e-01  -2.69599e-05  -3.94306e-05  9.99894e-01  1.00001e+00
3.92385e+02  9.99915e-01  -2.84042e-05  -4.11738e-05  9.99889e-01  1.00001e+00
3.92490e+02  9.99912e-01  -2.95366e-05  -4.24645e-05  9.99886e-01  1.00001e+00
3.92594e+02  9.99909e-01  -3.03451e-05  -4.32892e-05  9.99883e-01  1.00001e+00
3.92699e+02  9.99908e-01  -3.08209e-05  -4.36391e-05  9.99882e-01  1.00001e+00
3.92804e+02  9.99907e-01  -3.09590e-05  -4.35110e-05  9.99882e-01  1.00001e+00
3.92909e+02  9.99908e-01  -3.07581e-05  -4.29066e-05  9.99883e-01  1.00001e+00
3.93013e+02  9.99910e-01  -3.02207e-05  -4.18330e-05  9.99886e-01  1.00001e+00
3.93118e+02  9.99912e-01  -2.93528e-05  -4.03025e-05  9.99890e-01  1.00001e+00
3.93223e+02  9.99916e-01  -2.81641e-05  -3.83321e-05  9.99895e-01  1.00001e+00
3.93327e+02  9.99920e-01  -2.66679e-05  -3.59438e-05  9.99901e-01  1.00001e+00
3.93432e+02  9.99926e-01  -2.48807e-05  -3.31643e-05  9.99909e-01  1.00001e+00
3.93537e+02  9.99932e-01  -2.28222e-05  -3.00242e-05  9.99917e-01  1.00001e+00
3.93642e+02  9.99939e-01  -2.05152e-05  -2.65582e-05  9.99926e-01  1.00001e+00
3.93746e+02  9.99946e-01  -1.79849e-05  -2.28046e-05  9.99936e-01  1.00000e+00
3.93851e+02  9.99954e-01  -1.52594e-05  -1.88048e-05  9.99947e-01  1.00000e+00
3.93956e+02  9.99963e-01  -1.23684e-05  -1.46027e-05  9.99958e-01  1.00000e+00
3.94060e+02  9.99972e-01  -9.34378e-06  -1.02445e-05  9.99970e-01  1.00000e+00
3.94165e+02  9.99982e-01  -6.21869e-06  -5.77817e-06  9.99982e-01  1.00000e+00
3.94270e+02  9.99991e-01  -3.02742e-06  -1.25258e-06  9.99994e-01  9.99998e-01
3.94375e+02  1.00000e+00  1.95079e-07  3.28262e-06  1.00001e+00  9.99997e-01
3.94479e+02  1.00001e+00  3.41349e-06  7.77776e-06  1.00002e+00  9.99996e-01
3.94584e+02  1.00002e+00  6.59258e-06  1.21837e-05  1.00003e+00  9.99994e-01
3.94689e+02  1.00003e+00  9.69756e-06  1.64521e-05  1.00004e+00  9.99993e-01
3.94793e+02  1.00004e+00  1.26945e-05  2.05366e-05  1.00005e+00  9.99992e-01
3.94898e+02  1.00005e+00  1.55506e-05  2.43925e-05  1.00006e+00  9.99991e-01
3.95003e+02  1.00005e+00  1.82346e-05  2.79777e-05  1.00007e+00  9.99990e-01
3.95108e+02  1.00006e+00  2.07174e-05  3.12533e-05  1.00008e+00  9.99989e-01
3.95212e+02  1.00007e+00  2.29718e-05  3.41837e-05  1.00009e+00  9.99989e-01
3.95317e+02  1.00007e+00  2.49732e-05  3.67370e-05  1.00010e+00  9.99988e-01
3.95422e+02  1.00008e+00  2.67000e-05  3.88857e-05  1.00010e+00  9.99988e-01
3.95527e+02  1.00008e+00  2.81333e-05  4.06065e-05  1.00011e+00  9.99988e-01
3.95631e+02  1.00009e+00  2.92576e-05  4.18811e-05  1.00011e+00  9.99987e-01
3.95736e+02  1.00009e+00  3.00608e-05  4.26959e-05  1.00012e+00  9.99987e-01
3.95841e+02  1.00009e+00  3.05343e-05  4.30423e-05  1.00012e+00  9.99987e-01
3.95945e+02  1.00009e+00  3.06732e-05  4.29170e-05  1.00012e+00  9.99988e-01
3.96050e+02  1.00009e+00  3.04760e-05  4.23218e-05  1.00012e+00  9.99988e-01
3.96155e+02  1.00009e+00  2.99452e-05  4.12636e-05  1.00011e+00  9.99989e-01
3.96260e+02  1.00009e+00  2.90869e-05  3.97545e-05  1.00011e+00  9.99989e-01
3.96364e+02  1.00008e+00  2.79105e-05  3.78115e-05  1.00010e+00  9.99990e-01
3.96469e+02  1.00008e+00  2.64293e-05  3.54561e-05  1.00010e+00  9.99991e-01
3.96574e+02  1.00007e+00  2.46596e-05  3.27146e-05  1.00009e+00  9.99992e-01
3.96678e+02  1.00007e+00  2.26209e-05  2.96174e-05  1.00008e+00  9.99993e-01
3.96783e+02  1.00006e+00  2.03359e-05  2.61988e-05  1.00007e+00  9.99994e-01
3.96888e+02  1.00005e+00  1.78297e-05  2.24964e-05  1.00006e+00  9.99995e-01
3.96993e+02  1.00005e+00  1.51298e-05  1.85511e-05  1.00005e+00  9.99997e-01
3.97097e+02  1.00004e+00  1.22660e-05  1.44064e-05  1.00004e+00  9.99998e-01
3.97202e+02  1.00003e+00  9.26969e-06  1.01077e-05  1.00003e+00  9.99999e-01
3.97307e+02  1.00002e+00  6.17382e-06  5.70237e-06  1.00002e+00  1.00000e+00
3.97411e+02  1.00001e+00  3.01234e-06  1.23870e-06  1.00001e+00  1.00000e+00
3.97516e+02  9.99999e-01  -1.80099e-07  -3.23437e-06  9.99993e-01  1.00000e+00
3.97621e+02  9.99990e-01  -3.36853e-06  -7.66785e-06  9.99981e-01  1.00000e+00
3.97726e+02  9.99980e-01  -6.51805e-06  -1.20132e-05  9.99969e-01  1.00001e+00
3.97830e+02  9.99971e-01  -9.59420e-06  -1.62231e-05  9.99958e-01  1.00001e+00
3.97935e+02  9.99962e-01  -1.25634e-05  -2.02513e-05  9.99947e-01  1.00001e+00
3.98040e+02  9.99954e-01  -1.53931e-05  -2.40541e-05  9.99936e-01  1.00001e+00
3.98145e+02  9.99946e-01  -1.80526e-05  -2.75900e-05  9.99927e-01  1.00001e+00
3.98249e+02  9.99939e-01  -2.05127e-05  -3.08206e-05  9.99918e-01  1.00001e+00
3.98354e+02  9.99932e-01  -2.27468e-05  -3.37107e-05  9.99910e-01  1.00001e+00
3.98459e+02  9.99926e-01  -2.47305e-05  -3.62291e-05  9.99903e-01  1.00001e+00
3.98563e+02  9.99921e-01  -2.64422e-05  -3.83485e-05  9.99897e-01  1.00001e+00
3.98668e+02  9.99917e-01  -2.78634e-05  -4.00461e-05  9.99892e-01  1.00001e+00
3.98773e+02  9.99913e-01  -2.89788e-05  -4.13038e-05  9.99888e-01  1.00001e+00
3.98878e+02  9.99911e-01  -2.97762e-05  -4.21081e-05  9.99886e-01  1.00001e+00
3.98982e+02  9.99910e-01  -3.02472e-05  -4.24506e-05  9.99885e-01  1.00001e+00
3.99087e+02  9.99909e-01  -3.03869e-05  -4.23281e-05  9.99885e-01  1.00001e+00
3.99192e+02  9.99910e-01  -3.01938e-05  -4.17423e-05  9.99886e-01  1.00001e+00
3.99296e+02  9.99911e-01  -2.96703e-05  -4.07000e-05  9.99889e-01  1.00001e+00
3.99401e+02  9.99914e-01  -2.88224e-05  -3.92131e-05  9.99893e-01  1.00001e+00
3.99506e+02  9.99917e-01  -2.76595e-05  -3.72982e-05  9.99898e-01  1.00001e+00
3.99611e+02  9.99922e-01  -2.61944e-05  -3.49766e-05  9.99904e-01  1.00001e+00
3.99715e+02  9.99927e-01  -2.44435e-05  -3.22742e-05  9.99911e-01  1.00001e+00
3.99820e+02  9.99933e-01  -2.24261e-05  -2.92209e-05  9.99919e-01  1.00001e+00
3.99925e+02  9.99940e-01  -2.01643e-05  -2.58504e-05  9.99928e-01  1.00001e+00
4.00029e+02  9.99947e-01  -1.76831e-05  -2.21999e-05  9.99938e-01  1.00000e+00
4.00134e+02  9.99955e-01  -1.50098e-05  -1.83095e-05  9.99948e-01  1.00000e+00
4.00239e+02  9.99964e-01  -1.21737e-05  -1.42221e-05  9.99959e-01  1.00000e+00
4.00344e+02  9.99973e-01  -9.20598e-06  -9.98268e-06  9.99971e-01  1.00000e+00
4.00448e+02  9.99982e-01  -6.13919e-06  -5.63769e-06  9.99983e-01  9.99999e-01
4.00553e+02  9.99991e-01  -3.00696e-06  -1.23481e-06  9.99995e-01  9.99998e-01
4.00658e+02  1.00000e+00  1.56376e-07  3.17768e-06  1.00001e+00  9.99997e-01
4.00763e+02  1.00001e+00  3.31617e-06  7.55147e-06  1.00002e+00  9.99996e-01
4.00867e+02  1.00002e+00  6.43782e-06  1.18387e-05  1.00003e+00  9.99995e-01
4.00972e+02  1.00003e+00  9.48717e-06  1.59925e-05  1.00004e+00  9.99993e-01
4.01077e+02  1.00004e+00  1.24309e-05  1.99674e-05  1.00005e+00  9.99992e-01
4.01181e+02  1.00005e+00  1.52367e-05  2.37202e-05  1.00006e+00  9.99992e-01
4.01286e+02  1.00005e+00  1.78741e-05  2.72099e-05  1.00007e+00  9.99991e-01
4.01391e+02  1.00006e+00  2.03142e-05  3.03986e-05  1.00008e+00  9.99990e-01
4.01496e+02  1.00007e+00  2.25305e-05  3.32515e-05  1.00009e+00  9.99989e-01
4.01600e+02  1.00007e+00  2.44987e-05  3.57377e-05  1.00010e+00  9.99989e-01
4.01705e+02  1.00008e+00  2.61975e-05  3.78303e-05  1.00010e+00  9.99988e-01
4.01810e+02  1.00008e+00  2.76084e-05  3.95067e-05  1.00011e+00  9.99988e-01
4.01914e+02  1.00009e+00  2.87161e-05  4.07490e-05  1.00011e+00  9.99988e-01
4.02019e+02  1.00009e+00  2.95087e-05  4.15439e-05  1.00011e+00  9.99988e-01
4.02124e+02  1.00009e+00  2.99776e-05  4.18831e-05  1.00011e+00  9.99988e-01
4.02229e+02  1.00009e+00  3.01180e-05  4.17633e-05  1.00011e+00  9.99988e-01
4.02333e+02  1.00009e+00  2.99285e-05  4.11862e-05  1.00011e+00  9.99989e-01
4.02438e+02  1.00009e+00  2.94113e-05  4.01586e-05  1.00011e+00  9.99989e-01
4.02543e+02  1.00009e+00  2.85724e-05  3.86921e-05  1.00011e+00  9.99990e-01
4.02647e+02  1.00008e+00  2.74211e-05  3.68032e-05  1.00010e+00  9.99991e-01
4.02752e+02  1.00008e+00  2.59702e-05  3.45129e-05  1.00009e+00  9.99991e-01
4.02857e+02  1.00007e+00  2.42358e-05  3.18468e-05  1.00009e+00  9.99992e-01
4.02962e+02  1.00007e+00  2.22370e-05  2.88343e-05  1.00008e+00  9.99993e-01
4.03066e+02  1.00006e+00  1.99960e-05  2.55087e-05  1.00007e+00  9.99994e-01
4.03171e+02  1.00005e+00  1.75374e-05  2.19069e-05  1.00006e+00  9.99996e-01
4.03276e+02  1.00004e+00  1.48883e-05  1.80684e-05  1.00005e+00  9.99997e-01
4.03380e+02  1.00004e+00  1.20777e-05  1.40356e-05  1.00004e+00  9.99998e-01
4.03485e+02  1.00003e+00  9.13667e-06  9.85270e-06  1.00003e+00  9.99999e-01
4.03590e+02  1.00002e+00  6.09738e-06  5.56575e-06  1.00002e+00  1.00000e+00
4.03695e+02  1.00001e+00  2.99319e-06  1.22176e-06  1.00001e+00  1.00000e+00
4.03799e+02  9.99999e-01  -1.41873e-07  -3.13164e-06  9.99994e-01  1.00000e+00
4.03904e+02  9.99990e-01  -3.27346e-06  -7.44680e-06  9.99982e-01  1.00000e+00
4.04009e+02  9.99981e-01  -6.36730e-06  -1.16765e-05  9.99970e-01  1.00001e+00
4.04114e+02  9.99972e-01  -9.38954e-06  -1.57745e-05  9.99959e-01  1.00001e+00
4.04218e+02  9.99963e-01  -1.23072e-05  -1.96960e-05  9.99948e-01  1.00001e+00
4.04323e+02  9.99955e-01  -1.50883e-05  -2.33983e-05  9.99938e-01  1.00001e+00
4.04428e+02  9.99947e-01  -1.77025e-05  -2.68411e-05  9.99929e-01  1.00001e+00
4.04532e+02  9.99940e-01  -2.01214e-05  -2.99869e-05  9.99920e-01  1.00001e+00
4.04637e+02  9.99933e-01  -2.23185e-05  -3.28016e-05  9.99912e-01  1.00001e+00
4.04742e+02  9.99927e-01  -2.42701e-05  -3.52545e-05  9.99905e-01  1.00001e+00
4.04847e+02  9.99922e-01  -2.59548e-05  -3.73193e-05  9.99899e-01  1.00001e+00
4.04951e+02  9.99918e-01  -2.73543e-05  -3.89736e-05  9.99895e-01  1.00001e+00
4.05056e+02  9.99915e-01  -2.84536e-05  -4.01998e-05  9.99891e-01  1.00001e+00
4.05161e+02  9.99913e-01  -2.92408e-05  -4.09848e-05  9.99889e-01  1.00001e+00
4.05265e+02  9.99911e-01  -2.97075e-05  -4.13203e-05  9.99888e-01  1.00001e+00
4.05370e+02  9.99911e-01  -2.98487e-05  -4.12032e-05  9.99888e-01  1.00001e+00
4.05475e+02  9.99911e-01  -2.96630e-05  -4.06350e-05  9.99889e-01  1.00001e+00
4.05580e+02  9.99913e-01  -2.91528e-05  -3.96225e-05  9.99892e-01  1.00001e+00
4.05684e+02  9.99915e-01  -2.83237e-05  -3.81771e-05  9.99895e-01  1.00001e+00
4.05789e+02  9.99919e-01  -2.71851e-05  -3.63150e-05  9.99900e-01  1.00001e+00
4.05894e+02  9.99923e-01  -2.57495e-05  -3.40569e-05  9.99906e-01  1.00001e+00
4.05998e+02  9.99928e-01  -2.40329e-05  -3.14280e-05  9.99913e-01  1.00001e+00
4.06103e+02  9.99934e-01  -2.20541e-05  -2.84572e-05  9.99921e-01  1.00001e+00
4.06208e+02  9.99941e-01  -1.98350e-05  -2.51775e-05  9.99930e-01  1.00001e+00
4.06313e+02  9.99948e-01  -1.74000e-05  -2.16249e-05  9.99939e-01  1.00000e+00
4.06417e+02  9.99956e-01  -1.47758e-05  -1.78387e-05  9.99950e-01  1.00000e+00
4.06522e+02  9.99964e-01  -1.19914e-05  -1.38605e-05  9.99960e-01  1.00000e+00
4.06627e+02  9.99973e-01  -9.07724e-06  -9.73395e-06  9.99971e-01  1.00000e+00
4.06732e+02  9.99982e-01  -6.06531e-06  -5.50440e-06  9.99983e-01  9.99999e-01
4.06836e+02  9.99991e-01  -2.98864e-06  -1.21824e-06  9.99995e-01  9.99998e-01
4.06941e+02  1.00000e+00  1.19044e-07  3.07755e-06  1.00001e+00  9.99997e-01
4.07046e+02  1.00001e+00  3.22370e-06  7.33591e-06  1.00002e+00  9.99996e-01
4.07150e+02  1.00002e+00  6.29135e-06  1.15103e-05  1.00003e+00  9.99995e-01
4.07255e+02  1.00003e+00  9.28840e-06  1.55550e-05  1.00004e+00  9.99994e-01
4.07360e+02  1.00004e+00  1.21821e-05  1.94258e-05  1.00005e+00  9.99993e-01
4.07465e+02  1.00004e+00  1.49408e-05  2.30806e-05  1.00006e+00  9.99992e-01
4.07569e+02  1.00005e+00  1.75343e-05  2.64794e-05  1.00007e+00  9.99991e-01
4.07674e+02  1.00006e+00  1.99344e-05  2.95853e-05  1.00008e+00  9.99990e-01
4.07779e+02  1.00007e+00  2.21148e-05  3.23646e-05  1.00009e+00  9.99990e-01
4.07883e+02  1.00007e+00  2.40519e-05  3.47869e-05  1.00009e+00  9.99989e-01
4.07988e+02  1.00008e+00  2.57244e-05  3.68262e-05  1.00010e+00  9.99989e-01
4.08093e+02  1.00008e+00  2.71143e-05  3.84604e-05  1.00010e+00  9.99989e-01
4.08198e+02  1.00008e+00  2.82065e-05  3.96720e-05  1.00011e+00  9.99989e-01
4.08302e+02  1.00009e+00  2.89892e-05  4.04480e-05  1.00011e+00  9.99989e-01
4.08407e+02  1.00009e+00  2.94540e-05  4.07804e-05  1.00011e+00  9.99989e-01
4.08512e+02  1.00009e+00  2.95959e-05  4.06658e-05  1.00011e+00  9.99989e-01
4.08616e+02  1.00009e+00  2.94137e-05  4.01060e-05  1.00011e+00  9.99989e-01
4.08721e+02  1.00009e+00  2.89094e-05  3.91075e-05  1.00011e+00  9.99990e-01
4.08826e+02  1.00008e+00  2.80889e-05  3.76815e-05  1.00010e+00  9.99990e-01
4.08931e+02  1.00008e+00  2.69612e-05  3.58441e-05  1.00010e+00  9.99991e-01
4.09035e+02  1.00008e+00  2.55389e-05  3.36158e-05  1.00009e+00  9.99992e-01
4.09140e+02  1.00007e+00  2.38378e-05  3.10214e-05  1.00009e+00  9.99993e-01
4.09245e+02  1.00007e+00  2.18767e-05  2.80895e-05  1.00008e+00  9.99994e-01
4.09350e+02  1.00006e+00  1.96771e-05  2.48525e-05  1.00007e+00  9.99995e-01
4.09454e+02  1.00005e+00  1.72633e-05  2.13463e-05  1.00006e+00  9.99996e-01
4.09559e+02  1.00004e+00  1.46620e-05  1.76095e-05  1.00005e+00  9.99997e-01
4.09664e+02  1.00004e+00  1.19016e-05  1.36831e-05  1.00004e+00  9.99998e-01
4.09768e+02  1.00003e+00  9.01250e-06  9.61042e-06  1.00003e+00  9.99999e-01
4.09873e+02  1.00002e+00  6.02643e-06  5.43610e-06  1.00002e+00  1.00000e+00
4.09978e+02  1.00001e+00  2.97612e-06  1.20597e-06  1.00001e+00  1.00000e+00
4.10083e+02  1.00000e+00  -1.04974e-07  -3.03359e-06  9.99994e-01  1.00000e+00
4.10187e+02  9.99990e-01  -3.18312e-06  -7.23617e-06  9.99982e-01  1.00000e+00
4.10292e+02  9.99981e-01  -6.22462e-06  -1.13558e-05  9.99971e-01  1.00001e+00
4.10397e+02  9.99972e-01  -9.19619e-06  -1.53474e-05  9.99960e-01  1.00001e+00
4.10501e+02  9.99964e-01  -1.20654e-05  -1.91674e-05  9.99950e-01  1.00001e+00
4.10606e+02  9.99956e-01  -1.48008e-05  -2.27741e-05  9.99940e-01  1.00001e+00
4.10711e+02  9.99948e-01  -1.73726e-05  -2.61284e-05  9.99930e-01  1.00001e+00
4.10816e+02  9.99941e-01  -1.97527e-05  -2.91935e-05  9.99922e-01  1.00001e+00
4.10920e+02  9.99934e-01  -2.19152e-05  -3.19363e-05  9.99914e-01  1.00001e+00
4.11025e+02  9.99929e-01  -2.38366e-05  -3.43271e-05  9.99908e-01  1.00001e+00
4.11130e+02  9.99924e-01  -2.54960e-05  -3.63399e-05  9.99902e-01  1.00001e+00
4.11234e+02  9.99920e-01  -2.68753e-05  -3.79531e-05  9.99897e-01  1.00001e+00
4.11339e+02  9.99916e-01  -2.79596e-05  -3.91493e-05  9.99894e-01  1.00001e+00
4.11444e+02  9.99914e-01  -2.87373e-05  -3.99159e-05  9.99891e-01  1.00001e+00
4.11549e+02  9.99913e-01  -2.91999e-05  -4.02448e-05  9.99890e-01  1.00001e+00
4.11653e+02  9.99912e-01  -2.93427e-05  -4.01328e-05  9.99890e-01  1.00001e+00
4.11758e+02  9.99913e-01  -2.91642e-05  -3.95816e-05  9.99892e-01  1.00001e+00
4.11863e+02  9.99914e-01  -2.86665e-05  -3.85974e-05  9.99894e-01  1.00001e+00
4.11968e+02  9.99917e-01  -2.78552e-05  -3.71915e-05  9.99898e-01  1.00001e+00
4.12072e+02  9.99920e-01  -2.67395e-05  -3.53797e-05  9.99903e-01  1.00001e+00
4.12177e+02  9.99924e-01  -2.53317e-05  -3.31820e-05  9.99908e-01  1.00001e+00
4.12282e+02  9.99929e-01  -2.36473e-05  -3.06229e-05  9.99915e-01  1.00001e+00
4.12386e+02  9.99935e-01  -2.17050e-05  -2.77308e-05  9.99923e-01  1.00001e+00
4.12491e+02  9.99942e-01  -1.95261e-05  -2.45374e-05  9.99931e-01  1.00001e+00
4.12596e+02  9.99949e-01  -1.71346e-05  -2.10782e-05  9.99941e-01  1.00000e+00
4.12701e+02  9.99957e-01  -1.45568e-05  -1.73911e-05  9.99951e-01  1.00000e+00
4.12805e+02  9.99965e-01  -1.18209e-05  -1.35167e-05  9.99961e-01  1.00000e+00
4.12910e+02  9.99973e-01  -8.95716e-06  -9.49759e-06  9.99972e-01  1.00000e+00
4.13015e+02  9.99982e-01  -5.99683e-06  -5.37789e-06  9.99983e-01  9.99999e-01
4.13119e+02  9.99991e-01  -2.97240e-06  -1.20280e-06  9.99995e-01  9.99998e-01
4.13224e+02  1.00000e+00  8.29634e-08  2.98192e-06  1.00001e+00  9.99997e-01
4.13329e+02  1.00001e+00  3.13581e-06  7.13046e-06  1.00002e+00  9.99996e-01
4.13434e+02  1.00002e+00  6.15270e-06  1.11974e-05  1.00003e+00  9.99995e-01
4.13538e+02  1.00003e+00  9.10062e-06  1.51383e-05  1.00004e+00  9.99994e-01
4.13643e+02  1.00004e+00  1.19473e-05  1.89101e-05  1.00005e+00  9.99993e-01
4.13748e+02  1.00004e+00  1.46617e-05  2.24716e-05  1.00006e+00  9.99992e-01
4.13852e+02  1.00005e+00  1.72141e-05  2.57840e-05  1.00007e+00  9.99991e-01
4.13957e+02  1.00006e+00  1.95766e-05  2.88112e-05  1.00008e+00  9.99991e-01
4.14062e+02  1.00006e+00  2.17235e-05  3.15203e-05  1.00008e+00  9.99990e-01
4.14167e+02  1.00007e+00  2.36313e-05  3.38820e-05  1.00009e+00  9.99990e-01
4.14271e+02  1.00008e+00  2.52793e-05  3.58705e-05  1.00010e+00  9.99989e-01
4.14376e+02  1.00008e+00  2.66496e-05  3.74646e-05  1.00010e+00  9.99989e-01
4.14481e+02  1.00008e+00  2.77273e-05  3.86469e-05  1.00011e+00  9.99989e-01
4.14586e+02  1.00009e+00  2.85008e-05  3.94051e-05  1.00011e+00  9.99989e-01
4.14690e+02  1.00009e+00  2.89617e-05  3.97310e-05  1.00011e+00  9.99989e-01
4.14795e+02  1.00009e+00  2.91052e-05  3.96214e-05  1.00011e+00  9.99989e-01
4.14900e+02  1.00009e+00  2.89299e-05  3.90781e-05  1.00011e+00  9.99990e-01
4.15004e+02  1.00009e+00  2.84379e-05  3.81072e-05  1.00010e+00  9.99990e-01
4.15109e+02  1.00008e+00  2.76347e-05  3.67199e-05  1.00010e+00  9.99991e-01
4.15214e+02  1.00008e+00  2.65294e-05  3.49316e-05  1.00010e+00  9.99992e-01
4.15319e+02  1.00008e+00  2.51341e-05  3.27623e-05  1.00009e+00  9.99992e-01
4.15423e+02  1.00007e+00  2.34644e-05  3.02360e-05  1.00008e+00  9.99993e-01
4.15528e+02  1.00006e+00  2.15386e-05  2.73808e-05  1.00008e+00  9.99994e-01
4.15633e+02  1.00006e+00  1.93781e-05  2.42283e-05  1.00007e+00  9.99995e-01
4.15737e+02  1.00005e+00  1.70066e-05  2.08131e-05  1.00006e+00  9.99996e-01
4.15842e+02  1.00004e+00  1.44502e-05  1.71730e-05  1.00005e+00  9.99997e-01
4.15947e+02  1.00004e+00  1.17370e-05  1.33480e-05  1.00004e+00  9.99998e-01
4.16052e+02  1.00003e+00  8.89678e-06  9.38017e-06  1.00003e+00  1.00000e+00
4.16156e+02  1.00002e+00  5.96076e-06  5.31305e-06  1.00002e+00  1.00000e+00
4.16261e+02  1.00001e+00  2.96111e-06  1.19130e-06  1.00001e+00  1.00000e+00
4.16366e+02  1.00000e+00  -6.92697e-08  -2.93992e-06  9.99994e-01  1.00000e+00
4.16470e+02  9.99991e-01  -3.09720e-06  -7.03535e-06  9.99983e-01  1.00000e+00
4.16575e+02  9.99982e-01  -6.08953e-06  -1.10502e-05  9.99972e-01  1.00000e+00
4.16680e+02  9.99973e-01  -9.01352e-06  -1.49405e-05  9.99961e-01  1.00001e+00
4.16785e+02  9.99965e-01  -1.18372e-05  -1.86639e-05  9.99951e-01  1.00001e+00
4.16889e+02  9.99957e-01  -1.45297e-05  -2.21797e-05  9.99941e-01  1.00001e+00
4.16994e+02  9.99949e-01  -1.70617e-05  -2.54496e-05  9.99932e-01  1.00001e+00
4.17099e+02  9.99942e-01  -1.94055e-05  -2.84381e-05  9.99924e-01  1.00001e+00
4.17204e+02  9.99936e-01  -2.15356e-05  -3.11126e-05  9.99916e-01  1.00001e+00
4.17308e+02  9.99930e-01  -2.34287e-05  -3.34441e-05  9.99910e-01  1.00001e+00
4.17413e+02  9.99925e-01  -2.50644e-05  -3.54075e-05  9.99904e-01  1.00001e+00
4.17518e+02  9.99921e-01  -2.64248e-05  -3.69816e-05  9.99900e-01  1.00001e+00
4.17622e+02  9.99918e-01  -2.74952e-05  -3.81494e-05  9.99896e-01  1.00001e+00
4.17727e+02  9.99915e-01  -2.82640e-05  -3.88985e-05  9.99894e-01  1.00001e+00
4.17832e+02  9.99914e-01  -2.87230e-05  -3.92211e-05  9.99893e-01  1.00001e+00
4.17937e+02  9.99914e-01  -2.88673e-05  -3.91141e-05  9.99893e-01  1.00001e+00
4.18041e+02  9.99914e-01  -2.86956e-05  -3.85789e-05  9.99894e-01  1.00001e+00
4.18146e+02  9.99916e-01  -2.82098e-05  -3.76217e-05  9.99897e-01  1.00001e+00
4.18251e+02  9.99918e-01  -2.74155e-05  -3.62535e-05  9.99900e-01  1.00001e+00
4.18355e+02  9.99921e-01  -2.63214e-05  -3.44895e-05  9.99905e-01  1.00001e+00
4.18460e+02  9.99925e-01  -2.49398e-05  -3.23494e-05  9.99910e-01  1.00001e+00
4.18565e+02  9.99930e-01  -2.32859e-05  -2.98569e-05  9.99917e-01  1.00001e+00
4.18670e+02  9.99936e-01  -2.13778e-05  -2.70395e-05  9.99925e-01  1.00001e+00
4.18774e+02  9.99943e-01  -1.92368e-05  -2.39285e-05  9.99933e-01  1.00000e+00
4.18879e+02  9.99950e-01  -1.68862e-05  -2.05580e-05  9.99942e-01  1.00000e+00
4.18984e+02  9.99957e-01  -1.43519e-05  -1.69653e-05  9.99952e-01  1.00000e+00
4.19088e+02  9.99965e-01  -1.16618e-05  -1.31898e-05  9.99962e-01  1.00000e+00
4.19193e+02  9.99974e-01  -8.84540e-06  -9.27295e-06  9.99973e-01  1.00000e+00
4.19298e+02  9.99982e-01  -5.93356e-06  -5.25784e-06  9.99984e-01  9.99999e-01
4.19403e+02  9.99991e-01  -2.95822e-06  -1.18848e-06  9.99995e-01  9.99998e-01
4.19507e+02  1.00000e+00  4.80020e-08  2.89053e-06  1.00001e+00  9.99997e-01
4.19612e+02  1.00001e+00  3.05219e-06  6.93452e-06  1.00002e+00  9.99996e-01
4.19717e+02  1.00002e+00  6.02143e-06  1.08992e-05  1.00003e+00  9.99995e-01
4.19821e+02  1.00003e+00  8.92324e-06  1.47413e-05  1.00004e+00  9.99994e-01
4.19926e+02  1.00004e+00  1.17259e-05  1.84188e-05  1.00005e+00  9.99993e-01
4.20031e+02  1.00004e+00  1.43987e-05  2.18915e-05  1.00006e+00  9.99993e-01
4.20136e+02  1.00005e+00  1.69125e-05  2.51217e-05  1.00007e+00  9.99992e-01
4.20240e+02  1.00006e+00  1.92398e-05  2.80740e-05  1.00008e+00  9.99991e-01
4.20345e+02  1.00006e+00  2.13552e-05  3.07164e-05  1.00008e+00  9.99991e-01
4.20450e+02  1.00007e+00  2.32357e-05  3.30203e-05  1.00009e+00  9.99990e-01
4.20555e+02  1.00007e+00  2.48608e-05  3.49606e-05  1.00009e+00  9.99990e-01
4.20659e+02  1.00008e+00  2.62128e-05  3.65164e-05  1.00010e+00  9.99990e-01
4.20764e+02  1.00008e+00  2.72770e-05  3.76710e-05  1.00010e+00  9.99990e-01
4.20869e+02  1.00008e+00  2.80419e-05  3.84121e-05  1.00010e+00  9.99990e-01
4.20973e+02  1.00009e+00  2.84994e-05  3.87319e-05  1.00011e+00  9.99990e-01
4.21078e+02  1.00009e+00  2.86445e-05  3.86272e-05  1.00011e+00  9.99990e-01
4.21183e+02  1.00009e+00  2.84758e-05  3.80995e-05  1.00010e+00  9.99990e-01
4.21288e+02  1.00008e+00  2.79954e-05  3.71551e-05  1.00010e+00  9.99991e-01
4.21392e+02  1.00008e+00  2.72087e-05  3.58045e-05  1.00010e+00  9.99991e-01
4.21497e+02  1.00008e+00  2.61244e-05  3.40630e-05  1.00009e+00  9.99992e-01
4.21602e+02  1.00007e+00  2.47546e-05  3.19498e-05  1.00009e+00  9.99993e-01
4.21706e+02  1.00007e+00  2.31145e-05  2.94886e-05  1.00008e+00  9.99994e-01
4.21811e+02  1.00006e+00  2.12221e-05  2.67065e-05  1.00007e+00  9.99995e-01
4.21916e+02  1.00006e+00  1.90983e-05  2.36343e-05  1.00007e+00  9.99995e-01
4.22021e+02  1.00005e+00  1.67665e-05  2.03058e-05  1.00006e+00  9.99996e-01
4.22125e+02  1.00004e+00  1.42524e-05  1.67578e-05  1.00005e+00  9.99997e-01
4.22230e+02  1.00003e+00  1.15835e-05  1.30293e-05  1.00004e+00  9.99999e-01
4.22335e+02  1.00003e+00  8.78925e-06  9.16135e-06  1.00003e+00  1.00000e+00
4.22439e+02  1.00002e+00  5.90025e-06  5.19632e-06  1.00002e+00  1.00000e+00
4.22544e+02  1.00001e+00  2.94819e-06  1.17775e-06  1.00001e+00  1.00000e+00
4.22649e+02  1.00000e+00  -3.45747e-08  -2.85029e-06  9.99994e-01  1.00000e+00
4.22754e+02  9.99991e-01  -3.01537e-06  -6.84371e-06  9.99983e-01  1.00000e+00
4.22858e+02  9.99982e-01  -5.96157e-06  -1.07588e-05  9.99973e-01  1.00000e+00
4.22963e+02  9.99974e-01  -8.84093e-06  -1.45528e-05  9.99962e-01  1.00001e+00
4.23068e+02  9.99965e-01  -1.16220e-05  -1.81842e-05  9.99952e-01  1.00001e+00
4.23173e+02  9.99957e-01  -1.42743e-05  -2.16134e-05  9.99942e-01  1.00001e+00
4.23277e+02  9.99950e-01  -1.67690e-05  -2.48031e-05  9.99934e-01  1.00001e+00
4.23382e+02  9.99943e-01  -1.90788e-05  -2.77185e-05  9.99925e-01  1.00001e+00
4.23487e+02  9.99937e-01  -2.11785e-05  -3.03280e-05  9.99918e-01  1.00001e+00
4.23591e+02  9.99931e-01  -2.30453e-05  -3.26033e-05  9.99912e-01  1.00001e+00
4.23696e+02  9.99926e-01  -2.46588e-05  -3.45196e-05  9.99906e-01  1.00001e+00
4.23801e+02  9.99922e-01  -2.60016e-05  -3.60565e-05  9.99902e-01  1.00001e+00
4.23906e+02  9.99919e-01  -2.70590e-05  -3.71972e-05  9.99899e-01  1.00001e+00
4.24010e+02  9.99917e-01  -2.78197e-05  -3.79298e-05  9.99896e-01  1.00001e+00
4.24115e+02  9.99915e-01  -2.82754e-05  -3.82465e-05  9.99895e-01  1.00001e+00
4.24220e+02  9.99915e-01  -2.84214e-05  -3.81442e-05  9.99895e-01  1.00001e+00
4.24324e+02  9.99916e-01  -2.82562e-05  -3.76243e-05  9.99896e-01  1.00001e+00
4.24429e+02  9.99917e-01  -2.77817e-05  -3.66930e-05  9.99899e-01  1.00001e+00
4.24534e+02  9.99919e-01  -2.70034e-05  -3.53607e-05  9.99902e-01  1.00001e+00
4.24639e+02  9.99922e-01  -2.59298e-05  -3.36423e-05  9.99907e-01  1.00001e+00
4.24743e+02  9.99927e-01  -2.45728e-05  -3.15570e-05  9.99912e-01  1.00001e+00
4.24848e+02  9.99931e-01  -2.29475e-05  -2.91278e-05  9.99919e-01  1.00001e+00
4.24953e+02  9.99937e-01  -2.10718e-05  -2.63818e-05  9.99926e-01  1.00001e+00
4.25057e+02  9.99943e-01  -1.89663e-05  -2.33491e-05  9.99934e-01  1.00000e+00
4.25162e+02  9.99950e-01  -1.66542e-05  -2.00632e-05  9.99943e-01  1.00000e+00
4.25267e+02  9.99958e-01  -1.41609e-05  -1.65603e-05  9.99953e-01  1.00000e+00
4.25372e+02  9.99966e-01  -1.15137e-05  -1.28789e-05  9.99963e-01  1.00000e+00
4.25476e+02  9.99974e-01  -8.74172e-06  -9.05945e-06  9.99973e-01  1.00000e+00
4.25581e+02  9.99982e-01  -5.87537e-06  -5.14390e-06  9.99984e-01  9.99999e-01
4.25686e+02  9.99991e-01  -2.94607e-06  -1.17518e-06  9.99995e-01  9.99998e-01
4.25791e+02  1.00000e+00  1.40851e-08  2.80320e-06  1.00001e+00  9.99997e-01
4.25895e+02  1.00001e+00  2.97266e-06  6.74767e-06  1.00002e+00  9.99996e-01
4.26000e+02  1.00002e+00  5.89727e-06  1.06151e-05  1.00003e+00  9.99995e-01
4.26105e+02  1.00003e+00  8.75590e-06  1.43631e-05  1.00004e+00  9.99994e-01
4.26209e+02  1.00003e+00  1.15173e-05  1.79508e-05  1.00005e+00  9.99994e-01
4.26314e+02  1.00004e+00  1.41512e-05  2.13391e-05  1.00006e+00  9.99993e-01
4.26419e+02  1.00005e+00  1.66289e-05  2.44909e-05  1.00007e+00  9.99992e-01
4.26524e+02  1.00006e+00  1.89232e-05  2.73719e-05  1.00007e+00  9.99992e-01
4.26628e+02  1.00006e+00  2.10093e-05  2.99509e-05  1.00008e+00  9.99991e-01
4.26733e+02  1.00007e+00  2.28642e-05  3.21997e-05  1.00009e+00  9.99991e-01
4.26838e+02  1.00007e+00  2.44679e-05  3.40941e-05  1.00009e+00  9.99990e-01
4.26942e+02  1.00008e+00  2.58028e-05  3.56135e-05  1.00010e+00  9.99990e-01
4.27047e+02  1.00008e+00  2.68545e-05  3.67417e-05  1.00010e+00  9.99990e-01
4.27152e+02  1.00008e+00  2.76115e-05  3.74666e-05  1.00010e+00  9.99990e-01
4.27257e+02  1.00008e+00  2.80658e-05  3.77806e-05  1.00010e+00  9.99990e-01
4.27361e+02  1.00008e+00  2.82126e-05  3.76805e-05  1.00010e+00  9.99991e-01
4.27466e+02  1.00008e+00  2.80503e-05  3.71678e-05  1.00010e+00  9.99991e-01
4.27571e+02  1.00008e+00  2.75809e-05  3.62486e-05  1.00010e+00  9.99991e-01
4.27675e+02  1.00008e+00  2.68097e-05  3.49330e-05  1.00010e+00  9.99992e-01
4.27780e+02  1.00008e+00  2.57453e-05  3.32360e-05  1.00009e+00  9.99993e-01
4.27885e+02  1.00007e+00  2.43995e-05  3.11765e-05  1.00009e+00  9.99993e-01
4.27990e+02  1.00007e+00  2.27872e-05  2.87772e-05  1.00008e+00  9.99994e-01
4.28094e+02  1.00006e+00  2.09262e-05  2.60647e-05  1.00007e+00  9.99995e-01
4.28199e+02  1.00006e+00  1.88370e-05  2.30691e-05  1.00006e+00  9.99996e-01
4.28304e+02  1.00005e+00  1.65426e-05  1.98233e-05  1.00006e+00  9.99997e-01
4.28409e+02  1.00004e+00  1.40682e-05  1.63632e-05  1.00005e+00  9.99998e-01
4.28513e+02  1.00003e+00  1.14411e-05  1.27267e-05  1.00004e+00  9.99999e-01
4.28618e+02  1.00003e+00  8.69007e-06  8.95390e-06  1.00003e+00  1.00000e+00
4.28723e+02  1.00002e+00  5.84530e-06  5.08620e-06  1.00002e+00  1.00000e+00
4.28827e+02  1.00001e+00  2.93799e-06  1.16603e-06  1.00001e+00  1.00000e+00
4.28932e+02  1.00000e+00  1.52756e-11  -2.76364e-06  9.99994e-01  1.00000e+00
