# r h000 h110 h112 c000 c110 c112
7.32422e-03 -1.00002e+00 4.31532e-06 -7.58705e-08 -1.98851e+00 -6.35882e-01 3.25132e-03
1.46484e-02 -1.00002e+00 4.14111e-06 -1.24744e-07 -1.97319e+00 -6.29137e-01 6.56454e-03
2.19727e-02 -1.00001e+00 4.00125e-06 -1.29421e-07 -1.95601e+00 -6.23264e-01 9.05896e-03
2.92969e-02 -1.00001e+00 3.87403e-06 -1.41485e-07 -1.93885e+00 -6.17113e-01 1.22504e-02
3.66211e-02 -1.00001e+00 3.76881e-06 -1.31085e-07 -1.92198e+00 -6.11222e-01 1.49891e-02
4.39453e-02 -1.00001e+00 3.67753e-06 -1.16824e-07 -1.90548e+00 -6.05310e-01 1.78845e-02
5.12695e-02 -1.00001e+00 3.60209e-06 -8.97756e-08 -1.88937e+00 -5.99562e-01 2.05467e-02
5.85938e-02 -1.00001e+00 3.53784e-06 -5.92532e-08 -1.87366e+00 -5.93844e-01 2.32578e-02
6.59180e-02 -1.00001e+00 3.48507e-06 -2.11698e-08 -1.85835e+00 -5.88252e-01 2.58169e-02
7.32422e-02 -1.00001e+00 3.44065e-06 1.87895e-08 -1.84341e+00 -5.82705e-01 2.83870e-02
8.05664e-02 -1.00001e+00 3.40442e-06 6.29157e-08 -1.82884e+00 -5.77262e-01 3.08457e-02
8.78906e-02 -1.00001e+00 3.37411e-06 1.07389e-07 -1.81463e+00 -5.71869e-01 3.32995e-02
9.52148e-02 -1.00001e+00 3.34946e-06 1.53694e-07 -1.80076e+00 -5.66565e-01 3.56658e-02
1.02539e-01 -1.00001e+00 3.32875e-06 1.99129e-07 -1.78722e+00 -5.61312e-01 3.80200e-02
1.09863e-01 -1.00001e+00 3.31174e-06 2.44778e-07 -1.77400e+00 -5.56137e-01 4.03028e-02
1.17188e-01 -1.00001e+00 3.29713e-06 2.88668e-07 -1.76109e+00 -5.51011e-01 4.25705e-02
1.24512e-01 -1.00001e+00 3.28472e-06 3.31667e-07 -1.74847e+00 -5.45955e-01 4.47782e-02
1.31836e-01 -1.00001e+00 3.27351e-06 3.72309e-07 -1.73614e+00 -5.40947e-01 4.69696e-02
1.39160e-01 -1.00001e+00 3.26336e-06 4.11334e-07 -1.72408e+00 -5.36000e-01 4.91099e-02
1.46484e-01 -1.00000e+00 3.25351e-06 4.47641e-07 -1.71229e+00 -5.31099e-01 5.12338e-02
1.53809e-01 -1.00000e+00 3.24388e-06 4.81889e-07 -1.70075e+00 -5.26254e-01 5.33133e-02
1.61133e-01 -1.00000e+00 3.23389e-06 5.13242e-07 -1.68945e+00 -5.21452e-01 5.53769e-02
1.68457e-01 -1.00000e+00 3.22350e-06 5.42304e-07 -1.67840e+00 -5.16701e-01 5.74016e-02
1.75781e-01 -1.00000e+00 3.21228e-06 5.68436e-07 -1.66757e+00 -5.11991e-01 5.94112e-02
1.83105e-01 -1.00000e+00 3.20023e-06 5.92197e-07 -1.65696e+00 -5.07328e-01 6.13863e-02
1.90430e-01 -1.00000e+00 3.18704e-06 6.13099e-07 -1.64656e+00 -5.02702e-01 6.33471e-02
1.97754e-01 -1.00000e+00 3.17274e-06 6.31661e-07 -1.63637e+00 -4.98121e-01 6.52772e-02
2.05078e-01 -1.00000e+00 3.15708e-06 6.47510e-07 -1.62638e+00 -4.93574e-01 6.71937e-02
2.12402e-01 -1.00000e+00 3.14016e-06 6.61129e-07 -1.61658e+00 -4.89069e-01 6.90827e-02
2.19727e-01 -1.00000e+00 3.12178e-06 6.72228e-07 -1.60697e+00 -4.84597e-01 7.09590e-02
2.27051e-01 -1.00000e+00 3.10205e-06 6.81262e-07 -1.59753e+00 -4.80162e-01 7.28104e-02
2.34375e-01 -1.00000e+00 3.08084e-06 6.88004e-07 -1.58827e+00 -4.75760e-01 7.46498e-02
2.41699e-01 -1.00000e+00 3.05825e-06 6.92877e-07 -1.57918e+00 -4.71392e-01 7.64665e-02
2.49023e-01 -1.00000e+00 3.03421e-06 6.95702e-07 -1.57025e+00 -4.67054e-01 7.82720e-02
2.56348e-01 -1.00000e+00 3.00883e-06 6.96874e-07 -1.56148e+00 -4.62750e-01 8.00567e-02
2.63672e-01 -1.00000e+00 2.98207e-06 6.96250e-07 -1.55286e+00 -4.58474e-01 8.18307e-02
2.70996e-01 -1.00000e+00 2.95404e-06 6.94197e-07 -1.54439e+00 -4.54229e-01 8.35856e-02
2.78320e-01 -1.00000e+00 2.92471e-06 6.90599e-07 -1.53606e+00 -4.50010e-01 8.53304e-02
2.85645e-01 -1.00000e+00 2.89423e-06 6.85795e-07 -1.52788e+00 -4.45822e-01 8.70575e-02
2.92969e-01 -1.00000e+00 2.86256e-06 6.79690e-07 -1.51982e+00 -4.41658e-01 8.87750e-02
3.00293e-01 -1.00000e+00 2.82985e-06 6.72596e-07 -1.51190e+00 -4.37523e-01 9.04760e-02
3.07617e-01 -1.00000e+00 2.79609e-06 6.64435e-07 -1.50411e+00 -4.33412e-01 9.21677e-02
3.14941e-01 -1.00000e+00 2.76142e-06 6.55494e-07 -1.49644e+00 -4.29327e-01 9.38440e-02
3.22266e-01 -1.00000e+00 2.72583e-06 6.45703e-07 -1.48889e+00 -4.25266e-01 9.55114e-02
3.29590e-01 -1.00000e+00 2.68946e-06 6.35328e-07 -1.48146e+00 -4.21230e-01 9.71643e-02
3.36914e-01 -1.00000e+00 2.65233e-06 6.24307e-07 -1.47414e+00 -4.17216e-01 9.88085e-02
3.44238e-01 -1.00000e+00 2.61455e-06 6.12884e-07 -1.46693e+00 -4.13226e-01 1.00439e-01
3.51562e-01 -1.00000e+00 2.57614e-06 6.01002e-07 -1.45983e+00 -4.09258e-01 1.02061e-01
3.58887e-01 -1.00000e+00 2.53722e-06 5.88884e-07 -1.45283e+00 -4.05313e-01 1.03670e-01
3.66211e-01 -1.00000e+00 2.49782e-06 5.76477e-07 -1.44594e+00 -4.01388e-01 1.05271e-01
3.73535e-01 -1.00000e+00 2.45805e-06 5.63987e-07 -1.43914e+00 -3.97486e-01 1.06859e-01
3.80859e-01 -1.00000e+00 2.41792e-06 5.51362e-07 -1.43244e+00 -3.93604e-01 1.08439e-01
3.88184e-01 -1.00000e+00 2.37755e-06 5.38790e-07 -1.42584e+00 -3.89743e-01 1.10007e-01
3.95508e-01 -1.00000e+00 2.33695e-06 5.26222e-07 -1.41932e+00 -3.85902e-01 1.11567e-01
4.02832e-01 -1.00000e+00 2.29624e-06 5.13828e-07 -1.41290e+00 -3.82081e-01 1.13116e-01
4.10156e-01 -1.00000e+00 2.25543e-06 5.01560e-07 -1.40656e+00 -3.78279e-01 1.14656e-01
4.17480e-01 -1.00000e+00 2.21461e-06 4.89575e-07 -1.40031e+00 -3.74497e-01 1.16185e-01
4.24805e-01 -1.00000e+00 2.17381e-06 4.77825e-07 -1.39414e+00 -3.70733e-01 1.17707e-01
4.32129e-01 -1.00000e+00 2.13312e-06 4.66453e-07 -1.38805e+00 -3.66989e-01 1.19217e-01
4.39453e-01 -1.00000e+00 2.09256e-06 4.55410e-07 -1.38204e+00 -3.63263e-01 1.20720e-01
4.46777e-01 -1.00000e+00 2.05221e-06 4.44827e-07 -1.37611e+00 -3.59556e-01 1.22211e-01
4.54102e-01 -1.00000e+00 2.01208e-06 4.34657e-07 -1.37025e+00 -3.55866e-01 1.23695e-01
4.61426e-01 -1.00000e+00 1.97227e-06 4.25018e-07 -1.36447e+00 -3.52194e-01 1.25168e-01
4.68750e-01 -1.00000e+00 1.93277e-06 4.15862e-07 -1.35876e+00 -3.48540e-01 1.26633e-01
4.76074e-01 -1.00000e+00 1.89367e-06 4.07299e-07 -1.35311e+00 -3.44904e-01 1.28087e-01
4.83398e-01 -1.00000e+00 1.85498e-06 3.99279e-07 -1.34754e+00 -3.41285e-01 1.29534e-01
4.90723e-01 -1.00000e+00 1.81676e-06 3.91904e-07 -1.34204e+00 -3.37683e-01 1.30970e-01
4.98047e-01 -1.00000e+00 1.77903e-06 3.85122e-07 -1.33660e+00 -3.34098e-01 1.32398e-01
5.05371e-01 -1.00000e+00 1.74186e-06 3.79028e-07 -1.33122e+00 -3.30530e-01 1.33816e-01
5.12695e-01 -1.00000e+00 1.70524e-06 3.73569e-07 -1.32591e+00 -3.26979e-01 1.35225e-01
5.20020e-01 -1.00000e+00 1.66924e-06 3.68832e-07 -1.32066e+00 -3.23445e-01 1.36624e-01
5.27344e-01 -1.00000e+00 1.63387e-06 3.64765e-07 -1.31547e+00 -3.19927e-01 1.38015e-01
5.34668e-01 -1.00000e+00 1.59917e-06 3.61448e-07 -1.31034e+00 -3.16426e-01 1.39396e-01
5.41992e-01 -1.00000e+00 1.56516e-06 3.58828e-07 -1.30527e+00 -3.12941e-01 1.40768e-01
5.49316e-01 -1.00000e+00 1.53189e-06 3.56977e-07 -1.30025e+00 -3.09473e-01 1.42129e-01
5.56641e-01 -1.00000e+00 1.49935e-06 3.55846e-07 -1.29529e+00 -3.06021e-01 1.43483e-01
5.63965e-01 -1.00000e+00 1.46760e-06 3.55499e-07 -1.29039e+00 -3.02585e-01 1.44825e-01
5.71289e-01 -1.00000e+00 1.43663e-06 3.55886e-07 -1.28554e+00 -2.99165e-01 1.46159e-01
5.78613e-01 -1.00000e+00 1.40648e-06 3.57067e-07 -1.28075e+00 -2.95761e-01 1.47482e-01
5.85938e-01 -1.00000e+00 1.37717e-06 3.58992e-07 -1.27600e+00 -2.92373e-01 1.48797e-01
5.93262e-01 -1.00000e+00 1.34871e-06 3.61716e-07 -1.27131e+00 -2.89002e-01 1.50101e-01
6.00586e-01 -1.00000e+00 1.32112e-06 3.65189e-07 -1.26667e+00 -2.85646e-01 1.51396e-01
6.07910e-01 -1.00000e+00 1.29443e-06 3.69461e-07 -1.26207e+00 -2.82306e-01 1.52680e-01
6.15234e-01 -1.00000e+00 1.26863e-06 3.74482e-07 -1.25753e+00 -2.78982e-01 1.53955e-01
6.22559e-01 -1.00000e+00 1.24375e-06 3.80299e-07 -1.25303e+00 -2.75674e-01 1.55219e-01
6.29883e-01 -1.00000e+00 1.21979e-06 3.86862e-07 -1.24858e+00 -2.72382e-01 1.56474e-01
6.37207e-01 -1.00000e+00 1.19678e-06 3.94213e-07 -1.24418e+00 -2.69106e-01 1.57717e-01
6.44531e-01 -1.00000e+00 1.17471e-06 4.02302e-07 -1.23982e+00 -2.65845e-01 1.58951e-01
6.51855e-01 -1.00000e+00 1.15361e-06 4.11169e-07 -1.23551e+00 -2.62601e-01 1.60174e-01
6.59180e-01 -1.00000e+00 1.13346e-06 4.20764e-07 -1.23124e+00 -2.59372e-01 1.61388e-01
6.66504e-01 -1.00000e+00 1.11429e-06 4.31122e-07 -1.22702e+00 -2.56160e-01 1.62589e-01
6.73828e-01 -1.00000e+00 1.09609e-06 4.42194e-07 -1.22284e+00 -2.52963e-01 1.63781e-01
6.81152e-01 -1.00000e+00 1.07887e-06 4.54011e-07 -1.21870e+00 -2.49782e-01 1.64961e-01
6.88477e-01 -1.00000e+00 1.06263e-06 4.66524e-07 -1.21460e+00 -2.46617e-01 1.66132e-01
6.95801e-01 -1.00000e+00 1.04738e-06 4.79762e-07 -1.21055e+00 -2.43468e-01 1.67290e-01
7.03125e-01 -1.00000e+00 1.03311e-06 4.93676e-07 -1.20653e+00 -2.40336e-01 1.68438e-01
7.10449e-01 -1.00000e+00 1.01984e-06 5.08291e-07 -1.20256e+00 -2.37219e-01 1.69574e-01
7.17773e-01 -1.00000e+00 1.00753e-06 5.23558e-07 -1.19863e+00 -2.34118e-01 1.70700e-01
7.25098e-01 -1.00000e+00 9.96220e-07 5.39499e-07 -1.19473e+00 -2.31034e-01 1.71813e-01
7.32422e-01 -1.00000e+00 9.85874e-07 5.56064e-07 -1.19088e+00 -2.27965e-01 1.72915e-01
7.39746e-01 -1.00000e+00 9.76507e-07 5.73274e-07 -1.18706e+00 -2.24913e-01 1.74006e-01
7.47070e-01 -1.00000e+00 9.68098e-07 5.91078e-07 -1.18329e+00 -2.21878e-01 1.75085e-01
7.54395e-01 -1.00000e+00 9.60653e-07 6.09492e-07 -1.17955e+00 -2.18858e-01 1.76151e-01
7.61719e-01 -1.00000e+00 9.54150e-07 6.28467e-07 -1.17584e+00 -2.15855e-01 1.77206e-01
7.69043e-01 -1.00000e+00 9.48593e-07 6.48016e-07 -1.17218e+00 -2.12869e-01 1.78249e-01
7.76367e-01 -1.00000e+00 9.43957e-07 6.68087e-07 -1.16855e+00 -2.09899e-01 1.79280e-01
7.83691e-01 -1.00000e+00 9.40242e-07 6.88691e-07 -1.16496e+00 -2.06945e-01 1.80298e-01
7.91016e-01 -1.00000e+00 9.37424e-07 7.09777e-07 -1.16140e+00 -2.04009e-01 1.81304e-01
7.98340e-01 -1.00000e+00 9.35497e-07 7.31352e-07 -1.15788e+00 -2.01089e-01 1.82296e-01
8.05664e-01 -1.00000e+00 9.34435e-07 7.53362e-07 -1.15440e+00 -1.98185e-01 1.83277e-01
8.12988e-01 -1.00000e+00 9.34230e-07 7.75813e-07 -1.15095e+00 -1.95299e-01 1.84244e-01
8.20312e-01 -1.00000e+00 9.34853e-07 7.98650e-07 -1.14754e+00 -1.92430e-01 1.85199e-01
8.27637e-01 -1.00000e+00 9.36293e-07 8.21875e-07 -1.14416e+00 -1.89578e-01 1.86141e-01
8.34961e-01 -1.00000e+00 9.38518e-07 8.45430e-07 -1.14081e+00 -1.86743e-01 1.87069e-01
8.42285e-01 -1.00000e+00 9.41515e-07 8.69316e-07 -1.13750e+00 -1.83925e-01 1.87984e-01
8.49609e-01 -1.00000e+00 9.45247e-07 8.93474e-07 -1.13423e+00 -1.81124e-01 1.88886e-01
8.56934e-01 -1.00000e+00 9.49697e-07 9.17900e-07 -1.13098e+00 -1.78341e-01 1.89774e-01
8.64258e-01 -1.00000e+00 9.54828e-07 9.42532e-07 -1.12778e+00 -1.75575e-01 1.90648e-01
8.71582e-01 -1.00000e+00 9.60619e-07 9.67363e-07 -1.12460e+00 -1.72827e-01 1.91508e-01
8.78906e-01 -1.00000e+00 9.67027e-07 9.92331e-07 -1.12146e+00 -1.70097e-01 1.92355e-01
8.86230e-01 -1.00000e+00 9.74028e-07 1.01742e-06 -1.11835e+00 -1.67384e-01 1.93187e-01
8.93555e-01 -1.00000e+00 9.81577e-07 1.04258e-06 -1.11528e+00 -1.64689e-01 1.94006e-01
9.00879e-01 -1.00000e+00 9.89646e-07 1.06777e-06 -1.11223e+00 -1.62013e-01 1.94809e-01
9.08203e-01 -1.00000e+00 9.98184e-07 1.09295e-06 -1.10923e+00 -1.59354e-01 1.95599e-01
9.15527e-01 -1.00000e+00 1.00716e-06 1.11808e-06 -1.10625e+00 -1.56713e-01 1.96373e-01
9.22852e-01 -1.00000e+00 1.01652e-06 1.14309e-06 -1.10330e+00 -1.54091e-01 1.97133e-01
9.30176e-01 -1.00000e+00 1.02623e-06 1.16797e-06 -1.10039e+00 -1.51487e-01 1.97878e-01
9.37500e-01 -1.00000e+00 1.03623e-06 1.19264e-06 -1.09751e+00 -1.48902e-01 1.98608e-01
9.44824e-01 -1.00000e+00 1.04647e-06 1.21706e-06 -1.09467e+00 -1.46335e-01 1.99322e-01
9.52148e-01 -1.00000e+00 1.05690e-06 1.24116e-06 -1.09185e+00 -1.43787e-01 2.00022e-01
9.59473e-01 -1.00000e+00 1.06747e-06 1.26491e-06 -1.08907e+00 -1.41258e-01 2.00705e-01
9.66797e-01 -1.00000e+00 1.07811e-06 1.28823e-06 -1.08632e+00 -1.38747e-01 2.01374e-01
9.74121e-01 -1.00000e+00 1.08877e-06 1.31107e-06 -1.08361e+00 -1.36256e-01 2.02026e-01
9.81445e-01 -1.00000e+00 1.09938e-06 1.33334e-06 -1.08092e+00 -1.33784e-01 2.02663e-01
9.88770e-01 -1.00000e+00 1.10987e-06 1.35501e-06 -1.07827e+00 -1.31332e-01 2.03284e-01
9.96094e-01 -1.00000e+00 1.12017e-06 1.37598e-06 -1.07565e+00 -1.28898e-01 2.03888e-01
1.00342e+00 3.62171e-01 2.29741e-02 3.23445e-01 2.89114e-01 -1.03512e-01 5.27920e-01
1.01074e+00 1.29291e+00 1.78280e-01 2.49266e+00 1.22241e+00 5.41879e-02 2.69770e+00
1.01807e+00 1.21997e+00 1.72589e-01 2.39309e+00 1.15200e+00 5.08717e-02 2.59869e+00
1.02539e+00 1.15180e+00 1.67124e-01 2.29933e+00 1.08631e+00 4.77605e-02 2.50547e+00
1.03271e+00 1.08801e+00 1.61870e-01 2.21093e+00 1.02498e+00 4.48405e-02 2.41759e+00
1.04004e+00 1.02826e+00 1.56814e-01 2.12748e+00 9.67664e-01 4.20988e-02 2.33464e+00
1.04736e+00 9.72260e-01 1.51944e-01 2.04860e+00 9.14054e-01 3.95234e-02 2.25626e+00
1.05469e+00 9.19712e-01 1.47251e-01 1.97397e+00 8.63868e-01 3.71035e-02 2.18210e+00
1.06201e+00 8.70364e-01 1.42723e-01 1.90327e+00 8.16850e-01 3.48289e-02 2.11185e+00
1.06934e+00 8.23982e-01 1.38352e-01 1.83622e+00 7.72767e-01 3.26903e-02 2.04523e+00
1.07666e+00 7.80354e-01 1.34129e-01 1.77257e+00 7.31405e-01 3.06789e-02 1.98200e+00
1.08398e+00 7.39283e-01 1.30045e-01 1.71208e+00 6.92568e-01 2.87869e-02 1.92191e+00
1.09131e+00 7.00590e-01 1.26094e-01 1.65454e+00 6.56078e-01 2.70066e-02 1.86476e+00
1.09863e+00 6.64111e-01 1.22269e-01 1.59976e+00 6.21770e-01 2.53313e-02 1.81034e+00
1.10596e+00 6.29695e-01 1.18563e-01 1.54754e+00 5.89494e-01 2.37544e-02 1.75847e+00
1.11328e+00 5.97203e-01 1.14970e-01 1.49774e+00 5.59110e-01 2.22699e-02 1.70899e+00
1.12061e+00 5.66508e-01 1.11486e-01 1.45019e+00 5.30492e-01 2.08724e-02 1.66176e+00
1.12793e+00 5.37492e-01 1.08104e-01 1.40476e+00 5.03521e-01 1.95566e-02 1.61662e+00
1.13525e+00 5.10046e-01 1.04820e-01 1.36131e+00 4.78089e-01 1.83176e-02 1.57345e+00
1.14258e+00 4.84069e-01 1.01629e-01 1.31973e+00 4.54095e-01 1.71509e-02 1.53212e+00
1.14990e+00 4.59470e-01 9.85278e-02 1.27991e+00 4.31448e-01 1.60524e-02 1.49254e+00
1.15723e+00 4.36161e-01 9.55116e-02 1.24174e+00 4.10061e-01 1.50179e-02 1.45460e+00
1.16455e+00 4.14064e-01 9.25773e-02 1.20513e+00 3.89854e-01 1.40439e-02 1.41819e+00
1.17188e+00 3.93104e-01 8.97211e-02 1.17000e+00 3.70754e-01 1.31269e-02 1.38324e+00
1.17920e+00 3.73213e-01 8.69400e-02 1.13626e+00 3.52693e-01 1.22636e-02 1.34967e+00
1.18652e+00 3.54328e-01 8.42308e-02 1.10383e+00 3.35607e-01 1.14510e-02 1.31739e+00
1.19385e+00 3.36389e-01 8.15909e-02 1.07265e+00 3.19436e-01 1.06862e-02 1.28634e+00
1.20117e+00 3.19340e-01 7.90174e-02 1.04265e+00 3.04126e-01 9.96655e-03 1.25645e+00
1.20850e+00 3.03132e-01 7.65081e-02 1.01377e+00 2.89626e-01 9.28952e-03 1.22766e+00
1.21582e+00 2.87715e-01 7.40602e-02 9.85949e-01 2.75888e-01 8.65274e-03 1.19992e+00
1.22314e+00 2.73045e-01 7.16720e-02 9.59138e-01 2.62866e-01 8.05398e-03 1.17316e+00
1.23047e+00 2.59080e-01 6.93410e-02 9.33285e-01 2.50521e-01 7.49115e-03 1.14734e+00
1.23779e+00 2.45782e-01 6.70655e-02 9.08345e-01 2.38812e-01 6.96226e-03 1.12242e+00
1.24512e+00 2.33114e-01 6.48435e-02 8.84274e-01 2.27704e-01 6.46545e-03 1.09835e+00
1.25244e+00 2.21042e-01 6.26734e-02 8.61031e-01 2.17162e-01 5.99897e-03 1.07509e+00
1.25977e+00 2.09533e-01 6.05534e-02 8.38577e-01 2.07154e-01 5.56117e-03 1.05260e+00
1.26709e+00 1.98559e-01 5.84821e-02 8.16876e-01 1.97652e-01 5.15048e-03 1.03084e+00
1.27441e+00 1.88091e-01 5.64578e-02 7.95895e-01 1.88626e-01 4.76542e-03 1.00979e+00
1.28174e+00 1.78102e-01 5.44794e-02 7.75603e-01 1.80051e-01 4.40460e-03 9.89403e-01
1.28906e+00 1.68569e-01 5.25454e-02 7.55967e-01 1.71902e-01 4.06670e-03 9.69656e-01
1.29639e+00 1.59467e-01 5.06547e-02 7.36962e-01 1.64156e-01 3.75048e-03 9.50521e-01
1.30371e+00 1.50775e-01 4.88059e-02 7.18560e-01 1.56791e-01 3.45475e-03 9.31969e-01
1.31104e+00 1.42473e-01 4.69981e-02 7.00735e-01 1.49786e-01 3.17840e-03 9.13977e-01
1.31836e+00 1.34541e-01 4.52300e-02 6.83465e-01 1.43124e-01 2.92038e-03 8.96521e-01
1.32568e+00 1.26961e-01 4.35010e-02 6.66727e-01 1.36785e-01 2.67967e-03 8.79577e-01
1.33301e+00 1.19716e-01 4.18097e-02 6.50499e-01 1.30752e-01 2.45534e-03 8.63125e-01
1.34033e+00 1.12790e-01 4.01555e-02 6.34762e-01 1.25010e-01 2.24649e-03 8.47146e-01
1.34766e+00 1.06167e-01 3.85373e-02 6.19496e-01 1.19543e-01 2.05225e-03 8.31619e-01
1.35498e+00 9.98342e-02 3.69546e-02 6.04684e-01 1.14338e-01 1.87182e-03 8.16527e-01
1.36230e+00 9.37770e-02 3.54063e-02 5.90308e-01 1.09380e-01 1.70444e-03 8.01852e-01
1.36963e+00 8.79829e-02 3.38920e-02 5.76353e-01 1.04657e-01 1.54936e-03 7.87579e-01
1.37695e+00 8.24398e-02 3.24106e-02 5.62803e-01 1.00157e-01 1.40591e-03 7.73693e-01
1.38428e+00 7.71365e-02 3.09618e-02 5.49643e-01 9.58692e-02 1.27341e-03 7.60178e-01
1.39160e+00 7.20621e-02 2.95447e-02 5.36859e-01 9.17822e-02 1.15126e-03 7.47020e-01
1.39893e+00 6.72065e-02 2.81589e-02 5.24439e-01 8.78861e-02 1.03884e-03 7.34207e-01
1.40625e+00 6.25600e-02 2.68035e-02 5.12370e-01 8.41714e-02 9.35592e-04 7.21726e-01
1.41357e+00 5.81136e-02 2.54784e-02 5.00639e-01 8.06291e-02 8.40982e-04 7.09565e-01
1.42090e+00 5.38587e-02 2.41827e-02 4.89235e-01 7.72506e-02 7.54497e-04 6.97712e-01
1.42822e+00 4.97871e-02 2.29162e-02 4.78148e-01 7.40278e-02 6.75648e-04 6.86157e-01
1.43555e+00 4.58911e-02 2.16781e-02 4.67367e-01 7.09531e-02 6.03971e-04 6.74889e-01
1.44287e+00 4.21634e-02 2.04682e-02 4.56882e-01 6.80192e-02 5.39024e-04 6.63898e-01
1.45020e+00 3.85970e-02 1.92859e-02 4.46683e-01 6.52193e-02 4.80388e-04 6.53175e-01
1.45752e+00 3.51854e-02 1.81310e-02 4.36762e-01 6.25467e-02 4.27661e-04 6.42711e-01
1.46484e+00 3.19224e-02 1.70027e-02 4.27110e-01 5.99954e-02 3.80462e-04 6.32497e-01
1.47217e+00 2.88021e-02 1.59011e-02 4.17719e-01 5.75595e-02 3.38428e-04 6.22525e-01
1.47949e+00 2.58188e-02 1.48255e-02 4.08580e-01 5.52334e-02 3.01212e-04 6.12786e-01
1.48682e+00 2.29673e-02 1.37757e-02 3.99686e-01 5.30119e-02 2.68483e-04 6.03274e-01
1.49414e+00 2.02425e-02 1.27512e-02 3.91030e-01 5.08899e-02 2.39929e-04 5.93981e-01
1.50146e+00 1.76396e-02 1.17520e-02 3.82606e-01 4.88627e-02 2.15249e-04 5.84900e-01
1.50879e+00 1.51541e-02 1.07774e-02 3.74405e-01 4.69258e-02 1.94158e-04 5.76024e-01
1.51611e+00 1.27816e-02 9.82753e-03 3.66422e-01 4.50750e-02 1.76384e-04 5.67347e-01
1.52344e+00 1.05181e-02 8.90170e-03 3.58650e-01 4.33061e-02 1.61669e-04 5.58863e-01
1.53076e+00 8.35960e-03 7.99996e-03 3.51084e-01 4.16153e-02 1.49765e-04 5.50566e-01
1.53809e+00 6.30247e-03 7.12179e-03 3.43718e-01 3.99989e-02 1.40437e-04 5.42450e-01
1.54541e+00 4.34318e-03 6.26722e-03 3.36547e-01 3.84535e-02 1.33463e-04 5.34510e-01
1.55273e+00 2.47837e-03 5.43572e-03 3.29565e-01 3.69757e-02 1.28629e-04 5.26741e-01
1.56006e+00 7.04877e-04 4.62737e-03 3.22768e-01 3.55624e-02 1.25734e-04 5.19137e-01
1.56738e+00 -9.80342e-04 3.84165e-03 3.16150e-01 3.42105e-02 1.24583e-04 5.11693e-01
1.57471e+00 -2.58014e-03 3.07864e-03 3.09707e-01 3.29173e-02 1.24996e-04 5.04406e-01
1.58203e+00 -4.09727e-03 2.33787e-03 3.03434e-01 3.16800e-02 1.26797e-04 4.97270e-01
1.58936e+00 -5.53431e-03 1.61943e-03 2.97327e-01 3.04961e-02 1.29821e-04 4.90281e-01
1.59668e+00 -6.89376e-03 9.22852e-04 2.91382e-01 2.93631e-02 1.33913e-04 4.83435e-01
1.60400e+00 -8.17794e-03 2.48254e-04 2.85595e-01 2.82786e-02 1.38924e-04 4.76729e-01
1.61133e+00 -9.38912e-03 -4.04825e-04 2.79961e-01 2.72405e-02 1.44712e-04 4.70157e-01
1.61865e+00 -1.05294e-02 -1.03624e-03 2.74478e-01 2.62467e-02 1.51146e-04 4.63717e-01
1.62598e+00 -1.16008e-02 -1.64645e-03 2.69142e-01 2.52951e-02 1.58099e-04 4.57405e-01
1.63330e+00 -1.26053e-02 -2.23530e-03 2.63949e-01 2.43838e-02 1.65453e-04 4.51217e-01
1.64062e+00 -1.35447e-02 -2.80321e-03 2.58895e-01 2.35111e-02 1.73097e-04 4.45150e-01
1.64795e+00 -1.44207e-02 -3.35003e-03 2.53979e-01 2.26751e-02 1.80924e-04 4.39201e-01
1.65527e+00 -1.52350e-02 -3.87618e-03 2.49195e-01 2.18743e-02 1.88836e-04 4.33367e-01
1.66260e+00 -1.59892e-02 -4.38146e-03 2.44543e-01 2.11071e-02 1.96741e-04 4.27644e-01
1.66992e+00 -1.66848e-02 -4.86631e-03 2.40018e-01 2.03719e-02 2.04553e-04 4.22030e-01
1.67725e+00 -1.73231e-02 -5.33051e-03 2.35618e-01 1.96675e-02 2.12190e-04 4.16522e-01
1.68457e+00 -1.79056e-02 -5.77449e-03 2.31339e-01 1.89923e-02 2.19577e-04 4.11118e-01
1.69189e+00 -1.84336e-02 -6.19802e-03 2.27181e-01 1.83452e-02 2.26647e-04 4.05814e-01
1.69922e+00 -1.89083e-02 -6.60151e-03 2.23139e-01 1.77250e-02 2.33333e-04 4.00608e-01
1.70654e+00 -1.93307e-02 -6.98472e-03 2.19212e-01 1.71304e-02 2.39578e-04 3.95498e-01
1.71387e+00 -1.97022e-02 -7.34806e-03 2.15396e-01 1.65603e-02 2.45329e-04 3.90482e-01
1.72119e+00 -2.00236e-02 -7.69127e-03 2.11691e-01 1.60138e-02 2.50536e-04 3.85556e-01
1.72852e+00 -2.02960e-02 -8.01477e-03 2.08094e-01 1.54898e-02 2.55157e-04 3.80719e-01
1.73584e+00 -2.05204e-02 -8.31825e-03 2.04602e-01 1.49874e-02 2.59152e-04 3.75969e-01
1.74316e+00 -2.06976e-02 -8.60216e-03 2.01213e-01 1.45056e-02 2.62488e-04 3.71304e-01
1.75049e+00 -2.08286e-02 -8.86617e-03 1.97926e-01 1.40437e-02 2.65135e-04 3.66721e-01
1.75781e+00 -2.09141e-02 -9.11071e-03 1.94738e-01 1.36007e-02 2.67068e-04 3.62219e-01
1.76514e+00 -2.09548e-02 -9.33544e-03 1.91649e-01 1.31760e-02 2.68268e-04 3.57795e-01
1.77246e+00 -2.09516e-02 -9.54080e-03 1.88655e-01 1.27688e-02 2.68717e-04 3.53449e-01
1.77979e+00 -2.09051e-02 -9.72643e-03 1.85755e-01 1.23783e-02 2.68405e-04 3.49178e-01
1.78711e+00 -2.08160e-02 -9.89276e-03 1.82947e-01 1.20041e-02 2.67324e-04 3.44981e-01
1.79443e+00 -2.06849e-02 -1.00394e-02 1.80231e-01 1.16453e-02 2.65471e-04 3.40855e-01
1.80176e+00 -2.05124e-02 -1.01668e-02 1.77603e-01 1.13014e-02 2.62847e-04 3.36800e-01
1.80908e+00 -2.02990e-02 -1.02746e-02 1.75064e-01 1.09719e-02 2.59457e-04 3.32814e-01
1.81641e+00 -2.00452e-02 -1.03632e-02 1.72610e-01 1.06562e-02 2.55310e-04 3.28895e-01
1.82373e+00 -1.97516e-02 -1.04321e-02 1.70242e-01 1.03539e-02 2.50420e-04 3.25042e-01
1.83105e+00 -1.94187e-02 -1.04820e-02 1.67956e-01 1.00644e-02 2.44803e-04 3.21254e-01
1.83838e+00 -1.90468e-02 -1.05121e-02 1.65753e-01 9.78728e-03 2.38480e-04 3.17529e-01
1.84570e+00 -1.86363e-02 -1.05232e-02 1.63630e-01 9.52214e-03 2.31477e-04 3.13865e-01
1.85303e+00 -1.81878e-02 -1.05146e-02 1.61588e-01 9.26857e-03 2.23822e-04 3.10263e-01
1.86035e+00 -1.77014e-02 -1.04868e-02 1.59623e-01 9.02620e-03 2.15548e-04 3.06719e-01
1.86768e+00 -1.71776e-02 -1.04394e-02 1.57735e-01 8.79466e-03 2.06691e-04 3.03234e-01
1.87500e+00 -1.66167e-02 -1.03729e-02 1.55924e-01 8.57363e-03 1.97292e-04 2.99806e-01
1.88232e+00 -1.60190e-02 -1.02866e-02 1.54187e-01 8.36279e-03 1.87393e-04 2.96434e-01
1.88965e+00 -1.53848e-02 -1.01811e-02 1.52524e-01 8.16184e-03 1.77044e-04 2.93117e-01
1.89697e+00 -1.47142e-02 -1.00558e-02 1.50935e-01 7.97052e-03 1.66295e-04 2.89854e-01
1.90430e+00 -1.40077e-02 -9.91135e-03 1.49416e-01 7.78855e-03 1.55202e-04 2.86643e-01
1.91162e+00 -1.32653e-02 -9.74695e-03 1.47969e-01 7.61571e-03 1.43824e-04 2.83485e-01
1.91895e+00 -1.24873e-02 -9.56334e-03 1.46592e-01 7.45177e-03 1.32222e-04 2.80378e-01
1.92627e+00 -1.16738e-02 -9.35966e-03 1.45284e-01 7.29652e-03 1.20464e-04 2.77320e-01
1.93359e+00 -1.08252e-02 -9.13673e-03 1.44044e-01 7.14976e-03 1.08619e-04 2.74312e-01
1.94092e+00 -9.94135e-03 -8.89357e-03 1.42872e-01 7.01133e-03 9.67605e-05 2.71353e-01
1.94824e+00 -9.02265e-03 -8.63115e-03 1.41766e-01 6.88106e-03 8.49662e-05 2.68441e-01
1.95557e+00 -8.06900e-03 -8.34827e-03 1.40726e-01 6.75880e-03 7.33169e-05 2.65575e-01
1.96289e+00 -7.08076e-03 -8.04612e-03 1.39751e-01 6.64440e-03 6.18971e-05 2.62756e-01
1.97021e+00 -6.05772e-03 -7.72323e-03 1.38841e-01 6.53776e-03 5.07953e-05 2.59983e-01
1.97754e+00 -5.00038e-03 -7.38115e-03 1.37993e-01 6.43876e-03 4.01032e-05 2.57254e-01
1.98486e+00 -3.90820e-03 -7.01788e-03 1.37211e-01 6.34729e-03 2.99170e-05 2.54569e-01
1.99219e+00 -2.78229e-03 -6.63571e-03 1.36488e-01 6.26328e-03 2.03341e-05 2.51927e-01
1.99951e+00 -1.62032e-03 -6.23150e-03 1.35831e-01 6.18657e-03 1.14848e-05 2.49327e-01
2.00684e+00 -4.43162e-04 -5.81000e-03 1.35223e-01 6.11677e-03 3.61798e-06 2.46766e-01
2.01416e+00 6.84817e-04 -5.36853e-03 1.34665e-01 6.05245e-03 -2.95149e-06 2.44236e-01
2.02148e+00 1.71754e-03 -4.93321e-03 1.34097e-01 5.99009e-03 -8.09321e-06 2.41732e-01
2.02881e+00 2.65067e-03 -4.52612e-03 1.33475e-01 5.92657e-03 -1.19388e-05 2.39251e-01
2.03613e+00 3.49166e-03 -4.13997e-03 1.32815e-01 5.86129e-03 -1.47004e-05 2.36794e-01
2.04346e+00 4.24740e-03 -3.77701e-03 1.32112e-01 5.79441e-03 -1.65650e-05 2.34362e-01
2.05078e+00 4.92444e-03 -3.43353e-03 1.31377e-01 5.72602e-03 -1.76930e-05 2.31955e-01
2.05811e+00 5.52872e-03 -3.11036e-03 1.30608e-01 5.65627e-03 -1.82200e-05 2.29572e-01
2.06543e+00 6.06584e-03 -2.80485e-03 1.29812e-01 5.58528e-03 -1.82620e-05 2.27214e-01
2.07275e+00 6.54092e-03 -2.51737e-03 1.28989e-01 5.51319e-03 -1.79169e-05 2.24882e-01
2.08008e+00 6.95877e-03 -2.24583e-03 1.28144e-01 5.44014e-03 -1.72679e-05 2.22575e-01
2.08740e+00 7.32376e-03 -1.99038e-03 1.27278e-01 5.36627e-03 -1.63850e-05 2.20294e-01
2.09473e+00 7.64005e-03 -1.74932e-03 1.26395e-01 5.29172e-03 -1.53272e-05 2.18038e-01
2.10205e+00 7.91140e-03 -1.52267e-03 1.25494e-01 5.21661e-03 -1.41440e-05 2.15808e-01
2.10938e+00 8.14138e-03 -1.30900e-03 1.24580e-01 5.14107e-03 -1.28765e-05 2.13604e-01
2.11670e+00 8.33321e-03 -1.10830e-03 1.23653e-01 5.06522e-03 -1.15590e-05 2.11425e-01
2.12402e+00 8.48998e-03 -9.19312e-04 1.22716e-01 4.98918e-03 -1.02198e-05 2.09272e-01
2.13135e+00 8.61448e-03 -7.42012e-04 1.21769e-01 4.91305e-03 -8.88181e-06 2.07144e-01
2.13867e+00 8.70934e-03 -5.75306e-04 1.20815e-01 4.83694e-03 -7.56381e-06 2.05041e-01
2.14600e+00 8.77697e-03 -4.19153e-04 1.19853e-01 4.76094e-03 -6.28069e-06 2.02964e-01
2.15332e+00 8.81965e-03 -2.72589e-04 1.18887e-01 4.68514e-03 -5.04418e-06 2.00912e-01
2.16064e+00 8.83946e-03 -1.35573e-04 1.17916e-01 4.60962e-03 -3.86330e-06 1.98884e-01
2.16797e+00 8.83836e-03 -7.24664e-06 1.16942e-01 4.53445e-03 -2.74479e-06 1.96882e-01
2.17529e+00 8.81813e-03 1.12430e-04 1.15966e-01 4.45972e-03 -1.69343e-06 1.94903e-01
2.18262e+00 8.78048e-03 2.24223e-04 1.14988e-01 4.38547e-03 -7.12390e-07 1.92950e-01
2.18994e+00 8.72695e-03 3.28171e-04 1.14010e-01 4.31178e-03 1.96525e-07 1.91020e-01
2.19727e+00 8.65899e-03 4.24962e-04 1.13032e-01 4.23869e-03 1.03264e-06 1.89114e-01
2.20459e+00 8.57794e-03 5.14628e-04 1.12054e-01 4.16626e-03 1.79622e-06 1.87232e-01
2.21191e+00 8.48507e-03 5.97794e-04 1.11078e-01 4.09452e-03 2.48830e-06 1.85374e-01
2.21924e+00 8.38151e-03 6.74486e-04 1.10103e-01 4.02351e-03 3.11051e-06 1.83538e-01
2.22656e+00 8.26837e-03 7.45270e-04 1.09132e-01 3.95328e-03 3.66500e-06 1.81726e-01
2.23389e+00 8.14663e-03 8.10169e-04 1.08163e-01 3.88385e-03 4.15430e-06 1.79936e-01
2.24121e+00 8.01722e-03 8.69700e-04 1.07198e-01 3.81525e-03 4.58122e-06 1.78168e-01
2.24854e+00 7.88101e-03 9.23878e-04 1.06236e-01 3.74751e-03 4.94883e-06 1.76423e-01
2.25586e+00 7.73881e-03 9.73178e-04 1.05279e-01 3.68064e-03 5.26030e-06 1.74700e-01
2.26318e+00 7.59134e-03 1.01761e-03 1.04326e-01 3.61467e-03 5.51895e-06 1.72998e-01
2.27051e+00 7.43932e-03 1.05762e-03 1.03379e-01 3.54961e-03 5.72810e-06 1.71318e-01
2.27783e+00 7.28336e-03 1.09320e-03 1.02436e-01 3.48547e-03 5.89113e-06 1.69658e-01
2.28516e+00 7.12408e-03 1.12475e-03 1.01499e-01 3.42226e-03 6.01137e-06 1.68020e-01
2.29248e+00 6.96201e-03 1.15230e-03 1.00567e-01 3.35999e-03 6.09209e-06 1.66402e-01
2.29980e+00 6.79768e-03 1.17619e-03 9.96417e-02 3.29868e-03 6.13653e-06 1.64805e-01
2.30713e+00 6.63154e-03 1.19644e-03 9.87221e-02 3.23831e-03 6.14780e-06 1.63227e-01
2.31445e+00 6.46405e-03 1.21339e-03 9.78091e-02 3.17890e-03 6.12893e-06 1.61669e-01
2.32178e+00 6.29560e-03 1.22704e-03 9.69024e-02 3.12045e-03 6.08283e-06 1.60131e-01
2.32910e+00 6.12658e-03 1.23771e-03 9.60024e-02 3.06295e-03 6.01229e-06 1.58612e-01
2.33643e+00 5.95732e-03 1.24539e-03 9.51091e-02 3.00641e-03 5.91998e-06 1.57112e-01
2.34375e+00 5.78815e-03 1.25038e-03 9.42229e-02 2.95082e-03 5.80842e-06 1.55631e-01
2.35107e+00 5.61936e-03 1.25268e-03 9.33436e-02 2.89618e-03 5.68000e-06 1.54168e-01
2.35840e+00 5.45123e-03 1.25257e-03 9.24715e-02 2.84248e-03 5.53697e-06 1.52723e-01
2.36572e+00 5.28400e-03 1.25003e-03 9.16065e-02 2.78972e-03 5.38147e-06 1.51296e-01
2.37305e+00 5.11792e-03 1.24533e-03 9.07489e-02 2.73789e-03 5.21548e-06 1.49887e-01
2.38037e+00 4.95318e-03 1.23846e-03 8.98986e-02 2.68698e-03 5.04084e-06 1.48495e-01
2.38770e+00 4.78999e-03 1.22966e-03 8.90559e-02 2.63699e-03 4.85929e-06 1.47121e-01
2.39502e+00 4.62852e-03 1.21893e-03 8.82206e-02 2.58791e-03 4.67241e-06 1.45763e-01
2.40234e+00 4.46894e-03 1.20649e-03 8.73929e-02 2.53972e-03 4.48169e-06 1.44422e-01
2.40967e+00 4.31139e-03 1.19233e-03 8.65727e-02 2.49243e-03 4.28846e-06 1.43097e-01
2.41699e+00 4.15602e-03 1.17666e-03 8.57602e-02 2.44601e-03 4.09399e-06 1.41789e-01
2.42432e+00 4.00294e-03 1.15948e-03 8.49553e-02 2.40046e-03 3.89938e-06 1.40497e-01
2.43164e+00 3.85227e-03 1.14098e-03 8.41582e-02 2.35577e-03 3.70566e-06 1.39220e-01
2.43896e+00 3.70411e-03 1.12116e-03 8.33686e-02 2.31193e-03 3.51375e-06 1.37959e-01
2.44629e+00 3.55856e-03 1.10020e-03 8.25869e-02 2.26892e-03 3.32449e-06 1.36713e-01
2.45361e+00 3.41568e-03 1.07809e-03 8.18128e-02 2.22673e-03 3.13859e-06 1.35483e-01
2.46094e+00 3.27556e-03 1.05501e-03 8.10466e-02 2.18536e-03 2.95672e-06 1.34267e-01
2.46826e+00 3.13826e-03 1.03095e-03 8.02879e-02 2.14478e-03 2.77942e-06 1.33065e-01
2.47559e+00 3.00385e-03 1.00608e-03 7.95371e-02 2.10500e-03 2.60720e-06 1.31878e-01
2.48291e+00 2.87236e-03 9.80371e-04 7.87939e-02 2.06599e-03 2.44047e-06 1.30706e-01
2.49023e+00 2.74384e-03 9.53999e-04 7.80585e-02 2.02775e-03 2.27957e-06 1.29547e-01
2.49756e+00 2.61833e-03 9.26942e-04 7.73307e-02 1.99026e-03 2.12480e-06 1.28402e-01
2.50488e+00 2.49586e-03 8.99353e-04 7.66107e-02 1.95351e-03 1.97637e-06 1.27271e-01
2.51221e+00 2.37646e-03 8.71217e-04 7.58983e-02 1.91749e-03 1.83447e-06 1.26153e-01
2.51953e+00 2.26015e-03 8.42676e-04 7.51935e-02 1.88219e-03 1.69920e-06 1.25049e-01
2.52686e+00 2.14694e-03 8.13714e-04 7.44963e-02 1.84759e-03 1.57065e-06 1.23957e-01
2.53418e+00 2.03684e-03 7.84467e-04 7.38068e-02 1.81369e-03 1.44884e-06 1.22878e-01
2.54150e+00 1.92987e-03 7.54917e-04 7.31248e-02 1.78046e-03 1.33377e-06 1.21812e-01
2.54883e+00 1.82602e-03 7.25194e-04 7.24503e-02 1.74791e-03 1.22540e-06 1.20758e-01
2.55615e+00 1.72530e-03 6.95279e-04 7.17833e-02 1.71601e-03 1.12364e-06 1.19717e-01
2.56348e+00 1.62770e-03 6.65295e-04 7.11239e-02 1.68475e-03 1.02839e-06 1.18688e-01
2.57080e+00 1.53321e-03 6.35223e-04 7.04718e-02 1.65413e-03 9.39514e-07 1.17670e-01
2.57812e+00 1.44182e-03 6.05179e-04 6.98271e-02 1.62414e-03 8.56864e-07 1.16665e-01
2.58545e+00 1.35353e-03 5.75143e-04 6.91898e-02 1.59475e-03 7.80260e-07 1.15670e-01
2.59277e+00 1.26831e-03 5.45225e-04 6.85598e-02 1.56596e-03 7.09509e-07 1.14688e-01
2.60010e+00 1.18615e-03 5.15405e-04 6.79370e-02 1.53777e-03 6.44400e-07 1.13716e-01
2.60742e+00 1.10702e-03 4.85787e-04 6.73215e-02 1.51014e-03 5.84711e-07 1.12756e-01
2.61475e+00 1.03091e-03 4.56350e-04 6.67132e-02 1.48309e-03 5.30209e-07 1.11807e-01
2.62207e+00 9.57791e-04 4.27192e-04 6.61120e-02 1.45659e-03 4.80652e-07 1.10868e-01
2.62939e+00 8.87629e-04 3.98292e-04 6.55179e-02 1.43064e-03 4.35790e-07 1.09940e-01
2.63672e+00 8.20402e-04 3.69743e-04 6.49309e-02 1.40522e-03 3.95370e-07 1.09023e-01
2.64404e+00 7.56075e-04 3.41523e-04 6.43509e-02 1.38033e-03 3.59135e-07 1.08115e-01
2.65137e+00 6.94620e-04 3.13719e-04 6.37778e-02 1.35595e-03 3.26825e-07 1.07218e-01
2.65869e+00 6.35999e-04 2.86309e-04 6.32116e-02 1.33207e-03 2.98183e-07 1.06331e-01
2.66602e+00 5.80180e-04 2.59375e-04 6.26523e-02 1.30869e-03 2.72951e-07 1.05454e-01
2.67334e+00 5.27123e-04 2.32894e-04 6.20998e-02 1.28579e-03 2.50874e-07 1.04587e-01
2.68066e+00 4.76793e-04 2.06944e-04 6.15540e-02 1.26337e-03 2.31701e-07 1.03729e-01
2.68799e+00 4.29146e-04 1.81500e-04 6.10149e-02 1.24141e-03 2.15186e-07 1.02881e-01
2.69531e+00 3.84145e-04 1.56636e-04 6.04825e-02 1.21991e-03 2.01089e-07 1.02042e-01
2.70264e+00 3.41744e-04 1.32326e-04 5.99566e-02 1.19885e-03 1.89177e-07 1.01213e-01
2.70996e+00 3.01904e-04 1.08640e-04 5.94372e-02 1.17824e-03 1.79224e-07 1.00392e-01
2.71729e+00 2.64576e-04 8.55497e-05 5.89243e-02 1.15805e-03 1.71011e-07 9.95804e-02
2.72461e+00 2.29718e-04 6.31219e-05 5.84179e-02 1.13828e-03 1.64332e-07 9.87776e-02
2.73193e+00 1.97280e-04 4.13279e-05 5.79177e-02 1.11892e-03 1.58985e-07 9.79836e-02
2.73926e+00 1.67217e-04 2.02291e-05 5.74239e-02 1.09997e-03 1.54784e-07 9.71982e-02
2.74658e+00 1.39478e-04 -2.03808e-07 5.69363e-02 1.08140e-03 1.51548e-07 9.64212e-02
2.75391e+00 1.14015e-04 -1.99136e-05 5.64549e-02 1.06323e-03 1.49110e-07 9.56526e-02
2.76123e+00 9.07747e-05 -3.89308e-05 5.59796e-02 1.04543e-03 1.47312e-07 9.48922e-02
2.76855e+00 6.97084e-05 -5.72019e-05 5.55103e-02 1.02801e-03 1.46009e-07 9.41400e-02
2.77588e+00 5.07603e-05 -7.47587e-05 5.50470e-02 1.01094e-03 1.45066e-07 9.33958e-02
2.78320e+00 3.38795e-05 -9.15519e-05 5.45897e-02 9.94236e-04 1.44360e-07 9.26595e-02
2.79053e+00 1.90086e-05 -1.07614e-04 5.41382e-02 9.77874e-04 1.43778e-07 9.19310e-02
2.79785e+00 6.09468e-06 -1.22900e-04 5.36925e-02 9.61852e-04 1.43220e-07 9.12103e-02
2.80518e+00 -4.92136e-06 -1.37444e-04 5.32525e-02 9.46162e-04 1.42596e-07 9.04971e-02
2.81250e+00 -1.40942e-05 -1.51203e-04 5.28182e-02 9.30797e-04 1.41827e-07 8.97914e-02
2.81982e+00 -2.14850e-05 -1.64215e-04 5.23894e-02 9.15750e-04 1.40845e-07 8.90931e-02
2.82715e+00 -2.71502e-05 -1.76440e-04 5.19662e-02 9.01014e-04 1.39594e-07 8.84021e-02
2.83447e+00 -3.11525e-05 -1.87915e-04 5.15484e-02 8.86583e-04 1.38024e-07 8.77183e-02
2.84180e+00 -3.35506e-05 -1.98607e-04 5.11360e-02 8.72449e-04 1.36100e-07 8.70416e-02
2.84912e+00 -3.44089e-05 -2.08553e-04 5.07289e-02 8.58605e-04 1.33792e-07 8.63720e-02
2.85645e+00 -3.37878e-05 -2.17723e-04 5.03271e-02 8.45046e-04 1.31082e-07 8.57092e-02
2.86377e+00 -3.17538e-05 -2.26157e-04 4.99304e-02 8.31765e-04 1.27959e-07 8.50532e-02
2.87109e+00 -2.83692e-05 -2.33829e-04 4.95388e-02 8.18756e-04 1.24420e-07 8.44040e-02
2.87842e+00 -2.37021e-05 -2.40779e-04 4.91523e-02 8.06012e-04 1.20470e-07 8.37614e-02
2.88574e+00 -1.78170e-05 -2.46984e-04 4.87706e-02 7.93527e-04 1.16121e-07 8.31254e-02
2.89307e+00 -1.07839e-05 -2.52488e-04 4.83939e-02 7.81295e-04 1.11391e-07 8.24958e-02
2.90039e+00 -2.66919e-06 -2.57270e-04 4.80219e-02 7.69310e-04 1.06304e-07 8.18727e-02
2.90771e+00 6.45506e-06 -2.61376e-04 4.76547e-02 7.57567e-04 1.00889e-07 8.12558e-02
2.91504e+00 1.65204e-05 -2.64790e-04 4.72921e-02 7.46059e-04 9.51787e-08 8.06451e-02
2.92236e+00 2.74528e-05 -2.67559e-04 4.69340e-02 7.34782e-04 8.92111e-08 8.00406e-02
2.92969e+00 3.91815e-05 -2.69670e-04 4.65804e-02 7.23728e-04 8.30265e-08 7.94421e-02
2.93701e+00 5.16307e-05 -2.71171e-04 4.62312e-02 7.12893e-04 7.66680e-08 7.88496e-02
2.94434e+00 6.47273e-05 -2.72055e-04 4.58864e-02 7.02272e-04 7.01803e-08 7.82630e-02
2.95166e+00 7.83932e-05 -2.72371e-04 4.55457e-02 6.91859e-04 6.36098e-08 7.76823e-02
2.95898e+00 9.25533e-05 -2.72115e-04 4.52092e-02 6.81648e-04 5.70030e-08 7.71072e-02
2.96631e+00 1.07127e-04 -2.71339e-04 4.48767e-02 6.71634e-04 5.04068e-08 7.65379e-02
2.97363e+00 1.22037e-04 -2.70043e-04 4.45482e-02 6.61813e-04 4.38670e-08 7.59741e-02
2.98096e+00 1.37201e-04 -2.68280e-04 4.42236e-02 6.52179e-04 3.74284e-08 7.54159e-02
2.98828e+00 1.52538e-04 -2.66053e-04 4.39028e-02 6.42727e-04 3.11340e-08 7.48631e-02
2.99561e+00 1.67964e-04 -2.63420e-04 4.35857e-02 6.33453e-04 2.50243e-08 7.43158e-02
3.00293e+00 1.83396e-04 -2.60386e-04 4.32722e-02 6.24350e-04 1.91369e-08 7.37737e-02
3.01025e+00 1.98746e-04 -2.57011e-04 4.29622e-02 6.15415e-04 1.35060e-08 7.32369e-02
3.01758e+00 2.13933e-04 -2.53304e-04 4.26556e-02 6.06643e-04 8.16130e-09 7.27052e-02
3.02490e+00 2.28877e-04 -2.49327e-04 4.23524e-02 5.98028e-04 3.12685e-09 7.21787e-02
3.03223e+00 2.43508e-04 -2.45091e-04 4.20524e-02 5.89567e-04 -1.57915e-09 7.16573e-02
3.03955e+00 2.57764e-04 -2.40653e-04 4.17555e-02 5.81254e-04 -5.94425e-09 7.11408e-02
3.04688e+00 2.71596e-04 -2.36021e-04 4.14617e-02 5.73087e-04 -9.96101e-09 7.06293e-02
3.05420e+00 2.84958e-04 -2.31246e-04 4.11709e-02 5.65061e-04 -1.36265e-08 7.01226e-02
3.06152e+00 2.97815e-04 -2.26332e-04 4.08831e-02 5.57172e-04 -1.69418e-08 6.96207e-02
3.06885e+00 3.10135e-04 -2.21325e-04 4.05981e-02 5.49416e-04 -1.99111e-08 6.91236e-02
3.07617e+00 3.21895e-04 -2.16225e-04 4.03159e-02 5.41791e-04 -2.25419e-08 6.86312e-02
3.08350e+00 3.33073e-04 -2.11074e-04 4.00364e-02 5.34293e-04 -2.48440e-08 6.81434e-02
3.09082e+00 3.43657e-04 -2.05870e-04 3.97595e-02 5.26919e-04 -2.68290e-08 6.76602e-02
3.09814e+00 3.53635e-04 -2.00650e-04 3.94853e-02 5.19666e-04 -2.85104e-08 6.71816e-02
3.10547e+00 3.63001e-04 -1.95409e-04 3.92137e-02 5.12531e-04 -2.99030e-08 6.67074e-02
3.11279e+00 3.71750e-04 -1.90182e-04 3.89446e-02 5.05512e-04 -3.10223e-08 6.62376e-02
3.12012e+00 3.79884e-04 -1.84962e-04 3.86780e-02 4.98605e-04 -3.18849e-08 6.57722e-02
3.12744e+00 3.87403e-04 -1.79781e-04 3.84137e-02 4.91809e-04 -3.25076e-08 6.53111e-02
3.13477e+00 3.94313e-04 -1.74630e-04 3.81519e-02 4.85121e-04 -3.29074e-08 6.48543e-02
3.14209e+00 4.00619e-04 -1.69538e-04 3.78924e-02 4.78539e-04 -3.31013e-08 6.44017e-02
3.14941e+00 4.06332e-04 -1.64495e-04 3.76353e-02 4.72060e-04 -3.31065e-08 6.39533e-02
3.15674e+00 4.11460e-04 -1.59529e-04 3.73803e-02 4.65682e-04 -3.29395e-08 6.35091e-02
3.16406e+00 4.16015e-04 -1.54627e-04 3.71277e-02 4.59404e-04 -3.26168e-08 6.30688e-02
3.17139e+00 4.20009e-04 -1.49815e-04 3.68772e-02 4.53223e-04 -3.21541e-08 6.26327e-02
3.17871e+00 4.23457e-04 -1.45080e-04 3.66289e-02 4.47137e-04 -3.15666e-08 6.22005e-02
3.18604e+00 4.26373e-04 -1.40446e-04 3.63828e-02 4.41144e-04 -3.08691e-08 6.17722e-02
3.19336e+00 4.28771e-04 -1.35899e-04 3.61387e-02 4.35244e-04 -3.00755e-08 6.13479e-02
3.20068e+00 4.30668e-04 -1.31462e-04 3.58968e-02 4.29433e-04 -2.91990e-08 6.09274e-02
3.20801e+00 4.32081e-04 -1.27120e-04 3.56569e-02 4.23710e-04 -2.82520e-08 6.05107e-02
3.21533e+00 4.33025e-04 -1.22895e-04 3.54190e-02 4.18074e-04 -2.72464e-08 6.00978e-02
3.22266e+00 4.33518e-04 -1.18770e-04 3.51831e-02 4.12523e-04 -2.61931e-08 5.96886e-02
3.22998e+00 4.33576e-04 -1.14766e-04 3.49492e-02 4.07055e-04 -2.51022e-08 5.92831e-02
3.23730e+00 4.33218e-04 -1.10868e-04 3.47173e-02 4.01669e-04 -2.39832e-08 5.88813e-02
3.24463e+00 4.32461e-04 -1.07094e-04 3.44873e-02 3.96363e-04 -2.28447e-08 5.84830e-02
3.25195e+00 4.31321e-04 -1.03429e-04 3.42592e-02 3.91137e-04 -2.16948e-08 5.80883e-02
3.25928e+00 4.29817e-04 -9.98888e-05 3.40329e-02 3.85988e-04 -2.05406e-08 5.76972e-02
3.26660e+00 4.27965e-04 -9.64593e-05 3.38086e-02 3.80916e-04 -1.93887e-08 5.73095e-02
3.27393e+00 4.25782e-04 -9.31565e-05 3.35861e-02 3.75918e-04 -1.82450e-08 5.69253e-02
3.28125e+00 4.23286e-04 -8.99643e-05 3.33654e-02 3.70994e-04 -1.71148e-08 5.65445e-02
3.28857e+00 4.20492e-04 -8.68986e-05 3.31465e-02 3.66143e-04 -1.60026e-08 5.61670e-02
3.29590e+00 4.17419e-04 -8.39432e-05 3.29294e-02 3.61362e-04 -1.49126e-08 5.57929e-02
3.30322e+00 4.14080e-04 -8.11131e-05 3.27140e-02 3.56652e-04 -1.38483e-08 5.54221e-02
3.31055e+00 4.10492e-04 -7.83923e-05 3.25005e-02 3.52011e-04 -1.28128e-08 5.50546e-02
3.31787e+00 4.06671e-04 -7.57948e-05 3.22886e-02 3.47437e-04 -1.18087e-08 5.46903e-02
3.32520e+00 4.02633e-04 -7.33046e-05 3.20785e-02 3.42930e-04 -1.08380e-08 5.43292e-02
3.33252e+00 3.98390e-04 -7.09354e-05 3.18700e-02 3.38488e-04 -9.90248e-09 5.39712e-02
3.33984e+00 3.93959e-04 -6.86711e-05 3.16632e-02 3.34111e-04 -9.00350e-09 5.36164e-02
3.34717e+00 3.89353e-04 -6.65245e-05 3.14581e-02 3.29798e-04 -8.14204e-09 5.32646e-02
3.35449e+00 3.84586e-04 -6.44800e-05 3.12547e-02 3.25547e-04 -7.31877e-09 5.29160e-02
3.36182e+00 3.79671e-04 -6.25498e-05 3.10529e-02 3.21357e-04 -6.53409e-09 5.25703e-02
3.36914e+00 3.74622e-04 -6.07181e-05 3.08527e-02 3.17227e-04 -5.78811e-09 5.22276e-02
3.37646e+00 3.69450e-04 -5.89969e-05 3.06541e-02 3.13157e-04 -5.08073e-09 5.18879e-02
3.38379e+00 3.64168e-04 -5.73705e-05 3.04571e-02 3.09146e-04 -4.41162e-09 5.15512e-02
3.39111e+00 3.58787e-04 -5.58503e-05 3.02616e-02 3.05192e-04 -3.78027e-09 5.12173e-02
3.39844e+00 3.53320e-04 -5.44209e-05 3.00677e-02 3.01295e-04 -3.18600e-09 5.08863e-02
3.40576e+00 3.47776e-04 -5.30932e-05 2.98754e-02 2.97454e-04 -2.62800e-09 5.05582e-02
3.41309e+00 3.42168e-04 -5.18520e-05 2.96846e-02 2.93668e-04 -2.10532e-09 5.02328e-02
3.42041e+00 3.36503e-04 -5.07079e-05 2.94953e-02 2.89936e-04 -1.61692e-09 4.99102e-02
3.42773e+00 3.30794e-04 -4.96457e-05 2.93075e-02 2.86257e-04 -1.16167e-09 4.95904e-02
3.43506e+00 3.25048e-04 -4.86757e-05 2.91213e-02 2.82630e-04 -7.38353e-10 4.92733e-02
3.44238e+00 3.19276e-04 -4.77830e-05 2.89365e-02 2.79056e-04 -3.45719e-10 4.89589e-02
3.44971e+00 3.13485e-04 -4.69776e-05 2.87531e-02 2.75532e-04 1.75402e-11 4.86471e-02
3.45703e+00 3.07685e-04 -4.62447e-05 2.85712e-02 2.72058e-04 3.52756e-10 4.83380e-02
3.46436e+00 3.01882e-04 -4.55940e-05 2.83908e-02 2.68634e-04 6.61280e-10 4.80315e-02
3.47168e+00 2.96085e-04 -4.50110e-05 2.82118e-02 2.65258e-04 9.44471e-10 4.77276e-02
3.47900e+00 2.90301e-04 -4.45050e-05 2.80342e-02 2.61930e-04 1.20368e-09 4.74262e-02
3.48633e+00 2.84538e-04 -4.40620e-05 2.78580e-02 2.58649e-04 1.44027e-09 4.71274e-02
3.49365e+00 2.78800e-04 -4.36908e-05 2.76832e-02 2.55414e-04 1.65555e-09 4.68310e-02
3.50098e+00 2.73096e-04 -4.33776e-05 2.75098e-02 2.52226e-04 1.85083e-09 4.65372e-02
3.50830e+00 2.67430e-04 -4.31312e-05 2.73378e-02 2.49082e-04 2.02739e-09 4.62458e-02
3.51562e+00 2.61809e-04 -4.29379e-05 2.71671e-02 2.45982e-04 2.18646e-09 4.59568e-02
3.52295e+00 2.56237e-04 -4.28064e-05 2.69978e-02 2.42927e-04 2.32924e-09 4.56702e-02
3.53027e+00 2.50720e-04 -4.27231e-05 2.68298e-02 2.39914e-04 2.45688e-09 4.53859e-02
3.53760e+00 2.45263e-04 -4.26964e-05 2.66631e-02 2.36944e-04 2.57049e-09 4.51041e-02
3.54492e+00 2.39869e-04 -4.27133e-05 2.64978e-02 2.34015e-04 2.67113e-09 4.48245e-02
3.55225e+00 2.34544e-04 -4.27819e-05 2.63338e-02 2.31128e-04 2.75981e-09 4.45473e-02
3.55957e+00 2.29291e-04 -4.28894e-05 2.61710e-02 2.28281e-04 2.83749e-09 4.42723e-02
3.56689e+00 2.24113e-04 -4.30437e-05 2.60096e-02 2.25474e-04 2.90506e-09 4.39996e-02
3.57422e+00 2.19015e-04 -4.32322e-05 2.58494e-02 2.22706e-04 2.96337e-09 4.37291e-02
3.58154e+00 2.13998e-04 -4.34630e-05 2.56905e-02 2.19977e-04 3.01324e-09 4.34609e-02
3.58887e+00 2.09066e-04 -4.37234e-05 2.55329e-02 2.17287e-04 3.05539e-09 4.31948e-02
3.59619e+00 2.04222e-04 -4.40215e-05 2.53764e-02 2.14633e-04 3.09052e-09 4.29309e-02
3.60352e+00 1.99469e-04 -4.43450e-05 2.52213e-02 2.12017e-04 3.11927e-09 4.26691e-02
3.61084e+00 1.94807e-04 -4.47016e-05 2.50673e-02 2.09438e-04 3.14223e-09 4.24095e-02
3.61816e+00 1.90239e-04 -4.50794e-05 2.49146e-02 2.06894e-04 3.15995e-09 4.21519e-02
3.62549e+00 1.85768e-04 -4.54861e-05 2.47631e-02 2.04386e-04 3.17293e-09 4.18965e-02
3.63281e+00 1.81394e-04 -4.59100e-05 2.46127e-02 2.01912e-04 3.18160e-09 4.16430e-02
3.64014e+00 1.77118e-04 -4.63586e-05 2.44636e-02 1.99473e-04 3.18640e-09 4.13917e-02
3.64746e+00 1.72942e-04 -4.68207e-05 2.43156e-02 1.97068e-04 3.18767e-09 4.11423e-02
3.65479e+00 1.68867e-04 -4.73035e-05 2.41688e-02 1.94696e-04 3.18576e-09 4.08950e-02
3.66211e+00 1.64894e-04 -4.77960e-05 2.40232e-02 1.92357e-04 3.18095e-09 4.06496e-02
3.66943e+00 1.61023e-04 -4.83056e-05 2.38786e-02 1.90051e-04 3.17351e-09 4.04062e-02
3.67676e+00 1.57254e-04 -4.88214e-05 2.37353e-02 1.87776e-04 3.16366e-09 4.01647e-02
3.68408e+00 1.53588e-04 -4.93507e-05 2.35931e-02 1.85533e-04 3.15161e-09 3.99251e-02
3.69141e+00 1.50026e-04 -4.98831e-05 2.34519e-02 1.83321e-04 3.13752e-09 3.96874e-02
3.69873e+00 1.46565e-04 -5.04255e-05 2.33119e-02 1.81139e-04 3.12155e-09 3.94516e-02
3.70605e+00 1.43208e-04 -5.09680e-05 2.31730e-02 1.78988e-04 3.10382e-09 3.92177e-02
3.71338e+00 1.39952e-04 -5.15174e-05 2.30352e-02 1.76866e-04 3.08443e-09 3.89856e-02
3.72070e+00 1.36799e-04 -5.20640e-05 2.28985e-02 1.74773e-04 3.06348e-09 3.87554e-02
3.72803e+00 1.33746e-04 -5.26147e-05 2.27629e-02 1.72709e-04 3.04103e-09 3.85269e-02
3.73535e+00 1.30793e-04 -5.31599e-05 2.26283e-02 1.70673e-04 3.01715e-09 3.83003e-02
3.74268e+00 1.27940e-04 -5.37065e-05 2.24948e-02 1.68665e-04 2.99188e-09 3.80754e-02
3.75000e+00 1.25185e-04 -5.42452e-05 2.23623e-02 1.66684e-04 2.96526e-09 3.78523e-02
3.75732e+00 1.22528e-04 -5.47829e-05 2.22308e-02 1.64731e-04 2.93731e-09 3.76309e-02
3.76465e+00 1.19966e-04 -5.53105e-05 2.21004e-02 1.62804e-04 2.90807e-09 3.74112e-02
3.77197e+00 1.17499e-04 -5.58349e-05 2.19710e-02 1.60904e-04 2.87754e-09 3.71932e-02
3.77930e+00 1.15125e-04 -5.63472e-05 2.18427e-02 1.59029e-04 2.84575e-09 3.69770e-02
3.78662e+00 1.12843e-04 -5.68542e-05 2.17153e-02 1.57180e-04 2.81270e-09 3.67624e-02
3.79395e+00 1.10651e-04 -5.73475e-05 2.15889e-02 1.55356e-04 2.77840e-09 3.65494e-02
3.80127e+00 1.08547e-04 -5.78338e-05 2.14635e-02 1.53557e-04 2.74287e-09 3.63381e-02
3.80859e+00 1.06530e-04 -5.83047e-05 2.13391e-02 1.51782e-04 2.70611e-09 3.61284e-02
3.81592e+00 1.04597e-04 -5.87672e-05 2.12157e-02 1.50032e-04 2.66815e-09 3.59203e-02
3.82324e+00 1.02748e-04 -5.92130e-05 2.10932e-02 1.48305e-04 2.62899e-09 3.57139e-02
3.83057e+00 1.00978e-04 -5.96489e-05 2.09717e-02 1.46601e-04 2.58867e-09 3.55090e-02
3.83789e+00 9.92878e-05 -6.00672e-05 2.08511e-02 1.44920e-04 2.54719e-09 3.53056e-02
3.84521e+00 9.76737e-05 -6.04746e-05 2.07314e-02 1.43262e-04 2.50459e-09 3.51038e-02
3.85254e+00 9.61343e-05 -6.08634e-05 2.06127e-02 1.41626e-04 2.46091e-09 3.49036e-02
3.85986e+00 9.46667e-05 -6.12403e-05 2.04949e-02 1.40012e-04 2.41617e-09 3.47048e-02
3.86719e+00 9.32694e-05 -6.15981e-05 2.03780e-02 1.38419e-04 2.37042e-09 3.45076e-02
3.87451e+00 9.19393e-05 -6.19434e-05 2.02620e-02 1.36848e-04 2.32372e-09 3.43118e-02
3.88184e+00 9.06748e-05 -6.22691e-05 2.01469e-02 1.35298e-04 2.27610e-09 3.41175e-02
3.88916e+00 8.94730e-05 -6.25818e-05 2.00327e-02 1.33768e-04 2.22764e-09 3.39247e-02
3.89648e+00 8.83320e-05 -6.28746e-05 1.99194e-02 1.32259e-04 2.17838e-09 3.37334e-02
3.90381e+00 8.72489e-05 -6.31542e-05 1.98069e-02 1.30770e-04 2.12840e-09 3.35434e-02
3.91113e+00 8.62217e-05 -6.34138e-05 1.96953e-02 1.29300e-04 2.07777e-09 3.33549e-02
3.91846e+00 8.52476e-05 -6.36601e-05 1.95846e-02 1.27850e-04 2.02657e-09 3.31678e-02
3.92578e+00 8.43247e-05 -6.38866e-05 1.94747e-02 1.26419e-04 1.97486e-09 3.29821e-02
3.93311e+00 8.34499e-05 -6.40998e-05 1.93656e-02 1.25007e-04 1.92273e-09 3.27978e-02
3.94043e+00 8.26215e-05 -6.42934e-05 1.92574e-02 1.23614e-04 1.87027e-09 3.26148e-02
3.94775e+00 8.18364e-05 -6.44741e-05 1.91499e-02 1.22239e-04 1.81757e-09 3.24332e-02
3.95508e+00 8.10928e-05 -6.46356e-05 1.90433e-02 1.20882e-04 1.76470e-09 3.22530e-02
3.96240e+00 8.03878e-05 -6.47845e-05 1.89375e-02 1.19542e-04 1.71176e-09 3.20740e-02
3.96973e+00 7.97195e-05 -6.49148e-05 1.88325e-02 1.18220e-04 1.65884e-09 3.18964e-02
3.97705e+00 7.90852e-05 -6.50330e-05 1.87283e-02 1.16915e-04 1.60602e-09 3.17201e-02
3.98438e+00 7.84830e-05 -6.51334e-05 1.86249e-02 1.15628e-04 1.55340e-09 3.15451e-02
3.99170e+00 7.79102e-05 -6.52223e-05 1.85223e-02 1.14357e-04 1.50107e-09 3.13714e-02
3.99902e+00 7.73651e-05 -6.52941e-05 1.84204e-02 1.13102e-04 1.44910e-09 3.11989e-02
4.00635e+00 7.68450e-05 -6.53551e-05 1.83193e-02 1.11864e-04 1.39759e-09 3.10277e-02
4.01367e+00 7.63484e-05 -6.54000e-05 1.82189e-02 1.10641e-04 1.34661e-09 3.08578e-02
4.02100e+00 7.58727e-05 -6.54349e-05 1.81193e-02 1.09434e-04 1.29625e-09 3.06891e-02
4.02832e+00 7.54164e-05 -6.54545e-05 1.80204e-02 1.08243e-04 1.24657e-09 3.05216e-02
4.03564e+00 7.49772e-05 -6.54651e-05 1.79222e-02 1.07067e-04 1.19766e-09 3.03553e-02
4.04297e+00 7.45537e-05 -6.54613e-05 1.78248e-02 1.05906e-04 1.14957e-09 3.01902e-02
4.05029e+00 7.41437e-05 -6.54494e-05 1.77281e-02 1.04760e-04 1.10238e-09 3.00264e-02
4.05762e+00 7.37461e-05 -6.54242e-05 1.76320e-02 1.03628e-04 1.05613e-09 2.98637e-02
4.06494e+00 7.33587e-05 -6.53917e-05 1.75367e-02 1.02511e-04 1.01088e-09 2.97021e-02
4.07227e+00 7.29805e-05 -6.53468e-05 1.74421e-02 1.01408e-04 9.66686e-10 2.95418e-02
4.07959e+00 7.26097e-05 -6.52957e-05 1.73482e-02 1.00318e-04 9.23584e-10 2.93825e-02
4.08691e+00 7.22454e-05 -6.52332e-05 1.72550e-02 9.92430e-05 8.81614e-10 2.92245e-02
4.09424e+00 7.18859e-05 -6.51652e-05 1.71624e-02 9.81810e-05 8.40811e-10 2.90675e-02
4.10156e+00 7.15304e-05 -6.50869e-05 1.70705e-02 9.71324e-05 8.01204e-10 2.89117e-02
4.10889e+00 7.11774e-05 -6.50039e-05 1.69793e-02 9.60968e-05 7.62818e-10 2.87570e-02
4.11621e+00 7.08263e-05 -6.49116e-05 1.68887e-02 9.50743e-05 7.25673e-10 2.86033e-02
4.12354e+00 7.04759e-05 -6.48154e-05 1.67988e-02 9.40644e-05 6.89786e-10 2.84508e-02
4.13086e+00 7.01255e-05 -6.47108e-05 1.67095e-02 9.30671e-05 6.55166e-10 2.82993e-02
4.13818e+00 6.97741e-05 -6.46031e-05 1.66208e-02 9.20822e-05 6.21823e-10 2.81490e-02
4.14551e+00 6.94212e-05 -6.44878e-05 1.65328e-02 9.11095e-05 5.89760e-10 2.79996e-02
4.15283e+00 6.90659e-05 -6.43703e-05 1.64454e-02 9.01488e-05 5.58978e-10 2.78514e-02
4.16016e+00 6.87079e-05 -6.42459e-05 1.63586e-02 8.92000e-05 5.29472e-10 2.77041e-02
4.16748e+00 6.83463e-05 -6.41200e-05 1.62725e-02 8.82628e-05 5.01238e-10 2.75579e-02
4.17480e+00 6.79810e-05 -6.39880e-05 1.61869e-02 8.73371e-05 4.74264e-10 2.74128e-02
4.18213e+00 6.76112e-05 -6.38552e-05 1.61020e-02 8.64228e-05 4.48540e-10 2.72686e-02
4.18945e+00 6.72369e-05 -6.37170e-05 1.60176e-02 8.55196e-05 4.24049e-10 2.71255e-02
4.19678e+00 6.68574e-05 -6.35786e-05 1.59338e-02 8.46275e-05 4.00775e-10 2.69833e-02
4.20410e+00 6.64728e-05 -6.34354e-05 1.58507e-02 8.37462e-05 3.78699e-10 2.68421e-02
4.21143e+00 6.60826e-05 -6.32926e-05 1.57681e-02 8.28756e-05 3.57799e-10 2.67020e-02
4.21875e+00 6.56868e-05 -6.31458e-05 1.56860e-02 8.20156e-05 3.38051e-10 2.65627e-02
4.22607e+00 6.52851e-05 -6.29998e-05 1.56046e-02 8.11660e-05 3.19432e-10 2.64245e-02
4.23340e+00 6.48777e-05 -6.28503e-05 1.55237e-02 8.03267e-05 3.01914e-10 2.62872e-02
4.24072e+00 6.44641e-05 -6.27021e-05 1.54434e-02 7.94974e-05 2.85471e-10 2.61508e-02
4.24805e+00 6.40446e-05 -6.25509e-05 1.53636e-02 7.86782e-05 2.70073e-10 2.60154e-02
4.25537e+00 6.36190e-05 -6.24016e-05 1.52843e-02 7.78688e-05 2.55692e-10 2.58810e-02
4.26270e+00 6.31876e-05 -6.22497e-05 1.52057e-02 7.70690e-05 2.42296e-10 2.57474e-02
4.27002e+00 6.27501e-05 -6.21000e-05 1.51275e-02 7.62789e-05 2.29856e-10 2.56148e-02
4.27734e+00 6.23070e-05 -6.19483e-05 1.50499e-02 7.54981e-05 2.18340e-10 2.54830e-02
4.28467e+00 6.18579e-05 -6.17990e-05 1.49728e-02 7.47267e-05 2.07715e-10 2.53522e-02
4.29199e+00 6.14035e-05 -6.16481e-05 1.48962e-02 7.39644e-05 1.97951e-10 2.52222e-02
4.29932e+00 6.09435e-05 -6.15000e-05 1.48202e-02 7.32112e-05 1.89015e-10 2.50932e-02
4.30664e+00 6.04783e-05 -6.13506e-05 1.47447e-02 7.24669e-05 1.80874e-10 2.49650e-02
4.31396e+00 6.00079e-05 -6.12043e-05 1.46696e-02 7.17314e-05 1.73497e-10 2.48377e-02
4.32129e+00 5.95328e-05 -6.10570e-05 1.45951e-02 7.10046e-05 1.66852e-10 2.47112e-02
4.32861e+00 5.90529e-05 -6.09130e-05 1.45211e-02 7.02864e-05 1.60906e-10 2.45856e-02
4.33594e+00 5.85687e-05 -6.07683e-05 1.44476e-02 6.95765e-05 1.55629e-10 2.44609e-02
4.34326e+00 5.80802e-05 -6.06271e-05 1.43746e-02 6.88751e-05 1.50989e-10 2.43369e-02
4.35059e+00 5.75879e-05 -6.04855e-05 1.43021e-02 6.81818e-05 1.46955e-10 2.42139e-02
4.35791e+00 5.70917e-05 -6.03475e-05 1.42300e-02 6.74966e-05 1.43498e-10 2.40916e-02
4.36523e+00 5.65922e-05 -6.02093e-05 1.41585e-02 6.68195e-05 1.40587e-10 2.39702e-02
4.37256e+00 5.60895e-05 -6.00748e-05 1.40874e-02 6.61502e-05 1.38193e-10 2.38495e-02
4.37988e+00 5.55840e-05 -5.99403e-05 1.40168e-02 6.54887e-05 1.36288e-10 2.37297e-02
4.38721e+00 5.50758e-05 -5.98097e-05 1.39466e-02 6.48349e-05 1.34843e-10 2.36107e-02
4.39453e+00 5.45654e-05 -5.96792e-05 1.38769e-02 6.41887e-05 1.33832e-10 2.34925e-02
4.40186e+00 5.40528e-05 -5.95526e-05 1.38077e-02 6.35499e-05 1.33227e-10 2.33750e-02
4.40918e+00 5.35386e-05 -5.94262e-05 1.37390e-02 6.29185e-05 1.33003e-10 2.32584e-02
4.41650e+00 5.30227e-05 -5.93039e-05 1.36706e-02 6.22944e-05 1.33135e-10 2.31425e-02
4.42383e+00 5.25059e-05 -5.91819e-05 1.36028e-02 6.16775e-05 1.33597e-10 2.30274e-02
4.43115e+00 5.19880e-05 -5.90639e-05 1.35354e-02 6.10677e-05 1.34366e-10 2.29130e-02
4.43848e+00 5.14696e-05 -5.89463e-05 1.34684e-02 6.04649e-05 1.35420e-10 2.27994e-02
4.44580e+00 5.09507e-05 -5.88327e-05 1.34019e-02 5.98690e-05 1.36735e-10 2.26865e-02
4.45312e+00 5.04319e-05 -5.87196e-05 1.33358e-02 5.92799e-05 1.38290e-10 2.25744e-02
4.46045e+00 4.99132e-05 -5.86105e-05 1.32701e-02 5.86975e-05 1.40065e-10 2.24630e-02
4.46777e+00 4.93951e-05 -5.85019e-05 1.32048e-02 5.81217e-05 1.42039e-10 2.23523e-02
4.47510e+00 4.88776e-05 -5.83973e-05 1.31400e-02 5.75525e-05 1.44193e-10 2.22424e-02
4.48242e+00 4.83612e-05 -5.82932e-05 1.30756e-02 5.69898e-05 1.46508e-10 2.21332e-02
4.48975e+00 4.78460e-05 -5.81930e-05 1.30116e-02 5.64335e-05 1.48967e-10 2.20247e-02
4.49707e+00 4.73324e-05 -5.80933e-05 1.29481e-02 5.58834e-05 1.51552e-10 2.19169e-02
4.50439e+00 4.68204e-05 -5.79975e-05 1.28849e-02 5.53396e-05 1.54247e-10 2.18098e-02
4.51172e+00 4.63105e-05 -5.79022e-05 1.28222e-02 5.48019e-05 1.57035e-10 2.17034e-02
4.51904e+00 4.58027e-05 -5.78107e-05 1.27598e-02 5.42703e-05 1.59903e-10 2.15977e-02
4.52637e+00 4.52975e-05 -5.77196e-05 1.26979e-02 5.37447e-05 1.62835e-10 2.14926e-02
4.53369e+00 4.47947e-05 -5.76323e-05 1.26363e-02 5.32249e-05 1.65818e-10 2.13883e-02
4.54102e+00 4.42950e-05 -5.75454e-05 1.25752e-02 5.27110e-05 1.68839e-10 2.12846e-02
4.54834e+00 4.37982e-05 -5.74621e-05 1.25144e-02 5.22029e-05 1.71885e-10 2.11816e-02
4.55566e+00 4.33048e-05 -5.73791e-05 1.24540e-02 5.17004e-05 1.74944e-10 2.10792e-02
4.56299e+00 4.28146e-05 -5.72997e-05 1.23941e-02 5.12035e-05 1.78006e-10 2.09775e-02
4.57031e+00 4.23283e-05 -5.72205e-05 1.23344e-02 5.07122e-05 1.81059e-10 2.08765e-02
4.57764e+00 4.18455e-05 -5.71448e-05 1.22752e-02 5.02264e-05 1.84094e-10 2.07761e-02
4.58496e+00 4.13669e-05 -5.70693e-05 1.22164e-02 4.97459e-05 1.87101e-10 2.06763e-02
4.59229e+00 4.08922e-05 -5.69971e-05 1.21579e-02 4.92708e-05 1.90071e-10 2.05772e-02
4.59961e+00 4.04219e-05 -5.69251e-05 1.20998e-02 4.88010e-05 1.92995e-10 2.04787e-02
4.60693e+00 3.99558e-05 -5.68562e-05 1.20420e-02 4.83363e-05 1.95867e-10 2.03808e-02
4.61426e+00 3.94944e-05 -5.67874e-05 1.19847e-02 4.78768e-05 1.98678e-10 2.02835e-02
4.62158e+00 3.90375e-05 -5.67217e-05 1.19276e-02 4.74224e-05 2.01422e-10 2.01869e-02
4.62891e+00 3.85855e-05 -5.66560e-05 1.18710e-02 4.69729e-05 2.04093e-10 2.00909e-02
4.63623e+00 3.81382e-05 -5.65932e-05 1.18147e-02 4.65284e-05 2.06684e-10 1.99955e-02
4.64355e+00 3.76959e-05 -5.65303e-05 1.17587e-02 4.60888e-05 2.09190e-10 1.99006e-02
4.65088e+00 3.72586e-05 -5.64702e-05 1.17031e-02 4.56540e-05 2.11606e-10 1.98064e-02
4.65820e+00 3.68266e-05 -5.64099e-05 1.16479e-02 4.52240e-05 2.13928e-10 1.97128e-02
4.66553e+00 3.63996e-05 -5.63523e-05 1.15930e-02 4.47986e-05 2.16151e-10 1.96197e-02
4.67285e+00 3.59780e-05 -5.62944e-05 1.15384e-02 4.43780e-05 2.18271e-10 1.95273e-02
4.68018e+00 3.55616e-05 -5.62391e-05 1.14842e-02 4.39619e-05 2.20287e-10 1.94354e-02
4.68750e+00 3.51507e-05 -5.61834e-05 1.14303e-02 4.35503e-05 2.22193e-10 1.93441e-02
4.69482e+00 3.47451e-05 -5.61302e-05 1.13768e-02 4.31432e-05 2.23989e-10 1.92534e-02
4.70215e+00 3.43451e-05 -5.60765e-05 1.13235e-02 4.27405e-05 2.25671e-10 1.91632e-02
4.70947e+00 3.39505e-05 -5.60251e-05 1.12707e-02 4.23422e-05 2.27237e-10 1.90736e-02
4.71680e+00 3.35615e-05 -5.59732e-05 1.12181e-02 4.19482e-05 2.28687e-10 1.89845e-02
4.72412e+00 3.31780e-05 -5.59234e-05 1.11659e-02 4.15585e-05 2.30019e-10 1.88960e-02
4.73145e+00 3.28001e-05 -5.58731e-05 1.11139e-02 4.11729e-05 2.31232e-10 1.88080e-02
4.73877e+00 3.24276e-05 -5.58248e-05 1.10623e-02 4.07916e-05 2.32326e-10 1.87206e-02
4.74609e+00 3.20609e-05 -5.57758e-05 1.10111e-02 4.04143e-05 2.33299e-10 1.86337e-02
4.75342e+00 3.16995e-05 -5.57288e-05 1.09601e-02 4.00411e-05 2.34153e-10 1.85474e-02
4.76074e+00 3.13438e-05 -5.56810e-05 1.09095e-02 3.96718e-05 2.34887e-10 1.84616e-02
4.76807e+00 3.09935e-05 -5.56351e-05 1.08591e-02 3.93066e-05 2.35501e-10 1.83763e-02
4.77539e+00 3.06489e-05 -5.55883e-05 1.08091e-02 3.89452e-05 2.35997e-10 1.82915e-02
4.78271e+00 3.03095e-05 -5.55433e-05 1.07594e-02 3.85877e-05 2.36376e-10 1.82073e-02
4.79004e+00 2.99758e-05 -5.54973e-05 1.07099e-02 3.82341e-05 2.36638e-10 1.81235e-02
4.79736e+00 2.96473e-05 -5.54530e-05 1.06608e-02 3.78842e-05 2.36785e-10 1.80403e-02
4.80469e+00 2.93243e-05 -5.54078e-05 1.06120e-02 3.75380e-05 2.36819e-10 1.79576e-02
4.81201e+00 2.90065e-05 -5.53641e-05 1.05635e-02 3.71955e-05 2.36741e-10 1.78754e-02
4.81934e+00 2.86940e-05 -5.53193e-05 1.05152e-02 3.68566e-05 2.36554e-10 1.77937e-02
4.82666e+00 2.83867e-05 -5.52760e-05 1.04673e-02 3.65213e-05 2.36258e-10 1.77125e-02
4.83398e+00 2.80846e-05 -5.52317e-05 1.04197e-02 3.61896e-05 2.35858e-10 1.76317e-02
4.84131e+00 2.77875e-05 -5.51887e-05 1.03723e-02 3.58613e-05 2.35354e-10 1.75515e-02
4.84863e+00 2.74955e-05 -5.51446e-05 1.03252e-02 3.55366e-05 2.34750e-10 1.74717e-02
4.85596e+00 2.72083e-05 -5.51018e-05 1.02784e-02 3.52152e-05 2.34049e-10 1.73925e-02
4.86328e+00 2.69262e-05 -5.50578e-05 1.02319e-02 3.48972e-05 2.33252e-10 1.73137e-02
4.87061e+00 2.66487e-05 -5.50150e-05 1.01857e-02 3.45826e-05 2.32364e-10 1.72353e-02
4.87793e+00 2.63761e-05 -5.49711e-05 1.01397e-02 3.42713e-05 2.31387e-10 1.71575e-02
4.88525e+00 2.61080e-05 -5.49283e-05 1.00941e-02 3.39632e-05 2.30323e-10 1.70801e-02
4.89258e+00 2.58446e-05 -5.48843e-05 1.00487e-02 3.36584e-05 2.29178e-10 1.70032e-02
4.89990e+00 2.55857e-05 -5.48414e-05 1.00035e-02 3.33567e-05 2.27952e-10 1.69267e-02
4.90723e+00 2.53312e-05 -5.47972e-05 9.95865e-03 3.30582e-05 2.26651e-10 1.68507e-02
4.91455e+00 2.50809e-05 -5.47541e-05 9.91406e-03 3.27628e-05 2.25277e-10 1.67751e-02
4.92188e+00 2.48349e-05 -5.47097e-05 9.86973e-03 3.24704e-05 2.23833e-10 1.67000e-02
4.92920e+00 2.45931e-05 -5.46663e-05 9.82566e-03 3.21811e-05 2.22323e-10 1.66254e-02
4.93652e+00 2.43553e-05 -5.46216e-05 9.78185e-03 3.18948e-05 2.20751e-10 1.65512e-02
4.94385e+00 2.41215e-05 -5.45779e-05 9.73830e-03 3.16115e-05 2.19120e-10 1.64774e-02
4.95117e+00 2.38916e-05 -5.45328e-05 9.69502e-03 3.13310e-05 2.17433e-10 1.64040e-02
4.95850e+00 2.36654e-05 -5.44887e-05 9.65198e-03 3.10535e-05 2.15695e-10 1.63311e-02
4.96582e+00 2.34430e-05 -5.44433e-05 9.60920e-03 3.07789e-05 2.13907e-10 1.62586e-02
4.97314e+00 2.32241e-05 -5.43988e-05 9.56667e-03 3.05070e-05 2.12074e-10 1.61866e-02
4.98047e+00 2.30089e-05 -5.43530e-05 9.52440e-03 3.02380e-05 2.10199e-10 1.61149e-02
4.98779e+00 2.27969e-05 -5.43080e-05 9.48237e-03 2.99717e-05 2.08286e-10 1.60437e-02
4.99512e+00 2.25885e-05 -5.42617e-05 9.44058e-03 2.97082e-05 2.06338e-10 1.59729e-02
5.00244e+00 2.23831e-05 -5.42163e-05 9.39904e-03 2.94473e-05 2.04357e-10 1.59026e-02
5.00977e+00 2.21811e-05 -5.41696e-05 9.35775e-03 2.91891e-05 2.02348e-10 1.58326e-02
5.01709e+00 2.19820e-05 -5.41236e-05 9.31669e-03 2.89336e-05 2.00314e-10 1.57630e-02
5.02441e+00 2.17860e-05 -5.40764e-05 9.27588e-03 2.86806e-05 1.98257e-10 1.56939e-02
5.03174e+00 2.15928e-05 -5.40300e-05 9.23530e-03 2.84303e-05 1.96182e-10 1.56251e-02
5.03906e+00 2.14025e-05 -5.39824e-05 9.19496e-03 2.81824e-05 1.94089e-10 1.55567e-02
5.04639e+00 2.12149e-05 -5.39355e-05 9.15485e-03 2.79371e-05 1.91984e-10 1.54888e-02
5.05371e+00 2.10300e-05 -5.38873e-05 9.11498e-03 2.76943e-05 1.89867e-10 1.54212e-02
5.06104e+00 2.08476e-05 -5.38400e-05 9.07534e-03 2.74539e-05 1.87743e-10 1.53540e-02
5.06836e+00 2.06679e-05 -5.37914e-05 9.03592e-03 2.72160e-05 1.85614e-10 1.52873e-02
5.07568e+00 2.04904e-05 -5.37435e-05 8.99673e-03 2.69804e-05 1.83482e-10 1.52209e-02
5.08301e+00 2.03154e-05 -5.36945e-05 8.95777e-03 2.67472e-05 1.81349e-10 1.51548e-02
5.09033e+00 2.01426e-05 -5.36462e-05 8.91904e-03 2.65164e-05 1.79219e-10 1.50892e-02
5.09766e+00 1.99721e-05 -5.35967e-05 8.88052e-03 2.62879e-05 1.77093e-10 1.50239e-02
5.10498e+00 1.98037e-05 -5.35480e-05 8.84223e-03 2.60617e-05 1.74974e-10 1.49590e-02
5.11230e+00 1.96374e-05 -5.34981e-05 8.80416e-03 2.58377e-05 1.72863e-10 1.48945e-02
5.11963e+00 1.94731e-05 -5.34490e-05 8.76630e-03 2.56160e-05 1.70763e-10 1.48304e-02
5.12695e+00 1.93108e-05 -5.33988e-05 8.72866e-03 2.53965e-05 1.68676e-10 1.47666e-02
5.13428e+00 1.91503e-05 -5.33493e-05 8.69123e-03 2.51792e-05 1.66602e-10 1.47032e-02
5.14160e+00 1.89917e-05 -5.32986e-05 8.65402e-03 2.49641e-05 1.64545e-10 1.46401e-02
5.14893e+00 1.88348e-05 -5.32488e-05 8.61702e-03 2.47510e-05 1.62505e-10 1.45774e-02
5.15625e+00 1.86797e-05 -5.31978e-05 8.58023e-03 2.45402e-05 1.60484e-10 1.45150e-02
5.16357e+00 1.85262e-05 -5.31476e-05 8.54365e-03 2.43313e-05 1.58483e-10 1.44531e-02
5.17090e+00 1.83744e-05 -5.30964e-05 8.50728e-03 2.41246e-05 1.56504e-10 1.43914e-02
5.17822e+00 1.82241e-05 -5.30459e-05 8.47111e-03 2.39199e-05 1.54547e-10 1.43301e-02
5.18555e+00 1.80754e-05 -5.29944e-05 8.43515e-03 2.37173e-05 1.52615e-10 1.42692e-02
5.19287e+00 1.79281e-05 -5.29436e-05 8.39938e-03 2.35166e-05 1.50707e-10 1.42086e-02
5.20020e+00 1.77823e-05 -5.28919e-05 8.36383e-03 2.33179e-05 1.48825e-10 1.41483e-02
5.20752e+00 1.76379e-05 -5.28409e-05 8.32846e-03 2.31211e-05 1.46970e-10 1.40884e-02
5.21484e+00 1.74948e-05 -5.27889e-05 8.29330e-03 2.29263e-05 1.45142e-10 1.40288e-02
5.22217e+00 1.73531e-05 -5.27377e-05 8.25834e-03 2.27334e-05 1.43342e-10 1.39695e-02
5.22949e+00 1.72126e-05 -5.26856e-05 8.22357e-03 2.25424e-05 1.41571e-10 1.39106e-02
5.23682e+00 1.70734e-05 -5.26342e-05 8.18900e-03 2.23533e-05 1.39829e-10 1.38520e-02
5.24414e+00 1.69354e-05 -5.25819e-05 8.15462e-03 2.21660e-05 1.38117e-10 1.37937e-02
5.25146e+00 1.67986e-05 -5.25305e-05 8.12043e-03 2.19805e-05 1.36434e-10 1.37358e-02
5.25879e+00 1.66630e-05 -5.24780e-05 8.08643e-03 2.17968e-05 1.34782e-10 1.36782e-02
5.26611e+00 1.65285e-05 -5.24264e-05 8.05262e-03 2.16149e-05 1.33160e-10 1.36209e-02
5.27344e+00 1.63951e-05 -5.23739e-05 8.01900e-03 2.14348e-05 1.31569e-10 1.35639e-02
5.28076e+00 1.62627e-05 -5.23222e-05 7.98556e-03 2.12564e-05 1.30009e-10 1.35072e-02
5.28809e+00 1.61315e-05 -5.22697e-05 7.95231e-03 2.10798e-05 1.28479e-10 1.34509e-02
5.29541e+00 1.60013e-05 -5.22179e-05 7.91924e-03 2.09048e-05 1.26980e-10 1.33948e-02
5.30273e+00 1.58721e-05 -5.21654e-05 7.88636e-03 2.07316e-05 1.25512e-10 1.33391e-02
5.31006e+00 1.57439e-05 -5.21136e-05 7.85365e-03 2.05600e-05 1.24075e-10 1.32837e-02
5.31738e+00 1.56167e-05 -5.20610e-05 7.82113e-03 2.03901e-05 1.22668e-10 1.32285e-02
5.32471e+00 1.54904e-05 -5.20092e-05 7.78879e-03 2.02218e-05 1.21291e-10 1.31737e-02
5.33203e+00 1.53652e-05 -5.19566e-05 7.75662e-03 2.00551e-05 1.19944e-10 1.31192e-02
5.33936e+00 1.52408e-05 -5.19049e-05 7.72463e-03 1.98900e-05 1.18627e-10 1.30650e-02
5.34668e+00 1.51174e-05 -5.18523e-05 7.69281e-03 1.97265e-05 1.17339e-10 1.30111e-02
5.35400e+00 1.49948e-05 -5.18006e-05 7.66117e-03 1.95646e-05 1.16081e-10 1.29574e-02
5.36133e+00 1.48732e-05 -5.17482e-05 7.62970e-03 1.94042e-05 1.14850e-10 1.29041e-02
5.36865e+00 1.47525e-05 -5.16965e-05 7.59841e-03 1.92453e-05 1.13649e-10 1.28511e-02
5.37598e+00 1.46327e-05 -5.16441e-05 7.56728e-03 1.90879e-05 1.12474e-10 1.27983e-02
5.38330e+00 1.45137e-05 -5.15926e-05 7.53632e-03 1.89321e-05 1.11328e-10 1.27458e-02
5.39062e+00 1.43956e-05 -5.15403e-05 7.50553e-03 1.87777e-05 1.10208e-10 1.26936e-02
5.39795e+00 1.42783e-05 -5.14888e-05 7.47491e-03 1.86248e-05 1.09114e-10 1.26417e-02
5.40527e+00 1.41619e-05 -5.14367e-05 7.44445e-03 1.84733e-05 1.08046e-10 1.25901e-02
5.41260e+00 1.40463e-05 -5.13853e-05 7.41416e-03 1.83233e-05 1.07003e-10 1.25388e-02
5.41992e+00 1.39316e-05 -5.13333e-05 7.38403e-03 1.81747e-05 1.05985e-10 1.24877e-02
5.42725e+00 1.38177e-05 -5.12821e-05 7.35406e-03 1.80275e-05 1.04991e-10 1.24369e-02
5.43457e+00 1.37046e-05 -5.12302e-05 7.32426e-03 1.78816e-05 1.04020e-10 1.23864e-02
5.44189e+00 1.35924e-05 -5.11792e-05 7.29461e-03 1.77372e-05 1.03073e-10 1.23362e-02
5.44922e+00 1.34810e-05 -5.11275e-05 7.26513e-03 1.75941e-05 1.02147e-10 1.22862e-02
5.45654e+00 1.33703e-05 -5.10766e-05 7.23580e-03 1.74523e-05 1.01243e-10 1.22365e-02
5.46387e+00 1.32606e-05 -5.10250e-05 7.20663e-03 1.73119e-05 1.00360e-10 1.21871e-02
5.47119e+00 1.31515e-05 -5.09743e-05 7.17761e-03 1.71728e-05 9.94978e-11 1.21379e-02
5.47852e+00 1.30434e-05 -5.09229e-05 7.14875e-03 1.70349e-05 9.86550e-11 1.20890e-02
5.48584e+00 1.29360e-05 -5.08724e-05 7.12004e-03 1.68984e-05 9.78314e-11 1.20403e-02
5.49316e+00 1.28295e-05 -5.08212e-05 7.09149e-03 1.67631e-05 9.70263e-11 1.19919e-02
5.50049e+00 1.27237e-05 -5.07709e-05 7.06309e-03 1.66291e-05 9.62391e-11 1.19438e-02
5.50781e+00 1.26188e-05 -5.07199e-05 7.03484e-03 1.64964e-05 9.54692e-11 1.18959e-02
5.51514e+00 1.25146e-05 -5.06697e-05 7.00674e-03 1.63649e-05 9.47160e-11 1.18483e-02
5.52246e+00 1.24113e-05 -5.06190e-05 6.97879e-03 1.62345e-05 9.39787e-11 1.18009e-02
5.52979e+00 1.23087e-05 -5.05690e-05 6.95098e-03 1.61054e-05 9.32570e-11 1.17538e-02
5.53711e+00 1.22070e-05 -5.05184e-05 6.92333e-03 1.59775e-05 9.25500e-11 1.17069e-02
5.54443e+00 1.21060e-05 -5.04687e-05 6.89581e-03 1.58508e-05 9.18573e-11 1.16603e-02
5.55176e+00 1.20059e-05 -5.04183e-05 6.86845e-03 1.57252e-05 9.11783e-11 1.16139e-02
5.55908e+00 1.19065e-05 -5.03688e-05 6.84122e-03 1.56008e-05 9.05124e-11 1.15678e-02
5.56641e+00 1.18080e-05 -5.03187e-05 6.81415e-03 1.54776e-05 8.98591e-11 1.15219e-02
5.57373e+00 1.17102e-05 -5.02693e-05 6.78721e-03 1.53555e-05 8.92177e-11 1.14762e-02
5.58105e+00 1.16132e-05 -5.02194e-05 6.76041e-03 1.52345e-05 8.85878e-11 1.14308e-02
5.58838e+00 1.15170e-05 -5.01702e-05 6.73376e-03 1.51146e-05 8.79688e-11 1.13856e-02
5.59570e+00 1.14217e-05 -5.01205e-05 6.70724e-03 1.49957e-05 8.73603e-11 1.13407e-02
5.60303e+00 1.13271e-05 -5.00716e-05 6.68086e-03 1.48780e-05 8.67616e-11 1.12960e-02
5.61035e+00 1.12333e-05 -5.00221e-05 6.65462e-03 1.47614e-05 8.61724e-11 1.12515e-02
5.61768e+00 1.11403e-05 -4.99734e-05 6.62852e-03 1.46458e-05 8.55921e-11 1.12073e-02
5.62500e+00 1.10481e-05 -4.99241e-05 6.60255e-03 1.45313e-05 8.50203e-11 1.11633e-02
5.63232e+00 1.09566e-05 -4.98756e-05 6.57671e-03 1.44178e-05 8.44565e-11 1.11195e-02
5.63965e+00 1.08660e-05 -4.98266e-05 6.55102e-03 1.43053e-05 8.39003e-11 1.10759e-02
5.64697e+00 1.07761e-05 -4.97783e-05 6.52545e-03 1.41939e-05 8.33514e-11 1.10326e-02
5.65430e+00 1.06871e-05 -4.97294e-05 6.50002e-03 1.40835e-05 8.28092e-11 1.09895e-02
5.66162e+00 1.05988e-05 -4.96813e-05 6.47471e-03 1.39740e-05 8.22733e-11 1.09466e-02
5.66895e+00 1.05113e-05 -4.96327e-05 6.44954e-03 1.38656e-05 8.17436e-11 1.09039e-02
5.67627e+00 1.04245e-05 -4.95847e-05 6.42450e-03 1.37581e-05 8.12194e-11 1.08615e-02
5.68359e+00 1.03386e-05 -4.95363e-05 6.39958e-03 1.36516e-05 8.07006e-11 1.08193e-02
5.69092e+00 1.02534e-05 -4.94886e-05 6.37480e-03 1.35461e-05 8.01867e-11 1.07773e-02
5.69824e+00 1.01690e-05 -4.94404e-05 6.35014e-03 1.34415e-05 7.96775e-11 1.07355e-02
5.70557e+00 1.00854e-05 -4.93928e-05 6.32561e-03 1.33378e-05 7.91727e-11 1.06939e-02
5.71289e+00 1.00025e-05 -4.93448e-05 6.30120e-03 1.32351e-05 7.86720e-11 1.06525e-02
5.72021e+00 9.92037e-06 -4.92974e-05 6.27692e-03 1.31333e-05 7.81750e-11 1.06114e-02
5.72754e+00 9.83904e-06 -4.92496e-05 6.25276e-03 1.30324e-05 7.76816e-11 1.05705e-02
5.73486e+00 9.75842e-06 -4.92024e-05 6.22873e-03 1.29324e-05 7.71915e-11 1.05297e-02
5.74219e+00 9.67860e-06 -4.91548e-05 6.20482e-03 1.28333e-05 7.67044e-11 1.04892e-02
5.74951e+00 9.59949e-06 -4.91078e-05 6.18103e-03 1.27351e-05 7.62202e-11 1.04489e-02
5.75684e+00 9.52116e-06 -4.90603e-05 6.15736e-03 1.26377e-05 7.57386e-11 1.04088e-02
5.76416e+00 9.44353e-06 -4.90135e-05 6.13381e-03 1.25413e-05 7.52595e-11 1.03689e-02
5.77148e+00 9.36668e-06 -4.89662e-05 6.11038e-03 1.24456e-05 7.47826e-11 1.03291e-02
5.77881e+00 9.29052e-06 -4.89196e-05 6.08707e-03 1.23509e-05 7.43079e-11 1.02896e-02
5.78613e+00 9.21514e-06 -4.88724e-05 6.06387e-03 1.22569e-05 7.38351e-11 1.02503e-02
5.79346e+00 9.14043e-06 -4.88260e-05 6.04080e-03 1.21638e-05 7.33641e-11 1.02112e-02
5.80078e+00 9.06648e-06 -4.87790e-05 6.01784e-03 1.20715e-05 7.28948e-11 1.01723e-02
5.80811e+00 8.99321e-06 -4.87327e-05 5.99499e-03 1.19800e-05 7.24271e-11 1.01336e-02
5.81543e+00 8.92068e-06 -4.86859e-05 5.97226e-03 1.18894e-05 7.19608e-11 1.00951e-02
5.82275e+00 8.84882e-06 -4.86397e-05 5.94965e-03 1.17995e-05 7.14959e-11 1.00568e-02
5.83008e+00 8.77770e-06 -4.85931e-05 5.92715e-03 1.17104e-05 7.10323e-11 1.00186e-02
5.83740e+00 8.70723e-06 -4.85470e-05 5.90476e-03 1.16221e-05 7.05698e-11 9.98068e-03
5.84473e+00 8.63749e-06 -4.85005e-05 5.88248e-03 1.15346e-05 7.01085e-11 9.94293e-03
5.85205e+00 8.56838e-06 -4.84547e-05 5.86032e-03 1.14478e-05 6.96482e-11 9.90537e-03
5.85938e+00 8.50000e-06 -4.84083e-05 5.83826e-03 1.13618e-05 6.91890e-11 9.86799e-03
5.86670e+00 8.43225e-06 -4.83626e-05 5.81632e-03 1.12766e-05 6.87308e-11 9.83080e-03
5.87402e+00 8.36520e-06 -4.83164e-05 5.79448e-03 1.11921e-05 6.82735e-11 9.79380e-03
5.88135e+00 8.29876e-06 -4.82708e-05 5.77275e-03 1.11083e-05 6.78171e-11 9.75697e-03
5.88867e+00 8.23302e-06 -4.82247e-05 5.75113e-03 1.10252e-05 6.73617e-11 9.72034e-03
5.89600e+00 8.16789e-06 -4.81792e-05 5.72962e-03 1.09429e-05 6.69071e-11 9.68388e-03
5.90332e+00 8.10343e-06 -4.81333e-05 5.70822e-03 1.08613e-05 6.64534e-11 9.64761e-03
5.91064e+00 8.03957e-06 -4.80879e-05 5.68692e-03 1.07804e-05 6.60007e-11 9.61151e-03
5.91797e+00 7.97638e-06 -4.80421e-05 5.66572e-03 1.07002e-05 6.55488e-11 9.57559e-03
5.92529e+00 7.91376e-06 -4.79969e-05 5.64463e-03 1.06207e-05 6.50979e-11 9.53985e-03
5.93262e+00 7.85180e-06 -4.79512e-05 5.62365e-03 1.05419e-05 6.46479e-11 9.50429e-03
5.93994e+00 7.79041e-06 -4.79061e-05 5.60277e-03 1.04637e-05 6.41988e-11 9.46890e-03
5.94727e+00 7.72966e-06 -4.78605e-05 5.58199e-03 1.03863e-05 6.37508e-11 9.43369e-03
5.95459e+00 7.66946e-06 -4.78155e-05 5.56131e-03 1.03095e-05 6.33037e-11 9.39865e-03
5.96191e+00 7.60989e-06 -4.77701e-05 5.54074e-03 1.02333e-05 6.28578e-11 9.36378e-03
5.96924e+00 7.55086e-06 -4.77252e-05 5.52026e-03 1.01578e-05 6.24129e-11 9.32908e-03
5.97656e+00 7.49244e-06 -4.76799e-05 5.49989e-03 1.00830e-05 6.19692e-11 9.29455e-03
5.98389e+00 7.43456e-06 -4.76351e-05 5.47961e-03 1.00088e-05 6.15266e-11 9.26019e-03
5.99121e+00 7.37727e-06 -4.75899e-05 5.45944e-03 9.93521e-06 6.10853e-11 9.22600e-03
5.99854e+00 7.32050e-06 -4.75452e-05 5.43936e-03 9.86227e-06 6.06453e-11 9.19198e-03
6.00586e+00 7.26431e-06 -4.75001e-05 5.41938e-03 9.78995e-06 6.02066e-11 9.15812e-03
6.01318e+00 7.20863e-06 -4.74555e-05 5.39950e-03 9.71825e-06 5.97693e-11 9.12442e-03
6.02051e+00 7.15352e-06 -4.74105e-05 5.37971e-03 9.64716e-06 5.93335e-11 9.09089e-03
6.02783e+00 7.09890e-06 -4.73661e-05 5.36002e-03 9.57667e-06 5.88991e-11 9.05753e-03
6.03516e+00 7.04484e-06 -4.73212e-05 5.34043e-03 9.50678e-06 5.84663e-11 9.02432e-03
6.04248e+00 6.99126e-06 -4.72768e-05 5.32093e-03 9.43748e-06 5.80352e-11 8.99128e-03
6.04980e+00 6.93822e-06 -4.72320e-05 5.30152e-03 9.36877e-06 5.76057e-11 8.95839e-03
6.05713e+00 6.88565e-06 -4.71877e-05 5.28221e-03 9.30064e-06 5.71779e-11 8.92566e-03
6.06445e+00 6.83361e-06 -4.71430e-05 5.26300e-03 9.23309e-06 5.67520e-11 8.89310e-03
6.07178e+00 6.78203e-06 -4.70989e-05 5.24387e-03 9.16611e-06 5.63279e-11 8.86068e-03
6.07910e+00 6.73096e-06 -4.70543e-05 5.22484e-03 9.09969e-06 5.59057e-11 8.82843e-03
6.08643e+00 6.68033e-06 -4.70102e-05 5.20589e-03 9.03383e-06 5.54854e-11 8.79633e-03
6.09375e+00 6.63021e-06 -4.69657e-05 5.18704e-03 8.96852e-06 5.50672e-11 8.76438e-03
6.10107e+00 6.58052e-06 -4.69217e-05 5.16828e-03 8.90377e-06 5.46511e-11 8.73259e-03
6.10840e+00 6.53133e-06 -4.68773e-05 5.14961e-03 8.83955e-06 5.42371e-11 8.70095e-03
6.11572e+00 6.48255e-06 -4.68334e-05 5.13103e-03 8.77588e-06 5.38253e-11 8.66946e-03
6.12305e+00 6.43425e-06 -4.67891e-05 5.11254e-03 8.71273e-06 5.34157e-11 8.63812e-03
6.13037e+00 6.38636e-06 -4.67453e-05 5.09413e-03 8.65012e-06 5.30084e-11 8.60693e-03
6.13770e+00 6.33894e-06 -4.67011e-05 5.07582e-03 8.58802e-06 5.26035e-11 8.57589e-03
6.14502e+00 6.29192e-06 -4.66574e-05 5.05759e-03 8.52645e-06 5.22009e-11 8.54500e-03
6.15234e+00 6.24535e-06 -4.66132e-05 5.03945e-03 8.46539e-06 5.18008e-11 8.51425e-03
6.15967e+00 6.19917e-06 -4.65696e-05 5.02139e-03 8.40483e-06 5.14031e-11 8.48365e-03
6.16699e+00 6.15344e-06 -4.65256e-05 5.00342e-03 8.34478e-06 5.10079e-11 8.45320e-03
6.17432e+00 6.10808e-06 -4.64820e-05 4.98553e-03 8.28523e-06 5.06154e-11 8.42289e-03
6.18164e+00 6.06315e-06 -4.64381e-05 4.96773e-03 8.22617e-06 5.02254e-11 8.39272e-03
6.18896e+00 6.01859e-06 -4.63947e-05 4.95002e-03 8.16760e-06 4.98380e-11 8.36270e-03
6.19629e+00 5.97446e-06 -4.63508e-05 4.93238e-03 8.10951e-06 4.94533e-11 8.33281e-03
6.20361e+00 5.93068e-06 -4.63075e-05 4.91483e-03 8.05191e-06 4.90713e-11 8.30307e-03
6.21094e+00 5.88732e-06 -4.62637e-05 4.89737e-03 7.99478e-06 4.86920e-11 8.27347e-03
6.21826e+00 5.84430e-06 -4.62204e-05 4.87998e-03 7.93812e-06 4.83155e-11 8.24401e-03
6.22559e+00 5.80169e-06 -4.61768e-05 4.86268e-03 7.88192e-06 4.79418e-11 8.21469e-03
6.23291e+00 5.75941e-06 -4.61336e-05 4.84546e-03 7.82619e-06 4.75708e-11 8.18550e-03
6.24023e+00 5.71753e-06 -4.60900e-05 4.82832e-03 7.77092e-06 4.72027e-11 8.15645e-03
6.24756e+00 5.67597e-06 -4.60469e-05 4.81125e-03 7.71610e-06 4.68374e-11 8.12754e-03
6.25488e+00 5.63481e-06 -4.60034e-05 4.79427e-03 7.66173e-06 4.64750e-11 8.09876e-03
6.26221e+00 5.59396e-06 -4.59604e-05 4.77737e-03 7.60780e-06 4.61155e-11 8.07012e-03
6.26953e+00 5.55349e-06 -4.59171e-05 4.76055e-03 7.55432e-06 4.57589e-11 8.04161e-03
6.27686e+00 5.51333e-06 -4.58741e-05 4.74380e-03 7.50127e-06 4.54051e-11 8.01323e-03
6.28418e+00 5.47355e-06 -4.58308e-05 4.72714e-03 7.44865e-06 4.50543e-11 7.98499e-03
6.29150e+00 5.43406e-06 -4.57880e-05 4.71055e-03 7.39646e-06 4.47064e-11 7.95687e-03
6.29883e+00 5.39494e-06 -4.57448e-05 4.69404e-03 7.34470e-06 4.43614e-11 7.92889e-03
6.30615e+00 5.35611e-06 -4.57020e-05 4.67760e-03 7.29336e-06 4.40193e-11 7.90104e-03
6.31348e+00 5.31763e-06 -4.56589e-05 4.66124e-03 7.24243e-06 4.36802e-11 7.87332e-03
6.32080e+00 5.27945e-06 -4.56163e-05 4.64496e-03 7.19192e-06 4.33440e-11 7.84572e-03
6.32812e+00 5.24161e-06 -4.55733e-05 4.62875e-03 7.14182e-06 4.30107e-11 7.81825e-03
6.33545e+00 5.20405e-06 -4.55307e-05 4.61262e-03 7.09212e-06 4.26804e-11 7.79091e-03
6.34277e+00 5.16683e-06 -4.54878e-05 4.59656e-03 7.04282e-06 4.23529e-11 7.76370e-03
6.35010e+00 5.12989e-06 -4.54453e-05 4.58057e-03 6.99392e-06 4.20284e-11 7.73661e-03
6.35742e+00 5.09328e-06 -4.54025e-05 4.56466e-03 6.94542e-06 4.17067e-11 7.70964e-03
6.36475e+00 5.05693e-06 -4.53601e-05 4.54883e-03 6.89731e-06 4.13880e-11 7.68280e-03
6.37207e+00 5.02092e-06 -4.53173e-05 4.53306e-03 6.84958e-06 4.10721e-11 7.65609e-03
6.37939e+00 4.98516e-06 -4.52750e-05 4.51737e-03 6.80224e-06 4.07591e-11 7.62949e-03
6.38672e+00 4.94973e-06 -4.52324e-05 4.50175e-03 6.75527e-06 4.04489e-11 7.60302e-03
6.39404e+00 4.91455e-06 -4.51901e-05 4.48620e-03 6.70869e-06 4.01416e-11 7.57667e-03
6.40137e+00 4.87968e-06 -4.51476e-05 4.47072e-03 6.66247e-06 3.98371e-11 7.55044e-03
6.40869e+00 4.84507e-06 -4.51055e-05 4.45531e-03 6.61663e-06 3.95354e-11 7.52433e-03
6.41602e+00 4.81076e-06 -4.50630e-05 4.43997e-03 6.57115e-06 3.92365e-11 7.49833e-03
6.42334e+00 4.77670e-06 -4.50210e-05 4.42471e-03 6.52604e-06 3.89403e-11 7.47246e-03
6.43066e+00 4.74294e-06 -4.49786e-05 4.40951e-03 6.48128e-06 3.86469e-11 7.44670e-03
6.43799e+00 4.70942e-06 -4.49367e-05 4.39438e-03 6.43688e-06 3.83562e-11 7.42106e-03
6.44531e+00 4.67620e-06 -4.48944e-05 4.37932e-03 6.39284e-06 3.80682e-11 7.39554e-03
6.45264e+00 4.64321e-06 -4.48525e-05 4.36433e-03 6.34914e-06 3.77828e-11 7.37013e-03
6.45996e+00 4.61052e-06 -4.48103e-05 4.34940e-03 6.30579e-06 3.75002e-11 7.34484e-03
6.46729e+00 4.57805e-06 -4.47686e-05 4.33454e-03 6.26279e-06 3.72201e-11 7.31967e-03
6.47461e+00 4.54587e-06 -4.47265e-05 4.31976e-03 6.22012e-06 3.69426e-11 7.29460e-03
6.48193e+00 4.51392e-06 -4.46848e-05 4.30503e-03 6.17780e-06 3.66677e-11 7.26965e-03
6.48926e+00 4.48225e-06 -4.46428e-05 4.29038e-03 6.13580e-06 3.63954e-11 7.24481e-03
6.49658e+00 4.45080e-06 -4.46012e-05 4.27579e-03 6.09414e-06 3.61255e-11 7.22009e-03
6.50391e+00 4.41963e-06 -4.45593e-05 4.26126e-03 6.05281e-06 3.58582e-11 7.19547e-03
6.51123e+00 4.38868e-06 -4.45178e-05 4.24680e-03 6.01180e-06 3.55933e-11 7.17097e-03
6.51855e+00 4.35799e-06 -4.44760e-05 4.23241e-03 5.97111e-06 3.53308e-11 7.14657e-03
6.52588e+00 4.32753e-06 -4.44346e-05 4.21808e-03 5.93075e-06 3.50708e-11 7.12229e-03
6.53320e+00 4.29732e-06 -4.43929e-05 4.20381e-03 5.89070e-06 3.48131e-11 7.09811e-03
6.54053e+00 4.26733e-06 -4.43516e-05 4.18961e-03 5.85097e-06 3.45578e-11 7.07405e-03
6.54785e+00 4.23760e-06 -4.43099e-05 4.17547e-03 5.81154e-06 3.43048e-11 7.05009e-03
6.55518e+00 4.20808e-06 -4.42687e-05 4.16140e-03 5.77243e-06 3.40541e-11 7.02623e-03
6.56250e+00 4.17882e-06 -4.42272e-05 4.14738e-03 5.73362e-06 3.38056e-11 7.00249e-03
6.56982e+00 4.14976e-06 -4.41860e-05 4.13343e-03 5.69511e-06 3.35594e-11 6.97884e-03
6.57715e+00 4.12096e-06 -4.41446e-05 4.11954e-03 5.65690e-06 3.33154e-11 6.95531e-03
6.58447e+00 4.09235e-06 -4.41035e-05 4.10572e-03 5.61899e-06 3.30735e-11 6.93188e-03
6.59180e+00 4.06399e-06 -4.40622e-05 4.09195e-03 5.58138e-06 3.28338e-11 6.90855e-03
6.59912e+00 4.03584e-06 -4.40212e-05 4.07825e-03 5.54406e-06 3.25962e-11 6.88533e-03
6.60645e+00 4.00792e-06 -4.39800e-05 4.06461e-03 5.50703e-06 3.23607e-11 6.86221e-03
6.61377e+00 3.98020e-06 -4.39391e-05 4.05102e-03 5.47028e-06 3.21273e-11 6.83919e-03
6.62109e+00 3.95273e-06 -4.38980e-05 4.03750e-03 5.43382e-06 3.18959e-11 6.81627e-03
6.62842e+00 3.92544e-06 -4.38572e-05 4.02404e-03 5.39764e-06 3.16665e-11 6.79345e-03
6.63574e+00 3.89839e-06 -4.38161e-05 4.01063e-03 5.36174e-06 3.14390e-11 6.77074e-03
6.64307e+00 3.87153e-06 -4.37754e-05 3.99729e-03 5.32612e-06 3.12135e-11 6.74812e-03
6.65039e+00 3.84490e-06 -4.37344e-05 3.98400e-03 5.29077e-06 3.09900e-11 6.72561e-03
6.65771e+00 3.81846e-06 -4.36938e-05 3.97077e-03 5.25570e-06 3.07683e-11 6.70319e-03
6.66504e+00 3.79224e-06 -4.36530e-05 3.95760e-03 5.22089e-06 3.05485e-11 6.68087e-03
6.67236e+00 3.76621e-06 -4.36124e-05 3.94449e-03 5.18636e-06 3.03305e-11 6.65865e-03
6.67969e+00 3.74041e-06 -4.35716e-05 3.93144e-03 5.15208e-06 3.01143e-11 6.63653e-03
6.68701e+00 3.71478e-06 -4.35312e-05 3.91844e-03 5.11807e-06 2.98999e-11 6.61450e-03
6.69434e+00 3.68938e-06 -4.34905e-05 3.90550e-03 5.08432e-06 2.96873e-11 6.59258e-03
6.70166e+00 3.66415e-06 -4.34502e-05 3.89262e-03 5.05083e-06 2.94764e-11 6.57074e-03
6.70898e+00 3.63915e-06 -4.34096e-05 3.87979e-03 5.01760e-06 2.92673e-11 6.54900e-03
6.71631e+00 3.61431e-06 -4.33693e-05 3.86702e-03 4.98462e-06 2.90598e-11 6.52736e-03
6.72363e+00 3.58970e-06 -4.33288e-05 3.85430e-03 4.95189e-06 2.88540e-11 6.50581e-03
6.73096e+00 3.56525e-06 -4.32886e-05 3.84164e-03 4.91941e-06 2.86498e-11 6.48435e-03
6.73828e+00 3.54102e-06 -4.32482e-05 3.82903e-03 4.88718e-06 2.84473e-11 6.46299e-03
6.74561e+00 3.51695e-06 -4.32081e-05 3.81648e-03 4.85519e-06 2.82463e-11 6.44172e-03
6.75293e+00 3.49309e-06 -4.31678e-05 3.80399e-03 4.82344e-06 2.80470e-11 6.42054e-03
6.76025e+00 3.46940e-06 -4.31278e-05 3.79154e-03 4.79194e-06 2.78492e-11 6.39945e-03
6.76758e+00 3.44591e-06 -4.30875e-05 3.77915e-03 4.76067e-06 2.76529e-11 6.37846e-03
6.77490e+00 3.42259e-06 -4.30476e-05 3.76682e-03 4.72965e-06 2.74581e-11 6.35755e-03
6.78223e+00 3.39947e-06 -4.30075e-05 3.75454e-03 4.69885e-06 2.72649e-11 6.33674e-03
6.78955e+00 3.37651e-06 -4.29676e-05 3.74231e-03 4.66829e-06 2.70731e-11 6.31602e-03
6.79688e+00 3.35375e-06 -4.29276e-05 3.73013e-03 4.63796e-06 2.68827e-11 6.29538e-03
6.80420e+00 3.33115e-06 -4.28878e-05 3.71800e-03 4.60786e-06 2.66938e-11 6.27483e-03
6.81152e+00 3.30874e-06 -4.28478e-05 3.70593e-03 4.57798e-06 2.65064e-11 6.25438e-03
6.81885e+00 3.28649e-06 -4.28082e-05 3.69391e-03 4.54833e-06 2.63203e-11 6.23400e-03
6.82617e+00 3.26443e-06 -4.27683e-05 3.68194e-03 4.51891e-06 2.61356e-11 6.21372e-03
6.83350e+00 3.24252e-06 -4.27287e-05 3.67003e-03 4.48970e-06 2.59523e-11 6.19353e-03
6.84082e+00 3.22080e-06 -4.26889e-05 3.65816e-03 4.46071e-06 2.57704e-11 6.17342e-03
6.84814e+00 3.19924e-06 -4.26494e-05 3.64634e-03 4.43194e-06 2.55898e-11 6.15339e-03
6.85547e+00 3.17786e-06 -4.26097e-05 3.63458e-03 4.40339e-06 2.54105e-11 6.13345e-03
6.86279e+00 3.15662e-06 -4.25703e-05 3.62286e-03 4.37504e-06 2.52325e-11 6.11360e-03
6.87012e+00 3.13558e-06 -4.25306e-05 3.61120e-03 4.34691e-06 2.50558e-11 6.09383e-03
6.87744e+00 3.11467e-06 -4.24913e-05 3.59958e-03 4.31899e-06 2.48804e-11 6.07415e-03
6.88477e+00 3.09395e-06 -4.24518e-05 3.58801e-03 4.29128e-06 2.47063e-11 6.05454e-03
6.89209e+00 3.07337e-06 -4.24125e-05 3.57650e-03 4.26378e-06 2.45334e-11 6.03503e-03
6.89941e+00 3.05297e-06 -4.23731e-05 3.56503e-03 4.23647e-06 2.43617e-11 6.01559e-03
6.90674e+00 3.03271e-06 -4.23339e-05 3.55361e-03 4.20938e-06 2.41913e-11 5.99624e-03
6.91406e+00 3.01262e-06 -4.22945e-05 3.54224e-03 4.18248e-06 2.40221e-11 5.97697e-03
6.92139e+00 2.99267e-06 -4.22554e-05 3.53091e-03 4.15578e-06 2.38542e-11 5.95778e-03
6.92871e+00 2.97289e-06 -4.22161e-05 3.51964e-03 4.12928e-06 2.36874e-11 5.93867e-03
6.93604e+00 2.95325e-06 -4.21772e-05 3.50841e-03 4.10298e-06 2.35217e-11 5.91964e-03
6.94336e+00 2.93378e-06 -4.21379e-05 3.49723e-03 4.07687e-06 2.33573e-11 5.90069e-03
6.95068e+00 2.91444e-06 -4.20990e-05 3.48609e-03 4.05095e-06 2.31940e-11 5.88183e-03
6.95801e+00 2.89527e-06 -4.20599e-05 3.47501e-03 4.02522e-06 2.30319e-11 5.86304e-03
6.96533e+00 2.87622e-06 -4.20211e-05 3.46397e-03 3.99969e-06 2.28709e-11 5.84433e-03
6.97266e+00 2.85735e-06 -4.19820e-05 3.45297e-03 3.97434e-06 2.27111e-11 5.82570e-03
6.97998e+00 2.83859e-06 -4.19433e-05 3.44203e-03 3.94917e-06 2.25523e-11 5.80715e-03
6.98730e+00 2.82001e-06 -4.19043e-05 3.43112e-03 3.92420e-06 2.23947e-11 5.78867e-03
6.99463e+00 2.80154e-06 -4.18656e-05 3.42027e-03 3.89940e-06 2.22382e-11 5.77027e-03
7.00195e+00 2.78324e-06 -4.18267e-05 3.40946e-03 3.87479e-06 2.20828e-11 5.75195e-03
7.00928e+00 2.76506e-06 -4.17881e-05 3.39869e-03 3.85036e-06 2.19285e-11 5.73371e-03
7.01660e+00 2.74703e-06 -4.17493e-05 3.38797e-03 3.82610e-06 2.17752e-11 5.71554e-03
7.02393e+00 2.72913e-06 -4.17108e-05 3.37729e-03 3.80203e-06 2.16231e-11 5.69745e-03
7.03125e+00 2.71138e-06 -4.16721e-05 3.36666e-03 3.77813e-06 2.14719e-11 5.67943e-03
7.03857e+00 2.69375e-06 -4.16337e-05 3.35607e-03 3.75440e-06 2.13219e-11 5.66149e-03
7.04590e+00 2.67627e-06 -4.15950e-05 3.34553e-03 3.73084e-06 2.11729e-11 5.64362e-03
7.05322e+00 2.65890e-06 -4.15567e-05 3.33503e-03 3.70746e-06 2.10249e-11 5.62583e-03
7.06055e+00 2.64169e-06 -4.15181e-05 3.32457e-03 3.68425e-06 2.08780e-11 5.60811e-03
7.06787e+00 2.62459e-06 -4.14798e-05 3.31416e-03 3.66121e-06 2.07321e-11 5.59046e-03
7.07520e+00 2.60763e-06 -4.14413e-05 3.30379e-03 3.63833e-06 2.05872e-11 5.57289e-03
7.08252e+00 2.59079e-06 -4.14031e-05 3.29346e-03 3.61562e-06 2.04434e-11 5.55539e-03
7.08984e+00 2.57409e-06 -4.13647e-05 3.28318e-03 3.59307e-06 2.03005e-11 5.53796e-03
7.09717e+00 2.55750e-06 -4.13266e-05 3.27294e-03 3.57069e-06 2.01587e-11 5.52060e-03
7.10449e+00 2.54106e-06 -4.12883e-05 3.26274e-03 3.54847e-06 2.00178e-11 5.50331e-03
7.11182e+00 2.52472e-06 -4.12502e-05 3.25258e-03 3.52640e-06 1.98780e-11 5.48610e-03
7.11914e+00 2.50852e-06 -4.12120e-05 3.24246e-03 3.50450e-06 1.97391e-11 5.46896e-03
7.12646e+00 2.49243e-06 -4.11740e-05 3.23239e-03 3.48276e-06 1.96012e-11 5.45188e-03
7.13379e+00 2.47647e-06 -4.11359e-05 3.22235e-03 3.46117e-06 1.94642e-11 5.43488e-03
7.14111e+00 2.46062e-06 -4.10980e-05 3.21236e-03 3.43974e-06 1.93283e-11 5.41795e-03
7.14844e+00 2.44490e-06 -4.10599e-05 3.20241e-03 3.41846e-06 1.91933e-11 5.40108e-03
7.15576e+00 2.42928e-06 -4.10221e-05 3.19250e-03 3.39733e-06 1.90592e-11 5.38429e-03
7.16309e+00 2.41380e-06 -4.09840e-05 3.18263e-03 3.37636e-06 1.89261e-11 5.36756e-03
7.17041e+00 2.39842e-06 -4.09463e-05 3.17280e-03 3.35553e-06 1.87940e-11 5.35090e-03
7.17773e+00 2.38316e-06 -4.09084e-05 3.16301e-03 3.33485e-06 1.86627e-11 5.33431e-03
7.18506e+00 2.36801e-06 -4.08707e-05 3.15326e-03 3.31433e-06 1.85325e-11 5.31779e-03
7.19238e+00 2.35298e-06 -4.08328e-05 3.14355e-03 3.29394e-06 1.84031e-11 5.30134e-03
7.19971e+00 2.33805e-06 -4.07952e-05 3.13388e-03 3.27371e-06 1.82747e-11 5.28495e-03
7.20703e+00 2.32325e-06 -4.07575e-05 3.12425e-03 3.25362e-06 1.81471e-11 5.26863e-03
7.21436e+00 2.30853e-06 -4.07199e-05 3.11465e-03 3.23367e-06 1.80205e-11 5.25237e-03
7.22168e+00 2.29395e-06 -4.06822e-05 3.10510e-03 3.21386e-06 1.78948e-11 5.23618e-03
7.22900e+00 2.27945e-06 -4.06448e-05 3.09558e-03 3.19419e-06 1.77700e-11 5.22006e-03
7.23633e+00 2.26508e-06 -4.06072e-05 3.08611e-03 3.17466e-06 1.76461e-11 5.20400e-03
7.24365e+00 2.25080e-06 -4.05698e-05 3.07667e-03 3.15527e-06 1.75231e-11 5.18800e-03
7.25098e+00 2.23664e-06 -4.05322e-05 3.06727e-03 3.13602e-06 1.74009e-11 5.17207e-03
7.25830e+00 2.22257e-06 -4.04949e-05 3.05791e-03 3.11691e-06 1.72797e-11 5.15621e-03
7.26562e+00 2.20862e-06 -4.04574e-05 3.04858e-03 3.09793e-06 1.71593e-11 5.14041e-03
7.27295e+00 2.19475e-06 -4.04202e-05 3.03930e-03 3.07908e-06 1.70398e-11 5.12467e-03
7.28027e+00 2.18100e-06 -4.03828e-05 3.03005e-03 3.06037e-06 1.69211e-11 5.10899e-03
7.28760e+00 2.16733e-06 -4.03457e-05 3.02083e-03 3.04179e-06 1.68033e-11 5.09338e-03
7.29492e+00 2.15379e-06 -4.03083e-05 3.01166e-03 3.02333e-06 1.66864e-11 5.07783e-03
7.30225e+00 2.14032e-06 -4.02712e-05 3.00252e-03 3.00501e-06 1.65703e-11 5.06235e-03
7.30957e+00 2.12697e-06 -4.02340e-05 2.99342e-03 2.98682e-06 1.64551e-11 5.04692e-03
7.31689e+00 2.11369e-06 -4.01970e-05 2.98435e-03 2.96876e-06 1.63406e-11 5.03156e-03
7.32422e+00 2.10054e-06 -4.01598e-05 2.97532e-03 2.95082e-06 1.62271e-11 5.01626e-03
7.33154e+00 2.08746e-06 -4.01229e-05 2.96633e-03 2.93300e-06 1.61143e-11 5.00102e-03
7.33887e+00 2.07449e-06 -4.00858e-05 2.95737e-03 2.91532e-06 1.60024e-11 4.98584e-03
7.34619e+00 2.06160e-06 -4.00489e-05 2.94845e-03 2.89775e-06 1.58912e-11 4.97072e-03
7.35352e+00 2.04881e-06 -4.00119e-05 2.93956e-03 2.88031e-06 1.57809e-11 4.95566e-03
7.36084e+00 2.03611e-06 -3.99751e-05 2.93071e-03 2.86299e-06 1.56714e-11 4.94066e-03
7.36816e+00 2.02351e-06 -3.99381e-05 2.92189e-03 2.84579e-06 1.55627e-11 4.92572e-03
7.37549e+00 2.01098e-06 -3.99014e-05 2.91311e-03 2.82871e-06 1.54548e-11 4.91084e-03
7.38281e+00 1.99857e-06 -3.98645e-05 2.90437e-03 2.81175e-06 1.53477e-11 4.89602e-03
7.39014e+00 1.98622e-06 -3.98278e-05 2.89566e-03 2.79491e-06 1.52413e-11 4.88126e-03
7.39746e+00 1.97398e-06 -3.97910e-05 2.88698e-03 2.77818e-06 1.51358e-11 4.86655e-03
7.40479e+00 1.96181e-06 -3.97544e-05 2.87834e-03 2.76157e-06 1.50310e-11 4.85191e-03
7.41211e+00 1.94975e-06 -3.97177e-05 2.86973e-03 2.74508e-06 1.49270e-11 4.83732e-03
7.41943e+00 1.93775e-06 -3.96812e-05 2.86115e-03 2.72870e-06 1.48237e-11 4.82279e-03
7.42676e+00 1.92586e-06 -3.96445e-05 2.85261e-03 2.71243e-06 1.47212e-11 4.80831e-03
7.43408e+00 1.91403e-06 -3.96081e-05 2.84410e-03 2.69627e-06 1.46195e-11 4.79390e-03
7.44141e+00 1.90231e-06 -3.95715e-05 2.83563e-03 2.68023e-06 1.45185e-11 4.77954e-03
7.44873e+00 1.89065e-06 -3.95351e-05 2.82719e-03 2.66430e-06 1.44182e-11 4.76523e-03
7.45605e+00 1.87909e-06 -3.94986e-05 2.81878e-03 2.64847e-06 1.43187e-11 4.75099e-03
7.46338e+00 1.86760e-06 -3.94623e-05 2.81041e-03 2.63276e-06 1.42199e-11 4.73679e-03
7.47070e+00 1.85620e-06 -3.94258e-05 2.80207e-03 2.61715e-06 1.41218e-11 4.72266e-03
7.47803e+00 1.84487e-06 -3.93896e-05 2.79376e-03 2.60166e-06 1.40245e-11 4.70858e-03
7.48535e+00 1.83363e-06 -3.93532e-05 2.78548e-03 2.58626e-06 1.39278e-11 4.69455e-03
7.49268e+00 1.82246e-06 -3.93170e-05 2.77724e-03 2.57098e-06 1.38319e-11 4.68058e-03
7.50000e+00 1.81138e-06 -3.92807e-05 2.76902e-03 2.55579e-06 1.37367e-11 4.66667e-03
7.50732e+00 1.80037e-06 -3.92446e-05 2.76084e-03 2.54071e-06 1.36422e-11 4.65280e-03
7.51465e+00 1.78945e-06 -3.92084e-05 2.75270e-03 2.52574e-06 1.35483e-11 4.63900e-03
7.52197e+00 1.77859e-06 -3.91723e-05 2.74458e-03 2.51087e-06 1.34552e-11 4.62524e-03
7.52930e+00 1.76782e-06 -3.91362e-05 2.73649e-03 2.49609e-06 1.33627e-11 4.61154e-03
7.53662e+00 1.75711e-06 -3.91002e-05 2.72844e-03 2.48142e-06 1.32710e-11 4.59789e-03
7.54395e+00 1.74649e-06 -3.90641e-05 2.72042e-03 2.46685e-06 1.31798e-11 4.58430e-03
7.55127e+00 1.73593e-06 -3.90282e-05 2.71243e-03 2.45238e-06 1.30894e-11 4.57076e-03
7.55859e+00 1.72546e-06 -3.89922e-05 2.70447e-03 2.43801e-06 1.29996e-11 4.55727e-03
7.56592e+00 1.71505e-06 -3.89564e-05 2.69654e-03 2.42373e-06 1.29105e-11 4.54383e-03
7.57324e+00 1.70472e-06 -3.89204e-05 2.68864e-03 2.40955e-06 1.28220e-11 4.53045e-03
7.58057e+00 1.69446e-06 -3.88846e-05 2.68077e-03 2.39547e-06 1.27342e-11 4.51711e-03
7.58789e+00 1.68428e-06 -3.88487e-05 2.67293e-03 2.38148e-06 1.26470e-11 4.50383e-03
7.59521e+00 1.67415e-06 -3.88130e-05 2.66512e-03 2.36759e-06 1.25605e-11 4.49060e-03
7.60254e+00 1.66411e-06 -3.87772e-05 2.65735e-03 2.35379e-06 1.24746e-11 4.47742e-03
7.60986e+00 1.65413e-06 -3.87416e-05 2.64960e-03 2.34008e-06 1.23893e-11 4.46429e-03
7.61719e+00 1.64422e-06 -3.87058e-05 2.64188e-03 2.32647e-06 1.23046e-11 4.45121e-03
7.62451e+00 1.63438e-06 -3.86703e-05 2.63419e-03 2.31294e-06 1.22206e-11 4.43818e-03
7.63184e+00 1.62461e-06 -3.86346e-05 2.62653e-03 2.29951e-06 1.21371e-11 4.42520e-03
7.63916e+00 1.61490e-06 -3.85991e-05 2.61890e-03 2.28617e-06 1.20543e-11 4.41228e-03
7.64648e+00 1.60527e-06 -3.85635e-05 2.61130e-03 2.27292e-06 1.19721e-11 4.39940e-03
7.65381e+00 1.59569e-06 -3.85281e-05 2.60373e-03 2.25976e-06 1.18905e-11 4.38657e-03
7.66113e+00 1.58620e-06 -3.84925e-05 2.59619e-03 2.24669e-06 1.18094e-11 4.37378e-03
7.66846e+00 1.57675e-06 -3.84571e-05 2.58868e-03 2.23370e-06 1.17290e-11 4.36105e-03
7.67578e+00 1.56738e-06 -3.84216e-05 2.58119e-03 2.22080e-06 1.16491e-11 4.34837e-03
7.68311e+00 1.55807e-06 -3.83864e-05 2.57374e-03 2.20799e-06 1.15698e-11 4.33573e-03
7.69043e+00 1.54883e-06 -3.83509e-05 2.56631e-03 2.19526e-06 1.14911e-11 4.32315e-03
7.69775e+00 1.53964e-06 -3.83157e-05 2.55891e-03 2.18262e-06 1.14129e-11 4.31061e-03
7.70508e+00 1.53053e-06 -3.82804e-05 2.55154e-03 2.17006e-06 1.13354e-11 4.29811e-03
7.71240e+00 1.52147e-06 -3.82452e-05 2.54419e-03 2.15759e-06 1.12583e-11 4.28567e-03
7.71973e+00 1.51248e-06 -3.82099e-05 2.53688e-03 2.14519e-06 1.11819e-11 4.27327e-03
7.72705e+00 1.50354e-06 -3.81748e-05 2.52959e-03 2.13288e-06 1.11059e-11 4.26092e-03
7.73438e+00 1.49468e-06 -3.81396e-05 2.52233e-03 2.12066e-06 1.10306e-11 4.24862e-03
7.74170e+00 1.48586e-06 -3.81046e-05 2.51509e-03 2.10851e-06 1.09557e-11 4.23636e-03
7.74902e+00 1.47711e-06 -3.80694e-05 2.50789e-03 2.09645e-06 1.08814e-11 4.22415e-03
7.75635e+00 1.46842e-06 -3.80344e-05 2.50071e-03 2.08446e-06 1.08077e-11 4.21198e-03
7.76367e+00 1.45979e-06 -3.79994e-05 2.49356e-03 2.07255e-06 1.07344e-11 4.19987e-03
7.77100e+00 1.45121e-06 -3.79645e-05 2.48643e-03 2.06073e-06 1.06617e-11 4.18779e-03
7.77832e+00 1.44270e-06 -3.79294e-05 2.47933e-03 2.04898e-06 1.05895e-11 4.17576e-03
7.78564e+00 1.43424e-06 -3.78946e-05 2.47226e-03 2.03731e-06 1.05179e-11 4.16378e-03
7.79297e+00 1.42585e-06 -3.78596e-05 2.46522e-03 2.02571e-06 1.04467e-11 4.15184e-03
7.80029e+00 1.41750e-06 -3.78249e-05 2.45820e-03 2.01419e-06 1.03761e-11 4.13995e-03
7.80762e+00 1.40922e-06 -3.77900e-05 2.45121e-03 2.00275e-06 1.03059e-11 4.12810e-03
7.81494e+00 1.40098e-06 -3.77553e-05 2.44424e-03 1.99138e-06 1.02363e-11 4.11630e-03
7.82227e+00 1.39282e-06 -3.77204e-05 2.43730e-03 1.98009e-06 1.01671e-11 4.10454e-03
7.82959e+00 1.38469e-06 -3.76858e-05 2.43039e-03 1.96887e-06 1.00984e-11 4.09282e-03
7.83691e+00 1.37663e-06 -3.76510e-05 2.42350e-03 1.95773e-06 1.00303e-11 4.08115e-03
7.84424e+00 1.36862e-06 -3.76164e-05 2.41664e-03 1.94666e-06 9.96256e-12 4.06952e-03
7.85156e+00 1.36067e-06 -3.75817e-05 2.40980e-03 1.93566e-06 9.89534e-12 4.05794e-03
7.85889e+00 1.35276e-06 -3.75472e-05 2.40299e-03 1.92473e-06 9.82861e-12 4.04640e-03
7.86621e+00 1.34492e-06 -3.75126e-05 2.39621e-03 1.91387e-06 9.76234e-12 4.03490e-03
7.87354e+00 1.33712e-06 -3.74781e-05 2.38945e-03 1.90309e-06 9.69654e-12 4.02344e-03
7.88086e+00 1.32938e-06 -3.74436e-05 2.38271e-03 1.89237e-06 9.63121e-12 4.01203e-03
7.88818e+00 1.32168e-06 -3.74092e-05 2.37600e-03 1.88173e-06 9.56634e-12 4.00066e-03
7.89551e+00 1.31405e-06 -3.73747e-05 2.36931e-03 1.87115e-06 9.50193e-12 3.98933e-03
7.90283e+00 1.30645e-06 -3.73403e-05 2.36265e-03 1.86065e-06 9.43797e-12 3.97804e-03
7.91016e+00 1.29892e-06 -3.73059e-05 2.35602e-03 1.85021e-06 9.37446e-12 3.96679e-03
7.91748e+00 1.29143e-06 -3.72716e-05 2.34940e-03 1.83984e-06 9.31139e-12 3.95559e-03
7.92480e+00 1.28400e-06 -3.72372e-05 2.34282e-03 1.82953e-06 9.24878e-12 3.94443e-03
7.93213e+00 1.27661e-06 -3.72030e-05 2.33625e-03 1.81930e-06 9.18660e-12 3.93331e-03
7.93945e+00 1.26927e-06 -3.71687e-05 2.32972e-03 1.80913e-06 9.12485e-12 3.92223e-03
7.94678e+00 1.26198e-06 -3.71346e-05 2.32320e-03 1.79902e-06 9.06354e-12 3.91119e-03
7.95410e+00 1.25474e-06 -3.71003e-05 2.31671e-03 1.78898e-06 9.00266e-12 3.90019e-03
7.96143e+00 1.24755e-06 -3.70662e-05 2.31024e-03 1.77901e-06 8.94221e-12 3.88923e-03
7.96875e+00 1.24041e-06 -3.70320e-05 2.30380e-03 1.76910e-06 8.88218e-12 3.87831e-03
7.97607e+00 1.23331e-06 -3.69980e-05 2.29738e-03 1.75925e-06 8.82257e-12 3.86743e-03
7.98340e+00 1.22626e-06 -3.69639e-05 2.29098e-03 1.74947e-06 8.76338e-12 3.85659e-03
7.99072e+00 1.21925e-06 -3.69299e-05 2.28461e-03 1.73975e-06 8.70460e-12 3.84580e-03
7.99805e+00 1.21230e-06 -3.68959e-05 2.27826e-03 1.73009e-06 8.64623e-12 3.83504e-03
8.00537e+00 1.20539e-06 -3.68620e-05 2.27194e-03 1.72050e-06 8.58826e-12 3.82432e-03
8.01270e+00 1.19853e-06 -3.68280e-05 2.26563e-03 1.71096e-06 8.53071e-12 3.81364e-03
8.02002e+00 1.19170e-06 -3.67941e-05 2.25935e-03 1.70149e-06 8.47355e-12 3.80300e-03
8.02734e+00 1.18493e-06 -3.67602e-05 2.25310e-03 1.69208e-06 8.41679e-12 3.79239e-03
8.03467e+00 1.17820e-06 -3.67264e-05 2.24686e-03 1.68273e-06 8.36043e-12 3.78183e-03
8.04199e+00 1.17152e-06 -3.66925e-05 2.24065e-03 1.67343e-06 8.30446e-12 3.77130e-03
8.04932e+00 1.16487e-06 -3.66588e-05 2.23446e-03 1.66420e-06 8.24888e-12 3.76082e-03
8.05664e+00 1.15828e-06 -3.66250e-05 2.22830e-03 1.65503e-06 8.19368e-12 3.75037e-03
8.06396e+00 1.15172e-06 -3.65913e-05 2.22215e-03 1.64591e-06 8.13887e-12 3.73996e-03
8.07129e+00 1.14522e-06 -3.65575e-05 2.21603e-03 1.63686e-06 8.08444e-12 3.72958e-03
8.07861e+00 1.13874e-06 -3.65239e-05 2.20993e-03 1.62786e-06 8.03038e-12 3.71925e-03
8.08594e+00 1.13232e-06 -3.64902e-05 2.20385e-03 1.61892e-06 7.97671e-12 3.70895e-03
8.09326e+00 1.12593e-06 -3.64567e-05 2.19780e-03 1.61003e-06 7.92340e-12 3.69869e-03
8.10059e+00 1.11960e-06 -3.64231e-05 2.19176e-03 1.60120e-06 7.87047e-12 3.68846e-03
8.10791e+00 1.11329e-06 -3.63896e-05 2.18575e-03 1.59243e-06 7.81790e-12 3.67827e-03
8.11523e+00 1.10704e-06 -3.63560e-05 2.17976e-03 1.58371e-06 7.76569e-12 3.66812e-03
8.12256e+00 1.10081e-06 -3.63226e-05 2.17379e-03 1.57505e-06 7.71385e-12 3.65801e-03
8.12988e+00 1.09464e-06 -3.62891e-05 2.16785e-03 1.56644e-06 7.66236e-12 3.64793e-03
8.13721e+00 1.08850e-06 -3.62557e-05 2.16192e-03 1.55789e-06 7.61124e-12 3.63789e-03
8.14453e+00 1.08241e-06 -3.62222e-05 2.15601e-03 1.54939e-06 7.56046e-12 3.62788e-03
8.15186e+00 1.07634e-06 -3.61889e-05 2.15013e-03 1.54095e-06 7.51004e-12 3.61792e-03
8.15918e+00 1.07033e-06 -3.61555e-05 2.14427e-03 1.53255e-06 7.45996e-12 3.60798e-03
8.16650e+00 1.06434e-06 -3.61223e-05 2.13843e-03 1.52421e-06 7.41023e-12 3.59808e-03
8.17383e+00 1.05841e-06 -3.60889e-05 2.13261e-03 1.51593e-06 7.36085e-12 3.58822e-03
8.18115e+00 1.05250e-06 -3.60558e-05 2.12681e-03 1.50769e-06 7.31180e-12 3.57839e-03
8.18848e+00 1.04664e-06 -3.60225e-05 2.12103e-03 1.49951e-06 7.26310e-12 3.56860e-03
8.19580e+00 1.04081e-06 -3.59893e-05 2.11527e-03 1.49138e-06 7.21473e-12 3.55884e-03
8.20312e+00 1.03503e-06 -3.59561e-05 2.10953e-03 1.48330e-06 7.16669e-12 3.54912e-03
8.21045e+00 1.02927e-06 -3.59231e-05 2.10382e-03 1.47527e-06 7.11899e-12 3.53943e-03
8.21777e+00 1.02356e-06 -3.58899e-05 2.09812e-03 1.46729e-06 7.07161e-12 3.52978e-03
8.22510e+00 1.01788e-06 -3.58569e-05 2.09244e-03 1.45936e-06 7.02456e-12 3.52016e-03
8.23242e+00 1.01224e-06 -3.58238e-05 2.08679e-03 1.45148e-06 6.97784e-12 3.51058e-03
8.23975e+00 1.00664e-06 -3.57908e-05 2.08115e-03 1.44365e-06 6.93144e-12 3.50103e-03
8.24707e+00 1.00107e-06 -3.57578e-05 2.07554e-03 1.43587e-06 6.88535e-12 3.49151e-03
8.25439e+00 9.95535e-07 -3.57249e-05 2.06994e-03 1.42813e-06 6.83959e-12 3.48203e-03
8.26172e+00 9.90042e-07 -3.56919e-05 2.06436e-03 1.42045e-06 6.79414e-12 3.47258e-03
8.26904e+00 9.84576e-07 -3.56590e-05 2.05881e-03 1.41281e-06 6.74900e-12 3.46316e-03
8.27637e+00 9.79154e-07 -3.56261e-05 2.05327e-03 1.40522e-06 6.70417e-12 3.45378e-03
8.28369e+00 9.73757e-07 -3.55933e-05 2.04775e-03 1.39768e-06 6.65965e-12 3.44443e-03
8.29102e+00 9.68404e-07 -3.55604e-05 2.04225e-03 1.39018e-06 6.61544e-12 3.43511e-03
8.29834e+00 9.63075e-07 -3.55277e-05 2.03677e-03 1.38273e-06 6.57153e-12 3.42583e-03
8.30566e+00 9.57790e-07 -3.54949e-05 2.03132e-03 1.37533e-06 6.52792e-12 3.41658e-03
8.31299e+00 9.52530e-07 -3.54622e-05 2.02588e-03 1.36797e-06 6.48461e-12 3.40736e-03
8.32031e+00 9.47312e-07 -3.54295e-05 2.02045e-03 1.36066e-06 6.44160e-12 3.39818e-03
8.32764e+00 9.42118e-07 -3.53969e-05 2.01505e-03 1.35339e-06 6.39888e-12 3.38902e-03
8.33496e+00 9.36967e-07 -3.53641e-05 2.00967e-03 1.34617e-06 6.35646e-12 3.37990e-03
8.34229e+00 9.31838e-07 -3.53316e-05 2.00431e-03 1.33899e-06 6.31433e-12 3.37081e-03
8.34961e+00 9.26752e-07 -3.52989e-05 1.99896e-03 1.33186e-06 6.27249e-12 3.36175e-03
8.35693e+00 9.21689e-07 -3.52664e-05 1.99363e-03 1.32477e-06 6.23093e-12 3.35273e-03
8.36426e+00 9.16667e-07 -3.52338e-05 1.98833e-03 1.31772e-06 6.18966e-12 3.34373e-03
8.37158e+00 9.11667e-07 -3.52014e-05 1.98304e-03 1.31072e-06 6.14868e-12 3.33477e-03
8.37891e+00 9.06708e-07 -3.51689e-05 1.97777e-03 1.30376e-06 6.10797e-12 3.32584e-03
8.38623e+00 9.01771e-07 -3.51365e-05 1.97251e-03 1.29685e-06 6.06754e-12 3.31694e-03
8.39355e+00 8.96875e-07 -3.51040e-05 1.96728e-03 1.28997e-06 6.02739e-12 3.30807e-03
8.40088e+00 8.92000e-07 -3.50717e-05 1.96206e-03 1.28314e-06 5.98752e-12 3.29923e-03
8.40820e+00 8.87166e-07 -3.50392e-05 1.95686e-03 1.27635e-06 5.94791e-12 3.29042e-03
8.41553e+00 8.82352e-07 -3.50070e-05 1.95169e-03 1.26960e-06 5.90858e-12 3.28165e-03
8.42285e+00 8.77578e-07 -3.49746e-05 1.94652e-03 1.26289e-06 5.86952e-12 3.27290e-03
8.43018e+00 8.72824e-07 -3.49424e-05 1.94138e-03 1.25623e-06 5.83073e-12 3.26418e-03
8.43750e+00 8.68110e-07 -3.49101e-05 1.93625e-03 1.24960e-06 5.79220e-12 3.25550e-03
8.44482e+00 8.63416e-07 -3.48779e-05 1.93115e-03 1.24302e-06 5.75393e-12 3.24684e-03
8.45215e+00 8.58760e-07 -3.48456e-05 1.92605e-03 1.23647e-06 5.71593e-12 3.23822e-03
8.45947e+00 8.54125e-07 -3.48135e-05 1.92098e-03 1.22996e-06 5.67818e-12 3.22962e-03
8.46680e+00 8.49528e-07 -3.47813e-05 1.91593e-03 1.22350e-06 5.64069e-12 3.22105e-03
8.47412e+00 8.44950e-07 -3.47493e-05 1.91089e-03 1.21707e-06 5.60346e-12 3.21252e-03
8.48145e+00 8.40410e-07 -3.47171e-05 1.90587e-03 1.21068e-06 5.56648e-12 3.20401e-03
8.48877e+00 8.35889e-07 -3.46851e-05 1.90087e-03 1.20434e-06 5.52976e-12 3.19553e-03
8.49609e+00 8.31405e-07 -3.46530e-05 1.89588e-03 1.19802e-06 5.49328e-12 3.18708e-03
8.50342e+00 8.26940e-07 -3.46211e-05 1.89091e-03 1.19175e-06 5.45706e-12 3.17867e-03
8.51074e+00 8.22512e-07 -3.45890e-05 1.88596e-03 1.18552e-06 5.42108e-12 3.17027e-03
8.51807e+00 8.18102e-07 -3.45571e-05 1.88102e-03 1.17932e-06 5.38535e-12 3.16191e-03
8.52539e+00 8.13729e-07 -3.45251e-05 1.87611e-03 1.17316e-06 5.34986e-12 3.15358e-03
8.53271e+00 8.09374e-07 -3.44933e-05 1.87121e-03 1.16704e-06 5.31461e-12 3.14528e-03
8.54004e+00 8.05055e-07 -3.44614e-05 1.86632e-03 1.16095e-06 5.27960e-12 3.13700e-03
8.54736e+00 8.00754e-07 -3.44296e-05 1.86145e-03 1.15491e-06 5.24483e-12 3.12875e-03
8.55469e+00 7.96487e-07 -3.43977e-05 1.85660e-03 1.14889e-06 5.21030e-12 3.12053e-03
8.56201e+00 7.92239e-07 -3.43660e-05 1.85177e-03 1.14292e-06 5.17600e-12 3.11234e-03
8.56934e+00 7.88026e-07 -3.43341e-05 1.84695e-03 1.13698e-06 5.14193e-12 3.10418e-03
8.57666e+00 7.83830e-07 -3.43025e-05 1.84215e-03 1.13107e-06 5.10810e-12 3.09604e-03
8.58398e+00 7.79668e-07 -3.42707e-05 1.83737e-03 1.12520e-06 5.07449e-12 3.08793e-03
8.59131e+00 7.75523e-07 -3.42391e-05 1.83260e-03 1.11937e-06 5.04112e-12 3.07985e-03
8.59863e+00 7.71413e-07 -3.42074e-05 1.82784e-03 1.11357e-06 5.00797e-12 3.07180e-03
8.60596e+00 7.67319e-07 -3.41758e-05 1.82311e-03 1.10781e-06 4.97504e-12 3.06378e-03
8.61328e+00 7.63259e-07 -3.41441e-05 1.81839e-03 1.10208e-06 4.94234e-12 3.05578e-03
8.62061e+00 7.59215e-07 -3.41126e-05 1.81368e-03 1.09638e-06 4.90986e-12 3.04781e-03
8.62793e+00 7.55204e-07 -3.40810e-05 1.80900e-03 1.09072e-06 4.87761e-12 3.03986e-03
8.63525e+00 7.51210e-07 -3.40495e-05 1.80432e-03 1.08509e-06 4.84557e-12 3.03195e-03
8.64258e+00 7.47248e-07 -3.40180e-05 1.79967e-03 1.07950e-06 4.81374e-12 3.02406e-03
8.64990e+00 7.43303e-07 -3.39865e-05 1.79503e-03 1.07394e-06 4.78213e-12 3.01619e-03
8.65723e+00 7.39389e-07 -3.39550e-05 1.79040e-03 1.06841e-06 4.75074e-12 3.00836e-03
8.66455e+00 7.35492e-07 -3.39237e-05 1.78579e-03 1.06292e-06 4.71956e-12 3.00055e-03
8.67188e+00 7.31626e-07 -3.38922e-05 1.78120e-03 1.05745e-06 4.68859e-12 2.99276e-03
8.67920e+00 7.27776e-07 -3.38609e-05 1.77662e-03 1.05202e-06 4.65783e-12 2.98501e-03
8.68652e+00 7.23957e-07 -3.38295e-05 1.77206e-03 1.04663e-06 4.62727e-12 2.97727e-03
8.69385e+00 7.20153e-07 -3.37982e-05 1.76751e-03 1.04126e-06 4.59693e-12 2.96957e-03
8.70117e+00 7.16381e-07 -3.37669e-05 1.76298e-03 1.03593e-06 4.56679e-12 2.96189e-03
8.70850e+00 7.12623e-07 -3.37357e-05 1.75846e-03 1.03062e-06 4.53685e-12 2.95424e-03
8.71582e+00 7.08896e-07 -3.37044e-05 1.75396e-03 1.02535e-06 4.50711e-12 2.94661e-03
8.72314e+00 7.05184e-07 -3.36732e-05 1.74947e-03 1.02011e-06 4.47758e-12 2.93901e-03
8.73047e+00 7.01502e-07 -3.36420e-05 1.74500e-03 1.01490e-06 4.44824e-12 2.93143e-03
8.73779e+00 6.97835e-07 -3.36109e-05 1.74054e-03 1.00973e-06 4.41910e-12 2.92388e-03
8.74512e+00 6.94197e-07 -3.35797e-05 1.73610e-03 1.00458e-06 4.39016e-12 2.91635e-03
8.75244e+00 6.90574e-07 -3.35486e-05 1.73168e-03 9.99461e-07 4.36141e-12 2.90885e-03
8.75977e+00 6.86981e-07 -3.35175e-05 1.72726e-03 9.94373e-07 4.33286e-12 2.90137e-03
8.76709e+00 6.83401e-07 -3.34865e-05 1.72287e-03 9.89316e-07 4.30450e-12 2.89392e-03
8.77441e+00 6.79850e-07 -3.34554e-05 1.71848e-03 9.84288e-07 4.27632e-12 2.88650e-03
8.78174e+00 6.76314e-07 -3.34244e-05 1.71412e-03 9.79290e-07 4.24834e-12 2.87910e-03
8.78906e+00 6.72806e-07 -3.33934e-05 1.70976e-03 9.74321e-07 4.22055e-12 2.87172e-03
8.79639e+00 6.69312e-07 -3.33625e-05 1.70542e-03 9.69381e-07 4.19294e-12 2.86437e-03
8.80371e+00 6.65846e-07 -3.33315e-05 1.70110e-03 9.64470e-07 4.16552e-12 2.85704e-03
8.81104e+00 6.62393e-07 -3.33007e-05 1.69679e-03 9.59588e-07 4.13828e-12 2.84974e-03
8.81836e+00 6.58969e-07 -3.32697e-05 1.69249e-03 9.54734e-07 4.11123e-12 2.84246e-03
8.82568e+00 6.55558e-07 -3.32389e-05 1.68821e-03 9.49909e-07 4.08436e-12 2.83520e-03
8.83301e+00 6.52174e-07 -3.32080e-05 1.68394e-03 9.45111e-07 4.05766e-12 2.82797e-03
8.84033e+00 6.48804e-07 -3.31773e-05 1.67969e-03 9.40342e-07 4.03115e-12 2.82076e-03
8.84766e+00 6.45461e-07 -3.31464e-05 1.67545e-03 9.35600e-07 4.00481e-12 2.81358e-03
8.85498e+00 6.42130e-07 -3.31157e-05 1.67123e-03 9.30887e-07 3.97865e-12 2.80642e-03
8.86230e+00 6.38827e-07 -3.30850e-05 1.66701e-03 9.26200e-07 3.95267e-12 2.79928e-03
8.86963e+00 6.35536e-07 -3.30543e-05 1.66282e-03 9.21541e-07 3.92686e-12 2.79217e-03
8.87695e+00 6.32272e-07 -3.30236e-05 1.65863e-03 9.16909e-07 3.90122e-12 2.78508e-03
8.88428e+00 6.29020e-07 -3.29930e-05 1.65446e-03 9.12303e-07 3.87575e-12 2.77802e-03
8.89160e+00 6.25795e-07 -3.29623e-05 1.65031e-03 9.07725e-07 3.85045e-12 2.77098e-03
8.89893e+00 6.22582e-07 -3.29317e-05 1.64616e-03 9.03172e-07 3.82533e-12 2.76396e-03
8.90625e+00 6.19395e-07 -3.29011e-05 1.64204e-03 8.98647e-07 3.80037e-12 2.75696e-03
8.91357e+00 6.16219e-07 -3.28706e-05 1.63792e-03 8.94147e-07 3.77557e-12 2.74999e-03
8.92090e+00 6.13070e-07 -3.28400e-05 1.63382e-03 8.89673e-07 3.75094e-12 2.74304e-03
8.92822e+00 6.09932e-07 -3.28095e-05 1.62973e-03 8.85225e-07 3.72648e-12 2.73611e-03
8.93555e+00 6.06820e-07 -3.27790e-05 1.62566e-03 8.80803e-07 3.70218e-12 2.72921e-03
8.94287e+00 6.03719e-07 -3.27486e-05 1.62159e-03 8.76407e-07 3.67804e-12 2.72232e-03
8.95020e+00 6.00643e-07 -3.27181e-05 1.61755e-03 8.72035e-07 3.65406e-12 2.71546e-03
8.95752e+00 5.97579e-07 -3.26878e-05 1.61351e-03 8.67689e-07 3.63025e-12 2.70863e-03
8.96484e+00 5.94540e-07 -3.26573e-05 1.60949e-03 8.63368e-07 3.60659e-12 2.70181e-03
8.97217e+00 5.91511e-07 -3.26270e-05 1.60548e-03 8.59072e-07 3.58308e-12 2.69502e-03
8.97949e+00 5.88508e-07 -3.25966e-05 1.60148e-03 8.54800e-07 3.55974e-12 2.68825e-03
8.98682e+00 5.85515e-07 -3.25664e-05 1.59750e-03 8.50553e-07 3.53655e-12 2.68150e-03
8.99414e+00 5.82546e-07 -3.25360e-05 1.59353e-03 8.46330e-07 3.51351e-12 2.67477e-03
9.00146e+00 5.79588e-07 -3.25058e-05 1.58957e-03 8.42131e-07 3.49063e-12 2.66807e-03
9.00879e+00 5.76655e-07 -3.24755e-05 1.58563e-03 8.37956e-07 3.46790e-12 2.66139e-03
9.01611e+00 5.73731e-07 -3.24454e-05 1.58170e-03 8.33806e-07 3.44532e-12 2.65473e-03
9.02344e+00 5.70832e-07 -3.24151e-05 1.57778e-03 8.29679e-07 3.42289e-12 2.64809e-03
9.03076e+00 5.67943e-07 -3.23850e-05 1.57388e-03 8.25575e-07 3.40060e-12 2.64147e-03
9.03809e+00 5.65077e-07 -3.23548e-05 1.56998e-03 8.21495e-07 3.37847e-12 2.63487e-03
9.04541e+00 5.62222e-07 -3.23247e-05 1.56610e-03 8.17438e-07 3.35648e-12 2.62830e-03
9.05273e+00 5.59390e-07 -3.22946e-05 1.56223e-03 8.13404e-07 3.33464e-12 2.62174e-03
9.06006e+00 5.56567e-07 -3.22646e-05 1.55838e-03 8.09394e-07 3.31295e-12 2.61521e-03
9.06738e+00 5.53768e-07 -3.22345e-05 1.55454e-03 8.05406e-07 3.29139e-12 2.60870e-03
9.07471e+00 5.50979e-07 -3.22045e-05 1.55070e-03 8.01440e-07 3.26998e-12 2.60221e-03
9.08203e+00 5.48212e-07 -3.21745e-05 1.54689e-03 7.97497e-07 3.24871e-12 2.59574e-03
9.08936e+00 5.45455e-07 -3.21445e-05 1.54308e-03 7.93577e-07 3.22759e-12 2.58929e-03
9.09668e+00 5.42720e-07 -3.21145e-05 1.53929e-03 7.89679e-07 3.20660e-12 2.58286e-03
9.10400e+00 5.39995e-07 -3.20847e-05 1.53551e-03 7.85803e-07 3.18575e-12 2.57645e-03
9.11133e+00 5.37292e-07 -3.20547e-05 1.53174e-03 7.81948e-07 3.16504e-12 2.57007e-03
9.11865e+00 5.34598e-07 -3.20249e-05 1.52798e-03 7.78116e-07 3.14446e-12 2.56370e-03
9.12598e+00 5.31927e-07 -3.19950e-05 1.52423e-03 7.74305e-07 3.12402e-12 2.55736e-03
9.13330e+00 5.29264e-07 -3.19652e-05 1.52050e-03 7.70516e-07 3.10372e-12 2.55103e-03
9.14062e+00 5.26623e-07 -3.19353e-05 1.51678e-03 7.66748e-07 3.08355e-12 2.54472e-03
9.14795e+00 5.23991e-07 -3.19056e-05 1.51307e-03 7.63002e-07 3.06351e-12 2.53844e-03
9.15527e+00 5.21381e-07 -3.18758e-05 1.50937e-03 7.59276e-07 3.04361e-12 2.53217e-03
9.16260e+00 5.18779e-07 -3.18461e-05 1.50569e-03 7.55572e-07 3.02383e-12 2.52593e-03
9.16992e+00 5.16199e-07 -3.18163e-05 1.50201e-03 7.51888e-07 3.00419e-12 2.51970e-03
9.17725e+00 5.13627e-07 -3.17867e-05 1.49835e-03 7.48225e-07 2.98468e-12 2.51350e-03
9.18457e+00 5.11076e-07 -3.17570e-05 1.49470e-03 7.44582e-07 2.96529e-12 2.50731e-03
9.19189e+00 5.08534e-07 -3.17274e-05 1.49106e-03 7.40960e-07 2.94603e-12 2.50115e-03
9.19922e+00 5.06012e-07 -3.16977e-05 1.48743e-03 7.37359e-07 2.92690e-12 2.49500e-03
9.20654e+00 5.03499e-07 -3.16681e-05 1.48382e-03 7.33777e-07 2.90790e-12 2.48888e-03
9.21387e+00 5.01006e-07 -3.16385e-05 1.48021e-03 7.30216e-07 2.88902e-12 2.48277e-03
9.22119e+00 4.98521e-07 -3.16090e-05 1.47662e-03 7.26674e-07 2.87026e-12 2.47668e-03
9.22852e+00 4.96057e-07 -3.15794e-05 1.47304e-03 7.23153e-07 2.85163e-12 2.47061e-03
9.23584e+00 4.93601e-07 -3.15500e-05 1.46947e-03 7.19651e-07 2.83312e-12 2.46456e-03
9.24316e+00 4.91165e-07 -3.15205e-05 1.46591e-03 7.16168e-07 2.81473e-12 2.45853e-03
9.25049e+00 4.88737e-07 -3.14910e-05 1.46236e-03 7.12705e-07 2.79646e-12 2.45252e-03
9.25781e+00 4.86328e-07 -3.14616e-05 1.45883e-03 7.09261e-07 2.77832e-12 2.44653e-03
9.26514e+00 4.83928e-07 -3.14322e-05 1.45530e-03 7.05837e-07 2.76029e-12 2.44056e-03
9.27246e+00 4.81547e-07 -3.14028e-05 1.45179e-03 7.02431e-07 2.74238e-12 2.43460e-03
9.27979e+00 4.79173e-07 -3.13734e-05 1.44828e-03 6.99044e-07 2.72458e-12 2.42867e-03
9.28711e+00 4.76820e-07 -3.13440e-05 1.44479e-03 6.95677e-07 2.70691e-12 2.42275e-03
9.29443e+00 4.74473e-07 -3.13148e-05 1.44131e-03 6.92327e-07 2.68935e-12 2.41685e-03
9.30176e+00 4.72146e-07 -3.12854e-05 1.43784e-03 6.88997e-07 2.67190e-12 2.41097e-03
9.30908e+00 4.69826e-07 -3.12562e-05 1.43438e-03 6.85685e-07 2.65457e-12 2.40511e-03
9.31641e+00 4.67525e-07 -3.12269e-05 1.43093e-03 6.82391e-07 2.63735e-12 2.39927e-03
9.32373e+00 4.65231e-07 -3.11977e-05 1.42750e-03 6.79116e-07 2.62025e-12 2.39345e-03
9.33105e+00 4.62957e-07 -3.11684e-05 1.42407e-03 6.75858e-07 2.60326e-12 2.38764e-03
9.33838e+00 4.60689e-07 -3.11393e-05 1.42065e-03 6.72619e-07 2.58637e-12 2.38185e-03
9.34570e+00 4.58440e-07 -3.11101e-05 1.41725e-03 6.69397e-07 2.56960e-12 2.37608e-03
9.35303e+00 4.56197e-07 -3.10810e-05 1.41385e-03 6.66194e-07 2.55294e-12 2.37033e-03
9.36035e+00 4.53973e-07 -3.10518e-05 1.41047e-03 6.63008e-07 2.53639e-12 2.36460e-03
9.36768e+00 4.51756e-07 -3.10228e-05 1.40710e-03 6.59839e-07 2.51994e-12 2.35888e-03
9.37500e+00 4.49557e-07 -3.09936e-05 1.40373e-03 6.56688e-07 2.50361e-12 2.35318e-03
9.38232e+00 4.47365e-07 -3.09646e-05 1.40038e-03 6.53554e-07 2.48738e-12 2.34750e-03
9.38965e+00 4.45191e-07 -3.09356e-05 1.39704e-03 6.50438e-07 2.47125e-12 2.34184e-03
9.39697e+00 4.43023e-07 -3.09066e-05 1.39371e-03 6.47338e-07 2.45523e-12 2.33620e-03
9.40430e+00 4.40874e-07 -3.08776e-05 1.39039e-03 6.44256e-07 2.43932e-12 2.33057e-03
9.41162e+00 4.38730e-07 -3.08486e-05 1.38708e-03 6.41190e-07 2.42351e-12 2.32496e-03
9.41895e+00 4.36605e-07 -3.08197e-05 1.38377e-03 6.38142e-07 2.40780e-12 2.31937e-03
9.42627e+00 4.34485e-07 -3.07908e-05 1.38048e-03 6.35110e-07 2.39219e-12 2.31379e-03
9.43359e+00 4.32383e-07 -3.07619e-05 1.37720e-03 6.32094e-07 2.37669e-12 2.30824e-03
9.44092e+00 4.30288e-07 -3.07330e-05 1.37393e-03 6.29095e-07 2.36129e-12 2.30270e-03
9.44824e+00 4.28209e-07 -3.07041e-05 1.37068e-03 6.26113e-07 2.34598e-12 2.29717e-03
9.45557e+00 4.26137e-07 -3.06753e-05 1.36743e-03 6.23147e-07 2.33078e-12 2.29167e-03
9.46289e+00 4.24081e-07 -3.06465e-05 1.36419e-03 6.20197e-07 2.31568e-12 2.28618e-03
9.47021e+00 4.22032e-07 -3.06177e-05 1.36096e-03 6.17263e-07 2.30067e-12 2.28071e-03
9.47754e+00 4.19999e-07 -3.05889e-05 1.35774e-03 6.14345e-07 2.28576e-12 2.27525e-03
9.48486e+00 4.17973e-07 -3.05602e-05 1.35453e-03 6.11442e-07 2.27095e-12 2.26981e-03
9.49219e+00 4.15963e-07 -3.05315e-05 1.35133e-03 6.08556e-07 2.25624e-12 2.26439e-03
9.49951e+00 4.13959e-07 -3.05028e-05 1.34814e-03 6.05685e-07 2.24162e-12 2.25899e-03
9.50684e+00 4.11971e-07 -3.04741e-05 1.34496e-03 6.02830e-07 2.22709e-12 2.25360e-03
9.51416e+00 4.09989e-07 -3.04455e-05 1.34179e-03 5.99991e-07 2.21266e-12 2.24823e-03
9.52148e+00 4.08024e-07 -3.04168e-05 1.33863e-03 5.97167e-07 2.19833e-12 2.24287e-03
9.52881e+00 4.06064e-07 -3.03882e-05 1.33548e-03 5.94358e-07 2.18409e-12 2.23753e-03
9.53613e+00 4.04120e-07 -3.03596e-05 1.33233e-03 5.91564e-07 2.16993e-12 2.23221e-03
9.54346e+00 4.02181e-07 -3.03311e-05 1.32920e-03 5.88786e-07 2.15588e-12 2.22690e-03
9.55078e+00 4.00259e-07 -3.03025e-05 1.32608e-03 5.86022e-07 2.14191e-12 2.22162e-03
9.55811e+00 3.98342e-07 -3.02740e-05 1.32297e-03 5.83273e-07 2.12803e-12 2.21634e-03
9.56543e+00 3.96441e-07 -3.02454e-05 1.31987e-03 5.80540e-07 2.11424e-12 2.21108e-03
9.57275e+00 3.94545e-07 -3.02170e-05 1.31677e-03 5.77821e-07 2.10055e-12 2.20584e-03
9.58008e+00 3.92664e-07 -3.01885e-05 1.31369e-03 5.75116e-07 2.08694e-12 2.20062e-03
9.58740e+00 3.90789e-07 -3.01601e-05 1.31061e-03 5.72426e-07 2.07342e-12 2.19541e-03
9.59473e+00 3.88930e-07 -3.01316e-05 1.30755e-03 5.69751e-07 2.05998e-12 2.19022e-03
9.60205e+00 3.87075e-07 -3.01033e-05 1.30449e-03 5.67090e-07 2.04664e-12 2.18504e-03
9.60938e+00 3.85236e-07 -3.00749e-05 1.30145e-03 5.64444e-07 2.03338e-12 2.17988e-03
9.61670e+00 3.83401e-07 -3.00465e-05 1.29841e-03 5.61811e-07 2.02020e-12 2.17473e-03
9.62402e+00 3.81582e-07 -3.00182e-05 1.29538e-03 5.59193e-07 2.00712e-12 2.16960e-03
9.63135e+00 3.79768e-07 -2.99899e-05 1.29236e-03 5.56589e-07 1.99411e-12 2.16449e-03
9.63867e+00 3.77969e-07 -2.99616e-05 1.28935e-03 5.53998e-07 1.98119e-12 2.15939e-03
9.64600e+00 3.76174e-07 -2.99333e-05 1.28635e-03 5.51422e-07 1.96835e-12 2.15430e-03
9.65332e+00 3.74395e-07 -2.99051e-05 1.28336e-03 5.48859e-07 1.95560e-12 2.14923e-03
9.66064e+00 3.72620e-07 -2.98769e-05 1.28038e-03 5.46310e-07 1.94293e-12 2.14418e-03
9.66797e+00 3.70860e-07 -2.98486e-05 1.27740e-03 5.43775e-07 1.93034e-12 2.13914e-03
9.67529e+00 3.69104e-07 -2.98205e-05 1.27444e-03 5.41253e-07 1.91783e-12 2.13412e-03
9.68262e+00 3.67363e-07 -2.97923e-05 1.27148e-03 5.38745e-07 1.90540e-12 2.12911e-03
9.68994e+00 3.65627e-07 -2.97642e-05 1.26854e-03 5.36250e-07 1.89306e-12 2.12412e-03
9.69727e+00 3.63905e-07 -2.97360e-05 1.26560e-03 5.33768e-07 1.88079e-12 2.11914e-03
9.70459e+00 3.62187e-07 -2.97079e-05 1.26267e-03 5.31300e-07 1.86860e-12 2.11418e-03
9.71191e+00 3.60484e-07 -2.96798e-05 1.25975e-03 5.28845e-07 1.85649e-12 2.10924e-03
9.71924e+00 3.58785e-07 -2.96518e-05 1.25684e-03 5.26402e-07 1.84446e-12 2.10430e-03
9.72656e+00 3.57100e-07 -2.96237e-05 1.25394e-03 5.23973e-07 1.83251e-12 2.09939e-03
9.73389e+00 3.55419e-07 -2.95957e-05 1.25105e-03 5.21557e-07 1.82063e-12 2.09448e-03
9.74121e+00 3.53753e-07 -2.95677e-05 1.24816e-03 5.19153e-07 1.80883e-12 2.08960e-03
9.74854e+00 3.52090e-07 -2.95398e-05 1.24528e-03 5.16762e-07 1.79710e-12 2.08472e-03
9.75586e+00 3.50441e-07 -2.95118e-05 1.24242e-03 5.14384e-07 1.78545e-12 2.07986e-03
9.76318e+00 3.48797e-07 -2.94839e-05 1.23956e-03 5.12019e-07 1.77388e-12 2.07502e-03
9.77051e+00 3.47166e-07 -2.94559e-05 1.23671e-03 5.09665e-07 1.76238e-12 2.07019e-03
9.77783e+00 3.45539e-07 -2.94281e-05 1.23387e-03 5.07325e-07 1.75095e-12 2.06538e-03
9.78516e+00 3.43926e-07 -2.94001e-05 1.23103e-03 5.04997e-07 1.73960e-12 2.06057e-03
9.79248e+00 3.42316e-07 -2.93723e-05 1.22821e-03 5.02681e-07 1.72832e-12 2.05579e-03
9.79980e+00 3.40721e-07 -2.93445e-05 1.22539e-03 5.00377e-07 1.71711e-12 2.05102e-03
9.80713e+00 3.39128e-07 -2.93167e-05 1.22258e-03 4.98085e-07 1.70598e-12 2.04626e-03
9.81445e+00 3.37550e-07 -2.92889e-05 1.21978e-03 4.95806e-07 1.69491e-12 2.04152e-03
9.82178e+00 3.35975e-07 -2.92611e-05 1.21699e-03 4.93538e-07 1.68392e-12 2.03679e-03
9.82910e+00 3.34413e-07 -2.92333e-05 1.21421e-03 4.91282e-07 1.67300e-12 2.03207e-03
9.83643e+00 3.32854e-07 -2.92056e-05 1.21143e-03 4.89038e-07 1.66215e-12 2.02737e-03
9.84375e+00 3.31309e-07 -2.91779e-05 1.20867e-03 4.86806e-07 1.65137e-12 2.02268e-03
9.85107e+00 3.29768e-07 -2.91502e-05 1.20591e-03 4.84586e-07 1.64065e-12 2.01801e-03
9.85840e+00 3.28239e-07 -2.91225e-05 1.20316e-03 4.82377e-07 1.63001e-12 2.01335e-03
9.86572e+00 3.26714e-07 -2.90949e-05 1.20042e-03 4.80180e-07 1.61943e-12 2.00870e-03
9.87305e+00 3.25202e-07 -2.90673e-05 1.19768e-03 4.77995e-07 1.60892e-12 2.00407e-03
9.88037e+00 3.23693e-07 -2.90397e-05 1.19496e-03 4.75821e-07 1.59848e-12 1.99945e-03
9.88770e+00 3.22197e-07 -2.90121e-05 1.19224e-03 4.73658e-07 1.58811e-12 1.99485e-03
9.89502e+00 3.20704e-07 -2.89845e-05 1.18953e-03 4.71506e-07 1.57780e-12 1.99026e-03
9.90234e+00 3.19224e-07 -2.89569e-05 1.18683e-03 4.69366e-07 1.56756e-12 1.98568e-03
9.90967e+00 3.17747e-07 -2.89294e-05 1.18413e-03 4.67237e-07 1.55738e-12 1.98112e-03
9.91699e+00 3.16282e-07 -2.89019e-05 1.18145e-03 4.65119e-07 1.54727e-12 1.97657e-03
9.92432e+00 3.14821e-07 -2.88744e-05 1.17877e-03 4.63012e-07 1.53722e-12 1.97203e-03
9.93164e+00 3.13372e-07 -2.88469e-05 1.17610e-03 4.60916e-07 1.52724e-12 1.96751e-03
9.93896e+00 3.11926e-07 -2.88195e-05 1.17344e-03 4.58831e-07 1.51732e-12 1.96300e-03
9.94629e+00 3.10493e-07 -2.87921e-05 1.17079e-03 4.56757e-07 1.50747e-12 1.95850e-03
9.95361e+00 3.09062e-07 -2.87647e-05 1.16814e-03 4.54693e-07 1.49768e-12 1.95402e-03
9.96094e+00 3.07644e-07 -2.87373e-05 1.16550e-03 4.52640e-07 1.48795e-12 1.94955e-03
9.96826e+00 3.06228e-07 -2.87099e-05 1.16287e-03 4.50598e-07 1.47828e-12 1.94509e-03
9.97559e+00 3.04825e-07 -2.86825e-05 1.16025e-03 4.48567e-07 1.46867e-12 1.94065e-03
9.98291e+00 3.03425e-07 -2.86552e-05 1.15763e-03 4.46546e-07 1.45913e-12 1.93621e-03
9.99023e+00 3.02036e-07 -2.86279e-05 1.15502e-03 4.44535e-07 1.44965e-12 1.93180e-03
9.99756e+00 3.00650e-07 -2.86006e-05 1.15242e-03 4.42535e-07 1.44022e-12 1.92739e-03
1.00049e+01 2.99276e-07 -2.85733e-05 1.14983e-03 4.40545e-07 1.43086e-12 1.92300e-03
1.00122e+01 2.97905e-07 -2.85461e-05 1.14725e-03 4.38565e-07 1.42156e-12 1.91862e-03
1.00195e+01 2.96545e-07 -2.85189e-05 1.14467e-03 4.36596e-07 1.41232e-12 1.91425e-03
1.00269e+01 2.95189e-07 -2.84917e-05 1.14210e-03 4.34637e-07 1.40313e-12 1.90990e-03
1.00342e+01 2.93843e-07 -2.84645e-05 1.13954e-03 4.32688e-07 1.39400e-12 1.90556e-03
1.00415e+01 2.92501e-07 -2.84373e-05 1.13698e-03 4.30749e-07 1.38494e-12 1.90123e-03
1.00488e+01 2.91170e-07 -2.84101e-05 1.13443e-03 4.28820e-07 1.37593e-12 1.89691e-03
1.00562e+01 2.89841e-07 -2.83830e-05 1.13189e-03 4.26901e-07 1.36697e-12 1.89261e-03
1.00635e+01 2.88524e-07 -2.83559e-05 1.12936e-03 4.24991e-07 1.35808e-12 1.88832e-03
1.00708e+01 2.87209e-07 -2.83288e-05 1.12683e-03 4.23092e-07 1.34924e-12 1.88404e-03
1.00781e+01 2.85906e-07 -2.83017e-05 1.12432e-03 4.21202e-07 1.34046e-12 1.87977e-03
1.00854e+01 2.84605e-07 -2.82747e-05 1.12181e-03 4.19322e-07 1.33173e-12 1.87552e-03
1.00928e+01 2.83315e-07 -2.82476e-05 1.11930e-03 4.17452e-07 1.32306e-12 1.87128e-03
1.01001e+01 2.82028e-07 -2.82206e-05 1.11681e-03 4.15591e-07 1.31444e-12 1.86705e-03
1.01074e+01 2.80752e-07 -2.81936e-05 1.11432e-03 4.13740e-07 1.30588e-12 1.86283e-03
1.01147e+01 2.79478e-07 -2.81667e-05 1.11184e-03 4.11898e-07 1.29737e-12 1.85863e-03
1.01221e+01 2.78215e-07 -2.81397e-05 1.10936e-03 4.10065e-07 1.28892e-12 1.85444e-03
1.01294e+01 2.76954e-07 -2.81128e-05 1.10689e-03 4.08242e-07 1.28052e-12 1.85025e-03
1.01367e+01 2.75704e-07 -2.80858e-05 1.10443e-03 4.06429e-07 1.27217e-12 1.84609e-03
1.01440e+01 2.74457e-07 -2.80589e-05 1.10198e-03 4.04624e-07 1.26388e-12 1.84193e-03
1.01514e+01 2.73220e-07 -2.80320e-05 1.09953e-03 4.02829e-07 1.25564e-12 1.83779e-03
1.01587e+01 2.71985e-07 -2.80052e-05 1.09710e-03 4.01043e-07 1.24745e-12 1.83365e-03
1.01660e+01 2.70761e-07 -2.79783e-05 1.09466e-03 3.99266e-07 1.23932e-12 1.82953e-03
1.01733e+01 2.69539e-07 -2.79515e-05 1.09224e-03 3.97498e-07 1.23123e-12 1.82543e-03
1.01807e+01 2.68327e-07 -2.79247e-05 1.08982e-03 3.95739e-07 1.22320e-12 1.82133e-03
1.01880e+01 2.67118e-07 -2.78979e-05 1.08741e-03 3.93989e-07 1.21522e-12 1.81724e-03
1.01953e+01 2.65919e-07 -2.78711e-05 1.08501e-03 3.92247e-07 1.20729e-12 1.81317e-03
1.02026e+01 2.64722e-07 -2.78444e-05 1.08261e-03 3.90515e-07 1.19941e-12 1.80911e-03
1.02100e+01 2.63536e-07 -2.78176e-05 1.08022e-03 3.88791e-07 1.19158e-12 1.80506e-03
1.02173e+01 2.62351e-07 -2.77910e-05 1.07783e-03 3.87076e-07 1.18379e-12 1.80102e-03
1.02246e+01 2.61177e-07 -2.77642e-05 1.07546e-03 3.85370e-07 1.17606e-12 1.79699e-03
1.02319e+01 2.60005e-07 -2.77376e-05 1.07309e-03 3.83673e-07 1.16838e-12 1.79298e-03
1.02393e+01 2.58843e-07 -2.77109e-05 1.07072e-03 3.81984e-07 1.16074e-12 1.78898e-03
1.02466e+01 2.57682e-07 -2.76843e-05 1.06837e-03 3.80303e-07 1.15316e-12 1.78498e-03
1.02539e+01 2.56532e-07 -2.76577e-05 1.06602e-03 3.78631e-07 1.14562e-12 1.78100e-03
1.02612e+01 2.55384e-07 -2.76311e-05 1.06367e-03 3.76968e-07 1.13813e-12 1.77703e-03
1.02686e+01 2.54245e-07 -2.76045e-05 1.06134e-03 3.75313e-07 1.13069e-12 1.77307e-03
1.02759e+01 2.53109e-07 -2.75779e-05 1.05901e-03 3.73666e-07 1.12329e-12 1.76913e-03
1.02832e+01 2.51982e-07 -2.75514e-05 1.05669e-03 3.72027e-07 1.11594e-12 1.76519e-03
1.02905e+01 2.50857e-07 -2.75249e-05 1.05437e-03 3.70397e-07 1.10864e-12 1.76127e-03
1.02979e+01 2.49742e-07 -2.74983e-05 1.05206e-03 3.68775e-07 1.10138e-12 1.75735e-03
1.03052e+01 2.48628e-07 -2.74719e-05 1.04976e-03 3.67161e-07 1.09417e-12 1.75345e-03
1.03125e+01 2.47525e-07 -2.74454e-05 1.04746e-03 3.65555e-07 1.08701e-12 1.74956e-03
1.03198e+01 2.46422e-07 -2.74190e-05 1.04517e-03 3.63957e-07 1.07989e-12 1.74568e-03
1.03271e+01 2.45330e-07 -2.73925e-05 1.04289e-03 3.62368e-07 1.07281e-12 1.74181e-03
1.03345e+01 2.44239e-07 -2.73661e-05 1.04061e-03 3.60786e-07 1.06578e-12 1.73795e-03
1.03418e+01 2.43158e-07 -2.73397e-05 1.03834e-03 3.59212e-07 1.05880e-12 1.73411e-03
1.03491e+01 2.42078e-07 -2.73134e-05 1.03607e-03 3.57646e-07 1.05185e-12 1.73027e-03
1.03564e+01 2.41007e-07 -2.72870e-05 1.03381e-03 3.56088e-07 1.04496e-12 1.72644e-03
1.03638e+01 2.39938e-07 -2.72607e-05 1.03156e-03 3.54537e-07 1.03810e-12 1.72263e-03
1.03711e+01 2.38879e-07 -2.72343e-05 1.02932e-03 3.52995e-07 1.03129e-12 1.71883e-03
1.03784e+01 2.37821e-07 -2.72080e-05 1.02708e-03 3.51460e-07 1.02452e-12 1.71503e-03
1.03857e+01 2.36772e-07 -2.71817e-05 1.02485e-03 3.49932e-07 1.01780e-12 1.71125e-03
1.03931e+01 2.35725e-07 -2.71555e-05 1.02262e-03 3.48413e-07 1.01112e-12 1.70748e-03
1.04004e+01 2.34687e-07 -2.71292e-05 1.02040e-03 3.46901e-07 1.00447e-12 1.70372e-03
1.04077e+01 2.33650e-07 -2.71030e-05 1.01819e-03 3.45396e-07 9.97876e-13 1.69997e-03
1.04150e+01 2.32622e-07 -2.70768e-05 1.01598e-03 3.43899e-07 9.91319e-13 1.69623e-03
1.04224e+01 2.31596e-07 -2.70506e-05 1.01378e-03 3.42409e-07 9.84803e-13 1.69250e-03
1.04297e+01 2.30579e-07 -2.70244e-05 1.01158e-03 3.40927e-07 9.78328e-13 1.68878e-03
1.04370e+01 2.29563e-07 -2.69983e-05 1.00939e-03 3.39452e-07 9.71895e-13 1.68507e-03
1.04443e+01 2.28556e-07 -2.69721e-05 1.00721e-03 3.37984e-07 9.65501e-13 1.68137e-03
1.04517e+01 2.27551e-07 -2.69460e-05 1.00503e-03 3.36524e-07 9.59148e-13 1.67768e-03
1.04590e+01 2.26554e-07 -2.69199e-05 1.00286e-03 3.35071e-07 9.52835e-13 1.67401e-03
1.04663e+01 2.25558e-07 -2.68938e-05 1.00070e-03 3.33625e-07 9.46561e-13 1.67034e-03
1.04736e+01 2.24571e-07 -2.68677e-05 9.98539e-04 3.32186e-07 9.40328e-13 1.66668e-03
1.04810e+01 2.23586e-07 -2.68417e-05 9.96386e-04 3.30754e-07 9.34133e-13 1.66303e-03
1.04883e+01 2.22609e-07 -2.68156e-05 9.94240e-04 3.29330e-07 9.27977e-13 1.65940e-03
1.04956e+01 2.21633e-07 -2.67897e-05 9.92099e-04 3.27912e-07 9.21860e-13 1.65577e-03
1.05029e+01 2.20666e-07 -2.67636e-05 9.89964e-04 3.26502e-07 9.15782e-13 1.65215e-03
1.05103e+01 2.19700e-07 -2.67377e-05 9.87836e-04 3.25098e-07 9.09742e-13 1.64855e-03
1.05176e+01 2.18743e-07 -2.67117e-05 9.85713e-04 3.23701e-07 9.03739e-13 1.64495e-03
1.05249e+01 2.17787e-07 -2.66858e-05 9.83596e-04 3.22312e-07 8.97775e-13 1.64137e-03
1.05322e+01 2.16839e-07 -2.66598e-05 9.81485e-04 3.20929e-07 8.91848e-13 1.63779e-03
1.05396e+01 2.15892e-07 -2.66340e-05 9.79380e-04 3.19552e-07 8.85958e-13 1.63422e-03
1.05469e+01 2.14954e-07 -2.66080e-05 9.77281e-04 3.18183e-07 8.80106e-13 1.63067e-03
1.05542e+01 2.14017e-07 -2.65822e-05 9.75187e-04 3.16820e-07 8.74290e-13 1.62712e-03
1.05615e+01 2.13088e-07 -2.65563e-05 9.73099e-04 3.15464e-07 8.68510e-13 1.62358e-03
1.05688e+01 2.12160e-07 -2.65305e-05 9.71017e-04 3.14115e-07 8.62767e-13 1.62006e-03
1.05762e+01 2.11240e-07 -2.65047e-05 9.68941e-04 3.12772e-07 8.57060e-13 1.61654e-03
1.05835e+01 2.10322e-07 -2.64789e-05 9.66871e-04 3.11436e-07 8.51389e-13 1.61303e-03
1.05908e+01 2.09411e-07 -2.64531e-05 9.64806e-04 3.10106e-07 8.45754e-13 1.60953e-03
1.05981e+01 2.08502e-07 -2.64273e-05 9.62747e-04 3.08783e-07 8.40153e-13 1.60605e-03
1.06055e+01 2.07600e-07 -2.64016e-05 9.60694e-04 3.07466e-07 8.34588e-13 1.60257e-03
1.06128e+01 2.06700e-07 -2.63759e-05 9.58646e-04 3.06156e-07 8.29058e-13 1.59910e-03
1.06201e+01 2.05807e-07 -2.63501e-05 9.56605e-04 3.04852e-07 8.23563e-13 1.59564e-03
1.06274e+01 2.04916e-07 -2.63245e-05 9.54568e-04 3.03555e-07 8.18102e-13 1.59219e-03
1.06348e+01 2.04032e-07 -2.62988e-05 9.52537e-04 3.02264e-07 8.12675e-13 1.58875e-03
1.06421e+01 2.03149e-07 -2.62731e-05 9.50512e-04 3.00979e-07 8.07283e-13 1.58532e-03
1.06494e+01 2.02274e-07 -2.62475e-05 9.48493e-04 2.99700e-07 8.01924e-13 1.58190e-03
1.06567e+01 2.01400e-07 -2.62218e-05 9.46479e-04 2.98428e-07 7.96599e-13 1.57848e-03
1.06641e+01 2.00534e-07 -2.61962e-05 9.44470e-04 2.97162e-07 7.91307e-13 1.57508e-03
1.06714e+01 1.99669e-07 -2.61707e-05 9.42467e-04 2.95901e-07 7.86048e-13 1.57169e-03
1.06787e+01 1.98811e-07 -2.61451e-05 9.40470e-04 2.94647e-07 7.80823e-13 1.56830e-03
1.06860e+01 1.97954e-07 -2.61195e-05 9.38477e-04 2.93400e-07 7.75630e-13 1.56493e-03
1.06934e+01 1.97105e-07 -2.60940e-05 9.36491e-04 2.92158e-07 7.70469e-13 1.56156e-03
1.07007e+01 1.96256e-07 -2.60685e-05 9.34510e-04 2.90922e-07 7.65341e-13 1.55821e-03
1.07080e+01 1.95415e-07 -2.60429e-05 9.32534e-04 2.89692e-07 7.60245e-13 1.55486e-03
1.07153e+01 1.94575e-07 -2.60175e-05 9.30564e-04 2.88468e-07 7.55181e-13 1.55152e-03
1.07227e+01 1.93743e-07 -2.59920e-05 9.28599e-04 2.87250e-07 7.50149e-13 1.54819e-03
1.07300e+01 1.92911e-07 -2.59665e-05 9.26639e-04 2.86038e-07 7.45148e-13 1.54487e-03
1.07373e+01 1.92086e-07 -2.59411e-05 9.24685e-04 2.84832e-07 7.40179e-13 1.54156e-03
1.07446e+01 1.91263e-07 -2.59157e-05 9.22736e-04 2.83632e-07 7.35241e-13 1.53826e-03
1.07520e+01 1.90446e-07 -2.58903e-05 9.20792e-04 2.82437e-07 7.30333e-13 1.53497e-03
1.07593e+01 1.89631e-07 -2.58649e-05 9.18854e-04 2.81248e-07 7.25456e-13 1.53169e-03
1.07666e+01 1.88822e-07 -2.58395e-05 9.16921e-04 2.80065e-07 7.20610e-13 1.52841e-03
1.07739e+01 1.88015e-07 -2.58142e-05 9.14993e-04 2.78888e-07 7.15794e-13 1.52514e-03
1.07812e+01 1.87214e-07 -2.57888e-05 9.13070e-04 2.77716e-07 7.11009e-13 1.52189e-03
1.07886e+01 1.86414e-07 -2.57635e-05 9.11153e-04 2.76550e-07 7.06253e-13 1.51864e-03
1.07959e+01 1.85622e-07 -2.57382e-05 9.09241e-04 2.75389e-07 7.01527e-13 1.51540e-03
1.08032e+01 1.84830e-07 -2.57130e-05 9.07334e-04 2.74234e-07 6.96830e-13 1.51217e-03
1.08105e+01 1.84045e-07 -2.56877e-05 9.05432e-04 2.73085e-07 6.92163e-13 1.50895e-03
1.08179e+01 1.83260e-07 -2.56624e-05 9.03535e-04 2.71941e-07 6.87525e-13 1.50573e-03
1.08252e+01 1.82483e-07 -2.56372e-05 9.01644e-04 2.70803e-07 6.82916e-13 1.50253e-03
1.08325e+01 1.81706e-07 -2.56120e-05 8.99757e-04 2.69670e-07 6.78336e-13 1.49933e-03
1.08398e+01 1.80937e-07 -2.55868e-05 8.97876e-04 2.68542e-07 6.73784e-13 1.49615e-03
1.08472e+01 1.80168e-07 -2.55616e-05 8.95999e-04 2.67420e-07 6.69261e-13 1.49297e-03
1.08545e+01 1.79405e-07 -2.55364e-05 8.94128e-04 2.66303e-07 6.64767e-13 1.48980e-03
1.08618e+01 1.78644e-07 -2.55113e-05 8.92262e-04 2.65192e-07 6.60300e-13 1.48664e-03
1.08691e+01 1.77889e-07 -2.54862e-05 8.90401e-04 2.64085e-07 6.55861e-13 1.48348e-03
1.08765e+01 1.77135e-07 -2.54611e-05 8.88545e-04 2.62985e-07 6.51450e-13 1.48034e-03
1.08838e+01 1.76387e-07 -2.54359e-05 8.86694e-04 2.61889e-07 6.47066e-13 1.47720e-03
1.08911e+01 1.75640e-07 -2.54109e-05 8.84847e-04 2.60798e-07 6.42710e-13 1.47408e-03
1.08984e+01 1.74900e-07 -2.53858e-05 8.83006e-04 2.59713e-07 6.38381e-13 1.47096e-03
1.09058e+01 1.74160e-07 -2.53608e-05 8.81170e-04 2.58633e-07 6.34079e-13 1.46785e-03
1.09131e+01 1.73427e-07 -2.53357e-05 8.79338e-04 2.57558e-07 6.29804e-13 1.46474e-03
1.09204e+01 1.72694e-07 -2.53107e-05 8.77512e-04 2.56488e-07 6.25556e-13 1.46165e-03
1.09277e+01 1.71968e-07 -2.52857e-05 8.75690e-04 2.55424e-07 6.21334e-13 1.45856e-03
1.09351e+01 1.71242e-07 -2.52607e-05 8.73874e-04 2.54364e-07 6.17138e-13 1.45549e-03
1.09424e+01 1.70523e-07 -2.52358e-05 8.72062e-04 2.53309e-07 6.12969e-13 1.45242e-03
1.09497e+01 1.69805e-07 -2.52108e-05 8.70255e-04 2.52260e-07 6.08826e-13 1.44935e-03
1.09570e+01 1.69093e-07 -2.51859e-05 8.68453e-04 2.51215e-07 6.04708e-13 1.44630e-03
1.09644e+01 1.68381e-07 -2.51610e-05 8.66655e-04 2.50175e-07 6.00616e-13 1.44326e-03
1.09717e+01 1.67676e-07 -2.51361e-05 8.64863e-04 2.49140e-07 5.96550e-13 1.44022e-03
1.09790e+01 1.66971e-07 -2.51112e-05 8.63075e-04 2.48111e-07 5.92509e-13 1.43719e-03
1.09863e+01 1.66272e-07 -2.50863e-05 8.61292e-04 2.47085e-07 5.88494e-13 1.43417e-03
1.09937e+01 1.65574e-07 -2.50615e-05 8.59514e-04 2.46065e-07 5.84503e-13 1.43116e-03
1.10010e+01 1.64882e-07 -2.50366e-05 8.57740e-04 2.45050e-07 5.80537e-13 1.42815e-03
1.10083e+01 1.64191e-07 -2.50118e-05 8.55971e-04 2.44039e-07 5.76596e-13 1.42516e-03
1.10156e+01 1.63506e-07 -2.49870e-05 8.54207e-04 2.43033e-07 5.72680e-13 1.42217e-03
1.10229e+01 1.62821e-07 -2.49623e-05 8.52448e-04 2.42032e-07 5.68788e-13 1.41919e-03
1.10303e+01 1.62142e-07 -2.49375e-05 8.50693e-04 2.41036e-07 5.64920e-13 1.41622e-03
1.10376e+01 1.61464e-07 -2.49127e-05 8.48943e-04 2.40044e-07 5.61076e-13 1.41325e-03
1.10449e+01 1.60792e-07 -2.48880e-05 8.47197e-04 2.39057e-07 5.57257e-13 1.41029e-03
1.10522e+01 1.60120e-07 -2.48633e-05 8.45457e-04 2.38075e-07 5.53461e-13 1.40735e-03
1.10596e+01 1.59454e-07 -2.48386e-05 8.43720e-04 2.37097e-07 5.49689e-13 1.40440e-03
1.10669e+01 1.58789e-07 -2.48139e-05 8.41989e-04 2.36124e-07 5.45940e-13 1.40147e-03
1.10742e+01 1.58129e-07 -2.47892e-05 8.40262e-04 2.35155e-07 5.42214e-13 1.39855e-03
1.10815e+01 1.57470e-07 -2.47646e-05 8.38539e-04 2.34191e-07 5.38512e-13 1.39563e-03
1.10889e+01 1.56817e-07 -2.47399e-05 8.36821e-04 2.33231e-07 5.34833e-13 1.39272e-03
1.10962e+01 1.56164e-07 -2.47153e-05 8.35108e-04 2.32276e-07 5.31177e-13 1.38981e-03
1.11035e+01 1.55517e-07 -2.46907e-05 8.33399e-04 2.31325e-07 5.27544e-13 1.38692e-03
1.11108e+01 1.54870e-07 -2.46661e-05 8.31694e-04 2.30379e-07 5.23933e-13 1.38403e-03
1.11182e+01 1.54230e-07 -2.46415e-05 8.29994e-04 2.29437e-07 5.20345e-13 1.38115e-03
1.11255e+01 1.53589e-07 -2.46170e-05 8.28299e-04 2.28500e-07 5.16779e-13 1.37828e-03
1.11328e+01 1.52954e-07 -2.45924e-05 8.26608e-04 2.27567e-07 5.13235e-13 1.37542e-03
1.11401e+01 1.52320e-07 -2.45679e-05 8.24921e-04 2.26638e-07 5.09713e-13 1.37256e-03
1.11475e+01 1.51691e-07 -2.45434e-05 8.23239e-04 2.25714e-07 5.06214e-13 1.36971e-03
1.11548e+01 1.51062e-07 -2.45189e-05 8.21561e-04 2.24794e-07 5.02736e-13 1.36687e-03
1.11621e+01 1.50440e-07 -2.44944e-05 8.19888e-04 2.23878e-07 4.99279e-13 1.36403e-03
1.11694e+01 1.49817e-07 -2.44699e-05 8.18219e-04 2.22967e-07 4.95845e-13 1.36120e-03
1.11768e+01 1.49200e-07 -2.44455e-05 8.16555e-04 2.22059e-07 4.92431e-13 1.35838e-03
1.11841e+01 1.48584e-07 -2.44211e-05 8.14894e-04 2.21156e-07 4.89039e-13 1.35557e-03
1.11914e+01 1.47972e-07 -2.43966e-05 8.13239e-04 2.20257e-07 4.85668e-13 1.35277e-03
1.11987e+01 1.47361e-07 -2.43722e-05 8.11587e-04 2.19363e-07 4.82318e-13 1.34997e-03
1.12061e+01 1.46756e-07 -2.43478e-05 8.09940e-04 2.18472e-07 4.78989e-13 1.34718e-03
1.12134e+01 1.46151e-07 -2.43235e-05 8.08297e-04 2.17586e-07 4.75681e-13 1.34440e-03
1.12207e+01 1.45551e-07 -2.42991e-05 8.06658e-04 2.16703e-07 4.72393e-13 1.34162e-03
1.12280e+01 1.44952e-07 -2.42748e-05 8.05024e-04 2.15825e-07 4.69125e-13 1.33885e-03
1.12354e+01 1.44358e-07 -2.42505e-05 8.03394e-04 2.14951e-07 4.65878e-13 1.33609e-03
1.12427e+01 1.43764e-07 -2.42262e-05 8.01768e-04 2.14081e-07 4.62651e-13 1.33334e-03
1.12500e+01 1.43176e-07 -2.42019e-05 8.00146e-04 2.13215e-07 4.59445e-13 1.33059e-03
1.12573e+01 1.42587e-07 -2.41776e-05 7.98529e-04 2.12353e-07 4.56258e-13 1.32785e-03
1.12646e+01 1.42004e-07 -2.41533e-05 7.96916e-04 2.11495e-07 4.53091e-13 1.32512e-03
1.12720e+01 1.41421e-07 -2.41291e-05 7.95306e-04 2.10640e-07 4.49944e-13 1.32239e-03
1.12793e+01 1.40844e-07 -2.41049e-05 7.93702e-04 2.09790e-07 4.46816e-13 1.31967e-03
1.12866e+01 1.40267e-07 -2.40807e-05 7.92101e-04 2.08944e-07 4.43708e-13 1.31696e-03
1.12939e+01 1.39695e-07 -2.40564e-05 7.90504e-04 2.08101e-07 4.40619e-13 1.31426e-03
1.13013e+01 1.39122e-07 -2.40323e-05 7.88912e-04 2.07263e-07 4.37549e-13 1.31156e-03
1.13086e+01 1.38556e-07 -2.40081e-05 7.87324e-04 2.06428e-07 4.34498e-13 1.30887e-03
1.13159e+01 1.37989e-07 -2.39840e-05 7.85739e-04 2.05597e-07 4.31467e-13 1.30618e-03
1.13232e+01 1.37428e-07 -2.39598e-05 7.84159e-04 2.04770e-07 4.28454e-13 1.30351e-03
1.13306e+01 1.36866e-07 -2.39357e-05 7.82583e-04 2.03947e-07 4.25460e-13 1.30084e-03
1.13379e+01 1.36310e-07 -2.39116e-05 7.81011e-04 2.03128e-07 4.22485e-13 1.29817e-03
1.13452e+01 1.35754e-07 -2.38875e-05 7.79444e-04 2.02312e-07 4.19528e-13 1.29552e-03
1.13525e+01 1.35203e-07 -2.38634e-05 7.77880e-04 2.01500e-07 4.16589e-13 1.29287e-03
1.13599e+01 1.34652e-07 -2.38394e-05 7.76320e-04 2.00692e-07 4.13669e-13 1.29023e-03
1.13672e+01 1.34106e-07 -2.38153e-05 7.74764e-04 1.99887e-07 4.10767e-13 1.28759e-03
1.13745e+01 1.33560e-07 -2.37913e-05 7.73212e-04 1.99086e-07 4.07883e-13 1.28496e-03
1.13818e+01 1.33019e-07 -2.37673e-05 7.71664e-04 1.98289e-07 4.05017e-13 1.28234e-03
1.13892e+01 1.32478e-07 -2.37433e-05 7.70121e-04 1.97495e-07 4.02169e-13 1.27973e-03
1.13965e+01 1.31942e-07 -2.37193e-05 7.68581e-04 1.96705e-07 3.99338e-13 1.27712e-03
1.14038e+01 1.31406e-07 -2.36954e-05 7.67045e-04 1.95919e-07 3.96525e-13 1.27452e-03
1.14111e+01 1.30875e-07 -2.36714e-05 7.65513e-04 1.95136e-07 3.93730e-13 1.27192e-03
1.14185e+01 1.30344e-07 -2.36475e-05 7.63985e-04 1.94357e-07 3.90952e-13 1.26933e-03
1.14258e+01 1.29818e-07 -2.36235e-05 7.62461e-04 1.93581e-07 3.88191e-13 1.26675e-03
1.14331e+01 1.29292e-07 -2.35996e-05 7.60940e-04 1.92809e-07 3.85448e-13 1.26418e-03
1.14404e+01 1.28771e-07 -2.35757e-05 7.59424e-04 1.92040e-07 3.82721e-13 1.26161e-03
1.14478e+01 1.28250e-07 -2.35519e-05 7.57912e-04 1.91275e-07 3.80012e-13 1.25904e-03
1.14551e+01 1.27734e-07 -2.35280e-05 7.56403e-04 1.90513e-07 3.77319e-13 1.25649e-03
1.14624e+01 1.27217e-07 -2.35042e-05 7.54898e-04 1.89755e-07 3.74643e-13 1.25394e-03
1.14697e+01 1.26706e-07 -2.34803e-05 7.53397e-04 1.89000e-07 3.71984e-13 1.25140e-03
1.14771e+01 1.26194e-07 -2.34565e-05 7.51900e-04 1.88249e-07 3.69341e-13 1.24886e-03
1.14844e+01 1.25687e-07 -2.34327e-05 7.50407e-04 1.87501e-07 3.66714e-13 1.24633e-03
1.14917e+01 1.25180e-07 -2.34089e-05 7.48918e-04 1.86757e-07 3.64104e-13 1.24381e-03
1.14990e+01 1.24678e-07 -2.33851e-05 7.47432e-04 1.86015e-07 3.61511e-13 1.24129e-03
1.15063e+01 1.24176e-07 -2.33614e-05 7.45950e-04 1.85277e-07 3.58933e-13 1.23878e-03
1.15137e+01 1.23678e-07 -2.33376e-05 7.44472e-04 1.84543e-07 3.56371e-13 1.23628e-03
1.15210e+01 1.23180e-07 -2.33139e-05 7.42998e-04 1.83812e-07 3.53826e-13 1.23378e-03
1.15283e+01 1.22687e-07 -2.32902e-05 7.41527e-04 1.83084e-07 3.51296e-13 1.23129e-03
1.15356e+01 1.22194e-07 -2.32665e-05 7.40060e-04 1.82359e-07 3.48782e-13 1.22881e-03
1.15430e+01 1.21705e-07 -2.32428e-05 7.38597e-04 1.81638e-07 3.46283e-13 1.22633e-03
1.15503e+01 1.21217e-07 -2.32192e-05 7.37137e-04 1.80920e-07 3.43801e-13 1.22385e-03
1.15576e+01 1.20733e-07 -2.31955e-05 7.35682e-04 1.80205e-07 3.41333e-13 1.22139e-03
1.15649e+01 1.20248e-07 -2.31719e-05 7.34230e-04 1.79493e-07 3.38881e-13 1.21893e-03
1.15723e+01 1.19769e-07 -2.31483e-05 7.32781e-04 1.78785e-07 3.36444e-13 1.21648e-03
1.15796e+01 1.19289e-07 -2.31247e-05 7.31336e-04 1.78079e-07 3.34022e-13 1.21403e-03
1.15869e+01 1.18814e-07 -2.31011e-05 7.29895e-04 1.77377e-07 3.31616e-13 1.21159e-03
1.15942e+01 1.18338e-07 -2.30775e-05 7.28458e-04 1.76678e-07 3.29224e-13 1.20915e-03
1.16016e+01 1.17867e-07 -2.30539e-05 7.27024e-04 1.75983e-07 3.26847e-13 1.20672e-03
1.16089e+01 1.17396e-07 -2.30304e-05 7.25594e-04 1.75290e-07 3.24485e-13 1.20430e-03
1.16162e+01 1.16929e-07 -2.30068e-05 7.24167e-04 1.74600e-07 3.22138e-13 1.20188e-03
1.16235e+01 1.16462e-07 -2.29833e-05 7.22744e-04 1.73914e-07 3.19805e-13 1.19947e-03
1.16309e+01 1.16000e-07 -2.29598e-05 7.21325e-04 1.73230e-07 3.17487e-13 1.19707e-03
1.16382e+01 1.15537e-07 -2.29363e-05 7.19909e-04 1.72550e-07 3.15183e-13 1.19467e-03
1.16455e+01 1.15079e-07 -2.29128e-05 7.18497e-04 1.71873e-07 3.12894e-13 1.19228e-03
1.16528e+01 1.14620e-07 -2.28894e-05 7.17088e-04 1.71198e-07 3.10619e-13 1.18989e-03
1.16602e+01 1.14166e-07 -2.28659e-05 7.15682e-04 1.70527e-07 3.08358e-13 1.18751e-03
1.16675e+01 1.13712e-07 -2.28425e-05 7.14281e-04 1.69859e-07 3.06111e-13 1.18514e-03
1.16748e+01 1.13262e-07 -2.28191e-05 7.12883e-04 1.69193e-07 3.03878e-13 1.18277e-03
1.16821e+01 1.12812e-07 -2.27957e-05 7.11488e-04 1.68531e-07 3.01659e-13 1.18041e-03
1.16895e+01 1.12366e-07 -2.27723e-05 7.10097e-04 1.67871e-07 2.99454e-13 1.17805e-03
1.16968e+01 1.11920e-07 -2.27489e-05 7.08709e-04 1.67215e-07 2.97262e-13 1.17570e-03
1.17041e+01 1.11478e-07 -2.27256e-05 7.07325e-04 1.66561e-07 2.95085e-13 1.17335e-03
1.17114e+01 1.11036e-07 -2.27022e-05 7.05944e-04 1.65911e-07 2.92920e-13 1.17101e-03
1.17188e+01 1.10598e-07 -2.26789e-05 7.04567e-04 1.65263e-07 2.90769e-13 1.16868e-03
1.17261e+01 1.10159e-07 -2.26556e-05 7.03193e-04 1.64618e-07 2.88632e-13 1.16635e-03
1.17334e+01 1.09726e-07 -2.26323e-05 7.01822e-04 1.63976e-07 2.86508e-13 1.16403e-03
1.17407e+01 1.09291e-07 -2.26090e-05 7.00455e-04 1.63337e-07 2.84397e-13 1.16172e-03
1.17480e+01 1.08861e-07 -2.25857e-05 6.99092e-04 1.62701e-07 2.82299e-13 1.15941e-03
1.17554e+01 1.08431e-07 -2.25625e-05 6.97731e-04 1.62067e-07 2.80215e-13 1.15710e-03
1.17627e+01 1.08005e-07 -2.25392e-05 6.96374e-04 1.61436e-07 2.78143e-13 1.15481e-03
1.17700e+01 1.07578e-07 -2.25160e-05 6.95021e-04 1.60808e-07 2.76084e-13 1.15251e-03
1.17773e+01 1.07156e-07 -2.24928e-05 6.93671e-04 1.60183e-07 2.74038e-13 1.15023e-03
1.17847e+01 1.06733e-07 -2.24696e-05 6.92324e-04 1.59561e-07 2.72005e-13 1.14794e-03
1.17920e+01 1.06314e-07 -2.24464e-05 6.90981e-04 1.58941e-07 2.69985e-13 1.14567e-03
1.17993e+01 1.05895e-07 -2.24232e-05 6.89640e-04 1.58324e-07 2.67977e-13 1.14340e-03
1.18066e+01 1.05481e-07 -2.24001e-05 6.88304e-04 1.57710e-07 2.65981e-13 1.14113e-03
1.18140e+01 1.05065e-07 -2.23769e-05 6.86970e-04 1.57099e-07 2.63998e-13 1.13888e-03
1.18213e+01 1.04654e-07 -2.23538e-05 6.85640e-04 1.56490e-07 2.62028e-13 1.13662e-03
1.18286e+01 1.04243e-07 -2.23307e-05 6.84313e-04 1.55884e-07 2.60070e-13 1.13437e-03
1.18359e+01 1.03835e-07 -2.23076e-05 6.82989e-04 1.55280e-07 2.58123e-13 1.13213e-03
1.18433e+01 1.03428e-07 -2.22845e-05 6.81669e-04 1.54680e-07 2.56189e-13 1.12990e-03
1.18506e+01 1.03024e-07 -2.22614e-05 6.80352e-04 1.54082e-07 2.54268e-13 1.12767e-03
1.18579e+01 1.02619e-07 -2.22384e-05 6.79038e-04 1.53486e-07 2.52358e-13 1.12544e-03
1.18652e+01 1.02219e-07 -2.22153e-05 6.77728e-04 1.52893e-07 2.50460e-13 1.12322e-03
1.18726e+01 1.01819e-07 -2.21923e-05 6.76420e-04 1.52303e-07 2.48573e-13 1.12101e-03
1.18799e+01 1.01422e-07 -2.21692e-05 6.75116e-04 1.51715e-07 2.46699e-13 1.11880e-03
1.18872e+01 1.01025e-07 -2.21463e-05 6.73815e-04 1.51130e-07 2.44836e-13 1.11659e-03
1.18945e+01 1.00632e-07 -2.21233e-05 6.72518e-04 1.50548e-07 2.42985e-13 1.11439e-03
1.19019e+01 1.00238e-07 -2.21003e-05 6.71223e-04 1.49968e-07 2.41146e-13 1.11220e-03
1.19092e+01 9.98486e-08 -2.20773e-05 6.69932e-04 1.49390e-07 2.39318e-13 1.11001e-03
1.19165e+01 9.94585e-08 -2.20544e-05 6.68644e-04 1.48815e-07 2.37501e-13 1.10783e-03
1.19238e+01 9.90724e-08 -2.20314e-05 6.67359e-04 1.48243e-07 2.35696e-13 1.10566e-03
1.19312e+01 9.86857e-08 -2.20085e-05 6.66077e-04 1.47673e-07 2.33902e-13 1.10348e-03
1.19385e+01 9.83030e-08 -2.19856e-05 6.64798e-04 1.47105e-07 2.32119e-13 1.10132e-03
1.19458e+01 9.79197e-08 -2.19627e-05 6.63522e-04 1.46540e-07 2.30347e-13 1.09916e-03
1.19531e+01 9.75404e-08 -2.19398e-05 6.62250e-04 1.45978e-07 2.28587e-13 1.09700e-03
1.19604e+01 9.71605e-08 -2.19170e-05 6.60981e-04 1.45418e-07 2.26837e-13 1.09485e-03
1.19678e+01 9.67845e-08 -2.18941e-05 6.59714e-04 1.44860e-07 2.25098e-13 1.09271e-03
1.19751e+01 9.64080e-08 -2.18713e-05 6.58451e-04 1.44305e-07 2.23371e-13 1.09057e-03
1.19824e+01 9.60353e-08 -2.18485e-05 6.57191e-04 1.43752e-07 2.21654e-13 1.08843e-03
1.19897e+01 9.56621e-08 -2.18257e-05 6.55934e-04 1.43202e-07 2.19947e-13 1.08630e-03
1.19971e+01 9.52927e-08 -2.18029e-05 6.54680e-04 1.42654e-07 2.18252e-13 1.08418e-03
1.20044e+01 9.49228e-08 -2.17801e-05 6.53429e-04 1.42108e-07 2.16567e-13 1.08206e-03
1.20117e+01 9.45566e-08 -2.17573e-05 6.52182e-04 1.41565e-07 2.14892e-13 1.07995e-03
1.20190e+01 9.41900e-08 -2.17346e-05 6.50937e-04 1.41024e-07 2.13228e-13 1.07784e-03
1.20264e+01 9.38270e-08 -2.17118e-05 6.49695e-04 1.40486e-07 2.11575e-13 1.07574e-03
1.20337e+01 9.34636e-08 -2.16891e-05 6.48456e-04 1.39950e-07 2.09931e-13 1.07364e-03
1.20410e+01 9.31038e-08 -2.16664e-05 6.47221e-04 1.39416e-07 2.08298e-13 1.07155e-03
1.20483e+01 9.27436e-08 -2.16437e-05 6.45988e-04 1.38884e-07 2.06676e-13 1.06946e-03
1.20557e+01 9.23870e-08 -2.16210e-05 6.44758e-04 1.38355e-07 2.05063e-13 1.06737e-03
1.20630e+01 9.20299e-08 -2.15984e-05 6.43532e-04 1.37828e-07 2.03460e-13 1.06530e-03
1.20703e+01 9.16764e-08 -2.15757e-05 6.42308e-04 1.37303e-07 2.01868e-13 1.06322e-03
1.20776e+01 9.13224e-08 -2.15531e-05 6.41087e-04 1.36781e-07 2.00285e-13 1.06116e-03
1.20850e+01 9.09720e-08 -2.15304e-05 6.39869e-04 1.36261e-07 1.98713e-13 1.05909e-03
1.20923e+01 9.06211e-08 -2.15078e-05 6.38654e-04 1.35743e-07 1.97150e-13 1.05704e-03
1.20996e+01 9.02738e-08 -2.14852e-05 6.37442e-04 1.35227e-07 1.95597e-13 1.05498e-03
1.21069e+01 8.99259e-08 -2.14626e-05 6.36233e-04 1.34714e-07 1.94054e-13 1.05293e-03
1.21143e+01 8.95816e-08 -2.14400e-05 6.35027e-04 1.34202e-07 1.92520e-13 1.05089e-03
1.21216e+01 8.92368e-08 -2.14175e-05 6.33824e-04 1.33693e-07 1.90996e-13 1.04885e-03
1.21289e+01 8.88955e-08 -2.13949e-05 6.32624e-04 1.33187e-07 1.89482e-13 1.04682e-03
1.21362e+01 8.85537e-08 -2.13724e-05 6.31426e-04 1.32682e-07 1.87977e-13 1.04479e-03
1.21436e+01 8.82154e-08 -2.13499e-05 6.30232e-04 1.32179e-07 1.86482e-13 1.04277e-03
1.21509e+01 8.78765e-08 -2.13274e-05 6.29040e-04 1.31679e-07 1.84996e-13 1.04075e-03
1.21582e+01 8.75412e-08 -2.13049e-05 6.27852e-04 1.31181e-07 1.83519e-13 1.03874e-03
1.21655e+01 8.72053e-08 -2.12824e-05 6.26666e-04 1.30685e-07 1.82051e-13 1.03673e-03
1.21729e+01 8.68728e-08 -2.12599e-05 6.25483e-04 1.30191e-07 1.80593e-13 1.03472e-03
1.21802e+01 8.65398e-08 -2.12375e-05 6.24302e-04 1.29699e-07 1.79144e-13 1.03273e-03
1.21875e+01 8.62102e-08 -2.12150e-05 6.23125e-04 1.29209e-07 1.77704e-13 1.03073e-03
1.21948e+01 8.58801e-08 -2.11926e-05 6.21950e-04 1.28722e-07 1.76273e-13 1.02874e-03
1.22021e+01 8.55534e-08 -2.11702e-05 6.20779e-04 1.28236e-07 1.74851e-13 1.02676e-03
1.22095e+01 8.52261e-08 -2.11478e-05 6.19610e-04 1.27753e-07 1.73438e-13 1.02478e-03
1.22168e+01 8.49022e-08 -2.11254e-05 6.18444e-04 1.27271e-07 1.72034e-13 1.02280e-03
1.22241e+01 8.45778e-08 -2.11030e-05 6.17280e-04 1.26792e-07 1.70638e-13 1.02083e-03
1.22314e+01 8.42567e-08 -2.10806e-05 6.16120e-04 1.26315e-07 1.69252e-13 1.01887e-03
1.22388e+01 8.39351e-08 -2.10583e-05 6.14962e-04 1.25839e-07 1.67874e-13 1.01691e-03
1.22461e+01 8.36168e-08 -2.10359e-05 6.13807e-04 1.25366e-07 1.66505e-13 1.01495e-03
1.22534e+01 8.32979e-08 -2.10136e-05 6.12655e-04 1.24895e-07 1.65144e-13 1.01300e-03
1.22607e+01 8.29823e-08 -2.09913e-05 6.11505e-04 1.24426e-07 1.63792e-13 1.01105e-03
1.22681e+01 8.26662e-08 -2.09690e-05 6.10359e-04 1.23959e-07 1.62449e-13 1.00911e-03
1.22754e+01 8.23534e-08 -2.09467e-05 6.09215e-04 1.23493e-07 1.61113e-13 1.00717e-03
1.22827e+01 8.20399e-08 -2.09245e-05 6.08073e-04 1.23030e-07 1.59787e-13 1.00524e-03
1.22900e+01 8.17298e-08 -2.09022e-05 6.06935e-04 1.22569e-07 1.58468e-13 1.00331e-03
1.22974e+01 8.14191e-08 -2.08800e-05 6.05799e-04 1.22109e-07 1.57158e-13 1.00138e-03
1.23047e+01 8.11116e-08 -2.08577e-05 6.04666e-04 1.21652e-07 1.55857e-13 9.99465e-04
1.23120e+01 8.08035e-08 -2.08355e-05 6.03535e-04 1.21197e-07 1.54563e-13 9.97550e-04
1.23193e+01 8.04987e-08 -2.08133e-05 6.02408e-04 1.20743e-07 1.53278e-13 9.95640e-04
1.23267e+01 8.01933e-08 -2.07911e-05 6.01283e-04 1.20292e-07 1.52000e-13 9.93735e-04
1.23340e+01 7.98911e-08 -2.07690e-05 6.00160e-04 1.19842e-07 1.50731e-13 9.91833e-04
1.23413e+01 7.95883e-08 -2.07468e-05 5.99040e-04 1.19394e-07 1.49470e-13 9.89937e-04
1.23486e+01 7.92886e-08 -2.07246e-05 5.97923e-04 1.18948e-07 1.48217e-13 9.88045e-04
1.23560e+01 7.89884e-08 -2.07025e-05 5.96809e-04 1.18504e-07 1.46971e-13 9.86157e-04
1.23633e+01 7.86913e-08 -2.06804e-05 5.95697e-04 1.18062e-07 1.45734e-13 9.84274e-04
1.23706e+01 7.83937e-08 -2.06583e-05 5.94588e-04 1.17622e-07 1.44504e-13 9.82395e-04
1.23779e+01 7.80992e-08 -2.06362e-05 5.93481e-04 1.17184e-07 1.43282e-13 9.80521e-04
1.23853e+01 7.78040e-08 -2.06141e-05 5.92377e-04 1.16747e-07 1.42068e-13 9.78651e-04
1.23926e+01 7.75120e-08 -2.05920e-05 5.91276e-04 1.16312e-07 1.40861e-13 9.76786e-04
1.23999e+01 7.72194e-08 -2.05699e-05 5.90177e-04 1.15880e-07 1.39663e-13 9.74924e-04
1.24072e+01 7.69299e-08 -2.05479e-05 5.89081e-04 1.15448e-07 1.38471e-13 9.73068e-04
1.24146e+01 7.66398e-08 -2.05259e-05 5.87987e-04 1.15019e-07 1.37287e-13 9.71216e-04
1.24219e+01 7.63527e-08 -2.05038e-05 5.86896e-04 1.14592e-07 1.36111e-13 9.69368e-04
1.24292e+01 7.60651e-08 -2.04818e-05 5.85808e-04 1.14166e-07 1.34942e-13 9.67524e-04
1.24365e+01 7.57805e-08 -2.04598e-05 5.84722e-04 1.13742e-07 1.33781e-13 9.65685e-04
1.24438e+01 7.54953e-08 -2.04379e-05 5.83639e-04 1.13320e-07 1.32627e-13 9.63850e-04
1.24512e+01 7.52131e-08 -2.04159e-05 5.82558e-04 1.12900e-07 1.31480e-13 9.62020e-04
1.24585e+01 7.49303e-08 -2.03939e-05 5.81480e-04 1.12482e-07 1.30340e-13 9.60193e-04
1.24658e+01 7.46505e-08 -2.03720e-05 5.80404e-04 1.12065e-07 1.29208e-13 9.58371e-04
1.24731e+01 7.43701e-08 -2.03500e-05 5.79331e-04 1.11650e-07 1.28083e-13 9.56554e-04
1.24805e+01 7.40927e-08 -2.03281e-05 5.78260e-04 1.11237e-07 1.26965e-13 9.54740e-04
1.24878e+01 7.38146e-08 -2.03062e-05 5.77192e-04 1.10825e-07 1.25854e-13 9.52931e-04
1.24951e+01 7.35396e-08 -2.02843e-05 5.76127e-04 1.10415e-07 1.24750e-13 9.51126e-04
1.25024e+01 7.32639e-08 -2.02624e-05 5.75063e-04 1.10007e-07 1.23653e-13 9.49325e-04
1.25098e+01 7.29912e-08 -2.02406e-05 5.74003e-04 1.09601e-07 1.22563e-13 9.47529e-04
1.25171e+01 7.27178e-08 -2.02187e-05 5.72945e-04 1.09196e-07 1.21480e-13 9.45737e-04
1.25244e+01 7.24474e-08 -2.01969e-05 5.71889e-04 1.08793e-07 1.20404e-13 9.43949e-04
1.25317e+01 7.21763e-08 -2.01750e-05 5.70836e-04 1.08392e-07 1.19335e-13 9.42165e-04
1.25391e+01 7.19082e-08 -2.01532e-05 5.69785e-04 1.07992e-07 1.18272e-13 9.40385e-04
1.25464e+01 7.16394e-08 -2.01314e-05 5.68737e-04 1.07594e-07 1.17217e-13 9.38609e-04
1.25537e+01 7.13735e-08 -2.01096e-05 5.67691e-04 1.07198e-07 1.16168e-13 9.36838e-04
1.25610e+01 7.11070e-08 -2.00878e-05 5.66647e-04 1.06803e-07 1.15125e-13 9.35071e-04
1.25684e+01 7.08434e-08 -2.00661e-05 5.65606e-04 1.06410e-07 1.14090e-13 9.33307e-04
1.25757e+01 7.05791e-08 -2.00443e-05 5.64568e-04 1.06018e-07 1.13061e-13 9.31548e-04
1.25830e+01 7.03177e-08 -2.00226e-05 5.63531e-04 1.05629e-07 1.12038e-13 9.29793e-04
1.25903e+01 7.00557e-08 -2.00009e-05 5.62498e-04 1.05241e-07 1.11022e-13 9.28042e-04
1.25977e+01 6.97964e-08 -1.99791e-05 5.61466e-04 1.04854e-07 1.10012e-13 9.26295e-04
1.26050e+01 6.95366e-08 -1.99574e-05 5.60437e-04 1.04469e-07 1.09009e-13 9.24553e-04
1.26123e+01 6.92795e-08 -1.99357e-05 5.59411e-04 1.04086e-07 1.08012e-13 9.22814e-04
1.26196e+01 6.90219e-08 -1.99141e-05 5.58387e-04 1.03704e-07 1.07022e-13 9.21079e-04
1.26270e+01 6.87670e-08 -1.98924e-05 5.57365e-04 1.03324e-07 1.06038e-13 9.19348e-04
1.26343e+01 6.85114e-08 -1.98707e-05 5.56345e-04 1.02945e-07 1.05060e-13 9.17622e-04
1.26416e+01 6.82587e-08 -1.98491e-05 5.55328e-04 1.02568e-07 1.04089e-13 9.15899e-04
1.26489e+01 6.80053e-08 -1.98275e-05 5.54313e-04 1.02193e-07 1.03123e-13 9.14180e-04
1.26562e+01 6.77547e-08 -1.98058e-05 5.53301e-04 1.01819e-07 1.02164e-13 9.12466e-04
1.26636e+01 6.75034e-08 -1.97842e-05 5.52291e-04 1.01446e-07 1.01211e-13 9.10755e-04
1.26709e+01 6.72549e-08 -1.97626e-05 5.51283e-04 1.01076e-07 1.00264e-13 9.09048e-04
1.26782e+01 6.70057e-08 -1.97411e-05 5.50278e-04 1.00706e-07 9.93234e-14 9.07345e-04
1.26855e+01 6.67592e-08 -1.97195e-05 5.49275e-04 1.00338e-07 9.83885e-14 9.05646e-04
1.26929e+01 6.65121e-08 -1.96979e-05 5.48274e-04 9.99721e-08 9.74596e-14 9.03951e-04
1.27002e+01 6.62677e-08 -1.96764e-05 5.47276e-04 9.96074e-08 9.65367e-14 9.02260e-04
1.27075e+01 6.60227e-08 -1.96549e-05 5.46279e-04 9.92441e-08 9.56197e-14 9.00573e-04
1.27148e+01 6.57803e-08 -1.96333e-05 5.45286e-04 9.88823e-08 9.47086e-14 8.98890e-04
1.27222e+01 6.55373e-08 -1.96118e-05 5.44294e-04 9.85221e-08 9.38033e-14 8.97210e-04
1.27295e+01 6.52969e-08 -1.95903e-05 5.43305e-04 9.81633e-08 9.29038e-14 8.95535e-04
1.27368e+01 6.50559e-08 -1.95689e-05 5.42318e-04 9.78060e-08 9.20101e-14 8.93863e-04
1.27441e+01 6.48176e-08 -1.95474e-05 5.41333e-04 9.74501e-08 9.11221e-14 8.92195e-04
1.27515e+01 6.45786e-08 -1.95259e-05 5.40350e-04 9.70957e-08 9.02398e-14 8.90531e-04
1.27588e+01 6.43422e-08 -1.95045e-05 5.39370e-04 9.67428e-08 8.93632e-14 8.88871e-04
1.27661e+01 6.41052e-08 -1.94831e-05 5.38392e-04 9.63913e-08 8.84922e-14 8.87214e-04
1.27734e+01 6.38708e-08 -1.94616e-05 5.37416e-04 9.60412e-08 8.76269e-14 8.85561e-04
1.27808e+01 6.36357e-08 -1.94402e-05 5.36443e-04 9.56926e-08 8.67671e-14 8.83913e-04
1.27881e+01 6.34033e-08 -1.94188e-05 5.35472e-04 9.53454e-08 8.59128e-14 8.82268e-04
1.27954e+01 6.31701e-08 -1.93974e-05 5.34503e-04 9.49997e-08 8.50640e-14 8.80626e-04
1.28027e+01 6.29396e-08 -1.93761e-05 5.33536e-04 9.46553e-08 8.42207e-14 8.78989e-04
1.28101e+01 6.27084e-08 -1.93547e-05 5.32571e-04 9.43124e-08 8.33828e-14 8.77355e-04
1.28174e+01 6.24798e-08 -1.93334e-05 5.31609e-04 9.39708e-08 8.25503e-14 8.75725e-04
1.28247e+01 6.22505e-08 -1.93120e-05 5.30648e-04 9.36307e-08 8.17232e-14 8.74098e-04
1.28320e+01 6.20237e-08 -1.92907e-05 5.29690e-04 9.32919e-08 8.09015e-14 8.72476e-04
1.28394e+01 6.17963e-08 -1.92694e-05 5.28734e-04 9.29546e-08 8.00850e-14 8.70857e-04
1.28467e+01 6.15715e-08 -1.92481e-05 5.27781e-04 9.26186e-08 7.92738e-14 8.69241e-04
1.28540e+01 6.13459e-08 -1.92268e-05 5.26829e-04 9.22839e-08 7.84679e-14 8.67630e-04
1.28613e+01 6.11229e-08 -1.92055e-05 5.25880e-04 9.19507e-08 7.76671e-14 8.66022e-04
1.28687e+01 6.08993e-08 -1.91843e-05 5.24933e-04 9.16188e-08 7.68716e-14 8.64418e-04
1.28760e+01 6.06781e-08 -1.91630e-05 5.23988e-04 9.12882e-08 7.60811e-14 8.62817e-04
1.28833e+01 6.04562e-08 -1.91418e-05 5.23045e-04 9.09590e-08 7.52958e-14 8.61220e-04
1.28906e+01 6.02369e-08 -1.91205e-05 5.22104e-04 9.06311e-08 7.45156e-14 8.59627e-04
1.28979e+01 6.00169e-08 -1.90993e-05 5.21165e-04 9.03046e-08 7.37404e-14 8.58037e-04
1.29053e+01 5.97993e-08 -1.90781e-05 5.20229e-04 8.99793e-08 7.29703e-14 8.56451e-04
1.29126e+01 5.95811e-08 -1.90569e-05 5.19294e-04 8.96554e-08 7.22052e-14 8.54868e-04
1.29199e+01 5.93653e-08 -1.90358e-05 5.18362e-04 8.93328e-08 7.14450e-14 8.53289e-04
1.29272e+01 5.91489e-08 -1.90146e-05 5.17432e-04 8.90116e-08 7.06897e-14 8.51714e-04
1.29346e+01 5.89349e-08 -1.89934e-05 5.16504e-04 8.86916e-08 6.99394e-14 8.50142e-04
1.29419e+01 5.87202e-08 -1.89723e-05 5.15578e-04 8.83729e-08 6.91939e-14 8.48574e-04
1.29492e+01 5.85080e-08 -1.89512e-05 5.14654e-04 8.80555e-08 6.84533e-14 8.47009e-04
1.29565e+01 5.82951e-08 -1.89300e-05 5.13732e-04 8.77394e-08 6.77175e-14 8.45448e-04
1.29639e+01 5.80846e-08 -1.89089e-05 5.12813e-04 8.74246e-08 6.69865e-14 8.43891e-04
1.29712e+01 5.78734e-08 -1.88878e-05 5.11895e-04 8.71110e-08 6.62602e-14 8.42336e-04
1.29785e+01 5.76646e-08 -1.88667e-05 5.10980e-04 8.67987e-08 6.55387e-14 8.40786e-04
1.29858e+01 5.74551e-08 -1.88457e-05 5.10066e-04 8.64877e-08 6.48218e-14 8.39239e-04
1.29932e+01 5.72481e-08 -1.88246e-05 5.09155e-04 8.61779e-08 6.41097e-14 8.37695e-04
1.30005e+01 5.70403e-08 -1.88036e-05 5.08245e-04 8.58694e-08 6.34022e-14 8.36155e-04
1.30078e+01 5.68349e-08 -1.87825e-05 5.07338e-04 8.55621e-08 6.26993e-14 8.34618e-04
1.30151e+01 5.66288e-08 -1.87615e-05 5.06433e-04 8.52561e-08 6.20010e-14 8.33085e-04
1.30225e+01 5.64251e-08 -1.87405e-05 5.05530e-04 8.49513e-08 6.13072e-14 8.31555e-04
1.30298e+01 5.62207e-08 -1.87195e-05 5.04628e-04 8.46477e-08 6.06180e-14 8.30029e-04
1.30371e+01 5.60187e-08 -1.86985e-05 5.03729e-04 8.43453e-08 5.99333e-14 8.28506e-04
1.30444e+01 5.58159e-08 -1.86775e-05 5.02832e-04 8.40442e-08 5.92531e-14 8.26987e-04
1.30518e+01 5.56155e-08 -1.86565e-05 5.01937e-04 8.37442e-08 5.85773e-14 8.25470e-04
1.30591e+01 5.54144e-08 -1.86356e-05 5.01044e-04 8.34455e-08 5.79060e-14 8.23958e-04
1.30664e+01 5.52157e-08 -1.86146e-05 5.00153e-04 8.31480e-08 5.72391e-14 8.22448e-04
1.30737e+01 5.50162e-08 -1.85937e-05 4.99263e-04 8.28516e-08 5.65765e-14 8.20943e-04
1.30811e+01 5.48190e-08 -1.85728e-05 4.98376e-04 8.25565e-08 5.59183e-14 8.19440e-04
1.30884e+01 5.46212e-08 -1.85519e-05 4.97491e-04 8.22625e-08 5.52644e-14 8.17941e-04
1.30957e+01 5.44256e-08 -1.85310e-05 4.96608e-04 8.19697e-08 5.46148e-14 8.16445e-04
1.31030e+01 5.42294e-08 -1.85101e-05 4.95727e-04 8.16781e-08 5.39695e-14 8.14952e-04
1.31104e+01 5.40354e-08 -1.84892e-05 4.94848e-04 8.13876e-08 5.33284e-14 8.13463e-04
1.31177e+01 5.38407e-08 -1.84684e-05 4.93970e-04 8.10984e-08 5.26915e-14 8.11978e-04
1.31250e+01 5.36483e-08 -1.84475e-05 4.93095e-04 8.08102e-08 5.20588e-14 8.10495e-04
1.31323e+01 5.34552e-08 -1.84267e-05 4.92221e-04 8.05232e-08 5.14303e-14 8.09016e-04
1.31396e+01 5.32643e-08 -1.84058e-05 4.91350e-04 8.02374e-08 5.08060e-14 8.07540e-04
1.31470e+01 5.30728e-08 -1.83850e-05 4.90481e-04 7.99527e-08 5.01857e-14 8.06067e-04
1.31543e+01 5.28834e-08 -1.83642e-05 4.89613e-04 7.96692e-08 4.95696e-14 8.04598e-04
1.31616e+01 5.26934e-08 -1.83434e-05 4.88747e-04 7.93867e-08 4.89575e-14 8.03132e-04
1.31689e+01 5.25056e-08 -1.83226e-05 4.87884e-04 7.91054e-08 4.83495e-14 8.01669e-04
1.31763e+01 5.23172e-08 -1.83019e-05 4.87022e-04 7.88252e-08 4.77455e-14 8.00209e-04
1.31836e+01 5.21309e-08 -1.82811e-05 4.86162e-04 7.85462e-08 4.71455e-14 7.98753e-04
1.31909e+01 5.19439e-08 -1.82604e-05 4.85304e-04 7.82682e-08 4.65494e-14 7.97300e-04
1.31982e+01 5.17591e-08 -1.82396e-05 4.84448e-04 7.79914e-08 4.59573e-14 7.95850e-04
1.32056e+01 5.15737e-08 -1.82189e-05 4.83594e-04 7.77156e-08 4.53691e-14 7.94403e-04
1.32129e+01 5.13904e-08 -1.81982e-05 4.82741e-04 7.74410e-08 4.47849e-14 7.92960e-04
1.32202e+01 5.12064e-08 -1.81775e-05 4.81891e-04 7.71674e-08 4.42045e-14 7.91520e-04
1.32275e+01 5.10246e-08 -1.81568e-05 4.81043e-04 7.68949e-08 4.36280e-14 7.90083e-04
1.32349e+01 5.08421e-08 -1.81361e-05 4.80196e-04 7.66235e-08 4.30553e-14 7.88649e-04
1.32422e+01 5.06617e-08 -1.81155e-05 4.79351e-04 7.63532e-08 4.24864e-14 7.87218e-04
1.32495e+01 5.04806e-08 -1.80948e-05 4.78508e-04 7.60840e-08 4.19213e-14 7.85791e-04
1.32568e+01 5.03017e-08 -1.80742e-05 4.77667e-04 7.58158e-08 4.13599e-14 7.84366e-04
1.32642e+01 5.01221e-08 -1.80535e-05 4.76828e-04 7.55486e-08 4.08023e-14 7.82945e-04
1.32715e+01 4.99446e-08 -1.80329e-05 4.75991e-04 7.52826e-08 4.02484e-14 7.81527e-04
1.32788e+01 4.97665e-08 -1.80123e-05 4.75155e-04 7.50176e-08 3.96982e-14 7.80112e-04
1.32861e+01 4.95904e-08 -1.79917e-05 4.74322e-04 7.47536e-08 3.91517e-14 7.78700e-04
1.32935e+01 4.94136e-08 -1.79711e-05 4.73490e-04 7.44907e-08 3.86088e-14 7.77291e-04
1.33008e+01 4.92390e-08 -1.79505e-05 4.72660e-04 7.42288e-08 3.80696e-14 7.75885e-04
1.33081e+01 4.90636e-08 -1.79300e-05 4.71832e-04 7.39680e-08 3.75340e-14 7.74483e-04
1.33154e+01 4.88904e-08 -1.79094e-05 4.71005e-04 7.37081e-08 3.70019e-14 7.73083e-04
1.33228e+01 4.87164e-08 -1.78889e-05 4.70181e-04 7.34493e-08 3.64735e-14 7.71687e-04
1.33301e+01 4.85445e-08 -1.78683e-05 4.69358e-04 7.31916e-08 3.59485e-14 7.70294e-04
1.33374e+01 4.83719e-08 -1.78478e-05 4.68537e-04 7.29348e-08 3.54271e-14 7.68903e-04
1.33447e+01 4.82014e-08 -1.78273e-05 4.67718e-04 7.26791e-08 3.49092e-14 7.67516e-04
1.33521e+01 4.80302e-08 -1.78068e-05 4.66901e-04 7.24243e-08 3.43948e-14 7.66132e-04
1.33594e+01 4.78611e-08 -1.77863e-05 4.66085e-04 7.21706e-08 3.38838e-14 7.64751e-04
1.33667e+01 4.76912e-08 -1.77658e-05 4.65272e-04 7.19178e-08 3.33763e-14 7.63373e-04
1.33740e+01 4.75234e-08 -1.77454e-05 4.64460e-04 7.16661e-08 3.28722e-14 7.61997e-04
1.33813e+01 4.73549e-08 -1.77249e-05 4.63650e-04 7.14153e-08 3.23715e-14 7.60625e-04
1.33887e+01 4.71884e-08 -1.77045e-05 4.62841e-04 7.11655e-08 3.18741e-14 7.59256e-04
1.33960e+01 4.70213e-08 -1.76841e-05 4.62034e-04 7.09167e-08 3.13802e-14 7.57890e-04
1.34033e+01 4.68561e-08 -1.76636e-05 4.61230e-04 7.06689e-08 3.08895e-14 7.56527e-04
1.34106e+01 4.66903e-08 -1.76432e-05 4.60427e-04 7.04221e-08 3.04022e-14 7.55167e-04
1.34180e+01 4.65264e-08 -1.76228e-05 4.59625e-04 7.01762e-08 2.99182e-14 7.53810e-04
1.34253e+01 4.63619e-08 -1.76024e-05 4.58826e-04 6.99313e-08 2.94374e-14 7.52455e-04
1.34326e+01 4.61993e-08 -1.75821e-05 4.58028e-04 6.96873e-08 2.89599e-14 7.51104e-04
1.34399e+01 4.60361e-08 -1.75617e-05 4.57232e-04 6.94443e-08 2.84857e-14 7.49756e-04
1.34473e+01 4.58748e-08 -1.75413e-05 4.56437e-04 6.92022e-08 2.80146e-14 7.48410e-04
1.34546e+01 4.57129e-08 -1.75210e-05 4.55644e-04 6.89611e-08 2.75468e-14 7.47068e-04
1.34619e+01 4.55529e-08 -1.75007e-05 4.54854e-04 6.87210e-08 2.70821e-14 7.45728e-04
1.34692e+01 4.53922e-08 -1.74803e-05 4.54064e-04 6.84817e-08 2.66206e-14 7.44392e-04
1.34766e+01 4.52334e-08 -1.74600e-05 4.53277e-04 6.82434e-08 2.61623e-14 7.43058e-04
1.34839e+01 4.50740e-08 -1.74397e-05 4.52491e-04 6.80061e-08 2.57070e-14 7.41727e-04
1.34912e+01 4.49165e-08 -1.74194e-05 4.51707e-04 6.77696e-08 2.52549e-14 7.40399e-04
1.34985e+01 4.47584e-08 -1.73992e-05 4.50925e-04 6.75341e-08 2.48059e-14 7.39074e-04
1.35059e+01 4.46021e-08 -1.73789e-05 4.50144e-04 6.72995e-08 2.43599e-14 7.37752e-04
1.35132e+01 4.44452e-08 -1.73587e-05 4.49365e-04 6.70658e-08 2.39170e-14 7.36433e-04
1.35205e+01 4.42902e-08 -1.73384e-05 4.48588e-04 6.68330e-08 2.34771e-14 7.35116e-04
1.35278e+01 4.41345e-08 -1.73182e-05 4.47812e-04 6.66011e-08 2.30402e-14 7.33803e-04
1.35352e+01 4.39807e-08 -1.72979e-05 4.47038e-04 6.63702e-08 2.26063e-14 7.32492e-04
1.35425e+01 4.38263e-08 -1.72777e-05 4.46266e-04 6.61401e-08 2.21754e-14 7.31184e-04
1.35498e+01 4.36737e-08 -1.72575e-05 4.45495e-04 6.59109e-08 2.17474e-14 7.29879e-04
1.35571e+01 4.35204e-08 -1.72374e-05 4.44726e-04 6.56826e-08 2.13224e-14 7.28576e-04
1.35645e+01 4.33690e-08 -1.72172e-05 4.43959e-04 6.54552e-08 2.09003e-14 7.27277e-04
1.35718e+01 4.32170e-08 -1.71970e-05 4.43193e-04 6.52287e-08 2.04812e-14 7.25980e-04
1.35791e+01 4.30668e-08 -1.71768e-05 4.42429e-04 6.50030e-08 2.00649e-14 7.24686e-04
1.35864e+01 4.29159e-08 -1.71567e-05 4.41667e-04 6.47782e-08 1.96514e-14 7.23395e-04
1.35938e+01 4.27668e-08 -1.71366e-05 4.40906e-04 6.45543e-08 1.92409e-14 7.22107e-04
1.36011e+01 4.26171e-08 -1.71164e-05 4.40147e-04 6.43313e-08 1.88331e-14 7.20821e-04
1.36084e+01 4.24693e-08 -1.70963e-05 4.39390e-04 6.41091e-08 1.84282e-14 7.19539e-04
1.36157e+01 4.23207e-08 -1.70762e-05 4.38634e-04 6.38878e-08 1.80261e-14 7.18259e-04
1.36230e+01 4.21740e-08 -1.70561e-05 4.37880e-04 6.36673e-08 1.76268e-14 7.16981e-04
1.36304e+01 4.20267e-08 -1.70361e-05 4.37127e-04 6.34477e-08 1.72302e-14 7.15707e-04
1.36377e+01 4.18811e-08 -1.70160e-05 4.36376e-04 6.32289e-08 1.68364e-14 7.14435e-04
1.36450e+01 4.17349e-08 -1.69959e-05 4.35627e-04 6.30110e-08 1.64454e-14 7.13166e-04
1.36523e+01 4.15904e-08 -1.69759e-05 4.34879e-04 6.27939e-08 1.60570e-14 7.11900e-04
1.36597e+01 4.14453e-08 -1.69558e-05 4.34133e-04 6.25777e-08 1.56714e-14 7.10636e-04
1.36670e+01 4.13020e-08 -1.69358e-05 4.33388e-04 6.23623e-08 1.52884e-14 7.09375e-04
1.36743e+01 4.11581e-08 -1.69158e-05 4.32645e-04 6.21477e-08 1.49081e-14 7.08117e-04
1.36816e+01 4.10159e-08 -1.68958e-05 4.31904e-04 6.19340e-08 1.45305e-14 7.06861e-04
1.36890e+01 4.08730e-08 -1.68758e-05 4.31164e-04 6.17210e-08 1.41555e-14 7.05609e-04
1.36963e+01 4.07320e-08 -1.68558e-05 4.30426e-04 6.15089e-08 1.37831e-14 7.04358e-04
1.37036e+01 4.05902e-08 -1.68358e-05 4.29690e-04 6.12976e-08 1.34134e-14 7.03111e-04
1.37109e+01 4.04502e-08 -1.68159e-05 4.28955e-04 6.10871e-08 1.30462e-14 7.01866e-04
1.37183e+01 4.03096e-08 -1.67959e-05 4.28221e-04 6.08774e-08 1.26816e-14 7.00624e-04
1.37256e+01 4.01707e-08 -1.67760e-05 4.27489e-04 6.06686e-08 1.23195e-14 6.99384e-04
1.37329e+01 4.00311e-08 -1.67560e-05 4.26759e-04 6.04605e-08 1.19601e-14 6.98148e-04
1.37402e+01 3.98933e-08 -1.67361e-05 4.26030e-04 6.02532e-08 1.16031e-14 6.96913e-04
1.37476e+01 3.97548e-08 -1.67162e-05 4.25303e-04 6.00467e-08 1.12486e-14 6.95682e-04
1.37549e+01 3.96180e-08 -1.66963e-05 4.24577e-04 5.98411e-08 1.08967e-14 6.94453e-04
1.37622e+01 3.94806e-08 -1.66764e-05 4.23853e-04 5.96361e-08 1.05472e-14 6.93226e-04
1.37695e+01 3.93449e-08 -1.66565e-05 4.23130e-04 5.94320e-08 1.02002e-14 6.92003e-04
1.37769e+01 3.92086e-08 -1.66367e-05 4.22409e-04 5.92287e-08 9.85570e-15 6.90781e-04
1.37842e+01 3.90739e-08 -1.66168e-05 4.21690e-04 5.90261e-08 9.51360e-15 6.89563e-04
1.37915e+01 3.89386e-08 -1.65970e-05 4.20972e-04 5.88243e-08 9.17393e-15 6.88347e-04
1.37988e+01 3.88050e-08 -1.65771e-05 4.20255e-04 5.86233e-08 8.83667e-15 6.87133e-04
1.38062e+01 3.86707e-08 -1.65573e-05 4.19540e-04 5.84231e-08 8.50180e-15 6.85923e-04
1.38135e+01 3.85381e-08 -1.65375e-05 4.18827e-04 5.82236e-08 8.16932e-15 6.84714e-04
1.38208e+01 3.84049e-08 -1.65177e-05 4.18115e-04 5.80249e-08 7.83920e-15 6.83509e-04
1.38281e+01 3.82734e-08 -1.64979e-05 4.17405e-04 5.78269e-08 7.51144e-15 6.82305e-04
1.38354e+01 3.81411e-08 -1.64781e-05 4.16696e-04 5.76297e-08 7.18601e-15 6.81105e-04
1.38428e+01 3.80106e-08 -1.64583e-05 4.15988e-04 5.74332e-08 6.86292e-15 6.79907e-04
1.38501e+01 3.78794e-08 -1.64385e-05 4.15282e-04 5.72375e-08 6.54213e-15 6.78711e-04
1.38574e+01 3.77499e-08 -1.64188e-05 4.14578e-04 5.70426e-08 6.22364e-15 6.77518e-04
1.38647e+01 3.76197e-08 -1.63991e-05 4.13875e-04 5.68483e-08 5.90743e-15 6.76328e-04
1.38721e+01 3.74911e-08 -1.63793e-05 4.13174e-04 5.66548e-08 5.59349e-15 6.75140e-04
1.38794e+01 3.73619e-08 -1.63596e-05 4.12474e-04 5.64621e-08 5.28181e-15 6.73954e-04
1.38867e+01 3.72344e-08 -1.63399e-05 4.11775e-04 5.62701e-08 4.97237e-15 6.72771e-04
1.38940e+01 3.71061e-08 -1.63202e-05 4.11078e-04 5.60788e-08 4.66516e-15 6.71591e-04
1.39014e+01 3.69796e-08 -1.63005e-05 4.10382e-04 5.58882e-08 4.36016e-15 6.70413e-04
1.39087e+01 3.68523e-08 -1.62808e-05 4.09688e-04 5.56984e-08 4.05737e-15 6.69237e-04
1.39160e+01 3.67267e-08 -1.62611e-05 4.08996e-04 5.55092e-08 3.75676e-15 6.68064e-04
1.39233e+01 3.66005e-08 -1.62415e-05 4.08304e-04 5.53208e-08 3.45834e-15 6.66894e-04
1.39307e+01 3.64758e-08 -1.62218e-05 4.07615e-04 5.51331e-08 3.16207e-15 6.65726e-04
1.39380e+01 3.63505e-08 -1.62022e-05 4.06926e-04 5.49461e-08 2.86795e-15 6.64560e-04
1.39453e+01 3.62268e-08 -1.61826e-05 4.06240e-04 5.47599e-08 2.57597e-15 6.63397e-04
1.39526e+01 3.61025e-08 -1.61629e-05 4.05554e-04 5.45743e-08 2.28612e-15 6.62236e-04
1.39600e+01 3.59797e-08 -1.61433e-05 4.04870e-04 5.43894e-08 1.99837e-15 6.61078e-04
1.39673e+01 3.58563e-08 -1.61237e-05 4.04188e-04 5.42052e-08 1.71272e-15 6.59922e-04
1.39746e+01 3.57345e-08 -1.61041e-05 4.03507e-04 5.40218e-08 1.42916e-15 6.58768e-04
1.39819e+01 3.56120e-08 -1.60846e-05 4.02827e-04 5.38390e-08 1.14767e-15 6.57617e-04
1.39893e+01 3.54912e-08 -1.60650e-05 4.02149e-04 5.36569e-08 8.68243e-16 6.56469e-04
1.39966e+01 3.53696e-08 -1.60454e-05 4.01472e-04 5.34755e-08 5.90862e-16 6.55322e-04
1.40039e+01 3.52497e-08 -1.60259e-05 4.00796e-04 5.32947e-08 3.15517e-16 6.54179e-04
1.40112e+01 3.51291e-08 -1.60064e-05 4.00122e-04 5.31147e-08 4.21960e-17 6.53037e-04
1.40186e+01 3.50100e-08 -1.59868e-05 3.99450e-04 5.29353e-08 -2.29114e-16 6.51898e-04
1.40259e+01 3.48903e-08 -1.59673e-05 3.98779e-04 5.27566e-08 -4.98427e-16 6.50761e-04
1.40332e+01 3.47722e-08 -1.59478e-05 3.98109e-04 5.25786e-08 -7.65751e-16 6.49627e-04
1.40405e+01 3.46534e-08 -1.59283e-05 3.97440e-04 5.24013e-08 -1.03110e-15 6.48495e-04
1.40479e+01 3.45361e-08 -1.59088e-05 3.96773e-04 5.22246e-08 -1.29449e-15 6.47365e-04
1.40552e+01 3.44182e-08 -1.58893e-05 3.96108e-04 5.20486e-08 -1.55592e-15 6.46238e-04
1.40625e+01 3.43019e-08 -1.58699e-05 3.95444e-04 5.18732e-08 -1.81542e-15 6.45113e-04
1.40698e+01 3.41849e-08 -1.58504e-05 3.94781e-04 5.16985e-08 -2.07298e-15 6.43991e-04
1.40771e+01 3.40694e-08 -1.58310e-05 3.94119e-04 5.15245e-08 -2.32864e-15 6.42871e-04
1.40845e+01 3.39533e-08 -1.58115e-05 3.93459e-04 5.13511e-08 -2.58239e-15 6.41753e-04
1.40918e+01 3.38387e-08 -1.57921e-05 3.92801e-04 5.11783e-08 -2.83424e-15 6.40637e-04
1.40991e+01 3.37234e-08 -1.57727e-05 3.92143e-04 5.10062e-08 -3.08421e-15 6.39524e-04
1.41064e+01 3.36097e-08 -1.57533e-05 3.91487e-04 5.08348e-08 -3.33231e-15 6.38413e-04
1.41138e+01 3.34953e-08 -1.57339e-05 3.90833e-04 5.06640e-08 -3.57856e-15 6.37304e-04
1.41211e+01 3.33825e-08 -1.57145e-05 3.90179e-04 5.04938e-08 -3.82296e-15 6.36198e-04
1.41284e+01 3.32689e-08 -1.56951e-05 3.89527e-04 5.03242e-08 -4.06552e-15 6.35094e-04
1.41357e+01 3.31569e-08 -1.56758e-05 3.88877e-04 5.01553e-08 -4.30625e-15 6.33992e-04
1.41431e+01 3.30443e-08 -1.56564e-05 3.88228e-04 4.99871e-08 -4.54517e-15 6.32893e-04
1.41504e+01 3.29331e-08 -1.56371e-05 3.87580e-04 4.98194e-08 -4.78229e-15 6.31795e-04
1.41577e+01 3.28213e-08 -1.56177e-05 3.86933e-04 4.96524e-08 -5.01761e-15 6.30700e-04
1.41650e+01 3.27109e-08 -1.55984e-05 3.86288e-04 4.94860e-08 -5.25115e-15 6.29608e-04
1.41724e+01 3.26000e-08 -1.55791e-05 3.85644e-04 4.93202e-08 -5.48293e-15 6.28517e-04
1.41797e+01 3.24905e-08 -1.55598e-05 3.85002e-04 4.91551e-08 -5.71294e-15 6.27429e-04
1.41870e+01 3.23803e-08 -1.55405e-05 3.84360e-04 4.89905e-08 -5.94120e-15 6.26343e-04
1.41943e+01 3.22716e-08 -1.55212e-05 3.83720e-04 4.88266e-08 -6.16773e-15 6.25260e-04
1.42017e+01 3.21623e-08 -1.55019e-05 3.83082e-04 4.86633e-08 -6.39252e-15 6.24178e-04
1.42090e+01 3.20545e-08 -1.54827e-05 3.82445e-04 4.85006e-08 -6.61560e-15 6.23099e-04
1.42163e+01 3.19459e-08 -1.54634e-05 3.81809e-04 4.83385e-08 -6.83697e-15 6.22022e-04
1.42236e+01 3.18389e-08 -1.54442e-05 3.81174e-04 4.81770e-08 -7.05664e-15 6.20947e-04
1.42310e+01 3.17312e-08 -1.54249e-05 3.80541e-04 4.80161e-08 -7.27463e-15 6.19875e-04
1.42383e+01 3.16250e-08 -1.54057e-05 3.79909e-04 4.78558e-08 -7.49094e-15 6.18804e-04
1.42456e+01 3.15181e-08 -1.53865e-05 3.79278e-04 4.76961e-08 -7.70559e-15 6.17736e-04
1.42529e+01 3.14126e-08 -1.53673e-05 3.78649e-04 4.75369e-08 -7.91857e-15 6.16670e-04
1.42603e+01 3.13065e-08 -1.53481e-05 3.78020e-04 4.73784e-08 -8.12992e-15 6.15606e-04
1.42676e+01 3.12019e-08 -1.53289e-05 3.77394e-04 4.72205e-08 -8.33962e-15 6.14545e-04
1.42749e+01 3.10966e-08 -1.53097e-05 3.76768e-04 4.70631e-08 -8.54770e-15 6.13485e-04
1.42822e+01 3.09927e-08 -1.52905e-05 3.76144e-04 4.69063e-08 -8.75416e-15 6.12428e-04
1.42896e+01 3.08882e-08 -1.52714e-05 3.75521e-04 4.67501e-08 -8.95902e-15 6.11373e-04
1.42969e+01 3.07851e-08 -1.52522e-05 3.74899e-04 4.65945e-08 -9.16228e-15 6.10320e-04
1.43042e+01 3.06813e-08 -1.52331e-05 3.74279e-04 4.64395e-08 -9.36395e-15 6.09269e-04
1.43115e+01 3.05790e-08 -1.52140e-05 3.73659e-04 4.62850e-08 -9.56405e-15 6.08221e-04
1.43188e+01 3.04760e-08 -1.51949e-05 3.73041e-04 4.61311e-08 -9.76257e-15 6.07174e-04
1.43262e+01 3.03745e-08 -1.51758e-05 3.72425e-04 4.59778e-08 -9.95954e-15 6.06130e-04
1.43335e+01 3.02723e-08 -1.51567e-05 3.71809e-04 4.58250e-08 -1.01550e-14 6.05088e-04
1.43408e+01 3.01715e-08 -1.51376e-05 3.71195e-04 4.56728e-08 -1.03488e-14 6.04048e-04
1.43481e+01 3.00700e-08 -1.51185e-05 3.70582e-04 4.55212e-08 -1.05412e-14 6.03010e-04
1.43555e+01 2.99700e-08 -1.50994e-05 3.69971e-04 4.53701e-08 -1.07320e-14 6.01974e-04
1.43628e+01 2.98693e-08 -1.50804e-05 3.69360e-04 4.52196e-08 -1.09213e-14 6.00940e-04
1.43701e+01 2.97700e-08 -1.50613e-05 3.68751e-04 4.50696e-08 -1.11092e-14 5.99909e-04
1.43774e+01 2.96700e-08 -1.50423e-05 3.68143e-04 4.49202e-08 -1.12955e-14 5.98879e-04
1.43848e+01 2.95714e-08 -1.50232e-05 3.67537e-04 4.47713e-08 -1.14803e-14 5.97852e-04
1.43921e+01 2.94722e-08 -1.50042e-05 3.66931e-04 4.46230e-08 -1.16637e-14 5.96826e-04
1.43994e+01 2.93744e-08 -1.49852e-05 3.66327e-04 4.44752e-08 -1.18456e-14 5.95803e-04
1.44067e+01 2.92759e-08 -1.49662e-05 3.65724e-04 4.43280e-08 -1.20260e-14 5.94782e-04
1.44141e+01 2.91788e-08 -1.49472e-05 3.65122e-04 4.41813e-08 -1.22050e-14 5.93763e-04
1.44214e+01 2.90810e-08 -1.49282e-05 3.64522e-04 4.40352e-08 -1.23826e-14 5.92746e-04
1.44287e+01 2.89846e-08 -1.49093e-05 3.63922e-04 4.38896e-08 -1.25587e-14 5.91731e-04
1.44360e+01 2.88876e-08 -1.48903e-05 3.63324e-04 4.37445e-08 -1.27334e-14 5.90718e-04
1.44434e+01 2.87919e-08 -1.48713e-05 3.62727e-04 4.35999e-08 -1.29067e-14 5.89707e-04
1.44507e+01 2.86956e-08 -1.48524e-05 3.62132e-04 4.34559e-08 -1.30786e-14 5.88698e-04
1.44580e+01 2.86007e-08 -1.48335e-05 3.61537e-04 4.33124e-08 -1.32491e-14 5.87692e-04
1.44653e+01 2.85051e-08 -1.48145e-05 3.60944e-04 4.31695e-08 -1.34182e-14 5.86687e-04
1.44727e+01 2.84108e-08 -1.47956e-05 3.60352e-04 4.30270e-08 -1.35859e-14 5.85684e-04
1.44800e+01 2.83159e-08 -1.47767e-05 3.59761e-04 4.28851e-08 -1.37522e-14 5.84684e-04
1.44873e+01 2.82223e-08 -1.47578e-05 3.59171e-04 4.27437e-08 -1.39172e-14 5.83685e-04
1.44946e+01 2.81281e-08 -1.47389e-05 3.58583e-04 4.26028e-08 -1.40809e-14 5.82688e-04
1.45020e+01 2.80352e-08 -1.47201e-05 3.57996e-04 4.24624e-08 -1.42431e-14 5.81694e-04
1.45093e+01 2.79417e-08 -1.47012e-05 3.57410e-04 4.23226e-08 -1.44041e-14 5.80701e-04
1.45166e+01 2.78495e-08 -1.46823e-05 3.56825e-04 4.21832e-08 -1.45637e-14 5.79711e-04
1.45239e+01 2.77567e-08 -1.46635e-05 3.56241e-04 4.20444e-08 -1.47220e-14 5.78722e-04
1.45312e+01 2.76652e-08 -1.46446e-05 3.55658e-04 4.19060e-08 -1.48790e-14 5.77736e-04
1.45386e+01 2.75730e-08 -1.46258e-05 3.55077e-04 4.17682e-08 -1.50347e-14 5.76751e-04
1.45459e+01 2.74822e-08 -1.46070e-05 3.54497e-04 4.16309e-08 -1.51891e-14 5.75768e-04
1.45532e+01 2.73907e-08 -1.45882e-05 3.53918e-04 4.14940e-08 -1.53422e-14 5.74788e-04
1.45605e+01 2.73005e-08 -1.45694e-05 3.53340e-04 4.13577e-08 -1.54940e-14 5.73809e-04
1.45679e+01 2.72097e-08 -1.45506e-05 3.52763e-04 4.12219e-08 -1.56445e-14 5.72832e-04
1.45752e+01 2.71202e-08 -1.45318e-05 3.52188e-04 4.10865e-08 -1.57938e-14 5.71858e-04
1.45825e+01 2.70301e-08 -1.45131e-05 3.51613e-04 4.09517e-08 -1.59418e-14 5.70885e-04
1.45898e+01 2.69412e-08 -1.44943e-05 3.51040e-04 4.08173e-08 -1.60886e-14 5.69914e-04
1.45972e+01 2.68518e-08 -1.44755e-05 3.50468e-04 4.06835e-08 -1.62341e-14 5.68945e-04
1.46045e+01 2.67635e-08 -1.44568e-05 3.49897e-04 4.05501e-08 -1.63784e-14 5.67978e-04
1.46118e+01 2.66747e-08 -1.44381e-05 3.49327e-04 4.04172e-08 -1.65215e-14 5.67013e-04
1.46191e+01 2.65872e-08 -1.44193e-05 3.48758e-04 4.02848e-08 -1.66634e-14 5.66050e-04
1.46265e+01 2.64990e-08 -1.44006e-05 3.48191e-04 4.01528e-08 -1.68040e-14 5.65089e-04
1.46338e+01 2.64121e-08 -1.43819e-05 3.47624e-04 4.00214e-08 -1.69434e-14 5.64130e-04
1.46411e+01 2.63245e-08 -1.43632e-05 3.47059e-04 3.98904e-08 -1.70817e-14 5.63172e-04
1.46484e+01 2.62382e-08 -1.43445e-05 3.46495e-04 3.97599e-08 -1.72187e-14 5.62217e-04
1.46558e+01 2.61513e-08 -1.43258e-05 3.45932e-04 3.96298e-08 -1.73546e-14 5.61263e-04
1.46631e+01 2.60657e-08 -1.43072e-05 3.45370e-04 3.95003e-08 -1.74893e-14 5.60312e-04
1.46704e+01 2.59794e-08 -1.42885e-05 3.44809e-04 3.93712e-08 -1.76228e-14 5.59362e-04
1.46777e+01 2.58944e-08 -1.42699e-05 3.44250e-04 3.92425e-08 -1.77551e-14 5.58414e-04
1.46851e+01 2.58088e-08 -1.42512e-05 3.43691e-04 3.91144e-08 -1.78864e-14 5.57468e-04
1.46924e+01 2.57244e-08 -1.42326e-05 3.43134e-04 3.89867e-08 -1.80164e-14 5.56524e-04
1.46997e+01 2.56393e-08 -1.42140e-05 3.42577e-04 3.88594e-08 -1.81453e-14 5.55582e-04
1.47070e+01 2.55555e-08 -1.41954e-05 3.42022e-04 3.87326e-08 -1.82731e-14 5.54642e-04
1.47144e+01 2.54711e-08 -1.41768e-05 3.41468e-04 3.86063e-08 -1.83998e-14 5.53704e-04
1.47217e+01 2.53880e-08 -1.41582e-05 3.40915e-04 3.84804e-08 -1.85253e-14 5.52767e-04
1.47290e+01 2.53042e-08 -1.41396e-05 3.40363e-04 3.83550e-08 -1.86498e-14 5.51833e-04
1.47363e+01 2.52216e-08 -1.41210e-05 3.39812e-04 3.82300e-08 -1.87731e-14 5.50900e-04
1.47437e+01 2.51384e-08 -1.41024e-05 3.39263e-04 3.81055e-08 -1.88953e-14 5.49969e-04
1.47510e+01 2.50564e-08 -1.40839e-05 3.38714e-04 3.79814e-08 -1.90165e-14 5.49040e-04
1.47583e+01 2.49739e-08 -1.40653e-05 3.38166e-04 3.78578e-08 -1.91365e-14 5.48112e-04
1.47656e+01 2.48925e-08 -1.40468e-05 3.37620e-04 3.77346e-08 -1.92555e-14 5.47187e-04
1.47729e+01 2.48105e-08 -1.40283e-05 3.37075e-04 3.76119e-08 -1.93734e-14 5.46263e-04
1.47803e+01 2.47297e-08 -1.40097e-05 3.36530e-04 3.74896e-08 -1.94903e-14 5.45342e-04
1.47876e+01 2.46483e-08 -1.39912e-05 3.35987e-04 3.73678e-08 -1.96061e-14 5.44422e-04
1.47949e+01 2.45681e-08 -1.39727e-05 3.35445e-04 3.72463e-08 -1.97208e-14 5.43504e-04
1.48022e+01 2.44873e-08 -1.39542e-05 3.34904e-04 3.71254e-08 -1.98345e-14 5.42587e-04
1.48096e+01 2.44077e-08 -1.39357e-05 3.34364e-04 3.70048e-08 -1.99471e-14 5.41673e-04
1.48169e+01 2.43275e-08 -1.39173e-05 3.33825e-04 3.68847e-08 -2.00588e-14 5.40760e-04
1.48242e+01 2.42484e-08 -1.38988e-05 3.33287e-04 3.67650e-08 -2.01694e-14 5.39849e-04
1.48315e+01 2.41688e-08 -1.38804e-05 3.32750e-04 3.66457e-08 -2.02789e-14 5.38940e-04
1.48389e+01 2.40903e-08 -1.38619e-05 3.32215e-04 3.65269e-08 -2.03875e-14 5.38033e-04
1.48462e+01 2.40112e-08 -1.38435e-05 3.31680e-04 3.64085e-08 -2.04951e-14 5.37128e-04
1.48535e+01 2.39333e-08 -1.38250e-05 3.31146e-04 3.62905e-08 -2.06016e-14 5.36224e-04
1.48608e+01 2.38548e-08 -1.38066e-05 3.30614e-04 3.61730e-08 -2.07072e-14 5.35322e-04
1.48682e+01 2.37774e-08 -1.37882e-05 3.30082e-04 3.60558e-08 -2.08118e-14 5.34422e-04
1.48755e+01 2.36995e-08 -1.37698e-05 3.29552e-04 3.59391e-08 -2.09154e-14 5.33523e-04
1.48828e+01 2.36227e-08 -1.37514e-05 3.29022e-04 3.58228e-08 -2.10180e-14 5.32627e-04
1.48901e+01 2.35453e-08 -1.37330e-05 3.28494e-04 3.57069e-08 -2.11196e-14 5.31732e-04
1.48975e+01 2.34691e-08 -1.37146e-05 3.27967e-04 3.55914e-08 -2.12203e-14 5.30839e-04
1.49048e+01 2.33923e-08 -1.36963e-05 3.27440e-04 3.54763e-08 -2.13201e-14 5.29948e-04
1.49121e+01 2.33166e-08 -1.36779e-05 3.26915e-04 3.53617e-08 -2.14189e-14 5.29058e-04
1.49194e+01 2.32403e-08 -1.36596e-05 3.26391e-04 3.52474e-08 -2.15167e-14 5.28170e-04
1.49268e+01 2.31652e-08 -1.36412e-05 3.25868e-04 3.51336e-08 -2.16136e-14 5.27284e-04
1.49341e+01 2.30894e-08 -1.36229e-05 3.25345e-04 3.50202e-08 -2.17096e-14 5.26400e-04
1.49414e+01 2.30148e-08 -1.36046e-05 3.24824e-04 3.49071e-08 -2.18046e-14 5.25517e-04
1.49487e+01 2.29396e-08 -1.35863e-05 3.24304e-04 3.47945e-08 -2.18987e-14 5.24636e-04
1.49561e+01 2.28656e-08 -1.35680e-05 3.23785e-04 3.46823e-08 -2.19919e-14 5.23757e-04
1.49634e+01 2.27909e-08 -1.35497e-05 3.23267e-04 3.45704e-08 -2.20842e-14 5.22880e-04
1.49707e+01 2.27174e-08 -1.35314e-05 3.22750e-04 3.44590e-08 -2.21756e-14 5.22004e-04
1.49780e+01 2.26433e-08 -1.35131e-05 3.22234e-04 3.43480e-08 -2.22661e-14 5.21130e-04
1.49854e+01 2.25702e-08 -1.34949e-05 3.21719e-04 3.42373e-08 -2.23557e-14 5.20258e-04
1.49927e+01 2.24967e-08 -1.34766e-05 3.21205e-04 3.41271e-08 -2.24444e-14 5.19387e-04
1.50000e+01 2.24242e-08 -1.34584e-05 3.20692e-04 3.40172e-08 -2.25322e-14 5.18518e-04
1.50073e+01 2.23511e-08 -1.34401e-05 3.20179e-04 3.39077e-08 -2.26191e-14 5.17651e-04
1.50146e+01 2.22791e-08 -1.34219e-05 3.19668e-04 3.37987e-08 -2.27052e-14 5.16785e-04
1.50220e+01 2.22066e-08 -1.34037e-05 3.19158e-04 3.36900e-08 -2.27904e-14 5.15922e-04
1.50293e+01 2.21351e-08 -1.33854e-05 3.18649e-04 3.35816e-08 -2.28748e-14 5.15059e-04
1.50366e+01 2.20631e-08 -1.33672e-05 3.18141e-04 3.34737e-08 -2.29583e-14 5.14199e-04
1.50439e+01 2.19922e-08 -1.33490e-05 3.17634e-04 3.33662e-08 -2.30409e-14 5.13340e-04
1.50513e+01 2.19206e-08 -1.33309e-05 3.17128e-04 3.32590e-08 -2.31227e-14 5.12483e-04
1.50586e+01 2.18502e-08 -1.33127e-05 3.16623e-04 3.31522e-08 -2.32037e-14 5.11628e-04
1.50659e+01 2.17792e-08 -1.32945e-05 3.16119e-04 3.30458e-08 -2.32838e-14 5.10774e-04
1.50732e+01 2.17093e-08 -1.32764e-05 3.15616e-04 3.29398e-08 -2.33631e-14 5.09922e-04
1.50806e+01 2.16387e-08 -1.32582e-05 3.15113e-04 3.28341e-08 -2.34416e-14 5.09071e-04
1.50879e+01 2.15693e-08 -1.32401e-05 3.14612e-04 3.27288e-08 -2.35193e-14 5.08222e-04
1.50952e+01 2.14993e-08 -1.32219e-05 3.14112e-04 3.26239e-08 -2.35961e-14 5.07375e-04
1.51025e+01 2.14304e-08 -1.32038e-05 3.13613e-04 3.25193e-08 -2.36722e-14 5.06530e-04
1.51099e+01 2.13608e-08 -1.31857e-05 3.13114e-04 3.24152e-08 -2.37474e-14 5.05686e-04
1.51172e+01 2.12924e-08 -1.31676e-05 3.12617e-04 3.23114e-08 -2.38218e-14 5.04843e-04
1.51245e+01 2.12234e-08 -1.31495e-05 3.12121e-04 3.22079e-08 -2.38955e-14 5.04003e-04
1.51318e+01 2.11554e-08 -1.31314e-05 3.11625e-04 3.21048e-08 -2.39683e-14 5.03164e-04
1.51392e+01 2.10869e-08 -1.31133e-05 3.11131e-04 3.20021e-08 -2.40404e-14 5.02326e-04
1.51465e+01 2.10194e-08 -1.30952e-05 3.10637e-04 3.18997e-08 -2.41117e-14 5.01491e-04
1.51538e+01 2.09513e-08 -1.30772e-05 3.10145e-04 3.17977e-08 -2.41823e-14 5.00656e-04
1.51611e+01 2.08843e-08 -1.30591e-05 3.09653e-04 3.16961e-08 -2.42520e-14 4.99824e-04
1.51685e+01 2.08168e-08 -1.30411e-05 3.09162e-04 3.15948e-08 -2.43210e-14 4.98993e-04
1.51758e+01 2.07502e-08 -1.30231e-05 3.08673e-04 3.14939e-08 -2.43893e-14 4.98164e-04
1.51831e+01 2.06831e-08 -1.30050e-05 3.08184e-04 3.13933e-08 -2.44568e-14 4.97336e-04
1.51904e+01 2.06171e-08 -1.29870e-05 3.07696e-04 3.12931e-08 -2.45235e-14 4.96510e-04
1.51978e+01 2.05505e-08 -1.29690e-05 3.07209e-04 3.11932e-08 -2.45895e-14 4.95685e-04
1.52051e+01 2.04849e-08 -1.29510e-05 3.06723e-04 3.10937e-08 -2.46548e-14 4.94862e-04
1.52124e+01 2.04187e-08 -1.29330e-05 3.06238e-04 3.09945e-08 -2.47193e-14 4.94041e-04
1.52197e+01 2.03536e-08 -1.29150e-05 3.05754e-04 3.08957e-08 -2.47831e-14 4.93221e-04
1.52271e+01 2.02879e-08 -1.28970e-05 3.05271e-04 3.07972e-08 -2.48462e-14 4.92403e-04
1.52344e+01 2.02232e-08 -1.28791e-05 3.04789e-04 3.06991e-08 -2.49085e-14 4.91586e-04
1.52417e+01 2.01580e-08 -1.28611e-05 3.04308e-04 3.06013e-08 -2.49702e-14 4.90771e-04
1.52490e+01 2.00938e-08 -1.28432e-05 3.03827e-04 3.05038e-08 -2.50311e-14 4.89958e-04
1.52563e+01 2.00290e-08 -1.28252e-05 3.03348e-04 3.04067e-08 -2.50913e-14 4.89146e-04
1.52637e+01 1.99653e-08 -1.28073e-05 3.02869e-04 3.03100e-08 -2.51508e-14 4.88335e-04
1.52710e+01 1.99010e-08 -1.27894e-05 3.02392e-04 3.02135e-08 -2.52097e-14 4.87527e-04
1.52783e+01 1.98376e-08 -1.27715e-05 3.01915e-04 3.01174e-08 -2.52678e-14 4.86719e-04
1.52856e+01 1.97738e-08 -1.27536e-05 3.01439e-04 3.00217e-08 -2.53252e-14 4.85914e-04
1.52930e+01 1.97109e-08 -1.27357e-05 3.00965e-04 2.99262e-08 -2.53820e-14 4.85109e-04
1.53003e+01 1.96475e-08 -1.27178e-05 3.00491e-04 2.98312e-08 -2.54381e-14 4.84307e-04
1.53076e+01 1.95851e-08 -1.26999e-05 3.00018e-04 2.97364e-08 -2.54935e-14 4.83506e-04
1.53149e+01 1.95221e-08 -1.26820e-05 2.99545e-04 2.96420e-08 -2.55482e-14 4.82706e-04
1.53223e+01 1.94601e-08 -1.26642e-05 2.99074e-04 2.95479e-08 -2.56023e-14 4.81908e-04
1.53296e+01 1.93976e-08 -1.26463e-05 2.98604e-04 2.94541e-08 -2.56557e-14 4.81111e-04
1.53369e+01 1.93360e-08 -1.26285e-05 2.98134e-04 2.93606e-08 -2.57084e-14 4.80316e-04
1.53442e+01 1.92740e-08 -1.26106e-05 2.97666e-04 2.92675e-08 -2.57605e-14 4.79523e-04
1.53516e+01 1.92128e-08 -1.25928e-05 2.97198e-04 2.91747e-08 -2.58119e-14 4.78731e-04
1.53589e+01 1.91512e-08 -1.25750e-05 2.96731e-04 2.90822e-08 -2.58627e-14 4.77940e-04
1.53662e+01 1.90905e-08 -1.25572e-05 2.96266e-04 2.89901e-08 -2.59129e-14 4.77151e-04
1.53735e+01 1.90293e-08 -1.25394e-05 2.95801e-04 2.88982e-08 -2.59624e-14 4.76364e-04
1.53809e+01 1.89690e-08 -1.25216e-05 2.95337e-04 2.88067e-08 -2.60113e-14 4.75578e-04
1.53882e+01 1.89082e-08 -1.25038e-05 2.94873e-04 2.87155e-08 -2.60596e-14 4.74794e-04
1.53955e+01 1.88483e-08 -1.24860e-05 2.94411e-04 2.86246e-08 -2.61072e-14 4.74011e-04
1.54028e+01 1.87880e-08 -1.24682e-05 2.93950e-04 2.85340e-08 -2.61542e-14 4.73229e-04
1.54102e+01 1.87285e-08 -1.24505e-05 2.93489e-04 2.84438e-08 -2.62006e-14 4.72449e-04
1.54175e+01 1.86686e-08 -1.24327e-05 2.93029e-04 2.83538e-08 -2.62464e-14 4.71671e-04
1.54248e+01 1.86096e-08 -1.24150e-05 2.92571e-04 2.82642e-08 -2.62916e-14 4.70893e-04
1.54321e+01 1.85500e-08 -1.23972e-05 2.92113e-04 2.81749e-08 -2.63361e-14 4.70118e-04
1.54395e+01 1.84914e-08 -1.23795e-05 2.91656e-04 2.80859e-08 -2.63801e-14 4.69344e-04
1.54468e+01 1.84323e-08 -1.23618e-05 2.91199e-04 2.79971e-08 -2.64235e-14 4.68571e-04
1.54541e+01 1.83741e-08 -1.23441e-05 2.90744e-04 2.79087e-08 -2.64662e-14 4.67800e-04
1.54614e+01 1.83154e-08 -1.23264e-05 2.90289e-04 2.78207e-08 -2.65084e-14 4.67030e-04
1.54688e+01 1.82576e-08 -1.23087e-05 2.89836e-04 2.77329e-08 -2.65500e-14 4.66262e-04
1.54761e+01 1.81993e-08 -1.22910e-05 2.89383e-04 2.76454e-08 -2.65911e-14 4.65495e-04
1.54834e+01 1.81419e-08 -1.22733e-05 2.88931e-04 2.75582e-08 -2.66315e-14 4.64730e-04
1.54907e+01 1.80840e-08 -1.22557e-05 2.88480e-04 2.74713e-08 -2.66714e-14 4.63966e-04
1.54980e+01 1.80270e-08 -1.22380e-05 2.88030e-04 2.73847e-08 -2.67107e-14 4.63204e-04
1.55054e+01 1.79695e-08 -1.22204e-05 2.87581e-04 2.72984e-08 -2.67494e-14 4.62443e-04
1.55127e+01 1.79129e-08 -1.22027e-05 2.87132e-04 2.72124e-08 -2.67876e-14 4.61683e-04
1.55200e+01 1.78558e-08 -1.21851e-05 2.86684e-04 2.71267e-08 -2.68252e-14 4.60925e-04
1.55273e+01 1.77996e-08 -1.21674e-05 2.86238e-04 2.70413e-08 -2.68623e-14 4.60168e-04
1.55347e+01 1.77429e-08 -1.21498e-05 2.85792e-04 2.69562e-08 -2.68988e-14 4.59413e-04
1.55420e+01 1.76871e-08 -1.21322e-05 2.85347e-04 2.68714e-08 -2.69347e-14 4.58659e-04
1.55493e+01 1.76308e-08 -1.21146e-05 2.84902e-04 2.67869e-08 -2.69701e-14 4.57906e-04
1.55566e+01 1.75754e-08 -1.20970e-05 2.84459e-04 2.67027e-08 -2.70050e-14 4.57155e-04
1.55640e+01 1.75194e-08 -1.20794e-05 2.84016e-04 2.66187e-08 -2.70393e-14 4.56406e-04
1.55713e+01 1.74644e-08 -1.20619e-05 2.83574e-04 2.65351e-08 -2.70731e-14 4.55658e-04
1.55786e+01 1.74089e-08 -1.20443e-05 2.83133e-04 2.64517e-08 -2.71064e-14 4.54911e-04
1.55859e+01 1.73542e-08 -1.20267e-05 2.82693e-04 2.63686e-08 -2.71392e-14 4.54165e-04
1.55933e+01 1.72990e-08 -1.20092e-05 2.82254e-04 2.62858e-08 -2.71714e-14 4.53421e-04
1.56006e+01 1.72448e-08 -1.19916e-05 2.81816e-04 2.62033e-08 -2.72031e-14 4.52679e-04
1.56079e+01 1.71900e-08 -1.19741e-05 2.81378e-04 2.61211e-08 -2.72343e-14 4.51938e-04
1.56152e+01 1.71361e-08 -1.19566e-05 2.80941e-04 2.60391e-08 -2.72649e-14 4.51198e-04
1.56226e+01 1.70817e-08 -1.19391e-05 2.80505e-04 2.59575e-08 -2.72951e-14 4.50459e-04
1.56299e+01 1.70281e-08 -1.19216e-05 2.80070e-04 2.58761e-08 -2.73247e-14 4.49722e-04
1.56372e+01 1.69741e-08 -1.19041e-05 2.79635e-04 2.57950e-08 -2.73539e-14 4.48987e-04
1.56445e+01 1.69209e-08 -1.18866e-05 2.79202e-04 2.57141e-08 -2.73826e-14 4.48252e-04
1.56519e+01 1.68673e-08 -1.18691e-05 2.78769e-04 2.56336e-08 -2.74107e-14 4.47519e-04
1.56592e+01 1.68145e-08 -1.18516e-05 2.78337e-04 2.55533e-08 -2.74384e-14 4.46788e-04
1.56665e+01 1.67612e-08 -1.18341e-05 2.77906e-04 2.54733e-08 -2.74655e-14 4.46058e-04
1.56738e+01 1.67088e-08 -1.18167e-05 2.77476e-04 2.53935e-08 -2.74922e-14 4.45329e-04
1.56812e+01 1.66558e-08 -1.17992e-05 2.77046e-04 2.53141e-08 -2.75184e-14 4.44601e-04
1.56885e+01 1.66038e-08 -1.17818e-05 2.76618e-04 2.52349e-08 -2.75442e-14 4.43875e-04
1.56958e+01 1.65512e-08 -1.17644e-05 2.76190e-04 2.51560e-08 -2.75694e-14 4.43151e-04
1.57031e+01 1.64995e-08 -1.17469e-05 2.75762e-04 2.50773e-08 -2.75942e-14 4.42427e-04
1.57104e+01 1.64473e-08 -1.17295e-05 2.75336e-04 2.49989e-08 -2.76185e-14 4.41705e-04
1.57178e+01 1.63959e-08 -1.17121e-05 2.74911e-04 2.49208e-08 -2.76423e-14 4.40984e-04
1.57251e+01 1.63441e-08 -1.16947e-05 2.74486e-04 2.48430e-08 -2.76657e-14 4.40265e-04
1.57324e+01 1.62931e-08 -1.16773e-05 2.74062e-04 2.47654e-08 -2.76886e-14 4.39547e-04
1.57397e+01 1.62416e-08 -1.16599e-05 2.73639e-04 2.46880e-08 -2.77111e-14 4.38830e-04
1.57471e+01 1.61909e-08 -1.16425e-05 2.73216e-04 2.46110e-08 -2.77331e-14 4.38115e-04
1.57544e+01 1.61398e-08 -1.16252e-05 2.72795e-04 2.45342e-08 -2.77546e-14 4.37401e-04
1.57617e+01 1.60895e-08 -1.16078e-05 2.72374e-04 2.44577e-08 -2.77757e-14 4.36688e-04
1.57690e+01 1.60387e-08 -1.15905e-05 2.71954e-04 2.43814e-08 -2.77964e-14 4.35977e-04
1.57764e+01 1.59887e-08 -1.15731e-05 2.71535e-04 2.43054e-08 -2.78166e-14 4.35267e-04
1.57837e+01 1.59383e-08 -1.15558e-05 2.71116e-04 2.42296e-08 -2.78363e-14 4.34558e-04
1.57910e+01 1.58886e-08 -1.15384e-05 2.70699e-04 2.41541e-08 -2.78557e-14 4.33851e-04
1.57983e+01 1.58385e-08 -1.15211e-05 2.70282e-04 2.40788e-08 -2.78746e-14 4.33145e-04
1.58057e+01 1.57893e-08 -1.15038e-05 2.69866e-04 2.40039e-08 -2.78930e-14 4.32440e-04
1.58130e+01 1.57395e-08 -1.14865e-05 2.69450e-04 2.39291e-08 -2.79111e-14 4.31736e-04
1.58203e+01 1.56906e-08 -1.14692e-05 2.69036e-04 2.38546e-08 -2.79287e-14 4.31034e-04
1.58276e+01 1.56411e-08 -1.14519e-05 2.68622e-04 2.37804e-08 -2.79459e-14 4.30333e-04
1.58350e+01 1.55925e-08 -1.14346e-05 2.68209e-04 2.37064e-08 -2.79627e-14 4.29634e-04
1.58423e+01 1.55434e-08 -1.14174e-05 2.67796e-04 2.36327e-08 -2.79790e-14 4.28935e-04
1.58496e+01 1.54951e-08 -1.14001e-05 2.67385e-04 2.35592e-08 -2.79950e-14 4.28238e-04
1.58569e+01 1.54464e-08 -1.13828e-05 2.66974e-04 2.34860e-08 -2.80105e-14 4.27543e-04
1.58643e+01 1.53984e-08 -1.13656e-05 2.66564e-04 2.34130e-08 -2.80256e-14 4.26848e-04
1.58716e+01 1.53500e-08 -1.13484e-05 2.66155e-04 2.33402e-08 -2.80403e-14 4.26155e-04
1.58789e+01 1.53024e-08 -1.13311e-05 2.65746e-04 2.32678e-08 -2.80547e-14 4.25463e-04
1.58862e+01 1.52543e-08 -1.13139e-05 2.65338e-04 2.31955e-08 -2.80686e-14 4.24773e-04
1.58936e+01 1.52070e-08 -1.12967e-05 2.64931e-04 2.31235e-08 -2.80821e-14 4.24083e-04
1.59009e+01 1.51592e-08 -1.12795e-05 2.64525e-04 2.30517e-08 -2.80952e-14 4.23395e-04
1.59082e+01 1.51122e-08 -1.12623e-05 2.64120e-04 2.29802e-08 -2.81080e-14 4.22708e-04
1.59155e+01 1.50648e-08 -1.12451e-05 2.63715e-04 2.29089e-08 -2.81203e-14 4.22023e-04
1.59229e+01 1.50181e-08 -1.12279e-05 2.63311e-04 2.28379e-08 -2.81323e-14 4.21339e-04
1.59302e+01 1.49710e-08 -1.12107e-05 2.62908e-04 2.27671e-08 -2.81438e-14 4.20656e-04
1.59375e+01 1.49247e-08 -1.11936e-05 2.62505e-04 2.26965e-08 -2.81550e-14 4.19974e-04
1.59448e+01 1.48778e-08 -1.11764e-05 2.62103e-04 2.26262e-08 -2.81659e-14 4.19293e-04
1.59521e+01 1.48318e-08 -1.11592e-05 2.61702e-04 2.25561e-08 -2.81763e-14 4.18614e-04
1.59595e+01 1.47853e-08 -1.11421e-05 2.61302e-04 2.24863e-08 -2.81864e-14 4.17936e-04
1.59668e+01 1.47396e-08 -1.11250e-05 2.60902e-04 2.24167e-08 -2.81961e-14 4.17259e-04
1.59741e+01 1.46934e-08 -1.11078e-05 2.60504e-04 2.23473e-08 -2.82054e-14 4.16584e-04
1.59814e+01 1.46480e-08 -1.10907e-05 2.60105e-04 2.22781e-08 -2.82144e-14 4.15909e-04
1.59888e+01 1.46021e-08 -1.10736e-05 2.59708e-04 2.22092e-08 -2.82230e-14 4.15236e-04
1.59961e+01 1.45571e-08 -1.10565e-05 2.59311e-04 2.21405e-08 -2.82312e-14 4.14565e-04
1.60034e+01 1.45115e-08 -1.10394e-05 2.58915e-04 2.20721e-08 -2.82391e-14 4.13894e-04
1.60107e+01 1.44667e-08 -1.10223e-05 2.58520e-04 2.20038e-08 -2.82466e-14 4.13225e-04
1.60181e+01 1.44214e-08 -1.10052e-05 2.58126e-04 2.19358e-08 -2.82538e-14 4.12557e-04
1.60254e+01 1.43770e-08 -1.09882e-05 2.57732e-04 2.18681e-08 -2.82606e-14 4.11890e-04
1.60327e+01 1.43320e-08 -1.09711e-05 2.57339e-04 2.18005e-08 -2.82671e-14 4.11224e-04
1.60400e+01 1.42878e-08 -1.09540e-05 2.56947e-04 2.17332e-08 -2.82732e-14 4.10559e-04
1.60474e+01 1.42432e-08 -1.09370e-05 2.56555e-04 2.16661e-08 -2.82790e-14 4.09896e-04
1.60547e+01 1.41993e-08 -1.09199e-05 2.56164e-04 2.15992e-08 -2.82845e-14 4.09234e-04
1.60620e+01 1.41549e-08 -1.09029e-05 2.55774e-04 2.15326e-08 -2.82896e-14 4.08573e-04
1.60693e+01 1.41113e-08 -1.08859e-05 2.55384e-04 2.14662e-08 -2.82944e-14 4.07914e-04
1.60767e+01 1.40673e-08 -1.08689e-05 2.54996e-04 2.14000e-08 -2.82988e-14 4.07255e-04
1.60840e+01 1.40240e-08 -1.08519e-05 2.54608e-04 2.13340e-08 -2.83029e-14 4.06598e-04
1.60913e+01 1.39802e-08 -1.08349e-05 2.54220e-04 2.12682e-08 -2.83067e-14 4.05942e-04
1.60986e+01 1.39372e-08 -1.08179e-05 2.53834e-04 2.12027e-08 -2.83102e-14 4.05287e-04
1.61060e+01 1.38937e-08 -1.08009e-05 2.53448e-04 2.11374e-08 -2.83133e-14 4.04633e-04
1.61133e+01 1.38510e-08 -1.07839e-05 2.53062e-04 2.10723e-08 -2.83161e-14 4.03981e-04
1.61206e+01 1.38079e-08 -1.07669e-05 2.52678e-04 2.10074e-08 -2.83186e-14 4.03329e-04
1.61279e+01 1.37654e-08 -1.07500e-05 2.52294e-04 2.09427e-08 -2.83208e-14 4.02679e-04
1.61353e+01 1.37225e-08 -1.07330e-05 2.51911e-04 2.08783e-08 -2.83226e-14 4.02030e-04
1.61426e+01 1.36804e-08 -1.07161e-05 2.51529e-04 2.08140e-08 -2.83242e-14 4.01383e-04
1.61499e+01 1.36378e-08 -1.06991e-05 2.51147e-04 2.07500e-08 -2.83254e-14 4.00736e-04
1.61572e+01 1.35959e-08 -1.06822e-05 2.50766e-04 2.06862e-08 -2.83263e-14 4.00091e-04
1.61646e+01 1.35536e-08 -1.06653e-05 2.50385e-04 2.06226e-08 -2.83269e-14 3.99446e-04
1.61719e+01 1.35120e-08 -1.06483e-05 2.50006e-04 2.05592e-08 -2.83273e-14 3.98803e-04
1.61792e+01 1.34700e-08 -1.06314e-05 2.49627e-04 2.04960e-08 -2.83273e-14 3.98161e-04
1.61865e+01 1.34287e-08 -1.06145e-05 2.49248e-04 2.04330e-08 -2.83270e-14 3.97521e-04
1.61938e+01 1.33869e-08 -1.05976e-05 2.48871e-04 2.03703e-08 -2.83264e-14 3.96881e-04
1.62012e+01 1.33459e-08 -1.05807e-05 2.48494e-04 2.03077e-08 -2.83255e-14 3.96243e-04
1.62085e+01 1.33044e-08 -1.05639e-05 2.48118e-04 2.02454e-08 -2.83244e-14 3.95605e-04
1.62158e+01 1.32637e-08 -1.05470e-05 2.47742e-04 2.01832e-08 -2.83229e-14 3.94969e-04
1.62231e+01 1.32225e-08 -1.05301e-05 2.47367e-04 2.01213e-08 -2.83212e-14 3.94334e-04
1.62305e+01 1.31820e-08 -1.05133e-05 2.46993e-04 2.00596e-08 -2.83191e-14 3.93700e-04
1.62378e+01 1.31411e-08 -1.04964e-05 2.46619e-04 1.99981e-08 -2.83168e-14 3.93068e-04
1.62451e+01 1.31009e-08 -1.04796e-05 2.46246e-04 1.99368e-08 -2.83142e-14 3.92436e-04
1.62524e+01 1.30602e-08 -1.04628e-05 2.45874e-04 1.98756e-08 -2.83113e-14 3.91806e-04
1.62598e+01 1.30203e-08 -1.04459e-05 2.45503e-04 1.98147e-08 -2.83081e-14 3.91176e-04
1.62671e+01 1.29799e-08 -1.04291e-05 2.45132e-04 1.97540e-08 -2.83047e-14 3.90548e-04
1.62744e+01 1.29402e-08 -1.04123e-05 2.44762e-04 1.96935e-08 -2.83010e-14 3.89921e-04
1.62817e+01 1.29001e-08 -1.03955e-05 2.44392e-04 1.96332e-08 -2.82970e-14 3.89295e-04
1.62891e+01 1.28607e-08 -1.03787e-05 2.44023e-04 1.95731e-08 -2.82927e-14 3.88671e-04
1.62964e+01 1.28208e-08 -1.03619e-05 2.43655e-04 1.95132e-08 -2.82882e-14 3.88047e-04
1.63037e+01 1.27817e-08 -1.03452e-05 2.43288e-04 1.94535e-08 -2.82834e-14 3.87424e-04
1.63110e+01 1.27421e-08 -1.03284e-05 2.42921e-04 1.93939e-08 -2.82784e-14 3.86803e-04
1.63184e+01 1.27032e-08 -1.03116e-05 2.42555e-04 1.93346e-08 -2.82730e-14 3.86183e-04
1.63257e+01 1.26639e-08 -1.02949e-05 2.42189e-04 1.92755e-08 -2.82675e-14 3.85564e-04
1.63330e+01 1.26253e-08 -1.02781e-05 2.41824e-04 1.92166e-08 -2.82616e-14 3.84945e-04
1.63403e+01 1.25862e-08 -1.02614e-05 2.41460e-04 1.91578e-08 -2.82555e-14 3.84328e-04
1.63477e+01 1.25478e-08 -1.02446e-05 2.41096e-04 1.90993e-08 -2.82492e-14 3.83713e-04
1.63550e+01 1.25090e-08 -1.02279e-05 2.40733e-04 1.90409e-08 -2.82426e-14 3.83098e-04
1.63623e+01 1.24709e-08 -1.02112e-05 2.40371e-04 1.89828e-08 -2.82357e-14 3.82484e-04
1.63696e+01 1.24324e-08 -1.01945e-05 2.40009e-04 1.89248e-08 -2.82286e-14 3.81872e-04
1.63770e+01 1.23945e-08 -1.01778e-05 2.39648e-04 1.88670e-08 -2.82213e-14 3.81260e-04
1.63843e+01 1.23562e-08 -1.01611e-05 2.39288e-04 1.88095e-08 -2.82137e-14 3.80650e-04
1.63916e+01 1.23186e-08 -1.01444e-05 2.38928e-04 1.87521e-08 -2.82058e-14 3.80041e-04
1.63989e+01 1.22805e-08 -1.01277e-05 2.38569e-04 1.86949e-08 -2.81977e-14 3.79432e-04
1.64062e+01 1.22432e-08 -1.01111e-05 2.38211e-04 1.86378e-08 -2.81894e-14 3.78825e-04
1.64136e+01 1.22054e-08 -1.00944e-05 2.37853e-04 1.85810e-08 -2.81808e-14 3.78219e-04
1.64209e+01 1.21683e-08 -1.00777e-05 2.37496e-04 1.85244e-08 -2.81720e-14 3.77614e-04
1.64282e+01 1.21307e-08 -1.00611e-05 2.37139e-04 1.84679e-08 -2.81630e-14 3.77010e-04
1.64355e+01 1.20939e-08 -1.00444e-05 2.36784e-04 1.84116e-08 -2.81537e-14 3.76408e-04
1.64429e+01 1.20566e-08 -1.00278e-05 2.36428e-04 1.83555e-08 -2.81442e-14 3.75806e-04
1.64502e+01 1.20199e-08 -1.00112e-05 2.36074e-04 1.82996e-08 -2.81345e-14 3.75205e-04
1.64575e+01 1.19829e-08 -9.99456e-06 2.35720e-04 1.82439e-08 -2.81246e-14 3.74606e-04
1.64648e+01 1.19465e-08 -9.97794e-06 2.35366e-04 1.81884e-08 -2.81144e-14 3.74007e-04
1.64722e+01 1.19097e-08 -9.96134e-06 2.35014e-04 1.81330e-08 -2.81040e-14 3.73410e-04
1.64795e+01 1.18736e-08 -9.94474e-06 2.34662e-04 1.80778e-08 -2.80934e-14 3.72813e-04
1.64868e+01 1.18370e-08 -9.92816e-06 2.34310e-04 1.80228e-08 -2.80825e-14 3.72218e-04
1.64941e+01 1.18011e-08 -9.91157e-06 2.33959e-04 1.79680e-08 -2.80714e-14 3.71624e-04
1.65015e+01 1.17647e-08 -9.89500e-06 2.33609e-04 1.79134e-08 -2.80601e-14 3.71031e-04
1.65088e+01 1.17291e-08 -9.87843e-06 2.33260e-04 1.78589e-08 -2.80486e-14 3.70438e-04
1.65161e+01 1.16930e-08 -9.86187e-06 2.32911e-04 1.78047e-08 -2.80369e-14 3.69847e-04
1.65234e+01 1.16576e-08 -9.84532e-06 2.32562e-04 1.77505e-08 -2.80250e-14 3.69257e-04
1.65308e+01 1.16217e-08 -9.82878e-06 2.32214e-04 1.76966e-08 -2.80129e-14 3.68668e-04
1.65381e+01 1.15865e-08 -9.81223e-06 2.31867e-04 1.76429e-08 -2.80005e-14 3.68080e-04
1.65454e+01 1.15509e-08 -9.79571e-06 2.31521e-04 1.75893e-08 -2.79880e-14 3.67493e-04
1.65527e+01 1.15159e-08 -9.77918e-06 2.31175e-04 1.75359e-08 -2.79752e-14 3.66907e-04
1.65601e+01 1.14805e-08 -9.76267e-06 2.30830e-04 1.74827e-08 -2.79622e-14 3.66323e-04
1.65674e+01 1.14458e-08 -9.74616e-06 2.30485e-04 1.74296e-08 -2.79491e-14 3.65739e-04
1.65747e+01 1.14106e-08 -9.72966e-06 2.30141e-04 1.73767e-08 -2.79357e-14 3.65156e-04
1.65820e+01 1.13761e-08 -9.71317e-06 2.29798e-04 1.73240e-08 -2.79221e-14 3.64574e-04
1.65894e+01 1.13412e-08 -9.69668e-06 2.29455e-04 1.72715e-08 -2.79083e-14 3.63994e-04
1.65967e+01 1.13069e-08 -9.68020e-06 2.29112e-04 1.72191e-08 -2.78944e-14 3.63414e-04
1.66040e+01 1.12722e-08 -9.66373e-06 2.28771e-04 1.71669e-08 -2.78802e-14 3.62835e-04
1.66113e+01 1.12382e-08 -9.64727e-06 2.28430e-04 1.71149e-08 -2.78659e-14 3.62257e-04
1.66187e+01 1.12037e-08 -9.63081e-06 2.28089e-04 1.70631e-08 -2.78513e-14 3.61681e-04
1.66260e+01 1.11699e-08 -9.61436e-06 2.27750e-04 1.70114e-08 -2.78366e-14 3.61105e-04
1.66333e+01 1.11356e-08 -9.59792e-06 2.27410e-04 1.69598e-08 -2.78217e-14 3.60531e-04
1.66406e+01 1.11020e-08 -9.58149e-06 2.27072e-04 1.69085e-08 -2.78065e-14 3.59957e-04
1.66479e+01 1.10680e-08 -9.56506e-06 2.26734e-04 1.68573e-08 -2.77912e-14 3.59384e-04
1.66553e+01 1.10346e-08 -9.54864e-06 2.26396e-04 1.68063e-08 -2.77758e-14 3.58813e-04
1.66626e+01 1.10008e-08 -9.53223e-06 2.26059e-04 1.67554e-08 -2.77601e-14 3.58242e-04
1.66699e+01 1.09676e-08 -9.51582e-06 2.25723e-04 1.67047e-08 -2.77443e-14 3.57673e-04
1.66772e+01 1.09340e-08 -9.49943e-06 2.25387e-04 1.66542e-08 -2.77282e-14 3.57104e-04
1.66846e+01 1.09011e-08 -9.48303e-06 2.25052e-04 1.66039e-08 -2.77120e-14 3.56536e-04
1.66919e+01 1.08677e-08 -9.46666e-06 2.24718e-04 1.65537e-08 -2.76956e-14 3.55970e-04
1.66992e+01 1.08350e-08 -9.45028e-06 2.24384e-04 1.65036e-08 -2.76791e-14 3.55404e-04
1.67065e+01 1.08018e-08 -9.43391e-06 2.24051e-04 1.64538e-08 -2.76623e-14 3.54840e-04
1.67139e+01 1.07693e-08 -9.41755e-06 2.23718e-04 1.64040e-08 -2.76454e-14 3.54276e-04
1.67212e+01 1.07363e-08 -9.40120e-06 2.23386e-04 1.63545e-08 -2.76284e-14 3.53713e-04
1.67285e+01 1.07040e-08 -9.38485e-06 2.23054e-04 1.63051e-08 -2.76111e-14 3.53152e-04
1.67358e+01 1.06713e-08 -9.36851e-06 2.22723e-04 1.62559e-08 -2.75937e-14 3.52591e-04
1.67432e+01 1.06392e-08 -9.35218e-06 2.22393e-04 1.62068e-08 -2.75761e-14 3.52031e-04
1.67505e+01 1.06067e-08 -9.33585e-06 2.22063e-04 1.61579e-08 -2.75584e-14 3.51473e-04
1.67578e+01 1.05748e-08 -9.31953e-06 2.21734e-04 1.61091e-08 -2.75405e-14 3.50915e-04
1.67651e+01 1.05425e-08 -9.30323e-06 2.21405e-04 1.60605e-08 -2.75224e-14 3.50358e-04
1.67725e+01 1.05108e-08 -9.28692e-06 2.21077e-04 1.60121e-08 -2.75041e-14 3.49802e-04
1.67798e+01 1.04787e-08 -9.27063e-06 2.20750e-04 1.59638e-08 -2.74857e-14 3.49248e-04
1.67871e+01 1.04472e-08 -9.25434e-06 2.20423e-04 1.59157e-08 -2.74672e-14 3.48694e-04
1.67944e+01 1.04153e-08 -9.23806e-06 2.20096e-04 1.58677e-08 -2.74485e-14 3.48141e-04
1.68018e+01 1.03841e-08 -9.22178e-06 2.19771e-04 1.58199e-08 -2.74296e-14 3.47589e-04
1.68091e+01 1.03524e-08 -9.20552e-06 2.19445e-04 1.57722e-08 -2.74106e-14 3.47038e-04
1.68164e+01 1.03213e-08 -9.18925e-06 2.19121e-04 1.57247e-08 -2.73914e-14 3.46488e-04
1.68237e+01 1.02898e-08 -9.17300e-06 2.18796e-04 1.56773e-08 -2.73720e-14 3.45939e-04
1.68311e+01 1.02590e-08 -9.15676e-06 2.18473e-04 1.56301e-08 -2.73526e-14 3.45391e-04
1.68384e+01 1.02277e-08 -9.14052e-06 2.18150e-04 1.55831e-08 -2.73329e-14 3.44844e-04
1.68457e+01 1.01970e-08 -9.12429e-06 2.17828e-04 1.55362e-08 -2.73131e-14 3.44298e-04
1.68530e+01 1.01659e-08 -9.10807e-06 2.17506e-04 1.54894e-08 -2.72932e-14 3.43752e-04
1.68604e+01 1.01355e-08 -9.09185e-06 2.17184e-04 1.54428e-08 -2.72731e-14 3.43208e-04
1.68677e+01 1.01046e-08 -9.07564e-06 2.16864e-04 1.53964e-08 -2.72529e-14 3.42665e-04
1.68750e+01 1.00743e-08 -9.05943e-06 2.16544e-04 1.53500e-08 -2.72325e-14 3.42122e-04
1.68823e+01 1.00437e-08 -9.04324e-06 2.16224e-04 1.53039e-08 -2.72120e-14 3.41581e-04
1.68896e+01 1.00136e-08 -9.02705e-06 2.15905e-04 1.52579e-08 -2.71914e-14 3.41040e-04
1.68970e+01 9.98310e-09 -9.01087e-06 2.15586e-04 1.52120e-08 -2.71706e-14 3.40501e-04
1.69043e+01 9.95323e-09 -8.99470e-06 2.15268e-04 1.51663e-08 -2.71497e-14 3.39962e-04
1.69116e+01 9.92294e-09 -8.97853e-06 2.14951e-04 1.51207e-08 -2.71286e-14 3.39424e-04
1.69189e+01 9.89325e-09 -8.96237e-06 2.14634e-04 1.50753e-08 -2.71074e-14 3.38888e-04
1.69263e+01 9.86316e-09 -8.94622e-06 2.14318e-04 1.50300e-08 -2.70860e-14 3.38352e-04
1.69336e+01 9.83367e-09 -8.93007e-06 2.14002e-04 1.49849e-08 -2.70646e-14 3.37817e-04
1.69409e+01 9.80377e-09 -8.91394e-06 2.13687e-04 1.49399e-08 -2.70430e-14 3.37283e-04
1.69482e+01 9.77447e-09 -8.89780e-06 2.13372e-04 1.48951e-08 -2.70212e-14 3.36750e-04
1.69556e+01 9.74476e-09 -8.88168e-06 2.13058e-04 1.48504e-08 -2.69994e-14 3.36218e-04
1.69629e+01 9.71565e-09 -8.86556e-06 2.12744e-04 1.48058e-08 -2.69774e-14 3.35686e-04
1.69702e+01 9.68613e-09 -8.84945e-06 2.12431e-04 1.47614e-08 -2.69552e-14 3.35156e-04
1.69775e+01 9.65720e-09 -8.83335e-06 2.12119e-04 1.47171e-08 -2.69330e-14 3.34627e-04
1.69849e+01 9.62787e-09 -8.81726e-06 2.11807e-04 1.46730e-08 -2.69106e-14 3.34098e-04
1.69922e+01 9.59914e-09 -8.80116e-06 2.11496e-04 1.46290e-08 -2.68881e-14 3.33571e-04
1.69995e+01 9.56999e-09 -8.78509e-06 2.11185e-04 1.45852e-08 -2.68655e-14 3.33044e-04
1.70068e+01 9.54144e-09 -8.76901e-06 2.10874e-04 1.45415e-08 -2.68427e-14 3.32518e-04
1.70142e+01 9.51249e-09 -8.75294e-06 2.10564e-04 1.44979e-08 -2.68198e-14 3.31993e-04
1.70215e+01 9.48412e-09 -8.73688e-06 2.10255e-04 1.44545e-08 -2.67968e-14 3.31469e-04
1.70288e+01 9.45534e-09 -8.72083e-06 2.09946e-04 1.44112e-08 -2.67737e-14 3.30946e-04
1.70361e+01 9.42716e-09 -8.70478e-06 2.09638e-04 1.43680e-08 -2.67505e-14 3.30424e-04
1.70435e+01 9.39857e-09 -8.68874e-06 2.09331e-04 1.43250e-08 -2.67272e-14 3.29903e-04
1.70508e+01 9.37056e-09 -8.67271e-06 2.09023e-04 1.42821e-08 -2.67037e-14 3.29383e-04
1.70581e+01 9.34216e-09 -8.65669e-06 2.08717e-04 1.42394e-08 -2.66801e-14 3.28863e-04
1.70654e+01 9.31433e-09 -8.64066e-06 2.08411e-04 1.41968e-08 -2.66564e-14 3.28344e-04
1.70728e+01 9.28611e-09 -8.62466e-06 2.08105e-04 1.41543e-08 -2.66326e-14 3.27827e-04
1.70801e+01 9.25846e-09 -8.60865e-06 2.07800e-04 1.41120e-08 -2.66087e-14 3.27310e-04
1.70874e+01 9.23041e-09 -8.59265e-06 2.07495e-04 1.40698e-08 -2.65847e-14 3.26794e-04
1.70947e+01 9.20294e-09 -8.57666e-06 2.07191e-04 1.40277e-08 -2.65605e-14 3.26279e-04
1.71021e+01 9.17508e-09 -8.56068e-06 2.06888e-04 1.39858e-08 -2.65363e-14 3.25765e-04
1.71094e+01 9.14778e-09 -8.54470e-06 2.06585e-04 1.39440e-08 -2.65119e-14 3.25252e-04
1.71167e+01 9.12009e-09 -8.52873e-06 2.06283e-04 1.39023e-08 -2.64875e-14 3.24739e-04
1.71240e+01 9.09297e-09 -8.51277e-06 2.05981e-04 1.38608e-08 -2.64629e-14 3.24228e-04
1.71313e+01 9.06546e-09 -8.49682e-06 2.05679e-04 1.38194e-08 -2.64382e-14 3.23717e-04
1.71387e+01 9.03851e-09 -8.48086e-06 2.05378e-04 1.37781e-08 -2.64134e-14 3.23207e-04
1.71460e+01 9.01118e-09 -8.46493e-06 2.05078e-04 1.37369e-08 -2.63886e-14 3.22698e-04
1.71533e+01 8.98440e-09 -8.44899e-06 2.04778e-04 1.36959e-08 -2.63636e-14 3.22190e-04
1.71606e+01 8.95724e-09 -8.43306e-06 2.04479e-04 1.36550e-08 -2.63385e-14 3.21683e-04
1.71680e+01 8.93063e-09 -8.41714e-06 2.04180e-04 1.36143e-08 -2.63133e-14 3.21177e-04
1.71753e+01 8.90364e-09 -8.40123e-06 2.03882e-04 1.35737e-08 -2.62880e-14 3.20671e-04
1.71826e+01 8.87721e-09 -8.38532e-06 2.03584e-04 1.35332e-08 -2.62626e-14 3.20167e-04
1.71899e+01 8.85039e-09 -8.36942e-06 2.03286e-04 1.34928e-08 -2.62372e-14 3.19663e-04
1.71973e+01 8.82412e-09 -8.35352e-06 2.02990e-04 1.34526e-08 -2.62116e-14 3.19160e-04
1.72046e+01 8.79747e-09 -8.33764e-06 2.02693e-04 1.34125e-08 -2.61859e-14 3.18658e-04
1.72119e+01 8.77137e-09 -8.32176e-06 2.02398e-04 1.33725e-08 -2.61602e-14 3.18157e-04
1.72192e+01 8.74489e-09 -8.30589e-06 2.02102e-04 1.33326e-08 -2.61343e-14 3.17657e-04
1.72266e+01 8.71896e-09 -8.29002e-06 2.01807e-04 1.32929e-08 -2.61084e-14 3.17157e-04
1.72339e+01 8.69264e-09 -8.27416e-06 2.01513e-04 1.32533e-08 -2.60823e-14 3.16659e-04
1.72412e+01 8.66687e-09 -8.25831e-06 2.01219e-04 1.32138e-08 -2.60562e-14 3.16161e-04
1.72485e+01 8.64073e-09 -8.24247e-06 2.00926e-04 1.31744e-08 -2.60300e-14 3.15664e-04
1.72559e+01 8.61512e-09 -8.22663e-06 2.00633e-04 1.31352e-08 -2.60037e-14 3.15168e-04
1.72632e+01 8.58914e-09 -8.21080e-06 2.00341e-04 1.30961e-08 -2.59773e-14 3.14673e-04
1.72705e+01 8.56370e-09 -8.19497e-06 2.00049e-04 1.30571e-08 -2.59508e-14 3.14179e-04
1.72778e+01 8.53788e-09 -8.17915e-06 1.99758e-04 1.30182e-08 -2.59242e-14 3.13685e-04
1.72852e+01 8.51260e-09 -8.16334e-06 1.99467e-04 1.29795e-08 -2.58976e-14 3.13192e-04
1.72925e+01 8.48694e-09 -8.14754e-06 1.99177e-04 1.29409e-08 -2.58708e-14 3.12700e-04
1.72998e+01 8.46183e-09 -8.13174e-06 1.98887e-04 1.29024e-08 -2.58440e-14 3.12209e-04
1.73071e+01 8.43633e-09 -8.11595e-06 1.98598e-04 1.28640e-08 -2.58171e-14 3.11719e-04
1.73145e+01 8.41137e-09 -8.10016e-06 1.98309e-04 1.28257e-08 -2.57901e-14 3.11230e-04
1.73218e+01 8.38604e-09 -8.08439e-06 1.98020e-04 1.27876e-08 -2.57631e-14 3.10741e-04
1.73291e+01 8.36124e-09 -8.06862e-06 1.97733e-04 1.27496e-08 -2.57359e-14 3.10253e-04
1.73364e+01 8.33606e-09 -8.05286e-06 1.97445e-04 1.27117e-08 -2.57087e-14 3.09767e-04
1.73438e+01 8.31142e-09 -8.03710e-06 1.97158e-04 1.26739e-08 -2.56814e-14 3.09281e-04
1.73511e+01 8.28640e-09 -8.02135e-06 1.96872e-04 1.26363e-08 -2.56540e-14 3.08795e-04
1.73584e+01 8.26191e-09 -8.00561e-06 1.96586e-04 1.25987e-08 -2.56266e-14 3.08311e-04
1.73657e+01 8.23705e-09 -7.98987e-06 1.96301e-04 1.25613e-08 -2.55990e-14 3.07827e-04
1.73730e+01 8.21272e-09 -7.97414e-06 1.96016e-04 1.25240e-08 -2.55714e-14 3.07344e-04
1.73804e+01 8.18802e-09 -7.95842e-06 1.95731e-04 1.24868e-08 -2.55438e-14 3.06862e-04
1.73877e+01 8.16384e-09 -7.94270e-06 1.95447e-04 1.24497e-08 -2.55160e-14 3.06381e-04
1.73950e+01 8.13929e-09 -7.92699e-06 1.95164e-04 1.24128e-08 -2.54882e-14 3.05901e-04
1.74023e+01 8.11527e-09 -7.91129e-06 1.94881e-04 1.23759e-08 -2.54603e-14 3.05421e-04
1.74097e+01 8.09087e-09 -7.89560e-06 1.94598e-04 1.23392e-08 -2.54323e-14 3.04943e-04
1.74170e+01 8.06700e-09 -7.87991e-06 1.94316e-04 1.23026e-08 -2.54043e-14 3.04465e-04
1.74243e+01 8.04275e-09 -7.86423e-06 1.94034e-04 1.22661e-08 -2.53762e-14 3.03987e-04
1.74316e+01 8.01903e-09 -7.84855e-06 1.93753e-04 1.22297e-08 -2.53480e-14 3.03511e-04
1.74390e+01 7.99494e-09 -7.83288e-06 1.93473e-04 1.21934e-08 -2.53197e-14 3.03036e-04
1.74463e+01 7.97137e-09 -7.81722e-06 1.93192e-04 1.21573e-08 -2.52914e-14 3.02561e-04
1.74536e+01 7.94743e-09 -7.80156e-06 1.92913e-04 1.21213e-08 -2.52631e-14 3.02087e-04
1.74609e+01 7.92400e-09 -7.78591e-06 1.92633e-04 1.20853e-08 -2.52346e-14 3.01614e-04
1.74683e+01 7.90021e-09 -7.77027e-06 1.92355e-04 1.20495e-08 -2.52061e-14 3.01141e-04
1.74756e+01 7.87694e-09 -7.75464e-06 1.92076e-04 1.20138e-08 -2.51775e-14 3.00670e-04
1.74829e+01 7.85329e-09 -7.73901e-06 1.91799e-04 1.19782e-08 -2.51489e-14 3.00199e-04
1.74902e+01 7.83016e-09 -7.72339e-06 1.91521e-04 1.19427e-08 -2.51202e-14 2.99729e-04
1.74976e+01 7.80667e-09 -7.70777e-06 1.91244e-04 1.19074e-08 -2.50914e-14 2.99260e-04
1.75049e+01 7.78369e-09 -7.69216e-06 1.90968e-04 1.18721e-08 -2.50626e-14 2.98791e-04
1.75122e+01 7.76034e-09 -7.67656e-06 1.90692e-04 1.18369e-08 -2.50337e-14 2.98324e-04
1.75195e+01 7.73750e-09 -7.66097e-06 1.90416e-04 1.18019e-08 -2.50048e-14 2.97857e-04
1.75269e+01 7.71430e-09 -7.64538e-06 1.90141e-04 1.17670e-08 -2.49758e-14 2.97391e-04
1.75342e+01 7.69160e-09 -7.62980e-06 1.89867e-04 1.17322e-08 -2.49468e-14 2.96925e-04
1.75415e+01 7.66854e-09 -7.61422e-06 1.89592e-04 1.16974e-08 -2.49176e-14 2.96461e-04
1.75488e+01 7.64599e-09 -7.59865e-06 1.89319e-04 1.16628e-08 -2.48885e-14 2.95997e-04
1.75562e+01 7.62307e-09 -7.58309e-06 1.89046e-04 1.16283e-08 -2.48592e-14 2.95534e-04
1.75635e+01 7.60066e-09 -7.56754e-06 1.88773e-04 1.15939e-08 -2.48300e-14 2.95072e-04
1.75708e+01 7.57789e-09 -7.55199e-06 1.88500e-04 1.15597e-08 -2.48006e-14 2.94611e-04
1.75781e+01 7.55562e-09 -7.53645e-06 1.88229e-04 1.15255e-08 -2.47712e-14 2.94150e-04
1.75854e+01 7.53299e-09 -7.52091e-06 1.87957e-04 1.14914e-08 -2.47418e-14 2.93690e-04
1.75928e+01 7.51086e-09 -7.50538e-06 1.87686e-04 1.14574e-08 -2.47123e-14 2.93231e-04
1.76001e+01 7.48837e-09 -7.48986e-06 1.87416e-04 1.14236e-08 -2.46827e-14 2.92772e-04
1.76074e+01 7.46637e-09 -7.47434e-06 1.87146e-04 1.13898e-08 -2.46531e-14 2.92315e-04
1.76147e+01 7.44402e-09 -7.45884e-06 1.86876e-04 1.13562e-08 -2.46235e-14 2.91858e-04
1.76221e+01 7.42217e-09 -7.44333e-06 1.86607e-04 1.13226e-08 -2.45938e-14 2.91402e-04
1.76294e+01 7.39996e-09 -7.42784e-06 1.86338e-04 1.12892e-08 -2.45641e-14 2.90947e-04
1.76367e+01 7.37824e-09 -7.41235e-06 1.86070e-04 1.12558e-08 -2.45343e-14 2.90492e-04
1.76440e+01 7.35616e-09 -7.39687e-06 1.85802e-04 1.12226e-08 -2.45044e-14 2.90038e-04
1.76514e+01 7.33458e-09 -7.38139e-06 1.85535e-04 1.11895e-08 -2.44745e-14 2.89585e-04
1.76587e+01 7.31264e-09 -7.36592e-06 1.85268e-04 1.11564e-08 -2.44446e-14 2.89133e-04
1.76660e+01 7.29120e-09 -7.35046e-06 1.85001e-04 1.11235e-08 -2.44146e-14 2.88681e-04
1.76733e+01 7.26940e-09 -7.33500e-06 1.84735e-04 1.10907e-08 -2.43846e-14 2.88230e-04
1.76807e+01 7.24808e-09 -7.31955e-06 1.84470e-04 1.10580e-08 -2.43545e-14 2.87780e-04
1.76880e+01 7.22642e-09 -7.30411e-06 1.84205e-04 1.10253e-08 -2.43244e-14 2.87331e-04
1.76953e+01 7.20523e-09 -7.28867e-06 1.83940e-04 1.09928e-08 -2.42942e-14 2.86883e-04
1.77026e+01 7.18370e-09 -7.27324e-06 1.83676e-04 1.09604e-08 -2.42640e-14 2.86435e-04
1.77100e+01 7.16265e-09 -7.25782e-06 1.83412e-04 1.09281e-08 -2.42338e-14 2.85988e-04
1.77173e+01 7.14125e-09 -7.24240e-06 1.83148e-04 1.08959e-08 -2.42035e-14 2.85541e-04
1.77246e+01 7.12034e-09 -7.22699e-06 1.82885e-04 1.08637e-08 -2.41731e-14 2.85096e-04
1.77319e+01 7.09907e-09 -7.21159e-06 1.82623e-04 1.08317e-08 -2.41428e-14 2.84651e-04
1.77393e+01 7.07828e-09 -7.19619e-06 1.82361e-04 1.07998e-08 -2.41124e-14 2.84207e-04
1.77466e+01 7.05715e-09 -7.18080e-06 1.82099e-04 1.07680e-08 -2.40819e-14 2.83763e-04
1.77539e+01 7.03649e-09 -7.16541e-06 1.81838e-04 1.07362e-08 -2.40514e-14 2.83320e-04
1.77612e+01 7.01548e-09 -7.15004e-06 1.81577e-04 1.07046e-08 -2.40209e-14 2.82879e-04
1.77686e+01 6.99495e-09 -7.13466e-06 1.81317e-04 1.06731e-08 -2.39903e-14 2.82437e-04
1.77759e+01 6.97408e-09 -7.11930e-06 1.81057e-04 1.06416e-08 -2.39597e-14 2.81997e-04
1.77832e+01 6.95368e-09 -7.10394e-06 1.80797e-04 1.06103e-08 -2.39291e-14 2.81557e-04
1.77905e+01 6.93293e-09 -7.08859e-06 1.80538e-04 1.05791e-08 -2.38984e-14 2.81118e-04
1.77979e+01 6.91265e-09 -7.07324e-06 1.80280e-04 1.05479e-08 -2.38677e-14 2.80680e-04
1.78052e+01 6.89204e-09 -7.05790e-06 1.80021e-04 1.05169e-08 -2.38370e-14 2.80242e-04
1.78125e+01 6.87188e-09 -7.04257e-06 1.79764e-04 1.04859e-08 -2.38062e-14 2.79805e-04
1.78198e+01 6.85139e-09 -7.02725e-06 1.79506e-04 1.04551e-08 -2.37754e-14 2.79369e-04
1.78271e+01 6.83137e-09 -7.01192e-06 1.79249e-04 1.04243e-08 -2.37445e-14 2.78934e-04
1.78345e+01 6.81100e-09 -6.99661e-06 1.78993e-04 1.03936e-08 -2.37137e-14 2.78499e-04
1.78418e+01 6.79110e-09 -6.98130e-06 1.78737e-04 1.03631e-08 -2.36827e-14 2.78065e-04
1.78491e+01 6.77086e-09 -6.96600e-06 1.78481e-04 1.03326e-08 -2.36518e-14 2.77631e-04
1.78564e+01 6.75108e-09 -6.95071e-06 1.78226e-04 1.03022e-08 -2.36208e-14 2.77199e-04
1.78638e+01 6.73097e-09 -6.93542e-06 1.77971e-04 1.02719e-08 -2.35898e-14 2.76767e-04
1.78711e+01 6.71131e-09 -6.92014e-06 1.77716e-04 1.02417e-08 -2.35588e-14 2.76336e-04
1.78784e+01 6.69132e-09 -6.90487e-06 1.77462e-04 1.02116e-08 -2.35278e-14 2.75905e-04
1.78857e+01 6.67179e-09 -6.88960e-06 1.77209e-04 1.01816e-08 -2.34967e-14 2.75476e-04
1.78931e+01 6.65192e-09 -6.87434e-06 1.76956e-04 1.01516e-08 -2.34655e-14 2.75046e-04
1.79004e+01 6.63250e-09 -6.85908e-06 1.76703e-04 1.01218e-08 -2.34344e-14 2.74618e-04
1.79077e+01 6.61275e-09 -6.84383e-06 1.76451e-04 1.00921e-08 -2.34032e-14 2.74190e-04
1.79150e+01 6.59346e-09 -6.82859e-06 1.76199e-04 1.00624e-08 -2.33720e-14 2.73763e-04
1.79224e+01 6.57383e-09 -6.81335e-06 1.75947e-04 1.00329e-08 -2.33408e-14 2.73337e-04
1.79297e+01 6.55466e-09 -6.79812e-06 1.75696e-04 1.00034e-08 -2.33096e-14 2.72912e-04
1.79370e+01 6.53515e-09 -6.78290e-06 1.75445e-04 9.97402e-09 -2.32783e-14 2.72487e-04
1.79443e+01 6.51610e-09 -6.76768e-06 1.75195e-04 9.94474e-09 -2.32470e-14 2.72063e-04
1.79517e+01 6.49671e-09 -6.75247e-06 1.74945e-04 9.91554e-09 -2.32157e-14 2.71639e-04
1.79590e+01 6.47777e-09 -6.73726e-06 1.74696e-04 9.88643e-09 -2.31843e-14 2.71216e-04
1.79663e+01 6.45850e-09 -6.72207e-06 1.74447e-04 9.85741e-09 -2.31530e-14 2.70794e-04
1.79736e+01 6.43968e-09 -6.70687e-06 1.74198e-04 9.82848e-09 -2.31216e-14 2.70373e-04
1.79810e+01 6.42053e-09 -6.69169e-06 1.73950e-04 9.79963e-09 -2.30902e-14 2.69952e-04
1.79883e+01 6.40183e-09 -6.67651e-06 1.73702e-04 9.77088e-09 -2.30587e-14 2.69532e-04
1.79956e+01 6.38279e-09 -6.66134e-06 1.73454e-04 9.74221e-09 -2.30273e-14 2.69112e-04
1.80029e+01 6.36420e-09 -6.64617e-06 1.73207e-04 9.71363e-09 -2.29958e-14 2.68694e-04
1.80103e+01 6.34528e-09 -6.63101e-06 1.72961e-04 9.68514e-09 -2.29643e-14 2.68276e-04
1.80176e+01 6.32681e-09 -6.61586e-06 1.72715e-04 9.65673e-09 -2.29328e-14 2.67858e-04
1.80249e+01 6.30800e-09 -6.60071e-06 1.72469e-04 9.62842e-09 -2.29012e-14 2.67442e-04
1.80322e+01 6.28964e-09 -6.58557e-06 1.72223e-04 9.60018e-09 -2.28697e-14 2.67026e-04
1.80396e+01 6.27095e-09 -6.57043e-06 1.71978e-04 9.57204e-09 -2.28381e-14 2.66611e-04
1.80469e+01 6.25271e-09 -6.55530e-06 1.71734e-04 9.54398e-09 -2.28065e-14 2.66196e-04
1.80542e+01 6.23413e-09 -6.54018e-06 1.71489e-04 9.51600e-09 -2.27749e-14 2.65782e-04
1.80615e+01 6.21599e-09 -6.52507e-06 1.71246e-04 9.48811e-09 -2.27433e-14 2.65369e-04
1.80688e+01 6.19753e-09 -6.50996e-06 1.71002e-04 9.46031e-09 -2.27116e-14 2.64956e-04
1.80762e+01 6.17951e-09 -6.49485e-06 1.70759e-04 9.43258e-09 -2.26800e-14 2.64544e-04
1.80835e+01 6.16116e-09 -6.47976e-06 1.70516e-04 9.40495e-09 -2.26483e-14 2.64133e-04
1.80908e+01 6.14324e-09 -6.46466e-06 1.70274e-04 9.37740e-09 -2.26166e-14 2.63722e-04
1.80981e+01 6.12500e-09 -6.44958e-06 1.70032e-04 9.34993e-09 -2.25849e-14 2.63312e-04
1.81055e+01 6.10720e-09 -6.43450e-06 1.69791e-04 9.32254e-09 -2.25532e-14 2.62903e-04
1.81128e+01 6.08907e-09 -6.41943e-06 1.69550e-04 9.29524e-09 -2.25215e-14 2.62494e-04
1.81201e+01 6.07138e-09 -6.40436e-06 1.69309e-04 9.26802e-09 -2.24897e-14 2.62086e-04
1.81274e+01 6.05336e-09 -6.38931e-06 1.69069e-04 9.24089e-09 -2.24580e-14 2.61679e-04
1.81348e+01 6.03577e-09 -6.37425e-06 1.68829e-04 9.21383e-09 -2.24262e-14 2.61272e-04
1.81421e+01 6.01786e-09 -6.35921e-06 1.68589e-04 9.18686e-09 -2.23944e-14 2.60866e-04
1.81494e+01 6.00038e-09 -6.34416e-06 1.68350e-04 9.15997e-09 -2.23626e-14 2.60461e-04
1.81567e+01 5.98259e-09 -6.32913e-06 1.68111e-04 9.13316e-09 -2.23308e-14 2.60056e-04
1.81641e+01 5.96521e-09 -6.31410e-06 1.67873e-04 9.10644e-09 -2.22990e-14 2.59652e-04
1.81714e+01 5.94752e-09 -6.29908e-06 1.67635e-04 9.07979e-09 -2.22671e-14 2.59249e-04
1.81787e+01 5.93025e-09 -6.28406e-06 1.67397e-04 9.05322e-09 -2.22353e-14 2.58846e-04
1.81860e+01 5.91267e-09 -6.26905e-06 1.67160e-04 9.02674e-09 -2.22035e-14 2.58444e-04
1.81934e+01 5.89551e-09 -6.25405e-06 1.66923e-04 9.00034e-09 -2.21716e-14 2.58043e-04
1.82007e+01 5.87803e-09 -6.23905e-06 1.66687e-04 8.97401e-09 -2.21397e-14 2.57642e-04
1.82080e+01 5.86098e-09 -6.22406e-06 1.66451e-04 8.94777e-09 -2.21079e-14 2.57242e-04
1.82153e+01 5.84360e-09 -6.20908e-06 1.66215e-04 8.92160e-09 -2.20760e-14 2.56842e-04
1.82227e+01 5.82665e-09 -6.19410e-06 1.65980e-04 8.89551e-09 -2.20441e-14 2.56444e-04
1.82300e+01 5.80938e-09 -6.17913e-06 1.65745e-04 8.86951e-09 -2.20122e-14 2.56045e-04
1.82373e+01 5.79254e-09 -6.16416e-06 1.65510e-04 8.84358e-09 -2.19803e-14 2.55648e-04
1.82446e+01 5.77537e-09 -6.14920e-06 1.65276e-04 8.81773e-09 -2.19484e-14 2.55251e-04
1.82520e+01 5.75863e-09 -6.13424e-06 1.65043e-04 8.79195e-09 -2.19164e-14 2.54855e-04
1.82593e+01 5.74157e-09 -6.11930e-06 1.64809e-04 8.76626e-09 -2.18845e-14 2.54459e-04
1.82666e+01 5.72492e-09 -6.10435e-06 1.64576e-04 8.74064e-09 -2.18526e-14 2.54064e-04
1.82739e+01 5.70797e-09 -6.08942e-06 1.64343e-04 8.71510e-09 -2.18206e-14 2.53669e-04
1.82812e+01 5.69142e-09 -6.07449e-06 1.64111e-04 8.68964e-09 -2.17887e-14 2.53276e-04
1.82886e+01 5.67457e-09 -6.05957e-06 1.63879e-04 8.66426e-09 -2.17567e-14 2.52883e-04
1.82959e+01 5.65813e-09 -6.04465e-06 1.63648e-04 8.63895e-09 -2.17248e-14 2.52490e-04
1.83032e+01 5.64138e-09 -6.02974e-06 1.63416e-04 8.61371e-09 -2.16928e-14 2.52098e-04
1.83105e+01 5.62503e-09 -6.01483e-06 1.63186e-04 8.58856e-09 -2.16609e-14 2.51707e-04
1.83179e+01 5.60838e-09 -5.99994e-06 1.62955e-04 8.56348e-09 -2.16289e-14 2.51316e-04
1.83252e+01 5.59214e-09 -5.98504e-06 1.62725e-04 8.53847e-09 -2.15970e-14 2.50926e-04
1.83325e+01 5.57559e-09 -5.97016e-06 1.62495e-04 8.51354e-09 -2.15650e-14 2.50537e-04
1.83398e+01 5.55944e-09 -5.95527e-06 1.62266e-04 8.48868e-09 -2.15330e-14 2.50148e-04
1.83472e+01 5.54299e-09 -5.94040e-06 1.62037e-04 8.46390e-09 -2.15011e-14 2.49760e-04
1.83545e+01 5.52695e-09 -5.92553e-06 1.61809e-04 8.43920e-09 -2.14691e-14 2.49373e-04
1.83618e+01 5.51059e-09 -5.91067e-06 1.61580e-04 8.41457e-09 -2.14371e-14 2.48986e-04
1.83691e+01 5.49464e-09 -5.89581e-06 1.61353e-04 8.39001e-09 -2.14051e-14 2.48599e-04
1.83765e+01 5.47839e-09 -5.88097e-06 1.61125e-04 8.36553e-09 -2.13732e-14 2.48214e-04
1.83838e+01 5.46254e-09 -5.86612e-06 1.60898e-04 8.34112e-09 -2.13412e-14 2.47829e-04
1.83911e+01 5.44638e-09 -5.85129e-06 1.60671e-04 8.31678e-09 -2.13092e-14 2.47444e-04
1.83984e+01 5.43063e-09 -5.83645e-06 1.60445e-04 8.29252e-09 -2.12773e-14 2.47060e-04
1.84058e+01 5.41457e-09 -5.82163e-06 1.60219e-04 8.26833e-09 -2.12453e-14 2.46677e-04
1.84131e+01 5.39890e-09 -5.80681e-06 1.59993e-04 8.24421e-09 -2.12133e-14 2.46295e-04
1.84204e+01 5.38294e-09 -5.79200e-06 1.59768e-04 8.22016e-09 -2.11813e-14 2.45913e-04
1.84277e+01 5.36737e-09 -5.77719e-06 1.59543e-04 8.19619e-09 -2.11494e-14 2.45531e-04
1.84351e+01 5.35151e-09 -5.76239e-06 1.59318e-04 8.17229e-09 -2.11174e-14 2.45150e-04
1.84424e+01 5.33604e-09 -5.74759e-06 1.59094e-04 8.14846e-09 -2.10855e-14 2.44770e-04
1.84497e+01 5.32026e-09 -5.73280e-06 1.58870e-04 8.12470e-09 -2.10535e-14 2.44391e-04
1.84570e+01 5.30488e-09 -5.71802e-06 1.58646e-04 8.10101e-09 -2.10215e-14 2.44012e-04
1.84644e+01 5.28921e-09 -5.70324e-06 1.58423e-04 8.07739e-09 -2.09896e-14 2.43633e-04
1.84717e+01 5.27392e-09 -5.68847e-06 1.58200e-04 8.05385e-09 -2.09576e-14 2.43255e-04
1.84790e+01 5.25834e-09 -5.67371e-06 1.57978e-04 8.03037e-09 -2.09257e-14 2.42878e-04
1.84863e+01 5.24314e-09 -5.65895e-06 1.57756e-04 8.00697e-09 -2.08938e-14 2.42502e-04
1.84937e+01 5.22765e-09 -5.64419e-06 1.57534e-04 7.98363e-09 -2.08618e-14 2.42126e-04
1.85010e+01 5.21255e-09 -5.62945e-06 1.57313e-04 7.96037e-09 -2.08299e-14 2.41750e-04
1.85083e+01 5.19715e-09 -5.61471e-06 1.57092e-04 7.93717e-09 -2.07980e-14 2.41376e-04
1.85156e+01 5.18214e-09 -5.59997e-06 1.56871e-04 7.91405e-09 -2.07660e-14 2.41001e-04
1.85229e+01 5.16683e-09 -5.58524e-06 1.56650e-04 7.89099e-09 -2.07341e-14 2.40628e-04
1.85303e+01 5.15191e-09 -5.57052e-06 1.56430e-04 7.86800e-09 -2.07022e-14 2.40255e-04
1.85376e+01 5.13670e-09 -5.55580e-06 1.56211e-04 7.84508e-09 -2.06703e-14 2.39882e-04
1.85449e+01 5.12187e-09 -5.54109e-06 1.55991e-04 7.82223e-09 -2.06384e-14 2.39510e-04
1.85522e+01 5.10674e-09 -5.52639e-06 1.55772e-04 7.79945e-09 -2.06066e-14 2.39139e-04
1.85596e+01 5.09200e-09 -5.51169e-06 1.55554e-04 7.77673e-09 -2.05747e-14 2.38769e-04
1.85669e+01 5.07697e-09 -5.49700e-06 1.55336e-04 7.75409e-09 -2.05428e-14 2.38398e-04
1.85742e+01 5.06232e-09 -5.48231e-06 1.55118e-04 7.73151e-09 -2.05109e-14 2.38029e-04
1.85815e+01 5.04737e-09 -5.46763e-06 1.54900e-04 7.70900e-09 -2.04791e-14 2.37660e-04
1.85889e+01 5.03281e-09 -5.45295e-06 1.54683e-04 7.68655e-09 -2.04472e-14 2.37292e-04
1.85962e+01 5.01795e-09 -5.43828e-06 1.54466e-04 7.66417e-09 -2.04154e-14 2.36924e-04
1.86035e+01 5.00348e-09 -5.42362e-06 1.54249e-04 7.64186e-09 -2.03836e-14 2.36557e-04
1.86108e+01 4.98871e-09 -5.40896e-06 1.54033e-04 7.61962e-09 -2.03517e-14 2.36190e-04
1.86182e+01 4.97432e-09 -5.39431e-06 1.53817e-04 7.59744e-09 -2.03199e-14 2.35824e-04
1.86255e+01 4.95964e-09 -5.37967e-06 1.53602e-04 7.57532e-09 -2.02881e-14 2.35459e-04
1.86328e+01 4.94534e-09 -5.36503e-06 1.53387e-04 7.55328e-09 -2.02563e-14 2.35094e-04
1.86401e+01 4.93074e-09 -5.35039e-06 1.53172e-04 7.53130e-09 -2.02246e-14 2.34730e-04
1.86475e+01 4.91653e-09 -5.33576e-06 1.52957e-04 7.50938e-09 -2.01928e-14 2.34366e-04
1.86548e+01 4.90202e-09 -5.32114e-06 1.52743e-04 7.48753e-09 -2.01610e-14 2.34003e-04
1.86621e+01 4.88789e-09 -5.30653e-06 1.52529e-04 7.46574e-09 -2.01293e-14 2.33640e-04
1.86694e+01 4.87347e-09 -5.29192e-06 1.52316e-04 7.44402e-09 -2.00976e-14 2.33278e-04
1.86768e+01 4.85942e-09 -5.27731e-06 1.52102e-04 7.42237e-09 -2.00658e-14 2.32917e-04
1.86841e+01 4.84509e-09 -5.26272e-06 1.51890e-04 7.40077e-09 -2.00341e-14 2.32556e-04
1.86914e+01 4.83112e-09 -5.24812e-06 1.51677e-04 7.37925e-09 -2.00024e-14 2.32195e-04
1.86987e+01 4.81688e-09 -5.23354e-06 1.51465e-04 7.35778e-09 -1.99707e-14 2.31836e-04
1.87061e+01 4.80300e-09 -5.21896e-06 1.51253e-04 7.33638e-09 -1.99390e-14 2.31476e-04
1.87134e+01 4.78883e-09 -5.20438e-06 1.51042e-04 7.31504e-09 -1.99074e-14 2.31118e-04
1.87207e+01 4.77504e-09 -5.18981e-06 1.50830e-04 7.29377e-09 -1.98757e-14 2.30760e-04
1.87280e+01 4.76096e-09 -5.17525e-06 1.50620e-04 7.27256e-09 -1.98441e-14 2.30402e-04
1.87354e+01 4.74724e-09 -5.16070e-06 1.50409e-04 7.25141e-09 -1.98125e-14 2.30045e-04
1.87427e+01 4.73324e-09 -5.14615e-06 1.50199e-04 7.23033e-09 -1.97809e-14 2.29689e-04
1.87500e+01 4.71961e-09 -5.13160e-06 1.49989e-04 7.20930e-09 -1.97493e-14 2.29333e-04
1.87573e+01 4.70570e-09 -5.11706e-06 1.49780e-04 7.18834e-09 -1.97177e-14 2.28978e-04
1.87646e+01 4.69215e-09 -5.10253e-06 1.49570e-04 7.16745e-09 -1.96861e-14 2.28623e-04
1.87720e+01 4.67831e-09 -5.08800e-06 1.49362e-04 7.14661e-09 -1.96546e-14 2.28269e-04
1.87793e+01 4.66484e-09 -5.07348e-06 1.49153e-04 7.12583e-09 -1.96230e-14 2.27915e-04
1.87866e+01 4.65109e-09 -5.05896e-06 1.48945e-04 7.10512e-09 -1.95915e-14 2.27562e-04
1.87939e+01 4.63771e-09 -5.04445e-06 1.48737e-04 7.08447e-09 -1.95600e-14 2.27210e-04
1.88013e+01 4.62404e-09 -5.02995e-06 1.48529e-04 7.06388e-09 -1.95285e-14 2.26858e-04
1.88086e+01 4.61073e-09 -5.01545e-06 1.48322e-04 7.04335e-09 -1.94970e-14 2.26506e-04
1.88159e+01 4.59714e-09 -5.00096e-06 1.48115e-04 7.02288e-09 -1.94656e-14 2.26155e-04
1.88232e+01 4.58391e-09 -4.98647e-06 1.47909e-04 7.00247e-09 -1.94341e-14 2.25805e-04
1.88306e+01 4.57040e-09 -4.97199e-06 1.47702e-04 6.98212e-09 -1.94027e-14 2.25455e-04
1.88379e+01 4.55725e-09 -4.95752e-06 1.47496e-04 6.96183e-09 -1.93713e-14 2.25106e-04
1.88452e+01 4.54382e-09 -4.94305e-06 1.47291e-04 6.94160e-09 -1.93399e-14 2.24757e-04
1.88525e+01 4.53075e-09 -4.92858e-06 1.47086e-04 6.92144e-09 -1.93085e-14 2.24409e-04
1.88599e+01 4.51740e-09 -4.91413e-06 1.46881e-04 6.90133e-09 -1.92771e-14 2.24062e-04
1.88672e+01 4.50440e-09 -4.89968e-06 1.46676e-04 6.88128e-09 -1.92458e-14 2.23715e-04
1.88745e+01 4.49113e-09 -4.88523e-06 1.46472e-04 6.86128e-09 -1.92145e-14 2.23368e-04
1.88818e+01 4.47821e-09 -4.87079e-06 1.46268e-04 6.84135e-09 -1.91832e-14 2.23022e-04
1.88892e+01 4.46502e-09 -4.85636e-06 1.46064e-04 6.82148e-09 -1.91519e-14 2.22677e-04
1.88965e+01 4.45218e-09 -4.84193e-06 1.45860e-04 6.80166e-09 -1.91206e-14 2.22332e-04
1.89038e+01 4.43906e-09 -4.82751e-06 1.45657e-04 6.78191e-09 -1.90893e-14 2.21987e-04
1.89111e+01 4.42630e-09 -4.81309e-06 1.45455e-04 6.76221e-09 -1.90581e-14 2.21643e-04
1.89185e+01 4.41326e-09 -4.79868e-06 1.45252e-04 6.74257e-09 -1.90269e-14 2.21300e-04
1.89258e+01 4.40057e-09 -4.78427e-06 1.45050e-04 6.72299e-09 -1.89957e-14 2.20957e-04
1.89331e+01 4.38761e-09 -4.76987e-06 1.44848e-04 6.70346e-09 -1.89645e-14 2.20615e-04
1.89404e+01 4.37500e-09 -4.75548e-06 1.44647e-04 6.68400e-09 -1.89334e-14 2.20273e-04
1.89478e+01 4.36211e-09 -4.74109e-06 1.44446e-04 6.66459e-09 -1.89022e-14 2.19932e-04
1.89551e+01 4.34957e-09 -4.72671e-06 1.44245e-04 6.64523e-09 -1.88711e-14 2.19591e-04
1.89624e+01 4.33676e-09 -4.71233e-06 1.44044e-04 6.62594e-09 -1.88400e-14 2.19251e-04
1.89697e+01 4.32430e-09 -4.69796e-06 1.43844e-04 6.60670e-09 -1.88089e-14 2.18912e-04
1.89771e+01 4.31156e-09 -4.68360e-06 1.43644e-04 6.58751e-09 -1.87779e-14 2.18573e-04
1.89844e+01 4.29917e-09 -4.66923e-06 1.43444e-04 6.56839e-09 -1.87468e-14 2.18234e-04
1.89917e+01 4.28651e-09 -4.65488e-06 1.43245e-04 6.54932e-09 -1.87158e-14 2.17896e-04
1.89990e+01 4.27420e-09 -4.64053e-06 1.43046e-04 6.53030e-09 -1.86848e-14 2.17558e-04
1.90063e+01 4.26161e-09 -4.62619e-06 1.42847e-04 6.51135e-09 -1.86538e-14 2.17221e-04
1.90137e+01 4.24937e-09 -4.61185e-06 1.42649e-04 6.49244e-09 -1.86229e-14 2.16885e-04
1.90210e+01 4.23685e-09 -4.59753e-06 1.42451e-04 6.47359e-09 -1.85920e-14 2.16549e-04
1.90283e+01 4.22468e-09 -4.58320e-06 1.42253e-04 6.45480e-09 -1.85610e-14 2.16213e-04
1.90356e+01 4.21224e-09 -4.56888e-06 1.42055e-04 6.43607e-09 -1.85302e-14 2.15878e-04
1.90430e+01 4.20014e-09 -4.55457e-06 1.41858e-04 6.41738e-09 -1.84993e-14 2.15544e-04
1.90503e+01 4.18778e-09 -4.54026e-06 1.41661e-04 6.39876e-09 -1.84684e-14 2.15210e-04
1.90576e+01 4.17575e-09 -4.52596e-06 1.41465e-04 6.38018e-09 -1.84376e-14 2.14877e-04
1.90649e+01 4.16346e-09 -4.51166e-06 1.41269e-04 6.36166e-09 -1.84068e-14 2.14544e-04
1.90723e+01 4.15150e-09 -4.49737e-06 1.41073e-04 6.34320e-09 -1.83760e-14 2.14211e-04
1.90796e+01 4.13928e-09 -4.48308e-06 1.40877e-04 6.32479e-09 -1.83453e-14 2.13880e-04
1.90869e+01 4.12739e-09 -4.46880e-06 1.40682e-04 6.30643e-09 -1.83145e-14 2.13548e-04
1.90942e+01 4.11524e-09 -4.45453e-06 1.40487e-04 6.28813e-09 -1.82838e-14 2.13217e-04
1.91016e+01 4.10342e-09 -4.44026e-06 1.40292e-04 6.26988e-09 -1.82531e-14 2.12887e-04
1.91089e+01 4.09134e-09 -4.42600e-06 1.40097e-04 6.25169e-09 -1.82225e-14 2.12557e-04
1.91162e+01 4.07960e-09 -4.41174e-06 1.39903e-04 6.23354e-09 -1.81918e-14 2.12228e-04
1.91235e+01 4.06759e-09 -4.39749e-06 1.39709e-04 6.21545e-09 -1.81612e-14 2.11899e-04
1.91309e+01 4.05591e-09 -4.38324e-06 1.39516e-04 6.19742e-09 -1.81306e-14 2.11571e-04
1.91382e+01 4.04397e-09 -4.36901e-06 1.39322e-04 6.17943e-09 -1.81001e-14 2.11243e-04
1.91455e+01 4.03236e-09 -4.35477e-06 1.39129e-04 6.16150e-09 -1.80695e-14 2.10916e-04
1.91528e+01 4.02049e-09 -4.34054e-06 1.38937e-04 6.14362e-09 -1.80390e-14 2.10589e-04
1.91602e+01 4.00895e-09 -4.32632e-06 1.38744e-04 6.12580e-09 -1.80085e-14 2.10262e-04
1.91675e+01 3.99715e-09 -4.31210e-06 1.38552e-04 6.10802e-09 -1.79780e-14 2.09937e-04
1.91748e+01 3.98568e-09 -4.29789e-06 1.38361e-04 6.09030e-09 -1.79476e-14 2.09611e-04
1.91821e+01 3.97395e-09 -4.28369e-06 1.38169e-04 6.07263e-09 -1.79172e-14 2.09286e-04
1.91895e+01 3.96254e-09 -4.26948e-06 1.37978e-04 6.05501e-09 -1.78868e-14 2.08962e-04
1.91968e+01 3.95088e-09 -4.25529e-06 1.37787e-04 6.03744e-09 -1.78564e-14 2.08638e-04
1.92041e+01 3.93954e-09 -4.24110e-06 1.37596e-04 6.01992e-09 -1.78260e-14 2.08315e-04
1.92114e+01 3.92794e-09 -4.22692e-06 1.37406e-04 6.00245e-09 -1.77957e-14 2.07992e-04
1.92188e+01 3.91667e-09 -4.21274e-06 1.37216e-04 5.98504e-09 -1.77654e-14 2.07670e-04
1.92261e+01 3.90514e-09 -4.19857e-06 1.37026e-04 5.96767e-09 -1.77352e-14 2.07348e-04
1.92334e+01 3.89394e-09 -4.18440e-06 1.36837e-04 5.95036e-09 -1.77049e-14 2.07026e-04
1.92407e+01 3.88248e-09 -4.17024e-06 1.36648e-04 5.93309e-09 -1.76747e-14 2.06706e-04
1.92480e+01 3.87134e-09 -4.15608e-06 1.36459e-04 5.91588e-09 -1.76445e-14 2.06385e-04
1.92554e+01 3.85994e-09 -4.14193e-06 1.36270e-04 5.89872e-09 -1.76143e-14 2.06065e-04
1.92627e+01 3.84887e-09 -4.12779e-06 1.36082e-04 5.88160e-09 -1.75842e-14 2.05746e-04
1.92700e+01 3.83754e-09 -4.11365e-06 1.35894e-04 5.86454e-09 -1.75541e-14 2.05427e-04
1.92773e+01 3.82653e-09 -4.09951e-06 1.35706e-04 5.84753e-09 -1.75240e-14 2.05108e-04
1.92847e+01 3.81527e-09 -4.08539e-06 1.35519e-04 5.83056e-09 -1.74939e-14 2.04790e-04
1.92920e+01 3.80432e-09 -4.07126e-06 1.35332e-04 5.81365e-09 -1.74639e-14 2.04473e-04
1.92993e+01 3.79313e-09 -4.05715e-06 1.35145e-04 5.79678e-09 -1.74339e-14 2.04156e-04
1.93066e+01 3.78224e-09 -4.04304e-06 1.34958e-04 5.77996e-09 -1.74039e-14 2.03839e-04
1.93140e+01 3.77111e-09 -4.02893e-06 1.34772e-04 5.76319e-09 -1.73740e-14 2.03523e-04
1.93213e+01 3.76029e-09 -4.01483e-06 1.34586e-04 5.74647e-09 -1.73440e-14 2.03208e-04
1.93286e+01 3.74923e-09 -4.00074e-06 1.34400e-04 5.72980e-09 -1.73142e-14 2.02893e-04
1.93359e+01 3.73847e-09 -3.98665e-06 1.34215e-04 5.71318e-09 -1.72843e-14 2.02578e-04
1.93433e+01 3.72747e-09 -3.97257e-06 1.34030e-04 5.69660e-09 -1.72544e-14 2.02264e-04
1.93506e+01 3.71678e-09 -3.95849e-06 1.33845e-04 5.68008e-09 -1.72246e-14 2.01950e-04
1.93579e+01 3.70584e-09 -3.94442e-06 1.33660e-04 5.66360e-09 -1.71948e-14 2.01637e-04
1.93652e+01 3.69521e-09 -3.93035e-06 1.33476e-04 5.64717e-09 -1.71651e-14 2.01324e-04
1.93726e+01 3.68433e-09 -3.91629e-06 1.33292e-04 5.63078e-09 -1.71354e-14 2.01012e-04
1.93799e+01 3.67377e-09 -3.90223e-06 1.33108e-04 5.61445e-09 -1.71057e-14 2.00700e-04
1.93872e+01 3.66295e-09 -3.88818e-06 1.32924e-04 5.59816e-09 -1.70760e-14 2.00389e-04
1.93945e+01 3.65245e-09 -3.87414e-06 1.32741e-04 5.58192e-09 -1.70463e-14 2.00078e-04
1.94019e+01 3.64169e-09 -3.86010e-06 1.32558e-04 5.56572e-09 -1.70167e-14 1.99768e-04
1.94092e+01 3.63125e-09 -3.84606e-06 1.32376e-04 5.54957e-09 -1.69871e-14 1.99458e-04
1.94165e+01 3.62056e-09 -3.83204e-06 1.32193e-04 5.53347e-09 -1.69576e-14 1.99149e-04
1.94238e+01 3.61018e-09 -3.81801e-06 1.32011e-04 5.51742e-09 -1.69280e-14 1.98840e-04
1.94312e+01 3.59955e-09 -3.80400e-06 1.31829e-04 5.50141e-09 -1.68985e-14 1.98531e-04
1.94385e+01 3.58923e-09 -3.78998e-06 1.31648e-04 5.48545e-09 -1.68691e-14 1.98223e-04
1.94458e+01 3.57866e-09 -3.77598e-06 1.31467e-04 5.46953e-09 -1.68396e-14 1.97915e-04
1.94531e+01 3.56840e-09 -3.76198e-06 1.31286e-04 5.45366e-09 -1.68102e-14 1.97608e-04
1.94604e+01 3.55789e-09 -3.74798e-06 1.31105e-04 5.43784e-09 -1.67808e-14 1.97302e-04
1.94678e+01 3.54769e-09 -3.73399e-06 1.30924e-04 5.42206e-09 -1.67515e-14 1.96996e-04
1.94751e+01 3.53725e-09 -3.72001e-06 1.30744e-04 5.40633e-09 -1.67222e-14 1.96690e-04
1.94824e+01 3.52710e-09 -3.70603e-06 1.30564e-04 5.39064e-09 -1.66929e-14 1.96385e-04
1.94897e+01 3.51672e-09 -3.69206e-06 1.30385e-04 5.37500e-09 -1.66636e-14 1.96080e-04
1.94971e+01 3.50664e-09 -3.67809e-06 1.30205e-04 5.35940e-09 -1.66344e-14 1.95775e-04
1.95044e+01 3.49631e-09 -3.66413e-06 1.30026e-04 5.34385e-09 -1.66052e-14 1.95472e-04
1.95117e+01 3.48629e-09 -3.65017e-06 1.29847e-04 5.32834e-09 -1.65760e-14 1.95168e-04
1.95190e+01 3.47602e-09 -3.63622e-06 1.29669e-04 5.31288e-09 -1.65469e-14 1.94865e-04
1.95264e+01 3.46605e-09 -3.62227e-06 1.29491e-04 5.29746e-09 -1.65177e-14 1.94563e-04
1.95337e+01 3.45585e-09 -3.60833e-06 1.29313e-04 5.28209e-09 -1.64887e-14 1.94261e-04
1.95410e+01 3.44594e-09 -3.59439e-06 1.29135e-04 5.26676e-09 -1.64596e-14 1.93959e-04
1.95483e+01 3.43579e-09 -3.58046e-06 1.28957e-04 5.25147e-09 -1.64306e-14 1.93658e-04
1.95557e+01 3.42594e-09 -3.56654e-06 1.28780e-04 5.23623e-09 -1.64016e-14 1.93357e-04
1.95630e+01 3.41585e-09 -3.55262e-06 1.28603e-04 5.22103e-09 -1.63726e-14 1.93057e-04
1.95703e+01 3.40605e-09 -3.53871e-06 1.28427e-04 5.20588e-09 -1.63437e-14 1.92757e-04
1.95776e+01 3.39602e-09 -3.52480e-06 1.28250e-04 5.19077e-09 -1.63148e-14 1.92458e-04
1.95850e+01 3.38628e-09 -3.51089e-06 1.28074e-04 5.17570e-09 -1.62859e-14 1.92159e-04
1.95923e+01 3.37631e-09 -3.49700e-06 1.27898e-04 5.16068e-09 -1.62571e-14 1.91860e-04
1.95996e+01 3.36663e-09 -3.48311e-06 1.27722e-04 5.14570e-09 -1.62283e-14 1.91562e-04
1.96069e+01 3.35671e-09 -3.46922e-06 1.27547e-04 5.13077e-09 -1.61995e-14 1.91265e-04
1.96143e+01 3.34709e-09 -3.45534e-06 1.27372e-04 5.11587e-09 -1.61708e-14 1.90968e-04
1.96216e+01 3.33723e-09 -3.44146e-06 1.27197e-04 5.10102e-09 -1.61421e-14 1.90671e-04
1.96289e+01 3.32766e-09 -3.42759e-06 1.27023e-04 5.08621e-09 -1.61134e-14 1.90375e-04
1.96362e+01 3.31785e-09 -3.41373e-06 1.26848e-04 5.07145e-09 -1.60848e-14 1.90079e-04
1.96436e+01 3.30834e-09 -3.39987e-06 1.26674e-04 5.05672e-09 -1.60561e-14 1.89783e-04
1.96509e+01 3.29859e-09 -3.38601e-06 1.26501e-04 5.04204e-09 -1.60276e-14 1.89489e-04
1.96582e+01 3.28913e-09 -3.37216e-06 1.26327e-04 5.02740e-09 -1.59990e-14 1.89194e-04
1.96655e+01 3.27944e-09 -3.35832e-06 1.26154e-04 5.01280e-09 -1.59705e-14 1.88900e-04
1.96729e+01 3.27004e-09 -3.34448e-06 1.25981e-04 4.99825e-09 -1.59420e-14 1.88606e-04
1.96802e+01 3.26040e-09 -3.33065e-06 1.25808e-04 4.98373e-09 -1.59135e-14 1.88313e-04
1.96875e+01 3.25105e-09 -3.31682e-06 1.25635e-04 4.96926e-09 -1.58851e-14 1.88020e-04
1.96948e+01 3.24147e-09 -3.30300e-06 1.25463e-04 4.95483e-09 -1.58567e-14 1.87728e-04
1.97021e+01 3.23217e-09 -3.28918e-06 1.25291e-04 4.94044e-09 -1.58284e-14 1.87436e-04
1.97095e+01 3.22265e-09 -3.27537e-06 1.25120e-04 4.92609e-09 -1.58000e-14 1.87145e-04
1.97168e+01 3.21340e-09 -3.26157e-06 1.24948e-04 4.91179e-09 -1.57717e-14 1.86854e-04
1.97241e+01 3.20393e-09 -3.24777e-06 1.24777e-04 4.89752e-09 -1.57435e-14 1.86563e-04
1.97314e+01 3.19474e-09 -3.23397e-06 1.24606e-04 4.88330e-09 -1.57153e-14 1.86273e-04
1.97388e+01 3.18533e-09 -3.22018e-06 1.24435e-04 4.86911e-09 -1.56871e-14 1.85983e-04
1.97461e+01 3.17619e-09 -3.20639e-06 1.24265e-04 4.85497e-09 -1.56589e-14 1.85694e-04
1.97534e+01 3.16683e-09 -3.19262e-06 1.24095e-04 4.84087e-09 -1.56308e-14 1.85405e-04
1.97607e+01 3.15774e-09 -3.17884e-06 1.23925e-04 4.82680e-09 -1.56027e-14 1.85117e-04
1.97681e+01 3.14843e-09 -3.16507e-06 1.23755e-04 4.81278e-09 -1.55746e-14 1.84829e-04
1.97754e+01 3.13940e-09 -3.15131e-06 1.23586e-04 4.79880e-09 -1.55466e-14 1.84541e-04
1.97827e+01 3.13014e-09 -3.13755e-06 1.23416e-04 4.78485e-09 -1.55186e-14 1.84254e-04
1.97900e+01 3.12116e-09 -3.12380e-06 1.23248e-04 4.77095e-09 -1.54906e-14 1.83968e-04
1.97974e+01 3.11196e-09 -3.11005e-06 1.23079e-04 4.75709e-09 -1.54627e-14 1.83681e-04
1.98047e+01 3.10303e-09 -3.09631e-06 1.22910e-04 4.74326e-09 -1.54348e-14 1.83395e-04
1.98120e+01 3.09388e-09 -3.08257e-06 1.22742e-04 4.72948e-09 -1.54069e-14 1.83110e-04
1.98193e+01 3.08500e-09 -3.06884e-06 1.22574e-04 4.71573e-09 -1.53791e-14 1.82825e-04
1.98267e+01 3.07590e-09 -3.05512e-06 1.22407e-04 4.70203e-09 -1.53513e-14 1.82540e-04
1.98340e+01 3.06708e-09 -3.04139e-06 1.22239e-04 4.68836e-09 -1.53235e-14 1.82256e-04
1.98413e+01 3.05803e-09 -3.02768e-06 1.22072e-04 4.67473e-09 -1.52958e-14 1.81972e-04
1.98486e+01 3.04926e-09 -3.01397e-06 1.21905e-04 4.66115e-09 -1.52681e-14 1.81689e-04
1.98560e+01 3.04026e-09 -3.00026e-06 1.21739e-04 4.64760e-09 -1.52404e-14 1.81406e-04
1.98633e+01 3.03154e-09 -2.98656e-06 1.21572e-04 4.63408e-09 -1.52128e-14 1.81124e-04
1.98706e+01 3.02259e-09 -2.97287e-06 1.21406e-04 4.62061e-09 -1.51852e-14 1.80842e-04
1.98779e+01 3.01392e-09 -2.95918e-06 1.21240e-04 4.60718e-09 -1.51576e-14 1.80560e-04
1.98853e+01 3.00502e-09 -2.94549e-06 1.21074e-04 4.59378e-09 -1.51301e-14 1.80279e-04
1.98926e+01 2.99640e-09 -2.93181e-06 1.20909e-04 4.58042e-09 -1.51026e-14 1.79998e-04
1.98999e+01 2.98755e-09 -2.91814e-06 1.20744e-04 4.56710e-09 -1.50752e-14 1.79717e-04
1.99072e+01 2.97898e-09 -2.90447e-06 1.20579e-04 4.55382e-09 -1.50477e-14 1.79437e-04
1.99146e+01 2.97019e-09 -2.89081e-06 1.20414e-04 4.54058e-09 -1.50203e-14 1.79158e-04
1.99219e+01 2.96166e-09 -2.87715e-06 1.20250e-04 4.52737e-09 -1.49930e-14 1.78878e-04
1.99292e+01 2.95292e-09 -2.86350e-06 1.20085e-04 4.51420e-09 -1.49657e-14 1.78600e-04
1.99365e+01 2.94444e-09 -2.84985e-06 1.19921e-04 4.50107e-09 -1.49384e-14 1.78321e-04
1.99438e+01 2.93575e-09 -2.83621e-06 1.19758e-04 4.48797e-09 -1.49111e-14 1.78043e-04
1.99512e+01 2.92732e-09 -2.82257e-06 1.19594e-04 4.47492e-09 -1.48839e-14 1.77766e-04
1.99585e+01 2.91867e-09 -2.80894e-06 1.19431e-04 4.46190e-09 -1.48567e-14 1.77489e-04
1.99658e+01 2.91029e-09 -2.79531e-06 1.19268e-04 4.44891e-09 -1.48296e-14 1.77212e-04
1.99731e+01 2.90170e-09 -2.78169e-06 1.19105e-04 4.43597e-09 -1.48024e-14 1.76936e-04
1.99805e+01 2.89337e-09 -2.76808e-06 1.18943e-04 4.42306e-09 -1.47754e-14 1.76660e-04
1.99878e+01 2.88482e-09 -2.75447e-06 1.18780e-04 4.41018e-09 -1.47483e-14 1.76384e-04
1.99951e+01 2.87653e-09 -2.74086e-06 1.18618e-04 4.39735e-09 -1.47213e-14 1.76109e-04
2.00024e+01 2.86803e-09 -2.72726e-06 1.18456e-04 4.38455e-09 -1.46943e-14 1.75834e-04
2.00098e+01 2.85980e-09 -2.71366e-06 1.18295e-04 4.37178e-09 -1.46674e-14 1.75560e-04
2.00171e+01 2.85135e-09 -2.70008e-06 1.18133e-04 4.35906e-09 -1.46405e-14 1.75286e-04
2.00244e+01 2.84316e-09 -2.68649e-06 1.17972e-04 4.34637e-09 -1.46136e-14 1.75012e-04
2.00317e+01 2.83475e-09 -2.67291e-06 1.17812e-04 4.33371e-09 -1.45867e-14 1.74739e-04
2.00391e+01 2.82661e-09 -2.65933e-06 1.17651e-04 4.32109e-09 -1.45599e-14 1.74467e-04
2.00464e+01 2.81826e-09 -2.64577e-06 1.17490e-04 4.30851e-09 -1.45332e-14 1.74194e-04
2.00537e+01 2.81016e-09 -2.63220e-06 1.17330e-04 4.29596e-09 -1.45064e-14 1.73922e-04
2.00610e+01 2.80185e-09 -2.61864e-06 1.17170e-04 4.28345e-09 -1.44797e-14 1.73651e-04
2.00684e+01 2.79380e-09 -2.60509e-06 1.17011e-04 4.27097e-09 -1.44531e-14 1.73380e-04
2.00757e+01 2.78554e-09 -2.59154e-06 1.16851e-04 4.25853e-09 -1.44264e-14 1.73109e-04
2.00830e+01 2.77754e-09 -2.57800e-06 1.16692e-04 4.24612e-09 -1.43999e-14 1.72839e-04
2.00903e+01 2.76932e-09 -2.56446e-06 1.16533e-04 4.23375e-09 -1.43733e-14 1.72569e-04
2.00977e+01 2.76136e-09 -2.55093e-06 1.16374e-04 4.22141e-09 -1.43468e-14 1.72299e-04
2.01050e+01 2.75319e-09 -2.53740e-06 1.16216e-04 4.20911e-09 -1.43203e-14 1.72030e-04
2.01123e+01 2.74528e-09 -2.52387e-06 1.16058e-04 4.19685e-09 -1.42938e-14 1.71761e-04
2.01196e+01 2.73716e-09 -2.51036e-06 1.15899e-04 4.18461e-09 -1.42674e-14 1.71493e-04
2.01270e+01 2.72929e-09 -2.49684e-06 1.15742e-04 4.17242e-09 -1.42410e-14 1.71225e-04
2.01343e+01 2.72121e-09 -2.48334e-06 1.15584e-04 4.16025e-09 -1.42147e-14 1.70957e-04
2.01416e+01 2.71339e-09 -2.46983e-06 1.15427e-04 4.14813e-09 -1.41884e-14 1.70690e-04
2.01489e+01 2.70536e-09 -2.45634e-06 1.15270e-04 4.13603e-09 -1.41621e-14 1.70423e-04
2.01562e+01 2.69758e-09 -2.44285e-06 1.15113e-04 4.12397e-09 -1.41358e-14 1.70157e-04
2.01636e+01 2.68959e-09 -2.42936e-06 1.14956e-04 4.11194e-09 -1.41096e-14 1.69891e-04
2.01709e+01 2.68186e-09 -2.41588e-06 1.14800e-04 4.09995e-09 -1.40835e-14 1.69625e-04
2.01782e+01 2.67392e-09 -2.40240e-06 1.14643e-04 4.08799e-09 -1.40573e-14 1.69360e-04
2.01855e+01 2.66623e-09 -2.38893e-06 1.14487e-04 4.07607e-09 -1.40312e-14 1.69095e-04
2.01929e+01 2.65833e-09 -2.37546e-06 1.14332e-04 4.06418e-09 -1.40052e-14 1.68830e-04
2.02002e+01 2.65069e-09 -2.36200e-06 1.14176e-04 4.05232e-09 -1.39791e-14 1.68566e-04
2.02075e+01 2.64283e-09 -2.34855e-06 1.14021e-04 4.04050e-09 -1.39531e-14 1.68303e-04
2.02148e+01 2.63523e-09 -2.33509e-06 1.13866e-04 4.02871e-09 -1.39272e-14 1.68039e-04
2.02222e+01 2.62742e-09 -2.32165e-06 1.13711e-04 4.01695e-09 -1.39013e-14 1.67776e-04
2.02295e+01 2.61986e-09 -2.30821e-06 1.13556e-04 4.00522e-09 -1.38754e-14 1.67514e-04
2.02368e+01 2.61210e-09 -2.29477e-06 1.13402e-04 3.99353e-09 -1.38495e-14 1.67251e-04
2.02441e+01 2.60458e-09 -2.28134e-06 1.13248e-04 3.98188e-09 -1.38237e-14 1.66990e-04
2.02515e+01 2.59686e-09 -2.26792e-06 1.13094e-04 3.97025e-09 -1.37979e-14 1.66728e-04
2.02588e+01 2.58939e-09 -2.25449e-06 1.12940e-04 3.95866e-09 -1.37722e-14 1.66467e-04
2.02661e+01 2.58171e-09 -2.24108e-06 1.12786e-04 3.94710e-09 -1.37465e-14 1.66206e-04
2.02734e+01 2.57428e-09 -2.22767e-06 1.12633e-04 3.93557e-09 -1.37208e-14 1.65946e-04
2.02808e+01 2.56665e-09 -2.21426e-06 1.12480e-04 3.92407e-09 -1.36952e-14 1.65686e-04
2.02881e+01 2.55926e-09 -2.20086e-06 1.12327e-04 3.91261e-09 -1.36696e-14 1.65426e-04
2.02954e+01 2.55166e-09 -2.18747e-06 1.12175e-04 3.90118e-09 -1.36440e-14 1.65167e-04
2.03027e+01 2.54432e-09 -2.17408e-06 1.12022e-04 3.88978e-09 -1.36185e-14 1.64908e-04
2.03101e+01 2.53677e-09 -2.16069e-06 1.11870e-04 3.87842e-09 -1.35930e-14 1.64650e-04
2.03174e+01 2.52946e-09 -2.14731e-06 1.11718e-04 3.86708e-09 -1.35676e-14 1.64392e-04
2.03247e+01 2.52196e-09 -2.13394e-06 1.11566e-04 3.85578e-09 -1.35421e-14 1.64134e-04
2.03320e+01 2.51469e-09 -2.12057e-06 1.11415e-04 3.84451e-09 -1.35168e-14 1.63877e-04
2.03394e+01 2.50723e-09 -2.10720e-06 1.11264e-04 3.83327e-09 -1.34914e-14 1.63620e-04
2.03467e+01 2.50000e-09 -2.09384e-06 1.11112e-04 3.82206e-09 -1.34661e-14 1.63363e-04
2.03540e+01 2.49258e-09 -2.08049e-06 1.10962e-04 3.81089e-09 -1.34408e-14 1.63107e-04
2.03613e+01 2.48540e-09 -2.06714e-06 1.10811e-04 3.79974e-09 -1.34156e-14 1.62851e-04
2.03687e+01 2.47802e-09 -2.05379e-06 1.10661e-04 3.78863e-09 -1.33904e-14 1.62596e-04
2.03760e+01 2.47088e-09 -2.04045e-06 1.10510e-04 3.77754e-09 -1.33652e-14 1.62341e-04
2.03833e+01 2.46354e-09 -2.02712e-06 1.10360e-04 3.76649e-09 -1.33401e-14 1.62086e-04
2.03906e+01 2.45644e-09 -2.01379e-06 1.10211e-04 3.75547e-09 -1.33150e-14 1.61831e-04
2.03979e+01 2.44914e-09 -2.00046e-06 1.10061e-04 3.74448e-09 -1.32899e-14 1.61577e-04
2.04053e+01 2.44208e-09 -1.98714e-06 1.09912e-04 3.73353e-09 -1.32649e-14 1.61324e-04
2.04126e+01 2.43482e-09 -1.97383e-06 1.09763e-04 3.72260e-09 -1.32399e-14 1.61070e-04
2.04199e+01 2.42780e-09 -1.96052e-06 1.09614e-04 3.71170e-09 -1.32150e-14 1.60818e-04
2.04272e+01 2.42058e-09 -1.94722e-06 1.09465e-04 3.70083e-09 -1.31901e-14 1.60565e-04
2.04346e+01 2.41360e-09 -1.93391e-06 1.09317e-04 3.69000e-09 -1.31652e-14 1.60313e-04
2.04419e+01 2.40642e-09 -1.92062e-06 1.09168e-04 3.67919e-09 -1.31404e-14 1.60061e-04
2.04492e+01 2.39948e-09 -1.90733e-06 1.09020e-04 3.66842e-09 -1.31156e-14 1.59809e-04
2.04565e+01 2.39234e-09 -1.89405e-06 1.08872e-04 3.65767e-09 -1.30908e-14 1.59558e-04
2.04639e+01 2.38544e-09 -1.88077e-06 1.08725e-04 3.64696e-09 -1.30661e-14 1.59308e-04
2.04712e+01 2.37834e-09 -1.86749e-06 1.08577e-04 3.63627e-09 -1.30414e-14 1.59057e-04
2.04785e+01 2.37148e-09 -1.85422e-06 1.08430e-04 3.62561e-09 -1.30167e-14 1.58807e-04
2.04858e+01 2.36442e-09 -1.84096e-06 1.08283e-04 3.61499e-09 -1.29921e-14 1.58557e-04
2.04932e+01 2.35759e-09 -1.82770e-06 1.08136e-04 3.60439e-09 -1.29675e-14 1.58308e-04
2.05005e+01 2.35057e-09 -1.81444e-06 1.07990e-04 3.59383e-09 -1.29430e-14 1.58059e-04
2.05078e+01 2.34379e-09 -1.80119e-06 1.07844e-04 3.58329e-09 -1.29185e-14 1.57810e-04
2.05151e+01 2.33681e-09 -1.78795e-06 1.07697e-04 3.57278e-09 -1.28940e-14 1.57562e-04
2.05225e+01 2.33006e-09 -1.77471e-06 1.07552e-04 3.56230e-09 -1.28695e-14 1.57314e-04
2.05298e+01 2.32312e-09 -1.76147e-06 1.07406e-04 3.55186e-09 -1.28451e-14 1.57067e-04
2.05371e+01 2.31641e-09 -1.74824e-06 1.07260e-04 3.54144e-09 -1.28208e-14 1.56819e-04
2.05444e+01 2.30950e-09 -1.73502e-06 1.07115e-04 3.53105e-09 -1.27964e-14 1.56573e-04
2.05518e+01 2.30283e-09 -1.72180e-06 1.06970e-04 3.52068e-09 -1.27721e-14 1.56326e-04
2.05591e+01 2.29597e-09 -1.70858e-06 1.06825e-04 3.51035e-09 -1.27479e-14 1.56080e-04
2.05664e+01 2.28933e-09 -1.69537e-06 1.06680e-04 3.50005e-09 -1.27237e-14 1.55834e-04
2.05737e+01 2.28251e-09 -1.68217e-06 1.06536e-04 3.48977e-09 -1.26995e-14 1.55589e-04
2.05811e+01 2.27591e-09 -1.66897e-06 1.06392e-04 3.47953e-09 -1.26753e-14 1.55344e-04
2.05884e+01 2.26912e-09 -1.65577e-06 1.06248e-04 3.46931e-09 -1.26512e-14 1.55099e-04
2.05957e+01 2.26256e-09 -1.64258e-06 1.06104e-04 3.45912e-09 -1.26271e-14 1.54854e-04
2.06030e+01 2.25581e-09 -1.62940e-06 1.05960e-04 3.44896e-09 -1.26031e-14 1.54610e-04
2.06104e+01 2.24929e-09 -1.61621e-06 1.05817e-04 3.43883e-09 -1.25791e-14 1.54367e-04
2.06177e+01 2.24258e-09 -1.60304e-06 1.05673e-04 3.42872e-09 -1.25551e-14 1.54123e-04
2.06250e+01 2.23609e-09 -1.58987e-06 1.05530e-04 3.41865e-09 -1.25312e-14 1.53880e-04
2.06323e+01 2.22941e-09 -1.57670e-06 1.05388e-04 3.40860e-09 -1.25073e-14 1.53638e-04
2.06396e+01 2.22296e-09 -1.56354e-06 1.05245e-04 3.39858e-09 -1.24835e-14 1.53395e-04
2.06470e+01 2.21632e-09 -1.55039e-06 1.05103e-04 3.38859e-09 -1.24596e-14 1.53153e-04
2.06543e+01 2.20991e-09 -1.53723e-06 1.04960e-04 3.37862e-09 -1.24359e-14 1.52912e-04
2.06616e+01 2.20331e-09 -1.52409e-06 1.04818e-04 3.36868e-09 -1.24121e-14 1.52670e-04
2.06689e+01 2.19693e-09 -1.51095e-06 1.04677e-04 3.35878e-09 -1.23884e-14 1.52429e-04
2.06763e+01 2.19037e-09 -1.49781e-06 1.04535e-04 3.34889e-09 -1.23647e-14 1.52189e-04
2.06836e+01 2.18402e-09 -1.48468e-06 1.04394e-04 3.33904e-09 -1.23411e-14 1.51948e-04
2.06909e+01 2.17750e-09 -1.47155e-06 1.04252e-04 3.32921e-09 -1.23175e-14 1.51709e-04
2.06982e+01 2.17119e-09 -1.45843e-06 1.04111e-04 3.31941e-09 -1.22939e-14 1.51469e-04
2.07056e+01 2.16470e-09 -1.44531e-06 1.03971e-04 3.30964e-09 -1.22704e-14 1.51230e-04
2.07129e+01 2.15842e-09 -1.43220e-06 1.03830e-04 3.29990e-09 -1.22469e-14 1.50991e-04
2.07202e+01 2.15197e-09 -1.41909e-06 1.03690e-04 3.29018e-09 -1.22235e-14 1.50752e-04
2.07275e+01 2.14573e-09 -1.40599e-06 1.03549e-04 3.28049e-09 -1.22000e-14 1.50514e-04
2.07349e+01 2.13931e-09 -1.39289e-06 1.03409e-04 3.27083e-09 -1.21767e-14 1.50276e-04
2.07422e+01 2.13311e-09 -1.37980e-06 1.03270e-04 3.26119e-09 -1.21533e-14 1.50038e-04
2.07495e+01 2.12672e-09 -1.36671e-06 1.03130e-04 3.25158e-09 -1.21300e-14 1.49801e-04
2.07568e+01 2.12056e-09 -1.35363e-06 1.02991e-04 3.24200e-09 -1.21067e-14 1.49564e-04
2.07642e+01 2.11421e-09 -1.34055e-06 1.02851e-04 3.23244e-09 -1.20835e-14 1.49328e-04
2.07715e+01 2.10808e-09 -1.32748e-06 1.02712e-04 3.22291e-09 -1.20603e-14 1.49091e-04
2.07788e+01 2.10176e-09 -1.31441e-06 1.02574e-04 3.21340e-09 -1.20371e-14 1.48856e-04
2.07861e+01 2.09566e-09 -1.30135e-06 1.02435e-04 3.20393e-09 -1.20140e-14 1.48620e-04
2.07935e+01 2.08938e-09 -1.28829e-06 1.02297e-04 3.19448e-09 -1.19909e-14 1.48385e-04
2.08008e+01 2.08332e-09 -1.27523e-06 1.02158e-04 3.18505e-09 -1.19679e-14 1.48150e-04
2.08081e+01 2.07707e-09 -1.26219e-06 1.02020e-04 3.17565e-09 -1.19448e-14 1.47915e-04
2.08154e+01 2.07104e-09 -1.24914e-06 1.01883e-04 3.16628e-09 -1.19219e-14 1.47681e-04
2.08228e+01 2.06483e-09 -1.23610e-06 1.01745e-04 3.15693e-09 -1.18989e-14 1.47447e-04
2.08301e+01 2.05884e-09 -1.22307e-06 1.01607e-04 3.14761e-09 -1.18760e-14 1.47213e-04
2.08374e+01 2.05266e-09 -1.21004e-06 1.01470e-04 3.13832e-09 -1.18531e-14 1.46980e-04
2.08447e+01 2.04670e-09 -1.19701e-06 1.01333e-04 3.12905e-09 -1.18303e-14 1.46747e-04
2.08521e+01 2.04056e-09 -1.18399e-06 1.01196e-04 3.11980e-09 -1.18075e-14 1.46515e-04
2.08594e+01 2.03463e-09 -1.17098e-06 1.01060e-04 3.11058e-09 -1.17847e-14 1.46282e-04
2.08667e+01 2.02852e-09 -1.15797e-06 1.00923e-04 3.10139e-09 -1.17620e-14 1.46050e-04
2.08740e+01 2.02262e-09 -1.14496e-06 1.00787e-04 3.09222e-09 -1.17393e-14 1.45819e-04
2.08813e+01 2.01655e-09 -1.13196e-06 1.00651e-04 3.08308e-09 -1.17167e-14 1.45588e-04
2.08887e+01 2.01068e-09 -1.11897e-06 1.00515e-04 3.07397e-09 -1.16941e-14 1.45357e-04
2.08960e+01 2.00464e-09 -1.10598e-06 1.00379e-04 3.06487e-09 -1.16715e-14 1.45126e-04
2.09033e+01 1.99881e-09 -1.09299e-06 1.00244e-04 3.05581e-09 -1.16489e-14 1.44896e-04
2.09106e+01 1.99280e-09 -1.08001e-06 1.00108e-04 3.04677e-09 -1.16264e-14 1.44666e-04
2.09180e+01 1.98701e-09 -1.06703e-06 9.99734e-05 3.03775e-09 -1.16039e-14 1.44436e-04
2.09253e+01 1.98103e-09 -1.05406e-06 9.98384e-05 3.02876e-09 -1.15815e-14 1.44206e-04
2.09326e+01 1.97527e-09 -1.04109e-06 9.97037e-05 3.01979e-09 -1.15591e-14 1.43977e-04
2.09399e+01 1.96932e-09 -1.02813e-06 9.95692e-05 3.01085e-09 -1.15367e-14 1.43749e-04
2.09473e+01 1.96359e-09 -1.01517e-06 9.94348e-05 3.00193e-09 -1.15144e-14 1.43520e-04
2.09546e+01 1.95768e-09 -1.00222e-06 9.93006e-05 2.99304e-09 -1.14921e-14 1.43292e-04
2.09619e+01 1.95198e-09 -9.89268e-07 9.91667e-05 2.98417e-09 -1.14699e-14 1.43064e-04
2.09692e+01 1.94610e-09 -9.76326e-07 9.90329e-05 2.97533e-09 -1.14477e-14 1.42837e-04
2.09766e+01 1.94043e-09 -9.63386e-07 9.88993e-05 2.96651e-09 -1.14255e-14 1.42610e-04
2.09839e+01 1.93459e-09 -9.50454e-07 9.87659e-05 2.95772e-09 -1.14033e-14 1.42383e-04
2.09912e+01 1.92895e-09 -9.37523e-07 9.86326e-05 2.94895e-09 -1.13812e-14 1.42157e-04
2.09985e+01 1.92313e-09 -9.24600e-07 9.84996e-05 2.94020e-09 -1.13591e-14 1.41930e-04
2.10059e+01 1.91753e-09 -9.11679e-07 9.83667e-05 2.93148e-09 -1.13371e-14 1.41705e-04
2.10132e+01 1.91175e-09 -8.98765e-07 9.82341e-05 2.92278e-09 -1.13151e-14 1.41479e-04
2.10205e+01 1.90617e-09 -8.85854e-07 9.81016e-05 2.91411e-09 -1.12931e-14 1.41254e-04
2.10278e+01 1.90042e-09 -8.72950e-07 9.79693e-05 2.90546e-09 -1.12712e-14 1.41029e-04
2.10352e+01 1.89488e-09 -8.60048e-07 9.78372e-05 2.89683e-09 -1.12493e-14 1.40804e-04
2.10425e+01 1.88916e-09 -8.47153e-07 9.77053e-05 2.88823e-09 -1.12275e-14 1.40580e-04
2.10498e+01 1.88365e-09 -8.34261e-07 9.75735e-05 2.87965e-09 -1.12056e-14 1.40356e-04
2.10571e+01 1.87796e-09 -8.21376e-07 9.74420e-05 2.87110e-09 -1.11839e-14 1.40132e-04
2.10645e+01 1.87248e-09 -8.08493e-07 9.73106e-05 2.86256e-09 -1.11621e-14 1.39909e-04
2.10718e+01 1.86682e-09 -7.95617e-07 9.71794e-05 2.85406e-09 -1.11404e-14 1.39686e-04
2.10791e+01 1.86137e-09 -7.82744e-07 9.70485e-05 2.84557e-09 -1.11187e-14 1.39463e-04
2.10864e+01 1.85575e-09 -7.69877e-07 9.69176e-05 2.83711e-09 -1.10971e-14 1.39241e-04
2.10938e+01 1.85032e-09 -7.57013e-07 9.67870e-05 2.82867e-09 -1.10755e-14 1.39019e-04
2.11011e+01 1.84473e-09 -7.44156e-07 9.66566e-05 2.82026e-09 -1.10539e-14 1.38797e-04
2.11084e+01 1.83934e-09 -7.31302e-07 9.65263e-05 2.81187e-09 -1.10324e-14 1.38575e-04
2.11157e+01 1.83377e-09 -7.18454e-07 9.63962e-05 2.80350e-09 -1.10109e-14 1.38354e-04
2.11230e+01 1.82841e-09 -7.05609e-07 9.62663e-05 2.79515e-09 -1.09894e-14 1.38133e-04
2.11304e+01 1.82288e-09 -6.92770e-07 9.61366e-05 2.78683e-09 -1.09680e-14 1.37912e-04
2.11377e+01 1.81755e-09 -6.79935e-07 9.60070e-05 2.77853e-09 -1.09466e-14 1.37692e-04
2.11450e+01 1.81205e-09 -6.67106e-07 9.58777e-05 2.77025e-09 -1.09253e-14 1.37472e-04
2.11523e+01 1.80674e-09 -6.54280e-07 9.57485e-05 2.76200e-09 -1.09039e-14 1.37253e-04
2.11597e+01 1.80127e-09 -6.41460e-07 9.56195e-05 2.75377e-09 -1.08827e-14 1.37033e-04
2.11670e+01 1.79600e-09 -6.28643e-07 9.54907e-05 2.74556e-09 -1.08614e-14 1.36814e-04
2.11743e+01 1.79055e-09 -6.15833e-07 9.53621e-05 2.73737e-09 -1.08402e-14 1.36595e-04
2.11816e+01 1.78531e-09 -6.03025e-07 9.52336e-05 2.72921e-09 -1.08190e-14 1.36377e-04
2.11890e+01 1.77990e-09 -5.90224e-07 9.51053e-05 2.72107e-09 -1.07979e-14 1.36159e-04
2.11963e+01 1.77468e-09 -5.77426e-07 9.49772e-05 2.71295e-09 -1.07768e-14 1.35941e-04
2.12036e+01 1.76930e-09 -5.64635e-07 9.48493e-05 2.70485e-09 -1.07557e-14 1.35723e-04
2.12109e+01 1.76411e-09 -5.51846e-07 9.47216e-05 2.69678e-09 -1.07347e-14 1.35506e-04
2.12183e+01 1.75876e-09 -5.39064e-07 9.45940e-05 2.68873e-09 -1.07137e-14 1.35289e-04
2.12256e+01 1.75360e-09 -5.26284e-07 9.44666e-05 2.68070e-09 -1.06927e-14 1.35072e-04
2.12329e+01 1.74828e-09 -5.13511e-07 9.43394e-05 2.67269e-09 -1.06718e-14 1.34856e-04
2.12402e+01 1.74315e-09 -5.00741e-07 9.42124e-05 2.66470e-09 -1.06509e-14 1.34640e-04
2.12476e+01 1.73785e-09 -4.87977e-07 9.40855e-05 2.65674e-09 -1.06301e-14 1.34424e-04
2.12549e+01 1.73275e-09 -4.75216e-07 9.39588e-05 2.64879e-09 -1.06093e-14 1.34209e-04
2.12622e+01 1.72749e-09 -4.62462e-07 9.38323e-05 2.64087e-09 -1.05885e-14 1.33994e-04
2.12695e+01 1.72241e-09 -4.49710e-07 9.37060e-05 2.63297e-09 -1.05677e-14 1.33779e-04
2.12769e+01 1.71718e-09 -4.36965e-07 9.35798e-05 2.62510e-09 -1.05470e-14 1.33564e-04
2.12842e+01 1.71213e-09 -4.24223e-07 9.34539e-05 2.61724e-09 -1.05263e-14 1.33350e-04
2.12915e+01 1.70692e-09 -4.11487e-07 9.33281e-05 2.60941e-09 -1.05057e-14 1.33136e-04
2.12988e+01 1.70191e-09 -3.98754e-07 9.32024e-05 2.60159e-09 -1.04851e-14 1.32922e-04
2.13062e+01 1.69673e-09 -3.86028e-07 9.30770e-05 2.59380e-09 -1.04645e-14 1.32709e-04
2.13135e+01 1.69174e-09 -3.73304e-07 9.29517e-05 2.58603e-09 -1.04440e-14 1.32496e-04
2.13208e+01 1.68659e-09 -3.60587e-07 9.28266e-05 2.57828e-09 -1.04235e-14 1.32283e-04
2.13281e+01 1.68162e-09 -3.47872e-07 9.27017e-05 2.57056e-09 -1.04030e-14 1.32070e-04
2.13354e+01 1.67650e-09 -3.35164e-07 9.25769e-05 2.56285e-09 -1.03826e-14 1.31858e-04
2.13428e+01 1.67157e-09 -3.22459e-07 9.24523e-05 2.55516e-09 -1.03622e-14 1.31646e-04
2.13501e+01 1.66647e-09 -3.09760e-07 9.23279e-05 2.54750e-09 -1.03419e-14 1.31435e-04
2.13574e+01 1.66156e-09 -2.97064e-07 9.22037e-05 2.53986e-09 -1.03215e-14 1.31223e-04
2.13647e+01 1.65649e-09 -2.84374e-07 9.20796e-05 2.53223e-09 -1.03013e-14 1.31012e-04
2.13721e+01 1.65161e-09 -2.71687e-07 9.19557e-05 2.52463e-09 -1.02810e-14 1.30801e-04
2.13794e+01 1.64657e-09 -2.59007e-07 9.18320e-05 2.51705e-09 -1.02608e-14 1.30591e-04
2.13867e+01 1.64172e-09 -2.46329e-07 9.17084e-05 2.50949e-09 -1.02406e-14 1.30381e-04
2.13940e+01 1.63671e-09 -2.33658e-07 9.15850e-05 2.50195e-09 -1.02205e-14 1.30171e-04
2.14014e+01 1.63188e-09 -2.20989e-07 9.14618e-05 2.49443e-09 -1.02003e-14 1.29961e-04
2.14087e+01 1.62689e-09 -2.08327e-07 9.13388e-05 2.48693e-09 -1.01803e-14 1.29752e-04
2.14160e+01 1.62209e-09 -1.95668e-07 9.12159e-05 2.47946e-09 -1.01602e-14 1.29543e-04
2.14233e+01 1.61714e-09 -1.83015e-07 9.10932e-05 2.47200e-09 -1.01402e-14 1.29334e-04
2.14307e+01 1.61236e-09 -1.70365e-07 9.09707e-05 2.46456e-09 -1.01203e-14 1.29126e-04
2.14380e+01 1.60743e-09 -1.57721e-07 9.08483e-05 2.45714e-09 -1.01003e-14 1.28917e-04
2.14453e+01 1.60268e-09 -1.45080e-07 9.07261e-05 2.44975e-09 -1.00804e-14 1.28709e-04
2.14526e+01 1.59778e-09 -1.32445e-07 9.06041e-05 2.44237e-09 -1.00606e-14 1.28502e-04
2.14600e+01 1.59306e-09 -1.19813e-07 9.04822e-05 2.43501e-09 -1.00407e-14 1.28294e-04
2.14673e+01 1.58818e-09 -1.07188e-07 9.03605e-05 2.42768e-09 -1.00209e-14 1.28087e-04
2.14746e+01 1.58348e-09 -9.45648e-08 9.02390e-05 2.42036e-09 -1.00012e-14 1.27881e-04
2.14819e+01 1.57863e-09 -8.19483e-08 9.01176e-05 2.41307e-09 -9.98145e-15 1.27674e-04
2.14893e+01 1.57396e-09 -6.93347e-08 8.99964e-05 2.40579e-09 -9.96175e-15 1.27468e-04
2.14966e+01 1.56914e-09 -5.67273e-08 8.98754e-05 2.39853e-09 -9.94210e-15 1.27262e-04
2.15039e+01 1.56449e-09 -4.41228e-08 8.97546e-05 2.39130e-09 -9.92248e-15 1.27056e-04
2.15112e+01 1.55969e-09 -3.15245e-08 8.96339e-05 2.38408e-09 -9.90289e-15 1.26851e-04
2.15186e+01 1.55508e-09 -1.89290e-08 8.95133e-05 2.37688e-09 -9.88334e-15 1.26646e-04
2.15259e+01 1.55030e-09 -6.33987e-09 8.93930e-05 2.36970e-09 -9.86382e-15 1.26441e-04
2.15332e+01 1.54571e-09 6.24653e-09 8.92728e-05 2.36255e-09 -9.84434e-15 1.26236e-04
2.15405e+01 1.54096e-09 1.88266e-08 8.91527e-05 2.35541e-09 -9.82489e-15 1.26032e-04
2.15479e+01 1.53639e-09 3.14040e-08 8.90329e-05 2.34829e-09 -9.80548e-15 1.25828e-04
2.15552e+01 1.53167e-09 4.39750e-08 8.89132e-05 2.34119e-09 -9.78610e-15 1.25625e-04
2.15625e+01 1.52713e-09 5.65433e-08 8.87936e-05 2.33411e-09 -9.76676e-15 1.25421e-04
2.15698e+01 1.52243e-09 6.91053e-08 8.86743e-05 2.32705e-09 -9.74745e-15 1.25218e-04
2.15771e+01 1.51792e-09 8.16645e-08 8.85551e-05 2.32000e-09 -9.72817e-15 1.25015e-04
2.15845e+01 1.51324e-09 9.42175e-08 8.84360e-05 2.31298e-09 -9.70893e-15 1.24812e-04
2.15918e+01 1.50875e-09 1.06768e-07 8.83171e-05 2.30598e-09 -9.68972e-15 1.24610e-04
2.15991e+01 1.50411e-09 1.19312e-07 8.81984e-05 2.29899e-09 -9.67055e-15 1.24408e-04
2.16064e+01 1.49964e-09 1.31853e-07 8.80799e-05 2.29203e-09 -9.65142e-15 1.24206e-04
2.16138e+01 1.49502e-09 1.44388e-07 8.79615e-05 2.28508e-09 -9.63231e-15 1.24005e-04
2.16211e+01 1.49057e-09 1.56920e-07 8.78432e-05 2.27815e-09 -9.61324e-15 1.23804e-04
2.16284e+01 1.48598e-09 1.69446e-07 8.77252e-05 2.27124e-09 -9.59421e-15 1.23603e-04
2.16357e+01 1.48156e-09 1.81969e-07 8.76073e-05 2.26435e-09 -9.57521e-15 1.23402e-04
2.16431e+01 1.47699e-09 1.94486e-07 8.74895e-05 2.25748e-09 -9.55624e-15 1.23202e-04
2.16504e+01 1.47259e-09 2.07000e-07 8.73719e-05 2.25063e-09 -9.53731e-15 1.23001e-04
2.16577e+01 1.46805e-09 2.19508e-07 8.72545e-05 2.24379e-09 -9.51841e-15 1.22801e-04
2.16650e+01 1.46368e-09 2.32013e-07 8.71372e-05 2.23698e-09 -9.49955e-15 1.22602e-04
2.16724e+01 1.45916e-09 2.44512e-07 8.70201e-05 2.23018e-09 -9.48072e-15 1.22403e-04
2.16797e+01 1.45481e-09 2.57009e-07 8.69032e-05 2.22340e-09 -9.46193e-15 1.22203e-04
2.16870e+01 1.45031e-09 2.69499e-07 8.67864e-05 2.21664e-09 -9.44316e-15 1.22005e-04
2.16943e+01 1.44599e-09 2.81986e-07 8.66698e-05 2.20990e-09 -9.42444e-15 1.21806e-04
2.17017e+01 1.44152e-09 2.94467e-07 8.65533e-05 2.20317e-09 -9.40574e-15 1.21608e-04
2.17090e+01 1.43722e-09 3.06945e-07 8.64370e-05 2.19647e-09 -9.38708e-15 1.21410e-04
2.17163e+01 1.43277e-09 3.19418e-07 8.63208e-05 2.18978e-09 -9.36846e-15 1.21212e-04
2.17236e+01 1.42849e-09 3.31887e-07 8.62048e-05 2.18311e-09 -9.34987e-15 1.21015e-04
2.17310e+01 1.42407e-09 3.44350e-07 8.60890e-05 2.17646e-09 -9.33131e-15 1.20818e-04
2.17383e+01 1.41982e-09 3.56811e-07 8.59733e-05 2.16983e-09 -9.31279e-15 1.20621e-04
2.17456e+01 1.41541e-09 3.69265e-07 8.58578e-05 2.16321e-09 -9.29430e-15 1.20424e-04
2.17529e+01 1.41119e-09 3.81717e-07 8.57424e-05 2.15662e-09 -9.27584e-15 1.20228e-04
2.17603e+01 1.40681e-09 3.94162e-07 8.56272e-05 2.15004e-09 -9.25742e-15 1.20031e-04
2.17676e+01 1.40260e-09 4.06605e-07 8.55122e-05 2.14347e-09 -9.23903e-15 1.19836e-04
2.17749e+01 1.39825e-09 4.19041e-07 8.53973e-05 2.13693e-09 -9.22068e-15 1.19640e-04
2.17822e+01 1.39407e-09 4.31475e-07 8.52826e-05 2.13041e-09 -9.20235e-15 1.19445e-04
2.17896e+01 1.38974e-09 4.43903e-07 8.51680e-05 2.12390e-09 -9.18407e-15 1.19250e-04
2.17969e+01 1.38558e-09 4.56328e-07 8.50536e-05 2.11741e-09 -9.16581e-15 1.19055e-04
2.18042e+01 1.38127e-09 4.68747e-07 8.49393e-05 2.11093e-09 -9.14759e-15 1.18860e-04
2.18115e+01 1.37713e-09 4.81163e-07 8.48252e-05 2.10448e-09 -9.12941e-15 1.18666e-04
2.18188e+01 1.37285e-09 4.93573e-07 8.47112e-05 2.09804e-09 -9.11125e-15 1.18472e-04
2.18262e+01 1.36873e-09 5.05980e-07 8.45974e-05 2.09162e-09 -9.09313e-15 1.18278e-04
2.18335e+01 1.36447e-09 5.18381e-07 8.44838e-05 2.08522e-09 -9.07505e-15 1.18085e-04
2.18408e+01 1.36038e-09 5.30780e-07 8.43703e-05 2.07883e-09 -9.05699e-15 1.17891e-04
2.18481e+01 1.35614e-09 5.43172e-07 8.42569e-05 2.07246e-09 -9.03897e-15 1.17698e-04
2.18555e+01 1.35207e-09 5.55561e-07 8.41437e-05 2.06611e-09 -9.02099e-15 1.17506e-04
2.18628e+01 1.34786e-09 5.67945e-07 8.40307e-05 2.05978e-09 -9.00303e-15 1.17313e-04
2.18701e+01 1.34381e-09 5.80326e-07 8.39178e-05 2.05346e-09 -8.98511e-15 1.17121e-04
2.18774e+01 1.33962e-09 5.92700e-07 8.38051e-05 2.04716e-09 -8.96723e-15 1.16929e-04
2.18848e+01 1.33559e-09 6.05072e-07 8.36925e-05 2.04087e-09 -8.94937e-15 1.16737e-04
2.18921e+01 1.33142e-09 6.17438e-07 8.35801e-05 2.03461e-09 -8.93155e-15 1.16546e-04
2.18994e+01 1.32742e-09 6.29801e-07 8.34678e-05 2.02836e-09 -8.91377e-15 1.16355e-04
2.19067e+01 1.32327e-09 6.42158e-07 8.33557e-05 2.02213e-09 -8.89601e-15 1.16164e-04
2.19141e+01 1.31929e-09 6.54513e-07 8.32437e-05 2.01591e-09 -8.87829e-15 1.15973e-04
2.19214e+01 1.31516e-09 6.66861e-07 8.31319e-05 2.00971e-09 -8.86061e-15 1.15783e-04
2.19287e+01 1.31120e-09 6.79207e-07 8.30202e-05 2.00353e-09 -8.84295e-15 1.15592e-04
2.19360e+01 1.30710e-09 6.91546e-07 8.29087e-05 1.99737e-09 -8.82533e-15 1.15402e-04
2.19434e+01 1.30316e-09 7.03883e-07 8.27973e-05 1.99122e-09 -8.80774e-15 1.15213e-04
2.19507e+01 1.29908e-09 7.16214e-07 8.26861e-05 1.98509e-09 -8.79018e-15 1.15023e-04
2.19580e+01 1.29517e-09 7.28542e-07 8.25751e-05 1.97897e-09 -8.77266e-15 1.14834e-04
2.19653e+01 1.29111e-09 7.40864e-07 8.24641e-05 1.97287e-09 -8.75517e-15 1.14645e-04
2.19727e+01 1.28721e-09 7.53183e-07 8.23534e-05 1.96679e-09 -8.73771e-15 1.14457e-04
2.19800e+01 1.28317e-09 7.65497e-07 8.22427e-05 1.96072e-09 -8.72029e-15 1.14268e-04
2.19873e+01 1.27930e-09 7.77807e-07 8.21323e-05 1.95467e-09 -8.70290e-15 1.14080e-04
2.19946e+01 1.27528e-09 7.90112e-07 8.20220e-05 1.94864e-09 -8.68554e-15 1.13892e-04
2.20020e+01 1.27143e-09 8.02414e-07 8.19118e-05 1.94262e-09 -8.66821e-15 1.13704e-04
2.20093e+01 1.26744e-09 8.14709e-07 8.18018e-05 1.93662e-09 -8.65092e-15 1.13517e-04
2.20166e+01 1.26360e-09 8.27003e-07 8.16919e-05 1.93064e-09 -8.63366e-15 1.13330e-04
2.20239e+01 1.25963e-09 8.39290e-07 8.15822e-05 1.92467e-09 -8.61643e-15 1.13143e-04
2.20312e+01 1.25582e-09 8.51574e-07 8.14726e-05 1.91872e-09 -8.59923e-15 1.12956e-04
2.20386e+01 1.25187e-09 8.63853e-07 8.13632e-05 1.91278e-09 -8.58207e-15 1.12770e-04
2.20459e+01 1.24808e-09 8.76128e-07 8.12539e-05 1.90686e-09 -8.56494e-15 1.12584e-04
2.20532e+01 1.24415e-09 8.88398e-07 8.11447e-05 1.90096e-09 -8.54784e-15 1.12398e-04
2.20605e+01 1.24038e-09 9.00665e-07 8.10357e-05 1.89507e-09 -8.53077e-15 1.12212e-04
2.20679e+01 1.23647e-09 9.12927e-07 8.09269e-05 1.88920e-09 -8.51374e-15 1.12027e-04
2.20752e+01 1.23272e-09 9.25185e-07 8.08182e-05 1.88334e-09 -8.49674e-15 1.11842e-04
2.20825e+01 1.22883e-09 9.37437e-07 8.07096e-05 1.87750e-09 -8.47977e-15 1.11657e-04
2.20898e+01 1.22510e-09 9.49687e-07 8.06012e-05 1.87167e-09 -8.46283e-15 1.11472e-04
2.20972e+01 1.22123e-09 9.61931e-07 8.04930e-05 1.86586e-09 -8.44593e-15 1.11288e-04
2.21045e+01 1.21752e-09 9.74172e-07 8.03849e-05 1.86007e-09 -8.42905e-15 1.11103e-04
2.21118e+01 1.21368e-09 9.86407e-07 8.02769e-05 1.85429e-09 -8.41221e-15 1.10919e-04
2.21191e+01 1.20999e-09 9.98640e-07 8.01691e-05 1.84853e-09 -8.39541e-15 1.10736e-04
2.21265e+01 1.20616e-09 1.01087e-06 8.00614e-05 1.84278e-09 -8.37863e-15 1.10552e-04
2.21338e+01 1.20249e-09 1.02309e-06 7.99538e-05 1.83705e-09 -8.36189e-15 1.10369e-04
2.21411e+01 1.19869e-09 1.03531e-06 7.98464e-05 1.83133e-09 -8.34517e-15 1.10186e-04
2.21484e+01 1.19504e-09 1.04752e-06 7.97392e-05 1.82563e-09 -8.32849e-15 1.10003e-04
2.21558e+01 1.19125e-09 1.05973e-06 7.96321e-05 1.81995e-09 -8.31185e-15 1.09821e-04
2.21631e+01 1.18762e-09 1.07194e-06 7.95251e-05 1.81427e-09 -8.29523e-15 1.09639e-04
2.21704e+01 1.18386e-09 1.08414e-06 7.94183e-05 1.80862e-09 -8.27864e-15 1.09457e-04
2.21777e+01 1.18025e-09 1.09634e-06 7.93116e-05 1.80298e-09 -8.26209e-15 1.09275e-04
2.21851e+01 1.17651e-09 1.10853e-06 7.92051e-05 1.79735e-09 -8.24557e-15 1.09093e-04
2.21924e+01 1.17292e-09 1.12072e-06 7.90987e-05 1.79175e-09 -8.22908e-15 1.08912e-04
2.21997e+01 1.16919e-09 1.13290e-06 7.89924e-05 1.78615e-09 -8.21263e-15 1.08731e-04
2.22070e+01 1.16562e-09 1.14508e-06 7.88863e-05 1.78057e-09 -8.19620e-15 1.08550e-04
2.22144e+01 1.16191e-09 1.15726e-06 7.87803e-05 1.77501e-09 -8.17981e-15 1.08370e-04
2.22217e+01 1.15836e-09 1.16943e-06 7.86745e-05 1.76946e-09 -8.16344e-15 1.08189e-04
2.22290e+01 1.15468e-09 1.18160e-06 7.85688e-05 1.76392e-09 -8.14711e-15 1.08009e-04
2.22363e+01 1.15115e-09 1.19376e-06 7.84633e-05 1.75840e-09 -8.13081e-15 1.07829e-04
2.22437e+01 1.14748e-09 1.20592e-06 7.83579e-05 1.75290e-09 -8.11455e-15 1.07650e-04
2.22510e+01 1.14397e-09 1.21808e-06 7.82526e-05 1.74741e-09 -8.09831e-15 1.07470e-04
2.22583e+01 1.14032e-09 1.23023e-06 7.81475e-05 1.74193e-09 -8.08211e-15 1.07291e-04
2.22656e+01 1.13683e-09 1.24237e-06 7.80425e-05 1.73647e-09 -8.06593e-15 1.07112e-04
2.22729e+01 1.13320e-09 1.25451e-06 7.79377e-05 1.73102e-09 -8.04979e-15 1.06933e-04
2.22803e+01 1.12973e-09 1.26665e-06 7.78330e-05 1.72559e-09 -8.03368e-15 1.06755e-04
2.22876e+01 1.12612e-09 1.27878e-06 7.77284e-05 1.72018e-09 -8.01760e-15 1.06577e-04
2.22949e+01 1.12266e-09 1.29091e-06 7.76240e-05 1.71477e-09 -8.00155e-15 1.06399e-04
2.23022e+01 1.11908e-09 1.30304e-06 7.75197e-05 1.70939e-09 -7.98554e-15 1.06221e-04
2.23096e+01 1.11564e-09 1.31516e-06 7.74155e-05 1.70401e-09 -7.96955e-15 1.06044e-04
2.23169e+01 1.11207e-09 1.32727e-06 7.73115e-05 1.69865e-09 -7.95360e-15 1.05866e-04
2.23242e+01 1.10865e-09 1.33939e-06 7.72076e-05 1.69331e-09 -7.93767e-15 1.05689e-04
2.23315e+01 1.10510e-09 1.35149e-06 7.71039e-05 1.68798e-09 -7.92178e-15 1.05512e-04
2.23389e+01 1.10170e-09 1.36360e-06 7.70003e-05 1.68266e-09 -7.90592e-15 1.05336e-04
2.23462e+01 1.09817e-09 1.37570e-06 7.68969e-05 1.67736e-09 -7.89009e-15 1.05159e-04
2.23535e+01 1.09479e-09 1.38779e-06 7.67935e-05 1.67207e-09 -7.87429e-15 1.04983e-04
2.23608e+01 1.09128e-09 1.39988e-06 7.66903e-05 1.66680e-09 -7.85852e-15 1.04807e-04
2.23682e+01 1.08791e-09 1.41197e-06 7.65873e-05 1.66154e-09 -7.84279e-15 1.04632e-04
2.23755e+01 1.08442e-09 1.42405e-06 7.64844e-05 1.65629e-09 -7.82708e-15 1.04456e-04
2.23828e+01 1.08107e-09 1.43613e-06 7.63816e-05 1.65106e-09 -7.81140e-15 1.04281e-04
2.23901e+01 1.07760e-09 1.44820e-06 7.62790e-05 1.64585e-09 -7.79576e-15 1.04106e-04
2.23975e+01 1.07427e-09 1.46027e-06 7.61765e-05 1.64064e-09 -7.78015e-15 1.03931e-04
2.24048e+01 1.07082e-09 1.47234e-06 7.60741e-05 1.63545e-09 -7.76456e-15 1.03757e-04
2.24121e+01 1.06751e-09 1.48440e-06 7.59719e-05 1.63028e-09 -7.74901e-15 1.03583e-04
2.24194e+01 1.06407e-09 1.49646e-06 7.58698e-05 1.62512e-09 -7.73349e-15 1.03409e-04
2.24268e+01 1.06078e-09 1.50851e-06 7.57678e-05 1.61997e-09 -7.71800e-15 1.03235e-04
2.24341e+01 1.05736e-09 1.52056e-06 7.56660e-05 1.61483e-09 -7.70254e-15 1.03061e-04
2.24414e+01 1.05408e-09 1.53260e-06 7.55643e-05 1.60971e-09 -7.68710e-15 1.02888e-04
2.24487e+01 1.05068e-09 1.54464e-06 7.54627e-05 1.60461e-09 -7.67170e-15 1.02715e-04
2.24561e+01 1.04743e-09 1.55668e-06 7.53613e-05 1.59952e-09 -7.65634e-15 1.02542e-04
2.24634e+01 1.04404e-09 1.56871e-06 7.52600e-05 1.59444e-09 -7.64100e-15 1.02369e-04
2.24707e+01 1.04081e-09 1.58074e-06 7.51589e-05 1.58937e-09 -7.62569e-15 1.02196e-04
2.24780e+01 1.03744e-09 1.59276e-06 7.50578e-05 1.58432e-09 -7.61041e-15 1.02024e-04
2.24854e+01 1.03422e-09 1.60478e-06 7.49569e-05 1.57928e-09 -7.59516e-15 1.01852e-04
2.24927e+01 1.03087e-09 1.61680e-06 7.48562e-05 1.57425e-09 -7.57994e-15 1.01680e-04
2.25000e+01 1.02767e-09 1.62881e-06 7.47556e-05 1.56924e-09 -7.56476e-15 1.01509e-04
2.25073e+01 1.02434e-09 1.64081e-06 7.46551e-05 1.56424e-09 -7.54960e-15 1.01337e-04
2.25146e+01 1.02115e-09 1.65282e-06 7.45547e-05 1.55926e-09 -7.53447e-15 1.01166e-04
2.25220e+01 1.01784e-09 1.66481e-06 7.44545e-05 1.55429e-09 -7.51938e-15 1.00995e-04
2.25293e+01 1.01467e-09 1.67681e-06 7.43544e-05 1.54933e-09 -7.50431e-15 1.00825e-04
2.25366e+01 1.01138e-09 1.68880e-06 7.42544e-05 1.54438e-09 -7.48927e-15 1.00654e-04
2.25439e+01 1.00823e-09 1.70079e-06 7.41546e-05 1.53945e-09 -7.47426e-15 1.00484e-04
2.25513e+01 1.00495e-09 1.71277e-06 7.40549e-05 1.53453e-09 -7.45929e-15 1.00314e-04
2.25586e+01 1.00181e-09 1.72475e-06 7.39553e-05 1.52963e-09 -7.44434e-15 1.00144e-04
2.25659e+01 9.98554e-10 1.73672e-06 7.38559e-05 1.52474e-09 -7.42942e-15 9.99746e-05
2.25732e+01 9.95436e-10 1.74869e-06 7.37566e-05 1.51986e-09 -7.41454e-15 9.98052e-05
2.25806e+01 9.92194e-10 1.76065e-06 7.36574e-05 1.51499e-09 -7.39968e-15 9.96361e-05
2.25879e+01 9.89092e-10 1.77261e-06 7.35584e-05 1.51014e-09 -7.38485e-15 9.94672e-05
2.25952e+01 9.85868e-10 1.78457e-06 7.34595e-05 1.50530e-09 -7.37005e-15 9.92985e-05
2.26025e+01 9.82783e-10 1.79652e-06 7.33607e-05 1.50047e-09 -7.35529e-15 9.91300e-05
2.26099e+01 9.79575e-10 1.80847e-06 7.32620e-05 1.49566e-09 -7.34055e-15 9.89617e-05
2.26172e+01 9.76507e-10 1.82042e-06 7.31635e-05 1.49085e-09 -7.32584e-15 9.87937e-05
2.26245e+01 9.73316e-10 1.83236e-06 7.30651e-05 1.48606e-09 -7.31116e-15 9.86258e-05
2.26318e+01 9.70265e-10 1.84429e-06 7.29668e-05 1.48129e-09 -7.29651e-15 9.84582e-05
2.26392e+01 9.67091e-10 1.85622e-06 7.28687e-05 1.47653e-09 -7.28189e-15 9.82908e-05
2.26465e+01 9.64056e-10 1.86815e-06 7.27707e-05 1.47177e-09 -7.26730e-15 9.81236e-05
2.26538e+01 9.60899e-10 1.88008e-06 7.26728e-05 1.46704e-09 -7.25274e-15 9.79567e-05
2.26611e+01 9.57880e-10 1.89200e-06 7.25750e-05 1.46231e-09 -7.23820e-15 9.77899e-05
2.26685e+01 9.54740e-10 1.90391e-06 7.24774e-05 1.45760e-09 -7.22370e-15 9.76234e-05
2.26758e+01 9.51737e-10 1.91582e-06 7.23799e-05 1.45290e-09 -7.20923e-15 9.74571e-05
2.26831e+01 9.48613e-10 1.92773e-06 7.22825e-05 1.44821e-09 -7.19478e-15 9.72910e-05
2.26904e+01 9.45627e-10 1.93963e-06 7.21853e-05 1.44354e-09 -7.18037e-15 9.71251e-05
2.26978e+01 9.42520e-10 1.95153e-06 7.20882e-05 1.43887e-09 -7.16598e-15 9.69594e-05
2.27051e+01 9.39549e-10 1.96343e-06 7.19912e-05 1.43422e-09 -7.15163e-15 9.67939e-05
2.27124e+01 9.36459e-10 1.97532e-06 7.18943e-05 1.42958e-09 -7.13730e-15 9.66287e-05
2.27197e+01 9.33504e-10 1.98721e-06 7.17976e-05 1.42496e-09 -7.12300e-15 9.64636e-05
2.27271e+01 9.30430e-10 1.99909e-06 7.17010e-05 1.42035e-09 -7.10873e-15 9.62988e-05
2.27344e+01 9.27491e-10 2.01097e-06 7.16045e-05 1.41574e-09 -7.09449e-15 9.61342e-05
2.27417e+01 9.24434e-10 2.02284e-06 7.15082e-05 1.41116e-09 -7.08028e-15 9.59698e-05
2.27490e+01 9.21511e-10 2.03471e-06 7.14119e-05 1.40658e-09 -7.06610e-15 9.58056e-05
2.27563e+01 9.18469e-10 2.04658e-06 7.13158e-05 1.40202e-09 -7.05195e-15 9.56416e-05
2.27637e+01 9.15562e-10 2.05844e-06 7.12198e-05 1.39746e-09 -7.03782e-15 9.54779e-05
2.27710e+01 9.12536e-10 2.07030e-06 7.11240e-05 1.39292e-09 -7.02373e-15 9.53143e-05
2.27783e+01 9.09645e-10 2.08215e-06 7.10283e-05 1.38840e-09 -7.00966e-15 9.51510e-05
2.27856e+01 9.06635e-10 2.09400e-06 7.09326e-05 1.38388e-09 -6.99562e-15 9.49878e-05
2.27930e+01 9.03759e-10 2.10585e-06 7.08372e-05 1.37938e-09 -6.98161e-15 9.48249e-05
2.28003e+01 9.00765e-10 2.11769e-06 7.07418e-05 1.37488e-09 -6.96763e-15 9.46622e-05
2.28076e+01 8.97905e-10 2.12953e-06 7.06466e-05 1.37040e-09 -6.95368e-15 9.44997e-05
2.28149e+01 8.94927e-10 2.14136e-06 7.05515e-05 1.36594e-09 -6.93975e-15 9.43374e-05
2.28223e+01 8.92082e-10 2.15319e-06 7.04565e-05 1.36148e-09 -6.92586e-15 9.41753e-05
2.28296e+01 8.89120e-10 2.16502e-06 7.03616e-05 1.35704e-09 -6.91199e-15 9.40134e-05
2.28369e+01 8.86290e-10 2.17684e-06 7.02669e-05 1.35260e-09 -6.89816e-15 9.38518e-05
2.28442e+01 8.83343e-10 2.18865e-06 7.01723e-05 1.34818e-09 -6.88435e-15 9.36903e-05
2.28516e+01 8.80529e-10 2.20047e-06 7.00778e-05 1.34377e-09 -6.87056e-15 9.35290e-05
2.28589e+01 8.77598e-10 2.21228e-06 6.99834e-05 1.33938e-09 -6.85681e-15 9.33680e-05
2.28662e+01 8.74798e-10 2.22408e-06 6.98892e-05 1.33499e-09 -6.84309e-15 9.32071e-05
2.28735e+01 8.71883e-10 2.23588e-06 6.97951e-05 1.33062e-09 -6.82939e-15 9.30465e-05
2.28809e+01 8.69098e-10 2.24768e-06 6.97011e-05 1.32626e-09 -6.81572e-15 9.28861e-05
2.28882e+01 8.66198e-10 2.25947e-06 6.96072e-05 1.32191e-09 -6.80208e-15 9.27258e-05
2.28955e+01 8.63428e-10 2.27126e-06 6.95134e-05 1.31757e-09 -6.78847e-15 9.25658e-05
2.29028e+01 8.60544e-10 2.28305e-06 6.94198e-05 1.31324e-09 -6.77489e-15 9.24060e-05
2.29102e+01 8.57789e-10 2.29483e-06 6.93263e-05 1.30892e-09 -6.76133e-15 9.22464e-05
2.29175e+01 8.54919e-10 2.30660e-06 6.92329e-05 1.30462e-09 -6.74781e-15 9.20869e-05
2.29248e+01 8.52179e-10 2.31838e-06 6.91396e-05 1.30033e-09 -6.73431e-15 9.19277e-05
2.29321e+01 8.49325e-10 2.33015e-06 6.90465e-05 1.29604e-09 -6.72084e-15 9.17687e-05
2.29395e+01 8.46600e-10 2.34191e-06 6.89534e-05 1.29177e-09 -6.70739e-15 9.16099e-05
2.29468e+01 8.43760e-10 2.35367e-06 6.88605e-05 1.28752e-09 -6.69398e-15 9.14513e-05
2.29541e+01 8.41050e-10 2.36543e-06 6.87677e-05 1.28327e-09 -6.68059e-15 9.12929e-05
2.29614e+01 8.38225e-10 2.37718e-06 6.86751e-05 1.27903e-09 -6.66723e-15 9.11347e-05
2.29688e+01 8.35529e-10 2.38893e-06 6.85825e-05 1.27481e-09 -6.65390e-15 9.09767e-05
2.29761e+01 8.32720e-10 2.40067e-06 6.84901e-05 1.27059e-09 -6.64059e-15 9.08189e-05
2.29834e+01 8.30038e-10 2.41242e-06 6.83978e-05 1.26639e-09 -6.62732e-15 9.06614e-05
2.29907e+01 8.27243e-10 2.42415e-06 6.83056e-05 1.26220e-09 -6.61407e-15 9.05040e-05
2.29980e+01 8.24576e-10 2.43589e-06 6.82135e-05 1.25802e-09 -6.60085e-15 9.03468e-05
2.30054e+01 8.21796e-10 2.44761e-06 6.81216e-05 1.25385e-09 -6.58765e-15 9.01898e-05
2.30127e+01 8.19143e-10 2.45934e-06 6.80297e-05 1.24969e-09 -6.57449e-15 9.00330e-05
2.30200e+01 8.16378e-10 2.47106e-06 6.79380e-05 1.24554e-09 -6.56135e-15 8.98764e-05
2.30273e+01 8.13739e-10 2.48278e-06 6.78464e-05 1.24141e-09 -6.54824e-15 8.97200e-05
2.30347e+01 8.10988e-10 2.49449e-06 6.77549e-05 1.23728e-09 -6.53515e-15 8.95638e-05
2.30420e+01 8.08363e-10 2.50620e-06 6.76636e-05 1.23317e-09 -6.52210e-15 8.94078e-05
2.30493e+01 8.05627e-10 2.51790e-06 6.75723e-05 1.22907e-09 -6.50907e-15 8.92520e-05
2.30566e+01 8.03017e-10 2.52960e-06 6.74812e-05 1.22497e-09 -6.49607e-15 8.90964e-05
2.30640e+01 8.00295e-10 2.54130e-06 6.73902e-05 1.22089e-09 -6.48309e-15 8.89410e-05
2.30713e+01 7.97698e-10 2.55299e-06 6.72993e-05 1.21682e-09 -6.47014e-15 8.87858e-05
2.30786e+01 7.94991e-10 2.56468e-06 6.72085e-05 1.21276e-09 -6.45722e-15 8.86308e-05
2.30859e+01 7.92408e-10 2.57637e-06 6.71179e-05 1.20871e-09 -6.44433e-15 8.84760e-05
2.30933e+01 7.89715e-10 2.58805e-06 6.70273e-05 1.20467e-09 -6.43147e-15 8.83214e-05
2.31006e+01 7.87146e-10 2.59972e-06 6.69369e-05 1.20065e-09 -6.41863e-15 8.81670e-05
2.31079e+01 7.84467e-10 2.61139e-06 6.68466e-05 1.19663e-09 -6.40582e-15 8.80128e-05
2.31152e+01 7.81912e-10 2.62306e-06 6.67564e-05 1.19262e-09 -6.39303e-15 8.78587e-05
2.31226e+01 7.79247e-10 2.63473e-06 6.66663e-05 1.18863e-09 -6.38027e-15 8.77049e-05
2.31299e+01 7.76705e-10 2.64639e-06 6.65764e-05 1.18464e-09 -6.36754e-15 8.75513e-05
2.31372e+01 7.74054e-10 2.65805e-06 6.64865e-05 1.18067e-09 -6.35484e-15 8.73978e-05
2.31445e+01 7.71526e-10 2.66970e-06 6.63968e-05 1.17670e-09 -6.34216e-15 8.72446e-05
2.31519e+01 7.68890e-10 2.68135e-06 6.63072e-05 1.17275e-09 -6.32951e-15 8.70915e-05
2.31592e+01 7.66375e-10 2.69299e-06 6.62177e-05 1.16881e-09 -6.31689e-15 8.69387e-05
2.31665e+01 7.63752e-10 2.70463e-06 6.61283e-05 1.16487e-09 -6.30429e-15 8.67860e-05
2.31738e+01 7.61251e-10 2.71627e-06 6.60391e-05 1.16095e-09 -6.29172e-15 8.66335e-05
2.31812e+01 7.58642e-10 2.72790e-06 6.59499e-05 1.15704e-09 -6.27918e-15 8.64812e-05
2.31885e+01 7.56154e-10 2.73953e-06 6.58609e-05 1.15314e-09 -6.26667e-15 8.63292e-05
2.31958e+01 7.53559e-10 2.75116e-06 6.57719e-05 1.14925e-09 -6.25418e-15 8.61773e-05
2.32031e+01 7.51084e-10 2.76278e-06 6.56831e-05 1.14537e-09 -6.24171e-15 8.60256e-05
2.32104e+01 7.48502e-10 2.77440e-06 6.55944e-05 1.14149e-09 -6.22928e-15 8.58740e-05
2.32178e+01 7.46041e-10 2.78601e-06 6.55058e-05 1.13763e-09 -6.21686e-15 8.57227e-05
2.32251e+01 7.43473e-10 2.79762e-06 6.54174e-05 1.13378e-09 -6.20448e-15 8.55716e-05
2.32324e+01 7.41025e-10 2.80923e-06 6.53290e-05 1.12994e-09 -6.19212e-15 8.54206e-05
2.32397e+01 7.38470e-10 2.82083e-06 6.52408e-05 1.12611e-09 -6.17979e-15 8.52699e-05
2.32471e+01 7.36035e-10 2.83243e-06 6.51527e-05 1.12230e-09 -6.16749e-15 8.51193e-05
2.32544e+01 7.33494e-10 2.84402e-06 6.50646e-05 1.11849e-09 -6.15521e-15 8.49690e-05
2.32617e+01 7.31072e-10 2.85561e-06 6.49767e-05 1.11469e-09 -6.14296e-15 8.48188e-05
2.32690e+01 7.28544e-10 2.86719e-06 6.48889e-05 1.11090e-09 -6.13073e-15 8.46688e-05
2.32764e+01 7.26135e-10 2.87878e-06 6.48013e-05 1.10712e-09 -6.11853e-15 8.45190e-05
2.32837e+01 7.23620e-10 2.89035e-06 6.47137e-05 1.10335e-09 -6.10636e-15 8.43694e-05
2.32910e+01 7.21224e-10 2.90193e-06 6.46262e-05 1.09959e-09 -6.09421e-15 8.42199e-05
2.32983e+01 7.18723e-10 2.91350e-06 6.45389e-05 1.09584e-09 -6.08209e-15 8.40707e-05
2.33057e+01 7.16339e-10 2.92507e-06 6.44517e-05 1.09210e-09 -6.06999e-15 8.39216e-05
2.33130e+01 7.13851e-10 2.93663e-06 6.43645e-05 1.08837e-09 -6.05792e-15 8.37728e-05
2.33203e+01 7.11480e-10 2.94819e-06 6.42775e-05 1.08465e-09 -6.04588e-15 8.36241e-05
2.33276e+01 7.09005e-10 2.95974e-06 6.41906e-05 1.08094e-09 -6.03386e-15 8.34756e-05
2.33350e+01 7.06647e-10 2.97129e-06 6.41038e-05 1.07724e-09 -6.02187e-15 8.33273e-05
2.33423e+01 7.04185e-10 2.98284e-06 6.40172e-05 1.07355e-09 -6.00990e-15 8.31792e-05
2.33496e+01 7.01839e-10 2.99438e-06 6.39306e-05 1.06987e-09 -5.99796e-15 8.30313e-05
2.33569e+01 6.99390e-10 3.00592e-06 6.38441e-05 1.06620e-09 -5.98605e-15 8.28835e-05
2.33643e+01 6.97057e-10 3.01746e-06 6.37578e-05 1.06254e-09 -5.97416e-15 8.27359e-05
2.33716e+01 6.94621e-10 3.02899e-06 6.36715e-05 1.05889e-09 -5.96230e-15 8.25886e-05
2.33789e+01 6.92300e-10 3.04051e-06 6.35854e-05 1.05524e-09 -5.95046e-15 8.24414e-05
2.33862e+01 6.89877e-10 3.05204e-06 6.34994e-05 1.05161e-09 -5.93865e-15 8.22944e-05
2.33936e+01 6.87568e-10 3.06356e-06 6.34135e-05 1.04799e-09 -5.92686e-15 8.21475e-05
2.34009e+01 6.85158e-10 3.07507e-06 6.33277e-05 1.04438e-09 -5.91510e-15 8.20009e-05
2.34082e+01 6.82862e-10 3.08659e-06 6.32420e-05 1.04077e-09 -5.90336e-15 8.18544e-05
2.34155e+01 6.80464e-10 3.09809e-06 6.31564e-05 1.03718e-09 -5.89165e-15 8.17082e-05
2.34229e+01 6.78180e-10 3.10960e-06 6.30710e-05 1.03360e-09 -5.87997e-15 8.15621e-05
2.34302e+01 6.75794e-10 3.12110e-06 6.29856e-05 1.03002e-09 -5.86831e-15 8.14162e-05
2.34375e+01 6.73523e-10 3.13259e-06 6.29003e-05 1.02645e-09 -5.85668e-15 8.12704e-05
2.34448e+01 6.71150e-10 3.14409e-06 6.28152e-05 1.02290e-09 -5.84507e-15 8.11249e-05
2.34521e+01 6.68890e-10 3.15558e-06 6.27302e-05 1.01935e-09 -5.83348e-15 8.09795e-05
2.34595e+01 6.66530e-10 3.16706e-06 6.26452e-05 1.01581e-09 -5.82193e-15 8.08343e-05
2.34668e+01 6.64282e-10 3.17854e-06 6.25604e-05 1.01229e-09 -5.81039e-15 8.06893e-05
2.34741e+01 6.61934e-10 3.19002e-06 6.24757e-05 1.00877e-09 -5.79889e-15 8.05445e-05
2.34814e+01 6.59699e-10 3.20149e-06 6.23911e-05 1.00526e-09 -5.78740e-15 8.03999e-05
2.34888e+01 6.57363e-10 3.21296e-06 6.23066e-05 1.00176e-09 -5.77595e-15 8.02554e-05
2.34961e+01 6.55139e-10 3.22443e-06 6.22222e-05 9.98268e-10 -5.76451e-15 8.01112e-05
2.35034e+01 6.52816e-10 3.23589e-06 6.21379e-05 9.94787e-10 -5.75310e-15 7.99671e-05
2.35107e+01 6.50604e-10 3.24734e-06 6.20537e-05 9.91314e-10 -5.74172e-15 7.98231e-05
2.35181e+01 6.48293e-10 3.25880e-06 6.19696e-05 9.87851e-10 -5.73036e-15 7.96794e-05
2.35254e+01 6.46093e-10 3.27025e-06 6.18857e-05 9.84397e-10 -5.71903e-15 7.95358e-05
2.35327e+01 6.43793e-10 3.28169e-06 6.18018e-05 9.80952e-10 -5.70772e-15 7.93925e-05
2.35400e+01 6.41605e-10 3.29314e-06 6.17181e-05 9.77516e-10 -5.69644e-15 7.92493e-05
2.35474e+01 6.39318e-10 3.30458e-06 6.16344e-05 9.74089e-10 -5.68518e-15 7.91062e-05
2.35547e+01 6.37141e-10 3.31601e-06 6.15509e-05 9.70671e-10 -5.67395e-15 7.89634e-05
2.35620e+01 6.34866e-10 3.32744e-06 6.14674e-05 9.67262e-10 -5.66274e-15 7.88207e-05
2.35693e+01 6.32701e-10 3.33887e-06 6.13841e-05 9.63863e-10 -5.65155e-15 7.86782e-05
2.35767e+01 6.30438e-10 3.35029e-06 6.13009e-05 9.60472e-10 -5.64039e-15 7.85359e-05
2.35840e+01 6.28284e-10 3.36171e-06 6.12178e-05 9.57090e-10 -5.62926e-15 7.83938e-05
2.35913e+01 6.26033e-10 3.37313e-06 6.11347e-05 9.53717e-10 -5.61815e-15 7.82518e-05
2.35986e+01 6.23891e-10 3.38454e-06 6.10518e-05 9.50353e-10 -5.60706e-15 7.81100e-05
2.36060e+01 6.21651e-10 3.39595e-06 6.09690e-05 9.46998e-10 -5.59600e-15 7.79684e-05
2.36133e+01 6.19521e-10 3.40735e-06 6.08863e-05 9.43652e-10 -5.58496e-15 7.78270e-05
2.36206e+01 6.17293e-10 3.41875e-06 6.08037e-05 9.40314e-10 -5.57395e-15 7.76857e-05
2.36279e+01 6.15173e-10 3.43015e-06 6.07212e-05 9.36985e-10 -5.56296e-15 7.75446e-05
2.36353e+01 6.12957e-10 3.44154e-06 6.06388e-05 9.33666e-10 -5.55200e-15 7.74037e-05
2.36426e+01 6.10849e-10 3.45293e-06 6.05566e-05 9.30354e-10 -5.54106e-15 7.72630e-05
2.36499e+01 6.08645e-10 3.46431e-06 6.04744e-05 9.27052e-10 -5.53014e-15 7.71224e-05
2.36572e+01 6.06548e-10 3.47570e-06 6.03923e-05 9.23758e-10 -5.51925e-15 7.69820e-05
2.36646e+01 6.04355e-10 3.48707e-06 6.03103e-05 9.20473e-10 -5.50838e-15 7.68418e-05
2.36719e+01 6.02269e-10 3.49845e-06 6.02284e-05 9.17197e-10 -5.49754e-15 7.67018e-05
2.36792e+01 6.00087e-10 3.50982e-06 6.01467e-05 9.13929e-10 -5.48672e-15 7.65619e-05
2.36865e+01 5.98013e-10 3.52118e-06 6.00650e-05 9.10670e-10 -5.47592e-15 7.64222e-05
2.36938e+01 5.95843e-10 3.53254e-06 5.99834e-05 9.07420e-10 -5.46515e-15 7.62827e-05
2.37012e+01 5.93779e-10 3.54390e-06 5.99020e-05 9.04178e-10 -5.45441e-15 7.61434e-05
2.37085e+01 5.91620e-10 3.55526e-06 5.98206e-05 9.00944e-10 -5.44368e-15 7.60042e-05
2.37158e+01 5.89568e-10 3.56661e-06 5.97394e-05 8.97720e-10 -5.43298e-15 7.58652e-05
2.37231e+01 5.87420e-10 3.57796e-06 5.96582e-05 8.94503e-10 -5.42231e-15 7.57263e-05
2.37305e+01 5.85378e-10 3.58930e-06 5.95772e-05 8.91295e-10 -5.41166e-15 7.55877e-05
2.37378e+01 5.83242e-10 3.60064e-06 5.94962e-05 8.88096e-10 -5.40103e-15 7.54492e-05
2.37451e+01 5.81211e-10 3.61198e-06 5.94154e-05 8.84905e-10 -5.39042e-15 7.53109e-05
2.37524e+01 5.79086e-10 3.62331e-06 5.93346e-05 8.81722e-10 -5.37984e-15 7.51727e-05
2.37598e+01 5.77066e-10 3.63464e-06 5.92540e-05 8.78548e-10 -5.36929e-15 7.50347e-05
2.37671e+01 5.74952e-10 3.64596e-06 5.91734e-05 8.75382e-10 -5.35875e-15 7.48969e-05
2.37744e+01 5.72943e-10 3.65728e-06 5.90930e-05 8.72225e-10 -5.34824e-15 7.47593e-05
2.37817e+01 5.70840e-10 3.66860e-06 5.90126e-05 8.69076e-10 -5.33776e-15 7.46218e-05
2.37891e+01 5.68842e-10 3.67991e-06 5.89324e-05 8.65935e-10 -5.32729e-15 7.44845e-05
2.37964e+01 5.66750e-10 3.69122e-06 5.88523e-05 8.62802e-10 -5.31686e-15 7.43474e-05
2.38037e+01 5.64762e-10 3.70253e-06 5.87722e-05 8.59678e-10 -5.30644e-15 7.42104e-05
2.38110e+01 5.62681e-10 3.71383e-06 5.86923e-05 8.56562e-10 -5.29605e-15 7.40736e-05
2.38184e+01 5.60703e-10 3.72513e-06 5.86124e-05 8.53454e-10 -5.28568e-15 7.39370e-05
2.38257e+01 5.58633e-10 3.73642e-06 5.85327e-05 8.50354e-10 -5.27533e-15 7.38006e-05
2.38330e+01 5.56666e-10 3.74771e-06 5.84531e-05 8.47263e-10 -5.26501e-15 7.36643e-05
2.38403e+01 5.54607e-10 3.75900e-06 5.83735e-05 8.44179e-10 -5.25471e-15 7.35281e-05
2.38477e+01 5.52651e-10 3.77028e-06 5.82941e-05 8.41104e-10 -5.24444e-15 7.33922e-05
2.38550e+01 5.50602e-10 3.78156e-06 5.82147e-05 8.38037e-10 -5.23418e-15 7.32564e-05
2.38623e+01 5.48656e-10 3.79284e-06 5.81355e-05 8.34978e-10 -5.22396e-15 7.31208e-05
2.38696e+01 5.46618e-10 3.80411e-06 5.80563e-05 8.31926e-10 -5.21375e-15 7.29853e-05
2.38770e+01 5.44682e-10 3.81538e-06 5.79773e-05 8.28883e-10 -5.20357e-15 7.28500e-05
2.38843e+01 5.42655e-10 3.82664e-06 5.78983e-05 8.25848e-10 -5.19341e-15 7.27149e-05
2.38916e+01 5.40730e-10 3.83790e-06 5.78195e-05 8.22821e-10 -5.18327e-15 7.25800e-05
2.38989e+01 5.38713e-10 3.84916e-06 5.77407e-05 8.19802e-10 -5.17316e-15 7.24452e-05
2.39062e+01 5.36798e-10 3.86041e-06 5.76621e-05 8.16791e-10 -5.16306e-15 7.23105e-05
2.39136e+01 5.34792e-10 3.87166e-06 5.75835e-05 8.13788e-10 -5.15300e-15 7.21761e-05
2.39209e+01 5.32887e-10 3.88291e-06 5.75051e-05 8.10793e-10 -5.14295e-15 7.20418e-05
2.39282e+01 5.30892e-10 3.89415e-06 5.74267e-05 8.07805e-10 -5.13293e-15 7.19076e-05
2.39355e+01 5.28997e-10 3.90539e-06 5.73485e-05 8.04826e-10 -5.12293e-15 7.17737e-05
2.39429e+01 5.27012e-10 3.91662e-06 5.72703e-05 8.01854e-10 -5.11295e-15 7.16399e-05
2.39502e+01 5.25127e-10 3.92786e-06 5.71922e-05 7.98890e-10 -5.10300e-15 7.15062e-05
2.39575e+01 5.23152e-10 3.93908e-06 5.71143e-05 7.95934e-10 -5.09307e-15 7.13727e-05
2.39648e+01 5.21277e-10 3.95031e-06 5.70364e-05 7.92986e-10 -5.08316e-15 7.12394e-05
2.39722e+01 5.19313e-10 3.96153e-06 5.69586e-05 7.90046e-10 -5.07327e-15 7.11063e-05
2.39795e+01 5.17448e-10 3.97274e-06 5.68809e-05 7.87113e-10 -5.06341e-15 7.09733e-05
2.39868e+01 5.15494e-10 3.98395e-06 5.68034e-05 7.84188e-10 -5.05357e-15 7.08405e-05
2.39941e+01 5.13639e-10 3.99516e-06 5.67259e-05 7.81270e-10 -5.04375e-15 7.07078e-05
2.40015e+01 5.11695e-10 4.00637e-06 5.66485e-05 7.78361e-10 -5.03395e-15 7.05753e-05
2.40088e+01 5.09850e-10 4.01757e-06 5.65712e-05 7.75459e-10 -5.02418e-15 7.04430e-05
2.40161e+01 5.07916e-10 4.02877e-06 5.64940e-05 7.72564e-10 -5.01443e-15 7.03108e-05
2.40234e+01 5.06080e-10 4.03996e-06 5.64169e-05 7.69678e-10 -5.00470e-15 7.01788e-05
2.40308e+01 5.04157e-10 4.05115e-06 5.63399e-05 7.66798e-10 -4.99499e-15 7.00469e-05
2.40381e+01 5.02331e-10 4.06234e-06 5.62630e-05 7.63927e-10 -4.98531e-15 6.99152e-05
2.40454e+01 5.00418e-10 4.07352e-06 5.61862e-05 7.61063e-10 -4.97564e-15 6.97837e-05
2.40527e+01 4.98602e-10 4.08470e-06 5.61095e-05 7.58206e-10 -4.96600e-15 6.96523e-05
2.40601e+01 4.96698e-10 4.09588e-06 5.60328e-05 7.55357e-10 -4.95639e-15 6.95211e-05
2.40674e+01 4.94892e-10 4.10705e-06 5.59563e-05 7.52516e-10 -4.94679e-15 6.93900e-05
2.40747e+01 4.92998e-10 4.11822e-06 5.58799e-05 7.49682e-10 -4.93722e-15 6.92591e-05
2.40820e+01 4.91201e-10 4.12938e-06 5.58035e-05 7.46855e-10 -4.92767e-15 6.91284e-05
2.40894e+01 4.89318e-10 4.14054e-06 5.57273e-05 7.44036e-10 -4.91814e-15 6.89978e-05
2.40967e+01 4.87530e-10 4.15170e-06 5.56511e-05 7.41224e-10 -4.90863e-15 6.88674e-05
2.41040e+01 4.85657e-10 4.16285e-06 5.55751e-05 7.38420e-10 -4.89914e-15 6.87371e-05
2.41113e+01 4.83879e-10 4.17400e-06 5.54991e-05 7.35623e-10 -4.88968e-15 6.86070e-05
2.41187e+01 4.82015e-10 4.18515e-06 5.54233e-05 7.32834e-10 -4.88024e-15 6.84771e-05
2.41260e+01 4.80246e-10 4.19629e-06 5.53475e-05 7.30051e-10 -4.87082e-15 6.83473e-05
2.41333e+01 4.78392e-10 4.20743e-06 5.52718e-05 7.27277e-10 -4.86142e-15 6.82176e-05
2.41406e+01 4.76633e-10 4.21857e-06 5.51962e-05 7.24509e-10 -4.85204e-15 6.80882e-05
2.41479e+01 4.74788e-10 4.22970e-06 5.51207e-05 7.21749e-10 -4.84269e-15 6.79588e-05
2.41553e+01 4.73039e-10 4.24083e-06 5.50453e-05 7.18995e-10 -4.83336e-15 6.78297e-05
2.41626e+01 4.71204e-10 4.25195e-06 5.49700e-05 7.16250e-10 -4.82404e-15 6.77007e-05
2.41699e+01 4.69463e-10 4.26307e-06 5.48948e-05 7.13511e-10 -4.81476e-15 6.75718e-05
2.41772e+01 4.67638e-10 4.27419e-06 5.48197e-05 7.10780e-10 -4.80549e-15 6.74431e-05
2.41846e+01 4.65907e-10 4.28530e-06 5.47447e-05 7.08055e-10 -4.79624e-15 6.73146e-05
2.41919e+01 4.64091e-10 4.29641e-06 5.46697e-05 7.05338e-10 -4.78702e-15 6.71862e-05
2.41992e+01 4.62369e-10 4.30752e-06 5.45949e-05 7.02628e-10 -4.77781e-15 6.70580e-05
2.42065e+01 4.60563e-10 4.31862e-06 5.45201e-05 6.99926e-10 -4.76863e-15 6.69299e-05
2.42139e+01 4.58850e-10 4.32972e-06 5.44455e-05 6.97230e-10 -4.75947e-15 6.68020e-05
2.42212e+01 4.57053e-10 4.34081e-06 5.43709e-05 6.94541e-10 -4.75033e-15 6.66743e-05
2.42285e+01 4.55349e-10 4.35191e-06 5.42965e-05 6.91860e-10 -4.74121e-15 6.65467e-05
2.42358e+01 4.53561e-10 4.36299e-06 5.42221e-05 6.89185e-10 -4.73212e-15 6.64192e-05
2.42432e+01 4.51867e-10 4.37408e-06 5.41478e-05 6.86518e-10 -4.72304e-15 6.62919e-05
2.42505e+01 4.50088e-10 4.38516e-06 5.40736e-05 6.83857e-10 -4.71399e-15 6.61648e-05
2.42578e+01 4.48403e-10 4.39624e-06 5.39995e-05 6.81204e-10 -4.70496e-15 6.60378e-05
2.42651e+01 4.46634e-10 4.40731e-06 5.39255e-05 6.78557e-10 -4.69594e-15 6.59109e-05
2.42725e+01 4.44957e-10 4.41838e-06 5.38515e-05 6.75918e-10 -4.68695e-15 6.57843e-05
2.42798e+01 4.43197e-10 4.42945e-06 5.37777e-05 6.73285e-10 -4.67799e-15 6.56577e-05
2.42871e+01 4.41529e-10 4.44051e-06 5.37040e-05 6.70660e-10 -4.66904e-15 6.55314e-05
2.42944e+01 4.39779e-10 4.45157e-06 5.36303e-05 6.68041e-10 -4.66011e-15 6.54051e-05
2.43018e+01 4.38120e-10 4.46262e-06 5.35567e-05 6.65429e-10 -4.65120e-15 6.52791e-05
2.43091e+01 4.36378e-10 4.47367e-06 5.34833e-05 6.62824e-10 -4.64232e-15 6.51531e-05
2.43164e+01 4.34728e-10 4.48472e-06 5.34099e-05 6.60226e-10 -4.63345e-15 6.50274e-05
2.43237e+01 4.32996e-10 4.49577e-06 5.33366e-05 6.57635e-10 -4.62461e-15 6.49017e-05
2.43311e+01 4.31354e-10 4.50681e-06 5.32634e-05 6.55050e-10 -4.61579e-15 6.47763e-05
2.43384e+01 4.29631e-10 4.51785e-06 5.31903e-05 6.52472e-10 -4.60699e-15 6.46510e-05
2.43457e+01 4.27998e-10 4.52888e-06 5.31173e-05 6.49902e-10 -4.59821e-15 6.45258e-05
2.43530e+01 4.26284e-10 4.53991e-06 5.30443e-05 6.47337e-10 -4.58945e-15 6.44008e-05
2.43604e+01 4.24660e-10 4.55094e-06 5.29715e-05 6.44780e-10 -4.58071e-15 6.42759e-05
2.43677e+01 4.22955e-10 4.56196e-06 5.28987e-05 6.42229e-10 -4.57199e-15 6.41512e-05
2.43750e+01 4.21339e-10 4.57298e-06 5.28261e-05 6.39685e-10 -4.56329e-15 6.40266e-05
2.43823e+01 4.19643e-10 4.58399e-06 5.27535e-05 6.37148e-10 -4.55461e-15 6.39022e-05
2.43896e+01 4.18036e-10 4.59501e-06 5.26810e-05 6.34617e-10 -4.54596e-15 6.37780e-05
2.43970e+01 4.16348e-10 4.60602e-06 5.26086e-05 6.32093e-10 -4.53732e-15 6.36538e-05
2.44043e+01 4.14750e-10 4.61702e-06 5.25363e-05 6.29576e-10 -4.52870e-15 6.35299e-05
2.44116e+01 4.13071e-10 4.62802e-06 5.24641e-05 6.27065e-10 -4.52011e-15 6.34061e-05
2.44189e+01 4.11481e-10 4.63902e-06 5.23920e-05 6.24561e-10 -4.51153e-15 6.32824e-05
2.44263e+01 4.09811e-10 4.65001e-06 5.23199e-05 6.22063e-10 -4.50298e-15 6.31589e-05
2.44336e+01 4.08229e-10 4.66101e-06 5.22480e-05 6.19572e-10 -4.49444e-15 6.30355e-05
2.44409e+01 4.06569e-10 4.67199e-06 5.21761e-05 6.17088e-10 -4.48593e-15 6.29123e-05
2.44482e+01 4.04995e-10 4.68298e-06 5.21043e-05 6.14610e-10 -4.47744e-15 6.27892e-05
2.44556e+01 4.03343e-10 4.69396e-06 5.20326e-05 6.12139e-10 -4.46896e-15 6.26663e-05
2.44629e+01 4.01778e-10 4.70493e-06 5.19610e-05 6.09674e-10 -4.46051e-15 6.25435e-05
2.44702e+01 4.00134e-10 4.71591e-06 5.18895e-05 6.07215e-10 -4.45208e-15 6.24208e-05
2.44775e+01 3.98577e-10 4.72688e-06 5.18181e-05 6.04763e-10 -4.44367e-15 6.22983e-05
2.44849e+01 3.96942e-10 4.73784e-06 5.17467e-05 6.02318e-10 -4.43527e-15 6.21760e-05
2.44922e+01 3.95394e-10 4.74880e-06 5.16755e-05 5.99879e-10 -4.42690e-15 6.20538e-05
2.44995e+01 3.93767e-10 4.75976e-06 5.16043e-05 5.97446e-10 -4.41855e-15 6.19318e-05
2.45068e+01 3.92227e-10 4.77072e-06 5.15332e-05 5.95020e-10 -4.41022e-15 6.18098e-05
2.45142e+01 3.90609e-10 4.78167e-06 5.14622e-05 5.92600e-10 -4.40190e-15 6.16881e-05
2.45215e+01 3.89077e-10 4.79262e-06 5.13913e-05 5.90186e-10 -4.39361e-15 6.15665e-05
2.45288e+01 3.87467e-10 4.80356e-06 5.13205e-05 5.87779e-10 -4.38534e-15 6.14450e-05
2.45361e+01 3.85943e-10 4.81450e-06 5.12498e-05 5.85378e-10 -4.37709e-15 6.13237e-05
2.45435e+01 3.84342e-10 4.82544e-06 5.11791e-05 5.82983e-10 -4.36885e-15 6.12025e-05
2.45508e+01 3.82826e-10 4.83637e-06 5.11086e-05 5.80595e-10 -4.36064e-15 6.10815e-05
2.45581e+01 3.81233e-10 4.84730e-06 5.10381e-05 5.78213e-10 -4.35245e-15 6.09606e-05
2.45654e+01 3.79725e-10 4.85823e-06 5.09677e-05 5.75837e-10 -4.34428e-15 6.08398e-05
2.45728e+01 3.78141e-10 4.86915e-06 5.08974e-05 5.73468e-10 -4.33612e-15 6.07192e-05
2.45801e+01 3.76641e-10 4.88007e-06 5.08272e-05 5.71105e-10 -4.32799e-15 6.05988e-05
2.45874e+01 3.75065e-10 4.89099e-06 5.07570e-05 5.68748e-10 -4.31987e-15 6.04785e-05
2.45947e+01 3.73573e-10 4.90190e-06 5.06870e-05 5.66397e-10 -4.31178e-15 6.03583e-05
2.46021e+01 3.72005e-10 4.91281e-06 5.06170e-05 5.64052e-10 -4.30371e-15 6.02383e-05
2.46094e+01 3.70520e-10 4.92372e-06 5.05471e-05 5.61713e-10 -4.29565e-15 6.01184e-05
2.46167e+01 3.68961e-10 4.93462e-06 5.04774e-05 5.59381e-10 -4.28761e-15 5.99986e-05
2.46240e+01 3.67484e-10 4.94552e-06 5.04076e-05 5.57055e-10 -4.27960e-15 5.98790e-05
2.46313e+01 3.65933e-10 4.95641e-06 5.03380e-05 5.54735e-10 -4.27160e-15 5.97596e-05
2.46387e+01 3.64464e-10 4.96730e-06 5.02685e-05 5.52421e-10 -4.26362e-15 5.96402e-05
2.46460e+01 3.62921e-10 4.97819e-06 5.01990e-05 5.50113e-10 -4.25567e-15 5.95211e-05
2.46533e+01 3.61460e-10 4.98908e-06 5.01297e-05 5.47811e-10 -4.24773e-15 5.94020e-05
2.46606e+01 3.59925e-10 4.99996e-06 5.00604e-05 5.45515e-10 -4.23981e-15 5.92831e-05
2.46680e+01 3.58472e-10 5.01083e-06 4.99912e-05 5.43225e-10 -4.23191e-15 5.91644e-05
2.46753e+01 3.56944e-10 5.02171e-06 4.99220e-05 5.40941e-10 -4.22403e-15 5.90458e-05
2.46826e+01 3.55499e-10 5.03258e-06 4.98530e-05 5.38664e-10 -4.21617e-15 5.89273e-05
2.46899e+01 3.53980e-10 5.04345e-06 4.97841e-05 5.36392e-10 -4.20833e-15 5.88090e-05
2.46973e+01 3.52542e-10 5.05431e-06 4.97152e-05 5.34126e-10 -4.20050e-15 5.86908e-05
2.47046e+01 3.51030e-10 5.06517e-06 4.96464e-05 5.31866e-10 -4.19270e-15 5.85728e-05
2.47119e+01 3.49600e-10 5.07603e-06 4.95777e-05 5.29612e-10 -4.18492e-15 5.84548e-05
2.47192e+01 3.48097e-10 5.08688e-06 4.95091e-05 5.27364e-10 -4.17715e-15 5.83371e-05
2.47266e+01 3.46674e-10 5.09773e-06 4.94406e-05 5.25122e-10 -4.16940e-15 5.82194e-05
2.47339e+01 3.45179e-10 5.10857e-06 4.93721e-05 5.22886e-10 -4.16168e-15 5.81020e-05
2.47412e+01 3.43764e-10 5.11942e-06 4.93037e-05 5.20655e-10 -4.15397e-15 5.79846e-05
2.47485e+01 3.42276e-10 5.13025e-06 4.92354e-05 5.18431e-10 -4.14628e-15 5.78674e-05
2.47559e+01 3.40868e-10 5.14109e-06 4.91672e-05 5.16212e-10 -4.13861e-15 5.77503e-05
2.47632e+01 3.39388e-10 5.15192e-06 4.90991e-05 5.14000e-10 -4.13096e-15 5.76334e-05
2.47705e+01 3.37988e-10 5.16275e-06 4.90311e-05 5.11793e-10 -4.12332e-15 5.75166e-05
2.47778e+01 3.36516e-10 5.17357e-06 4.89631e-05 5.09591e-10 -4.11571e-15 5.73999e-05
2.47852e+01 3.35123e-10 5.18440e-06 4.88952e-05 5.07396e-10 -4.10811e-15 5.72834e-05
2.47925e+01 3.33658e-10 5.19521e-06 4.88274e-05 5.05206e-10 -4.10054e-15 5.71670e-05
2.47998e+01 3.32273e-10 5.20603e-06 4.87597e-05 5.03023e-10 -4.09298e-15 5.70508e-05
2.48071e+01 3.30816e-10 5.21684e-06 4.86921e-05 5.00844e-10 -4.08544e-15 5.69347e-05
2.48145e+01 3.29438e-10 5.22765e-06 4.86246e-05 4.98672e-10 -4.07792e-15 5.68187e-05
2.48218e+01 3.27989e-10 5.23845e-06 4.85571e-05 4.96505e-10 -4.07042e-15 5.67029e-05
2.48291e+01 3.26618e-10 5.24925e-06 4.84897e-05 4.94344e-10 -4.06294e-15 5.65872e-05
2.48364e+01 3.25176e-10 5.26005e-06 4.84224e-05 4.92189e-10 -4.05547e-15 5.64716e-05
2.48438e+01 3.23813e-10 5.27084e-06 4.83552e-05 4.90039e-10 -4.04803e-15 5.63562e-05
2.48511e+01 3.22378e-10 5.28163e-06 4.82880e-05 4.87895e-10 -4.04060e-15 5.62409e-05
2.48584e+01 3.21022e-10 5.29242e-06 4.82210e-05 4.85757e-10 -4.03319e-15 5.61257e-05
2.48657e+01 3.19595e-10 5.30320e-06 4.81540e-05 4.83624e-10 -4.02580e-15 5.60107e-05
2.48730e+01 3.18246e-10 5.31398e-06 4.80871e-05 4.81497e-10 -4.01843e-15 5.58958e-05
2.48804e+01 3.16827e-10 5.32476e-06 4.80203e-05 4.79376e-10 -4.01108e-15 5.57811e-05
2.48877e+01 3.15485e-10 5.33553e-06 4.79535e-05 4.77260e-10 -4.00374e-15 5.56665e-05
2.48950e+01 3.14073e-10 5.34630e-06 4.78869e-05 4.75149e-10 -3.99642e-15 5.55520e-05
2.49023e+01 3.12738e-10 5.35706e-06 4.78203e-05 4.73045e-10 -3.98913e-15 5.54377e-05
2.49097e+01 3.11333e-10 5.36783e-06 4.77538e-05 4.70945e-10 -3.98185e-15 5.53235e-05
2.49170e+01 3.10005e-10 5.37859e-06 4.76874e-05 4.68852e-10 -3.97458e-15 5.52094e-05
2.49243e+01 3.08608e-10 5.38934e-06 4.76210e-05 4.66763e-10 -3.96734e-15 5.50954e-05
2.49316e+01 3.07287e-10 5.40009e-06 4.75548e-05 4.64681e-10 -3.96011e-15 5.49816e-05
2.49390e+01 3.05897e-10 5.41084e-06 4.74886e-05 4.62603e-10 -3.95291e-15 5.48680e-05
2.49463e+01 3.04584e-10 5.42159e-06 4.74225e-05 4.60531e-10 -3.94572e-15 5.47544e-05
2.49536e+01 3.03201e-10 5.43233e-06 4.73565e-05 4.58465e-10 -3.93855e-15 5.46410e-05
2.49609e+01 3.01894e-10 5.44307e-06 4.72905e-05 4.56404e-10 -3.93139e-15 5.45278e-05
2.49683e+01 3.00518e-10 5.45380e-06 4.72247e-05 4.54349e-10 -3.92426e-15 5.44146e-05
2.49756e+01 2.99219e-10 5.46453e-06 4.71589e-05 4.52298e-10 -3.91714e-15 5.43016e-05
2.49829e+01 2.97850e-10 5.47526e-06 4.70932e-05 4.50254e-10 -3.91004e-15 5.41887e-05
2.49902e+01 2.96557e-10 5.48599e-06 4.70276e-05 4.48214e-10 -3.90296e-15 5.40760e-05
2.49976e+01 2.95196e-10 5.49671e-06 4.69620e-05 4.46180e-10 -3.89590e-15 5.39634e-05
2.50049e+01 2.93910e-10 5.50742e-06 4.68965e-05 4.44152e-10 -3.88885e-15 5.38509e-05
2.50122e+01 2.92556e-10 5.51814e-06 4.68311e-05 4.42129e-10 -3.88183e-15 5.37386e-05
2.50195e+01 2.91276e-10 5.52885e-06 4.67658e-05 4.40111e-10 -3.87482e-15 5.36263e-05
2.50269e+01 2.89929e-10 5.53956e-06 4.67006e-05 4.38098e-10 -3.86782e-15 5.35143e-05
2.50342e+01 2.88657e-10 5.55026e-06 4.66354e-05 4.36091e-10 -3.86085e-15 5.34023e-05
2.50415e+01 2.87317e-10 5.56096e-06 4.65704e-05 4.34088e-10 -3.85389e-15 5.32905e-05
2.50488e+01 2.86051e-10 5.57166e-06 4.65054e-05 4.32092e-10 -3.84695e-15 5.31788e-05
2.50562e+01 2.84718e-10 5.58235e-06 4.64404e-05 4.30100e-10 -3.84003e-15 5.30672e-05
2.50635e+01 2.83459e-10 5.59304e-06 4.63756e-05 4.28114e-10 -3.83313e-15 5.29558e-05
2.50708e+01 2.82132e-10 5.60373e-06 4.63108e-05 4.26133e-10 -3.82624e-15 5.28445e-05
2.50781e+01 2.80880e-10 5.61442e-06 4.62461e-05 4.24157e-10 -3.81937e-15 5.27333e-05
2.50854e+01 2.79561e-10 5.62510e-06 4.61815e-05 4.22186e-10 -3.81252e-15 5.26223e-05
2.50928e+01 2.78315e-10 5.63577e-06 4.61170e-05 4.20221e-10 -3.80569e-15 5.25114e-05
2.51001e+01 2.77003e-10 5.64645e-06 4.60525e-05 4.18260e-10 -3.79887e-15 5.24006e-05
2.51074e+01 2.75764e-10 5.65712e-06 4.59882e-05 4.16305e-10 -3.79207e-15 5.22900e-05
2.51147e+01 2.74458e-10 5.66778e-06 4.59238e-05 4.14355e-10 -3.78529e-15 5.21794e-05
2.51221e+01 2.73225e-10 5.67845e-06 4.58596e-05 4.12410e-10 -3.77853e-15 5.20690e-05
2.51294e+01 2.71927e-10 5.68911e-06 4.57955e-05 4.10471e-10 -3.77178e-15 5.19588e-05
2.51367e+01 2.70701e-10 5.69977e-06 4.57314e-05 4.08536e-10 -3.76505e-15 5.18486e-05
2.51440e+01 2.69409e-10 5.71042e-06 4.56674e-05 4.06607e-10 -3.75834e-15 5.17386e-05
2.51514e+01 2.68189e-10 5.72107e-06 4.56035e-05 4.04682e-10 -3.75164e-15 5.16287e-05
2.51587e+01 2.66904e-10 5.73172e-06 4.55396e-05 4.02763e-10 -3.74497e-15 5.15190e-05
2.51660e+01 2.65691e-10 5.74236e-06 4.54759e-05 4.00848e-10 -3.73830e-15 5.14094e-05
2.51733e+01 2.64413e-10 5.75300e-06 4.54122e-05 3.98939e-10 -3.73166e-15 5.12999e-05
2.51807e+01 2.63206e-10 5.76364e-06 4.53485e-05 3.97035e-10 -3.72503e-15 5.11905e-05
2.51880e+01 2.61935e-10 5.77427e-06 4.52850e-05 3.95136e-10 -3.71842e-15 5.10813e-05
2.51953e+01 2.60735e-10 5.78490e-06 4.52215e-05 3.93241e-10 -3.71183e-15 5.09721e-05
2.52026e+01 2.59470e-10 5.79553e-06 4.51581e-05 3.91352e-10 -3.70526e-15 5.08632e-05
2.52100e+01 2.58276e-10 5.80615e-06 4.50948e-05 3.89468e-10 -3.69870e-15 5.07543e-05
2.52173e+01 2.57018e-10 5.81677e-06 4.50316e-05 3.87589e-10 -3.69215e-15 5.06456e-05
2.52246e+01 2.55830e-10 5.82739e-06 4.49684e-05 3.85714e-10 -3.68563e-15 5.05370e-05
2.52319e+01 2.54579e-10 5.83801e-06 4.49053e-05 3.83845e-10 -3.67912e-15 5.04285e-05
2.52393e+01 2.53397e-10 5.84862e-06 4.48423e-05 3.81980e-10 -3.67263e-15 5.03201e-05
2.52466e+01 2.52152e-10 5.85922e-06 4.47794e-05 3.80121e-10 -3.66615e-15 5.02119e-05
2.52539e+01 2.50977e-10 5.86983e-06 4.47165e-05 3.78266e-10 -3.65970e-15 5.01038e-05
2.52612e+01 2.49739e-10 5.88043e-06 4.46537e-05 3.76417e-10 -3.65325e-15 4.99958e-05
2.52686e+01 2.48570e-10 5.89103e-06 4.45910e-05 3.74572e-10 -3.64683e-15 4.98879e-05
2.52759e+01 2.47338e-10 5.90162e-06 4.45284e-05 3.72732e-10 -3.64042e-15 4.97802e-05
2.52832e+01 2.46176e-10 5.91221e-06 4.44658e-05 3.70896e-10 -3.63403e-15 4.96726e-05
2.52905e+01 2.44950e-10 5.92280e-06 4.44033e-05 3.69066e-10 -3.62765e-15 4.95651e-05
2.52979e+01 2.43794e-10 5.93339e-06 4.43409e-05 3.67241e-10 -3.62129e-15 4.94578e-05
2.53052e+01 2.42575e-10 5.94397e-06 4.42786e-05 3.65420e-10 -3.61495e-15 4.93505e-05
2.53125e+01 2.41425e-10 5.95454e-06 4.42163e-05 3.63604e-10 -3.60863e-15 4.92434e-05
2.53198e+01 2.40213e-10 5.96512e-06 4.41541e-05 3.61793e-10 -3.60232e-15 4.91364e-05
2.53271e+01 2.39069e-10 5.97569e-06 4.40920e-05 3.59987e-10 -3.59602e-15 4.90296e-05
2.53345e+01 2.37863e-10 5.98626e-06 4.40299e-05 3.58185e-10 -3.58975e-15 4.89228e-05
2.53418e+01 2.36725e-10 5.99682e-06 4.39679e-05 3.56388e-10 -3.58349e-15 4.88162e-05
2.53491e+01 2.35525e-10 6.00739e-06 4.39060e-05 3.54596e-10 -3.57724e-15 4.87097e-05
2.53564e+01 2.34394e-10 6.01795e-06 4.38442e-05 3.52809e-10 -3.57101e-15 4.86034e-05
2.53638e+01 2.33200e-10 6.02850e-06 4.37825e-05 3.51026e-10 -3.56480e-15 4.84971e-05
2.53711e+01 2.32075e-10 6.03905e-06 4.37208e-05 3.49248e-10 -3.55860e-15 4.83910e-05
2.53784e+01 2.30888e-10 6.04960e-06 4.36592e-05 3.47475e-10 -3.55242e-15 4.82850e-05
2.53857e+01 2.29768e-10 6.06015e-06 4.35976e-05 3.45707e-10 -3.54626e-15 4.81791e-05
2.53931e+01 2.28587e-10 6.07069e-06 4.35362e-05 3.43943e-10 -3.54011e-15 4.80734e-05
2.54004e+01 2.27474e-10 6.08123e-06 4.34748e-05 3.42183e-10 -3.53398e-15 4.79677e-05
2.54077e+01 2.26299e-10 6.09176e-06 4.34135e-05 3.40429e-10 -3.52787e-15 4.78622e-05
2.54150e+01 2.25192e-10 6.10230e-06 4.33522e-05 3.38679e-10 -3.52177e-15 4.77568e-05
2.54224e+01 2.24023e-10 6.11283e-06 4.32910e-05 3.36934e-10 -3.51568e-15 4.76516e-05
2.54297e+01 2.22922e-10 6.12335e-06 4.32299e-05 3.35193e-10 -3.50961e-15 4.75464e-05
2.54370e+01 2.21760e-10 6.13388e-06 4.31689e-05 3.33457e-10 -3.50356e-15 4.74414e-05
2.54443e+01 2.20664e-10 6.14440e-06 4.31079e-05 3.31725e-10 -3.49752e-15 4.73365e-05
2.54517e+01 2.19508e-10 6.15491e-06 4.30471e-05 3.29998e-10 -3.49150e-15 4.72317e-05
2.54590e+01 2.18418e-10 6.16543e-06 4.29862e-05 3.28276e-10 -3.48550e-15 4.71270e-05
2.54663e+01 2.17268e-10 6.17594e-06 4.29255e-05 3.26558e-10 -3.47951e-15 4.70225e-05
2.54736e+01 2.16184e-10 6.18644e-06 4.28648e-05 3.24845e-10 -3.47353e-15 4.69181e-05
2.54810e+01 2.15041e-10 6.19695e-06 4.28042e-05 3.23136e-10 -3.46758e-15 4.68138e-05
2.54883e+01 2.13963e-10 6.20745e-06 4.27437e-05 3.21432e-10 -3.46163e-15 4.67096e-05
2.54956e+01 2.12825e-10 6.21794e-06 4.26833e-05 3.19732e-10 -3.45571e-15 4.66055e-05
2.55029e+01 2.11753e-10 6.22844e-06 4.26229e-05 3.18037e-10 -3.44980e-15 4.65016e-05
2.55103e+01 2.10621e-10 6.23893e-06 4.25626e-05 3.16346e-10 -3.44390e-15 4.63977e-05
2.55176e+01 2.09555e-10 6.24942e-06 4.25023e-05 3.14659e-10 -3.43802e-15 4.62940e-05
2.55249e+01 2.08429e-10 6.25990e-06 4.24421e-05 3.12977e-10 -3.43216e-15 4.61905e-05
2.55322e+01 2.07369e-10 6.27038e-06 4.23820e-05 3.11300e-10 -3.42631e-15 4.60870e-05
2.55396e+01 2.06249e-10 6.28086e-06 4.23220e-05 3.09627e-10 -3.42047e-15 4.59836e-05
2.55469e+01 2.05194e-10 6.29133e-06 4.22620e-05 3.07958e-10 -3.41465e-15 4.58804e-05
2.55542e+01 2.04081e-10 6.30180e-06 4.22022e-05 3.06294e-10 -3.40885e-15 4.57773e-05
2.55615e+01 2.03031e-10 6.31227e-06 4.21423e-05 3.04634e-10 -3.40306e-15 4.56743e-05
2.55688e+01 2.01924e-10 6.32274e-06 4.20826e-05 3.02979e-10 -3.39729e-15 4.55714e-05
2.55762e+01 2.00880e-10 6.33320e-06 4.20229e-05 3.01328e-10 -3.39153e-15 4.54687e-05
2.55835e+01 1.99778e-10 6.34365e-06 4.19633e-05 2.99681e-10 -3.38579e-15 4.53660e-05
2.55908e+01 1.98740e-10 6.35411e-06 4.19038e-05 2.98039e-10 -3.38006e-15 4.52635e-05
2.55981e+01 1.97644e-10 6.36456e-06 4.18443e-05 2.96401e-10 -3.37435e-15 4.51611e-05
2.56055e+01 1.96612e-10 6.37501e-06 4.17849e-05 2.94767e-10 -3.36865e-15 4.50588e-05
2.56128e+01 1.95522e-10 6.38545e-06 4.17256e-05 2.93138e-10 -3.36297e-15 4.49566e-05
2.56201e+01 1.94495e-10 6.39589e-06 4.16663e-05 2.91513e-10 -3.35731e-15 4.48546e-05
2.56274e+01 1.93411e-10 6.40633e-06 4.16071e-05 2.89892e-10 -3.35166e-15 4.47526e-05
2.56348e+01 1.92389e-10 6.41677e-06 4.15480e-05 2.88276e-10 -3.34602e-15 4.46508e-05
2.56421e+01 1.91311e-10 6.42720e-06 4.14889e-05 2.86663e-10 -3.34040e-15 4.45491e-05
2.56494e+01 1.90294e-10 6.43762e-06 4.14300e-05 2.85055e-10 -3.33479e-15 4.44475e-05
2.56567e+01 1.89222e-10 6.44805e-06 4.13710e-05 2.83452e-10 -3.32920e-15 4.43460e-05
2.56641e+01 1.88211e-10 6.45847e-06 4.13122e-05 2.81852e-10 -3.32363e-15 4.42447e-05
2.56714e+01 1.87144e-10 6.46889e-06 4.12534e-05 2.80257e-10 -3.31807e-15 4.41434e-05
2.56787e+01 1.86139e-10 6.47930e-06 4.11947e-05 2.78666e-10 -3.31252e-15 4.40423e-05
2.56860e+01 1.85078e-10 6.48971e-06 4.11361e-05 2.77079e-10 -3.30699e-15 4.39413e-05
2.56934e+01 1.84078e-10 6.50012e-06 4.10775e-05 2.75497e-10 -3.30148e-15 4.38404e-05
2.57007e+01 1.83022e-10 6.51052e-06 4.10190e-05 2.73918e-10 -3.29598e-15 4.37396e-05
2.57080e+01 1.82027e-10 6.52092e-06 4.09606e-05 2.72344e-10 -3.29049e-15 4.36390e-05
2.57153e+01 1.80977e-10 6.53132e-06 4.09022e-05 2.70774e-10 -3.28502e-15 4.35384e-05
2.57227e+01 1.79988e-10 6.54171e-06 4.08439e-05 2.69208e-10 -3.27956e-15 4.34380e-05
2.57300e+01 1.78943e-10 6.55210e-06 4.07857e-05 2.67646e-10 -3.27412e-15 4.33376e-05
2.57373e+01 1.77959e-10 6.56249e-06 4.07275e-05 2.66088e-10 -3.26870e-15 4.32374e-05
2.57446e+01 1.76920e-10 6.57287e-06 4.06694e-05 2.64535e-10 -3.26329e-15 4.31373e-05
2.57520e+01 1.75941e-10 6.58325e-06 4.06114e-05 2.62985e-10 -3.25789e-15 4.30374e-05
2.57593e+01 1.74908e-10 6.59363e-06 4.05534e-05 2.61440e-10 -3.25251e-15 4.29375e-05
2.57666e+01 1.73934e-10 6.60400e-06 4.04955e-05 2.59899e-10 -3.24714e-15 4.28377e-05
2.57739e+01 1.72906e-10 6.61437e-06 4.04377e-05 2.58361e-10 -3.24179e-15 4.27381e-05
2.57812e+01 1.71937e-10 6.62473e-06 4.03799e-05 2.56828e-10 -3.23646e-15 4.26386e-05
2.57886e+01 1.70914e-10 6.63509e-06 4.03222e-05 2.55299e-10 -3.23114e-15 4.25392e-05
2.57959e+01 1.69951e-10 6.64545e-06 4.02646e-05 2.53774e-10 -3.22583e-15 4.24399e-05
2.58032e+01 1.68933e-10 6.65581e-06 4.02070e-05 2.52253e-10 -3.22054e-15 4.23407e-05
2.58105e+01 1.67975e-10 6.66616e-06 4.01495e-05 2.50736e-10 -3.21526e-15 4.22416e-05
2.58179e+01 1.66963e-10 6.67650e-06 4.00921e-05 2.49223e-10 -3.21000e-15 4.21426e-05
2.58252e+01 1.66009e-10 6.68685e-06 4.00348e-05 2.47714e-10 -3.20475e-15 4.20438e-05
2.58325e+01 1.65002e-10 6.69719e-06 3.99775e-05 2.46209e-10 -3.19952e-15 4.19450e-05
2.58398e+01 1.64054e-10 6.70752e-06 3.99202e-05 2.44708e-10 -3.19430e-15 4.18464e-05
2.58472e+01 1.63052e-10 6.71786e-06 3.98631e-05 2.43211e-10 -3.18910e-15 4.17479e-05
2.58545e+01 1.62108e-10 6.72818e-06 3.98060e-05 2.41718e-10 -3.18391e-15 4.16495e-05
2.58618e+01 1.61112e-10 6.73851e-06 3.97489e-05 2.40228e-10 -3.17874e-15 4.15512e-05
2.58691e+01 1.60173e-10 6.74883e-06 3.96920e-05 2.38743e-10 -3.17358e-15 4.14530e-05
2.58765e+01 1.59182e-10 6.75915e-06 3.96351e-05 2.37262e-10 -3.16844e-15 4.13549e-05
2.58838e+01 1.58248e-10 6.76946e-06 3.95782e-05 2.35784e-10 -3.16331e-15 4.12570e-05
2.58911e+01 1.57261e-10 6.77977e-06 3.95215e-05 2.34311e-10 -3.15820e-15 4.11591e-05
2.58984e+01 1.56332e-10 6.79008e-06 3.94648e-05 2.32841e-10 -3.15310e-15 4.10614e-05
2.59058e+01 1.55351e-10 6.80039e-06 3.94081e-05 2.31376e-10 -3.14802e-15 4.09638e-05
2.59131e+01 1.54427e-10 6.81069e-06 3.93516e-05 2.29914e-10 -3.14295e-15 4.08663e-05
2.59204e+01 1.53450e-10 6.82098e-06 3.92951e-05 2.28456e-10 -3.13790e-15 4.07688e-05
2.59277e+01 1.52531e-10 6.83127e-06 3.92386e-05 2.27002e-10 -3.13286e-15 4.06716e-05
2.59351e+01 1.51559e-10 6.84156e-06 3.91822e-05 2.25551e-10 -3.12784e-15 4.05744e-05
2.59424e+01 1.50644e-10 6.85185e-06 3.91259e-05 2.24105e-10 -3.12283e-15 4.04773e-05
2.59497e+01 1.49678e-10 6.86213e-06 3.90697e-05 2.22662e-10 -3.11784e-15 4.03803e-05
2.59570e+01 1.48768e-10 6.87241e-06 3.90135e-05 2.21224e-10 -3.11286e-15 4.02835e-05
2.59644e+01 1.47806e-10 6.88268e-06 3.89574e-05 2.19789e-10 -3.10789e-15 4.01867e-05
2.59717e+01 1.46901e-10 6.89295e-06 3.89013e-05 2.18357e-10 -3.10294e-15 4.00901e-05
2.59790e+01 1.45944e-10 6.90322e-06 3.88453e-05 2.16930e-10 -3.09801e-15 3.99935e-05
2.59863e+01 1.45043e-10 6.91348e-06 3.87894e-05 2.15506e-10 -3.09309e-15 3.98971e-05
2.59937e+01 1.44091e-10 6.92374e-06 3.87335e-05 2.14087e-10 -3.08818e-15 3.98008e-05
2.60010e+01 1.43194e-10 6.93400e-06 3.86777e-05 2.12670e-10 -3.08329e-15 3.97046e-05
2.60083e+01 1.42247e-10 6.94425e-06 3.86220e-05 2.11258e-10 -3.07842e-15 3.96085e-05
2.60156e+01 1.41355e-10 6.95450e-06 3.85663e-05 2.09850e-10 -3.07356e-15 3.95125e-05
2.60229e+01 1.40413e-10 6.96475e-06 3.85107e-05 2.08445e-10 -3.06871e-15 3.94166e-05
2.60303e+01 1.39525e-10 6.97499e-06 3.84552e-05 2.07044e-10 -3.06388e-15 3.93209e-05
2.60376e+01 1.38588e-10 6.98523e-06 3.83997e-05 2.05646e-10 -3.05907e-15 3.92252e-05
2.60449e+01 1.37705e-10 6.99546e-06 3.83443e-05 2.04252e-10 -3.05427e-15 3.91296e-05
2.60522e+01 1.36772e-10 7.00570e-06 3.82890e-05 2.02862e-10 -3.04948e-15 3.90342e-05
2.60596e+01 1.35893e-10 7.01593e-06 3.82337e-05 2.01476e-10 -3.04471e-15 3.89388e-05
2.60669e+01 1.34965e-10 7.02615e-06 3.81784e-05 2.00093e-10 -3.03995e-15 3.88436e-05
2.60742e+01 1.34091e-10 7.03637e-06 3.81233e-05 1.98714e-10 -3.03521e-15 3.87485e-05
2.60815e+01 1.33167e-10 7.04659e-06 3.80682e-05 1.97339e-10 -3.03048e-15 3.86535e-05
2.60889e+01 1.32297e-10 7.05681e-06 3.80132e-05 1.95968e-10 -3.02576e-15 3.85585e-05
2.60962e+01 1.31378e-10 7.06702e-06 3.79582e-05 1.94600e-10 -3.02106e-15 3.84637e-05
2.61035e+01 1.30513e-10 7.07723e-06 3.79033e-05 1.93235e-10 -3.01638e-15 3.83690e-05
2.61108e+01 1.29599e-10 7.08743e-06 3.78484e-05 1.91874e-10 -3.01171e-15 3.82744e-05
2.61182e+01 1.28738e-10 7.09764e-06 3.77937e-05 1.90517e-10 -3.00705e-15 3.81799e-05
2.61255e+01 1.27828e-10 7.10784e-06 3.77389e-05 1.89164e-10 -3.00241e-15 3.80856e-05
2.61328e+01 1.26972e-10 7.11803e-06 3.76843e-05 1.87814e-10 -2.99778e-15 3.79913e-05
2.61401e+01 1.26067e-10 7.12823e-06 3.76297e-05 1.86468e-10 -2.99317e-15 3.78971e-05
2.61475e+01 1.25215e-10 7.13842e-06 3.75752e-05 1.85125e-10 -2.98857e-15 3.78030e-05
2.61548e+01 1.24314e-10 7.14861e-06 3.75207e-05 1.83786e-10 -2.98399e-15 3.77091e-05
2.61621e+01 1.23466e-10 7.15879e-06 3.74663e-05 1.82451e-10 -2.97942e-15 3.76152e-05
2.61694e+01 1.22570e-10 7.16898e-06 3.74120e-05 1.81119e-10 -2.97486e-15 3.75215e-05
2.61768e+01 1.21727e-10 7.17916e-06 3.73577e-05 1.79790e-10 -2.97031e-15 3.74278e-05
2.61841e+01 1.20836e-10 7.18933e-06 3.73035e-05 1.78465e-10 -2.96578e-15 3.73343e-05
2.61914e+01 1.19997e-10 7.19951e-06 3.72493e-05 1.77144e-10 -2.96127e-15 3.72409e-05
2.61987e+01 1.19110e-10 7.20968e-06 3.71952e-05 1.75826e-10 -2.95677e-15 3.71475e-05
2.62061e+01 1.18276e-10 7.21985e-06 3.71412e-05 1.74512e-10 -2.95228e-15 3.70543e-05
2.62134e+01 1.17394e-10 7.23002e-06 3.70873e-05 1.73202e-10 -2.94780e-15 3.69612e-05
2.62207e+01 1.16564e-10 7.24019e-06 3.70334e-05 1.71894e-10 -2.94334e-15 3.68681e-05
2.62280e+01 1.15687e-10 7.25035e-06 3.69795e-05 1.70591e-10 -2.93889e-15 3.67752e-05
2.62354e+01 1.14861e-10 7.26051e-06 3.69258e-05 1.69291e-10 -2.93446e-15 3.66824e-05
2.62427e+01 1.13988e-10 7.27067e-06 3.68720e-05 1.67994e-10 -2.93004e-15 3.65897e-05
2.62500e+01 1.13167e-10 7.28083e-06 3.68184e-05 1.66701e-10 -2.92563e-15 3.64971e-05
2.62573e+01 1.12299e-10 7.29098e-06 3.67648e-05 1.65411e-10 -2.92123e-15 3.64046e-05
2.62646e+01 1.11483e-10 7.30113e-06 3.67113e-05 1.64125e-10 -2.91685e-15 3.63122e-05
2.62720e+01 1.10620e-10 7.31129e-06 3.66578e-05 1.62842e-10 -2.91247e-15 3.62199e-05
2.62793e+01 1.09808e-10 7.32144e-06 3.66044e-05 1.61563e-10 -2.90812e-15 3.61277e-05
2.62866e+01 1.08949e-10 7.33158e-06 3.65511e-05 1.60287e-10 -2.90377e-15 3.60356e-05
2.62939e+01 1.08142e-10 7.34173e-06 3.64978e-05 1.59015e-10 -2.89944e-15 3.59436e-05
2.63013e+01 1.07288e-10 7.35187e-06 3.64446e-05 1.57746e-10 -2.89512e-15 3.58517e-05
2.63086e+01 1.06485e-10 7.36202e-06 3.63915e-05 1.56481e-10 -2.89081e-15 3.57600e-05
2.63159e+01 1.05636e-10 7.37216e-06 3.63384e-05 1.55219e-10 -2.88651e-15 3.56683e-05
2.63232e+01 1.04838e-10 7.38230e-06 3.62854e-05 1.53960e-10 -2.88222e-15 3.55767e-05
2.63306e+01 1.03994e-10 7.39244e-06 3.62324e-05 1.52705e-10 -2.87795e-15 3.54852e-05
2.63379e+01 1.03200e-10 7.40258e-06 3.61795e-05 1.51453e-10 -2.87369e-15 3.53939e-05
2.63452e+01 1.02361e-10 7.41271e-06 3.61267e-05 1.50205e-10 -2.86944e-15 3.53026e-05
2.63525e+01 1.01572e-10 7.42285e-06 3.60739e-05 1.48960e-10 -2.86520e-15 3.52114e-05
2.63599e+01 1.00738e-10 7.43298e-06 3.60212e-05 1.47718e-10 -2.86097e-15 3.51203e-05
2.63672e+01 9.99537e-11 7.44312e-06 3.59686e-05 1.46480e-10 -2.85675e-15 3.50294e-05
2.63745e+01 9.91246e-11 7.45325e-06 3.59160e-05 1.45245e-10 -2.85255e-15 3.49385e-05
2.63818e+01 9.83450e-11 7.46338e-06 3.58635e-05 1.44014e-10 -2.84835e-15 3.48477e-05
2.63892e+01 9.75209e-11 7.47352e-06 3.58110e-05 1.42786e-10 -2.84417e-15 3.47571e-05
2.63965e+01 9.67461e-11 7.48365e-06 3.57586e-05 1.41561e-10 -2.83999e-15 3.46665e-05
2.64038e+01 9.59271e-11 7.49378e-06 3.57063e-05 1.40340e-10 -2.83583e-15 3.45760e-05
2.64111e+01 9.51571e-11 7.50391e-06 3.56540e-05 1.39121e-10 -2.83167e-15 3.44857e-05
2.64185e+01 9.43432e-11 7.51403e-06 3.56018e-05 1.37907e-10 -2.82753e-15 3.43954e-05
2.64258e+01 9.35781e-11 7.52416e-06 3.55496e-05 1.36695e-10 -2.82340e-15 3.43052e-05
2.64331e+01 9.27692e-11 7.53429e-06 3.54975e-05 1.35487e-10 -2.81927e-15 3.42152e-05
2.64404e+01 9.20090e-11 7.54442e-06 3.54455e-05 1.34282e-10 -2.81516e-15 3.41252e-05
2.64478e+01 9.12053e-11 7.55454e-06 3.53936e-05 1.33081e-10 -2.81105e-15 3.40353e-05
2.64551e+01 9.04501e-11 7.56467e-06 3.53417e-05 1.31883e-10 -2.80696e-15 3.39456e-05
2.64624e+01 8.96516e-11 7.57479e-06 3.52898e-05 1.30688e-10 -2.80287e-15 3.38559e-05
2.64697e+01 8.89013e-11 7.58492e-06 3.52380e-05 1.29496e-10 -2.79880e-15 3.37663e-05
2.64771e+01 8.81080e-11 7.59504e-06 3.51863e-05 1.28308e-10 -2.79473e-15 3.36769e-05
2.64844e+01 8.73627e-11 7.60517e-06 3.51347e-05 1.27123e-10 -2.79067e-15 3.35875e-05
2.64917e+01 8.65746e-11 7.61529e-06 3.50831e-05 1.25941e-10 -2.78662e-15 3.34982e-05
2.64990e+01 8.58344e-11 7.62542e-06 3.50316e-05 1.24762e-10 -2.78258e-15 3.34090e-05
2.65063e+01 8.50515e-11 7.63554e-06 3.49801e-05 1.23587e-10 -2.77855e-15 3.33200e-05
2.65137e+01 8.43163e-11 7.64566e-06 3.49287e-05 1.22415e-10 -2.77452e-15 3.32310e-05
2.65210e+01 8.35388e-11 7.65578e-06 3.48773e-05 1.21246e-10 -2.77051e-15 3.31421e-05
2.65283e+01 8.28086e-11 7.66590e-06 3.48261e-05 1.20080e-10 -2.76650e-15 3.30533e-05
2.65356e+01 8.20363e-11 7.67602e-06 3.47748e-05 1.18918e-10 -2.76250e-15 3.29647e-05
2.65430e+01 8.13112e-11 7.68615e-06 3.47237e-05 1.17758e-10 -2.75851e-15 3.28761e-05
2.65503e+01 8.05443e-11 7.69626e-06 3.46726e-05 1.16602e-10 -2.75453e-15 3.27876e-05
2.65576e+01 7.98242e-11 7.70638e-06 3.46215e-05 1.15449e-10 -2.75055e-15 3.26992e-05
2.65649e+01 7.90625e-11 7.71650e-06 3.45705e-05 1.14299e-10 -2.74658e-15 3.26109e-05
2.65723e+01 7.83475e-11 7.72662e-06 3.45196e-05 1.13153e-10 -2.74262e-15 3.25227e-05
2.65796e+01 7.75912e-11 7.73674e-06 3.44688e-05 1.12009e-10 -2.73867e-15 3.24346e-05
2.65869e+01 7.68812e-11 7.74685e-06 3.44180e-05 1.10869e-10 -2.73473e-15 3.23466e-05
2.65942e+01 7.61301e-11 7.75697e-06 3.43672e-05 1.09731e-10 -2.73079e-15 3.22587e-05
2.66016e+01 7.54252e-11 7.76708e-06 3.43165e-05 1.08597e-10 -2.72686e-15 3.21709e-05
2.66089e+01 7.46793e-11 7.77719e-06 3.42659e-05 1.07466e-10 -2.72294e-15 3.20832e-05
2.66162e+01 7.39794e-11 7.78730e-06 3.42153e-05 1.06338e-10 -2.71903e-15 3.19956e-05
2.66235e+01 7.32387e-11 7.79741e-06 3.41648e-05 1.05213e-10 -2.71512e-15 3.19081e-05
2.66309e+01 7.25437e-11 7.80752e-06 3.41144e-05 1.04091e-10 -2.71122e-15 3.18206e-05
2.66382e+01 7.18082e-11 7.81762e-06 3.40640e-05 1.02972e-10 -2.70733e-15 3.17333e-05
2.66455e+01 7.11182e-11 7.82772e-06 3.40137e-05 1.01857e-10 -2.70344e-15 3.16461e-05
2.66528e+01 7.03878e-11 7.83782e-06 3.39634e-05 1.00744e-10 -2.69956e-15 3.15590e-05
2.66602e+01 6.97026e-11 7.84792e-06 3.39132e-05 9.96340e-11 -2.69569e-15 3.14719e-05
2.66675e+01 6.89773e-11 7.85802e-06 3.38630e-05 9.85273e-11 -2.69183e-15 3.13850e-05
2.66748e+01 6.82969e-11 7.86811e-06 3.38129e-05 9.74235e-11 -2.68798e-15 3.12981e-05
2.66821e+01 6.75766e-11 7.87820e-06 3.37629e-05 9.63227e-11 -2.68413e-15 3.12114e-05
2.66895e+01 6.69009e-11 7.88829e-06 3.37129e-05 9.52249e-11 -2.68029e-15 3.11247e-05
2.66968e+01 6.61854e-11 7.89837e-06 3.36630e-05 9.41300e-11 -2.67646e-15 3.10382e-05
2.67041e+01 6.55144e-11 7.90846e-06 3.36131e-05 9.30381e-11 -2.67263e-15 3.09517e-05
2.67114e+01 6.48037e-11 7.91853e-06 3.35633e-05 9.19491e-11 -2.66882e-15 3.08653e-05
2.67188e+01 6.41372e-11 7.92860e-06 3.35135e-05 9.08629e-11 -2.66501e-15 3.07791e-05
2.67261e+01 6.34312e-11 7.93867e-06 3.34638e-05 8.97797e-11 -2.66121e-15 3.06929e-05
2.67334e+01 6.27691e-11 7.94874e-06 3.34141e-05 8.86994e-11 -2.65742e-15 3.06068e-05
2.67407e+01 6.20677e-11 7.95879e-06 3.33645e-05 8.76219e-11 -2.65363e-15 3.05208e-05
2.67480e+01 6.14098e-11 7.96885e-06 3.33150e-05 8.65473e-11 -2.64986e-15 3.04349e-05
2.67554e+01 6.07128e-11 7.97890e-06 3.32655e-05 8.54755e-11 -2.64609e-15 3.03491e-05
2.67627e+01 6.00591e-11 7.98894e-06 3.32160e-05 8.44065e-11 -2.64233e-15 3.02634e-05
2.67700e+01 5.93664e-11 7.99898e-06 3.31666e-05 8.33403e-11 -2.63858e-15 3.01778e-05
2.67773e+01 5.87166e-11 8.00901e-06 3.31173e-05 8.22770e-11 -2.63484e-15 3.00923e-05
2.67847e+01 5.80280e-11 8.01903e-06 3.30680e-05 8.12163e-11 -2.63111e-15 3.00068e-05
2.67920e+01 5.73821e-11 8.02905e-06 3.30188e-05 8.01585e-11 -2.62739e-15 2.99215e-05
2.67993e+01 5.66974e-11 8.03905e-06 3.29696e-05 7.91034e-11 -2.62368e-15 2.98363e-05
2.68066e+01 5.60551e-11 8.04906e-06 3.29205e-05 7.80510e-11 -2.61998e-15 2.97511e-05
2.68140e+01 5.53742e-11 8.05905e-06 3.28714e-05 7.70013e-11 -2.61629e-15 2.96660e-05
2.68213e+01 5.47353e-11 8.06903e-06 3.28223e-05 7.59543e-11 -2.61262e-15 2.95811e-05
2.68286e+01 5.40579e-11 8.07901e-06 3.27733e-05 7.49100e-11 -2.60895e-15 2.94962e-05
2.68359e+01 5.34223e-11 8.08898e-06 3.27244e-05 7.38683e-11 -2.60529e-15 2.94114e-05
2.68433e+01 5.27482e-11 8.09893e-06 3.26755e-05 7.28293e-11 -2.60165e-15 2.93268e-05
2.68506e+01 5.21155e-11 8.10888e-06 3.26267e-05 7.17929e-11 -2.59802e-15 2.92422e-05
2.68579e+01 5.14446e-11 8.11882e-06 3.25779e-05 7.07591e-11 -2.59440e-15 2.91577e-05
2.68652e+01 5.08147e-11 8.12874e-06 3.25291e-05 6.97279e-11 -2.59079e-15 2.90733e-05
2.68726e+01 5.01466e-11 8.13866e-06 3.24804e-05 6.86992e-11 -2.58720e-15 2.89889e-05
2.68799e+01 4.95192e-11 8.14856e-06 3.24317e-05 6.76731e-11 -2.58362e-15 2.89047e-05
2.68872e+01 4.88537e-11 8.15845e-06 3.23831e-05 6.66496e-11 -2.58005e-15 2.88206e-05
2.68945e+01 4.82286e-11 8.16833e-06 3.23345e-05 6.56286e-11 -2.57650e-15 2.87365e-05
2.69019e+01 4.75654e-11 8.17820e-06 3.22860e-05 6.46101e-11 -2.57296e-15 2.86526e-05
2.69092e+01 4.69423e-11 8.18805e-06 3.22375e-05 6.35940e-11 -2.56944e-15 2.85687e-05
2.69165e+01 4.62812e-11 8.19789e-06 3.21891e-05 6.25805e-11 -2.56593e-15 2.84850e-05
2.69238e+01 4.56597e-11 8.20772e-06 3.21407e-05 6.15694e-11 -2.56245e-15 2.84013e-05
2.69312e+01 4.50004e-11 8.21753e-06 3.20923e-05 6.05607e-11 -2.55897e-15 2.83177e-05
2.69385e+01 4.43804e-11 8.22732e-06 3.20440e-05 5.95544e-11 -2.55552e-15 2.82342e-05
2.69458e+01 4.37226e-11 8.23711e-06 3.19957e-05 5.85506e-11 -2.55208e-15 2.81508e-05
2.69531e+01 4.31037e-11 8.24687e-06 3.19475e-05 5.75491e-11 -2.54866e-15 2.80675e-05
2.69604e+01 4.24472e-11 8.25662e-06 3.18992e-05 5.65501e-11 -2.54526e-15 2.79843e-05
2.69678e+01 4.18291e-11 8.26635e-06 3.18511e-05 5.55534e-11 -2.54188e-15 2.79011e-05
2.69751e+01 4.11735e-11 8.27607e-06 3.18030e-05 5.45590e-11 -2.53852e-15 2.78181e-05
2.69824e+01 4.05561e-11 8.28577e-06 3.17549e-05 5.35669e-11 -2.53517e-15 2.77351e-05
2.69897e+01 3.99011e-11 8.29545e-06 3.17068e-05 5.25772e-11 -2.53185e-15 2.76523e-05
2.69971e+01 3.92839e-11 8.30512e-06 3.16588e-05 5.15898e-11 -2.52855e-15 2.75695e-05
2.70044e+01 3.86293e-11 8.31476e-06 3.16108e-05 5.06047e-11 -2.52527e-15 2.74868e-05
2.70117e+01 3.80122e-11 8.32439e-06 3.15629e-05 4.96218e-11 -2.52202e-15 2.74042e-05
2.70190e+01 3.73577e-11 8.33400e-06 3.15150e-05 4.86413e-11 -2.51878e-15 2.73217e-05
2.70264e+01 3.67404e-11 8.34360e-06 3.14671e-05 4.76630e-11 -2.51557e-15 2.72393e-05
2.70337e+01 3.60858e-11 8.35317e-06 3.14193e-05 4.66869e-11 -2.51239e-15 2.71570e-05
2.70410e+01 3.54680e-11 8.36272e-06 3.13715e-05 4.57131e-11 -2.50922e-15 2.70748e-05
2.70483e+01 3.48131e-11 8.37226e-06 3.13237e-05 4.47416e-11 -2.50609e-15 2.69926e-05
2.70557e+01 3.41947e-11 8.38178e-06 3.12760e-05 4.37722e-11 -2.50297e-15 2.69106e-05
2.70630e+01 3.35392e-11 8.39128e-06 3.12283e-05 4.28051e-11 -2.49988e-15 2.68286e-05
2.70703e+01 3.29200e-11 8.40076e-06 3.11806e-05 4.18403e-11 -2.49682e-15 2.67467e-05
2.70776e+01 3.22639e-11 8.41022e-06 3.11330e-05 4.08776e-11 -2.49378e-15 2.66649e-05
2.70850e+01 3.16437e-11 8.41966e-06 3.10854e-05 3.99172e-11 -2.49077e-15 2.65832e-05
2.70923e+01 3.09868e-11 8.42909e-06 3.10379e-05 3.89590e-11 -2.48778e-15 2.65016e-05
2.70996e+01 3.03655e-11 8.43850e-06 3.09904e-05 3.80031e-11 -2.48482e-15 2.64201e-05
2.71069e+01 2.97078e-11 8.44789e-06 3.09429e-05 3.70493e-11 -2.48189e-15 2.63386e-05
2.71143e+01 2.90854e-11 8.45726e-06 3.08954e-05 3.60978e-11 -2.47898e-15 2.62573e-05
2.71216e+01 2.84267e-11 8.46662e-06 3.08480e-05 3.51486e-11 -2.47610e-15 2.61760e-05
2.71289e+01 2.78032e-11 8.47595e-06 3.08007e-05 3.42016e-11 -2.47325e-15 2.60949e-05
2.71362e+01 2.71436e-11 8.48528e-06 3.07533e-05 3.32568e-11 -2.47043e-15 2.60138e-05
2.71436e+01 2.65190e-11 8.49459e-06 3.07061e-05 3.23143e-11 -2.46763e-15 2.59328e-05
2.71509e+01 2.58585e-11 8.50388e-06 3.06588e-05 3.13741e-11 -2.46486e-15 2.58519e-05
2.71582e+01 2.52328e-11 8.51316e-06 3.06116e-05 3.04362e-11 -2.46211e-15 2.57710e-05
2.71655e+01 2.45716e-11 8.52242e-06 3.05644e-05 2.95005e-11 -2.45939e-15 2.56903e-05
2.71729e+01 2.39450e-11 8.53167e-06 3.05173e-05 2.85672e-11 -2.45670e-15 2.56096e-05
2.71802e+01 2.32830e-11 8.54091e-06 3.04702e-05 2.76362e-11 -2.45404e-15 2.55291e-05
2.71875e+01 2.26557e-11 8.55014e-06 3.04231e-05 2.67076e-11 -2.45140e-15 2.54486e-05
2.71948e+01 2.19933e-11 8.55936e-06 3.03761e-05 2.57813e-11 -2.44879e-15 2.53682e-05
2.72021e+01 2.13653e-11 8.56857e-06 3.03292e-05 2.48574e-11 -2.44620e-15 2.52879e-05
2.72095e+01 2.07027e-11 8.57777e-06 3.02823e-05 2.39359e-11 -2.44364e-15 2.52077e-05
2.72168e+01 2.00744e-11 8.58696e-06 3.02354e-05 2.30168e-11 -2.44111e-15 2.51276e-05
2.72241e+01 1.94118e-11 8.59614e-06 3.01886e-05 2.21002e-11 -2.43859e-15 2.50475e-05
2.72314e+01 1.87834e-11 8.60532e-06 3.01418e-05 2.11860e-11 -2.43611e-15 2.49676e-05
2.72388e+01 1.81212e-11 8.61450e-06 3.00951e-05 2.02744e-11 -2.43364e-15 2.48877e-05
2.72461e+01 1.74932e-11 8.62367e-06 3.00484e-05 1.93652e-11 -2.43120e-15 2.48079e-05
2.72534e+01 1.68316e-11 8.63284e-06 3.00018e-05 1.84586e-11 -2.42879e-15 2.47282e-05
2.72607e+01 1.62043e-11 8.64201e-06 2.99553e-05 1.75546e-11 -2.42639e-15 2.46486e-05
2.72681e+01 1.55439e-11 8.65119e-06 2.99088e-05 1.66531e-11 -2.42401e-15 2.45691e-05
2.72754e+01 1.49177e-11 8.66036e-06 2.98623e-05 1.57543e-11 -2.42166e-15 2.44896e-05
2.72827e+01 1.42589e-11 8.66954e-06 2.98160e-05 1.48582e-11 -2.41932e-15 2.44103e-05
2.72900e+01 1.36343e-11 8.67872e-06 2.97696e-05 1.39647e-11 -2.41701e-15 2.43310e-05
2.72974e+01 1.29775e-11 8.68791e-06 2.97234e-05 1.30740e-11 -2.41471e-15 2.42518e-05
2.73047e+01 1.23551e-11 8.69711e-06 2.96772e-05 1.21860e-11 -2.41243e-15 2.41727e-05
2.73120e+01 1.17009e-11 8.70631e-06 2.96311e-05 1.13009e-11 -2.41016e-15 2.40937e-05
2.73193e+01 1.10811e-11 8.71553e-06 2.95850e-05 1.04185e-11 -2.40791e-15 2.40147e-05
2.73267e+01 1.04301e-11 8.72476e-06 2.95390e-05 9.53897e-12 -2.40568e-15 2.39359e-05
2.73340e+01 9.81353e-12 8.73400e-06 2.94931e-05 8.66234e-12 -2.40346e-15 2.38571e-05
2.73413e+01 9.16624e-12 8.74326e-06 2.94473e-05 7.78864e-12 -2.40125e-15 2.37784e-05
2.73486e+01 8.55358e-12 8.75254e-06 2.94015e-05 6.91789e-12 -2.39905e-15 2.36998e-05
2.73560e+01 7.91069e-12 8.76184e-06 2.93558e-05 6.05013e-12 -2.39686e-15 2.36213e-05
2.73633e+01 7.30255e-12 8.77116e-06 2.93102e-05 5.18541e-12 -2.39468e-15 2.35429e-05
2.73706e+01 6.66470e-12 8.78050e-06 2.92646e-05 4.32375e-12 -2.39251e-15 2.34646e-05
2.73779e+01 6.06174e-12 8.78987e-06 2.92192e-05 3.46519e-12 -2.39035e-15 2.33863e-05
2.73853e+01 5.42963e-12 8.79926e-06 2.91738e-05 2.60976e-12 -2.38819e-15 2.33081e-05
2.73926e+01 4.83256e-12 8.80868e-06 2.91286e-05 1.75751e-12 -2.38603e-15 2.32300e-05
2.73999e+01 4.20689e-12 8.81813e-06 2.90834e-05 9.08474e-13 -2.38388e-15 2.31520e-05
2.74072e+01 3.61642e-12 8.82761e-06 2.90383e-05 6.26776e-14 -2.38173e-15 2.30741e-05
2.74146e+01 2.99794e-12 8.83713e-06 2.89933e-05 -7.79837e-13 -2.37958e-15 2.29963e-05
2.74219e+01 2.41480e-12 8.84668e-06 2.89484e-05 -1.61904e-12 -2.37743e-15 2.29185e-05
2.74292e+01 1.80421e-12 8.85627e-06 2.89036e-05 -2.45488e-12 -2.37528e-15 2.28408e-05
2.74365e+01 1.22915e-12 8.86589e-06 2.88588e-05 -3.28734e-12 -2.37312e-15 2.27632e-05
2.74438e+01 6.27222e-13 8.87556e-06 2.88142e-05 -4.11638e-12 -2.37096e-15 2.26857e-05
2.74512e+01 6.09920e-14 8.88527e-06 2.87697e-05 -4.94196e-12 -2.36879e-15 2.26083e-05
2.74585e+01 -5.31520e-13 8.89502e-06 2.87253e-05 -5.76406e-12 -2.36661e-15 2.25309e-05
2.74658e+01 -1.08815e-12 8.90482e-06 2.86810e-05 -6.58263e-12 -2.36443e-15 2.24537e-05
2.74731e+01 -1.67050e-12 8.91467e-06 2.86368e-05 -7.39765e-12 -2.36223e-15 2.23765e-05
2.74805e+01 -2.21678e-12 8.92456e-06 2.85928e-05 -8.20908e-12 -2.36002e-15 2.22994e-05
2.74878e+01 -2.78820e-12 8.93451e-06 2.85488e-05 -9.01690e-12 -2.35780e-15 2.22224e-05
2.74951e+01 -3.32338e-12 8.94451e-06 2.85049e-05 -9.82107e-12 -2.35556e-15 2.21454e-05
2.75024e+01 -3.88312e-12 8.95456e-06 2.84612e-05 -1.06216e-11 -2.35330e-15 2.20686e-05
2.75098e+01 -4.40646e-12 8.96467e-06 2.84176e-05 -1.14184e-11 -2.35103e-15 2.19918e-05
2.75171e+01 -4.95378e-12 8.97484e-06 2.83741e-05 -1.22114e-11 -2.34874e-15 2.19151e-05
2.75244e+01 -5.46454e-12 8.98506e-06 2.83307e-05 -1.30008e-11 -2.34643e-15 2.18385e-05
2.75317e+01 -5.99873e-12 8.99535e-06 2.82874e-05 -1.37863e-11 -2.34409e-15 2.17620e-05
2.75391e+01 -6.49621e-12 9.00569e-06 2.82443e-05 -1.45680e-11 -2.34173e-15 2.16856e-05
2.75464e+01 -7.01656e-12 9.01610e-06 2.82013e-05 -1.53460e-11 -2.33934e-15 2.16092e-05
2.75537e+01 -7.50005e-12 9.02657e-06 2.81584e-05 -1.61200e-11 -2.33693e-15 2.15329e-05
2.75610e+01 -8.00588e-12 9.03711e-06 2.81157e-05 -1.68903e-11 -2.33449e-15 2.14567e-05
2.75684e+01 -8.47475e-12 9.04772e-06 2.80730e-05 -1.76566e-11 -2.33202e-15 2.13806e-05
2.75757e+01 -8.96544e-12 9.05839e-06 2.80306e-05 -1.84191e-11 -2.32952e-15 2.13045e-05
2.75830e+01 -9.41905e-12 9.06913e-06 2.79882e-05 -1.91777e-11 -2.32699e-15 2.12286e-05
2.75903e+01 -9.89397e-12 9.07994e-06 2.79460e-05 -1.99324e-11 -2.32442e-15 2.11527e-05
2.75977e+01 -1.03317e-11 9.09082e-06 2.79039e-05 -2.06831e-11 -2.32182e-15 2.10769e-05
2.76050e+01 -1.07903e-11 9.10177e-06 2.78619e-05 -2.14299e-11 -2.31918e-15 2.10012e-05
2.76123e+01 -1.12117e-11 9.11280e-06 2.78201e-05 -2.21729e-11 -2.31651e-15 2.09256e-05
2.76196e+01 -1.16535e-11 9.12390e-06 2.77784e-05 -2.29118e-11 -2.31379e-15 2.08500e-05
2.76270e+01 -1.20580e-11 9.13507e-06 2.77368e-05 -2.36469e-11 -2.31104e-15 2.07745e-05
2.76343e+01 -1.24825e-11 9.14631e-06 2.76954e-05 -2.43781e-11 -2.30824e-15 2.06991e-05
2.76416e+01 -1.28697e-11 9.15762e-06 2.76541e-05 -2.51053e-11 -2.30540e-15 2.06238e-05
2.76489e+01 -1.32765e-11 9.16901e-06 2.76130e-05 -2.58286e-11 -2.30252e-15 2.05486e-05
2.76562e+01 -1.36460e-11 9.18048e-06 2.75719e-05 -2.65481e-11 -2.29960e-15 2.04734e-05
2.76636e+01 -1.40348e-11 9.19202e-06 2.75311e-05 -2.72637e-11 -2.29662e-15 2.03983e-05
2.76709e+01 -1.43864e-11 9.20363e-06 2.74903e-05 -2.79754e-11 -2.29361e-15 2.03233e-05
2.76782e+01 -1.47569e-11 9.21531e-06 2.74497e-05 -2.86834e-11 -2.29054e-15 2.02484e-05
2.76855e+01 -1.50903e-11 9.22707e-06 2.74092e-05 -2.93875e-11 -2.28743e-15 2.01736e-05
2.76929e+01 -1.54423e-11 9.23890e-06 2.73689e-05 -3.00878e-11 -2.28426e-15 2.00988e-05
2.77002e+01 -1.57574e-11 9.25080e-06 2.73286e-05 -3.07844e-11 -2.28105e-15 2.00241e-05
2.77075e+01 -1.60909e-11 9.26277e-06 2.72886e-05 -3.14774e-11 -2.27779e-15 1.99495e-05
2.77148e+01 -1.63877e-11 9.27481e-06 2.72486e-05 -3.21666e-11 -2.27447e-15 1.98750e-05
2.77222e+01 -1.67027e-11 9.28691e-06 2.72088e-05 -3.28523e-11 -2.27110e-15 1.98006e-05
2.77295e+01 -1.69812e-11 9.29909e-06 2.71690e-05 -3.35344e-11 -2.26768e-15 1.97262e-05
2.77368e+01 -1.72778e-11 9.31132e-06 2.71295e-05 -3.42130e-11 -2.26421e-15 1.96519e-05
2.77441e+01 -1.75381e-11 9.32362e-06 2.70900e-05 -3.48882e-11 -2.26069e-15 1.95777e-05
2.77515e+01 -1.78166e-11 9.33598e-06 2.70506e-05 -3.55601e-11 -2.25711e-15 1.95036e-05
2.77588e+01 -1.80591e-11 9.34840e-06 2.70114e-05 -3.62286e-11 -2.25348e-15 1.94295e-05
2.77661e+01 -1.83197e-11 9.36088e-06 2.69723e-05 -3.68939e-11 -2.24980e-15 1.93556e-05
2.77734e+01 -1.85449e-11 9.37341e-06 2.69332e-05 -3.75561e-11 -2.24606e-15 1.92817e-05
2.77808e+01 -1.87883e-11 9.38598e-06 2.68943e-05 -3.82152e-11 -2.24227e-15 1.92078e-05
2.77881e+01 -1.89967e-11 9.39861e-06 2.68555e-05 -3.88714e-11 -2.23843e-15 1.91341e-05
2.77954e+01 -1.92233e-11 9.41127e-06 2.68167e-05 -3.95247e-11 -2.23453e-15 1.90604e-05
2.78027e+01 -1.94157e-11 9.42398e-06 2.67781e-05 -4.01753e-11 -2.23059e-15 1.89869e-05
2.78101e+01 -1.96265e-11 9.43672e-06 2.67395e-05 -4.08233e-11 -2.22659e-15 1.89133e-05
2.78174e+01 -1.98037e-11 9.44949e-06 2.67010e-05 -4.14687e-11 -2.22254e-15 1.88399e-05
2.78247e+01 -1.99997e-11 9.46229e-06 2.66626e-05 -4.21118e-11 -2.21845e-15 1.87666e-05
2.78320e+01 -2.01628e-11 9.47511e-06 2.66243e-05 -4.27527e-11 -2.21430e-15 1.86933e-05
2.78394e+01 -2.03451e-11 9.48794e-06 2.65860e-05 -4.33915e-11 -2.21011e-15 1.86201e-05
2.78467e+01 -2.04954e-11 9.50078e-06 2.65477e-05 -4.40284e-11 -2.20588e-15 1.85470e-05
2.78540e+01 -2.06655e-11 9.51363e-06 2.65095e-05 -4.46635e-11 -2.20160e-15 1.84739e-05
2.78613e+01 -2.08046e-11 9.52647e-06 2.64713e-05 -4.52970e-11 -2.19728e-15 1.84010e-05
2.78687e+01 -2.09641e-11 9.53930e-06 2.64332e-05 -4.59291e-11 -2.19293e-15 1.83281e-05
2.78760e+01 -2.10937e-11 9.55212e-06 2.63950e-05 -4.65601e-11 -2.18853e-15 1.82552e-05
2.78833e+01 -2.12445e-11 9.56490e-06 2.63569e-05 -4.71900e-11 -2.18410e-15 1.81825e-05
2.78906e+01 -2.13666e-11 9.57766e-06 2.63187e-05 -4.78192e-11 -2.17964e-15 1.81098e-05
2.78979e+01 -2.15110e-11 9.59037e-06 2.62806e-05 -4.84478e-11 -2.17515e-15 1.80373e-05
2.79053e+01 -2.16280e-11 9.60303e-06 2.62424e-05 -4.90762e-11 -2.17064e-15 1.79648e-05
2.79126e+01 -2.17684e-11 9.61563e-06 2.62041e-05 -4.97045e-11 -2.16611e-15 1.78923e-05
2.79199e+01 -2.18830e-11 9.62815e-06 2.61658e-05 -5.03331e-11 -2.16156e-15 1.78200e-05
2.79272e+01 -2.20223e-11 9.64059e-06 2.61274e-05 -5.09622e-11 -2.15699e-15 1.77477e-05
2.79346e+01 -2.21376e-11 9.65294e-06 2.60890e-05 -5.15921e-11 -2.15242e-15 1.76755e-05
2.79419e+01 -2.22791e-11 9.66517e-06 2.60504e-05 -5.22232e-11 -2.14785e-15 1.76033e-05
2.79492e+01 -2.23986e-11 9.67729e-06 2.60117e-05 -5.28558e-11 -2.14327e-15 1.75313e-05
2.79565e+01 -2.25460e-11 9.68927e-06 2.59729e-05 -5.34902e-11 -2.13871e-15 1.74593e-05
2.79639e+01 -2.26737e-11 9.70109e-06 2.59339e-05 -5.41270e-11 -2.13416e-15 1.73874e-05
2.79712e+01 -2.28312e-11 9.71276e-06 2.58947e-05 -5.47663e-11 -2.12963e-15 1.73156e-05
2.79785e+01 -2.29716e-11 9.72424e-06 2.58553e-05 -5.54087e-11 -2.12514e-15 1.72438e-05
2.79858e+01 -2.31441e-11 9.73552e-06 2.58157e-05 -5.60547e-11 -2.12068e-15 1.71721e-05
2.79932e+01 -2.33023e-11 9.74658e-06 2.57758e-05 -5.67046e-11 -2.11626e-15 1.71005e-05
2.80005e+01 -2.34952e-11 9.75740e-06 2.57356e-05 -5.73590e-11 -2.11190e-15 1.70290e-05
2.80078e+01 -2.36768e-11 9.76797e-06 2.56952e-05 -5.80183e-11 -2.10760e-15 1.69576e-05
2.80151e+01 -2.38955e-11 9.77827e-06 2.56544e-05 -5.86829e-11 -2.10338e-15 1.68862e-05
2.80225e+01 -2.41057e-11 9.78828e-06 2.56133e-05 -5.93533e-11 -2.09923e-15 1.68149e-05
2.80298e+01 -2.43554e-11 9.79798e-06 2.55718e-05 -6.00297e-11 -2.09517e-15 1.67436e-05
2.80371e+01 -2.45990e-11 9.80737e-06 2.55299e-05 -6.07126e-11 -2.09121e-15 1.66725e-05
2.80444e+01 -2.48841e-11 9.81643e-06 2.54876e-05 -6.14021e-11 -2.08736e-15 1.66014e-05
2.80518e+01 -2.51654e-11 9.82515e-06 2.54449e-05 -6.20986e-11 -2.08361e-15 1.65304e-05
2.80591e+01 -2.54899e-11 9.83352e-06 2.54018e-05 -6.28024e-11 -2.07998e-15 1.64595e-05
2.80664e+01 -2.58126e-11 9.84152e-06 2.53582e-05 -6.35135e-11 -2.07648e-15 1.63886e-05
2.80737e+01 -2.61800e-11 9.84915e-06 2.53141e-05 -6.42323e-11 -2.07311e-15 1.63178e-05
2.80811e+01 -2.65473e-11 9.85640e-06 2.52696e-05 -6.49588e-11 -2.06987e-15 1.62471e-05
2.80884e+01 -2.69604e-11 9.86326e-06 2.52247e-05 -6.56932e-11 -2.06678e-15 1.61765e-05
2.80957e+01 -2.73750e-11 9.86973e-06 2.51792e-05 -6.64357e-11 -2.06383e-15 1.61059e-05
2.81030e+01 -2.78362e-11 9.87580e-06 2.51333e-05 -6.71862e-11 -2.06103e-15 1.60354e-05
2.81104e+01 -2.83001e-11 9.88147e-06 2.50868e-05 -6.79448e-11 -2.05839e-15 1.59650e-05
2.81177e+01 -2.88113e-11 9.88673e-06 2.50399e-05 -6.87115e-11 -2.05591e-15 1.58947e-05
2.81250e+01 -2.93260e-11 9.89158e-06 2.49925e-05 -6.94864e-11 -2.05358e-15 1.58244e-05
2.81323e+01 -2.98886e-11 9.89601e-06 2.49446e-05 -7.02694e-11 -2.05142e-15 1.57542e-05
2.81396e+01 -3.04553e-11 9.90004e-06 2.48962e-05 -7.10605e-11 -2.04943e-15 1.56841e-05
2.81470e+01 -3.10699e-11 9.90364e-06 2.48473e-05 -7.18595e-11 -2.04761e-15 1.56140e-05
2.81543e+01 -3.16891e-11 9.90684e-06 2.47979e-05 -7.26665e-11 -2.04596e-15 1.55441e-05
2.81616e+01 -3.23562e-11 9.90962e-06 2.47480e-05 -7.34813e-11 -2.04448e-15 1.54741e-05
2.81689e+01 -3.30278e-11 9.91199e-06 2.46976e-05 -7.43037e-11 -2.04316e-15 1.54043e-05
2.81763e+01 -3.37471e-11 9.91396e-06 2.46467e-05 -7.51336e-11 -2.04203e-15 1.53346e-05
2.81836e+01 -3.44709e-11 9.91552e-06 2.45954e-05 -7.59708e-11 -2.04106e-15 1.52649e-05
2.81909e+01 -3.52416e-11 9.91668e-06 2.45436e-05 -7.68152e-11 -2.04026e-15 1.51953e-05
2.81982e+01 -3.60166e-11 9.91744e-06 2.44914e-05 -7.76664e-11 -2.03964e-15 1.51257e-05
2.82056e+01 -3.68377e-11 9.91782e-06 2.44387e-05 -7.85243e-11 -2.03918e-15 1.50562e-05
2.82129e+01 -3.76625e-11 9.91781e-06 2.43856e-05 -7.93887e-11 -2.03889e-15 1.49868e-05
2.82202e+01 -3.85324e-11 9.91742e-06 2.43321e-05 -8.02591e-11 -2.03877e-15 1.49175e-05
2.82275e+01 -3.94051e-11 9.91667e-06 2.42781e-05 -8.11354e-11 -2.03880e-15 1.48483e-05
2.82349e+01 -4.03218e-11 9.91556e-06 2.42238e-05 -8.20173e-11 -2.03900e-15 1.47791e-05
2.82422e+01 -4.12403e-11 9.91410e-06 2.41691e-05 -8.29044e-11 -2.03935e-15 1.47100e-05
2.82495e+01 -4.22013e-11 9.91229e-06 2.41141e-05 -8.37964e-11 -2.03986e-15 1.46409e-05
2.82568e+01 -4.31629e-11 9.91016e-06 2.40587e-05 -8.46929e-11 -2.04051e-15 1.45720e-05
2.82642e+01 -4.41653e-11 9.90771e-06 2.40029e-05 -8.55935e-11 -2.04131e-15 1.45031e-05
2.82715e+01 -4.51671e-11 9.90495e-06 2.39469e-05 -8.64979e-11 -2.04225e-15 1.44342e-05
2.82788e+01 -4.62078e-11 9.90189e-06 2.38906e-05 -8.74057e-11 -2.04333e-15 1.43655e-05
2.82861e+01 -4.72463e-11 9.89856e-06 2.38340e-05 -8.83165e-11 -2.04453e-15 1.42968e-05
2.82935e+01 -4.83217e-11 9.89495e-06 2.37772e-05 -8.92298e-11 -2.04586e-15 1.42282e-05
2.83008e+01 -4.93931e-11 9.89109e-06 2.37202e-05 -9.01453e-11 -2.04731e-15 1.41597e-05
2.83081e+01 -5.04994e-11 9.88700e-06 2.36630e-05 -9.10624e-11 -2.04888e-15 1.40912e-05
2.83154e+01 -5.15998e-11 9.88268e-06 2.36056e-05 -9.19806e-11 -2.05056e-15 1.40228e-05
2.83228e+01 -5.27327e-11 9.87815e-06 2.35481e-05 -9.28996e-11 -2.05233e-15 1.39545e-05
2.83301e+01 -5.38577e-11 9.87343e-06 2.34904e-05 -9.38189e-11 -2.05421e-15 1.38862e-05
2.83374e+01 -5.50127e-11 9.86854e-06 2.34327e-05 -9.47379e-11 -2.05617e-15 1.38180e-05
2.83447e+01 -5.61577e-11 9.86349e-06 2.33749e-05 -9.56561e-11 -2.05822e-15 1.37499e-05
2.83521e+01 -5.73301e-11 9.85831e-06 2.33171e-05 -9.65731e-11 -2.06035e-15 1.36819e-05
2.83594e+01 -5.84902e-11 9.85300e-06 2.32593e-05 -9.74882e-11 -2.06255e-15 1.36139e-05
2.83667e+01 -5.96750e-11 9.84760e-06 2.32014e-05 -9.84011e-11 -2.06481e-15 1.35460e-05
2.83740e+01 -6.08452e-11 9.84212e-06 2.31437e-05 -9.93111e-11 -2.06714e-15 1.34781e-05
2.83813e+01 -6.20371e-11 9.83658e-06 2.30860e-05 -1.00218e-10 -2.06951e-15 1.34104e-05
2.83887e+01 -6.32120e-11 9.83100e-06 2.30285e-05 -1.01120e-10 -2.07193e-15 1.33427e-05
2.83960e+01 -6.44057e-11 9.82540e-06 2.29711e-05 -1.02018e-10 -2.07438e-15 1.32751e-05
2.84033e+01 -6.55797e-11 9.81981e-06 2.29139e-05 -1.02911e-10 -2.07687e-15 1.32075e-05
2.84106e+01 -6.67697e-11 9.81425e-06 2.28570e-05 -1.03798e-10 -2.07938e-15 1.31400e-05
2.84180e+01 -6.79372e-11 9.80875e-06 2.28003e-05 -1.04679e-10 -2.08191e-15 1.30726e-05
2.84253e+01 -6.91176e-11 9.80331e-06 2.27438e-05 -1.05553e-10 -2.08445e-15 1.30053e-05
2.84326e+01 -7.02729e-11 9.79798e-06 2.26878e-05 -1.06420e-10 -2.08699e-15 1.29380e-05
2.84399e+01 -7.14379e-11 9.79276e-06 2.26321e-05 -1.07278e-10 -2.08954e-15 1.28708e-05
2.84473e+01 -7.25749e-11 9.78770e-06 2.25768e-05 -1.08128e-10 -2.09207e-15 1.28036e-05
2.84546e+01 -7.37185e-11 9.78281e-06 2.25219e-05 -1.08968e-10 -2.09459e-15 1.27366e-05
2.84619e+01 -7.48313e-11 9.77812e-06 2.24675e-05 -1.09799e-10 -2.09709e-15 1.26696e-05
2.84692e+01 -7.59475e-11 9.77366e-06 2.24137e-05 -1.10618e-10 -2.09956e-15 1.26026e-05
2.84766e+01 -7.70299e-11 9.76945e-06 2.23604e-05 -1.11427e-10 -2.10200e-15 1.25358e-05
2.84839e+01 -7.81124e-11 9.76553e-06 2.23078e-05 -1.12224e-10 -2.10440e-15 1.24690e-05
2.84912e+01 -7.91583e-11 9.76191e-06 2.22558e-05 -1.13008e-10 -2.10676e-15 1.24022e-05
2.84985e+01 -8.02010e-11 9.75862e-06 2.22045e-05 -1.13778e-10 -2.10906e-15 1.23356e-05
2.85059e+01 -8.12041e-11 9.75571e-06 2.21539e-05 -1.14535e-10 -2.11131e-15 1.22690e-05
2.85132e+01 -8.22007e-11 9.75319e-06 2.21041e-05 -1.15278e-10 -2.11350e-15 1.22025e-05
2.85205e+01 -8.31549e-11 9.75109e-06 2.20552e-05 -1.16005e-10 -2.11563e-15 1.21360e-05
2.85278e+01 -8.40992e-11 9.74945e-06 2.20071e-05 -1.16716e-10 -2.11768e-15 1.20696e-05
2.85352e+01 -8.49980e-11 9.74830e-06 2.19600e-05 -1.17410e-10 -2.11965e-15 1.20033e-05
2.85425e+01 -8.58838e-11 9.74766e-06 2.19138e-05 -1.18087e-10 -2.12155e-15 1.19371e-05
2.85498e+01 -8.67211e-11 9.74757e-06 2.18687e-05 -1.18746e-10 -2.12336e-15 1.18709e-05
2.85571e+01 -8.75420e-11 9.74806e-06 2.18246e-05 -1.19386e-10 -2.12508e-15 1.18048e-05
2.85645e+01 -8.83115e-11 9.74916e-06 2.17817e-05 -1.20007e-10 -2.12671e-15 1.17387e-05
2.85718e+01 -8.90613e-11 9.75091e-06 2.17399e-05 -1.20607e-10 -2.12824e-15 1.16728e-05
2.85791e+01 -8.97568e-11 9.75334e-06 2.16993e-05 -1.21186e-10 -2.12967e-15 1.16069e-05
2.85864e+01 -9.04294e-11 9.75649e-06 2.16600e-05 -1.21744e-10 -2.13100e-15 1.15410e-05
2.85938e+01 -9.10447e-11 9.76038e-06 2.16221e-05 -1.22278e-10 -2.13222e-15 1.14753e-05
2.86011e+01 -9.16338e-11 9.76505e-06 2.15855e-05 -1.22790e-10 -2.13333e-15 1.14095e-05
2.86084e+01 -9.21628e-11 9.77055e-06 2.15504e-05 -1.23277e-10 -2.13432e-15 1.13439e-05
2.86157e+01 -9.26622e-11 9.77690e-06 2.15167e-05 -1.23739e-10 -2.13519e-15 1.12783e-05
2.86230e+01 -9.30988e-11 9.78414e-06 2.14846e-05 -1.24175e-10 -2.13594e-15 1.12128e-05
2.86304e+01 -9.35026e-11 9.79231e-06 2.14541e-05 -1.24584e-10 -2.13657e-15 1.11474e-05
2.86377e+01 -9.38407e-11 9.80145e-06 2.14253e-05 -1.24966e-10 -2.13707e-15 1.10820e-05
2.86450e+01 -9.41428e-11 9.81159e-06 2.13982e-05 -1.25320e-10 -2.13745e-15 1.10167e-05
2.86523e+01 -9.43764e-11 9.82277e-06 2.13729e-05 -1.25644e-10 -2.13769e-15 1.09515e-05
2.86597e+01 -9.45708e-11 9.83504e-06 2.13495e-05 -1.25937e-10 -2.13780e-15 1.08863e-05
2.86670e+01 -9.46939e-11 9.84843e-06 2.13279e-05 -1.26200e-10 -2.13777e-15 1.08212e-05
2.86743e+01 -9.47748e-11 9.86299e-06 2.13083e-05 -1.26430e-10 -2.13760e-15 1.07562e-05
2.86816e+01 -9.47815e-11 9.87875e-06 2.12908e-05 -1.26627e-10 -2.13729e-15 1.06912e-05
2.86890e+01 -9.47428e-11 9.89576e-06 2.12754e-05 -1.26790e-10 -2.13684e-15 1.06263e-05
2.86963e+01 -9.46272e-11 9.91406e-06 2.12621e-05 -1.26917e-10 -2.13624e-15 1.05615e-05
2.87036e+01 -9.44632e-11 9.93369e-06 2.12511e-05 -1.27008e-10 -2.13549e-15 1.04967e-05
2.87109e+01 -9.42194e-11 9.95470e-06 2.12424e-05 -1.27061e-10 -2.13459e-15 1.04320e-05
2.87183e+01 -9.39241e-11 9.97714e-06 2.12361e-05 -1.27076e-10 -2.13354e-15 1.03673e-05
2.87256e+01 -9.35462e-11 1.00010e-05 2.12322e-05 -1.27050e-10 -2.13234e-15 1.03028e-05
2.87329e+01 -9.31137e-11 1.00265e-05 2.12309e-05 -1.26984e-10 -2.13097e-15 1.02383e-05
2.87402e+01 -9.25959e-11 1.00534e-05 2.12322e-05 -1.26875e-10 -2.12945e-15 1.01738e-05
2.87476e+01 -9.20202e-11 1.00820e-05 2.12362e-05 -1.26722e-10 -2.12776e-15 1.01094e-05
2.87549e+01 -9.13565e-11 1.01123e-05 2.12430e-05 -1.26524e-10 -2.12590e-15 1.00451e-05
2.87622e+01 -9.06316e-11 1.01443e-05 2.12526e-05 -1.26279e-10 -2.12388e-15 9.98088e-06
2.87695e+01 -8.98158e-11 1.01780e-05 2.12652e-05 -1.25986e-10 -2.12168e-15 9.91670e-06
2.87769e+01 -8.89355e-11 1.02136e-05 2.12808e-05 -1.25644e-10 -2.11931e-15 9.85259e-06
2.87842e+01 -8.79614e-11 1.02510e-05 2.12995e-05 -1.25250e-10 -2.11675e-15 9.78854e-06
2.87915e+01 -8.69195e-11 1.02904e-05 2.13215e-05 -1.24803e-10 -2.11401e-15 9.72455e-06
2.87988e+01 -8.57806e-11 1.03317e-05 2.13467e-05 -1.24301e-10 -2.11109e-15 9.66063e-06
2.88062e+01 -8.45704e-11 1.03751e-05 2.13754e-05 -1.23742e-10 -2.10797e-15 9.59678e-06
2.88135e+01 -8.32599e-11 1.04206e-05 2.14076e-05 -1.23125e-10 -2.10465e-15 9.53299e-06
2.88208e+01 -8.18745e-11 1.04683e-05 2.14434e-05 -1.22447e-10 -2.10114e-15 9.46926e-06
2.88281e+01 -8.03854e-11 1.05182e-05 2.14830e-05 -1.21706e-10 -2.09741e-15 9.40560e-06
2.88354e+01 -7.88174e-11 1.05704e-05 2.15264e-05 -1.20899e-10 -2.09346e-15 9.34201e-06
2.88428e+01 -7.71421e-11 1.06249e-05 2.15738e-05 -1.20025e-10 -2.08930e-15 9.27848e-06
2.88501e+01 -7.53837e-11 1.06819e-05 2.16253e-05 -1.19081e-10 -2.08491e-15 9.21501e-06
2.88574e+01 -7.35139e-11 1.07414e-05 2.16810e-05 -1.18063e-10 -2.08028e-15 9.15161e-06
2.88647e+01 -7.15566e-11 1.08035e-05 2.17411e-05 -1.16970e-10 -2.07540e-15 9.08827e-06
2.88721e+01 -6.94835e-11 1.08683e-05 2.18056e-05 -1.15799e-10 -2.07027e-15 9.02500e-06
2.88794e+01 -6.73178e-11 1.09357e-05 2.18749e-05 -1.14545e-10 -2.06488e-15 8.96179e-06
2.88867e+01 -6.50314e-11 1.10061e-05 2.19489e-05 -1.13206e-10 -2.05922e-15 8.89864e-06
2.88940e+01 -6.26470e-11 1.10793e-05 2.20279e-05 -1.11778e-10 -2.05326e-15 8.83556e-06
2.89014e+01 -6.01364e-11 1.11555e-05 2.21120e-05 -1.10257e-10 -2.04701e-15 8.77254e-06
2.89087e+01 -5.75216e-11 1.12348e-05 2.22014e-05 -1.08639e-10 -2.04045e-15 8.70959e-06
2.89160e+01 -5.47743e-11 1.13174e-05 2.22963e-05 -1.06920e-10 -2.03356e-15 8.64670e-06
2.89233e+01 -5.19158e-11 1.14032e-05 2.23969e-05 -1.05095e-10 -2.02633e-15 8.58388e-06
2.89307e+01 -4.89178e-11 1.14924e-05 2.25034e-05 -1.03160e-10 -2.01874e-15 8.52111e-06
2.89380e+01 -4.58004e-11 1.15852e-05 2.26160e-05 -1.01108e-10 -2.01077e-15 8.45841e-06
2.89453e+01 -4.25353e-11 1.16816e-05 2.27350e-05 -9.89342e-11 -2.00241e-15 8.39578e-06
2.89526e+01 -3.91416e-11 1.17817e-05 2.28606e-05 -9.66326e-11 -1.99362e-15 8.33321e-06
2.89600e+01 -3.55904e-11 1.18858e-05 2.29930e-05 -9.41965e-11 -1.98439e-15 8.27070e-06
2.89673e+01 -3.18999e-11 1.19939e-05 2.31326e-05 -9.16188e-11 -1.97468e-15 8.20825e-06
2.89746e+01 -2.80407e-11 1.21062e-05 2.32797e-05 -8.88920e-11 -1.96448e-15 8.14587e-06
2.89819e+01 -2.40288e-11 1.22227e-05 2.34343e-05 -8.60069e-11 -1.95374e-15 8.08355e-06
2.89893e+01 -1.98499e-11 1.23440e-05 2.35975e-05 -8.29709e-11 -1.94242e-15 8.02130e-06
2.89966e+01 -1.56142e-11 1.24681e-05 2.37649e-05 -7.98693e-11 -1.93046e-15 7.95910e-06
2.90039e+01 -1.14513e-11 1.25894e-05 2.39242e-05 -7.68536e-11 -1.91780e-15 7.89697e-06
2.90112e+01 -7.48850e-12 1.27056e-05 2.40702e-05 -7.40279e-11 -1.90446e-15 7.83490e-06
2.90186e+01 -3.73270e-12 1.28167e-05 2.42030e-05 -7.14199e-11 -1.89052e-15 7.77290e-06
2.90259e+01 -2.12288e-13 1.29227e-05 2.43223e-05 -6.90338e-11 -1.87608e-15 7.71096e-06
2.90332e+01 3.09109e-12 1.30235e-05 2.44286e-05 -6.68716e-11 -1.86121e-15 7.64908e-06
2.90405e+01 6.15300e-12 1.31193e-05 2.45217e-05 -6.49340e-11 -1.84601e-15 7.58726e-06
2.90479e+01 8.99288e-12 1.32102e-05 2.46019e-05 -6.32216e-11 -1.83056e-15 7.52550e-06
2.90552e+01 1.15874e-11 1.32961e-05 2.46693e-05 -6.17344e-11 -1.81494e-15 7.46381e-06
2.90625e+01 1.39565e-11 1.33771e-05 2.47241e-05 -6.04722e-11 -1.79922e-15 7.40218e-06
2.90698e+01 1.60781e-11 1.34532e-05 2.47663e-05 -5.94345e-11 -1.78348e-15 7.34061e-06
2.90771e+01 1.79726e-11 1.35246e-05 2.47962e-05 -5.86201e-11 -1.76778e-15 7.27910e-06
2.90845e+01 1.96190e-11 1.35912e-05 2.48137e-05 -5.80278e-11 -1.75217e-15 7.21766e-06
2.90918e+01 2.10380e-11 1.36532e-05 2.48192e-05 -5.76559e-11 -1.73672e-15 7.15627e-06
2.90991e+01 2.22098e-11 1.37105e-05 2.48126e-05 -5.75024e-11 -1.72149e-15 7.09495e-06
2.91064e+01 2.31557e-11 1.37633e-05 2.47942e-05 -5.75651e-11 -1.70651e-15 7.03369e-06
2.91138e+01 2.38565e-11 1.38115e-05 2.47640e-05 -5.78414e-11 -1.69184e-15 6.97250e-06
2.91211e+01 2.43341e-11 1.38553e-05 2.47222e-05 -5.83285e-11 -1.67752e-15 6.91136e-06
2.91284e+01 2.45703e-11 1.38946e-05 2.46689e-05 -5.90231e-11 -1.66358e-15 6.85028e-06
2.91357e+01 2.45871e-11 1.39295e-05 2.46043e-05 -5.99220e-11 -1.65006e-15 6.78927e-06
2.91431e+01 2.43675e-11 1.39602e-05 2.45284e-05 -6.10213e-11 -1.63698e-15 6.72832e-06
2.91504e+01 2.39336e-11 1.39865e-05 2.44415e-05 -6.23174e-11 -1.62436e-15 6.66743e-06
2.91577e+01 2.32693e-11 1.40086e-05 2.43435e-05 -6.38059e-11 -1.61224e-15 6.60660e-06
2.91650e+01 2.23969e-11 1.40265e-05 2.42348e-05 -6.54827e-11 -1.60063e-15 6.54583e-06
2.91724e+01 2.13012e-11 1.40403e-05 2.41153e-05 -6.73431e-11 -1.58953e-15 6.48512e-06
2.91797e+01 2.00047e-11 1.40501e-05 2.39852e-05 -6.93823e-11 -1.57896e-15 6.42447e-06
2.91870e+01 1.84930e-11 1.40558e-05 2.38447e-05 -7.15954e-11 -1.56894e-15 6.36389e-06
2.91943e+01 1.67887e-11 1.40575e-05 2.36938e-05 -7.39773e-11 -1.55944e-15 6.30336e-06
2.92017e+01 1.48783e-11 1.40553e-05 2.35327e-05 -7.65226e-11 -1.55049e-15 6.24290e-06
2.92090e+01 1.27844e-11 1.40492e-05 2.33615e-05 -7.92259e-11 -1.54208e-15 6.18250e-06
2.92163e+01 1.04942e-11 1.40393e-05 2.31804e-05 -8.20815e-11 -1.53419e-15 6.12215e-06
2.92236e+01 8.03040e-12 1.40255e-05 2.29894e-05 -8.50837e-11 -1.52683e-15 6.06187e-06
2.92310e+01 5.38096e-12 1.40081e-05 2.27888e-05 -8.82265e-11 -1.51997e-15 6.00165e-06
2.92383e+01 2.56864e-12 1.39870e-05 2.25785e-05 -9.15039e-11 -1.51360e-15 5.94149e-06
2.92456e+01 -4.18027e-13 1.39622e-05 2.23588e-05 -9.49097e-11 -1.50771e-15 5.88138e-06
2.92529e+01 -3.55624e-12 1.39338e-05 2.21297e-05 -9.84377e-11 -1.50227e-15 5.82134e-06
2.92603e+01 -6.85682e-12 1.39019e-05 2.18914e-05 -1.02081e-10 -1.49727e-15 5.76136e-06
2.92676e+01 -1.02970e-11 1.38665e-05 2.16441e-05 -1.05834e-10 -1.49269e-15 5.70144e-06
2.92749e+01 -1.38870e-11 1.38277e-05 2.13877e-05 -1.09690e-10 -1.48848e-15 5.64158e-06
2.92822e+01 -1.76042e-11 1.37854e-05 2.11225e-05 -1.13641e-10 -1.48463e-15 5.58178e-06
2.92896e+01 -2.14582e-11 1.37398e-05 2.08486e-05 -1.17682e-10 -1.48112e-15 5.52203e-06
2.92969e+01 -2.54263e-11 1.36909e-05 2.05660e-05 -1.21805e-10 -1.47789e-15 5.46235e-06
2.93042e+01 -2.95177e-11 1.36388e-05 2.02750e-05 -1.26004e-10 -1.47494e-15 5.40273e-06
2.93115e+01 -3.37100e-11 1.35834e-05 1.99756e-05 -1.30271e-10 -1.47221e-15 5.34317e-06
2.93188e+01 -3.80117e-11 1.35249e-05 1.96679e-05 -1.34601e-10 -1.46969e-15 5.28366e-06
2.93262e+01 -4.24005e-11 1.34632e-05 1.93521e-05 -1.38984e-10 -1.46732e-15 5.22422e-06
2.93335e+01 -4.68845e-11 1.33985e-05 1.90283e-05 -1.43416e-10 -1.46509e-15 5.16483e-06
2.93408e+01 -5.14417e-11 1.33307e-05 1.86966e-05 -1.47888e-10 -1.46294e-15 5.10551e-06
2.93481e+01 -5.60796e-11 1.32600e-05 1.83572e-05 -1.52393e-10 -1.46085e-15 5.04624e-06
2.93555e+01 -6.07764e-11 1.31863e-05 1.80100e-05 -1.56925e-10 -1.45877e-15 4.98704e-06
2.93628e+01 -6.55392e-11 1.31098e-05 1.76553e-05 -1.61477e-10 -1.45667e-15 4.92789e-06
2.93701e+01 -7.03465e-11 1.30304e-05 1.72932e-05 -1.66040e-10 -1.45450e-15 4.86880e-06
2.93774e+01 -7.52051e-11 1.29482e-05 1.69238e-05 -1.70608e-10 -1.45224e-15 4.80977e-06
2.93848e+01 -8.00935e-11 1.28633e-05 1.65472e-05 -1.75175e-10 -1.44984e-15 4.75080e-06
2.93921e+01 -8.50181e-11 1.27756e-05 1.61635e-05 -1.79732e-10 -1.44727e-15 4.69189e-06
2.93994e+01 -8.99580e-11 1.26853e-05 1.57729e-05 -1.84273e-10 -1.44448e-15 4.63303e-06
2.94067e+01 -9.49192e-11 1.25924e-05 1.53754e-05 -1.88791e-10 -1.44145e-15 4.57424e-06
2.94141e+01 -9.98809e-11 1.24969e-05 1.49712e-05 -1.93278e-10 -1.43814e-15 4.51550e-06
2.94214e+01 -1.04849e-10 1.23988e-05 1.45603e-05 -1.97729e-10 -1.43450e-15 4.45682e-06
2.94287e+01 -1.09803e-10 1.22983e-05 1.41430e-05 -2.02135e-10 -1.43051e-15 4.39820e-06
2.94360e+01 -1.14748e-10 1.21953e-05 1.37192e-05 -2.06490e-10 -1.42613e-15 4.33964e-06
2.94434e+01 -1.19664e-10 1.20900e-05 1.32892e-05 -2.10787e-10 -1.42133e-15 4.28114e-06
2.94507e+01 -1.24557e-10 1.19823e-05 1.28530e-05 -2.15020e-10 -1.41609e-15 4.22269e-06
2.94580e+01 -1.29406e-10 1.18722e-05 1.24107e-05 -2.19181e-10 -1.41035e-15 4.16431e-06
2.94653e+01 -1.34217e-10 1.17599e-05 1.19625e-05 -2.23264e-10 -1.40411e-15 4.10598e-06
2.94727e+01 -1.38970e-10 1.16454e-05 1.15084e-05 -2.27262e-10 -1.39733e-15 4.04771e-06
2.94800e+01 -1.43670e-10 1.15287e-05 1.10486e-05 -2.31170e-10 -1.38999e-15 3.98949e-06
2.94873e+01 -1.48298e-10 1.14099e-05 1.05832e-05 -2.34979e-10 -1.38206e-15 3.93134e-06
2.94946e+01 -1.52859e-10 1.12889e-05 1.01123e-05 -2.38685e-10 -1.37352e-15 3.87324e-06
2.95020e+01 -1.57334e-10 1.11659e-05 9.63598e-06 -2.42280e-10 -1.36435e-15 3.81520e-06
2.95093e+01 -1.61727e-10 1.10409e-05 9.15437e-06 -2.45759e-10 -1.35452e-15 3.75722e-06
2.95166e+01 -1.66020e-10 1.09139e-05 8.66758e-06 -2.49115e-10 -1.34403e-15 3.69930e-06
2.95239e+01 -1.70218e-10 1.07850e-05 8.17570e-06 -2.52342e-10 -1.33286e-15 3.64143e-06
2.95312e+01 -1.74303e-10 1.06541e-05 7.67886e-06 -2.55434e-10 -1.32098e-15 3.58362e-06
2.95386e+01 -1.78279e-10 1.05215e-05 7.17714e-06 -2.58387e-10 -1.30840e-15 3.52587e-06
2.95459e+01 -1.82128e-10 1.03870e-05 6.67067e-06 -2.61193e-10 -1.29509e-15 3.46817e-06
2.95532e+01 -1.85855e-10 1.02507e-05 6.15954e-06 -2.63847e-10 -1.28106e-15 3.41053e-06
2.95605e+01 -1.89443e-10 1.01127e-05 5.64387e-06 -2.66343e-10 -1.26630e-15 3.35295e-06
2.95679e+01 -1.92895e-10 9.97304e-06 5.12374e-06 -2.68677e-10 -1.25081e-15 3.29543e-06
2.95752e+01 -1.96196e-10 9.83170e-06 4.59928e-06 -2.70843e-10 -1.23457e-15 3.23796e-06
2.95825e+01 -1.99349e-10 9.68875e-06 4.07058e-06 -2.72836e-10 -1.21761e-15 3.18055e-06
2.95898e+01 -2.02339e-10 9.54422e-06 3.53774e-06 -2.74650e-10 -1.19991e-15 3.12320e-06
2.95972e+01 -2.05169e-10 9.39816e-06 3.00086e-06 -2.76281e-10 -1.18148e-15 3.06590e-06
2.96045e+01 -2.07824e-10 9.25060e-06 2.46006e-06 -2.77723e-10 -1.16233e-15 3.00866e-06
2.96118e+01 -2.10307e-10 9.10157e-06 1.91542e-06 -2.78973e-10 -1.14248e-15 2.95148e-06
2.96191e+01 -2.12605e-10 8.95113e-06 1.36706e-06 -2.80025e-10 -1.12192e-15 2.89435e-06
2.96265e+01 -2.14720e-10 8.79930e-06 8.15061e-07 -2.80876e-10 -1.10069e-15 2.83728e-06
2.96338e+01 -2.16638e-10 8.64612e-06 2.59535e-07 -2.81520e-10 -1.07878e-15 2.78027e-06
2.96411e+01 -2.18363e-10 8.49164e-06 -2.99422e-07 -2.81953e-10 -1.05623e-15 2.72331e-06
2.96484e+01 -2.19881e-10 8.33588e-06 -8.61712e-07 -2.82172e-10 -1.03305e-15 2.66641e-06
2.96558e+01 -2.21196e-10 8.17888e-06 -1.42724e-06 -2.82173e-10 -1.00926e-15 2.60957e-06
2.96631e+01 -2.22295e-10 8.02068e-06 -1.99590e-06 -2.81951e-10 -9.84897e-16 2.55278e-06
2.96704e+01 -2.23181e-10 7.86131e-06 -2.56760e-06 -2.81502e-10 -9.59979e-16 2.49605e-06
2.96777e+01 -2.23842e-10 7.70082e-06 -3.14224e-06 -2.80825e-10 -9.34536e-16 2.43937e-06
2.96851e+01 -2.24281e-10 7.53923e-06 -3.71973e-06 -2.79914e-10 -9.08601e-16 2.38275e-06
2.96924e+01 -2.24486e-10 7.37658e-06 -4.29998e-06 -2.78767e-10 -8.82206e-16 2.32618e-06
2.96997e+01 -2.24461e-10 7.21290e-06 -4.88288e-06 -2.77381e-10 -8.55386e-16 2.26968e-06
2.97070e+01 -2.24195e-10 7.04824e-06 -5.46834e-06 -2.75752e-10 -8.28178e-16 2.21322e-06
2.97144e+01 -2.23691e-10 6.88262e-06 -6.05628e-06 -2.73878e-10 -8.00620e-16 2.15682e-06
2.97217e+01 -2.22939e-10 6.71607e-06 -6.64659e-06 -2.71755e-10 -7.72753e-16 2.10048e-06
2.97290e+01 -2.21941e-10 6.54863e-06 -7.23918e-06 -2.69383e-10 -7.44619e-16 2.04420e-06
2.97363e+01 -2.20688e-10 6.38034e-06 -7.83397e-06 -2.66757e-10 -7.16262e-16 1.98796e-06
2.97437e+01 -2.19183e-10 6.21123e-06 -8.43086e-06 -2.63876e-10 -6.87727e-16 1.93179e-06
2.97510e+01 -2.17418e-10 6.04132e-06 -9.02975e-06 -2.60737e-10 -6.59061e-16 1.87567e-06
2.97583e+01 -2.15395e-10 5.87065e-06 -9.63057e-06 -2.57338e-10 -6.30312e-16 1.81960e-06
2.97656e+01 -2.13106e-10 5.69925e-06 -1.02332e-05 -2.53679e-10 -6.01529e-16 1.76359e-06
2.97729e+01 -2.10554e-10 5.52716e-06 -1.08376e-05 -2.49756e-10 -5.72765e-16 1.70764e-06
2.97803e+01 -2.07731e-10 5.35440e-06 -1.14436e-05 -2.45568e-10 -5.44071e-16 1.65174e-06
2.97876e+01 -2.04641e-10 5.18101e-06 -1.20513e-05 -2.41114e-10 -5.15501e-16 1.59589e-06
2.97949e+01 -2.01277e-10 5.00701e-06 -1.26603e-05 -2.36392e-10 -4.87108e-16 1.54010e-06
2.98022e+01 -1.97641e-10 4.83244e-06 -1.32708e-05 -2.31402e-10 -4.58949e-16 1.48437e-06
2.98096e+01 -1.93728e-10 4.65732e-06 -1.38826e-05 -2.26141e-10 -4.31079e-16 1.42869e-06
2.98169e+01 -1.89540e-10 4.48168e-06 -1.44956e-05 -2.20610e-10 -4.03555e-16 1.37306e-06
2.98242e+01 -1.85072e-10 4.30556e-06 -1.51097e-05 -2.14808e-10 -3.76436e-16 1.31749e-06
2.98315e+01 -1.80326e-10 4.12898e-06 -1.57249e-05 -2.08733e-10 -3.49780e-16 1.26197e-06
2.98389e+01 -1.75299e-10 3.95197e-06 -1.63411e-05 -2.02386e-10 -3.23646e-16 1.20651e-06
2.98462e+01 -1.69993e-10 3.77455e-06 -1.69581e-05 -1.95765e-10 -2.98093e-16 1.15110e-06
2.98535e+01 -1.64405e-10 3.59676e-06 -1.75760e-05 -1.88872e-10 -2.73182e-16 1.09575e-06
2.98608e+01 -1.58536e-10 3.41862e-06 -1.81945e-05 -1.81705e-10 -2.48971e-16 1.04045e-06
2.98682e+01 -1.52384e-10 3.24016e-06 -1.88137e-05 -1.74264e-10 -2.25521e-16 9.85208e-07
2.98755e+01 -1.45952e-10 3.06140e-06 -1.94335e-05 -1.66551e-10 -2.02893e-16 9.30017e-07
2.98828e+01 -1.39237e-10 2.88237e-06 -2.00538e-05 -1.58564e-10 -1.81146e-16 8.74881e-07
2.98901e+01 -1.32242e-10 2.70309e-06 -2.06744e-05 -1.50305e-10 -1.60342e-16 8.19798e-07
2.98975e+01 -1.24965e-10 2.52359e-06 -2.12954e-05 -1.41774e-10 -1.40538e-16 7.64770e-07
2.99048e+01 -1.17409e-10 2.34389e-06 -2.19166e-05 -1.32972e-10 -1.21796e-16 7.09795e-07
2.99121e+01 -1.09574e-10 2.16402e-06 -2.25380e-05 -1.23900e-10 -1.04173e-16 6.54874e-07
2.99194e+01 -1.01461e-10 1.98400e-06 -2.31595e-05 -1.14557e-10 -8.77290e-17 6.00007e-07
2.99268e+01 -9.30710e-11 1.80386e-06 -2.37811e-05 -1.04946e-10 -7.25212e-17 5.45194e-07
2.99341e+01 -8.44066e-11 1.62360e-06 -2.44025e-05 -9.50680e-11 -5.86068e-17 4.90434e-07
2.99414e+01 -7.54679e-11 1.44326e-06 -2.50239e-05 -8.49234e-11 -4.60420e-17 4.35728e-07
2.99487e+01 -6.62582e-11 1.26287e-06 -2.56450e-05 -7.45141e-11 -3.48823e-17 3.81076e-07
2.99561e+01 -5.67783e-11 1.08242e-06 -2.62659e-05 -6.38414e-11 -2.51818e-17 3.26477e-07
2.99634e+01 -4.70313e-11 9.01962e-07 -2.68865e-05 -5.29070e-11 -1.69937e-17 2.71931e-07
2.99707e+01 -3.70187e-11 7.21499e-07 -2.75066e-05 -4.17125e-11 -1.03699e-17 2.17438e-07
2.99780e+01 -2.67439e-11 5.41052e-07 -2.81263e-05 -3.02598e-11 -5.36101e-18 1.62999e-07
2.99854e+01 -1.62090e-11 3.60642e-07 -2.87454e-05 -1.85507e-11 -2.01613e-18 1.08613e-07
2.99927e+01 -5.41724e-12 1.80285e-07 -2.93639e-05 -6.58725e-12 -3.82868e-19 5.42799e-08
3.00000e+01 3.13001e-18 3.65946e-18 -2.99817e-05 0.00000e+00 0.00000e+00 3.60092e-40
