# r h000 h110 h112 c000 c110 c112
7.32422e-03 -1.00001e+00 1.32795e-05 -2.00323e-07 -2.93602e+01 -6.24543e+00 8.60655e-03
1.46484e-02 -1.00001e+00 1.25822e-05 -4.60087e-07 -2.90826e+01 -6.20034e+00 2.11245e-02
2.19727e-02 -1.00000e+00 1.19842e-05 -6.54616e-07 -2.88484e+01 -6.15582e+00 3.12462e-02
2.92969e-02 -1.00000e+00 1.13700e-05 -8.71217e-07 -2.86058e+01 -6.11047e+00 4.20368e-02
3.66211e-02 -1.00000e+00 1.07763e-05 -1.07293e-06 -2.83709e+01 -6.06542e+00 5.24296e-02
4.39453e-02 -1.00000e+00 1.01788e-05 -1.27901e-06 -2.81327e+01 -6.02010e+00 6.30419e-02
5.12695e-02 -1.00000e+00 9.59224e-06 -1.47643e-06 -2.78977e+01 -5.97494e+00 7.34838e-02
5.85938e-02 -1.00000e+00 9.00600e-06 -1.67385e-06 -2.76611e+01 -5.92967e+00 8.40312e-02
6.59180e-02 -1.00000e+00 8.42824e-06 -1.86444e-06 -2.74263e+01 -5.88449e+00 9.44798e-02
7.32422e-02 -1.00000e+00 7.85309e-06 -2.05307e-06 -2.71905e+01 -5.83925e+00 1.04987e-01
8.05664e-02 -1.00000e+00 7.28580e-06 -2.23547e-06 -2.69559e+01 -5.79409e+00 1.15426e-01
8.78906e-02 -1.00000e+00 6.72276e-06 -2.41472e-06 -2.67207e+01 -5.74890e+00 1.25898e-01
9.52148e-02 -1.00000e+00 6.16771e-06 -2.58783e-06 -2.64864e+01 -5.70378e+00 1.36319e-01
1.02539e-01 -1.00000e+00 5.61826e-06 -2.75690e-06 -2.62517e+01 -5.65865e+00 1.46758e-01
1.09863e-01 -1.00000e+00 5.07728e-06 -2.91971e-06 -2.60178e+01 -5.61357e+00 1.57152e-01
1.17188e-01 -1.00000e+00 4.54313e-06 -3.07773e-06 -2.57837e+01 -5.56851e+00 1.67555e-01
1.24512e-01 -1.00000e+00 4.01811e-06 -3.22924e-06 -2.55503e+01 -5.52350e+00 1.77919e-01
1.31836e-01 -1.00000e+00 3.50106e-06 -3.37532e-06 -2.53167e+01 -5.47850e+00 1.88283e-01
1.39160e-01 -1.00000e+00 2.99390e-06 -3.51457e-06 -2.50838e+01 -5.43357e+00 1.98610e-01
1.46484e-01 -1.00000e+00 2.49580e-06 -3.64782e-06 -2.48508e+01 -5.38866e+00 2.08932e-01
1.53809e-01 -1.00000e+00 2.00837e-06 -3.77390e-06 -2.46184e+01 -5.34381e+00 2.19219e-01
1.61133e-01 -1.00000e+00 1.53102e-06 -3.89345e-06 -2.43861e+01 -5.29899e+00 2.29495e-01
1.68457e-01 -1.00000e+00 1.06515e-06 -4.00550e-06 -2.41543e+01 -5.25423e+00 2.39735e-01
1.75781e-01 -1.00000e+00 6.10327e-07 -4.11055e-06 -2.39227e+01 -5.20951e+00 2.49961e-01
1.83105e-01 -1.00000e+00 1.67753e-07 -4.20777e-06 -2.36916e+01 -5.16486e+00 2.60151e-01
1.90430e-01 -1.00000e+00 -2.62892e-07 -4.29759e-06 -2.34607e+01 -5.12025e+00 2.70323e-01
1.97754e-01 -1.00000e+00 -6.80546e-07 -4.37929e-06 -2.32304e+01 -5.07570e+00 2.80458e-01
2.05078e-01 -1.00000e+00 -1.08546e-06 -4.45323e-06 -2.30003e+01 -5.03121e+00 2.90572e-01
2.12402e-01 -1.00000e+00 -1.47671e-06 -4.51880e-06 -2.27708e+01 -4.98679e+00 3.00648e-01
2.19727e-01 -1.00000e+00 -1.85450e-06 -4.57632e-06 -2.25415e+01 -4.94243e+00 3.10699e-01
2.27051e-01 -1.00000e+00 -2.21802e-06 -4.62526e-06 -2.23128e+01 -4.89814e+00 3.20712e-01
2.34375e-01 -1.00000e+00 -2.56745e-06 -4.66593e-06 -2.20845e+01 -4.85391e+00 3.30696e-01
2.41699e-01 -1.00000e+00 -2.90209e-06 -4.69789e-06 -2.18567e+01 -4.80976e+00 3.40640e-01
2.49023e-01 -1.00000e+00 -3.22211e-06 -4.72140e-06 -2.16293e+01 -4.76567e+00 3.50554e-01
2.56348e-01 -1.00000e+00 -3.52691e-06 -4.73612e-06 -2.14025e+01 -4.72167e+00 3.60425e-01
2.63672e-01 -1.00000e+00 -3.81667e-06 -4.74230e-06 -2.11762e+01 -4.67774e+00 3.70264e-01
2.70996e-01 -1.00000e+00 -4.09087e-06 -4.73966e-06 -2.09504e+01 -4.63389e+00 3.80058e-01
2.78320e-01 -1.00000e+00 -4.34972e-06 -4.72847e-06 -2.07251e+01 -4.59012e+00 3.89817e-01
2.85645e-01 -1.00000e+00 -4.59280e-06 -4.70849e-06 -2.05004e+01 -4.54644e+00 3.99530e-01
2.92969e-01 -1.00000e+00 -4.82031e-06 -4.68002e-06 -2.02763e+01 -4.50285e+00 4.09205e-01
3.00293e-01 -1.00000e+00 -5.03193e-06 -4.64287e-06 -2.00527e+01 -4.45934e+00 4.18833e-01
3.07617e-01 -1.00000e+00 -5.22791e-06 -4.59735e-06 -1.98298e+01 -4.41592e+00 4.28420e-01
3.14941e-01 -1.00000e+00 -5.40798e-06 -4.54333e-06 -1.96075e+01 -4.37260e+00 4.37957e-01
3.22266e-01 -1.00000e+00 -5.57242e-06 -4.48113e-06 -1.93857e+01 -4.32938e+00 4.47452e-01
3.29590e-01 -1.00000e+00 -5.72106e-06 -4.41067e-06 -1.91647e+01 -4.28625e+00 4.56895e-01
3.36914e-01 -1.00000e+00 -5.85422e-06 -4.33229e-06 -1.89442e+01 -4.24322e+00 4.66292e-01
3.44238e-01 -1.00000e+00 -5.97178e-06 -4.24597e-06 -1.87245e+01 -4.20029e+00 4.75637e-01
3.51562e-01 -1.00000e+00 -6.07411e-06 -4.15205e-06 -1.85055e+01 -4.15747e+00 4.84933e-01
3.58887e-01 -1.00000e+00 -6.16116e-06 -4.05055e-06 -1.82871e+01 -4.11476e+00 4.94175e-01
3.66211e-01 -1.00000e+00 -6.23332e-06 -3.94184e-06 -1.80695e+01 -4.07215e+00 5.03365e-01
3.73535e-01 -1.00000e+00 -6.29064e-06 -3.82600e-06 -1.78526e+01 -4.02966e+00 5.12500e-01
3.80859e-01 -1.00000e+00 -6.33353e-06 -3.70339e-06 -1.76364e+01 -3.98727e+00 5.21580e-01
3.88184e-01 -1.00000e+00 -6.36209e-06 -3.57413e-06 -1.74210e+01 -3.94501e+00 5.30603e-01
3.95508e-01 -1.00000e+00 -6.37677e-06 -3.43860e-06 -1.72064e+01 -3.90286e+00 5.39569e-01
4.02832e-01 -1.00000e+00 -6.37775e-06 -3.29696e-06 -1.69926e+01 -3.86083e+00 5.48476e-01
4.10156e-01 -1.00000e+00 -6.36551e-06 -3.14962e-06 -1.67795e+01 -3.81893e+00 5.57324e-01
4.17480e-01 -1.00000e+00 -6.34025e-06 -2.99674e-06 -1.65673e+01 -3.77715e+00 5.66109e-01
4.24805e-01 -1.00000e+00 -6.30251e-06 -2.83875e-06 -1.63559e+01 -3.73549e+00 5.74835e-01
4.32129e-01 -1.00000e+00 -6.25255e-06 -2.67585e-06 -1.61454e+01 -3.69397e+00 5.83496e-01
4.39453e-01 -1.00000e+00 -6.19092e-06 -2.50848e-06 -1.59357e+01 -3.65257e+00 5.92094e-01
4.46777e-01 -1.00000e+00 -6.11792e-06 -2.33687e-06 -1.57269e+01 -3.61131e+00 6.00625e-01
4.54102e-01 -1.00000e+00 -6.03413e-06 -2.16145e-06 -1.55190e+01 -3.57018e+00 6.09092e-01
4.61426e-01 -1.00000e+00 -5.93990e-06 -1.98248e-06 -1.53120e+01 -3.52920e+00 6.17490e-01
4.68750e-01 -1.00000e+00 -5.83583e-06 -1.80040e-06 -1.51059e+01 -3.48835e+00 6.25821e-01
4.76074e-01 -1.00000e+00 -5.72229e-06 -1.61547e-06 -1.49007e+01 -3.44765e+00 6.34081e-01
4.83398e-01 -1.00000e+00 -5.59991e-06 -1.42815e-06 -1.46965e+01 -3.40708e+00 6.42272e-01
4.90723e-01 -1.00000e+00 -5.46909e-06 -1.23872e-06 -1.44932e+01 -3.36667e+00 6.50389e-01
4.98047e-01 -1.00000e+00 -5.33046e-06 -1.04762e-06 -1.42910e+01 -3.32641e+00 6.58436e-01
5.05371e-01 -1.00000e+00 -5.18446e-06 -8.55136e-07 -1.40897e+01 -3.28629e+00 6.66407e-01
5.12695e-01 -1.00000e+00 -5.03172e-06 -6.61727e-07 -1.38894e+01 -3.24633e+00 6.74304e-01
5.20020e-01 -1.00000e+00 -4.87270e-06 -4.67677e-07 -1.36902e+01 -3.20653e+00 6.82124e-01
5.27344e-01 -1.00000e+00 -4.70804e-06 -2.73431e-07 -1.34920e+01 -3.16688e+00 6.89868e-01
5.34668e-01 -1.00000e+00 -4.53820e-06 -7.92789e-08 -1.32948e+01 -3.12740e+00 6.97533e-01
5.41992e-01 -1.00000e+00 -4.36382e-06 1.14345e-07 -1.30987e+01 -3.08807e+00 7.05120e-01
5.49316e-01 -1.00000e+00 -4.18538e-06 3.07152e-07 -1.29037e+01 -3.04891e+00 7.12625e-01
5.56641e-01 -1.00000e+00 -4.00351e-06 4.98720e-07 -1.27097e+01 -3.00992e+00 7.20049e-01
5.63965e-01 -1.00000e+00 -3.81868e-06 6.88768e-07 -1.25169e+01 -2.97110e+00 7.27390e-01
5.71289e-01 -1.00000e+00 -3.63152e-06 8.76887e-07 -1.23252e+01 -2.93244e+00 7.34649e-01
5.78613e-01 -1.00000e+00 -3.44250e-06 1.06281e-06 -1.21347e+01 -2.89397e+00 7.41821e-01
5.85938e-01 -1.00000e+00 -3.25224e-06 1.24614e-06 -1.19453e+01 -2.85566e+00 7.48909e-01
5.93262e-01 -1.00000e+00 -3.06118e-06 1.42662e-06 -1.17570e+01 -2.81754e+00 7.55909e-01
6.00586e-01 -1.00000e+00 -2.86993e-06 1.60389e-06 -1.15700e+01 -2.77959e+00 7.62822e-01
6.07910e-01 -1.00000e+00 -2.67893e-06 1.77770e-06 -1.13841e+01 -2.74183e+00 7.69645e-01
6.15234e-01 -1.00000e+00 -2.48874e-06 1.94770e-06 -1.11995e+01 -2.70425e+00 7.76378e-01
6.22559e-01 -1.00000e+00 -2.29981e-06 2.11369e-06 -1.10161e+01 -2.66686e+00 7.83020e-01
6.29883e-01 -1.00000e+00 -2.11266e-06 2.27532e-06 -1.08339e+01 -2.62966e+00 7.89570e-01
6.37207e-01 -1.00000e+00 -1.92770e-06 2.43241e-06 -1.06529e+01 -2.59265e+00 7.96025e-01
6.44531e-01 -1.00000e+00 -1.74545e-06 2.58467e-06 -1.04733e+01 -2.55583e+00 8.02387e-01
6.51855e-01 -1.00000e+00 -1.56627e-06 2.73191e-06 -1.02949e+01 -2.51921e+00 8.08653e-01
6.59180e-01 -1.00000e+00 -1.39064e-06 2.87388e-06 -1.01178e+01 -2.48278e+00 8.14823e-01
6.66504e-01 -1.00000e+00 -1.21891e-06 3.01043e-06 -9.94207e+00 -2.44656e+00 8.20894e-01
6.73828e-01 -1.00000e+00 -1.05152e-06 3.14133e-06 -9.76762e+00 -2.41054e+00 8.26867e-01
6.81152e-01 -1.00000e+00 -8.88768e-07 3.26646e-06 -9.59453e+00 -2.37472e+00 8.32739e-01
6.88477e-01 -1.00000e+00 -7.31056e-07 3.38563e-06 -9.42279e+00 -2.33911e+00 8.38511e-01
6.95801e-01 -1.00000e+00 -5.78652e-07 3.49873e-06 -9.25242e+00 -2.30371e+00 8.44180e-01
7.03125e-01 -1.00000e+00 -4.31911e-07 3.60562e-06 -9.08343e+00 -2.26852e+00 8.49746e-01
7.10449e-01 -1.00000e+00 -2.91059e-07 3.70623e-06 -8.91586e+00 -2.23355e+00 8.55208e-01
7.17773e-01 -1.00000e+00 -1.56407e-07 3.80044e-06 -8.74968e+00 -2.19879e+00 8.60565e-01
7.25098e-01 -1.00000e+00 -2.81357e-08 3.88823e-06 -8.58495e+00 -2.16425e+00 8.65815e-01
7.32422e-01 -1.00000e+00 9.34912e-08 3.96949e-06 -8.42165e+00 -2.12992e+00 8.70957e-01
7.39746e-01 -1.00000e+00 2.08337e-07 4.04424e-06 -8.25982e+00 -2.09583e+00 8.75991e-01
7.47070e-01 -1.00000e+00 3.16187e-07 4.11242e-06 -8.09945e+00 -2.06195e+00 8.80915e-01
7.54395e-01 -1.00000e+00 4.16952e-07 4.17408e-06 -7.94058e+00 -2.02830e+00 8.85728e-01
7.61719e-01 -1.00000e+00 5.10467e-07 4.22918e-06 -7.78320e+00 -1.99488e+00 8.90430e-01
7.69043e-01 -1.00000e+00 5.96688e-07 4.27782e-06 -7.62735e+00 -1.96170e+00 8.95018e-01
7.76367e-01 -1.00000e+00 6.75501e-07 4.31999e-06 -7.47302e+00 -1.92874e+00 8.99492e-01
7.83691e-01 -1.00000e+00 7.46910e-07 4.35580e-06 -7.32024e+00 -1.89603e+00 9.03851e-01
7.91016e-01 -1.00000e+00 8.10852e-07 4.38532e-06 -7.16902e+00 -1.86354e+00 9.08094e-01
7.98340e-01 -1.00000e+00 8.67375e-07 4.40866e-06 -7.01938e+00 -1.83131e+00 9.12220e-01
8.05664e-01 -1.00000e+00 9.16467e-07 4.42591e-06 -6.87132e+00 -1.79931e+00 9.16227e-01
8.12988e-01 -1.00000e+00 9.58225e-07 4.43724e-06 -6.72488e+00 -1.76756e+00 9.20114e-01
8.20312e-01 -1.00000e+00 9.92681e-07 4.44276e-06 -6.58004e+00 -1.73605e+00 9.23882e-01
8.27637e-01 -1.00000e+00 1.01998e-06 4.44266e-06 -6.43685e+00 -1.70479e+00 9.27527e-01
8.34961e-01 -1.00000e+00 1.04020e-06 4.43709e-06 -6.29530e+00 -1.67379e+00 9.31049e-01
8.42285e-01 -1.00000e+00 1.05353e-06 4.42626e-06 -6.15542e+00 -1.64304e+00 9.34448e-01
8.49609e-01 -1.00000e+00 1.06009e-06 4.41035e-06 -6.01720e+00 -1.61254e+00 9.37722e-01
8.56934e-01 -1.00000e+00 1.06012e-06 4.38960e-06 -5.88069e+00 -1.58230e+00 9.40869e-01
8.64258e-01 -1.00000e+00 1.05377e-06 4.36420e-06 -5.74588e+00 -1.55232e+00 9.43890e-01
8.71582e-01 -1.00000e+00 1.04132e-06 4.33442e-06 -5.61279e+00 -1.52261e+00 9.46782e-01
8.78906e-01 -1.00000e+00 1.02298e-06 4.30047e-06 -5.48143e+00 -1.49316e+00 9.49545e-01
8.86230e-01 -1.00000e+00 9.99038e-07 4.26264e-06 -5.35183e+00 -1.46397e+00 9.52178e-01
8.93555e-01 -1.00000e+00 9.69753e-07 4.22115e-06 -5.22399e+00 -1.43506e+00 9.54679e-01
9.00879e-01 -1.00000e+00 9.35457e-07 4.17632e-06 -5.09793e+00 -1.40642e+00 9.57048e-01
9.08203e-01 -1.00000e+00 8.96427e-07 4.12839e-06 -4.97367e+00 -1.37805e+00 9.59283e-01
9.15527e-01 -1.00000e+00 8.53029e-07 4.07767e-06 -4.85121e+00 -1.34995e+00 9.61383e-01
9.22852e-01 -1.00000e+00 8.05571e-07 4.02442e-06 -4.73057e+00 -1.32214e+00 9.63348e-01
9.30176e-01 -1.00000e+00 7.54446e-07 3.96897e-06 -4.61178e+00 -1.29460e+00 9.65175e-01
9.37500e-01 -1.00000e+00 6.99986e-07 3.91159e-06 -4.49483e+00 -1.26735e+00 9.66865e-01
9.44824e-01 -1.00000e+00 6.42605e-07 3.85260e-06 -4.37976e+00 -1.24038e+00 9.68415e-01
9.52148e-01 -1.00000e+00 5.82659e-07 3.79229e-06 -4.26656e+00 -1.21370e+00 9.69826e-01
9.59473e-01 -1.00000e+00 5.20580e-07 3.73098e-06 -4.15527e+00 -1.18731e+00 9.71095e-01
9.66797e-01 -1.00000e+00 4.56742e-07 3.66895e-06 -4.04587e+00 -1.16121e+00 9.72222e-01
9.74121e-01 -1.00000e+00 3.91591e-07 3.60653e-06 -3.93841e+00 -1.13540e+00 9.73205e-01
9.81445e-01 -1.00000e+00 3.25513e-07 3.54400e-06 -3.83289e+00 -1.10989e+00 9.74044e-01
9.88770e-01 -1.00000e+00 2.58967e-07 3.48170e-06 -3.72932e+00 -1.08468e+00 9.74737e-01
9.96094e-01 -1.00000e+00 1.92348e-07 3.41989e-06 -3.62772e+00 -1.05976e+00 9.75284e-01
1.00342e+00 2.52810e+00 1.03515e+00 1.74631e+00 0.00000e+00 0.00000e+00 2.72199e+00
1.01074e+00 2.43048e+00 1.01085e+00 1.68732e+00 0.00000e+00 0.00000e+00 2.66325e+00
1.01807e+00 2.33487e+00 9.86848e-01 1.63015e+00 0.00000e+00 0.00000e+00 2.60618e+00
1.02539e+00 2.24128e+00 9.63157e-01 1.57475e+00 0.00000e+00 0.00000e+00 2.55073e+00
1.03271e+00 2.14971e+00 9.39776e-01 1.52106e+00 0.00000e+00 0.00000e+00 2.49684e+00
1.04004e+00 2.06016e+00 9.16706e-01 1.46903e+00 0.00000e+00 0.00000e+00 2.44446e+00
1.04736e+00 1.97265e+00 8.93949e-01 1.41861e+00 0.00000e+00 0.00000e+00 2.39354e+00
1.05469e+00 1.88715e+00 8.71504e-01 1.36974e+00 0.00000e+00 0.00000e+00 2.34402e+00
1.06201e+00 1.80368e+00 8.49374e-01 1.32238e+00 0.00000e+00 0.00000e+00 2.29586e+00
1.06934e+00 1.72221e+00 8.27557e-01 1.27648e+00 0.00000e+00 0.00000e+00 2.24900e+00
1.07666e+00 1.64276e+00 8.06056e-01 1.23200e+00 0.00000e+00 0.00000e+00 2.20342e+00
1.08398e+00 1.56529e+00 7.84868e-01 1.18888e+00 0.00000e+00 0.00000e+00 2.15905e+00
1.09131e+00 1.48981e+00 7.63996e-01 1.14710e+00 0.00000e+00 0.00000e+00 2.11587e+00
1.09863e+00 1.41629e+00 7.43439e-01 1.10661e+00 0.00000e+00 0.00000e+00 2.07384e+00
1.10596e+00 1.34473e+00 7.23195e-01 1.06737e+00 0.00000e+00 0.00000e+00 2.03291e+00
1.11328e+00 1.27509e+00 7.03266e-01 1.02934e+00 0.00000e+00 0.00000e+00 1.99305e+00
1.12061e+00 1.20739e+00 6.83649e-01 9.92488e-01 0.00000e+00 0.00000e+00 1.95422e+00
1.12793e+00 1.14157e+00 6.64345e-01 9.56780e-01 0.00000e+00 0.00000e+00 1.91640e+00
1.13525e+00 1.07764e+00 6.45353e-01 9.22182e-01 0.00000e+00 0.00000e+00 1.87955e+00
1.14258e+00 1.01556e+00 6.26672e-01 8.88660e-01 0.00000e+00 0.00000e+00 1.84364e+00
1.14990e+00 9.55313e-01 6.08300e-01 8.56183e-01 0.00000e+00 0.00000e+00 1.80863e+00
1.15723e+00 8.96877e-01 5.90236e-01 8.24721e-01 0.00000e+00 0.00000e+00 1.77451e+00
1.16455e+00 8.40234e-01 5.72480e-01 7.94245e-01 0.00000e+00 0.00000e+00 1.74124e+00
1.17188e+00 7.85348e-01 5.55030e-01 7.64726e-01 0.00000e+00 0.00000e+00 1.70879e+00
1.17920e+00 7.32205e-01 5.37884e-01 7.36137e-01 0.00000e+00 0.00000e+00 1.67715e+00
1.18652e+00 6.80767e-01 5.21041e-01 7.08452e-01 0.00000e+00 0.00000e+00 1.64628e+00
1.19385e+00 6.31021e-01 5.04499e-01 6.81644e-01 0.00000e+00 0.00000e+00 1.61617e+00
1.20117e+00 5.82927e-01 4.88257e-01 6.55688e-01 0.00000e+00 0.00000e+00 1.58678e+00
1.20850e+00 5.36470e-01 4.72313e-01 6.30562e-01 0.00000e+00 0.00000e+00 1.55811e+00
1.21582e+00 4.91611e-01 4.56664e-01 6.06241e-01 0.00000e+00 0.00000e+00 1.53012e+00
1.22314e+00 4.48333e-01 4.41311e-01 5.82704e-01 0.00000e+00 0.00000e+00 1.50279e+00
1.23047e+00 4.06598e-01 4.26249e-01 5.59927e-01 0.00000e+00 0.00000e+00 1.47612e+00
1.23779e+00 3.66387e-01 4.11477e-01 5.37890e-01 0.00000e+00 0.00000e+00 1.45007e+00
1.24512e+00 3.27662e-01 3.96993e-01 5.16573e-01 0.00000e+00 0.00000e+00 1.42463e+00
1.25244e+00 2.90405e-01 3.82796e-01 4.95955e-01 0.00000e+00 0.00000e+00 1.39978e+00
1.25977e+00 2.54576e-01 3.68883e-01 4.76018e-01 0.00000e+00 0.00000e+00 1.37551e+00
1.26709e+00 2.20158e-01 3.55251e-01 4.56742e-01 0.00000e+00 0.00000e+00 1.35179e+00
1.27441e+00 1.87111e-01 3.41899e-01 4.38110e-01 0.00000e+00 0.00000e+00 1.32862e+00
1.28174e+00 1.55417e-01 3.28824e-01 4.20104e-01 0.00000e+00 0.00000e+00 1.30597e+00
1.28906e+00 1.25038e-01 3.16024e-01 4.02706e-01 0.00000e+00 0.00000e+00 1.28384e+00
1.29639e+00 9.59540e-02 3.03497e-01 3.85901e-01 0.00000e+00 0.00000e+00 1.26220e+00
1.30371e+00 6.81277e-02 2.91240e-01 3.69672e-01 0.00000e+00 0.00000e+00 1.24105e+00
1.31104e+00 4.15411e-02 2.79252e-01 3.54004e-01 0.00000e+00 0.00000e+00 1.22036e+00
1.31836e+00 1.61556e-02 2.67528e-01 3.38881e-01 0.00000e+00 0.00000e+00 1.20014e+00
1.32568e+00 -8.04616e-03 2.56068e-01 3.24289e-01 0.00000e+00 0.00000e+00 1.18036e+00
1.33301e+00 -3.11022e-02 2.44869e-01 3.10213e-01 0.00000e+00 0.00000e+00 1.16101e+00
1.34033e+00 -5.30296e-02 2.33928e-01 2.96640e-01 0.00000e+00 0.00000e+00 1.14208e+00
1.34766e+00 -7.38657e-02 2.23242e-01 2.83555e-01 0.00000e+00 0.00000e+00 1.12356e+00
1.35498e+00 -9.36272e-02 2.12811e-01 2.70947e-01 0.00000e+00 0.00000e+00 1.10544e+00
1.36230e+00 -1.12351e-01 2.02629e-01 2.58801e-01 0.00000e+00 0.00000e+00 1.08770e+00
1.36963e+00 -1.30053e-01 1.92697e-01 2.47106e-01 0.00000e+00 0.00000e+00 1.07035e+00
1.37695e+00 -1.46769e-01 1.83009e-01 2.35850e-01 0.00000e+00 0.00000e+00 1.05336e+00
1.38428e+00 -1.62515e-01 1.73566e-01 2.25021e-01 0.00000e+00 0.00000e+00 1.03672e+00
1.39160e+00 -1.77326e-01 1.64363e-01 2.14607e-01 0.00000e+00 0.00000e+00 1.02044e+00
1.39893e+00 -1.91218e-01 1.55399e-01 2.04598e-01 0.00000e+00 0.00000e+00 1.00450e+00
1.40625e+00 -2.04224e-01 1.46670e-01 1.94982e-01 0.00000e+00 0.00000e+00 9.88883e-01
1.41357e+00 -2.16359e-01 1.38174e-01 1.85750e-01 0.00000e+00 0.00000e+00 9.73592e-01
1.42090e+00 -2.27657e-01 1.29909e-01 1.76890e-01 0.00000e+00 0.00000e+00 9.58614e-01
1.42822e+00 -2.38131e-01 1.21873e-01 1.68393e-01 0.00000e+00 0.00000e+00 9.43941e-01
1.43555e+00 -2.47815e-01 1.14062e-01 1.60249e-01 0.00000e+00 0.00000e+00 9.29567e-01
1.44287e+00 -2.56720e-01 1.06475e-01 1.52450e-01 0.00000e+00 0.00000e+00 9.15483e-01
1.45020e+00 -2.64880e-01 9.91082e-02 1.44985e-01 0.00000e+00 0.00000e+00 9.01682e-01
1.45752e+00 -2.72306e-01 9.19600e-02 1.37846e-01 0.00000e+00 0.00000e+00 8.88157e-01
1.46484e+00 -2.79030e-01 8.50273e-02 1.31024e-01 0.00000e+00 0.00000e+00 8.74901e-01
1.47217e+00 -2.85063e-01 7.83083e-02 1.24511e-01 0.00000e+00 0.00000e+00 8.61907e-01
1.47949e+00 -2.90435e-01 7.18000e-02 1.18298e-01 0.00000e+00 0.00000e+00 8.49170e-01
1.48682e+00 -2.95157e-01 6.55004e-02 1.12377e-01 0.00000e+00 0.00000e+00 8.36682e-01
1.49414e+00 -2.99258e-01 5.94066e-02 1.06741e-01 0.00000e+00 0.00000e+00 8.24439e-01
1.50146e+00 -3.02748e-01 5.35168e-02 1.01382e-01 0.00000e+00 0.00000e+00 8.12432e-01
1.50879e+00 -3.05656e-01 4.78279e-02 9.62920e-02 0.00000e+00 0.00000e+00 8.00658e-01
1.51611e+00 -3.07991e-01 4.23383e-02 9.14648e-02 0.00000e+00 0.00000e+00 7.89110e-01
1.52344e+00 -3.09780e-01 3.70449e-02 8.68926e-02 0.00000e+00 0.00000e+00 7.77784e-01
1.53076e+00 -3.11032e-01 3.19461e-02 8.25691e-02 0.00000e+00 0.00000e+00 7.66673e-01
1.53809e+00 -3.11773e-01 2.70388e-02 7.84870e-02 0.00000e+00 0.00000e+00 7.55772e-01
1.54541e+00 -3.12012e-01 2.23214e-02 7.46404e-02 0.00000e+00 0.00000e+00 7.45077e-01
1.55273e+00 -3.11774e-01 1.77911e-02 7.10224e-02 0.00000e+00 0.00000e+00 7.34584e-01
1.56006e+00 -3.11065e-01 1.34461e-02 6.76274e-02 0.00000e+00 0.00000e+00 7.24286e-01
1.56738e+00 -3.09911e-01 9.28360e-03 6.44488e-02 0.00000e+00 0.00000e+00 7.14180e-01
1.57471e+00 -3.08318e-01 5.30202e-03 6.14813e-02 0.00000e+00 0.00000e+00 7.04261e-01
1.58203e+00 -3.06311e-01 1.49853e-03 5.87186e-02 0.00000e+00 0.00000e+00 6.94524e-01
1.58936e+00 -3.03893e-01 -2.12843e-03 5.61557e-02 0.00000e+00 0.00000e+00 6.84967e-01
1.59668e+00 -3.01090e-01 -5.58163e-03 5.37867e-02 0.00000e+00 0.00000e+00 6.75584e-01
1.60400e+00 -2.97904e-01 -8.86257e-03 5.16067e-02 0.00000e+00 0.00000e+00 6.66372e-01
1.61133e+00 -2.94361e-01 -1.19740e-02 4.96100e-02 0.00000e+00 0.00000e+00 6.57326e-01
1.61865e+00 -2.90461e-01 -1.49173e-02 4.77923e-02 0.00000e+00 0.00000e+00 6.48443e-01
1.62598e+00 -2.86229e-01 -1.76953e-02 4.61480e-02 0.00000e+00 0.00000e+00 6.39720e-01
1.63330e+00 -2.81666e-01 -2.03093e-02 4.46730e-02 0.00000e+00 0.00000e+00 6.31152e-01
1.64062e+00 -2.76794e-01 -2.27619e-02 4.33619e-02 0.00000e+00 0.00000e+00 6.22737e-01
1.64795e+00 -2.71615e-01 -2.50545e-02 4.22109e-02 0.00000e+00 0.00000e+00 6.14471e-01
1.65527e+00 -2.66151e-01 -2.71898e-02 4.12150e-02 0.00000e+00 0.00000e+00 6.06350e-01
1.66260e+00 -2.60401e-01 -2.91689e-02 4.03703e-02 0.00000e+00 0.00000e+00 5.98372e-01
1.66992e+00 -2.54387e-01 -3.09944e-02 3.96722e-02 0.00000e+00 0.00000e+00 5.90533e-01
1.67725e+00 -2.48108e-01 -3.26676e-02 3.91172e-02 0.00000e+00 0.00000e+00 5.82831e-01
1.68457e+00 -2.41586e-01 -3.41911e-02 3.87006e-02 0.00000e+00 0.00000e+00 5.75261e-01
1.69189e+00 -2.34818e-01 -3.55658e-02 3.84192e-02 0.00000e+00 0.00000e+00 5.67823e-01
1.69922e+00 -2.27825e-01 -3.67943e-02 3.82685e-02 0.00000e+00 0.00000e+00 5.60512e-01
1.70654e+00 -2.20604e-01 -3.78778e-02 3.82456e-02 0.00000e+00 0.00000e+00 5.53326e-01
1.71387e+00 -2.13177e-01 -3.88186e-02 3.83461e-02 0.00000e+00 0.00000e+00 5.46262e-01
1.72119e+00 -2.05538e-01 -3.96177e-02 3.85673e-02 0.00000e+00 0.00000e+00 5.39318e-01
1.72852e+00 -1.97709e-01 -4.02776e-02 3.89050e-02 0.00000e+00 0.00000e+00 5.32492e-01
1.73584e+00 -1.89684e-01 -4.07991e-02 3.93567e-02 0.00000e+00 0.00000e+00 5.25780e-01
1.74316e+00 -1.81485e-01 -4.11848e-02 3.99183e-02 0.00000e+00 0.00000e+00 5.19180e-01
1.75049e+00 -1.73104e-01 -4.14354e-02 4.05875e-02 0.00000e+00 0.00000e+00 5.12690e-01
1.75781e+00 -1.64562e-01 -4.15532e-02 4.13604e-02 0.00000e+00 0.00000e+00 5.06308e-01
1.76514e+00 -1.55853e-01 -4.15391e-02 4.22349e-02 0.00000e+00 0.00000e+00 5.00032e-01
1.77246e+00 -1.46996e-01 -4.13954e-02 4.32071e-02 0.00000e+00 0.00000e+00 4.93859e-01
1.77979e+00 -1.37982e-01 -4.11228e-02 4.42751e-02 0.00000e+00 0.00000e+00 4.87787e-01
1.78711e+00 -1.28834e-01 -4.07235e-02 4.54353e-02 0.00000e+00 0.00000e+00 4.81814e-01
1.79443e+00 -1.19541e-01 -4.01982e-02 4.66859e-02 0.00000e+00 0.00000e+00 4.75938e-01
1.80176e+00 -1.10124e-01 -3.95491e-02 4.80234e-02 0.00000e+00 0.00000e+00 4.70158e-01
1.80908e+00 -1.00572e-01 -3.87767e-02 4.94460e-02 0.00000e+00 0.00000e+00 4.64470e-01
1.81641e+00 -9.09074e-02 -3.78835e-02 5.09505e-02 0.00000e+00 0.00000e+00 4.58874e-01
1.82373e+00 -8.11164e-02 -3.68695e-02 5.25353e-02 0.00000e+00 0.00000e+00 4.53368e-01
1.83105e+00 -7.12218e-02 -3.57374e-02 5.41972e-02 0.00000e+00 0.00000e+00 4.47949e-01
1.83838e+00 -6.12095e-02 -3.44871e-02 5.59348e-02 0.00000e+00 0.00000e+00 4.42617e-01
1.84570e+00 -5.11024e-02 -3.31212e-02 5.77449e-02 0.00000e+00 0.00000e+00 4.37368e-01
1.85303e+00 -4.08847e-02 -3.16397e-02 5.96264e-02 0.00000e+00 0.00000e+00 4.32202e-01
1.86035e+00 -3.05805e-02 -3.00449e-02 6.15761e-02 0.00000e+00 0.00000e+00 4.27118e-01
1.86768e+00 -2.01719e-02 -2.83369e-02 6.35932e-02 0.00000e+00 0.00000e+00 4.22113e-01
1.87500e+00 -9.68441e-03 -2.65180e-02 6.56743e-02 0.00000e+00 0.00000e+00 4.17185e-01
1.88232e+00 9.02327e-04 -2.45880e-02 6.78189e-02 0.00000e+00 0.00000e+00 4.12334e-01
1.88965e+00 1.15607e-02 -2.25495e-02 7.00237e-02 0.00000e+00 0.00000e+00 4.07558e-01
1.89697e+00 2.23141e-02 -2.04019e-02 7.22884e-02 0.00000e+00 0.00000e+00 4.02856e-01
1.90430e+00 3.31324e-02 -1.81480e-02 7.46096e-02 0.00000e+00 0.00000e+00 3.98225e-01
1.91162e+00 4.40426e-02 -1.57871e-02 7.69873e-02 0.00000e+00 0.00000e+00 3.93665e-01
1.91895e+00 5.50110e-02 -1.33219e-02 7.94181e-02 0.00000e+00 0.00000e+00 3.89175e-01
1.92627e+00 6.60693e-02 -1.07515e-02 8.19021e-02 0.00000e+00 0.00000e+00 3.84753e-01
1.93359e+00 7.71791e-02 -8.07889e-03 8.44359e-02 0.00000e+00 0.00000e+00 3.80397e-01
1.94092e+00 8.83786e-02 -5.30272e-03 8.70201e-02 0.00000e+00 0.00000e+00 3.76107e-01
1.94824e+00 9.96218e-02 -2.42645e-03 8.96507e-02 0.00000e+00 0.00000e+00 3.71881e-01
1.95557e+00 1.10957e-01 5.51981e-04 9.23291e-02 0.00000e+00 0.00000e+00 3.67718e-01
1.96289e+00 1.22326e-01 3.62839e-03 9.50507e-02 0.00000e+00 0.00000e+00 3.63617e-01
1.97021e+00 1.33795e-01 6.80589e-03 9.78180e-02 0.00000e+00 0.00000e+00 3.59577e-01
1.97754e+00 1.45280e-01 1.00790e-02 1.00625e-01 0.00000e+00 0.00000e+00 3.55597e-01
1.98486e+00 1.56885e-01 1.34528e-02 1.03476e-01 0.00000e+00 0.00000e+00 3.51675e-01
1.99219e+00 1.68465e-01 1.69188e-02 1.06363e-01 0.00000e+00 0.00000e+00 3.47810e-01
1.99951e+00 1.80259e-01 2.04835e-02 1.09293e-01 0.00000e+00 0.00000e+00 3.44002e-01
2.00684e+00 1.91264e-01 2.39994e-02 1.12125e-01 0.00000e+00 0.00000e+00 3.40249e-01
2.01416e+00 2.00536e-01 2.72919e-02 1.14698e-01 0.00000e+00 0.00000e+00 3.36551e-01
2.02148e+00 2.08398e-01 3.03645e-02 1.17023e-01 0.00000e+00 0.00000e+00 3.32906e-01
2.02881e+00 2.14793e-01 3.32188e-02 1.19105e-01 0.00000e+00 0.00000e+00 3.29313e-01
2.03613e+00 2.19900e-01 3.58667e-02 1.20957e-01 0.00000e+00 0.00000e+00 3.25772e-01
2.04346e+00 2.23723e-01 3.83110e-02 1.22586e-01 0.00000e+00 0.00000e+00 3.22282e-01
2.05078e+00 2.26397e-01 4.05620e-02 1.24004e-01 0.00000e+00 0.00000e+00 3.18841e-01
2.05811e+00 2.27946e-01 4.26234e-02 1.25217e-01 0.00000e+00 0.00000e+00 3.15449e-01
2.06543e+00 2.28484e-01 4.45044e-02 1.26237e-01 0.00000e+00 0.00000e+00 3.12106e-01
2.07275e+00 2.28041e-01 4.62092e-02 1.27070e-01 0.00000e+00 0.00000e+00 3.08809e-01
2.08008e+00 2.26718e-01 4.77461e-02 1.27725e-01 0.00000e+00 0.00000e+00 3.05558e-01
2.08740e+00 2.24548e-01 4.91197e-02 1.28211e-01 0.00000e+00 0.00000e+00 3.02353e-01
2.09473e+00 2.21620e-01 5.03377e-02 1.28535e-01 0.00000e+00 0.00000e+00 2.99192e-01
2.10205e+00 2.17969e-01 5.14046e-02 1.28705e-01 0.00000e+00 0.00000e+00 2.96076e-01
2.10938e+00 2.13676e-01 5.23278e-02 1.28730e-01 0.00000e+00 0.00000e+00 2.93002e-01
2.11670e+00 2.08773e-01 5.31118e-02 1.28614e-01 0.00000e+00 0.00000e+00 2.89971e-01
2.12402e+00 2.03334e-01 5.37634e-02 1.28367e-01 0.00000e+00 0.00000e+00 2.86982e-01
2.13135e+00 1.97390e-01 5.42871e-02 1.27994e-01 0.00000e+00 0.00000e+00 2.84034e-01
2.13867e+00 1.91009e-01 5.46895e-02 1.27504e-01 0.00000e+00 0.00000e+00 2.81125e-01
2.14600e+00 1.84219e-01 5.49749e-02 1.26901e-01 0.00000e+00 0.00000e+00 2.78257e-01
2.15332e+00 1.77082e-01 5.51494e-02 1.26192e-01 0.00000e+00 0.00000e+00 2.75427e-01
2.16064e+00 1.69626e-01 5.52174e-02 1.25384e-01 0.00000e+00 0.00000e+00 2.72636e-01
2.16797e+00 1.61904e-01 5.51847e-02 1.24483e-01 0.00000e+00 0.00000e+00 2.69882e-01
2.17529e+00 1.53944e-01 5.50554e-02 1.23494e-01 0.00000e+00 0.00000e+00 2.67165e-01
2.18262e+00 1.45793e-01 5.48351e-02 1.22423e-01 0.00000e+00 0.00000e+00 2.64484e-01
2.18994e+00 1.37477e-01 5.45277e-02 1.21275e-01 0.00000e+00 0.00000e+00 2.61840e-01
2.19727e+00 1.29039e-01 5.41385e-02 1.20056e-01 0.00000e+00 0.00000e+00 2.59230e-01
2.20459e+00 1.20500e-01 5.36713e-02 1.18770e-01 0.00000e+00 0.00000e+00 2.56655e-01
2.21191e+00 1.11902e-01 5.31310e-02 1.17423e-01 0.00000e+00 0.00000e+00 2.54114e-01
2.21924e+00 1.03262e-01 5.25215e-02 1.16019e-01 0.00000e+00 0.00000e+00 2.51606e-01
2.22656e+00 9.46171e-02 5.18473e-02 1.14563e-01 0.00000e+00 0.00000e+00 2.49131e-01
2.23389e+00 8.59836e-02 5.11119e-02 1.13059e-01 0.00000e+00 0.00000e+00 2.46689e-01
2.24121e+00 7.73939e-02 5.03199e-02 1.11513e-01 0.00000e+00 0.00000e+00 2.44278e-01
2.24854e+00 6.88623e-02 4.94745e-02 1.09927e-01 0.00000e+00 0.00000e+00 2.41899e-01
2.25586e+00 6.04176e-02 4.85800e-02 1.08306e-01 0.00000e+00 0.00000e+00 2.39550e-01
2.26318e+00 5.20720e-02 4.76395e-02 1.06653e-01 0.00000e+00 0.00000e+00 2.37232e-01
2.27051e+00 4.38511e-02 4.66570e-02 1.04973e-01 0.00000e+00 0.00000e+00 2.34944e-01
2.27783e+00 3.57648e-02 4.56354e-02 1.03269e-01 0.00000e+00 0.00000e+00 2.32685e-01
2.28516e+00 2.78358e-02 4.45786e-02 1.01545e-01 0.00000e+00 0.00000e+00 2.30454e-01
2.29248e+00 2.00721e-02 4.34893e-02 9.98029e-02 0.00000e+00 0.00000e+00 2.28253e-01
2.29980e+00 1.24936e-02 4.23711e-02 9.80472e-02 0.00000e+00 0.00000e+00 2.26079e-01
2.30713e+00 5.10632e-03 4.12266e-02 9.62805e-02 0.00000e+00 0.00000e+00 2.23932e-01
2.31445e+00 -2.07244e-03 4.00591e-02 9.45059e-02 0.00000e+00 0.00000e+00 2.21813e-01
2.32178e+00 -9.03821e-03 3.88711e-02 9.27260e-02 0.00000e+00 0.00000e+00 2.19721e-01
2.32910e+00 -1.57763e-02 3.76657e-02 9.09437e-02 0.00000e+00 0.00000e+00 2.17654e-01
2.33643e+00 -2.22837e-02 3.64452e-02 8.91614e-02 0.00000e+00 0.00000e+00 2.15614e-01
2.34375e+00 -2.85480e-02 3.52125e-02 8.73819e-02 0.00000e+00 0.00000e+00 2.13599e-01
2.35107e+00 -3.45678e-02 3.39699e-02 8.56072e-02 0.00000e+00 0.00000e+00 2.11609e-01
2.35840e+00 -4.03325e-02 3.27199e-02 8.38398e-02 0.00000e+00 0.00000e+00 2.09643e-01
2.36572e+00 -4.58423e-02 3.14645e-02 8.20817e-02 0.00000e+00 0.00000e+00 2.07702e-01
2.37305e+00 -5.10885e-02 3.02064e-02 8.03352e-02 0.00000e+00 0.00000e+00 2.05785e-01
2.38037e+00 -5.60723e-02 2.89474e-02 7.86019e-02 0.00000e+00 0.00000e+00 2.03891e-01
2.38770e+00 -6.07868e-02 2.76897e-02 7.68839e-02 0.00000e+00 0.00000e+00 2.02021e-01
2.39502e+00 -6.52345e-02 2.64350e-02 7.51828e-02 0.00000e+00 0.00000e+00 2.00173e-01
2.40234e+00 -6.94101e-02 2.51857e-02 7.35005e-02 0.00000e+00 0.00000e+00 1.98348e-01
2.40967e+00 -7.33170e-02 2.39431e-02 7.18383e-02 0.00000e+00 0.00000e+00 1.96545e-01
2.41699e+00 -7.69513e-02 2.27093e-02 7.01979e-02 0.00000e+00 0.00000e+00 1.94763e-01
2.42432e+00 -8.03175e-02 2.14856e-02 6.85806e-02 0.00000e+00 0.00000e+00 1.93003e-01
2.43164e+00 -8.34128e-02 2.02740e-02 6.69877e-02 0.00000e+00 0.00000e+00 1.91265e-01
2.43896e+00 -8.62426e-02 1.90757e-02 6.54204e-02 0.00000e+00 0.00000e+00 1.89547e-01
2.44629e+00 -8.88054e-02 1.78923e-02 6.38800e-02 0.00000e+00 0.00000e+00 1.87849e-01
2.45361e+00 -9.11072e-02 1.67251e-02 6.23673e-02 0.00000e+00 0.00000e+00 1.86172e-01
2.46094e+00 -9.31475e-02 1.55754e-02 6.08836e-02 0.00000e+00 0.00000e+00 1.84515e-01
2.46826e+00 -9.49331e-02 1.44444e-02 5.94297e-02 0.00000e+00 0.00000e+00 1.82877e-01
2.47559e+00 -9.64645e-02 1.33333e-02 5.80064e-02 0.00000e+00 0.00000e+00 1.81259e-01
2.48291e+00 -9.77488e-02 1.22431e-02 5.66145e-02 0.00000e+00 0.00000e+00 1.79659e-01
2.49023e+00 -9.87874e-02 1.11751e-02 5.52548e-02 0.00000e+00 0.00000e+00 1.78079e-01
2.49756e+00 -9.95880e-02 1.01299e-02 5.39278e-02 0.00000e+00 0.00000e+00 1.76517e-01
2.50488e+00 -1.00153e-01 9.10866e-03 5.26343e-02 0.00000e+00 0.00000e+00 1.74973e-01
2.51221e+00 -1.00490e-01 8.11209e-03 5.13745e-02 0.00000e+00 0.00000e+00 1.73447e-01
2.51953e+00 -1.00601e-01 7.14109e-03 5.01491e-02 0.00000e+00 0.00000e+00 1.71939e-01
2.52686e+00 -1.00497e-01 6.19624e-03 4.89585e-02 0.00000e+00 0.00000e+00 1.70448e-01
2.53418e+00 -1.00178e-01 5.27835e-03 4.78029e-02 0.00000e+00 0.00000e+00 1.68974e-01
2.54150e+00 -9.96554e-02 4.38790e-03 4.66827e-02 0.00000e+00 0.00000e+00 1.67518e-01
2.54883e+00 -9.89315e-02 3.52556e-03 4.55981e-02 0.00000e+00 0.00000e+00 1.66078e-01
2.55615e+00 -9.80157e-02 2.69172e-03 4.45492e-02 0.00000e+00 0.00000e+00 1.64654e-01
2.56348e+00 -9.69119e-02 1.88694e-03 4.35362e-02 0.00000e+00 0.00000e+00 1.63247e-01
2.57080e+00 -9.56293e-02 1.11150e-03 4.25592e-02 0.00000e+00 0.00000e+00 1.61855e-01
2.57812e+00 -9.41723e-02 3.65869e-04 4.16183e-02 0.00000e+00 0.00000e+00 1.60480e-01
2.58545e+00 -9.25502e-02 -3.49782e-04 4.07133e-02 0.00000e+00 0.00000e+00 1.59120e-01
2.59277e+00 -9.07675e-02 -1.03508e-03 3.98442e-02 0.00000e+00 0.00000e+00 1.57775e-01
2.60010e+00 -8.88337e-02 -1.68994e-03 3.90110e-02 0.00000e+00 0.00000e+00 1.56446e-01
2.60742e+00 -8.67536e-02 -2.31409e-03 3.82134e-02 0.00000e+00 0.00000e+00 1.55131e-01
2.61475e+00 -8.45365e-02 -2.90753e-03 3.74514e-02 0.00000e+00 0.00000e+00 1.53831e-01
2.62207e+00 -8.21873e-02 -3.47008e-03 3.67246e-02 0.00000e+00 0.00000e+00 1.52546e-01
2.62939e+00 -7.97155e-02 -4.00184e-03 3.60328e-02 0.00000e+00 0.00000e+00 1.51274e-01
2.63672e+00 -7.71261e-02 -4.50269e-03 3.53758e-02 0.00000e+00 0.00000e+00 1.50017e-01
2.64404e+00 -7.44283e-02 -4.97281e-03 3.47531e-02 0.00000e+00 0.00000e+00 1.48774e-01
2.65137e+00 -7.16273e-02 -5.41219e-03 3.41644e-02 0.00000e+00 0.00000e+00 1.47545e-01
2.65869e+00 -6.87324e-02 -5.82106e-03 3.36093e-02 0.00000e+00 0.00000e+00 1.46328e-01
2.66602e+00 -6.57486e-02 -6.19949e-03 3.30874e-02 0.00000e+00 0.00000e+00 1.45126e-01
2.67334e+00 -6.26849e-02 -6.54779e-03 3.25982e-02 0.00000e+00 0.00000e+00 1.43936e-01
2.68066e+00 -5.95467e-02 -6.86611e-03 3.21413e-02 0.00000e+00 0.00000e+00 1.42760e-01
2.68799e+00 -5.63427e-02 -7.15481e-03 3.17160e-02 0.00000e+00 0.00000e+00 1.41596e-01
2.69531e+00 -5.30782e-02 -7.41412e-03 3.13219e-02 0.00000e+00 0.00000e+00 1.40445e-01
2.70264e+00 -4.97618e-02 -7.64447e-03 3.09583e-02 0.00000e+00 0.00000e+00 1.39306e-01
2.70996e+00 -4.63986e-02 -7.84614e-03 3.06248e-02 0.00000e+00 0.00000e+00 1.38179e-01
2.71729e+00 -4.29971e-02 -8.01963e-03 3.03205e-02 0.00000e+00 0.00000e+00 1.37065e-01
2.72461e+00 -3.95625e-02 -8.16529e-03 3.00450e-02 0.00000e+00 0.00000e+00 1.35963e-01
2.73193e+00 -3.61028e-02 -8.28366e-03 2.97975e-02 0.00000e+00 0.00000e+00 1.34872e-01
2.73926e+00 -3.26231e-02 -8.37516e-03 2.95774e-02 0.00000e+00 0.00000e+00 1.33793e-01
2.74658e+00 -2.91315e-02 -8.44039e-03 2.93839e-02 0.00000e+00 0.00000e+00 1.32726e-01
2.75391e+00 -2.56328e-02 -8.47981e-03 2.92164e-02 0.00000e+00 0.00000e+00 1.31670e-01
2.76123e+00 -2.21347e-02 -8.49407e-03 2.90740e-02 0.00000e+00 0.00000e+00 1.30625e-01
2.76855e+00 -1.86421e-02 -8.48370e-03 2.89560e-02 0.00000e+00 0.00000e+00 1.29591e-01
2.77588e+00 -1.51624e-02 -8.44939e-03 2.88616e-02 0.00000e+00 0.00000e+00 1.28567e-01
2.78320e+00 -1.17002e-02 -8.39171e-03 2.87901e-02 0.00000e+00 0.00000e+00 1.27555e-01
2.79053e+00 -8.26287e-03 -8.31140e-03 2.87405e-02 0.00000e+00 0.00000e+00 1.26553e-01
2.79785e+00 -4.85481e-03 -8.20908e-03 2.87122e-02 0.00000e+00 0.00000e+00 1.25562e-01
2.80518e+00 -1.48310e-03 -8.08552e-03 2.87041e-02 0.00000e+00 0.00000e+00 1.24581e-01
2.81250e+00 1.84802e-03 -7.94140e-03 2.87156e-02 0.00000e+00 0.00000e+00 1.23610e-01
2.81982e+00 5.13172e-03 -7.77752e-03 2.87457e-02 0.00000e+00 0.00000e+00 1.22650e-01
2.82715e+00 8.36392e-03 -7.59460e-03 2.87936e-02 0.00000e+00 0.00000e+00 1.21699e-01
2.83447e+00 1.15380e-02 -7.39348e-03 2.88582e-02 0.00000e+00 0.00000e+00 1.20758e-01
2.84180e+00 1.46501e-02 -7.17490e-03 2.89389e-02 0.00000e+00 0.00000e+00 1.19827e-01
2.84912e+00 1.76939e-02 -6.93976e-03 2.90346e-02 0.00000e+00 0.00000e+00 1.18905e-01
2.85645e+00 2.06656e-02 -6.68883e-03 2.91444e-02 0.00000e+00 0.00000e+00 1.17993e-01
2.86377e+00 2.35591e-02 -6.42302e-03 2.92674e-02 0.00000e+00 0.00000e+00 1.17090e-01
2.87109e+00 2.63709e-02 -6.14315e-03 2.94027e-02 0.00000e+00 0.00000e+00 1.16196e-01
2.87842e+00 2.90951e-02 -5.85017e-03 2.95492e-02 0.00000e+00 0.00000e+00 1.15311e-01
2.88574e+00 3.17283e-02 -5.54491e-03 2.97062e-02 0.00000e+00 0.00000e+00 1.14435e-01
2.89307e+00 3.42649e-02 -5.22835e-03 2.98725e-02 0.00000e+00 0.00000e+00 1.13568e-01
2.90039e+00 3.67016e-02 -4.90135e-03 3.00473e-02 0.00000e+00 0.00000e+00 1.12710e-01
2.90771e+00 3.90331e-02 -4.56492e-03 3.02295e-02 0.00000e+00 0.00000e+00 1.11861e-01
2.91504e+00 4.12563e-02 -4.21995e-03 3.04183e-02 0.00000e+00 0.00000e+00 1.11020e-01
2.92236e+00 4.33660e-02 -3.86746e-03 3.06126e-02 0.00000e+00 0.00000e+00 1.10187e-01
2.92969e+00 4.53593e-02 -3.50837e-03 3.08114e-02 0.00000e+00 0.00000e+00 1.09363e-01
2.93701e+00 4.72312e-02 -3.14373e-03 3.10137e-02 0.00000e+00 0.00000e+00 1.08546e-01
2.94434e+00 4.89789e-02 -2.77447e-03 3.12186e-02 0.00000e+00 0.00000e+00 1.07738e-01
2.95166e+00 5.05978e-02 -2.40166e-03 3.14250e-02 0.00000e+00 0.00000e+00 1.06938e-01
2.95898e+00 5.20852e-02 -2.02626e-03 3.16320e-02 0.00000e+00 0.00000e+00 1.06146e-01
2.96631e+00 5.34364e-02 -1.64935e-03 3.18386e-02 0.00000e+00 0.00000e+00 1.05362e-01
2.97363e+00 5.46491e-02 -1.27192e-03 3.20436e-02 0.00000e+00 0.00000e+00 1.04585e-01
2.98096e+00 5.57189e-02 -8.95052e-04 3.22463e-02 0.00000e+00 0.00000e+00 1.03816e-01
2.98828e+00 5.66433e-02 -5.19754e-04 3.24454e-02 0.00000e+00 0.00000e+00 1.03055e-01
2.99561e+00 5.74183e-02 -1.47136e-04 3.26401e-02 0.00000e+00 0.00000e+00 1.02301e-01
3.00293e+00 5.80415e-02 2.21785e-04 3.28293e-02 0.00000e+00 0.00000e+00 1.01554e-01
3.01025e+00 5.85089e-02 5.85900e-04 3.30119e-02 0.00000e+00 0.00000e+00 1.00815e-01
3.01758e+00 5.88196e-02 9.44252e-04 3.31872e-02 0.00000e+00 0.00000e+00 1.00082e-01
3.02490e+00 5.89717e-02 1.29586e-03 3.33541e-02 0.00000e+00 0.00000e+00 9.93570e-02
3.03223e+00 5.89661e-02 1.63992e-03 3.35120e-02 0.00000e+00 0.00000e+00 9.86388e-02
3.03955e+00 5.88028e-02 1.97558e-03 3.36601e-02 0.00000e+00 0.00000e+00 9.79275e-02
3.04688e+00 5.84846e-02 2.30219e-03 3.37978e-02 0.00000e+00 0.00000e+00 9.72229e-02
3.05420e+00 5.80131e-02 2.61903e-03 3.39246e-02 0.00000e+00 0.00000e+00 9.65252e-02
3.06152e+00 5.73923e-02 2.92556e-03 3.40399e-02 0.00000e+00 0.00000e+00 9.58341e-02
3.06885e+00 5.66253e-02 3.22121e-03 3.41432e-02 0.00000e+00 0.00000e+00 9.51495e-02
3.07617e+00 5.57173e-02 3.50554e-03 3.42343e-02 0.00000e+00 0.00000e+00 9.44715e-02
3.08350e+00 5.46724e-02 3.77809e-03 3.43128e-02 0.00000e+00 0.00000e+00 9.37999e-02
3.09082e+00 5.34968e-02 4.03854e-03 3.43784e-02 0.00000e+00 0.00000e+00 9.31347e-02
3.09814e+00 5.21955e-02 4.28653e-03 3.44310e-02 0.00000e+00 0.00000e+00 9.24757e-02
3.10547e+00 5.07753e-02 4.52184e-03 3.44703e-02 0.00000e+00 0.00000e+00 9.18229e-02
3.11279e+00 4.92420e-02 4.74421e-03 3.44963e-02 0.00000e+00 0.00000e+00 9.11763e-02
3.12012e+00 4.76030e-02 4.95350e-03 3.45089e-02 0.00000e+00 0.00000e+00 9.05357e-02
3.12744e+00 4.58643e-02 5.14954e-03 3.45080e-02 0.00000e+00 0.00000e+00 8.99011e-02
3.13477e+00 4.40339e-02 5.33229e-03 3.44937e-02 0.00000e+00 0.00000e+00 8.92725e-02
3.14209e+00 4.21182e-02 5.50164e-03 3.44660e-02 0.00000e+00 0.00000e+00 8.86496e-02
3.14941e+00 4.01252e-02 5.65761e-03 3.44250e-02 0.00000e+00 0.00000e+00 8.80326e-02
3.15674e+00 3.80616e-02 5.80019e-03 3.43708e-02 0.00000e+00 0.00000e+00 8.74212e-02
3.16406e+00 3.59355e-02 5.92947e-03 3.43036e-02 0.00000e+00 0.00000e+00 8.68156e-02
3.17139e+00 3.37535e-02 6.04549e-03 3.42235e-02 0.00000e+00 0.00000e+00 8.62154e-02
3.17871e+00 3.15237e-02 6.14838e-03 3.41308e-02 0.00000e+00 0.00000e+00 8.56209e-02
3.18604e+00 2.92528e-02 6.23827e-03 3.40256e-02 0.00000e+00 0.00000e+00 8.50317e-02
3.19336e+00 2.69487e-02 6.31533e-03 3.39083e-02 0.00000e+00 0.00000e+00 8.44480e-02
3.20068e+00 2.46178e-02 6.37974e-03 3.37790e-02 0.00000e+00 0.00000e+00 8.38696e-02
3.20801e+00 2.22679e-02 6.43172e-03 3.36381e-02 0.00000e+00 0.00000e+00 8.32964e-02
3.21533e+00 1.99051e-02 6.47148e-03 3.34859e-02 0.00000e+00 0.00000e+00 8.27285e-02
3.22266e+00 1.75369e-02 6.49930e-03 3.33228e-02 0.00000e+00 0.00000e+00 8.21657e-02
3.22998e+00 1.51692e-02 6.51541e-03 3.31490e-02 0.00000e+00 0.00000e+00 8.16081e-02
3.23730e+00 1.28089e-02 6.52014e-03 3.29650e-02 0.00000e+00 0.00000e+00 8.10554e-02
3.24463e+00 1.04617e-02 6.51375e-03 3.27711e-02 0.00000e+00 0.00000e+00 8.05077e-02
3.25195e+00 8.13408e-03 6.49658e-03 3.25676e-02 0.00000e+00 0.00000e+00 7.99650e-02
3.25928e+00 5.83119e-03 6.46894e-03 3.23550e-02 0.00000e+00 0.00000e+00 7.94271e-02
3.26660e+00 3.55913e-03 6.43119e-03 3.21338e-02 0.00000e+00 0.00000e+00 7.88940e-02
3.27393e+00 1.32261e-03 6.38365e-03 3.19041e-02 0.00000e+00 0.00000e+00 7.83657e-02
3.28125e+00 -8.72788e-04 6.32670e-03 3.16666e-02 0.00000e+00 0.00000e+00 7.78421e-02
3.28857e+00 -3.02284e-03 6.26069e-03 3.14216e-02 0.00000e+00 0.00000e+00 7.73232e-02
3.29590e+00 -5.12247e-03 6.18602e-03 3.11695e-02 0.00000e+00 0.00000e+00 7.68088e-02
3.30322e+00 -7.16796e-03 6.10303e-03 3.09107e-02 0.00000e+00 0.00000e+00 7.62991e-02
3.31055e+00 -9.15478e-03 6.01213e-03 3.06457e-02 0.00000e+00 0.00000e+00 7.57938e-02
3.31787e+00 -1.10797e-02 5.91370e-03 3.03750e-02 0.00000e+00 0.00000e+00 7.52929e-02
3.32520e+00 -1.29388e-02 5.80814e-03 3.00988e-02 0.00000e+00 0.00000e+00 7.47965e-02
3.33252e+00 -1.47293e-02 5.69582e-03 2.98177e-02 0.00000e+00 0.00000e+00 7.43044e-02
3.33984e+00 -1.64477e-02 5.57716e-03 2.95321e-02 0.00000e+00 0.00000e+00 7.38166e-02
3.34717e+00 -1.80920e-02 5.45254e-03 2.92424e-02 0.00000e+00 0.00000e+00 7.33331e-02
3.35449e+00 -1.96591e-02 5.32236e-03 2.89490e-02 0.00000e+00 0.00000e+00 7.28538e-02
3.36182e+00 -2.11474e-02 5.18700e-03 2.86523e-02 0.00000e+00 0.00000e+00 7.23787e-02
3.36914e+00 -2.25546e-02 5.04688e-03 2.83528e-02 0.00000e+00 0.00000e+00 7.19077e-02
3.37646e+00 -2.38794e-02 4.90235e-03 2.80508e-02 0.00000e+00 0.00000e+00 7.14407e-02
3.38379e+00 -2.51200e-02 4.75384e-03 2.77468e-02 0.00000e+00 0.00000e+00 7.09779e-02
3.39111e+00 -2.62756e-02 4.60169e-03 2.74410e-02 0.00000e+00 0.00000e+00 7.05189e-02
3.39844e+00 -2.73450e-02 4.44631e-03 2.71340e-02 0.00000e+00 0.00000e+00 7.00640e-02
3.40576e+00 -2.83277e-02 4.28805e-03 2.68261e-02 0.00000e+00 0.00000e+00 6.96129e-02
3.41309e+00 -2.92231e-02 4.12730e-03 2.65176e-02 0.00000e+00 0.00000e+00 6.91657e-02
3.42041e+00 -3.00311e-02 3.96440e-03 2.62090e-02 0.00000e+00 0.00000e+00 6.87224e-02
3.42773e+00 -3.07515e-02 3.79973e-03 2.59005e-02 0.00000e+00 0.00000e+00 6.82828e-02
3.43506e+00 -3.13847e-02 3.63361e-03 2.55925e-02 0.00000e+00 0.00000e+00 6.78469e-02
3.44238e+00 -3.19307e-02 3.46641e-03 2.52854e-02 0.00000e+00 0.00000e+00 6.74148e-02
3.44971e+00 -3.23907e-02 3.29843e-03 2.49795e-02 0.00000e+00 0.00000e+00 6.69863e-02
3.45703e+00 -3.27647e-02 3.13004e-03 2.46750e-02 0.00000e+00 0.00000e+00 6.65615e-02
3.46436e+00 -3.30544e-02 2.96152e-03 2.43724e-02 0.00000e+00 0.00000e+00 6.61402e-02
3.47168e+00 -3.32603e-02 2.79320e-03 2.40718e-02 0.00000e+00 0.00000e+00 6.57225e-02
3.47900e+00 -3.33842e-02 2.62537e-03 2.37736e-02 0.00000e+00 0.00000e+00 6.53082e-02
3.48633e+00 -3.34270e-02 2.45834e-03 2.34780e-02 0.00000e+00 0.00000e+00 6.48975e-02
3.49365e+00 -3.33908e-02 2.29236e-03 2.31853e-02 0.00000e+00 0.00000e+00 6.44902e-02
3.50098e+00 -3.32769e-02 2.12774e-03 2.28958e-02 0.00000e+00 0.00000e+00 6.40863e-02
3.50830e+00 -3.30876e-02 1.96470e-03 2.26097e-02 0.00000e+00 0.00000e+00 6.36857e-02
3.51562e+00 -3.28244e-02 1.80354e-03 2.23272e-02 0.00000e+00 0.00000e+00 6.32885e-02
3.52295e+00 -3.24900e-02 1.64446e-03 2.20485e-02 0.00000e+00 0.00000e+00 6.28946e-02
3.53027e+00 -3.20860e-02 1.48773e-03 2.17739e-02 0.00000e+00 0.00000e+00 6.25040e-02
3.53760e+00 -3.16152e-02 1.33354e-03 2.15035e-02 0.00000e+00 0.00000e+00 6.21166e-02
3.54492e+00 -3.10796e-02 1.18212e-03 2.12375e-02 0.00000e+00 0.00000e+00 6.17323e-02
3.55225e+00 -3.04822e-02 1.03367e-03 2.09761e-02 0.00000e+00 0.00000e+00 6.13513e-02
3.55957e+00 -2.98251e-02 8.88377e-04 2.07194e-02 0.00000e+00 0.00000e+00 6.09733e-02
3.56689e+00 -2.91113e-02 7.46416e-04 2.04677e-02 0.00000e+00 0.00000e+00 6.05985e-02
3.57422e+00 -2.83433e-02 6.07971e-04 2.02209e-02 0.00000e+00 0.00000e+00 6.02267e-02
3.58154e+00 -2.75241e-02 4.73184e-04 1.99793e-02 0.00000e+00 0.00000e+00 5.98580e-02
3.58887e+00 -2.66562e-02 3.42220e-04 1.97430e-02 0.00000e+00 0.00000e+00 5.94923e-02
3.59619e+00 -2.57429e-02 2.15200e-04 1.95120e-02 0.00000e+00 0.00000e+00 5.91295e-02
3.60352e+00 -2.47867e-02 9.22685e-05 1.92866e-02 0.00000e+00 0.00000e+00 5.87697e-02
3.61084e+00 -2.37909e-02 -2.64757e-05 1.90666e-02 0.00000e+00 0.00000e+00 5.84128e-02
3.61816e+00 -2.27582e-02 -1.40909e-04 1.88523e-02 0.00000e+00 0.00000e+00 5.80588e-02
3.62549e+00 -2.16917e-02 -2.50952e-04 1.86436e-02 0.00000e+00 0.00000e+00 5.77076e-02
3.63281e+00 -2.05943e-02 -3.56503e-04 1.84406e-02 0.00000e+00 0.00000e+00 5.73593e-02
3.64014e+00 -1.94691e-02 -4.57503e-04 1.82434e-02 0.00000e+00 0.00000e+00 5.70138e-02
3.64746e+00 -1.83190e-02 -5.53870e-04 1.80520e-02 0.00000e+00 0.00000e+00 5.66710e-02
3.65479e+00 -1.71471e-02 -6.45564e-04 1.78664e-02 0.00000e+00 0.00000e+00 5.63310e-02
3.66211e+00 -1.59562e-02 -7.32525e-04 1.76866e-02 0.00000e+00 0.00000e+00 5.59936e-02
3.66943e+00 -1.47495e-02 -8.14730e-04 1.75126e-02 0.00000e+00 0.00000e+00 5.56590e-02
3.67676e+00 -1.35297e-02 -8.92139e-04 1.73445e-02 0.00000e+00 0.00000e+00 5.53271e-02
3.68408e+00 -1.22999e-02 -9.64750e-04 1.71821e-02 0.00000e+00 0.00000e+00 5.49977e-02
3.69141e+00 -1.10627e-02 -1.03254e-03 1.70255e-02 0.00000e+00 0.00000e+00 5.46710e-02
3.69873e+00 -9.82131e-03 -1.09552e-03 1.68746e-02 0.00000e+00 0.00000e+00 5.43469e-02
3.70605e+00 -8.57812e-03 -1.15369e-03 1.67294e-02 0.00000e+00 0.00000e+00 5.40253e-02
3.71338e+00 -7.33623e-03 -1.20708e-03 1.65898e-02 0.00000e+00 0.00000e+00 5.37063e-02
3.72070e+00 -6.09800e-03 -1.25570e-03 1.64558e-02 0.00000e+00 0.00000e+00 5.33897e-02
3.72803e+00 -4.86639e-03 -1.29960e-03 1.63272e-02 0.00000e+00 0.00000e+00 5.30757e-02
3.73535e+00 -3.64368e-03 -1.33881e-03 1.62041e-02 0.00000e+00 0.00000e+00 5.27641e-02
3.74268e+00 -2.43267e-03 -1.37339e-03 1.60864e-02 0.00000e+00 0.00000e+00 5.24549e-02
3.75000e+00 -1.23553e-03 -1.40339e-03 1.59739e-02 0.00000e+00 0.00000e+00 5.21481e-02
3.75732e+00 -5.49185e-05 -1.42888e-03 1.58665e-02 0.00000e+00 0.00000e+00 5.18438e-02
3.76465e+00 1.10713e-03 -1.44992e-03 1.57643e-02 0.00000e+00 0.00000e+00 5.15418e-02
3.77197e+00 2.24810e-03 -1.46661e-03 1.56669e-02 0.00000e+00 0.00000e+00 5.12421e-02
3.77930e+00 3.36611e-03 -1.47900e-03 1.55744e-02 0.00000e+00 0.00000e+00 5.09448e-02
3.78662e+00 4.45880e-03 -1.48722e-03 1.54867e-02 0.00000e+00 0.00000e+00 5.06497e-02
3.79395e+00 5.52446e-03 -1.49133e-03 1.54035e-02 0.00000e+00 0.00000e+00 5.03570e-02
3.80127e+00 6.56090e-03 -1.49145e-03 1.53248e-02 0.00000e+00 0.00000e+00 5.00664e-02
3.80859e+00 7.56657e-03 -1.48769e-03 1.52504e-02 0.00000e+00 0.00000e+00 4.97781e-02
3.81592e+00 8.53946e-03 -1.48015e-03 1.51802e-02 0.00000e+00 0.00000e+00 4.94921e-02
3.82324e+00 9.47820e-03 -1.46896e-03 1.51141e-02 0.00000e+00 0.00000e+00 4.92082e-02
3.83057e+00 1.03810e-02 -1.45423e-03 1.50519e-02 0.00000e+00 0.00000e+00 4.89265e-02
3.83789e+00 1.12465e-02 -1.43609e-03 1.49935e-02 0.00000e+00 0.00000e+00 4.86469e-02
3.84521e+00 1.20733e-02 -1.41467e-03 1.49387e-02 0.00000e+00 0.00000e+00 4.83694e-02
3.85254e+00 1.28603e-02 -1.39009e-03 1.48874e-02 0.00000e+00 0.00000e+00 4.80941e-02
3.85986e+00 1.36060e-02 -1.36251e-03 1.48393e-02 0.00000e+00 0.00000e+00 4.78208e-02
3.86719e+00 1.43097e-02 -1.33205e-03 1.47945e-02 0.00000e+00 0.00000e+00 4.75496e-02
3.87451e+00 1.49701e-02 -1.29885e-03 1.47526e-02 0.00000e+00 0.00000e+00 4.72805e-02
3.88184e+00 1.55865e-02 -1.26307e-03 1.47136e-02 0.00000e+00 0.00000e+00 4.70133e-02
3.88916e+00 1.61580e-02 -1.22484e-03 1.46772e-02 0.00000e+00 0.00000e+00 4.67482e-02
3.89648e+00 1.66842e-02 -1.18432e-03 1.46434e-02 0.00000e+00 0.00000e+00 4.64851e-02
3.90381e+00 1.71641e-02 -1.14165e-03 1.46119e-02 0.00000e+00 0.00000e+00 4.62240e-02
3.91113e+00 1.75976e-02 -1.09698e-03 1.45826e-02 0.00000e+00 0.00000e+00 4.59648e-02
3.91846e+00 1.79841e-02 -1.05046e-03 1.45554e-02 0.00000e+00 0.00000e+00 4.57075e-02
3.92578e+00 1.83235e-02 -1.00225e-03 1.45300e-02 0.00000e+00 0.00000e+00 4.54521e-02
3.93311e+00 1.86154e-02 -9.52500e-04 1.45063e-02 0.00000e+00 0.00000e+00 4.51987e-02
3.94043e+00 1.88600e-02 -9.01351e-04 1.44842e-02 0.00000e+00 0.00000e+00 4.49471e-02
3.94775e+00 1.90571e-02 -8.48966e-04 1.44635e-02 0.00000e+00 0.00000e+00 4.46974e-02
3.95508e+00 1.92071e-02 -7.95484e-04 1.44440e-02 0.00000e+00 0.00000e+00 4.44496e-02
3.96240e+00 1.93099e-02 -7.41066e-04 1.44256e-02 0.00000e+00 0.00000e+00 4.42035e-02
3.96973e+00 1.93661e-02 -6.85849e-04 1.44081e-02 0.00000e+00 0.00000e+00 4.39593e-02
3.97705e+00 1.93760e-02 -6.29990e-04 1.43914e-02 0.00000e+00 0.00000e+00 4.37169e-02
3.98438e+00 1.93402e-02 -5.73622e-04 1.43753e-02 0.00000e+00 0.00000e+00 4.34762e-02
3.99170e+00 1.92592e-02 -5.16898e-04 1.43597e-02 0.00000e+00 0.00000e+00 4.32374e-02
3.99902e+00 1.91340e-02 -4.59946e-04 1.43444e-02 0.00000e+00 0.00000e+00 4.30002e-02
4.00635e+00 1.89651e-02 -4.02914e-04 1.43294e-02 0.00000e+00 0.00000e+00 4.27648e-02
4.01367e+00 1.87538e-02 -3.45925e-04 1.43144e-02 0.00000e+00 0.00000e+00 4.25311e-02
4.02100e+00 1.85007e-02 -2.89118e-04 1.42994e-02 0.00000e+00 0.00000e+00 4.22992e-02
4.02832e+00 1.82073e-02 -2.32610e-04 1.42842e-02 0.00000e+00 0.00000e+00 4.20689e-02
4.03564e+00 1.78745e-02 -1.76533e-04 1.42687e-02 0.00000e+00 0.00000e+00 4.18402e-02
4.04297e+00 1.75038e-02 -1.20994e-04 1.42527e-02 0.00000e+00 0.00000e+00 4.16132e-02
4.05029e+00 1.70965e-02 -6.61178e-05 1.42363e-02 0.00000e+00 0.00000e+00 4.13879e-02
4.05762e+00 1.66542e-02 -1.20027e-05 1.42192e-02 0.00000e+00 0.00000e+00 4.11642e-02
4.06494e+00 1.61781e-02 4.12374e-05 1.42014e-02 0.00000e+00 0.00000e+00 4.09421e-02
4.07227e+00 1.56702e-02 9.35123e-05 1.41828e-02 0.00000e+00 0.00000e+00 4.07216e-02
4.07959e+00 1.51319e-02 1.44718e-04 1.41632e-02 0.00000e+00 0.00000e+00 4.05026e-02
4.08691e+00 1.45652e-02 1.94775e-04 1.41427e-02 0.00000e+00 0.00000e+00 4.02853e-02
4.09424e+00 1.39715e-02 2.43590e-04 1.41211e-02 0.00000e+00 0.00000e+00 4.00694e-02
4.10156e+00 1.33531e-02 2.91092e-04 1.40983e-02 0.00000e+00 0.00000e+00 3.98552e-02
4.10889e+00 1.27114e-02 3.37198e-04 1.40743e-02 0.00000e+00 0.00000e+00 3.96424e-02
4.11621e+00 1.20488e-02 3.81849e-04 1.40491e-02 0.00000e+00 0.00000e+00 3.94312e-02
4.12354e+00 1.13668e-02 4.24972e-04 1.40225e-02 0.00000e+00 0.00000e+00 3.92214e-02
4.13086e+00 1.06678e-02 4.66517e-04 1.39945e-02 0.00000e+00 0.00000e+00 3.90132e-02
4.13818e+00 9.95339e-03 5.06423e-04 1.39651e-02 0.00000e+00 0.00000e+00 3.88064e-02
4.14551e+00 9.22588e-03 5.44651e-04 1.39342e-02 0.00000e+00 0.00000e+00 3.86011e-02
4.15283e+00 8.48706e-03 5.81148e-04 1.39018e-02 0.00000e+00 0.00000e+00 3.83972e-02
4.16016e+00 7.73911e-03 6.15885e-04 1.38679e-02 0.00000e+00 0.00000e+00 3.81948e-02
4.16748e+00 6.98387e-03 6.48821e-04 1.38324e-02 0.00000e+00 0.00000e+00 3.79937e-02
4.17480e+00 6.22350e-03 6.79936e-04 1.37954e-02 0.00000e+00 0.00000e+00 3.77941e-02
4.18213e+00 5.45979e-03 7.09199e-04 1.37568e-02 0.00000e+00 0.00000e+00 3.75959e-02
4.18945e+00 4.69487e-03 7.36599e-04 1.37165e-02 0.00000e+00 0.00000e+00 3.73991e-02
4.19678e+00 3.93048e-03 7.62115e-04 1.36746e-02 0.00000e+00 0.00000e+00 3.72036e-02
4.20410e+00 3.16869e-03 7.85744e-04 1.36312e-02 0.00000e+00 0.00000e+00 3.70095e-02
4.21143e+00 2.41118e-03 8.07474e-04 1.35861e-02 0.00000e+00 0.00000e+00 3.68167e-02
4.21875e+00 1.65992e-03 8.27312e-04 1.35394e-02 0.00000e+00 0.00000e+00 3.66253e-02
4.22607e+00 9.16509e-04 8.45254e-04 1.34912e-02 0.00000e+00 0.00000e+00 3.64352e-02
4.23340e+00 1.82831e-04 8.61314e-04 1.34413e-02 0.00000e+00 0.00000e+00 3.62464e-02
4.24072e+00 -5.39625e-04 8.75497e-04 1.33899e-02 0.00000e+00 0.00000e+00 3.60590e-02
4.24805e+00 -1.24909e-03 8.87824e-04 1.33370e-02 0.00000e+00 0.00000e+00 3.58728e-02
4.25537e+00 -1.94419e-03 8.98306e-04 1.32826e-02 0.00000e+00 0.00000e+00 3.56878e-02
4.26270e+00 -2.62329e-03 9.06974e-04 1.32267e-02 0.00000e+00 0.00000e+00 3.55042e-02
4.27002e+00 -3.28513e-03 9.13844e-04 1.31693e-02 0.00000e+00 0.00000e+00 3.53218e-02
4.27734e+00 -3.92822e-03 9.18952e-04 1.31106e-02 0.00000e+00 0.00000e+00 3.51407e-02
4.28467e+00 -4.55144e-03 9.22324e-04 1.30504e-02 0.00000e+00 0.00000e+00 3.49608e-02
4.29199e+00 -5.15345e-03 9.23999e-04 1.29890e-02 0.00000e+00 0.00000e+00 3.47821e-02
4.29932e+00 -5.73326e-03 9.24007e-04 1.29262e-02 0.00000e+00 0.00000e+00 3.46047e-02
4.30664e+00 -6.28970e-03 9.22396e-04 1.28623e-02 0.00000e+00 0.00000e+00 3.44284e-02
4.31396e+00 -6.82193e-03 9.19199e-04 1.27971e-02 0.00000e+00 0.00000e+00 3.42533e-02
4.32129e+00 -7.32891e-03 9.14467e-04 1.27307e-02 0.00000e+00 0.00000e+00 3.40795e-02
4.32861e+00 -7.81000e-03 9.08240e-04 1.26633e-02 0.00000e+00 0.00000e+00 3.39068e-02
4.33594e+00 -8.26430e-03 9.00572e-04 1.25949e-02 0.00000e+00 0.00000e+00 3.37352e-02
4.34326e+00 -8.69132e-03 8.91505e-04 1.25254e-02 0.00000e+00 0.00000e+00 3.35648e-02
4.35059e+00 -9.09033e-03 8.81099e-04 1.24550e-02 0.00000e+00 0.00000e+00 3.33956e-02
4.35791e+00 -9.46099e-03 8.69398e-04 1.23838e-02 0.00000e+00 0.00000e+00 3.32275e-02
4.36523e+00 -9.80274e-03 8.56463e-04 1.23117e-02 0.00000e+00 0.00000e+00 3.30605e-02
4.37256e+00 -1.01154e-02 8.42342e-04 1.22388e-02 0.00000e+00 0.00000e+00 3.28947e-02
4.37988e+00 -1.03986e-02 8.27099e-04 1.21653e-02 0.00000e+00 0.00000e+00 3.27299e-02
4.38721e+00 -1.06522e-02 8.10783e-04 1.20911e-02 0.00000e+00 0.00000e+00 3.25663e-02
4.39453e+00 -1.08761e-02 7.93458e-04 1.20164e-02 0.00000e+00 0.00000e+00 3.24037e-02
4.40186e+00 -1.10702e-02 7.75177e-04 1.19411e-02 0.00000e+00 0.00000e+00 3.22423e-02
4.40918e+00 -1.12347e-02 7.56003e-04 1.18653e-02 0.00000e+00 0.00000e+00 3.20818e-02
4.41650e+00 -1.13696e-02 7.35990e-04 1.17891e-02 0.00000e+00 0.00000e+00 3.19225e-02
4.42383e+00 -1.14751e-02 7.15203e-04 1.17126e-02 0.00000e+00 0.00000e+00 3.17642e-02
4.43115e+00 -1.15515e-02 6.93695e-04 1.16359e-02 0.00000e+00 0.00000e+00 3.16070e-02
4.43848e+00 -1.15990e-02 6.71530e-04 1.15589e-02 0.00000e+00 0.00000e+00 3.14507e-02
4.44580e+00 -1.16182e-02 6.48763e-04 1.14817e-02 0.00000e+00 0.00000e+00 3.12956e-02
4.45312e+00 -1.16093e-02 6.25458e-04 1.14044e-02 0.00000e+00 0.00000e+00 3.11414e-02
4.46045e+00 -1.15729e-02 6.01666e-04 1.13271e-02 0.00000e+00 0.00000e+00 3.09882e-02
4.46777e+00 -1.15096e-02 5.77451e-04 1.12498e-02 0.00000e+00 0.00000e+00 3.08361e-02
4.47510e+00 -1.14200e-02 5.52866e-04 1.11725e-02 0.00000e+00 0.00000e+00 3.06849e-02
4.48242e+00 -1.13048e-02 5.27971e-04 1.10954e-02 0.00000e+00 0.00000e+00 3.05348e-02
4.48975e+00 -1.11646e-02 5.02817e-04 1.10184e-02 0.00000e+00 0.00000e+00 3.03856e-02
4.49707e+00 -1.10002e-02 4.77464e-04 1.09417e-02 0.00000e+00 0.00000e+00 3.02373e-02
4.50439e+00 -1.08125e-02 4.51961e-04 1.08652e-02 0.00000e+00 0.00000e+00 3.00901e-02
4.51172e+00 -1.06022e-02 4.26365e-04 1.07891e-02 0.00000e+00 0.00000e+00 2.99438e-02
4.51904e+00 -1.03703e-02 4.00723e-04 1.07134e-02 0.00000e+00 0.00000e+00 2.97984e-02
4.52637e+00 -1.01176e-02 3.75091e-04 1.06380e-02 0.00000e+00 0.00000e+00 2.96540e-02
4.53369e+00 -9.84525e-03 3.49512e-04 1.05632e-02 0.00000e+00 0.00000e+00 2.95105e-02
4.54102e+00 -9.55398e-03 3.24039e-04 1.04888e-02 0.00000e+00 0.00000e+00 2.93680e-02
4.54834e+00 -9.24498e-03 2.98714e-04 1.04151e-02 0.00000e+00 0.00000e+00 2.92263e-02
4.55566e+00 -8.91914e-03 2.73588e-04 1.03419e-02 0.00000e+00 0.00000e+00 2.90856e-02
4.56299e+00 -8.57764e-03 2.48697e-04 1.02693e-02 0.00000e+00 0.00000e+00 2.89457e-02
4.57031e+00 -8.22142e-03 2.24090e-04 1.01975e-02 0.00000e+00 0.00000e+00 2.88068e-02
4.57764e+00 -7.85169e-03 1.99801e-04 1.01263e-02 0.00000e+00 0.00000e+00 2.86687e-02
4.58496e+00 -7.46941e-03 1.75874e-04 1.00559e-02 0.00000e+00 0.00000e+00 2.85316e-02
4.59229e+00 -7.07582e-03 1.52342e-04 9.98628e-03 0.00000e+00 0.00000e+00 2.83953e-02
4.59961e+00 -6.67190e-03 1.29245e-04 9.91747e-03 0.00000e+00 0.00000e+00 2.82598e-02
4.60693e+00 -6.25888e-03 1.06612e-04 9.84949e-03 0.00000e+00 0.00000e+00 2.81253e-02
4.61426e+00 -5.83778e-03 8.44784e-05 9.78238e-03 0.00000e+00 0.00000e+00 2.79916e-02
4.62158e+00 -5.40980e-03 6.28710e-05 9.71616e-03 0.00000e+00 0.00000e+00 2.78587e-02
4.62891e+00 -4.97597e-03 4.18225e-05 9.65086e-03 0.00000e+00 0.00000e+00 2.77267e-02
4.63623e+00 -4.53748e-03 2.13549e-05 9.58650e-03 0.00000e+00 0.00000e+00 2.75955e-02
4.64355e+00 -4.09534e-03 1.49769e-06 9.52309e-03 0.00000e+00 0.00000e+00 2.74651e-02
4.65088e+00 -3.65073e-03 -1.77308e-05 9.46065e-03 0.00000e+00 0.00000e+00 2.73355e-02
4.65820e+00 -3.20462e-03 -3.63046e-05 9.39921e-03 0.00000e+00 0.00000e+00 2.72068e-02
4.66553e+00 -2.75819e-03 -5.42089e-05 9.33876e-03 0.00000e+00 0.00000e+00 2.70789e-02
4.67285e+00 -2.31236e-03 -7.14215e-05 9.27934e-03 0.00000e+00 0.00000e+00 2.69517e-02
4.68018e+00 -1.86826e-03 -8.79311e-05 9.22094e-03 0.00000e+00 0.00000e+00 2.68254e-02
4.68750e+00 -1.42679e-03 -1.03719e-04 9.16357e-03 0.00000e+00 0.00000e+00 2.66999e-02
4.69482e+00 -9.89035e-04 -1.18777e-04 9.10725e-03 0.00000e+00 0.00000e+00 2.65751e-02
4.70215e+00 -5.55846e-04 -1.33091e-04 9.05197e-03 0.00000e+00 0.00000e+00 2.64511e-02
4.70947e+00 -1.28253e-04 -1.46656e-04 8.99774e-03 0.00000e+00 0.00000e+00 2.63279e-02
4.71680e+00 2.92946e-04 -1.59460e-04 8.94457e-03 0.00000e+00 0.00000e+00 2.62054e-02
4.72412e+00 7.06778e-04 -1.71502e-04 8.89244e-03 0.00000e+00 0.00000e+00 2.60837e-02
4.73145e+00 1.11250e-03 -1.82775e-04 8.84137e-03 0.00000e+00 0.00000e+00 2.59628e-02
4.73877e+00 1.50922e-03 -1.93279e-04 8.79134e-03 0.00000e+00 0.00000e+00 2.58426e-02
4.74609e+00 1.89624e-03 -2.03010e-04 8.74236e-03 0.00000e+00 0.00000e+00 2.57231e-02
4.75342e+00 2.27273e-03 -2.11974e-04 8.69441e-03 0.00000e+00 0.00000e+00 2.56044e-02
4.76074e+00 2.63809e-03 -2.20168e-04 8.64749e-03 0.00000e+00 0.00000e+00 2.54864e-02
4.76807e+00 2.99156e-03 -2.27600e-04 8.60159e-03 0.00000e+00 0.00000e+00 2.53691e-02
4.77539e+00 3.33258e-03 -2.34271e-04 8.55669e-03 0.00000e+00 0.00000e+00 2.52526e-02
4.78271e+00 3.66048e-03 -2.40192e-04 8.51280e-03 0.00000e+00 0.00000e+00 2.51368e-02
4.79004e+00 3.97481e-03 -2.45367e-04 8.46989e-03 0.00000e+00 0.00000e+00 2.50216e-02
4.79736e+00 4.27494e-03 -2.49810e-04 8.42794e-03 0.00000e+00 0.00000e+00 2.49072e-02
4.80469e+00 4.56050e-03 -2.53526e-04 8.38696e-03 0.00000e+00 0.00000e+00 2.47935e-02
4.81201e+00 4.83096e-03 -2.56531e-04 8.34691e-03 0.00000e+00 0.00000e+00 2.46804e-02
4.81934e+00 5.08603e-03 -2.58835e-04 8.30778e-03 0.00000e+00 0.00000e+00 2.45681e-02
4.82666e+00 5.32525e-03 -2.60454e-04 8.26955e-03 0.00000e+00 0.00000e+00 2.44564e-02
4.83398e+00 5.54840e-03 -2.61401e-04 8.23221e-03 0.00000e+00 0.00000e+00 2.43454e-02
4.84131e+00 5.75513e-03 -2.61694e-04 8.19572e-03 0.00000e+00 0.00000e+00 2.42351e-02
4.84863e+00 5.94530e-03 -2.61347e-04 8.16008e-03 0.00000e+00 0.00000e+00 2.41254e-02
4.85596e+00 6.11862e-03 -2.60381e-04 8.12526e-03 0.00000e+00 0.00000e+00 2.40164e-02
4.86328e+00 6.27504e-03 -2.58812e-04 8.09123e-03 0.00000e+00 0.00000e+00 2.39081e-02
4.87061e+00 6.41436e-03 -2.56661e-04 8.05798e-03 0.00000e+00 0.00000e+00 2.38004e-02
4.87793e+00 6.53661e-03 -2.53946e-04 8.02548e-03 0.00000e+00 0.00000e+00 2.36933e-02
4.88525e+00 6.64166e-03 -2.50691e-04 7.99370e-03 0.00000e+00 0.00000e+00 2.35869e-02
4.89258e+00 6.72962e-03 -2.46914e-04 7.96262e-03 0.00000e+00 0.00000e+00 2.34812e-02
4.89990e+00 6.80045e-03 -2.42639e-04 7.93222e-03 0.00000e+00 0.00000e+00 2.33760e-02
4.90723e+00 6.85433e-03 -2.37885e-04 7.90247e-03 0.00000e+00 0.00000e+00 2.32715e-02
4.91455e+00 6.89129e-03 -2.32680e-04 7.87334e-03 0.00000e+00 0.00000e+00 2.31676e-02
4.92188e+00 6.91158e-03 -2.27042e-04 7.84481e-03 0.00000e+00 0.00000e+00 2.30643e-02
4.92920e+00 6.91532e-03 -2.20998e-04 7.81685e-03 0.00000e+00 0.00000e+00 2.29617e-02
4.93652e+00 6.90283e-03 -2.14568e-04 7.78944e-03 0.00000e+00 0.00000e+00 2.28596e-02
4.94385e+00 6.87428e-03 -2.07780e-04 7.76254e-03 0.00000e+00 0.00000e+00 2.27582e-02
4.95117e+00 6.83007e-03 -2.00655e-04 7.73614e-03 0.00000e+00 0.00000e+00 2.26573e-02
4.95850e+00 6.77043e-03 -1.93219e-04 7.71020e-03 0.00000e+00 0.00000e+00 2.25571e-02
4.96582e+00 6.69582e-03 -1.85494e-04 7.68470e-03 0.00000e+00 0.00000e+00 2.24574e-02
4.97314e+00 6.60654e-03 -1.77507e-04 7.65961e-03 0.00000e+00 0.00000e+00 2.23583e-02
4.98047e+00 6.50311e-03 -1.69279e-04 7.63491e-03 0.00000e+00 0.00000e+00 2.22598e-02
4.98779e+00 6.38587e-03 -1.60837e-04 7.61057e-03 0.00000e+00 0.00000e+00 2.21619e-02
4.99512e+00 6.25539e-03 -1.52202e-04 7.58656e-03 0.00000e+00 0.00000e+00 2.20646e-02
5.00244e+00 6.11209e-03 -1.43401e-04 7.56286e-03 0.00000e+00 0.00000e+00 2.19678e-02
5.00977e+00 5.95656e-03 -1.34453e-04 7.53945e-03 0.00000e+00 0.00000e+00 2.18716e-02
5.01709e+00 5.78927e-03 -1.25385e-04 7.51630e-03 0.00000e+00 0.00000e+00 2.17759e-02
5.02441e+00 5.61086e-03 -1.16217e-04 7.49338e-03 0.00000e+00 0.00000e+00 2.16809e-02
5.03174e+00 5.42183e-03 -1.06974e-04 7.47068e-03 0.00000e+00 0.00000e+00 2.15863e-02
5.03906e+00 5.22285e-03 -9.76747e-05 7.44817e-03 0.00000e+00 0.00000e+00 2.14923e-02
5.04639e+00 5.01447e-03 -8.83444e-05 7.42582e-03 0.00000e+00 0.00000e+00 2.13989e-02
5.05371e+00 4.79738e-03 -7.90009e-05 7.40361e-03 0.00000e+00 0.00000e+00 2.13060e-02
5.06104e+00 4.57214e-03 -6.96677e-05 7.38153e-03 0.00000e+00 0.00000e+00 2.12136e-02
5.06836e+00 4.33949e-03 -6.03619e-05 7.35956e-03 0.00000e+00 0.00000e+00 2.11218e-02
5.07568e+00 4.10001e-03 -5.11058e-05 7.33766e-03 0.00000e+00 0.00000e+00 2.10305e-02
5.08301e+00 3.85442e-03 -4.19154e-05 7.31583e-03 0.00000e+00 0.00000e+00 2.09397e-02
5.09033e+00 3.60334e-03 -3.28118e-05 7.29404e-03 0.00000e+00 0.00000e+00 2.08494e-02
5.09766e+00 3.34751e-03 -2.38097e-05 7.27228e-03 0.00000e+00 0.00000e+00 2.07597e-02
5.10498e+00 3.08752e-03 -1.49288e-05 7.25053e-03 0.00000e+00 0.00000e+00 2.06705e-02
5.11230e+00 2.82414e-03 -6.18267e-06 7.22877e-03 0.00000e+00 0.00000e+00 2.05818e-02
5.11963e+00 2.55796e-03 2.41052e-06 7.20698e-03 0.00000e+00 0.00000e+00 2.04936e-02
5.12695e+00 2.28973e-03 1.08387e-05 7.18516e-03 0.00000e+00 0.00000e+00 2.04058e-02
5.13428e+00 2.02004e-03 1.90849e-05 7.16329e-03 0.00000e+00 0.00000e+00 2.03186e-02
5.14160e+00 1.74963e-03 2.71388e-05 7.14135e-03 0.00000e+00 0.00000e+00 2.02319e-02
5.14893e+00 1.47908e-03 3.49848e-05 7.11933e-03 0.00000e+00 0.00000e+00 2.01457e-02
5.15625e+00 1.20911e-03 4.26139e-05 7.09722e-03 0.00000e+00 0.00000e+00 2.00600e-02
5.16357e+00 9.40280e-04 5.00124e-05 7.07501e-03 0.00000e+00 0.00000e+00 1.99748e-02
5.17090e+00 6.73285e-04 5.71726e-05 7.05270e-03 0.00000e+00 0.00000e+00 1.98900e-02
5.17822e+00 4.08666e-04 6.40823e-05 7.03026e-03 0.00000e+00 0.00000e+00 1.98057e-02
5.18555e+00 1.47085e-04 7.07355e-05 7.00769e-03 0.00000e+00 0.00000e+00 1.97219e-02
5.19287e+00 -1.10945e-04 7.71214e-05 6.98499e-03 0.00000e+00 0.00000e+00 1.96386e-02
5.20020e+00 -3.64797e-04 8.32354e-05 6.96214e-03 0.00000e+00 0.00000e+00 1.95557e-02
5.20752e+00 -6.13991e-04 8.90686e-05 6.93914e-03 0.00000e+00 0.00000e+00 1.94733e-02
5.21484e+00 -8.57938e-04 9.46176e-05 6.91599e-03 0.00000e+00 0.00000e+00 1.93914e-02
5.22217e+00 -1.09620e-03 9.98751e-05 6.89268e-03 0.00000e+00 0.00000e+00 1.93099e-02
5.22949e+00 -1.32823e-03 1.04839e-04 6.86921e-03 0.00000e+00 0.00000e+00 1.92289e-02
5.23682e+00 -1.55362e-03 1.09504e-04 6.84557e-03 0.00000e+00 0.00000e+00 1.91483e-02
5.24414e+00 -1.77189e-03 1.13869e-04 6.82176e-03 0.00000e+00 0.00000e+00 1.90682e-02
5.25146e+00 -1.98267e-03 1.17930e-04 6.79778e-03 0.00000e+00 0.00000e+00 1.89885e-02
5.25879e+00 -2.18552e-03 1.21688e-04 6.77364e-03 0.00000e+00 0.00000e+00 1.89093e-02
5.26611e+00 -2.38012e-03 1.25140e-04 6.74931e-03 0.00000e+00 0.00000e+00 1.88305e-02
5.27344e+00 -2.56609e-03 1.28287e-04 6.72482e-03 0.00000e+00 0.00000e+00 1.87522e-02
5.28076e+00 -2.74317e-03 1.31129e-04 6.70016e-03 0.00000e+00 0.00000e+00 1.86742e-02
5.28809e+00 -2.91101e-03 1.33668e-04 6.67533e-03 0.00000e+00 0.00000e+00 1.85968e-02
5.29541e+00 -3.06940e-03 1.35905e-04 6.65033e-03 0.00000e+00 0.00000e+00 1.85197e-02
5.30273e+00 -3.21806e-03 1.37843e-04 6.62517e-03 0.00000e+00 0.00000e+00 1.84431e-02
5.31006e+00 -3.35684e-03 1.39484e-04 6.59985e-03 0.00000e+00 0.00000e+00 1.83669e-02
5.31738e+00 -3.48550e-03 1.40834e-04 6.57437e-03 0.00000e+00 0.00000e+00 1.82911e-02
5.32471e+00 -3.60395e-03 1.41893e-04 6.54874e-03 0.00000e+00 0.00000e+00 1.82157e-02
5.33203e+00 -3.71200e-03 1.42669e-04 6.52297e-03 0.00000e+00 0.00000e+00 1.81407e-02
5.33936e+00 -3.80960e-03 1.43164e-04 6.49705e-03 0.00000e+00 0.00000e+00 1.80662e-02
5.34668e+00 -3.89664e-03 1.43387e-04 6.47099e-03 0.00000e+00 0.00000e+00 1.79920e-02
5.35400e+00 -3.97312e-03 1.43341e-04 6.44481e-03 0.00000e+00 0.00000e+00 1.79183e-02
5.36133e+00 -4.03897e-03 1.43033e-04 6.41850e-03 0.00000e+00 0.00000e+00 1.78450e-02
5.36865e+00 -4.09424e-03 1.42470e-04 6.39207e-03 0.00000e+00 0.00000e+00 1.77720e-02
5.37598e+00 -4.13892e-03 1.41660e-04 6.36554e-03 0.00000e+00 0.00000e+00 1.76995e-02
5.38330e+00 -4.17311e-03 1.40608e-04 6.33890e-03 0.00000e+00 0.00000e+00 1.76273e-02
5.39062e+00 -4.19685e-03 1.39323e-04 6.31217e-03 0.00000e+00 0.00000e+00 1.75556e-02
5.39795e+00 -4.21028e-03 1.37813e-04 6.28535e-03 0.00000e+00 0.00000e+00 1.74842e-02
5.40527e+00 -4.21349e-03 1.36087e-04 6.25846e-03 0.00000e+00 0.00000e+00 1.74132e-02
5.41260e+00 -4.20667e-03 1.34152e-04 6.23149e-03 0.00000e+00 0.00000e+00 1.73427e-02
5.41992e+00 -4.18995e-03 1.32018e-04 6.20446e-03 0.00000e+00 0.00000e+00 1.72724e-02
5.42725e+00 -4.16357e-03 1.29692e-04 6.17738e-03 0.00000e+00 0.00000e+00 1.72026e-02
5.43457e+00 -4.12769e-03 1.27186e-04 6.15026e-03 0.00000e+00 0.00000e+00 1.71331e-02
5.44189e+00 -4.08260e-03 1.24507e-04 6.12311e-03 0.00000e+00 0.00000e+00 1.70641e-02
5.44922e+00 -4.02849e-03 1.21665e-04 6.09593e-03 0.00000e+00 0.00000e+00 1.69953e-02
5.45654e+00 -3.96568e-03 1.18669e-04 6.06873e-03 0.00000e+00 0.00000e+00 1.69270e-02
5.46387e+00 -3.89441e-03 1.15530e-04 6.04153e-03 0.00000e+00 0.00000e+00 1.68590e-02
5.47119e+00 -3.81502e-03 1.12255e-04 6.01433e-03 0.00000e+00 0.00000e+00 1.67914e-02
5.47852e+00 -3.72778e-03 1.08857e-04 5.98714e-03 0.00000e+00 0.00000e+00 1.67241e-02
5.48584e+00 -3.63307e-03 1.05343e-04 5.95997e-03 0.00000e+00 0.00000e+00 1.66573e-02
5.49316e+00 -3.53118e-03 1.01724e-04 5.93284e-03 0.00000e+00 0.00000e+00 1.65907e-02
5.50049e+00 -3.42252e-03 9.80083e-05 5.90575e-03 0.00000e+00 0.00000e+00 1.65245e-02
5.50781e+00 -3.30738e-03 9.42076e-05 5.87870e-03 0.00000e+00 0.00000e+00 1.64587e-02
5.51514e+00 -3.18620e-03 9.03294e-05 5.85171e-03 0.00000e+00 0.00000e+00 1.63932e-02
5.52246e+00 -3.05931e-03 8.63850e-05 5.82479e-03 0.00000e+00 0.00000e+00 1.63281e-02
5.52979e+00 -2.92714e-03 8.23820e-05 5.79795e-03 0.00000e+00 0.00000e+00 1.62633e-02
5.53711e+00 -2.79005e-03 7.83314e-05 5.77119e-03 0.00000e+00 0.00000e+00 1.61988e-02
5.54443e+00 -2.64847e-03 7.42407e-05 5.74452e-03 0.00000e+00 0.00000e+00 1.61347e-02
5.55176e+00 -2.50277e-03 7.01206e-05 5.71796e-03 0.00000e+00 0.00000e+00 1.60709e-02
5.55908e+00 -2.35341e-03 6.59782e-05 5.69150e-03 0.00000e+00 0.00000e+00 1.60075e-02
5.56641e+00 -2.20073e-03 6.18239e-05 5.66516e-03 0.00000e+00 0.00000e+00 1.59444e-02
5.57373e+00 -2.04521e-03 5.76645e-05 5.63895e-03 0.00000e+00 0.00000e+00 1.58816e-02
5.58105e+00 -1.88721e-03 5.35101e-05 5.61287e-03 0.00000e+00 0.00000e+00 1.58192e-02
5.58838e+00 -1.72718e-03 4.93670e-05 5.58693e-03 0.00000e+00 0.00000e+00 1.57571e-02
5.59570e+00 -1.56548e-03 4.52448e-05 5.56114e-03 0.00000e+00 0.00000e+00 1.56953e-02
5.60303e+00 -1.40258e-03 4.11495e-05 5.53550e-03 0.00000e+00 0.00000e+00 1.56338e-02
5.61035e+00 -1.23882e-03 3.70900e-05 5.51002e-03 0.00000e+00 0.00000e+00 1.55726e-02
5.61768e+00 -1.07466e-03 3.30721e-05 5.48470e-03 0.00000e+00 0.00000e+00 1.55118e-02
5.62500e+00 -9.10431e-04 2.91041e-05 5.45956e-03 0.00000e+00 0.00000e+00 1.54513e-02
5.63232e+00 -7.46578e-04 2.51911e-05 5.43460e-03 0.00000e+00 0.00000e+00 1.53911e-02
5.63965e+00 -5.83433e-04 2.13410e-05 5.40982e-03 0.00000e+00 0.00000e+00 1.53312e-02
5.64697e+00 -4.21413e-04 1.75585e-05 5.38523e-03 0.00000e+00 0.00000e+00 1.52716e-02
5.65430e+00 -2.60837e-04 1.38507e-05 5.36084e-03 0.00000e+00 0.00000e+00 1.52124e-02
5.66162e+00 -1.02107e-04 1.02218e-05 5.33664e-03 0.00000e+00 0.00000e+00 1.51534e-02
5.66895e+00 5.44778e-05 6.67842e-06 5.31264e-03 0.00000e+00 0.00000e+00 1.50947e-02
5.67627e+00 2.08537e-04 3.22397e-06 5.28885e-03 0.00000e+00 0.00000e+00 1.50364e-02
5.68359e+00 3.59791e-04 -1.35373e-07 5.26527e-03 0.00000e+00 0.00000e+00 1.49783e-02
5.69092e+00 5.07884e-04 -3.39682e-06 5.24190e-03 0.00000e+00 0.00000e+00 1.49206e-02
5.69824e+00 6.52560e-04 -6.55483e-06 5.21875e-03 0.00000e+00 0.00000e+00 1.48631e-02
5.70557e+00 7.93486e-04 -9.60720e-06 5.19581e-03 0.00000e+00 0.00000e+00 1.48060e-02
5.71289e+00 9.30434e-04 -1.25490e-05 5.17310e-03 0.00000e+00 0.00000e+00 1.47491e-02
5.72021e+00 1.06310e-03 -1.53787e-05 5.15061e-03 0.00000e+00 0.00000e+00 1.46925e-02
5.72754e+00 1.19127e-03 -1.80918e-05 5.12834e-03 0.00000e+00 0.00000e+00 1.46362e-02
5.73486e+00 1.31469e-03 -2.06875e-05 5.10630e-03 0.00000e+00 0.00000e+00 1.45802e-02
5.74219e+00 1.43317e-03 -2.31620e-05 5.08449e-03 0.00000e+00 0.00000e+00 1.45245e-02
5.74951e+00 1.54646e-03 -2.55149e-05 5.06290e-03 0.00000e+00 0.00000e+00 1.44690e-02
5.75684e+00 1.65443e-03 -2.77431e-05 5.04154e-03 0.00000e+00 0.00000e+00 1.44139e-02
5.76416e+00 1.75685e-03 -2.98468e-05 5.02041e-03 0.00000e+00 0.00000e+00 1.43590e-02
5.77148e+00 1.85362e-03 -3.18233e-05 4.99951e-03 0.00000e+00 0.00000e+00 1.43044e-02
5.77881e+00 1.94455e-03 -3.36735e-05 4.97884e-03 0.00000e+00 0.00000e+00 1.42501e-02
5.78613e+00 2.02955e-03 -3.53954e-05 4.95839e-03 0.00000e+00 0.00000e+00 1.41960e-02
5.79346e+00 2.10848e-03 -3.69901e-05 4.93817e-03 0.00000e+00 0.00000e+00 1.41423e-02
5.80078e+00 2.18127e-03 -3.84564e-05 4.91818e-03 0.00000e+00 0.00000e+00 1.40888e-02
5.80811e+00 2.24783e-03 -3.97959e-05 4.89840e-03 0.00000e+00 0.00000e+00 1.40355e-02
5.81543e+00 2.30811e-03 -4.10078e-05 4.87886e-03 0.00000e+00 0.00000e+00 1.39826e-02
5.82275e+00 2.36203e-03 -4.20942e-05 4.85953e-03 0.00000e+00 0.00000e+00 1.39299e-02
5.83008e+00 2.40961e-03 -4.30549e-05 4.84042e-03 0.00000e+00 0.00000e+00 1.38774e-02
5.83740e+00 2.45079e-03 -4.38924e-05 4.82153e-03 0.00000e+00 0.00000e+00 1.38253e-02
5.84473e+00 2.48560e-03 -4.46068e-05 4.80285e-03 0.00000e+00 0.00000e+00 1.37734e-02
5.85205e+00 2.51401e-03 -4.52013e-05 4.78438e-03 0.00000e+00 0.00000e+00 1.37217e-02
5.85938e+00 2.53611e-03 -4.56763e-05 4.76612e-03 0.00000e+00 0.00000e+00 1.36703e-02
5.86670e+00 2.55189e-03 -4.60352e-05 4.74807e-03 0.00000e+00 0.00000e+00 1.36192e-02
5.87402e+00 2.56144e-03 -4.62791e-05 4.73021e-03 0.00000e+00 0.00000e+00 1.35683e-02
5.88135e+00 2.56480e-03 -4.64116e-05 4.71256e-03 0.00000e+00 0.00000e+00 1.35177e-02
5.88867e+00 2.56209e-03 -4.64341e-05 4.69510e-03 0.00000e+00 0.00000e+00 1.34673e-02
5.89600e+00 2.55337e-03 -4.63507e-05 4.67783e-03 0.00000e+00 0.00000e+00 1.34172e-02
5.90332e+00 2.53878e-03 -4.61630e-05 4.66075e-03 0.00000e+00 0.00000e+00 1.33673e-02
5.91064e+00 2.51842e-03 -4.58753e-05 4.64386e-03 0.00000e+00 0.00000e+00 1.33177e-02
5.91797e+00 2.49245e-03 -4.54896e-05 4.62714e-03 0.00000e+00 0.00000e+00 1.32683e-02
5.92529e+00 2.46097e-03 -4.50104e-05 4.61060e-03 0.00000e+00 0.00000e+00 1.32191e-02
5.93262e+00 2.42419e-03 -4.44399e-05 4.59423e-03 0.00000e+00 0.00000e+00 1.31702e-02
5.93994e+00 2.38222e-03 -4.37829e-05 4.57802e-03 0.00000e+00 0.00000e+00 1.31216e-02
5.94727e+00 2.33528e-03 -4.30417e-05 4.56198e-03 0.00000e+00 0.00000e+00 1.30732e-02
5.95459e+00 2.28352e-03 -4.22213e-05 4.54609e-03 0.00000e+00 0.00000e+00 1.30250e-02
5.96191e+00 2.22716e-03 -4.13243e-05 4.53036e-03 0.00000e+00 0.00000e+00 1.29770e-02
5.96924e+00 2.16638e-03 -4.03555e-05 4.51478e-03 0.00000e+00 0.00000e+00 1.29293e-02
5.97656e+00 2.10140e-03 -3.93179e-05 4.49935e-03 0.00000e+00 0.00000e+00 1.28819e-02
5.98389e+00 2.03242e-03 -3.82164e-05 4.48405e-03 0.00000e+00 0.00000e+00 1.28346e-02
5.99121e+00 1.95969e-03 -3.70538e-05 4.46888e-03 0.00000e+00 0.00000e+00 1.27876e-02
5.99854e+00 1.88339e-03 -3.58354e-05 4.45385e-03 0.00000e+00 0.00000e+00 1.27408e-02
6.00586e+00 1.80380e-03 -3.45639e-05 4.43894e-03 0.00000e+00 0.00000e+00 1.26943e-02
6.01318e+00 1.72112e-03 -3.32445e-05 4.42416e-03 0.00000e+00 0.00000e+00 1.26479e-02
6.02051e+00 1.63561e-03 -3.18802e-05 4.40949e-03 0.00000e+00 0.00000e+00 1.26018e-02
6.02783e+00 1.54750e-03 -3.04759e-05 4.39493e-03 0.00000e+00 0.00000e+00 1.25559e-02
6.03516e+00 1.45705e-03 -2.90347e-05 4.38048e-03 0.00000e+00 0.00000e+00 1.25103e-02
6.04248e+00 1.36448e-03 -2.75615e-05 4.36613e-03 0.00000e+00 0.00000e+00 1.24648e-02
6.04980e+00 1.27008e-03 -2.60592e-05 4.35189e-03 0.00000e+00 0.00000e+00 1.24196e-02
6.05713e+00 1.17406e-03 -2.45329e-05 4.33773e-03 0.00000e+00 0.00000e+00 1.23746e-02
6.06445e+00 1.07670e-03 -2.29852e-05 4.32367e-03 0.00000e+00 0.00000e+00 1.23298e-02
6.07178e+00 9.78215e-04 -2.14210e-05 4.30969e-03 0.00000e+00 0.00000e+00 1.22853e-02
6.07910e+00 8.78892e-04 -1.98430e-05 4.29579e-03 0.00000e+00 0.00000e+00 1.22409e-02
6.08643e+00 7.78941e-04 -1.82560e-05 4.28197e-03 0.00000e+00 0.00000e+00 1.21968e-02
6.09375e+00 6.78640e-04 -1.66625e-05 4.26822e-03 0.00000e+00 0.00000e+00 1.21529e-02
6.10107e+00 5.78199e-04 -1.50670e-05 4.25454e-03 0.00000e+00 0.00000e+00 1.21092e-02
6.10840e+00 4.77887e-04 -1.34720e-05 4.24093e-03 0.00000e+00 0.00000e+00 1.20656e-02
6.11572e+00 3.77908e-04 -1.18819e-05 4.22737e-03 0.00000e+00 0.00000e+00 1.20223e-02
6.12305e+00 2.78525e-04 -1.02988e-05 4.21388e-03 0.00000e+00 0.00000e+00 1.19793e-02
6.13037e+00 1.79931e-04 -8.72700e-06 4.20044e-03 0.00000e+00 0.00000e+00 1.19364e-02
6.13770e+00 8.23786e-05 -7.16854e-06 4.18705e-03 0.00000e+00 0.00000e+00 1.18937e-02
6.14502e+00 -1.39485e-05 -5.62735e-06 4.17371e-03 0.00000e+00 0.00000e+00 1.18512e-02
6.15234e+00 -1.08809e-04 -4.10531e-06 4.16041e-03 0.00000e+00 0.00000e+00 1.18089e-02
6.15967e+00 -2.02033e-04 -2.60614e-06 4.14716e-03 0.00000e+00 0.00000e+00 1.17669e-02
6.16699e+00 -2.93392e-04 -1.13150e-06 4.13394e-03 0.00000e+00 0.00000e+00 1.17250e-02
6.17432e+00 -3.82729e-04 3.15159e-07 4.12076e-03 0.00000e+00 0.00000e+00 1.16833e-02
6.18164e+00 -4.69833e-04 1.73237e-06 4.10762e-03 0.00000e+00 0.00000e+00 1.16418e-02
6.18896e+00 -5.54560e-04 3.11695e-06 4.09450e-03 0.00000e+00 0.00000e+00 1.16006e-02
6.19629e+00 -6.36714e-04 4.46766e-06 4.08141e-03 0.00000e+00 0.00000e+00 1.15595e-02
6.20361e+00 -7.16171e-04 5.78157e-06 4.06835e-03 0.00000e+00 0.00000e+00 1.15186e-02
6.21094e+00 -7.92751e-04 7.05769e-06 4.05532e-03 0.00000e+00 0.00000e+00 1.14779e-02
6.21826e+00 -8.66346e-04 8.29334e-06 4.04230e-03 0.00000e+00 0.00000e+00 1.14374e-02
6.22559e+00 -9.36795e-04 9.48779e-06 4.02930e-03 0.00000e+00 0.00000e+00 1.13970e-02
6.23291e+00 -1.00401e-03 1.06386e-05 4.01633e-03 0.00000e+00 0.00000e+00 1.13569e-02
6.24023e+00 -1.06785e-03 1.17453e-05 4.00337e-03 0.00000e+00 0.00000e+00 1.13170e-02
6.24756e+00 -1.12823e-03 1.28057e-05 3.99042e-03 0.00000e+00 0.00000e+00 1.12772e-02
6.25488e+00 -1.18505e-03 1.38196e-05 3.97749e-03 0.00000e+00 0.00000e+00 1.12376e-02
6.26221e+00 -1.23825e-03 1.47851e-05 3.96458e-03 0.00000e+00 0.00000e+00 1.11983e-02
6.26953e+00 -1.28772e-03 1.57022e-05 3.95167e-03 0.00000e+00 0.00000e+00 1.11591e-02
6.27686e+00 -1.33343e-03 1.65692e-05 3.93878e-03 0.00000e+00 0.00000e+00 1.11200e-02
6.28418e+00 -1.37530e-03 1.73863e-05 3.92589e-03 0.00000e+00 0.00000e+00 1.10812e-02
6.29150e+00 -1.41332e-03 1.81522e-05 3.91302e-03 0.00000e+00 0.00000e+00 1.10425e-02
6.29883e+00 -1.44742e-03 1.88673e-05 3.90015e-03 0.00000e+00 0.00000e+00 1.10041e-02
6.30615e+00 -1.47762e-03 1.95305e-05 3.88729e-03 0.00000e+00 0.00000e+00 1.09658e-02
6.31348e+00 -1.50386e-03 2.01425e-05 3.87444e-03 0.00000e+00 0.00000e+00 1.09277e-02
6.32080e+00 -1.52617e-03 2.07023e-05 3.86160e-03 0.00000e+00 0.00000e+00 1.08897e-02
6.32812e+00 -1.54454e-03 2.12108e-05 3.84877e-03 0.00000e+00 0.00000e+00 1.08519e-02
6.33545e+00 -1.55899e-03 2.16673e-05 3.83594e-03 0.00000e+00 0.00000e+00 1.08144e-02
6.34277e+00 -1.56953e-03 2.20730e-05 3.82312e-03 0.00000e+00 0.00000e+00 1.07769e-02
6.35010e+00 -1.57622e-03 2.24273e-05 3.81031e-03 0.00000e+00 0.00000e+00 1.07397e-02
6.35742e+00 -1.57908e-03 2.27315e-05 3.79751e-03 0.00000e+00 0.00000e+00 1.07026e-02
6.36475e+00 -1.57817e-03 2.29854e-05 3.78471e-03 0.00000e+00 0.00000e+00 1.06657e-02
6.37207e+00 -1.57352e-03 2.31904e-05 3.77193e-03 0.00000e+00 0.00000e+00 1.06290e-02
6.37939e+00 -1.56525e-03 2.33463e-05 3.75915e-03 0.00000e+00 0.00000e+00 1.05924e-02
6.38672e+00 -1.55337e-03 2.34549e-05 3.74639e-03 0.00000e+00 0.00000e+00 1.05560e-02
6.39404e+00 -1.53802e-03 2.35162e-05 3.73363e-03 0.00000e+00 0.00000e+00 1.05198e-02
6.40137e+00 -1.51924e-03 2.35319e-05 3.72089e-03 0.00000e+00 0.00000e+00 1.04837e-02
6.40869e+00 -1.49716e-03 2.35023e-05 3.70816e-03 0.00000e+00 0.00000e+00 1.04478e-02
6.41602e+00 -1.47186e-03 2.34292e-05 3.69545e-03 0.00000e+00 0.00000e+00 1.04121e-02
6.42334e+00 -1.44346e-03 2.33131e-05 3.68275e-03 0.00000e+00 0.00000e+00 1.03765e-02
6.43066e+00 -1.41205e-03 2.31558e-05 3.67006e-03 0.00000e+00 0.00000e+00 1.03411e-02
6.43799e+00 -1.37778e-03 2.29581e-05 3.65740e-03 0.00000e+00 0.00000e+00 1.03058e-02
6.44531e+00 -1.34075e-03 2.27219e-05 3.64475e-03 0.00000e+00 0.00000e+00 1.02707e-02
6.45264e+00 -1.30111e-03 2.24478e-05 3.63211e-03 0.00000e+00 0.00000e+00 1.02358e-02
6.45996e+00 -1.25896e-03 2.21380e-05 3.61950e-03 0.00000e+00 0.00000e+00 1.02010e-02
6.46729e+00 -1.21448e-03 2.17933e-05 3.60691e-03 0.00000e+00 0.00000e+00 1.01664e-02
6.47461e+00 -1.16776e-03 2.14159e-05 3.59435e-03 0.00000e+00 0.00000e+00 1.01319e-02
6.48193e+00 -1.11899e-03 2.10065e-05 3.58181e-03 0.00000e+00 0.00000e+00 1.00976e-02
6.48926e+00 -1.06828e-03 2.05674e-05 3.56929e-03 0.00000e+00 0.00000e+00 1.00635e-02
6.49658e+00 -1.01580e-03 2.00996e-05 3.55680e-03 0.00000e+00 0.00000e+00 1.00295e-02
6.50391e+00 -9.61688e-04 1.96053e-05 3.54434e-03 0.00000e+00 0.00000e+00 9.99562e-03
6.51123e+00 -9.06110e-04 1.90854e-05 3.53191e-03 0.00000e+00 0.00000e+00 9.96193e-03
6.51855e+00 -8.49199e-04 1.85423e-05 3.51951e-03 0.00000e+00 0.00000e+00 9.92839e-03
6.52588e+00 -7.91131e-04 1.79769e-05 3.50714e-03 0.00000e+00 0.00000e+00 9.89500e-03
6.53320e+00 -7.32038e-04 1.73915e-05 3.49481e-03 0.00000e+00 0.00000e+00 9.86176e-03
6.54053e+00 -6.72098e-04 1.67872e-05 3.48251e-03 0.00000e+00 0.00000e+00 9.82866e-03
6.54785e+00 -6.11441e-04 1.61661e-05 3.47025e-03 0.00000e+00 0.00000e+00 9.79572e-03
6.55518e+00 -5.50245e-04 1.55294e-05 3.45803e-03 0.00000e+00 0.00000e+00 9.76292e-03
6.56250e+00 -4.88638e-04 1.48793e-05 3.44585e-03 0.00000e+00 0.00000e+00 9.73027e-03
6.56982e+00 -4.26796e-04 1.42168e-05 3.43370e-03 0.00000e+00 0.00000e+00 9.69776e-03
6.57715e+00 -3.64844e-04 1.35440e-05 3.42161e-03 0.00000e+00 0.00000e+00 9.66540e-03
6.58447e+00 -3.02955e-04 1.28621e-05 3.40955e-03 0.00000e+00 0.00000e+00 9.63318e-03
6.59180e+00 -2.41248e-04 1.21731e-05 3.39754e-03 0.00000e+00 0.00000e+00 9.60111e-03
6.59912e+00 -1.79892e-04 1.14781e-05 3.38557e-03 0.00000e+00 0.00000e+00 9.56917e-03
6.60645e+00 -1.19002e-04 1.07791e-05 3.37366e-03 0.00000e+00 0.00000e+00 9.53738e-03
6.61377e+00 -5.87380e-05 1.00771e-05 3.36179e-03 0.00000e+00 0.00000e+00 9.50573e-03
6.62109e+00 7.90201e-07 9.37404e-06 3.34997e-03 0.00000e+00 0.00000e+00 9.47422e-03
6.62842e+00 5.94298e-05 8.67086e-06 3.33820e-03 0.00000e+00 0.00000e+00 9.44285e-03
6.63574e+00 1.17079e-04 7.96951e-06 3.32649e-03 0.00000e+00 0.00000e+00 9.41162e-03
6.64307e+00 1.73593e-04 7.27079e-06 3.31483e-03 0.00000e+00 0.00000e+00 9.38052e-03
6.65039e+00 2.28878e-04 6.57660e-06 3.30322e-03 0.00000e+00 0.00000e+00 9.34956e-03
6.65771e+00 2.82800e-04 5.88764e-06 3.29167e-03 0.00000e+00 0.00000e+00 9.31874e-03
6.66504e+00 3.35273e-04 5.20574e-06 3.28018e-03 0.00000e+00 0.00000e+00 9.28805e-03
6.67236e+00 3.86174e-04 4.53152e-06 3.26874e-03 0.00000e+00 0.00000e+00 9.25750e-03
6.67969e+00 4.35428e-04 3.86671e-06 3.25736e-03 0.00000e+00 0.00000e+00 9.22708e-03
6.68701e+00 4.82919e-04 3.21185e-06 3.24604e-03 0.00000e+00 0.00000e+00 9.19679e-03
6.69434e+00 5.28586e-04 2.56857e-06 3.23478e-03 0.00000e+00 0.00000e+00 9.16664e-03
6.70166e+00 5.72325e-04 1.93732e-06 3.22358e-03 0.00000e+00 0.00000e+00 9.13662e-03
6.70898e+00 6.14083e-04 1.31962e-06 3.21244e-03 0.00000e+00 0.00000e+00 9.10673e-03
6.71631e+00 6.53768e-04 7.15844e-07 3.20136e-03 0.00000e+00 0.00000e+00 9.07697e-03
6.72363e+00 6.91341e-04 1.27387e-07 3.19034e-03 0.00000e+00 0.00000e+00 9.04734e-03
6.73096e+00 7.26721e-04 -4.45463e-07 3.17939e-03 0.00000e+00 0.00000e+00 9.01783e-03
6.73828e+00 7.59880e-04 -1.00142e-06 3.16850e-03 0.00000e+00 0.00000e+00 8.98846e-03
6.74561e+00 7.90749e-04 -1.54030e-06 3.15768e-03 0.00000e+00 0.00000e+00 8.95921e-03
6.75293e+00 8.19313e-04 -2.06092e-06 3.14691e-03 0.00000e+00 0.00000e+00 8.93009e-03
6.76025e+00 8.45514e-04 -2.56320e-06 3.13622e-03 0.00000e+00 0.00000e+00 8.90110e-03
6.76758e+00 8.69349e-04 -3.04606e-06 3.12558e-03 0.00000e+00 0.00000e+00 8.87223e-03
6.77490e+00 8.90774e-04 -3.50952e-06 3.11501e-03 0.00000e+00 0.00000e+00 8.84349e-03
6.78223e+00 9.09796e-04 -3.95263e-06 3.10451e-03 0.00000e+00 0.00000e+00 8.81487e-03
6.78955e+00 9.26383e-04 -4.37547e-06 3.09407e-03 0.00000e+00 0.00000e+00 8.78637e-03
6.79688e+00 9.40553e-04 -4.77722e-06 3.08370e-03 0.00000e+00 0.00000e+00 8.75800e-03
6.80420e+00 9.52288e-04 -5.15807e-06 3.07339e-03 0.00000e+00 0.00000e+00 8.72975e-03
6.81152e+00 9.61617e-04 -5.51728e-06 3.06315e-03 0.00000e+00 0.00000e+00 8.70162e-03
6.81885e+00 9.68531e-04 -5.85514e-06 3.05297e-03 0.00000e+00 0.00000e+00 8.67361e-03
6.82617e+00 9.73071e-04 -6.17103e-06 3.04286e-03 0.00000e+00 0.00000e+00 8.64572e-03
6.83350e+00 9.75239e-04 -6.46532e-06 3.03281e-03 0.00000e+00 0.00000e+00 8.61795e-03
6.84082e+00 9.75087e-04 -6.73748e-06 3.02282e-03 0.00000e+00 0.00000e+00 8.59030e-03
6.84814e+00 9.72628e-04 -6.98797e-06 3.01290e-03 0.00000e+00 0.00000e+00 8.56276e-03
6.85547e+00 9.67921e-04 -7.21637e-06 3.00304e-03 0.00000e+00 0.00000e+00 8.53535e-03
6.86279e+00 9.60991e-04 -7.42322e-06 2.99325e-03 0.00000e+00 0.00000e+00 8.50805e-03
6.87012e+00 9.51906e-04 -7.60818e-06 2.98352e-03 0.00000e+00 0.00000e+00 8.48087e-03
6.87744e+00 9.40699e-04 -7.77186e-06 2.97385e-03 0.00000e+00 0.00000e+00 8.45380e-03
6.88477e+00 9.27448e-04 -7.91404e-06 2.96424e-03 0.00000e+00 0.00000e+00 8.42685e-03
6.89209e+00 9.12193e-04 -8.03538e-06 2.95470e-03 0.00000e+00 0.00000e+00 8.40001e-03
6.89941e+00 8.95020e-04 -8.13573e-06 2.94522e-03 0.00000e+00 0.00000e+00 8.37329e-03
6.90674e+00 8.75976e-04 -8.21583e-06 2.93579e-03 0.00000e+00 0.00000e+00 8.34668e-03
6.91406e+00 8.55155e-04 -8.27562e-06 2.92643e-03 0.00000e+00 0.00000e+00 8.32018e-03
6.92139e+00 8.32610e-04 -8.31588e-06 2.91712e-03 0.00000e+00 0.00000e+00 8.29380e-03
6.92871e+00 8.08440e-04 -8.33662e-06 2.90787e-03 0.00000e+00 0.00000e+00 8.26752e-03
6.93604e+00 7.82706e-04 -8.33869e-06 2.89869e-03 0.00000e+00 0.00000e+00 8.24136e-03
6.94336e+00 7.55511e-04 -8.32214e-06 2.88955e-03 0.00000e+00 0.00000e+00 8.21531e-03
6.95068e+00 7.26920e-04 -8.28788e-06 2.88048e-03 0.00000e+00 0.00000e+00 8.18936e-03
6.95801e+00 6.97040e-04 -8.23603e-06 2.87146e-03 0.00000e+00 0.00000e+00 8.16353e-03
6.96533e+00 6.65942e-04 -8.16752e-06 2.86249e-03 0.00000e+00 0.00000e+00 8.13780e-03
6.97266e+00 6.33734e-04 -8.08253e-06 2.85358e-03 0.00000e+00 0.00000e+00 8.11219e-03
6.97998e+00 6.00491e-04 -7.98203e-06 2.84472e-03 0.00000e+00 0.00000e+00 8.08668e-03
6.98730e+00 5.66324e-04 -7.86623e-06 2.83591e-03 0.00000e+00 0.00000e+00 8.06127e-03
6.99463e+00 5.31308e-04 -7.73613e-06 2.82715e-03 0.00000e+00 0.00000e+00 8.03598e-03
7.00195e+00 4.95557e-04 -7.59199e-06 2.81845e-03 0.00000e+00 0.00000e+00 8.01079e-03
7.00928e+00 4.59148e-04 -7.43482e-06 2.80979e-03 0.00000e+00 0.00000e+00 7.98570e-03
7.01660e+00 4.22192e-04 -7.26491e-06 2.80118e-03 0.00000e+00 0.00000e+00 7.96072e-03
7.02393e+00 3.84769e-04 -7.08330e-06 2.79262e-03 0.00000e+00 0.00000e+00 7.93584e-03
7.03125e+00 3.46989e-04 -6.89028e-06 2.78411e-03 0.00000e+00 0.00000e+00 7.91107e-03
7.03857e+00 3.08931e-04 -6.68692e-06 2.77564e-03 0.00000e+00 0.00000e+00 7.88640e-03
7.04590e+00 2.70704e-04 -6.47352e-06 2.76722e-03 0.00000e+00 0.00000e+00 7.86183e-03
7.05322e+00 2.32384e-04 -6.25114e-06 2.75884e-03 0.00000e+00 0.00000e+00 7.83736e-03
7.06055e+00 1.94080e-04 -6.02010e-06 2.75051e-03 0.00000e+00 0.00000e+00 7.81300e-03
7.06787e+00 1.55864e-04 -5.78147e-06 2.74222e-03 0.00000e+00 0.00000e+00 7.78873e-03
7.07520e+00 1.17843e-04 -5.53557e-06 2.73397e-03 0.00000e+00 0.00000e+00 7.76457e-03
7.08252e+00 8.00864e-05 -5.28345e-06 2.72576e-03 0.00000e+00 0.00000e+00 7.74051e-03
7.08984e+00 4.26959e-05 -5.02543e-06 2.71759e-03 0.00000e+00 0.00000e+00 7.71654e-03
7.09717e+00 5.73727e-06 -4.76255e-06 2.70945e-03 0.00000e+00 0.00000e+00 7.69268e-03
7.10449e+00 -3.06913e-05 -4.49514e-06 2.70136e-03 0.00000e+00 0.00000e+00 7.66891e-03
7.11182e+00 -6.65290e-05 -4.22419e-06 2.69330e-03 0.00000e+00 0.00000e+00 7.64524e-03
7.11914e+00 -1.01683e-04 -3.95004e-06 2.68528e-03 0.00000e+00 0.00000e+00 7.62167e-03
7.12646e+00 -1.36097e-04 -3.67366e-06 2.67730e-03 0.00000e+00 0.00000e+00 7.59819e-03
7.13379e+00 -1.69683e-04 -3.39536e-06 2.66935e-03 0.00000e+00 0.00000e+00 7.57481e-03
7.14111e+00 -2.02392e-04 -3.11609e-06 2.66143e-03 0.00000e+00 0.00000e+00 7.55153e-03
7.14844e+00 -2.34142e-04 -2.83614e-06 2.65355e-03 0.00000e+00 0.00000e+00 7.52834e-03
7.15576e+00 -2.64890e-04 -2.55643e-06 2.64570e-03 0.00000e+00 0.00000e+00 7.50525e-03
7.16309e+00 -2.94559e-04 -2.27722e-06 2.63788e-03 0.00000e+00 0.00000e+00 7.48225e-03
7.17041e+00 -3.23114e-04 -1.99939e-06 2.63009e-03 0.00000e+00 0.00000e+00 7.45935e-03
7.17773e+00 -3.50485e-04 -1.72320e-06 2.62233e-03 0.00000e+00 0.00000e+00 7.43653e-03
7.18506e+00 -3.76642e-04 -1.44947e-06 2.61460e-03 0.00000e+00 0.00000e+00 7.41382e-03
7.19238e+00 -4.01524e-04 -1.17842e-06 2.60690e-03 0.00000e+00 0.00000e+00 7.39119e-03
7.19971e+00 -4.25108e-04 -9.10853e-07 2.59923e-03 0.00000e+00 0.00000e+00 7.36865e-03
7.20703e+00 -4.47340e-04 -6.46944e-07 2.59159e-03 0.00000e+00 0.00000e+00 7.34621e-03
7.21436e+00 -4.68204e-04 -3.87457e-07 2.58397e-03 0.00000e+00 0.00000e+00 7.32386e-03
7.22168e+00 -4.87653e-04 -1.32529e-07 2.57638e-03 0.00000e+00 0.00000e+00 7.30160e-03
7.22900e+00 -5.05680e-04 1.17120e-07 2.56881e-03 0.00000e+00 0.00000e+00 7.27943e-03
7.23633e+00 -5.22245e-04 3.61390e-07 2.56127e-03 0.00000e+00 0.00000e+00 7.25735e-03
7.24365e+00 -5.37346e-04 5.99607e-07 2.55376e-03 0.00000e+00 0.00000e+00 7.23536e-03
7.25098e+00 -5.50954e-04 8.31707e-07 2.54626e-03 0.00000e+00 0.00000e+00 7.21345e-03
7.25830e+00 -5.63073e-04 1.05706e-06 2.53880e-03 0.00000e+00 0.00000e+00 7.19164e-03
7.26562e+00 -5.73681e-04 1.27566e-06 2.53135e-03 0.00000e+00 0.00000e+00 7.16991e-03
7.27295e+00 -5.82791e-04 1.48690e-06 2.52393e-03 0.00000e+00 0.00000e+00 7.14827e-03
7.28027e+00 -5.90385e-04 1.69082e-06 2.51653e-03 0.00000e+00 0.00000e+00 7.12672e-03
7.28760e+00 -5.96485e-04 1.88687e-06 2.50916e-03 0.00000e+00 0.00000e+00 7.10525e-03
7.29492e+00 -6.01082e-04 2.07512e-06 2.50180e-03 0.00000e+00 0.00000e+00 7.08387e-03
7.30225e+00 -6.04201e-04 2.25508e-06 2.49447e-03 0.00000e+00 0.00000e+00 7.06258e-03
7.30957e+00 -6.05843e-04 2.42685e-06 2.48715e-03 0.00000e+00 0.00000e+00 7.04137e-03
7.31689e+00 -6.06038e-04 2.58999e-06 2.47986e-03 0.00000e+00 0.00000e+00 7.02025e-03
7.32422e+00 -6.04794e-04 2.74463e-06 2.47259e-03 0.00000e+00 0.00000e+00 6.99921e-03
7.33154e+00 -6.02147e-04 2.89039e-06 2.46534e-03 0.00000e+00 0.00000e+00 6.97825e-03
7.33887e+00 -5.98110e-04 3.02744e-06 2.45811e-03 0.00000e+00 0.00000e+00 6.95738e-03
7.34619e+00 -5.92728e-04 3.15543e-06 2.45090e-03 0.00000e+00 0.00000e+00 6.93659e-03
7.35352e+00 -5.86017e-04 3.27456e-06 2.44371e-03 0.00000e+00 0.00000e+00 6.91588e-03
7.36084e+00 -5.78028e-04 3.38456e-06 2.43654e-03 0.00000e+00 0.00000e+00 6.89526e-03
7.36816e+00 -5.68782e-04 3.48564e-06 2.42939e-03 0.00000e+00 0.00000e+00 6.87472e-03
7.37549e+00 -5.58335e-04 3.57757e-06 2.42225e-03 0.00000e+00 0.00000e+00 6.85426e-03
7.38281e+00 -5.46713e-04 3.66060e-06 2.41514e-03 0.00000e+00 0.00000e+00 6.83388e-03
7.39014e+00 -5.33977e-04 3.73454e-06 2.40805e-03 0.00000e+00 0.00000e+00 6.81358e-03
7.39746e+00 -5.20156e-04 3.79969e-06 2.40097e-03 0.00000e+00 0.00000e+00 6.79336e-03
7.40479e+00 -5.05315e-04 3.85586e-06 2.39392e-03 0.00000e+00 0.00000e+00 6.77322e-03
7.41211e+00 -4.89487e-04 3.90340e-06 2.38688e-03 0.00000e+00 0.00000e+00 6.75316e-03
7.41943e+00 -4.72740e-04 3.94217e-06 2.37986e-03 0.00000e+00 0.00000e+00 6.73318e-03
7.42676e+00 -4.55112e-04 3.97253e-06 2.37286e-03 0.00000e+00 0.00000e+00 6.71328e-03
7.43408e+00 -4.36671e-04 3.99438e-06 2.36588e-03 0.00000e+00 0.00000e+00 6.69346e-03
7.44141e+00 -4.17458e-04 4.00809e-06 2.35892e-03 0.00000e+00 0.00000e+00 6.67371e-03
7.44873e+00 -3.97544e-04 4.01361e-06 2.35198e-03 0.00000e+00 0.00000e+00 6.65405e-03
7.45605e+00 -3.76971e-04 4.01134e-06 2.34506e-03 0.00000e+00 0.00000e+00 6.63446e-03
7.46338e+00 -3.55813e-04 4.00123e-06 2.33816e-03 0.00000e+00 0.00000e+00 6.61494e-03
7.47070e+00 -3.34112e-04 3.98371e-06 2.33128e-03 0.00000e+00 0.00000e+00 6.59551e-03
7.47803e+00 -3.11943e-04 3.95877e-06 2.32441e-03 0.00000e+00 0.00000e+00 6.57615e-03
7.48535e+00 -2.89350e-04 3.92684e-06 2.31757e-03 0.00000e+00 0.00000e+00 6.55686e-03
7.49268e+00 -2.66406e-04 3.88794e-06 2.31075e-03 0.00000e+00 0.00000e+00 6.53765e-03
7.50000e+00 -2.43158e-04 3.84253e-06 2.30394e-03 0.00000e+00 0.00000e+00 6.51852e-03
7.50732e+00 -2.19677e-04 3.79063e-06 2.29716e-03 0.00000e+00 0.00000e+00 6.49946e-03
7.51465e+00 -1.96009e-04 3.73270e-06 2.29039e-03 0.00000e+00 0.00000e+00 6.48047e-03
7.52197e+00 -1.72226e-04 3.66880e-06 2.28365e-03 0.00000e+00 0.00000e+00 6.46156e-03
7.52930e+00 -1.48373e-04 3.59941e-06 2.27693e-03 0.00000e+00 0.00000e+00 6.44272e-03
7.53662e+00 -1.24519e-04 3.52457e-06 2.27023e-03 0.00000e+00 0.00000e+00 6.42396e-03
7.54395e+00 -1.00708e-04 3.44479e-06 2.26355e-03 0.00000e+00 0.00000e+00 6.40526e-03
7.55127e+00 -7.70091e-05 3.36012e-06 2.25688e-03 0.00000e+00 0.00000e+00 6.38665e-03
7.55859e+00 -5.34626e-05 3.27105e-06 2.25025e-03 0.00000e+00 0.00000e+00 6.36810e-03
7.56592e+00 -3.01354e-05 3.17768e-06 2.24363e-03 0.00000e+00 0.00000e+00 6.34962e-03
7.57324e+00 -7.06609e-06 3.08047e-06 2.23703e-03 0.00000e+00 0.00000e+00 6.33122e-03
7.58057e+00 1.56815e-05 2.97953e-06 2.23046e-03 0.00000e+00 0.00000e+00 6.31288e-03
7.58789e+00 3.80714e-05 2.87534e-06 2.22390e-03 0.00000e+00 0.00000e+00 6.29462e-03
7.59521e+00 6.00430e-05 2.76799e-06 2.21737e-03 0.00000e+00 0.00000e+00 6.27643e-03
7.60254e+00 8.15636e-05 2.65796e-06 2.21086e-03 0.00000e+00 0.00000e+00 6.25830e-03
7.60986e+00 1.02576e-04 2.54535e-06 2.20438e-03 0.00000e+00 0.00000e+00 6.24025e-03
7.61719e+00 1.23050e-04 2.43062e-06 2.19792e-03 0.00000e+00 0.00000e+00 6.22227e-03
7.62451e+00 1.42934e-04 2.31389e-06 2.19147e-03 0.00000e+00 0.00000e+00 6.20435e-03
7.63184e+00 1.62201e-04 2.19561e-06 2.18506e-03 0.00000e+00 0.00000e+00 6.18651e-03
7.63916e+00 1.80802e-04 2.07588e-06 2.17866e-03 0.00000e+00 0.00000e+00 6.16873e-03
7.64648e+00 1.98716e-04 1.95514e-06 2.17229e-03 0.00000e+00 0.00000e+00 6.15102e-03
7.65381e+00 2.15897e-04 1.83350e-06 2.16594e-03 0.00000e+00 0.00000e+00 6.13338e-03
7.66113e+00 2.32328e-04 1.71139e-06 2.15962e-03 0.00000e+00 0.00000e+00 6.11581e-03
7.66846e+00 2.47969e-04 1.58889e-06 2.15332e-03 0.00000e+00 0.00000e+00 6.09830e-03
7.67578e+00 2.62807e-04 1.46643e-06 2.14704e-03 0.00000e+00 0.00000e+00 6.08086e-03
7.68311e+00 2.76806e-04 1.34409e-06 2.14079e-03 0.00000e+00 0.00000e+00 6.06349e-03
7.69043e+00 2.89957e-04 1.22228e-06 2.13456e-03 0.00000e+00 0.00000e+00 6.04618e-03
7.69775e+00 3.02229e-04 1.10106e-06 2.12835e-03 0.00000e+00 0.00000e+00 6.02894e-03
7.70508e+00 3.13618e-04 9.80835e-07 2.12217e-03 0.00000e+00 0.00000e+00 6.01176e-03
7.71240e+00 3.24098e-04 8.61654e-07 2.11601e-03 0.00000e+00 0.00000e+00 5.99465e-03
7.71973e+00 3.33669e-04 7.43892e-07 2.10988e-03 0.00000e+00 0.00000e+00 5.97760e-03
7.72705e+00 3.42310e-04 6.27598e-07 2.10378e-03 0.00000e+00 0.00000e+00 5.96062e-03
7.73438e+00 3.50026e-04 5.13123e-07 2.09769e-03 0.00000e+00 0.00000e+00 5.94370e-03
7.74170e+00 3.56799e-04 4.00503e-07 2.09164e-03 0.00000e+00 0.00000e+00 5.92685e-03
7.74902e+00 3.62640e-04 2.90071e-07 2.08560e-03 0.00000e+00 0.00000e+00 5.91006e-03
7.75635e+00 3.67536e-04 1.81849e-07 2.07959e-03 0.00000e+00 0.00000e+00 5.89333e-03
7.76367e+00 3.71501e-04 7.61479e-08 2.07361e-03 0.00000e+00 0.00000e+00 5.87667e-03
7.77100e+00 3.74527e-04 -2.70241e-08 2.06765e-03 0.00000e+00 0.00000e+00 5.86007e-03
7.77832e+00 3.76632e-04 -1.27376e-07 2.06172e-03 0.00000e+00 0.00000e+00 5.84353e-03
7.78564e+00 3.77813e-04 -2.24915e-07 2.05581e-03 0.00000e+00 0.00000e+00 5.82705e-03
7.79297e+00 3.78092e-04 -3.19372e-07 2.04993e-03 0.00000e+00 0.00000e+00 5.81064e-03
7.80029e+00 3.77470e-04 -4.10768e-07 2.04407e-03 0.00000e+00 0.00000e+00 5.79429e-03
7.80762e+00 3.75973e-04 -4.98857e-07 2.03824e-03 0.00000e+00 0.00000e+00 5.77800e-03
7.81494e+00 3.73604e-04 -5.83675e-07 2.03243e-03 0.00000e+00 0.00000e+00 5.76176e-03
7.82227e+00 3.70394e-04 -6.64996e-07 2.02665e-03 0.00000e+00 0.00000e+00 5.74560e-03
7.82959e+00 3.66351e-04 -7.42872e-07 2.02089e-03 0.00000e+00 0.00000e+00 5.72949e-03
7.83691e+00 3.61508e-04 -8.17098e-07 2.01516e-03 0.00000e+00 0.00000e+00 5.71344e-03
7.84424e+00 3.55876e-04 -8.87743e-07 2.00945e-03 0.00000e+00 0.00000e+00 5.69745e-03
7.85156e+00 3.49492e-04 -9.54620e-07 2.00377e-03 0.00000e+00 0.00000e+00 5.68152e-03
7.85889e+00 3.42369e-04 -1.01781e-06 1.99811e-03 0.00000e+00 0.00000e+00 5.66565e-03
7.86621e+00 3.34546e-04 -1.07716e-06 1.99248e-03 0.00000e+00 0.00000e+00 5.64984e-03
7.87354e+00 3.26041e-04 -1.13275e-06 1.98687e-03 0.00000e+00 0.00000e+00 5.63408e-03
7.88086e+00 3.16894e-04 -1.18445e-06 1.98129e-03 0.00000e+00 0.00000e+00 5.61839e-03
7.88818e+00 3.07125e-04 -1.23237e-06 1.97573e-03 0.00000e+00 0.00000e+00 5.60276e-03
7.89551e+00 2.96778e-04 -1.27637e-06 1.97019e-03 0.00000e+00 0.00000e+00 5.58718e-03
7.90283e+00 2.85873e-04 -1.31659e-06 1.96468e-03 0.00000e+00 0.00000e+00 5.57166e-03
7.91016e+00 2.74456e-04 -1.35292e-06 1.95919e-03 0.00000e+00 0.00000e+00 5.55620e-03
7.91748e+00 2.62549e-04 -1.38550e-06 1.95373e-03 0.00000e+00 0.00000e+00 5.54079e-03
7.92480e+00 2.50199e-04 -1.41423e-06 1.94829e-03 0.00000e+00 0.00000e+00 5.52544e-03
7.93213e+00 2.37430e-04 -1.43926e-06 1.94288e-03 0.00000e+00 0.00000e+00 5.51015e-03
7.93945e+00 2.24289e-04 -1.46052e-06 1.93749e-03 0.00000e+00 0.00000e+00 5.49491e-03
7.94678e+00 2.10802e-04 -1.47818e-06 1.93212e-03 0.00000e+00 0.00000e+00 5.47974e-03
7.95410e+00 1.97016e-04 -1.49217e-06 1.92677e-03 0.00000e+00 0.00000e+00 5.46461e-03
7.96143e+00 1.82957e-04 -1.50266e-06 1.92145e-03 0.00000e+00 0.00000e+00 5.44954e-03
7.96875e+00 1.68672e-04 -1.50961e-06 1.91615e-03 0.00000e+00 0.00000e+00 5.43453e-03
7.97607e+00 1.54189e-04 -1.51320e-06 1.91088e-03 0.00000e+00 0.00000e+00 5.41957e-03
7.98340e+00 1.39554e-04 -1.51340e-06 1.90563e-03 0.00000e+00 0.00000e+00 5.40467e-03
7.99072e+00 1.24794e-04 -1.51040e-06 1.90040e-03 0.00000e+00 0.00000e+00 5.38982e-03
7.99805e+00 1.09955e-04 -1.50417e-06 1.89519e-03 0.00000e+00 0.00000e+00 5.37503e-03
8.00537e+00 9.50637e-05 -1.49490e-06 1.89000e-03 0.00000e+00 0.00000e+00 5.36029e-03
8.01270e+00 8.01660e-05 -1.48261e-06 1.88484e-03 0.00000e+00 0.00000e+00 5.34560e-03
8.02002e+00 6.52866e-05 -1.46747e-06 1.87969e-03 0.00000e+00 0.00000e+00 5.33097e-03
8.02734e+00 5.04708e-05 -1.44950e-06 1.87457e-03 0.00000e+00 0.00000e+00 5.31639e-03
8.03467e+00 3.57420e-05 -1.42889e-06 1.86947e-03 0.00000e+00 0.00000e+00 5.30187e-03
8.04199e+00 2.11442e-05 -1.40566e-06 1.86440e-03 0.00000e+00 0.00000e+00 5.28739e-03
8.04932e+00 6.69957e-06 -1.38002e-06 1.85934e-03 0.00000e+00 0.00000e+00 5.27297e-03
8.05664e+00 -7.54983e-06 -1.35198e-06 1.85430e-03 0.00000e+00 0.00000e+00 5.25861e-03
8.06396e+00 -2.15834e-05 -1.32175e-06 1.84929e-03 0.00000e+00 0.00000e+00 5.24429e-03
8.07129e+00 -3.53610e-05 -1.28935e-06 1.84429e-03 0.00000e+00 0.00000e+00 5.23003e-03
8.07861e+00 -4.88640e-05 -1.25501e-06 1.83931e-03 0.00000e+00 0.00000e+00 5.21582e-03
8.08594e+00 -6.20544e-05 -1.21874e-06 1.83436e-03 0.00000e+00 0.00000e+00 5.20166e-03
8.09326e+00 -7.49155e-05 -1.18075e-06 1.82942e-03 0.00000e+00 0.00000e+00 5.18755e-03
8.10059e+00 -8.74118e-05 -1.14108e-06 1.82450e-03 0.00000e+00 0.00000e+00 5.17349e-03
8.10791e+00 -9.95290e-05 -1.09994e-06 1.81961e-03 0.00000e+00 0.00000e+00 5.15948e-03
8.11523e+00 -1.11234e-04 -1.05736e-06 1.81473e-03 0.00000e+00 0.00000e+00 5.14552e-03
8.12256e+00 -1.22515e-04 -1.01356e-06 1.80987e-03 0.00000e+00 0.00000e+00 5.13162e-03
8.12988e+00 -1.33342e-04 -9.68558e-07 1.80503e-03 0.00000e+00 0.00000e+00 5.11776e-03
8.13721e+00 -1.43705e-04 -9.22570e-07 1.80021e-03 0.00000e+00 0.00000e+00 5.10395e-03
8.14453e+00 -1.53577e-04 -8.75635e-07 1.79540e-03 0.00000e+00 0.00000e+00 5.09019e-03
8.15186e+00 -1.62951e-04 -8.27947e-07 1.79062e-03 0.00000e+00 0.00000e+00 5.07649e-03
8.15918e+00 -1.71803e-04 -7.79551e-07 1.78585e-03 0.00000e+00 0.00000e+00 5.06283e-03
8.16650e+00 -1.80128e-04 -7.30636e-07 1.78110e-03 0.00000e+00 0.00000e+00 5.04922e-03
8.17383e+00 -1.87906e-04 -6.81245e-07 1.77636e-03 0.00000e+00 0.00000e+00 5.03566e-03
8.18115e+00 -1.95135e-04 -6.31562e-07 1.77165e-03 0.00000e+00 0.00000e+00 5.02215e-03
8.18848e+00 -2.01796e-04 -5.81628e-07 1.76695e-03 0.00000e+00 0.00000e+00 5.00868e-03
8.19580e+00 -2.07891e-04 -5.31620e-07 1.76227e-03 0.00000e+00 0.00000e+00 4.99526e-03
8.20312e+00 -2.13405e-04 -4.81578e-07 1.75760e-03 0.00000e+00 0.00000e+00 4.98190e-03
8.21045e+00 -2.18342e-04 -4.31671e-07 1.75295e-03 0.00000e+00 0.00000e+00 4.96858e-03
8.21777e+00 -2.22689e-04 -3.81935e-07 1.74832e-03 0.00000e+00 0.00000e+00 4.95530e-03
8.22510e+00 -2.26454e-04 -3.32534e-07 1.74371e-03 0.00000e+00 0.00000e+00 4.94208e-03
8.23242e+00 -2.29627e-04 -2.83498e-07 1.73911e-03 0.00000e+00 0.00000e+00 4.92890e-03
8.23975e+00 -2.32218e-04 -2.34983e-07 1.73452e-03 0.00000e+00 0.00000e+00 4.91577e-03
8.24707e+00 -2.34220e-04 -1.87017e-07 1.72995e-03 0.00000e+00 0.00000e+00 4.90268e-03
8.25439e+00 -2.35646e-04 -1.39744e-07 1.72540e-03 0.00000e+00 0.00000e+00 4.88964e-03
8.26172e+00 -2.36492e-04 -9.31887e-08 1.72086e-03 0.00000e+00 0.00000e+00 4.87665e-03
8.26904e+00 -2.36772e-04 -4.74876e-08 1.71634e-03 0.00000e+00 0.00000e+00 4.86370e-03
8.27637e+00 -2.36486e-04 -2.65885e-09 1.71183e-03 0.00000e+00 0.00000e+00 4.85080e-03
8.28369e+00 -2.35651e-04 4.11699e-08 1.70734e-03 0.00000e+00 0.00000e+00 4.83795e-03
8.29102e+00 -2.34268e-04 8.39859e-08 1.70287e-03 0.00000e+00 0.00000e+00 4.82514e-03
8.29834e+00 -2.32356e-04 1.25671e-07 1.69840e-03 0.00000e+00 0.00000e+00 4.81237e-03
8.30566e+00 -2.29919e-04 1.66218e-07 1.69396e-03 0.00000e+00 0.00000e+00 4.79965e-03
8.31299e+00 -2.26979e-04 2.05518e-07 1.68952e-03 0.00000e+00 0.00000e+00 4.78698e-03
8.32031e+00 -2.23541e-04 2.43570e-07 1.68510e-03 0.00000e+00 0.00000e+00 4.77434e-03
8.32764e+00 -2.19630e-04 2.80275e-07 1.68070e-03 0.00000e+00 0.00000e+00 4.76176e-03
8.33496e+00 -2.15251e-04 3.15637e-07 1.67631e-03 0.00000e+00 0.00000e+00 4.74922e-03
8.34229e+00 -2.10432e-04 3.49566e-07 1.67193e-03 0.00000e+00 0.00000e+00 4.73672e-03
8.34961e+00 -2.05180e-04 3.82074e-07 1.66757e-03 0.00000e+00 0.00000e+00 4.72426e-03
8.35693e+00 -1.99524e-04 4.13081e-07 1.66322e-03 0.00000e+00 0.00000e+00 4.71185e-03
8.36426e+00 -1.93473e-04 4.42601e-07 1.65888e-03 0.00000e+00 0.00000e+00 4.69949e-03
8.37158e+00 -1.87056e-04 4.70566e-07 1.65456e-03 0.00000e+00 0.00000e+00 4.68716e-03
8.37891e+00 -1.80285e-04 4.96997e-07 1.65026e-03 0.00000e+00 0.00000e+00 4.67488e-03
8.38623e+00 -1.73189e-04 5.21833e-07 1.64596e-03 0.00000e+00 0.00000e+00 4.66264e-03
8.39355e+00 -1.65781e-04 5.45101e-07 1.64168e-03 0.00000e+00 0.00000e+00 4.65045e-03
8.40088e+00 -1.58092e-04 5.66750e-07 1.63741e-03 0.00000e+00 0.00000e+00 4.63830e-03
8.40820e+00 -1.50134e-04 5.86812e-07 1.63316e-03 0.00000e+00 0.00000e+00 4.62619e-03
8.41553e+00 -1.41940e-04 6.05244e-07 1.62892e-03 0.00000e+00 0.00000e+00 4.61412e-03
8.42285e+00 -1.33523e-04 6.22084e-07 1.62469e-03 0.00000e+00 0.00000e+00 4.60209e-03
8.43018e+00 -1.24914e-04 6.37297e-07 1.62047e-03 0.00000e+00 0.00000e+00 4.59011e-03
8.43750e+00 -1.16129e-04 6.50926e-07 1.61627e-03 0.00000e+00 0.00000e+00 4.57816e-03
8.44482e+00 -1.07199e-04 6.62945e-07 1.61208e-03 0.00000e+00 0.00000e+00 4.56626e-03
8.45215e+00 -9.81387e-05 6.73400e-07 1.60791e-03 0.00000e+00 0.00000e+00 4.55440e-03
8.45947e+00 -8.89794e-05 6.82273e-07 1.60374e-03 0.00000e+00 0.00000e+00 4.54258e-03
8.46680e+00 -7.97359e-05 6.89614e-07 1.59959e-03 0.00000e+00 0.00000e+00 4.53080e-03
8.47412e+00 -7.04397e-05 6.95414e-07 1.59546e-03 0.00000e+00 0.00000e+00 4.51907e-03
8.48145e+00 -6.11048e-05 6.99725e-07 1.59133e-03 0.00000e+00 0.00000e+00 4.50737e-03
8.48877e+00 -5.17623e-05 7.02544e-07 1.58722e-03 0.00000e+00 0.00000e+00 4.49571e-03
8.49609e+00 -4.24260e-05 7.03929e-07 1.58312e-03 0.00000e+00 0.00000e+00 4.48410e-03
8.50342e+00 -3.31261e-05 7.03882e-07 1.57903e-03 0.00000e+00 0.00000e+00 4.47252e-03
8.51074e+00 -2.38756e-05 7.02462e-07 1.57496e-03 0.00000e+00 0.00000e+00 4.46098e-03
8.51807e+00 -1.47040e-05 6.99680e-07 1.57090e-03 0.00000e+00 0.00000e+00 4.44948e-03
8.52539e+00 -5.62346e-06 6.95596e-07 1.56685e-03 0.00000e+00 0.00000e+00 4.43803e-03
8.53271e+00 3.33765e-06 6.90226e-07 1.56281e-03 0.00000e+00 0.00000e+00 4.42661e-03
8.54004e+00 1.21681e-05 6.83633e-07 1.55879e-03 0.00000e+00 0.00000e+00 4.41523e-03
8.54736e+00 2.08407e-05 6.75836e-07 1.55478e-03 0.00000e+00 0.00000e+00 4.40389e-03
8.55469e+00 2.93455e-05 6.66901e-07 1.55078e-03 0.00000e+00 0.00000e+00 4.39259e-03
8.56201e+00 3.76567e-05 6.56851e-07 1.54679e-03 0.00000e+00 0.00000e+00 4.38132e-03
8.56934e+00 4.57654e-05 6.45754e-07 1.54282e-03 0.00000e+00 0.00000e+00 4.37010e-03
8.57666e+00 5.36476e-05 6.33635e-07 1.53886e-03 0.00000e+00 0.00000e+00 4.35891e-03
8.58398e+00 6.12956e-05 6.20562e-07 1.53491e-03 0.00000e+00 0.00000e+00 4.34776e-03
8.59131e+00 6.86870e-05 6.06567e-07 1.53098e-03 0.00000e+00 0.00000e+00 4.33665e-03
8.59863e+00 7.58158e-05 5.91715e-07 1.52705e-03 0.00000e+00 0.00000e+00 4.32558e-03
8.60596e+00 8.26611e-05 5.76040e-07 1.52314e-03 0.00000e+00 0.00000e+00 4.31455e-03
8.61328e+00 8.92185e-05 5.59609e-07 1.51924e-03 0.00000e+00 0.00000e+00 4.30355e-03
8.62061e+00 9.54690e-05 5.42458e-07 1.51536e-03 0.00000e+00 0.00000e+00 4.29259e-03
8.62793e+00 1.01410e-04 5.24653e-07 1.51148e-03 0.00000e+00 0.00000e+00 4.28167e-03
8.63525e+00 1.07024e-04 5.06231e-07 1.50762e-03 0.00000e+00 0.00000e+00 4.27078e-03
8.64258e+00 1.12310e-04 4.87256e-07 1.50378e-03 0.00000e+00 0.00000e+00 4.25993e-03
8.64990e+00 1.17252e-04 4.67768e-07 1.49994e-03 0.00000e+00 0.00000e+00 4.24912e-03
8.65723e+00 1.21853e-04 4.47830e-07 1.49612e-03 0.00000e+00 0.00000e+00 4.23835e-03
8.66455e+00 1.26097e-04 4.27482e-07 1.49231e-03 0.00000e+00 0.00000e+00 4.22761e-03
8.67188e+00 1.29987e-04 4.06784e-07 1.48851e-03 0.00000e+00 0.00000e+00 4.21690e-03
8.67920e+00 1.33513e-04 3.85777e-07 1.48472e-03 0.00000e+00 0.00000e+00 4.20624e-03
8.68652e+00 1.36677e-04 3.64520e-07 1.48095e-03 0.00000e+00 0.00000e+00 4.19561e-03
8.69385e+00 1.39471e-04 3.43054e-07 1.47719e-03 0.00000e+00 0.00000e+00 4.18501e-03
8.70117e+00 1.41901e-04 3.21433e-07 1.47344e-03 0.00000e+00 0.00000e+00 4.17445e-03
8.70850e+00 1.43958e-04 2.99699e-07 1.46970e-03 0.00000e+00 0.00000e+00 4.16393e-03
8.71582e+00 1.45650e-04 2.77904e-07 1.46598e-03 0.00000e+00 0.00000e+00 4.15344e-03
8.72314e+00 1.46971e-04 2.56089e-07 1.46227e-03 0.00000e+00 0.00000e+00 4.14299e-03
8.73047e+00 1.47930e-04 2.34302e-07 1.45857e-03 0.00000e+00 0.00000e+00 4.13257e-03
8.73779e+00 1.48524e-04 2.12584e-07 1.45489e-03 0.00000e+00 0.00000e+00 4.12218e-03
8.74512e+00 1.48763e-04 1.90979e-07 1.45121e-03 0.00000e+00 0.00000e+00 4.11184e-03
8.75244e+00 1.48644e-04 1.69526e-07 1.44755e-03 0.00000e+00 0.00000e+00 4.10152e-03
8.75977e+00 1.48180e-04 1.48267e-07 1.44390e-03 0.00000e+00 0.00000e+00 4.09124e-03
8.76709e+00 1.47370e-04 1.27239e-07 1.44027e-03 0.00000e+00 0.00000e+00 4.08100e-03
8.77441e+00 1.46228e-04 1.06479e-07 1.43664e-03 0.00000e+00 0.00000e+00 4.07079e-03
8.78174e+00 1.44753e-04 8.60242e-08 1.43303e-03 0.00000e+00 0.00000e+00 4.06061e-03
8.78906e+00 1.42961e-04 6.59061e-08 1.42943e-03 0.00000e+00 0.00000e+00 4.05047e-03
8.79639e+00 1.40854e-04 4.61608e-08 1.42584e-03 0.00000e+00 0.00000e+00 4.04036e-03
8.80371e+00 1.38449e-04 2.68155e-08 1.42227e-03 0.00000e+00 0.00000e+00 4.03028e-03
8.81104e+00 1.35747e-04 7.90430e-09 1.41871e-03 0.00000e+00 0.00000e+00 4.02024e-03
8.81836e+00 1.32767e-04 -1.05498e-08 1.41516e-03 0.00000e+00 0.00000e+00 4.01023e-03
8.82568e+00 1.29513e-04 -2.85147e-08 1.41162e-03 0.00000e+00 0.00000e+00 4.00025e-03
8.83301e+00 1.26003e-04 -4.59718e-08 1.40809e-03 0.00000e+00 0.00000e+00 3.99031e-03
8.84033e+00 1.22241e-04 -6.28910e-08 1.40458e-03 0.00000e+00 0.00000e+00 3.98040e-03
8.84766e+00 1.18249e-04 -7.92584e-08 1.40108e-03 0.00000e+00 0.00000e+00 3.97053e-03
8.85498e+00 1.14030e-04 -9.50457e-08 1.39759e-03 0.00000e+00 0.00000e+00 3.96068e-03
8.86230e+00 1.09605e-04 -1.10244e-07 1.39411e-03 0.00000e+00 0.00000e+00 3.95087e-03
8.86963e+00 1.04981e-04 -1.24826e-07 1.39065e-03 0.00000e+00 0.00000e+00 3.94109e-03
8.87695e+00 1.00178e-04 -1.38787e-07 1.38719e-03 0.00000e+00 0.00000e+00 3.93134e-03
8.88428e+00 9.52037e-05 -1.52104e-07 1.38375e-03 0.00000e+00 0.00000e+00 3.92163e-03
8.89160e+00 9.00782e-05 -1.64776e-07 1.38032e-03 0.00000e+00 0.00000e+00 3.91194e-03
8.89893e+00 8.48091e-05 -1.76781e-07 1.37691e-03 0.00000e+00 0.00000e+00 3.90229e-03
8.90625e+00 7.94178e-05 -1.88123e-07 1.37350e-03 0.00000e+00 0.00000e+00 3.89267e-03
8.91357e+00 7.39119e-05 -1.98781e-07 1.37011e-03 0.00000e+00 0.00000e+00 3.88309e-03
8.92090e+00 6.83127e-05 -2.08764e-07 1.36673e-03 0.00000e+00 0.00000e+00 3.87353e-03
8.92822e+00 6.26280e-05 -2.18054e-07 1.36336e-03 0.00000e+00 0.00000e+00 3.86400e-03
8.93555e+00 5.68792e-05 -2.26662e-07 1.36000e-03 0.00000e+00 0.00000e+00 3.85451e-03
8.94287e+00 5.10738e-05 -2.34573e-07 1.35665e-03 0.00000e+00 0.00000e+00 3.84505e-03
8.95020e+00 4.52332e-05 -2.41804e-07 1.35332e-03 0.00000e+00 0.00000e+00 3.83562e-03
8.95752e+00 3.93649e-05 -2.48338e-07 1.34999e-03 0.00000e+00 0.00000e+00 3.82622e-03
8.96484e+00 3.34897e-05 -2.54197e-07 1.34668e-03 0.00000e+00 0.00000e+00 3.81684e-03
8.97217e+00 2.76151e-05 -2.59367e-07 1.34338e-03 0.00000e+00 0.00000e+00 3.80751e-03
8.97949e+00 2.17613e-05 -2.63873e-07 1.34009e-03 0.00000e+00 0.00000e+00 3.79820e-03
8.98682e+00 1.59353e-05 -2.67702e-07 1.33682e-03 0.00000e+00 0.00000e+00 3.78892e-03
8.99414e+00 1.01571e-05 -2.70882e-07 1.33355e-03 0.00000e+00 0.00000e+00 3.77967e-03
9.00146e+00 4.43291e-06 -2.73403e-07 1.33029e-03 0.00000e+00 0.00000e+00 3.77045e-03
9.00879e+00 -1.21789e-06 -2.75295e-07 1.32705e-03 0.00000e+00 0.00000e+00 3.76126e-03
9.01611e+00 -6.78955e-06 -2.76549e-07 1.32382e-03 0.00000e+00 0.00000e+00 3.75210e-03
9.02344e+00 -1.22636e-05 -2.77199e-07 1.32060e-03 0.00000e+00 0.00000e+00 3.74297e-03
9.03076e+00 -1.76350e-05 -2.77237e-07 1.31739e-03 0.00000e+00 0.00000e+00 3.73387e-03
9.03809e+00 -2.28860e-05 -2.76699e-07 1.31419e-03 0.00000e+00 0.00000e+00 3.72480e-03
9.04541e+00 -2.80124e-05 -2.75577e-07 1.31100e-03 0.00000e+00 0.00000e+00 3.71576e-03
9.05273e+00 -3.29976e-05 -2.73911e-07 1.30782e-03 0.00000e+00 0.00000e+00 3.70675e-03
9.06006e+00 -3.78381e-05 -2.71694e-07 1.30465e-03 0.00000e+00 0.00000e+00 3.69777e-03
9.06738e+00 -4.25181e-05 -2.68969e-07 1.30150e-03 0.00000e+00 0.00000e+00 3.68881e-03
9.07471e+00 -4.70353e-05 -2.65727e-07 1.29835e-03 0.00000e+00 0.00000e+00 3.67989e-03
9.08203e+00 -5.13750e-05 -2.62013e-07 1.29522e-03 0.00000e+00 0.00000e+00 3.67099e-03
9.08936e+00 -5.55358e-05 -2.57821e-07 1.29209e-03 0.00000e+00 0.00000e+00 3.66213e-03
9.09668e+00 -5.95041e-05 -2.53196e-07 1.28898e-03 0.00000e+00 0.00000e+00 3.65329e-03
9.10400e+00 -6.32795e-05 -2.48133e-07 1.28588e-03 0.00000e+00 0.00000e+00 3.64448e-03
9.11133e+00 -6.68496e-05 -2.42679e-07 1.28278e-03 0.00000e+00 0.00000e+00 3.63570e-03
9.11865e+00 -7.02150e-05 -2.36826e-07 1.27970e-03 0.00000e+00 0.00000e+00 3.62694e-03
9.12598e+00 -7.33647e-05 -2.30626e-07 1.27663e-03 0.00000e+00 0.00000e+00 3.61822e-03
9.13330e+00 -7.63002e-05 -2.24069e-07 1.27357e-03 0.00000e+00 0.00000e+00 3.60952e-03
9.14062e+00 -7.90116e-05 -2.17208e-07 1.27052e-03 0.00000e+00 0.00000e+00 3.60085e-03
9.14795e+00 -8.15018e-05 -2.10034e-07 1.26747e-03 0.00000e+00 0.00000e+00 3.59221e-03
9.15527e+00 -8.37619e-05 -2.02600e-07 1.26444e-03 0.00000e+00 0.00000e+00 3.58359e-03
9.16260e+00 -8.57959e-05 -1.94896e-07 1.26142e-03 0.00000e+00 0.00000e+00 3.57501e-03
9.16992e+00 -8.75961e-05 -1.86976e-07 1.25841e-03 0.00000e+00 0.00000e+00 3.56645e-03
9.17725e+00 -8.91675e-05 -1.78830e-07 1.25541e-03 0.00000e+00 0.00000e+00 3.55791e-03
9.18457e+00 -9.05038e-05 -1.70512e-07 1.25241e-03 0.00000e+00 0.00000e+00 3.54941e-03
9.19189e+00 -9.16110e-05 -1.62011e-07 1.24943e-03 0.00000e+00 0.00000e+00 3.54093e-03
9.19922e+00 -9.24838e-05 -1.53381e-07 1.24646e-03 0.00000e+00 0.00000e+00 3.53248e-03
9.20654e+00 -9.31293e-05 -1.44611e-07 1.24349e-03 0.00000e+00 0.00000e+00 3.52406e-03
9.21387e+00 -9.35433e-05 -1.35755e-07 1.24054e-03 0.00000e+00 0.00000e+00 3.51566e-03
9.22119e+00 -9.37340e-05 -1.26799e-07 1.23759e-03 0.00000e+00 0.00000e+00 3.50729e-03
9.22852e+00 -9.36982e-05 -1.17800e-07 1.23466e-03 0.00000e+00 0.00000e+00 3.49895e-03
9.23584e+00 -9.34450e-05 -1.08740e-07 1.23173e-03 0.00000e+00 0.00000e+00 3.49063e-03
9.24316e+00 -9.29721e-05 -9.96772e-08 1.22882e-03 0.00000e+00 0.00000e+00 3.48234e-03
9.25049e+00 -9.22897e-05 -9.05927e-08 1.22591e-03 0.00000e+00 0.00000e+00 3.47407e-03
9.25781e+00 -9.13965e-05 -8.15435e-08 1.22301e-03 0.00000e+00 0.00000e+00 3.46583e-03
9.26514e+00 -9.03033e-05 -7.25092e-08 1.22012e-03 0.00000e+00 0.00000e+00 3.45762e-03
9.27246e+00 -8.90097e-05 -6.35467e-08 1.21724e-03 0.00000e+00 0.00000e+00 3.44943e-03
9.27979e+00 -8.75274e-05 -5.46339e-08 1.21437e-03 0.00000e+00 0.00000e+00 3.44127e-03
9.28711e+00 -8.58567e-05 -4.58273e-08 1.21151e-03 0.00000e+00 0.00000e+00 3.43314e-03
9.29443e+00 -8.40099e-05 -3.71029e-08 1.20866e-03 0.00000e+00 0.00000e+00 3.42503e-03
9.30176e+00 -8.19882e-05 -2.85168e-08 1.20581e-03 0.00000e+00 0.00000e+00 3.41694e-03
9.30908e+00 -7.98044e-05 -2.00429e-08 1.20298e-03 0.00000e+00 0.00000e+00 3.40888e-03
9.31641e+00 -7.74603e-05 -1.17371e-08 1.20015e-03 0.00000e+00 0.00000e+00 3.40085e-03
9.32373e+00 -7.49693e-05 -3.57114e-09 1.19733e-03 0.00000e+00 0.00000e+00 3.39284e-03
9.33105e+00 -7.23338e-05 4.39959e-09 1.19452e-03 0.00000e+00 0.00000e+00 3.38486e-03
9.33838e+00 -6.95675e-05 1.22055e-08 1.19172e-03 0.00000e+00 0.00000e+00 3.37690e-03
9.34570e+00 -6.66732e-05 1.97917e-08 1.18893e-03 0.00000e+00 0.00000e+00 3.36897e-03
9.35303e+00 -6.36651e-05 2.71907e-08 1.18615e-03 0.00000e+00 0.00000e+00 3.36106e-03
9.36035e+00 -6.05463e-05 3.43483e-08 1.18337e-03 0.00000e+00 0.00000e+00 3.35317e-03
9.36768e+00 -5.73313e-05 4.12992e-08 1.18061e-03 0.00000e+00 0.00000e+00 3.34532e-03
9.37500e+00 -5.40235e-05 4.79897e-08 1.17785e-03 0.00000e+00 0.00000e+00 3.33748e-03
9.38232e+00 -5.06374e-05 5.44566e-08 1.17510e-03 0.00000e+00 0.00000e+00 3.32967e-03
9.38965e+00 -4.71767e-05 6.06470e-08 1.17236e-03 0.00000e+00 0.00000e+00 3.32189e-03
9.39697e+00 -4.36559e-05 6.65999e-08 1.16962e-03 0.00000e+00 0.00000e+00 3.31412e-03
9.40430e+00 -4.00789e-05 7.22628e-08 1.16690e-03 0.00000e+00 0.00000e+00 3.30639e-03
9.41162e+00 -3.64601e-05 7.76770e-08 1.16418e-03 0.00000e+00 0.00000e+00 3.29867e-03
9.41895e+00 -3.28034e-05 8.27905e-08 1.16147e-03 0.00000e+00 0.00000e+00 3.29098e-03
9.42627e+00 -2.91233e-05 8.76470e-08 1.15877e-03 0.00000e+00 0.00000e+00 3.28332e-03
9.43359e+00 -2.54234e-05 9.21949e-08 1.15608e-03 0.00000e+00 0.00000e+00 3.27568e-03
9.44092e+00 -2.17180e-05 9.64798e-08 1.15340e-03 0.00000e+00 0.00000e+00 3.26806e-03
9.44824e+00 -1.80107e-05 1.00451e-07 1.15072e-03 0.00000e+00 0.00000e+00 3.26047e-03
9.45557e+00 -1.43154e-05 1.04156e-07 1.14805e-03 0.00000e+00 0.00000e+00 3.25290e-03
9.46289e+00 -1.06354e-05 1.07545e-07 1.14539e-03 0.00000e+00 0.00000e+00 3.24535e-03
9.47021e+00 -6.98450e-06 1.10667e-07 1.14274e-03 0.00000e+00 0.00000e+00 3.23782e-03
9.47754e+00 -3.36558e-06 1.13472e-07 1.14010e-03 0.00000e+00 0.00000e+00 3.23032e-03
9.48486e+00 2.08022e-07 1.16012e-07 1.13746e-03 0.00000e+00 0.00000e+00 3.22285e-03
9.49219e+00 3.73376e-06 1.18238e-07 1.13483e-03 0.00000e+00 0.00000e+00 3.21539e-03
9.49951e+00 7.19878e-06 1.20202e-07 1.13221e-03 0.00000e+00 0.00000e+00 3.20796e-03
9.50684e+00 1.06010e-05 1.21857e-07 1.12960e-03 0.00000e+00 0.00000e+00 3.20055e-03
9.51416e+00 1.39280e-05 1.23257e-07 1.12699e-03 0.00000e+00 0.00000e+00 3.19316e-03
9.52148e+00 1.71783e-05 1.24353e-07 1.12439e-03 0.00000e+00 0.00000e+00 3.18580e-03
9.52881e+00 2.03401e-05 1.25202e-07 1.12180e-03 0.00000e+00 0.00000e+00 3.17846e-03
9.53613e+00 2.34123e-05 1.25756e-07 1.11922e-03 0.00000e+00 0.00000e+00 3.17114e-03
9.54346e+00 2.63838e-05 1.26074e-07 1.11665e-03 0.00000e+00 0.00000e+00 3.16385e-03
9.55078e+00 2.92541e-05 1.26106e-07 1.11408e-03 0.00000e+00 0.00000e+00 3.15657e-03
9.55811e+00 3.20129e-05 1.25914e-07 1.11152e-03 0.00000e+00 0.00000e+00 3.14932e-03
9.56543e+00 3.46602e-05 1.25448e-07 1.10897e-03 0.00000e+00 0.00000e+00 3.14209e-03
9.57275e+00 3.71862e-05 1.24770e-07 1.10643e-03 0.00000e+00 0.00000e+00 3.13489e-03
9.58008e+00 3.95919e-05 1.23832e-07 1.10389e-03 0.00000e+00 0.00000e+00 3.12770e-03
9.58740e+00 4.18681e-05 1.22697e-07 1.10136e-03 0.00000e+00 0.00000e+00 3.12054e-03
9.59473e+00 4.40164e-05 1.21317e-07 1.09884e-03 0.00000e+00 0.00000e+00 3.11340e-03
9.60205e+00 4.60284e-05 1.19754e-07 1.09632e-03 0.00000e+00 0.00000e+00 3.10628e-03
9.60938e+00 4.79064e-05 1.17962e-07 1.09382e-03 0.00000e+00 0.00000e+00 3.09918e-03
9.61670e+00 4.96427e-05 1.16005e-07 1.09132e-03 0.00000e+00 0.00000e+00 3.09211e-03
9.62402e+00 5.12403e-05 1.13834e-07 1.08883e-03 0.00000e+00 0.00000e+00 3.08505e-03
9.63135e+00 5.26923e-05 1.11516e-07 1.08634e-03 0.00000e+00 0.00000e+00 3.07802e-03
9.63867e+00 5.40023e-05 1.09001e-07 1.08387e-03 0.00000e+00 0.00000e+00 3.07101e-03
9.64600e+00 5.51644e-05 1.06357e-07 1.08140e-03 0.00000e+00 0.00000e+00 3.06402e-03
9.65332e+00 5.61826e-05 1.03534e-07 1.07893e-03 0.00000e+00 0.00000e+00 3.05705e-03
9.66064e+00 5.70518e-05 1.00600e-07 1.07648e-03 0.00000e+00 0.00000e+00 3.05010e-03
9.66797e+00 5.77769e-05 9.75062e-08 1.07403e-03 0.00000e+00 0.00000e+00 3.04318e-03
9.67529e+00 5.83532e-05 9.43199e-08 1.07159e-03 0.00000e+00 0.00000e+00 3.03627e-03
9.68262e+00 5.87865e-05 9.09914e-08 1.06916e-03 0.00000e+00 0.00000e+00 3.02938e-03
9.68994e+00 5.90727e-05 8.75898e-08 1.06673e-03 0.00000e+00 0.00000e+00 3.02252e-03
9.69727e+00 5.92181e-05 8.40643e-08 1.06431e-03 0.00000e+00 0.00000e+00 3.01568e-03
9.70459e+00 5.92196e-05 8.04846e-08 1.06190e-03 0.00000e+00 0.00000e+00 3.00885e-03
9.71191e+00 5.90839e-05 7.67993e-08 1.05950e-03 0.00000e+00 0.00000e+00 3.00205e-03
9.71924e+00 5.88084e-05 7.30786e-08 1.05710e-03 0.00000e+00 0.00000e+00 2.99527e-03
9.72656e+00 5.84006e-05 6.92702e-08 1.05471e-03 0.00000e+00 0.00000e+00 2.98851e-03
9.73389e+00 5.78585e-05 6.54449e-08 1.05233e-03 0.00000e+00 0.00000e+00 2.98177e-03
9.74121e+00 5.71900e-05 6.15495e-08 1.04995e-03 0.00000e+00 0.00000e+00 2.97505e-03
9.74854e+00 5.63937e-05 5.76551e-08 1.04758e-03 0.00000e+00 0.00000e+00 2.96835e-03
9.75586e+00 5.54780e-05 5.37079e-08 1.04522e-03 0.00000e+00 0.00000e+00 2.96167e-03
9.76318e+00 5.44419e-05 4.97790e-08 1.04287e-03 0.00000e+00 0.00000e+00 2.95501e-03
9.77051e+00 5.32944e-05 4.58137e-08 1.04052e-03 0.00000e+00 0.00000e+00 2.94837e-03
9.77783e+00 5.20349e-05 4.18835e-08 1.03818e-03 0.00000e+00 0.00000e+00 2.94174e-03
9.78516e+00 5.06727e-05 3.79326e-08 1.03585e-03 0.00000e+00 0.00000e+00 2.93514e-03
9.79248e+00 4.92078e-05 3.40328e-08 1.03352e-03 0.00000e+00 0.00000e+00 2.92856e-03
9.79980e+00 4.76497e-05 3.01272e-08 1.03120e-03 0.00000e+00 0.00000e+00 2.92200e-03
9.80713e+00 4.59987e-05 2.62876e-08 1.02889e-03 0.00000e+00 0.00000e+00 2.91546e-03
9.81445e+00 4.42646e-05 2.24564e-08 1.02658e-03 0.00000e+00 0.00000e+00 2.90894e-03
9.82178e+00 4.24481e-05 1.87053e-08 1.02428e-03 0.00000e+00 0.00000e+00 2.90243e-03
9.82910e+00 4.05592e-05 1.49755e-08 1.02199e-03 0.00000e+00 0.00000e+00 2.89595e-03
9.83643e+00 3.85987e-05 1.13389e-08 1.01971e-03 0.00000e+00 0.00000e+00 2.88949e-03
9.84375e+00 3.65769e-05 7.73562e-09 1.01743e-03 0.00000e+00 0.00000e+00 2.88304e-03
9.85107e+00 3.44948e-05 4.23750e-09 1.01516e-03 0.00000e+00 0.00000e+00 2.87662e-03
9.85840e+00 3.23627e-05 7.83594e-10 1.01289e-03 0.00000e+00 0.00000e+00 2.87021e-03
9.86572e+00 3.01818e-05 -2.55430e-09 1.01064e-03 0.00000e+00 0.00000e+00 2.86382e-03
9.87305e+00 2.79624e-05 -5.83822e-09 1.00839e-03 0.00000e+00 0.00000e+00 2.85745e-03
9.88037e+00 2.57058e-05 -8.99645e-09 1.00614e-03 0.00000e+00 0.00000e+00 2.85110e-03
9.88770e+00 2.34223e-05 -1.20921e-08 1.00390e-03 0.00000e+00 0.00000e+00 2.84477e-03
9.89502e+00 2.11131e-05 -1.50535e-08 1.00167e-03 0.00000e+00 0.00000e+00 2.83846e-03
9.90234e+00 1.87886e-05 -1.79450e-08 9.99449e-04 0.00000e+00 0.00000e+00 2.83217e-03
9.90967e+00 1.64500e-05 -2.06949e-08 9.97232e-04 0.00000e+00 0.00000e+00 2.82589e-03
9.91699e+00 1.41074e-05 -2.33686e-08 9.95022e-04 0.00000e+00 0.00000e+00 2.81963e-03
9.92432e+00 1.17620e-05 -2.58947e-08 9.92818e-04 0.00000e+00 0.00000e+00 2.81340e-03
9.93164e+00 9.42366e-06 -2.83395e-08 9.90621e-04 0.00000e+00 0.00000e+00 2.80718e-03
9.93896e+00 7.09353e-06 -3.06317e-08 9.88430e-04 0.00000e+00 0.00000e+00 2.80098e-03
9.94629e+00 4.78127e-06 -3.28388e-08 9.86246e-04 0.00000e+00 0.00000e+00 2.79479e-03
9.95361e+00 2.48778e-06 -3.48895e-08 9.84068e-04 0.00000e+00 0.00000e+00 2.78863e-03
9.96094e+00 2.22495e-07 -3.68524e-08 9.81897e-04 0.00000e+00 0.00000e+00 2.78248e-03
9.96826e+00 -2.01393e-06 -3.86564e-08 9.79733e-04 0.00000e+00 0.00000e+00 2.77635e-03
9.97559e+00 -4.21236e-06 -4.03708e-08 9.77575e-04 0.00000e+00 0.00000e+00 2.77024e-03
9.98291e+00 -6.37240e-06 -4.19248e-08 9.75423e-04 0.00000e+00 0.00000e+00 2.76415e-03
9.99023e+00 -8.48525e-06 -4.33889e-08 9.73278e-04 0.00000e+00 0.00000e+00 2.75807e-03
9.99756e+00 -1.05508e-05 -4.46920e-08 9.71139e-04 0.00000e+00 0.00000e+00 2.75202e-03
1.00049e+01 -1.25607e-05 -4.59057e-08 9.69007e-04 0.00000e+00 0.00000e+00 2.74598e-03
1.00122e+01 -1.45151e-05 -4.69591e-08 9.66880e-04 0.00000e+00 0.00000e+00 2.73995e-03
1.00195e+01 -1.64061e-05 -4.79245e-08 9.64761e-04 0.00000e+00 0.00000e+00 2.73395e-03
1.00269e+01 -1.82342e-05 -4.87312e-08 9.62647e-04 0.00000e+00 0.00000e+00 2.72796e-03
1.00342e+01 -1.99918e-05 -4.94524e-08 9.60540e-04 0.00000e+00 0.00000e+00 2.72199e-03
1.00415e+01 -2.16799e-05 -5.00173e-08 9.58439e-04 0.00000e+00 0.00000e+00 2.71604e-03
1.00488e+01 -2.32914e-05 -5.05000e-08 9.56345e-04 0.00000e+00 0.00000e+00 2.71011e-03
1.00562e+01 -2.48277e-05 -5.08298e-08 9.54256e-04 0.00000e+00 0.00000e+00 2.70419e-03
1.00635e+01 -2.62821e-05 -5.10815e-08 9.52174e-04 0.00000e+00 0.00000e+00 2.69829e-03
1.00708e+01 -2.76564e-05 -5.11843e-08 9.50098e-04 0.00000e+00 0.00000e+00 2.69241e-03
1.00781e+01 -2.89444e-05 -5.12139e-08 9.48028e-04 0.00000e+00 0.00000e+00 2.68654e-03
1.00854e+01 -3.01483e-05 -5.10995e-08 9.45964e-04 0.00000e+00 0.00000e+00 2.68069e-03
1.00928e+01 -3.12625e-05 -5.09174e-08 9.43907e-04 0.00000e+00 0.00000e+00 2.67486e-03
1.01001e+01 -3.22895e-05 -5.05966e-08 9.41855e-04 0.00000e+00 0.00000e+00 2.66905e-03
1.01074e+01 -3.32241e-05 -5.02143e-08 9.39809e-04 0.00000e+00 0.00000e+00 2.66325e-03
1.01147e+01 -3.40695e-05 -4.96993e-08 9.37770e-04 0.00000e+00 0.00000e+00 2.65747e-03
1.01221e+01 -3.48209e-05 -4.91295e-08 9.35736e-04 0.00000e+00 0.00000e+00 2.65170e-03
1.01294e+01 -3.54818e-05 -4.84335e-08 9.33709e-04 0.00000e+00 0.00000e+00 2.64595e-03
1.01367e+01 -3.60479e-05 -4.76896e-08 9.31687e-04 0.00000e+00 0.00000e+00 2.64022e-03
1.01440e+01 -3.65232e-05 -4.68264e-08 9.29671e-04 0.00000e+00 0.00000e+00 2.63451e-03
1.01514e+01 -3.69039e-05 -4.59229e-08 9.27661e-04 0.00000e+00 0.00000e+00 2.62881e-03
1.01587e+01 -3.71943e-05 -4.49073e-08 9.25657e-04 0.00000e+00 0.00000e+00 2.62313e-03
1.01660e+01 -3.73911e-05 -4.38591e-08 9.23659e-04 0.00000e+00 0.00000e+00 2.61746e-03
1.01733e+01 -3.74990e-05 -4.27062e-08 9.21667e-04 0.00000e+00 0.00000e+00 2.61181e-03
1.01807e+01 -3.75151e-05 -4.15287e-08 9.19680e-04 0.00000e+00 0.00000e+00 2.60618e-03
1.01880e+01 -3.74446e-05 -4.02543e-08 9.17699e-04 0.00000e+00 0.00000e+00 2.60056e-03
1.01953e+01 -3.72848e-05 -3.89632e-08 9.15724e-04 0.00000e+00 0.00000e+00 2.59496e-03
1.02026e+01 -3.70414e-05 -3.75830e-08 9.13755e-04 0.00000e+00 0.00000e+00 2.58938e-03
1.02100e+01 -3.67121e-05 -3.61943e-08 9.11791e-04 0.00000e+00 0.00000e+00 2.58381e-03
1.02173e+01 -3.63029e-05 -3.47243e-08 9.09833e-04 0.00000e+00 0.00000e+00 2.57826e-03
1.02246e+01 -3.58119e-05 -3.32540e-08 9.07881e-04 0.00000e+00 0.00000e+00 2.57272e-03
1.02319e+01 -3.52452e-05 -3.17102e-08 9.05934e-04 0.00000e+00 0.00000e+00 2.56720e-03
1.02393e+01 -3.46014e-05 -3.01742e-08 9.03993e-04 0.00000e+00 0.00000e+00 2.56169e-03
1.02466e+01 -3.38870e-05 -2.85724e-08 9.02058e-04 0.00000e+00 0.00000e+00 2.55620e-03
1.02539e+01 -3.31007e-05 -2.69864e-08 9.00128e-04 0.00000e+00 0.00000e+00 2.55073e-03
1.02612e+01 -3.22493e-05 -2.53421e-08 8.98203e-04 0.00000e+00 0.00000e+00 2.54527e-03
1.02686e+01 -3.13318e-05 -2.37214e-08 8.96284e-04 0.00000e+00 0.00000e+00 2.53983e-03
1.02759e+01 -3.03551e-05 -2.20498e-08 8.94371e-04 0.00000e+00 0.00000e+00 2.53440e-03
1.02832e+01 -2.93185e-05 -2.04095e-08 8.92463e-04 0.00000e+00 0.00000e+00 2.52899e-03
1.02905e+01 -2.82292e-05 -1.87253e-08 8.90560e-04 0.00000e+00 0.00000e+00 2.52360e-03
1.02979e+01 -2.70865e-05 -1.70797e-08 8.88663e-04 0.00000e+00 0.00000e+00 2.51822e-03
1.03052e+01 -2.58978e-05 -1.53970e-08 8.86771e-04 0.00000e+00 0.00000e+00 2.51285e-03
1.03125e+01 -2.46626e-05 -1.37598e-08 8.84885e-04 0.00000e+00 0.00000e+00 2.50750e-03
1.03198e+01 -2.33884e-05 -1.20920e-08 8.83004e-04 0.00000e+00 0.00000e+00 2.50216e-03
1.03271e+01 -2.20748e-05 -1.04764e-08 8.81128e-04 0.00000e+00 0.00000e+00 2.49684e-03
1.03345e+01 -2.07293e-05 -8.83626e-09 8.79258e-04 0.00000e+00 0.00000e+00 2.49154e-03
1.03418e+01 -1.93518e-05 -7.25446e-09 8.77392e-04 0.00000e+00 0.00000e+00 2.48625e-03
1.03491e+01 -1.79496e-05 -5.65384e-09 8.75533e-04 0.00000e+00 0.00000e+00 2.48097e-03
1.03564e+01 -1.65227e-05 -4.11732e-09 8.73678e-04 0.00000e+00 0.00000e+00 2.47571e-03
1.03638e+01 -1.50785e-05 -2.56721e-09 8.71828e-04 0.00000e+00 0.00000e+00 2.47047e-03
1.03711e+01 -1.36170e-05 -1.08652e-09 8.69984e-04 0.00000e+00 0.00000e+00 2.46524e-03
1.03784e+01 -1.21454e-05 4.02980e-10 8.68145e-04 0.00000e+00 0.00000e+00 2.46002e-03
1.03857e+01 -1.06639e-05 1.81822e-09 8.66311e-04 0.00000e+00 0.00000e+00 2.45482e-03
1.03931e+01 -9.17951e-06 3.23799e-09 8.64482e-04 0.00000e+00 0.00000e+00 2.44964e-03
1.04004e+01 -7.69228e-06 4.57915e-09 8.62659e-04 0.00000e+00 0.00000e+00 2.44446e-03
1.04077e+01 -6.20934e-06 5.92103e-09 8.60840e-04 0.00000e+00 0.00000e+00 2.43931e-03
1.04150e+01 -4.73052e-06 7.18047e-09 8.59026e-04 0.00000e+00 0.00000e+00 2.43416e-03
1.04224e+01 -3.26282e-06 8.43734e-09 8.57218e-04 0.00000e+00 0.00000e+00 2.42904e-03
1.04297e+01 -1.80599e-06 9.60843e-09 8.55414e-04 0.00000e+00 0.00000e+00 2.42392e-03
1.04370e+01 -3.66847e-07 1.07742e-08 8.53616e-04 0.00000e+00 0.00000e+00 2.41882e-03
1.04443e+01 1.05499e-06 1.18513e-08 8.51823e-04 0.00000e+00 0.00000e+00 2.41374e-03
1.04517e+01 2.45289e-06 1.29208e-08 8.50034e-04 0.00000e+00 0.00000e+00 2.40867e-03
1.04590e+01 3.82741e-06 1.38994e-08 8.48251e-04 0.00000e+00 0.00000e+00 2.40361e-03
1.04663e+01 5.17214e-06 1.48686e-08 8.46472e-04 0.00000e+00 0.00000e+00 2.39857e-03
1.04736e+01 6.48780e-06 1.57450e-08 8.44698e-04 0.00000e+00 0.00000e+00 2.39354e-03
1.04810e+01 7.76822e-06 1.66108e-08 8.42929e-04 0.00000e+00 0.00000e+00 2.38853e-03
1.04883e+01 9.01436e-06 1.73826e-08 8.41166e-04 0.00000e+00 0.00000e+00 2.38353e-03
1.04956e+01 1.02203e-05 1.81429e-08 8.39407e-04 0.00000e+00 0.00000e+00 2.37854e-03
1.05029e+01 1.13871e-05 1.88083e-08 8.37652e-04 0.00000e+00 0.00000e+00 2.37357e-03
1.05103e+01 1.25093e-05 1.94619e-08 8.35903e-04 0.00000e+00 0.00000e+00 2.36861e-03
1.05176e+01 1.35882e-05 2.00203e-08 8.34159e-04 0.00000e+00 0.00000e+00 2.36366e-03
1.05249e+01 1.46184e-05 2.05670e-08 8.32419e-04 0.00000e+00 0.00000e+00 2.35873e-03
1.05322e+01 1.56017e-05 2.10186e-08 8.30684e-04 0.00000e+00 0.00000e+00 2.35381e-03
1.05396e+01 1.65329e-05 2.14591e-08 8.28954e-04 0.00000e+00 0.00000e+00 2.34891e-03
1.05469e+01 1.74139e-05 2.18049e-08 8.27228e-04 0.00000e+00 0.00000e+00 2.34402e-03
1.05542e+01 1.82401e-05 2.21405e-08 8.25508e-04 0.00000e+00 0.00000e+00 2.33914e-03
1.05615e+01 1.90135e-05 2.23825e-08 8.23792e-04 0.00000e+00 0.00000e+00 2.33428e-03
1.05688e+01 1.97298e-05 2.26156e-08 8.22080e-04 0.00000e+00 0.00000e+00 2.32943e-03
1.05762e+01 2.03913e-05 2.27563e-08 8.20374e-04 0.00000e+00 0.00000e+00 2.32459e-03
1.05835e+01 2.09940e-05 2.28898e-08 8.18672e-04 0.00000e+00 0.00000e+00 2.31977e-03
1.05908e+01 2.15406e-05 2.29325e-08 8.16975e-04 0.00000e+00 0.00000e+00 2.31496e-03
1.05981e+01 2.20271e-05 2.29701e-08 8.15282e-04 0.00000e+00 0.00000e+00 2.31017e-03
1.06055e+01 2.24568e-05 2.29188e-08 8.13594e-04 0.00000e+00 0.00000e+00 2.30538e-03
1.06128e+01 2.28259e-05 2.28647e-08 8.11911e-04 0.00000e+00 0.00000e+00 2.30061e-03
1.06201e+01 2.31378e-05 2.27240e-08 8.10232e-04 0.00000e+00 0.00000e+00 2.29586e-03
1.06274e+01 2.33892e-05 2.25830e-08 8.08558e-04 0.00000e+00 0.00000e+00 2.29111e-03
1.06348e+01 2.35838e-05 2.23578e-08 8.06888e-04 0.00000e+00 0.00000e+00 2.28638e-03
1.06421e+01 2.37184e-05 2.21352e-08 8.05223e-04 0.00000e+00 0.00000e+00 2.28167e-03
1.06494e+01 2.37969e-05 2.18310e-08 8.03563e-04 0.00000e+00 0.00000e+00 2.27696e-03
1.06567e+01 2.38166e-05 2.15325e-08 8.01907e-04 0.00000e+00 0.00000e+00 2.27227e-03
1.06641e+01 2.37816e-05 2.11553e-08 8.00255e-04 0.00000e+00 0.00000e+00 2.26759e-03
1.06714e+01 2.36894e-05 2.07869e-08 7.98608e-04 0.00000e+00 0.00000e+00 2.26292e-03
1.06787e+01 2.35443e-05 2.03428e-08 7.96966e-04 0.00000e+00 0.00000e+00 2.25827e-03
1.06860e+01 2.33442e-05 1.99108e-08 7.95328e-04 0.00000e+00 0.00000e+00 2.25363e-03
1.06934e+01 2.30934e-05 1.94064e-08 7.93694e-04 0.00000e+00 0.00000e+00 2.24900e-03
1.07007e+01 2.27901e-05 1.89174e-08 7.92065e-04 0.00000e+00 0.00000e+00 2.24439e-03
1.07080e+01 2.24389e-05 1.83592e-08 7.90440e-04 0.00000e+00 0.00000e+00 2.23979e-03
1.07153e+01 2.20380e-05 1.78198e-08 7.88820e-04 0.00000e+00 0.00000e+00 2.23520e-03
1.07227e+01 2.15924e-05 1.72146e-08 7.87204e-04 0.00000e+00 0.00000e+00 2.23062e-03
1.07300e+01 2.11005e-05 1.66318e-08 7.85592e-04 0.00000e+00 0.00000e+00 2.22606e-03
1.07373e+01 2.05673e-05 1.59864e-08 7.83985e-04 0.00000e+00 0.00000e+00 2.22150e-03
1.07446e+01 1.99914e-05 1.53670e-08 7.82383e-04 0.00000e+00 0.00000e+00 2.21696e-03
1.07520e+01 1.93779e-05 1.46883e-08 7.80784e-04 0.00000e+00 0.00000e+00 2.21244e-03
1.07593e+01 1.87257e-05 1.40390e-08 7.79190e-04 0.00000e+00 0.00000e+00 2.20792e-03
1.07666e+01 1.80399e-05 1.33338e-08 7.77600e-04 0.00000e+00 0.00000e+00 2.20342e-03
1.07739e+01 1.73196e-05 1.26615e-08 7.76015e-04 0.00000e+00 0.00000e+00 2.19893e-03
1.07812e+01 1.65699e-05 1.19365e-08 7.74434e-04 0.00000e+00 0.00000e+00 2.19445e-03
1.07886e+01 1.57900e-05 1.12477e-08 7.72857e-04 0.00000e+00 0.00000e+00 2.18998e-03
1.07959e+01 1.49853e-05 1.05094e-08 7.71284e-04 0.00000e+00 0.00000e+00 2.18553e-03
1.08032e+01 1.41548e-05 9.81072e-09 7.69716e-04 0.00000e+00 0.00000e+00 2.18109e-03
1.08105e+01 1.33039e-05 9.06552e-09 7.68152e-04 0.00000e+00 0.00000e+00 2.17666e-03
1.08179e+01 1.24320e-05 8.36307e-09 7.66592e-04 0.00000e+00 0.00000e+00 2.17224e-03
1.08252e+01 1.15443e-05 7.61708e-09 7.65036e-04 0.00000e+00 0.00000e+00 2.16783e-03
1.08325e+01 1.06401e-05 6.91690e-09 7.63485e-04 0.00000e+00 0.00000e+00 2.16344e-03
1.08398e+01 9.72488e-06 6.17597e-09 7.61937e-04 0.00000e+00 0.00000e+00 2.15905e-03
1.08472e+01 8.79785e-06 5.48373e-09 7.60394e-04 0.00000e+00 0.00000e+00 2.15468e-03
1.08545e+01 7.86440e-06 4.75340e-09 7.58855e-04 0.00000e+00 0.00000e+00 2.15033e-03
1.08618e+01 6.92380e-06 4.07448e-09 7.57320e-04 0.00000e+00 0.00000e+00 2.14598e-03
1.08691e+01 5.98136e-06 3.35994e-09 7.55790e-04 0.00000e+00 0.00000e+00 2.14164e-03
1.08765e+01 5.03634e-06 2.69936e-09 7.54263e-04 0.00000e+00 0.00000e+00 2.13732e-03
1.08838e+01 4.09399e-06 2.00544e-09 7.52741e-04 0.00000e+00 0.00000e+00 2.13301e-03
1.08911e+01 3.15350e-06 1.36783e-09 7.51223e-04 0.00000e+00 0.00000e+00 2.12871e-03
1.08984e+01 2.22003e-06 6.98968e-10 7.49709e-04 0.00000e+00 0.00000e+00 2.12442e-03
1.09058e+01 1.29274e-06 8.85692e-11 7.48198e-04 0.00000e+00 0.00000e+00 2.12014e-03
1.09131e+01 3.76654e-07 -5.51195e-10 7.46692e-04 0.00000e+00 0.00000e+00 2.11587e-03
1.09204e+01 -5.29153e-07 -1.13056e-09 7.45190e-04 0.00000e+00 0.00000e+00 2.11162e-03
1.09277e+01 -1.41976e-06 -1.73761e-09 7.43692e-04 0.00000e+00 0.00000e+00 2.10738e-03
1.09351e+01 -2.29620e-06 -2.28254e-09 7.42199e-04 0.00000e+00 0.00000e+00 2.10315e-03
1.09424e+01 -3.15369e-06 -2.85370e-09 7.40709e-04 0.00000e+00 0.00000e+00 2.09893e-03
1.09497e+01 -3.99339e-06 -3.36123e-09 7.39223e-04 0.00000e+00 0.00000e+00 2.09472e-03
1.09570e+01 -4.81065e-06 -3.89373e-09 7.37741e-04 0.00000e+00 0.00000e+00 2.09052e-03
1.09644e+01 -5.60677e-06 -4.36134e-09 7.36263e-04 0.00000e+00 0.00000e+00 2.08633e-03
1.09717e+01 -6.37726e-06 -4.85289e-09 7.34789e-04 0.00000e+00 0.00000e+00 2.08216e-03
1.09790e+01 -7.12355e-06 -5.27847e-09 7.33319e-04 0.00000e+00 0.00000e+00 2.07799e-03
1.09863e+01 -7.84134e-06 -5.72719e-09 7.31853e-04 0.00000e+00 0.00000e+00 2.07384e-03
1.09937e+01 -8.53219e-06 -6.10909e-09 7.30391e-04 0.00000e+00 0.00000e+00 2.06970e-03
1.10010e+01 -9.19201e-06 -6.51354e-09 7.28932e-04 0.00000e+00 0.00000e+00 2.06557e-03
1.10083e+01 -9.82250e-06 -6.85054e-09 7.27478e-04 0.00000e+00 0.00000e+00 2.06145e-03
1.10156e+01 -1.04197e-05 -7.20968e-09 7.26028e-04 0.00000e+00 0.00000e+00 2.05734e-03
1.10229e+01 -1.09856e-05 -7.50097e-09 7.24581e-04 0.00000e+00 0.00000e+00 2.05324e-03
1.10303e+01 -1.15164e-05 -7.81420e-09 7.23138e-04 0.00000e+00 0.00000e+00 2.04915e-03
1.10376e+01 -1.20142e-05 -8.05937e-09 7.21699e-04 0.00000e+00 0.00000e+00 2.04507e-03
1.10449e+01 -1.24754e-05 -8.32649e-09 7.20264e-04 0.00000e+00 0.00000e+00 2.04101e-03
1.10522e+01 -1.29023e-05 -8.52551e-09 7.18833e-04 0.00000e+00 0.00000e+00 2.03695e-03
1.10596e+01 -1.32915e-05 -8.74669e-09 7.17406e-04 0.00000e+00 0.00000e+00 2.03291e-03
1.10669e+01 -1.36455e-05 -8.89993e-09 7.15982e-04 0.00000e+00 0.00000e+00 2.02888e-03
1.10742e+01 -1.39610e-05 -9.07569e-09 7.14562e-04 0.00000e+00 0.00000e+00 2.02485e-03
1.10815e+01 -1.42407e-05 -9.18386e-09 7.13146e-04 0.00000e+00 0.00000e+00 2.02084e-03
1.10889e+01 -1.44816e-05 -9.31509e-09 7.11734e-04 0.00000e+00 0.00000e+00 2.01684e-03
1.10962e+01 -1.46864e-05 -9.37921e-09 7.10326e-04 0.00000e+00 0.00000e+00 2.01285e-03
1.11035e+01 -1.48525e-05 -9.46709e-09 7.08921e-04 0.00000e+00 0.00000e+00 2.00887e-03
1.11108e+01 -1.49827e-05 -9.48853e-09 7.07520e-04 0.00000e+00 0.00000e+00 2.00490e-03
1.11182e+01 -1.50744e-05 -9.53455e-09 7.06122e-04 0.00000e+00 0.00000e+00 2.00094e-03
1.11255e+01 -1.51307e-05 -9.51492e-09 7.04729e-04 0.00000e+00 0.00000e+00 1.99699e-03
1.11328e+01 -1.51493e-05 -9.52084e-09 7.03339e-04 0.00000e+00 0.00000e+00 1.99305e-03
1.11401e+01 -1.51332e-05 -9.46202e-09 7.01952e-04 0.00000e+00 0.00000e+00 1.98912e-03
1.11475e+01 -1.50804e-05 -9.42984e-09 7.00570e-04 0.00000e+00 0.00000e+00 1.98520e-03
1.11548e+01 -1.49941e-05 -9.33395e-09 6.99191e-04 0.00000e+00 0.00000e+00 1.98129e-03
1.11621e+01 -1.48724e-05 -9.26588e-09 6.97815e-04 0.00000e+00 0.00000e+00 1.97740e-03
1.11694e+01 -1.47186e-05 -9.13523e-09 6.96444e-04 0.00000e+00 0.00000e+00 1.97351e-03
1.11768e+01 -1.45310e-05 -9.03367e-09 6.95076e-04 0.00000e+00 0.00000e+00 1.96963e-03
1.11841e+01 -1.43130e-05 -8.87074e-09 6.93711e-04 0.00000e+00 0.00000e+00 1.96577e-03
1.11914e+01 -1.40630e-05 -8.73825e-09 6.92350e-04 0.00000e+00 0.00000e+00 1.96191e-03
1.11987e+01 -1.37847e-05 -8.54567e-09 6.90993e-04 0.00000e+00 0.00000e+00 1.95806e-03
1.12061e+01 -1.34763e-05 -8.38494e-09 6.89639e-04 0.00000e+00 0.00000e+00 1.95422e-03
1.12134e+01 -1.31418e-05 -8.16547e-09 6.88289e-04 0.00000e+00 0.00000e+00 1.95040e-03
1.12207e+01 -1.27796e-05 -7.97930e-09 6.86942e-04 0.00000e+00 0.00000e+00 1.94658e-03
1.12280e+01 -1.23937e-05 -7.73576e-09 6.85599e-04 0.00000e+00 0.00000e+00 1.94277e-03
1.12354e+01 -1.19825e-05 -7.52702e-09 6.84259e-04 0.00000e+00 0.00000e+00 1.93898e-03
1.12427e+01 -1.15500e-05 -7.26232e-09 6.82923e-04 0.00000e+00 0.00000e+00 1.93519e-03
1.12500e+01 -1.10950e-05 -7.03393e-09 6.81590e-04 0.00000e+00 0.00000e+00 1.93141e-03
1.12573e+01 -1.06215e-05 -6.75100e-09 6.80261e-04 0.00000e+00 0.00000e+00 1.92765e-03
1.12646e+01 -1.01281e-05 -6.50591e-09 6.78935e-04 0.00000e+00 0.00000e+00 1.92389e-03
1.12720e+01 -9.61892e-06 -6.20771e-09 6.77613e-04 0.00000e+00 0.00000e+00 1.92014e-03
1.12793e+01 -9.09281e-06 -5.94885e-09 6.76294e-04 0.00000e+00 0.00000e+00 1.91640e-03
1.12866e+01 -8.55380e-06 -5.63831e-09 6.74978e-04 0.00000e+00 0.00000e+00 1.91267e-03
1.12939e+01 -8.00077e-06 -5.36861e-09 6.73666e-04 0.00000e+00 0.00000e+00 1.90895e-03
1.13013e+01 -7.43778e-06 -5.04864e-09 6.72358e-04 0.00000e+00 0.00000e+00 1.90525e-03
1.13086e+01 -6.86373e-06 -4.77096e-09 6.71052e-04 0.00000e+00 0.00000e+00 1.90155e-03
1.13159e+01 -6.28268e-06 -4.44439e-09 6.69751e-04 0.00000e+00 0.00000e+00 1.89786e-03
1.13232e+01 -5.69354e-06 -4.16155e-09 6.68452e-04 0.00000e+00 0.00000e+00 1.89418e-03
1.13306e+01 -5.10035e-06 -3.83115e-09 6.67157e-04 0.00000e+00 0.00000e+00 1.89051e-03
1.13379e+01 -4.50204e-06 -3.54585e-09 6.65865e-04 0.00000e+00 0.00000e+00 1.88684e-03
1.13452e+01 -3.90261e-06 -3.21429e-09 6.64577e-04 0.00000e+00 0.00000e+00 1.88319e-03
1.13525e+01 -3.30096e-06 -2.92915e-09 6.63292e-04 0.00000e+00 0.00000e+00 1.87955e-03
1.13599e+01 -2.70106e-06 -2.59897e-09 6.62010e-04 0.00000e+00 0.00000e+00 1.87592e-03
1.13672e+01 -2.10178e-06 -2.31649e-09 6.60731e-04 0.00000e+00 0.00000e+00 1.87229e-03
1.13745e+01 -1.50703e-06 -1.99012e-09 6.59456e-04 0.00000e+00 0.00000e+00 1.86868e-03
1.13818e+01 -9.15665e-07 -1.71265e-09 6.58184e-04 0.00000e+00 0.00000e+00 1.86507e-03
1.13892e+01 -3.31498e-07 -1.39237e-09 6.56915e-04 0.00000e+00 0.00000e+00 1.86148e-03
1.13965e+01 2.46660e-07 -1.12210e-09 6.55650e-04 0.00000e+00 0.00000e+00 1.85789e-03
1.14038e+01 8.15067e-07 -8.10051e-10 6.54388e-04 0.00000e+00 0.00000e+00 1.85431e-03
1.14111e+01 1.37498e-06 -5.49039e-10 6.53129e-04 0.00000e+00 0.00000e+00 1.85074e-03
1.14185e+01 1.92273e-06 -2.47170e-10 6.51873e-04 0.00000e+00 0.00000e+00 1.84719e-03
1.14258e+01 2.45966e-06 2.71087e-12 6.50620e-04 0.00000e+00 0.00000e+00 1.84364e-03
1.14331e+01 2.98221e-06 2.92605e-10 6.49371e-04 0.00000e+00 0.00000e+00 1.84009e-03
1.14404e+01 3.49177e-06 5.29655e-10 6.48125e-04 0.00000e+00 0.00000e+00 1.83656e-03
1.14478e+01 3.98491e-06 8.05964e-10 6.46882e-04 0.00000e+00 0.00000e+00 1.83304e-03
1.14551e+01 4.46309e-06 1.02866e-09 6.45642e-04 0.00000e+00 0.00000e+00 1.82953e-03
1.14624e+01 4.92300e-06 1.28996e-09 6.44406e-04 0.00000e+00 0.00000e+00 1.82602e-03
1.14697e+01 5.36620e-06 1.49698e-09 6.43172e-04 0.00000e+00 0.00000e+00 1.82253e-03
1.14771e+01 5.78948e-06 1.74202e-09 6.41942e-04 0.00000e+00 0.00000e+00 1.81904e-03
1.14844e+01 6.19451e-06 1.93221e-09 6.40715e-04 0.00000e+00 0.00000e+00 1.81556e-03
1.14917e+01 6.57819e-06 2.15995e-09 6.39491e-04 0.00000e+00 0.00000e+00 1.81209e-03
1.14990e+01 6.94231e-06 2.33235e-09 6.38270e-04 0.00000e+00 0.00000e+00 1.80863e-03
1.15063e+01 7.28390e-06 2.54192e-09 6.37052e-04 0.00000e+00 0.00000e+00 1.80518e-03
1.15137e+01 7.60483e-06 2.69578e-09 6.35837e-04 0.00000e+00 0.00000e+00 1.80174e-03
1.15210e+01 7.90226e-06 2.88650e-09 6.34625e-04 0.00000e+00 0.00000e+00 1.79830e-03
1.15283e+01 8.17818e-06 3.02122e-09 6.33417e-04 0.00000e+00 0.00000e+00 1.79488e-03
1.15356e+01 8.42988e-06 3.19260e-09 6.32211e-04 0.00000e+00 0.00000e+00 1.79146e-03
1.15430e+01 8.65944e-06 3.30778e-09 6.31008e-04 0.00000e+00 0.00000e+00 1.78805e-03
1.15503e+01 8.86429e-06 3.45951e-09 6.29809e-04 0.00000e+00 0.00000e+00 1.78465e-03
1.15576e+01 9.04661e-06 3.55492e-09 6.28612e-04 0.00000e+00 0.00000e+00 1.78126e-03
1.15649e+01 9.20397e-06 3.68686e-09 6.27419e-04 0.00000e+00 0.00000e+00 1.77788e-03
1.15723e+01 9.33865e-06 3.76245e-09 6.26228e-04 0.00000e+00 0.00000e+00 1.77451e-03
1.15796e+01 9.44834e-06 3.87462e-09 6.25041e-04 0.00000e+00 0.00000e+00 1.77114e-03
1.15869e+01 9.53542e-06 3.93049e-09 6.23857e-04 0.00000e+00 0.00000e+00 1.76778e-03
1.15942e+01 9.59769e-06 4.02307e-09 6.22675e-04 0.00000e+00 0.00000e+00 1.76444e-03
1.16016e+01 9.63766e-06 4.05949e-09 6.21497e-04 0.00000e+00 0.00000e+00 1.76110e-03
1.16089e+01 9.65324e-06 4.13281e-09 6.20321e-04 0.00000e+00 0.00000e+00 1.75777e-03
1.16162e+01 9.64700e-06 4.15018e-09 6.19148e-04 0.00000e+00 0.00000e+00 1.75444e-03
1.16235e+01 9.61700e-06 4.20473e-09 6.17979e-04 0.00000e+00 0.00000e+00 1.75113e-03
1.16309e+01 9.56589e-06 4.20359e-09 6.16812e-04 0.00000e+00 0.00000e+00 1.74782e-03
1.16382e+01 9.49182e-06 4.23995e-09 6.15648e-04 0.00000e+00 0.00000e+00 1.74452e-03
1.16455e+01 9.39754e-06 4.22097e-09 6.14487e-04 0.00000e+00 0.00000e+00 1.74124e-03
1.16528e+01 9.28129e-06 4.23988e-09 6.13330e-04 0.00000e+00 0.00000e+00 1.73795e-03
1.16602e+01 9.14590e-06 4.20383e-09 6.12174e-04 0.00000e+00 0.00000e+00 1.73468e-03
1.16675e+01 8.98971e-06 4.20612e-09 6.11022e-04 0.00000e+00 0.00000e+00 1.73142e-03
1.16748e+01 8.81560e-06 4.15388e-09 6.09873e-04 0.00000e+00 0.00000e+00 1.72816e-03
1.16821e+01 8.62200e-06 4.14047e-09 6.08727e-04 0.00000e+00 0.00000e+00 1.72491e-03
1.16895e+01 8.41186e-06 4.07302e-09 6.07583e-04 0.00000e+00 0.00000e+00 1.72167e-03
1.16968e+01 8.18367e-06 4.04492e-09 6.06442e-04 0.00000e+00 0.00000e+00 1.71844e-03
1.17041e+01 7.94045e-06 3.96330e-09 6.05305e-04 0.00000e+00 0.00000e+00 1.71521e-03
1.17114e+01 7.68075e-06 3.92160e-09 6.04169e-04 0.00000e+00 0.00000e+00 1.71200e-03
1.17188e+01 7.40763e-06 3.82693e-09 6.03037e-04 0.00000e+00 0.00000e+00 1.70879e-03
1.17261e+01 7.11970e-06 3.77277e-09 6.01908e-04 0.00000e+00 0.00000e+00 1.70559e-03
1.17334e+01 6.82004e-06 3.66622e-09 6.00781e-04 0.00000e+00 0.00000e+00 1.70240e-03
1.17407e+01 6.50733e-06 3.60078e-09 5.99658e-04 0.00000e+00 0.00000e+00 1.69921e-03
1.17480e+01 6.18467e-06 3.48357e-09 5.98537e-04 0.00000e+00 0.00000e+00 1.69604e-03
1.17554e+01 5.85077e-06 3.40808e-09 5.97419e-04 0.00000e+00 0.00000e+00 1.69287e-03
1.17627e+01 5.50876e-06 3.28144e-09 5.96303e-04 0.00000e+00 0.00000e+00 1.68971e-03
1.17700e+01 5.15737e-06 3.19717e-09 5.95191e-04 0.00000e+00 0.00000e+00 1.68656e-03
1.17773e+01 4.79972e-06 3.06236e-09 5.94081e-04 0.00000e+00 0.00000e+00 1.68341e-03
1.17847e+01 4.43459e-06 2.97056e-09 5.92974e-04 0.00000e+00 0.00000e+00 1.68028e-03
1.17920e+01 4.06509e-06 2.82886e-09 5.91869e-04 0.00000e+00 0.00000e+00 1.67715e-03
1.17993e+01 3.69001e-06 2.73080e-09 5.90768e-04 0.00000e+00 0.00000e+00 1.67403e-03
1.18066e+01 3.31243e-06 2.58347e-09 5.89669e-04 0.00000e+00 0.00000e+00 1.67091e-03
1.18140e+01 2.93116e-06 2.48042e-09 5.88573e-04 0.00000e+00 0.00000e+00 1.66781e-03
1.18213e+01 2.54927e-06 2.32872e-09 5.87479e-04 0.00000e+00 0.00000e+00 1.66471e-03
1.18286e+01 2.16554e-06 2.22191e-09 5.86388e-04 0.00000e+00 0.00000e+00 1.66162e-03
1.18359e+01 1.78302e-06 2.06706e-09 5.85300e-04 0.00000e+00 0.00000e+00 1.65854e-03
1.18433e+01 1.40048e-06 1.95772e-09 5.84215e-04 0.00000e+00 0.00000e+00 1.65546e-03
1.18506e+01 1.02093e-06 1.80093e-09 5.83132e-04 0.00000e+00 0.00000e+00 1.65239e-03
1.18579e+01 6.43125e-07 1.69024e-09 5.82052e-04 0.00000e+00 0.00000e+00 1.64933e-03
1.18652e+01 2.70018e-07 1.53267e-09 5.80975e-04 0.00000e+00 0.00000e+00 1.64628e-03
1.18726e+01 -9.96638e-08 1.42176e-09 5.79900e-04 0.00000e+00 0.00000e+00 1.64324e-03
1.18799e+01 -4.63012e-07 1.26452e-09 5.78828e-04 0.00000e+00 0.00000e+00 1.64020e-03
1.18872e+01 -8.21336e-07 1.15449e-09 5.77759e-04 0.00000e+00 0.00000e+00 1.63717e-03
1.18945e+01 -1.17179e-06 9.98649e-10 5.76692e-04 0.00000e+00 0.00000e+00 1.63415e-03
1.19019e+01 -1.51572e-06 8.90516e-10 5.75628e-04 0.00000e+00 0.00000e+00 1.63113e-03
1.19092e+01 -1.85035e-06 7.37076e-10 5.74566e-04 0.00000e+00 0.00000e+00 1.62812e-03
1.19165e+01 -2.17707e-06 6.31815e-10 5.73508e-04 0.00000e+00 0.00000e+00 1.62512e-03
1.19238e+01 -2.49317e-06 4.81709e-10 5.72451e-04 0.00000e+00 0.00000e+00 1.62213e-03
1.19312e+01 -2.80009e-06 3.80222e-10 5.71397e-04 0.00000e+00 0.00000e+00 1.61914e-03
1.19385e+01 -3.09521e-06 2.34316e-10 5.70346e-04 0.00000e+00 0.00000e+00 1.61617e-03
1.19458e+01 -3.38001e-06 1.37432e-10 5.69298e-04 0.00000e+00 0.00000e+00 1.61320e-03
1.19531e+01 -3.65195e-06 -3.47980e-12 5.68252e-04 0.00000e+00 0.00000e+00 1.61023e-03
1.19604e+01 -3.91258e-06 -9.50066e-11 5.67208e-04 0.00000e+00 0.00000e+00 1.60728e-03
1.19678e+01 -4.15943e-06 -2.30208e-10 5.66168e-04 0.00000e+00 0.00000e+00 1.60433e-03
1.19751e+01 -4.39411e-06 -3.15701e-10 5.65129e-04 0.00000e+00 0.00000e+00 1.60138e-03
1.19824e+01 -4.61422e-06 -4.44554e-10 5.64093e-04 0.00000e+00 0.00000e+00 1.59845e-03
1.19897e+01 -4.82147e-06 -5.23415e-10 5.63060e-04 0.00000e+00 0.00000e+00 1.59552e-03
1.19971e+01 -5.01353e-06 -6.45363e-10 5.62030e-04 0.00000e+00 0.00000e+00 1.59260e-03
1.20044e+01 -5.19215e-06 -7.17077e-10 5.61001e-04 0.00000e+00 0.00000e+00 1.58969e-03
1.20117e+01 -5.35511e-06 -8.31642e-10 5.59976e-04 0.00000e+00 0.00000e+00 1.58678e-03
1.20190e+01 -5.50422e-06 -8.95773e-10 5.58952e-04 0.00000e+00 0.00000e+00 1.58388e-03
1.20264e+01 -5.63735e-06 -1.00256e-09 5.57932e-04 0.00000e+00 0.00000e+00 1.58099e-03
1.20337e+01 -5.75636e-06 -1.05876e-09 5.56914e-04 0.00000e+00 0.00000e+00 1.57811e-03
1.20410e+01 -5.85921e-06 -1.15745e-09 5.55898e-04 0.00000e+00 0.00000e+00 1.57523e-03
1.20483e+01 -5.94783e-06 -1.20544e-09 5.54885e-04 0.00000e+00 0.00000e+00 1.57236e-03
1.20557e+01 -6.02026e-06 -1.29581e-09 5.53874e-04 0.00000e+00 0.00000e+00 1.56949e-03
1.20630e+01 -6.07850e-06 -1.33538e-09 5.52865e-04 0.00000e+00 0.00000e+00 1.56664e-03
1.20703e+01 -6.12066e-06 -1.41727e-09 5.51860e-04 0.00000e+00 0.00000e+00 1.56379e-03
1.20776e+01 -6.14879e-06 -1.44832e-09 5.50856e-04 0.00000e+00 0.00000e+00 1.56094e-03
1.20850e+01 -6.16109e-06 -1.52164e-09 5.49855e-04 0.00000e+00 0.00000e+00 1.55811e-03
1.20923e+01 -6.15969e-06 -1.54413e-09 5.48857e-04 0.00000e+00 0.00000e+00 1.55528e-03
1.20996e+01 -6.14283e-06 -1.60888e-09 5.47860e-04 0.00000e+00 0.00000e+00 1.55245e-03
1.21069e+01 -6.11270e-06 -1.62282e-09 5.46867e-04 0.00000e+00 0.00000e+00 1.54964e-03
1.21143e+01 -6.06762e-06 -1.67905e-09 5.45875e-04 0.00000e+00 0.00000e+00 1.54683e-03
1.21216e+01 -6.00983e-06 -1.68455e-09 5.44886e-04 0.00000e+00 0.00000e+00 1.54403e-03
1.21289e+01 -5.93772e-06 -1.73239e-09 5.43900e-04 0.00000e+00 0.00000e+00 1.54123e-03
1.21362e+01 -5.85356e-06 -1.72959e-09 5.42916e-04 0.00000e+00 0.00000e+00 1.53844e-03
1.21436e+01 -5.75582e-06 -1.76924e-09 5.41934e-04 0.00000e+00 0.00000e+00 1.53566e-03
1.21509e+01 -5.64681e-06 -1.75837e-09 5.40955e-04 0.00000e+00 0.00000e+00 1.53289e-03
1.21582e+01 -5.52504e-06 -1.79006e-09 5.39978e-04 0.00000e+00 0.00000e+00 1.53012e-03
1.21655e+01 -5.39287e-06 -1.77139e-09 5.39003e-04 0.00000e+00 0.00000e+00 1.52735e-03
1.21729e+01 -5.24886e-06 -1.79542e-09 5.38030e-04 0.00000e+00 0.00000e+00 1.52460e-03
1.21802e+01 -5.09540e-06 -1.76928e-09 5.37060e-04 0.00000e+00 0.00000e+00 1.52185e-03
1.21875e+01 -4.93109e-06 -1.78600e-09 5.36093e-04 0.00000e+00 0.00000e+00 1.51911e-03
1.21948e+01 -4.75835e-06 -1.75276e-09 5.35127e-04 0.00000e+00 0.00000e+00 1.51637e-03
1.22021e+01 -4.57583e-06 -1.76255e-09 5.34164e-04 0.00000e+00 0.00000e+00 1.51364e-03
1.22095e+01 -4.38596e-06 -1.72261e-09 5.33204e-04 0.00000e+00 0.00000e+00 1.51092e-03
1.22168e+01 -4.18742e-06 -1.72591e-09 5.32245e-04 0.00000e+00 0.00000e+00 1.50821e-03
1.22241e+01 -3.98266e-06 -1.67971e-09 5.31289e-04 0.00000e+00 0.00000e+00 1.50550e-03
1.22314e+01 -3.77038e-06 -1.67697e-09 5.30335e-04 0.00000e+00 0.00000e+00 1.50279e-03
1.22388e+01 -3.55305e-06 -1.62499e-09 5.29384e-04 0.00000e+00 0.00000e+00 1.50010e-03
1.22461e+01 -3.32940e-06 -1.61671e-09 5.28435e-04 0.00000e+00 0.00000e+00 1.49741e-03
1.22534e+01 -3.10187e-06 -1.55945e-09 5.27488e-04 0.00000e+00 0.00000e+00 1.49472e-03
1.22607e+01 -2.86924e-06 -1.54612e-09 5.26543e-04 0.00000e+00 0.00000e+00 1.49205e-03
1.22681e+01 -2.63393e-06 -1.48410e-09 5.25600e-04 0.00000e+00 0.00000e+00 1.48938e-03
1.22754e+01 -2.39472e-06 -1.46626e-09 5.24660e-04 0.00000e+00 0.00000e+00 1.48671e-03
1.22827e+01 -2.15404e-06 -1.40001e-09 5.23722e-04 0.00000e+00 0.00000e+00 1.48405e-03
1.22900e+01 -1.91066e-06 -1.37820e-09 5.22787e-04 0.00000e+00 0.00000e+00 1.48140e-03
1.22974e+01 -1.66701e-06 -1.30827e-09 5.21853e-04 0.00000e+00 0.00000e+00 1.47876e-03
1.23047e+01 -1.42186e-06 -1.28302e-09 5.20922e-04 0.00000e+00 0.00000e+00 1.47612e-03
1.23120e+01 -1.17760e-06 -1.20995e-09 5.19993e-04 0.00000e+00 0.00000e+00 1.47348e-03
1.23193e+01 -9.33002e-07 -1.18183e-09 5.19066e-04 0.00000e+00 0.00000e+00 1.47086e-03
1.23267e+01 -6.90437e-07 -1.10617e-09 5.18141e-04 0.00000e+00 0.00000e+00 1.46824e-03
1.23340e+01 -4.48663e-07 -1.07571e-09 5.17219e-04 0.00000e+00 0.00000e+00 1.46562e-03
1.23413e+01 -2.10019e-07 -9.98015e-10 5.16298e-04 0.00000e+00 0.00000e+00 1.46302e-03
1.23486e+01 2.67527e-08 -9.65757e-10 5.15380e-04 0.00000e+00 0.00000e+00 1.46041e-03
1.23560e+01 2.59348e-07 -8.86553e-10 5.14465e-04 0.00000e+00 0.00000e+00 1.45782e-03
1.23633e+01 4.89044e-07 -8.53030e-10 5.13551e-04 0.00000e+00 0.00000e+00 1.45523e-03
1.23706e+01 7.13576e-07 -7.72841e-10 5.12639e-04 0.00000e+00 0.00000e+00 1.45265e-03
1.23779e+01 9.34245e-07 -7.38568e-10 5.11730e-04 0.00000e+00 0.00000e+00 1.45007e-03
1.23853e+01 1.14883e-06 -6.57904e-10 5.10823e-04 0.00000e+00 0.00000e+00 1.44750e-03
1.23926e+01 1.35866e-06 -6.23378e-10 5.09917e-04 0.00000e+00 0.00000e+00 1.44493e-03
1.23999e+01 1.56155e-06 -5.42725e-10 5.09014e-04 0.00000e+00 0.00000e+00 1.44237e-03
1.24072e+01 1.75888e-06 -5.08424e-10 5.08114e-04 0.00000e+00 0.00000e+00 1.43982e-03
1.24146e+01 1.94850e-06 -4.28249e-10 5.07215e-04 0.00000e+00 0.00000e+00 1.43727e-03
1.24219e+01 2.13182e-06 -3.94625e-10 5.06318e-04 0.00000e+00 0.00000e+00 1.43473e-03
1.24292e+01 2.30676e-06 -3.15368e-10 5.05424e-04 0.00000e+00 0.00000e+00 1.43220e-03
1.24365e+01 2.47474e-06 -2.82849e-10 5.04531e-04 0.00000e+00 0.00000e+00 1.42967e-03
1.24438e+01 2.63374e-06 -2.04923e-10 5.03641e-04 0.00000e+00 0.00000e+00 1.42715e-03
1.24512e+01 2.78524e-06 -1.73906e-10 5.02753e-04 0.00000e+00 0.00000e+00 1.42463e-03
1.24585e+01 2.92726e-06 -9.76958e-11 5.01867e-04 0.00000e+00 0.00000e+00 1.42212e-03
1.24658e+01 3.06130e-06 -6.85485e-11 5.00983e-04 0.00000e+00 0.00000e+00 1.41961e-03
1.24731e+01 3.18545e-06 5.59436e-12 5.00101e-04 0.00000e+00 0.00000e+00 1.41711e-03
1.24805e+01 3.30127e-06 3.25360e-11 4.99221e-04 0.00000e+00 0.00000e+00 1.41462e-03
1.24878e+01 3.40688e-06 1.04292e-10 4.98343e-04 0.00000e+00 0.00000e+00 1.41213e-03
1.24951e+01 3.50388e-06 1.28726e-10 4.97467e-04 0.00000e+00 0.00000e+00 1.40965e-03
1.25024e+01 3.59046e-06 1.97809e-10 4.96594e-04 0.00000e+00 0.00000e+00 1.40718e-03
1.25098e+01 3.66825e-06 2.19466e-10 4.95722e-04 0.00000e+00 0.00000e+00 1.40471e-03
1.25171e+01 3.73551e-06 2.85625e-10 4.94852e-04 0.00000e+00 0.00000e+00 1.40224e-03
1.25244e+01 3.79388e-06 3.04273e-10 4.93985e-04 0.00000e+00 0.00000e+00 1.39978e-03
1.25317e+01 3.84170e-06 3.67292e-10 4.93119e-04 0.00000e+00 0.00000e+00 1.39733e-03
1.25391e+01 3.88065e-06 3.82732e-10 4.92255e-04 0.00000e+00 0.00000e+00 1.39488e-03
1.25464e+01 3.90910e-06 4.42429e-10 4.91394e-04 0.00000e+00 0.00000e+00 1.39244e-03
1.25537e+01 3.92879e-06 4.54498e-10 4.90534e-04 0.00000e+00 0.00000e+00 1.39000e-03
1.25610e+01 3.93813e-06 5.10727e-10 4.89677e-04 0.00000e+00 0.00000e+00 1.38757e-03
1.25684e+01 3.93890e-06 5.19297e-10 4.88821e-04 0.00000e+00 0.00000e+00 1.38515e-03
1.25757e+01 3.92956e-06 5.71947e-10 4.87968e-04 0.00000e+00 0.00000e+00 1.38273e-03
1.25830e+01 3.91191e-06 5.76923e-10 4.87116e-04 0.00000e+00 0.00000e+00 1.38032e-03
1.25903e+01 3.88447e-06 6.25916e-10 4.86267e-04 0.00000e+00 0.00000e+00 1.37791e-03
1.25977e+01 3.84908e-06 6.27238e-10 4.85419e-04 0.00000e+00 0.00000e+00 1.37551e-03
1.26050e+01 3.80429e-06 6.72528e-10 4.84573e-04 0.00000e+00 0.00000e+00 1.37311e-03
1.26123e+01 3.75197e-06 6.70168e-10 4.83730e-04 0.00000e+00 0.00000e+00 1.37072e-03
1.26196e+01 3.69071e-06 7.11742e-10 4.82888e-04 0.00000e+00 0.00000e+00 1.36834e-03
1.26270e+01 3.62240e-06 7.05703e-10 4.82048e-04 0.00000e+00 0.00000e+00 1.36596e-03
1.26343e+01 3.54569e-06 7.43579e-10 4.81210e-04 0.00000e+00 0.00000e+00 1.36358e-03
1.26416e+01 3.46248e-06 7.33892e-10 4.80374e-04 0.00000e+00 0.00000e+00 1.36121e-03
1.26489e+01 3.37144e-06 7.68117e-10 4.79540e-04 0.00000e+00 0.00000e+00 1.35885e-03
1.26562e+01 3.27451e-06 7.54843e-10 4.78708e-04 0.00000e+00 0.00000e+00 1.35649e-03
1.26636e+01 3.17038e-06 7.85490e-10 4.77878e-04 0.00000e+00 0.00000e+00 1.35414e-03
1.26709e+01 3.06100e-06 7.68716e-10 4.77050e-04 0.00000e+00 0.00000e+00 1.35179e-03
1.26782e+01 2.94511e-06 7.95884e-10 4.76224e-04 0.00000e+00 0.00000e+00 1.34945e-03
1.26855e+01 2.82466e-06 7.75721e-10 4.75399e-04 0.00000e+00 0.00000e+00 1.34712e-03
1.26929e+01 2.69839e-06 7.99532e-10 4.74577e-04 0.00000e+00 0.00000e+00 1.34479e-03
1.27002e+01 2.56829e-06 7.76114e-10 4.73756e-04 0.00000e+00 0.00000e+00 1.34246e-03
1.27075e+01 2.43312e-06 7.96712e-10 4.72937e-04 0.00000e+00 0.00000e+00 1.34014e-03
1.27148e+01 2.29484e-06 7.70193e-10 4.72121e-04 0.00000e+00 0.00000e+00 1.33783e-03
1.27222e+01 2.15226e-06 7.87740e-10 4.71306e-04 0.00000e+00 0.00000e+00 1.33552e-03
1.27295e+01 2.00733e-06 7.58292e-10 4.70493e-04 0.00000e+00 0.00000e+00 1.33321e-03
1.27368e+01 1.85886e-06 7.72968e-10 4.69681e-04 0.00000e+00 0.00000e+00 1.33091e-03
1.27441e+01 1.70882e-06 7.40779e-10 4.68872e-04 0.00000e+00 0.00000e+00 1.32862e-03
1.27515e+01 1.55601e-06 7.52779e-10 4.68065e-04 0.00000e+00 0.00000e+00 1.32633e-03
1.27588e+01 1.40240e-06 7.18050e-10 4.67259e-04 0.00000e+00 0.00000e+00 1.32405e-03
1.27661e+01 1.24679e-06 7.27582e-10 4.66455e-04 0.00000e+00 0.00000e+00 1.32177e-03
1.27734e+01 1.09114e-06 6.90526e-10 4.65653e-04 0.00000e+00 0.00000e+00 1.31950e-03
1.27808e+01 9.34268e-07 6.97807e-10 4.64853e-04 0.00000e+00 0.00000e+00 1.31723e-03
1.27881e+01 7.78096e-07 6.58647e-10 4.64055e-04 0.00000e+00 0.00000e+00 1.31497e-03
1.27954e+01 6.21448e-07 6.63901e-10 4.63258e-04 0.00000e+00 0.00000e+00 1.31271e-03
1.28027e+01 4.66232e-07 6.22867e-10 4.62464e-04 0.00000e+00 0.00000e+00 1.31046e-03
1.28101e+01 3.11264e-07 6.26327e-10 4.61671e-04 0.00000e+00 0.00000e+00 1.30822e-03
1.28174e+01 1.58431e-07 5.83651e-10 4.60880e-04 0.00000e+00 0.00000e+00 1.30597e-03
1.28247e+01 6.54344e-09 5.85553e-10 4.60091e-04 0.00000e+00 0.00000e+00 1.30374e-03
1.28320e+01 -1.42538e-07 5.41472e-10 4.59303e-04 0.00000e+00 0.00000e+00 1.30151e-03
1.28394e+01 -2.90013e-07 5.42052e-10 4.58518e-04 0.00000e+00 0.00000e+00 1.29928e-03
1.28467e+01 -4.34047e-07 4.96804e-10 4.57734e-04 0.00000e+00 0.00000e+00 1.29706e-03
1.28540e+01 -5.75854e-07 4.96298e-10 4.56952e-04 0.00000e+00 0.00000e+00 1.29484e-03
1.28613e+01 -7.13627e-07 4.50120e-10 4.56172e-04 0.00000e+00 0.00000e+00 1.29263e-03
1.28687e+01 -8.48597e-07 4.48763e-10 4.55393e-04 0.00000e+00 0.00000e+00 1.29043e-03
1.28760e+01 -9.78987e-07 4.01887e-10 4.54616e-04 0.00000e+00 0.00000e+00 1.28823e-03
1.28833e+01 -1.10605e-06 3.99909e-10 4.53842e-04 0.00000e+00 0.00000e+00 1.28603e-03
1.28906e+01 -1.22803e-06 3.52563e-10 4.53068e-04 0.00000e+00 0.00000e+00 1.28384e-03
1.28979e+01 -1.34621e-06 3.50190e-10 4.52297e-04 0.00000e+00 0.00000e+00 1.28165e-03
1.29053e+01 -1.45887e-06 3.02595e-10 4.51527e-04 0.00000e+00 0.00000e+00 1.27947e-03
1.29126e+01 -1.56731e-06 3.00044e-10 4.50759e-04 0.00000e+00 0.00000e+00 1.27730e-03
1.29199e+01 -1.66984e-06 2.52415e-10 4.49993e-04 0.00000e+00 0.00000e+00 1.27513e-03
1.29272e+01 -1.76779e-06 2.49895e-10 4.49229e-04 0.00000e+00 0.00000e+00 1.27296e-03
1.29346e+01 -1.85951e-06 2.02435e-10 4.48466e-04 0.00000e+00 0.00000e+00 1.27080e-03
1.29419e+01 -1.94634e-06 2.00145e-10 4.47705e-04 0.00000e+00 0.00000e+00 1.26864e-03
1.29492e+01 -2.02667e-06 1.53049e-10 4.46946e-04 0.00000e+00 0.00000e+00 1.26649e-03
1.29565e+01 -2.10187e-06 1.51176e-10 4.46188e-04 0.00000e+00 0.00000e+00 1.26434e-03
1.29639e+01 -2.17038e-06 1.04627e-10 4.45432e-04 0.00000e+00 0.00000e+00 1.26220e-03
1.29712e+01 -2.23357e-06 1.03347e-10 4.44678e-04 0.00000e+00 0.00000e+00 1.26007e-03
1.29785e+01 -2.28991e-06 5.75138e-11 4.43926e-04 0.00000e+00 0.00000e+00 1.25793e-03
1.29858e+01 -2.34083e-06 5.69897e-11 4.43175e-04 0.00000e+00 0.00000e+00 1.25581e-03
1.29932e+01 -2.38482e-06 1.20289e-11 4.42426e-04 0.00000e+00 0.00000e+00 1.25368e-03
1.30005e+01 -2.42331e-06 1.24101e-11 4.41679e-04 0.00000e+00 0.00000e+00 1.25157e-03
1.30078e+01 -2.45487e-06 -3.15360e-11 4.40933e-04 0.00000e+00 0.00000e+00 1.24945e-03
1.30151e+01 -2.48092e-06 -3.01147e-11 4.40189e-04 0.00000e+00 0.00000e+00 1.24734e-03
1.30225e+01 -2.50007e-06 -7.29183e-11 4.39447e-04 0.00000e+00 0.00000e+00 1.24524e-03
1.30298e+01 -2.51379e-06 -7.03366e-11 4.38706e-04 0.00000e+00 0.00000e+00 1.24314e-03
1.30371e+01 -2.52069e-06 -1.11885e-10 4.37967e-04 0.00000e+00 0.00000e+00 1.24105e-03
1.30444e+01 -2.52227e-06 -1.08037e-10 4.37230e-04 0.00000e+00 0.00000e+00 1.23896e-03
1.30518e+01 -2.51718e-06 -1.48232e-10 4.36494e-04 0.00000e+00 0.00000e+00 1.23687e-03
1.30591e+01 -2.50694e-06 -1.43029e-10 4.35760e-04 0.00000e+00 0.00000e+00 1.23479e-03
1.30664e+01 -2.49024e-06 -1.81787e-10 4.35027e-04 0.00000e+00 0.00000e+00 1.23272e-03
1.30737e+01 -2.46859e-06 -1.75154e-10 4.34297e-04 0.00000e+00 0.00000e+00 1.23065e-03
1.30811e+01 -2.44073e-06 -2.12409e-10 4.33568e-04 0.00000e+00 0.00000e+00 1.22858e-03
1.30884e+01 -2.40820e-06 -2.04285e-10 4.32840e-04 0.00000e+00 0.00000e+00 1.22652e-03
1.30957e+01 -2.36975e-06 -2.39983e-10 4.32114e-04 0.00000e+00 0.00000e+00 1.22446e-03
1.31030e+01 -2.32693e-06 -2.30325e-10 4.31390e-04 0.00000e+00 0.00000e+00 1.22241e-03
1.31104e+01 -2.27852e-06 -2.64429e-10 4.30667e-04 0.00000e+00 0.00000e+00 1.22036e-03
1.31177e+01 -2.22610e-06 -2.53206e-10 4.29946e-04 0.00000e+00 0.00000e+00 1.21832e-03
1.31250e+01 -2.16845e-06 -2.85692e-10 4.29227e-04 0.00000e+00 0.00000e+00 1.21628e-03
1.31323e+01 -2.10717e-06 -2.72888e-10 4.28509e-04 0.00000e+00 0.00000e+00 1.21425e-03
1.31396e+01 -2.04107e-06 -3.03747e-10 4.27793e-04 0.00000e+00 0.00000e+00 1.21222e-03
1.31470e+01 -1.97175e-06 -2.89359e-10 4.27079e-04 0.00000e+00 0.00000e+00 1.21020e-03
1.31543e+01 -1.89804e-06 -3.18595e-10 4.26366e-04 0.00000e+00 0.00000e+00 1.20817e-03
1.31616e+01 -1.82155e-06 -3.02634e-10 4.25654e-04 0.00000e+00 0.00000e+00 1.20616e-03
1.31689e+01 -1.74112e-06 -3.30263e-10 4.24944e-04 0.00000e+00 0.00000e+00 1.20415e-03
1.31763e+01 -1.65837e-06 -3.12752e-10 4.24236e-04 0.00000e+00 0.00000e+00 1.20214e-03
1.31836e+01 -1.57215e-06 -3.38803e-10 4.23529e-04 0.00000e+00 0.00000e+00 1.20014e-03
1.31909e+01 -1.48408e-06 -3.19776e-10 4.22824e-04 0.00000e+00 0.00000e+00 1.19814e-03
1.31982e+01 -1.39304e-06 -3.44289e-10 4.22121e-04 0.00000e+00 0.00000e+00 1.19615e-03
1.32056e+01 -1.30062e-06 -3.23792e-10 4.21419e-04 0.00000e+00 0.00000e+00 1.19416e-03
1.32129e+01 -1.20572e-06 -3.46818e-10 4.20718e-04 0.00000e+00 0.00000e+00 1.19217e-03
1.32202e+01 -1.10994e-06 -3.24906e-10 4.20019e-04 0.00000e+00 0.00000e+00 1.19019e-03
1.32275e+01 -1.01218e-06 -3.46503e-10 4.19322e-04 0.00000e+00 0.00000e+00 1.18822e-03
1.32349e+01 -9.14022e-07 -3.23241e-10 4.18626e-04 0.00000e+00 0.00000e+00 1.18624e-03
1.32422e+01 -8.14381e-07 -3.43478e-10 4.17932e-04 0.00000e+00 0.00000e+00 1.18428e-03
1.32495e+01 -7.14837e-07 -3.18938e-10 4.17239e-04 0.00000e+00 0.00000e+00 1.18231e-03
1.32568e+01 -6.14297e-07 -3.37891e-10 4.16548e-04 0.00000e+00 0.00000e+00 1.18036e-03
1.32642e+01 -5.14335e-07 -3.12152e-10 4.15859e-04 0.00000e+00 0.00000e+00 1.17840e-03
1.32715e+01 -4.13857e-07 -3.29904e-10 4.15171e-04 0.00000e+00 0.00000e+00 1.17645e-03
1.32788e+01 -3.14425e-07 -3.03053e-10 4.14484e-04 0.00000e+00 0.00000e+00 1.17451e-03
1.32861e+01 -2.14943e-07 -3.19692e-10 4.13799e-04 0.00000e+00 0.00000e+00 1.17257e-03
1.32935e+01 -1.16959e-07 -2.91820e-10 4.13115e-04 0.00000e+00 0.00000e+00 1.17063e-03
1.33008e+01 -1.93738e-08 -3.07439e-10 4.12433e-04 0.00000e+00 0.00000e+00 1.16870e-03
1.33081e+01 7.62825e-08 -2.78641e-10 4.11753e-04 0.00000e+00 0.00000e+00 1.16677e-03
1.33154e+01 1.71114e-07 -2.93338e-10 4.11074e-04 0.00000e+00 0.00000e+00 1.16484e-03
1.33228e+01 2.63608e-07 -2.63712e-10 4.10396e-04 0.00000e+00 0.00000e+00 1.16292e-03
1.33301e+01 3.54876e-07 -2.77585e-10 4.09720e-04 0.00000e+00 0.00000e+00 1.16101e-03
1.33374e+01 4.43425e-07 -2.47234e-10 4.09045e-04 0.00000e+00 0.00000e+00 1.15909e-03
1.33447e+01 5.30376e-07 -2.60385e-10 4.08372e-04 0.00000e+00 0.00000e+00 1.15719e-03
1.33521e+01 6.14257e-07 -2.29410e-10 4.07700e-04 0.00000e+00 0.00000e+00 1.15528e-03
1.33594e+01 6.96197e-07 -2.41942e-10 4.07030e-04 0.00000e+00 0.00000e+00 1.15338e-03
1.33667e+01 7.74747e-07 -2.10446e-10 4.06362e-04 0.00000e+00 0.00000e+00 1.15149e-03
1.33740e+01 8.51048e-07 -2.22462e-10 4.05694e-04 0.00000e+00 0.00000e+00 1.14960e-03
1.33813e+01 9.23675e-07 -1.90547e-10 4.05028e-04 0.00000e+00 0.00000e+00 1.14771e-03
1.33887e+01 9.93779e-07 -2.02149e-10 4.04364e-04 0.00000e+00 0.00000e+00 1.14583e-03
1.33960e+01 1.05996e-06 -1.69918e-10 4.03701e-04 0.00000e+00 0.00000e+00 1.14395e-03
1.34033e+01 1.12338e-06 -1.81205e-10 4.03040e-04 0.00000e+00 0.00000e+00 1.14208e-03
1.34106e+01 1.18267e-06 -1.48758e-10 4.02380e-04 0.00000e+00 0.00000e+00 1.14021e-03
1.34180e+01 1.23900e-06 -1.59830e-10 4.01721e-04 0.00000e+00 0.00000e+00 1.13834e-03
1.34253e+01 1.29102e-06 -1.27262e-10 4.01064e-04 0.00000e+00 0.00000e+00 1.13648e-03
1.34326e+01 1.33992e-06 -1.38213e-10 4.00409e-04 0.00000e+00 0.00000e+00 1.13462e-03
1.34399e+01 1.38438e-06 -1.05619e-10 3.99754e-04 0.00000e+00 0.00000e+00 1.13277e-03
1.34473e+01 1.42561e-06 -1.16542e-10 3.99101e-04 0.00000e+00 0.00000e+00 1.13092e-03
1.34546e+01 1.46229e-06 -8.40117e-11 3.98450e-04 0.00000e+00 0.00000e+00 1.12907e-03
1.34619e+01 1.49566e-06 -9.49931e-11 3.97800e-04 0.00000e+00 0.00000e+00 1.12723e-03
1.34692e+01 1.52444e-06 -6.26122e-11 3.97151e-04 0.00000e+00 0.00000e+00 1.12539e-03
1.34766e+01 1.54986e-06 -7.37354e-11 3.96504e-04 0.00000e+00 0.00000e+00 1.12356e-03
1.34839e+01 1.57066e-06 -4.15842e-11 3.95859e-04 0.00000e+00 0.00000e+00 1.12173e-03
1.34912e+01 1.58810e-06 -5.29268e-11 3.95214e-04 0.00000e+00 0.00000e+00 1.11990e-03
1.34985e+01 1.60096e-06 -2.10807e-11 3.94571e-04 0.00000e+00 0.00000e+00 1.11808e-03
1.35059e+01 1.61048e-06 -3.27150e-11 3.93930e-04 0.00000e+00 0.00000e+00 1.11626e-03
1.35132e+01 1.61547e-06 -1.24361e-12 3.93289e-04 0.00000e+00 0.00000e+00 1.11445e-03
1.35205e+01 1.61720e-06 -1.32359e-11 3.92651e-04 0.00000e+00 0.00000e+00 1.11264e-03
1.35278e+01 1.61449e-06 1.77973e-11 3.92013e-04 0.00000e+00 0.00000e+00 1.11083e-03
1.35352e+01 1.60862e-06 5.38673e-12 3.91377e-04 0.00000e+00 0.00000e+00 1.10903e-03
1.35425e+01 1.59844e-06 3.59244e-11 3.90743e-04 0.00000e+00 0.00000e+00 1.10723e-03
1.35498e+01 1.58524e-06 2.30415e-11 3.90109e-04 0.00000e+00 0.00000e+00 1.10544e-03
1.35571e+01 1.56789e-06 5.30328e-11 3.89477e-04 0.00000e+00 0.00000e+00 1.10365e-03
1.35645e+01 1.54767e-06 3.96302e-11 3.88847e-04 0.00000e+00 0.00000e+00 1.10186e-03
1.35718e+01 1.52349e-06 6.90307e-11 3.88218e-04 0.00000e+00 0.00000e+00 1.10008e-03
1.35791e+01 1.49665e-06 5.50673e-11 3.87590e-04 0.00000e+00 0.00000e+00 1.09830e-03
1.35864e+01 1.46605e-06 8.38391e-11 3.86963e-04 0.00000e+00 0.00000e+00 1.09652e-03
1.35938e+01 1.43300e-06 6.92808e-11 3.86338e-04 0.00000e+00 0.00000e+00 1.09475e-03
1.36011e+01 1.39644e-06 9.73927e-11 3.85714e-04 0.00000e+00 0.00000e+00 1.09298e-03
1.36084e+01 1.35768e-06 8.22116e-11 3.85092e-04 0.00000e+00 0.00000e+00 1.09122e-03
1.36157e+01 1.31565e-06 1.09639e-10 3.84471e-04 0.00000e+00 0.00000e+00 1.08946e-03
1.36230e+01 1.27168e-06 9.38138e-11 3.83851e-04 0.00000e+00 0.00000e+00 1.08770e-03
1.36304e+01 1.22473e-06 1.20538e-10 3.83233e-04 0.00000e+00 0.00000e+00 1.08595e-03
1.36377e+01 1.17611e-06 1.04054e-10 3.82615e-04 0.00000e+00 0.00000e+00 1.08420e-03
1.36450e+01 1.12480e-06 1.30064e-10 3.82000e-04 0.00000e+00 0.00000e+00 1.08246e-03
1.36523e+01 1.07212e-06 1.12913e-10 3.81385e-04 0.00000e+00 0.00000e+00 1.08071e-03
1.36597e+01 1.01704e-06 1.38202e-10 3.80772e-04 0.00000e+00 0.00000e+00 1.07898e-03
1.36670e+01 9.60900e-07 1.20380e-10 3.80160e-04 0.00000e+00 0.00000e+00 1.07724e-03
1.36743e+01 9.02671e-07 1.44949e-10 3.79550e-04 0.00000e+00 0.00000e+00 1.07551e-03
1.36816e+01 8.43686e-07 1.26459e-10 3.78940e-04 0.00000e+00 0.00000e+00 1.07379e-03
1.36890e+01 7.82932e-07 1.50313e-10 3.78333e-04 0.00000e+00 0.00000e+00 1.07206e-03
1.36963e+01 7.21736e-07 1.31165e-10 3.77726e-04 0.00000e+00 0.00000e+00 1.07035e-03
1.37036e+01 6.59090e-07 1.54314e-10 3.77121e-04 0.00000e+00 0.00000e+00 1.06863e-03
1.37109e+01 5.96315e-07 1.34521e-10 3.76517e-04 0.00000e+00 0.00000e+00 1.06692e-03
1.37183e+01 5.32410e-07 1.56982e-10 3.75914e-04 0.00000e+00 0.00000e+00 1.06521e-03
1.37256e+01 4.68690e-07 1.36562e-10 3.75312e-04 0.00000e+00 0.00000e+00 1.06351e-03
1.37329e+01 4.04155e-07 1.58356e-10 3.74712e-04 0.00000e+00 0.00000e+00 1.06181e-03
1.37402e+01 3.40112e-07 1.37331e-10 3.74113e-04 0.00000e+00 0.00000e+00 1.06011e-03
1.37476e+01 2.75564e-07 1.58482e-10 3.73516e-04 0.00000e+00 0.00000e+00 1.05841e-03
1.37549e+01 2.11809e-07 1.36881e-10 3.72919e-04 0.00000e+00 0.00000e+00 1.05673e-03
1.37622e+01 1.47849e-07 1.57418e-10 3.72324e-04 0.00000e+00 0.00000e+00 1.05504e-03
1.37695e+01 8.49717e-08 1.35269e-10 3.71730e-04 0.00000e+00 0.00000e+00 1.05336e-03
1.37769e+01 2.21791e-08 1.55224e-10 3.71138e-04 0.00000e+00 0.00000e+00 1.05168e-03
1.37842e+01 -3.92532e-08 1.32563e-10 3.70547e-04 0.00000e+00 0.00000e+00 1.05000e-03
1.37915e+01 -1.00326e-07 1.51970e-10 3.69956e-04 0.00000e+00 0.00000e+00 1.04833e-03
1.37988e+01 -1.59775e-07 1.28832e-10 3.69368e-04 0.00000e+00 0.00000e+00 1.04666e-03
1.38062e+01 -2.18606e-07 1.47730e-10 3.68780e-04 0.00000e+00 0.00000e+00 1.04500e-03
1.38135e+01 -2.75567e-07 1.24155e-10 3.68194e-04 0.00000e+00 0.00000e+00 1.04333e-03
1.38208e+01 -3.31669e-07 1.42583e-10 3.67609e-04 0.00000e+00 0.00000e+00 1.04168e-03
1.38281e+01 -3.85674e-07 1.18611e-10 3.67025e-04 0.00000e+00 0.00000e+00 1.04002e-03
1.38354e+01 -4.38598e-07 1.36611e-10 3.66442e-04 0.00000e+00 0.00000e+00 1.03837e-03
1.38428e+01 -4.89220e-07 1.12286e-10 3.65861e-04 0.00000e+00 0.00000e+00 1.03672e-03
1.38501e+01 -5.38560e-07 1.29900e-10 3.65281e-04 0.00000e+00 0.00000e+00 1.03508e-03
1.38574e+01 -5.85413e-07 1.05264e-10 3.64702e-04 0.00000e+00 0.00000e+00 1.03344e-03
1.38647e+01 -6.30806e-07 1.22537e-10 3.64124e-04 0.00000e+00 0.00000e+00 1.03180e-03
1.38721e+01 -6.73551e-07 9.76352e-11 3.63548e-04 0.00000e+00 0.00000e+00 1.03017e-03
1.38794e+01 -7.14681e-07 1.14611e-10 3.62973e-04 0.00000e+00 0.00000e+00 1.02854e-03
1.38867e+01 -7.53027e-07 8.94878e-11 3.62399e-04 0.00000e+00 0.00000e+00 1.02691e-03
1.38940e+01 -7.89628e-07 1.06211e-10 3.61826e-04 0.00000e+00 0.00000e+00 1.02529e-03
1.39014e+01 -8.23330e-07 8.09112e-11 3.61254e-04 0.00000e+00 0.00000e+00 1.02367e-03
1.39087e+01 -8.55183e-07 9.74266e-11 3.60684e-04 0.00000e+00 0.00000e+00 1.02205e-03
1.39160e+01 -8.84051e-07 7.19941e-11 3.60115e-04 0.00000e+00 0.00000e+00 1.02044e-03
1.39233e+01 -9.10988e-07 8.83452e-11 3.59547e-04 0.00000e+00 0.00000e+00 1.01883e-03
1.39307e+01 -9.34877e-07 6.28237e-11 3.58980e-04 0.00000e+00 0.00000e+00 1.01723e-03
1.39380e+01 -9.56782e-07 7.90535e-11 3.58414e-04 0.00000e+00 0.00000e+00 1.01562e-03
1.39453e+01 -9.75601e-07 5.34855e-11 3.57850e-04 0.00000e+00 0.00000e+00 1.01402e-03
1.39526e+01 -9.92405e-07 6.96356e-11 3.57286e-04 0.00000e+00 0.00000e+00 1.01243e-03
1.39600e+01 -1.00611e-06 4.40623e-11 3.56724e-04 0.00000e+00 0.00000e+00 1.01083e-03
1.39673e+01 -1.01780e-06 6.01731e-11 3.56163e-04 0.00000e+00 0.00000e+00 1.00925e-03
1.39746e+01 -1.02640e-06 3.46339e-11 3.55604e-04 0.00000e+00 0.00000e+00 1.00766e-03
1.39819e+01 -1.03300e-06 5.07438e-11 3.55045e-04 0.00000e+00 0.00000e+00 1.00608e-03
1.39893e+01 -1.03654e-06 2.52765e-11 3.54488e-04 0.00000e+00 0.00000e+00 1.00450e-03
1.39966e+01 -1.03813e-06 4.14222e-11 3.53932e-04 0.00000e+00 0.00000e+00 1.00292e-03
1.40039e+01 -1.03673e-06 1.60624e-11 3.53377e-04 0.00000e+00 0.00000e+00 1.00135e-03
1.40112e+01 -1.03343e-06 3.22782e-11 3.52823e-04 0.00000e+00 0.00000e+00 9.99779e-04
1.40186e+01 -1.02722e-06 7.05911e-12 3.52270e-04 0.00000e+00 0.00000e+00 9.98212e-04
1.40259e+01 -1.01920e-06 2.33770e-11 3.51718e-04 0.00000e+00 0.00000e+00 9.96649e-04
1.40332e+01 -1.00836e-06 -1.67031e-12 3.51168e-04 0.00000e+00 0.00000e+00 9.95090e-04
1.40405e+01 -9.95816e-07 1.47793e-11 3.50619e-04 0.00000e+00 0.00000e+00 9.93533e-04
1.40479e+01 -9.80577e-07 -1.00680e-11 3.50071e-04 0.00000e+00 0.00000e+00 9.91980e-04
1.40552e+01 -9.63756e-07 6.54024e-12 3.49524e-04 0.00000e+00 0.00000e+00 9.90430e-04
1.40625e+01 -9.44374e-07 -1.80813e-11 3.48978e-04 0.00000e+00 0.00000e+00 9.88883e-04
1.40698e+01 -9.23549e-07 -1.29036e-12 3.48433e-04 0.00000e+00 0.00000e+00 9.87340e-04
1.40771e+01 -9.00313e-07 -2.56632e-11 3.47889e-04 0.00000e+00 0.00000e+00 9.85800e-04
1.40845e+01 -8.75787e-07 -8.66804e-12 3.47347e-04 0.00000e+00 0.00000e+00 9.84262e-04
1.40918e+01 -8.49016e-07 -3.27721e-11 3.46806e-04 0.00000e+00 0.00000e+00 9.82729e-04
1.40991e+01 -8.21121e-07 -1.55543e-11 3.46265e-04 0.00000e+00 0.00000e+00 9.81198e-04
1.41064e+01 -7.91156e-07 -3.93724e-11 3.45726e-04 0.00000e+00 0.00000e+00 9.79670e-04
1.41138e+01 -7.60245e-07 -2.19162e-11 3.45188e-04 0.00000e+00 0.00000e+00 9.78146e-04
1.41211e+01 -7.27451e-07 -4.54339e-11 3.44652e-04 0.00000e+00 0.00000e+00 9.76625e-04
1.41284e+01 -6.93896e-07 -2.77265e-11 3.44116e-04 0.00000e+00 0.00000e+00 9.75107e-04
1.41357e+01 -6.58652e-07 -5.09323e-11 3.43581e-04 0.00000e+00 0.00000e+00 9.73592e-04
1.41431e+01 -6.22840e-07 -3.29636e-11 3.43048e-04 0.00000e+00 0.00000e+00 9.72080e-04
1.41504e+01 -5.85539e-07 -5.58488e-11 3.42515e-04 0.00000e+00 0.00000e+00 9.70571e-04
1.41577e+01 -5.47867e-07 -3.76116e-11 3.41984e-04 0.00000e+00 0.00000e+00 9.69066e-04
1.41650e+01 -5.08910e-07 -6.01704e-11 3.41454e-04 0.00000e+00 0.00000e+00 9.67563e-04
1.41724e+01 -4.69783e-07 -4.16602e-11 3.40925e-04 0.00000e+00 0.00000e+00 9.66064e-04
1.41797e+01 -4.29575e-07 -6.38891e-11 3.40397e-04 0.00000e+00 0.00000e+00 9.64568e-04
1.41870e+01 -3.89400e-07 -4.51040e-11 3.39870e-04 0.00000e+00 0.00000e+00 9.63075e-04
1.41943e+01 -3.48350e-07 -6.70025e-11 3.39344e-04 0.00000e+00 0.00000e+00 9.61585e-04
1.42017e+01 -3.07532e-07 -4.79431e-11 3.38819e-04 0.00000e+00 0.00000e+00 9.60098e-04
1.42090e+01 -2.66043e-07 -6.95128e-11 3.38295e-04 0.00000e+00 0.00000e+00 9.58614e-04
1.42163e+01 -2.24983e-07 -5.01823e-11 3.37773e-04 0.00000e+00 0.00000e+00 9.57133e-04
1.42236e+01 -1.83452e-07 -7.14273e-11 3.37251e-04 0.00000e+00 0.00000e+00 9.55655e-04
1.42310e+01 -1.42543e-07 -5.18310e-11 3.36731e-04 0.00000e+00 0.00000e+00 9.54180e-04
1.42383e+01 -1.01357e-07 -7.27578e-11 3.36211e-04 0.00000e+00 0.00000e+00 9.52708e-04
1.42456e+01 -6.09798e-08 -5.29029e-11 3.35693e-04 0.00000e+00 0.00000e+00 9.51240e-04
1.42529e+01 -2.05122e-08 -7.35197e-11 3.35176e-04 0.00000e+00 0.00000e+00 9.49774e-04
1.42603e+01 1.89683e-08 -5.34159e-11 3.34660e-04 0.00000e+00 0.00000e+00 9.48311e-04
1.42676e+01 5.83609e-08 -7.37329e-11 3.34145e-04 0.00000e+00 0.00000e+00 9.46852e-04
1.42749e+01 9.65973e-08 -5.33914e-11 3.33631e-04 0.00000e+00 0.00000e+00 9.45395e-04
1.42822e+01 1.34578e-07 -7.34206e-11 3.33118e-04 0.00000e+00 0.00000e+00 9.43941e-04
1.42896e+01 1.71244e-07 -5.28542e-11 3.32606e-04 0.00000e+00 0.00000e+00 9.42490e-04
1.42969e+01 2.07498e-07 -7.26091e-11 3.32095e-04 0.00000e+00 0.00000e+00 9.41043e-04
1.43042e+01 2.42290e-07 -5.18321e-11 3.31585e-04 0.00000e+00 0.00000e+00 9.39598e-04
1.43115e+01 2.76527e-07 -7.13277e-11 3.31076e-04 0.00000e+00 0.00000e+00 9.38156e-04
1.43188e+01 3.09169e-07 -5.03556e-11 3.30568e-04 0.00000e+00 0.00000e+00 9.36717e-04
1.43262e+01 3.41125e-07 -6.96080e-11 3.30061e-04 0.00000e+00 0.00000e+00 9.35281e-04
1.43335e+01 3.71367e-07 -4.84575e-11 3.29556e-04 0.00000e+00 0.00000e+00 9.33848e-04
1.43408e+01 4.00806e-07 -6.74836e-11 3.29051e-04 0.00000e+00 0.00000e+00 9.32418e-04
1.43481e+01 4.28428e-07 -4.61723e-11 3.28547e-04 0.00000e+00 0.00000e+00 9.30991e-04
1.43555e+01 4.55145e-07 -6.49901e-11 3.28045e-04 0.00000e+00 0.00000e+00 9.29567e-04
1.43628e+01 4.79956e-07 -4.35362e-11 3.27543e-04 0.00000e+00 0.00000e+00 9.28145e-04
1.43701e+01 5.03777e-07 -6.21643e-11 3.27043e-04 0.00000e+00 0.00000e+00 9.26727e-04
1.43774e+01 5.25618e-07 -4.05868e-11 3.26543e-04 0.00000e+00 0.00000e+00 9.25311e-04
1.43848e+01 5.46400e-07 -5.90439e-11 3.26045e-04 0.00000e+00 0.00000e+00 9.23899e-04
1.43921e+01 5.65144e-07 -3.73619e-11 3.25547e-04 0.00000e+00 0.00000e+00 9.22489e-04
1.43994e+01 5.82776e-07 -5.56675e-11 3.25050e-04 0.00000e+00 0.00000e+00 9.21082e-04
1.44067e+01 5.98329e-07 -3.39005e-11 3.24555e-04 0.00000e+00 0.00000e+00 9.19678e-04
1.44141e+01 6.12733e-07 -5.20738e-11 3.24060e-04 0.00000e+00 0.00000e+00 9.18277e-04
1.44214e+01 6.25033e-07 -3.02413e-11 3.23567e-04 0.00000e+00 0.00000e+00 9.16878e-04
1.44287e+01 6.36162e-07 -4.83017e-11 3.23075e-04 0.00000e+00 0.00000e+00 9.15483e-04
1.44360e+01 6.45179e-07 -2.64229e-11 3.22583e-04 0.00000e+00 0.00000e+00 9.14090e-04
1.44434e+01 6.53020e-07 -4.43896e-11 3.22093e-04 0.00000e+00 0.00000e+00 9.12700e-04
1.44507e+01 6.58754e-07 -2.24835e-11 3.21603e-04 0.00000e+00 0.00000e+00 9.11313e-04
1.44580e+01 6.63324e-07 -4.03752e-11 3.21115e-04 0.00000e+00 0.00000e+00 9.09929e-04
1.44653e+01 6.65808e-07 -1.84605e-11 3.20627e-04 0.00000e+00 0.00000e+00 9.08547e-04
1.44727e+01 6.67153e-07 -3.62956e-11 3.20140e-04 0.00000e+00 0.00000e+00 9.07168e-04
1.44800e+01 6.66450e-07 -1.43903e-11 3.19655e-04 0.00000e+00 0.00000e+00 9.05793e-04
1.44873e+01 6.64645e-07 -3.21865e-11 3.19170e-04 0.00000e+00 0.00000e+00 9.04419e-04
1.44946e+01 6.60843e-07 -1.03081e-11 3.18687e-04 0.00000e+00 0.00000e+00 9.03049e-04
1.45020e+01 6.55994e-07 -2.80821e-11 3.18204e-04 0.00000e+00 0.00000e+00 9.01682e-04
1.45093e+01 6.49209e-07 -6.24734e-12 3.17723e-04 0.00000e+00 0.00000e+00 9.00317e-04
1.45166e+01 6.41443e-07 -2.40156e-11 3.17242e-04 0.00000e+00 0.00000e+00 8.98955e-04
1.45239e+01 6.31817e-07 -2.24002e-12 3.16762e-04 0.00000e+00 0.00000e+00 8.97595e-04
1.45312e+01 6.21287e-07 -2.00176e-11 3.16283e-04 0.00000e+00 0.00000e+00 8.96239e-04
1.45386e+01 6.08984e-07 1.68389e-12 3.15806e-04 0.00000e+00 0.00000e+00 8.94885e-04
1.45459e+01 5.95864e-07 -1.61173e-11 3.15329e-04 0.00000e+00 0.00000e+00 8.93534e-04
1.45532e+01 5.81068e-07 5.49635e-12 3.14853e-04 0.00000e+00 0.00000e+00 8.92186e-04
1.45605e+01 5.65552e-07 -1.23417e-11 3.14378e-04 0.00000e+00 0.00000e+00 8.90840e-04
1.45679e+01 5.48466e-07 9.17154e-12 3.13904e-04 0.00000e+00 0.00000e+00 8.89497e-04
1.45752e+01 5.30766e-07 -8.71518e-12 3.13431e-04 0.00000e+00 0.00000e+00 8.88157e-04
1.45825e+01 5.11608e-07 1.26860e-11 3.12959e-04 0.00000e+00 0.00000e+00 8.86819e-04
1.45898e+01 4.91950e-07 -5.26040e-12 3.12488e-04 0.00000e+00 0.00000e+00 8.85484e-04
1.45972e+01 4.70953e-07 1.60185e-11 3.12018e-04 0.00000e+00 0.00000e+00 8.84152e-04
1.46045e+01 4.49574e-07 -1.99725e-12 3.11549e-04 0.00000e+00 0.00000e+00 8.82822e-04
1.46118e+01 4.26981e-07 1.91503e-11 3.11080e-04 0.00000e+00 0.00000e+00 8.81495e-04
1.46191e+01 4.04130e-07 1.05679e-12 3.10613e-04 0.00000e+00 0.00000e+00 8.80171e-04
1.46265e+01 3.80193e-07 2.20650e-11 3.10147e-04 0.00000e+00 0.00000e+00 8.78850e-04
1.46338e+01 3.56124e-07 3.88673e-12 3.09681e-04 0.00000e+00 0.00000e+00 8.77531e-04
1.46411e+01 3.31101e-07 2.47492e-11 3.09217e-04 0.00000e+00 0.00000e+00 8.76214e-04
1.46484e+01 3.06074e-07 6.47989e-12 3.08753e-04 0.00000e+00 0.00000e+00 8.74901e-04
1.46558e+01 2.80225e-07 2.71912e-11 3.08291e-04 0.00000e+00 0.00000e+00 8.73590e-04
1.46631e+01 2.54501e-07 8.82635e-12 3.07829e-04 0.00000e+00 0.00000e+00 8.72281e-04
1.46704e+01 2.28088e-07 2.93822e-11 3.07368e-04 0.00000e+00 0.00000e+00 8.70975e-04
1.46777e+01 2.01929e-07 1.09184e-11 3.06908e-04 0.00000e+00 0.00000e+00 8.69672e-04
1.46851e+01 1.75212e-07 3.13160e-11 3.06449e-04 0.00000e+00 0.00000e+00 8.68372e-04
1.46924e+01 1.48875e-07 1.27509e-11 3.05991e-04 0.00000e+00 0.00000e+00 8.67074e-04
1.46997e+01 1.22109e-07 3.29885e-11 3.05534e-04 0.00000e+00 0.00000e+00 8.65778e-04
1.47070e+01 9.58475e-08 1.43209e-11 3.05078e-04 0.00000e+00 0.00000e+00 8.64485e-04
1.47144e+01 6.92832e-08 3.43978e-11 3.04622e-04 0.00000e+00 0.00000e+00 8.63195e-04
1.47217e+01 4.33422e-08 1.56277e-11 3.04168e-04 0.00000e+00 0.00000e+00 8.61907e-04
1.47290e+01 1.72197e-08 3.55445e-11 3.03714e-04 0.00000e+00 0.00000e+00 8.60622e-04
1.47363e+01 -8.16471e-09 1.66729e-11 3.03262e-04 0.00000e+00 0.00000e+00 8.59340e-04
1.47437e+01 -3.36151e-08 3.64310e-11 3.02810e-04 0.00000e+00 0.00000e+00 8.58060e-04
1.47510e+01 -5.82185e-08 1.74600e-11 3.02359e-04 0.00000e+00 0.00000e+00 8.56782e-04
1.47583e+01 -8.27788e-08 3.70619e-11 3.01909e-04 0.00000e+00 0.00000e+00 8.55507e-04
1.47656e+01 -1.06390e-07 1.79946e-11 3.01460e-04 0.00000e+00 0.00000e+00 8.54235e-04
1.47729e+01 -1.29857e-07 3.74436e-11 3.01012e-04 0.00000e+00 0.00000e+00 8.52965e-04
1.47803e+01 -1.52280e-07 1.82837e-11 3.00565e-04 0.00000e+00 0.00000e+00 8.51697e-04
1.47876e+01 -1.74465e-07 3.75841e-11 3.00118e-04 0.00000e+00 0.00000e+00 8.50432e-04
1.47949e+01 -1.95520e-07 1.83363e-11 2.99673e-04 0.00000e+00 0.00000e+00 8.49170e-04
1.48022e+01 -2.16252e-07 3.74932e-11 2.99228e-04 0.00000e+00 0.00000e+00 8.47910e-04
1.48096e+01 -2.35777e-07 1.81628e-11 2.98784e-04 0.00000e+00 0.00000e+00 8.46653e-04
1.48169e+01 -2.54903e-07 3.71819e-11 2.98342e-04 0.00000e+00 0.00000e+00 8.45398e-04
1.48242e+01 -2.72755e-07 1.77751e-11 2.97900e-04 0.00000e+00 0.00000e+00 8.44145e-04
1.48315e+01 -2.90141e-07 3.66626e-11 2.97458e-04 0.00000e+00 0.00000e+00 8.42895e-04
1.48389e+01 -3.06195e-07 1.71859e-11 2.97018e-04 0.00000e+00 0.00000e+00 8.41648e-04
1.48462e+01 -3.21727e-07 3.59487e-11 2.96579e-04 0.00000e+00 0.00000e+00 8.40403e-04
1.48535e+01 -3.35879e-07 1.64094e-11 2.96140e-04 0.00000e+00 0.00000e+00 8.39160e-04
1.48608e+01 -3.49464e-07 3.50549e-11 2.95703e-04 0.00000e+00 0.00000e+00 8.37920e-04
1.48682e+01 -3.61631e-07 1.54603e-11 2.95266e-04 0.00000e+00 0.00000e+00 8.36682e-04
1.48755e+01 -3.73195e-07 3.39961e-11 2.94830e-04 0.00000e+00 0.00000e+00 8.35447e-04
1.48828e+01 -3.83315e-07 1.43542e-11 2.94395e-04 0.00000e+00 0.00000e+00 8.34214e-04
1.48901e+01 -3.92806e-07 3.27883e-11 2.93961e-04 0.00000e+00 0.00000e+00 8.32984e-04
1.48975e+01 -4.00836e-07 1.31073e-11 2.93527e-04 0.00000e+00 0.00000e+00 8.31756e-04
1.49048e+01 -4.08223e-07 3.14480e-11 2.93095e-04 0.00000e+00 0.00000e+00 8.30530e-04
1.49121e+01 -4.14142e-07 1.17361e-11 2.92663e-04 0.00000e+00 0.00000e+00 8.29307e-04
1.49194e+01 -4.19413e-07 2.99916e-11 2.92232e-04 0.00000e+00 0.00000e+00 8.28086e-04
1.49268e+01 -4.23222e-07 1.02574e-11 2.91802e-04 0.00000e+00 0.00000e+00 8.26868e-04
1.49341e+01 -4.26387e-07 2.84362e-11 2.91373e-04 0.00000e+00 0.00000e+00 8.25652e-04
1.49414e+01 -4.28102e-07 8.68809e-12 2.90945e-04 0.00000e+00 0.00000e+00 8.24439e-04
1.49487e+01 -4.29190e-07 2.67986e-11 2.90518e-04 0.00000e+00 0.00000e+00 8.23227e-04
1.49561e+01 -4.28851e-07 7.04497e-12 2.90091e-04 0.00000e+00 0.00000e+00 8.22018e-04
1.49634e+01 -4.27908e-07 2.50956e-11 2.89665e-04 0.00000e+00 0.00000e+00 8.20812e-04
1.49707e+01 -4.25570e-07 5.34476e-12 2.89240e-04 0.00000e+00 0.00000e+00 8.19608e-04
1.49780e+01 -4.22661e-07 2.33436e-11 2.88816e-04 0.00000e+00 0.00000e+00 8.18406e-04
1.49854e+01 -4.18398e-07 3.60380e-12 2.88393e-04 0.00000e+00 0.00000e+00 8.17207e-04
1.49927e+01 -4.13605e-07 2.15591e-11 2.87970e-04 0.00000e+00 0.00000e+00 8.16010e-04
1.50000e+01 -4.07506e-07 1.83829e-12 2.87549e-04 0.00000e+00 0.00000e+00 8.14815e-04
1.50073e+01 -4.00926e-07 1.97577e-11 2.87128e-04 0.00000e+00 0.00000e+00 8.13622e-04
1.50146e+01 -3.93096e-07 6.33176e-14 2.86708e-04 0.00000e+00 0.00000e+00 8.12432e-04
1.50220e+01 -3.84839e-07 1.79543e-11 2.86289e-04 0.00000e+00 0.00000e+00 8.11245e-04
1.50293e+01 -3.75395e-07 -1.70606e-12 2.85871e-04 0.00000e+00 0.00000e+00 8.10059e-04
1.50366e+01 -3.65586e-07 1.61638e-11 2.85453e-04 0.00000e+00 0.00000e+00 8.08876e-04
1.50439e+01 -3.54656e-07 -3.45580e-12 2.85036e-04 0.00000e+00 0.00000e+00 8.07695e-04
1.50513e+01 -3.43430e-07 1.43995e-11 2.84620e-04 0.00000e+00 0.00000e+00 8.06517e-04
1.50586e+01 -3.31155e-07 -5.17254e-12 2.84205e-04 0.00000e+00 0.00000e+00 8.05340e-04
1.50659e+01 -3.18655e-07 1.26746e-11 2.83791e-04 0.00000e+00 0.00000e+00 8.04166e-04
1.50732e+01 -3.05185e-07 -6.84395e-12 2.83377e-04 0.00000e+00 0.00000e+00 8.02995e-04
1.50806e+01 -2.91565e-07 1.10009e-11 2.82965e-04 0.00000e+00 0.00000e+00 8.01825e-04
1.50879e+01 -2.77054e-07 -8.45837e-12 2.82553e-04 0.00000e+00 0.00000e+00 8.00658e-04
1.50952e+01 -2.62472e-07 9.38958e-12 2.82142e-04 0.00000e+00 0.00000e+00 7.99493e-04
1.51025e+01 -2.47083e-07 -1.00054e-11 2.81732e-04 0.00000e+00 0.00000e+00 7.98331e-04
1.51099e+01 -2.31704e-07 7.85050e-12 2.81322e-04 0.00000e+00 0.00000e+00 7.97170e-04
1.51172e+01 -2.15601e-07 -1.14755e-11 2.80913e-04 0.00000e+00 0.00000e+00 7.96012e-04
1.51245e+01 -1.99590e-07 6.39274e-12 2.80505e-04 0.00000e+00 0.00000e+00 7.94856e-04
1.51318e+01 -1.82942e-07 -1.28602e-11 2.80098e-04 0.00000e+00 0.00000e+00 7.93703e-04
1.51392e+01 -1.66469e-07 5.02417e-12 2.79692e-04 0.00000e+00 0.00000e+00 7.92551e-04
1.51465e+01 -1.49444e-07 -1.41521e-11 2.79286e-04 0.00000e+00 0.00000e+00 7.91402e-04
1.51538e+01 -1.32676e-07 3.75171e-12 2.78882e-04 0.00000e+00 0.00000e+00 7.90255e-04
1.51611e+01 -1.15441e-07 -1.53449e-11 2.78478e-04 0.00000e+00 0.00000e+00 7.89110e-04
1.51685e+01 -9.85438e-08 2.58106e-12 2.78074e-04 0.00000e+00 0.00000e+00 7.87968e-04
1.51758e+01 -8.12639e-08 -1.64334e-11 2.77672e-04 0.00000e+00 0.00000e+00 7.86827e-04
1.51831e+01 -6.44018e-08 1.51698e-12 2.77270e-04 0.00000e+00 0.00000e+00 7.85689e-04
1.51904e+01 -4.72379e-08 -1.74134e-11 2.76870e-04 0.00000e+00 0.00000e+00 7.84553e-04
1.51978e+01 -3.05688e-08 5.62995e-13 2.76469e-04 0.00000e+00 0.00000e+00 7.83420e-04
1.52051e+01 -1.36764e-08 -1.82819e-11 2.76070e-04 0.00000e+00 0.00000e+00 7.82288e-04
1.52124e+01 2.64732e-09 -2.78328e-13 2.75672e-04 0.00000e+00 0.00000e+00 7.81159e-04
1.52197e+01 1.91193e-08 -1.90368e-11 2.75274e-04 0.00000e+00 0.00000e+00 7.80032e-04
1.52271e+01 3.49526e-08 -1.00531e-12 2.74877e-04 0.00000e+00 0.00000e+00 7.78906e-04
1.52344e+01 5.08633e-08 -1.96771e-11 2.74480e-04 0.00000e+00 0.00000e+00 7.77784e-04
1.52417e+01 6.60695e-08 -1.61763e-12 2.74085e-04 0.00000e+00 0.00000e+00 7.76663e-04
1.52490e+01 8.12868e-08 -2.02027e-11 2.73690e-04 0.00000e+00 0.00000e+00 7.75544e-04
1.52563e+01 9.57389e-08 -2.11551e-12 2.73296e-04 0.00000e+00 0.00000e+00 7.74428e-04
1.52637e+01 1.10141e-07 -2.06143e-11 2.72903e-04 0.00000e+00 0.00000e+00 7.73314e-04
1.52710e+01 1.23722e-07 -2.50041e-12 2.72510e-04 0.00000e+00 0.00000e+00 7.72201e-04
1.52783e+01 1.37198e-07 -2.09139e-11 2.72119e-04 0.00000e+00 0.00000e+00 7.71091e-04
1.52856e+01 1.49803e-07 -2.77419e-12 2.71728e-04 0.00000e+00 0.00000e+00 7.69984e-04
1.52930e+01 1.62252e-07 -2.11040e-11 2.71338e-04 0.00000e+00 0.00000e+00 7.68878e-04
1.53003e+01 1.73787e-07 -2.94013e-12 2.70948e-04 0.00000e+00 0.00000e+00 7.67774e-04
1.53076e+01 1.85124e-07 -2.11879e-11 2.70559e-04 0.00000e+00 0.00000e+00 7.66673e-04
1.53149e+01 1.95508e-07 -3.00175e-12 2.70171e-04 0.00000e+00 0.00000e+00 7.65573e-04
1.53223e+01 2.05656e-07 -2.11695e-11 2.69784e-04 0.00000e+00 0.00000e+00 7.64476e-04
1.53296e+01 2.14822e-07 -2.96345e-12 2.69398e-04 0.00000e+00 0.00000e+00 7.63381e-04
1.53369e+01 2.23721e-07 -2.10537e-11 2.69012e-04 0.00000e+00 0.00000e+00 7.62287e-04
1.53442e+01 2.31613e-07 -2.83024e-12 2.68627e-04 0.00000e+00 0.00000e+00 7.61196e-04
1.53516e+01 2.39215e-07 -2.08455e-11 2.68242e-04 0.00000e+00 0.00000e+00 7.60107e-04
1.53589e+01 2.45792e-07 -2.60750e-12 2.67859e-04 0.00000e+00 0.00000e+00 7.59020e-04
1.53662e+01 2.52061e-07 -2.05509e-11 2.67476e-04 0.00000e+00 0.00000e+00 7.57936e-04
1.53735e+01 2.57295e-07 -2.30132e-12 2.67094e-04 0.00000e+00 0.00000e+00 7.56853e-04
1.53809e+01 2.62210e-07 -2.01759e-11 2.66713e-04 0.00000e+00 0.00000e+00 7.55772e-04
1.53882e+01 2.66086e-07 -1.91800e-12 2.66332e-04 0.00000e+00 0.00000e+00 7.54694e-04
1.53955e+01 2.69639e-07 -1.97271e-11 2.65952e-04 0.00000e+00 0.00000e+00 7.53617e-04
1.54028e+01 2.72155e-07 -1.46431e-12 2.65573e-04 0.00000e+00 0.00000e+00 7.52542e-04
1.54102e+01 2.74351e-07 -1.92114e-11 2.65194e-04 0.00000e+00 0.00000e+00 7.51470e-04
1.54175e+01 2.75518e-07 -9.47151e-13 2.64817e-04 0.00000e+00 0.00000e+00 7.50399e-04
1.54248e+01 2.76375e-07 -1.86358e-11 2.64439e-04 0.00000e+00 0.00000e+00 7.49331e-04
1.54321e+01 2.76217e-07 -3.73830e-13 2.64063e-04 0.00000e+00 0.00000e+00 7.48265e-04
1.54395e+01 2.75762e-07 -1.80076e-11 2.63688e-04 0.00000e+00 0.00000e+00 7.47200e-04
1.54468e+01 2.74314e-07 2.48529e-13 2.63313e-04 0.00000e+00 0.00000e+00 7.46138e-04
1.54541e+01 2.72589e-07 -1.73342e-11 2.62938e-04 0.00000e+00 0.00000e+00 7.45077e-04
1.54614e+01 2.69897e-07 9.12468e-13 2.62565e-04 0.00000e+00 0.00000e+00 7.44019e-04
1.54688e+01 2.66954e-07 -1.66227e-11 2.62192e-04 0.00000e+00 0.00000e+00 7.42963e-04
1.54761e+01 2.63075e-07 1.61063e-12 2.61820e-04 0.00000e+00 0.00000e+00 7.41908e-04
1.54834e+01 2.58975e-07 -1.58808e-11 2.61449e-04 0.00000e+00 0.00000e+00 7.40856e-04
1.54907e+01 2.53974e-07 2.33583e-12 2.61078e-04 0.00000e+00 0.00000e+00 7.39806e-04
1.54980e+01 2.48789e-07 -1.51154e-11 2.60708e-04 0.00000e+00 0.00000e+00 7.38757e-04
1.55054e+01 2.42742e-07 3.08074e-12 2.60339e-04 0.00000e+00 0.00000e+00 7.37711e-04
1.55127e+01 2.36550e-07 -1.43340e-11 2.59970e-04 0.00000e+00 0.00000e+00 7.36666e-04
1.55200e+01 2.29539e-07 3.83838e-12 2.59602e-04 0.00000e+00 0.00000e+00 7.35624e-04
1.55273e+01 2.22426e-07 -1.35431e-11 2.59235e-04 0.00000e+00 0.00000e+00 7.34584e-04
1.55347e+01 2.14542e-07 4.60189e-12 2.58869e-04 0.00000e+00 0.00000e+00 7.33545e-04
1.55420e+01 2.06600e-07 -1.27496e-11 2.58503e-04 0.00000e+00 0.00000e+00 7.32508e-04
1.55493e+01 1.97938e-07 5.36487e-12 2.58138e-04 0.00000e+00 0.00000e+00 7.31474e-04
1.55566e+01 1.89266e-07 -1.19600e-11 2.57773e-04 0.00000e+00 0.00000e+00 7.30441e-04
1.55640e+01 1.79925e-07 6.12097e-12 2.57410e-04 0.00000e+00 0.00000e+00 7.29410e-04
1.55713e+01 1.70624e-07 -1.11802e-11 2.57046e-04 0.00000e+00 0.00000e+00 7.28382e-04
1.55786e+01 1.60708e-07 6.86427e-12 2.56684e-04 0.00000e+00 0.00000e+00 7.27355e-04
1.55859e+01 1.50885e-07 -1.04160e-11 2.56322e-04 0.00000e+00 0.00000e+00 7.26330e-04
1.55933e+01 1.40501e-07 7.58935e-12 2.55961e-04 0.00000e+00 0.00000e+00 7.25307e-04
1.56006e+01 1.30262e-07 -9.67270e-12 2.55601e-04 0.00000e+00 0.00000e+00 7.24286e-04
1.56079e+01 1.19517e-07 8.29094e-12 2.55241e-04 0.00000e+00 0.00000e+00 7.23267e-04
1.56152e+01 1.08970e-07 -8.95522e-12 2.54882e-04 0.00000e+00 0.00000e+00 7.22249e-04
1.56226e+01 9.79738e-08 8.96443e-12 2.54524e-04 0.00000e+00 0.00000e+00 7.21234e-04
1.56299e+01 8.72279e-08 -8.26816e-12 2.54166e-04 0.00000e+00 0.00000e+00 7.20221e-04
1.56372e+01 7.60871e-08 9.60551e-12 2.53809e-04 0.00000e+00 0.00000e+00 7.19209e-04
1.56445e+01 6.52492e-08 -7.61545e-12 2.53453e-04 0.00000e+00 0.00000e+00 7.18199e-04
1.56519e+01 5.40708e-08 1.02103e-11 2.53098e-04 0.00000e+00 0.00000e+00 7.17192e-04
1.56592e+01 4.32462e-08 -7.00061e-12 2.52743e-04 0.00000e+00 0.00000e+00 7.16186e-04
1.56665e+01 3.21339e-08 1.07755e-11 2.52388e-04 0.00000e+00 0.00000e+00 7.15182e-04
1.56738e+01 2.14249e-08 -6.42700e-12 2.52035e-04 0.00000e+00 0.00000e+00 7.14180e-04
1.56812e+01 1.04794e-08 1.12983e-11 2.51682e-04 0.00000e+00 0.00000e+00 7.13179e-04
1.56885e+01 -1.54309e-11 -5.89707e-12 2.51329e-04 0.00000e+00 0.00000e+00 7.12181e-04
1.56958e+01 -1.06979e-08 1.17762e-11 2.50978e-04 0.00000e+00 0.00000e+00 7.11184e-04
1.57031e+01 -2.08847e-08 -5.41304e-12 2.50627e-04 0.00000e+00 0.00000e+00 7.10190e-04
1.57104e+01 -3.12129e-08 1.22073e-11 2.50276e-04 0.00000e+00 0.00000e+00 7.09197e-04
1.57178e+01 -4.10031e-08 -4.97673e-12 2.49926e-04 0.00000e+00 0.00000e+00 7.08206e-04
1.57251e+01 -5.08914e-08 1.25900e-11 2.49577e-04 0.00000e+00 0.00000e+00 7.07217e-04
1.57324e+01 -6.02026e-08 -4.58922e-12 2.49229e-04 0.00000e+00 0.00000e+00 7.06230e-04
1.57397e+01 -6.95719e-08 1.29235e-11 2.48881e-04 0.00000e+00 0.00000e+00 7.05244e-04
1.57471e+01 -7.83283e-08 -4.25146e-12 2.48534e-04 0.00000e+00 0.00000e+00 7.04261e-04
1.57544e+01 -8.71062e-08 1.32071e-11 2.48188e-04 0.00000e+00 0.00000e+00 7.03279e-04
1.57617e+01 -9.52392e-08 -3.96365e-12 2.47842e-04 0.00000e+00 0.00000e+00 7.02299e-04
1.57690e+01 -1.03361e-07 1.34405e-11 2.47497e-04 0.00000e+00 0.00000e+00 7.01321e-04
1.57764e+01 -1.10810e-07 -3.72576e-12 2.47152e-04 0.00000e+00 0.00000e+00 7.00344e-04
1.57837e+01 -1.18219e-07 1.36243e-11 2.46808e-04 0.00000e+00 0.00000e+00 6.99370e-04
1.57910e+01 -1.24930e-07 -3.53745e-12 2.46465e-04 0.00000e+00 0.00000e+00 6.98397e-04
1.57983e+01 -1.31577e-07 1.37589e-11 2.46122e-04 0.00000e+00 0.00000e+00 6.97426e-04
1.58057e+01 -1.37507e-07 -3.39779e-12 2.45780e-04 0.00000e+00 0.00000e+00 6.96457e-04
1.58130e+01 -1.43352e-07 1.38455e-11 2.45439e-04 0.00000e+00 0.00000e+00 6.95490e-04
1.58203e+01 -1.48464e-07 -3.30562e-12 2.45098e-04 0.00000e+00 0.00000e+00 6.94524e-04
1.58276e+01 -1.53474e-07 1.38852e-11 2.44758e-04 0.00000e+00 0.00000e+00 6.93561e-04
1.58350e+01 -1.57741e-07 -3.25940e-12 2.44419e-04 0.00000e+00 0.00000e+00 6.92599e-04
1.58423e+01 -1.61894e-07 1.38799e-11 2.44080e-04 0.00000e+00 0.00000e+00 6.91639e-04
1.58496e+01 -1.65297e-07 -3.25730e-12 2.43742e-04 0.00000e+00 0.00000e+00 6.90680e-04
1.58569e+01 -1.68578e-07 1.38315e-11 2.43404e-04 0.00000e+00 0.00000e+00 6.89724e-04
1.58643e+01 -1.71106e-07 -3.29724e-12 2.43067e-04 0.00000e+00 0.00000e+00 6.88769e-04
1.58716e+01 -1.73510e-07 1.37422e-11 2.42731e-04 0.00000e+00 0.00000e+00 6.87816e-04
1.58789e+01 -1.75161e-07 -3.37688e-12 2.42395e-04 0.00000e+00 0.00000e+00 6.86864e-04
1.58862e+01 -1.76690e-07 1.36145e-11 2.42060e-04 0.00000e+00 0.00000e+00 6.85915e-04
1.58936e+01 -1.77471e-07 -3.49365e-12 2.41725e-04 0.00000e+00 0.00000e+00 6.84967e-04
1.59009e+01 -1.78135e-07 1.34510e-11 2.41391e-04 0.00000e+00 0.00000e+00 6.84021e-04
1.59082e+01 -1.78060e-07 -3.64488e-12 2.41058e-04 0.00000e+00 0.00000e+00 6.83076e-04
1.59155e+01 -1.77877e-07 1.32546e-11 2.40726e-04 0.00000e+00 0.00000e+00 6.82134e-04
1.59229e+01 -1.76969e-07 -3.82759e-12 2.40394e-04 0.00000e+00 0.00000e+00 6.81193e-04
1.59302e+01 -1.75965e-07 1.30281e-11 2.40062e-04 0.00000e+00 0.00000e+00 6.80254e-04
1.59375e+01 -1.74253e-07 -4.03892e-12 2.39731e-04 0.00000e+00 0.00000e+00 6.79316e-04
1.59448e+01 -1.72460e-07 1.27746e-11 2.39401e-04 0.00000e+00 0.00000e+00 6.78381e-04
1.59521e+01 -1.69979e-07 -4.27551e-12 2.39071e-04 0.00000e+00 0.00000e+00 6.77447e-04
1.59595e+01 -1.67437e-07 1.24974e-11 2.38743e-04 0.00000e+00 0.00000e+00 6.76514e-04
1.59668e+01 -1.64229e-07 -4.53438e-12 2.38414e-04 0.00000e+00 0.00000e+00 6.75584e-04
1.59741e+01 -1.60983e-07 1.21995e-11 2.38086e-04 0.00000e+00 0.00000e+00 6.74655e-04
1.59814e+01 -1.57097e-07 -4.81227e-12 2.37759e-04 0.00000e+00 0.00000e+00 6.73728e-04
1.59888e+01 -1.53197e-07 1.18842e-11 2.37433e-04 0.00000e+00 0.00000e+00 6.72802e-04
1.59961e+01 -1.48685e-07 -5.10599e-12 2.37107e-04 0.00000e+00 0.00000e+00 6.71879e-04
1.60034e+01 -1.44187e-07 1.15547e-11 2.36781e-04 0.00000e+00 0.00000e+00 6.70957e-04
1.60107e+01 -1.39107e-07 -5.41233e-12 2.36456e-04 0.00000e+00 0.00000e+00 6.70036e-04
1.60181e+01 -1.34069e-07 1.12141e-11 2.36132e-04 0.00000e+00 0.00000e+00 6.69118e-04
1.60254e+01 -1.28482e-07 -5.72813e-12 2.35809e-04 0.00000e+00 0.00000e+00 6.68201e-04
1.60327e+01 -1.22968e-07 1.08658e-11 2.35485e-04 0.00000e+00 0.00000e+00 6.67285e-04
1.60400e+01 -1.16938e-07 -6.05027e-12 2.35163e-04 0.00000e+00 0.00000e+00 6.66372e-04
1.60474e+01 -1.11013e-07 1.05125e-11 2.34841e-04 0.00000e+00 0.00000e+00 6.65460e-04
1.60547e+01 -1.04607e-07 -6.37593e-12 2.34520e-04 0.00000e+00 0.00000e+00 6.64549e-04
1.60620e+01 -9.83386e-08 1.01574e-11 2.34199e-04 0.00000e+00 0.00000e+00 6.63640e-04
1.60693e+01 -9.16253e-08 -6.70197e-12 2.33879e-04 0.00000e+00 0.00000e+00 6.62733e-04
1.60767e+01 -8.50826e-08 9.80316e-12 2.33560e-04 0.00000e+00 0.00000e+00 6.61828e-04
1.60840e+01 -7.81311e-08 -7.02576e-12 2.33241e-04 0.00000e+00 0.00000e+00 6.60924e-04
1.60913e+01 -7.13841e-08 9.45250e-12 2.32922e-04 0.00000e+00 0.00000e+00 6.60022e-04
1.60986e+01 -6.42643e-08 -7.34463e-12 2.32605e-04 0.00000e+00 0.00000e+00 6.59122e-04
1.61060e+01 -5.73828e-08 9.10799e-12 2.32287e-04 0.00000e+00 0.00000e+00 6.58223e-04
1.61133e+01 -5.01645e-08 -7.65619e-12 2.31971e-04 0.00000e+00 0.00000e+00 6.57326e-04
1.61206e+01 -4.32177e-08 8.77203e-12 2.31655e-04 0.00000e+00 0.00000e+00 6.56430e-04
1.61279e+01 -3.59694e-08 -7.95811e-12 2.31339e-04 0.00000e+00 0.00000e+00 6.55536e-04
1.61353e+01 -2.90253e-08 8.44684e-12 2.31024e-04 0.00000e+00 0.00000e+00 6.54644e-04
1.61426e+01 -2.18142e-08 -8.24826e-12 2.30710e-04 0.00000e+00 0.00000e+00 6.53753e-04
1.61499e+01 -1.49391e-08 8.13441e-12 2.30396e-04 0.00000e+00 0.00000e+00 6.52864e-04
1.61572e+01 -7.83029e-09 -8.52479e-12 2.30083e-04 0.00000e+00 0.00000e+00 6.51977e-04
1.61646e+01 -1.08785e-09 7.83645e-12 2.29771e-04 0.00000e+00 0.00000e+00 6.51091e-04
1.61719e+01 5.85637e-09 -8.78582e-12 2.29459e-04 0.00000e+00 0.00000e+00 6.50207e-04
1.61792e+01 1.24053e-08 7.55483e-12 2.29147e-04 0.00000e+00 0.00000e+00 6.49324e-04
1.61865e+01 1.91258e-08 -9.03007e-12 2.28836e-04 0.00000e+00 0.00000e+00 6.48443e-04
1.61938e+01 2.54238e-08 7.29079e-12 2.28526e-04 0.00000e+00 0.00000e+00 6.47564e-04
1.62012e+01 3.18649e-08 -9.25594e-12 2.28216e-04 0.00000e+00 0.00000e+00 6.46686e-04
1.62085e+01 3.78585e-08 7.04553e-12 2.27907e-04 0.00000e+00 0.00000e+00 6.45810e-04
1.62158e+01 4.39690e-08 -9.46258e-12 2.27598e-04 0.00000e+00 0.00000e+00 6.44935e-04
1.62231e+01 4.96089e-08 6.82013e-12 2.27290e-04 0.00000e+00 0.00000e+00 6.44062e-04
1.62305e+01 5.53416e-08 -9.64893e-12 2.26982e-04 0.00000e+00 0.00000e+00 6.43190e-04
1.62378e+01 6.05832e-08 6.61533e-12 2.26675e-04 0.00000e+00 0.00000e+00 6.42320e-04
1.62451e+01 6.58960e-08 -9.81437e-12 2.26369e-04 0.00000e+00 0.00000e+00 6.41452e-04
1.62524e+01 7.06995e-08 6.43180e-12 2.26063e-04 0.00000e+00 0.00000e+00 6.40585e-04
1.62598e+01 7.55552e-08 -9.95836e-12 2.25758e-04 0.00000e+00 0.00000e+00 6.39720e-04
1.62671e+01 7.98860e-08 6.26992e-12 2.25453e-04 0.00000e+00 0.00000e+00 6.38856e-04
1.62744e+01 8.42527e-08 -1.00806e-11 2.25149e-04 0.00000e+00 0.00000e+00 6.37994e-04
1.62817e+01 8.80817e-08 6.12989e-12 2.24845e-04 0.00000e+00 0.00000e+00 6.37133e-04
1.62891e+01 9.19328e-08 -1.01810e-11 2.24542e-04 0.00000e+00 0.00000e+00 6.36274e-04
1.62964e+01 9.52362e-08 6.01167e-12 2.24239e-04 0.00000e+00 0.00000e+00 6.35417e-04
1.63037e+01 9.85508e-08 -1.02595e-11 2.23937e-04 0.00000e+00 0.00000e+00 6.34561e-04
1.63110e+01 1.01310e-07 5.91517e-12 2.23636e-04 0.00000e+00 0.00000e+00 6.33706e-04
1.63184e+01 1.04073e-07 -1.03166e-11 2.23335e-04 0.00000e+00 0.00000e+00 6.32854e-04
1.63257e+01 1.06276e-07 5.84014e-12 2.23034e-04 0.00000e+00 0.00000e+00 6.32002e-04
1.63330e+01 1.08477e-07 -1.03525e-11 2.22734e-04 0.00000e+00 0.00000e+00 6.31152e-04
1.63403e+01 1.10116e-07 5.78596e-12 2.22435e-04 0.00000e+00 0.00000e+00 6.30304e-04
1.63477e+01 1.11750e-07 -1.03678e-11 2.22136e-04 0.00000e+00 0.00000e+00 6.29457e-04
1.63550e+01 1.12824e-07 5.75208e-12 2.21838e-04 0.00000e+00 0.00000e+00 6.28612e-04
1.63623e+01 1.13894e-07 -1.03630e-11 2.21540e-04 0.00000e+00 0.00000e+00 6.27768e-04
1.63696e+01 1.14406e-07 5.73773e-12 2.21243e-04 0.00000e+00 0.00000e+00 6.26926e-04
1.63770e+01 1.14917e-07 -1.03393e-11 2.20946e-04 0.00000e+00 0.00000e+00 6.26085e-04
1.63843e+01 1.14876e-07 5.74204e-12 2.20650e-04 0.00000e+00 0.00000e+00 6.25246e-04
1.63916e+01 1.14839e-07 -1.02975e-11 2.20354e-04 0.00000e+00 0.00000e+00 6.24408e-04
1.63989e+01 1.14260e-07 5.76401e-12 2.20059e-04 0.00000e+00 0.00000e+00 6.23572e-04
1.64062e+01 1.13691e-07 -1.02386e-11 2.19764e-04 0.00000e+00 0.00000e+00 6.22737e-04
1.64136e+01 1.12591e-07 5.80254e-12 2.19470e-04 0.00000e+00 0.00000e+00 6.21904e-04
1.64209e+01 1.11512e-07 -1.01636e-11 2.19177e-04 0.00000e+00 0.00000e+00 6.21072e-04
1.64282e+01 1.09914e-07 5.85643e-12 2.18884e-04 0.00000e+00 0.00000e+00 6.20242e-04
1.64355e+01 1.08349e-07 -1.00739e-11 2.18591e-04 0.00000e+00 0.00000e+00 6.19413e-04
1.64429e+01 1.06280e-07 5.92440e-12 2.18299e-04 0.00000e+00 0.00000e+00 6.18586e-04
1.64502e+01 1.04258e-07 -9.97079e-12 2.18008e-04 0.00000e+00 0.00000e+00 6.17760e-04
1.64575e+01 1.01748e-07 6.00533e-12 2.17717e-04 0.00000e+00 0.00000e+00 6.16935e-04
1.64648e+01 9.93012e-08 -9.85552e-12 2.17427e-04 0.00000e+00 0.00000e+00 6.16112e-04
1.64722e+01 9.63855e-08 6.09770e-12 2.17137e-04 0.00000e+00 0.00000e+00 6.15291e-04
1.64795e+01 9.35490e-08 -9.72942e-12 2.16847e-04 0.00000e+00 0.00000e+00 6.14471e-04
1.64868e+01 9.02636e-08 6.20021e-12 2.16558e-04 0.00000e+00 0.00000e+00 6.13652e-04
1.64941e+01 8.70756e-08 -9.59393e-12 2.16270e-04 0.00000e+00 0.00000e+00 6.12835e-04
1.65015e+01 8.34598e-08 6.31140e-12 2.15982e-04 0.00000e+00 0.00000e+00 6.12019e-04
1.65088e+01 7.99608e-08 -9.45049e-12 2.15695e-04 0.00000e+00 0.00000e+00 6.11205e-04
1.65161e+01 7.60557e-08 6.42989e-12 2.15408e-04 0.00000e+00 0.00000e+00 6.10392e-04
1.65234e+01 7.22878e-08 -9.30037e-12 2.15122e-04 0.00000e+00 0.00000e+00 6.09581e-04
1.65308e+01 6.81366e-08 6.55433e-12 2.14836e-04 0.00000e+00 0.00000e+00 6.08771e-04
1.65381e+01 6.41434e-08 -9.14517e-12 2.14551e-04 0.00000e+00 0.00000e+00 6.07963e-04
1.65454e+01 5.97899e-08 6.68329e-12 2.14266e-04 0.00000e+00 0.00000e+00 6.07156e-04
1.65527e+01 5.56159e-08 -8.98611e-12 2.13981e-04 0.00000e+00 0.00000e+00 6.06350e-04
1.65601e+01 5.11051e-08 6.81539e-12 2.13698e-04 0.00000e+00 0.00000e+00 6.05546e-04
1.65674e+01 4.67953e-08 -8.82454e-12 2.13414e-04 0.00000e+00 0.00000e+00 6.04743e-04
1.65747e+01 4.21723e-08 6.94932e-12 2.13132e-04 0.00000e+00 0.00000e+00 6.03942e-04
1.65820e+01 3.77717e-08 -8.66182e-12 2.12849e-04 0.00000e+00 0.00000e+00 6.03142e-04
1.65894e+01 3.30814e-08 7.08392e-12 2.12567e-04 0.00000e+00 0.00000e+00 6.02343e-04
1.65967e+01 2.86349e-08 -8.49909e-12 2.12286e-04 0.00000e+00 0.00000e+00 6.01546e-04
1.66040e+01 2.39217e-08 7.21777e-12 2.12005e-04 0.00000e+00 0.00000e+00 6.00751e-04
1.66113e+01 1.94731e-08 -8.33773e-12 2.11725e-04 0.00000e+00 0.00000e+00 5.99956e-04
1.66187e+01 1.47804e-08 7.34988e-12 2.11445e-04 0.00000e+00 0.00000e+00 5.99163e-04
1.66260e+01 1.03727e-08 -8.17875e-12 2.11166e-04 0.00000e+00 0.00000e+00 5.98372e-04
1.66333e+01 5.74265e-09 7.47903e-12 2.10887e-04 0.00000e+00 0.00000e+00 5.97582e-04
1.66406e+01 1.41703e-09 -8.02317e-12 2.10609e-04 0.00000e+00 0.00000e+00 5.96793e-04
1.66479e+01 -3.10999e-09 7.60423e-12 2.10331e-04 0.00000e+00 0.00000e+00 5.96006e-04
1.66553e+01 -7.31406e-09 -7.87202e-12 2.10054e-04 0.00000e+00 0.00000e+00 5.95220e-04
1.66626e+01 -1.16997e-08 7.72453e-12 2.09777e-04 0.00000e+00 0.00000e+00 5.94435e-04
1.66699e+01 -1.57449e-08 -7.72627e-12 2.09500e-04 0.00000e+00 0.00000e+00 5.93652e-04
1.66772e+01 -1.99531e-08 7.83916e-12 2.09224e-04 0.00000e+00 0.00000e+00 5.92870e-04
1.66846e+01 -2.38048e-08 -7.58672e-12 2.08949e-04 0.00000e+00 0.00000e+00 5.92090e-04
1.66919e+01 -2.78020e-08 7.94729e-12 2.08674e-04 0.00000e+00 0.00000e+00 5.91311e-04
1.66992e+01 -3.14282e-08 -7.45395e-12 2.08400e-04 0.00000e+00 0.00000e+00 5.90533e-04
1.67065e+01 -3.51839e-08 8.04818e-12 2.08126e-04 0.00000e+00 0.00000e+00 5.89757e-04
1.67139e+01 -3.85554e-08 -7.32878e-12 2.07852e-04 0.00000e+00 0.00000e+00 5.88982e-04
1.67212e+01 -4.20421e-08 8.14121e-12 2.07579e-04 0.00000e+00 0.00000e+00 5.88208e-04
1.67285e+01 -4.51329e-08 -7.21168e-12 2.07307e-04 0.00000e+00 0.00000e+00 5.87436e-04
1.67358e+01 -4.83264e-08 8.22591e-12 2.07035e-04 0.00000e+00 0.00000e+00 5.86665e-04
1.67432e+01 -5.11140e-08 -7.10319e-12 2.06763e-04 0.00000e+00 0.00000e+00 5.85895e-04
1.67505e+01 -5.39933e-08 8.30202e-12 2.06492e-04 0.00000e+00 0.00000e+00 5.85127e-04
1.67578e+01 -5.64585e-08 -7.00362e-12 2.06221e-04 0.00000e+00 0.00000e+00 5.84360e-04
1.67651e+01 -5.90061e-08 8.36894e-12 2.05951e-04 0.00000e+00 0.00000e+00 5.83595e-04
1.67725e+01 -6.11333e-08 -6.91329e-12 2.05681e-04 0.00000e+00 0.00000e+00 5.82831e-04
1.67798e+01 -6.33354e-08 8.42661e-12 2.05412e-04 0.00000e+00 0.00000e+00 5.82068e-04
1.67871e+01 -6.51124e-08 -6.83239e-12 2.05143e-04 0.00000e+00 0.00000e+00 5.81306e-04
1.67944e+01 -6.69589e-08 8.47477e-12 2.04875e-04 0.00000e+00 0.00000e+00 5.80546e-04
1.68018e+01 -6.83772e-08 -6.76097e-12 2.04607e-04 0.00000e+00 0.00000e+00 5.79787e-04
1.68091e+01 -6.98612e-08 8.51343e-12 2.04340e-04 0.00000e+00 0.00000e+00 5.79030e-04
1.68164e+01 -7.09161e-08 -6.69921e-12 2.04073e-04 0.00000e+00 0.00000e+00 5.78273e-04
1.68237e+01 -7.20345e-08 8.54251e-12 2.03807e-04 0.00000e+00 0.00000e+00 5.77518e-04
1.68311e+01 -7.27245e-08 -6.64688e-12 2.03541e-04 0.00000e+00 0.00000e+00 5.76765e-04
1.68384e+01 -7.34777e-08 8.56211e-12 2.03275e-04 0.00000e+00 0.00000e+00 5.76012e-04
1.68457e+01 -7.38048e-08 -6.60404e-12 2.03010e-04 0.00000e+00 0.00000e+00 5.75261e-04
1.68530e+01 -7.41967e-08 8.57244e-12 2.02746e-04 0.00000e+00 0.00000e+00 5.74512e-04
1.68604e+01 -7.41664e-08 -6.57033e-12 2.02482e-04 0.00000e+00 0.00000e+00 5.73763e-04
1.68677e+01 -7.42038e-08 8.57372e-12 2.02218e-04 0.00000e+00 0.00000e+00 5.73016e-04
1.68750e+01 -7.38247e-08 -6.54557e-12 2.01955e-04 0.00000e+00 0.00000e+00 5.72270e-04
1.68823e+01 -7.35179e-08 8.56627e-12 2.01692e-04 0.00000e+00 0.00000e+00 5.71526e-04
1.68896e+01 -7.28017e-08 -6.52954e-12 2.01430e-04 0.00000e+00 0.00000e+00 5.70783e-04
1.68970e+01 -7.21637e-08 8.55035e-12 2.01168e-04 0.00000e+00 0.00000e+00 5.70041e-04
1.69043e+01 -7.11249e-08 -6.52169e-12 2.00907e-04 0.00000e+00 0.00000e+00 5.69300e-04
1.69116e+01 -7.01716e-08 8.52638e-12 2.00646e-04 0.00000e+00 0.00000e+00 5.68561e-04
1.69189e+01 -6.88272e-08 -6.52181e-12 2.00385e-04 0.00000e+00 0.00000e+00 5.67823e-04
1.69263e+01 -6.75770e-08 8.49476e-12 2.00125e-04 0.00000e+00 0.00000e+00 5.67086e-04
1.69336e+01 -6.59467e-08 -6.52920e-12 1.99866e-04 0.00000e+00 0.00000e+00 5.66350e-04
1.69409e+01 -6.44202e-08 8.45612e-12 1.99606e-04 0.00000e+00 0.00000e+00 5.65616e-04
1.69482e+01 -6.25255e-08 -6.54348e-12 1.99348e-04 0.00000e+00 0.00000e+00 5.64883e-04
1.69556e+01 -6.07455e-08 8.41083e-12 1.99090e-04 0.00000e+00 0.00000e+00 5.64152e-04
1.69629e+01 -5.86101e-08 -6.56415e-12 1.98832e-04 0.00000e+00 0.00000e+00 5.63421e-04
1.69702e+01 -5.66009e-08 8.35957e-12 1.98574e-04 0.00000e+00 0.00000e+00 5.62692e-04
1.69775e+01 -5.42500e-08 -6.59061e-12 1.98318e-04 0.00000e+00 0.00000e+00 5.61964e-04
1.69849e+01 -5.20376e-08 8.30275e-12 1.98061e-04 0.00000e+00 0.00000e+00 5.61237e-04
1.69922e+01 -4.94978e-08 -6.62219e-12 1.97805e-04 0.00000e+00 0.00000e+00 5.60512e-04
1.69995e+01 -4.71092e-08 8.24111e-12 1.97550e-04 0.00000e+00 0.00000e+00 5.59788e-04
1.70068e+01 -4.44082e-08 -6.65839e-12 1.97294e-04 0.00000e+00 0.00000e+00 5.59065e-04
1.70142e+01 -4.18716e-08 8.17520e-12 1.97040e-04 0.00000e+00 0.00000e+00 5.58343e-04
1.70215e+01 -3.90377e-08 -6.69860e-12 1.96785e-04 0.00000e+00 0.00000e+00 5.57623e-04
1.70288e+01 -3.63819e-08 8.10565e-12 1.96532e-04 0.00000e+00 0.00000e+00 5.56903e-04
1.70361e+01 -3.34440e-08 -6.74211e-12 1.96278e-04 0.00000e+00 0.00000e+00 5.56185e-04
1.70435e+01 -3.06979e-08 8.03304e-12 1.96025e-04 0.00000e+00 0.00000e+00 5.55469e-04
1.70508e+01 -2.76852e-08 -6.78848e-12 1.95773e-04 0.00000e+00 0.00000e+00 5.54753e-04
1.70581e+01 -2.48779e-08 7.95802e-12 1.95521e-04 0.00000e+00 0.00000e+00 5.54039e-04
1.70654e+01 -2.18194e-08 -6.83700e-12 1.95269e-04 0.00000e+00 0.00000e+00 5.53326e-04
1.70728e+01 -1.89799e-08 7.88121e-12 1.95018e-04 0.00000e+00 0.00000e+00 5.52614e-04
1.70801e+01 -1.59043e-08 -6.88704e-12 1.94767e-04 0.00000e+00 0.00000e+00 5.51903e-04
1.70874e+01 -1.30610e-08 7.80308e-12 1.94517e-04 0.00000e+00 0.00000e+00 5.51194e-04
1.70947e+01 -9.99651e-09 -6.93805e-12 1.94267e-04 0.00000e+00 0.00000e+00 5.50486e-04
1.71021e+01 -7.17718e-09 7.72439e-12 1.94017e-04 0.00000e+00 0.00000e+00 5.49779e-04
1.71094e+01 -4.15099e-09 -6.98943e-12 1.93768e-04 0.00000e+00 0.00000e+00 5.49073e-04
1.71167e+01 -1.38239e-09 7.64551e-12 1.93520e-04 0.00000e+00 0.00000e+00 5.48369e-04
1.71240e+01 1.57928e-09 -7.04069e-12 1.93272e-04 0.00000e+00 0.00000e+00 5.47665e-04
1.71313e+01 4.27156e-09 7.56707e-12 1.93024e-04 0.00000e+00 0.00000e+00 5.46963e-04
1.71387e+01 7.14380e-09 -7.09132e-12 1.92776e-04 0.00000e+00 0.00000e+00 5.46262e-04
1.71460e+01 9.73558e-09 7.48961e-12 1.92529e-04 0.00000e+00 0.00000e+00 5.45563e-04
1.71533e+01 1.24950e-08 -7.14081e-12 1.92283e-04 0.00000e+00 0.00000e+00 5.44864e-04
1.71606e+01 1.49636e-08 7.41345e-12 1.92037e-04 0.00000e+00 0.00000e+00 5.44167e-04
1.71680e+01 1.75884e-08 -7.18868e-12 1.91791e-04 0.00000e+00 0.00000e+00 5.43470e-04
1.71753e+01 1.99131e-08 7.33921e-12 1.91546e-04 0.00000e+00 0.00000e+00 5.42775e-04
1.71826e+01 2.23834e-08 -7.23455e-12 1.91301e-04 0.00000e+00 0.00000e+00 5.42082e-04
1.71899e+01 2.45452e-08 7.26715e-12 1.91057e-04 0.00000e+00 0.00000e+00 5.41389e-04
1.71973e+01 2.68430e-08 -7.27802e-12 1.90813e-04 0.00000e+00 0.00000e+00 5.40698e-04
1.72046e+01 2.88249e-08 7.19776e-12 1.90569e-04 0.00000e+00 0.00000e+00 5.40007e-04
1.72119e+01 3.09344e-08 -7.31875e-12 1.90326e-04 0.00000e+00 0.00000e+00 5.39318e-04
1.72192e+01 3.27217e-08 7.13133e-12 1.90083e-04 0.00000e+00 0.00000e+00 5.38630e-04
1.72266e+01 3.46291e-08 -7.35645e-12 1.89841e-04 0.00000e+00 0.00000e+00 5.37944e-04
1.72339e+01 3.62091e-08 7.06809e-12 1.89599e-04 0.00000e+00 0.00000e+00 5.37258e-04
1.72412e+01 3.79031e-08 -7.39068e-12 1.89357e-04 0.00000e+00 0.00000e+00 5.36574e-04
1.72485e+01 3.92656e-08 7.00836e-12 1.89116e-04 0.00000e+00 0.00000e+00 5.35890e-04
1.72559e+01 4.07369e-08 -7.42138e-12 1.88875e-04 0.00000e+00 0.00000e+00 5.35208e-04
1.72632e+01 4.18738e-08 6.95235e-12 1.88635e-04 0.00000e+00 0.00000e+00 5.34527e-04
1.72705e+01 4.31156e-08 -7.44838e-12 1.88395e-04 0.00000e+00 0.00000e+00 5.33848e-04
1.72778e+01 4.40213e-08 6.90019e-12 1.88156e-04 0.00000e+00 0.00000e+00 5.33169e-04
1.72852e+01 4.50291e-08 -7.47141e-12 1.87917e-04 0.00000e+00 0.00000e+00 5.32492e-04
1.72925e+01 4.57002e-08 6.85201e-12 1.87678e-04 0.00000e+00 0.00000e+00 5.31815e-04
1.72998e+01 4.64718e-08 -7.49034e-12 1.87440e-04 0.00000e+00 0.00000e+00 5.31140e-04
1.73071e+01 4.69072e-08 6.80801e-12 1.87202e-04 0.00000e+00 0.00000e+00 5.30466e-04
1.73145e+01 4.74426e-08 -7.50518e-12 1.86964e-04 0.00000e+00 0.00000e+00 5.29793e-04
1.73218e+01 4.76435e-08 6.76818e-12 1.86727e-04 0.00000e+00 0.00000e+00 5.29121e-04
1.73291e+01 4.79450e-08 -7.51584e-12 1.86491e-04 0.00000e+00 0.00000e+00 5.28451e-04
1.73364e+01 4.79147e-08 6.73251e-12 1.86254e-04 0.00000e+00 0.00000e+00 5.27781e-04
1.73438e+01 4.79866e-08 -7.52240e-12 1.86019e-04 0.00000e+00 0.00000e+00 5.27113e-04
1.73511e+01 4.77304e-08 6.70106e-12 1.85783e-04 0.00000e+00 0.00000e+00 5.26446e-04
1.73584e+01 4.75791e-08 -7.52478e-12 1.85548e-04 0.00000e+00 0.00000e+00 5.25780e-04
1.73657e+01 4.71045e-08 6.67372e-12 1.85313e-04 0.00000e+00 0.00000e+00 5.25115e-04
1.73730e+01 4.67384e-08 -7.52306e-12 1.85079e-04 0.00000e+00 0.00000e+00 5.24451e-04
1.73804e+01 4.60545e-08 6.65051e-12 1.84845e-04 0.00000e+00 0.00000e+00 5.23788e-04
1.73877e+01 4.54836e-08 -7.51741e-12 1.84612e-04 0.00000e+00 0.00000e+00 5.23126e-04
1.73950e+01 4.46015e-08 6.63123e-12 1.84379e-04 0.00000e+00 0.00000e+00 5.22466e-04
1.74023e+01 4.38375e-08 -7.50781e-12 1.84146e-04 0.00000e+00 0.00000e+00 5.21806e-04
1.74097e+01 4.27695e-08 6.61585e-12 1.83914e-04 0.00000e+00 0.00000e+00 5.21148e-04
1.74170e+01 4.18257e-08 -7.49454e-12 1.83682e-04 0.00000e+00 0.00000e+00 5.20491e-04
1.74243e+01 4.05858e-08 6.60403e-12 1.83450e-04 0.00000e+00 0.00000e+00 5.19835e-04
1.74316e+01 3.94767e-08 -7.47766e-12 1.83219e-04 0.00000e+00 0.00000e+00 5.19180e-04
1.74390e+01 3.80800e-08 6.59577e-12 1.82988e-04 0.00000e+00 0.00000e+00 5.18526e-04
1.74463e+01 3.68214e-08 -7.45745e-12 1.82758e-04 0.00000e+00 0.00000e+00 5.17873e-04
1.74536e+01 3.52841e-08 6.59081e-12 1.82528e-04 0.00000e+00 0.00000e+00 5.17222e-04
1.74609e+01 3.38926e-08 -7.43407e-12 1.82298e-04 0.00000e+00 0.00000e+00 5.16571e-04
1.74683e+01 3.22318e-08 6.58884e-12 1.82069e-04 0.00000e+00 0.00000e+00 5.15921e-04
1.74756e+01 3.07250e-08 -7.40763e-12 1.81840e-04 0.00000e+00 0.00000e+00 5.15273e-04
1.74829e+01 2.89585e-08 6.58984e-12 1.81612e-04 0.00000e+00 0.00000e+00 5.14626e-04
1.74902e+01 2.73543e-08 -7.37859e-12 1.81384e-04 0.00000e+00 0.00000e+00 5.13980e-04
1.74976e+01 2.55006e-08 6.59342e-12 1.81156e-04 0.00000e+00 0.00000e+00 5.13334e-04
1.75049e+01 2.38176e-08 -7.34715e-12 1.80929e-04 0.00000e+00 0.00000e+00 5.12690e-04
1.75122e+01 2.18952e-08 6.59935e-12 1.80702e-04 0.00000e+00 0.00000e+00 5.12047e-04
1.75195e+01 2.01522e-08 -7.31340e-12 1.80475e-04 0.00000e+00 0.00000e+00 5.11405e-04
1.75269e+01 1.81799e-08 6.60736e-12 1.80249e-04 0.00000e+00 0.00000e+00 5.10764e-04
1.75342e+01 1.63957e-08 -7.27777e-12 1.80023e-04 0.00000e+00 0.00000e+00 5.10125e-04
1.75415e+01 1.43924e-08 6.61722e-12 1.79798e-04 0.00000e+00 0.00000e+00 5.09486e-04
1.75488e+01 1.25857e-08 -7.24055e-12 1.79573e-04 0.00000e+00 0.00000e+00 5.08848e-04
1.75562e+01 1.05699e-08 6.62857e-12 1.79348e-04 0.00000e+00 0.00000e+00 5.08212e-04
1.75635e+01 8.75915e-09 -7.20186e-12 1.79124e-04 0.00000e+00 0.00000e+00 5.07576e-04
1.75708e+01 6.74905e-09 6.64128e-12 1.78900e-04 0.00000e+00 0.00000e+00 5.06942e-04
1.75781e+01 4.95224e-09 -7.16208e-12 1.78677e-04 0.00000e+00 0.00000e+00 5.06308e-04
1.75854e+01 2.96556e-09 6.65503e-12 1.78453e-04 0.00000e+00 0.00000e+00 5.05676e-04
1.75928e+01 1.20002e-09 -7.12135e-12 1.78231e-04 0.00000e+00 0.00000e+00 5.05045e-04
1.76001e+01 -7.46243e-10 6.66943e-12 1.78008e-04 0.00000e+00 0.00000e+00 5.04414e-04
1.76074e+01 -2.46390e-09 -7.08006e-12 1.77786e-04 0.00000e+00 0.00000e+00 5.03785e-04
1.76147e+01 -4.35357e-09 6.68442e-12 1.77565e-04 0.00000e+00 0.00000e+00 5.03157e-04
1.76221e+01 -6.00762e-09 -7.03843e-12 1.77343e-04 0.00000e+00 0.00000e+00 5.02530e-04
1.76294e+01 -7.82546e-09 6.69970e-12 1.77122e-04 0.00000e+00 0.00000e+00 5.01904e-04
1.76367e+01 -9.40120e-09 -6.99665e-12 1.76902e-04 0.00000e+00 0.00000e+00 5.01279e-04
1.76440e+01 -1.11331e-08 6.71495e-12 1.76681e-04 0.00000e+00 0.00000e+00 5.00655e-04
1.76514e+01 -1.26169e-08 -6.95511e-12 1.76462e-04 0.00000e+00 0.00000e+00 5.00032e-04
1.76587e+01 -1.42498e-08 6.72998e-12 1.76242e-04 0.00000e+00 0.00000e+00 4.99410e-04
1.76660e+01 -1.56294e-08 -6.91383e-12 1.76023e-04 0.00000e+00 0.00000e+00 4.98789e-04
1.76733e+01 -1.71516e-08 6.74458e-12 1.75804e-04 0.00000e+00 0.00000e+00 4.98169e-04
1.76807e+01 -1.84159e-08 -6.87316e-12 1.75586e-04 0.00000e+00 0.00000e+00 4.97550e-04
1.76880e+01 -1.98171e-08 6.75859e-12 1.75368e-04 0.00000e+00 0.00000e+00 4.96932e-04
1.76953e+01 -2.09563e-08 -6.83324e-12 1.75150e-04 0.00000e+00 0.00000e+00 4.96316e-04
1.77026e+01 -2.22274e-08 6.77169e-12 1.74933e-04 0.00000e+00 0.00000e+00 4.95700e-04
1.77100e+01 -2.32334e-08 -6.79426e-12 1.74716e-04 0.00000e+00 0.00000e+00 4.95085e-04
1.77173e+01 -2.43670e-08 6.78383e-12 1.74499e-04 0.00000e+00 0.00000e+00 4.94471e-04
1.77246e+01 -2.52329e-08 -6.75642e-12 1.74283e-04 0.00000e+00 0.00000e+00 4.93859e-04
1.77319e+01 -2.62229e-08 6.79480e-12 1.74067e-04 0.00000e+00 0.00000e+00 4.93247e-04
1.77393e+01 -2.69434e-08 -6.71977e-12 1.73852e-04 0.00000e+00 0.00000e+00 4.92636e-04
1.77466e+01 -2.77852e-08 6.80453e-12 1.73637e-04 0.00000e+00 0.00000e+00 4.92027e-04
1.77539e+01 -2.83565e-08 -6.68455e-12 1.73422e-04 0.00000e+00 0.00000e+00 4.91418e-04
1.77612e+01 -2.90471e-08 6.81274e-12 1.73207e-04 0.00000e+00 0.00000e+00 4.90810e-04
1.77686e+01 -2.94670e-08 -6.65086e-12 1.72993e-04 0.00000e+00 0.00000e+00 4.90203e-04
1.77759e+01 -3.00048e-08 6.81949e-12 1.72779e-04 0.00000e+00 0.00000e+00 4.89598e-04
1.77832e+01 -3.02724e-08 -6.61879e-12 1.72566e-04 0.00000e+00 0.00000e+00 4.88993e-04
1.77905e+01 -3.06573e-08 6.82456e-12 1.72353e-04 0.00000e+00 0.00000e+00 4.88389e-04
1.77979e+01 -3.07732e-08 -6.58829e-12 1.72140e-04 0.00000e+00 0.00000e+00 4.87787e-04
1.78052e+01 -3.10066e-08 6.82804e-12 1.71928e-04 0.00000e+00 0.00000e+00 4.87185e-04
1.78125e+01 -3.09729e-08 -6.55965e-12 1.71716e-04 0.00000e+00 0.00000e+00 4.86584e-04
1.78198e+01 -3.10574e-08 6.82965e-12 1.71504e-04 0.00000e+00 0.00000e+00 4.85985e-04
1.78271e+01 -3.08774e-08 -6.53275e-12 1.71293e-04 0.00000e+00 0.00000e+00 4.85386e-04
1.78345e+01 -3.08171e-08 6.82956e-12 1.71082e-04 0.00000e+00 0.00000e+00 4.84788e-04
1.78418e+01 -3.04954e-08 -6.50779e-12 1.70871e-04 0.00000e+00 0.00000e+00 4.84191e-04
1.78491e+01 -3.02957e-08 6.82763e-12 1.70661e-04 0.00000e+00 0.00000e+00 4.83595e-04
1.78564e+01 -2.98382e-08 -6.48456e-12 1.70451e-04 0.00000e+00 0.00000e+00 4.83001e-04
1.78638e+01 -2.95053e-08 6.82390e-12 1.70242e-04 0.00000e+00 0.00000e+00 4.82407e-04
1.78711e+01 -2.89190e-08 -6.46323e-12 1.70032e-04 0.00000e+00 0.00000e+00 4.81814e-04
1.78784e+01 -2.84606e-08 6.81833e-12 1.69824e-04 0.00000e+00 0.00000e+00 4.81222e-04
1.78857e+01 -2.77535e-08 -6.44377e-12 1.69615e-04 0.00000e+00 0.00000e+00 4.80631e-04
1.78931e+01 -2.71779e-08 6.81092e-12 1.69407e-04 0.00000e+00 0.00000e+00 4.80041e-04
1.79004e+01 -2.63589e-08 -6.42607e-12 1.69199e-04 0.00000e+00 0.00000e+00 4.79452e-04
1.79077e+01 -2.56755e-08 6.80180e-12 1.68991e-04 0.00000e+00 0.00000e+00 4.78864e-04
1.79150e+01 -2.47543e-08 -6.41008e-12 1.68784e-04 0.00000e+00 0.00000e+00 4.78277e-04
1.79224e+01 -2.39732e-08 6.79106e-12 1.68577e-04 0.00000e+00 0.00000e+00 4.77691e-04
1.79297e+01 -2.29604e-08 -6.39581e-12 1.68371e-04 0.00000e+00 0.00000e+00 4.77106e-04
1.79370e+01 -2.20923e-08 6.77858e-12 1.68165e-04 0.00000e+00 0.00000e+00 4.76521e-04
1.79443e+01 -2.09987e-08 -6.38322e-12 1.67959e-04 0.00000e+00 0.00000e+00 4.75938e-04
1.79517e+01 -2.00550e-08 6.76454e-12 1.67753e-04 0.00000e+00 0.00000e+00 4.75356e-04
1.79590e+01 -1.88922e-08 -6.37220e-12 1.67548e-04 0.00000e+00 0.00000e+00 4.74774e-04
1.79663e+01 -1.78844e-08 6.74912e-12 1.67343e-04 0.00000e+00 0.00000e+00 4.74194e-04
1.79736e+01 -1.66642e-08 -6.36269e-12 1.67139e-04 0.00000e+00 0.00000e+00 4.73615e-04
1.79810e+01 -1.56044e-08 6.73212e-12 1.66935e-04 0.00000e+00 0.00000e+00 4.73036e-04
1.79883e+01 -1.43388e-08 -6.35442e-12 1.66731e-04 0.00000e+00 0.00000e+00 4.72459e-04
1.79956e+01 -1.32391e-08 6.71393e-12 1.66527e-04 0.00000e+00 0.00000e+00 4.71882e-04
1.80029e+01 -1.19403e-08 -6.34754e-12 1.66324e-04 0.00000e+00 0.00000e+00 4.71306e-04
1.80103e+01 -1.08128e-08 6.69453e-12 1.66121e-04 0.00000e+00 0.00000e+00 4.70731e-04
1.80176e+01 -9.49307e-09 -6.34187e-12 1.65919e-04 0.00000e+00 0.00000e+00 4.70158e-04
1.80249e+01 -8.34995e-09 6.67398e-12 1.65717e-04 0.00000e+00 0.00000e+00 4.69585e-04
1.80322e+01 -7.02119e-09 -6.33714e-12 1.65515e-04 0.00000e+00 0.00000e+00 4.69013e-04
1.80396e+01 -5.87438e-09 6.65243e-12 1.65313e-04 0.00000e+00 0.00000e+00 4.68442e-04
1.80469e+01 -4.54845e-09 -6.33352e-12 1.65112e-04 0.00000e+00 0.00000e+00 4.67872e-04
1.80542e+01 -3.40959e-09 6.63009e-12 1.64911e-04 0.00000e+00 0.00000e+00 4.67302e-04
1.80615e+01 -2.09795e-09 -6.33065e-12 1.64711e-04 0.00000e+00 0.00000e+00 4.66734e-04
1.80688e+01 -9.78324e-10 6.60691e-12 1.64511e-04 0.00000e+00 0.00000e+00 4.66167e-04
1.80762e+01 3.07987e-10 -6.32863e-12 1.64311e-04 0.00000e+00 0.00000e+00 4.65600e-04
1.80835e+01 1.39759e-09 6.58316e-12 1.64111e-04 0.00000e+00 0.00000e+00 4.65035e-04
1.80908e+01 2.64806e-09 -6.32702e-12 1.63912e-04 0.00000e+00 0.00000e+00 4.64470e-04
1.80981e+01 3.69743e-09 6.55890e-12 1.63713e-04 0.00000e+00 0.00000e+00 4.63907e-04
1.81055e+01 4.90214e-09 -6.32605e-12 1.63514e-04 0.00000e+00 0.00000e+00 4.63344e-04
1.81128e+01 5.90169e-09 6.53419e-12 1.63316e-04 0.00000e+00 0.00000e+00 4.62782e-04
1.81201e+01 7.05144e-09 -6.32537e-12 1.63118e-04 0.00000e+00 0.00000e+00 4.62221e-04
1.81274e+01 7.99232e-09 6.50922e-12 1.62921e-04 0.00000e+00 0.00000e+00 4.61661e-04
1.81348e+01 9.07863e-09 -6.32498e-12 1.62723e-04 0.00000e+00 0.00000e+00 4.61102e-04
1.81421e+01 9.95277e-09 6.48402e-12 1.62526e-04 0.00000e+00 0.00000e+00 4.60544e-04
1.81494e+01 1.09680e-08 -6.32476e-12 1.62330e-04 0.00000e+00 0.00000e+00 4.59986e-04
1.81567e+01 1.17682e-08 6.45887e-12 1.62133e-04 0.00000e+00 0.00000e+00 4.59430e-04
1.81641e+01 1.27055e-08 -6.32453e-12 1.61937e-04 0.00000e+00 0.00000e+00 4.58874e-04
1.81714e+01 1.34254e-08 6.43369e-12 1.61741e-04 0.00000e+00 0.00000e+00 4.58320e-04
1.81787e+01 1.42789e-08 -6.32428e-12 1.61546e-04 0.00000e+00 0.00000e+00 4.57766e-04
1.81860e+01 1.49131e-08 6.40862e-12 1.61351e-04 0.00000e+00 0.00000e+00 4.57213e-04
1.81934e+01 1.56779e-08 -6.32388e-12 1.61156e-04 0.00000e+00 0.00000e+00 4.56661e-04
1.82007e+01 1.62218e-08 6.38386e-12 1.60962e-04 0.00000e+00 0.00000e+00 4.56110e-04
1.82080e+01 1.68939e-08 -6.32320e-12 1.60767e-04 0.00000e+00 0.00000e+00 4.55560e-04
1.82153e+01 1.73441e-08 6.35938e-12 1.60574e-04 0.00000e+00 0.00000e+00 4.55011e-04
1.82227e+01 1.79205e-08 -6.32223e-12 1.60380e-04 0.00000e+00 0.00000e+00 4.54462e-04
1.82300e+01 1.82744e-08 6.33526e-12 1.60187e-04 0.00000e+00 0.00000e+00 4.53915e-04
1.82373e+01 1.87530e-08 -6.32085e-12 1.59994e-04 0.00000e+00 0.00000e+00 4.53368e-04
1.82446e+01 1.90090e-08 6.31168e-12 1.59801e-04 0.00000e+00 0.00000e+00 4.52822e-04
1.82520e+01 1.93887e-08 -6.31893e-12 1.59609e-04 0.00000e+00 0.00000e+00 4.52277e-04
1.82593e+01 1.95463e-08 6.28857e-12 1.59417e-04 0.00000e+00 0.00000e+00 4.51733e-04
1.82666e+01 1.98269e-08 -6.31651e-12 1.59225e-04 0.00000e+00 0.00000e+00 4.51190e-04
1.82739e+01 1.98863e-08 6.26614e-12 1.59034e-04 0.00000e+00 0.00000e+00 4.50648e-04
1.82812e+01 2.00688e-08 -6.31354e-12 1.58843e-04 0.00000e+00 0.00000e+00 4.50106e-04
1.82886e+01 2.00313e-08 6.24433e-12 1.58652e-04 0.00000e+00 0.00000e+00 4.49566e-04
1.82959e+01 2.01171e-08 -6.30979e-12 1.58462e-04 0.00000e+00 0.00000e+00 4.49026e-04
1.83032e+01 1.99848e-08 6.22328e-12 1.58271e-04 0.00000e+00 0.00000e+00 4.48487e-04
1.83105e+01 1.99766e-08 -6.30540e-12 1.58082e-04 0.00000e+00 0.00000e+00 4.47949e-04
1.83179e+01 1.97524e-08 6.20289e-12 1.57892e-04 0.00000e+00 0.00000e+00 4.47412e-04
1.83252e+01 1.96536e-08 -6.30031e-12 1.57703e-04 0.00000e+00 0.00000e+00 4.46876e-04
1.83325e+01 1.93413e-08 6.18327e-12 1.57514e-04 0.00000e+00 0.00000e+00 4.46340e-04
1.83398e+01 1.91558e-08 -6.29444e-12 1.57325e-04 0.00000e+00 0.00000e+00 4.45806e-04
1.83472e+01 1.87598e-08 6.16449e-12 1.57137e-04 0.00000e+00 0.00000e+00 4.45272e-04
1.83545e+01 1.84925e-08 -6.28788e-12 1.56949e-04 0.00000e+00 0.00000e+00 4.44739e-04
1.83618e+01 1.80180e-08 6.14652e-12 1.56761e-04 0.00000e+00 0.00000e+00 4.44207e-04
1.83691e+01 1.76743e-08 -6.28043e-12 1.56574e-04 0.00000e+00 0.00000e+00 4.43676e-04
1.83765e+01 1.71269e-08 6.12933e-12 1.56387e-04 0.00000e+00 0.00000e+00 4.43146e-04
1.83838e+01 1.67129e-08 -6.27221e-12 1.56200e-04 0.00000e+00 0.00000e+00 4.42617e-04
1.83911e+01 1.60989e-08 6.11303e-12 1.56013e-04 0.00000e+00 0.00000e+00 4.42088e-04
1.83984e+01 1.56210e-08 -6.26324e-12 1.55827e-04 0.00000e+00 0.00000e+00 4.41560e-04
1.84058e+01 1.49472e-08 6.09739e-12 1.55641e-04 0.00000e+00 0.00000e+00 4.41033e-04
1.84131e+01 1.44123e-08 -6.25350e-12 1.55455e-04 0.00000e+00 0.00000e+00 4.40507e-04
1.84204e+01 1.36857e-08 6.08272e-12 1.55270e-04 0.00000e+00 0.00000e+00 4.39982e-04
1.84277e+01 1.31012e-08 -6.24296e-12 1.55085e-04 0.00000e+00 0.00000e+00 4.39457e-04
1.84351e+01 1.23292e-08 6.06882e-12 1.54900e-04 0.00000e+00 0.00000e+00 4.38934e-04
1.84424e+01 1.17025e-08 -6.23171e-12 1.54716e-04 0.00000e+00 0.00000e+00 4.38411e-04
1.84497e+01 1.08928e-08 6.05561e-12 1.54531e-04 0.00000e+00 0.00000e+00 4.37889e-04
1.84570e+01 1.02317e-08 -6.21968e-12 1.54348e-04 0.00000e+00 0.00000e+00 4.37368e-04
1.84644e+01 9.39206e-09 6.04312e-12 1.54164e-04 0.00000e+00 0.00000e+00 4.36848e-04
1.84717e+01 8.70438e-09 -6.20705e-12 1.53981e-04 0.00000e+00 0.00000e+00 4.36328e-04
1.84790e+01 7.84268e-09 6.03139e-12 1.53798e-04 0.00000e+00 0.00000e+00 4.35810e-04
1.84863e+01 7.13632e-09 -6.19366e-12 1.53615e-04 0.00000e+00 0.00000e+00 4.35292e-04
1.84937e+01 6.26043e-09 6.02031e-12 1.53432e-04 0.00000e+00 0.00000e+00 4.34775e-04
1.85010e+01 5.54322e-09 -6.17973e-12 1.53250e-04 0.00000e+00 0.00000e+00 4.34259e-04
1.85083e+01 4.66095e-09 6.00985e-12 1.53068e-04 0.00000e+00 0.00000e+00 4.33744e-04
1.85156e+01 3.94063e-09 -6.16515e-12 1.52887e-04 0.00000e+00 0.00000e+00 4.33229e-04
1.85229e+01 3.05963e-09 5.99995e-12 1.52706e-04 0.00000e+00 0.00000e+00 4.32715e-04
1.85303e+01 2.34377e-09 -6.15010e-12 1.52525e-04 0.00000e+00 0.00000e+00 4.32202e-04
1.85376e+01 1.47149e-09 5.99068e-12 1.52344e-04 0.00000e+00 0.00000e+00 4.31690e-04
1.85449e+01 7.67411e-10 -6.13458e-12 1.52163e-04 0.00000e+00 0.00000e+00 4.31179e-04
1.85522e+01 -8.89787e-11 5.98185e-12 1.51983e-04 0.00000e+00 0.00000e+00 4.30669e-04
1.85596e+01 -7.74269e-10 -6.11861e-12 1.51803e-04 0.00000e+00 0.00000e+00 4.30159e-04
1.85669e+01 -1.60793e-09 5.97345e-12 1.51624e-04 0.00000e+00 0.00000e+00 4.29650e-04
1.85742e+01 -2.26778e-09 -6.10216e-12 1.51445e-04 0.00000e+00 0.00000e+00 4.29142e-04
1.85815e+01 -3.07227e-09 5.96544e-12 1.51266e-04 0.00000e+00 0.00000e+00 4.28635e-04
1.85889e+01 -3.70043e-09 -6.08550e-12 1.51087e-04 0.00000e+00 0.00000e+00 4.28128e-04
1.85962e+01 -4.46974e-09 5.95777e-12 1.50908e-04 0.00000e+00 0.00000e+00 4.27623e-04
1.86035e+01 -5.06045e-09 -6.06855e-12 1.50730e-04 0.00000e+00 0.00000e+00 4.27118e-04
1.86108e+01 -5.78905e-09 5.95040e-12 1.50552e-04 0.00000e+00 0.00000e+00 4.26614e-04
1.86182e+01 -6.33704e-09 -6.05130e-12 1.50375e-04 0.00000e+00 0.00000e+00 4.26110e-04
1.86255e+01 -7.01993e-09 5.94329e-12 1.50197e-04 0.00000e+00 0.00000e+00 4.25608e-04
1.86328e+01 -7.52048e-09 -6.03390e-12 1.50020e-04 0.00000e+00 0.00000e+00 4.25106e-04
1.86401e+01 -8.15321e-09 5.93628e-12 1.49844e-04 0.00000e+00 0.00000e+00 4.24605e-04
1.86475e+01 -8.60215e-09 -6.01637e-12 1.49667e-04 0.00000e+00 0.00000e+00 4.24105e-04
1.86548e+01 -9.18086e-09 5.92951e-12 1.49491e-04 0.00000e+00 0.00000e+00 4.23606e-04
1.86621e+01 -9.57462e-09 -5.99874e-12 1.49315e-04 0.00000e+00 0.00000e+00 4.23107e-04
1.86694e+01 -1.00961e-08 5.92279e-12 1.49139e-04 0.00000e+00 0.00000e+00 4.22610e-04
1.86768e+01 -1.04317e-08 -5.98106e-12 1.48964e-04 0.00000e+00 0.00000e+00 4.22113e-04
1.86841e+01 -1.08932e-08 5.91611e-12 1.48789e-04 0.00000e+00 0.00000e+00 4.21616e-04
1.86914e+01 -1.11684e-08 -5.96345e-12 1.48614e-04 0.00000e+00 0.00000e+00 4.21121e-04
1.86987e+01 -1.15680e-08 5.90937e-12 1.48439e-04 0.00000e+00 0.00000e+00 4.20626e-04
1.87061e+01 -1.17810e-08 -5.94587e-12 1.48265e-04 0.00000e+00 0.00000e+00 4.20132e-04
1.87134e+01 -1.21173e-08 5.90270e-12 1.48091e-04 0.00000e+00 0.00000e+00 4.19639e-04
1.87207e+01 -1.22671e-08 -5.92839e-12 1.47917e-04 0.00000e+00 0.00000e+00 4.19147e-04
1.87280e+01 -1.25393e-08 5.89587e-12 1.47744e-04 0.00000e+00 0.00000e+00 4.18655e-04
1.87354e+01 -1.26254e-08 -5.91107e-12 1.47571e-04 0.00000e+00 0.00000e+00 4.18164e-04
1.87427e+01 -1.28334e-08 5.88892e-12 1.47398e-04 0.00000e+00 0.00000e+00 4.17674e-04
1.87500e+01 -1.28560e-08 -5.89390e-12 1.47225e-04 0.00000e+00 0.00000e+00 4.17185e-04
1.87573e+01 -1.30003e-08 5.88178e-12 1.47053e-04 0.00000e+00 0.00000e+00 4.16697e-04
1.87646e+01 -1.29601e-08 -5.87681e-12 1.46880e-04 0.00000e+00 0.00000e+00 4.16209e-04
1.87720e+01 -1.30416e-08 5.87446e-12 1.46709e-04 0.00000e+00 0.00000e+00 4.15722e-04
1.87793e+01 -1.29399e-08 -5.86020e-12 1.46537e-04 0.00000e+00 0.00000e+00 4.15236e-04
1.87866e+01 -1.29603e-08 5.86694e-12 1.46366e-04 0.00000e+00 0.00000e+00 4.14750e-04
1.87939e+01 -1.27991e-08 -5.84372e-12 1.46195e-04 0.00000e+00 0.00000e+00 4.14266e-04
1.88013e+01 -1.27605e-08 5.85916e-12 1.46024e-04 0.00000e+00 0.00000e+00 4.13782e-04
1.88086e+01 -1.25420e-08 -5.82755e-12 1.45853e-04 0.00000e+00 0.00000e+00 4.13298e-04
1.88159e+01 -1.24470e-08 5.85110e-12 1.45683e-04 0.00000e+00 0.00000e+00 4.12816e-04
1.88232e+01 -1.21741e-08 -5.81162e-12 1.45513e-04 0.00000e+00 0.00000e+00 4.12334e-04
1.88306e+01 -1.20258e-08 5.84278e-12 1.45343e-04 0.00000e+00 0.00000e+00 4.11853e-04
1.88379e+01 -1.17018e-08 -5.79620e-12 1.45174e-04 0.00000e+00 0.00000e+00 4.11373e-04
1.88452e+01 -1.15037e-08 5.83408e-12 1.45005e-04 0.00000e+00 0.00000e+00 4.10894e-04
1.88525e+01 -1.11323e-08 -5.78098e-12 1.44836e-04 0.00000e+00 0.00000e+00 4.10415e-04
1.88599e+01 -1.08881e-08 5.82514e-12 1.44667e-04 0.00000e+00 0.00000e+00 4.09937e-04
1.88672e+01 -1.04733e-08 -5.76617e-12 1.44499e-04 0.00000e+00 0.00000e+00 4.09460e-04
1.88745e+01 -1.01874e-08 5.81583e-12 1.44331e-04 0.00000e+00 0.00000e+00 4.08983e-04
1.88818e+01 -9.73353e-09 -5.75170e-12 1.44163e-04 0.00000e+00 0.00000e+00 4.08508e-04
1.88892e+01 -9.41027e-09 5.80625e-12 1.43995e-04 0.00000e+00 0.00000e+00 4.08032e-04
1.88965e+01 -8.92188e-09 -5.73761e-12 1.43828e-04 0.00000e+00 0.00000e+00 4.07558e-04
1.89038e+01 -8.56597e-09 5.79620e-12 1.43661e-04 0.00000e+00 0.00000e+00 4.07085e-04
1.89111e+01 -8.04786e-09 -5.72386e-12 1.43494e-04 0.00000e+00 0.00000e+00 4.06612e-04
1.89185e+01 -7.66417e-09 5.78594e-12 1.43327e-04 0.00000e+00 0.00000e+00 4.06140e-04
1.89258e+01 -7.12128e-09 -5.71051e-12 1.43161e-04 0.00000e+00 0.00000e+00 4.05668e-04
1.89331e+01 -6.71480e-09 5.77535e-12 1.42995e-04 0.00000e+00 0.00000e+00 4.05198e-04
1.89404e+01 -6.15218e-09 -5.69751e-12 1.42829e-04 0.00000e+00 0.00000e+00 4.04728e-04
1.89478e+01 -5.72799e-09 5.76435e-12 1.42663e-04 0.00000e+00 0.00000e+00 4.04259e-04
1.89551e+01 -5.15072e-09 -5.68487e-12 1.42498e-04 0.00000e+00 0.00000e+00 4.03790e-04
1.89624e+01 -4.71394e-09 5.75302e-12 1.42333e-04 0.00000e+00 0.00000e+00 4.03323e-04
1.89697e+01 -4.12712e-09 -5.67255e-12 1.42168e-04 0.00000e+00 0.00000e+00 4.02856e-04
1.89771e+01 -3.68283e-09 5.74142e-12 1.42004e-04 0.00000e+00 0.00000e+00 4.02389e-04
1.89844e+01 -3.09152e-09 -5.66058e-12 1.41839e-04 0.00000e+00 0.00000e+00 4.01924e-04
1.89917e+01 -2.64474e-09 5.72951e-12 1.41675e-04 0.00000e+00 0.00000e+00 4.01459e-04
1.89990e+01 -2.05392e-09 -5.64898e-12 1.41511e-04 0.00000e+00 0.00000e+00 4.00995e-04
1.90063e+01 -1.60956e-09 5.71733e-12 1.41348e-04 0.00000e+00 0.00000e+00 4.00532e-04
1.90137e+01 -1.02405e-09 -5.63768e-12 1.41185e-04 0.00000e+00 0.00000e+00 4.00069e-04
1.90210e+01 -5.86867e-10 5.70490e-12 1.41022e-04 0.00000e+00 0.00000e+00 3.99607e-04
1.90283e+01 -1.13469e-11 -5.62654e-12 1.40859e-04 0.00000e+00 0.00000e+00 3.99146e-04
1.90356e+01 4.14100e-10 5.69217e-12 1.40696e-04 0.00000e+00 0.00000e+00 3.98685e-04
1.90430e+01 9.75190e-10 -5.61579e-12 1.40534e-04 0.00000e+00 0.00000e+00 3.98225e-04
1.90503e+01 1.38457e-09 5.67924e-12 1.40372e-04 0.00000e+00 0.00000e+00 3.97766e-04
1.90576e+01 1.92703e-09 -5.60525e-12 1.40210e-04 0.00000e+00 0.00000e+00 3.97308e-04
1.90649e+01 2.31627e-09 5.66612e-12 1.40049e-04 0.00000e+00 0.00000e+00 3.96850e-04
1.90723e+01 2.83618e-09 -5.59503e-12 1.39887e-04 0.00000e+00 0.00000e+00 3.96393e-04
1.90796e+01 3.20153e-09 5.65277e-12 1.39726e-04 0.00000e+00 0.00000e+00 3.95937e-04
1.90869e+01 3.69529e-09 -5.58488e-12 1.39566e-04 0.00000e+00 0.00000e+00 3.95481e-04
1.90942e+01 4.03329e-09 5.63928e-12 1.39405e-04 0.00000e+00 0.00000e+00 3.95026e-04
1.91016e+01 4.49763e-09 -5.57495e-12 1.39245e-04 0.00000e+00 0.00000e+00 3.94572e-04
1.91089e+01 4.80519e-09 5.62564e-12 1.39085e-04 0.00000e+00 0.00000e+00 3.94118e-04
1.91162e+01 5.23719e-09 -5.56523e-12 1.38925e-04 0.00000e+00 0.00000e+00 3.93665e-04
1.91235e+01 5.51160e-09 5.61184e-12 1.38765e-04 0.00000e+00 0.00000e+00 3.93213e-04
1.91309e+01 5.90873e-09 -5.55565e-12 1.38606e-04 0.00000e+00 0.00000e+00 3.92762e-04
1.91382e+01 6.14762e-09 5.59801e-12 1.38447e-04 0.00000e+00 0.00000e+00 3.92311e-04
1.91455e+01 6.50774e-09 -5.54615e-12 1.38288e-04 0.00000e+00 0.00000e+00 3.91861e-04
1.91528e+01 6.70919e-09 5.58412e-12 1.38129e-04 0.00000e+00 0.00000e+00 3.91412e-04
1.91602e+01 7.03055e-09 -5.53675e-12 1.37971e-04 0.00000e+00 0.00000e+00 3.90963e-04
1.91675e+01 7.19299e-09 5.57005e-12 1.37813e-04 0.00000e+00 0.00000e+00 3.90515e-04
1.91748e+01 7.47426e-09 -5.52746e-12 1.37655e-04 0.00000e+00 0.00000e+00 3.90068e-04
1.91821e+01 7.59657e-09 5.55596e-12 1.37498e-04 0.00000e+00 0.00000e+00 3.89621e-04
1.91895e+01 7.83680e-09 -5.51821e-12 1.37340e-04 0.00000e+00 0.00000e+00 3.89175e-04
1.91968e+01 7.91825e-09 5.54195e-12 1.37183e-04 0.00000e+00 0.00000e+00 3.88730e-04
1.92041e+01 8.11693e-09 -5.50896e-12 1.37026e-04 0.00000e+00 0.00000e+00 3.88285e-04
1.92114e+01 8.15718e-09 5.52795e-12 1.36869e-04 0.00000e+00 0.00000e+00 3.87841e-04
1.92188e+01 8.31418e-09 -5.49978e-12 1.36713e-04 0.00000e+00 0.00000e+00 3.87398e-04
1.92261e+01 8.31331e-09 5.51394e-12 1.36557e-04 0.00000e+00 0.00000e+00 3.86955e-04
1.92334e+01 8.42889e-09 -5.49054e-12 1.36401e-04 0.00000e+00 0.00000e+00 3.86513e-04
1.92407e+01 8.38735e-09 5.50000e-12 1.36245e-04 0.00000e+00 0.00000e+00 3.86072e-04
1.92480e+01 8.46216e-09 -5.48129e-12 1.36090e-04 0.00000e+00 0.00000e+00 3.85632e-04
1.92554e+01 8.38077e-09 5.48610e-12 1.35934e-04 0.00000e+00 0.00000e+00 3.85192e-04
1.92627e+01 8.41581e-09 -5.47200e-12 1.35779e-04 0.00000e+00 0.00000e+00 3.84753e-04
1.92700e+01 8.29574e-09 5.47230e-12 1.35625e-04 0.00000e+00 0.00000e+00 3.84314e-04
1.92773e+01 8.29236e-09 -5.46264e-12 1.35470e-04 0.00000e+00 0.00000e+00 3.83876e-04
1.92847e+01 8.13513e-09 5.45855e-12 1.35316e-04 0.00000e+00 0.00000e+00 3.83439e-04
1.92920e+01 8.09499e-09 -5.45322e-12 1.35162e-04 0.00000e+00 0.00000e+00 3.83002e-04
1.92993e+01 7.90242e-09 5.44494e-12 1.35008e-04 0.00000e+00 0.00000e+00 3.82566e-04
1.93066e+01 7.82748e-09 -5.44375e-12 1.34854e-04 0.00000e+00 0.00000e+00 3.82131e-04
1.93140e+01 7.60167e-09 5.43147e-12 1.34701e-04 0.00000e+00 0.00000e+00 3.81697e-04
1.93213e+01 7.49418e-09 -5.43410e-12 1.34548e-04 0.00000e+00 0.00000e+00 3.81263e-04
1.93286e+01 7.23748e-09 5.41813e-12 1.34395e-04 0.00000e+00 0.00000e+00 3.80830e-04
1.93359e+01 7.09991e-09 -5.42439e-12 1.34242e-04 0.00000e+00 0.00000e+00 3.80397e-04
1.93433e+01 6.81493e-09 5.40492e-12 1.34090e-04 0.00000e+00 0.00000e+00 3.79965e-04
1.93506e+01 6.64998e-09 -5.41454e-12 1.33938e-04 0.00000e+00 0.00000e+00 3.79534e-04
1.93579e+01 6.33948e-09 5.39186e-12 1.33786e-04 0.00000e+00 0.00000e+00 3.79103e-04
1.93652e+01 6.15003e-09 -5.40456e-12 1.33634e-04 0.00000e+00 0.00000e+00 3.78673e-04
1.93726e+01 5.81698e-09 5.37896e-12 1.33483e-04 0.00000e+00 0.00000e+00 3.78244e-04
1.93799e+01 5.60606e-09 -5.39448e-12 1.33331e-04 0.00000e+00 0.00000e+00 3.77815e-04
1.93872e+01 5.25355e-09 5.36621e-12 1.33180e-04 0.00000e+00 0.00000e+00 3.77387e-04
1.93945e+01 5.02429e-09 -5.38429e-12 1.33029e-04 0.00000e+00 0.00000e+00 3.76960e-04
1.94019e+01 4.65551e-09 5.35363e-12 1.32879e-04 0.00000e+00 0.00000e+00 3.76533e-04
1.94092e+01 4.41115e-09 -5.37392e-12 1.32728e-04 0.00000e+00 0.00000e+00 3.76107e-04
1.94165e+01 4.02936e-09 5.34125e-12 1.32578e-04 0.00000e+00 0.00000e+00 3.75681e-04
1.94238e+01 3.77320e-09 -5.36341e-12 1.32428e-04 0.00000e+00 0.00000e+00 3.75256e-04
1.94312e+01 3.38170e-09 5.32903e-12 1.32279e-04 0.00000e+00 0.00000e+00 3.74832e-04
1.94385e+01 3.11704e-09 -5.35277e-12 1.32129e-04 0.00000e+00 0.00000e+00 3.74409e-04
1.94458e+01 2.71914e-09 5.31691e-12 1.31980e-04 0.00000e+00 0.00000e+00 3.73986e-04
1.94531e+01 2.44927e-09 -5.34199e-12 1.31831e-04 0.00000e+00 0.00000e+00 3.73564e-04
1.94604e+01 2.04826e-09 5.30504e-12 1.31682e-04 0.00000e+00 0.00000e+00 3.73142e-04
1.94678e+01 1.77645e-09 -5.33104e-12 1.31534e-04 0.00000e+00 0.00000e+00 3.72721e-04
1.94751e+01 1.37555e-09 5.29328e-12 1.31385e-04 0.00000e+00 0.00000e+00 3.72301e-04
1.94824e+01 1.10499e-09 -5.32002e-12 1.31237e-04 0.00000e+00 0.00000e+00 3.71881e-04
1.94897e+01 7.07341e-10 5.28169e-12 1.31089e-04 0.00000e+00 0.00000e+00 3.71462e-04
1.94971e+01 4.41122e-10 -5.30885e-12 1.30941e-04 0.00000e+00 0.00000e+00 3.71043e-04
1.95044e+01 4.97563e-11 5.27034e-12 1.30794e-04 0.00000e+00 0.00000e+00 3.70625e-04
1.95117e+01 -2.09151e-10 -5.29754e-12 1.30647e-04 0.00000e+00 0.00000e+00 3.70208e-04
1.95190e+01 -5.91337e-10 5.25905e-12 1.30500e-04 0.00000e+00 0.00000e+00 3.69792e-04
1.95264e+01 -8.40113e-10 -5.28610e-12 1.30353e-04 0.00000e+00 0.00000e+00 3.69376e-04
1.95337e+01 -1.21038e-09 5.24796e-12 1.30206e-04 0.00000e+00 0.00000e+00 3.68960e-04
1.95410e+01 -1.44638e-09 -5.27460e-12 1.30060e-04 0.00000e+00 0.00000e+00 3.68546e-04
1.95483e+01 -1.80217e-09 5.23699e-12 1.29914e-04 0.00000e+00 0.00000e+00 3.68132e-04
1.95557e+01 -2.02293e-09 -5.26292e-12 1.29768e-04 0.00000e+00 0.00000e+00 3.67718e-04
1.95630e+01 -2.36190e-09 5.22613e-12 1.29622e-04 0.00000e+00 0.00000e+00 3.67305e-04
1.95703e+01 -2.56516e-09 -5.25117e-12 1.29477e-04 0.00000e+00 0.00000e+00 3.66893e-04
1.95776e+01 -2.88516e-09 5.21535e-12 1.29332e-04 0.00000e+00 0.00000e+00 3.66481e-04
1.95850e+01 -3.06891e-09 -5.23938e-12 1.29187e-04 0.00000e+00 0.00000e+00 3.66070e-04
1.95923e+01 -3.36804e-09 5.20476e-12 1.29042e-04 0.00000e+00 0.00000e+00 3.65660e-04
1.95996e+01 -3.53048e-09 -5.22747e-12 1.28897e-04 0.00000e+00 0.00000e+00 3.65250e-04
1.96069e+01 -3.80707e-09 5.19426e-12 1.28753e-04 0.00000e+00 0.00000e+00 3.64841e-04
1.96143e+01 -3.94667e-09 -5.21559e-12 1.28609e-04 0.00000e+00 0.00000e+00 3.64432e-04
1.96216e+01 -4.19931e-09 5.18381e-12 1.28465e-04 0.00000e+00 0.00000e+00 3.64025e-04
1.96289e+01 -4.31478e-09 -5.20350e-12 1.28321e-04 0.00000e+00 0.00000e+00 3.63617e-04
1.96362e+01 -4.54232e-09 5.17348e-12 1.28177e-04 0.00000e+00 0.00000e+00 3.63210e-04
1.96436e+01 -4.63264e-09 -5.19143e-12 1.28034e-04 0.00000e+00 0.00000e+00 3.62804e-04
1.96509e+01 -4.83419e-09 5.16328e-12 1.27891e-04 0.00000e+00 0.00000e+00 3.62399e-04
1.96582e+01 -4.89859e-09 -5.17934e-12 1.27748e-04 0.00000e+00 0.00000e+00 3.61994e-04
1.96655e+01 -5.07352e-09 5.15299e-12 1.27605e-04 0.00000e+00 0.00000e+00 3.61590e-04
1.96729e+01 -5.11151e-09 -5.16720e-12 1.27463e-04 0.00000e+00 0.00000e+00 3.61186e-04
1.96802e+01 -5.25946e-09 5.14281e-12 1.27321e-04 0.00000e+00 0.00000e+00 3.60783e-04
1.96875e+01 -5.27081e-09 -5.15502e-12 1.27178e-04 0.00000e+00 0.00000e+00 3.60380e-04
1.96948e+01 -5.39167e-09 5.13270e-12 1.27037e-04 0.00000e+00 0.00000e+00 3.59978e-04
1.97021e+01 -5.37640e-09 -5.14286e-12 1.26895e-04 0.00000e+00 0.00000e+00 3.59577e-04
1.97095e+01 -5.47033e-09 5.12268e-12 1.26754e-04 0.00000e+00 0.00000e+00 3.59176e-04
1.97168e+01 -5.42871e-09 -5.13067e-12 1.26612e-04 0.00000e+00 0.00000e+00 3.58776e-04
1.97241e+01 -5.49610e-09 5.11268e-12 1.26471e-04 0.00000e+00 0.00000e+00 3.58377e-04
1.97314e+01 -5.42864e-09 -5.11853e-12 1.26331e-04 0.00000e+00 0.00000e+00 3.57978e-04
1.97388e+01 -5.47013e-09 5.10265e-12 1.26190e-04 0.00000e+00 0.00000e+00 3.57579e-04
1.97461e+01 -5.37758e-09 -5.10635e-12 1.26050e-04 0.00000e+00 0.00000e+00 3.57182e-04
1.97534e+01 -5.39402e-09 5.09259e-12 1.25910e-04 0.00000e+00 0.00000e+00 3.56784e-04
1.97607e+01 -5.27734e-09 -5.09426e-12 1.25770e-04 0.00000e+00 0.00000e+00 3.56388e-04
1.97681e+01 -5.26979e-09 5.08247e-12 1.25630e-04 0.00000e+00 0.00000e+00 3.55992e-04
1.97754e+01 -5.13014e-09 -5.08221e-12 1.25490e-04 0.00000e+00 0.00000e+00 3.55597e-04
1.97827e+01 -5.09986e-09 5.07250e-12 1.25351e-04 0.00000e+00 0.00000e+00 3.55202e-04
1.97900e+01 -4.93859e-09 -5.07015e-12 1.25212e-04 0.00000e+00 0.00000e+00 3.54807e-04
1.97974e+01 -4.88702e-09 5.06246e-12 1.25073e-04 0.00000e+00 0.00000e+00 3.54414e-04
1.98047e+01 -4.70564e-09 -5.05811e-12 1.24934e-04 0.00000e+00 0.00000e+00 3.54021e-04
1.98120e+01 -4.63438e-09 5.05234e-12 1.24796e-04 0.00000e+00 0.00000e+00 3.53628e-04
1.98193e+01 -4.43456e-09 -5.04629e-12 1.24657e-04 0.00000e+00 0.00000e+00 3.53236e-04
1.98267e+01 -4.34534e-09 5.04226e-12 1.24519e-04 0.00000e+00 0.00000e+00 3.52845e-04
1.98340e+01 -4.12889e-09 -5.03436e-12 1.24381e-04 0.00000e+00 0.00000e+00 3.52454e-04
1.98413e+01 -4.02355e-09 5.03215e-12 1.24244e-04 0.00000e+00 0.00000e+00 3.52064e-04
1.98486e+01 -3.79237e-09 -5.02268e-12 1.24106e-04 0.00000e+00 0.00000e+00 3.51675e-04
1.98560e+01 -3.67289e-09 5.02191e-12 1.23969e-04 0.00000e+00 0.00000e+00 3.51285e-04
1.98633e+01 -3.42897e-09 -5.01086e-12 1.23832e-04 0.00000e+00 0.00000e+00 3.50897e-04
1.98706e+01 -3.29738e-09 5.01170e-12 1.23695e-04 0.00000e+00 0.00000e+00 3.50509e-04
1.98779e+01 -3.04279e-09 -4.99913e-12 1.23558e-04 0.00000e+00 0.00000e+00 3.50122e-04
1.98853e+01 -2.90118e-09 5.00143e-12 1.23422e-04 0.00000e+00 0.00000e+00 3.49735e-04
1.98926e+01 -2.63803e-09 -4.98758e-12 1.23286e-04 0.00000e+00 0.00000e+00 3.49349e-04
1.98999e+01 -2.48852e-09 4.99112e-12 1.23149e-04 0.00000e+00 0.00000e+00 3.48963e-04
1.99072e+01 -2.21896e-09 -4.97600e-12 1.23014e-04 0.00000e+00 0.00000e+00 3.48578e-04
1.99146e+01 -2.06371e-09 4.98075e-12 1.22878e-04 0.00000e+00 0.00000e+00 3.48194e-04
1.99219e+01 -1.78987e-09 -4.96465e-12 1.22742e-04 0.00000e+00 0.00000e+00 3.47810e-04
1.99292e+01 -1.63102e-09 4.97039e-12 1.22607e-04 0.00000e+00 0.00000e+00 3.47427e-04
1.99365e+01 -1.35503e-09 -4.95325e-12 1.22472e-04 0.00000e+00 0.00000e+00 3.47044e-04
1.99438e+01 -1.19470e-09 4.95997e-12 1.22337e-04 0.00000e+00 0.00000e+00 3.46662e-04
1.99512e+01 -9.18665e-10 -4.94199e-12 1.22203e-04 0.00000e+00 0.00000e+00 3.46280e-04
1.99585e+01 -7.58918e-10 4.94935e-12 1.22068e-04 0.00000e+00 0.00000e+00 3.45899e-04
1.99658e+01 -4.84881e-10 -4.93082e-12 1.21934e-04 0.00000e+00 0.00000e+00 3.45518e-04
1.99731e+01 -3.27734e-10 4.93884e-12 1.21800e-04 0.00000e+00 0.00000e+00 3.45138e-04
1.99805e+01 -5.76677e-11 -4.91972e-12 1.21666e-04 0.00000e+00 0.00000e+00 3.44759e-04
1.99878e+01 9.49458e-11 4.92807e-12 1.21532e-04 0.00000e+00 0.00000e+00 3.44380e-04
1.99951e+01 3.59157e-10 -4.90872e-12 1.21399e-04 0.00000e+00 0.00000e+00 3.44002e-04
2.00024e+01 5.05399e-10 4.91744e-12 1.21265e-04 0.00000e+00 0.00000e+00 3.43624e-04
2.00098e+01 7.61970e-10 -4.89774e-12 1.21132e-04 0.00000e+00 0.00000e+00 3.43247e-04
2.00171e+01 9.00111e-10 4.90670e-12 1.20999e-04 0.00000e+00 0.00000e+00 3.42870e-04
2.00244e+01 1.14737e-09 -4.88686e-12 1.20866e-04 0.00000e+00 0.00000e+00 3.42494e-04
2.00317e+01 1.27581e-09 4.89593e-12 1.20734e-04 0.00000e+00 0.00000e+00 3.42119e-04
2.00391e+01 1.51222e-09 -4.87611e-12 1.20602e-04 0.00000e+00 0.00000e+00 3.41744e-04
2.00464e+01 1.62948e-09 4.88508e-12 1.20469e-04 0.00000e+00 0.00000e+00 3.41369e-04
2.00537e+01 1.85365e-09 -4.86541e-12 1.20338e-04 0.00000e+00 0.00000e+00 3.40995e-04
2.00610e+01 1.95840e-09 4.87424e-12 1.20206e-04 0.00000e+00 0.00000e+00 3.40622e-04
2.00684e+01 2.16908e-09 -4.85471e-12 1.20074e-04 0.00000e+00 0.00000e+00 3.40249e-04
2.00757e+01 2.26015e-09 4.86332e-12 1.19943e-04 0.00000e+00 0.00000e+00 3.39877e-04
2.00830e+01 2.45624e-09 -4.84414e-12 1.19812e-04 0.00000e+00 0.00000e+00 3.39505e-04
2.00903e+01 2.53262e-09 4.85239e-12 1.19681e-04 0.00000e+00 0.00000e+00 3.39134e-04
2.00977e+01 2.71319e-09 -4.83358e-12 1.19550e-04 0.00000e+00 0.00000e+00 3.38763e-04
2.01050e+01 2.77403e-09 4.84143e-12 1.19419e-04 0.00000e+00 0.00000e+00 3.38393e-04
2.01123e+01 2.93832e-09 -4.82318e-12 1.19289e-04 0.00000e+00 0.00000e+00 3.38024e-04
2.01196e+01 2.98294e-09 4.83042e-12 1.19159e-04 0.00000e+00 0.00000e+00 3.37655e-04
2.01270e+01 3.13036e-09 -4.81274e-12 1.19029e-04 0.00000e+00 0.00000e+00 3.37286e-04
2.01343e+01 3.15825e-09 4.81944e-12 1.18899e-04 0.00000e+00 0.00000e+00 3.36918e-04
2.01416e+01 3.28838e-09 -4.80245e-12 1.18769e-04 0.00000e+00 0.00000e+00 3.36551e-04
2.01489e+01 3.29921e-09 4.80838e-12 1.18640e-04 0.00000e+00 0.00000e+00 3.36184e-04
2.01562e+01 3.41180e-09 -4.79211e-12 1.18510e-04 0.00000e+00 0.00000e+00 3.35818e-04
2.01636e+01 3.40540e-09 4.79733e-12 1.18381e-04 0.00000e+00 0.00000e+00 3.35452e-04
2.01709e+01 3.50037e-09 -4.78182e-12 1.18252e-04 0.00000e+00 0.00000e+00 3.35087e-04
2.01782e+01 3.47674e-09 4.78630e-12 1.18124e-04 0.00000e+00 0.00000e+00 3.34722e-04
2.01855e+01 3.55417e-09 -4.77161e-12 1.17995e-04 0.00000e+00 0.00000e+00 3.34358e-04
2.01929e+01 3.51348e-09 4.77514e-12 1.17867e-04 0.00000e+00 0.00000e+00 3.33994e-04
2.02002e+01 3.57361e-09 -4.76141e-12 1.17739e-04 0.00000e+00 0.00000e+00 3.33631e-04
2.02075e+01 3.51618e-09 4.76412e-12 1.17611e-04 0.00000e+00 0.00000e+00 3.33268e-04
2.02148e+01 3.55941e-09 -4.75117e-12 1.17483e-04 0.00000e+00 0.00000e+00 3.32906e-04
2.02222e+01 3.48570e-09 4.75297e-12 1.17355e-04 0.00000e+00 0.00000e+00 3.32544e-04
2.02295e+01 3.51257e-09 -4.74108e-12 1.17228e-04 0.00000e+00 0.00000e+00 3.32183e-04
2.02368e+01 3.42321e-09 4.74196e-12 1.17101e-04 0.00000e+00 0.00000e+00 3.31823e-04
2.02441e+01 3.43440e-09 -4.73094e-12 1.16973e-04 0.00000e+00 0.00000e+00 3.31463e-04
2.02515e+01 3.33012e-09 4.73093e-12 1.16847e-04 0.00000e+00 0.00000e+00 3.31103e-04
2.02588e+01 3.32645e-09 -4.72082e-12 1.16720e-04 0.00000e+00 0.00000e+00 3.30744e-04
2.02661e+01 3.20810e-09 4.71994e-12 1.16593e-04 0.00000e+00 0.00000e+00 3.30386e-04
2.02734e+01 3.19049e-09 -4.71071e-12 1.16467e-04 0.00000e+00 0.00000e+00 3.30028e-04
2.02808e+01 3.05907e-09 4.70887e-12 1.16341e-04 0.00000e+00 0.00000e+00 3.29670e-04
2.02881e+01 3.02853e-09 -4.70062e-12 1.16215e-04 0.00000e+00 0.00000e+00 3.29313e-04
2.02954e+01 2.88510e-09 4.69783e-12 1.16089e-04 0.00000e+00 0.00000e+00 3.28957e-04
2.03027e+01 2.84277e-09 -4.69051e-12 1.15964e-04 0.00000e+00 0.00000e+00 3.28601e-04
2.03101e+01 2.68849e-09 4.68689e-12 1.15838e-04 0.00000e+00 0.00000e+00 3.28246e-04
2.03174e+01 2.63556e-09 -4.68043e-12 1.15713e-04 0.00000e+00 0.00000e+00 3.27891e-04
2.03247e+01 2.47167e-09 4.67595e-12 1.15588e-04 0.00000e+00 0.00000e+00 3.27537e-04
2.03320e+01 2.40940e-09 -4.67036e-12 1.15463e-04 0.00000e+00 0.00000e+00 3.27183e-04
2.03394e+01 2.23718e-09 4.66504e-12 1.15338e-04 0.00000e+00 0.00000e+00 3.26829e-04
2.03467e+01 2.16689e-09 -4.66030e-12 1.15214e-04 0.00000e+00 0.00000e+00 3.26477e-04
2.03540e+01 1.98769e-09 4.65414e-12 1.15090e-04 0.00000e+00 0.00000e+00 3.26124e-04
2.03613e+01 1.91073e-09 -4.65015e-12 1.14965e-04 0.00000e+00 0.00000e+00 3.25772e-04
2.03687e+01 1.72591e-09 4.64328e-12 1.14841e-04 0.00000e+00 0.00000e+00 3.25421e-04
2.03760e+01 1.64368e-09 -4.64005e-12 1.14718e-04 0.00000e+00 0.00000e+00 3.25070e-04
2.03833e+01 1.45462e-09 4.63251e-12 1.14594e-04 0.00000e+00 0.00000e+00 3.24720e-04
2.03906e+01 1.36849e-09 -4.62994e-12 1.14471e-04 0.00000e+00 0.00000e+00 3.24370e-04
2.03979e+01 1.17660e-09 4.62172e-12 1.14347e-04 0.00000e+00 0.00000e+00 3.24021e-04
2.04053e+01 1.08797e-09 -4.61976e-12 1.14224e-04 0.00000e+00 0.00000e+00 3.23672e-04
2.04126e+01 8.94621e-10 4.61101e-12 1.14101e-04 0.00000e+00 0.00000e+00 3.23324e-04
2.04199e+01 8.04869e-10 -4.60965e-12 1.13979e-04 0.00000e+00 0.00000e+00 3.22976e-04
2.04272e+01 6.11424e-10 4.60032e-12 1.13856e-04 0.00000e+00 0.00000e+00 3.22629e-04
2.04346e+01 5.21897e-10 -4.59949e-12 1.13734e-04 0.00000e+00 0.00000e+00 3.22282e-04
2.04419e+01 3.29687e-10 4.58968e-12 1.13611e-04 0.00000e+00 0.00000e+00 3.21936e-04
2.04492e+01 2.41694e-10 -4.58930e-12 1.13489e-04 0.00000e+00 0.00000e+00 3.21590e-04
2.04565e+01 5.20036e-11 4.57907e-12 1.13368e-04 0.00000e+00 0.00000e+00 3.21245e-04
2.04639e+01 -3.31961e-11 -4.57912e-12 1.13246e-04 0.00000e+00 0.00000e+00 3.20900e-04
2.04712e+01 -2.19137e-10 4.56854e-12 1.13124e-04 0.00000e+00 0.00000e+00 3.20556e-04
2.04785e+01 -3.00344e-10 -4.56891e-12 1.13003e-04 0.00000e+00 0.00000e+00 3.20212e-04
2.04858e+01 -4.81372e-10 4.55804e-12 1.12882e-04 0.00000e+00 0.00000e+00 3.19868e-04
2.04932e+01 -5.57459e-10 -4.55868e-12 1.12761e-04 0.00000e+00 0.00000e+00 3.19526e-04
2.05005e+01 -7.32485e-10 4.54753e-12 1.12640e-04 0.00000e+00 0.00000e+00 3.19183e-04
2.05078e+01 -8.02401e-10 -4.54847e-12 1.12519e-04 0.00000e+00 0.00000e+00 3.18841e-04
2.05151e+01 -9.70419e-10 4.53713e-12 1.12399e-04 0.00000e+00 0.00000e+00 3.18500e-04
2.05225e+01 -1.03320e-09 -4.53818e-12 1.12279e-04 0.00000e+00 0.00000e+00 3.18159e-04
2.05298e+01 -1.19330e-09 4.52673e-12 1.12158e-04 0.00000e+00 0.00000e+00 3.17819e-04
2.05371e+01 -1.24808e-09 -4.52791e-12 1.12039e-04 0.00000e+00 0.00000e+00 3.17479e-04
2.05444e+01 -1.39943e-09 4.51639e-12 1.11919e-04 0.00000e+00 0.00000e+00 3.17139e-04
2.05518e+01 -1.44544e-09 -4.51764e-12 1.11799e-04 0.00000e+00 0.00000e+00 3.16800e-04
2.05591e+01 -1.58733e-09 4.50611e-12 1.11680e-04 0.00000e+00 0.00000e+00 3.16462e-04
2.05664e+01 -1.62390e-09 -4.50736e-12 1.11560e-04 0.00000e+00 0.00000e+00 3.16124e-04
2.05737e+01 -1.75572e-09 4.49579e-12 1.11441e-04 0.00000e+00 0.00000e+00 3.15786e-04
2.05811e+01 -1.78229e-09 -4.49703e-12 1.11322e-04 0.00000e+00 0.00000e+00 3.15449e-04
2.05884e+01 -1.90353e-09 4.48563e-12 1.11204e-04 0.00000e+00 0.00000e+00 3.15113e-04
2.05957e+01 -1.91965e-09 -4.48671e-12 1.11085e-04 0.00000e+00 0.00000e+00 3.14777e-04
2.06030e+01 -2.02992e-09 4.47545e-12 1.10967e-04 0.00000e+00 0.00000e+00 3.14441e-04
2.06104e+01 -2.03525e-09 -4.47645e-12 1.10848e-04 0.00000e+00 0.00000e+00 3.14106e-04
2.06177e+01 -2.13427e-09 4.46531e-12 1.10730e-04 0.00000e+00 0.00000e+00 3.13772e-04
2.06250e+01 -2.12859e-09 -4.46605e-12 1.10612e-04 0.00000e+00 0.00000e+00 3.13437e-04
2.06323e+01 -2.21619e-09 4.45515e-12 1.10495e-04 0.00000e+00 0.00000e+00 3.13104e-04
2.06396e+01 -2.19937e-09 -4.45566e-12 1.10377e-04 0.00000e+00 0.00000e+00 3.12771e-04
2.06470e+01 -2.27548e-09 4.44510e-12 1.10260e-04 0.00000e+00 0.00000e+00 3.12438e-04
2.06543e+01 -2.24753e-09 -4.44539e-12 1.10142e-04 0.00000e+00 0.00000e+00 3.12106e-04
2.06616e+01 -2.31220e-09 4.43503e-12 1.10025e-04 0.00000e+00 0.00000e+00 3.11774e-04
2.06689e+01 -2.27320e-09 -4.43503e-12 1.09908e-04 0.00000e+00 0.00000e+00 3.11442e-04
2.06763e+01 -2.32658e-09 4.42498e-12 1.09792e-04 0.00000e+00 0.00000e+00 3.11112e-04
2.06836e+01 -2.27673e-09 -4.42466e-12 1.09675e-04 0.00000e+00 0.00000e+00 3.10781e-04
2.06909e+01 -2.31908e-09 4.41501e-12 1.09558e-04 0.00000e+00 0.00000e+00 3.10451e-04
2.06982e+01 -2.25868e-09 -4.41436e-12 1.09442e-04 0.00000e+00 0.00000e+00 3.10122e-04
2.07056e+01 -2.29033e-09 4.40501e-12 1.09326e-04 0.00000e+00 0.00000e+00 3.09793e-04
2.07129e+01 -2.21977e-09 -4.40400e-12 1.09210e-04 0.00000e+00 0.00000e+00 3.09464e-04
2.07202e+01 -2.24116e-09 4.39505e-12 1.09094e-04 0.00000e+00 0.00000e+00 3.09136e-04
2.07275e+01 -2.16092e-09 -4.39368e-12 1.08979e-04 0.00000e+00 0.00000e+00 3.08809e-04
2.07349e+01 -2.17257e-09 4.38517e-12 1.08863e-04 0.00000e+00 0.00000e+00 3.08482e-04
2.07422e+01 -2.08320e-09 -4.38338e-12 1.08748e-04 0.00000e+00 0.00000e+00 3.08155e-04
2.07495e+01 -2.08570e-09 4.37522e-12 1.08633e-04 0.00000e+00 0.00000e+00 3.07829e-04
2.07568e+01 -1.98783e-09 -4.37304e-12 1.08518e-04 0.00000e+00 0.00000e+00 3.07503e-04
2.07642e+01 -1.98183e-09 4.36538e-12 1.08403e-04 0.00000e+00 0.00000e+00 3.07178e-04
2.07715e+01 -1.87615e-09 -4.36274e-12 1.08289e-04 0.00000e+00 0.00000e+00 3.06853e-04
2.07788e+01 -1.86239e-09 4.35545e-12 1.08174e-04 0.00000e+00 0.00000e+00 3.06528e-04
2.07861e+01 -1.74965e-09 -4.35250e-12 1.08060e-04 0.00000e+00 0.00000e+00 3.06205e-04
2.07935e+01 -1.72890e-09 4.34556e-12 1.07946e-04 0.00000e+00 0.00000e+00 3.05881e-04
2.08008e+01 -1.60989e-09 -4.34220e-12 1.07832e-04 0.00000e+00 0.00000e+00 3.05558e-04
2.08081e+01 -1.58296e-09 4.33572e-12 1.07718e-04 0.00000e+00 0.00000e+00 3.05236e-04
2.08154e+01 -1.45852e-09 -4.33196e-12 1.07604e-04 0.00000e+00 0.00000e+00 3.04913e-04
2.08228e+01 -1.42628e-09 4.32588e-12 1.07491e-04 0.00000e+00 0.00000e+00 3.04592e-04
2.08301e+01 -1.29727e-09 -4.32172e-12 1.07377e-04 0.00000e+00 0.00000e+00 3.04271e-04
2.08374e+01 -1.26058e-09 4.31601e-12 1.07264e-04 0.00000e+00 0.00000e+00 3.03950e-04
2.08447e+01 -1.12790e-09 -4.31153e-12 1.07151e-04 0.00000e+00 0.00000e+00 3.03630e-04
2.08521e+01 -1.08766e-09 4.30620e-12 1.07038e-04 0.00000e+00 0.00000e+00 3.03310e-04
2.08594e+01 -9.52194e-10 -4.30130e-12 1.06926e-04 0.00000e+00 0.00000e+00 3.02990e-04
2.08667e+01 -9.09309e-10 4.29634e-12 1.06813e-04 0.00000e+00 0.00000e+00 3.02671e-04
2.08740e+01 -7.71973e-10 -4.29109e-12 1.06701e-04 0.00000e+00 0.00000e+00 3.02353e-04
2.08813e+01 -7.27348e-10 4.28657e-12 1.06588e-04 0.00000e+00 0.00000e+00 3.02035e-04
2.08887e+01 -5.89036e-10 -4.28096e-12 1.06476e-04 0.00000e+00 0.00000e+00 3.01717e-04
2.08960e+01 -5.43564e-10 4.27673e-12 1.06364e-04 0.00000e+00 0.00000e+00 3.01400e-04
2.09033e+01 -4.05162e-10 -4.27079e-12 1.06253e-04 0.00000e+00 0.00000e+00 3.01083e-04
2.09106e+01 -3.59721e-10 4.26688e-12 1.06141e-04 0.00000e+00 0.00000e+00 3.00767e-04
2.09180e+01 -2.22094e-10 -4.26074e-12 1.06030e-04 0.00000e+00 0.00000e+00 3.00451e-04
2.09253e+01 -1.77538e-10 4.25704e-12 1.05918e-04 0.00000e+00 0.00000e+00 3.00136e-04
2.09326e+01 -4.15231e-11 -4.25061e-12 1.05807e-04 0.00000e+00 0.00000e+00 2.99821e-04
2.09399e+01 1.32782e-12 4.24727e-12 1.05696e-04 0.00000e+00 0.00000e+00 2.99507e-04
2.09473e+01 1.34929e-10 -4.24061e-12 1.05585e-04 0.00000e+00 0.00000e+00 2.99192e-04
2.09546e+01 1.75293e-10 4.23747e-12 1.05475e-04 0.00000e+00 0.00000e+00 2.98879e-04
2.09619e+01 3.05723e-10 -4.23056e-12 1.05364e-04 0.00000e+00 0.00000e+00 2.98566e-04
2.09692e+01 3.42862e-10 4.22764e-12 1.05254e-04 0.00000e+00 0.00000e+00 2.98253e-04
2.09766e+01 4.69408e-10 -4.22055e-12 1.05143e-04 0.00000e+00 0.00000e+00 2.97941e-04
2.09839e+01 5.02636e-10 4.21777e-12 1.05033e-04 0.00000e+00 0.00000e+00 2.97629e-04
2.09912e+01 6.24641e-10 -4.21058e-12 1.04924e-04 0.00000e+00 0.00000e+00 2.97317e-04
2.09985e+01 6.53329e-10 4.20802e-12 1.04814e-04 0.00000e+00 0.00000e+00 2.97006e-04
2.10059e+01 7.70192e-10 -4.20065e-12 1.04704e-04 0.00000e+00 0.00000e+00 2.96696e-04
2.10132e+01 7.93770e-10 4.19819e-12 1.04595e-04 0.00000e+00 0.00000e+00 2.96386e-04
2.10205e+01 9.04955e-10 -4.19072e-12 1.04485e-04 0.00000e+00 0.00000e+00 2.96076e-04
2.10278e+01 9.22916e-10 4.18840e-12 1.04376e-04 0.00000e+00 0.00000e+00 2.95767e-04
2.10352e+01 1.02795e-09 -4.18082e-12 1.04267e-04 0.00000e+00 0.00000e+00 2.95458e-04
2.10425e+01 1.03986e-09 4.17859e-12 1.04158e-04 0.00000e+00 0.00000e+00 2.95149e-04
2.10498e+01 1.13834e-09 -4.17096e-12 1.04050e-04 0.00000e+00 0.00000e+00 2.94841e-04
2.10571e+01 1.14382e-09 4.16877e-12 1.03941e-04 0.00000e+00 0.00000e+00 2.94534e-04
2.10645e+01 1.23541e-09 -4.16112e-12 1.03833e-04 0.00000e+00 0.00000e+00 2.94227e-04
2.10718e+01 1.23417e-09 4.15893e-12 1.03725e-04 0.00000e+00 0.00000e+00 2.93920e-04
2.10791e+01 1.31862e-09 -4.15132e-12 1.03617e-04 0.00000e+00 0.00000e+00 2.93614e-04
2.10864e+01 1.31043e-09 4.14917e-12 1.03509e-04 0.00000e+00 0.00000e+00 2.93308e-04
2.10938e+01 1.38754e-09 -4.14151e-12 1.03401e-04 0.00000e+00 0.00000e+00 2.93002e-04
2.11011e+01 1.37225e-09 4.13936e-12 1.03293e-04 0.00000e+00 0.00000e+00 2.92697e-04
2.11084e+01 1.44190e-09 -4.13169e-12 1.03186e-04 0.00000e+00 0.00000e+00 2.92393e-04
2.11157e+01 1.41942e-09 4.12955e-12 1.03078e-04 0.00000e+00 0.00000e+00 2.92089e-04
2.11230e+01 1.48158e-09 -4.12198e-12 1.02971e-04 0.00000e+00 0.00000e+00 2.91785e-04
2.11304e+01 1.45190e-09 4.11973e-12 1.02864e-04 0.00000e+00 0.00000e+00 2.91482e-04
2.11377e+01 1.50658e-09 -4.11224e-12 1.02757e-04 0.00000e+00 0.00000e+00 2.91179e-04
2.11450e+01 1.46976e-09 4.10998e-12 1.02651e-04 0.00000e+00 0.00000e+00 2.90876e-04
2.11523e+01 1.51706e-09 -4.10261e-12 1.02544e-04 0.00000e+00 0.00000e+00 2.90574e-04
2.11597e+01 1.47323e-09 4.10014e-12 1.02437e-04 0.00000e+00 0.00000e+00 2.90273e-04
2.11670e+01 1.51330e-09 -4.09289e-12 1.02331e-04 0.00000e+00 0.00000e+00 2.89971e-04
2.11743e+01 1.46264e-09 4.09038e-12 1.02225e-04 0.00000e+00 0.00000e+00 2.89671e-04
2.11816e+01 1.49570e-09 -4.08322e-12 1.02119e-04 0.00000e+00 0.00000e+00 2.89370e-04
2.11890e+01 1.43845e-09 4.08057e-12 1.02013e-04 0.00000e+00 0.00000e+00 2.89070e-04
2.11963e+01 1.46479e-09 -4.07358e-12 1.01907e-04 0.00000e+00 0.00000e+00 2.88771e-04
2.12036e+01 1.40127e-09 4.07083e-12 1.01802e-04 0.00000e+00 0.00000e+00 2.88472e-04
2.12109e+01 1.42120e-09 -4.06398e-12 1.01696e-04 0.00000e+00 0.00000e+00 2.88173e-04
2.12183e+01 1.35176e-09 4.06107e-12 1.01591e-04 0.00000e+00 0.00000e+00 2.87875e-04
2.12256e+01 1.36567e-09 -4.05435e-12 1.01486e-04 0.00000e+00 0.00000e+00 2.87577e-04
2.12329e+01 1.29071e-09 4.05128e-12 1.01381e-04 0.00000e+00 0.00000e+00 2.87279e-04
2.12402e+01 1.29904e-09 -4.04478e-12 1.01276e-04 0.00000e+00 0.00000e+00 2.86982e-04
2.12476e+01 1.21901e-09 4.04155e-12 1.01172e-04 0.00000e+00 0.00000e+00 2.86685e-04
2.12549e+01 1.22221e-09 -4.03514e-12 1.01067e-04 0.00000e+00 0.00000e+00 2.86389e-04
2.12622e+01 1.13759e-09 4.03180e-12 1.00963e-04 0.00000e+00 0.00000e+00 2.86093e-04
2.12695e+01 1.13617e-09 -4.02564e-12 1.00858e-04 0.00000e+00 0.00000e+00 2.85798e-04
2.12769e+01 1.04748e-09 4.02217e-12 1.00754e-04 0.00000e+00 0.00000e+00 2.85503e-04
2.12842e+01 1.04196e-09 -4.01613e-12 1.00650e-04 0.00000e+00 0.00000e+00 2.85208e-04
2.12915e+01 9.49729e-10 4.01237e-12 1.00546e-04 0.00000e+00 0.00000e+00 2.84914e-04
2.12988e+01 9.40667e-10 -4.00660e-12 1.00443e-04 0.00000e+00 0.00000e+00 2.84620e-04
2.13062e+01 8.45468e-10 4.00274e-12 1.00339e-04 0.00000e+00 0.00000e+00 2.84327e-04
2.13135e+01 8.33432e-10 -3.99705e-12 1.00236e-04 0.00000e+00 0.00000e+00 2.84034e-04
2.13208e+01 7.35834e-10 3.99300e-12 1.00132e-04 0.00000e+00 0.00000e+00 2.83741e-04
2.13281e+01 7.21407e-10 -3.98756e-12 1.00029e-04 0.00000e+00 0.00000e+00 2.83449e-04
2.13354e+01 6.21995e-10 3.98334e-12 9.99263e-05 0.00000e+00 0.00000e+00 2.83157e-04
2.13428e+01 6.05762e-10 -3.97805e-12 9.98235e-05 0.00000e+00 0.00000e+00 2.82866e-04
2.13501e+01 5.05123e-10 3.97366e-12 9.97208e-05 0.00000e+00 0.00000e+00 2.82575e-04
2.13574e+01 4.87672e-10 -3.96863e-12 9.96182e-05 0.00000e+00 0.00000e+00 2.82284e-04
2.13647e+01 3.86391e-10 3.96402e-12 9.95158e-05 0.00000e+00 0.00000e+00 2.81994e-04
2.13721e+01 3.68304e-10 -3.95912e-12 9.94135e-05 0.00000e+00 0.00000e+00 2.81704e-04
2.13794e+01 2.66956e-10 3.95439e-12 9.93114e-05 0.00000e+00 0.00000e+00 2.81415e-04
2.13867e+01 2.48804e-10 -3.94972e-12 9.92094e-05 0.00000e+00 0.00000e+00 2.81125e-04
2.13940e+01 1.47953e-10 3.94479e-12 9.91076e-05 0.00000e+00 0.00000e+00 2.80837e-04
2.14014e+01 1.30292e-10 -3.94017e-12 9.90058e-05 0.00000e+00 0.00000e+00 2.80549e-04
2.14087e+01 3.04834e-11 3.93520e-12 9.89043e-05 0.00000e+00 0.00000e+00 2.80261e-04
2.14160e+01 1.38483e-11 -3.93074e-12 9.88028e-05 0.00000e+00 0.00000e+00 2.79973e-04
2.14233e+01 -8.43955e-11 3.92562e-12 9.87015e-05 0.00000e+00 0.00000e+00 2.79686e-04
2.14307e+01 -9.94940e-11 -3.92135e-12 9.86003e-05 0.00000e+00 0.00000e+00 2.79400e-04
2.14380e+01 -1.95677e-10 3.91604e-12 9.84993e-05 0.00000e+00 0.00000e+00 2.79113e-04
2.14453e+01 -2.08758e-10 -3.91194e-12 9.83984e-05 0.00000e+00 0.00000e+00 2.78827e-04
2.14526e+01 -3.02416e-10 3.90650e-12 9.82977e-05 0.00000e+00 0.00000e+00 2.78542e-04
2.14600e+01 -3.13029e-10 -3.90252e-12 9.81971e-05 0.00000e+00 0.00000e+00 2.78257e-04
2.14673e+01 -4.03733e-10 3.89697e-12 9.80966e-05 0.00000e+00 0.00000e+00 2.77972e-04
2.14746e+01 -4.11466e-10 -3.89307e-12 9.79963e-05 0.00000e+00 0.00000e+00 2.77688e-04
2.14819e+01 -4.98821e-10 3.88754e-12 9.78961e-05 0.00000e+00 0.00000e+00 2.77404e-04
2.14893e+01 -5.03301e-10 -3.88364e-12 9.77960e-05 0.00000e+00 0.00000e+00 2.77120e-04
2.14966e+01 -5.86956e-10 3.87801e-12 9.76961e-05 0.00000e+00 0.00000e+00 2.76837e-04
2.15039e+01 -5.87850e-10 -3.87429e-12 9.75963e-05 0.00000e+00 0.00000e+00 2.76554e-04
2.15112e+01 -6.67494e-10 3.86854e-12 9.74966e-05 0.00000e+00 0.00000e+00 2.76272e-04
2.15186e+01 -6.64513e-10 -3.86487e-12 9.73971e-05 0.00000e+00 0.00000e+00 2.75990e-04
2.15259e+01 -7.39882e-10 3.85906e-12 9.72977e-05 0.00000e+00 0.00000e+00 2.75708e-04
2.15332e+01 -7.32782e-10 -3.85550e-12 9.71985e-05 0.00000e+00 0.00000e+00 2.75427e-04
2.15405e+01 -8.03654e-10 3.84963e-12 9.70994e-05 0.00000e+00 0.00000e+00 2.75146e-04
2.15479e+01 -7.92237e-10 -3.84611e-12 9.70004e-05 0.00000e+00 0.00000e+00 2.74866e-04
2.15552e+01 -8.58439e-10 3.84021e-12 9.69015e-05 0.00000e+00 0.00000e+00 2.74586e-04
2.15625e+01 -8.42555e-10 -3.83676e-12 9.68028e-05 0.00000e+00 0.00000e+00 2.74306e-04
2.15698e+01 -9.03961e-10 3.83083e-12 9.67042e-05 0.00000e+00 0.00000e+00 2.74027e-04
2.15771e+01 -8.83504e-10 -3.82738e-12 9.66058e-05 0.00000e+00 0.00000e+00 2.73748e-04
2.15845e+01 -9.40034e-10 3.82147e-12 9.65075e-05 0.00000e+00 0.00000e+00 2.73469e-04
2.15918e+01 -9.14948e-10 -3.81799e-12 9.64093e-05 0.00000e+00 0.00000e+00 2.73191e-04
2.15991e+01 -9.66567e-10 3.81212e-12 9.63113e-05 0.00000e+00 0.00000e+00 2.72913e-04
2.16064e+01 -9.36841e-10 -3.80873e-12 9.62134e-05 0.00000e+00 0.00000e+00 2.72636e-04
2.16138e+01 -9.83562e-10 3.80278e-12 9.61156e-05 0.00000e+00 0.00000e+00 2.72359e-04
2.16211e+01 -9.49228e-10 -3.79938e-12 9.60179e-05 0.00000e+00 0.00000e+00 2.72082e-04
2.16284e+01 -9.91107e-10 3.79350e-12 9.59204e-05 0.00000e+00 0.00000e+00 2.71806e-04
2.16357e+01 -9.52243e-10 -3.78999e-12 9.58230e-05 0.00000e+00 0.00000e+00 2.71530e-04
2.16431e+01 -9.89379e-10 3.78414e-12 9.57258e-05 0.00000e+00 0.00000e+00 2.71254e-04
2.16504e+01 -9.46102e-10 -3.78073e-12 9.56287e-05 0.00000e+00 0.00000e+00 2.70979e-04
2.16577e+01 -9.78635e-10 3.77483e-12 9.55317e-05 0.00000e+00 0.00000e+00 2.70704e-04
2.16650e+01 -9.31103e-10 -3.77139e-12 9.54348e-05 0.00000e+00 0.00000e+00 2.70430e-04
2.16724e+01 -9.59208e-10 3.76558e-12 9.53381e-05 0.00000e+00 0.00000e+00 2.70156e-04
2.16797e+01 -9.07617e-10 -3.76205e-12 9.52415e-05 0.00000e+00 0.00000e+00 2.69882e-04
2.16870e+01 -9.31509e-10 3.75631e-12 9.51451e-05 0.00000e+00 0.00000e+00 2.69608e-04
2.16943e+01 -8.76085e-10 -3.75276e-12 9.50487e-05 0.00000e+00 0.00000e+00 2.69336e-04
2.17017e+01 -8.96009e-10 3.74707e-12 9.49525e-05 0.00000e+00 0.00000e+00 2.69063e-04
2.17090e+01 -8.37014e-10 -3.74347e-12 9.48564e-05 0.00000e+00 0.00000e+00 2.68791e-04
2.17163e+01 -8.53243e-10 3.73785e-12 9.47605e-05 0.00000e+00 0.00000e+00 2.68519e-04
2.17236e+01 -7.90964e-10 -3.73423e-12 9.46647e-05 0.00000e+00 0.00000e+00 2.68247e-04
2.17310e+01 -8.03801e-10 3.72862e-12 9.45690e-05 0.00000e+00 0.00000e+00 2.67976e-04
2.17383e+01 -7.38550e-10 -3.72496e-12 9.44734e-05 0.00000e+00 0.00000e+00 2.67705e-04
2.17456e+01 -7.48317e-10 3.71946e-12 9.43780e-05 0.00000e+00 0.00000e+00 2.67435e-04
2.17529e+01 -6.80426e-10 -3.71566e-12 9.42827e-05 0.00000e+00 0.00000e+00 2.67165e-04
2.17603e+01 -6.87467e-10 3.71031e-12 9.41875e-05 0.00000e+00 0.00000e+00 2.66895e-04
2.17676e+01 -6.17286e-10 -3.70644e-12 9.40925e-05 0.00000e+00 0.00000e+00 2.66626e-04
2.17749e+01 -6.21958e-10 3.70106e-12 9.39976e-05 0.00000e+00 0.00000e+00 2.66357e-04
2.17822e+01 -5.49850e-10 -3.69724e-12 9.39028e-05 0.00000e+00 0.00000e+00 2.66088e-04
2.17896e+01 -5.52524e-10 3.69198e-12 9.38081e-05 0.00000e+00 0.00000e+00 2.65820e-04
2.17969e+01 -4.78862e-10 -3.68798e-12 9.37136e-05 0.00000e+00 0.00000e+00 2.65552e-04
2.18042e+01 -4.79914e-10 3.68287e-12 9.36192e-05 0.00000e+00 0.00000e+00 2.65285e-04
2.18115e+01 -4.05078e-10 -3.67877e-12 9.35249e-05 0.00000e+00 0.00000e+00 2.65018e-04
2.18188e+01 -4.04889e-10 3.67365e-12 9.34308e-05 0.00000e+00 0.00000e+00 2.64751e-04
2.18262e+01 -3.29260e-10 -3.66954e-12 9.33367e-05 0.00000e+00 0.00000e+00 2.64484e-04
2.18335e+01 -3.28212e-10 3.66457e-12 9.32428e-05 0.00000e+00 0.00000e+00 2.64218e-04
2.18408e+01 -2.52170e-10 -3.66036e-12 9.31491e-05 0.00000e+00 0.00000e+00 2.63953e-04
2.18481e+01 -2.50643e-10 3.65550e-12 9.30554e-05 0.00000e+00 0.00000e+00 2.63687e-04
2.18555e+01 -1.74562e-10 -3.65118e-12 9.29619e-05 0.00000e+00 0.00000e+00 2.63422e-04
2.18628e+01 -1.72928e-10 3.64634e-12 9.28685e-05 0.00000e+00 0.00000e+00 2.63158e-04
2.18701e+01 -9.71759e-11 -3.64204e-12 9.27752e-05 0.00000e+00 0.00000e+00 2.62893e-04
2.18774e+01 -9.57958e-11 3.63729e-12 9.26821e-05 0.00000e+00 0.00000e+00 2.62629e-04
2.18848e+01 -2.07281e-11 -3.63292e-12 9.25891e-05 0.00000e+00 0.00000e+00 2.62366e-04
2.18921e+01 -1.99519e-11 3.62825e-12 9.24962e-05 0.00000e+00 0.00000e+00 2.62102e-04
2.18994e+01 5.40912e-11 -3.62369e-12 9.24034e-05 0.00000e+00 0.00000e+00 2.61840e-04
2.19067e+01 5.39298e-11 3.61919e-12 9.23107e-05 0.00000e+00 0.00000e+00 2.61577e-04
2.19141e+01 1.26624e-10 -3.61462e-12 9.22182e-05 0.00000e+00 0.00000e+00 2.61315e-04
2.19214e+01 1.25211e-10 3.61009e-12 9.21258e-05 0.00000e+00 0.00000e+00 2.61053e-04
2.19287e+01 1.96253e-10 -3.60550e-12 9.20335e-05 0.00000e+00 0.00000e+00 2.60791e-04
2.19360e+01 1.93294e-10 3.60108e-12 9.19414e-05 0.00000e+00 0.00000e+00 2.60530e-04
2.19434e+01 2.62402e-10 -3.59646e-12 9.18493e-05 0.00000e+00 0.00000e+00 2.60270e-04
2.19507e+01 2.57627e-10 3.59205e-12 9.17574e-05 0.00000e+00 0.00000e+00 2.60009e-04
2.19580e+01 3.24544e-10 -3.58734e-12 9.16656e-05 0.00000e+00 0.00000e+00 2.59749e-04
2.19653e+01 3.17707e-10 3.58302e-12 9.15740e-05 0.00000e+00 0.00000e+00 2.59489e-04
2.19727e+01 3.82202e-10 -3.57829e-12 9.14824e-05 0.00000e+00 0.00000e+00 2.59230e-04
2.19800e+01 3.73085e-10 3.57401e-12 9.13910e-05 0.00000e+00 0.00000e+00 2.58971e-04
2.19873e+01 4.34954e-10 -3.56920e-12 9.12997e-05 0.00000e+00 0.00000e+00 2.58712e-04
2.19946e+01 4.23367e-10 3.56502e-12 9.12085e-05 0.00000e+00 0.00000e+00 2.58454e-04
2.20020e+01 4.82435e-10 -3.56019e-12 9.11175e-05 0.00000e+00 0.00000e+00 2.58196e-04
2.20093e+01 4.68216e-10 3.55605e-12 9.10265e-05 0.00000e+00 0.00000e+00 2.57938e-04
2.20166e+01 5.24337e-10 -3.55120e-12 9.09357e-05 0.00000e+00 0.00000e+00 2.57681e-04
2.20239e+01 5.07356e-10 3.54704e-12 9.08450e-05 0.00000e+00 0.00000e+00 2.57424e-04
2.20312e+01 5.60415e-10 -3.54218e-12 9.07544e-05 0.00000e+00 0.00000e+00 2.57167e-04
2.20386e+01 5.40571e-10 3.53810e-12 9.06640e-05 0.00000e+00 0.00000e+00 2.56911e-04
2.20459e+01 5.90483e-10 -3.53319e-12 9.05737e-05 0.00000e+00 0.00000e+00 2.56655e-04
2.20532e+01 5.67704e-10 3.52911e-12 9.04835e-05 0.00000e+00 0.00000e+00 2.56399e-04
2.20605e+01 6.14416e-10 -3.52420e-12 9.03934e-05 0.00000e+00 0.00000e+00 2.56144e-04
2.20679e+01 5.88664e-10 3.52025e-12 9.03034e-05 0.00000e+00 0.00000e+00 2.55889e-04
2.20752e+01 6.32149e-10 -3.51524e-12 9.02135e-05 0.00000e+00 0.00000e+00 2.55634e-04
2.20825e+01 6.03413e-10 3.51126e-12 9.01238e-05 0.00000e+00 0.00000e+00 2.55380e-04
2.20898e+01 6.43679e-10 -3.50633e-12 9.00342e-05 0.00000e+00 0.00000e+00 2.55126e-04
2.20972e+01 6.11978e-10 3.50229e-12 8.99447e-05 0.00000e+00 0.00000e+00 2.54872e-04
2.21045e+01 6.49058e-10 -3.49733e-12 8.98553e-05 0.00000e+00 0.00000e+00 2.54619e-04
2.21118e+01 6.14440e-10 3.49344e-12 8.97660e-05 0.00000e+00 0.00000e+00 2.54366e-04
2.21191e+01 6.48397e-10 -3.48841e-12 8.96769e-05 0.00000e+00 0.00000e+00 2.54114e-04
2.21265e+01 6.10936e-10 3.48449e-12 8.95879e-05 0.00000e+00 0.00000e+00 2.53861e-04
2.21338e+01 6.41858e-10 -3.47948e-12 8.94990e-05 0.00000e+00 0.00000e+00 2.53609e-04
2.21411e+01 6.01655e-10 3.47560e-12 8.94102e-05 0.00000e+00 0.00000e+00 2.53358e-04
2.21484e+01 6.29655e-10 -3.47067e-12 8.93215e-05 0.00000e+00 0.00000e+00 2.53107e-04
2.21558e+01 5.86834e-10 3.46668e-12 8.92330e-05 0.00000e+00 0.00000e+00 2.52856e-04
2.21631e+01 6.12049e-10 -3.46173e-12 8.91445e-05 0.00000e+00 0.00000e+00 2.52605e-04
2.21704e+01 5.66757e-10 3.45775e-12 8.90562e-05 0.00000e+00 0.00000e+00 2.52355e-04
2.21777e+01 5.89344e-10 -3.45285e-12 8.89680e-05 0.00000e+00 0.00000e+00 2.52105e-04
2.21851e+01 5.41749e-10 3.44896e-12 8.88799e-05 0.00000e+00 0.00000e+00 2.51855e-04
2.21924e+01 5.61886e-10 -3.44401e-12 8.87919e-05 0.00000e+00 0.00000e+00 2.51606e-04
2.21997e+01 5.12173e-10 3.44008e-12 8.87041e-05 0.00000e+00 0.00000e+00 2.51357e-04
2.22070e+01 5.30054e-10 -3.43521e-12 8.86163e-05 0.00000e+00 0.00000e+00 2.51108e-04
2.22144e+01 4.78424e-10 3.43125e-12 8.85287e-05 0.00000e+00 0.00000e+00 2.50860e-04
2.22217e+01 4.94259e-10 -3.42636e-12 8.84412e-05 0.00000e+00 0.00000e+00 2.50612e-04
2.22290e+01 4.40926e-10 3.42241e-12 8.83538e-05 0.00000e+00 0.00000e+00 2.50364e-04
2.22363e+01 4.54937e-10 -3.41762e-12 8.82665e-05 0.00000e+00 0.00000e+00 2.50117e-04
2.22437e+01 4.00130e-10 3.41357e-12 8.81794e-05 0.00000e+00 0.00000e+00 2.49870e-04
2.22510e+01 4.12548e-10 -3.40878e-12 8.80923e-05 0.00000e+00 0.00000e+00 2.49623e-04
2.22583e+01 3.56501e-10 3.40467e-12 8.80054e-05 0.00000e+00 0.00000e+00 2.49377e-04
2.22656e+01 3.67567e-10 -3.39996e-12 8.79186e-05 0.00000e+00 0.00000e+00 2.49131e-04
2.22729e+01 3.10522e-10 3.39600e-12 8.78319e-05 0.00000e+00 0.00000e+00 2.48885e-04
2.22803e+01 3.20481e-10 -3.39119e-12 8.77453e-05 0.00000e+00 0.00000e+00 2.48640e-04
2.22876e+01 2.62684e-10 3.38714e-12 8.76588e-05 0.00000e+00 0.00000e+00 2.48395e-04
2.22949e+01 2.71783e-10 -3.38243e-12 8.75724e-05 0.00000e+00 0.00000e+00 2.48150e-04
2.23022e+01 2.13483e-10 3.37835e-12 8.74862e-05 0.00000e+00 0.00000e+00 2.47906e-04
2.23096e+01 2.21972e-10 -3.37369e-12 8.74001e-05 0.00000e+00 0.00000e+00 2.47662e-04
2.23169e+01 1.63415e-10 3.36957e-12 8.73140e-05 0.00000e+00 0.00000e+00 2.47418e-04
2.23242e+01 1.71539e-10 -3.36497e-12 8.72281e-05 0.00000e+00 0.00000e+00 2.47175e-04
2.23315e+01 1.12970e-10 3.36081e-12 8.71423e-05 0.00000e+00 0.00000e+00 2.46932e-04
2.23389e+01 1.20972e-10 -3.35628e-12 8.70566e-05 0.00000e+00 0.00000e+00 2.46689e-04
2.23462e+01 6.26296e-11 3.35204e-12 8.69711e-05 0.00000e+00 0.00000e+00 2.46446e-04
2.23535e+01 7.07462e-11 -3.34759e-12 8.68856e-05 0.00000e+00 0.00000e+00 2.46204e-04
2.23608e+01 1.28621e-11 3.34327e-12 8.68003e-05 0.00000e+00 0.00000e+00 2.45962e-04
2.23682e+01 2.13215e-11 -3.33884e-12 8.67150e-05 0.00000e+00 0.00000e+00 2.45721e-04
2.23755e+01 -3.58817e-11 3.33462e-12 8.66299e-05 0.00000e+00 0.00000e+00 2.45479e-04
2.23828e+01 -2.68621e-11 -3.33012e-12 8.65449e-05 0.00000e+00 0.00000e+00 2.45239e-04
2.23901e+01 -8.31735e-11 3.32588e-12 8.64600e-05 0.00000e+00 0.00000e+00 2.44998e-04
2.23975e+01 -7.33876e-11 -3.32145e-12 8.63752e-05 0.00000e+00 0.00000e+00 2.44758e-04
2.24048e+01 -1.28608e-10 3.31715e-12 8.62905e-05 0.00000e+00 0.00000e+00 2.44518e-04
2.24121e+01 -1.17864e-10 -3.31281e-12 8.62059e-05 0.00000e+00 0.00000e+00 2.44278e-04
2.24194e+01 -1.71810e-10 3.30844e-12 8.61215e-05 0.00000e+00 0.00000e+00 2.44039e-04
2.24268e+01 -1.59930e-10 -3.30421e-12 8.60371e-05 0.00000e+00 0.00000e+00 2.43800e-04
2.24341e+01 -2.12432e-10 3.29979e-12 8.59529e-05 0.00000e+00 0.00000e+00 2.43561e-04
2.24414e+01 -1.99255e-10 -3.29551e-12 8.58687e-05 0.00000e+00 0.00000e+00 2.43323e-04
2.24487e+01 -2.50162e-10 3.29110e-12 8.57847e-05 0.00000e+00 0.00000e+00 2.43085e-04
2.24561e+01 -2.35544e-10 -3.28683e-12 8.57008e-05 0.00000e+00 0.00000e+00 2.42847e-04
2.24634e+01 -2.84722e-10 3.28247e-12 8.56170e-05 0.00000e+00 0.00000e+00 2.42609e-04
2.24707e+01 -2.68539e-10 -3.27822e-12 8.55333e-05 0.00000e+00 0.00000e+00 2.42372e-04
2.24780e+01 -3.15872e-10 3.27387e-12 8.54497e-05 0.00000e+00 0.00000e+00 2.42135e-04
2.24854e+01 -2.98016e-10 -3.26960e-12 8.53663e-05 0.00000e+00 0.00000e+00 2.41899e-04
2.24927e+01 -3.43409e-10 3.26523e-12 8.52829e-05 0.00000e+00 0.00000e+00 2.41663e-04
2.25000e+01 -3.23794e-10 -3.26103e-12 8.51996e-05 0.00000e+00 0.00000e+00 2.41427e-04
2.25073e+01 -3.67169e-10 3.25654e-12 8.51165e-05 0.00000e+00 0.00000e+00 2.41191e-04
2.25146e+01 -3.45727e-10 -3.25243e-12 8.50335e-05 0.00000e+00 0.00000e+00 2.40956e-04
2.25220e+01 -3.87029e-10 3.24792e-12 8.49505e-05 0.00000e+00 0.00000e+00 2.40721e-04
2.25293e+01 -3.63713e-10 -3.24386e-12 8.48677e-05 0.00000e+00 0.00000e+00 2.40486e-04
2.25366e+01 -4.02903e-10 3.23935e-12 8.47850e-05 0.00000e+00 0.00000e+00 2.40252e-04
2.25439e+01 -3.77685e-10 -3.23532e-12 8.47024e-05 0.00000e+00 0.00000e+00 2.40018e-04
2.25513e+01 -4.14747e-10 3.23081e-12 8.46199e-05 0.00000e+00 0.00000e+00 2.39784e-04
2.25586e+01 -3.87619e-10 -3.22670e-12 8.45375e-05 0.00000e+00 0.00000e+00 2.39550e-04
2.25659e+01 -4.22555e-10 3.22229e-12 8.44552e-05 0.00000e+00 0.00000e+00 2.39317e-04
2.25732e+01 -3.93527e-10 -3.21817e-12 8.43730e-05 0.00000e+00 0.00000e+00 2.39084e-04
2.25806e+01 -4.26358e-10 3.21367e-12 8.42909e-05 0.00000e+00 0.00000e+00 2.38852e-04
2.25879e+01 -3.95460e-10 -3.20961e-12 8.42090e-05 0.00000e+00 0.00000e+00 2.38619e-04
2.25952e+01 -4.26224e-10 3.20515e-12 8.41271e-05 0.00000e+00 0.00000e+00 2.38387e-04
2.26025e+01 -3.93504e-10 -3.20111e-12 8.40453e-05 0.00000e+00 0.00000e+00 2.38156e-04
2.26099e+01 -4.22258e-10 3.19661e-12 8.39637e-05 0.00000e+00 0.00000e+00 2.37924e-04
2.26172e+01 -3.87778e-10 -3.19257e-12 8.38821e-05 0.00000e+00 0.00000e+00 2.37693e-04
2.26245e+01 -4.14594e-10 3.18808e-12 8.38007e-05 0.00000e+00 0.00000e+00 2.37463e-04
2.26318e+01 -3.78435e-10 -3.18412e-12 8.37194e-05 0.00000e+00 0.00000e+00 2.37232e-04
2.26392e+01 -4.03401e-10 3.17959e-12 8.36381e-05 0.00000e+00 0.00000e+00 2.37002e-04
2.26465e+01 -3.65657e-10 -3.17554e-12 8.35570e-05 0.00000e+00 0.00000e+00 2.36772e-04
2.26538e+01 -3.88875e-10 3.17112e-12 8.34760e-05 0.00000e+00 0.00000e+00 2.36542e-04
2.26611e+01 -3.49652e-10 -3.16710e-12 8.33951e-05 0.00000e+00 0.00000e+00 2.36313e-04
2.26685e+01 -3.71236e-10 3.16265e-12 8.33143e-05 0.00000e+00 0.00000e+00 2.36084e-04
2.26758e+01 -3.30656e-10 -3.15864e-12 8.32336e-05 0.00000e+00 0.00000e+00 2.35855e-04
2.26831e+01 -3.50732e-10 3.15418e-12 8.31530e-05 0.00000e+00 0.00000e+00 2.35627e-04
2.26904e+01 -3.08923e-10 -3.15010e-12 8.30725e-05 0.00000e+00 0.00000e+00 2.35399e-04
2.26978e+01 -3.27627e-10 3.14569e-12 8.29921e-05 0.00000e+00 0.00000e+00 2.35171e-04
2.27051e+01 -2.84729e-10 -3.14168e-12 8.29118e-05 0.00000e+00 0.00000e+00 2.34944e-04
2.27124e+01 -3.02204e-10 3.13721e-12 8.28316e-05 0.00000e+00 0.00000e+00 2.34716e-04
2.27197e+01 -2.58365e-10 -3.13329e-12 8.27515e-05 0.00000e+00 0.00000e+00 2.34489e-04
2.27271e+01 -2.74761e-10 3.12876e-12 8.26716e-05 0.00000e+00 0.00000e+00 2.34263e-04
2.27344e+01 -2.30132e-10 -3.12481e-12 8.25917e-05 0.00000e+00 0.00000e+00 2.34037e-04
2.27417e+01 -2.45606e-10 3.12037e-12 8.25119e-05 0.00000e+00 0.00000e+00 2.33810e-04
2.27490e+01 -2.00344e-10 -3.11635e-12 8.24322e-05 0.00000e+00 0.00000e+00 2.33585e-04
2.27563e+01 -2.15055e-10 3.11200e-12 8.23527e-05 0.00000e+00 0.00000e+00 2.33359e-04
2.27637e+01 -1.69321e-10 -3.10795e-12 8.22732e-05 0.00000e+00 0.00000e+00 2.33134e-04
2.27710e+01 -1.83430e-10 3.10357e-12 8.21938e-05 0.00000e+00 0.00000e+00 2.32909e-04
2.27783e+01 -1.37385e-10 -3.09953e-12 8.21146e-05 0.00000e+00 0.00000e+00 2.32685e-04
2.27856e+01 -1.51053e-10 3.09518e-12 8.20354e-05 0.00000e+00 0.00000e+00 2.32460e-04
2.27930e+01 -1.04858e-10 -3.09113e-12 8.19564e-05 0.00000e+00 0.00000e+00 2.32236e-04
2.28003e+01 -1.18247e-10 3.08681e-12 8.18774e-05 0.00000e+00 0.00000e+00 2.32013e-04
2.28076e+01 -7.20597e-11 -3.08275e-12 8.17985e-05 0.00000e+00 0.00000e+00 2.31789e-04
2.28149e+01 -8.53276e-11 3.07837e-12 8.17198e-05 0.00000e+00 0.00000e+00 2.31566e-04
2.28223e+01 -3.93045e-11 -3.07441e-12 8.16411e-05 0.00000e+00 0.00000e+00 2.31343e-04
2.28296e+01 -5.26048e-11 3.07011e-12 8.15626e-05 0.00000e+00 0.00000e+00 2.31120e-04
2.28369e+01 -6.89711e-12 -3.06598e-12 8.14841e-05 0.00000e+00 0.00000e+00 2.30898e-04
2.28442e+01 -2.03794e-11 3.06181e-12 8.14058e-05 0.00000e+00 0.00000e+00 2.30676e-04
2.28516e+01 2.48674e-11 -3.05771e-12 8.13275e-05 0.00000e+00 0.00000e+00 2.30454e-04
2.28589e+01 1.10611e-11 3.05342e-12 8.12494e-05 0.00000e+00 0.00000e+00 2.30233e-04
2.28662e+01 5.57095e-11 -3.04936e-12 8.11713e-05 0.00000e+00 0.00000e+00 2.30012e-04
2.28735e+01 4.14443e-11 3.04511e-12 8.10934e-05 0.00000e+00 0.00000e+00 2.29791e-04
2.28809e+01 8.53643e-11 -3.04102e-12 8.10155e-05 0.00000e+00 0.00000e+00 2.29570e-04
2.28882e+01 7.05144e-11 3.03681e-12 8.09378e-05 0.00000e+00 0.00000e+00 2.29350e-04
2.28955e+01 1.13585e-10 -3.03274e-12 8.08601e-05 0.00000e+00 0.00000e+00 2.29130e-04
2.29028e+01 9.80340e-11 3.02845e-12 8.07826e-05 0.00000e+00 0.00000e+00 2.28910e-04
2.29102e+01 1.40146e-10 -3.02441e-12 8.07051e-05 0.00000e+00 0.00000e+00 2.28691e-04
2.29175e+01 1.23788e-10 3.02022e-12 8.06278e-05 0.00000e+00 0.00000e+00 2.28472e-04
2.29248e+01 1.64840e-10 -3.01611e-12 8.05505e-05 0.00000e+00 0.00000e+00 2.28253e-04
2.29321e+01 1.47581e-10 3.01191e-12 8.04734e-05 0.00000e+00 0.00000e+00 2.28034e-04
2.29395e+01 1.87486e-10 -3.00784e-12 8.03963e-05 0.00000e+00 0.00000e+00 2.27816e-04
2.29468e+01 1.69243e-10 3.00366e-12 8.03194e-05 0.00000e+00 0.00000e+00 2.27598e-04
2.29541e+01 2.07925e-10 -2.99956e-12 8.02425e-05 0.00000e+00 0.00000e+00 2.27380e-04
2.29614e+01 1.88627e-10 2.99539e-12 8.01657e-05 0.00000e+00 0.00000e+00 2.27162e-04
2.29688e+01 2.26023e-10 -2.99129e-12 8.00891e-05 0.00000e+00 0.00000e+00 2.26945e-04
2.29761e+01 2.05613e-10 2.98716e-12 8.00125e-05 0.00000e+00 0.00000e+00 2.26728e-04
2.29834e+01 2.41671e-10 -2.98301e-12 7.99360e-05 0.00000e+00 0.00000e+00 2.26511e-04
2.29907e+01 2.20104e-10 2.97893e-12 7.98597e-05 0.00000e+00 0.00000e+00 2.26295e-04
2.29980e+01 2.54786e-10 -2.97479e-12 7.97834e-05 0.00000e+00 0.00000e+00 2.26079e-04
2.30054e+01 2.32030e-10 2.97075e-12 7.97072e-05 0.00000e+00 0.00000e+00 2.25863e-04
2.30127e+01 2.65311e-10 -2.96658e-12 7.96311e-05 0.00000e+00 0.00000e+00 2.25647e-04
2.30200e+01 2.41347e-10 2.96256e-12 7.95551e-05 0.00000e+00 0.00000e+00 2.25432e-04
2.30273e+01 2.73216e-10 -2.95832e-12 7.94793e-05 0.00000e+00 0.00000e+00 2.25217e-04
2.30347e+01 2.48037e-10 2.95431e-12 7.94035e-05 0.00000e+00 0.00000e+00 2.25002e-04
2.30420e+01 2.78493e-10 -2.95018e-12 7.93278e-05 0.00000e+00 0.00000e+00 2.24788e-04
2.30493e+01 2.52105e-10 2.94612e-12 7.92522e-05 0.00000e+00 0.00000e+00 2.24574e-04
2.30566e+01 2.81162e-10 -2.94197e-12 7.91767e-05 0.00000e+00 0.00000e+00 2.24360e-04
2.30640e+01 2.53583e-10 2.93797e-12 7.91013e-05 0.00000e+00 0.00000e+00 2.24146e-04
2.30713e+01 2.81265e-10 -2.93379e-12 7.90260e-05 0.00000e+00 0.00000e+00 2.23932e-04
2.30786e+01 2.52524e-10 2.92977e-12 7.89507e-05 0.00000e+00 0.00000e+00 2.23719e-04
2.30859e+01 2.78867e-10 -2.92558e-12 7.88756e-05 0.00000e+00 0.00000e+00 2.23506e-04
2.30933e+01 2.49005e-10 2.92156e-12 7.88006e-05 0.00000e+00 0.00000e+00 2.23294e-04
2.31006e+01 2.74054e-10 -2.91743e-12 7.87257e-05 0.00000e+00 0.00000e+00 2.23082e-04
2.31079e+01 2.43123e-10 2.91349e-12 7.86508e-05 0.00000e+00 0.00000e+00 2.22870e-04
2.31152e+01 2.66936e-10 -2.90929e-12 7.85761e-05 0.00000e+00 0.00000e+00 2.22658e-04
2.31226e+01 2.34996e-10 2.90534e-12 7.85015e-05 0.00000e+00 0.00000e+00 2.22446e-04
2.31299e+01 2.57637e-10 -2.90117e-12 7.84269e-05 0.00000e+00 0.00000e+00 2.22235e-04
2.31372e+01 2.24756e-10 2.89720e-12 7.83524e-05 0.00000e+00 0.00000e+00 2.22024e-04
2.31445e+01 2.46300e-10 -2.89302e-12 7.82781e-05 0.00000e+00 0.00000e+00 2.21813e-04
2.31519e+01 2.12557e-10 2.88913e-12 7.82038e-05 0.00000e+00 0.00000e+00 2.21603e-04
2.31592e+01 2.33085e-10 -2.88490e-12 7.81296e-05 0.00000e+00 0.00000e+00 2.21393e-04
2.31665e+01 1.98563e-10 2.88098e-12 7.80556e-05 0.00000e+00 0.00000e+00 2.21183e-04
2.31738e+01 2.18163e-10 -2.87676e-12 7.79816e-05 0.00000e+00 0.00000e+00 2.20973e-04
2.31812e+01 1.82952e-10 2.87288e-12 7.79077e-05 0.00000e+00 0.00000e+00 2.20764e-04
2.31885e+01 2.01716e-10 -2.86866e-12 7.78339e-05 0.00000e+00 0.00000e+00 2.20555e-04
2.31958e+01 1.65912e-10 2.86478e-12 7.77602e-05 0.00000e+00 0.00000e+00 2.20346e-04
2.32031e+01 1.83939e-10 -2.86061e-12 7.76866e-05 0.00000e+00 0.00000e+00 2.20137e-04
2.32104e+01 1.47640e-10 2.85670e-12 7.76130e-05 0.00000e+00 0.00000e+00 2.19929e-04
2.32178e+01 1.65031e-10 -2.85256e-12 7.75396e-05 0.00000e+00 0.00000e+00 2.19721e-04
2.32251e+01 1.28339e-10 2.84868e-12 7.74663e-05 0.00000e+00 0.00000e+00 2.19513e-04
2.32324e+01 1.45197e-10 -2.84450e-12 7.73930e-05 0.00000e+00 0.00000e+00 2.19305e-04
2.32397e+01 1.08217e-10 2.84059e-12 7.73199e-05 0.00000e+00 0.00000e+00 2.19098e-04
2.32471e+01 1.24648e-10 -2.83640e-12 7.72468e-05 0.00000e+00 0.00000e+00 2.18891e-04
2.32544e+01 8.74829e-11 2.83253e-12 7.71739e-05 0.00000e+00 0.00000e+00 2.18684e-04
2.32617e+01 1.03592e-10 -2.82846e-12 7.71010e-05 0.00000e+00 0.00000e+00 2.18478e-04
2.32690e+01 6.63474e-11 2.82448e-12 7.70282e-05 0.00000e+00 0.00000e+00 2.18272e-04
2.32764e+01 8.22390e-11 -2.82041e-12 7.69555e-05 0.00000e+00 0.00000e+00 2.18066e-04
2.32837e+01 4.50187e-11 2.81644e-12 7.68829e-05 0.00000e+00 0.00000e+00 2.17860e-04
2.32910e+01 6.07963e-11 -2.81236e-12 7.68104e-05 0.00000e+00 0.00000e+00 2.17654e-04
2.32983e+01 2.37015e-11 2.80846e-12 7.67380e-05 0.00000e+00 0.00000e+00 2.17449e-04
2.33057e+01 3.94654e-11 -2.80437e-12 7.66657e-05 0.00000e+00 0.00000e+00 2.17244e-04
2.33130e+01 2.59459e-12 2.80040e-12 7.65934e-05 0.00000e+00 0.00000e+00 2.17040e-04
2.33203e+01 1.84424e-11 -2.79640e-12 7.65213e-05 0.00000e+00 0.00000e+00 2.16835e-04
2.33276e+01 -1.81092e-11 2.79246e-12 7.64492e-05 0.00000e+00 0.00000e+00 2.16631e-04
2.33350e+01 -2.08477e-12 -2.78840e-12 7.63773e-05 0.00000e+00 0.00000e+00 2.16427e-04
2.33423e+01 -3.82272e-11 2.78446e-12 7.63054e-05 0.00000e+00 0.00000e+00 2.16223e-04
2.33496e+01 -2.19376e-11 -2.78045e-12 7.62336e-05 0.00000e+00 0.00000e+00 2.16020e-04
2.33569e+01 -5.75860e-11 2.77646e-12 7.61619e-05 0.00000e+00 0.00000e+00 2.15817e-04
2.33643e+01 -4.09486e-11 -2.77244e-12 7.60903e-05 0.00000e+00 0.00000e+00 2.15614e-04
2.33716e+01 -7.60241e-11 2.76852e-12 7.60188e-05 0.00000e+00 0.00000e+00 2.15411e-04
2.33789e+01 -5.89629e-11 -2.76450e-12 7.59474e-05 0.00000e+00 0.00000e+00 2.15209e-04
2.33862e+01 -9.33931e-11 2.76051e-12 7.58760e-05 0.00000e+00 0.00000e+00 2.15007e-04
2.33936e+01 -7.58381e-11 -2.75653e-12 7.58048e-05 0.00000e+00 0.00000e+00 2.14805e-04
2.34009e+01 -1.09557e-10 2.75260e-12 7.57336e-05 0.00000e+00 0.00000e+00 2.14603e-04
2.34082e+01 -9.14469e-11 -2.74860e-12 7.56626e-05 0.00000e+00 0.00000e+00 2.14402e-04
2.34155e+01 -1.24398e-10 2.74466e-12 7.55916e-05 0.00000e+00 0.00000e+00 2.14201e-04
2.34229e+01 -1.05677e-10 -2.74068e-12 7.55207e-05 0.00000e+00 0.00000e+00 2.14000e-04
2.34302e+01 -1.37809e-10 2.73675e-12 7.54499e-05 0.00000e+00 0.00000e+00 2.13799e-04
2.34375e+01 -1.18432e-10 -2.73280e-12 7.53792e-05 0.00000e+00 0.00000e+00 2.13599e-04
2.34448e+01 -1.49702e-10 2.72882e-12 7.53086e-05 0.00000e+00 0.00000e+00 2.13399e-04
2.34521e+01 -1.29630e-10 -2.72488e-12 7.52380e-05 0.00000e+00 0.00000e+00 2.13199e-04
2.34595e+01 -1.60007e-10 2.72091e-12 7.51676e-05 0.00000e+00 0.00000e+00 2.12999e-04
2.34668e+01 -1.39209e-10 -2.71697e-12 7.50972e-05 0.00000e+00 0.00000e+00 2.12800e-04
2.34741e+01 -1.68666e-10 2.71306e-12 7.50270e-05 0.00000e+00 0.00000e+00 2.12601e-04
2.34814e+01 -1.47121e-10 -2.70909e-12 7.49568e-05 0.00000e+00 0.00000e+00 2.12402e-04
2.34888e+01 -1.75642e-10 2.70516e-12 7.48867e-05 0.00000e+00 0.00000e+00 2.12203e-04
2.34961e+01 -1.53337e-10 -2.70123e-12 7.48167e-05 0.00000e+00 0.00000e+00 2.12005e-04
2.35034e+01 -1.80912e-10 2.69724e-12 7.47467e-05 0.00000e+00 0.00000e+00 2.11807e-04
2.35107e+01 -1.57842e-10 -2.69331e-12 7.46769e-05 0.00000e+00 0.00000e+00 2.11609e-04
2.35181e+01 -1.84472e-10 2.68939e-12 7.46072e-05 0.00000e+00 0.00000e+00 2.11411e-04
2.35254e+01 -1.60641e-10 -2.68551e-12 7.45375e-05 0.00000e+00 0.00000e+00 2.11214e-04
2.35327e+01 -1.86332e-10 2.68159e-12 7.44679e-05 0.00000e+00 0.00000e+00 2.11017e-04
2.35400e+01 -1.61750e-10 -2.67769e-12 7.43984e-05 0.00000e+00 0.00000e+00 2.10820e-04
2.35474e+01 -1.86518e-10 2.67374e-12 7.43290e-05 0.00000e+00 0.00000e+00 2.10623e-04
2.35547e+01 -1.61204e-10 -2.66985e-12 7.42597e-05 0.00000e+00 0.00000e+00 2.10427e-04
2.35620e+01 -1.85073e-10 2.66593e-12 7.41905e-05 0.00000e+00 0.00000e+00 2.10230e-04
2.35693e+01 -1.59052e-10 -2.66204e-12 7.41213e-05 0.00000e+00 0.00000e+00 2.10035e-04
2.35767e+01 -1.82051e-10 2.65813e-12 7.40523e-05 0.00000e+00 0.00000e+00 2.09839e-04
2.35840e+01 -1.55356e-10 -2.65428e-12 7.39833e-05 0.00000e+00 0.00000e+00 2.09643e-04
2.35913e+01 -1.77521e-10 2.65023e-12 7.39144e-05 0.00000e+00 0.00000e+00 2.09448e-04
2.35986e+01 -1.50191e-10 -2.64639e-12 7.38456e-05 0.00000e+00 0.00000e+00 2.09253e-04
2.36060e+01 -1.71564e-10 2.64252e-12 7.37769e-05 0.00000e+00 0.00000e+00 2.09059e-04
2.36133e+01 -1.43644e-10 -2.63862e-12 7.37083e-05 0.00000e+00 0.00000e+00 2.08864e-04
2.36206e+01 -1.64273e-10 2.63471e-12 7.36397e-05 0.00000e+00 0.00000e+00 2.08670e-04
2.36279e+01 -1.35812e-10 -2.63084e-12 7.35713e-05 0.00000e+00 0.00000e+00 2.08476e-04
2.36353e+01 -1.55749e-10 2.62691e-12 7.35029e-05 0.00000e+00 0.00000e+00 2.08282e-04
2.36426e+01 -1.26802e-10 -2.62304e-12 7.34346e-05 0.00000e+00 0.00000e+00 2.08089e-04
2.36499e+01 -1.46105e-10 2.61920e-12 7.33664e-05 0.00000e+00 0.00000e+00 2.07895e-04
2.36572e+01 -1.16730e-10 -2.61530e-12 7.32983e-05 0.00000e+00 0.00000e+00 2.07702e-04
2.36646e+01 -1.35459e-10 2.61137e-12 7.32303e-05 0.00000e+00 0.00000e+00 2.07509e-04
2.36719e+01 -1.05717e-10 -2.60758e-12 7.31623e-05 0.00000e+00 0.00000e+00 2.07317e-04
2.36792e+01 -1.23935e-10 2.60366e-12 7.30944e-05 0.00000e+00 0.00000e+00 2.07125e-04
2.36865e+01 -9.38912e-11 -2.59986e-12 7.30266e-05 0.00000e+00 0.00000e+00 2.06933e-04
2.36938e+01 -1.11665e-10 2.59593e-12 7.29589e-05 0.00000e+00 0.00000e+00 2.06741e-04
2.37012e+01 -8.13845e-11 -2.59210e-12 7.28913e-05 0.00000e+00 0.00000e+00 2.06549e-04
2.37085e+01 -9.87810e-11 2.58820e-12 7.28238e-05 0.00000e+00 0.00000e+00 2.06358e-04
2.37158e+01 -6.83318e-11 -2.58433e-12 7.27563e-05 0.00000e+00 0.00000e+00 2.06167e-04
2.37231e+01 -8.54196e-11 2.58049e-12 7.26890e-05 0.00000e+00 0.00000e+00 2.05976e-04
2.37305e+01 -5.48698e-11 -2.57661e-12 7.26217e-05 0.00000e+00 0.00000e+00 2.05785e-04
2.37378e+01 -7.17173e-11 2.57279e-12 7.25545e-05 0.00000e+00 0.00000e+00 2.05595e-04
2.37451e+01 -4.11354e-11 -2.56897e-12 7.24874e-05 0.00000e+00 0.00000e+00 2.05404e-04
2.37524e+01 -5.78113e-11 2.56500e-12 7.24203e-05 0.00000e+00 0.00000e+00 2.05214e-04
2.37598e+01 -2.72640e-11 -2.56130e-12 7.23534e-05 0.00000e+00 0.00000e+00 2.05025e-04
2.37671e+01 -4.38349e-11 2.55738e-12 7.22865e-05 0.00000e+00 0.00000e+00 2.04835e-04
2.37744e+01 -1.33890e-11 -2.55357e-12 7.22197e-05 0.00000e+00 0.00000e+00 2.04646e-04
2.37817e+01 -2.99211e-11 2.54973e-12 7.21530e-05 0.00000e+00 0.00000e+00 2.04457e-04
2.37891e+01 3.59187e-13 -2.54592e-12 7.20864e-05 0.00000e+00 0.00000e+00 2.04268e-04
2.37964e+01 -1.61976e-11 2.54208e-12 7.20199e-05 0.00000e+00 0.00000e+00 2.04080e-04
2.38037e+01 1.38552e-11 -2.53825e-12 7.19534e-05 0.00000e+00 0.00000e+00 2.03891e-04
2.38110e+01 -2.78758e-12 2.53439e-12 7.18870e-05 0.00000e+00 0.00000e+00 2.03703e-04
2.38184e+01 2.69791e-11 -2.53062e-12 7.18207e-05 0.00000e+00 0.00000e+00 2.03515e-04
2.38257e+01 1.01927e-11 2.52674e-12 7.17545e-05 0.00000e+00 0.00000e+00 2.03328e-04
2.38330e+01 3.96175e-11 -2.52299e-12 7.16884e-05 0.00000e+00 0.00000e+00 2.03140e-04
2.38403e+01 2.26336e-11 2.51913e-12 7.16223e-05 0.00000e+00 0.00000e+00 2.02953e-04
2.38477e+01 5.16648e-11 -2.51532e-12 7.15564e-05 0.00000e+00 0.00000e+00 2.02766e-04
2.38550e+01 3.44328e-11 2.51146e-12 7.14905e-05 0.00000e+00 0.00000e+00 2.02580e-04
2.38623e+01 6.30231e-11 -2.50772e-12 7.14247e-05 0.00000e+00 0.00000e+00 2.02393e-04
2.38696e+01 4.54978e-11 2.50386e-12 7.13589e-05 0.00000e+00 0.00000e+00 2.02207e-04
2.38770e+01 7.36043e-11 -2.50007e-12 7.12933e-05 0.00000e+00 0.00000e+00 2.02021e-04
2.38843e+01 5.57445e-11 2.49627e-12 7.12277e-05 0.00000e+00 0.00000e+00 2.01835e-04
2.38916e+01 8.33286e-11 -2.49254e-12 7.11622e-05 0.00000e+00 0.00000e+00 2.01649e-04
2.38989e+01 6.50983e-11 2.48861e-12 7.10968e-05 0.00000e+00 0.00000e+00 2.01464e-04
2.39062e+01 9.21280e-11 -2.48488e-12 7.10315e-05 0.00000e+00 0.00000e+00 2.01279e-04
2.39136e+01 7.34965e-11 2.48109e-12 7.09663e-05 0.00000e+00 0.00000e+00 2.01094e-04
2.39209e+01 9.99431e-11 -2.47734e-12 7.09011e-05 0.00000e+00 0.00000e+00 2.00909e-04
2.39282e+01 8.08851e-11 2.47353e-12 7.08360e-05 0.00000e+00 0.00000e+00 2.00725e-04
2.39355e+01 1.06727e-10 -2.46972e-12 7.07710e-05 0.00000e+00 0.00000e+00 2.00541e-04
2.39429e+01 8.72216e-11 2.46596e-12 7.07061e-05 0.00000e+00 0.00000e+00 2.00357e-04
2.39502e+01 1.12441e-10 -2.46218e-12 7.06412e-05 0.00000e+00 0.00000e+00 2.00173e-04
2.39575e+01 9.24749e-11 2.45840e-12 7.05764e-05 0.00000e+00 0.00000e+00 1.99989e-04
2.39648e+01 1.17061e-10 -2.45466e-12 7.05118e-05 0.00000e+00 0.00000e+00 1.99806e-04
2.39722e+01 9.66243e-11 2.45082e-12 7.04471e-05 0.00000e+00 0.00000e+00 1.99623e-04
2.39795e+01 1.20572e-10 -2.44707e-12 7.03826e-05 0.00000e+00 0.00000e+00 1.99440e-04
2.39868e+01 9.96601e-11 2.44329e-12 7.03182e-05 0.00000e+00 0.00000e+00 1.99258e-04
2.39941e+01 1.22968e-10 -2.43952e-12 7.02538e-05 0.00000e+00 0.00000e+00 1.99075e-04
2.40015e+01 1.01583e-10 2.43575e-12 7.01895e-05 0.00000e+00 0.00000e+00 1.98893e-04
2.40088e+01 1.24255e-10 -2.43198e-12 7.01253e-05 0.00000e+00 0.00000e+00 1.98711e-04
2.40161e+01 1.02405e-10 2.42830e-12 7.00611e-05 0.00000e+00 0.00000e+00 1.98529e-04
2.40234e+01 1.24452e-10 -2.42449e-12 6.99971e-05 0.00000e+00 0.00000e+00 1.98348e-04
2.40308e+01 1.02147e-10 2.42075e-12 6.99331e-05 0.00000e+00 0.00000e+00 1.98166e-04
2.40381e+01 1.23582e-10 -2.41701e-12 6.98692e-05 0.00000e+00 0.00000e+00 1.97985e-04
2.40454e+01 1.00839e-10 2.41324e-12 6.98054e-05 0.00000e+00 0.00000e+00 1.97804e-04
2.40527e+01 1.21683e-10 -2.40950e-12 6.97416e-05 0.00000e+00 0.00000e+00 1.97624e-04
2.40601e+01 9.85225e-11 2.40569e-12 6.96779e-05 0.00000e+00 0.00000e+00 1.97443e-04
2.40674e+01 1.18797e-10 -2.40197e-12 6.96143e-05 0.00000e+00 0.00000e+00 1.97263e-04
2.40747e+01 9.52448e-11 2.39828e-12 6.95508e-05 0.00000e+00 0.00000e+00 1.97083e-04
2.40820e+01 1.14978e-10 -2.39449e-12 6.94874e-05 0.00000e+00 0.00000e+00 1.96903e-04
2.40894e+01 9.10617e-11 2.39081e-12 6.94240e-05 0.00000e+00 0.00000e+00 1.96724e-04
2.40967e+01 1.10284e-10 -2.38707e-12 6.93607e-05 0.00000e+00 0.00000e+00 1.96545e-04
2.41040e+01 8.60365e-11 2.38338e-12 6.92975e-05 0.00000e+00 0.00000e+00 1.96365e-04
2.41113e+01 1.04782e-10 -2.37957e-12 6.92344e-05 0.00000e+00 0.00000e+00 1.96187e-04
2.41187e+01 8.02379e-11 2.37591e-12 6.91713e-05 0.00000e+00 0.00000e+00 1.96008e-04
2.41260e+01 9.85438e-11 -2.37218e-12 6.91084e-05 0.00000e+00 0.00000e+00 1.95829e-04
2.41333e+01 7.37409e-11 2.36846e-12 6.90455e-05 0.00000e+00 0.00000e+00 1.95651e-04
2.41406e+01 9.16465e-11 -2.36470e-12 6.89826e-05 0.00000e+00 0.00000e+00 1.95473e-04
2.41479e+01 6.66247e-11 2.36102e-12 6.89199e-05 0.00000e+00 0.00000e+00 1.95295e-04
2.41553e+01 8.41711e-11 -2.35727e-12 6.88572e-05 0.00000e+00 0.00000e+00 1.95118e-04
2.41626e+01 5.89720e-11 2.35360e-12 6.87946e-05 0.00000e+00 0.00000e+00 1.94940e-04
2.41699e+01 7.62021e-11 -2.34984e-12 6.87321e-05 0.00000e+00 0.00000e+00 1.94763e-04
2.41772e+01 5.08686e-11 2.34619e-12 6.86697e-05 0.00000e+00 0.00000e+00 1.94586e-04
2.41846e+01 6.78264e-11 -2.34244e-12 6.86073e-05 0.00000e+00 0.00000e+00 1.94410e-04
2.41919e+01 4.24024e-11 2.33875e-12 6.85450e-05 0.00000e+00 0.00000e+00 1.94233e-04
2.41992e+01 5.91323e-11 -2.33504e-12 6.84828e-05 0.00000e+00 0.00000e+00 1.94057e-04
2.42065e+01 3.36623e-11 2.33139e-12 6.84206e-05 0.00000e+00 0.00000e+00 1.93881e-04
2.42139e+01 5.02091e-11 -2.32764e-12 6.83586e-05 0.00000e+00 0.00000e+00 1.93705e-04
2.42212e+01 2.47372e-11 2.32398e-12 6.82966e-05 0.00000e+00 0.00000e+00 1.93529e-04
2.42285e+01 4.11454e-11 -2.32030e-12 6.82346e-05 0.00000e+00 0.00000e+00 1.93354e-04
2.42358e+01 1.57160e-11 2.31666e-12 6.81728e-05 0.00000e+00 0.00000e+00 1.93178e-04
2.42432e+01 3.20294e-11 -2.31293e-12 6.81110e-05 0.00000e+00 0.00000e+00 1.93003e-04
2.42505e+01 6.68542e-12 2.30931e-12 6.80493e-05 0.00000e+00 0.00000e+00 1.92829e-04
2.42578e+01 2.29472e-11 -2.30556e-12 6.79877e-05 0.00000e+00 0.00000e+00 1.92654e-04
2.42651e+01 -2.27003e-12 2.30186e-12 6.79262e-05 0.00000e+00 0.00000e+00 1.92479e-04
2.42725e+01 1.39823e-11 -2.29822e-12 6.78647e-05 0.00000e+00 0.00000e+00 1.92305e-04
2.42798e+01 -1.10672e-11 2.29451e-12 6.78033e-05 0.00000e+00 0.00000e+00 1.92131e-04
2.42871e+01 5.21526e-12 -2.29084e-12 6.77420e-05 0.00000e+00 0.00000e+00 1.91958e-04
2.42944e+01 -1.96282e-11 2.28719e-12 6.76807e-05 0.00000e+00 0.00000e+00 1.91784e-04
2.43018e+01 -3.27791e-12 -2.28351e-12 6.76195e-05 0.00000e+00 0.00000e+00 1.91611e-04
2.43091e+01 -2.78789e-11 2.27987e-12 6.75584e-05 0.00000e+00 0.00000e+00 1.91438e-04
2.43164e+01 -1.14250e-11 -2.27613e-12 6.74974e-05 0.00000e+00 0.00000e+00 1.91265e-04
2.43237e+01 -3.57500e-11 2.27253e-12 6.74365e-05 0.00000e+00 0.00000e+00 1.91092e-04
2.43311e+01 -1.91596e-11 -2.26883e-12 6.73756e-05 0.00000e+00 0.00000e+00 1.90919e-04
2.43384e+01 -4.31769e-11 2.26530e-12 6.73148e-05 0.00000e+00 0.00000e+00 1.90747e-04
2.43457e+01 -2.64206e-11 -2.26157e-12 6.72540e-05 0.00000e+00 0.00000e+00 1.90575e-04
2.43530e+01 -5.01024e-11 2.25794e-12 6.71934e-05 0.00000e+00 0.00000e+00 1.90403e-04
2.43604e+01 -3.31524e-11 -2.25425e-12 6.71328e-05 0.00000e+00 0.00000e+00 1.90231e-04
2.43677e+01 -5.64736e-11 2.25065e-12 6.70723e-05 0.00000e+00 0.00000e+00 1.90060e-04
2.43750e+01 -3.93066e-11 -2.24703e-12 6.70118e-05 0.00000e+00 0.00000e+00 1.89889e-04
2.43823e+01 -6.22452e-11 2.24340e-12 6.69515e-05 0.00000e+00 0.00000e+00 1.89717e-04
2.43896e+01 -4.48406e-11 -2.23969e-12 6.68912e-05 0.00000e+00 0.00000e+00 1.89547e-04
2.43970e+01 -6.73789e-11 2.23610e-12 6.68309e-05 0.00000e+00 0.00000e+00 1.89376e-04
2.44043e+01 -4.97197e-11 -2.23247e-12 6.67708e-05 0.00000e+00 0.00000e+00 1.89206e-04
2.44116e+01 -7.18426e-11 2.22883e-12 6.67107e-05 0.00000e+00 0.00000e+00 1.89035e-04
2.44189e+01 -5.39150e-11 -2.22512e-12 6.66507e-05 0.00000e+00 0.00000e+00 1.88865e-04
2.44263e+01 -7.56117e-11 2.22154e-12 6.65908e-05 0.00000e+00 0.00000e+00 1.88695e-04
2.44336e+01 -5.74067e-11 -2.21800e-12 6.65309e-05 0.00000e+00 0.00000e+00 1.88526e-04
2.44409e+01 -7.86685e-11 2.21433e-12 6.64711e-05 0.00000e+00 0.00000e+00 1.88356e-04
2.44482e+01 -6.01792e-11 -2.21071e-12 6.64114e-05 0.00000e+00 0.00000e+00 1.88187e-04
2.44556e+01 -8.10028e-11 2.20709e-12 6.63517e-05 0.00000e+00 0.00000e+00 1.88018e-04
2.44629e+01 -6.22265e-11 -2.20347e-12 6.62921e-05 0.00000e+00 0.00000e+00 1.87849e-04
2.44702e+01 -8.26112e-11 2.19984e-12 6.62326e-05 0.00000e+00 0.00000e+00 1.87681e-04
2.44775e+01 -6.35486e-11 -2.19624e-12 6.61732e-05 0.00000e+00 0.00000e+00 1.87512e-04
2.44849e+01 -8.34973e-11 2.19257e-12 6.61138e-05 0.00000e+00 0.00000e+00 1.87344e-04
2.44922e+01 -6.41522e-11 -2.18902e-12 6.60545e-05 0.00000e+00 0.00000e+00 1.87176e-04
2.44995e+01 -8.36703e-11 2.18542e-12 6.59953e-05 0.00000e+00 0.00000e+00 1.87008e-04
2.45068e+01 -6.40507e-11 -2.18184e-12 6.59362e-05 0.00000e+00 0.00000e+00 1.86840e-04
2.45142e+01 -8.31478e-11 2.17824e-12 6.58771e-05 0.00000e+00 0.00000e+00 1.86673e-04
2.45215e+01 -6.32637e-11 -2.17467e-12 6.58181e-05 0.00000e+00 0.00000e+00 1.86506e-04
2.45288e+01 -8.19520e-11 2.17104e-12 6.57591e-05 0.00000e+00 0.00000e+00 1.86339e-04
2.45361e+01 -6.18164e-11 -2.16745e-12 6.57002e-05 0.00000e+00 0.00000e+00 1.86172e-04
2.45435e+01 -8.01111e-11 2.16385e-12 6.56414e-05 0.00000e+00 0.00000e+00 1.86005e-04
2.45508e+01 -5.97400e-11 -2.16023e-12 6.55827e-05 0.00000e+00 0.00000e+00 1.85839e-04
2.45581e+01 -7.76586e-11 2.15671e-12 6.55241e-05 0.00000e+00 0.00000e+00 1.85673e-04
2.45654e+01 -5.70711e-11 -2.15315e-12 6.54655e-05 0.00000e+00 0.00000e+00 1.85507e-04
2.45728e+01 -7.46333e-11 2.14953e-12 6.54069e-05 0.00000e+00 0.00000e+00 1.85341e-04
2.45801e+01 -5.38491e-11 -2.14590e-12 6.53485e-05 0.00000e+00 0.00000e+00 1.85175e-04
2.45874e+01 -7.10776e-11 2.14236e-12 6.52901e-05 0.00000e+00 0.00000e+00 1.85010e-04
2.45947e+01 -5.01201e-11 -2.13883e-12 6.52318e-05 0.00000e+00 0.00000e+00 1.84845e-04
2.46021e+01 -6.70383e-11 2.13519e-12 6.51736e-05 0.00000e+00 0.00000e+00 1.84680e-04
2.46094e+01 -4.59313e-11 -2.13163e-12 6.51154e-05 0.00000e+00 0.00000e+00 1.84515e-04
2.46167e+01 -6.25651e-11 2.12807e-12 6.50573e-05 0.00000e+00 0.00000e+00 1.84350e-04
2.46240e+01 -4.13350e-11 -2.12452e-12 6.49992e-05 0.00000e+00 0.00000e+00 1.84186e-04
2.46313e+01 -5.77110e-11 2.12091e-12 6.49413e-05 0.00000e+00 0.00000e+00 1.84021e-04
2.46387e+01 -3.63843e-11 -2.11736e-12 6.48834e-05 0.00000e+00 0.00000e+00 1.83857e-04
2.46460e+01 -5.25305e-11 2.11383e-12 6.48256e-05 0.00000e+00 0.00000e+00 1.83693e-04
2.46533e+01 -3.11357e-11 -2.11030e-12 6.47678e-05 0.00000e+00 0.00000e+00 1.83530e-04
2.46606e+01 -4.70804e-11 2.10673e-12 6.47101e-05 0.00000e+00 0.00000e+00 1.83366e-04
2.46680e+01 -2.56457e-11 -2.10321e-12 6.46525e-05 0.00000e+00 0.00000e+00 1.83203e-04
2.46753e+01 -4.14183e-11 2.09963e-12 6.45949e-05 0.00000e+00 0.00000e+00 1.83040e-04
2.46826e+01 -1.99723e-11 -2.09609e-12 6.45374e-05 0.00000e+00 0.00000e+00 1.82877e-04
2.46899e+01 -3.56019e-11 2.09253e-12 6.44800e-05 0.00000e+00 0.00000e+00 1.82714e-04
2.46973e+01 -1.41738e-11 -2.08901e-12 6.44227e-05 0.00000e+00 0.00000e+00 1.82552e-04
2.47046e+01 -2.96895e-11 2.08543e-12 6.43654e-05 0.00000e+00 0.00000e+00 1.82389e-04
2.47119e+01 -8.30765e-12 -2.08193e-12 6.43082e-05 0.00000e+00 0.00000e+00 1.82227e-04
2.47192e+01 -2.37383e-11 2.07837e-12 6.42510e-05 0.00000e+00 0.00000e+00 1.82065e-04
2.47266e+01 -2.43087e-12 -2.07485e-12 6.41940e-05 0.00000e+00 0.00000e+00 1.81904e-04
2.47339e+01 -1.78044e-11 2.07134e-12 6.41369e-05 0.00000e+00 0.00000e+00 1.81742e-04
2.47412e+01 3.40109e-12 -2.06777e-12 6.40800e-05 0.00000e+00 0.00000e+00 1.81581e-04
2.47485e+01 -1.19433e-11 2.06418e-12 6.40231e-05 0.00000e+00 0.00000e+00 1.81420e-04
2.47559e+01 9.13465e-12 -2.06070e-12 6.39663e-05 0.00000e+00 0.00000e+00 1.81259e-04
2.47632e+01 -6.20597e-12 2.05723e-12 6.39096e-05 0.00000e+00 0.00000e+00 1.81098e-04
2.47705e+01 1.47181e-11 -2.05366e-12 6.38529e-05 0.00000e+00 0.00000e+00 1.80937e-04
2.47778e+01 -6.43844e-13 2.05017e-12 6.37963e-05 0.00000e+00 0.00000e+00 1.80777e-04
2.47852e+01 2.01032e-11 -2.04665e-12 6.37397e-05 0.00000e+00 0.00000e+00 1.80617e-04
2.47925e+01 4.69661e-12 2.04313e-12 6.36833e-05 0.00000e+00 0.00000e+00 1.80457e-04
2.47998e+01 2.52445e-11 -2.03963e-12 6.36269e-05 0.00000e+00 0.00000e+00 1.80297e-04
2.48071e+01 9.77142e-12 2.03608e-12 6.35705e-05 0.00000e+00 0.00000e+00 1.80137e-04
2.48145e+01 3.00999e-11 -2.03257e-12 6.35143e-05 0.00000e+00 0.00000e+00 1.79978e-04
2.48218e+01 1.45408e-11 2.02911e-12 6.34580e-05 0.00000e+00 0.00000e+00 1.79818e-04
2.48291e+01 3.46305e-11 -2.02567e-12 6.34019e-05 0.00000e+00 0.00000e+00 1.79659e-04
2.48364e+01 1.89678e-11 2.02207e-12 6.33458e-05 0.00000e+00 0.00000e+00 1.79500e-04
2.48438e+01 3.88036e-11 -2.01856e-12 6.32898e-05 0.00000e+00 0.00000e+00 1.79342e-04
2.48511e+01 2.30207e-11 2.01507e-12 6.32339e-05 0.00000e+00 0.00000e+00 1.79183e-04
2.48584e+01 4.25876e-11 -2.01161e-12 6.31780e-05 0.00000e+00 0.00000e+00 1.79025e-04
2.48657e+01 2.66719e-11 2.00813e-12 6.31222e-05 0.00000e+00 0.00000e+00 1.78867e-04
2.48730e+01 4.59577e-11 -2.00465e-12 6.30664e-05 0.00000e+00 0.00000e+00 1.78709e-04
2.48804e+01 2.98974e-11 2.00112e-12 6.30108e-05 0.00000e+00 0.00000e+00 1.78551e-04
2.48877e+01 4.88926e-11 -1.99770e-12 6.29552e-05 0.00000e+00 0.00000e+00 1.78393e-04
2.48950e+01 3.26789e-11 1.99415e-12 6.28996e-05 0.00000e+00 0.00000e+00 1.78236e-04
2.49023e+01 5.13762e-11 -1.99067e-12 6.28441e-05 0.00000e+00 0.00000e+00 1.78079e-04
2.49097e+01 3.50021e-11 1.98717e-12 6.27887e-05 0.00000e+00 0.00000e+00 1.77922e-04
2.49170e+01 5.33959e-11 -1.98378e-12 6.27334e-05 0.00000e+00 0.00000e+00 1.77765e-04
2.49243e+01 3.68578e-11 1.98028e-12 6.26781e-05 0.00000e+00 0.00000e+00 1.77608e-04
2.49316e+01 5.49454e-11 -1.97680e-12 6.26228e-05 0.00000e+00 0.00000e+00 1.77452e-04
2.49390e+01 3.82406e-11 1.97332e-12 6.25677e-05 0.00000e+00 0.00000e+00 1.77295e-04
2.49463e+01 5.60216e-11 -1.96985e-12 6.25126e-05 0.00000e+00 0.00000e+00 1.77139e-04
2.49536e+01 3.91505e-11 1.96640e-12 6.24576e-05 0.00000e+00 0.00000e+00 1.76983e-04
2.49609e+01 5.66265e-11 -1.96292e-12 6.24026e-05 0.00000e+00 0.00000e+00 1.76828e-04
2.49683e+01 3.95913e-11 1.95942e-12 6.23477e-05 0.00000e+00 0.00000e+00 1.76672e-04
2.49756e+01 5.67663e-11 -1.95599e-12 6.22929e-05 0.00000e+00 0.00000e+00 1.76517e-04
2.49829e+01 3.95718e-11 1.95253e-12 6.22381e-05 0.00000e+00 0.00000e+00 1.76361e-04
2.49902e+01 5.64514e-11 -1.94910e-12 6.21834e-05 0.00000e+00 0.00000e+00 1.76206e-04
2.49976e+01 3.91038e-11 1.94556e-12 6.21287e-05 0.00000e+00 0.00000e+00 1.76052e-04
2.50049e+01 5.56962e-11 -1.94222e-12 6.20742e-05 0.00000e+00 0.00000e+00 1.75897e-04
2.50122e+01 3.82046e-11 1.93872e-12 6.20196e-05 0.00000e+00 0.00000e+00 1.75742e-04
2.50195e+01 5.45191e-11 -1.93527e-12 6.19652e-05 0.00000e+00 0.00000e+00 1.75588e-04
2.50269e+01 3.68932e-11 1.93182e-12 6.19108e-05 0.00000e+00 0.00000e+00 1.75434e-04
2.50342e+01 5.29412e-11 -1.92842e-12 6.18565e-05 0.00000e+00 0.00000e+00 1.75280e-04
2.50415e+01 3.51932e-11 1.92494e-12 6.18022e-05 0.00000e+00 0.00000e+00 1.75126e-04
2.50488e+01 5.09880e-11 -1.92148e-12 6.17480e-05 0.00000e+00 0.00000e+00 1.74973e-04
2.50562e+01 3.31307e-11 1.91806e-12 6.16939e-05 0.00000e+00 0.00000e+00 1.74819e-04
2.50635e+01 4.86861e-11 -1.91471e-12 6.16398e-05 0.00000e+00 0.00000e+00 1.74666e-04
2.50708e+01 3.07348e-11 1.91121e-12 6.15858e-05 0.00000e+00 0.00000e+00 1.74513e-04
2.50781e+01 4.60668e-11 -1.90782e-12 6.15319e-05 0.00000e+00 0.00000e+00 1.74360e-04
2.50854e+01 2.80368e-11 1.90434e-12 6.14780e-05 0.00000e+00 0.00000e+00 1.74208e-04
2.50928e+01 4.31619e-11 -1.90096e-12 6.14242e-05 0.00000e+00 0.00000e+00 1.74055e-04
2.51001e+01 2.50704e-11 1.89757e-12 6.13704e-05 0.00000e+00 0.00000e+00 1.73903e-04
2.51074e+01 4.00058e-11 -1.89410e-12 6.13167e-05 0.00000e+00 0.00000e+00 1.73751e-04
2.51147e+01 2.18697e-11 1.89068e-12 6.12631e-05 0.00000e+00 0.00000e+00 1.73599e-04
2.51221e+01 3.66340e-11 -1.88728e-12 6.12095e-05 0.00000e+00 0.00000e+00 1.73447e-04
2.51294e+01 1.84717e-11 1.88386e-12 6.11560e-05 0.00000e+00 0.00000e+00 1.73295e-04
2.51367e+01 3.30835e-11 -1.88043e-12 6.11026e-05 0.00000e+00 0.00000e+00 1.73144e-04
2.51440e+01 1.49133e-11 1.87702e-12 6.10492e-05 0.00000e+00 0.00000e+00 1.72993e-04
2.51514e+01 2.93911e-11 -1.87368e-12 6.09959e-05 0.00000e+00 0.00000e+00 1.72841e-04
2.51587e+01 1.12322e-11 1.87020e-12 6.09426e-05 0.00000e+00 0.00000e+00 1.72691e-04
2.51660e+01 2.55958e-11 -1.86681e-12 6.08894e-05 0.00000e+00 0.00000e+00 1.72540e-04
2.51733e+01 7.46649e-12 1.86339e-12 6.08363e-05 0.00000e+00 0.00000e+00 1.72389e-04
2.51807e+01 2.17347e-11 -1.85998e-12 6.07832e-05 0.00000e+00 0.00000e+00 1.72239e-04
2.51880e+01 3.65353e-12 1.85659e-12 6.07302e-05 0.00000e+00 0.00000e+00 1.72089e-04
2.51953e+01 1.78449e-11 -1.85323e-12 6.06773e-05 0.00000e+00 0.00000e+00 1.71939e-04
2.52026e+01 -1.69381e-13 1.84978e-12 6.06244e-05 0.00000e+00 0.00000e+00 1.71789e-04
2.52100e+01 1.39638e-11 -1.84644e-12 6.05716e-05 0.00000e+00 0.00000e+00 1.71639e-04
2.52173e+01 -3.96580e-12 1.84304e-12 6.05188e-05 0.00000e+00 0.00000e+00 1.71490e-04
2.52246e+01 1.01268e-11 -1.83969e-12 6.04661e-05 0.00000e+00 0.00000e+00 1.71340e-04
2.52319e+01 -7.70081e-12 1.83631e-12 6.04135e-05 0.00000e+00 0.00000e+00 1.71191e-04
2.52393e+01 6.36848e-12 -1.83291e-12 6.03609e-05 0.00000e+00 0.00000e+00 1.71042e-04
2.52466e+01 -1.13413e-11 1.82946e-12 6.03084e-05 0.00000e+00 0.00000e+00 1.70893e-04
2.52539e+01 2.72150e-12 -1.82612e-12 6.02559e-05 0.00000e+00 0.00000e+00 1.70745e-04
2.52612e+01 -1.48546e-11 1.82272e-12 6.02035e-05 0.00000e+00 0.00000e+00 1.70596e-04
2.52686e+01 -7.83509e-13 -1.81941e-12 6.01512e-05 0.00000e+00 0.00000e+00 1.70448e-04
2.52759e+01 -1.82112e-11 1.81598e-12 6.00989e-05 0.00000e+00 0.00000e+00 1.70300e-04
2.52832e+01 -4.11742e-12 -1.81264e-12 6.00467e-05 0.00000e+00 0.00000e+00 1.70152e-04
2.52905e+01 -2.13835e-11 1.80927e-12 5.99945e-05 0.00000e+00 0.00000e+00 1.70004e-04
2.52979e+01 -7.25410e-12 -1.80593e-12 5.99424e-05 0.00000e+00 0.00000e+00 1.69856e-04
2.53052e+01 -2.43467e-11 1.80250e-12 5.98904e-05 0.00000e+00 0.00000e+00 1.69709e-04
2.53125e+01 -1.01693e-11 -1.79913e-12 5.98384e-05 0.00000e+00 0.00000e+00 1.69562e-04
2.53198e+01 -2.70773e-11 1.79585e-12 5.97865e-05 0.00000e+00 0.00000e+00 1.69415e-04
2.53271e+01 -1.28424e-11 -1.79245e-12 5.97347e-05 0.00000e+00 0.00000e+00 1.69268e-04
2.53345e+01 -2.95565e-11 1.78911e-12 5.96829e-05 0.00000e+00 0.00000e+00 1.69121e-04
2.53418e+01 -1.52547e-11 -1.78573e-12 5.96311e-05 0.00000e+00 0.00000e+00 1.68974e-04
2.53491e+01 -3.17671e-11 1.78238e-12 5.95795e-05 0.00000e+00 0.00000e+00 1.68828e-04
2.53564e+01 -1.73907e-11 -1.77903e-12 5.95279e-05 0.00000e+00 0.00000e+00 1.68682e-04
2.53638e+01 -3.36947e-11 1.77569e-12 5.94763e-05 0.00000e+00 0.00000e+00 1.68535e-04
2.53711e+01 -1.92379e-11 -1.77234e-12 5.94248e-05 0.00000e+00 0.00000e+00 1.68390e-04
2.53784e+01 -3.53288e-11 1.76898e-12 5.93734e-05 0.00000e+00 0.00000e+00 1.68244e-04
2.53857e+01 -2.07869e-11 -1.76565e-12 5.93220e-05 0.00000e+00 0.00000e+00 1.68098e-04
2.53931e+01 -3.66611e-11 1.76233e-12 5.92707e-05 0.00000e+00 0.00000e+00 1.67953e-04
2.54004e+01 -2.20311e-11 -1.75895e-12 5.92194e-05 0.00000e+00 0.00000e+00 1.67808e-04
2.54077e+01 -3.76869e-11 1.75562e-12 5.91682e-05 0.00000e+00 0.00000e+00 1.67662e-04
2.54150e+01 -2.29675e-11 -1.75231e-12 5.91171e-05 0.00000e+00 0.00000e+00 1.67518e-04
2.54224e+01 -3.84039e-11 1.74900e-12 5.90660e-05 0.00000e+00 0.00000e+00 1.67373e-04
2.54297e+01 -2.35954e-11 -1.74572e-12 5.90150e-05 0.00000e+00 0.00000e+00 1.67228e-04
2.54370e+01 -3.88138e-11 1.74227e-12 5.89640e-05 0.00000e+00 0.00000e+00 1.67084e-04
2.54443e+01 -2.39167e-11 -1.73901e-12 5.89131e-05 0.00000e+00 0.00000e+00 1.66940e-04
2.54517e+01 -3.89194e-11 1.73571e-12 5.88623e-05 0.00000e+00 0.00000e+00 1.66796e-04
2.54590e+01 -2.39374e-11 -1.73239e-12 5.88115e-05 0.00000e+00 0.00000e+00 1.66652e-04
2.54663e+01 -3.87282e-11 1.72902e-12 5.87608e-05 0.00000e+00 0.00000e+00 1.66508e-04
2.54736e+01 -2.36648e-11 -1.72569e-12 5.87101e-05 0.00000e+00 0.00000e+00 1.66364e-04
2.54810e+01 -3.82491e-11 1.72238e-12 5.86595e-05 0.00000e+00 0.00000e+00 1.66221e-04
2.54883e+01 -2.31099e-11 -1.71912e-12 5.86089e-05 0.00000e+00 0.00000e+00 1.66078e-04
2.54956e+01 -3.74931e-11 1.71582e-12 5.85584e-05 0.00000e+00 0.00000e+00 1.65935e-04
2.55029e+01 -2.22849e-11 -1.71247e-12 5.85080e-05 0.00000e+00 0.00000e+00 1.65792e-04
2.55103e+01 -3.64754e-11 1.70912e-12 5.84576e-05 0.00000e+00 0.00000e+00 1.65649e-04
2.55176e+01 -2.12052e-11 -1.70587e-12 5.84073e-05 0.00000e+00 0.00000e+00 1.65506e-04
2.55249e+01 -3.52110e-11 1.70252e-12 5.83570e-05 0.00000e+00 0.00000e+00 1.65364e-04
2.55322e+01 -1.98876e-11 -1.69925e-12 5.83068e-05 0.00000e+00 0.00000e+00 1.65222e-04
2.55396e+01 -3.37178e-11 1.69595e-12 5.82567e-05 0.00000e+00 0.00000e+00 1.65079e-04
2.55469e+01 -1.83510e-11 -1.69267e-12 5.82066e-05 0.00000e+00 0.00000e+00 1.64937e-04
2.55542e+01 -3.20156e-11 1.68943e-12 5.81565e-05 0.00000e+00 0.00000e+00 1.64796e-04
2.55615e+01 -1.66155e-11 -1.68608e-12 5.81066e-05 0.00000e+00 0.00000e+00 1.64654e-04
2.55688e+01 -3.01260e-11 1.68272e-12 5.80566e-05 0.00000e+00 0.00000e+00 1.64513e-04
2.55762e+01 -1.47028e-11 -1.67948e-12 5.80068e-05 0.00000e+00 0.00000e+00 1.64371e-04
2.55835e+01 -2.80700e-11 1.67620e-12 5.79570e-05 0.00000e+00 0.00000e+00 1.64230e-04
2.55908e+01 -1.26358e-11 -1.67294e-12 5.79072e-05 0.00000e+00 0.00000e+00 1.64089e-04
2.55981e+01 -2.58717e-11 1.66962e-12 5.78575e-05 0.00000e+00 0.00000e+00 1.63948e-04
2.56055e+01 -1.04379e-11 -1.66636e-12 5.78079e-05 0.00000e+00 0.00000e+00 1.63808e-04
2.56128e+01 -2.35548e-11 1.66305e-12 5.77583e-05 0.00000e+00 0.00000e+00 1.63667e-04
2.56201e+01 -8.13340e-12 -1.65981e-12 5.77088e-05 0.00000e+00 0.00000e+00 1.63527e-04
2.56274e+01 -2.11435e-11 1.65652e-12 5.76593e-05 0.00000e+00 0.00000e+00 1.63387e-04
2.56348e+01 -5.74692e-12 -1.65329e-12 5.76099e-05 0.00000e+00 0.00000e+00 1.63247e-04
2.56421e+01 -1.86628e-11 1.64996e-12 5.75606e-05 0.00000e+00 0.00000e+00 1.63107e-04
2.56494e+01 -3.30318e-12 -1.64678e-12 5.75113e-05 0.00000e+00 0.00000e+00 1.62967e-04
2.56567e+01 -1.61371e-11 1.64343e-12 5.74620e-05 0.00000e+00 0.00000e+00 1.62828e-04
2.56641e+01 -8.25886e-13 -1.64013e-12 5.74129e-05 0.00000e+00 0.00000e+00 1.62688e-04
2.56714e+01 -1.35911e-11 1.63687e-12 5.73637e-05 0.00000e+00 0.00000e+00 1.62549e-04
2.56787e+01 1.65908e-12 -1.63365e-12 5.73147e-05 0.00000e+00 0.00000e+00 1.62410e-04
2.56860e+01 -1.10484e-11 1.63038e-12 5.72656e-05 0.00000e+00 0.00000e+00 1.62271e-04
2.56934e+01 4.12903e-12 -1.62713e-12 5.72167e-05 0.00000e+00 0.00000e+00 1.62132e-04
2.57007e+01 -8.53284e-12 1.62387e-12 5.71678e-05 0.00000e+00 0.00000e+00 1.61994e-04
2.57080e+01 6.56091e-12 -1.62063e-12 5.71189e-05 0.00000e+00 0.00000e+00 1.61855e-04
2.57153e+01 -6.06658e-12 1.61741e-12 5.70701e-05 0.00000e+00 0.00000e+00 1.61717e-04
2.57227e+01 8.93253e-12 -1.61413e-12 5.70214e-05 0.00000e+00 0.00000e+00 1.61579e-04
2.57300e+01 -3.67164e-12 1.61084e-12 5.69727e-05 0.00000e+00 0.00000e+00 1.61441e-04
2.57373e+01 1.12232e-11 -1.60762e-12 5.69241e-05 0.00000e+00 0.00000e+00 1.61303e-04
2.57446e+01 -1.36715e-12 1.60445e-12 5.68755e-05 0.00000e+00 0.00000e+00 1.61166e-04
2.57520e+01 1.34130e-11 -1.60117e-12 5.68270e-05 0.00000e+00 0.00000e+00 1.61028e-04
2.57593e+01 8.26625e-13 1.59791e-12 5.67786e-05 0.00000e+00 0.00000e+00 1.60891e-04
2.57666e+01 1.54842e-11 -1.59467e-12 5.67301e-05 0.00000e+00 0.00000e+00 1.60754e-04
2.57739e+01 2.89315e-12 1.59142e-12 5.66818e-05 0.00000e+00 0.00000e+00 1.60617e-04
2.57812e+01 1.74200e-11 -1.58821e-12 5.66335e-05 0.00000e+00 0.00000e+00 1.60480e-04
2.57886e+01 4.81658e-12 1.58493e-12 5.65853e-05 0.00000e+00 0.00000e+00 1.60343e-04
2.57959e+01 1.92057e-11 -1.58174e-12 5.65371e-05 0.00000e+00 0.00000e+00 1.60207e-04
2.58032e+01 6.58292e-12 1.57845e-12 5.64889e-05 0.00000e+00 0.00000e+00 1.60070e-04
2.58105e+01 2.08279e-11 -1.57532e-12 5.64409e-05 0.00000e+00 0.00000e+00 1.59934e-04
2.58179e+01 8.18030e-12 1.57206e-12 5.63929e-05 0.00000e+00 0.00000e+00 1.59798e-04
2.58252e+01 2.22759e-11 -1.56885e-12 5.63449e-05 0.00000e+00 0.00000e+00 1.59662e-04
2.58325e+01 9.59798e-12 1.56561e-12 5.62970e-05 0.00000e+00 0.00000e+00 1.59526e-04
2.58398e+01 2.35402e-11 -1.56240e-12 5.62491e-05 0.00000e+00 0.00000e+00 1.59391e-04
2.58472e+01 1.08277e-11 1.55915e-12 5.62013e-05 0.00000e+00 0.00000e+00 1.59255e-04
2.58545e+01 2.46133e-11 -1.55595e-12 5.61536e-05 0.00000e+00 0.00000e+00 1.59120e-04
2.58618e+01 1.18636e-11 1.55276e-12 5.61059e-05 0.00000e+00 0.00000e+00 1.58985e-04
2.58691e+01 2.54896e-11 -1.54957e-12 5.60582e-05 0.00000e+00 0.00000e+00 1.58850e-04
2.58765e+01 1.27007e-11 1.54636e-12 5.60106e-05 0.00000e+00 0.00000e+00 1.58715e-04
2.58838e+01 2.61665e-11 -1.54311e-12 5.59631e-05 0.00000e+00 0.00000e+00 1.58580e-04
2.58911e+01 1.33367e-11 1.53989e-12 5.59156e-05 0.00000e+00 0.00000e+00 1.58446e-04
2.58984e+01 2.66421e-11 -1.53668e-12 5.58682e-05 0.00000e+00 0.00000e+00 1.58311e-04
2.59058e+01 1.37717e-11 1.53355e-12 5.58208e-05 0.00000e+00 0.00000e+00 1.58177e-04
2.59131e+01 2.69166e-11 -1.53031e-12 5.57735e-05 0.00000e+00 0.00000e+00 1.58043e-04
2.59204e+01 1.40064e-11 1.52714e-12 5.57262e-05 0.00000e+00 0.00000e+00 1.57909e-04
2.59277e+01 2.69926e-11 -1.52393e-12 5.56790e-05 0.00000e+00 0.00000e+00 1.57775e-04
2.59351e+01 1.40443e-11 1.52072e-12 5.56319e-05 0.00000e+00 0.00000e+00 1.57642e-04
2.59424e+01 2.68743e-11 -1.51759e-12 5.55848e-05 0.00000e+00 0.00000e+00 1.57508e-04
2.59497e+01 1.38906e-11 1.51434e-12 5.55377e-05 0.00000e+00 0.00000e+00 1.57375e-04
2.59570e+01 2.65678e-11 -1.51118e-12 5.54907e-05 0.00000e+00 0.00000e+00 1.57242e-04
2.59644e+01 1.35518e-11 1.50796e-12 5.54438e-05 0.00000e+00 0.00000e+00 1.57109e-04
2.59717e+01 2.60799e-11 -1.50486e-12 5.53969e-05 0.00000e+00 0.00000e+00 1.56976e-04
2.59790e+01 1.30363e-11 1.50164e-12 5.53500e-05 0.00000e+00 0.00000e+00 1.56843e-04
2.59863e+01 2.54205e-11 -1.49842e-12 5.53032e-05 0.00000e+00 0.00000e+00 1.56710e-04
2.59937e+01 1.23533e-11 1.49525e-12 5.52565e-05 0.00000e+00 0.00000e+00 1.56578e-04
2.60010e+01 2.45988e-11 -1.49212e-12 5.52098e-05 0.00000e+00 0.00000e+00 1.56446e-04
2.60083e+01 1.15143e-11 1.48891e-12 5.51632e-05 0.00000e+00 0.00000e+00 1.56314e-04
2.60156e+01 2.36272e-11 -1.48577e-12 5.51166e-05 0.00000e+00 0.00000e+00 1.56182e-04
2.60229e+01 1.05310e-11 1.48255e-12 5.50701e-05 0.00000e+00 0.00000e+00 1.56050e-04
2.60303e+01 2.25181e-11 -1.47942e-12 5.50236e-05 0.00000e+00 0.00000e+00 1.55918e-04
2.60376e+01 9.41709e-12 1.47625e-12 5.49772e-05 0.00000e+00 0.00000e+00 1.55787e-04
2.60449e+01 2.12850e-11 -1.47312e-12 5.49308e-05 0.00000e+00 0.00000e+00 1.55655e-04
2.60522e+01 8.18605e-12 1.46990e-12 5.48845e-05 0.00000e+00 0.00000e+00 1.55524e-04
2.60596e+01 1.99428e-11 -1.46674e-12 5.48382e-05 0.00000e+00 0.00000e+00 1.55393e-04
2.60669e+01 6.85309e-12 1.46358e-12 5.47920e-05 0.00000e+00 0.00000e+00 1.55262e-04
2.60742e+01 1.85057e-11 -1.46050e-12 5.47459e-05 0.00000e+00 0.00000e+00 1.55131e-04
2.60815e+01 5.43335e-12 1.45727e-12 5.46998e-05 0.00000e+00 0.00000e+00 1.55000e-04
2.60889e+01 1.69907e-11 -1.45409e-12 5.46537e-05 0.00000e+00 0.00000e+00 1.54870e-04
2.60962e+01 3.94269e-12 1.45099e-12 5.46077e-05 0.00000e+00 0.00000e+00 1.54740e-04
2.61035e+01 1.54120e-11 -1.44788e-12 5.45618e-05 0.00000e+00 0.00000e+00 1.54609e-04
2.61108e+01 2.39703e-12 1.44468e-12 5.45159e-05 0.00000e+00 0.00000e+00 1.54479e-04
2.61182e+01 1.37872e-11 -1.44151e-12 5.44700e-05 0.00000e+00 0.00000e+00 1.54349e-04
2.61255e+01 8.12459e-13 1.43836e-12 5.44242e-05 0.00000e+00 0.00000e+00 1.54220e-04
2.61328e+01 1.21313e-11 -1.43526e-12 5.43785e-05 0.00000e+00 0.00000e+00 1.54090e-04
2.61401e+01 -7.94672e-13 1.43208e-12 5.43328e-05 0.00000e+00 0.00000e+00 1.53960e-04
2.61475e+01 1.04607e-11 -1.42903e-12 5.42871e-05 0.00000e+00 0.00000e+00 1.53831e-04
2.61548e+01 -2.40875e-12 1.42582e-12 5.42415e-05 0.00000e+00 0.00000e+00 1.53702e-04
2.61621e+01 8.79138e-12 -1.42277e-12 5.41960e-05 0.00000e+00 0.00000e+00 1.53573e-04
2.61694e+01 -4.01402e-12 1.41960e-12 5.41505e-05 0.00000e+00 0.00000e+00 1.53444e-04
2.61768e+01 7.13853e-12 -1.41644e-12 5.41050e-05 0.00000e+00 0.00000e+00 1.53315e-04
2.61841e+01 -5.59583e-12 1.41334e-12 5.40597e-05 0.00000e+00 0.00000e+00 1.53187e-04
2.61914e+01 5.51662e-12 -1.41019e-12 5.40143e-05 0.00000e+00 0.00000e+00 1.53058e-04
2.61987e+01 -7.13971e-12 1.40704e-12 5.39690e-05 0.00000e+00 0.00000e+00 1.52930e-04
2.62061e+01 3.93986e-12 -1.40395e-12 5.39238e-05 0.00000e+00 0.00000e+00 1.52802e-04
2.62134e+01 -8.63182e-12 1.40078e-12 5.38786e-05 0.00000e+00 0.00000e+00 1.52674e-04
2.62207e+01 2.42157e-12 -1.39770e-12 5.38335e-05 0.00000e+00 0.00000e+00 1.52546e-04
2.62280e+01 -1.00590e-11 1.39455e-12 5.37884e-05 0.00000e+00 0.00000e+00 1.52418e-04
2.62354e+01 9.74018e-13 -1.39146e-12 5.37433e-05 0.00000e+00 0.00000e+00 1.52290e-04
2.62427e+01 -1.14100e-11 1.38827e-12 5.36984e-05 0.00000e+00 0.00000e+00 1.52163e-04
2.62500e+01 -3.91198e-13 -1.38525e-12 5.36534e-05 0.00000e+00 0.00000e+00 1.52035e-04
2.62573e+01 -1.26731e-11 1.38207e-12 5.36085e-05 0.00000e+00 0.00000e+00 1.51908e-04
2.62646e+01 -1.66384e-12 -1.37905e-12 5.35637e-05 0.00000e+00 0.00000e+00 1.51781e-04
2.62720e+01 -1.38389e-11 1.37591e-12 5.35189e-05 0.00000e+00 0.00000e+00 1.51654e-04
2.62793e+01 -2.83447e-12 -1.37281e-12 5.34742e-05 0.00000e+00 0.00000e+00 1.51528e-04
2.62866e+01 -1.48990e-11 1.36969e-12 5.34295e-05 0.00000e+00 0.00000e+00 1.51401e-04
2.62939e+01 -3.89519e-12 -1.36658e-12 5.33849e-05 0.00000e+00 0.00000e+00 1.51274e-04
2.63013e+01 -1.58459e-11 1.36348e-12 5.33403e-05 0.00000e+00 0.00000e+00 1.51148e-04
2.63086e+01 -4.83935e-12 -1.36040e-12 5.32957e-05 0.00000e+00 0.00000e+00 1.51022e-04
2.63159e+01 -1.66731e-11 1.35728e-12 5.32512e-05 0.00000e+00 0.00000e+00 1.50896e-04
2.63232e+01 -5.66149e-12 -1.35428e-12 5.32068e-05 0.00000e+00 0.00000e+00 1.50770e-04
2.63306e+01 -1.73758e-11 1.35114e-12 5.31624e-05 0.00000e+00 0.00000e+00 1.50644e-04
2.63379e+01 -6.35670e-12 -1.34807e-12 5.31181e-05 0.00000e+00 0.00000e+00 1.50518e-04
2.63452e+01 -1.79508e-11 1.34489e-12 5.30738e-05 0.00000e+00 0.00000e+00 1.50393e-04
2.63525e+01 -6.92267e-12 -1.34190e-12 5.30295e-05 0.00000e+00 0.00000e+00 1.50268e-04
2.63599e+01 -1.83950e-11 1.33875e-12 5.29854e-05 0.00000e+00 0.00000e+00 1.50142e-04
2.63672e+01 -7.35724e-12 -1.33570e-12 5.29412e-05 0.00000e+00 0.00000e+00 1.50017e-04
2.63745e+01 -1.87080e-11 1.33259e-12 5.28971e-05 0.00000e+00 0.00000e+00 1.49892e-04
2.63818e+01 -7.66024e-12 -1.32951e-12 5.28531e-05 0.00000e+00 0.00000e+00 1.49768e-04
2.63892e+01 -1.88898e-11 1.32645e-12 5.28091e-05 0.00000e+00 0.00000e+00 1.49643e-04
2.63965e+01 -7.83263e-12 -1.32338e-12 5.27651e-05 0.00000e+00 0.00000e+00 1.49518e-04
2.64038e+01 -1.89417e-11 1.32030e-12 5.27212e-05 0.00000e+00 0.00000e+00 1.49394e-04
2.64111e+01 -7.87626e-12 -1.31724e-12 5.26774e-05 0.00000e+00 0.00000e+00 1.49270e-04
2.64185e+01 -1.88666e-11 1.31416e-12 5.26336e-05 0.00000e+00 0.00000e+00 1.49146e-04
2.64258e+01 -7.79435e-12 -1.31112e-12 5.25898e-05 0.00000e+00 0.00000e+00 1.49022e-04
2.64331e+01 -1.86679e-11 1.30803e-12 5.25461e-05 0.00000e+00 0.00000e+00 1.48898e-04
2.64404e+01 -7.59097e-12 -1.30496e-12 5.25025e-05 0.00000e+00 0.00000e+00 1.48774e-04
2.64478e+01 -1.83507e-11 1.30188e-12 5.24589e-05 0.00000e+00 0.00000e+00 1.48650e-04
2.64551e+01 -7.27162e-12 -1.29884e-12 5.24153e-05 0.00000e+00 0.00000e+00 1.48527e-04
2.64624e+01 -1.79203e-11 1.29578e-12 5.23718e-05 0.00000e+00 0.00000e+00 1.48404e-04
2.64697e+01 -6.84235e-12 -1.29269e-12 5.23283e-05 0.00000e+00 0.00000e+00 1.48281e-04
2.64771e+01 -1.73839e-11 1.28963e-12 5.22849e-05 0.00000e+00 0.00000e+00 1.48158e-04
2.64844e+01 -6.31036e-12 -1.28656e-12 5.22416e-05 0.00000e+00 0.00000e+00 1.48035e-04
2.64917e+01 -1.67486e-11 1.28354e-12 5.21982e-05 0.00000e+00 0.00000e+00 1.47912e-04
2.64990e+01 -5.68388e-12 -1.28052e-12 5.21550e-05 0.00000e+00 0.00000e+00 1.47789e-04
2.65063e+01 -1.60224e-11 1.27748e-12 5.21118e-05 0.00000e+00 0.00000e+00 1.47667e-04
2.65137e+01 -4.97091e-12 -1.27446e-12 5.20686e-05 0.00000e+00 0.00000e+00 1.47545e-04
2.65210e+01 -1.52150e-11 1.27137e-12 5.20255e-05 0.00000e+00 0.00000e+00 1.47422e-04
2.65283e+01 -4.18050e-12 -1.26832e-12 5.19824e-05 0.00000e+00 0.00000e+00 1.47300e-04
2.65356e+01 -1.43352e-11 1.26526e-12 5.19393e-05 0.00000e+00 0.00000e+00 1.47178e-04
2.65430e+01 -3.32259e-12 -1.26222e-12 5.18964e-05 0.00000e+00 0.00000e+00 1.47056e-04
2.65503e+01 -1.33925e-11 1.25926e-12 5.18534e-05 0.00000e+00 0.00000e+00 1.46935e-04
2.65576e+01 -2.40734e-12 -1.25618e-12 5.18105e-05 0.00000e+00 0.00000e+00 1.46813e-04
2.65649e+01 -1.23980e-11 1.25314e-12 5.17677e-05 0.00000e+00 0.00000e+00 1.46692e-04
2.65723e+01 -1.44458e-12 -1.25012e-12 5.17249e-05 0.00000e+00 0.00000e+00 1.46571e-04
2.65796e+01 -1.13613e-11 1.24706e-12 5.16821e-05 0.00000e+00 0.00000e+00 1.46449e-04
2.65869e+01 -4.44921e-13 -1.24401e-12 5.16394e-05 0.00000e+00 0.00000e+00 1.46328e-04
2.65942e+01 -1.02931e-11 1.24100e-12 5.15968e-05 0.00000e+00 0.00000e+00 1.46208e-04
2.66016e+01 5.80764e-13 -1.23799e-12 5.15542e-05 0.00000e+00 0.00000e+00 1.46087e-04
2.66089e+01 -9.20404e-12 1.23495e-12 5.15116e-05 0.00000e+00 0.00000e+00 1.45966e-04
2.66162e+01 1.62231e-12 -1.23197e-12 5.14691e-05 0.00000e+00 0.00000e+00 1.45846e-04
2.66235e+01 -8.10459e-12 1.22888e-12 5.14266e-05 0.00000e+00 0.00000e+00 1.45725e-04
2.66309e+01 2.66921e-12 -1.22597e-12 5.13842e-05 0.00000e+00 0.00000e+00 1.45605e-04
2.66382e+01 -7.00469e-12 1.22287e-12 5.13419e-05 0.00000e+00 0.00000e+00 1.45485e-04
2.66455e+01 3.71182e-12 -1.21987e-12 5.12995e-05 0.00000e+00 0.00000e+00 1.45365e-04
2.66528e+01 -5.91481e-12 1.21681e-12 5.12572e-05 0.00000e+00 0.00000e+00 1.45245e-04
2.66602e+01 4.73950e-12 -1.21386e-12 5.12150e-05 0.00000e+00 0.00000e+00 1.45126e-04
2.66675e+01 -4.84413e-12 1.21085e-12 5.11728e-05 0.00000e+00 0.00000e+00 1.45006e-04
2.66748e+01 5.74342e-12 -1.20779e-12 5.11307e-05 0.00000e+00 0.00000e+00 1.44887e-04
2.66821e+01 -3.80254e-12 1.20479e-12 5.10886e-05 0.00000e+00 0.00000e+00 1.44768e-04
2.66895e+01 6.71379e-12 -1.20184e-12 5.10465e-05 0.00000e+00 0.00000e+00 1.44648e-04
2.66968e+01 -2.79813e-12 1.19880e-12 5.10045e-05 0.00000e+00 0.00000e+00 1.44529e-04
2.67041e+01 7.64315e-12 -1.19578e-12 5.09626e-05 0.00000e+00 0.00000e+00 1.44411e-04
2.67114e+01 -1.83963e-12 1.19279e-12 5.09207e-05 0.00000e+00 0.00000e+00 1.44292e-04
2.67188e+01 8.52272e-12 -1.18983e-12 5.08788e-05 0.00000e+00 0.00000e+00 1.44173e-04
2.67261e+01 -9.34061e-13 1.18679e-12 5.08370e-05 0.00000e+00 0.00000e+00 1.44055e-04
2.67334e+01 9.34560e-12 -1.18390e-12 5.07952e-05 0.00000e+00 0.00000e+00 1.43936e-04
2.67407e+01 -8.83311e-14 1.18085e-12 5.07535e-05 0.00000e+00 0.00000e+00 1.43818e-04
2.67480e+01 1.01060e-11 -1.17788e-12 5.07118e-05 0.00000e+00 0.00000e+00 1.43700e-04
2.67554e+01 6.91061e-13 1.17486e-12 5.06702e-05 0.00000e+00 0.00000e+00 1.43582e-04
2.67627e+01 1.07975e-11 -1.17188e-12 5.06286e-05 0.00000e+00 0.00000e+00 1.43464e-04
2.67700e+01 1.39896e-12 1.16887e-12 5.05870e-05 0.00000e+00 0.00000e+00 1.43346e-04
2.67773e+01 1.14152e-11 -1.16590e-12 5.05455e-05 0.00000e+00 0.00000e+00 1.43229e-04
2.67847e+01 2.03093e-12 1.16288e-12 5.05041e-05 0.00000e+00 0.00000e+00 1.43111e-04
2.67920e+01 1.19550e-11 -1.15997e-12 5.04627e-05 0.00000e+00 0.00000e+00 1.42994e-04
2.67993e+01 2.58309e-12 1.15687e-12 5.04213e-05 0.00000e+00 0.00000e+00 1.42877e-04
2.68066e+01 1.24140e-11 -1.15396e-12 5.03800e-05 0.00000e+00 0.00000e+00 1.42760e-04
2.68140e+01 3.05298e-12 1.15093e-12 5.03387e-05 0.00000e+00 0.00000e+00 1.42643e-04
2.68213e+01 1.27895e-11 -1.14797e-12 5.02975e-05 0.00000e+00 0.00000e+00 1.42526e-04
2.68286e+01 3.43847e-12 1.14505e-12 5.02563e-05 0.00000e+00 0.00000e+00 1.42409e-04
2.68359e+01 1.30793e-11 -1.14210e-12 5.02152e-05 0.00000e+00 0.00000e+00 1.42293e-04
2.68433e+01 3.73793e-12 1.13909e-12 5.01741e-05 0.00000e+00 0.00000e+00 1.42176e-04
2.68506e+01 1.32834e-11 -1.13621e-12 5.01330e-05 0.00000e+00 0.00000e+00 1.42060e-04
2.68579e+01 3.95153e-12 1.13317e-12 5.00920e-05 0.00000e+00 0.00000e+00 1.41944e-04
2.68652e+01 1.34019e-11 -1.13023e-12 5.00511e-05 0.00000e+00 0.00000e+00 1.41828e-04
2.68726e+01 4.07942e-12 1.12727e-12 5.00102e-05 0.00000e+00 0.00000e+00 1.41712e-04
2.68799e+01 1.34353e-11 -1.12431e-12 4.99693e-05 0.00000e+00 0.00000e+00 1.41596e-04
2.68872e+01 4.12276e-12 1.12132e-12 4.99285e-05 0.00000e+00 0.00000e+00 1.41480e-04
2.68945e+01 1.33852e-11 -1.11841e-12 4.98877e-05 0.00000e+00 0.00000e+00 1.41365e-04
2.69019e+01 4.08391e-12 1.11543e-12 4.98470e-05 0.00000e+00 0.00000e+00 1.41249e-04
2.69092e+01 1.32545e-11 -1.11244e-12 4.98063e-05 0.00000e+00 0.00000e+00 1.41134e-04
2.69165e+01 3.96515e-12 1.10949e-12 4.97656e-05 0.00000e+00 0.00000e+00 1.41019e-04
2.69238e+01 1.30452e-11 -1.10660e-12 4.97250e-05 0.00000e+00 0.00000e+00 1.40904e-04
2.69312e+01 3.77037e-12 1.10363e-12 4.96845e-05 0.00000e+00 0.00000e+00 1.40789e-04
2.69385e+01 1.27620e-11 -1.10070e-12 4.96439e-05 0.00000e+00 0.00000e+00 1.40674e-04
2.69458e+01 3.50309e-12 1.09772e-12 4.96035e-05 0.00000e+00 0.00000e+00 1.40559e-04
2.69531e+01 1.24087e-11 -1.09482e-12 4.95630e-05 0.00000e+00 0.00000e+00 1.40445e-04
2.69604e+01 3.16831e-12 1.09185e-12 4.95227e-05 0.00000e+00 0.00000e+00 1.40330e-04
2.69678e+01 1.19903e-11 -1.08896e-12 4.94823e-05 0.00000e+00 0.00000e+00 1.40216e-04
2.69751e+01 2.77075e-12 1.08597e-12 4.94420e-05 0.00000e+00 0.00000e+00 1.40102e-04
2.69824e+01 1.15126e-11 -1.08300e-12 4.94018e-05 0.00000e+00 0.00000e+00 1.39988e-04
2.69897e+01 2.31649e-12 1.08015e-12 4.93616e-05 0.00000e+00 0.00000e+00 1.39874e-04
2.69971e+01 1.09800e-11 -1.07722e-12 4.93214e-05 0.00000e+00 0.00000e+00 1.39760e-04
2.70044e+01 1.81040e-12 1.07419e-12 4.92813e-05 0.00000e+00 0.00000e+00 1.39646e-04
2.70117e+01 1.04002e-11 -1.07130e-12 4.92412e-05 0.00000e+00 0.00000e+00 1.39533e-04
2.70190e+01 1.26004e-12 1.06837e-12 4.92012e-05 0.00000e+00 0.00000e+00 1.39419e-04
2.70264e+01 9.77853e-12 -1.06546e-12 4.91612e-05 0.00000e+00 0.00000e+00 1.39306e-04
2.70337e+01 6.71097e-13 1.06250e-12 4.91212e-05 0.00000e+00 0.00000e+00 1.39193e-04
2.70410e+01 9.12190e-12 -1.05965e-12 4.90813e-05 0.00000e+00 0.00000e+00 1.39080e-04
2.70483e+01 5.07845e-14 1.05670e-12 4.90415e-05 0.00000e+00 0.00000e+00 1.38967e-04
2.70557e+01 8.43740e-12 -1.05379e-12 4.90017e-05 0.00000e+00 0.00000e+00 1.38854e-04
2.70630e+01 -5.94398e-13 1.05089e-12 4.89619e-05 0.00000e+00 0.00000e+00 1.38741e-04
2.70703e+01 7.73159e-12 -1.04793e-12 4.89221e-05 0.00000e+00 0.00000e+00 1.38629e-04
2.70776e+01 -1.25777e-12 1.04502e-12 4.88825e-05 0.00000e+00 0.00000e+00 1.38516e-04
2.70850e+01 7.01138e-12 -1.04211e-12 4.88428e-05 0.00000e+00 0.00000e+00 1.38404e-04
2.70923e+01 -1.93187e-12 1.03922e-12 4.88032e-05 0.00000e+00 0.00000e+00 1.38292e-04
2.70996e+01 6.28346e-12 -1.03633e-12 4.87637e-05 0.00000e+00 0.00000e+00 1.38179e-04
2.71069e+01 -2.61042e-12 1.03338e-12 4.87241e-05 0.00000e+00 0.00000e+00 1.38068e-04
2.71143e+01 5.55502e-12 -1.03049e-12 4.86847e-05 0.00000e+00 0.00000e+00 1.37956e-04
2.71216e+01 -3.28657e-12 1.02754e-12 4.86452e-05 0.00000e+00 0.00000e+00 1.37844e-04
2.71289e+01 4.83242e-12 -1.02465e-12 4.86058e-05 0.00000e+00 0.00000e+00 1.37732e-04
2.71362e+01 -3.95350e-12 1.02177e-12 4.85665e-05 0.00000e+00 0.00000e+00 1.37621e-04
2.71436e+01 4.12184e-12 -1.01884e-12 4.85272e-05 0.00000e+00 0.00000e+00 1.37509e-04
2.71509e+01 -4.60531e-12 1.01599e-12 4.84879e-05 0.00000e+00 0.00000e+00 1.37398e-04
2.71582e+01 3.42961e-12 -1.01305e-12 4.84487e-05 0.00000e+00 0.00000e+00 1.37287e-04
2.71655e+01 -5.23649e-12 1.01014e-12 4.84095e-05 0.00000e+00 0.00000e+00 1.37176e-04
2.71729e+01 2.76092e-12 -1.00732e-12 4.83704e-05 0.00000e+00 0.00000e+00 1.37065e-04
2.71802e+01 -5.84064e-12 1.00438e-12 4.83313e-05 0.00000e+00 0.00000e+00 1.36954e-04
2.71875e+01 2.12206e-12 -1.00153e-12 4.82923e-05 0.00000e+00 0.00000e+00 1.36844e-04
2.71948e+01 -6.41288e-12 9.98638e-13 4.82533e-05 0.00000e+00 0.00000e+00 1.36733e-04
2.72021e+01 1.51745e-12 -9.95776e-13 4.82143e-05 0.00000e+00 0.00000e+00 1.36623e-04
2.72095e+01 -6.94861e-12 9.92874e-13 4.81754e-05 0.00000e+00 0.00000e+00 1.36512e-04
2.72168e+01 9.51896e-13 -9.89971e-13 4.81365e-05 0.00000e+00 0.00000e+00 1.36402e-04
2.72241e+01 -7.44365e-12 9.87078e-13 4.80976e-05 0.00000e+00 0.00000e+00 1.36292e-04
2.72314e+01 4.29066e-13 -9.84243e-13 4.80588e-05 0.00000e+00 0.00000e+00 1.36182e-04
2.72388e+01 -7.89383e-12 9.81325e-13 4.80201e-05 0.00000e+00 0.00000e+00 1.36072e-04
2.72461e+01 -4.70457e-14 -9.78461e-13 4.79814e-05 0.00000e+00 0.00000e+00 1.35963e-04
2.72534e+01 -8.29611e-12 9.75552e-13 4.79427e-05 0.00000e+00 0.00000e+00 1.35853e-04
2.72607e+01 -4.73557e-13 -9.72686e-13 4.79041e-05 0.00000e+00 0.00000e+00 1.35744e-04
2.72681e+01 -8.64750e-12 9.69823e-13 4.78655e-05 0.00000e+00 0.00000e+00 1.35634e-04
2.72754e+01 -8.48469e-13 -9.67005e-13 4.78269e-05 0.00000e+00 0.00000e+00 1.35525e-04
2.72827e+01 -8.94599e-12 9.64081e-13 4.77884e-05 0.00000e+00 0.00000e+00 1.35416e-04
2.72900e+01 -1.16910e-12 -9.61250e-13 4.77499e-05 0.00000e+00 0.00000e+00 1.35307e-04
2.72974e+01 -9.18995e-12 9.58330e-13 4.77115e-05 0.00000e+00 0.00000e+00 1.35198e-04
2.73047e+01 -1.43438e-12 -9.55497e-13 4.76731e-05 0.00000e+00 0.00000e+00 1.35089e-04
2.73120e+01 -9.37817e-12 9.52574e-13 4.76348e-05 0.00000e+00 0.00000e+00 1.34981e-04
2.73193e+01 -1.64360e-12 -9.49786e-13 4.75965e-05 0.00000e+00 0.00000e+00 1.34872e-04
2.73267e+01 -9.50972e-12 9.46881e-13 4.75582e-05 0.00000e+00 0.00000e+00 1.34764e-04
2.73340e+01 -1.79626e-12 -9.44079e-13 4.75200e-05 0.00000e+00 0.00000e+00 1.34655e-04
2.73413e+01 -9.58538e-12 9.41138e-13 4.74818e-05 0.00000e+00 0.00000e+00 1.34547e-04
2.73486e+01 -1.89275e-12 -9.38396e-13 4.74437e-05 0.00000e+00 0.00000e+00 1.34439e-04
2.73560e+01 -9.60474e-12 9.35491e-13 4.74056e-05 0.00000e+00 0.00000e+00 1.34331e-04
2.73633e+01 -1.93351e-12 -9.32652e-13 4.73675e-05 0.00000e+00 0.00000e+00 1.34223e-04
2.73706e+01 -9.56944e-12 9.29819e-13 4.73295e-05 0.00000e+00 0.00000e+00 1.34116e-04
2.73779e+01 -1.92011e-12 -9.26963e-13 4.72915e-05 0.00000e+00 0.00000e+00 1.34008e-04
2.73853e+01 -9.48097e-12 9.24087e-13 4.72536e-05 0.00000e+00 0.00000e+00 1.33901e-04
2.73926e+01 -1.85448e-12 -9.21306e-13 4.72157e-05 0.00000e+00 0.00000e+00 1.33793e-04
2.73999e+01 -9.34116e-12 9.18348e-13 4.71779e-05 0.00000e+00 0.00000e+00 1.33686e-04
2.74072e+01 -1.73841e-12 -9.15654e-13 4.71401e-05 0.00000e+00 0.00000e+00 1.33579e-04
2.74146e+01 -9.15170e-12 9.12757e-13 4.71023e-05 0.00000e+00 0.00000e+00 1.33472e-04
2.74219e+01 -1.57409e-12 -9.09902e-13 4.70645e-05 0.00000e+00 0.00000e+00 1.33365e-04
2.74292e+01 -8.91648e-12 9.07068e-13 4.70269e-05 0.00000e+00 0.00000e+00 1.33258e-04
2.74365e+01 -1.36534e-12 -9.04237e-13 4.69892e-05 0.00000e+00 0.00000e+00 1.33151e-04
2.74438e+01 -8.63818e-12 9.01382e-13 4.69516e-05 0.00000e+00 0.00000e+00 1.33045e-04
2.74512e+01 -1.11502e-12 -8.98575e-13 4.69140e-05 0.00000e+00 0.00000e+00 1.32938e-04
2.74585e+01 -8.32016e-12 8.95704e-13 4.68765e-05 0.00000e+00 0.00000e+00 1.32832e-04
2.74658e+01 -8.26689e-13 -8.92890e-13 4.68390e-05 0.00000e+00 0.00000e+00 1.32726e-04
2.74731e+01 -7.96611e-12 8.90064e-13 4.68015e-05 0.00000e+00 0.00000e+00 1.32620e-04
2.74805e+01 -5.04294e-13 -8.87208e-13 4.67641e-05 0.00000e+00 0.00000e+00 1.32514e-04
2.74878e+01 -7.58022e-12 8.84415e-13 4.67268e-05 0.00000e+00 0.00000e+00 1.32408e-04
2.74951e+01 -1.52231e-13 -8.81598e-13 4.66894e-05 0.00000e+00 0.00000e+00 1.32302e-04
2.75024e+01 -7.16652e-12 8.78781e-13 4.66521e-05 0.00000e+00 0.00000e+00 1.32196e-04
2.75098e+01 2.25655e-13 -8.75978e-13 4.66149e-05 0.00000e+00 0.00000e+00 1.32091e-04
2.75171e+01 -6.72948e-12 8.73129e-13 4.65777e-05 0.00000e+00 0.00000e+00 1.31985e-04
2.75244e+01 6.24923e-13 -8.70323e-13 4.65405e-05 0.00000e+00 0.00000e+00 1.31880e-04
2.75317e+01 -6.27327e-12 8.67489e-13 4.65034e-05 0.00000e+00 0.00000e+00 1.31775e-04
2.75391e+01 1.04102e-12 -8.64730e-13 4.64663e-05 0.00000e+00 0.00000e+00 1.31670e-04
2.75464e+01 -5.80278e-12 8.61863e-13 4.64292e-05 0.00000e+00 0.00000e+00 1.31565e-04
2.75537e+01 1.46941e-12 -8.59094e-13 4.63922e-05 0.00000e+00 0.00000e+00 1.31460e-04
2.75610e+01 -5.32189e-12 8.56303e-13 4.63552e-05 0.00000e+00 0.00000e+00 1.31355e-04
2.75684e+01 1.90580e-12 -8.53443e-13 4.63183e-05 0.00000e+00 0.00000e+00 1.31250e-04
2.75757e+01 -4.83609e-12 8.50635e-13 4.62814e-05 0.00000e+00 0.00000e+00 1.31146e-04
2.75830e+01 2.34516e-12 -8.47874e-13 4.62445e-05 0.00000e+00 0.00000e+00 1.31041e-04
2.75903e+01 -4.34881e-12 8.45069e-13 4.62077e-05 0.00000e+00 0.00000e+00 1.30937e-04
2.75977e+01 2.78358e-12 -8.42268e-13 4.61709e-05 0.00000e+00 0.00000e+00 1.30833e-04
2.76050e+01 -3.86528e-12 8.39429e-13 4.61342e-05 0.00000e+00 0.00000e+00 1.30729e-04
2.76123e+01 3.21664e-12 -8.36686e-13 4.60975e-05 0.00000e+00 0.00000e+00 1.30625e-04
2.76196e+01 -3.38894e-12 8.33860e-13 4.60608e-05 0.00000e+00 0.00000e+00 1.30521e-04
2.76270e+01 3.64039e-12 -8.31056e-13 4.60242e-05 0.00000e+00 0.00000e+00 1.30417e-04
2.76343e+01 -2.92407e-12 8.28319e-13 4.59876e-05 0.00000e+00 0.00000e+00 1.30313e-04
2.76416e+01 4.05058e-12 -8.25494e-13 4.59511e-05 0.00000e+00 0.00000e+00 1.30210e-04
2.76489e+01 -2.47481e-12 8.22691e-13 4.59146e-05 0.00000e+00 0.00000e+00 1.30106e-04
2.76562e+01 4.44326e-12 -8.20020e-13 4.58781e-05 0.00000e+00 0.00000e+00 1.30003e-04
2.76636e+01 -2.04452e-12 8.17107e-13 4.58417e-05 0.00000e+00 0.00000e+00 1.29900e-04
2.76709e+01 4.81619e-12 -8.14369e-13 4.58053e-05 0.00000e+00 0.00000e+00 1.29796e-04
2.76782e+01 -1.63630e-12 8.11551e-13 4.57689e-05 0.00000e+00 0.00000e+00 1.29693e-04
2.76855e+01 5.16502e-12 -8.08822e-13 4.57326e-05 0.00000e+00 0.00000e+00 1.29591e-04
2.76929e+01 -1.25342e-12 8.05991e-13 4.56963e-05 0.00000e+00 0.00000e+00 1.29488e-04
2.77002e+01 5.48740e-12 -8.03231e-13 4.56601e-05 0.00000e+00 0.00000e+00 1.29385e-04
2.77075e+01 -8.98478e-13 8.00443e-13 4.56239e-05 0.00000e+00 0.00000e+00 1.29283e-04
2.77148e+01 5.78065e-12 -7.97641e-13 4.55877e-05 0.00000e+00 0.00000e+00 1.29180e-04
2.77222e+01 -5.74086e-13 7.94867e-13 4.55516e-05 0.00000e+00 0.00000e+00 1.29078e-04
2.77295e+01 6.04229e-12 -7.92126e-13 4.55155e-05 0.00000e+00 0.00000e+00 1.28975e-04
2.77368e+01 -2.81995e-13 7.89316e-13 4.54795e-05 0.00000e+00 0.00000e+00 1.28873e-04
2.77441e+01 6.27090e-12 -7.86572e-13 4.54435e-05 0.00000e+00 0.00000e+00 1.28771e-04
2.77515e+01 -2.39830e-14 7.83796e-13 4.54075e-05 0.00000e+00 0.00000e+00 1.28669e-04
2.77588e+01 6.46462e-12 -7.81060e-13 4.53716e-05 0.00000e+00 0.00000e+00 1.28567e-04
2.77661e+01 1.98414e-13 7.78235e-13 4.53357e-05 0.00000e+00 0.00000e+00 1.28466e-04
2.77734e+01 6.62251e-12 -7.75528e-13 4.52998e-05 0.00000e+00 0.00000e+00 1.28364e-04
2.77808e+01 3.84595e-13 7.72729e-13 4.52640e-05 0.00000e+00 0.00000e+00 1.28263e-04
2.77881e+01 6.74377e-12 -7.69997e-13 4.52282e-05 0.00000e+00 0.00000e+00 1.28161e-04
2.77954e+01 5.33912e-13 7.67282e-13 4.51925e-05 0.00000e+00 0.00000e+00 1.28060e-04
2.78027e+01 6.82780e-12 -7.64487e-13 4.51568e-05 0.00000e+00 0.00000e+00 1.27959e-04
2.78101e+01 6.45550e-13 7.61732e-13 4.51211e-05 0.00000e+00 0.00000e+00 1.27858e-04
2.78174e+01 6.87442e-12 -7.59031e-13 4.50855e-05 0.00000e+00 0.00000e+00 1.27757e-04
2.78247e+01 7.20027e-13 7.56218e-13 4.50499e-05 0.00000e+00 0.00000e+00 1.27656e-04
2.78320e+01 6.88450e-12 -7.53481e-13 4.50143e-05 0.00000e+00 0.00000e+00 1.27555e-04
2.78394e+01 7.57797e-13 7.50703e-13 4.49788e-05 0.00000e+00 0.00000e+00 1.27454e-04
2.78467e+01 6.85810e-12 -7.47971e-13 4.49433e-05 0.00000e+00 0.00000e+00 1.27354e-04
2.78540e+01 7.59698e-13 7.45214e-13 4.49079e-05 0.00000e+00 0.00000e+00 1.27254e-04
2.78613e+01 6.79628e-12 -7.42480e-13 4.48725e-05 0.00000e+00 0.00000e+00 1.27153e-04
2.78687e+01 7.26701e-13 7.39754e-13 4.48371e-05 0.00000e+00 0.00000e+00 1.27053e-04
2.78760e+01 6.70016e-12 -7.37021e-13 4.48018e-05 0.00000e+00 0.00000e+00 1.26953e-04
2.78833e+01 6.59866e-13 7.34205e-13 4.47665e-05 0.00000e+00 0.00000e+00 1.26853e-04
2.78906e+01 6.57153e-12 -7.31537e-13 4.47312e-05 0.00000e+00 0.00000e+00 1.26753e-04
2.78979e+01 5.61240e-13 7.28700e-13 4.46960e-05 0.00000e+00 0.00000e+00 1.26653e-04
2.79053e+01 6.41207e-12 -7.26046e-13 4.46608e-05 0.00000e+00 0.00000e+00 1.26553e-04
2.79126e+01 4.33108e-13 7.23296e-13 4.46257e-05 0.00000e+00 0.00000e+00 1.26454e-04
2.79199e+01 6.22369e-12 -7.20582e-13 4.45905e-05 0.00000e+00 0.00000e+00 1.26354e-04
2.79272e+01 2.76768e-13 7.17807e-13 4.45555e-05 0.00000e+00 0.00000e+00 1.26255e-04
2.79346e+01 6.00880e-12 -7.15117e-13 4.45204e-05 0.00000e+00 0.00000e+00 1.26156e-04
2.79419e+01 9.51942e-14 7.12383e-13 4.44854e-05 0.00000e+00 0.00000e+00 1.26056e-04
2.79492e+01 5.76961e-12 -7.09686e-13 4.44505e-05 0.00000e+00 0.00000e+00 1.25957e-04
2.79565e+01 -1.09438e-13 7.06933e-13 4.44155e-05 0.00000e+00 0.00000e+00 1.25858e-04
2.79639e+01 5.50870e-12 -7.04295e-13 4.43806e-05 0.00000e+00 0.00000e+00 1.25760e-04
2.79712e+01 -3.34264e-13 7.01501e-13 4.43458e-05 0.00000e+00 0.00000e+00 1.25661e-04
2.79785e+01 5.22947e-12 -6.98789e-13 4.43110e-05 0.00000e+00 0.00000e+00 1.25562e-04
2.79858e+01 -5.76676e-13 6.96078e-13 4.42762e-05 0.00000e+00 0.00000e+00 1.25464e-04
2.79932e+01 4.93410e-12 -6.93331e-13 4.42415e-05 0.00000e+00 0.00000e+00 1.25365e-04
2.80005e+01 -8.33752e-13 6.90625e-13 4.42067e-05 0.00000e+00 0.00000e+00 1.25267e-04
2.80078e+01 4.62575e-12 -6.87861e-13 4.41721e-05 0.00000e+00 0.00000e+00 1.25169e-04
2.80151e+01 -1.10232e-12 6.85217e-13 4.41374e-05 0.00000e+00 0.00000e+00 1.25070e-04
2.80225e+01 4.30696e-12 -6.82461e-13 4.41028e-05 0.00000e+00 0.00000e+00 1.24972e-04
2.80298e+01 -1.37973e-12 6.79759e-13 4.40683e-05 0.00000e+00 0.00000e+00 1.24874e-04
2.80371e+01 3.98134e-12 -6.77066e-13 4.40337e-05 0.00000e+00 0.00000e+00 1.24777e-04
2.80444e+01 -1.66284e-12 6.74327e-13 4.39993e-05 0.00000e+00 0.00000e+00 1.24679e-04
2.80518e+01 3.65149e-12 -6.71640e-13 4.39648e-05 0.00000e+00 0.00000e+00 1.24581e-04
2.80591e+01 -1.94856e-12 6.68925e-13 4.39304e-05 0.00000e+00 0.00000e+00 1.24484e-04
2.80664e+01 3.32082e-12 -6.66182e-13 4.38960e-05 0.00000e+00 0.00000e+00 1.24386e-04
2.80737e+01 -2.23414e-12 6.63503e-13 4.38617e-05 0.00000e+00 0.00000e+00 1.24289e-04
2.80811e+01 2.99135e-12 -6.60832e-13 4.38273e-05 0.00000e+00 0.00000e+00 1.24192e-04
2.80884e+01 -2.51625e-12 6.58187e-13 4.37931e-05 0.00000e+00 0.00000e+00 1.24095e-04
2.80957e+01 2.66652e-12 -6.55469e-13 4.37588e-05 0.00000e+00 0.00000e+00 1.23998e-04
2.81030e+01 -2.79312e-12 6.52699e-13 4.37246e-05 0.00000e+00 0.00000e+00 1.23901e-04
2.81104e+01 2.34919e-12 -6.50049e-13 4.36904e-05 0.00000e+00 0.00000e+00 1.23804e-04
2.81177e+01 -3.06110e-12 6.47349e-13 4.36563e-05 0.00000e+00 0.00000e+00 1.23707e-04
2.81250e+01 2.04161e-12 -6.44647e-13 4.36222e-05 0.00000e+00 0.00000e+00 1.23610e-04
2.81323e+01 -3.31827e-12 6.41960e-13 4.35882e-05 0.00000e+00 0.00000e+00 1.23514e-04
2.81396e+01 1.74593e-12 -6.39332e-13 4.35541e-05 0.00000e+00 0.00000e+00 1.23417e-04
2.81470e+01 -3.56194e-12 6.36654e-13 4.35201e-05 0.00000e+00 0.00000e+00 1.23321e-04
2.81543e+01 1.46529e-12 -6.33873e-13 4.34862e-05 0.00000e+00 0.00000e+00 1.23225e-04
2.81616e+01 -3.79070e-12 6.31217e-13 4.34523e-05 0.00000e+00 0.00000e+00 1.23129e-04
2.81689e+01 1.20054e-12 -6.28541e-13 4.34184e-05 0.00000e+00 0.00000e+00 1.23033e-04
2.81763e+01 -4.00196e-12 6.25816e-13 4.33845e-05 0.00000e+00 0.00000e+00 1.22937e-04
2.81836e+01 9.54364e-13 -6.23176e-13 4.33507e-05 0.00000e+00 0.00000e+00 1.22841e-04
2.81909e+01 -4.19373e-12 6.20497e-13 4.33169e-05 0.00000e+00 0.00000e+00 1.22745e-04
2.81982e+01 7.27977e-13 -6.17869e-13 4.32832e-05 0.00000e+00 0.00000e+00 1.22650e-04
2.82056e+01 -4.36527e-12 6.15101e-13 4.32495e-05 0.00000e+00 0.00000e+00 1.22554e-04
2.82129e+01 5.23361e-13 -6.12485e-13 4.32158e-05 0.00000e+00 0.00000e+00 1.22459e-04
2.82202e+01 -4.51442e-12 6.09813e-13 4.31822e-05 0.00000e+00 0.00000e+00 1.22363e-04
2.82275e+01 3.41311e-13 -6.07112e-13 4.31486e-05 0.00000e+00 0.00000e+00 1.22268e-04
2.82349e+01 -4.64054e-12 6.04517e-13 4.31150e-05 0.00000e+00 0.00000e+00 1.22173e-04
2.82422e+01 1.82513e-13 -6.01811e-13 4.30815e-05 0.00000e+00 0.00000e+00 1.22078e-04
2.82495e+01 -4.74323e-12 5.99149e-13 4.30480e-05 0.00000e+00 0.00000e+00 1.21983e-04
2.82568e+01 4.80653e-14 -5.96491e-13 4.30145e-05 0.00000e+00 0.00000e+00 1.21888e-04
2.82642e+01 -4.82132e-12 5.93809e-13 4.29811e-05 0.00000e+00 0.00000e+00 1.21794e-04
2.82715e+01 -6.15428e-14 -5.91136e-13 4.29477e-05 0.00000e+00 0.00000e+00 1.21699e-04
2.82788e+01 -4.87469e-12 5.88468e-13 4.29143e-05 0.00000e+00 0.00000e+00 1.21604e-04
2.82861e+01 -1.46199e-13 -5.85790e-13 4.28810e-05 0.00000e+00 0.00000e+00 1.21510e-04
2.82935e+01 -4.90291e-12 5.83190e-13 4.28477e-05 0.00000e+00 0.00000e+00 1.21416e-04
2.83008e+01 -2.06148e-13 -5.80502e-13 4.28144e-05 0.00000e+00 0.00000e+00 1.21321e-04
2.83081e+01 -4.90668e-12 5.77827e-13 4.27812e-05 0.00000e+00 0.00000e+00 1.21227e-04
2.83154e+01 -2.41248e-13 -5.75191e-13 4.27480e-05 0.00000e+00 0.00000e+00 1.21133e-04
2.83228e+01 -4.88591e-12 5.72509e-13 4.27149e-05 0.00000e+00 0.00000e+00 1.21039e-04
2.83301e+01 -2.52147e-13 -5.69894e-13 4.26817e-05 0.00000e+00 0.00000e+00 1.20945e-04
2.83374e+01 -4.84134e-12 5.67167e-13 4.26486e-05 0.00000e+00 0.00000e+00 1.20852e-04
2.83447e+01 -2.39270e-13 -5.64567e-13 4.26156e-05 0.00000e+00 0.00000e+00 1.20758e-04
2.83521e+01 -4.77311e-12 5.61964e-13 4.25826e-05 0.00000e+00 0.00000e+00 1.20664e-04
2.83594e+01 -2.03923e-13 -5.59287e-13 4.25496e-05 0.00000e+00 0.00000e+00 1.20571e-04
2.83667e+01 -4.68327e-12 5.56625e-13 4.25166e-05 0.00000e+00 0.00000e+00 1.20478e-04
2.83740e+01 -1.46830e-13 -5.54011e-13 4.24837e-05 0.00000e+00 0.00000e+00 1.20384e-04
2.83813e+01 -4.57222e-12 5.51371e-13 4.24508e-05 0.00000e+00 0.00000e+00 1.20291e-04
2.83887e+01 -6.91570e-14 -5.48712e-13 4.24180e-05 0.00000e+00 0.00000e+00 1.20198e-04
2.83960e+01 -4.44174e-12 5.46030e-13 4.23852e-05 0.00000e+00 0.00000e+00 1.20105e-04
2.84033e+01 2.76358e-14 -5.43395e-13 4.23524e-05 0.00000e+00 0.00000e+00 1.20012e-04
2.84106e+01 -4.29255e-12 5.40810e-13 4.23197e-05 0.00000e+00 0.00000e+00 1.19919e-04
2.84180e+01 1.41569e-13 -5.38190e-13 4.22869e-05 0.00000e+00 0.00000e+00 1.19827e-04
2.84253e+01 -4.12696e-12 5.35541e-13 4.22543e-05 0.00000e+00 0.00000e+00 1.19734e-04
2.84326e+01 2.71542e-13 -5.32914e-13 4.22216e-05 0.00000e+00 0.00000e+00 1.19642e-04
2.84399e+01 -3.94640e-12 5.30286e-13 4.21890e-05 0.00000e+00 0.00000e+00 1.19549e-04
2.84473e+01 4.15720e-13 -5.27649e-13 4.21564e-05 0.00000e+00 0.00000e+00 1.19457e-04
2.84546e+01 -3.75267e-12 5.25052e-13 4.21239e-05 0.00000e+00 0.00000e+00 1.19365e-04
2.84619e+01 5.72324e-13 -5.22362e-13 4.20914e-05 0.00000e+00 0.00000e+00 1.19273e-04
2.84692e+01 -3.54797e-12 5.19738e-13 4.20589e-05 0.00000e+00 0.00000e+00 1.19180e-04
2.84766e+01 7.38791e-13 -5.17177e-13 4.20264e-05 0.00000e+00 0.00000e+00 1.19089e-04
2.84839e+01 -3.33372e-12 5.14532e-13 4.19940e-05 0.00000e+00 0.00000e+00 1.18997e-04
2.84912e+01 9.14030e-13 -5.11896e-13 4.19617e-05 0.00000e+00 0.00000e+00 1.18905e-04
2.84985e+01 -3.11217e-12 5.09266e-13 4.19293e-05 0.00000e+00 0.00000e+00 1.18813e-04
2.85059e+01 1.09542e-12 -5.06692e-13 4.18970e-05 0.00000e+00 0.00000e+00 1.18722e-04
2.85132e+01 -2.88530e-12 5.04040e-13 4.18647e-05 0.00000e+00 0.00000e+00 1.18630e-04
2.85205e+01 1.28124e-12 -5.01455e-13 4.18325e-05 0.00000e+00 0.00000e+00 1.18539e-04
2.85278e+01 -2.65517e-12 4.98799e-13 4.18003e-05 0.00000e+00 0.00000e+00 1.18448e-04
2.85352e+01 1.46959e-12 -4.96214e-13 4.17681e-05 0.00000e+00 0.00000e+00 1.18356e-04
2.85425e+01 -2.42386e-12 4.93556e-13 4.17359e-05 0.00000e+00 0.00000e+00 1.18265e-04
2.85498e+01 1.65802e-12 -4.91035e-13 4.17038e-05 0.00000e+00 0.00000e+00 1.18174e-04
2.85571e+01 -2.19296e-12 4.88382e-13 4.16717e-05 0.00000e+00 0.00000e+00 1.18083e-04
2.85645e+01 1.84522e-12 -4.85748e-13 4.16397e-05 0.00000e+00 0.00000e+00 1.17993e-04
2.85718e+01 -1.96480e-12 4.83132e-13 4.16077e-05 0.00000e+00 0.00000e+00 1.17902e-04
2.85791e+01 2.02870e-12 -4.80591e-13 4.15757e-05 0.00000e+00 0.00000e+00 1.17811e-04
2.85864e+01 -1.74101e-12 4.77950e-13 4.15438e-05 0.00000e+00 0.00000e+00 1.17721e-04
2.85938e+01 2.20716e-12 -4.75358e-13 4.15118e-05 0.00000e+00 0.00000e+00 1.17630e-04
2.86011e+01 -1.52333e-12 4.72769e-13 4.14800e-05 0.00000e+00 0.00000e+00 1.17540e-04
2.86084e+01 2.37845e-12 -4.70172e-13 4.14481e-05 0.00000e+00 0.00000e+00 1.17450e-04
2.86157e+01 -1.31357e-12 4.67586e-13 4.14163e-05 0.00000e+00 0.00000e+00 1.17360e-04
2.86230e+01 2.54126e-12 -4.64966e-13 4.13845e-05 0.00000e+00 0.00000e+00 1.17270e-04
2.86304e+01 -1.11333e-12 4.62383e-13 4.13528e-05 0.00000e+00 0.00000e+00 1.17180e-04
2.86377e+01 2.69402e-12 -4.59772e-13 4.13210e-05 0.00000e+00 0.00000e+00 1.17090e-04
2.86450e+01 -9.23732e-13 4.57218e-13 4.12893e-05 0.00000e+00 0.00000e+00 1.17000e-04
2.86523e+01 2.83495e-12 -4.54626e-13 4.12577e-05 0.00000e+00 0.00000e+00 1.16910e-04
2.86597e+01 -7.46505e-13 4.52060e-13 4.12261e-05 0.00000e+00 0.00000e+00 1.16821e-04
2.86670e+01 2.96341e-12 -4.49452e-13 4.11945e-05 0.00000e+00 0.00000e+00 1.16731e-04
2.86743e+01 -5.82876e-13 4.46821e-13 4.11629e-05 0.00000e+00 0.00000e+00 1.16642e-04
2.86816e+01 3.07802e-12 -4.44296e-13 4.11314e-05 0.00000e+00 0.00000e+00 1.16552e-04
2.86890e+01 -4.33196e-13 4.41661e-13 4.10999e-05 0.00000e+00 0.00000e+00 1.16463e-04
2.86963e+01 3.17790e-12 -4.39103e-13 4.10684e-05 0.00000e+00 0.00000e+00 1.16374e-04
2.87036e+01 -2.98997e-13 4.36504e-13 4.10370e-05 0.00000e+00 0.00000e+00 1.16285e-04
2.87109e+01 3.26237e-12 -4.33929e-13 4.10056e-05 0.00000e+00 0.00000e+00 1.16196e-04
2.87183e+01 -1.80693e-13 4.31343e-13 4.09742e-05 0.00000e+00 0.00000e+00 1.16107e-04
2.87256e+01 3.33030e-12 -4.28818e-13 4.09429e-05 0.00000e+00 0.00000e+00 1.16018e-04
2.87329e+01 -7.85257e-14 4.26272e-13 4.09116e-05 0.00000e+00 0.00000e+00 1.15929e-04
2.87402e+01 3.38184e-12 -4.23642e-13 4.08803e-05 0.00000e+00 0.00000e+00 1.15841e-04
2.87476e+01 6.07969e-15 4.21055e-13 4.08491e-05 0.00000e+00 0.00000e+00 1.15752e-04
2.87549e+01 3.41629e-12 -4.18484e-13 4.08179e-05 0.00000e+00 0.00000e+00 1.15664e-04
2.87622e+01 7.38352e-14 4.15918e-13 4.07867e-05 0.00000e+00 0.00000e+00 1.15576e-04
2.87695e+01 3.43357e-12 -4.13359e-13 4.07556e-05 0.00000e+00 0.00000e+00 1.15487e-04
2.87769e+01 1.24279e-13 4.10773e-13 4.07245e-05 0.00000e+00 0.00000e+00 1.15399e-04
2.87842e+01 3.43386e-12 -4.08185e-13 4.06934e-05 0.00000e+00 0.00000e+00 1.15311e-04
2.87915e+01 1.57712e-13 4.05648e-13 4.06623e-05 0.00000e+00 0.00000e+00 1.15223e-04
2.87988e+01 3.41685e-12 -4.03106e-13 4.06313e-05 0.00000e+00 0.00000e+00 1.15135e-04
2.88062e+01 1.74359e-13 4.00567e-13 4.06003e-05 0.00000e+00 0.00000e+00 1.15047e-04
2.88135e+01 3.38356e-12 -3.97921e-13 4.05694e-05 0.00000e+00 0.00000e+00 1.14960e-04
2.88208e+01 1.74019e-13 3.95380e-13 4.05385e-05 0.00000e+00 0.00000e+00 1.14872e-04
2.88281e+01 3.33366e-12 -3.92850e-13 4.05076e-05 0.00000e+00 0.00000e+00 1.14785e-04
2.88354e+01 1.58144e-13 3.90313e-13 4.04767e-05 0.00000e+00 0.00000e+00 1.14697e-04
2.88428e+01 3.26828e-12 -3.87755e-13 4.04459e-05 0.00000e+00 0.00000e+00 1.14610e-04
2.88501e+01 1.26679e-13 3.85182e-13 4.04151e-05 0.00000e+00 0.00000e+00 1.14523e-04
2.88574e+01 3.18795e-12 -3.82655e-13 4.03843e-05 0.00000e+00 0.00000e+00 1.14435e-04
2.88647e+01 8.08562e-14 3.80077e-13 4.03536e-05 0.00000e+00 0.00000e+00 1.14348e-04
2.88721e+01 3.09360e-12 -3.77569e-13 4.03229e-05 0.00000e+00 0.00000e+00 1.14261e-04
2.88794e+01 2.10548e-14 3.74952e-13 4.02922e-05 0.00000e+00 0.00000e+00 1.14174e-04
2.88867e+01 2.98635e-12 -3.72438e-13 4.02616e-05 0.00000e+00 0.00000e+00 1.14087e-04
2.88940e+01 -5.09332e-14 3.69929e-13 4.02310e-05 0.00000e+00 0.00000e+00 1.14001e-04
2.89014e+01 2.86648e-12 -3.67451e-13 4.02004e-05 0.00000e+00 0.00000e+00 1.13914e-04
2.89087e+01 -1.34766e-13 3.64815e-13 4.01698e-05 0.00000e+00 0.00000e+00 1.13828e-04
2.89160e+01 2.73640e-12 -3.62282e-13 4.01393e-05 0.00000e+00 0.00000e+00 1.13741e-04
2.89233e+01 -2.28897e-13 3.59752e-13 4.01088e-05 0.00000e+00 0.00000e+00 1.13655e-04
2.89307e+01 2.59640e-12 -3.57172e-13 4.00784e-05 0.00000e+00 0.00000e+00 1.13568e-04
2.89380e+01 -3.32240e-13 3.54659e-13 4.00480e-05 0.00000e+00 0.00000e+00 1.13482e-04
2.89453e+01 2.44778e-12 -3.52121e-13 4.00176e-05 0.00000e+00 0.00000e+00 1.13396e-04
2.89526e+01 -4.43472e-13 3.49561e-13 3.99872e-05 0.00000e+00 0.00000e+00 1.13310e-04
2.89600e+01 2.29204e-12 -3.47064e-13 3.99569e-05 0.00000e+00 0.00000e+00 1.13224e-04
2.89673e+01 -5.60958e-13 3.44531e-13 3.99266e-05 0.00000e+00 0.00000e+00 1.13138e-04
2.89746e+01 2.13069e-12 -3.41998e-13 3.98963e-05 0.00000e+00 0.00000e+00 1.13052e-04
2.89819e+01 -6.84236e-13 3.39338e-13 3.98661e-05 0.00000e+00 0.00000e+00 1.12967e-04
2.89893e+01 1.96511e-12 -3.36897e-13 3.98358e-05 0.00000e+00 0.00000e+00 1.12881e-04
2.89966e+01 -8.10216e-13 3.34385e-13 3.98057e-05 0.00000e+00 0.00000e+00 1.12796e-04
2.90039e+01 1.79635e-12 -3.31866e-13 3.97755e-05 0.00000e+00 0.00000e+00 1.12710e-04
2.90112e+01 -9.38889e-13 3.29345e-13 3.97454e-05 0.00000e+00 0.00000e+00 1.12625e-04
2.90186e+01 1.62608e-12 -3.26826e-13 3.97153e-05 0.00000e+00 0.00000e+00 1.12540e-04
2.90259e+01 -1.06851e-12 3.24292e-13 3.96853e-05 0.00000e+00 0.00000e+00 1.12454e-04
2.90332e+01 1.45571e-12 -3.21783e-13 3.96552e-05 0.00000e+00 0.00000e+00 1.12369e-04
2.90405e+01 -1.19761e-12 3.19268e-13 3.96252e-05 0.00000e+00 0.00000e+00 1.12284e-04
2.90479e+01 1.28663e-12 -3.16726e-13 3.95953e-05 0.00000e+00 0.00000e+00 1.12199e-04
2.90552e+01 -1.32497e-12 3.14219e-13 3.95653e-05 0.00000e+00 0.00000e+00 1.12115e-04
2.90625e+01 1.11979e-12 -3.11745e-13 3.95354e-05 0.00000e+00 0.00000e+00 1.12030e-04
2.90698e+01 -1.44914e-12 3.09197e-13 3.95056e-05 0.00000e+00 0.00000e+00 1.11945e-04
2.90771e+01 9.57193e-13 -3.06662e-13 3.94757e-05 0.00000e+00 0.00000e+00 1.11861e-04
2.90845e+01 -1.56868e-12 3.04217e-13 3.94459e-05 0.00000e+00 0.00000e+00 1.11776e-04
2.90918e+01 7.99464e-13 -3.01644e-13 3.94161e-05 0.00000e+00 0.00000e+00 1.11692e-04
2.90991e+01 -1.68314e-12 2.99132e-13 3.93863e-05 0.00000e+00 0.00000e+00 1.11607e-04
2.91064e+01 6.47879e-13 -2.96639e-13 3.93566e-05 0.00000e+00 0.00000e+00 1.11523e-04
2.91138e+01 -1.79071e-12 2.94100e-13 3.93269e-05 0.00000e+00 0.00000e+00 1.11439e-04
2.91211e+01 5.03463e-13 -2.91674e-13 3.92973e-05 0.00000e+00 0.00000e+00 1.11355e-04
2.91284e+01 -1.89017e-12 2.89136e-13 3.92676e-05 0.00000e+00 0.00000e+00 1.11271e-04
2.91357e+01 3.67622e-13 -2.86636e-13 3.92380e-05 0.00000e+00 0.00000e+00 1.11187e-04
2.91431e+01 -1.98139e-12 2.84116e-13 3.92084e-05 0.00000e+00 0.00000e+00 1.11103e-04
2.91504e+01 2.40842e-13 -2.81629e-13 3.91789e-05 0.00000e+00 0.00000e+00 1.11020e-04
2.91577e+01 -2.06277e-12 2.79132e-13 3.91494e-05 0.00000e+00 0.00000e+00 1.10936e-04
2.91650e+01 1.24138e-13 -2.76628e-13 3.91199e-05 0.00000e+00 0.00000e+00 1.10852e-04
2.91724e+01 -2.13387e-12 2.74132e-13 3.90904e-05 0.00000e+00 0.00000e+00 1.10769e-04
2.91797e+01 1.82150e-14 -2.71623e-13 3.90610e-05 0.00000e+00 0.00000e+00 1.10686e-04
2.91870e+01 -2.19394e-12 2.69149e-13 3.90316e-05 0.00000e+00 0.00000e+00 1.10602e-04
2.91943e+01 -7.64919e-14 -2.66637e-13 3.90022e-05 0.00000e+00 0.00000e+00 1.10519e-04
2.92017e+01 -2.24280e-12 2.64135e-13 3.89729e-05 0.00000e+00 0.00000e+00 1.10436e-04
2.92090e+01 -1.59558e-13 -2.61687e-13 3.89436e-05 0.00000e+00 0.00000e+00 1.10353e-04
2.92163e+01 -2.27947e-12 2.59157e-13 3.89143e-05 0.00000e+00 0.00000e+00 1.10270e-04
2.92236e+01 -2.30232e-13 -2.56694e-13 3.88851e-05 0.00000e+00 0.00000e+00 1.10187e-04
2.92310e+01 -2.30366e-12 2.54213e-13 3.88558e-05 0.00000e+00 0.00000e+00 1.10104e-04
2.92383e+01 -2.88349e-13 -2.51716e-13 3.88266e-05 0.00000e+00 0.00000e+00 1.10021e-04
2.92456e+01 -2.31563e-12 2.49224e-13 3.87975e-05 0.00000e+00 0.00000e+00 1.09939e-04
2.92529e+01 -3.34144e-13 -2.46774e-13 3.87683e-05 0.00000e+00 0.00000e+00 1.09856e-04
2.92603e+01 -2.31491e-12 2.44281e-13 3.87392e-05 0.00000e+00 0.00000e+00 1.09774e-04
2.92676e+01 -3.67113e-13 -2.41799e-13 3.87102e-05 0.00000e+00 0.00000e+00 1.09691e-04
2.92749e+01 -2.30168e-12 2.39306e-13 3.86811e-05 0.00000e+00 0.00000e+00 1.09609e-04
2.92822e+01 -3.87476e-13 -2.36825e-13 3.86521e-05 0.00000e+00 0.00000e+00 1.09527e-04
2.92896e+01 -2.27602e-12 2.34348e-13 3.86231e-05 0.00000e+00 0.00000e+00 1.09445e-04
2.92969e+01 -3.95598e-13 -2.31891e-13 3.85941e-05 0.00000e+00 0.00000e+00 1.09363e-04
2.93042e+01 -2.23790e-12 2.29429e-13 3.85652e-05 0.00000e+00 0.00000e+00 1.09281e-04
2.93115e+01 -3.91400e-13 -2.26923e-13 3.85363e-05 0.00000e+00 0.00000e+00 1.09199e-04
2.93188e+01 -2.18813e-12 2.24485e-13 3.85074e-05 0.00000e+00 0.00000e+00 1.09117e-04
2.93262e+01 -3.75771e-13 -2.22003e-13 3.84786e-05 0.00000e+00 0.00000e+00 1.09035e-04
2.93335e+01 -2.12689e-12 2.19550e-13 3.84498e-05 0.00000e+00 0.00000e+00 1.08954e-04
2.93408e+01 -3.48845e-13 -2.17069e-13 3.84210e-05 0.00000e+00 0.00000e+00 1.08872e-04
2.93481e+01 -2.05495e-12 2.14608e-13 3.83922e-05 0.00000e+00 0.00000e+00 1.08790e-04
2.93555e+01 -3.11419e-13 -2.12160e-13 3.83635e-05 0.00000e+00 0.00000e+00 1.08709e-04
2.93628e+01 -1.97262e-12 2.09657e-13 3.83348e-05 0.00000e+00 0.00000e+00 1.08628e-04
2.93701e+01 -2.63706e-13 -2.07211e-13 3.83061e-05 0.00000e+00 0.00000e+00 1.08546e-04
2.93774e+01 -1.88068e-12 2.04737e-13 3.82775e-05 0.00000e+00 0.00000e+00 1.08465e-04
2.93848e+01 -2.06868e-13 -2.02292e-13 3.82489e-05 0.00000e+00 0.00000e+00 1.08384e-04
2.93921e+01 -1.77993e-12 1.99840e-13 3.82203e-05 0.00000e+00 0.00000e+00 1.08303e-04
2.93994e+01 -1.41599e-13 -1.97365e-13 3.81917e-05 0.00000e+00 0.00000e+00 1.08222e-04
2.94067e+01 -1.67136e-12 1.94877e-13 3.81632e-05 0.00000e+00 0.00000e+00 1.08141e-04
2.94141e+01 -6.88492e-14 -1.92472e-13 3.81347e-05 0.00000e+00 0.00000e+00 1.08061e-04
2.94214e+01 -1.55554e-12 1.89996e-13 3.81062e-05 0.00000e+00 0.00000e+00 1.07980e-04
2.94287e+01 1.06054e-14 -1.87542e-13 3.80778e-05 0.00000e+00 0.00000e+00 1.07899e-04
2.94360e+01 -1.43376e-12 1.85096e-13 3.80494e-05 0.00000e+00 0.00000e+00 1.07819e-04
2.94434e+01 9.55606e-14 -1.82662e-13 3.80210e-05 0.00000e+00 0.00000e+00 1.07738e-04
2.94507e+01 -1.30679e-12 1.80223e-13 3.79926e-05 0.00000e+00 0.00000e+00 1.07658e-04
2.94580e+01 1.85294e-13 -1.77752e-13 3.79643e-05 0.00000e+00 0.00000e+00 1.07578e-04
2.94653e+01 -1.17596e-12 1.75280e-13 3.79360e-05 0.00000e+00 0.00000e+00 1.07498e-04
2.94727e+01 2.78586e-13 -1.72870e-13 3.79077e-05 0.00000e+00 0.00000e+00 1.07417e-04
2.94800e+01 -1.04190e-12 1.70400e-13 3.78795e-05 0.00000e+00 0.00000e+00 1.07337e-04
2.94873e+01 3.74367e-13 -1.67976e-13 3.78512e-05 0.00000e+00 0.00000e+00 1.07257e-04
2.94946e+01 -9.05847e-13 1.65543e-13 3.78230e-05 0.00000e+00 0.00000e+00 1.07178e-04
2.95020e+01 4.71656e-13 -1.63130e-13 3.77949e-05 0.00000e+00 0.00000e+00 1.07098e-04
2.95093e+01 -7.68898e-13 1.60673e-13 3.77668e-05 0.00000e+00 0.00000e+00 1.07018e-04
2.95166e+01 5.69630e-13 -1.58209e-13 3.77386e-05 0.00000e+00 0.00000e+00 1.06938e-04
2.95239e+01 -6.32169e-13 1.55787e-13 3.77106e-05 0.00000e+00 0.00000e+00 1.06859e-04
2.95312e+01 6.66613e-13 -1.53326e-13 3.76825e-05 0.00000e+00 0.00000e+00 1.06779e-04
2.95386e+01 -4.96709e-13 1.50908e-13 3.76545e-05 0.00000e+00 0.00000e+00 1.06700e-04
2.95459e+01 7.62127e-13 -1.48451e-13 3.76265e-05 0.00000e+00 0.00000e+00 1.06621e-04
2.95532e+01 -3.63482e-13 1.46030e-13 3.75985e-05 0.00000e+00 0.00000e+00 1.06541e-04
2.95605e+01 8.54675e-13 -1.43652e-13 3.75706e-05 0.00000e+00 0.00000e+00 1.06462e-04
2.95679e+01 -2.33198e-13 1.41219e-13 3.75427e-05 0.00000e+00 0.00000e+00 1.06383e-04
2.95752e+01 9.43975e-13 -1.38749e-13 3.75148e-05 0.00000e+00 0.00000e+00 1.06304e-04
2.95825e+01 -1.07481e-13 1.36301e-13 3.74869e-05 0.00000e+00 0.00000e+00 1.06225e-04
2.95898e+01 1.02841e-12 -1.33908e-13 3.74591e-05 0.00000e+00 0.00000e+00 1.06146e-04
2.95972e+01 1.34241e-14 1.31470e-13 3.74313e-05 0.00000e+00 0.00000e+00 1.06067e-04
2.96045e+01 1.10741e-12 -1.29073e-13 3.74035e-05 0.00000e+00 0.00000e+00 1.05989e-04
2.96118e+01 1.28239e-13 1.26613e-13 3.73758e-05 0.00000e+00 0.00000e+00 1.05910e-04
2.96191e+01 1.18015e-12 -1.24225e-13 3.73481e-05 0.00000e+00 0.00000e+00 1.05832e-04
2.96265e+01 2.36664e-13 1.21847e-13 3.73204e-05 0.00000e+00 0.00000e+00 1.05753e-04
2.96338e+01 1.24577e-12 -1.19398e-13 3.72927e-05 0.00000e+00 0.00000e+00 1.05675e-04
2.96411e+01 3.37142e-13 1.16947e-13 3.72651e-05 0.00000e+00 0.00000e+00 1.05596e-04
2.96484e+01 1.30392e-12 -1.14504e-13 3.72374e-05 0.00000e+00 0.00000e+00 1.05518e-04
2.96558e+01 4.29769e-13 1.12139e-13 3.72099e-05 0.00000e+00 0.00000e+00 1.05440e-04
2.96631e+01 1.35331e-12 -1.09698e-13 3.71823e-05 0.00000e+00 0.00000e+00 1.05362e-04
2.96704e+01 5.13638e-13 1.07313e-13 3.71548e-05 0.00000e+00 0.00000e+00 1.05284e-04
2.96777e+01 1.39376e-12 -1.04926e-13 3.71273e-05 0.00000e+00 0.00000e+00 1.05206e-04
2.96851e+01 5.88388e-13 1.02519e-13 3.70998e-05 0.00000e+00 0.00000e+00 1.05128e-04
2.96924e+01 1.42501e-12 -1.00080e-13 3.70724e-05 0.00000e+00 0.00000e+00 1.05050e-04
2.96997e+01 6.53283e-13 9.76778e-14 3.70449e-05 0.00000e+00 0.00000e+00 1.04973e-04
2.97070e+01 1.44644e-12 -9.52606e-14 3.70175e-05 0.00000e+00 0.00000e+00 1.04895e-04
2.97144e+01 7.08276e-13 9.28644e-14 3.69902e-05 0.00000e+00 0.00000e+00 1.04817e-04
2.97217e+01 1.45794e-12 -9.04111e-14 3.69628e-05 0.00000e+00 0.00000e+00 1.04740e-04
2.97290e+01 7.53459e-13 8.81465e-14 3.69355e-05 0.00000e+00 0.00000e+00 1.04663e-04
2.97363e+01 1.45876e-12 -8.56819e-14 3.69082e-05 0.00000e+00 0.00000e+00 1.04585e-04
2.97437e+01 7.87514e-13 8.32529e-14 3.68810e-05 0.00000e+00 0.00000e+00 1.04508e-04
2.97510e+01 1.44952e-12 -8.08678e-14 3.68537e-05 0.00000e+00 0.00000e+00 1.04431e-04
2.97583e+01 8.11505e-13 7.84513e-14 3.68265e-05 0.00000e+00 0.00000e+00 1.04354e-04
2.97656e+01 1.42988e-12 -7.60645e-14 3.67994e-05 0.00000e+00 0.00000e+00 1.04277e-04
2.97729e+01 8.25168e-13 7.36732e-14 3.67722e-05 0.00000e+00 0.00000e+00 1.04200e-04
2.97803e+01 1.39979e-12 -7.13029e-14 3.67451e-05 0.00000e+00 0.00000e+00 1.04123e-04
2.97876e+01 8.28450e-13 6.88802e-14 3.67180e-05 0.00000e+00 0.00000e+00 1.04046e-04
2.97949e+01 1.35952e-12 -6.65428e-14 3.66909e-05 0.00000e+00 0.00000e+00 1.03969e-04
2.98022e+01 8.21729e-13 6.41233e-14 3.66639e-05 0.00000e+00 0.00000e+00 1.03893e-04
2.98096e+01 1.30965e-12 -6.16974e-14 3.66369e-05 0.00000e+00 0.00000e+00 1.03816e-04
2.98169e+01 8.04950e-13 5.92940e-14 3.66099e-05 0.00000e+00 0.00000e+00 1.03740e-04
2.98242e+01 1.24994e-12 -5.69144e-14 3.65829e-05 0.00000e+00 0.00000e+00 1.03663e-04
2.98315e+01 7.79058e-13 5.45877e-14 3.65560e-05 0.00000e+00 0.00000e+00 1.03587e-04
2.98389e+01 1.18078e-12 -5.22127e-14 3.65290e-05 0.00000e+00 0.00000e+00 1.03511e-04
2.98462e+01 7.43942e-13 4.98128e-14 3.65022e-05 0.00000e+00 0.00000e+00 1.03435e-04
2.98535e+01 1.10321e-12 -4.74135e-14 3.64753e-05 0.00000e+00 0.00000e+00 1.03359e-04
2.98608e+01 7.00355e-13 4.50246e-14 3.64485e-05 0.00000e+00 0.00000e+00 1.03282e-04
2.98682e+01 1.01779e-12 -4.25887e-14 3.64217e-05 0.00000e+00 0.00000e+00 1.03207e-04
2.98755e+01 6.48776e-13 4.02235e-14 3.63949e-05 0.00000e+00 0.00000e+00 1.03131e-04
2.98828e+01 9.24212e-13 -3.79089e-14 3.63681e-05 0.00000e+00 0.00000e+00 1.03055e-04
2.98901e+01 5.90296e-13 3.55137e-14 3.63414e-05 0.00000e+00 0.00000e+00 1.02979e-04
2.98975e+01 8.24147e-13 -3.31509e-14 3.63147e-05 0.00000e+00 0.00000e+00 1.02903e-04
2.99048e+01 5.25133e-13 3.07664e-14 3.62880e-05 0.00000e+00 0.00000e+00 1.02828e-04
2.99121e+01 7.17921e-13 -2.84065e-14 3.62614e-05 0.00000e+00 0.00000e+00 1.02752e-04
2.99194e+01 4.54434e-13 2.60753e-14 3.62347e-05 0.00000e+00 0.00000e+00 1.02677e-04
2.99268e+01 6.06498e-13 -2.36446e-14 3.62081e-05 0.00000e+00 0.00000e+00 1.02601e-04
2.99341e+01 3.78304e-13 2.12514e-14 3.61816e-05 0.00000e+00 0.00000e+00 1.02526e-04
2.99414e+01 4.90461e-13 -1.89224e-14 3.61550e-05 0.00000e+00 0.00000e+00 1.02451e-04
2.99487e+01 2.98534e-13 1.65467e-14 3.61285e-05 0.00000e+00 0.00000e+00 1.02376e-04
2.99561e+01 3.70768e-13 -1.42345e-14 3.61020e-05 0.00000e+00 0.00000e+00 1.02301e-04
2.99634e+01 2.15395e-13 1.17860e-14 3.60756e-05 0.00000e+00 0.00000e+00 1.02226e-04
2.99707e+01 2.48735e-13 -9.46775e-15 3.60491e-05 0.00000e+00 0.00000e+00 1.02151e-04
2.99780e+01 1.30186e-13 7.09455e-15 3.60227e-05 0.00000e+00 0.00000e+00 1.02076e-04
2.99854e+01 1.24755e-13 -4.72582e-15 3.59963e-05 0.00000e+00 0.00000e+00 1.02001e-04
2.99927e+01 4.34313e-14 2.33974e-15 3.59699e-05 0.00000e+00 0.00000e+00 1.01926e-04
3.00000e+01 2.08671e-16 4.32513e-17 3.59436e-05 0.00000e+00 0.00000e+00 1.01852e-04
