# r h000 h110 h112 c000 c110 c112
7.32422e-03 -9.99990e-01 -5.29290e-06 -3.32441e-07 -1.18981e+01 -2.87728e+00 6.35206e-03
1.46484e-02 -9.99991e-01 -5.83460e-06 -7.58453e-07 -1.17998e+01 -2.85540e+00 1.59531e-02
2.19727e-02 -9.99991e-01 -6.26863e-06 -1.05308e-06 -1.17169e+01 -2.83418e+00 2.38954e-02
2.92969e-02 -9.99991e-01 -6.66766e-06 -1.35883e-06 -1.16310e+01 -2.81260e+00 3.22129e-02
3.66211e-02 -9.99991e-01 -7.00742e-06 -1.61877e-06 -1.15478e+01 -2.79120e+00 4.02554e-02
4.39453e-02 -9.99991e-01 -7.30522e-06 -1.86448e-06 -1.14635e+01 -2.76967e+00 4.84301e-02
5.12695e-02 -9.99991e-01 -7.55228e-06 -2.07635e-06 -1.13803e+01 -2.74824e+00 5.64886e-02
5.85938e-02 -9.99991e-01 -7.75722e-06 -2.26918e-06 -1.12965e+01 -2.72675e+00 6.46121e-02
6.59180e-02 -9.99991e-01 -7.91608e-06 -2.43327e-06 -1.12133e+01 -2.70531e+00 7.26689e-02
7.32422e-02 -9.99991e-01 -8.03448e-06 -2.57755e-06 -1.11298e+01 -2.68384e+00 8.07617e-02
8.05664e-02 -9.99991e-01 -8.11065e-06 -2.69647e-06 -1.10467e+01 -2.66242e+00 8.88090e-02
8.78906e-02 -9.99991e-01 -8.14888e-06 -2.79622e-06 -1.09633e+01 -2.64098e+00 9.68771e-02
9.52148e-02 -9.99991e-01 -8.14854e-06 -2.87341e-06 -1.08803e+01 -2.61957e+00 1.04910e-01
1.02539e-01 -9.99991e-01 -8.11321e-06 -2.93273e-06 -1.07972e+01 -2.59816e+00 1.12954e-01
1.09863e-01 -9.99991e-01 -8.04298e-06 -2.97205e-06 -1.07143e+01 -2.57678e+00 1.20969e-01
1.17188e-01 -9.99992e-01 -7.94099e-06 -2.99515e-06 -1.06313e+01 -2.55540e+00 1.28988e-01
1.24512e-01 -9.99992e-01 -7.80778e-06 -3.00069e-06 -1.05486e+01 -2.53405e+00 1.36981e-01
1.31836e-01 -9.99992e-01 -7.64622e-06 -2.99185e-06 -1.04658e+01 -2.51271e+00 1.44973e-01
1.39160e-01 -9.99992e-01 -7.45712e-06 -2.96783e-06 -1.03831e+01 -2.49140e+00 1.52941e-01
1.46484e-01 -9.99992e-01 -7.24314e-06 -2.93137e-06 -1.03005e+01 -2.47010e+00 1.60905e-01
1.53809e-01 -9.99992e-01 -7.00528e-06 -2.88203e-06 -1.02181e+01 -2.44883e+00 1.68845e-01
1.61133e-01 -9.99992e-01 -6.74605e-06 -2.82223e-06 -1.01357e+01 -2.42757e+00 1.76777e-01
1.68457e-01 -9.99992e-01 -6.46655e-06 -2.75177e-06 -1.00534e+01 -2.40634e+00 1.84686e-01
1.75781e-01 -9.99992e-01 -6.16914e-06 -2.67282e-06 -9.97121e+00 -2.38513e+00 1.92584e-01
1.83105e-01 -9.99992e-01 -5.85499e-06 -2.58536e-06 -9.88917e+00 -2.36396e+00 2.00458e-01
1.90430e-01 -9.99992e-01 -5.52631e-06 -2.49133e-06 -9.80718e+00 -2.34280e+00 2.08320e-01
1.97754e-01 -9.99992e-01 -5.18431e-06 -2.39082e-06 -9.72536e+00 -2.32168e+00 2.16157e-01
2.05078e-01 -9.99992e-01 -4.83105e-06 -2.28560e-06 -9.64362e+00 -2.30058e+00 2.23979e-01
2.12402e-01 -9.99992e-01 -4.46775e-06 -2.17584e-06 -9.56205e+00 -2.27952e+00 2.31776e-01
2.19727e-01 -9.99992e-01 -4.09632e-06 -2.06313e-06 -9.48056e+00 -2.25848e+00 2.39555e-01
2.27051e-01 -9.99993e-01 -3.71796e-06 -1.94767e-06 -9.39925e+00 -2.23748e+00 2.47309e-01
2.34375e-01 -9.99993e-01 -3.33444e-06 -1.83093e-06 -9.31804e+00 -2.21651e+00 2.55043e-01
2.41699e-01 -9.99993e-01 -2.94691e-06 -1.71311e-06 -9.23700e+00 -2.19558e+00 2.62751e-01
2.49023e-01 -9.99993e-01 -2.55703e-06 -1.59553e-06 -9.15608e+00 -2.17467e+00 2.70437e-01
2.56348e-01 -9.99993e-01 -2.16586e-06 -1.47841e-06 -9.07534e+00 -2.15381e+00 2.78095e-01
2.63672e-01 -9.99993e-01 -1.77492e-06 -1.36293e-06 -8.99473e+00 -2.13299e+00 2.85730e-01
2.70996e-01 -9.99993e-01 -1.38522e-06 -1.24930e-06 -8.91431e+00 -2.11220e+00 2.93336e-01
2.78320e-01 -9.99993e-01 -9.98144e-07 -1.13856e-06 -8.83402e+00 -2.09145e+00 3.00918e-01
2.85645e-01 -9.99993e-01 -6.14601e-07 -1.03092e-06 -8.75393e+00 -2.07075e+00 3.08469e-01
2.92969e-01 -9.99993e-01 -2.35857e-07 -9.27291e-07 -8.67399e+00 -2.05008e+00 3.15993e-01
3.00293e-01 -9.99993e-01 1.37271e-07 -8.27834e-07 -8.59425e+00 -2.02946e+00 3.23486e-01
3.07617e-01 -9.99993e-01 5.03648e-07 -7.33378e-07 -8.51466e+00 -2.00888e+00 3.30951e-01
3.14941e-01 -9.99993e-01 8.62549e-07 -6.44028e-07 -8.43529e+00 -1.98835e+00 3.38383e-01
3.22266e-01 -9.99994e-01 1.21297e-06 -5.60511e-07 -8.35609e+00 -1.96786e+00 3.45785e-01
3.29590e-01 -9.99994e-01 1.55427e-06 -4.82888e-07 -8.27710e+00 -1.94742e+00 3.53153e-01
3.36914e-01 -9.99994e-01 1.88557e-06 -4.11789e-07 -8.19829e+00 -1.92703e+00 3.60490e-01
3.44238e-01 -9.99994e-01 2.20635e-06 -3.47229e-07 -8.11970e+00 -1.90669e+00 3.67791e-01
3.51562e-01 -9.99994e-01 2.51583e-06 -2.89744e-07 -8.04131e+00 -1.88640e+00 3.75059e-01
3.58887e-01 -9.99994e-01 2.81357e-06 -2.39303e-07 -7.96314e+00 -1.86616e+00 3.82290e-01
3.66211e-01 -9.99994e-01 3.09893e-06 -1.96352e-07 -7.88518e+00 -1.84597e+00 3.89487e-01
3.73535e-01 -9.99994e-01 3.37156e-06 -1.60817e-07 -7.80745e+00 -1.82584e+00 3.96645e-01
3.80859e-01 -9.99994e-01 3.63092e-06 -1.33058e-07 -7.72994e+00 -1.80576e+00 4.03767e-01
3.88184e-01 -9.99994e-01 3.87675e-06 -1.12957e-07 -7.65266e+00 -1.78573e+00 4.10850e-01
3.95508e-01 -9.99994e-01 4.10863e-06 -1.00798e-07 -7.57561e+00 -1.76577e+00 4.17895e-01
4.02832e-01 -9.99994e-01 4.32638e-06 -9.64159e-08 -7.49882e+00 -1.74586e+00 4.24899e-01
4.10156e-01 -9.99994e-01 4.52966e-06 -1.00024e-07 -7.42225e+00 -1.72601e+00 4.31864e-01
4.17480e-01 -9.99994e-01 4.71839e-06 -1.11417e-07 -7.34594e+00 -1.70622e+00 4.38786e-01
4.24805e-01 -9.99995e-01 4.89233e-06 -1.30739e-07 -7.26988e+00 -1.68649e+00 4.45668e-01
4.32129e-01 -9.99995e-01 5.05147e-06 -1.57747e-07 -7.19408e+00 -1.66683e+00 4.52506e-01
4.39453e-01 -9.99995e-01 5.19566e-06 -1.92523e-07 -7.11854e+00 -1.64722e+00 4.59301e-01
4.46777e-01 -9.99995e-01 5.32495e-06 -2.34787e-07 -7.04327e+00 -1.62769e+00 4.66051e-01
4.54102e-01 -9.99995e-01 5.43928e-06 -2.84564e-07 -6.96826e+00 -1.60821e+00 4.72758e-01
4.61426e-01 -9.99995e-01 5.53877e-06 -3.41542e-07 -6.89353e+00 -1.58881e+00 4.79418e-01
4.68750e-01 -9.99995e-01 5.62344e-06 -4.05694e-07 -6.81908e+00 -1.56947e+00 4.86032e-01
4.76074e-01 -9.99995e-01 5.69347e-06 -4.76676e-07 -6.74492e+00 -1.55020e+00 4.92599e-01
4.83398e-01 -9.99995e-01 5.74893e-06 -5.54416e-07 -6.67103e+00 -1.53100e+00 4.99118e-01
4.90723e-01 -9.99995e-01 5.79008e-06 -6.38541e-07 -6.59745e+00 -1.51187e+00 5.05588e-01
4.98047e-01 -9.99995e-01 5.81706e-06 -7.28938e-07 -6.52416e+00 -1.49281e+00 5.12010e-01
5.05371e-01 -9.99995e-01 5.83016e-06 -8.25208e-07 -6.45117e+00 -1.47383e+00 5.18381e-01
5.12695e-01 -9.99995e-01 5.82958e-06 -9.27202e-07 -6.37849e+00 -1.45492e+00 5.24702e-01
5.20020e-01 -9.99995e-01 5.81568e-06 -1.03450e-06 -6.30612e+00 -1.43608e+00 5.30971e-01
5.27344e-01 -9.99996e-01 5.78869e-06 -1.14692e-06 -6.23406e+00 -1.41732e+00 5.37188e-01
5.34668e-01 -9.99996e-01 5.74901e-06 -1.26402e-06 -6.16232e+00 -1.39864e+00 5.43352e-01
5.41992e-01 -9.99996e-01 5.69694e-06 -1.38558e-06 -6.09090e+00 -1.38004e+00 5.49462e-01
5.49316e-01 -9.99996e-01 5.63291e-06 -1.51116e-06 -6.01982e+00 -1.36151e+00 5.55518e-01
5.56641e-01 -9.99996e-01 5.55724e-06 -1.64052e-06 -5.94906e+00 -1.34307e+00 5.61518e-01
5.63965e-01 -9.99996e-01 5.47042e-06 -1.77319e-06 -5.87864e+00 -1.32471e+00 5.67463e-01
5.71289e-01 -9.99996e-01 5.37281e-06 -1.90890e-06 -5.80856e+00 -1.30643e+00 5.73351e-01
5.78613e-01 -9.99996e-01 5.26491e-06 -2.04718e-06 -5.73883e+00 -1.28823e+00 5.79182e-01
5.85938e-01 -9.99996e-01 5.14712e-06 -2.18776e-06 -5.66945e+00 -1.27012e+00 5.84955e-01
5.93262e-01 -9.99996e-01 5.01997e-06 -2.33014e-06 -5.60042e+00 -1.25210e+00 5.90668e-01
6.00586e-01 -9.99996e-01 4.88389e-06 -2.47404e-06 -5.53175e+00 -1.23416e+00 5.96323e-01
6.07910e-01 -9.99996e-01 4.73942e-06 -2.61895e-06 -5.46345e+00 -1.21631e+00 6.01917e-01
6.15234e-01 -9.99996e-01 4.58703e-06 -2.76458e-06 -5.39551e+00 -1.19855e+00 6.07450e-01
6.22559e-01 -9.99996e-01 4.42727e-06 -2.91044e-06 -5.32794e+00 -1.18088e+00 6.12921e-01
6.29883e-01 -9.99996e-01 4.26063e-06 -3.05620e-06 -5.26075e+00 -1.16330e+00 6.18330e-01
6.37207e-01 -9.99997e-01 4.08769e-06 -3.20138e-06 -5.19395e+00 -1.14581e+00 6.23675e-01
6.44531e-01 -9.99997e-01 3.90894e-06 -3.34566e-06 -5.12752e+00 -1.12841e+00 6.28956e-01
6.51855e-01 -9.99997e-01 3.72498e-06 -3.48854e-06 -5.06149e+00 -1.11111e+00 6.34173e-01
6.59180e-01 -9.99997e-01 3.53630e-06 -3.62970e-06 -4.99585e+00 -1.09391e+00 6.39324e-01
6.66504e-01 -9.99997e-01 3.34352e-06 -3.76866e-06 -4.93061e+00 -1.07680e+00 6.44409e-01
6.73828e-01 -9.99997e-01 3.14715e-06 -3.90510e-06 -4.86577e+00 -1.05979e+00 6.49428e-01
6.81152e-01 -9.99997e-01 2.94779e-06 -4.03853e-06 -4.80134e+00 -1.04288e+00 6.54378e-01
6.88477e-01 -9.99997e-01 2.74598e-06 -4.16864e-06 -4.73732e+00 -1.02607e+00 6.59261e-01
6.95801e-01 -9.99997e-01 2.54231e-06 -4.29497e-06 -4.67373e+00 -1.00936e+00 6.64073e-01
7.03125e-01 -9.99997e-01 2.33731e-06 -4.41721e-06 -4.61054e+00 -9.92749e-01 6.68817e-01
7.10449e-01 -9.99997e-01 2.13158e-06 -4.53490e-06 -4.54779e+00 -9.76244e-01 6.73489e-01
7.17773e-01 -9.99997e-01 1.92565e-06 -4.64774e-06 -4.48546e+00 -9.59842e-01 6.78091e-01
7.25098e-01 -9.99997e-01 1.72011e-06 -4.75531e-06 -4.42357e+00 -9.43545e-01 6.82620e-01
7.32422e-01 -9.99997e-01 1.51549e-06 -4.85732e-06 -4.36212e+00 -9.27355e-01 6.87076e-01
7.39746e-01 -9.99997e-01 1.31235e-06 -4.95337e-06 -4.30111e+00 -9.11272e-01 6.91459e-01
7.47070e-01 -9.99997e-01 1.11122e-06 -5.04318e-06 -4.24055e+00 -8.95297e-01 6.95768e-01
7.54395e-01 -9.99997e-01 9.12649e-07 -5.12638e-06 -4.18044e+00 -8.79431e-01 7.00001e-01
7.61719e-01 -9.99998e-01 7.17135e-07 -5.20274e-06 -4.12078e+00 -8.63676e-01 7.04160e-01
7.69043e-01 -9.99998e-01 5.25218e-07 -5.27190e-06 -4.06159e+00 -8.48033e-01 7.08241e-01
7.76367e-01 -9.99998e-01 3.37366e-07 -5.33365e-06 -4.00286e+00 -8.32502e-01 7.12245e-01
7.83691e-01 -9.99998e-01 1.54092e-07 -5.38769e-06 -3.94460e+00 -8.17085e-01 7.16172e-01
7.91016e-01 -9.99998e-01 -2.41664e-08 -5.43384e-06 -3.88682e+00 -8.01783e-01 7.20019e-01
7.98340e-01 -9.99998e-01 -1.96930e-07 -5.47184e-06 -3.82951e+00 -7.86597e-01 7.23787e-01
8.05664e-01 -9.99998e-01 -3.63798e-07 -5.50157e-06 -3.77268e+00 -7.71527e-01 7.27476e-01
8.12988e-01 -9.99998e-01 -5.24336e-07 -5.52280e-06 -3.71635e+00 -7.56576e-01 7.31083e-01
8.20312e-01 -9.99998e-01 -6.78187e-07 -5.53546e-06 -3.66050e+00 -7.41744e-01 7.34609e-01
8.27637e-01 -9.99998e-01 -8.24967e-07 -5.53940e-06 -3.60516e+00 -7.27032e-01 7.38052e-01
8.34961e-01 -9.99998e-01 -9.64373e-07 -5.53460e-06 -3.55031e+00 -7.12441e-01 7.41412e-01
8.42285e-01 -9.99998e-01 -1.09608e-06 -5.52097e-06 -3.49596e+00 -6.97972e-01 7.44688e-01
8.49609e-01 -9.99998e-01 -1.21985e-06 -5.49855e-06 -3.44213e+00 -6.83627e-01 7.47880e-01
8.56934e-01 -9.99998e-01 -1.33543e-06 -5.46733e-06 -3.38881e+00 -6.69406e-01 7.50987e-01
8.64258e-01 -9.99998e-01 -1.44265e-06 -5.42744e-06 -3.33601e+00 -6.55311e-01 7.54007e-01
8.71582e-01 -9.99998e-01 -1.54134e-06 -5.37895e-06 -3.28373e+00 -6.41342e-01 7.56941e-01
8.78906e-01 -9.99998e-01 -1.63141e-06 -5.32207e-06 -3.23198e+00 -6.27501e-01 7.59787e-01
8.86230e-01 -9.99998e-01 -1.71279e-06 -5.25695e-06 -3.18076e+00 -6.13789e-01 7.62545e-01
8.93555e-01 -9.99998e-01 -1.78548e-06 -5.18392e-06 -3.13007e+00 -6.00206e-01 7.65214e-01
9.00879e-01 -9.99999e-01 -1.84951e-06 -5.10322e-06 -3.07993e+00 -5.86755e-01 7.67794e-01
9.08203e-01 -9.99999e-01 -1.90500e-06 -5.01528e-06 -3.03033e+00 -5.73435e-01 7.70283e-01
9.15527e-01 -9.99999e-01 -1.95209e-06 -4.92047e-06 -2.98128e+00 -5.60248e-01 7.72680e-01
9.22852e-01 -9.99999e-01 -1.99101e-06 -4.81933e-06 -2.93278e+00 -5.47196e-01 7.74986e-01
9.30176e-01 -9.99999e-01 -2.02203e-06 -4.71236e-06 -2.88484e+00 -5.34278e-01 7.77199e-01
9.37500e-01 -9.99999e-01 -2.04554e-06 -4.60021e-06 -2.83747e+00 -5.21497e-01 7.79319e-01
9.44824e-01 -9.99999e-01 -2.06193e-06 -4.48352e-06 -2.79066e+00 -5.08853e-01 7.81345e-01
9.52148e-01 -9.99999e-01 -2.07173e-06 -4.36309e-06 -2.74442e+00 -4.96348e-01 7.83276e-01
9.59473e-01 -9.99999e-01 -2.07550e-06 -4.23970e-06 -2.69876e+00 -4.83982e-01 7.85111e-01
9.66797e-01 -9.99999e-01 -2.07393e-06 -4.11430e-06 -2.65368e+00 -4.71756e-01 7.86850e-01
9.74121e-01 -9.99999e-01 -2.06774e-06 -3.98782e-06 -2.60918e+00 -4.59673e-01 7.88492e-01
9.81445e-01 -9.99999e-01 -2.05779e-06 -3.86137e-06 -2.56527e+00 -4.47731e-01 7.90036e-01
9.88770e-01 -9.99999e-01 -2.04500e-06 -3.73605e-06 -2.52196e+00 -4.35934e-01 7.91482e-01
9.96094e-01 -9.99999e-01 -2.03041e-06 -3.61313e-06 -2.47924e+00 -4.24282e-01 7.92828e-01
1.00342e+00 1.43713e+00 4.12773e-01 1.92792e+00 0.00000e+00 0.00000e+00 2.72199e+00
1.01074e+00 1.39562e+00 4.01413e-01 1.86802e+00 0.00000e+00 0.00000e+00 2.66325e+00
1.01807e+00 1.35473e+00 3.90202e-01 1.80991e+00 0.00000e+00 0.00000e+00 2.60618e+00
1.02539e+00 1.31444e+00 3.79139e-01 1.75352e+00 0.00000e+00 0.00000e+00 2.55073e+00
1.03271e+00 1.27478e+00 3.68225e-01 1.69879e+00 0.00000e+00 0.00000e+00 2.49684e+00
1.04004e+00 1.23573e+00 3.57462e-01 1.64568e+00 0.00000e+00 0.00000e+00 2.44446e+00
1.04736e+00 1.19731e+00 3.46850e-01 1.59412e+00 0.00000e+00 0.00000e+00 2.39354e+00
1.05469e+00 1.15950e+00 3.36388e-01 1.54407e+00 0.00000e+00 0.00000e+00 2.34402e+00
1.06201e+00 1.12232e+00 3.26079e-01 1.49547e+00 0.00000e+00 0.00000e+00 2.29586e+00
1.06934e+00 1.08576e+00 3.15922e-01 1.44829e+00 0.00000e+00 0.00000e+00 2.24900e+00
1.07666e+00 1.04982e+00 3.05916e-01 1.40248e+00 0.00000e+00 0.00000e+00 2.20342e+00
1.08398e+00 1.01451e+00 2.96063e-01 1.35800e+00 0.00000e+00 0.00000e+00 2.15905e+00
1.09131e+00 9.79819e-01 2.86363e-01 1.31480e+00 0.00000e+00 0.00000e+00 2.11587e+00
1.09863e+00 9.45747e-01 2.76815e-01 1.27285e+00 0.00000e+00 0.00000e+00 2.07384e+00
1.10596e+00 9.12297e-01 2.67420e-01 1.23210e+00 0.00000e+00 0.00000e+00 2.03291e+00
1.11328e+00 8.79462e-01 2.58176e-01 1.19252e+00 0.00000e+00 0.00000e+00 1.99305e+00
1.12061e+00 8.47244e-01 2.49085e-01 1.15408e+00 0.00000e+00 0.00000e+00 1.95422e+00
1.12793e+00 8.15637e-01 2.40146e-01 1.11675e+00 0.00000e+00 0.00000e+00 1.91640e+00
1.13525e+00 7.84643e-01 2.31359e-01 1.08048e+00 0.00000e+00 0.00000e+00 1.87955e+00
1.14258e+00 7.54254e-01 2.22722e-01 1.04525e+00 0.00000e+00 0.00000e+00 1.84364e+00
1.14990e+00 7.24472e-01 2.14237e-01 1.01102e+00 0.00000e+00 0.00000e+00 1.80863e+00
1.15723e+00 6.95289e-01 2.05902e-01 9.77775e-01 0.00000e+00 0.00000e+00 1.77451e+00
1.16455e+00 6.66705e-01 1.97717e-01 9.45478e-01 0.00000e+00 0.00000e+00 1.74124e+00
1.17188e+00 6.38713e-01 1.89682e-01 9.14103e-01 0.00000e+00 0.00000e+00 1.70879e+00
1.17920e+00 6.11313e-01 1.81795e-01 8.83624e-01 0.00000e+00 0.00000e+00 1.67715e+00
1.18652e+00 5.84497e-01 1.74057e-01 8.54016e-01 0.00000e+00 0.00000e+00 1.64628e+00
1.19385e+00 5.58264e-01 1.66466e-01 8.25253e-01 0.00000e+00 0.00000e+00 1.61617e+00
1.20117e+00 5.32607e-01 1.59022e-01 7.97313e-01 0.00000e+00 0.00000e+00 1.58678e+00
1.20850e+00 5.07523e-01 1.51724e-01 7.70173e-01 0.00000e+00 0.00000e+00 1.55811e+00
1.21582e+00 4.83006e-01 1.44572e-01 7.43809e-01 0.00000e+00 0.00000e+00 1.53012e+00
1.22314e+00 4.59053e-01 1.37564e-01 7.18202e-01 0.00000e+00 0.00000e+00 1.50279e+00
1.23047e+00 4.35656e-01 1.30700e-01 6.93329e-01 0.00000e+00 0.00000e+00 1.47612e+00
1.23779e+00 4.12813e-01 1.23979e-01 6.69172e-01 0.00000e+00 0.00000e+00 1.45007e+00
1.24512e+00 3.90517e-01 1.17400e-01 6.45711e-01 0.00000e+00 0.00000e+00 1.42463e+00
1.25244e+00 3.68764e-01 1.10962e-01 6.22927e-01 0.00000e+00 0.00000e+00 1.39978e+00
1.25977e+00 3.47546e-01 1.04665e-01 6.00802e-01 0.00000e+00 0.00000e+00 1.37551e+00
1.26709e+00 3.26862e-01 9.85064e-02 5.79319e-01 0.00000e+00 0.00000e+00 1.35179e+00
1.27441e+00 3.06701e-01 9.24862e-02 5.58460e-01 0.00000e+00 0.00000e+00 1.32862e+00
1.28174e+00 2.87063e-01 8.66035e-02 5.38210e-01 0.00000e+00 0.00000e+00 1.30597e+00
1.28906e+00 2.67938e-01 8.08569e-02 5.18552e-01 0.00000e+00 0.00000e+00 1.28384e+00
1.29639e+00 2.49323e-01 7.52456e-02 4.99470e-01 0.00000e+00 0.00000e+00 1.26220e+00
1.30371e+00 2.31209e-01 6.97684e-02 4.80951e-01 0.00000e+00 0.00000e+00 1.24105e+00
1.31104e+00 2.13595e-01 6.44245e-02 4.62979e-01 0.00000e+00 0.00000e+00 1.22036e+00
1.31836e+00 1.96470e-01 5.92125e-02 4.45540e-01 0.00000e+00 0.00000e+00 1.20014e+00
1.32568e+00 1.79832e-01 5.41315e-02 4.28622e-01 0.00000e+00 0.00000e+00 1.18036e+00
1.33301e+00 1.63673e-01 4.91802e-02 4.12210e-01 0.00000e+00 0.00000e+00 1.16101e+00
1.34033e+00 1.47989e-01 4.43578e-02 3.96291e-01 0.00000e+00 0.00000e+00 1.14208e+00
1.34766e+00 1.32771e-01 3.96628e-02 3.80854e-01 0.00000e+00 0.00000e+00 1.12356e+00
1.35498e+00 1.18017e-01 3.50944e-02 3.65887e-01 0.00000e+00 0.00000e+00 1.10544e+00
1.36230e+00 1.03716e-01 3.06511e-02 3.51377e-01 0.00000e+00 0.00000e+00 1.08770e+00
1.36963e+00 8.98679e-02 2.63320e-02 3.37314e-01 0.00000e+00 0.00000e+00 1.07035e+00
1.37695e+00 7.64617e-02 2.21357e-02 3.23685e-01 0.00000e+00 0.00000e+00 1.05336e+00
1.38428e+00 6.34952e-02 1.80614e-02 3.10482e-01 0.00000e+00 0.00000e+00 1.03672e+00
1.39160e+00 5.09591e-02 1.41074e-02 2.97692e-01 0.00000e+00 0.00000e+00 1.02044e+00
1.39893e+00 3.88509e-02 1.02731e-02 2.85307e-01 0.00000e+00 0.00000e+00 1.00450e+00
1.40625e+00 2.71610e-02 6.55670e-03 2.73316e-01 0.00000e+00 0.00000e+00 9.88883e-01
1.41357e+00 1.58874e-02 2.95751e-03 2.61710e-01 0.00000e+00 0.00000e+00 9.73592e-01
1.42090e+00 5.02026e-03 -5.26061e-04 2.50479e-01 0.00000e+00 0.00000e+00 9.58614e-01
1.42822e+00 -5.44247e-03 -3.89488e-03 2.39615e-01 0.00000e+00 0.00000e+00 9.43941e-01
1.43555e+00 -1.55103e-02 -7.15048e-03 2.29108e-01 0.00000e+00 0.00000e+00 9.29567e-01
1.44287e+00 -2.51854e-02 -1.02937e-02 2.18951e-01 0.00000e+00 0.00000e+00 9.15483e-01
1.45020e+00 -3.44772e-02 -1.33262e-02 2.09134e-01 0.00000e+00 0.00000e+00 9.01682e-01
1.45752e+00 -4.33879e-02 -1.62488e-02 1.99651e-01 0.00000e+00 0.00000e+00 8.88157e-01
1.46484e+00 -5.19266e-02 -1.90629e-02 1.90492e-01 0.00000e+00 0.00000e+00 8.74901e-01
1.47217e+00 -6.00956e-02 -2.17696e-02 1.81651e-01 0.00000e+00 0.00000e+00 8.61907e-01
1.47949e+00 -6.79040e-02 -2.43703e-02 1.73120e-01 0.00000e+00 0.00000e+00 8.49170e-01
1.48682e+00 -7.53539e-02 -2.68660e-02 1.64892e-01 0.00000e+00 0.00000e+00 8.36682e-01
1.49414e+00 -8.24544e-02 -2.92581e-02 1.56959e-01 0.00000e+00 0.00000e+00 8.24439e-01
1.50146e+00 -8.92073e-02 -3.15475e-02 1.49316e-01 0.00000e+00 0.00000e+00 8.12432e-01
1.50879e+00 -9.56218e-02 -3.37358e-02 1.41954e-01 0.00000e+00 0.00000e+00 8.00658e-01
1.51611e+00 -1.01700e-01 -3.58239e-02 1.34869e-01 0.00000e+00 0.00000e+00 7.89110e-01
1.52344e+00 -1.07450e-01 -3.78131e-02 1.28053e-01 0.00000e+00 0.00000e+00 7.77784e-01
1.53076e+00 -1.12874e-01 -3.97046e-02 1.21501e-01 0.00000e+00 0.00000e+00 7.66673e-01
1.53809e+00 -1.17981e-01 -4.14996e-02 1.15205e-01 0.00000e+00 0.00000e+00 7.55772e-01
1.54541e+00 -1.22772e-01 -4.31991e-02 1.09162e-01 0.00000e+00 0.00000e+00 7.45077e-01
1.55273e+00 -1.27257e-01 -4.48046e-02 1.03364e-01 0.00000e+00 0.00000e+00 7.34584e-01
1.56006e+00 -1.31437e-01 -4.63170e-02 9.78060e-02 0.00000e+00 0.00000e+00 7.24286e-01
1.56738e+00 -1.35319e-01 -4.77376e-02 9.24832e-02 0.00000e+00 0.00000e+00 7.14180e-01
1.57471e+00 -1.38907e-01 -4.90674e-02 8.73903e-02 0.00000e+00 0.00000e+00 7.04261e-01
1.58203e+00 -1.42208e-01 -5.03079e-02 8.25217e-02 0.00000e+00 0.00000e+00 6.94524e-01
1.58936e+00 -1.45223e-01 -5.14598e-02 7.78728e-02 0.00000e+00 0.00000e+00 6.84967e-01
1.59668e+00 -1.47961e-01 -5.25247e-02 7.34383e-02 0.00000e+00 0.00000e+00 6.75584e-01
1.60400e+00 -1.50423e-01 -5.35032e-02 6.92140e-02 0.00000e+00 0.00000e+00 6.66372e-01
1.61133e+00 -1.52618e-01 -5.43970e-02 6.51948e-02 0.00000e+00 0.00000e+00 6.57326e-01
1.61865e+00 -1.54546e-01 -5.52067e-02 6.13766e-02 0.00000e+00 0.00000e+00 6.48443e-01
1.62598e+00 -1.56215e-01 -5.59338e-02 5.77545e-02 0.00000e+00 0.00000e+00 6.39720e-01
1.63330e+00 -1.57626e-01 -5.65791e-02 5.43248e-02 0.00000e+00 0.00000e+00 6.31152e-01
1.64062e+00 -1.58789e-01 -5.71440e-02 5.10827e-02 0.00000e+00 0.00000e+00 6.22737e-01
1.64795e+00 -1.59702e-01 -5.76292e-02 4.80247e-02 0.00000e+00 0.00000e+00 6.14471e-01
1.65527e+00 -1.60374e-01 -5.80363e-02 4.51462e-02 0.00000e+00 0.00000e+00 6.06350e-01
1.66260e+00 -1.60806e-01 -5.83658e-02 4.24440e-02 0.00000e+00 0.00000e+00 5.98372e-01
1.66992e+00 -1.61006e-01 -5.86192e-02 3.99137e-02 0.00000e+00 0.00000e+00 5.90533e-01
1.67725e+00 -1.60973e-01 -5.87972e-02 3.75521e-02 0.00000e+00 0.00000e+00 5.82831e-01
1.68457e+00 -1.60716e-01 -5.89012e-02 3.53552e-02 0.00000e+00 0.00000e+00 5.75261e-01
1.69189e+00 -1.60235e-01 -5.89318e-02 3.33198e-02 0.00000e+00 0.00000e+00 5.67823e-01
1.69922e+00 -1.59538e-01 -5.88905e-02 3.14421e-02 0.00000e+00 0.00000e+00 5.60512e-01
1.70654e+00 -1.58624e-01 -5.87779e-02 2.97193e-02 0.00000e+00 0.00000e+00 5.53326e-01
1.71387e+00 -1.57502e-01 -5.85954e-02 2.81475e-02 0.00000e+00 0.00000e+00 5.46262e-01
1.72119e+00 -1.56170e-01 -5.83435e-02 2.67240e-02 0.00000e+00 0.00000e+00 5.39318e-01
1.72852e+00 -1.54638e-01 -5.80236e-02 2.54453e-02 0.00000e+00 0.00000e+00 5.32492e-01
1.73584e+00 -1.52903e-01 -5.76364e-02 2.43089e-02 0.00000e+00 0.00000e+00 5.25780e-01
1.74316e+00 -1.50975e-01 -5.71831e-02 2.33111e-02 0.00000e+00 0.00000e+00 5.19180e-01
1.75049e+00 -1.48851e-01 -5.66644e-02 2.24498e-02 0.00000e+00 0.00000e+00 5.12690e-01
1.75781e+00 -1.46541e-01 -5.60815e-02 2.17215e-02 0.00000e+00 0.00000e+00 5.06308e-01
1.76514e+00 -1.44042e-01 -5.54350e-02 2.11240e-02 0.00000e+00 0.00000e+00 5.00032e-01
1.77246e+00 -1.41363e-01 -5.47262e-02 2.06540e-02 0.00000e+00 0.00000e+00 4.93859e-01
1.77979e+00 -1.38502e-01 -5.39556e-02 2.03096e-02 0.00000e+00 0.00000e+00 4.87787e-01
1.78711e+00 -1.35467e-01 -5.31245e-02 2.00876e-02 0.00000e+00 0.00000e+00 4.81814e-01
1.79443e+00 -1.32257e-01 -5.22333e-02 1.99860e-02 0.00000e+00 0.00000e+00 4.75938e-01
1.80176e+00 -1.28879e-01 -5.12835e-02 2.00019e-02 0.00000e+00 0.00000e+00 4.70158e-01
1.80908e+00 -1.25330e-01 -5.02754e-02 2.01334e-02 0.00000e+00 0.00000e+00 4.64470e-01
1.81641e+00 -1.21620e-01 -4.92102e-02 2.03776e-02 0.00000e+00 0.00000e+00 4.58874e-01
1.82373e+00 -1.17746e-01 -4.80884e-02 2.07330e-02 0.00000e+00 0.00000e+00 4.53368e-01
1.83105e+00 -1.13716e-01 -4.69114e-02 2.11965e-02 0.00000e+00 0.00000e+00 4.47949e-01
1.83838e+00 -1.09526e-01 -4.56792e-02 2.17668e-02 0.00000e+00 0.00000e+00 4.42617e-01
1.84570e+00 -1.05187e-01 -4.43935e-02 2.24410e-02 0.00000e+00 0.00000e+00 4.37368e-01
1.85303e+00 -1.00693e-01 -4.30543e-02 2.32179e-02 0.00000e+00 0.00000e+00 4.32202e-01
1.86035e+00 -9.60548e-02 -4.16630e-02 2.40945e-02 0.00000e+00 0.00000e+00 4.27118e-01
1.86768e+00 -9.12666e-02 -4.02198e-02 2.50699e-02 0.00000e+00 0.00000e+00 4.22113e-01
1.87500e+00 -8.63391e-02 -3.87262e-02 2.61412e-02 0.00000e+00 0.00000e+00 4.17185e-01
1.88232e+00 -8.12663e-02 -3.71820e-02 2.73075e-02 0.00000e+00 0.00000e+00 4.12334e-01
1.88965e+00 -7.60592e-02 -3.55890e-02 2.85660e-02 0.00000e+00 0.00000e+00 4.07558e-01
1.89697e+00 -7.07109e-02 -3.39468e-02 2.99158e-02 0.00000e+00 0.00000e+00 4.02856e-01
1.90430e+00 -6.52332e-02 -3.22572e-02 3.13544e-02 0.00000e+00 0.00000e+00 3.98225e-01
1.91162e+00 -5.96180e-02 -3.05199e-02 3.28810e-02 0.00000e+00 0.00000e+00 3.93665e-01
1.91895e+00 -5.38785e-02 -2.87367e-02 3.44929e-02 0.00000e+00 0.00000e+00 3.89175e-01
1.92627e+00 -4.80046e-02 -2.69070e-02 3.61897e-02 0.00000e+00 0.00000e+00 3.84753e-01
1.93359e+00 -4.20113e-02 -2.50327e-02 3.79685e-02 0.00000e+00 0.00000e+00 3.80397e-01
1.94092e+00 -3.58864e-02 -2.31133e-02 3.98293e-02 0.00000e+00 0.00000e+00 3.76107e-01
1.94824e+00 -2.96474e-02 -2.11507e-02 4.17689e-02 0.00000e+00 0.00000e+00 3.71881e-01
1.95557e+00 -2.32785e-02 -1.91441e-02 4.37876e-02 0.00000e+00 0.00000e+00 3.67718e-01
1.96289e+00 -1.68015e-02 -1.70958e-02 4.58821e-02 0.00000e+00 0.00000e+00 3.63617e-01
1.97021e+00 -1.01947e-02 -1.50043e-02 4.80534e-02 0.00000e+00 0.00000e+00 3.59577e-01
1.97754e+00 -3.48822e-03 -1.28728e-02 5.02972e-02 0.00000e+00 0.00000e+00 3.55597e-01
1.98486e+00 3.35285e-03 -1.06988e-02 5.26158e-02 0.00000e+00 0.00000e+00 3.51675e-01
1.99219e+00 1.02761e-02 -8.48688e-03 5.50033e-02 0.00000e+00 0.00000e+00 3.47810e-01
1.99951e+00 1.73650e-02 -6.23269e-03 5.74624e-02 0.00000e+00 0.00000e+00 3.44002e-01
2.00684e+00 2.42607e-02 -4.00871e-03 5.98883e-02 0.00000e+00 0.00000e+00 3.40249e-01
2.01416e+00 3.06176e-02 -1.89989e-03 6.21560e-02 0.00000e+00 0.00000e+00 3.36551e-01
2.02148e+00 3.65361e-02 9.83460e-05 6.42676e-02 0.00000e+00 0.00000e+00 3.32906e-01
2.02881e+00 4.19840e-02 1.98571e-03 6.62251e-02 0.00000e+00 0.00000e+00 3.29313e-01
2.03613e+00 4.70119e-02 3.76786e-03 6.80365e-02 0.00000e+00 0.00000e+00 3.25772e-01
2.04346e+00 5.16094e-02 5.44566e-03 6.97046e-02 0.00000e+00 0.00000e+00 3.22282e-01
2.05078e+00 5.58135e-02 7.02382e-03 7.12362e-02 0.00000e+00 0.00000e+00 3.18841e-01
2.05811e+00 5.96217e-02 8.50374e-03 7.26345e-02 0.00000e+00 0.00000e+00 3.15449e-01
2.06543e+00 6.30646e-02 9.88961e-03 7.39056e-02 0.00000e+00 0.00000e+00 3.12106e-01
2.07275e+00 6.61434e-02 1.11831e-02 7.50530e-02 0.00000e+00 0.00000e+00 3.08809e-01
2.08008e+00 6.88847e-02 1.23880e-02 7.60823e-02 0.00000e+00 0.00000e+00 3.05558e-01
2.08740e+00 7.12919e-02 1.35063e-02 7.69968e-02 0.00000e+00 0.00000e+00 3.02353e-01
2.09473e+00 7.33887e-02 1.45413e-02 7.78019e-02 0.00000e+00 0.00000e+00 2.99192e-01
2.10205e+00 7.51799e-02 1.54952e-02 7.85009e-02 0.00000e+00 0.00000e+00 2.96076e-01
2.10938e+00 7.66868e-02 1.63711e-02 7.90987e-02 0.00000e+00 0.00000e+00 2.93002e-01
2.11670e+00 7.79151e-02 1.71711e-02 7.95986e-02 0.00000e+00 0.00000e+00 2.89971e-01
2.12402e+00 7.88844e-02 1.78984e-02 8.00052e-02 0.00000e+00 0.00000e+00 2.86982e-01
2.13135e+00 7.96008e-02 1.85548e-02 8.03218e-02 0.00000e+00 0.00000e+00 2.84034e-01
2.13867e+00 8.00824e-02 1.91434e-02 8.05527e-02 0.00000e+00 0.00000e+00 2.81125e-01
2.14600e+00 8.03355e-02 1.96662e-02 8.07009e-02 0.00000e+00 0.00000e+00 2.78257e-01
2.15332e+00 8.03769e-02 2.01260e-02 8.07707e-02 0.00000e+00 0.00000e+00 2.75427e-01
2.16064e+00 8.02129e-02 2.05247e-02 8.07649e-02 0.00000e+00 0.00000e+00 2.72636e-01
2.16797e+00 7.98593e-02 2.08652e-02 8.06875e-02 0.00000e+00 0.00000e+00 2.69882e-01
2.17529e+00 7.93223e-02 2.11491e-02 8.05413e-02 0.00000e+00 0.00000e+00 2.67165e-01
2.18262e+00 7.86167e-02 2.13793e-02 8.03300e-02 0.00000e+00 0.00000e+00 2.64484e-01
2.18994e+00 7.77484e-02 2.15575e-02 8.00564e-02 0.00000e+00 0.00000e+00 2.61840e-01
2.19727e+00 7.67314e-02 2.16862e-02 7.97238e-02 0.00000e+00 0.00000e+00 2.59230e-01
2.20459e+00 7.55715e-02 2.17672e-02 7.93350e-02 0.00000e+00 0.00000e+00 2.56655e-01
2.21191e+00 7.42815e-02 2.18029e-02 7.88932e-02 0.00000e+00 0.00000e+00 2.54114e-01
2.21924e+00 7.28673e-02 2.17951e-02 7.84008e-02 0.00000e+00 0.00000e+00 2.51606e-01
2.22656e+00 7.13407e-02 2.17460e-02 7.78610e-02 0.00000e+00 0.00000e+00 2.49131e-01
2.23389e+00 6.97074e-02 2.16573e-02 7.72762e-02 0.00000e+00 0.00000e+00 2.46689e-01
2.24121e+00 6.79784e-02 2.15312e-02 7.66492e-02 0.00000e+00 0.00000e+00 2.44278e-01
2.24854e+00 6.61591e-02 2.13693e-02 7.59824e-02 0.00000e+00 0.00000e+00 2.41899e-01
2.25586e+00 6.42599e-02 2.11737e-02 7.52785e-02 0.00000e+00 0.00000e+00 2.39550e-01
2.26318e+00 6.22858e-02 2.09460e-02 7.45395e-02 0.00000e+00 0.00000e+00 2.37232e-01
2.27051e+00 6.02465e-02 2.06881e-02 7.37682e-02 0.00000e+00 0.00000e+00 2.34944e-01
2.27783e+00 5.81466e-02 2.04015e-02 7.29665e-02 0.00000e+00 0.00000e+00 2.32685e-01
2.28516e+00 5.59953e-02 2.00882e-02 7.21369e-02 0.00000e+00 0.00000e+00 2.30454e-01
2.29248e+00 5.37969e-02 1.97495e-02 7.12812e-02 0.00000e+00 0.00000e+00 2.28253e-01
2.29980e+00 5.15599e-02 1.93873e-02 7.04018e-02 0.00000e+00 0.00000e+00 2.26079e-01
2.30713e+00 4.92882e-02 1.90030e-02 6.95005e-02 0.00000e+00 0.00000e+00 2.23932e-01
2.31445e+00 4.69899e-02 1.85982e-02 6.85794e-02 0.00000e+00 0.00000e+00 2.21813e-01
2.32178e+00 4.46685e-02 1.81742e-02 6.76402e-02 0.00000e+00 0.00000e+00 2.19721e-01
2.32910e+00 4.23315e-02 1.77327e-02 6.66850e-02 0.00000e+00 0.00000e+00 2.17654e-01
2.33643e+00 3.99821e-02 1.72749e-02 6.57153e-02 0.00000e+00 0.00000e+00 2.15614e-01
2.34375e+00 3.76272e-02 1.68024e-02 6.47330e-02 0.00000e+00 0.00000e+00 2.13599e-01
2.35107e+00 3.52698e-02 1.63163e-02 6.37395e-02 0.00000e+00 0.00000e+00 2.11609e-01
2.35840e+00 3.29163e-02 1.58181e-02 6.27368e-02 0.00000e+00 0.00000e+00 2.09643e-01
2.36572e+00 3.05693e-02 1.53089e-02 6.17261e-02 0.00000e+00 0.00000e+00 2.07702e-01
2.37305e+00 2.82348e-02 1.47900e-02 6.07091e-02 0.00000e+00 0.00000e+00 2.05785e-01
2.38037e+00 2.59150e-02 1.42626e-02 5.96871e-02 0.00000e+00 0.00000e+00 2.03891e-01
2.38770e+00 2.36154e-02 1.37279e-02 5.86616e-02 0.00000e+00 0.00000e+00 2.02021e-01
2.39502e+00 2.13380e-02 1.31869e-02 5.76338e-02 0.00000e+00 0.00000e+00 2.00173e-01
2.40234e+00 1.90879e-02 1.26408e-02 5.66052e-02 0.00000e+00 0.00000e+00 1.98348e-01
2.40967e+00 1.68669e-02 1.20906e-02 5.55768e-02 0.00000e+00 0.00000e+00 1.96545e-01
2.41699e+00 1.46794e-02 1.15373e-02 5.45500e-02 0.00000e+00 0.00000e+00 1.94763e-01
2.42432e+00 1.25270e-02 1.09820e-02 5.35258e-02 0.00000e+00 0.00000e+00 1.93003e-01
2.43164e+00 1.04138e-02 1.04255e-02 5.25054e-02 0.00000e+00 0.00000e+00 1.91265e-01
2.43896e+00 8.34109e-03 9.86882e-03 5.14897e-02 0.00000e+00 0.00000e+00 1.89547e-01
2.44629e+00 6.31261e-03 9.31284e-03 5.04800e-02 0.00000e+00 0.00000e+00 1.87849e-01
2.45361e+00 4.32939e-03 8.75833e-03 4.94769e-02 0.00000e+00 0.00000e+00 1.86172e-01
2.46094e+00 2.39477e-03 8.20624e-03 4.84816e-02 0.00000e+00 0.00000e+00 1.84515e-01
2.46826e+00 5.09544e-04 7.65724e-03 4.74949e-02 0.00000e+00 0.00000e+00 1.82877e-01
2.47559e+00 -1.32329e-03 7.11220e-03 4.65176e-02 0.00000e+00 0.00000e+00 1.81259e-01
2.48291e+00 -3.10317e-03 6.57175e-03 4.55505e-02 0.00000e+00 0.00000e+00 1.79659e-01
2.49023e+00 -4.82743e-03 6.03669e-03 4.45944e-02 0.00000e+00 0.00000e+00 1.78079e-01
2.49756e+00 -6.49573e-03 5.50759e-03 4.36500e-02 0.00000e+00 0.00000e+00 1.76517e-01
2.50488e+00 -8.10573e-03 4.98519e-03 4.27180e-02 0.00000e+00 0.00000e+00 1.74973e-01
2.51221e+00 -9.65728e-03 4.47001e-03 4.17990e-02 0.00000e+00 0.00000e+00 1.73447e-01
2.51953e+00 -1.11483e-02 3.96272e-03 4.08937e-02 0.00000e+00 0.00000e+00 1.71939e-01
2.52686e+00 -1.25790e-02 3.46379e-03 4.00025e-02 0.00000e+00 0.00000e+00 1.70448e-01
2.53418e+00 -1.39475e-02 2.97382e-03 3.91262e-02 0.00000e+00 0.00000e+00 1.68974e-01
2.54150e+00 -1.52540e-02 2.49325e-03 3.82651e-02 0.00000e+00 0.00000e+00 1.67518e-01
2.54883e+00 -1.64971e-02 2.02262e-03 3.74198e-02 0.00000e+00 0.00000e+00 1.66078e-01
2.55615e+00 -1.76773e-02 1.56230e-03 3.65906e-02 0.00000e+00 0.00000e+00 1.64654e-01
2.56348e+00 -1.87932e-02 1.11278e-03 3.57780e-02 0.00000e+00 0.00000e+00 1.63247e-01
2.57080e+00 -1.98455e-02 6.74393e-04 3.49824e-02 0.00000e+00 0.00000e+00 1.61855e-01
2.57812e+00 -2.08332e-02 2.47569e-04 3.42041e-02 0.00000e+00 0.00000e+00 1.60480e-01
2.58545e+00 -2.17571e-02 -1.67416e-04 3.34433e-02 0.00000e+00 0.00000e+00 1.59120e-01
2.59277e+00 -2.26164e-02 -5.70174e-04 3.27006e-02 0.00000e+00 0.00000e+00 1.57775e-01
2.60010e+00 -2.34119e-02 -9.60479e-04 3.19759e-02 0.00000e+00 0.00000e+00 1.56446e-01
2.60742e+00 -2.41432e-02 -1.33799e-03 3.12697e-02 0.00000e+00 0.00000e+00 1.55131e-01
2.61475e+00 -2.48113e-02 -1.70254e-03 3.05820e-02 0.00000e+00 0.00000e+00 1.53831e-01
2.62207e+00 -2.54158e-02 -2.05382e-03 2.99131e-02 0.00000e+00 0.00000e+00 1.52546e-01
2.62939e+00 -2.59580e-02 -2.39171e-03 2.92631e-02 0.00000e+00 0.00000e+00 1.51274e-01
2.63672e+00 -2.64376e-02 -2.71597e-03 2.86321e-02 0.00000e+00 0.00000e+00 1.50017e-01
2.64404e+00 -2.68560e-02 -3.02649e-03 2.80203e-02 0.00000e+00 0.00000e+00 1.48774e-01
2.65137e+00 -2.72131e-02 -3.32308e-03 2.74277e-02 0.00000e+00 0.00000e+00 1.47545e-01
2.65869e+00 -2.75105e-02 -3.60570e-03 2.68543e-02 0.00000e+00 0.00000e+00 1.46328e-01
2.66602e+00 -2.77482e-02 -3.87418e-03 2.63002e-02 0.00000e+00 0.00000e+00 1.45126e-01
2.67334e+00 -2.79278e-02 -4.12852e-03 2.57653e-02 0.00000e+00 0.00000e+00 1.43936e-01
2.68066e+00 -2.80497e-02 -4.36861e-03 2.52497e-02 0.00000e+00 0.00000e+00 1.42760e-01
2.68799e+00 -2.81154e-02 -4.59447e-03 2.47533e-02 0.00000e+00 0.00000e+00 1.41596e-01
2.69531e+00 -2.81254e-02 -4.80604e-03 2.42761e-02 0.00000e+00 0.00000e+00 1.40445e-01
2.70264e+00 -2.80814e-02 -5.00337e-03 2.38179e-02 0.00000e+00 0.00000e+00 1.39306e-01
2.70996e+00 -2.79841e-02 -5.18644e-03 2.33787e-02 0.00000e+00 0.00000e+00 1.38179e-01
2.71729e+00 -2.78353e-02 -5.35534e-03 2.29582e-02 0.00000e+00 0.00000e+00 1.37065e-01
2.72461e+00 -2.76355e-02 -5.51010e-03 2.25565e-02 0.00000e+00 0.00000e+00 1.35963e-01
2.73193e+00 -2.73869e-02 -5.65083e-03 2.21733e-02 0.00000e+00 0.00000e+00 1.34872e-01
2.73926e+00 -2.70901e-02 -5.77759e-03 2.18084e-02 0.00000e+00 0.00000e+00 1.33793e-01
2.74658e+00 -2.67472e-02 -5.89054e-03 2.14616e-02 0.00000e+00 0.00000e+00 1.32726e-01
2.75391e+00 -2.63590e-02 -5.98976e-03 2.11328e-02 0.00000e+00 0.00000e+00 1.31670e-01
2.76123e+00 -2.59276e-02 -6.07546e-03 2.08216e-02 0.00000e+00 0.00000e+00 1.30625e-01
2.76855e+00 -2.54540e-02 -6.14774e-03 2.05278e-02 0.00000e+00 0.00000e+00 1.29591e-01
2.77588e+00 -2.49404e-02 -6.20683e-03 2.02512e-02 0.00000e+00 0.00000e+00 1.28567e-01
2.78320e+00 -2.43878e-02 -6.25289e-03 1.99915e-02 0.00000e+00 0.00000e+00 1.27555e-01
2.79053e+00 -2.37983e-02 -6.28617e-03 1.97483e-02 0.00000e+00 0.00000e+00 1.26553e-01
2.79785e+00 -2.31732e-02 -6.30685e-03 1.95214e-02 0.00000e+00 0.00000e+00 1.25562e-01
2.80518e+00 -2.25146e-02 -6.31522e-03 1.93104e-02 0.00000e+00 0.00000e+00 1.24581e-01
2.81250e+00 -2.18239e-02 -6.31148e-03 1.91150e-02 0.00000e+00 0.00000e+00 1.23610e-01
2.81982e+00 -2.11032e-02 -6.29595e-03 1.89347e-02 0.00000e+00 0.00000e+00 1.22650e-01
2.82715e+00 -2.03539e-02 -6.26887e-03 1.87694e-02 0.00000e+00 0.00000e+00 1.21699e-01
2.83447e+00 -1.95783e-02 -6.23057e-03 1.86184e-02 0.00000e+00 0.00000e+00 1.20758e-01
2.84180e+00 -1.87777e-02 -6.18133e-03 1.84816e-02 0.00000e+00 0.00000e+00 1.19827e-01
2.84912e+00 -1.79545e-02 -6.12150e-03 1.83583e-02 0.00000e+00 0.00000e+00 1.18905e-01
2.85645e+00 -1.71100e-02 -6.05138e-03 1.82483e-02 0.00000e+00 0.00000e+00 1.17993e-01
2.86377e+00 -1.62468e-02 -5.97136e-03 1.81511e-02 0.00000e+00 0.00000e+00 1.17090e-01
2.87109e+00 -1.53661e-02 -5.88175e-03 1.80662e-02 0.00000e+00 0.00000e+00 1.16196e-01
2.87842e+00 -1.44705e-02 -5.78297e-03 1.79932e-02 0.00000e+00 0.00000e+00 1.15311e-01
2.88574e+00 -1.35614e-02 -5.67536e-03 1.79316e-02 0.00000e+00 0.00000e+00 1.14435e-01
2.89307e+00 -1.26413e-02 -5.55934e-03 1.78809e-02 0.00000e+00 0.00000e+00 1.13568e-01
2.90039e+00 -1.17117e-02 -5.43529e-03 1.78407e-02 0.00000e+00 0.00000e+00 1.12710e-01
2.90771e+00 -1.07750e-02 -5.30366e-03 1.78103e-02 0.00000e+00 0.00000e+00 1.11861e-01
2.91504e+00 -9.83286e-03 -5.16483e-03 1.77894e-02 0.00000e+00 0.00000e+00 1.11020e-01
2.92236e+00 -8.88769e-03 -5.01928e-03 1.77774e-02 0.00000e+00 0.00000e+00 1.10187e-01
2.92969e+00 -7.94114e-03 -4.86743e-03 1.77737e-02 0.00000e+00 0.00000e+00 1.09363e-01
2.93701e+00 -6.99564e-03 -4.70975e-03 1.77779e-02 0.00000e+00 0.00000e+00 1.08546e-01
2.94434e+00 -6.05288e-03 -4.54668e-03 1.77893e-02 0.00000e+00 0.00000e+00 1.07738e-01
2.95166e+00 -5.11529e-03 -4.37873e-03 1.78075e-02 0.00000e+00 0.00000e+00 1.06938e-01
2.95898e+00 -4.18459e-03 -4.20636e-03 1.78318e-02 0.00000e+00 0.00000e+00 1.06146e-01
2.96631e+00 -3.26321e-03 -4.03008e-03 1.78616e-02 0.00000e+00 0.00000e+00 1.05362e-01
2.97363e+00 -2.35290e-03 -3.85036e-03 1.78965e-02 0.00000e+00 0.00000e+00 1.04585e-01
2.98096e+00 -1.45610e-03 -3.66775e-03 1.79358e-02 0.00000e+00 0.00000e+00 1.03816e-01
2.98828e+00 -5.74570e-04 -3.48274e-03 1.79788e-02 0.00000e+00 0.00000e+00 1.03055e-01
2.99561e+00 2.89245e-04 -3.29589e-03 1.80251e-02 0.00000e+00 0.00000e+00 1.02301e-01
3.00293e+00 1.13356e-03 -3.10769e-03 1.80739e-02 0.00000e+00 0.00000e+00 1.01554e-01
3.01025e+00 1.95595e-03 -2.91871e-03 1.81247e-02 0.00000e+00 0.00000e+00 1.00815e-01
3.01758e+00 2.75482e-03 -2.72945e-03 1.81769e-02 0.00000e+00 0.00000e+00 1.00082e-01
3.02490e+00 3.52811e-03 -2.54043e-03 1.82299e-02 0.00000e+00 0.00000e+00 9.93570e-02
3.03223e+00 4.27458e-03 -2.35206e-03 1.82833e-02 0.00000e+00 0.00000e+00 9.86388e-02
3.03955e+00 4.99253e-03 -2.16483e-03 1.83364e-02 0.00000e+00 0.00000e+00 9.79275e-02
3.04688e+00 5.68104e-03 -1.97911e-03 1.83889e-02 0.00000e+00 0.00000e+00 9.72229e-02
3.05420e+00 6.33876e-03 -1.79531e-03 1.84403e-02 0.00000e+00 0.00000e+00 9.65252e-02
3.06152e+00 6.96505e-03 -1.61377e-03 1.84902e-02 0.00000e+00 0.00000e+00 9.58341e-02
3.06885e+00 7.55887e-03 -1.43484e-03 1.85383e-02 0.00000e+00 0.00000e+00 9.51495e-02
3.07617e+00 8.11984e-03 -1.25882e-03 1.85842e-02 0.00000e+00 0.00000e+00 9.44715e-02
3.08350e+00 8.64720e-03 -1.08601e-03 1.86275e-02 0.00000e+00 0.00000e+00 9.37999e-02
3.09082e+00 9.14083e-03 -9.16664e-04 1.86681e-02 0.00000e+00 0.00000e+00 9.31347e-02
3.09814e+00 9.60019e-03 -7.51048e-04 1.87056e-02 0.00000e+00 0.00000e+00 9.24757e-02
3.10547e+00 1.00254e-02 -5.89367e-04 1.87397e-02 0.00000e+00 0.00000e+00 9.18229e-02
3.11279e+00 1.04161e-02 -4.31851e-04 1.87704e-02 0.00000e+00 0.00000e+00 9.11763e-02
3.12012e+00 1.07727e-02 -2.78664e-04 1.87973e-02 0.00000e+00 0.00000e+00 9.05357e-02
3.12744e+00 1.10950e-02 -1.29999e-04 1.88202e-02 0.00000e+00 0.00000e+00 8.99011e-02
3.13477e+00 1.13835e-02 1.40149e-05 1.88391e-02 0.00000e+00 0.00000e+00 8.92725e-02
3.14209e+00 1.16382e-02 1.53221e-04 1.88537e-02 0.00000e+00 0.00000e+00 8.86496e-02
3.14941e+00 1.18599e-02 2.87521e-04 1.88640e-02 0.00000e+00 0.00000e+00 8.80326e-02
3.15674e+00 1.20487e-02 4.16793e-04 1.88698e-02 0.00000e+00 0.00000e+00 8.74212e-02
3.16406e+00 1.22053e-02 5.40968e-04 1.88711e-02 0.00000e+00 0.00000e+00 8.68156e-02
3.17139e+00 1.23302e-02 6.59955e-04 1.88678e-02 0.00000e+00 0.00000e+00 8.62154e-02
3.17871e+00 1.24242e-02 7.73712e-04 1.88598e-02 0.00000e+00 0.00000e+00 8.56209e-02
3.18604e+00 1.24878e-02 8.82176e-04 1.88471e-02 0.00000e+00 0.00000e+00 8.50317e-02
3.19336e+00 1.25219e-02 9.85333e-04 1.88296e-02 0.00000e+00 0.00000e+00 8.44480e-02
3.20068e+00 1.25272e-02 1.08314e-03 1.88074e-02 0.00000e+00 0.00000e+00 8.38696e-02
3.20801e+00 1.25047e-02 1.17562e-03 1.87804e-02 0.00000e+00 0.00000e+00 8.32964e-02
3.21533e+00 1.24550e-02 1.26273e-03 1.87486e-02 0.00000e+00 0.00000e+00 8.27285e-02
3.22266e+00 1.23793e-02 1.34453e-03 1.87122e-02 0.00000e+00 0.00000e+00 8.21657e-02
3.22998e+00 1.22783e-02 1.42101e-03 1.86710e-02 0.00000e+00 0.00000e+00 8.16081e-02
3.23730e+00 1.21531e-02 1.49222e-03 1.86251e-02 0.00000e+00 0.00000e+00 8.10554e-02
3.24463e+00 1.20046e-02 1.55819e-03 1.85747e-02 0.00000e+00 0.00000e+00 8.05077e-02
3.25195e+00 1.18340e-02 1.61898e-03 1.85197e-02 0.00000e+00 0.00000e+00 7.99650e-02
3.25928e+00 1.16420e-02 1.67464e-03 1.84602e-02 0.00000e+00 0.00000e+00 7.94271e-02
3.26660e+00 1.14299e-02 1.72524e-03 1.83963e-02 0.00000e+00 0.00000e+00 7.88940e-02
3.27393e+00 1.11986e-02 1.77086e-03 1.83281e-02 0.00000e+00 0.00000e+00 7.83657e-02
3.28125e+00 1.09492e-02 1.81157e-03 1.82557e-02 0.00000e+00 0.00000e+00 7.78421e-02
3.28857e+00 1.06828e-02 1.84746e-03 1.81791e-02 0.00000e+00 0.00000e+00 7.73232e-02
3.29590e+00 1.04004e-02 1.87862e-03 1.80985e-02 0.00000e+00 0.00000e+00 7.68088e-02
3.30322e+00 1.01031e-02 1.90515e-03 1.80140e-02 0.00000e+00 0.00000e+00 7.62991e-02
3.31055e+00 9.79195e-03 1.92717e-03 1.79257e-02 0.00000e+00 0.00000e+00 7.57938e-02
3.31787e+00 9.46794e-03 1.94475e-03 1.78336e-02 0.00000e+00 0.00000e+00 7.52929e-02
3.32520e+00 9.13227e-03 1.95804e-03 1.77381e-02 0.00000e+00 0.00000e+00 7.47965e-02
3.33252e+00 8.78580e-03 1.96713e-03 1.76390e-02 0.00000e+00 0.00000e+00 7.43044e-02
3.33984e+00 8.42975e-03 1.97216e-03 1.75367e-02 0.00000e+00 0.00000e+00 7.38166e-02
3.34717e+00 8.06496e-03 1.97324e-03 1.74312e-02 0.00000e+00 0.00000e+00 7.33331e-02
3.35449e+00 7.69260e-03 1.97051e-03 1.73227e-02 0.00000e+00 0.00000e+00 7.28538e-02
3.36182e+00 7.31350e-03 1.96407e-03 1.72112e-02 0.00000e+00 0.00000e+00 7.23787e-02
3.36914e+00 6.92880e-03 1.95409e-03 1.70970e-02 0.00000e+00 0.00000e+00 7.19077e-02
3.37646e+00 6.53929e-03 1.94067e-03 1.69801e-02 0.00000e+00 0.00000e+00 7.14407e-02
3.38379e+00 6.14609e-03 1.92396e-03 1.68608e-02 0.00000e+00 0.00000e+00 7.09779e-02
3.39111e+00 5.74994e-03 1.90410e-03 1.67391e-02 0.00000e+00 0.00000e+00 7.05189e-02
3.39844e+00 5.35190e-03 1.88122e-03 1.66152e-02 0.00000e+00 0.00000e+00 7.00640e-02
3.40576e+00 4.95269e-03 1.85546e-03 1.64893e-02 0.00000e+00 0.00000e+00 6.96129e-02
3.41309e+00 4.55332e-03 1.82696e-03 1.63615e-02 0.00000e+00 0.00000e+00 6.91657e-02
3.42041e+00 4.15445e-03 1.79586e-03 1.62319e-02 0.00000e+00 0.00000e+00 6.87224e-02
3.42773e+00 3.75707e-03 1.76230e-03 1.61007e-02 0.00000e+00 0.00000e+00 6.82828e-02
3.43506e+00 3.36177e-03 1.72641e-03 1.59680e-02 0.00000e+00 0.00000e+00 6.78469e-02
3.44238e+00 2.96946e-03 1.68834e-03 1.58340e-02 0.00000e+00 0.00000e+00 6.74148e-02
3.44971e+00 2.58073e-03 1.64823e-03 1.56988e-02 0.00000e+00 0.00000e+00 6.69863e-02
3.45703e+00 2.19642e-03 1.60621e-03 1.55626e-02 0.00000e+00 0.00000e+00 6.65615e-02
3.46436e+00 1.81704e-03 1.56242e-03 1.54254e-02 0.00000e+00 0.00000e+00 6.61402e-02
3.47168e+00 1.44339e-03 1.51700e-03 1.52875e-02 0.00000e+00 0.00000e+00 6.57225e-02
3.47900e+00 1.07593e-03 1.47007e-03 1.51489e-02 0.00000e+00 0.00000e+00 6.53082e-02
3.48633e+00 7.15396e-04 1.42178e-03 1.50098e-02 0.00000e+00 0.00000e+00 6.48975e-02
3.49365e+00 3.62190e-04 1.37224e-03 1.48703e-02 0.00000e+00 0.00000e+00 6.44902e-02
3.50098e+00 1.69861e-05 1.32161e-03 1.47306e-02 0.00000e+00 0.00000e+00 6.40863e-02
3.50830e+00 -3.19864e-04 1.26998e-03 1.45908e-02 0.00000e+00 0.00000e+00 6.36857e-02
3.51562e+00 -6.47752e-04 1.21751e-03 1.44509e-02 0.00000e+00 0.00000e+00 6.32885e-02
3.52295e+00 -9.66380e-04 1.16430e-03 1.43112e-02 0.00000e+00 0.00000e+00 6.28946e-02
3.53027e+00 -1.27520e-03 1.11048e-03 1.41718e-02 0.00000e+00 0.00000e+00 6.25040e-02
3.53760e+00 -1.57397e-03 1.05616e-03 1.40326e-02 0.00000e+00 0.00000e+00 6.21166e-02
3.54492e+00 -1.86221e-03 1.00146e-03 1.38940e-02 0.00000e+00 0.00000e+00 6.17323e-02
3.55225e+00 -2.13973e-03 9.46497e-04 1.37559e-02 0.00000e+00 0.00000e+00 6.13513e-02
3.55957e+00 -2.40610e-03 8.91377e-04 1.36185e-02 0.00000e+00 0.00000e+00 6.09733e-02
3.56689e+00 -2.66119e-03 8.36202e-04 1.34819e-02 0.00000e+00 0.00000e+00 6.05985e-02
3.57422e+00 -2.90464e-03 7.81084e-04 1.33462e-02 0.00000e+00 0.00000e+00 6.02267e-02
3.58154e+00 -3.13637e-03 7.26114e-04 1.32114e-02 0.00000e+00 0.00000e+00 5.98580e-02
3.58887e+00 -3.35607e-03 6.71400e-04 1.30777e-02 0.00000e+00 0.00000e+00 5.94923e-02
3.59619e+00 -3.56371e-03 6.17025e-04 1.29452e-02 0.00000e+00 0.00000e+00 5.91295e-02
3.60352e+00 -3.75904e-03 5.63091e-04 1.28139e-02 0.00000e+00 0.00000e+00 5.87697e-02
3.61084e+00 -3.94209e-03 5.09675e-04 1.26839e-02 0.00000e+00 0.00000e+00 5.84128e-02
3.61816e+00 -4.11265e-03 4.56871e-04 1.25553e-02 0.00000e+00 0.00000e+00 5.80588e-02
3.62549e+00 -4.27080e-03 4.04750e-04 1.24282e-02 0.00000e+00 0.00000e+00 5.77076e-02
3.63281e+00 -4.41640e-03 3.53399e-04 1.23026e-02 0.00000e+00 0.00000e+00 5.73593e-02
3.64014e+00 -4.54957e-03 3.02881e-04 1.21787e-02 0.00000e+00 0.00000e+00 5.70138e-02
3.64746e+00 -4.67020e-03 2.53277e-04 1.20564e-02 0.00000e+00 0.00000e+00 5.66710e-02
3.65479e+00 -4.77847e-03 2.04643e-04 1.19358e-02 0.00000e+00 0.00000e+00 5.63310e-02
3.66211e+00 -4.87433e-03 1.57052e-04 1.18170e-02 0.00000e+00 0.00000e+00 5.59936e-02
3.66943e+00 -4.95798e-03 1.10554e-04 1.17000e-02 0.00000e+00 0.00000e+00 5.56590e-02
3.67676e+00 -5.02942e-03 6.52148e-05 1.15849e-02 0.00000e+00 0.00000e+00 5.53271e-02
3.68408e+00 -5.08890e-03 2.10764e-05 1.14717e-02 0.00000e+00 0.00000e+00 5.49977e-02
3.69141e+00 -5.13645e-03 -2.18031e-05 1.13605e-02 0.00000e+00 0.00000e+00 5.46710e-02
3.69873e+00 -5.17236e-03 -6.33876e-05 1.12513e-02 0.00000e+00 0.00000e+00 5.43469e-02
3.70605e+00 -5.19672e-03 -1.03627e-04 1.11441e-02 0.00000e+00 0.00000e+00 5.40253e-02
3.71338e+00 -5.20982e-03 -1.42491e-04 1.10389e-02 0.00000e+00 0.00000e+00 5.37063e-02
3.72070e+00 -5.21180e-03 -1.79937e-04 1.09358e-02 0.00000e+00 0.00000e+00 5.33897e-02
3.72803e+00 -5.20301e-03 -2.15943e-04 1.08348e-02 0.00000e+00 0.00000e+00 5.30757e-02
3.73535e+00 -5.18358e-03 -2.50473e-04 1.07360e-02 0.00000e+00 0.00000e+00 5.27641e-02
3.74268e+00 -5.15390e-03 -2.83511e-04 1.06392e-02 0.00000e+00 0.00000e+00 5.24549e-02
3.75000e+00 -5.11415e-03 -3.15027e-04 1.05446e-02 0.00000e+00 0.00000e+00 5.21481e-02
3.75732e+00 -5.06473e-03 -3.45013e-04 1.04521e-02 0.00000e+00 0.00000e+00 5.18438e-02
3.76465e+00 -5.00585e-03 -3.73446e-04 1.03618e-02 0.00000e+00 0.00000e+00 5.15418e-02
3.77197e+00 -4.93793e-03 -4.00324e-04 1.02737e-02 0.00000e+00 0.00000e+00 5.12421e-02
3.77930e+00 -4.86121e-03 -4.25630e-04 1.01876e-02 0.00000e+00 0.00000e+00 5.09448e-02
3.78662e+00 -4.77613e-03 -4.49368e-04 1.01038e-02 0.00000e+00 0.00000e+00 5.06497e-02
3.79395e+00 -4.68295e-03 -4.71529e-04 1.00220e-02 0.00000e+00 0.00000e+00 5.03570e-02
3.80127e+00 -4.58212e-03 -4.92121e-04 9.94237e-03 0.00000e+00 0.00000e+00 5.00664e-02
3.80859e+00 -4.47393e-03 -5.11141e-04 9.86485e-03 0.00000e+00 0.00000e+00 4.97781e-02
3.81592e+00 -4.35883e-03 -5.28605e-04 9.78941e-03 0.00000e+00 0.00000e+00 4.94921e-02
3.82324e+00 -4.23713e-03 -5.44514e-04 9.71603e-03 0.00000e+00 0.00000e+00 4.92082e-02
3.83057e+00 -4.10929e-03 -5.58888e-04 9.64470e-03 0.00000e+00 0.00000e+00 4.89265e-02
3.83789e+00 -3.97563e-03 -5.71736e-04 9.57539e-03 0.00000e+00 0.00000e+00 4.86469e-02
3.84521e+00 -3.83664e-03 -5.83083e-04 9.50807e-03 0.00000e+00 0.00000e+00 4.83694e-02
3.85254e+00 -3.69262e-03 -5.92940e-04 9.44271e-03 0.00000e+00 0.00000e+00 4.80941e-02
3.85986e+00 -3.54406e-03 -6.01340e-04 9.37928e-03 0.00000e+00 0.00000e+00 4.78208e-02
3.86719e+00 -3.39129e-03 -6.08298e-04 9.31774e-03 0.00000e+00 0.00000e+00 4.75496e-02
3.87451e+00 -3.23479e-03 -6.13849e-04 9.25806e-03 0.00000e+00 0.00000e+00 4.72805e-02
3.88184e+00 -3.07489e-03 -6.18015e-04 9.20020e-03 0.00000e+00 0.00000e+00 4.70133e-02
3.88916e+00 -2.91207e-03 -6.20835e-04 9.14412e-03 0.00000e+00 0.00000e+00 4.67482e-02
3.89648e+00 -2.74666e-03 -6.22333e-04 9.08977e-03 0.00000e+00 0.00000e+00 4.64851e-02
3.90381e+00 -2.57913e-03 -6.22553e-04 9.03712e-03 0.00000e+00 0.00000e+00 4.62240e-02
3.91113e+00 -2.40982e-03 -6.21523e-04 8.98612e-03 0.00000e+00 0.00000e+00 4.59648e-02
3.91846e+00 -2.23918e-03 -6.19288e-04 8.93671e-03 0.00000e+00 0.00000e+00 4.57075e-02
3.92578e+00 -2.06754e-03 -6.15880e-04 8.88886e-03 0.00000e+00 0.00000e+00 4.54521e-02
3.93311e+00 -1.89536e-03 -6.11348e-04 8.84252e-03 0.00000e+00 0.00000e+00 4.51987e-02
3.94043e+00 -1.72294e-03 -6.05726e-04 8.79763e-03 0.00000e+00 0.00000e+00 4.49471e-02
3.94775e+00 -1.55073e-03 -5.99065e-04 8.75414e-03 0.00000e+00 0.00000e+00 4.46974e-02
3.95508e+00 -1.37903e-03 -5.91401e-04 8.71201e-03 0.00000e+00 0.00000e+00 4.44496e-02
3.96240e+00 -1.20825e-03 -5.82787e-04 8.67118e-03 0.00000e+00 0.00000e+00 4.42035e-02
3.96973e+00 -1.03869e-03 -5.73260e-04 8.63160e-03 0.00000e+00 0.00000e+00 4.39593e-02
3.97705e+00 -8.70757e-04 -5.62876e-04 8.59321e-03 0.00000e+00 0.00000e+00 4.37169e-02
3.98438e+00 -7.04704e-04 -5.51672e-04 8.55597e-03 0.00000e+00 0.00000e+00 4.34762e-02
3.99170e+00 -5.40929e-04 -5.39704e-04 8.51980e-03 0.00000e+00 0.00000e+00 4.32374e-02
3.99902e+00 -3.79665e-04 -5.27013e-04 8.48468e-03 0.00000e+00 0.00000e+00 4.30002e-02
4.00635e+00 -2.21285e-04 -5.13653e-04 8.45053e-03 0.00000e+00 0.00000e+00 4.27648e-02
4.01367e+00 -6.59990e-05 -4.99664e-04 8.41732e-03 0.00000e+00 0.00000e+00 4.25311e-02
4.02100e+00 8.58471e-05 -4.85101e-04 8.38497e-03 0.00000e+00 0.00000e+00 4.22992e-02
4.02832e+00 2.34069e-04 -4.70005e-04 8.35345e-03 0.00000e+00 0.00000e+00 4.20689e-02
4.03564e+00 3.78350e-04 -4.54429e-04 8.32269e-03 0.00000e+00 0.00000e+00 4.18402e-02
4.04297e+00 5.18533e-04 -4.38414e-04 8.29266e-03 0.00000e+00 0.00000e+00 4.16132e-02
4.05029e+00 6.54331e-04 -4.22012e-04 8.26329e-03 0.00000e+00 0.00000e+00 4.13879e-02
4.05762e+00 7.85615e-04 -4.05262e-04 8.23453e-03 0.00000e+00 0.00000e+00 4.11642e-02
4.06494e+00 9.12131e-04 -3.88215e-04 8.20635e-03 0.00000e+00 0.00000e+00 4.09421e-02
4.07227e+00 1.03378e-03 -3.70908e-04 8.17869e-03 0.00000e+00 0.00000e+00 4.07216e-02
4.07959e+00 1.15033e-03 -3.53391e-04 8.15150e-03 0.00000e+00 0.00000e+00 4.05026e-02
4.08691e+00 1.26173e-03 -3.35700e-04 8.12474e-03 0.00000e+00 0.00000e+00 4.02853e-02
4.09424e+00 1.36777e-03 -3.17882e-04 8.09836e-03 0.00000e+00 0.00000e+00 4.00694e-02
4.10156e+00 1.46842e-03 -2.99972e-04 8.07233e-03 0.00000e+00 0.00000e+00 3.98552e-02
4.10889e+00 1.56351e-03 -2.82012e-04 8.04659e-03 0.00000e+00 0.00000e+00 3.96424e-02
4.11621e+00 1.65304e-03 -2.64037e-04 8.02112e-03 0.00000e+00 0.00000e+00 3.94312e-02
4.12354e+00 1.73687e-03 -2.46088e-04 7.99586e-03 0.00000e+00 0.00000e+00 3.92214e-02
4.13086e+00 1.81502e-03 -2.28195e-04 7.97078e-03 0.00000e+00 0.00000e+00 3.90132e-02
4.13818e+00 1.88739e-03 -2.10397e-04 7.94585e-03 0.00000e+00 0.00000e+00 3.88064e-02
4.14551e+00 1.95403e-03 -1.92722e-04 7.92104e-03 0.00000e+00 0.00000e+00 3.86011e-02
4.15283e+00 2.01486e-03 -1.75206e-04 7.89630e-03 0.00000e+00 0.00000e+00 3.83972e-02
4.16016e+00 2.06995e-03 -1.57875e-04 7.87160e-03 0.00000e+00 0.00000e+00 3.81948e-02
4.16748e+00 2.11925e-03 -1.40763e-04 7.84692e-03 0.00000e+00 0.00000e+00 3.79937e-02
4.17480e+00 2.16287e-03 -1.23891e-04 7.82223e-03 0.00000e+00 0.00000e+00 3.77941e-02
4.18213e+00 2.20078e-03 -1.07291e-04 7.79750e-03 0.00000e+00 0.00000e+00 3.75959e-02
4.18945e+00 2.23309e-03 -9.09826e-05 7.77270e-03 0.00000e+00 0.00000e+00 3.73991e-02
4.19678e+00 2.25982e-03 -7.49940e-05 7.74781e-03 0.00000e+00 0.00000e+00 3.72036e-02
4.20410e+00 2.28110e-03 -5.93422e-05 7.72281e-03 0.00000e+00 0.00000e+00 3.70095e-02
4.21143e+00 2.29695e-03 -4.40525e-05 7.69767e-03 0.00000e+00 0.00000e+00 3.68167e-02
4.21875e+00 2.30753e-03 -2.91394e-05 7.67238e-03 0.00000e+00 0.00000e+00 3.66253e-02
4.22607e+00 2.31289e-03 -1.46251e-05 7.64691e-03 0.00000e+00 0.00000e+00 3.64352e-02
4.23340e+00 2.31320e-03 -5.21688e-07 7.62126e-03 0.00000e+00 0.00000e+00 3.62464e-02
4.24072e+00 2.30852e-03 1.31514e-05 7.59540e-03 0.00000e+00 0.00000e+00 3.60590e-02
4.24805e+00 2.29904e-03 2.63848e-05 7.56932e-03 0.00000e+00 0.00000e+00 3.58728e-02
4.25537e+00 2.28484e-03 3.91616e-05 7.54301e-03 0.00000e+00 0.00000e+00 3.56878e-02
4.26270e+00 2.26613e-03 5.14752e-05 7.51645e-03 0.00000e+00 0.00000e+00 3.55042e-02
4.27002e+00 2.24300e-03 6.33112e-05 7.48964e-03 0.00000e+00 0.00000e+00 3.53218e-02
4.27734e+00 2.21565e-03 7.46653e-05 7.46257e-03 0.00000e+00 0.00000e+00 3.51407e-02
4.28467e+00 2.18419e-03 8.55259e-05 7.43522e-03 0.00000e+00 0.00000e+00 3.49608e-02
4.29199e+00 2.14885e-03 9.58910e-05 7.40761e-03 0.00000e+00 0.00000e+00 3.47821e-02
4.29932e+00 2.10974e-03 1.05751e-04 7.37970e-03 0.00000e+00 0.00000e+00 3.46047e-02
4.30664e+00 2.06709e-03 1.15107e-04 7.35152e-03 0.00000e+00 0.00000e+00 3.44284e-02
4.31396e+00 2.02102e-03 1.23951e-04 7.32304e-03 0.00000e+00 0.00000e+00 3.42533e-02
4.32129e+00 1.97177e-03 1.32286e-04 7.29428e-03 0.00000e+00 0.00000e+00 3.40795e-02
4.32861e+00 1.91946e-03 1.40107e-04 7.26522e-03 0.00000e+00 0.00000e+00 3.39068e-02
4.33594e+00 1.86433e-03 1.47419e-04 7.23588e-03 0.00000e+00 0.00000e+00 3.37352e-02
4.34326e+00 1.80651e-03 1.54219e-04 7.20624e-03 0.00000e+00 0.00000e+00 3.35648e-02
4.35059e+00 1.74625e-03 1.60512e-04 7.17632e-03 0.00000e+00 0.00000e+00 3.33956e-02
4.35791e+00 1.68368e-03 1.66299e-04 7.14612e-03 0.00000e+00 0.00000e+00 3.32275e-02
4.36523e+00 1.61903e-03 1.71587e-04 7.11564e-03 0.00000e+00 0.00000e+00 3.30605e-02
4.37256e+00 1.55244e-03 1.76378e-04 7.08488e-03 0.00000e+00 0.00000e+00 3.28947e-02
4.37988e+00 1.48416e-03 1.80680e-04 7.05385e-03 0.00000e+00 0.00000e+00 3.27299e-02
4.38721e+00 1.41431e-03 1.84497e-04 7.02256e-03 0.00000e+00 0.00000e+00 3.25663e-02
4.39453e+00 1.34313e-03 1.87839e-04 6.99102e-03 0.00000e+00 0.00000e+00 3.24037e-02
4.40186e+00 1.27076e-03 1.90710e-04 6.95923e-03 0.00000e+00 0.00000e+00 3.22423e-02
4.40918e+00 1.19742e-03 1.93124e-04 6.92720e-03 0.00000e+00 0.00000e+00 3.20818e-02
4.41650e+00 1.12323e-03 1.95084e-04 6.89494e-03 0.00000e+00 0.00000e+00 3.19225e-02
4.42383e+00 1.04844e-03 1.96606e-04 6.86246e-03 0.00000e+00 0.00000e+00 3.17642e-02
4.43115e+00 9.73148e-04 1.97695e-04 6.82978e-03 0.00000e+00 0.00000e+00 3.16070e-02
4.43848e+00 8.97586e-04 1.98366e-04 6.79689e-03 0.00000e+00 0.00000e+00 3.14507e-02
4.44580e+00 8.21870e-04 1.98626e-04 6.76381e-03 0.00000e+00 0.00000e+00 3.12956e-02
4.45312e+00 7.46206e-04 1.98491e-04 6.73056e-03 0.00000e+00 0.00000e+00 3.11414e-02
4.46045e+00 6.70708e-04 1.97970e-04 6.69714e-03 0.00000e+00 0.00000e+00 3.09882e-02
4.46777e+00 5.95575e-04 1.97078e-04 6.66357e-03 0.00000e+00 0.00000e+00 3.08361e-02
4.47510e+00 5.20909e-04 1.95825e-04 6.62986e-03 0.00000e+00 0.00000e+00 3.06849e-02
4.48242e+00 4.46903e-04 1.94228e-04 6.59603e-03 0.00000e+00 0.00000e+00 3.05348e-02
4.48975e+00 3.73649e-04 1.92296e-04 6.56208e-03 0.00000e+00 0.00000e+00 3.03856e-02
4.49707e+00 3.01328e-04 1.90047e-04 6.52802e-03 0.00000e+00 0.00000e+00 3.02373e-02
4.50439e+00 2.30026e-04 1.87491e-04 6.49388e-03 0.00000e+00 0.00000e+00 3.00901e-02
4.51172e+00 1.59910e-04 1.84645e-04 6.45967e-03 0.00000e+00 0.00000e+00 2.99438e-02
4.51904e+00 9.10563e-05 1.81520e-04 6.42539e-03 0.00000e+00 0.00000e+00 2.97984e-02
4.52637e+00 2.36223e-05 1.78134e-04 6.39106e-03 0.00000e+00 0.00000e+00 2.96540e-02
4.53369e+00 -4.23272e-05 1.74499e-04 6.35670e-03 0.00000e+00 0.00000e+00 2.95105e-02
4.54102e+00 -1.06647e-04 1.70630e-04 6.32232e-03 0.00000e+00 0.00000e+00 2.93680e-02
4.54834e+00 -1.69283e-04 1.66541e-04 6.28794e-03 0.00000e+00 0.00000e+00 2.92263e-02
4.55566e+00 -2.30101e-04 1.62248e-04 6.25356e-03 0.00000e+00 0.00000e+00 2.90856e-02
4.56299e+00 -2.89060e-04 1.57763e-04 6.21920e-03 0.00000e+00 0.00000e+00 2.89457e-02
4.57031e+00 -3.46037e-04 1.53103e-04 6.18487e-03 0.00000e+00 0.00000e+00 2.88068e-02
4.57764e+00 -4.01000e-04 1.48279e-04 6.15059e-03 0.00000e+00 0.00000e+00 2.86687e-02
4.58496e+00 -4.53842e-04 1.43309e-04 6.11637e-03 0.00000e+00 0.00000e+00 2.85316e-02
4.59229e+00 -5.04540e-04 1.38203e-04 6.08222e-03 0.00000e+00 0.00000e+00 2.83953e-02
4.59961e+00 -5.52999e-04 1.32978e-04 6.04816e-03 0.00000e+00 0.00000e+00 2.82598e-02
4.60693e+00 -5.99210e-04 1.27646e-04 6.01419e-03 0.00000e+00 0.00000e+00 2.81253e-02
4.61426e+00 -6.43087e-04 1.22222e-04 5.98034e-03 0.00000e+00 0.00000e+00 2.79916e-02
4.62158e+00 -6.84633e-04 1.16717e-04 5.94660e-03 0.00000e+00 0.00000e+00 2.78587e-02
4.62891e+00 -7.23775e-04 1.11147e-04 5.91300e-03 0.00000e+00 0.00000e+00 2.77267e-02
4.63623e+00 -7.60525e-04 1.05521e-04 5.87955e-03 0.00000e+00 0.00000e+00 2.75955e-02
4.64355e+00 -7.94823e-04 9.98559e-05 5.84625e-03 0.00000e+00 0.00000e+00 2.74651e-02
4.65088e+00 -8.26691e-04 9.41600e-05 5.81312e-03 0.00000e+00 0.00000e+00 2.73355e-02
4.65820e+00 -8.56080e-04 8.84485e-05 5.78016e-03 0.00000e+00 0.00000e+00 2.72068e-02
4.66553e+00 -8.83024e-04 8.27301e-05 5.74739e-03 0.00000e+00 0.00000e+00 2.70789e-02
4.67285e+00 -9.07483e-04 7.70189e-05 5.71482e-03 0.00000e+00 0.00000e+00 2.69517e-02
4.68018e+00 -9.29501e-04 7.13232e-05 5.68246e-03 0.00000e+00 0.00000e+00 2.68254e-02
4.68750e+00 -9.49050e-04 6.56562e-05 5.65031e-03 0.00000e+00 0.00000e+00 2.66999e-02
4.69482e+00 -9.66181e-04 6.00256e-05 5.61839e-03 0.00000e+00 0.00000e+00 2.65751e-02
4.70215e+00 -9.80878e-04 5.44440e-05 5.58670e-03 0.00000e+00 0.00000e+00 2.64511e-02
4.70947e+00 -9.93199e-04 4.89181e-05 5.55525e-03 0.00000e+00 0.00000e+00 2.63279e-02
4.71680e+00 -1.00314e-03 4.34598e-05 5.52405e-03 0.00000e+00 0.00000e+00 2.62054e-02
4.72412e+00 -1.01076e-03 3.80752e-05 5.49310e-03 0.00000e+00 0.00000e+00 2.60837e-02
4.73145e+00 -1.01607e-03 3.27753e-05 5.46242e-03 0.00000e+00 0.00000e+00 2.59628e-02
4.73877e+00 -1.01914e-03 2.75653e-05 5.43200e-03 0.00000e+00 0.00000e+00 2.58426e-02
4.74609e+00 -1.01999e-03 2.24555e-05 5.40186e-03 0.00000e+00 0.00000e+00 2.57231e-02
4.75342e+00 -1.01868e-03 1.74504e-05 5.37199e-03 0.00000e+00 0.00000e+00 2.56044e-02
4.76074e+00 -1.01525e-03 1.25593e-05 5.34241e-03 0.00000e+00 0.00000e+00 2.54864e-02
4.76807e+00 -1.00978e-03 7.78594e-06 5.31312e-03 0.00000e+00 0.00000e+00 2.53691e-02
4.77539e+00 -1.00228e-03 3.13879e-06 5.28412e-03 0.00000e+00 0.00000e+00 2.52526e-02
4.78271e+00 -9.92864e-04 -1.37923e-06 5.25542e-03 0.00000e+00 0.00000e+00 2.51368e-02
4.79004e+00 -9.81552e-04 -5.76048e-06 5.22701e-03 0.00000e+00 0.00000e+00 2.50216e-02
4.79736e+00 -9.68443e-04 -1.00028e-05 5.19891e-03 0.00000e+00 0.00000e+00 2.49072e-02
4.80469e+00 -9.53573e-04 -1.40995e-05 5.17112e-03 0.00000e+00 0.00000e+00 2.47935e-02
4.81201e+00 -9.37044e-04 -1.80492e-05 5.14363e-03 0.00000e+00 0.00000e+00 2.46804e-02
4.81934e+00 -9.18896e-04 -2.18458e-05 5.11645e-03 0.00000e+00 0.00000e+00 2.45681e-02
4.82666e+00 -8.99234e-04 -2.54889e-05 5.08958e-03 0.00000e+00 0.00000e+00 2.44564e-02
4.83398e+00 -8.78101e-04 -2.89734e-05 5.06302e-03 0.00000e+00 0.00000e+00 2.43454e-02
4.84131e+00 -8.55606e-04 -3.22993e-05 5.03677e-03 0.00000e+00 0.00000e+00 2.42351e-02
4.84863e+00 -8.31794e-04 -3.54624e-05 5.01084e-03 0.00000e+00 0.00000e+00 2.41254e-02
4.85596e+00 -8.06777e-04 -3.84635e-05 4.98521e-03 0.00000e+00 0.00000e+00 2.40164e-02
4.86328e+00 -7.80602e-04 -4.12991e-05 4.95990e-03 0.00000e+00 0.00000e+00 2.39081e-02
4.87061e+00 -7.53380e-04 -4.39708e-05 4.93489e-03 0.00000e+00 0.00000e+00 2.38004e-02
4.87793e+00 -7.25162e-04 -4.64757e-05 4.91020e-03 0.00000e+00 0.00000e+00 2.36933e-02
4.88525e+00 -6.96060e-04 -4.88161e-05 4.88581e-03 0.00000e+00 0.00000e+00 2.35869e-02
4.89258e+00 -6.66123e-04 -5.09898e-05 4.86173e-03 0.00000e+00 0.00000e+00 2.34812e-02
4.89990e+00 -6.35464e-04 -5.29998e-05 4.83795e-03 0.00000e+00 0.00000e+00 2.33760e-02
4.90723e+00 -6.04133e-04 -5.48445e-05 4.81447e-03 0.00000e+00 0.00000e+00 2.32715e-02
4.91455e+00 -5.72241e-04 -5.65275e-05 4.79128e-03 0.00000e+00 0.00000e+00 2.31676e-02
4.92188e+00 -5.39838e-04 -5.80478e-05 4.76839e-03 0.00000e+00 0.00000e+00 2.30643e-02
4.92920e+00 -5.07033e-04 -5.94095e-05 4.74580e-03 0.00000e+00 0.00000e+00 2.29617e-02
4.93652e+00 -4.73875e-04 -6.06123e-05 4.72349e-03 0.00000e+00 0.00000e+00 2.28596e-02
4.94385e+00 -4.40471e-04 -6.16606e-05 4.70146e-03 0.00000e+00 0.00000e+00 2.27582e-02
4.95117e+00 -4.06868e-04 -6.25548e-05 4.67972e-03 0.00000e+00 0.00000e+00 2.26573e-02
4.95850e+00 -3.73171e-04 -6.32998e-05 4.65824e-03 0.00000e+00 0.00000e+00 2.25571e-02
4.96582e+00 -3.39424e-04 -6.38964e-05 4.63705e-03 0.00000e+00 0.00000e+00 2.24574e-02
4.97314e+00 -3.05728e-04 -6.43498e-05 4.61611e-03 0.00000e+00 0.00000e+00 2.23583e-02
4.98047e+00 -2.72126e-04 -6.46613e-05 4.59544e-03 0.00000e+00 0.00000e+00 2.22598e-02
4.98779e+00 -2.38714e-04 -6.48365e-05 4.57503e-03 0.00000e+00 0.00000e+00 2.21619e-02
4.99512e+00 -2.05531e-04 -6.48770e-05 4.55486e-03 0.00000e+00 0.00000e+00 2.20646e-02
5.00244e+00 -1.72671e-04 -6.47888e-05 4.53495e-03 0.00000e+00 0.00000e+00 2.19678e-02
5.00977e+00 -1.40168e-04 -6.45737e-05 4.51527e-03 0.00000e+00 0.00000e+00 2.18716e-02
5.01709e+00 -1.08110e-04 -6.42381e-05 4.49583e-03 0.00000e+00 0.00000e+00 2.17759e-02
5.02441e+00 -7.65295e-05 -6.37841e-05 4.47662e-03 0.00000e+00 0.00000e+00 2.16809e-02
5.03174e+00 -4.55086e-05 -6.32181e-05 4.45764e-03 0.00000e+00 0.00000e+00 2.15863e-02
5.03906e+00 -1.50744e-05 -6.25426e-05 4.43887e-03 0.00000e+00 0.00000e+00 2.14923e-02
5.04639e+00 1.46950e-05 -6.17640e-05 4.42032e-03 0.00000e+00 0.00000e+00 2.13989e-02
5.05371e+00 4.37775e-05 -6.08852e-05 4.40198e-03 0.00000e+00 0.00000e+00 2.13060e-02
5.06104e+00 7.21006e-05 -5.99126e-05 4.38383e-03 0.00000e+00 0.00000e+00 2.12136e-02
5.06836e+00 9.96470e-05 -5.88491e-05 4.36589e-03 0.00000e+00 0.00000e+00 2.11218e-02
5.07568e+00 1.26350e-04 -5.77014e-05 4.34813e-03 0.00000e+00 0.00000e+00 2.10305e-02
5.08301e+00 1.52197e-04 -5.64724e-05 4.33055e-03 0.00000e+00 0.00000e+00 2.09397e-02
5.09033e+00 1.77127e-04 -5.51687e-05 4.31316e-03 0.00000e+00 0.00000e+00 2.08494e-02
5.09766e+00 2.01133e-04 -5.37934e-05 4.29594e-03 0.00000e+00 0.00000e+00 2.07597e-02
5.10498e+00 2.24159e-04 -5.23531e-05 4.27888e-03 0.00000e+00 0.00000e+00 2.06705e-02
5.11230e+00 2.46204e-04 -5.08508e-05 4.26198e-03 0.00000e+00 0.00000e+00 2.05818e-02
5.11963e+00 2.67217e-04 -4.92931e-05 4.24524e-03 0.00000e+00 0.00000e+00 2.04936e-02
5.12695e+00 2.87203e-04 -4.76829e-05 4.22865e-03 0.00000e+00 0.00000e+00 2.04058e-02
5.13428e+00 3.06117e-04 -4.60268e-05 4.21220e-03 0.00000e+00 0.00000e+00 2.03186e-02
5.14160e+00 3.23968e-04 -4.43276e-05 4.19590e-03 0.00000e+00 0.00000e+00 2.02319e-02
5.14893e+00 3.40718e-04 -4.25917e-05 4.17972e-03 0.00000e+00 0.00000e+00 2.01457e-02
5.15625e+00 3.56379e-04 -4.08219e-05 4.16367e-03 0.00000e+00 0.00000e+00 2.00600e-02
5.16357e+00 3.70919e-04 -3.90245e-05 4.14775e-03 0.00000e+00 0.00000e+00 1.99748e-02
5.17090e+00 3.84357e-04 -3.72020e-05 4.13194e-03 0.00000e+00 0.00000e+00 1.98900e-02
5.17822e+00 3.96665e-04 -3.53606e-05 4.11624e-03 0.00000e+00 0.00000e+00 1.98057e-02
5.18555e+00 4.07867e-04 -3.35028e-05 4.10065e-03 0.00000e+00 0.00000e+00 1.97219e-02
5.19287e+00 4.17939e-04 -3.16343e-05 4.08516e-03 0.00000e+00 0.00000e+00 1.96386e-02
5.20020e+00 4.26910e-04 -2.97576e-05 4.06978e-03 0.00000e+00 0.00000e+00 1.95557e-02
5.20752e+00 4.34762e-04 -2.78782e-05 4.05448e-03 0.00000e+00 0.00000e+00 1.94733e-02
5.21484e+00 4.41527e-04 -2.59983e-05 4.03927e-03 0.00000e+00 0.00000e+00 1.93914e-02
5.22217e+00 4.47192e-04 -2.41233e-05 4.02415e-03 0.00000e+00 0.00000e+00 1.93099e-02
5.22949e+00 4.51793e-04 -2.22550e-05 4.00911e-03 0.00000e+00 0.00000e+00 1.92289e-02
5.23682e+00 4.55322e-04 -2.03986e-05 3.99414e-03 0.00000e+00 0.00000e+00 1.91483e-02
5.24414e+00 4.57818e-04 -1.85558e-05 3.97925e-03 0.00000e+00 0.00000e+00 1.90682e-02
5.25146e+00 4.59278e-04 -1.67314e-05 3.96442e-03 0.00000e+00 0.00000e+00 1.89885e-02
5.25879e+00 4.59742e-04 -1.49268e-05 3.94966e-03 0.00000e+00 0.00000e+00 1.89093e-02
5.26611e+00 4.59212e-04 -1.31467e-05 3.93497e-03 0.00000e+00 0.00000e+00 1.88305e-02
5.27344e+00 4.57732e-04 -1.13923e-05 3.92033e-03 0.00000e+00 0.00000e+00 1.87522e-02
5.28076e+00 4.55305e-04 -9.66774e-06 3.90574e-03 0.00000e+00 0.00000e+00 1.86742e-02
5.28809e+00 4.51981e-04 -7.97406e-06 3.89121e-03 0.00000e+00 0.00000e+00 1.85968e-02
5.29541e+00 4.47764e-04 -6.31523e-06 3.87673e-03 0.00000e+00 0.00000e+00 1.85197e-02
5.30273e+00 4.42705e-04 -4.69193e-06 3.86229e-03 0.00000e+00 0.00000e+00 1.84431e-02
5.31006e+00 4.36814e-04 -3.10785e-06 3.84790e-03 0.00000e+00 0.00000e+00 1.83669e-02
5.31738e+00 4.30141e-04 -1.56344e-06 3.83355e-03 0.00000e+00 0.00000e+00 1.82911e-02
5.32471e+00 4.22699e-04 -6.20612e-08 3.81923e-03 0.00000e+00 0.00000e+00 1.82157e-02
5.33203e+00 4.14540e-04 1.39609e-06 3.80496e-03 0.00000e+00 0.00000e+00 1.81407e-02
5.33936e+00 4.05679e-04 2.80792e-06 3.79072e-03 0.00000e+00 0.00000e+00 1.80662e-02
5.34668e+00 3.96170e-04 4.17351e-06 3.77652e-03 0.00000e+00 0.00000e+00 1.79920e-02
5.35400e+00 3.86027e-04 5.49005e-06 3.76234e-03 0.00000e+00 0.00000e+00 1.79183e-02
5.36133e+00 3.75307e-04 6.75787e-06 3.74820e-03 0.00000e+00 0.00000e+00 1.78450e-02
5.36865e+00 3.64025e-04 7.97444e-06 3.73409e-03 0.00000e+00 0.00000e+00 1.77720e-02
5.37598e+00 3.52237e-04 9.14034e-06 3.72000e-03 0.00000e+00 0.00000e+00 1.76995e-02
5.38330e+00 3.39961e-04 1.02533e-05 3.70594e-03 0.00000e+00 0.00000e+00 1.76273e-02
5.39062e+00 3.27252e-04 1.13142e-05 3.69191e-03 0.00000e+00 0.00000e+00 1.75556e-02
5.39795e+00 3.14129e-04 1.23209e-05 3.67790e-03 0.00000e+00 0.00000e+00 1.74842e-02
5.40527e+00 3.00647e-04 1.32746e-05 3.66392e-03 0.00000e+00 0.00000e+00 1.74132e-02
5.41260e+00 2.86823e-04 1.41734e-05 3.64996e-03 0.00000e+00 0.00000e+00 1.73427e-02
5.41992e+00 2.72714e-04 1.50187e-05 3.63602e-03 0.00000e+00 0.00000e+00 1.72724e-02
5.42725e+00 2.58336e-04 1.58090e-05 3.62210e-03 0.00000e+00 0.00000e+00 1.72026e-02
5.43457e+00 2.43746e-04 1.65457e-05 3.60821e-03 0.00000e+00 0.00000e+00 1.71331e-02
5.44189e+00 2.28959e-04 1.72275e-05 3.59434e-03 0.00000e+00 0.00000e+00 1.70641e-02
5.44922e+00 2.14031e-04 1.78561e-05 3.58049e-03 0.00000e+00 0.00000e+00 1.69953e-02
5.45654e+00 1.98976e-04 1.84304e-05 3.56666e-03 0.00000e+00 0.00000e+00 1.69270e-02
5.46387e+00 1.83849e-04 1.89523e-05 3.55286e-03 0.00000e+00 0.00000e+00 1.68590e-02
5.47119e+00 1.68664e-04 1.94210e-05 3.53908e-03 0.00000e+00 0.00000e+00 1.67914e-02
5.47852e+00 1.53472e-04 1.98383e-05 3.52532e-03 0.00000e+00 0.00000e+00 1.67241e-02
5.48584e+00 1.38289e-04 2.02037e-05 3.51158e-03 0.00000e+00 0.00000e+00 1.66573e-02
5.49316e+00 1.23163e-04 2.05192e-05 3.49787e-03 0.00000e+00 0.00000e+00 1.65907e-02
5.50049e+00 1.08107e-04 2.07845e-05 3.48418e-03 0.00000e+00 0.00000e+00 1.65245e-02
5.50781e+00 9.31687e-05 2.10016e-05 3.47052e-03 0.00000e+00 0.00000e+00 1.64587e-02
5.51514e+00 7.83598e-05 2.11705e-05 3.45688e-03 0.00000e+00 0.00000e+00 1.63932e-02
5.52246e+00 6.37259e-05 2.12933e-05 3.44327e-03 0.00000e+00 0.00000e+00 1.63281e-02
5.52979e+00 4.92763e-05 2.13699e-05 3.42968e-03 0.00000e+00 0.00000e+00 1.62633e-02
5.53711e+00 3.50547e-05 2.14028e-05 3.41613e-03 0.00000e+00 0.00000e+00 1.61988e-02
5.54443e+00 2.10683e-05 2.13920e-05 3.40260e-03 0.00000e+00 0.00000e+00 1.61347e-02
5.55176e+00 7.35889e-06 2.13399e-05 3.38910e-03 0.00000e+00 0.00000e+00 1.60709e-02
5.55908e+00 -6.06847e-06 2.12467e-05 3.37563e-03 0.00000e+00 0.00000e+00 1.60075e-02
5.56641e+00 -1.91745e-05 2.11149e-05 3.36220e-03 0.00000e+00 0.00000e+00 1.59444e-02
5.57373e+00 -3.19562e-05 2.09448e-05 3.34879e-03 0.00000e+00 0.00000e+00 1.58816e-02
5.58105e+00 -4.43767e-05 2.07389e-05 3.33542e-03 0.00000e+00 0.00000e+00 1.58192e-02
5.58838e+00 -5.64350e-05 2.04976e-05 3.32209e-03 0.00000e+00 0.00000e+00 1.57571e-02
5.59570e+00 -6.80971e-05 2.02234e-05 3.30879e-03 0.00000e+00 0.00000e+00 1.56953e-02
5.60303e+00 -7.93640e-05 1.99168e-05 3.29553e-03 0.00000e+00 0.00000e+00 1.56338e-02
5.61035e+00 -9.02043e-05 1.95805e-05 3.28231e-03 0.00000e+00 0.00000e+00 1.55726e-02
5.61768e+00 -1.00621e-04 1.92148e-05 3.26913e-03 0.00000e+00 0.00000e+00 1.55118e-02
5.62500e+00 -1.10586e-04 1.88224e-05 3.25599e-03 0.00000e+00 0.00000e+00 1.54513e-02
5.63232e+00 -1.20104e-04 1.84037e-05 3.24289e-03 0.00000e+00 0.00000e+00 1.53911e-02
5.63965e+00 -1.29149e-04 1.79615e-05 3.22983e-03 0.00000e+00 0.00000e+00 1.53312e-02
5.64697e+00 -1.37729e-04 1.74962e-05 3.21682e-03 0.00000e+00 0.00000e+00 1.52716e-02
5.65430e+00 -1.45819e-04 1.70105e-05 3.20386e-03 0.00000e+00 0.00000e+00 1.52124e-02
5.66162e+00 -1.53431e-04 1.65048e-05 3.19094e-03 0.00000e+00 0.00000e+00 1.51534e-02
5.66895e+00 -1.60542e-04 1.59819e-05 3.17807e-03 0.00000e+00 0.00000e+00 1.50947e-02
5.67627e+00 -1.67165e-04 1.54420e-05 3.16525e-03 0.00000e+00 0.00000e+00 1.50364e-02
5.68359e+00 -1.73280e-04 1.48880e-05 3.15248e-03 0.00000e+00 0.00000e+00 1.49783e-02
5.69092e+00 -1.78903e-04 1.43201e-05 3.13976e-03 0.00000e+00 0.00000e+00 1.49206e-02
5.69824e+00 -1.84016e-04 1.37411e-05 3.12710e-03 0.00000e+00 0.00000e+00 1.48631e-02
5.70557e+00 -1.88635e-04 1.31512e-05 3.11449e-03 0.00000e+00 0.00000e+00 1.48060e-02
5.71289e+00 -1.92747e-04 1.25531e-05 3.10193e-03 0.00000e+00 0.00000e+00 1.47491e-02
5.72021e+00 -1.96369e-04 1.19470e-05 3.08943e-03 0.00000e+00 0.00000e+00 1.46925e-02
5.72754e+00 -1.99490e-04 1.13355e-05 3.07699e-03 0.00000e+00 0.00000e+00 1.46362e-02
5.73486e+00 -2.02128e-04 1.07189e-05 3.06460e-03 0.00000e+00 0.00000e+00 1.45802e-02
5.74219e+00 -2.04275e-04 1.00996e-05 3.05228e-03 0.00000e+00 0.00000e+00 1.45245e-02
5.74951e+00 -2.05951e-04 9.47778e-06 3.04001e-03 0.00000e+00 0.00000e+00 1.44690e-02
5.75684e+00 -2.07149e-04 8.85585e-06 3.02781e-03 0.00000e+00 0.00000e+00 1.44139e-02
5.76416e+00 -2.07891e-04 8.23398e-06 3.01566e-03 0.00000e+00 0.00000e+00 1.43590e-02
5.77148e+00 -2.08171e-04 7.61443e-06 3.00358e-03 0.00000e+00 0.00000e+00 1.43044e-02
5.77881e+00 -2.08014e-04 6.99732e-06 2.99156e-03 0.00000e+00 0.00000e+00 1.42501e-02
5.78613e+00 -2.07414e-04 6.38483e-06 2.97961e-03 0.00000e+00 0.00000e+00 1.41960e-02
5.79346e+00 -2.06398e-04 5.77700e-06 2.96772e-03 0.00000e+00 0.00000e+00 1.41423e-02
5.80078e+00 -2.04962e-04 5.17591e-06 2.95590e-03 0.00000e+00 0.00000e+00 1.40888e-02
5.80811e+00 -2.03134e-04 4.58155e-06 2.94414e-03 0.00000e+00 0.00000e+00 1.40355e-02
5.81543e+00 -2.00910e-04 3.99588e-06 2.93245e-03 0.00000e+00 0.00000e+00 1.39826e-02
5.82275e+00 -1.98319e-04 3.41882e-06 2.92082e-03 0.00000e+00 0.00000e+00 1.39299e-02
5.83008e+00 -1.95360e-04 2.85224e-06 2.90927e-03 0.00000e+00 0.00000e+00 1.38774e-02
5.83740e+00 -1.92062e-04 2.29599e-06 2.89778e-03 0.00000e+00 0.00000e+00 1.38253e-02
5.84473e+00 -1.88425e-04 1.75181e-06 2.88636e-03 0.00000e+00 0.00000e+00 1.37734e-02
5.85205e+00 -1.84479e-04 1.21949e-06 2.87501e-03 0.00000e+00 0.00000e+00 1.37217e-02
5.85938e+00 -1.80223e-04 7.00664e-07 2.86372e-03 0.00000e+00 0.00000e+00 1.36703e-02
5.86670e+00 -1.75688e-04 1.95031e-07 2.85251e-03 0.00000e+00 0.00000e+00 1.36192e-02
5.87402e+00 -1.70877e-04 -2.95854e-07 2.84137e-03 0.00000e+00 0.00000e+00 1.35683e-02
5.88135e+00 -1.65818e-04 -7.72389e-07 2.83029e-03 0.00000e+00 0.00000e+00 1.35177e-02
5.88867e+00 -1.60514e-04 -1.23312e-06 2.81929e-03 0.00000e+00 0.00000e+00 1.34673e-02
5.89600e+00 -1.54996e-04 -1.67852e-06 2.80835e-03 0.00000e+00 0.00000e+00 1.34172e-02
5.90332e+00 -1.49266e-04 -2.10723e-06 2.79748e-03 0.00000e+00 0.00000e+00 1.33673e-02
5.91064e+00 -1.43354e-04 -2.51981e-06 2.78669e-03 0.00000e+00 0.00000e+00 1.33177e-02
5.91797e+00 -1.37264e-04 -2.91500e-06 2.77596e-03 0.00000e+00 0.00000e+00 1.32683e-02
5.92529e+00 -1.31026e-04 -3.29343e-06 2.76530e-03 0.00000e+00 0.00000e+00 1.32191e-02
5.93262e+00 -1.24642e-04 -3.65394e-06 2.75472e-03 0.00000e+00 0.00000e+00 1.31702e-02
5.93994e+00 -1.18143e-04 -3.99723e-06 2.74420e-03 0.00000e+00 0.00000e+00 1.31216e-02
5.94727e+00 -1.11531e-04 -4.32224e-06 2.73375e-03 0.00000e+00 0.00000e+00 1.30732e-02
5.95459e+00 -1.04837e-04 -4.62974e-06 2.72337e-03 0.00000e+00 0.00000e+00 1.30250e-02
5.96191e+00 -9.80626e-05 -4.91874e-06 2.71306e-03 0.00000e+00 0.00000e+00 1.29770e-02
5.96924e+00 -9.12373e-05 -5.19010e-06 2.70281e-03 0.00000e+00 0.00000e+00 1.29293e-02
5.97656e+00 -8.43637e-05 -5.44291e-06 2.69264e-03 0.00000e+00 0.00000e+00 1.28819e-02
5.98389e+00 -7.74701e-05 -5.67808e-06 2.68253e-03 0.00000e+00 0.00000e+00 1.28346e-02
5.99121e+00 -7.05589e-05 -5.89479e-06 2.67249e-03 0.00000e+00 0.00000e+00 1.27876e-02
5.99854e+00 -6.36574e-05 -6.09402e-06 2.66251e-03 0.00000e+00 0.00000e+00 1.27408e-02
6.00586e+00 -5.67677e-05 -6.27502e-06 2.65260e-03 0.00000e+00 0.00000e+00 1.26943e-02
6.01318e+00 -4.99164e-05 -6.43881e-06 2.64276e-03 0.00000e+00 0.00000e+00 1.26479e-02
6.02051e+00 -4.31047e-05 -6.58472e-06 2.63298e-03 0.00000e+00 0.00000e+00 1.26018e-02
6.02783e+00 -3.63584e-05 -6.71383e-06 2.62327e-03 0.00000e+00 0.00000e+00 1.25559e-02
6.03516e+00 -2.96781e-05 -6.82553e-06 2.61362e-03 0.00000e+00 0.00000e+00 1.25103e-02
6.04248e+00 -2.30885e-05 -6.92092e-06 2.60403e-03 0.00000e+00 0.00000e+00 1.24648e-02
6.04980e+00 -1.65896e-05 -6.99949e-06 2.59451e-03 0.00000e+00 0.00000e+00 1.24196e-02
6.05713e+00 -1.02050e-05 -7.06237e-06 2.58504e-03 0.00000e+00 0.00000e+00 1.23746e-02
6.06445e+00 -3.93362e-06 -7.10909e-06 2.57564e-03 0.00000e+00 0.00000e+00 1.23298e-02
6.07178e+00 2.20177e-06 -7.14082e-06 2.56630e-03 0.00000e+00 0.00000e+00 1.22853e-02
6.07910e+00 8.20311e-06 -7.15714e-06 2.55702e-03 0.00000e+00 0.00000e+00 1.22409e-02
6.08643e+00 1.40489e-05 -7.15926e-06 2.54780e-03 0.00000e+00 0.00000e+00 1.21968e-02
6.09375e+00 1.97420e-05 -7.14680e-06 2.53863e-03 0.00000e+00 0.00000e+00 1.21529e-02
6.10107e+00 2.52621e-05 -7.12098e-06 2.52953e-03 0.00000e+00 0.00000e+00 1.21092e-02
6.10840e+00 3.06129e-05 -7.08147e-06 2.52048e-03 0.00000e+00 0.00000e+00 1.20656e-02
6.11572e+00 3.57754e-05 -7.02951e-06 2.51149e-03 0.00000e+00 0.00000e+00 1.20223e-02
6.12305e+00 4.07542e-05 -6.96480e-06 2.50255e-03 0.00000e+00 0.00000e+00 1.19793e-02
6.13037e+00 4.55316e-05 -6.88860e-06 2.49367e-03 0.00000e+00 0.00000e+00 1.19364e-02
6.13770e+00 5.01132e-05 -6.80064e-06 2.48484e-03 0.00000e+00 0.00000e+00 1.18937e-02
6.14502e+00 5.44824e-05 -6.70218e-06 2.47606e-03 0.00000e+00 0.00000e+00 1.18512e-02
6.15234e+00 5.86459e-05 -6.59297e-06 2.46734e-03 0.00000e+00 0.00000e+00 1.18089e-02
6.15967e+00 6.25882e-05 -6.47428e-06 2.45866e-03 0.00000e+00 0.00000e+00 1.17669e-02
6.16699e+00 6.63171e-05 -6.34588e-06 2.45004e-03 0.00000e+00 0.00000e+00 1.17250e-02
6.17432e+00 6.98184e-05 -6.20905e-06 2.44147e-03 0.00000e+00 0.00000e+00 1.16833e-02
6.18164e+00 7.31006e-05 -6.06356e-06 2.43295e-03 0.00000e+00 0.00000e+00 1.16418e-02
6.18896e+00 7.61507e-05 -5.91067e-06 2.42447e-03 0.00000e+00 0.00000e+00 1.16006e-02
6.19629e+00 7.89784e-05 -5.75019e-06 2.41604e-03 0.00000e+00 0.00000e+00 1.15595e-02
6.20361e+00 8.15716e-05 -5.58337e-06 2.40766e-03 0.00000e+00 0.00000e+00 1.15186e-02
6.21094e+00 8.39410e-05 -5.40999e-06 2.39933e-03 0.00000e+00 0.00000e+00 1.14779e-02
6.21826e+00 8.60756e-05 -5.23132e-06 2.39104e-03 0.00000e+00 0.00000e+00 1.14374e-02
6.22559e+00 8.79870e-05 -5.04713e-06 2.38279e-03 0.00000e+00 0.00000e+00 1.13970e-02
6.23291e+00 8.96652e-05 -4.85867e-06 2.37459e-03 0.00000e+00 0.00000e+00 1.13569e-02
6.24023e+00 9.11226e-05 -4.66572e-06 2.36643e-03 0.00000e+00 0.00000e+00 1.13170e-02
6.24756e+00 9.23503e-05 -4.46949e-06 2.35831e-03 0.00000e+00 0.00000e+00 1.12772e-02
6.25488e+00 9.33614e-05 -4.26977e-06 2.35023e-03 0.00000e+00 0.00000e+00 1.12376e-02
6.26221e+00 9.41481e-05 -4.06775e-06 2.34220e-03 0.00000e+00 0.00000e+00 1.11983e-02
6.26953e+00 9.47240e-05 -3.86319e-06 2.33420e-03 0.00000e+00 0.00000e+00 1.11591e-02
6.27686e+00 9.50822e-05 -3.65727e-06 2.32625e-03 0.00000e+00 0.00000e+00 1.11200e-02
6.28418e+00 9.52371e-05 -3.44974e-06 2.31833e-03 0.00000e+00 0.00000e+00 1.10812e-02
6.29150e+00 9.51825e-05 -3.24174e-06 2.31045e-03 0.00000e+00 0.00000e+00 1.10425e-02
6.29883e+00 9.49335e-05 -3.03302e-06 2.30260e-03 0.00000e+00 0.00000e+00 1.10041e-02
6.30615e+00 9.44847e-05 -2.82467e-06 2.29480e-03 0.00000e+00 0.00000e+00 1.09658e-02
6.31348e+00 9.38514e-05 -2.61644e-06 2.28703e-03 0.00000e+00 0.00000e+00 1.09277e-02
6.32080e+00 9.30292e-05 -2.40939e-06 2.27929e-03 0.00000e+00 0.00000e+00 1.08897e-02
6.32812e+00 9.20339e-05 -2.20324e-06 2.27159e-03 0.00000e+00 0.00000e+00 1.08519e-02
6.33545e+00 9.08614e-05 -1.99901e-06 2.26393e-03 0.00000e+00 0.00000e+00 1.08144e-02
6.34277e+00 8.95280e-05 -1.79641e-06 2.25629e-03 0.00000e+00 0.00000e+00 1.07769e-02
6.35010e+00 8.80302e-05 -1.59644e-06 2.24870e-03 0.00000e+00 0.00000e+00 1.07397e-02
6.35742e+00 8.63847e-05 -1.39877e-06 2.24113e-03 0.00000e+00 0.00000e+00 1.07026e-02
6.36475e+00 8.45883e-05 -1.20435e-06 2.23359e-03 0.00000e+00 0.00000e+00 1.06657e-02
6.37207e+00 8.26579e-05 -1.01286e-06 2.22609e-03 0.00000e+00 0.00000e+00 1.06290e-02
6.37939e+00 8.05909e-05 -8.25196e-07 2.21862e-03 0.00000e+00 0.00000e+00 1.05924e-02
6.38672e+00 7.84042e-05 -6.41007e-07 2.21118e-03 0.00000e+00 0.00000e+00 1.05560e-02
6.39404e+00 7.60956e-05 -4.61173e-07 2.20377e-03 0.00000e+00 0.00000e+00 1.05198e-02
6.40137e+00 7.36820e-05 -2.85304e-07 2.19639e-03 0.00000e+00 0.00000e+00 1.04837e-02
6.40869e+00 7.11613e-05 -1.14246e-07 2.18904e-03 0.00000e+00 0.00000e+00 1.04478e-02
6.41602e+00 6.85508e-05 5.24144e-08 2.18171e-03 0.00000e+00 0.00000e+00 1.04121e-02
6.42334e+00 6.58485e-05 2.13868e-07 2.17442e-03 0.00000e+00 0.00000e+00 1.03765e-02
6.43066e+00 6.30714e-05 3.70551e-07 2.16715e-03 0.00000e+00 0.00000e+00 1.03411e-02
6.43799e+00 6.02177e-05 5.21693e-07 2.15992e-03 0.00000e+00 0.00000e+00 1.03058e-02
6.44531e+00 5.73044e-05 6.67753e-07 2.15271e-03 0.00000e+00 0.00000e+00 1.02707e-02
6.45264e+00 5.43297e-05 8.07995e-07 2.14552e-03 0.00000e+00 0.00000e+00 1.02358e-02
6.45996e+00 5.13104e-05 9.42904e-07 2.13837e-03 0.00000e+00 0.00000e+00 1.02010e-02
6.46729e+00 4.82448e-05 1.07178e-06 2.13124e-03 0.00000e+00 0.00000e+00 1.01664e-02
6.47461e+00 4.51492e-05 1.19513e-06 2.12414e-03 0.00000e+00 0.00000e+00 1.01319e-02
6.48193e+00 4.20220e-05 1.31228e-06 2.11706e-03 0.00000e+00 0.00000e+00 1.00976e-02
6.48926e+00 3.88793e-05 1.42376e-06 2.11001e-03 0.00000e+00 0.00000e+00 1.00635e-02
6.49658e+00 3.57192e-05 1.52895e-06 2.10299e-03 0.00000e+00 0.00000e+00 1.00295e-02
6.50391e+00 3.25576e-05 1.62838e-06 2.09599e-03 0.00000e+00 0.00000e+00 9.99562e-03
6.51123e+00 2.93924e-05 1.72146e-06 2.08902e-03 0.00000e+00 0.00000e+00 9.96193e-03
6.51855e+00 2.62390e-05 1.80876e-06 2.08207e-03 0.00000e+00 0.00000e+00 9.92839e-03
6.52588e+00 2.30952e-05 1.88970e-06 2.07515e-03 0.00000e+00 0.00000e+00 9.89500e-03
6.53320e+00 1.99759e-05 1.96487e-06 2.06825e-03 0.00000e+00 0.00000e+00 9.86176e-03
6.54053e+00 1.68787e-05 2.03373e-06 2.06138e-03 0.00000e+00 0.00000e+00 9.82866e-03
6.54785e+00 1.38180e-05 2.09688e-06 2.05453e-03 0.00000e+00 0.00000e+00 9.79572e-03
6.55518e+00 1.07911e-05 2.15381e-06 2.04771e-03 0.00000e+00 0.00000e+00 9.76292e-03
6.56250e+00 7.81201e-06 2.20514e-06 2.04091e-03 0.00000e+00 0.00000e+00 9.73027e-03
6.56982e+00 4.87749e-06 2.25037e-06 2.03414e-03 0.00000e+00 0.00000e+00 9.69776e-03
6.57715e+00 2.00122e-06 2.29014e-06 2.02739e-03 0.00000e+00 0.00000e+00 9.66540e-03
6.58447e+00 -8.20482e-07 2.32399e-06 2.02067e-03 0.00000e+00 0.00000e+00 9.63318e-03
6.59180e+00 -3.57447e-06 2.35256e-06 2.01397e-03 0.00000e+00 0.00000e+00 9.60111e-03
6.59912e+00 -6.26479e-06 2.37540e-06 2.00729e-03 0.00000e+00 0.00000e+00 9.56917e-03
6.60645e+00 -8.87887e-06 2.39318e-06 2.00064e-03 0.00000e+00 0.00000e+00 9.53738e-03
6.61377e+00 -1.14212e-05 2.40546e-06 1.99401e-03 0.00000e+00 0.00000e+00 9.50573e-03
6.62109e+00 -1.38796e-05 2.41292e-06 1.98741e-03 0.00000e+00 0.00000e+00 9.47422e-03
6.62842e+00 -1.62592e-05 2.41515e-06 1.98083e-03 0.00000e+00 0.00000e+00 9.44285e-03
6.63574e+00 -1.85483e-05 2.41282e-06 1.97428e-03 0.00000e+00 0.00000e+00 9.41162e-03
6.64307e+00 -2.07524e-05 2.40554e-06 1.96775e-03 0.00000e+00 0.00000e+00 9.38052e-03
6.65039e+00 -2.28605e-05 2.39399e-06 1.96124e-03 0.00000e+00 0.00000e+00 9.34956e-03
6.65771e+00 -2.48783e-05 2.37780e-06 1.95476e-03 0.00000e+00 0.00000e+00 9.31874e-03
6.66504e+00 -2.67957e-05 2.35765e-06 1.94830e-03 0.00000e+00 0.00000e+00 9.28805e-03
6.67236e+00 -2.86187e-05 2.33318e-06 1.94187e-03 0.00000e+00 0.00000e+00 9.25750e-03
6.67969e+00 -3.03375e-05 2.30506e-06 1.93546e-03 0.00000e+00 0.00000e+00 9.22708e-03
6.68701e+00 -3.19589e-05 2.27296e-06 1.92908e-03 0.00000e+00 0.00000e+00 9.19679e-03
6.69434e+00 -3.34736e-05 2.23755e-06 1.92272e-03 0.00000e+00 0.00000e+00 9.16664e-03
6.70166e+00 -3.48886e-05 2.19851e-06 1.91638e-03 0.00000e+00 0.00000e+00 9.13662e-03
6.70898e+00 -3.61953e-05 2.15649e-06 1.91007e-03 0.00000e+00 0.00000e+00 9.10673e-03
6.71631e+00 -3.74012e-05 2.11120e-06 1.90378e-03 0.00000e+00 0.00000e+00 9.07697e-03
6.72363e+00 -3.84980e-05 2.06328e-06 1.89752e-03 0.00000e+00 0.00000e+00 9.04734e-03
6.73096e+00 -3.94937e-05 2.01243e-06 1.89128e-03 0.00000e+00 0.00000e+00 9.01783e-03
6.73828e+00 -4.03807e-05 1.95932e-06 1.88507e-03 0.00000e+00 0.00000e+00 8.98846e-03
6.74561e+00 -4.11670e-05 1.90363e-06 1.87888e-03 0.00000e+00 0.00000e+00 8.95921e-03
6.75293e+00 -4.18457e-05 1.84602e-06 1.87271e-03 0.00000e+00 0.00000e+00 8.93009e-03
6.76025e+00 -4.24252e-05 1.78620e-06 1.86657e-03 0.00000e+00 0.00000e+00 8.90110e-03
6.76758e+00 -4.28990e-05 1.72480e-06 1.86046e-03 0.00000e+00 0.00000e+00 8.87223e-03
6.77490e+00 -4.32758e-05 1.66153e-06 1.85437e-03 0.00000e+00 0.00000e+00 8.84349e-03
6.78223e+00 -4.35495e-05 1.59704e-06 1.84830e-03 0.00000e+00 0.00000e+00 8.81487e-03
6.78955e+00 -4.37293e-05 1.53102e-06 1.84226e-03 0.00000e+00 0.00000e+00 8.78637e-03
6.79688e+00 -4.38093e-05 1.46410e-06 1.83625e-03 0.00000e+00 0.00000e+00 8.75800e-03
6.80420e+00 -4.37990e-05 1.39599e-06 1.83026e-03 0.00000e+00 0.00000e+00 8.72975e-03
6.81152e+00 -4.36931e-05 1.32730e-06 1.82429e-03 0.00000e+00 0.00000e+00 8.70162e-03
6.81885e+00 -4.35011e-05 1.25775e-06 1.81835e-03 0.00000e+00 0.00000e+00 8.67361e-03
6.82617e+00 -4.32180e-05 1.18793e-06 1.81243e-03 0.00000e+00 0.00000e+00 8.64572e-03
6.83350e+00 -4.28537e-05 1.11755e-06 1.80654e-03 0.00000e+00 0.00000e+00 8.61795e-03
6.84082e+00 -4.24034e-05 1.04720e-06 1.80067e-03 0.00000e+00 0.00000e+00 8.59030e-03
6.84814e+00 -4.18773e-05 9.76591e-07 1.79483e-03 0.00000e+00 0.00000e+00 8.56276e-03
6.85547e+00 -4.12709e-05 9.06296e-07 1.78901e-03 0.00000e+00 0.00000e+00 8.53535e-03
6.86279e+00 -4.05943e-05 8.36011e-07 1.78322e-03 0.00000e+00 0.00000e+00 8.50805e-03
6.87012e+00 -3.98434e-05 7.66308e-07 1.77746e-03 0.00000e+00 0.00000e+00 8.48087e-03
6.87744e+00 -3.90285e-05 6.96876e-07 1.77171e-03 0.00000e+00 0.00000e+00 8.45380e-03
6.88477e+00 -3.81457e-05 6.28273e-07 1.76600e-03 0.00000e+00 0.00000e+00 8.42685e-03
6.89209e+00 -3.72052e-05 5.60184e-07 1.76031e-03 0.00000e+00 0.00000e+00 8.40001e-03
6.89941e+00 -3.62034e-05 4.93152e-07 1.75464e-03 0.00000e+00 0.00000e+00 8.37329e-03
6.90674e+00 -3.51505e-05 4.26857e-07 1.74900e-03 0.00000e+00 0.00000e+00 8.34668e-03
6.91406e+00 -3.40432e-05 3.61828e-07 1.74338e-03 0.00000e+00 0.00000e+00 8.32018e-03
6.92139e+00 -3.28917e-05 2.97739e-07 1.73779e-03 0.00000e+00 0.00000e+00 8.29380e-03
6.92871e+00 -3.16925e-05 2.35105e-07 1.73222e-03 0.00000e+00 0.00000e+00 8.26752e-03
6.93604e+00 -3.04562e-05 1.73594e-07 1.72668e-03 0.00000e+00 0.00000e+00 8.24136e-03
6.94336e+00 -2.91792e-05 1.13706e-07 1.72116e-03 0.00000e+00 0.00000e+00 8.21531e-03
6.95068e+00 -2.78718e-05 5.51039e-08 1.71566e-03 0.00000e+00 0.00000e+00 8.18936e-03
6.95801e+00 -2.65309e-05 -1.72700e-09 1.71020e-03 0.00000e+00 0.00000e+00 8.16353e-03
6.96533e+00 -2.51667e-05 -5.71312e-08 1.70475e-03 0.00000e+00 0.00000e+00 8.13780e-03
6.97266e+00 -2.37758e-05 -1.10637e-07 1.69933e-03 0.00000e+00 0.00000e+00 8.11219e-03
6.97998e+00 -2.23683e-05 -1.62594e-07 1.69394e-03 0.00000e+00 0.00000e+00 8.08668e-03
6.98730e+00 -2.09411e-05 -2.12546e-07 1.68856e-03 0.00000e+00 0.00000e+00 8.06127e-03
6.99463e+00 -1.95041e-05 -2.60848e-07 1.68322e-03 0.00000e+00 0.00000e+00 8.03598e-03
7.00195e+00 -1.80541e-05 -3.07059e-07 1.67789e-03 0.00000e+00 0.00000e+00 8.01079e-03
7.00928e+00 -1.66007e-05 -3.51540e-07 1.67260e-03 0.00000e+00 0.00000e+00 7.98570e-03
7.01660e+00 -1.51408e-05 -3.93861e-07 1.66732e-03 0.00000e+00 0.00000e+00 7.96072e-03
7.02393e+00 -1.36840e-05 -4.34390e-07 1.66207e-03 0.00000e+00 0.00000e+00 7.93584e-03
7.03125e+00 -1.22268e-05 -4.72713e-07 1.65684e-03 0.00000e+00 0.00000e+00 7.91107e-03
7.03857e+00 -1.07788e-05 -5.09201e-07 1.65164e-03 0.00000e+00 0.00000e+00 7.88640e-03
7.04590e+00 -9.33629e-06 -5.43452e-07 1.64646e-03 0.00000e+00 0.00000e+00 7.86183e-03
7.05322e+00 -7.90869e-06 -5.75844e-07 1.64131e-03 0.00000e+00 0.00000e+00 7.83736e-03
7.06055e+00 -6.49231e-06 -6.05987e-07 1.63617e-03 0.00000e+00 0.00000e+00 7.81300e-03
7.06787e+00 -5.09618e-06 -6.34264e-07 1.63106e-03 0.00000e+00 0.00000e+00 7.78873e-03
7.07520e+00 -3.71654e-06 -6.60297e-07 1.62598e-03 0.00000e+00 0.00000e+00 7.76457e-03
7.08252e+00 -2.36216e-06 -6.84471e-07 1.62091e-03 0.00000e+00 0.00000e+00 7.74051e-03
7.08984e+00 -1.02914e-06 -7.06422e-07 1.61587e-03 0.00000e+00 0.00000e+00 7.71654e-03
7.09717e+00 2.73994e-07 -7.26539e-07 1.61086e-03 0.00000e+00 0.00000e+00 7.69268e-03
7.10449e+00 1.55131e-06 -7.44468e-07 1.60586e-03 0.00000e+00 0.00000e+00 7.66891e-03
7.11182e+00 2.79455e-06 -7.60600e-07 1.60089e-03 0.00000e+00 0.00000e+00 7.64524e-03
7.11914e+00 4.00793e-06 -7.74594e-07 1.59594e-03 0.00000e+00 0.00000e+00 7.62167e-03
7.12646e+00 5.18349e-06 -7.86842e-07 1.59101e-03 0.00000e+00 0.00000e+00 7.59819e-03
7.13379e+00 6.32561e-06 -7.97013e-07 1.58611e-03 0.00000e+00 0.00000e+00 7.57481e-03
7.14111e+00 7.42660e-06 -8.05502e-07 1.58122e-03 0.00000e+00 0.00000e+00 7.55153e-03
7.14844e+00 8.49103e-06 -8.11986e-07 1.57636e-03 0.00000e+00 0.00000e+00 7.52834e-03
7.15576e+00 9.51148e-06 -8.16862e-07 1.57152e-03 0.00000e+00 0.00000e+00 7.50525e-03
7.16309e+00 1.04927e-05 -8.19816e-07 1.56670e-03 0.00000e+00 0.00000e+00 7.48225e-03
7.17041e+00 1.14276e-05 -8.21246e-07 1.56190e-03 0.00000e+00 0.00000e+00 7.45935e-03
7.17773e+00 1.23210e-05 -8.20845e-07 1.55713e-03 0.00000e+00 0.00000e+00 7.43653e-03
7.18506e+00 1.31662e-05 -8.19012e-07 1.55237e-03 0.00000e+00 0.00000e+00 7.41382e-03
7.19238e+00 1.39682e-05 -8.15448e-07 1.54764e-03 0.00000e+00 0.00000e+00 7.39119e-03
7.19971e+00 1.47205e-05 -8.10551e-07 1.54293e-03 0.00000e+00 0.00000e+00 7.36865e-03
7.20703e+00 1.54283e-05 -8.04028e-07 1.53823e-03 0.00000e+00 0.00000e+00 7.34621e-03
7.21436e+00 1.60854e-05 -7.96278e-07 1.53356e-03 0.00000e+00 0.00000e+00 7.32386e-03
7.22168e+00 1.66973e-05 -7.87014e-07 1.52891e-03 0.00000e+00 0.00000e+00 7.30160e-03
7.22900e+00 1.72578e-05 -7.76632e-07 1.52428e-03 0.00000e+00 0.00000e+00 7.27943e-03
7.23633e+00 1.77727e-05 -7.64851e-07 1.51966e-03 0.00000e+00 0.00000e+00 7.25735e-03
7.24365e+00 1.82361e-05 -7.52067e-07 1.51507e-03 0.00000e+00 0.00000e+00 7.23536e-03
7.25098e+00 1.86539e-05 -7.38002e-07 1.51050e-03 0.00000e+00 0.00000e+00 7.21345e-03
7.25830e+00 1.90206e-05 -7.23051e-07 1.50595e-03 0.00000e+00 0.00000e+00 7.19164e-03
7.26562e+00 1.93420e-05 -7.06939e-07 1.50141e-03 0.00000e+00 0.00000e+00 7.16991e-03
7.27295e+00 1.96130e-05 -6.90058e-07 1.49690e-03 0.00000e+00 0.00000e+00 7.14827e-03
7.28027e+00 1.98396e-05 -6.72139e-07 1.49240e-03 0.00000e+00 0.00000e+00 7.12672e-03
7.28760e+00 2.00167e-05 -6.53569e-07 1.48793e-03 0.00000e+00 0.00000e+00 7.10525e-03
7.29492e+00 2.01505e-05 -6.34082e-07 1.48347e-03 0.00000e+00 0.00000e+00 7.08387e-03
7.30225e+00 2.02363e-05 -6.14062e-07 1.47903e-03 0.00000e+00 0.00000e+00 7.06258e-03
7.30957e+00 2.02804e-05 -5.93246e-07 1.47461e-03 0.00000e+00 0.00000e+00 7.04137e-03
7.31689e+00 2.02781e-05 -5.72014e-07 1.47021e-03 0.00000e+00 0.00000e+00 7.02025e-03
7.32422e+00 2.02358e-05 -5.50105e-07 1.46582e-03 0.00000e+00 0.00000e+00 6.99921e-03
7.33154e+00 2.01491e-05 -5.27893e-07 1.46146e-03 0.00000e+00 0.00000e+00 6.97825e-03
7.33887e+00 2.00246e-05 -5.05121e-07 1.45711e-03 0.00000e+00 0.00000e+00 6.95738e-03
7.34619e+00 1.98580e-05 -4.82158e-07 1.45278e-03 0.00000e+00 0.00000e+00 6.93659e-03
7.35352e+00 1.96558e-05 -4.58747e-07 1.44846e-03 0.00000e+00 0.00000e+00 6.91588e-03
7.36084e+00 1.94140e-05 -4.35253e-07 1.44417e-03 0.00000e+00 0.00000e+00 6.89526e-03
7.36816e+00 1.91391e-05 -4.11421e-07 1.43989e-03 0.00000e+00 0.00000e+00 6.87472e-03
7.37549e+00 1.88273e-05 -3.87609e-07 1.43563e-03 0.00000e+00 0.00000e+00 6.85426e-03
7.38281e+00 1.84853e-05 -3.63562e-07 1.43138e-03 0.00000e+00 0.00000e+00 6.83388e-03
7.39014e+00 1.81091e-05 -3.39635e-07 1.42715e-03 0.00000e+00 0.00000e+00 6.81358e-03
7.39746e+00 1.77055e-05 -3.15572e-07 1.42294e-03 0.00000e+00 0.00000e+00 6.79336e-03
7.40479e+00 1.72708e-05 -2.91721e-07 1.41875e-03 0.00000e+00 0.00000e+00 6.77322e-03
7.41211e+00 1.68118e-05 -2.67829e-07 1.41457e-03 0.00000e+00 0.00000e+00 6.75316e-03
7.41943e+00 1.63247e-05 -2.44237e-07 1.41041e-03 0.00000e+00 0.00000e+00 6.73318e-03
7.42676e+00 1.58164e-05 -2.20690e-07 1.40626e-03 0.00000e+00 0.00000e+00 6.71328e-03
7.43408e+00 1.52832e-05 -1.97524e-07 1.40213e-03 0.00000e+00 0.00000e+00 6.69346e-03
7.44141e+00 1.47319e-05 -1.74485e-07 1.39802e-03 0.00000e+00 0.00000e+00 6.67371e-03
7.44873e+00 1.41591e-05 -1.51902e-07 1.39392e-03 0.00000e+00 0.00000e+00 6.65405e-03
7.45605e+00 1.35713e-05 -1.29521e-07 1.38984e-03 0.00000e+00 0.00000e+00 6.63446e-03
7.46338e+00 1.29652e-05 -1.07663e-07 1.38578e-03 0.00000e+00 0.00000e+00 6.61494e-03
7.47070e+00 1.23474e-05 -8.60748e-08 1.38173e-03 0.00000e+00 0.00000e+00 6.59551e-03
7.47803e+00 1.17145e-05 -6.50720e-08 1.37769e-03 0.00000e+00 0.00000e+00 6.57615e-03
7.48535e+00 1.10731e-05 -4.43991e-08 1.37367e-03 0.00000e+00 0.00000e+00 6.55686e-03
7.49268e+00 1.04199e-05 -2.43661e-08 1.36967e-03 0.00000e+00 0.00000e+00 6.53765e-03
7.50000e+00 9.76121e-06 -4.71692e-09 1.36568e-03 0.00000e+00 0.00000e+00 6.51852e-03
7.50732e+00 9.09384e-06 1.42449e-08 1.36170e-03 0.00000e+00 0.00000e+00 6.49946e-03
7.51465e+00 8.42419e-06 3.27763e-08 1.35774e-03 0.00000e+00 0.00000e+00 6.48047e-03
7.52197e+00 7.74887e-06 5.05798e-08 1.35380e-03 0.00000e+00 0.00000e+00 6.46156e-03
7.52930e+00 7.07426e-06 6.79129e-08 1.34987e-03 0.00000e+00 0.00000e+00 6.44272e-03
7.53662e+00 6.39694e-06 8.44846e-08 1.34596e-03 0.00000e+00 0.00000e+00 6.42396e-03
7.54395e+00 5.72319e-06 1.00553e-07 1.34206e-03 0.00000e+00 0.00000e+00 6.40526e-03
7.55127e+00 5.04958e-06 1.15833e-07 1.33817e-03 0.00000e+00 0.00000e+00 6.38665e-03
7.55859e+00 4.38227e-06 1.30584e-07 1.33430e-03 0.00000e+00 0.00000e+00 6.36810e-03
7.56592e+00 3.71781e-06 1.44526e-07 1.33044e-03 0.00000e+00 0.00000e+00 6.34962e-03
7.57324e+00 3.06223e-06 1.57919e-07 1.32660e-03 0.00000e+00 0.00000e+00 6.33122e-03
7.58057e+00 2.41203e-06 1.70490e-07 1.32277e-03 0.00000e+00 0.00000e+00 6.31288e-03
7.58789e+00 1.77313e-06 1.82498e-07 1.31895e-03 0.00000e+00 0.00000e+00 6.29462e-03
7.59521e+00 1.14199e-06 1.93677e-07 1.31515e-03 0.00000e+00 0.00000e+00 6.27643e-03
7.60254e+00 5.24383e-07 2.04286e-07 1.31137e-03 0.00000e+00 0.00000e+00 6.25830e-03
7.60986e+00 -8.32831e-08 2.14063e-07 1.30759e-03 0.00000e+00 0.00000e+00 6.24025e-03
7.61719e+00 -6.75358e-07 2.23269e-07 1.30383e-03 0.00000e+00 0.00000e+00 6.22227e-03
7.62451e+00 -1.25551e-06 2.31647e-07 1.30009e-03 0.00000e+00 0.00000e+00 6.20435e-03
7.63184e+00 -1.81821e-06 2.39458e-07 1.29636e-03 0.00000e+00 0.00000e+00 6.18651e-03
7.63916e+00 -2.36720e-06 2.46451e-07 1.29264e-03 0.00000e+00 0.00000e+00 6.16873e-03
7.64648e+00 -2.89711e-06 2.52885e-07 1.28893e-03 0.00000e+00 0.00000e+00 6.15102e-03
7.65381e+00 -3.41172e-06 2.58514e-07 1.28524e-03 0.00000e+00 0.00000e+00 6.13338e-03
7.66113e+00 -3.90581e-06 2.63599e-07 1.28157e-03 0.00000e+00 0.00000e+00 6.11581e-03
7.66846e+00 -4.38324e-06 2.67898e-07 1.27790e-03 0.00000e+00 0.00000e+00 6.09830e-03
7.67578e+00 -4.83892e-06 2.71671e-07 1.27425e-03 0.00000e+00 0.00000e+00 6.08086e-03
7.68311e+00 -5.27680e-06 2.74680e-07 1.27061e-03 0.00000e+00 0.00000e+00 6.06349e-03
7.69043e+00 -5.69192e-06 2.77185e-07 1.26699e-03 0.00000e+00 0.00000e+00 6.04618e-03
7.69775e+00 -6.08830e-06 2.78953e-07 1.26338e-03 0.00000e+00 0.00000e+00 6.02894e-03
7.70508e+00 -6.46114e-06 2.80242e-07 1.25978e-03 0.00000e+00 0.00000e+00 6.01176e-03
7.71240e+00 -6.81451e-06 2.80825e-07 1.25619e-03 0.00000e+00 0.00000e+00 5.99465e-03
7.71973e+00 -7.14375e-06 2.80957e-07 1.25262e-03 0.00000e+00 0.00000e+00 5.97760e-03
7.72705e+00 -7.45302e-06 2.80414e-07 1.24906e-03 0.00000e+00 0.00000e+00 5.96062e-03
7.73438e+00 -7.73779e-06 2.79454e-07 1.24552e-03 0.00000e+00 0.00000e+00 5.94370e-03
7.74170e+00 -8.00227e-06 2.77854e-07 1.24198e-03 0.00000e+00 0.00000e+00 5.92685e-03
7.74902e+00 -8.24208e-06 2.75869e-07 1.23846e-03 0.00000e+00 0.00000e+00 5.91006e-03
7.75635e+00 -8.46151e-06 2.73283e-07 1.23495e-03 0.00000e+00 0.00000e+00 5.89333e-03
7.76367e+00 -8.65628e-06 2.70348e-07 1.23146e-03 0.00000e+00 0.00000e+00 5.87667e-03
7.77100e+00 -8.83075e-06 2.66849e-07 1.22798e-03 0.00000e+00 0.00000e+00 5.86007e-03
7.77832e+00 -8.98077e-06 2.63040e-07 1.22451e-03 0.00000e+00 0.00000e+00 5.84353e-03
7.78564e+00 -9.11076e-06 2.58708e-07 1.22105e-03 0.00000e+00 0.00000e+00 5.82705e-03
7.79297e+00 -9.21669e-06 2.54103e-07 1.21761e-03 0.00000e+00 0.00000e+00 5.81064e-03
7.80029e+00 -9.30303e-06 2.49017e-07 1.21418e-03 0.00000e+00 0.00000e+00 5.79429e-03
7.80762e+00 -9.36586e-06 2.43697e-07 1.21076e-03 0.00000e+00 0.00000e+00 5.77800e-03
7.81494e+00 -9.40969e-06 2.37937e-07 1.20735e-03 0.00000e+00 0.00000e+00 5.76176e-03
7.82227e+00 -9.43073e-06 2.31984e-07 1.20396e-03 0.00000e+00 0.00000e+00 5.74560e-03
7.82959e+00 -9.43351e-06 2.25634e-07 1.20057e-03 0.00000e+00 0.00000e+00 5.72949e-03
7.83691e+00 -9.41435e-06 2.19129e-07 1.19720e-03 0.00000e+00 0.00000e+00 5.71344e-03
7.84424e+00 -9.37783e-06 2.12270e-07 1.19385e-03 0.00000e+00 0.00000e+00 5.69745e-03
7.85156e+00 -9.32034e-06 2.05295e-07 1.19050e-03 0.00000e+00 0.00000e+00 5.68152e-03
7.85889e+00 -9.24649e-06 1.98008e-07 1.18717e-03 0.00000e+00 0.00000e+00 5.66565e-03
7.86621e+00 -9.15277e-06 1.90644e-07 1.18385e-03 0.00000e+00 0.00000e+00 5.64984e-03
7.87354e+00 -9.04381e-06 1.83008e-07 1.18054e-03 0.00000e+00 0.00000e+00 5.63408e-03
7.88086e+00 -8.91618e-06 1.75335e-07 1.17724e-03 0.00000e+00 0.00000e+00 5.61839e-03
7.88818e+00 -8.77452e-06 1.67429e-07 1.17396e-03 0.00000e+00 0.00000e+00 5.60276e-03
7.89551e+00 -8.61547e-06 1.59524e-07 1.17069e-03 0.00000e+00 0.00000e+00 5.58718e-03
7.90283e+00 -8.44369e-06 1.51424e-07 1.16743e-03 0.00000e+00 0.00000e+00 5.57166e-03
7.91016e+00 -8.25588e-06 1.43360e-07 1.16418e-03 0.00000e+00 0.00000e+00 5.55620e-03
7.91748e+00 -8.05670e-06 1.35139e-07 1.16094e-03 0.00000e+00 0.00000e+00 5.54079e-03
7.92480e+00 -7.84291e-06 1.26989e-07 1.15772e-03 0.00000e+00 0.00000e+00 5.52544e-03
7.93213e+00 -7.61915e-06 1.18717e-07 1.15451e-03 0.00000e+00 0.00000e+00 5.51015e-03
7.93945e+00 -7.38225e-06 1.10549e-07 1.15131e-03 0.00000e+00 0.00000e+00 5.49491e-03
7.94678e+00 -7.13684e-06 1.02293e-07 1.14812e-03 0.00000e+00 0.00000e+00 5.47974e-03
7.95410e+00 -6.87977e-06 9.41713e-08 1.14494e-03 0.00000e+00 0.00000e+00 5.46461e-03
7.96143e+00 -6.61567e-06 8.59939e-08 1.14178e-03 0.00000e+00 0.00000e+00 5.44954e-03
7.96875e+00 -6.34144e-06 7.79792e-08 1.13862e-03 0.00000e+00 0.00000e+00 5.43453e-03
7.97607e+00 -6.06165e-06 6.99388e-08 1.13548e-03 0.00000e+00 0.00000e+00 5.41957e-03
7.98340e+00 -5.77324e-06 6.20877e-08 1.13235e-03 0.00000e+00 0.00000e+00 5.40467e-03
7.99072e+00 -5.48077e-06 5.42385e-08 1.12923e-03 0.00000e+00 0.00000e+00 5.38982e-03
7.99805e+00 -5.18118e-06 4.66030e-08 1.12613e-03 0.00000e+00 0.00000e+00 5.37503e-03
8.00537e+00 -4.87900e-06 3.89947e-08 1.12303e-03 0.00000e+00 0.00000e+00 5.36029e-03
8.01270e+00 -4.57120e-06 3.16223e-08 1.11995e-03 0.00000e+00 0.00000e+00 5.34560e-03
8.02002e+00 -4.26224e-06 2.43000e-08 1.11687e-03 0.00000e+00 0.00000e+00 5.33097e-03
8.02734e+00 -3.94912e-06 1.72334e-08 1.11381e-03 0.00000e+00 0.00000e+00 5.31639e-03
8.03467e+00 -3.63626e-06 1.02375e-08 1.11076e-03 0.00000e+00 0.00000e+00 5.30187e-03
8.04199e+00 -3.32064e-06 3.51469e-09 1.10772e-03 0.00000e+00 0.00000e+00 5.28739e-03
8.04932e+00 -3.00665e-06 -3.11934e-09 1.10470e-03 0.00000e+00 0.00000e+00 5.27297e-03
8.05664e+00 -2.69126e-06 -9.46515e-09 1.10168e-03 0.00000e+00 0.00000e+00 5.25861e-03
8.06396e+00 -2.37880e-06 -1.57064e-08 1.09867e-03 0.00000e+00 0.00000e+00 5.24429e-03
8.07129e+00 -2.06624e-06 -2.16468e-08 1.09568e-03 0.00000e+00 0.00000e+00 5.23003e-03
8.07861e+00 -1.75785e-06 -2.74694e-08 1.09270e-03 0.00000e+00 0.00000e+00 5.21582e-03
8.08594e+00 -1.45060e-06 -3.29807e-08 1.08972e-03 0.00000e+00 0.00000e+00 5.20166e-03
8.09326e+00 -1.14868e-06 -3.83631e-08 1.08676e-03 0.00000e+00 0.00000e+00 5.18755e-03
8.10059e+00 -8.49050e-07 -4.34262e-08 1.08381e-03 0.00000e+00 0.00000e+00 5.17349e-03
8.10791e+00 -5.55843e-07 -4.83518e-08 1.08087e-03 0.00000e+00 0.00000e+00 5.15948e-03
8.11523e+00 -2.66002e-07 -5.29523e-08 1.07794e-03 0.00000e+00 0.00000e+00 5.14552e-03
8.12256e+00 1.64177e-08 -5.74086e-08 1.07503e-03 0.00000e+00 0.00000e+00 5.13162e-03
8.12988e+00 2.94486e-07 -6.15364e-08 1.07212e-03 0.00000e+00 0.00000e+00 5.11776e-03
8.13721e+00 5.64221e-07 -6.55156e-08 1.06922e-03 0.00000e+00 0.00000e+00 5.10395e-03
8.14453e+00 8.28713e-07 -6.91647e-08 1.06634e-03 0.00000e+00 0.00000e+00 5.09019e-03
8.15186e+00 1.08405e-06 -7.26629e-08 1.06346e-03 0.00000e+00 0.00000e+00 5.07649e-03
8.15918e+00 1.33335e-06 -7.58315e-08 1.06060e-03 0.00000e+00 0.00000e+00 5.06283e-03
8.16650e+00 1.57278e-06 -7.88489e-08 1.05774e-03 0.00000e+00 0.00000e+00 5.04922e-03
8.17383e+00 1.80547e-06 -8.15389e-08 1.05490e-03 0.00000e+00 0.00000e+00 5.03566e-03
8.18115e+00 2.02766e-06 -8.40791e-08 1.05207e-03 0.00000e+00 0.00000e+00 5.02215e-03
8.18848e+00 2.24252e-06 -8.62962e-08 1.04924e-03 0.00000e+00 0.00000e+00 5.00868e-03
8.19580e+00 2.44635e-06 -8.83666e-08 1.04643e-03 0.00000e+00 0.00000e+00 4.99526e-03
8.20312e+00 2.64235e-06 -9.01196e-08 1.04363e-03 0.00000e+00 0.00000e+00 4.98190e-03
8.21045e+00 2.82691e-06 -9.17307e-08 1.04084e-03 0.00000e+00 0.00000e+00 4.96858e-03
8.21777e+00 3.00323e-06 -9.30316e-08 1.03806e-03 0.00000e+00 0.00000e+00 4.95530e-03
8.22510e+00 3.16778e-06 -9.41969e-08 1.03528e-03 0.00000e+00 0.00000e+00 4.94208e-03
8.23242e+00 3.32380e-06 -9.50606e-08 1.03252e-03 0.00000e+00 0.00000e+00 4.92890e-03
8.23975e+00 3.46783e-06 -9.57962e-08 1.02977e-03 0.00000e+00 0.00000e+00 4.91577e-03
8.24707e+00 3.60312e-06 -9.62400e-08 1.02703e-03 0.00000e+00 0.00000e+00 4.90268e-03
8.25439e+00 3.72629e-06 -9.65646e-08 1.02430e-03 0.00000e+00 0.00000e+00 4.88964e-03
8.26172e+00 3.84062e-06 -9.66082e-08 1.02158e-03 0.00000e+00 0.00000e+00 4.87665e-03
8.26904e+00 3.94278e-06 -9.65424e-08 1.01886e-03 0.00000e+00 0.00000e+00 4.86370e-03
8.27637e+00 4.03609e-06 -9.62076e-08 1.01616e-03 0.00000e+00 0.00000e+00 4.85080e-03
8.28369e+00 4.11729e-06 -9.57740e-08 1.01347e-03 0.00000e+00 0.00000e+00 4.83795e-03
8.29102e+00 4.18969e-06 -9.50840e-08 1.01079e-03 0.00000e+00 0.00000e+00 4.82514e-03
8.29834e+00 4.25013e-06 -9.43068e-08 1.00811e-03 0.00000e+00 0.00000e+00 4.81237e-03
8.30566e+00 4.30193e-06 -9.32866e-08 1.00545e-03 0.00000e+00 0.00000e+00 4.79965e-03
8.31299e+00 4.34198e-06 -9.21911e-08 1.00280e-03 0.00000e+00 0.00000e+00 4.78698e-03
8.32031e+00 4.37363e-06 -9.08667e-08 1.00015e-03 0.00000e+00 0.00000e+00 4.77434e-03
8.32764e+00 4.39381e-06 -8.94796e-08 9.97515e-04 0.00000e+00 0.00000e+00 4.76176e-03
8.33496e+00 4.40590e-06 -8.78779e-08 9.94890e-04 0.00000e+00 0.00000e+00 4.74922e-03
8.34229e+00 4.40689e-06 -8.62264e-08 9.92273e-04 0.00000e+00 0.00000e+00 4.73672e-03
8.34961e+00 4.40016e-06 -8.43749e-08 9.89666e-04 0.00000e+00 0.00000e+00 4.72426e-03
8.35693e+00 4.38276e-06 -8.24868e-08 9.87068e-04 0.00000e+00 0.00000e+00 4.71185e-03
8.36426e+00 4.35807e-06 -8.04136e-08 9.84479e-04 0.00000e+00 0.00000e+00 4.69949e-03
8.37158e+00 4.32319e-06 -7.83170e-08 9.81900e-04 0.00000e+00 0.00000e+00 4.68716e-03
8.37891e+00 4.28151e-06 -7.60500e-08 9.79330e-04 0.00000e+00 0.00000e+00 4.67488e-03
8.38623e+00 4.23018e-06 -7.37731e-08 9.76768e-04 0.00000e+00 0.00000e+00 4.66264e-03
8.39355e+00 4.17259e-06 -7.13405e-08 9.74216e-04 0.00000e+00 0.00000e+00 4.65045e-03
8.40088e+00 4.10593e-06 -6.89111e-08 9.71672e-04 0.00000e+00 0.00000e+00 4.63830e-03
8.40820e+00 4.03358e-06 -6.63406e-08 9.69138e-04 0.00000e+00 0.00000e+00 4.62619e-03
8.41553e+00 3.95279e-06 -6.37864e-08 9.66612e-04 0.00000e+00 0.00000e+00 4.61412e-03
8.42285e+00 3.86692e-06 -6.11054e-08 9.64096e-04 0.00000e+00 0.00000e+00 4.60209e-03
8.43018e+00 3.77325e-06 -5.84533e-08 9.61588e-04 0.00000e+00 0.00000e+00 4.59011e-03
8.43750e+00 3.67516e-06 -5.56883e-08 9.59088e-04 0.00000e+00 0.00000e+00 4.57816e-03
8.44482e+00 3.56994e-06 -5.29646e-08 9.56598e-04 0.00000e+00 0.00000e+00 4.56626e-03
8.45215e+00 3.46095e-06 -5.01415e-08 9.54116e-04 0.00000e+00 0.00000e+00 4.55440e-03
8.45947e+00 3.34554e-06 -4.73715e-08 9.51643e-04 0.00000e+00 0.00000e+00 4.54258e-03
8.46680e+00 3.22704e-06 -4.45151e-08 9.49178e-04 0.00000e+00 0.00000e+00 4.53080e-03
8.47412e+00 3.10282e-06 -4.17230e-08 9.46722e-04 0.00000e+00 0.00000e+00 4.51907e-03
8.48145e+00 2.97620e-06 -3.88570e-08 9.44274e-04 0.00000e+00 0.00000e+00 4.50737e-03
8.48877e+00 2.84457e-06 -3.60660e-08 9.41835e-04 0.00000e+00 0.00000e+00 4.49571e-03
8.49609e+00 2.71124e-06 -3.32129e-08 9.39404e-04 0.00000e+00 0.00000e+00 4.48410e-03
8.50342e+00 2.57360e-06 -3.04447e-08 9.36981e-04 0.00000e+00 0.00000e+00 4.47252e-03
8.51074e+00 2.43494e-06 -2.76255e-08 9.34567e-04 0.00000e+00 0.00000e+00 4.46098e-03
8.51807e+00 2.29269e-06 -2.49006e-08 9.32161e-04 0.00000e+00 0.00000e+00 4.44948e-03
8.52539e+00 2.15010e-06 -2.21350e-08 9.29764e-04 0.00000e+00 0.00000e+00 4.43803e-03
8.53271e+00 2.00460e-06 -1.94723e-08 9.27374e-04 0.00000e+00 0.00000e+00 4.42661e-03
8.54004e+00 1.85943e-06 -1.67785e-08 9.24993e-04 0.00000e+00 0.00000e+00 4.41523e-03
8.54736e+00 1.71204e-06 -1.41953e-08 9.22620e-04 0.00000e+00 0.00000e+00 4.40389e-03
8.55469e+00 1.56561e-06 -1.15899e-08 9.20254e-04 0.00000e+00 0.00000e+00 4.39259e-03
8.56201e+00 1.41761e-06 -9.10209e-09 9.17897e-04 0.00000e+00 0.00000e+00 4.38132e-03
8.56934e+00 1.27121e-06 -6.59999e-09 9.15548e-04 0.00000e+00 0.00000e+00 4.37010e-03
8.57666e+00 1.12386e-06 -4.22181e-09 9.13207e-04 0.00000e+00 0.00000e+00 4.35891e-03
8.58398e+00 9.78693e-07 -1.83642e-09 9.10874e-04 0.00000e+00 0.00000e+00 4.34776e-03
8.59131e+00 8.33182e-07 4.19638e-10 9.08548e-04 0.00000e+00 0.00000e+00 4.33665e-03
8.59863e+00 6.90417e-07 2.67658e-09 9.06231e-04 0.00000e+00 0.00000e+00 4.32558e-03
8.60596e+00 5.47872e-07 4.79962e-09 9.03921e-04 0.00000e+00 0.00000e+00 4.31455e-03
8.61328e+00 4.08599e-07 6.91805e-09 9.01619e-04 0.00000e+00 0.00000e+00 4.30355e-03
8.62061e+00 2.70071e-07 8.89880e-09 8.99325e-04 0.00000e+00 0.00000e+00 4.29259e-03
8.62793e+00 1.35305e-07 1.08703e-08 8.97039e-04 0.00000e+00 0.00000e+00 4.28167e-03
8.63525e+00 1.77245e-09 1.27011e-08 8.94760e-04 0.00000e+00 0.00000e+00 4.27078e-03
8.64258e+00 -1.27552e-07 1.45188e-08 8.92489e-04 0.00000e+00 0.00000e+00 4.25993e-03
8.64990e+00 -2.55198e-07 1.61936e-08 8.90226e-04 0.00000e+00 0.00000e+00 4.24912e-03
8.65723e+00 -3.78230e-07 1.78522e-08 8.87970e-04 0.00000e+00 0.00000e+00 4.23835e-03
8.66455e+00 -4.99182e-07 1.93665e-08 8.85721e-04 0.00000e+00 0.00000e+00 4.22761e-03
8.67188e+00 -6.15161e-07 2.08622e-08 8.83480e-04 0.00000e+00 0.00000e+00 4.21690e-03
8.67920e+00 -7.28703e-07 2.22130e-08 8.81247e-04 0.00000e+00 0.00000e+00 4.20624e-03
8.68652e+00 -8.36958e-07 2.35436e-08 8.79021e-04 0.00000e+00 0.00000e+00 4.19561e-03
8.69385e+00 -9.42465e-07 2.47293e-08 8.76803e-04 0.00000e+00 0.00000e+00 4.18501e-03
8.70117e+00 -1.04242e-06 2.58939e-08 8.74591e-04 0.00000e+00 0.00000e+00 4.17445e-03
8.70850e+00 -1.13936e-06 2.69142e-08 8.72388e-04 0.00000e+00 0.00000e+00 4.16393e-03
8.71582e+00 -1.23052e-06 2.79133e-08 8.70191e-04 0.00000e+00 0.00000e+00 4.15344e-03
8.72314e+00 -1.31846e-06 2.87693e-08 8.68002e-04 0.00000e+00 0.00000e+00 4.14299e-03
8.73047e+00 -1.40044e-06 2.96045e-08 8.65820e-04 0.00000e+00 0.00000e+00 4.13257e-03
8.73779e+00 -1.47903e-06 3.02985e-08 8.63645e-04 0.00000e+00 0.00000e+00 4.12218e-03
8.74512e+00 -1.55153e-06 3.09727e-08 8.61478e-04 0.00000e+00 0.00000e+00 4.11184e-03
8.75244e+00 -1.62052e-06 3.15082e-08 8.59317e-04 0.00000e+00 0.00000e+00 4.10152e-03
8.75977e+00 -1.68334e-06 3.20254e-08 8.57164e-04 0.00000e+00 0.00000e+00 4.09124e-03
8.76709e+00 -1.74256e-06 3.24067e-08 8.55018e-04 0.00000e+00 0.00000e+00 4.08100e-03
8.77441e+00 -1.79557e-06 3.27718e-08 8.52879e-04 0.00000e+00 0.00000e+00 4.07079e-03
8.78174e+00 -1.84495e-06 3.30044e-08 8.50747e-04 0.00000e+00 0.00000e+00 4.06061e-03
8.78906e+00 -1.88814e-06 3.32232e-08 8.48622e-04 0.00000e+00 0.00000e+00 4.05047e-03
8.79639e+00 -1.92769e-06 3.33134e-08 8.46504e-04 0.00000e+00 0.00000e+00 4.04036e-03
8.80371e+00 -1.96109e-06 3.33925e-08 8.44393e-04 0.00000e+00 0.00000e+00 4.03028e-03
8.81104e+00 -1.99091e-06 3.33472e-08 8.42289e-04 0.00000e+00 0.00000e+00 4.02024e-03
8.81836e+00 -2.01465e-06 3.32941e-08 8.40192e-04 0.00000e+00 0.00000e+00 4.01023e-03
8.82568e+00 -2.03490e-06 3.31210e-08 8.38102e-04 0.00000e+00 0.00000e+00 4.00025e-03
8.83301e+00 -2.04920e-06 3.29436e-08 8.36019e-04 0.00000e+00 0.00000e+00 3.99031e-03
8.84033e+00 -2.06012e-06 3.26509e-08 8.33942e-04 0.00000e+00 0.00000e+00 3.98040e-03
8.84766e+00 -2.06524e-06 3.23576e-08 8.31873e-04 0.00000e+00 0.00000e+00 3.97053e-03
8.85498e+00 -2.06715e-06 3.19541e-08 8.29810e-04 0.00000e+00 0.00000e+00 3.96068e-03
8.86230e+00 -2.06344e-06 3.15539e-08 8.27754e-04 0.00000e+00 0.00000e+00 3.95087e-03
8.86963e+00 -2.05669e-06 3.10486e-08 8.25704e-04 0.00000e+00 0.00000e+00 3.94109e-03
8.87695e+00 -2.04455e-06 3.05508e-08 8.23662e-04 0.00000e+00 0.00000e+00 3.93134e-03
8.88428e+00 -2.02958e-06 2.99530e-08 8.21626e-04 0.00000e+00 0.00000e+00 3.92163e-03
8.89160e+00 -2.00946e-06 2.93669e-08 8.19597e-04 0.00000e+00 0.00000e+00 3.91194e-03
8.89893e+00 -1.98674e-06 2.86863e-08 8.17574e-04 0.00000e+00 0.00000e+00 3.90229e-03
8.90625e+00 -1.95914e-06 2.80216e-08 8.15558e-04 0.00000e+00 0.00000e+00 3.89267e-03
8.91357e+00 -1.92920e-06 2.72678e-08 8.13548e-04 0.00000e+00 0.00000e+00 3.88309e-03
8.92090e+00 -1.89465e-06 2.65342e-08 8.11545e-04 0.00000e+00 0.00000e+00 3.87353e-03
8.92822e+00 -1.85804e-06 2.57169e-08 8.09549e-04 0.00000e+00 0.00000e+00 3.86400e-03
8.93555e+00 -1.81712e-06 2.49241e-08 8.07559e-04 0.00000e+00 0.00000e+00 3.85451e-03
8.94287e+00 -1.77444e-06 2.40529e-08 8.05576e-04 0.00000e+00 0.00000e+00 3.84505e-03
8.95020e+00 -1.72775e-06 2.32106e-08 8.03599e-04 0.00000e+00 0.00000e+00 3.83562e-03
8.95752e+00 -1.67961e-06 2.22950e-08 8.01628e-04 0.00000e+00 0.00000e+00 3.82622e-03
8.96484e+00 -1.62779e-06 2.14126e-08 7.99664e-04 0.00000e+00 0.00000e+00 3.81684e-03
8.97217e+00 -1.57482e-06 2.04621e-08 7.97706e-04 0.00000e+00 0.00000e+00 3.80751e-03
8.97949e+00 -1.51850e-06 1.95487e-08 7.95755e-04 0.00000e+00 0.00000e+00 3.79820e-03
8.98682e+00 -1.46135e-06 1.85723e-08 7.93810e-04 0.00000e+00 0.00000e+00 3.78892e-03
8.99414e+00 -1.40120e-06 1.76371e-08 7.91872e-04 0.00000e+00 0.00000e+00 3.77967e-03
9.00146e+00 -1.34053e-06 1.66436e-08 7.89939e-04 0.00000e+00 0.00000e+00 3.77045e-03
9.00879e+00 -1.27719e-06 1.56950e-08 7.88013e-04 0.00000e+00 0.00000e+00 3.76126e-03
9.01611e+00 -1.21365e-06 1.46930e-08 7.86093e-04 0.00000e+00 0.00000e+00 3.75210e-03
9.02344e+00 -1.14778e-06 1.37394e-08 7.84180e-04 0.00000e+00 0.00000e+00 3.74297e-03
9.03076e+00 -1.08204e-06 1.27367e-08 7.82272e-04 0.00000e+00 0.00000e+00 3.73387e-03
9.03809e+00 -1.01429e-06 1.17859e-08 7.80371e-04 0.00000e+00 0.00000e+00 3.72480e-03
9.04541e+00 -9.46974e-07 1.07903e-08 7.78476e-04 0.00000e+00 0.00000e+00 3.71576e-03
9.05273e+00 -8.77982e-07 9.84969e-09 7.76587e-04 0.00000e+00 0.00000e+00 3.70675e-03
9.06006e+00 -8.09733e-07 8.86826e-09 7.74704e-04 0.00000e+00 0.00000e+00 3.69777e-03
9.06738e+00 -7.40120e-07 7.94468e-09 7.72827e-04 0.00000e+00 0.00000e+00 3.68881e-03
9.07471e+00 -6.71544e-07 6.98404e-09 7.70957e-04 0.00000e+00 0.00000e+00 3.67989e-03
9.08203e+00 -6.01911e-07 6.08389e-09 7.69092e-04 0.00000e+00 0.00000e+00 3.67099e-03
9.08936e+00 -5.33597e-07 5.15015e-09 7.67233e-04 0.00000e+00 0.00000e+00 3.66213e-03
9.09668e+00 -4.64517e-07 4.27927e-09 7.65381e-04 0.00000e+00 0.00000e+00 3.65329e-03
9.10400e+00 -3.97028e-07 3.37797e-09 7.63534e-04 0.00000e+00 0.00000e+00 3.64448e-03
9.11133e+00 -3.29048e-07 2.54164e-09 7.61693e-04 0.00000e+00 0.00000e+00 3.63570e-03
9.11865e+00 -2.62912e-07 1.67779e-09 7.59859e-04 0.00000e+00 0.00000e+00 3.62694e-03
9.12598e+00 -1.96546e-07 8.80738e-10 7.58030e-04 0.00000e+00 0.00000e+00 3.61822e-03
9.13330e+00 -1.32261e-07 5.87700e-11 7.56207e-04 0.00000e+00 0.00000e+00 3.60952e-03
9.14062e+00 -6.79885e-08 -6.94854e-10 7.54390e-04 0.00000e+00 0.00000e+00 3.60085e-03
9.14795e+00 -6.01500e-09 -1.47107e-09 7.52578e-04 0.00000e+00 0.00000e+00 3.59221e-03
9.15527e+00 5.57231e-08 -2.17768e-09 7.50773e-04 0.00000e+00 0.00000e+00 3.58359e-03
9.16260e+00 1.14963e-07 -2.90485e-09 7.48973e-04 0.00000e+00 0.00000e+00 3.57501e-03
9.16992e+00 1.73765e-07 -3.56142e-09 7.47179e-04 0.00000e+00 0.00000e+00 3.56645e-03
9.17725e+00 2.29890e-07 -4.23680e-09 7.45391e-04 0.00000e+00 0.00000e+00 3.55791e-03
9.18457e+00 2.85395e-07 -4.84086e-09 7.43609e-04 0.00000e+00 0.00000e+00 3.54941e-03
9.19189e+00 3.38066e-07 -5.46227e-09 7.41832e-04 0.00000e+00 0.00000e+00 3.54093e-03
9.19922e+00 3.89955e-07 -6.01190e-09 7.40061e-04 0.00000e+00 0.00000e+00 3.53248e-03
9.20654e+00 4.38875e-07 -6.57767e-09 7.38296e-04 0.00000e+00 0.00000e+00 3.52406e-03
9.21387e+00 4.86875e-07 -7.07148e-09 7.36536e-04 0.00000e+00 0.00000e+00 3.51566e-03
9.22119e+00 5.31792e-07 -7.58049e-09 7.34782e-04 0.00000e+00 0.00000e+00 3.50729e-03
9.22852e+00 5.75671e-07 -8.01759e-09 7.33033e-04 0.00000e+00 0.00000e+00 3.49895e-03
9.23584e+00 6.16375e-07 -8.46921e-09 7.31290e-04 0.00000e+00 0.00000e+00 3.49063e-03
9.24316e+00 6.55947e-07 -8.84920e-09 7.29553e-04 0.00000e+00 0.00000e+00 3.48234e-03
9.25049e+00 6.92274e-07 -9.24327e-09 7.27821e-04 0.00000e+00 0.00000e+00 3.47407e-03
9.25781e+00 7.27395e-07 -9.56622e-09 7.26094e-04 0.00000e+00 0.00000e+00 3.46583e-03
9.26514e+00 7.59222e-07 -9.90304e-09 7.24374e-04 0.00000e+00 0.00000e+00 3.45762e-03
9.27246e+00 7.89792e-07 -1.01695e-08 7.22658e-04 0.00000e+00 0.00000e+00 3.44943e-03
9.27979e+00 8.17041e-07 -1.04497e-08 7.20948e-04 0.00000e+00 0.00000e+00 3.44127e-03
9.28711e+00 8.43002e-07 -1.06606e-08 7.19243e-04 0.00000e+00 0.00000e+00 3.43314e-03
9.29443e+00 8.65633e-07 -1.08854e-08 7.17544e-04 0.00000e+00 0.00000e+00 3.42503e-03
9.30176e+00 8.86968e-07 -1.10419e-08 7.15850e-04 0.00000e+00 0.00000e+00 3.41694e-03
9.30908e+00 9.04985e-07 -1.12129e-08 7.14162e-04 0.00000e+00 0.00000e+00 3.40888e-03
9.31641e+00 9.21714e-07 -1.13167e-08 7.12479e-04 0.00000e+00 0.00000e+00 3.40085e-03
9.32373e+00 9.35157e-07 -1.14355e-08 7.10801e-04 0.00000e+00 0.00000e+00 3.39284e-03
9.33105e+00 9.47339e-07 -1.14887e-08 7.09128e-04 0.00000e+00 0.00000e+00 3.38486e-03
9.33838e+00 9.56284e-07 -1.15575e-08 7.07461e-04 0.00000e+00 0.00000e+00 3.37690e-03
9.34570e+00 9.64014e-07 -1.15622e-08 7.05799e-04 0.00000e+00 0.00000e+00 3.36897e-03
9.35303e+00 9.68573e-07 -1.15834e-08 7.04142e-04 0.00000e+00 0.00000e+00 3.36106e-03
9.36035e+00 9.71977e-07 -1.15421e-08 7.02491e-04 0.00000e+00 0.00000e+00 3.35317e-03
9.36768e+00 9.72292e-07 -1.15183e-08 7.00844e-04 0.00000e+00 0.00000e+00 3.34532e-03
9.37500e+00 9.71528e-07 -1.14338e-08 6.99203e-04 0.00000e+00 0.00000e+00 3.33748e-03
9.38232e+00 9.67771e-07 -1.13678e-08 6.97567e-04 0.00000e+00 0.00000e+00 3.32967e-03
9.38965e+00 9.63024e-07 -1.12430e-08 6.95936e-04 0.00000e+00 0.00000e+00 3.32189e-03
9.39697e+00 9.55393e-07 -1.11378e-08 6.94310e-04 0.00000e+00 0.00000e+00 3.31412e-03
9.40430e+00 9.46876e-07 -1.09757e-08 6.92689e-04 0.00000e+00 0.00000e+00 3.30639e-03
9.41162e+00 9.35593e-07 -1.08344e-08 6.91073e-04 0.00000e+00 0.00000e+00 3.29867e-03
9.41895e+00 9.23537e-07 -1.06382e-08 6.89463e-04 0.00000e+00 0.00000e+00 3.29098e-03
9.42627e+00 9.08847e-07 -1.04641e-08 6.87857e-04 0.00000e+00 0.00000e+00 3.28332e-03
9.43359e+00 8.93505e-07 -1.02371e-08 6.86256e-04 0.00000e+00 0.00000e+00 3.27568e-03
9.44092e+00 8.75668e-07 -1.00334e-08 6.84661e-04 0.00000e+00 0.00000e+00 3.26806e-03
9.44824e+00 8.57310e-07 -9.77889e-09 6.83070e-04 0.00000e+00 0.00000e+00 3.26047e-03
9.45557e+00 8.36603e-07 -9.54898e-09 6.81484e-04 0.00000e+00 0.00000e+00 3.25290e-03
9.46289e+00 8.15511e-07 -9.27034e-09 6.79903e-04 0.00000e+00 0.00000e+00 3.24535e-03
9.47021e+00 7.92223e-07 -9.01759e-09 6.78327e-04 0.00000e+00 0.00000e+00 3.23782e-03
9.47754e+00 7.68693e-07 -8.71815e-09 6.76756e-04 0.00000e+00 0.00000e+00 3.23032e-03
9.48486e+00 7.43121e-07 -8.44591e-09 6.75190e-04 0.00000e+00 0.00000e+00 3.22285e-03
9.49219e+00 7.17453e-07 -8.12901e-09 6.73628e-04 0.00000e+00 0.00000e+00 3.21539e-03
9.49951e+00 6.89903e-07 -7.84060e-09 6.72072e-04 0.00000e+00 0.00000e+00 3.20796e-03
9.50684e+00 6.62404e-07 -7.50952e-09 6.70520e-04 0.00000e+00 0.00000e+00 3.20055e-03
9.51416e+00 6.33184e-07 -7.20818e-09 6.68973e-04 0.00000e+00 0.00000e+00 3.19316e-03
9.52148e+00 6.04164e-07 -6.86614e-09 6.67431e-04 0.00000e+00 0.00000e+00 3.18580e-03
9.52881e+00 5.73582e-07 -6.55505e-09 6.65893e-04 0.00000e+00 0.00000e+00 3.17846e-03
9.53613e+00 5.43349e-07 -6.20516e-09 6.64360e-04 0.00000e+00 0.00000e+00 3.17114e-03
9.54346e+00 5.11713e-07 -5.88740e-09 6.62832e-04 0.00000e+00 0.00000e+00 3.16385e-03
9.55078e+00 4.80573e-07 -5.53268e-09 6.61309e-04 0.00000e+00 0.00000e+00 3.15657e-03
9.55811e+00 4.48187e-07 -5.21119e-09 6.59790e-04 0.00000e+00 0.00000e+00 3.14932e-03
9.56543e+00 4.16440e-07 -4.85452e-09 6.58276e-04 0.00000e+00 0.00000e+00 3.14209e-03
9.57275e+00 3.83601e-07 -4.53213e-09 6.56766e-04 0.00000e+00 0.00000e+00 3.13489e-03
9.58008e+00 3.51540e-07 -4.17625e-09 6.55262e-04 0.00000e+00 0.00000e+00 3.12770e-03
9.58740e+00 3.18535e-07 -3.85562e-09 6.53761e-04 0.00000e+00 0.00000e+00 3.12054e-03
9.59473e+00 2.86444e-07 -3.50311e-09 6.52266e-04 0.00000e+00 0.00000e+00 3.11340e-03
9.60205e+00 2.53551e-07 -3.18674e-09 6.50774e-04 0.00000e+00 0.00000e+00 3.10628e-03
9.60938e+00 2.21701e-07 -2.84002e-09 6.49288e-04 0.00000e+00 0.00000e+00 3.09918e-03
9.61670e+00 1.89185e-07 -2.53024e-09 6.47806e-04 0.00000e+00 0.00000e+00 3.09211e-03
9.62402e+00 1.57833e-07 -2.19155e-09 6.46328e-04 0.00000e+00 0.00000e+00 3.08505e-03
9.63135e+00 1.25945e-07 -1.89052e-09 6.44855e-04 0.00000e+00 0.00000e+00 3.07802e-03
9.63867e+00 9.53356e-08 -1.56190e-09 6.43387e-04 0.00000e+00 0.00000e+00 3.07101e-03
9.64600e+00 6.43106e-08 -1.27158e-09 6.41922e-04 0.00000e+00 0.00000e+00 3.06402e-03
9.65332e+00 3.46692e-08 -9.54916e-10 6.40463e-04 0.00000e+00 0.00000e+00 3.05705e-03
9.66064e+00 4.72501e-09 -6.77069e-10 6.39007e-04 0.00000e+00 0.00000e+00 3.05010e-03
9.66797e+00 -2.37387e-08 -3.74019e-10 6.37556e-04 0.00000e+00 0.00000e+00 3.04318e-03
9.67529e+00 -5.24023e-08 -1.10225e-10 6.36110e-04 0.00000e+00 0.00000e+00 3.03627e-03
9.68262e+00 -7.94979e-08 1.77736e-10 6.34668e-04 0.00000e+00 0.00000e+00 3.02938e-03
9.68994e+00 -1.06700e-07 4.26099e-10 6.33230e-04 0.00000e+00 0.00000e+00 3.02252e-03
9.69727e+00 -1.32256e-07 6.97695e-10 6.31797e-04 0.00000e+00 0.00000e+00 3.01568e-03
9.70459e+00 -1.57836e-07 9.29447e-10 6.30367e-04 0.00000e+00 0.00000e+00 3.00885e-03
9.71191e+00 -1.81701e-07 1.18360e-09 6.28943e-04 0.00000e+00 0.00000e+00 3.00205e-03
9.71924e+00 -2.05517e-07 1.39775e-09 6.27522e-04 0.00000e+00 0.00000e+00 2.99527e-03
9.72656e+00 -2.27562e-07 1.63356e-09 6.26106e-04 0.00000e+00 0.00000e+00 2.98851e-03
9.73389e+00 -2.49493e-07 1.82932e-09 6.24694e-04 0.00000e+00 0.00000e+00 2.98177e-03
9.74121e+00 -2.69606e-07 2.04611e-09 6.23286e-04 0.00000e+00 0.00000e+00 2.97505e-03
9.74854e+00 -2.89554e-07 2.22286e-09 6.21882e-04 0.00000e+00 0.00000e+00 2.96835e-03
9.75586e+00 -3.07647e-07 2.42010e-09 6.20483e-04 0.00000e+00 0.00000e+00 2.96167e-03
9.76318e+00 -3.25531e-07 2.57743e-09 6.19088e-04 0.00000e+00 0.00000e+00 2.95501e-03
9.77051e+00 -3.41534e-07 2.75479e-09 6.17696e-04 0.00000e+00 0.00000e+00 2.94837e-03
9.77783e+00 -3.57297e-07 2.89244e-09 6.16310e-04 0.00000e+00 0.00000e+00 2.94174e-03
9.78516e+00 -3.71161e-07 3.04975e-09 6.14927e-04 0.00000e+00 0.00000e+00 2.93514e-03
9.79248e+00 -3.84764e-07 3.16764e-09 6.13548e-04 0.00000e+00 0.00000e+00 2.92856e-03
9.79980e+00 -3.96461e-07 3.30490e-09 6.12174e-04 0.00000e+00 0.00000e+00 2.92200e-03
9.80713e+00 -4.07884e-07 3.40310e-09 6.10803e-04 0.00000e+00 0.00000e+00 2.91546e-03
9.81445e+00 -4.17404e-07 3.52047e-09 6.09437e-04 0.00000e+00 0.00000e+00 2.90894e-03
9.82178e+00 -4.26648e-07 3.59920e-09 6.08075e-04 0.00000e+00 0.00000e+00 2.90243e-03
9.82910e+00 -4.34000e-07 3.69697e-09 6.06716e-04 0.00000e+00 0.00000e+00 2.89595e-03
9.83643e+00 -4.41082e-07 3.75659e-09 6.05362e-04 0.00000e+00 0.00000e+00 2.88949e-03
9.84375e+00 -4.46292e-07 3.83520e-09 6.04012e-04 0.00000e+00 0.00000e+00 2.88304e-03
9.85107e+00 -4.51247e-07 3.87621e-09 6.02666e-04 0.00000e+00 0.00000e+00 2.87662e-03
9.85840e+00 -4.54359e-07 3.93620e-09 6.01324e-04 0.00000e+00 0.00000e+00 2.87021e-03
9.86572e+00 -4.57239e-07 3.95920e-09 5.99985e-04 0.00000e+00 0.00000e+00 2.86382e-03
9.87305e+00 -4.58312e-07 4.00124e-09 5.98651e-04 0.00000e+00 0.00000e+00 2.85745e-03
9.88037e+00 -4.59181e-07 4.00695e-09 5.97321e-04 0.00000e+00 0.00000e+00 2.85110e-03
9.88770e+00 -4.58288e-07 4.03181e-09 5.95994e-04 0.00000e+00 0.00000e+00 2.84477e-03
9.89502e+00 -4.57229e-07 4.02104e-09 5.94672e-04 0.00000e+00 0.00000e+00 2.83846e-03
9.90234e+00 -4.54456e-07 4.02958e-09 5.93353e-04 0.00000e+00 0.00000e+00 2.83217e-03
9.90967e+00 -4.51560e-07 4.00322e-09 5.92039e-04 0.00000e+00 0.00000e+00 2.82589e-03
9.91699e+00 -4.47007e-07 3.99637e-09 5.90728e-04 0.00000e+00 0.00000e+00 2.81963e-03
9.92432e+00 -4.42379e-07 3.95538e-09 5.89421e-04 0.00000e+00 0.00000e+00 2.81340e-03
9.93164e+00 -4.36153e-07 3.93414e-09 5.88118e-04 0.00000e+00 0.00000e+00 2.80718e-03
9.93896e+00 -4.29907e-07 3.87956e-09 5.86819e-04 0.00000e+00 0.00000e+00 2.80098e-03
9.94629e+00 -4.22128e-07 3.84498e-09 5.85523e-04 0.00000e+00 0.00000e+00 2.79479e-03
9.95361e+00 -4.14387e-07 3.77788e-09 5.84232e-04 0.00000e+00 0.00000e+00 2.78863e-03
9.96094e+00 -4.05181e-07 3.73106e-09 5.82944e-04 0.00000e+00 0.00000e+00 2.78248e-03
9.96826e+00 -3.96074e-07 3.65256e-09 5.81660e-04 0.00000e+00 0.00000e+00 2.77635e-03
9.97559e+00 -3.85576e-07 3.59463e-09 5.80379e-04 0.00000e+00 0.00000e+00 2.77024e-03
9.98291e+00 -3.75239e-07 3.50587e-09 5.79103e-04 0.00000e+00 0.00000e+00 2.76415e-03
9.99023e+00 -3.63585e-07 3.43799e-09 5.77830e-04 0.00000e+00 0.00000e+00 2.75807e-03
9.99756e+00 -3.52159e-07 3.34012e-09 5.76561e-04 0.00000e+00 0.00000e+00 2.75202e-03
1.00049e+01 -3.39492e-07 3.26345e-09 5.75295e-04 0.00000e+00 0.00000e+00 2.74598e-03
1.00122e+01 -3.27121e-07 3.15764e-09 5.74034e-04 0.00000e+00 0.00000e+00 2.73995e-03
1.00195e+01 -3.13585e-07 3.07336e-09 5.72776e-04 0.00000e+00 0.00000e+00 2.73395e-03
1.00269e+01 -3.00413e-07 2.96078e-09 5.71521e-04 0.00000e+00 0.00000e+00 2.72796e-03
1.00342e+01 -2.86155e-07 2.87004e-09 5.70271e-04 0.00000e+00 0.00000e+00 2.72199e-03
1.00415e+01 -2.72329e-07 2.75183e-09 5.69024e-04 0.00000e+00 0.00000e+00 2.71604e-03
1.00488e+01 -2.57493e-07 2.65579e-09 5.67780e-04 0.00000e+00 0.00000e+00 2.71011e-03
1.00562e+01 -2.43158e-07 2.53310e-09 5.66540e-04 0.00000e+00 0.00000e+00 2.70419e-03
1.00635e+01 -2.27889e-07 2.43287e-09 5.65304e-04 0.00000e+00 0.00000e+00 2.69829e-03
1.00708e+01 -2.13188e-07 2.30679e-09 5.64071e-04 0.00000e+00 0.00000e+00 2.69241e-03
1.00781e+01 -1.97629e-07 2.20347e-09 5.62842e-04 0.00000e+00 0.00000e+00 2.68654e-03
1.00854e+01 -1.82702e-07 2.07509e-09 5.61617e-04 0.00000e+00 0.00000e+00 2.68069e-03
1.00928e+01 -1.66990e-07 1.96974e-09 5.60395e-04 0.00000e+00 0.00000e+00 2.67486e-03
1.01001e+01 -1.51975e-07 1.84008e-09 5.59177e-04 0.00000e+00 0.00000e+00 2.66905e-03
1.01074e+01 -1.36244e-07 1.73370e-09 5.57962e-04 0.00000e+00 0.00000e+00 2.66325e-03
1.01147e+01 -1.21271e-07 1.60376e-09 5.56751e-04 0.00000e+00 0.00000e+00 2.65747e-03
1.01221e+01 -1.05651e-07 1.49732e-09 5.55543e-04 0.00000e+00 0.00000e+00 2.65170e-03
1.01294e+01 -9.08449e-08 1.36803e-09 5.54338e-04 0.00000e+00 0.00000e+00 2.64595e-03
1.01367e+01 -7.54568e-08 1.26244e-09 5.53138e-04 0.00000e+00 0.00000e+00 2.64022e-03
1.01440e+01 -6.09376e-08 1.13467e-09 5.51940e-04 0.00000e+00 0.00000e+00 2.63451e-03
1.01514e+01 -4.58969e-08 1.03078e-09 5.50746e-04 0.00000e+00 0.00000e+00 2.62881e-03
1.01587e+01 -3.17757e-08 9.05362e-10 5.49556e-04 0.00000e+00 0.00000e+00 2.62313e-03
1.01660e+01 -1.71900e-08 8.03968e-10 5.48369e-04 0.00000e+00 0.00000e+00 2.61746e-03
1.01733e+01 -3.57024e-09 6.81651e-10 5.47185e-04 0.00000e+00 0.00000e+00 2.61181e-03
1.01807e+01 1.04613e-08 5.83478e-10 5.46005e-04 0.00000e+00 0.00000e+00 2.60618e-03
1.01880e+01 2.34845e-08 4.64958e-10 5.44828e-04 0.00000e+00 0.00000e+00 2.60056e-03
1.01953e+01 3.68713e-08 3.70668e-10 5.43655e-04 0.00000e+00 0.00000e+00 2.59496e-03
1.02026e+01 4.92120e-08 2.56571e-10 5.42484e-04 0.00000e+00 0.00000e+00 2.58938e-03
1.02100e+01 6.18727e-08 1.66759e-10 5.41318e-04 0.00000e+00 0.00000e+00 2.58381e-03
1.02173e+01 7.34542e-08 5.76419e-11 5.40154e-04 0.00000e+00 0.00000e+00 2.57826e-03
1.02246e+01 8.53167e-08 -2.71665e-11 5.38994e-04 0.00000e+00 0.00000e+00 2.57272e-03
1.02319e+01 9.60716e-08 -1.30812e-10 5.37838e-04 0.00000e+00 0.00000e+00 2.56720e-03
1.02393e+01 1.07074e-07 -2.10160e-10 5.36684e-04 0.00000e+00 0.00000e+00 2.56169e-03
1.02466e+01 1.16945e-07 -3.07913e-10 5.35534e-04 0.00000e+00 0.00000e+00 2.55620e-03
1.02539e+01 1.27033e-07 -3.81410e-10 5.34387e-04 0.00000e+00 0.00000e+00 2.55073e-03
1.02612e+01 1.35973e-07 -4.72917e-10 5.33244e-04 0.00000e+00 0.00000e+00 2.54527e-03
1.02686e+01 1.45105e-07 -5.40241e-10 5.32103e-04 0.00000e+00 0.00000e+00 2.53983e-03
1.02759e+01 1.53075e-07 -6.25217e-10 5.30966e-04 0.00000e+00 0.00000e+00 2.53440e-03
1.02832e+01 1.61218e-07 -6.86112e-10 5.29832e-04 0.00000e+00 0.00000e+00 2.52899e-03
1.02905e+01 1.68189e-07 -7.64333e-10 5.28702e-04 0.00000e+00 0.00000e+00 2.52360e-03
1.02979e+01 1.75320e-07 -8.18609e-10 5.27574e-04 0.00000e+00 0.00000e+00 2.51822e-03
1.03052e+01 1.81274e-07 -8.89919e-10 5.26450e-04 0.00000e+00 0.00000e+00 2.51285e-03
1.03125e+01 1.87378e-07 -9.37446e-10 5.25329e-04 0.00000e+00 0.00000e+00 2.50750e-03
1.03198e+01 1.92305e-07 -1.00175e-09 5.24212e-04 0.00000e+00 0.00000e+00 2.50216e-03
1.03271e+01 1.97377e-07 -1.04246e-09 5.23097e-04 0.00000e+00 0.00000e+00 2.49684e-03
1.03345e+01 2.01276e-07 -1.09971e-09 5.21986e-04 0.00000e+00 0.00000e+00 2.49154e-03
1.03418e+01 2.05320e-07 -1.13360e-09 5.20877e-04 0.00000e+00 0.00000e+00 2.48625e-03
1.03491e+01 2.08200e-07 -1.18382e-09 5.19772e-04 0.00000e+00 0.00000e+00 2.48097e-03
1.03564e+01 2.11226e-07 -1.21092e-09 5.18670e-04 0.00000e+00 0.00000e+00 2.47571e-03
1.03638e+01 2.13103e-07 -1.25419e-09 5.17571e-04 0.00000e+00 0.00000e+00 2.47047e-03
1.03711e+01 2.15133e-07 -1.27459e-09 5.16475e-04 0.00000e+00 0.00000e+00 2.46524e-03
1.03784e+01 2.16030e-07 -1.31103e-09 5.15383e-04 0.00000e+00 0.00000e+00 2.46002e-03
1.03857e+01 2.17091e-07 -1.32488e-09 5.14293e-04 0.00000e+00 0.00000e+00 2.45482e-03
1.03931e+01 2.17039e-07 -1.35464e-09 5.13206e-04 0.00000e+00 0.00000e+00 2.44964e-03
1.04004e+01 2.17165e-07 -1.36212e-09 5.12123e-04 0.00000e+00 0.00000e+00 2.44446e-03
1.04077e+01 2.16201e-07 -1.38541e-09 5.11043e-04 0.00000e+00 0.00000e+00 2.43931e-03
1.04150e+01 2.15433e-07 -1.38675e-09 5.09965e-04 0.00000e+00 0.00000e+00 2.43416e-03
1.04224e+01 2.13601e-07 -1.40382e-09 5.08891e-04 0.00000e+00 0.00000e+00 2.42904e-03
1.04297e+01 2.11985e-07 -1.39928e-09 5.07819e-04 0.00000e+00 0.00000e+00 2.42392e-03
1.04370e+01 2.09334e-07 -1.41040e-09 5.06751e-04 0.00000e+00 0.00000e+00 2.41882e-03
1.04443e+01 2.06922e-07 -1.40027e-09 5.05686e-04 0.00000e+00 0.00000e+00 2.41374e-03
1.04517e+01 2.03505e-07 -1.40576e-09 5.04623e-04 0.00000e+00 0.00000e+00 2.40867e-03
1.04590e+01 2.00352e-07 -1.39035e-09 5.03564e-04 0.00000e+00 0.00000e+00 2.40361e-03
1.04663e+01 1.96227e-07 -1.39054e-09 5.02508e-04 0.00000e+00 0.00000e+00 2.39857e-03
1.04736e+01 1.92392e-07 -1.37021e-09 5.01454e-04 0.00000e+00 0.00000e+00 2.39354e-03
1.04810e+01 1.87621e-07 -1.36545e-09 5.00404e-04 0.00000e+00 0.00000e+00 2.38853e-03
1.04883e+01 1.83168e-07 -1.34055e-09 4.99356e-04 0.00000e+00 0.00000e+00 2.38353e-03
1.04956e+01 1.77815e-07 -1.33122e-09 4.98311e-04 0.00000e+00 0.00000e+00 2.37854e-03
1.05029e+01 1.72809e-07 -1.30213e-09 4.97270e-04 0.00000e+00 0.00000e+00 2.37357e-03
1.05103e+01 1.66939e-07 -1.28861e-09 4.96231e-04 0.00000e+00 0.00000e+00 2.36861e-03
1.05176e+01 1.61447e-07 -1.25573e-09 4.95195e-04 0.00000e+00 0.00000e+00 2.36366e-03
1.05249e+01 1.55129e-07 -1.23843e-09 4.94162e-04 0.00000e+00 0.00000e+00 2.35873e-03
1.05322e+01 1.49220e-07 -1.20215e-09 4.93132e-04 0.00000e+00 0.00000e+00 2.35381e-03
1.05396e+01 1.42521e-07 -1.18147e-09 4.92104e-04 0.00000e+00 0.00000e+00 2.34891e-03
1.05469e+01 1.36264e-07 -1.14220e-09 4.91080e-04 0.00000e+00 0.00000e+00 2.34402e-03
1.05542e+01 1.29255e-07 -1.11854e-09 4.90058e-04 0.00000e+00 0.00000e+00 2.33914e-03
1.05615e+01 1.22717e-07 -1.07669e-09 4.89039e-04 0.00000e+00 0.00000e+00 2.33428e-03
1.05688e+01 1.15466e-07 -1.05046e-09 4.88023e-04 0.00000e+00 0.00000e+00 2.32943e-03
1.05762e+01 1.08717e-07 -1.00644e-09 4.87010e-04 0.00000e+00 0.00000e+00 2.32459e-03
1.05835e+01 1.01292e-07 -9.78043e-10 4.86000e-04 0.00000e+00 0.00000e+00 2.31977e-03
1.05908e+01 9.43996e-08 -9.32238e-10 4.84992e-04 0.00000e+00 0.00000e+00 2.31496e-03
1.05981e+01 8.68669e-08 -9.02079e-10 4.83987e-04 0.00000e+00 0.00000e+00 2.31017e-03
1.06055e+01 7.98956e-08 -8.54888e-10 4.82985e-04 0.00000e+00 0.00000e+00 2.30538e-03
1.06128e+01 7.23200e-08 -8.23353e-10 4.81986e-04 0.00000e+00 0.00000e+00 2.30061e-03
1.06201e+01 6.53339e-08 -7.75158e-10 4.80990e-04 0.00000e+00 0.00000e+00 2.29586e-03
1.06274e+01 5.77775e-08 -7.42623e-10 4.79996e-04 0.00000e+00 0.00000e+00 2.29111e-03
1.06348e+01 5.08375e-08 -6.93793e-10 4.79005e-04 0.00000e+00 0.00000e+00 2.28638e-03
1.06421e+01 4.33601e-08 -6.60624e-10 4.78017e-04 0.00000e+00 0.00000e+00 2.28167e-03
1.06494e+01 3.65243e-08 -6.11513e-10 4.77031e-04 0.00000e+00 0.00000e+00 2.27696e-03
1.06567e+01 2.91822e-08 -5.78057e-10 4.76048e-04 0.00000e+00 0.00000e+00 2.27227e-03
1.06641e+01 2.25054e-08 -5.29004e-10 4.75068e-04 0.00000e+00 0.00000e+00 2.26759e-03
1.06714e+01 1.53515e-08 -4.95592e-10 4.74091e-04 0.00000e+00 0.00000e+00 2.26292e-03
1.06787e+01 8.88484e-09 -4.46916e-10 4.73116e-04 0.00000e+00 0.00000e+00 2.25827e-03
1.06860e+01 1.96850e-09 -4.13859e-10 4.72144e-04 0.00000e+00 0.00000e+00 2.25363e-03
1.06934e+01 -4.24079e-09 -3.65861e-10 4.71174e-04 0.00000e+00 0.00000e+00 2.24900e-03
1.07007e+01 -1.08744e-08 -3.33449e-10 4.70208e-04 0.00000e+00 0.00000e+00 2.24439e-03
1.07080e+01 -1.67832e-08 -2.86407e-10 4.69243e-04 0.00000e+00 0.00000e+00 2.23979e-03
1.07153e+01 -2.30931e-08 -2.54911e-10 4.68282e-04 0.00000e+00 0.00000e+00 2.23520e-03
1.07227e+01 -2.86625e-08 -2.09081e-10 4.67323e-04 0.00000e+00 0.00000e+00 2.23062e-03
1.07300e+01 -3.46121e-08 -1.78746e-10 4.66367e-04 0.00000e+00 0.00000e+00 2.22606e-03
1.07373e+01 -3.98077e-08 -1.34362e-10 4.65413e-04 0.00000e+00 0.00000e+00 2.22150e-03
1.07446e+01 -4.53650e-08 -1.05414e-10 4.64462e-04 0.00000e+00 0.00000e+00 2.21696e-03
1.07520e+01 -5.01570e-08 -6.26861e-11 4.63513e-04 0.00000e+00 0.00000e+00 2.21244e-03
1.07593e+01 -5.52943e-08 -3.53232e-11 4.62568e-04 0.00000e+00 0.00000e+00 2.20792e-03
1.07666e+01 -5.96575e-08 5.56145e-12 4.61624e-04 0.00000e+00 0.00000e+00 2.20342e-03
1.07739e+01 -6.43520e-08 3.11626e-11 4.60683e-04 0.00000e+00 0.00000e+00 2.19893e-03
1.07812e+01 -6.82657e-08 7.00414e-11 4.59745e-04 0.00000e+00 0.00000e+00 2.19445e-03
1.07886e+01 -7.24990e-08 9.37286e-11 4.58809e-04 0.00000e+00 0.00000e+00 2.18998e-03
1.07959e+01 -7.59473e-08 1.30463e-10 4.57876e-04 0.00000e+00 0.00000e+00 2.18553e-03
1.08032e+01 -7.97058e-08 1.52107e-10 4.56946e-04 0.00000e+00 0.00000e+00 2.18109e-03
1.08105e+01 -8.26771e-08 1.86581e-10 4.56018e-04 0.00000e+00 0.00000e+00 2.17666e-03
1.08179e+01 -8.59516e-08 2.06078e-10 4.55092e-04 0.00000e+00 0.00000e+00 2.17224e-03
1.08252e+01 -8.84390e-08 2.38200e-10 4.54169e-04 0.00000e+00 0.00000e+00 2.16783e-03
1.08325e+01 -9.12247e-08 2.55468e-10 4.53248e-04 0.00000e+00 0.00000e+00 2.16344e-03
1.08398e+01 -9.32253e-08 2.85168e-10 4.52330e-04 0.00000e+00 0.00000e+00 2.15905e-03
1.08472e+01 -9.55216e-08 3.00146e-10 4.51415e-04 0.00000e+00 0.00000e+00 2.15468e-03
1.08545e+01 -9.70371e-08 3.27377e-10 4.50501e-04 0.00000e+00 0.00000e+00 2.15033e-03
1.08618e+01 -9.88474e-08 3.40027e-10 4.49591e-04 0.00000e+00 0.00000e+00 2.14598e-03
1.08691e+01 -9.98831e-08 3.64762e-10 4.48683e-04 0.00000e+00 0.00000e+00 2.14164e-03
1.08765e+01 -1.01215e-07 3.75066e-10 4.47777e-04 0.00000e+00 0.00000e+00 2.13732e-03
1.08838e+01 -1.01780e-07 3.97299e-10 4.46873e-04 0.00000e+00 0.00000e+00 2.13301e-03
1.08911e+01 -1.02644e-07 4.05260e-10 4.45972e-04 0.00000e+00 0.00000e+00 2.12871e-03
1.08984e+01 -1.02752e-07 4.25004e-10 4.45074e-04 0.00000e+00 0.00000e+00 2.12442e-03
1.09058e+01 -1.03163e-07 4.30643e-10 4.44178e-04 0.00000e+00 0.00000e+00 2.12014e-03
1.09131e+01 -1.02828e-07 4.47928e-10 4.43284e-04 0.00000e+00 0.00000e+00 2.11587e-03
1.09204e+01 -1.02804e-07 4.51281e-10 4.42393e-04 0.00000e+00 0.00000e+00 2.11162e-03
1.09277e+01 -1.02047e-07 4.66155e-10 4.41504e-04 0.00000e+00 0.00000e+00 2.10738e-03
1.09351e+01 -1.01607e-07 4.67278e-10 4.40617e-04 0.00000e+00 0.00000e+00 2.10315e-03
1.09424e+01 -1.00449e-07 4.79804e-10 4.39733e-04 0.00000e+00 0.00000e+00 2.09893e-03
1.09497e+01 -9.96176e-08 4.78764e-10 4.38851e-04 0.00000e+00 0.00000e+00 2.09472e-03
1.09570e+01 -9.80827e-08 4.89018e-10 4.37972e-04 0.00000e+00 0.00000e+00 2.09052e-03
1.09644e+01 -9.68844e-08 4.85899e-10 4.37095e-04 0.00000e+00 0.00000e+00 2.08633e-03
1.09717e+01 -9.49990e-08 4.93972e-10 4.36220e-04 0.00000e+00 0.00000e+00 2.08216e-03
1.09790e+01 -9.34614e-08 4.88867e-10 4.35348e-04 0.00000e+00 0.00000e+00 2.07799e-03
1.09863e+01 -9.12536e-08 4.94860e-10 4.34477e-04 0.00000e+00 0.00000e+00 2.07384e-03
1.09937e+01 -8.94055e-08 4.87874e-10 4.33610e-04 0.00000e+00 0.00000e+00 2.06970e-03
1.10010e+01 -8.69051e-08 4.91898e-10 4.32744e-04 0.00000e+00 0.00000e+00 2.06557e-03
1.10083e+01 -8.47769e-08 4.83146e-10 4.31881e-04 0.00000e+00 0.00000e+00 2.06145e-03
1.10156e+01 -8.20147e-08 4.85321e-10 4.31020e-04 0.00000e+00 0.00000e+00 2.05734e-03
1.10229e+01 -7.96377e-08 4.74925e-10 4.30161e-04 0.00000e+00 0.00000e+00 2.05324e-03
1.10303e+01 -7.66456e-08 4.75377e-10 4.29305e-04 0.00000e+00 0.00000e+00 2.04915e-03
1.10376e+01 -7.40519e-08 4.63466e-10 4.28451e-04 0.00000e+00 0.00000e+00 2.04507e-03
1.10449e+01 -7.08621e-08 4.62328e-10 4.27599e-04 0.00000e+00 0.00000e+00 2.04101e-03
1.10522e+01 -6.80844e-08 4.49035e-10 4.26750e-04 0.00000e+00 0.00000e+00 2.03695e-03
1.10596e+01 -6.47296e-08 4.46444e-10 4.25902e-04 0.00000e+00 0.00000e+00 2.03291e-03
1.10669e+01 -6.18006e-08 4.31908e-10 4.25057e-04 0.00000e+00 0.00000e+00 2.02888e-03
1.10742e+01 -5.83135e-08 4.28005e-10 4.24215e-04 0.00000e+00 0.00000e+00 2.02485e-03
1.10815e+01 -5.52658e-08 4.12365e-10 4.23374e-04 0.00000e+00 0.00000e+00 2.02084e-03
1.10889e+01 -5.16789e-08 4.07291e-10 4.22536e-04 0.00000e+00 0.00000e+00 2.01684e-03
1.10962e+01 -4.85447e-08 3.90689e-10 4.21699e-04 0.00000e+00 0.00000e+00 2.01285e-03
1.11035e+01 -4.48899e-08 3.84588e-10 4.20865e-04 0.00000e+00 0.00000e+00 2.00887e-03
1.11108e+01 -4.17009e-08 3.67166e-10 4.20034e-04 0.00000e+00 0.00000e+00 2.00490e-03
1.11182e+01 -3.80093e-08 3.60180e-10 4.19204e-04 0.00000e+00 0.00000e+00 2.00094e-03
1.11255e+01 -3.47962e-08 3.42079e-10 4.18377e-04 0.00000e+00 0.00000e+00 1.99699e-03
1.11328e+01 -3.10981e-08 3.34349e-10 4.17552e-04 0.00000e+00 0.00000e+00 1.99305e-03
1.11401e+01 -2.78905e-08 3.15707e-10 4.16728e-04 0.00000e+00 0.00000e+00 1.98912e-03
1.11475e+01 -2.42148e-08 3.07372e-10 4.15908e-04 0.00000e+00 0.00000e+00 1.98520e-03
1.11548e+01 -2.10411e-08 2.88324e-10 4.15089e-04 0.00000e+00 0.00000e+00 1.98129e-03
1.11621e+01 -1.74156e-08 2.79519e-10 4.14272e-04 0.00000e+00 0.00000e+00 1.97740e-03
1.11694e+01 -1.43026e-08 2.60199e-10 4.13458e-04 0.00000e+00 0.00000e+00 1.97351e-03
1.11768e+01 -1.07533e-08 2.51055e-10 4.12646e-04 0.00000e+00 0.00000e+00 1.96963e-03
1.11841e+01 -7.72630e-09 2.31588e-10 4.11835e-04 0.00000e+00 0.00000e+00 1.96577e-03
1.11914e+01 -4.27750e-09 2.22231e-10 4.11027e-04 0.00000e+00 0.00000e+00 1.96191e-03
1.11987e+01 -1.36003e-09 2.02741e-10 4.10221e-04 0.00000e+00 0.00000e+00 1.95806e-03
1.12061e+01 1.96570e-09 1.93290e-10 4.09417e-04 0.00000e+00 0.00000e+00 1.95422e-03
1.12134e+01 4.75209e-09 1.73892e-10 4.08616e-04 0.00000e+00 0.00000e+00 1.95040e-03
1.12207e+01 7.93417e-09 1.64461e-10 4.07816e-04 0.00000e+00 0.00000e+00 1.94658e-03
1.12280e+01 1.05699e-08 1.45264e-10 4.07019e-04 0.00000e+00 0.00000e+00 1.94277e-03
1.12354e+01 1.35898e-08 1.35961e-10 4.06223e-04 0.00000e+00 0.00000e+00 1.93898e-03
1.12427e+01 1.60573e-08 1.17068e-10 4.05430e-04 0.00000e+00 0.00000e+00 1.93519e-03
1.12500e+01 1.88986e-08 1.07992e-10 4.04638e-04 0.00000e+00 0.00000e+00 1.93141e-03
1.12573e+01 2.11825e-08 8.94967e-11 4.03849e-04 0.00000e+00 0.00000e+00 1.92765e-03
1.12646e+01 2.38308e-08 8.07393e-11 4.03062e-04 0.00000e+00 0.00000e+00 1.92389e-03
1.12720e+01 2.59180e-08 6.27293e-11 4.02277e-04 0.00000e+00 0.00000e+00 1.92014e-03
1.12793e+01 2.83613e-08 5.43747e-11 4.01493e-04 0.00000e+00 0.00000e+00 1.91640e-03
1.12866e+01 3.02407e-08 3.69286e-11 4.00712e-04 0.00000e+00 0.00000e+00 1.91267e-03
1.12939e+01 3.24691e-08 2.90524e-11 3.99933e-04 0.00000e+00 0.00000e+00 1.90895e-03
1.13013e+01 3.41319e-08 1.22409e-11 3.99156e-04 0.00000e+00 0.00000e+00 1.90525e-03
1.13086e+01 3.61376e-08 4.91074e-12 3.98381e-04 0.00000e+00 0.00000e+00 1.90155e-03
1.13159e+01 3.75771e-08 -1.12040e-11 3.97608e-04 0.00000e+00 0.00000e+00 1.89786e-03
1.13232e+01 3.93547e-08 -1.79290e-11 3.96837e-04 0.00000e+00 0.00000e+00 1.89418e-03
1.13306e+01 4.05663e-08 -3.32930e-11 3.96068e-04 0.00000e+00 0.00000e+00 1.89051e-03
1.13379e+01 4.21122e-08 -3.93621e-11 3.95301e-04 0.00000e+00 0.00000e+00 1.88684e-03
1.13452e+01 4.30937e-08 -5.39298e-11 3.94536e-04 0.00000e+00 0.00000e+00 1.88319e-03
1.13525e+01 4.44066e-08 -5.93005e-11 3.93772e-04 0.00000e+00 0.00000e+00 1.87955e-03
1.13599e+01 4.51574e-08 -7.30345e-11 3.93011e-04 0.00000e+00 0.00000e+00 1.87592e-03
1.13672e+01 4.62378e-08 -7.76723e-11 3.92252e-04 0.00000e+00 0.00000e+00 1.87229e-03
1.13745e+01 4.67596e-08 -9.05432e-11 3.91495e-04 0.00000e+00 0.00000e+00 1.86868e-03
1.13818e+01 4.76100e-08 -9.44219e-11 3.90740e-04 0.00000e+00 0.00000e+00 1.86507e-03
1.13892e+01 4.79061e-08 -1.06408e-10 3.89986e-04 0.00000e+00 0.00000e+00 1.86148e-03
1.13965e+01 4.85309e-08 -1.09509e-10 3.89235e-04 0.00000e+00 0.00000e+00 1.85789e-03
1.14038e+01 4.86063e-08 -1.20597e-10 3.88485e-04 0.00000e+00 0.00000e+00 1.85431e-03
1.14111e+01 4.90114e-08 -1.22909e-10 3.87738e-04 0.00000e+00 0.00000e+00 1.85074e-03
1.14185e+01 4.88730e-08 -1.33092e-10 3.86992e-04 0.00000e+00 0.00000e+00 1.84719e-03
1.14258e+01 4.90659e-08 -1.34611e-10 3.86248e-04 0.00000e+00 0.00000e+00 1.84364e-03
1.14331e+01 4.87219e-08 -1.43889e-10 3.85506e-04 0.00000e+00 0.00000e+00 1.84009e-03
1.14404e+01 4.87116e-08 -1.44617e-10 3.84766e-04 0.00000e+00 0.00000e+00 1.83656e-03
1.14478e+01 4.81717e-08 -1.52997e-10 3.84028e-04 0.00000e+00 0.00000e+00 1.83304e-03
1.14551e+01 4.79684e-08 -1.52944e-10 3.83292e-04 0.00000e+00 0.00000e+00 1.82953e-03
1.14624e+01 4.72434e-08 -1.60439e-10 3.82558e-04 0.00000e+00 0.00000e+00 1.82602e-03
1.14697e+01 4.68586e-08 -1.59619e-10 3.81826e-04 0.00000e+00 0.00000e+00 1.82253e-03
1.14771e+01 4.59605e-08 -1.66248e-10 3.81095e-04 0.00000e+00 0.00000e+00 1.81904e-03
1.14844e+01 4.54067e-08 -1.64683e-10 3.80366e-04 0.00000e+00 0.00000e+00 1.81556e-03
1.14917e+01 4.43483e-08 -1.70470e-10 3.79640e-04 0.00000e+00 0.00000e+00 1.81209e-03
1.14990e+01 4.36388e-08 -1.68183e-10 3.78915e-04 0.00000e+00 0.00000e+00 1.80863e-03
1.15063e+01 4.24339e-08 -1.73157e-10 3.78191e-04 0.00000e+00 0.00000e+00 1.80518e-03
1.15137e+01 4.15828e-08 -1.70180e-10 3.77470e-04 0.00000e+00 0.00000e+00 1.80174e-03
1.15210e+01 4.02457e-08 -1.74373e-10 3.76751e-04 0.00000e+00 0.00000e+00 1.79830e-03
1.15283e+01 3.92676e-08 -1.70740e-10 3.76033e-04 0.00000e+00 0.00000e+00 1.79488e-03
1.15356e+01 3.78133e-08 -1.74190e-10 3.75317e-04 0.00000e+00 0.00000e+00 1.79146e-03
1.15430e+01 3.67233e-08 -1.69938e-10 3.74603e-04 0.00000e+00 0.00000e+00 1.78805e-03
1.15503e+01 3.51669e-08 -1.72684e-10 3.73891e-04 0.00000e+00 0.00000e+00 1.78465e-03
1.15576e+01 3.39804e-08 -1.67855e-10 3.73181e-04 0.00000e+00 0.00000e+00 1.78126e-03
1.15649e+01 3.23374e-08 -1.69941e-10 3.72472e-04 0.00000e+00 0.00000e+00 1.77788e-03
1.15723e+01 3.10700e-08 -1.64577e-10 3.71765e-04 0.00000e+00 0.00000e+00 1.77451e-03
1.15796e+01 2.93559e-08 -1.66048e-10 3.71060e-04 0.00000e+00 0.00000e+00 1.77114e-03
1.15869e+01 2.80231e-08 -1.60195e-10 3.70357e-04 0.00000e+00 0.00000e+00 1.76778e-03
1.15942e+01 2.62535e-08 -1.61099e-10 3.69656e-04 0.00000e+00 0.00000e+00 1.76444e-03
1.16016e+01 2.48707e-08 -1.54804e-10 3.68956e-04 0.00000e+00 0.00000e+00 1.76110e-03
1.16089e+01 2.30609e-08 -1.55189e-10 3.68258e-04 0.00000e+00 0.00000e+00 1.75777e-03
1.16162e+01 2.16433e-08 -1.48501e-10 3.67562e-04 0.00000e+00 0.00000e+00 1.75444e-03
1.16235e+01 1.98083e-08 -1.48417e-10 3.66868e-04 0.00000e+00 0.00000e+00 1.75113e-03
1.16309e+01 1.83708e-08 -1.41385e-10 3.66175e-04 0.00000e+00 0.00000e+00 1.74782e-03
1.16382e+01 1.65253e-08 -1.40882e-10 3.65484e-04 0.00000e+00 0.00000e+00 1.74452e-03
1.16455e+01 1.50823e-08 -1.33555e-10 3.64795e-04 0.00000e+00 0.00000e+00 1.74124e-03
1.16528e+01 1.32404e-08 -1.32683e-10 3.64108e-04 0.00000e+00 0.00000e+00 1.73795e-03
1.16602e+01 1.18057e-08 -1.25111e-10 3.63422e-04 0.00000e+00 0.00000e+00 1.73468e-03
1.16675e+01 9.98082e-09 -1.23920e-10 3.62738e-04 0.00000e+00 0.00000e+00 1.73142e-03
1.16748e+01 8.56764e-09 -1.16152e-10 3.62056e-04 0.00000e+00 0.00000e+00 1.72816e-03
1.16821e+01 6.77269e-09 -1.14692e-10 3.61375e-04 0.00000e+00 0.00000e+00 1.72491e-03
1.16895e+01 5.39348e-09 -1.06775e-10 3.60696e-04 0.00000e+00 0.00000e+00 1.72167e-03
1.16968e+01 3.64047e-09 -1.05095e-10 3.60019e-04 0.00000e+00 0.00000e+00 1.71844e-03
1.17041e+01 2.30688e-09 -9.70763e-11 3.59344e-04 0.00000e+00 0.00000e+00 1.71521e-03
1.17114e+01 6.07016e-10 -9.52223e-11 3.58670e-04 0.00000e+00 0.00000e+00 1.71200e-03
1.17188e+01 -6.70174e-10 -8.71483e-11 3.57998e-04 0.00000e+00 0.00000e+00 1.70879e-03
1.17261e+01 -2.30658e-09 -8.51661e-11 3.57327e-04 0.00000e+00 0.00000e+00 1.70559e-03
1.17334e+01 -3.51752e-09 -7.70801e-11 3.56659e-04 0.00000e+00 0.00000e+00 1.70240e-03
1.17407e+01 -5.08110e-09 -7.50135e-11 3.55992e-04 0.00000e+00 0.00000e+00 1.69921e-03
1.17480e+01 -6.21690e-09 -6.69574e-11 3.55326e-04 0.00000e+00 0.00000e+00 1.69604e-03
1.17554e+01 -7.69928e-09 -6.48481e-11 3.54663e-04 0.00000e+00 0.00000e+00 1.69287e-03
1.17627e+01 -8.75205e-09 -5.68615e-11 3.54000e-04 0.00000e+00 0.00000e+00 1.68971e-03
1.17700e+01 -1.01459e-08 -5.47487e-11 3.53340e-04 0.00000e+00 0.00000e+00 1.68656e-03
1.17773e+01 -1.11087e-08 -4.68690e-11 3.52681e-04 0.00000e+00 0.00000e+00 1.68341e-03
1.17847e+01 -1.24076e-08 -4.47895e-11 3.52024e-04 0.00000e+00 0.00000e+00 1.68028e-03
1.17920e+01 -1.32748e-08 -3.70515e-11 3.51368e-04 0.00000e+00 0.00000e+00 1.67715e-03
1.17993e+01 -1.44735e-08 -3.50397e-11 3.50715e-04 0.00000e+00 0.00000e+00 1.67403e-03
1.18066e+01 -1.52401e-08 -2.74754e-11 3.50062e-04 0.00000e+00 0.00000e+00 1.67091e-03
1.18140e+01 -1.63344e-08 -2.55626e-11 3.49412e-04 0.00000e+00 0.00000e+00 1.66781e-03
1.18213e+01 -1.69968e-08 -1.82015e-11 3.48763e-04 0.00000e+00 0.00000e+00 1.66471e-03
1.18286e+01 -1.79834e-08 -1.64166e-11 3.48115e-04 0.00000e+00 0.00000e+00 1.66162e-03
1.18359e+01 -1.85389e-08 -9.28506e-12 3.47469e-04 0.00000e+00 0.00000e+00 1.65854e-03
1.18433e+01 -1.94156e-08 -7.65373e-12 3.46825e-04 0.00000e+00 0.00000e+00 1.65546e-03
1.18506e+01 -1.98624e-08 -7.75443e-13 3.46182e-04 0.00000e+00 0.00000e+00 1.65239e-03
1.18579e+01 -2.06281e-08 6.79431e-13 3.45541e-04 0.00000e+00 0.00000e+00 1.64933e-03
1.18652e+01 -2.09654e-08 7.28380e-12 3.44902e-04 0.00000e+00 0.00000e+00 1.64628e-03
1.18726e+01 -2.16198e-08 8.54215e-12 3.44264e-04 0.00000e+00 0.00000e+00 1.64324e-03
1.18799e+01 -2.18480e-08 1.48549e-11 3.43628e-04 0.00000e+00 0.00000e+00 1.64020e-03
1.18872e+01 -2.23918e-08 1.58998e-11 3.42993e-04 0.00000e+00 0.00000e+00 1.63717e-03
1.18945e+01 -2.25119e-08 2.19060e-11 3.42360e-04 0.00000e+00 0.00000e+00 1.63415e-03
1.19019e+01 -2.29466e-08 2.27233e-11 3.41728e-04 0.00000e+00 0.00000e+00 1.63113e-03
1.19092e+01 -2.29607e-08 2.84111e-11 3.41098e-04 0.00000e+00 0.00000e+00 1.62812e-03
1.19165e+01 -2.32888e-08 2.89894e-11 3.40469e-04 0.00000e+00 0.00000e+00 1.62512e-03
1.19238e+01 -2.31995e-08 3.43496e-11 3.39842e-04 0.00000e+00 0.00000e+00 1.62213e-03
1.19312e+01 -2.34241e-08 3.46803e-11 3.39217e-04 0.00000e+00 0.00000e+00 1.61914e-03
1.19385e+01 -2.32351e-08 3.97065e-11 3.38593e-04 0.00000e+00 0.00000e+00 1.61617e-03
1.19458e+01 -2.33602e-08 3.97839e-11 3.37970e-04 0.00000e+00 0.00000e+00 1.61320e-03
1.19531e+01 -2.30756e-08 4.44721e-11 3.37350e-04 0.00000e+00 0.00000e+00 1.61023e-03
1.19604e+01 -2.31057e-08 4.42930e-11 3.36730e-04 0.00000e+00 0.00000e+00 1.60728e-03
1.19678e+01 -2.27304e-08 4.86420e-11 3.36112e-04 0.00000e+00 0.00000e+00 1.60433e-03
1.19751e+01 -2.26706e-08 4.82055e-11 3.35496e-04 0.00000e+00 0.00000e+00 1.60138e-03
1.19824e+01 -2.22101e-08 5.22163e-11 3.34881e-04 0.00000e+00 0.00000e+00 1.59845e-03
1.19897e+01 -2.20661e-08 5.15240e-11 3.34268e-04 0.00000e+00 0.00000e+00 1.59552e-03
1.19971e+01 -2.15262e-08 5.51999e-11 3.33656e-04 0.00000e+00 0.00000e+00 1.59260e-03
1.20044e+01 -2.13042e-08 5.42554e-11 3.33046e-04 0.00000e+00 0.00000e+00 1.58969e-03
1.20117e+01 -2.06912e-08 5.76020e-11 3.32437e-04 0.00000e+00 0.00000e+00 1.58678e-03
1.20190e+01 -2.03976e-08 5.64111e-11 3.31829e-04 0.00000e+00 0.00000e+00 1.58388e-03
1.20264e+01 -1.97182e-08 5.94356e-11 3.31223e-04 0.00000e+00 0.00000e+00 1.58099e-03
1.20337e+01 -1.93599e-08 5.80059e-11 3.30619e-04 0.00000e+00 0.00000e+00 1.57811e-03
1.20410e+01 -1.86211e-08 6.07176e-11 3.30016e-04 0.00000e+00 0.00000e+00 1.57523e-03
1.20483e+01 -1.82052e-08 5.90584e-11 3.29415e-04 0.00000e+00 0.00000e+00 1.57236e-03
1.20557e+01 -1.74141e-08 6.14681e-11 3.28815e-04 0.00000e+00 0.00000e+00 1.56949e-03
1.20630e+01 -1.69478e-08 5.95903e-11 3.28216e-04 0.00000e+00 0.00000e+00 1.56664e-03
1.20703e+01 -1.61117e-08 6.17102e-11 3.27619e-04 0.00000e+00 0.00000e+00 1.56379e-03
1.20776e+01 -1.56024e-08 5.96262e-11 3.27023e-04 0.00000e+00 0.00000e+00 1.56094e-03
1.20850e+01 -1.47288e-08 6.14698e-11 3.26429e-04 0.00000e+00 0.00000e+00 1.55811e-03
1.20923e+01 -1.41839e-08 5.91928e-11 3.25836e-04 0.00000e+00 0.00000e+00 1.55528e-03
1.20996e+01 -1.32801e-08 6.07748e-11 3.25245e-04 0.00000e+00 0.00000e+00 1.55245e-03
1.21069e+01 -1.27070e-08 5.83195e-11 3.24655e-04 0.00000e+00 0.00000e+00 1.54964e-03
1.21143e+01 -1.17803e-08 5.96555e-11 3.24066e-04 0.00000e+00 0.00000e+00 1.54683e-03
1.21216e+01 -1.11863e-08 5.70371e-11 3.23479e-04 0.00000e+00 0.00000e+00 1.54403e-03
1.21289e+01 -1.02441e-08 5.81435e-11 3.22894e-04 0.00000e+00 0.00000e+00 1.54123e-03
1.21362e+01 -9.63645e-09 5.53781e-11 3.22309e-04 0.00000e+00 0.00000e+00 1.53844e-03
1.21436e+01 -8.68574e-09 5.62718e-11 3.21727e-04 0.00000e+00 0.00000e+00 1.53566e-03
1.21509e+01 -8.07133e-09 5.33760e-11 3.21145e-04 0.00000e+00 0.00000e+00 1.53289e-03
1.21582e+01 -7.11899e-09 5.40744e-11 3.20565e-04 0.00000e+00 0.00000e+00 1.53012e-03
1.21655e+01 -6.50462e-09 5.10650e-11 3.19987e-04 0.00000e+00 0.00000e+00 1.52735e-03
1.21729e+01 -5.55725e-09 5.15858e-11 3.19409e-04 0.00000e+00 0.00000e+00 1.52460e-03
1.21802e+01 -4.94938e-09 4.84802e-11 3.18833e-04 0.00000e+00 0.00000e+00 1.52185e-03
1.21875e+01 -4.01326e-09 4.88412e-11 3.18259e-04 0.00000e+00 0.00000e+00 1.51911e-03
1.21948e+01 -3.41802e-09 4.56564e-11 3.17686e-04 0.00000e+00 0.00000e+00 1.51637e-03
1.22021e+01 -2.49912e-09 4.58756e-11 3.17114e-04 0.00000e+00 0.00000e+00 1.51364e-03
1.22095e+01 -1.92228e-09 4.26288e-11 3.16544e-04 0.00000e+00 0.00000e+00 1.51092e-03
1.22168e+01 -1.02614e-09 4.27236e-11 3.15975e-04 0.00000e+00 0.00000e+00 1.50821e-03
1.22241e+01 -4.73079e-10 3.94319e-11 3.15407e-04 0.00000e+00 0.00000e+00 1.50550e-03
1.22314e+01 3.95129e-10 3.94199e-11 3.14841e-04 0.00000e+00 0.00000e+00 1.50279e-03
1.22388e+01 9.19475e-10 3.60997e-11 3.14276e-04 0.00000e+00 0.00000e+00 1.50010e-03
1.22461e+01 1.75504e-09 3.59979e-11 3.13712e-04 0.00000e+00 0.00000e+00 1.49741e-03
1.22534e+01 2.24617e-09 3.26656e-11 3.13150e-04 0.00000e+00 0.00000e+00 1.49472e-03
1.22607e+01 3.04485e-09 3.24905e-11 3.12589e-04 0.00000e+00 0.00000e+00 1.49205e-03
1.22681e+01 3.49873e-09 2.91616e-11 3.12030e-04 0.00000e+00 0.00000e+00 1.48938e-03
1.22754e+01 4.25673e-09 2.89292e-11 3.11472e-04 0.00000e+00 0.00000e+00 1.48671e-03
1.22827e+01 4.66983e-09 2.56189e-11 3.10915e-04 0.00000e+00 0.00000e+00 1.48405e-03
1.22900e+01 5.38386e-09 2.53444e-11 3.10359e-04 0.00000e+00 0.00000e+00 1.48140e-03
1.22974e+01 5.75311e-09 2.20668e-11 3.09805e-04 0.00000e+00 0.00000e+00 1.47876e-03
1.23047e+01 6.42038e-09 2.17648e-11 3.09252e-04 0.00000e+00 0.00000e+00 1.47612e-03
1.23120e+01 6.74322e-09 1.85336e-11 3.08701e-04 0.00000e+00 0.00000e+00 1.47348e-03
1.23193e+01 7.36143e-09 1.82177e-11 3.08150e-04 0.00000e+00 0.00000e+00 1.47086e-03
1.23267e+01 7.63580e-09 1.50455e-11 3.07601e-04 0.00000e+00 0.00000e+00 1.46824e-03
1.23340e+01 8.20314e-09 1.47286e-11 3.07054e-04 0.00000e+00 0.00000e+00 1.46562e-03
1.23413e+01 8.42748e-09 1.16272e-11 3.06507e-04 0.00000e+00 0.00000e+00 1.46302e-03
1.23486e+01 8.94263e-09 1.13210e-11 3.05962e-04 0.00000e+00 0.00000e+00 1.46041e-03
1.23560e+01 9.11585e-09 8.30123e-12 3.05418e-04 0.00000e+00 0.00000e+00 1.45782e-03
1.23633e+01 9.57798e-09 8.01679e-12 3.04876e-04 0.00000e+00 0.00000e+00 1.45523e-03
1.23706e+01 9.69948e-09 5.08841e-12 3.04335e-04 0.00000e+00 0.00000e+00 1.45265e-03
1.23779e+01 1.01082e-08 4.83552e-12 3.03795e-04 0.00000e+00 0.00000e+00 1.45007e-03
1.23853e+01 1.01779e-08 2.00744e-12 3.03256e-04 0.00000e+00 0.00000e+00 1.44750e-03
1.23926e+01 1.05333e-08 1.79503e-12 3.02719e-04 0.00000e+00 0.00000e+00 1.44493e-03
1.23999e+01 1.05514e-08 -9.25012e-13 3.02183e-04 0.00000e+00 0.00000e+00 1.44237e-03
1.24072e+01 1.08540e-08 -1.08909e-12 3.01648e-04 0.00000e+00 0.00000e+00 1.43982e-03
1.24146e+01 1.08212e-08 -3.69425e-12 3.01114e-04 0.00000e+00 0.00000e+00 1.43727e-03
1.24219e+01 1.10720e-08 -3.80323e-12 3.00582e-04 0.00000e+00 0.00000e+00 1.43473e-03
1.24292e+01 1.09895e-08 -6.28776e-12 3.00051e-04 0.00000e+00 0.00000e+00 1.43220e-03
1.24365e+01 1.11898e-08 -6.33585e-12 2.99521e-04 0.00000e+00 0.00000e+00 1.42967e-03
1.24438e+01 1.10590e-08 -8.69504e-12 2.98993e-04 0.00000e+00 0.00000e+00 1.42715e-03
1.24512e+01 1.12104e-08 -8.67742e-12 2.98465e-04 0.00000e+00 0.00000e+00 1.42463e-03
1.24585e+01 1.10332e-08 -1.09075e-11 2.97939e-04 0.00000e+00 0.00000e+00 1.42212e-03
1.24658e+01 1.11377e-08 -1.08204e-11 2.97414e-04 0.00000e+00 0.00000e+00 1.41961e-03
1.24731e+01 1.09162e-08 -1.29187e-11 2.96891e-04 0.00000e+00 0.00000e+00 1.41711e-03
1.24805e+01 1.09763e-08 -1.27594e-11 2.96368e-04 0.00000e+00 0.00000e+00 1.41462e-03
1.24878e+01 1.07129e-08 -1.47240e-11 2.95847e-04 0.00000e+00 0.00000e+00 1.41213e-03
1.24951e+01 1.07309e-08 -1.44904e-11 2.95327e-04 0.00000e+00 0.00000e+00 1.40965e-03
1.25024e+01 1.04285e-08 -1.63204e-11 2.94808e-04 0.00000e+00 0.00000e+00 1.40718e-03
1.25098e+01 1.04073e-08 -1.60118e-11 2.94291e-04 0.00000e+00 0.00000e+00 1.40471e-03
1.25171e+01 1.00686e-08 -1.77072e-11 2.93775e-04 0.00000e+00 0.00000e+00 1.40224e-03
1.25244e+01 1.00113e-08 -1.73232e-11 2.93260e-04 0.00000e+00 0.00000e+00 1.39978e-03
1.25317e+01 9.63937e-09 -1.88848e-11 2.92746e-04 0.00000e+00 0.00000e+00 1.39733e-03
1.25391e+01 9.54908e-09 -1.84262e-11 2.92233e-04 0.00000e+00 0.00000e+00 1.39488e-03
1.25464e+01 9.14727e-09 -1.98555e-11 2.91721e-04 0.00000e+00 0.00000e+00 1.39244e-03
1.25537e+01 9.02732e-09 -1.93237e-11 2.91211e-04 0.00000e+00 0.00000e+00 1.39000e-03
1.25610e+01 8.59896e-09 -2.06230e-11 2.90702e-04 0.00000e+00 0.00000e+00 1.38757e-03
1.25684e+01 8.45276e-09 -2.00202e-11 2.90194e-04 0.00000e+00 0.00000e+00 1.38515e-03
1.25757e+01 8.00132e-09 -2.11924e-11 2.89687e-04 0.00000e+00 0.00000e+00 1.38273e-03
1.25830e+01 7.83236e-09 -2.05213e-11 2.89182e-04 0.00000e+00 0.00000e+00 1.38032e-03
1.25903e+01 7.36133e-09 -2.15700e-11 2.88677e-04 0.00000e+00 0.00000e+00 1.37791e-03
1.25977e+01 7.17316e-09 -2.08339e-11 2.88174e-04 0.00000e+00 0.00000e+00 1.37551e-03
1.26050e+01 6.68606e-09 -2.17632e-11 2.87672e-04 0.00000e+00 0.00000e+00 1.37311e-03
1.26123e+01 6.48221e-09 -2.09660e-11 2.87171e-04 0.00000e+00 0.00000e+00 1.37072e-03
1.26196e+01 5.98258e-09 -2.17806e-11 2.86672e-04 0.00000e+00 0.00000e+00 1.36834e-03
1.26270e+01 5.76656e-09 -2.09266e-11 2.86173e-04 0.00000e+00 0.00000e+00 1.36596e-03
1.26343e+01 5.25789e-09 -2.16314e-11 2.85676e-04 0.00000e+00 0.00000e+00 1.36358e-03
1.26416e+01 5.03316e-09 -2.07254e-11 2.85179e-04 0.00000e+00 0.00000e+00 1.36121e-03
1.26489e+01 4.51887e-09 -2.13259e-11 2.84684e-04 0.00000e+00 0.00000e+00 1.35885e-03
1.26562e+01 4.28884e-09 -2.03729e-11 2.84190e-04 0.00000e+00 0.00000e+00 1.35649e-03
1.26636e+01 3.77225e-09 -2.08747e-11 2.83697e-04 0.00000e+00 0.00000e+00 1.35414e-03
1.26709e+01 3.54020e-09 -1.98803e-11 2.83206e-04 0.00000e+00 0.00000e+00 1.35179e-03
1.26782e+01 3.02455e-09 -2.02894e-11 2.82715e-04 0.00000e+00 0.00000e+00 1.34945e-03
1.26855e+01 2.79365e-09 -1.92589e-11 2.82226e-04 0.00000e+00 0.00000e+00 1.34712e-03
1.26929e+01 2.28202e-09 -1.95815e-11 2.81738e-04 0.00000e+00 0.00000e+00 1.34479e-03
1.27002e+01 2.05528e-09 -1.85208e-11 2.81250e-04 0.00000e+00 0.00000e+00 1.34246e-03
1.27075e+01 1.55060e-09 -1.87631e-11 2.80764e-04 0.00000e+00 0.00000e+00 1.34014e-03
1.27148e+01 1.33088e-09 -1.76781e-11 2.80279e-04 0.00000e+00 0.00000e+00 1.33783e-03
1.27222e+01 8.35914e-10 -1.78465e-11 2.79796e-04 0.00000e+00 0.00000e+00 1.33552e-03
1.27295e+01 6.25886e-10 -1.67431e-11 2.79313e-04 0.00000e+00 0.00000e+00 1.33321e-03
1.27368e+01 1.43197e-10 -1.68440e-11 2.78831e-04 0.00000e+00 0.00000e+00 1.33091e-03
1.27441e+01 -5.46612e-11 -1.57281e-11 2.78351e-04 0.00000e+00 0.00000e+00 1.32862e-03
1.27515e+01 -5.22704e-10 -1.57680e-11 2.77872e-04 0.00000e+00 0.00000e+00 1.32633e-03
1.27588e+01 -7.06124e-10 -1.46456e-11 2.77393e-04 0.00000e+00 0.00000e+00 1.32405e-03
1.27661e+01 -1.15737e-09 -1.46306e-11 2.76916e-04 0.00000e+00 0.00000e+00 1.32177e-03
1.27734e+01 -1.32430e-09 -1.35074e-11 2.76440e-04 0.00000e+00 0.00000e+00 1.31950e-03
1.27808e+01 -1.75681e-09 -1.34439e-11 2.75965e-04 0.00000e+00 0.00000e+00 1.31723e-03
1.27881e+01 -1.90543e-09 -1.23257e-11 2.75491e-04 0.00000e+00 0.00000e+00 1.31497e-03
1.27954e+01 -2.31752e-09 -1.22197e-11 2.75018e-04 0.00000e+00 0.00000e+00 1.31271e-03
1.28027e+01 -2.44624e-09 -1.11119e-11 2.74547e-04 0.00000e+00 0.00000e+00 1.31046e-03
1.28101e+01 -2.83643e-09 -1.09692e-11 2.74076e-04 0.00000e+00 0.00000e+00 1.30822e-03
1.28174e+01 -2.94389e-09 -9.87731e-12 2.73606e-04 0.00000e+00 0.00000e+00 1.30597e-03
1.28247e+01 -3.31096e-09 -9.70366e-12 2.73138e-04 0.00000e+00 0.00000e+00 1.30374e-03
1.28320e+01 -3.39604e-09 -8.63261e-12 2.72671e-04 0.00000e+00 0.00000e+00 1.30151e-03
1.28394e+01 -3.73899e-09 -8.43338e-12 2.72204e-04 0.00000e+00 0.00000e+00 1.29928e-03
1.28467e+01 -3.80081e-09 -7.38809e-12 2.71739e-04 0.00000e+00 0.00000e+00 1.29706e-03
1.28540e+01 -4.11890e-09 -7.16840e-12 2.71275e-04 0.00000e+00 0.00000e+00 1.29484e-03
1.28613e+01 -4.15682e-09 -6.15342e-12 2.70811e-04 0.00000e+00 0.00000e+00 1.29263e-03
1.28687e+01 -4.44950e-09 -5.91805e-12 2.70349e-04 0.00000e+00 0.00000e+00 1.29043e-03
1.28760e+01 -4.46310e-09 -4.93763e-12 2.69888e-04 0.00000e+00 0.00000e+00 1.28823e-03
1.28833e+01 -4.73010e-09 -4.69114e-12 2.69428e-04 0.00000e+00 0.00000e+00 1.28603e-03
1.28906e+01 -4.71919e-09 -3.74920e-12 2.68969e-04 0.00000e+00 0.00000e+00 1.28384e-03
1.28979e+01 -4.96041e-09 -3.49575e-12 2.68511e-04 0.00000e+00 0.00000e+00 1.28165e-03
1.29053e+01 -4.92501e-09 -2.59587e-12 2.68054e-04 0.00000e+00 0.00000e+00 1.27947e-03
1.29126e+01 -5.14060e-09 -2.33932e-12 2.67598e-04 0.00000e+00 0.00000e+00 1.27730e-03
1.29199e+01 -5.08095e-09 -1.48474e-12 2.67144e-04 0.00000e+00 0.00000e+00 1.27513e-03
1.29272e+01 -5.27124e-09 -1.22851e-12 2.66690e-04 0.00000e+00 0.00000e+00 1.27296e-03
1.29346e+01 -5.18775e-09 -4.22105e-13 2.66237e-04 0.00000e+00 0.00000e+00 1.27080e-03
1.29419e+01 -5.35329e-09 -1.69346e-13 2.65785e-04 0.00000e+00 0.00000e+00 1.26864e-03
1.29492e+01 -5.24658e-09 5.86317e-13 2.65334e-04 0.00000e+00 0.00000e+00 1.26649e-03
1.29565e+01 -5.38805e-09 8.32860e-13 2.64885e-04 0.00000e+00 0.00000e+00 1.26434e-03
1.29639e+01 -5.25891e-09 1.53575e-12 2.64436e-04 0.00000e+00 0.00000e+00 1.26220e-03
1.29712e+01 -5.37720e-09 1.77368e-12 2.63988e-04 0.00000e+00 0.00000e+00 1.26007e-03
1.29785e+01 -5.22657e-09 2.42186e-12 2.63542e-04 0.00000e+00 0.00000e+00 1.25793e-03
1.29858e+01 -5.32269e-09 2.64919e-12 2.63096e-04 0.00000e+00 0.00000e+00 1.25581e-03
1.29932e+01 -5.15166e-09 3.24123e-12 2.62651e-04 0.00000e+00 0.00000e+00 1.25368e-03
1.30005e+01 -5.22678e-09 3.45631e-12 2.62208e-04 0.00000e+00 0.00000e+00 1.25157e-03
1.30078e+01 -5.03656e-09 3.99114e-12 2.61765e-04 0.00000e+00 0.00000e+00 1.24945e-03
1.30151e+01 -5.09197e-09 4.19262e-12 2.61323e-04 0.00000e+00 0.00000e+00 1.24734e-03
1.30225e+01 -4.88389e-09 4.66945e-12 2.60883e-04 0.00000e+00 0.00000e+00 1.24524e-03
1.30298e+01 -4.92097e-09 4.85639e-12 2.60443e-04 0.00000e+00 0.00000e+00 1.24314e-03
1.30371e+01 -4.69647e-09 5.27483e-12 2.60004e-04 0.00000e+00 0.00000e+00 1.24105e-03
1.30444e+01 -4.71669e-09 5.44652e-12 2.59567e-04 0.00000e+00 0.00000e+00 1.23896e-03
1.30518e+01 -4.47728e-09 5.80645e-12 2.59130e-04 0.00000e+00 0.00000e+00 1.23687e-03
1.30591e+01 -4.48220e-09 5.96257e-12 2.58694e-04 0.00000e+00 0.00000e+00 1.23479e-03
1.30664e+01 -4.22945e-09 6.26417e-12 2.58259e-04 0.00000e+00 0.00000e+00 1.23272e-03
1.30737e+01 -4.22068e-09 6.40469e-12 2.57825e-04 0.00000e+00 0.00000e+00 1.23065e-03
1.30811e+01 -3.95622e-09 6.64841e-12 2.57393e-04 0.00000e+00 0.00000e+00 1.22858e-03
1.30884e+01 -3.93542e-09 6.77352e-12 2.56961e-04 0.00000e+00 0.00000e+00 1.22652e-03
1.30957e+01 -3.66090e-09 6.96013e-12 2.56530e-04 0.00000e+00 0.00000e+00 1.22446e-03
1.31030e+01 -3.62975e-09 7.07032e-12 2.56100e-04 0.00000e+00 0.00000e+00 1.22241e-03
1.31104e+01 -3.34687e-09 7.20081e-12 2.55671e-04 0.00000e+00 0.00000e+00 1.22036e-03
1.31177e+01 -3.30705e-09 7.29683e-12 2.55243e-04 0.00000e+00 0.00000e+00 1.21832e-03
1.31250e+01 -3.01749e-09 7.37237e-12 2.54816e-04 0.00000e+00 0.00000e+00 1.21628e-03
1.31323e+01 -2.97069e-09 7.45516e-12 2.54390e-04 0.00000e+00 0.00000e+00 1.21425e-03
1.31396e+01 -2.67613e-09 7.47720e-12 2.53965e-04 0.00000e+00 0.00000e+00 1.21222e-03
1.31470e+01 -2.62404e-09 7.54794e-12 2.53540e-04 0.00000e+00 0.00000e+00 1.21020e-03
1.31543e+01 -2.32612e-09 7.51804e-12 2.53117e-04 0.00000e+00 0.00000e+00 1.20817e-03
1.31616e+01 -2.27038e-09 7.57803e-12 2.52695e-04 0.00000e+00 0.00000e+00 1.20616e-03
1.31689e+01 -1.97073e-09 7.49802e-12 2.52273e-04 0.00000e+00 0.00000e+00 1.20415e-03
1.31763e+01 -1.91293e-09 7.54872e-12 2.51853e-04 0.00000e+00 0.00000e+00 1.20214e-03
1.31836e+01 -1.61312e-09 7.42046e-12 2.51433e-04 0.00000e+00 0.00000e+00 1.20014e-03
1.31909e+01 -1.55481e-09 7.46359e-12 2.51015e-04 0.00000e+00 0.00000e+00 1.19814e-03
1.31982e+01 -1.25635e-09 7.28913e-12 2.50597e-04 0.00000e+00 0.00000e+00 1.19615e-03
1.32056e+01 -1.19903e-09 7.32629e-12 2.50180e-04 0.00000e+00 0.00000e+00 1.19416e-03
1.32129e+01 -9.03363e-10 7.10777e-12 2.49765e-04 0.00000e+00 0.00000e+00 1.19217e-03
1.32202e+01 -8.48429e-10 7.14093e-12 2.49350e-04 0.00000e+00 0.00000e+00 1.19019e-03
1.32275e+01 -5.56919e-10 6.88059e-12 2.48936e-04 0.00000e+00 0.00000e+00 1.18822e-03
1.32349e+01 -5.05704e-10 6.91153e-12 2.48523e-04 0.00000e+00 0.00000e+00 1.18624e-03
1.32422e+01 -2.19630e-10 6.61166e-12 2.48111e-04 0.00000e+00 0.00000e+00 1.18428e-03
1.32495e+01 -1.73372e-10 6.64241e-12 2.47699e-04 0.00000e+00 0.00000e+00 1.18231e-03
1.32568e+01 1.06081e-10 6.30525e-12 2.47289e-04 0.00000e+00 0.00000e+00 1.18036e-03
1.32642e+01 1.46240e-10 6.33778e-12 2.46880e-04 0.00000e+00 0.00000e+00 1.17840e-03
1.32715e+01 4.17987e-10 5.96578e-12 2.46471e-04 0.00000e+00 0.00000e+00 1.17645e-03
1.32788e+01 4.51006e-10 6.00211e-12 2.46063e-04 0.00000e+00 0.00000e+00 1.17451e-03
1.32861e+01 7.14066e-10 5.59753e-12 2.45657e-04 0.00000e+00 0.00000e+00 1.17257e-03
1.32935e+01 7.39012e-10 5.63967e-12 2.45251e-04 0.00000e+00 0.00000e+00 1.17063e-03
1.33008e+01 9.92511e-10 5.20488e-12 2.44846e-04 0.00000e+00 0.00000e+00 1.16870e-03
1.33081e+01 1.00856e-09 5.25476e-12 2.44442e-04 0.00000e+00 0.00000e+00 1.16677e-03
1.33154e+01 1.25174e-09 4.79202e-12 2.44039e-04 0.00000e+00 0.00000e+00 1.16484e-03
1.33228e+01 1.25818e-09 4.85172e-12 2.43637e-04 0.00000e+00 0.00000e+00 1.16292e-03
1.33301e+01 1.49038e-09 4.36333e-12 2.43235e-04 0.00000e+00 0.00000e+00 1.16101e-03
1.33374e+01 1.48661e-09 4.43464e-12 2.42835e-04 0.00000e+00 0.00000e+00 1.15909e-03
1.33447e+01 1.70731e-09 3.92283e-12 2.42435e-04 0.00000e+00 0.00000e+00 1.15719e-03
1.33521e+01 1.69284e-09 4.00762e-12 2.42036e-04 0.00000e+00 0.00000e+00 1.15528e-03
1.33594e+01 1.90161e-09 3.47450e-12 2.41638e-04 0.00000e+00 0.00000e+00 1.15338e-03
1.33667e+01 1.87608e-09 3.57451e-12 2.41241e-04 0.00000e+00 0.00000e+00 1.15149e-03
1.33740e+01 2.07260e-09 3.02209e-12 2.40845e-04 0.00000e+00 0.00000e+00 1.14960e-03
1.33813e+01 2.03575e-09 3.13911e-12 2.40450e-04 0.00000e+00 0.00000e+00 1.14771e-03
1.33887e+01 2.21983e-09 2.56937e-12 2.40056e-04 0.00000e+00 0.00000e+00 1.14583e-03
1.33960e+01 2.17149e-09 2.70487e-12 2.39662e-04 0.00000e+00 0.00000e+00 1.14395e-03
1.34033e+01 2.34303e-09 2.11972e-12 2.39269e-04 0.00000e+00 0.00000e+00 1.14208e-03
1.34106e+01 2.28318e-09 2.27524e-12 2.38878e-04 0.00000e+00 0.00000e+00 1.14021e-03
1.34180e+01 2.44219e-09 1.67634e-12 2.38487e-04 0.00000e+00 0.00000e+00 1.13834e-03
1.34253e+01 2.37087e-09 1.85326e-12 2.38097e-04 0.00000e+00 0.00000e+00 1.13648e-03
1.34326e+01 2.51747e-09 1.24233e-12 2.37707e-04 0.00000e+00 0.00000e+00 1.13462e-03
1.34399e+01 2.43482e-09 1.44194e-12 2.37319e-04 0.00000e+00 0.00000e+00 1.13277e-03
1.34473e+01 2.56921e-09 8.20410e-13 2.36931e-04 0.00000e+00 0.00000e+00 1.13092e-03
1.34546e+01 2.47549e-09 1.04383e-12 2.36545e-04 0.00000e+00 0.00000e+00 1.12907e-03
1.34619e+01 2.59796e-09 4.13151e-13 2.36159e-04 0.00000e+00 0.00000e+00 1.12723e-03
1.34692e+01 2.49349e-09 6.61357e-13 2.35774e-04 0.00000e+00 0.00000e+00 1.12539e-03
1.34766e+01 2.60442e-09 2.27555e-14 2.35389e-04 0.00000e+00 0.00000e+00 1.12356e-03
1.34839e+01 2.48961e-09 2.96727e-13 2.35006e-04 0.00000e+00 0.00000e+00 1.12173e-03
1.34912e+01 2.58945e-09 -3.48631e-13 2.34624e-04 0.00000e+00 0.00000e+00 1.11990e-03
1.34985e+01 2.46479e-09 -4.81867e-14 2.34242e-04 0.00000e+00 0.00000e+00 1.11808e-03
1.35059e+01 2.55406e-09 -6.99314e-13 2.33861e-04 0.00000e+00 0.00000e+00 1.11626e-03
1.35132e+01 2.42010e-09 -3.71772e-13 2.33481e-04 0.00000e+00 0.00000e+00 1.11445e-03
1.35205e+01 2.49937e-09 -1.02780e-12 2.33102e-04 0.00000e+00 0.00000e+00 1.11264e-03
1.35278e+01 2.35671e-09 -6.72583e-13 2.32723e-04 0.00000e+00 0.00000e+00 1.11083e-03
1.35352e+01 2.42664e-09 -1.33275e-12 2.32346e-04 0.00000e+00 0.00000e+00 1.10903e-03
1.35425e+01 2.27594e-09 -9.49490e-13 2.31969e-04 0.00000e+00 0.00000e+00 1.10723e-03
1.35498e+01 2.33721e-09 -1.61319e-12 2.31593e-04 0.00000e+00 0.00000e+00 1.10544e-03
1.35571e+01 2.17917e-09 -1.20162e-12 2.31218e-04 0.00000e+00 0.00000e+00 1.10365e-03
1.35645e+01 2.23250e-09 -1.86832e-12 2.30843e-04 0.00000e+00 0.00000e+00 1.10186e-03
1.35718e+01 2.06785e-09 -1.42829e-12 2.30470e-04 0.00000e+00 0.00000e+00 1.10008e-03
1.35791e+01 2.11400e-09 -2.09768e-12 2.30097e-04 0.00000e+00 0.00000e+00 1.09830e-03
1.35864e+01 1.94352e-09 -1.62916e-12 2.29725e-04 0.00000e+00 0.00000e+00 1.09652e-03
1.35938e+01 1.98327e-09 -2.30088e-12 2.29354e-04 0.00000e+00 0.00000e+00 1.09475e-03
1.36011e+01 1.80774e-09 -1.80394e-12 2.28984e-04 0.00000e+00 0.00000e+00 1.09298e-03
1.36084e+01 1.84189e-09 -2.47790e-12 2.28614e-04 0.00000e+00 0.00000e+00 1.09122e-03
1.36157e+01 1.66211e-09 -1.95265e-12 2.28246e-04 0.00000e+00 0.00000e+00 1.08946e-03
1.36230e+01 1.69147e-09 -2.62879e-12 2.27878e-04 0.00000e+00 0.00000e+00 1.08770e-03
1.36304e+01 1.50824e-09 -2.07558e-12 2.27510e-04 0.00000e+00 0.00000e+00 1.08595e-03
1.36377e+01 1.53363e-09 -2.75390e-12 2.27144e-04 0.00000e+00 0.00000e+00 1.08420e-03
1.36450e+01 1.34776e-09 -2.17307e-12 2.26779e-04 0.00000e+00 0.00000e+00 1.08246e-03
1.36523e+01 1.36997e-09 -2.85369e-12 2.26414e-04 0.00000e+00 0.00000e+00 1.08071e-03
1.36597e+01 1.18226e-09 -2.24572e-12 2.26050e-04 0.00000e+00 0.00000e+00 1.07898e-03
1.36670e+01 1.20210e-09 -2.92887e-12 2.25686e-04 0.00000e+00 0.00000e+00 1.07724e-03
1.36743e+01 1.01333e-09 -2.29424e-12 2.25324e-04 0.00000e+00 0.00000e+00 1.07551e-03
1.36816e+01 1.03158e-09 -2.98026e-12 2.24962e-04 0.00000e+00 0.00000e+00 1.07379e-03
1.36890e+01 8.42511e-10 -2.31959e-12 2.24601e-04 0.00000e+00 0.00000e+00 1.07206e-03
1.36963e+01 8.59925e-10 -3.00875e-12 2.24241e-04 0.00000e+00 0.00000e+00 1.07035e-03
1.37036e+01 6.71302e-10 -2.32270e-12 2.23882e-04 0.00000e+00 0.00000e+00 1.06863e-03
1.37109e+01 6.88608e-10 -3.01549e-12 2.23523e-04 0.00000e+00 0.00000e+00 1.06692e-03
1.37183e+01 5.01139e-10 -2.30469e-12 2.23166e-04 0.00000e+00 0.00000e+00 1.06521e-03
1.37256e+01 5.19035e-10 -3.00155e-12 2.22808e-04 0.00000e+00 0.00000e+00 1.06351e-03
1.37329e+01 3.33392e-10 -2.26690e-12 2.22452e-04 0.00000e+00 0.00000e+00 1.06181e-03
1.37402e+01 3.52537e-10 -2.96836e-12 2.22097e-04 0.00000e+00 0.00000e+00 1.06011e-03
1.37476e+01 1.69356e-10 -2.21056e-12 2.21742e-04 0.00000e+00 0.00000e+00 1.05841e-03
1.37549e+01 1.90368e-10 -2.91717e-12 2.21388e-04 0.00000e+00 0.00000e+00 1.05673e-03
1.37622e+01 1.02406e-11 -2.13710e-12 2.21035e-04 0.00000e+00 0.00000e+00 1.05504e-03
1.37695e+01 3.36936e-11 -2.84946e-12 2.20682e-04 0.00000e+00 0.00000e+00 1.05336e-03
1.37769e+01 -1.42835e-10 -2.04796e-12 2.20330e-04 0.00000e+00 0.00000e+00 1.05168e-03
1.37842e+01 -1.16414e-10 -2.76666e-12 2.19979e-04 0.00000e+00 0.00000e+00 1.05000e-03
1.37915e+01 -2.88847e-10 -1.94462e-12 2.19629e-04 0.00000e+00 0.00000e+00 1.04833e-03
1.37988e+01 -2.58982e-10 -2.67031e-12 2.19279e-04 0.00000e+00 0.00000e+00 1.04666e-03
1.38062e+01 -4.26873e-10 -1.82862e-12 2.18931e-04 0.00000e+00 0.00000e+00 1.04500e-03
1.38135e+01 -3.93139e-10 -2.56190e-12 2.18583e-04 0.00000e+00 0.00000e+00 1.04333e-03
1.38208e+01 -5.56094e-10 -1.70146e-12 2.18235e-04 0.00000e+00 0.00000e+00 1.04168e-03
1.38281e+01 -5.18120e-10 -2.44304e-12 2.17889e-04 0.00000e+00 0.00000e+00 1.04002e-03
1.38354e+01 -6.75799e-10 -1.56473e-12 2.17543e-04 0.00000e+00 0.00000e+00 1.03837e-03
1.38428e+01 -6.33266e-10 -2.31521e-12 2.17198e-04 0.00000e+00 0.00000e+00 1.03672e-03
1.38501e+01 -7.85383e-10 -1.41992e-12 2.16853e-04 0.00000e+00 0.00000e+00 1.03508e-03
1.38574e+01 -7.38028e-10 -2.17989e-12 2.16510e-04 0.00000e+00 0.00000e+00 1.03344e-03
1.38647e+01 -8.84351e-10 -1.26851e-12 2.16167e-04 0.00000e+00 0.00000e+00 1.03180e-03
1.38721e+01 -8.31966e-10 -2.03869e-12 2.15824e-04 0.00000e+00 0.00000e+00 1.03017e-03
1.38794e+01 -9.72318e-10 -1.11204e-12 2.15483e-04 0.00000e+00 0.00000e+00 1.02854e-03
1.38867e+01 -9.14746e-10 -1.89300e-12 2.15142e-04 0.00000e+00 0.00000e+00 1.02691e-03
1.38940e+01 -1.04900e-09 -9.51948e-13 2.14802e-04 0.00000e+00 0.00000e+00 1.02529e-03
1.39014e+01 -9.86142e-10 -1.74423e-12 2.14463e-04 0.00000e+00 0.00000e+00 1.02367e-03
1.39087e+01 -1.11423e-09 -7.89568e-13 2.14124e-04 0.00000e+00 0.00000e+00 1.02205e-03
1.39160e+01 -1.04603e-09 -1.59373e-12 2.13786e-04 0.00000e+00 0.00000e+00 1.02044e-03
1.39233e+01 -1.16793e-09 -6.26265e-13 2.13449e-04 0.00000e+00 0.00000e+00 1.01883e-03
1.39307e+01 -1.09439e-09 -1.44284e-12 2.13113e-04 0.00000e+00 0.00000e+00 1.01723e-03
1.39380e+01 -1.21013e-09 -4.63275e-13 2.12777e-04 0.00000e+00 0.00000e+00 1.01562e-03
1.39453e+01 -1.13129e-09 -1.29275e-12 2.12442e-04 0.00000e+00 0.00000e+00 1.01402e-03
1.39526e+01 -1.24094e-09 -3.01814e-13 2.12107e-04 0.00000e+00 0.00000e+00 1.01243e-03
1.39600e+01 -1.15691e-09 -1.14464e-12 2.11774e-04 0.00000e+00 0.00000e+00 1.01083e-03
1.39673e+01 -1.26059e-09 -1.42989e-13 2.11441e-04 0.00000e+00 0.00000e+00 1.00925e-03
1.39746e+01 -1.17148e-09 -9.99613e-13 2.11108e-04 0.00000e+00 0.00000e+00 1.00766e-03
1.39819e+01 -1.26935e-09 1.21155e-14 2.10777e-04 0.00000e+00 0.00000e+00 1.00608e-03
1.39893e+01 -1.17536e-09 -8.58610e-13 2.10446e-04 0.00000e+00 0.00000e+00 1.00450e-03
1.39966e+01 -1.26762e-09 1.62649e-13 2.10116e-04 0.00000e+00 0.00000e+00 1.00292e-03
1.40039e+01 -1.16893e-09 -7.22548e-13 2.09786e-04 0.00000e+00 0.00000e+00 1.00135e-03
1.40112e+01 -1.25581e-09 3.07663e-13 2.09457e-04 0.00000e+00 0.00000e+00 9.99779e-04
1.40186e+01 -1.15270e-09 -5.92310e-13 2.09129e-04 0.00000e+00 0.00000e+00 9.98212e-04
1.40259e+01 -1.23446e-09 4.46399e-13 2.08802e-04 0.00000e+00 0.00000e+00 9.96649e-04
1.40332e+01 -1.12718e-09 -4.68579e-13 2.08475e-04 0.00000e+00 0.00000e+00 9.95090e-04
1.40405e+01 -1.20412e-09 5.78169e-13 2.08149e-04 0.00000e+00 0.00000e+00 9.93533e-04
1.40479e+01 -1.09298e-09 -3.52014e-13 2.07824e-04 0.00000e+00 0.00000e+00 9.91980e-04
1.40552e+01 -1.16542e-09 7.02395e-13 2.07499e-04 0.00000e+00 0.00000e+00 9.90430e-04
1.40625e+01 -1.05074e-09 -2.43135e-13 2.07175e-04 0.00000e+00 0.00000e+00 9.88883e-04
1.40698e+01 -1.11901e-09 8.18535e-13 2.06851e-04 0.00000e+00 0.00000e+00 9.87340e-04
1.40771e+01 -1.00114e-09 -1.42443e-13 2.06529e-04 0.00000e+00 0.00000e+00 9.85800e-04
1.40845e+01 -1.06560e-09 9.26235e-13 2.06207e-04 0.00000e+00 0.00000e+00 9.84262e-04
1.40918e+01 -9.44896e-10 -5.02640e-14 2.05885e-04 0.00000e+00 0.00000e+00 9.82729e-04
1.40991e+01 -1.00592e-09 1.02509e-12 2.05565e-04 0.00000e+00 0.00000e+00 9.81198e-04
1.41064e+01 -8.82747e-10 3.30825e-14 2.05245e-04 0.00000e+00 0.00000e+00 9.79670e-04
1.41138e+01 -9.40707e-10 1.11494e-12 2.04925e-04 0.00000e+00 0.00000e+00 9.78146e-04
1.41211e+01 -8.15453e-10 1.07359e-13 2.04606e-04 0.00000e+00 0.00000e+00 9.76625e-04
1.41284e+01 -8.70739e-10 1.19553e-12 2.04288e-04 0.00000e+00 0.00000e+00 9.75107e-04
1.41357e+01 -7.43786e-10 1.72497e-13 2.03971e-04 0.00000e+00 0.00000e+00 9.73592e-04
1.41431e+01 -7.96787e-10 1.26688e-12 2.03654e-04 0.00000e+00 0.00000e+00 9.72080e-04
1.41504e+01 -6.68520e-10 2.28450e-13 2.03338e-04 0.00000e+00 0.00000e+00 9.70571e-04
1.41577e+01 -7.19626e-10 1.32891e-12 2.03023e-04 0.00000e+00 0.00000e+00 9.69066e-04
1.41650e+01 -5.90429e-10 2.75211e-13 2.02708e-04 0.00000e+00 0.00000e+00 9.67563e-04
1.41724e+01 -6.40026e-10 1.38171e-12 2.02394e-04 0.00000e+00 0.00000e+00 9.66064e-04
1.41797e+01 -5.10279e-10 3.12931e-13 2.02081e-04 0.00000e+00 0.00000e+00 9.64568e-04
1.41870e+01 -5.58745e-10 1.42543e-12 2.01768e-04 0.00000e+00 0.00000e+00 9.63075e-04
1.41943e+01 -4.28819e-10 3.41732e-13 2.01456e-04 0.00000e+00 0.00000e+00 9.61585e-04
1.42017e+01 -4.76527e-10 1.46020e-12 2.01144e-04 0.00000e+00 0.00000e+00 9.60098e-04
1.42090e+01 -3.46782e-10 3.61858e-13 2.00833e-04 0.00000e+00 0.00000e+00 9.58614e-04
1.42163e+01 -3.94088e-10 1.48636e-12 2.00523e-04 0.00000e+00 0.00000e+00 9.57133e-04
1.42236e+01 -2.64872e-10 3.73602e-13 2.00213e-04 0.00000e+00 0.00000e+00 9.55655e-04
1.42310e+01 -3.12120e-10 1.50415e-12 1.99904e-04 0.00000e+00 0.00000e+00 9.54180e-04
1.42383e+01 -1.83765e-10 3.77201e-13 1.99596e-04 0.00000e+00 0.00000e+00 9.52708e-04
1.42456e+01 -2.31283e-10 1.51398e-12 1.99288e-04 0.00000e+00 0.00000e+00 9.51240e-04
1.42529e+01 -1.04102e-10 3.73146e-13 1.98981e-04 0.00000e+00 0.00000e+00 9.49774e-04
1.42603e+01 -1.52199e-10 1.51617e-12 1.98675e-04 0.00000e+00 0.00000e+00 9.48311e-04
1.42676e+01 -2.64874e-11 3.61855e-13 1.98369e-04 0.00000e+00 0.00000e+00 9.46852e-04
1.42749e+01 -7.54499e-11 1.51122e-12 1.98064e-04 0.00000e+00 0.00000e+00 9.45395e-04
1.42822e+01 4.85189e-11 3.43675e-13 1.97759e-04 0.00000e+00 0.00000e+00 9.43941e-04
1.42896e+01 -1.57574e-12 1.49956e-12 1.97455e-04 0.00000e+00 0.00000e+00 9.42490e-04
1.42969e+01 1.20400e-10 3.19150e-13 1.97152e-04 0.00000e+00 0.00000e+00 9.41043e-04
1.43042e+01 6.89305e-11 1.48170e-12 1.96849e-04 0.00000e+00 0.00000e+00 9.39598e-04
1.43115e+01 1.88686e-10 2.88743e-13 1.96547e-04 0.00000e+00 0.00000e+00 9.38156e-04
1.43188e+01 1.35624e-10 1.45814e-12 1.96246e-04 0.00000e+00 0.00000e+00 9.36717e-04
1.43262e+01 2.52957e-10 2.53001e-13 1.95945e-04 0.00000e+00 0.00000e+00 9.35281e-04
1.43335e+01 1.98108e-10 1.42937e-12 1.95645e-04 0.00000e+00 0.00000e+00 9.33848e-04
1.43408e+01 3.12843e-10 2.12427e-13 1.95345e-04 0.00000e+00 0.00000e+00 9.32418e-04
1.43481e+01 2.56041e-10 1.39601e-12 1.95046e-04 0.00000e+00 0.00000e+00 9.30991e-04
1.43555e+01 3.68025e-10 1.67582e-13 1.94748e-04 0.00000e+00 0.00000e+00 9.29567e-04
1.43628e+01 3.09128e-10 1.35853e-12 1.94450e-04 0.00000e+00 0.00000e+00 9.28145e-04
1.43701e+01 4.18238e-10 1.19036e-13 1.94153e-04 0.00000e+00 0.00000e+00 9.26727e-04
1.43774e+01 3.57130e-10 1.31749e-12 1.93856e-04 0.00000e+00 0.00000e+00 9.25311e-04
1.43848e+01 4.63267e-10 6.73150e-14 1.93560e-04 0.00000e+00 0.00000e+00 9.23899e-04
1.43921e+01 3.99859e-10 1.27346e-12 1.93265e-04 0.00000e+00 0.00000e+00 9.22489e-04
1.43994e+01 5.02950e-10 1.29220e-14 1.92970e-04 0.00000e+00 0.00000e+00 9.21082e-04
1.44067e+01 4.37177e-10 1.22695e-12 1.92676e-04 0.00000e+00 0.00000e+00 9.19678e-04
1.44141e+01 5.37175e-10 -4.35808e-14 1.92382e-04 0.00000e+00 0.00000e+00 9.18277e-04
1.44214e+01 4.69000e-10 1.17848e-12 1.92089e-04 0.00000e+00 0.00000e+00 9.16878e-04
1.44287e+01 5.65881e-10 -1.01688e-13 1.91797e-04 0.00000e+00 0.00000e+00 9.15483e-04
1.44360e+01 4.95289e-10 1.12858e-12 1.91505e-04 0.00000e+00 0.00000e+00 9.14090e-04
1.44434e+01 5.89055e-10 -1.60875e-13 1.91214e-04 0.00000e+00 0.00000e+00 9.12700e-04
1.44507e+01 5.16054e-10 1.07775e-12 1.90923e-04 0.00000e+00 0.00000e+00 9.11313e-04
1.44580e+01 6.06729e-10 -2.20694e-13 1.90633e-04 0.00000e+00 0.00000e+00 9.09929e-04
1.44653e+01 5.31352e-10 1.02647e-12 1.90344e-04 0.00000e+00 0.00000e+00 9.08547e-04
1.44727e+01 6.18981e-10 -2.80676e-13 1.90055e-04 0.00000e+00 0.00000e+00 9.07168e-04
1.44800e+01 5.41281e-10 9.75166e-13 1.89767e-04 0.00000e+00 0.00000e+00 9.05793e-04
1.44873e+01 6.25931e-10 -3.40330e-13 1.89479e-04 0.00000e+00 0.00000e+00 9.04419e-04
1.44946e+01 5.45979e-10 9.24217e-13 1.89192e-04 0.00000e+00 0.00000e+00 9.03049e-04
1.45020e+01 6.27736e-10 -3.99245e-13 1.88906e-04 0.00000e+00 0.00000e+00 9.01682e-04
1.45093e+01 5.45624e-10 8.74136e-13 1.88620e-04 0.00000e+00 0.00000e+00 9.00317e-04
1.45166e+01 6.24591e-10 -4.57172e-13 1.88334e-04 0.00000e+00 0.00000e+00 8.98955e-04
1.45239e+01 5.40428e-10 8.25222e-13 1.88050e-04 0.00000e+00 0.00000e+00 8.97595e-04
1.45312e+01 6.16724e-10 -5.13602e-13 1.87765e-04 0.00000e+00 0.00000e+00 8.96239e-04
1.45386e+01 5.30632e-10 7.77844e-13 1.87482e-04 0.00000e+00 0.00000e+00 8.94885e-04
1.45459e+01 6.04392e-10 -5.68253e-13 1.87199e-04 0.00000e+00 0.00000e+00 8.93534e-04
1.45532e+01 5.16509e-10 7.32299e-13 1.86916e-04 0.00000e+00 0.00000e+00 8.92186e-04
1.45605e+01 5.87879e-10 -6.20852e-13 1.86634e-04 0.00000e+00 0.00000e+00 8.90840e-04
1.45679e+01 4.98353e-10 6.88867e-13 1.86353e-04 0.00000e+00 0.00000e+00 8.89497e-04
1.45752e+01 5.67491e-10 -6.71090e-13 1.86072e-04 0.00000e+00 0.00000e+00 8.88157e-04
1.45825e+01 4.76483e-10 6.47832e-13 1.85792e-04 0.00000e+00 0.00000e+00 8.86819e-04
1.45898e+01 5.43555e-10 -7.18779e-13 1.85512e-04 0.00000e+00 0.00000e+00 8.85484e-04
1.45972e+01 4.51232e-10 6.09378e-13 1.85233e-04 0.00000e+00 0.00000e+00 8.84152e-04
1.46045e+01 5.16414e-10 -7.63711e-13 1.84955e-04 0.00000e+00 0.00000e+00 8.82822e-04
1.46118e+01 4.22951e-10 5.73654e-13 1.84677e-04 0.00000e+00 0.00000e+00 8.81495e-04
1.46191e+01 4.86423e-10 -8.05712e-13 1.84399e-04 0.00000e+00 0.00000e+00 8.80171e-04
1.46265e+01 3.91998e-10 5.40859e-13 1.84122e-04 0.00000e+00 0.00000e+00 8.78850e-04
1.46338e+01 4.53946e-10 -8.44615e-13 1.83846e-04 0.00000e+00 0.00000e+00 8.77531e-04
1.46411e+01 3.58743e-10 5.11163e-13 1.83570e-04 0.00000e+00 0.00000e+00 8.76214e-04
1.46484e+01 4.19352e-10 -8.80386e-13 1.83295e-04 0.00000e+00 0.00000e+00 8.74901e-04
1.46558e+01 3.23555e-10 4.84561e-13 1.83020e-04 0.00000e+00 0.00000e+00 8.73590e-04
1.46631e+01 3.83014e-10 -9.12872e-13 1.82746e-04 0.00000e+00 0.00000e+00 8.72281e-04
1.46704e+01 2.86808e-10 4.61152e-13 1.82473e-04 0.00000e+00 0.00000e+00 8.70975e-04
1.46777e+01 3.45304e-10 -9.42067e-13 1.82200e-04 0.00000e+00 0.00000e+00 8.69672e-04
1.46851e+01 2.48871e-10 4.40987e-13 1.81927e-04 0.00000e+00 0.00000e+00 8.68372e-04
1.46924e+01 3.06588e-10 -9.67949e-13 1.81655e-04 0.00000e+00 0.00000e+00 8.67074e-04
1.46997e+01 2.10109e-10 4.24067e-13 1.81384e-04 0.00000e+00 0.00000e+00 8.65778e-04
1.47070e+01 2.67229e-10 -9.90522e-13 1.81113e-04 0.00000e+00 0.00000e+00 8.64485e-04
1.47144e+01 1.70878e-10 4.10357e-13 1.80843e-04 0.00000e+00 0.00000e+00 8.63195e-04
1.47217e+01 2.27577e-10 -1.00981e-12 1.80573e-04 0.00000e+00 0.00000e+00 8.61907e-04
1.47290e+01 1.31524e-10 3.99805e-13 1.80304e-04 0.00000e+00 0.00000e+00 8.60622e-04
1.47363e+01 1.87972e-10 -1.02588e-12 1.80035e-04 0.00000e+00 0.00000e+00 8.59340e-04
1.47437e+01 9.23808e-11 3.92379e-13 1.79767e-04 0.00000e+00 0.00000e+00 8.58060e-04
1.47510e+01 1.48739e-10 -1.03883e-12 1.79499e-04 0.00000e+00 0.00000e+00 8.56782e-04
1.47583e+01 5.37646e-11 3.87995e-13 1.79232e-04 0.00000e+00 0.00000e+00 8.55507e-04
1.47656e+01 1.10187e-10 -1.04865e-12 1.78965e-04 0.00000e+00 0.00000e+00 8.54235e-04
1.47729e+01 1.59754e-11 3.86529e-13 1.78699e-04 0.00000e+00 0.00000e+00 8.52965e-04
1.47803e+01 7.26072e-11 -1.05560e-12 1.78434e-04 0.00000e+00 0.00000e+00 8.51697e-04
1.47876e+01 -2.07059e-11 3.87826e-13 1.78169e-04 0.00000e+00 0.00000e+00 8.50432e-04
1.47949e+01 3.62692e-11 -1.05973e-12 1.77904e-04 0.00000e+00 0.00000e+00 8.49170e-04
1.48022e+01 -5.60192e-11 3.91789e-13 1.77640e-04 0.00000e+00 0.00000e+00 8.47910e-04
1.48096e+01 1.42248e-12 -1.06121e-12 1.77377e-04 0.00000e+00 0.00000e+00 8.46653e-04
1.48169e+01 -8.97264e-11 3.98280e-13 1.77114e-04 0.00000e+00 0.00000e+00 8.45398e-04
1.48242e+01 -3.17061e-11 -1.06018e-12 1.76852e-04 0.00000e+00 0.00000e+00 8.44145e-04
1.48315e+01 -1.21612e-10 4.07122e-13 1.76590e-04 0.00000e+00 0.00000e+00 8.42895e-04
1.48389e+01 -6.29135e-11 -1.05682e-12 1.76328e-04 0.00000e+00 0.00000e+00 8.41648e-04
1.48462e+01 -1.51486e-10 4.18113e-13 1.76068e-04 0.00000e+00 0.00000e+00 8.40403e-04
1.48535e+01 -9.20206e-11 -1.05127e-12 1.75807e-04 0.00000e+00 0.00000e+00 8.39160e-04
1.48608e+01 -1.79181e-10 4.31138e-13 1.75547e-04 0.00000e+00 0.00000e+00 8.37920e-04
1.48682e+01 -1.18874e-10 -1.04378e-12 1.75288e-04 0.00000e+00 0.00000e+00 8.36682e-04
1.48755e+01 -2.04556e-10 4.45943e-13 1.75029e-04 0.00000e+00 0.00000e+00 8.35447e-04
1.48828e+01 -1.43343e-10 -1.03448e-12 1.74771e-04 0.00000e+00 0.00000e+00 8.34214e-04
1.48901e+01 -2.27493e-10 4.62345e-13 1.74513e-04 0.00000e+00 0.00000e+00 8.32984e-04
1.48975e+01 -1.65325e-10 -1.02360e-12 1.74256e-04 0.00000e+00 0.00000e+00 8.31756e-04
1.49048e+01 -2.47902e-10 4.80229e-13 1.73999e-04 0.00000e+00 0.00000e+00 8.30530e-04
1.49121e+01 -1.84740e-10 -1.01129e-12 1.73743e-04 0.00000e+00 0.00000e+00 8.29307e-04
1.49194e+01 -2.65715e-10 4.99314e-13 1.73487e-04 0.00000e+00 0.00000e+00 8.28086e-04
1.49268e+01 -2.01533e-10 -9.97782e-13 1.73232e-04 0.00000e+00 0.00000e+00 8.26868e-04
1.49341e+01 -2.80889e-10 5.19472e-13 1.72977e-04 0.00000e+00 0.00000e+00 8.25652e-04
1.49414e+01 -2.15674e-10 -9.83259e-13 1.72723e-04 0.00000e+00 0.00000e+00 8.24439e-04
1.49487e+01 -2.93405e-10 5.40461e-13 1.72469e-04 0.00000e+00 0.00000e+00 8.23227e-04
1.49561e+01 -2.27155e-10 -9.67908e-13 1.72216e-04 0.00000e+00 0.00000e+00 8.22018e-04
1.49634e+01 -3.03268e-10 5.62127e-13 1.71963e-04 0.00000e+00 0.00000e+00 8.20812e-04
1.49707e+01 -2.35991e-10 -9.51910e-13 1.71711e-04 0.00000e+00 0.00000e+00 8.19608e-04
1.49780e+01 -3.10503e-10 5.84251e-13 1.71459e-04 0.00000e+00 0.00000e+00 8.18406e-04
1.49854e+01 -2.42218e-10 -9.35468e-13 1.71208e-04 0.00000e+00 0.00000e+00 8.17207e-04
1.49927e+01 -3.15156e-10 6.06723e-13 1.70957e-04 0.00000e+00 0.00000e+00 8.16010e-04
1.50000e+01 -2.45892e-10 -9.18654e-13 1.70707e-04 0.00000e+00 0.00000e+00 8.14815e-04
1.50073e+01 -3.17293e-10 6.29353e-13 1.70457e-04 0.00000e+00 0.00000e+00 8.13622e-04
1.50146e+01 -2.47089e-10 -9.01796e-13 1.70208e-04 0.00000e+00 0.00000e+00 8.12432e-04
1.50220e+01 -3.16998e-10 6.51897e-13 1.69959e-04 0.00000e+00 0.00000e+00 8.11245e-04
1.50293e+01 -2.45901e-10 -8.84946e-13 1.69710e-04 0.00000e+00 0.00000e+00 8.10059e-04
1.50366e+01 -3.14372e-10 6.74345e-13 1.69463e-04 0.00000e+00 0.00000e+00 8.08876e-04
1.50439e+01 -2.42437e-10 -8.68279e-13 1.69215e-04 0.00000e+00 0.00000e+00 8.07695e-04
1.50513e+01 -3.09530e-10 6.96426e-13 1.68968e-04 0.00000e+00 0.00000e+00 8.06517e-04
1.50586e+01 -2.36819e-10 -8.51909e-13 1.68722e-04 0.00000e+00 0.00000e+00 8.05340e-04
1.50659e+01 -3.02604e-10 7.18080e-13 1.68476e-04 0.00000e+00 0.00000e+00 8.04166e-04
1.50732e+01 -2.29184e-10 -8.36014e-13 1.68230e-04 0.00000e+00 0.00000e+00 8.02995e-04
1.50806e+01 -2.93733e-10 7.39130e-13 1.67985e-04 0.00000e+00 0.00000e+00 8.01825e-04
1.50879e+01 -2.19678e-10 -8.20651e-13 1.67741e-04 0.00000e+00 0.00000e+00 8.00658e-04
1.50952e+01 -2.83071e-10 7.59531e-13 1.67497e-04 0.00000e+00 0.00000e+00 7.99493e-04
1.51025e+01 -2.08458e-10 -8.05994e-13 1.67253e-04 0.00000e+00 0.00000e+00 7.98331e-04
1.51099e+01 -2.70777e-10 7.79133e-13 1.67010e-04 0.00000e+00 0.00000e+00 7.97170e-04
1.51172e+01 -1.95689e-10 -7.92087e-13 1.66767e-04 0.00000e+00 0.00000e+00 7.96012e-04
1.51245e+01 -2.57019e-10 7.97860e-13 1.66525e-04 0.00000e+00 0.00000e+00 7.94856e-04
1.51318e+01 -1.81540e-10 -7.79014e-13 1.66284e-04 0.00000e+00 0.00000e+00 7.93703e-04
1.51392e+01 -2.41970e-10 8.15622e-13 1.66042e-04 0.00000e+00 0.00000e+00 7.92551e-04
1.51465e+01 -1.66187e-10 -7.66887e-13 1.65802e-04 0.00000e+00 0.00000e+00 7.91402e-04
1.51538e+01 -2.25806e-10 8.32382e-13 1.65561e-04 0.00000e+00 0.00000e+00 7.90255e-04
1.51611e+01 -1.49806e-10 -7.55761e-13 1.65322e-04 0.00000e+00 0.00000e+00 7.89110e-04
1.51685e+01 -2.08707e-10 8.48052e-13 1.65082e-04 0.00000e+00 0.00000e+00 7.87968e-04
1.51758e+01 -1.32578e-10 -7.45665e-13 1.64843e-04 0.00000e+00 0.00000e+00 7.86827e-04
1.51831e+01 -1.90850e-10 8.62627e-13 1.64605e-04 0.00000e+00 0.00000e+00 7.85689e-04
1.51904e+01 -1.14681e-10 -7.36622e-13 1.64367e-04 0.00000e+00 0.00000e+00 7.84553e-04
1.51978e+01 -1.72414e-10 8.76034e-13 1.64129e-04 0.00000e+00 0.00000e+00 7.83420e-04
1.52051e+01 -9.62914e-11 -7.28715e-13 1.63892e-04 0.00000e+00 0.00000e+00 7.82288e-04
1.52124e+01 -1.53575e-10 8.88247e-13 1.63656e-04 0.00000e+00 0.00000e+00 7.81159e-04
1.52197e+01 -7.75830e-11 -7.21900e-13 1.63419e-04 0.00000e+00 0.00000e+00 7.80032e-04
1.52271e+01 -1.34503e-10 8.99319e-13 1.63184e-04 0.00000e+00 0.00000e+00 7.78906e-04
1.52344e+01 -5.87253e-11 -7.16238e-13 1.62949e-04 0.00000e+00 0.00000e+00 7.77784e-04
1.52417e+01 -1.15366e-10 9.09150e-13 1.62714e-04 0.00000e+00 0.00000e+00 7.76663e-04
1.52490e+01 -3.98818e-11 -7.11731e-13 1.62479e-04 0.00000e+00 0.00000e+00 7.75544e-04
1.52563e+01 -9.63232e-11 9.17817e-13 1.62246e-04 0.00000e+00 0.00000e+00 7.74428e-04
1.52637e+01 -2.12090e-11 -7.08295e-13 1.62012e-04 0.00000e+00 0.00000e+00 7.73314e-04
1.52710e+01 -7.75285e-11 9.25261e-13 1.61779e-04 0.00000e+00 0.00000e+00 7.72201e-04
1.52783e+01 -2.85597e-12 -7.05966e-13 1.61547e-04 0.00000e+00 0.00000e+00 7.71091e-04
1.52856e+01 -5.91258e-11 9.31649e-13 1.61314e-04 0.00000e+00 0.00000e+00 7.69984e-04
1.52930e+01 1.50369e-11 -7.04747e-13 1.61083e-04 0.00000e+00 0.00000e+00 7.68878e-04
1.53003e+01 -4.12511e-11 9.36856e-13 1.60852e-04 0.00000e+00 0.00000e+00 7.67774e-04
1.53076e+01 3.23392e-11 -7.04570e-13 1.60621e-04 0.00000e+00 0.00000e+00 7.66673e-04
1.53149e+01 -2.40298e-11 9.40997e-13 1.60390e-04 0.00000e+00 0.00000e+00 7.65573e-04
1.53223e+01 4.89305e-11 -7.05389e-13 1.60161e-04 0.00000e+00 0.00000e+00 7.64476e-04
1.53296e+01 -7.57682e-12 9.44087e-13 1.59931e-04 0.00000e+00 0.00000e+00 7.63381e-04
1.53369e+01 6.47012e-11 -7.07176e-13 1.59702e-04 0.00000e+00 0.00000e+00 7.62287e-04
1.53442e+01 8.00364e-12 9.46163e-13 1.59473e-04 0.00000e+00 0.00000e+00 7.61196e-04
1.53516e+01 7.95531e-11 -7.09864e-13 1.59245e-04 0.00000e+00 0.00000e+00 7.60107e-04
1.53589e+01 2.26194e-11 9.47329e-13 1.59018e-04 0.00000e+00 0.00000e+00 7.59020e-04
1.53662e+01 9.33995e-11 -7.13412e-13 1.58790e-04 0.00000e+00 0.00000e+00 7.57936e-04
1.53735e+01 3.61894e-11 9.47595e-13 1.58563e-04 0.00000e+00 0.00000e+00 7.56853e-04
1.53809e+01 1.06166e-10 -7.17749e-13 1.58337e-04 0.00000e+00 0.00000e+00 7.55772e-04
1.53882e+01 4.86452e-11 9.47052e-13 1.58111e-04 0.00000e+00 0.00000e+00 7.54694e-04
1.53955e+01 1.17789e-10 -7.22821e-13 1.57886e-04 0.00000e+00 0.00000e+00 7.53617e-04
1.54028e+01 5.99300e-11 9.45740e-13 1.57660e-04 0.00000e+00 0.00000e+00 7.52542e-04
1.54102e+01 1.28218e-10 -7.28598e-13 1.57436e-04 0.00000e+00 0.00000e+00 7.51470e-04
1.54175e+01 6.99990e-11 9.43758e-13 1.57211e-04 0.00000e+00 0.00000e+00 7.50399e-04
1.54248e+01 1.37416e-10 -7.34944e-13 1.56988e-04 0.00000e+00 0.00000e+00 7.49331e-04
1.54321e+01 7.88194e-11 9.41102e-13 1.56764e-04 0.00000e+00 0.00000e+00 7.48265e-04
1.54395e+01 1.45353e-10 -7.41846e-13 1.56541e-04 0.00000e+00 0.00000e+00 7.47200e-04
1.54468e+01 8.63704e-11 9.37927e-13 1.56319e-04 0.00000e+00 0.00000e+00 7.46138e-04
1.54541e+01 1.52017e-10 -7.49228e-13 1.56096e-04 0.00000e+00 0.00000e+00 7.45077e-04
1.54614e+01 9.26419e-11 9.34248e-13 1.55875e-04 0.00000e+00 0.00000e+00 7.44019e-04
1.54688e+01 1.57401e-10 -7.56971e-13 1.55653e-04 0.00000e+00 0.00000e+00 7.42963e-04
1.54761e+01 9.76353e-11 9.30141e-13 1.55433e-04 0.00000e+00 0.00000e+00 7.41908e-04
1.54834e+01 1.61513e-10 -7.65084e-13 1.55212e-04 0.00000e+00 0.00000e+00 7.40856e-04
1.54907e+01 1.01363e-10 9.25723e-13 1.54992e-04 0.00000e+00 0.00000e+00 7.39806e-04
1.54980e+01 1.64370e-10 -7.73417e-13 1.54772e-04 0.00000e+00 0.00000e+00 7.38757e-04
1.55054e+01 1.03846e-10 9.20998e-13 1.54553e-04 0.00000e+00 0.00000e+00 7.37711e-04
1.55127e+01 1.65997e-10 -7.82012e-13 1.54334e-04 0.00000e+00 0.00000e+00 7.36666e-04
1.55200e+01 1.05115e-10 9.16052e-13 1.54116e-04 0.00000e+00 0.00000e+00 7.35624e-04
1.55273e+01 1.66432e-10 -7.90722e-13 1.53898e-04 0.00000e+00 0.00000e+00 7.34584e-04
1.55347e+01 1.05212e-10 9.10915e-13 1.53680e-04 0.00000e+00 0.00000e+00 7.33545e-04
1.55420e+01 1.65718e-10 -7.99472e-13 1.53463e-04 0.00000e+00 0.00000e+00 7.32508e-04
1.55493e+01 1.04183e-10 9.05721e-13 1.53246e-04 0.00000e+00 0.00000e+00 7.31474e-04
1.55566e+01 1.63907e-10 -8.08286e-13 1.53030e-04 0.00000e+00 0.00000e+00 7.30441e-04
1.55640e+01 1.02085e-10 9.00476e-13 1.52814e-04 0.00000e+00 0.00000e+00 7.29410e-04
1.55713e+01 1.61058e-10 -8.17049e-13 1.52599e-04 0.00000e+00 0.00000e+00 7.28382e-04
1.55786e+01 9.89793e-11 8.95231e-13 1.52384e-04 0.00000e+00 0.00000e+00 7.27355e-04
1.55859e+01 1.57235e-10 -8.25725e-13 1.52169e-04 0.00000e+00 0.00000e+00 7.26330e-04
1.55933e+01 9.49341e-11 8.90087e-13 1.51954e-04 0.00000e+00 0.00000e+00 7.25307e-04
1.56006e+01 1.52510e-10 -8.34243e-13 1.51741e-04 0.00000e+00 0.00000e+00 7.24286e-04
1.56079e+01 9.00220e-11 8.85031e-13 1.51527e-04 0.00000e+00 0.00000e+00 7.23267e-04
1.56152e+01 1.46957e-10 -8.42568e-13 1.51314e-04 0.00000e+00 0.00000e+00 7.22249e-04
1.56226e+01 8.43203e-11 8.80151e-13 1.51101e-04 0.00000e+00 0.00000e+00 7.21234e-04
1.56299e+01 1.40656e-10 -8.50696e-13 1.50889e-04 0.00000e+00 0.00000e+00 7.20221e-04
1.56372e+01 7.79095e-11 8.75480e-13 1.50677e-04 0.00000e+00 0.00000e+00 7.19209e-04
1.56445e+01 1.33688e-10 -8.58541e-13 1.50465e-04 0.00000e+00 0.00000e+00 7.18199e-04
1.56519e+01 7.08724e-11 8.71037e-13 1.50254e-04 0.00000e+00 0.00000e+00 7.17192e-04
1.56592e+01 1.26137e-10 -8.66030e-13 1.50044e-04 0.00000e+00 0.00000e+00 7.16186e-04
1.56665e+01 6.32941e-11 8.66842e-13 1.49833e-04 0.00000e+00 0.00000e+00 7.15182e-04
1.56738e+01 1.18088e-10 -8.73241e-13 1.49623e-04 0.00000e+00 0.00000e+00 7.14180e-04
1.56812e+01 5.52605e-11 8.62991e-13 1.49414e-04 0.00000e+00 0.00000e+00 7.13179e-04
1.56885e+01 1.09629e-10 -8.80070e-13 1.49205e-04 0.00000e+00 0.00000e+00 7.12181e-04
1.56958e+01 4.68575e-11 8.59436e-13 1.48996e-04 0.00000e+00 0.00000e+00 7.11184e-04
1.57031e+01 1.00844e-10 -8.86503e-13 1.48787e-04 0.00000e+00 0.00000e+00 7.10190e-04
1.57104e+01 3.81710e-11 8.56241e-13 1.48579e-04 0.00000e+00 0.00000e+00 7.09197e-04
1.57178e+01 9.18193e-11 -8.92580e-13 1.48372e-04 0.00000e+00 0.00000e+00 7.08206e-04
1.57251e+01 2.92855e-11 8.53395e-13 1.48165e-04 0.00000e+00 0.00000e+00 7.07217e-04
1.57324e+01 8.26382e-11 -8.98208e-13 1.47958e-04 0.00000e+00 0.00000e+00 7.06230e-04
1.57397e+01 2.02837e-11 8.50934e-13 1.47751e-04 0.00000e+00 0.00000e+00 7.05244e-04
1.57471e+01 7.33822e-11 -9.03452e-13 1.47545e-04 0.00000e+00 0.00000e+00 7.04261e-04
1.57544e+01 1.12459e-11 8.48854e-13 1.47340e-04 0.00000e+00 0.00000e+00 7.03279e-04
1.57617e+01 6.41304e-11 -9.08228e-13 1.47134e-04 0.00000e+00 0.00000e+00 7.02299e-04
1.57690e+01 2.24927e-12 8.47143e-13 1.46929e-04 0.00000e+00 0.00000e+00 7.01321e-04
1.57764e+01 5.49585e-11 -9.12547e-13 1.46725e-04 0.00000e+00 0.00000e+00 7.00344e-04
1.57837e+01 -6.63221e-12 8.45818e-13 1.46521e-04 0.00000e+00 0.00000e+00 6.99370e-04
1.57910e+01 4.59380e-11 -9.16470e-13 1.46317e-04 0.00000e+00 0.00000e+00 6.98397e-04
1.57983e+01 -1.53286e-11 8.44905e-13 1.46113e-04 0.00000e+00 0.00000e+00 6.97426e-04
1.58057e+01 3.71369e-11 -9.19946e-13 1.45910e-04 0.00000e+00 0.00000e+00 6.96457e-04
1.58130e+01 -2.37745e-11 8.44416e-13 1.45708e-04 0.00000e+00 0.00000e+00 6.95490e-04
1.58203e+01 2.86182e-11 -9.23005e-13 1.45505e-04 0.00000e+00 0.00000e+00 6.94524e-04
1.58276e+01 -3.19094e-11 8.44237e-13 1.45304e-04 0.00000e+00 0.00000e+00 6.93561e-04
1.58350e+01 2.04401e-11 -9.25646e-13 1.45102e-04 0.00000e+00 0.00000e+00 6.92599e-04
1.58423e+01 -3.96775e-11 8.44458e-13 1.44901e-04 0.00000e+00 0.00000e+00 6.91639e-04
1.58496e+01 1.26557e-11 -9.27869e-13 1.44700e-04 0.00000e+00 0.00000e+00 6.90680e-04
1.58569e+01 -4.70285e-11 8.45012e-13 1.44500e-04 0.00000e+00 0.00000e+00 6.89724e-04
1.58643e+01 5.31246e-12 -9.29709e-13 1.44300e-04 0.00000e+00 0.00000e+00 6.88769e-04
1.58716e+01 -5.39176e-11 8.45927e-13 1.44100e-04 0.00000e+00 0.00000e+00 6.87816e-04
1.58789e+01 -1.54754e-12 -9.31169e-13 1.43901e-04 0.00000e+00 0.00000e+00 6.86864e-04
1.58862e+01 -6.03056e-11 8.47167e-13 1.43702e-04 0.00000e+00 0.00000e+00 6.85915e-04
1.58936e+01 -7.88801e-12 -9.32260e-13 1.43503e-04 0.00000e+00 0.00000e+00 6.84967e-04
1.59009e+01 -6.61591e-11 8.48713e-13 1.43305e-04 0.00000e+00 0.00000e+00 6.84021e-04
1.59082e+01 -1.36786e-11 -9.33040e-13 1.43107e-04 0.00000e+00 0.00000e+00 6.83076e-04
1.59155e+01 -7.14505e-11 8.50576e-13 1.42910e-04 0.00000e+00 0.00000e+00 6.82134e-04
1.59229e+01 -1.88945e-11 -9.33478e-13 1.42712e-04 0.00000e+00 0.00000e+00 6.81193e-04
1.59302e+01 -7.61583e-11 8.52636e-13 1.42516e-04 0.00000e+00 0.00000e+00 6.80254e-04
1.59375e+01 -2.35169e-11 -9.33672e-13 1.42319e-04 0.00000e+00 0.00000e+00 6.79316e-04
1.59448e+01 -8.02660e-11 8.54969e-13 1.42123e-04 0.00000e+00 0.00000e+00 6.78381e-04
1.59521e+01 -2.75323e-11 -9.33529e-13 1.41928e-04 0.00000e+00 0.00000e+00 6.77447e-04
1.59595e+01 -8.37634e-11 8.57520e-13 1.41732e-04 0.00000e+00 0.00000e+00 6.76514e-04
1.59668e+01 -3.09332e-11 -9.33159e-13 1.41537e-04 0.00000e+00 0.00000e+00 6.75584e-04
1.59741e+01 -8.66454e-11 8.60280e-13 1.41343e-04 0.00000e+00 0.00000e+00 6.74655e-04
1.59814e+01 -3.37174e-11 -9.32556e-13 1.41148e-04 0.00000e+00 0.00000e+00 6.73728e-04
1.59888e+01 -8.89124e-11 8.63200e-13 1.40955e-04 0.00000e+00 0.00000e+00 6.72802e-04
1.59961e+01 -3.58877e-11 -9.31759e-13 1.40761e-04 0.00000e+00 0.00000e+00 6.71879e-04
1.60034e+01 -9.05700e-11 8.66246e-13 1.40568e-04 0.00000e+00 0.00000e+00 6.70957e-04
1.60107e+01 -3.74522e-11 -9.30792e-13 1.40375e-04 0.00000e+00 0.00000e+00 6.70036e-04
1.60181e+01 -9.16283e-11 8.69434e-13 1.40183e-04 0.00000e+00 0.00000e+00 6.69118e-04
1.60254e+01 -3.84233e-11 -9.29668e-13 1.39990e-04 0.00000e+00 0.00000e+00 6.68201e-04
1.60327e+01 -9.21021e-11 8.72758e-13 1.39799e-04 0.00000e+00 0.00000e+00 6.67285e-04
1.60400e+01 -3.88180e-11 -9.28397e-13 1.39607e-04 0.00000e+00 0.00000e+00 6.66372e-04
1.60474e+01 -9.20106e-11 8.76121e-13 1.39416e-04 0.00000e+00 0.00000e+00 6.65460e-04
1.60547e+01 -3.86576e-11 -9.27085e-13 1.39226e-04 0.00000e+00 0.00000e+00 6.64549e-04
1.60620e+01 -9.13767e-11 8.79550e-13 1.39035e-04 0.00000e+00 0.00000e+00 6.63640e-04
1.60693e+01 -3.79666e-11 -9.25643e-13 1.38845e-04 0.00000e+00 0.00000e+00 6.62733e-04
1.60767e+01 -9.02270e-11 8.83023e-13 1.38655e-04 0.00000e+00 0.00000e+00 6.61828e-04
1.60840e+01 -3.67734e-11 -9.24153e-13 1.38466e-04 0.00000e+00 0.00000e+00 6.60924e-04
1.60913e+01 -8.85913e-11 8.86474e-13 1.38277e-04 0.00000e+00 0.00000e+00 6.60022e-04
1.60986e+01 -3.51091e-11 -9.22610e-13 1.38088e-04 0.00000e+00 0.00000e+00 6.59122e-04
1.61060e+01 -8.65021e-11 8.89910e-13 1.37900e-04 0.00000e+00 0.00000e+00 6.58223e-04
1.61133e+01 -3.30076e-11 -9.21067e-13 1.37712e-04 0.00000e+00 0.00000e+00 6.57326e-04
1.61206e+01 -8.39943e-11 8.93320e-13 1.37525e-04 0.00000e+00 0.00000e+00 6.56430e-04
1.61279e+01 -3.05050e-11 -9.19527e-13 1.37337e-04 0.00000e+00 0.00000e+00 6.55536e-04
1.61353e+01 -8.11051e-11 8.96699e-13 1.37150e-04 0.00000e+00 0.00000e+00 6.54644e-04
1.61426e+01 -2.76392e-11 -9.18002e-13 1.36964e-04 0.00000e+00 0.00000e+00 6.53753e-04
1.61499e+01 -7.78730e-11 9.00014e-13 1.36778e-04 0.00000e+00 0.00000e+00 6.52864e-04
1.61572e+01 -2.44495e-11 -9.16535e-13 1.36592e-04 0.00000e+00 0.00000e+00 6.51977e-04
1.61646e+01 -7.43383e-11 9.03196e-13 1.36406e-04 0.00000e+00 0.00000e+00 6.51091e-04
1.61719e+01 -2.09764e-11 -9.15074e-13 1.36221e-04 0.00000e+00 0.00000e+00 6.50207e-04
1.61792e+01 -7.05414e-11 9.06353e-13 1.36036e-04 0.00000e+00 0.00000e+00 6.49324e-04
1.61865e+01 -1.72612e-11 -9.13738e-13 1.35851e-04 0.00000e+00 0.00000e+00 6.48443e-04
1.61938e+01 -6.65239e-11 9.09380e-13 1.35667e-04 0.00000e+00 0.00000e+00 6.47564e-04
1.62012e+01 -1.33450e-11 -9.12415e-13 1.35483e-04 0.00000e+00 0.00000e+00 6.46686e-04
1.62085e+01 -6.23274e-11 9.12266e-13 1.35300e-04 0.00000e+00 0.00000e+00 6.45810e-04
1.62158e+01 -9.26978e-12 -9.11237e-13 1.35116e-04 0.00000e+00 0.00000e+00 6.44935e-04
1.62231e+01 -5.79931e-11 9.15034e-13 1.34933e-04 0.00000e+00 0.00000e+00 6.44062e-04
1.62305e+01 -5.07620e-12 -9.10135e-13 1.34751e-04 0.00000e+00 0.00000e+00 6.43190e-04
1.62378e+01 -5.35617e-11 9.17641e-13 1.34569e-04 0.00000e+00 0.00000e+00 6.42320e-04
1.62451e+01 -8.04827e-13 -9.09157e-13 1.34387e-04 0.00000e+00 0.00000e+00 6.41452e-04
1.62524e+01 -4.90732e-11 9.20112e-13 1.34205e-04 0.00000e+00 0.00000e+00 6.40585e-04
1.62598e+01 3.50504e-12 -9.08286e-13 1.34024e-04 0.00000e+00 0.00000e+00 6.39720e-04
1.62671e+01 -4.45662e-11 9.22445e-13 1.33843e-04 0.00000e+00 0.00000e+00 6.38856e-04
1.62744e+01 7.81528e-12 -9.07540e-13 1.33662e-04 0.00000e+00 0.00000e+00 6.37994e-04
1.62817e+01 -4.00782e-11 9.24616e-13 1.33482e-04 0.00000e+00 0.00000e+00 6.37133e-04
1.62891e+01 1.20894e-11 -9.06924e-13 1.33302e-04 0.00000e+00 0.00000e+00 6.36274e-04
1.62964e+01 -3.56449e-11 9.26598e-13 1.33122e-04 0.00000e+00 0.00000e+00 6.35417e-04
1.63037e+01 1.62927e-11 -9.06407e-13 1.32943e-04 0.00000e+00 0.00000e+00 6.34561e-04
1.63110e+01 -3.13000e-11 9.28425e-13 1.32764e-04 0.00000e+00 0.00000e+00 6.33706e-04
1.63184e+01 2.03924e-11 -9.06035e-13 1.32585e-04 0.00000e+00 0.00000e+00 6.32854e-04
1.63257e+01 -2.70749e-11 9.30119e-13 1.32407e-04 0.00000e+00 0.00000e+00 6.32002e-04
1.63330e+01 2.43579e-11 -9.05803e-13 1.32229e-04 0.00000e+00 0.00000e+00 6.31152e-04
1.63403e+01 -2.29993e-11 9.31621e-13 1.32051e-04 0.00000e+00 0.00000e+00 6.30304e-04
1.63477e+01 2.81611e-11 -9.05710e-13 1.31874e-04 0.00000e+00 0.00000e+00 6.29457e-04
1.63550e+01 -1.90999e-11 9.32971e-13 1.31697e-04 0.00000e+00 0.00000e+00 6.28612e-04
1.63623e+01 3.17765e-11 -9.05678e-13 1.31520e-04 0.00000e+00 0.00000e+00 6.27768e-04
1.63696e+01 -1.54013e-11 9.34153e-13 1.31343e-04 0.00000e+00 0.00000e+00 6.26926e-04
1.63770e+01 3.51807e-11 -9.05827e-13 1.31167e-04 0.00000e+00 0.00000e+00 6.26085e-04
1.63843e+01 -1.19250e-11 9.35189e-13 1.30991e-04 0.00000e+00 0.00000e+00 6.25246e-04
1.63916e+01 3.83534e-11 -9.06106e-13 1.30816e-04 0.00000e+00 0.00000e+00 6.24408e-04
1.63989e+01 -8.69016e-12 9.36078e-13 1.30641e-04 0.00000e+00 0.00000e+00 6.23572e-04
1.64062e+01 4.12771e-11 -9.06502e-13 1.30466e-04 0.00000e+00 0.00000e+00 6.22737e-04
1.64136e+01 -5.71294e-12 9.36823e-13 1.30291e-04 0.00000e+00 0.00000e+00 6.21904e-04
1.64209e+01 4.39370e-11 -9.06979e-13 1.30117e-04 0.00000e+00 0.00000e+00 6.21072e-04
1.64282e+01 -3.00683e-12 9.37411e-13 1.29943e-04 0.00000e+00 0.00000e+00 6.20242e-04
1.64355e+01 4.63209e-11 -9.07550e-13 1.29769e-04 0.00000e+00 0.00000e+00 6.19413e-04
1.64429e+01 -5.82556e-13 9.37841e-13 1.29596e-04 0.00000e+00 0.00000e+00 6.18586e-04
1.64502e+01 4.84196e-11 -9.08264e-13 1.29423e-04 0.00000e+00 0.00000e+00 6.17760e-04
1.64575e+01 1.55234e-12 9.38201e-13 1.29250e-04 0.00000e+00 0.00000e+00 6.16935e-04
1.64648e+01 5.02266e-11 -9.09060e-13 1.29078e-04 0.00000e+00 0.00000e+00 6.16112e-04
1.64722e+01 3.39238e-12 9.38415e-13 1.28906e-04 0.00000e+00 0.00000e+00 6.15291e-04
1.64795e+01 5.17381e-11 -9.09915e-13 1.28734e-04 0.00000e+00 0.00000e+00 6.14471e-04
1.64868e+01 4.93521e-12 9.38529e-13 1.28562e-04 0.00000e+00 0.00000e+00 6.13652e-04
1.64941e+01 5.29529e-11 -9.10851e-13 1.28391e-04 0.00000e+00 0.00000e+00 6.12835e-04
1.65015e+01 6.18075e-12 9.38525e-13 1.28220e-04 0.00000e+00 0.00000e+00 6.12019e-04
1.65088e+01 5.38721e-11 -9.11880e-13 1.28050e-04 0.00000e+00 0.00000e+00 6.11205e-04
1.65161e+01 7.13159e-12 9.38427e-13 1.27879e-04 0.00000e+00 0.00000e+00 6.10392e-04
1.65234e+01 5.44997e-11 -9.12919e-13 1.27709e-04 0.00000e+00 0.00000e+00 6.09581e-04
1.65308e+01 7.79264e-12 9.38261e-13 1.27540e-04 0.00000e+00 0.00000e+00 6.08771e-04
1.65381e+01 5.48413e-11 -9.14057e-13 1.27370e-04 0.00000e+00 0.00000e+00 6.07963e-04
1.65454e+01 8.17087e-12 9.38012e-13 1.27201e-04 0.00000e+00 0.00000e+00 6.07156e-04
1.65527e+01 5.49052e-11 -9.15226e-13 1.27033e-04 0.00000e+00 0.00000e+00 6.06350e-04
1.65601e+01 8.27536e-12 9.37681e-13 1.26864e-04 0.00000e+00 0.00000e+00 6.05546e-04
1.65674e+01 5.47016e-11 -9.16413e-13 1.26696e-04 0.00000e+00 0.00000e+00 6.04743e-04
1.65747e+01 8.11709e-12 9.37288e-13 1.26528e-04 0.00000e+00 0.00000e+00 6.03942e-04
1.65820e+01 5.42421e-11 -9.17641e-13 1.26360e-04 0.00000e+00 0.00000e+00 6.03142e-04
1.65894e+01 7.70905e-12 9.36887e-13 1.26193e-04 0.00000e+00 0.00000e+00 6.02343e-04
1.65967e+01 5.35405e-11 -9.18841e-13 1.26026e-04 0.00000e+00 0.00000e+00 6.01546e-04
1.66040e+01 7.06510e-12 9.36398e-13 1.25859e-04 0.00000e+00 0.00000e+00 6.00751e-04
1.66113e+01 5.26115e-11 -9.20106e-13 1.25693e-04 0.00000e+00 0.00000e+00 5.99956e-04
1.66187e+01 6.20124e-12 9.35911e-13 1.25527e-04 0.00000e+00 0.00000e+00 5.99163e-04
1.66260e+01 5.14715e-11 -9.21358e-13 1.25361e-04 0.00000e+00 0.00000e+00 5.98372e-04
1.66333e+01 5.13410e-12 9.35383e-13 1.25196e-04 0.00000e+00 0.00000e+00 5.97582e-04
1.66406e+01 5.01378e-11 -9.22584e-13 1.25030e-04 0.00000e+00 0.00000e+00 5.96793e-04
1.66479e+01 3.88149e-12 9.34824e-13 1.24865e-04 0.00000e+00 0.00000e+00 5.96006e-04
1.66553e+01 4.86288e-11 -9.23789e-13 1.24701e-04 0.00000e+00 0.00000e+00 5.95220e-04
1.66626e+01 2.46205e-12 9.34236e-13 1.24536e-04 0.00000e+00 0.00000e+00 5.94435e-04
1.66699e+01 4.69632e-11 -9.25003e-13 1.24372e-04 0.00000e+00 0.00000e+00 5.93652e-04
1.66772e+01 8.95225e-13 9.33687e-13 1.24209e-04 0.00000e+00 0.00000e+00 5.92870e-04
1.66846e+01 4.51606e-11 -9.26198e-13 1.24045e-04 0.00000e+00 0.00000e+00 5.92090e-04
1.66919e+01 -7.99410e-13 9.33146e-13 1.23882e-04 0.00000e+00 0.00000e+00 5.91311e-04
1.66992e+01 4.32410e-11 -9.27312e-13 1.23719e-04 0.00000e+00 0.00000e+00 5.90533e-04
1.67065e+01 -2.60200e-12 9.32596e-13 1.23556e-04 0.00000e+00 0.00000e+00 5.89757e-04
1.67139e+01 4.12241e-11 -9.28414e-13 1.23394e-04 0.00000e+00 0.00000e+00 5.88982e-04
1.67212e+01 -4.49257e-12 9.32037e-13 1.23232e-04 0.00000e+00 0.00000e+00 5.88208e-04
1.67285e+01 3.91302e-11 -9.29462e-13 1.23070e-04 0.00000e+00 0.00000e+00 5.87436e-04
1.67358e+01 -6.45108e-12 9.31490e-13 1.22908e-04 0.00000e+00 0.00000e+00 5.86665e-04
1.67432e+01 3.69788e-11 -9.30485e-13 1.22747e-04 0.00000e+00 0.00000e+00 5.85895e-04
1.67505e+01 -8.45765e-12 9.31031e-13 1.22586e-04 0.00000e+00 0.00000e+00 5.85127e-04
1.67578e+01 3.47896e-11 -9.31442e-13 1.22426e-04 0.00000e+00 0.00000e+00 5.84360e-04
1.67651e+01 -1.04934e-11 9.30545e-13 1.22265e-04 0.00000e+00 0.00000e+00 5.83595e-04
1.67725e+01 3.25816e-11 -9.32348e-13 1.22105e-04 0.00000e+00 0.00000e+00 5.82831e-04
1.67798e+01 -1.25393e-11 9.30119e-13 1.21945e-04 0.00000e+00 0.00000e+00 5.82068e-04
1.67871e+01 3.03731e-11 -9.33208e-13 1.21786e-04 0.00000e+00 0.00000e+00 5.81306e-04
1.67944e+01 -1.45775e-11 9.29703e-13 1.21627e-04 0.00000e+00 0.00000e+00 5.80546e-04
1.68018e+01 2.81819e-11 -9.33979e-13 1.21468e-04 0.00000e+00 0.00000e+00 5.79787e-04
1.68091e+01 -1.65906e-11 9.29342e-13 1.21309e-04 0.00000e+00 0.00000e+00 5.79030e-04
1.68164e+01 2.60247e-11 -9.34727e-13 1.21150e-04 0.00000e+00 0.00000e+00 5.78273e-04
1.68237e+01 -1.85624e-11 9.28990e-13 1.20992e-04 0.00000e+00 0.00000e+00 5.77518e-04
1.68311e+01 2.39174e-11 -9.35364e-13 1.20834e-04 0.00000e+00 0.00000e+00 5.76765e-04
1.68384e+01 -2.04776e-11 9.28670e-13 1.20677e-04 0.00000e+00 0.00000e+00 5.76012e-04
1.68457e+01 2.18746e-11 -9.35980e-13 1.20519e-04 0.00000e+00 0.00000e+00 5.75261e-04
1.68530e+01 -2.23218e-11 9.28401e-13 1.20362e-04 0.00000e+00 0.00000e+00 5.74512e-04
1.68604e+01 1.99103e-11 -9.36493e-13 1.20206e-04 0.00000e+00 0.00000e+00 5.73763e-04
1.68677e+01 -2.40821e-11 9.28174e-13 1.20049e-04 0.00000e+00 0.00000e+00 5.73016e-04
1.68750e+01 1.80367e-11 -9.36935e-13 1.19893e-04 0.00000e+00 0.00000e+00 5.72270e-04
1.68823e+01 -2.57465e-11 9.28010e-13 1.19737e-04 0.00000e+00 0.00000e+00 5.71526e-04
1.68896e+01 1.62648e-11 -9.37356e-13 1.19581e-04 0.00000e+00 0.00000e+00 5.70783e-04
1.68970e+01 -2.73046e-11 9.27874e-13 1.19426e-04 0.00000e+00 0.00000e+00 5.70041e-04
1.69043e+01 1.46049e-11 -9.37673e-13 1.19271e-04 0.00000e+00 0.00000e+00 5.69300e-04
1.69116e+01 -2.87471e-11 9.27772e-13 1.19116e-04 0.00000e+00 0.00000e+00 5.68561e-04
1.69189e+01 1.30652e-11 -9.37978e-13 1.18961e-04 0.00000e+00 0.00000e+00 5.67823e-04
1.69263e+01 -3.00663e-11 9.27680e-13 1.18807e-04 0.00000e+00 0.00000e+00 5.67086e-04
1.69336e+01 1.16533e-11 -9.38173e-13 1.18653e-04 0.00000e+00 0.00000e+00 5.66350e-04
1.69409e+01 -3.12553e-11 9.27665e-13 1.18499e-04 0.00000e+00 0.00000e+00 5.65616e-04
1.69482e+01 1.03748e-11 -9.38310e-13 1.18345e-04 0.00000e+00 0.00000e+00 5.64883e-04
1.69556e+01 -3.23092e-11 9.27660e-13 1.18192e-04 0.00000e+00 0.00000e+00 5.64152e-04
1.69629e+01 9.23421e-12 -9.38415e-13 1.18039e-04 0.00000e+00 0.00000e+00 5.63421e-04
1.69702e+01 -3.32239e-11 9.27712e-13 1.17886e-04 0.00000e+00 0.00000e+00 5.62692e-04
1.69775e+01 8.23480e-12 -9.38468e-13 1.17734e-04 0.00000e+00 0.00000e+00 5.61964e-04
1.69849e+01 -3.39971e-11 9.27752e-13 1.17581e-04 0.00000e+00 0.00000e+00 5.61237e-04
1.69922e+01 7.37863e-12 -9.38436e-13 1.17429e-04 0.00000e+00 0.00000e+00 5.60512e-04
1.69995e+01 -3.46273e-11 9.27844e-13 1.17278e-04 0.00000e+00 0.00000e+00 5.59788e-04
1.70068e+01 6.66616e-12 -9.38363e-13 1.17126e-04 0.00000e+00 0.00000e+00 5.59065e-04
1.70142e+01 -3.51145e-11 9.27957e-13 1.16975e-04 0.00000e+00 0.00000e+00 5.58343e-04
1.70215e+01 6.09680e-12 -9.38258e-13 1.16824e-04 0.00000e+00 0.00000e+00 5.57623e-04
1.70288e+01 -3.54600e-11 9.28102e-13 1.16673e-04 0.00000e+00 0.00000e+00 5.56903e-04
1.70361e+01 5.66904e-12 -9.38072e-13 1.16523e-04 0.00000e+00 0.00000e+00 5.56185e-04
1.70435e+01 -3.56659e-11 9.28252e-13 1.16373e-04 0.00000e+00 0.00000e+00 5.55469e-04
1.70508e+01 5.37974e-12 -9.37891e-13 1.16223e-04 0.00000e+00 0.00000e+00 5.54753e-04
1.70581e+01 -3.57357e-11 9.28433e-13 1.16073e-04 0.00000e+00 0.00000e+00 5.54039e-04
1.70654e+01 5.22520e-12 -9.37669e-13 1.15924e-04 0.00000e+00 0.00000e+00 5.53326e-04
1.70728e+01 -3.56736e-11 9.28641e-13 1.15775e-04 0.00000e+00 0.00000e+00 5.52614e-04
1.70801e+01 5.20066e-12 -9.37396e-13 1.15626e-04 0.00000e+00 0.00000e+00 5.51903e-04
1.70874e+01 -3.54851e-11 9.28818e-13 1.15477e-04 0.00000e+00 0.00000e+00 5.51194e-04
1.70947e+01 5.30034e-12 -9.37096e-13 1.15329e-04 0.00000e+00 0.00000e+00 5.50486e-04
1.71021e+01 -3.51760e-11 9.29053e-13 1.15181e-04 0.00000e+00 0.00000e+00 5.49779e-04
1.71094e+01 5.51787e-12 -9.36744e-13 1.15033e-04 0.00000e+00 0.00000e+00 5.49073e-04
1.71167e+01 -3.47534e-11 9.29251e-13 1.14885e-04 0.00000e+00 0.00000e+00 5.48369e-04
1.71240e+01 5.84591e-12 -9.36378e-13 1.14738e-04 0.00000e+00 0.00000e+00 5.47665e-04
1.71313e+01 -3.42247e-11 9.29462e-13 1.14591e-04 0.00000e+00 0.00000e+00 5.46963e-04
1.71387e+01 6.27663e-12 -9.36001e-13 1.14444e-04 0.00000e+00 0.00000e+00 5.46262e-04
1.71460e+01 -3.35979e-11 9.29691e-13 1.14297e-04 0.00000e+00 0.00000e+00 5.45563e-04
1.71533e+01 6.80175e-12 -9.35603e-13 1.14151e-04 0.00000e+00 0.00000e+00 5.44864e-04
1.71606e+01 -3.28818e-11 9.29876e-13 1.14005e-04 0.00000e+00 0.00000e+00 5.44167e-04
1.71680e+01 7.41253e-12 -9.35171e-13 1.13859e-04 0.00000e+00 0.00000e+00 5.43470e-04
1.71753e+01 -3.20853e-11 9.30090e-13 1.13713e-04 0.00000e+00 0.00000e+00 5.42775e-04
1.71826e+01 8.09969e-12 -9.34737e-13 1.13568e-04 0.00000e+00 0.00000e+00 5.42082e-04
1.71899e+01 -3.12176e-11 9.30267e-13 1.13423e-04 0.00000e+00 0.00000e+00 5.41389e-04
1.71973e+01 8.85388e-12 -9.34301e-13 1.13278e-04 0.00000e+00 0.00000e+00 5.40698e-04
1.72046e+01 -3.02882e-11 9.30456e-13 1.13134e-04 0.00000e+00 0.00000e+00 5.40007e-04
1.72119e+01 9.66555e-12 -9.33856e-13 1.12989e-04 0.00000e+00 0.00000e+00 5.39318e-04
1.72192e+01 -2.93068e-11 9.30638e-13 1.12845e-04 0.00000e+00 0.00000e+00 5.38630e-04
1.72266e+01 1.05250e-11 -9.33425e-13 1.12701e-04 0.00000e+00 0.00000e+00 5.37944e-04
1.72339e+01 -2.82830e-11 9.30789e-13 1.12558e-04 0.00000e+00 0.00000e+00 5.37258e-04
1.72412e+01 1.14228e-11 -9.32931e-13 1.12414e-04 0.00000e+00 0.00000e+00 5.36574e-04
1.72485e+01 -2.72264e-11 9.30923e-13 1.12271e-04 0.00000e+00 0.00000e+00 5.35890e-04
1.72559e+01 1.23491e-11 -9.32458e-13 1.12128e-04 0.00000e+00 0.00000e+00 5.35208e-04
1.72632e+01 -2.61466e-11 9.31047e-13 1.11985e-04 0.00000e+00 0.00000e+00 5.34527e-04
1.72705e+01 1.32944e-11 -9.32016e-13 1.11843e-04 0.00000e+00 0.00000e+00 5.33848e-04
1.72778e+01 -2.50529e-11 9.31139e-13 1.11701e-04 0.00000e+00 0.00000e+00 5.33169e-04
1.72852e+01 1.42498e-11 -9.31553e-13 1.11559e-04 0.00000e+00 0.00000e+00 5.32492e-04
1.72925e+01 -2.39544e-11 9.31183e-13 1.11417e-04 0.00000e+00 0.00000e+00 5.31815e-04
1.72998e+01 1.52064e-11 -9.31071e-13 1.11276e-04 0.00000e+00 0.00000e+00 5.31140e-04
1.73071e+01 -2.28596e-11 9.31235e-13 1.11135e-04 0.00000e+00 0.00000e+00 5.30466e-04
1.73145e+01 1.61554e-11 -9.30607e-13 1.10994e-04 0.00000e+00 0.00000e+00 5.29793e-04
1.73218e+01 -2.17771e-11 9.31264e-13 1.10853e-04 0.00000e+00 0.00000e+00 5.29121e-04
1.73291e+01 1.70888e-11 -9.30143e-13 1.10712e-04 0.00000e+00 0.00000e+00 5.28451e-04
1.73364e+01 -2.07146e-11 9.31250e-13 1.10572e-04 0.00000e+00 0.00000e+00 5.27781e-04
1.73438e+01 1.79989e-11 -9.29715e-13 1.10432e-04 0.00000e+00 0.00000e+00 5.27113e-04
1.73511e+01 -1.96797e-11 9.31218e-13 1.10292e-04 0.00000e+00 0.00000e+00 5.26446e-04
1.73584e+01 1.88786e-11 -9.29273e-13 1.10153e-04 0.00000e+00 0.00000e+00 5.25780e-04
1.73657e+01 -1.86792e-11 9.31143e-13 1.10013e-04 0.00000e+00 0.00000e+00 5.25115e-04
1.73730e+01 1.97212e-11 -9.28839e-13 1.09874e-04 0.00000e+00 0.00000e+00 5.24451e-04
1.73804e+01 -1.77194e-11 9.31076e-13 1.09736e-04 0.00000e+00 0.00000e+00 5.23788e-04
1.73877e+01 2.05206e-11 -9.28439e-13 1.09597e-04 0.00000e+00 0.00000e+00 5.23126e-04
1.73950e+01 -1.68061e-11 9.30957e-13 1.09459e-04 0.00000e+00 0.00000e+00 5.22466e-04
1.74023e+01 2.12716e-11 -9.28010e-13 1.09320e-04 0.00000e+00 0.00000e+00 5.21806e-04
1.74097e+01 -1.59443e-11 9.30843e-13 1.09182e-04 0.00000e+00 0.00000e+00 5.21148e-04
1.74170e+01 2.19691e-11 -9.27623e-13 1.09045e-04 0.00000e+00 0.00000e+00 5.20491e-04
1.74243e+01 -1.51387e-11 9.30650e-13 1.08907e-04 0.00000e+00 0.00000e+00 5.19835e-04
1.74316e+01 2.26092e-11 -9.27221e-13 1.08770e-04 0.00000e+00 0.00000e+00 5.19180e-04
1.74390e+01 -1.43930e-11 9.30452e-13 1.08633e-04 0.00000e+00 0.00000e+00 5.18526e-04
1.74463e+01 2.31882e-11 -9.26846e-13 1.08496e-04 0.00000e+00 0.00000e+00 5.17873e-04
1.74536e+01 -1.37104e-11 9.30231e-13 1.08360e-04 0.00000e+00 0.00000e+00 5.17222e-04
1.74609e+01 2.37033e-11 -9.26478e-13 1.08224e-04 0.00000e+00 0.00000e+00 5.16571e-04
1.74683e+01 -1.30937e-11 9.29940e-13 1.08087e-04 0.00000e+00 0.00000e+00 5.15921e-04
1.74756e+01 2.41525e-11 -9.26064e-13 1.07952e-04 0.00000e+00 0.00000e+00 5.15273e-04
1.74829e+01 -1.25443e-11 9.29674e-13 1.07816e-04 0.00000e+00 0.00000e+00 5.14626e-04
1.74902e+01 2.45338e-11 -9.25705e-13 1.07681e-04 0.00000e+00 0.00000e+00 5.13980e-04
1.74976e+01 -1.20637e-11 9.29373e-13 1.07545e-04 0.00000e+00 0.00000e+00 5.13334e-04
1.75049e+01 2.48463e-11 -9.25377e-13 1.07411e-04 0.00000e+00 0.00000e+00 5.12690e-04
1.75122e+01 -1.16527e-11 9.29041e-13 1.07276e-04 0.00000e+00 0.00000e+00 5.12047e-04
1.75195e+01 2.50900e-11 -9.25007e-13 1.07141e-04 0.00000e+00 0.00000e+00 5.11405e-04
1.75269e+01 -1.13111e-11 9.28680e-13 1.07007e-04 0.00000e+00 0.00000e+00 5.10764e-04
1.75342e+01 2.52649e-11 -9.24665e-13 1.06873e-04 0.00000e+00 0.00000e+00 5.10125e-04
1.75415e+01 -1.10385e-11 9.28310e-13 1.06739e-04 0.00000e+00 0.00000e+00 5.09486e-04
1.75488e+01 2.53716e-11 -9.24361e-13 1.06606e-04 0.00000e+00 0.00000e+00 5.08848e-04
1.75562e+01 -1.08340e-11 9.27876e-13 1.06472e-04 0.00000e+00 0.00000e+00 5.08212e-04
1.75635e+01 2.54119e-11 -9.24028e-13 1.06339e-04 0.00000e+00 0.00000e+00 5.07576e-04
1.75708e+01 -1.06956e-11 9.27459e-13 1.06206e-04 0.00000e+00 0.00000e+00 5.06942e-04
1.75781e+01 2.53874e-11 -9.23717e-13 1.06073e-04 0.00000e+00 0.00000e+00 5.06308e-04
1.75854e+01 -1.06214e-11 9.27028e-13 1.05941e-04 0.00000e+00 0.00000e+00 5.05676e-04
1.75928e+01 2.53005e-11 -9.23367e-13 1.05809e-04 0.00000e+00 0.00000e+00 5.05045e-04
1.76001e+01 -1.06090e-11 9.26527e-13 1.05677e-04 0.00000e+00 0.00000e+00 5.04414e-04
1.76074e+01 2.51539e-11 -9.23039e-13 1.05545e-04 0.00000e+00 0.00000e+00 5.03785e-04
1.76147e+01 -1.06553e-11 9.26053e-13 1.05413e-04 0.00000e+00 0.00000e+00 5.03157e-04
1.76221e+01 2.49506e-11 -9.22711e-13 1.05282e-04 0.00000e+00 0.00000e+00 5.02530e-04
1.76294e+01 -1.07570e-11 9.25575e-13 1.05151e-04 0.00000e+00 0.00000e+00 5.01904e-04
1.76367e+01 2.46942e-11 -9.22369e-13 1.05020e-04 0.00000e+00 0.00000e+00 5.01279e-04
1.76440e+01 -1.09106e-11 9.25061e-13 1.04889e-04 0.00000e+00 0.00000e+00 5.00655e-04
1.76514e+01 2.43882e-11 -9.22070e-13 1.04759e-04 0.00000e+00 0.00000e+00 5.00032e-04
1.76587e+01 -1.11121e-11 9.24526e-13 1.04628e-04 0.00000e+00 0.00000e+00 4.99410e-04
1.76660e+01 2.40370e-11 -9.21725e-13 1.04498e-04 0.00000e+00 0.00000e+00 4.98789e-04
1.76733e+01 -1.13575e-11 9.23984e-13 1.04368e-04 0.00000e+00 0.00000e+00 4.98169e-04
1.76807e+01 2.36446e-11 -9.21394e-13 1.04239e-04 0.00000e+00 0.00000e+00 4.97550e-04
1.76880e+01 -1.16422e-11 9.23450e-13 1.04109e-04 0.00000e+00 0.00000e+00 4.96932e-04
1.76953e+01 2.32155e-11 -9.21054e-13 1.03980e-04 0.00000e+00 0.00000e+00 4.96316e-04
1.77026e+01 -1.19621e-11 9.22868e-13 1.03851e-04 0.00000e+00 0.00000e+00 4.95700e-04
1.77100e+01 2.27542e-11 -9.20708e-13 1.03722e-04 0.00000e+00 0.00000e+00 4.95085e-04
1.77173e+01 -1.23123e-11 9.22294e-13 1.03594e-04 0.00000e+00 0.00000e+00 4.94471e-04
1.77246e+01 2.22653e-11 -9.20368e-13 1.03465e-04 0.00000e+00 0.00000e+00 4.93859e-04
1.77319e+01 -1.26883e-11 9.21708e-13 1.03337e-04 0.00000e+00 0.00000e+00 4.93247e-04
1.77393e+01 2.17536e-11 -9.19992e-13 1.03209e-04 0.00000e+00 0.00000e+00 4.92636e-04
1.77466e+01 -1.30853e-11 9.21135e-13 1.03081e-04 0.00000e+00 0.00000e+00 4.92027e-04
1.77539e+01 2.12235e-11 -9.19619e-13 1.02954e-04 0.00000e+00 0.00000e+00 4.91418e-04
1.77612e+01 -1.34989e-11 9.20514e-13 1.02827e-04 0.00000e+00 0.00000e+00 4.90810e-04
1.77686e+01 2.06798e-11 -9.19247e-13 1.02699e-04 0.00000e+00 0.00000e+00 4.90203e-04
1.77759e+01 -1.39242e-11 9.19921e-13 1.02573e-04 0.00000e+00 0.00000e+00 4.89598e-04
1.77832e+01 2.01271e-11 -9.18879e-13 1.02446e-04 0.00000e+00 0.00000e+00 4.88993e-04
1.77905e+01 -1.43570e-11 9.19295e-13 1.02319e-04 0.00000e+00 0.00000e+00 4.88389e-04
1.77979e+01 1.95699e-11 -9.18435e-13 1.02193e-04 0.00000e+00 0.00000e+00 4.87787e-04
1.78052e+01 -1.47925e-11 9.18710e-13 1.02067e-04 0.00000e+00 0.00000e+00 4.87185e-04
1.78125e+01 1.90122e-11 -9.18034e-13 1.01941e-04 0.00000e+00 0.00000e+00 4.86584e-04
1.78198e+01 -1.52269e-11 9.18066e-13 1.01816e-04 0.00000e+00 0.00000e+00 4.85985e-04
1.78271e+01 1.84585e-11 -9.17595e-13 1.01690e-04 0.00000e+00 0.00000e+00 4.85386e-04
1.78345e+01 -1.56559e-11 9.17463e-13 1.01565e-04 0.00000e+00 0.00000e+00 4.84788e-04
1.78418e+01 1.79123e-11 -9.17191e-13 1.01440e-04 0.00000e+00 0.00000e+00 4.84191e-04
1.78491e+01 -1.60757e-11 9.16839e-13 1.01315e-04 0.00000e+00 0.00000e+00 4.83595e-04
1.78564e+01 1.73779e-11 -9.16721e-13 1.01190e-04 0.00000e+00 0.00000e+00 4.83001e-04
1.78638e+01 -1.64828e-11 9.16223e-13 1.01066e-04 0.00000e+00 0.00000e+00 4.82407e-04
1.78711e+01 1.68582e-11 -9.16260e-13 1.00942e-04 0.00000e+00 0.00000e+00 4.81814e-04
1.78784e+01 -1.68738e-11 9.15592e-13 1.00818e-04 0.00000e+00 0.00000e+00 4.81222e-04
1.78857e+01 1.63567e-11 -9.15809e-13 1.00694e-04 0.00000e+00 0.00000e+00 4.80631e-04
1.78931e+01 -1.72457e-11 9.14937e-13 1.00570e-04 0.00000e+00 0.00000e+00 4.80041e-04
1.79004e+01 1.58764e-11 -9.15323e-13 1.00447e-04 0.00000e+00 0.00000e+00 4.79452e-04
1.79077e+01 -1.75955e-11 9.14296e-13 1.00324e-04 0.00000e+00 0.00000e+00 4.78864e-04
1.79150e+01 1.54199e-11 -9.14801e-13 1.00201e-04 0.00000e+00 0.00000e+00 4.78277e-04
1.79224e+01 -1.79208e-11 9.13697e-13 1.00078e-04 0.00000e+00 0.00000e+00 4.77691e-04
1.79297e+01 1.49894e-11 -9.14275e-13 9.99554e-05 0.00000e+00 0.00000e+00 4.77106e-04
1.79370e+01 -1.82195e-11 9.13051e-13 9.98330e-05 0.00000e+00 0.00000e+00 4.76521e-04
1.79443e+01 1.45870e-11 -9.13749e-13 9.97108e-05 0.00000e+00 0.00000e+00 4.75938e-04
1.79517e+01 -1.84897e-11 9.12413e-13 9.95888e-05 0.00000e+00 0.00000e+00 4.75356e-04
1.79590e+01 1.42143e-11 -9.13220e-13 9.94670e-05 0.00000e+00 0.00000e+00 4.74774e-04
1.79663e+01 -1.87297e-11 9.11820e-13 9.93454e-05 0.00000e+00 0.00000e+00 4.74194e-04
1.79736e+01 1.38728e-11 -9.12689e-13 9.92240e-05 0.00000e+00 0.00000e+00 4.73615e-04
1.79810e+01 -1.89386e-11 9.11153e-13 9.91028e-05 0.00000e+00 0.00000e+00 4.73036e-04
1.79883e+01 1.35639e-11 -9.12073e-13 9.89818e-05 0.00000e+00 0.00000e+00 4.72459e-04
1.79956e+01 -1.91151e-11 9.10534e-13 9.88610e-05 0.00000e+00 0.00000e+00 4.71882e-04
1.80029e+01 1.32879e-11 -9.11496e-13 9.87404e-05 0.00000e+00 0.00000e+00 4.71306e-04
1.80103e+01 -1.92587e-11 9.09914e-13 9.86200e-05 0.00000e+00 0.00000e+00 4.70731e-04
1.80176e+01 1.30454e-11 -9.10918e-13 9.84998e-05 0.00000e+00 0.00000e+00 4.70158e-04
1.80249e+01 -1.93692e-11 9.09268e-13 9.83797e-05 0.00000e+00 0.00000e+00 4.69585e-04
1.80322e+01 1.28368e-11 -9.10264e-13 9.82599e-05 0.00000e+00 0.00000e+00 4.69013e-04
1.80396e+01 -1.94464e-11 9.08616e-13 9.81403e-05 0.00000e+00 0.00000e+00 4.68442e-04
1.80469e+01 1.26616e-11 -9.09670e-13 9.80208e-05 0.00000e+00 0.00000e+00 4.67872e-04
1.80542e+01 -1.94905e-11 9.07997e-13 9.79016e-05 0.00000e+00 0.00000e+00 4.67302e-04
1.80615e+01 1.25198e-11 -9.09022e-13 9.77825e-05 0.00000e+00 0.00000e+00 4.66734e-04
1.80688e+01 -1.95023e-11 9.07338e-13 9.76637e-05 0.00000e+00 0.00000e+00 4.66167e-04
1.80762e+01 1.24104e-11 -9.08417e-13 9.75450e-05 0.00000e+00 0.00000e+00 4.65600e-04
1.80835e+01 -1.94822e-11 9.06708e-13 9.74265e-05 0.00000e+00 0.00000e+00 4.65035e-04
1.80908e+01 1.23330e-11 -9.07715e-13 9.73082e-05 0.00000e+00 0.00000e+00 4.64470e-04
1.80981e+01 -1.94314e-11 9.06077e-13 9.71902e-05 0.00000e+00 0.00000e+00 4.63907e-04
1.81055e+01 1.22861e-11 -9.07068e-13 9.70722e-05 0.00000e+00 0.00000e+00 4.63344e-04
1.81128e+01 -1.93511e-11 9.05423e-13 9.69545e-05 0.00000e+00 0.00000e+00 4.62782e-04
1.81201e+01 1.22685e-11 -9.06373e-13 9.68370e-05 0.00000e+00 0.00000e+00 4.62221e-04
1.81274e+01 -1.92426e-11 9.04781e-13 9.67197e-05 0.00000e+00 0.00000e+00 4.61661e-04
1.81348e+01 1.22787e-11 -9.05681e-13 9.66025e-05 0.00000e+00 0.00000e+00 4.61102e-04
1.81421e+01 -1.91077e-11 9.04108e-13 9.64856e-05 0.00000e+00 0.00000e+00 4.60544e-04
1.81494e+01 1.23150e-11 -9.04989e-13 9.63688e-05 0.00000e+00 0.00000e+00 4.59986e-04
1.81567e+01 -1.89478e-11 9.03483e-13 9.62523e-05 0.00000e+00 0.00000e+00 4.59430e-04
1.81641e+01 1.23757e-11 -9.04263e-13 9.61359e-05 0.00000e+00 0.00000e+00 4.58874e-04
1.81714e+01 -1.87651e-11 9.02826e-13 9.60197e-05 0.00000e+00 0.00000e+00 4.58320e-04
1.81787e+01 1.24588e-11 -9.03545e-13 9.59037e-05 0.00000e+00 0.00000e+00 4.57766e-04
1.81860e+01 -1.85615e-11 9.02152e-13 9.57878e-05 0.00000e+00 0.00000e+00 4.57213e-04
1.81934e+01 1.25621e-11 -9.02823e-13 9.56722e-05 0.00000e+00 0.00000e+00 4.56661e-04
1.82007e+01 -1.83389e-11 9.01509e-13 9.55567e-05 0.00000e+00 0.00000e+00 4.56110e-04
1.82080e+01 1.26837e-11 -9.02078e-13 9.54415e-05 0.00000e+00 0.00000e+00 4.55560e-04
1.82153e+01 -1.80997e-11 9.00843e-13 9.53264e-05 0.00000e+00 0.00000e+00 4.55011e-04
1.82227e+01 1.28213e-11 -9.01343e-13 9.52115e-05 0.00000e+00 0.00000e+00 4.54462e-04
1.82300e+01 -1.78462e-11 9.00153e-13 9.50968e-05 0.00000e+00 0.00000e+00 4.53915e-04
1.82373e+01 1.29726e-11 -9.00599e-13 9.49822e-05 0.00000e+00 0.00000e+00 4.53368e-04
1.82446e+01 -1.75803e-11 8.99488e-13 9.48679e-05 0.00000e+00 0.00000e+00 4.52822e-04
1.82520e+01 1.31356e-11 -8.99825e-13 9.47537e-05 0.00000e+00 0.00000e+00 4.52277e-04
1.82593e+01 -1.73046e-11 8.98782e-13 9.46398e-05 0.00000e+00 0.00000e+00 4.51733e-04
1.82666e+01 1.33077e-11 -8.99065e-13 9.45260e-05 0.00000e+00 0.00000e+00 4.51190e-04
1.82739e+01 -1.70210e-11 8.98108e-13 9.44124e-05 0.00000e+00 0.00000e+00 4.50648e-04
1.82812e+01 1.34868e-11 -8.98315e-13 9.42989e-05 0.00000e+00 0.00000e+00 4.50106e-04
1.82886e+01 -1.67320e-11 8.97408e-13 9.41857e-05 0.00000e+00 0.00000e+00 4.49566e-04
1.82959e+01 1.36709e-11 -8.97510e-13 9.40726e-05 0.00000e+00 0.00000e+00 4.49026e-04
1.83032e+01 -1.64396e-11 8.96730e-13 9.39597e-05 0.00000e+00 0.00000e+00 4.48487e-04
1.83105e+01 1.38576e-11 -8.96717e-13 9.38470e-05 0.00000e+00 0.00000e+00 4.47949e-04
1.83179e+01 -1.61462e-11 8.96008e-13 9.37345e-05 0.00000e+00 0.00000e+00 4.47412e-04
1.83252e+01 1.40448e-11 -8.95933e-13 9.36221e-05 0.00000e+00 0.00000e+00 4.46876e-04
1.83325e+01 -1.58536e-11 8.95284e-13 9.35100e-05 0.00000e+00 0.00000e+00 4.46340e-04
1.83398e+01 1.42306e-11 -8.95133e-13 9.33980e-05 0.00000e+00 0.00000e+00 4.45806e-04
1.83472e+01 -1.55637e-11 8.94568e-13 9.32862e-05 0.00000e+00 0.00000e+00 4.45272e-04
1.83545e+01 1.44129e-11 -8.94362e-13 9.31745e-05 0.00000e+00 0.00000e+00 4.44739e-04
1.83618e+01 -1.52786e-11 8.93850e-13 9.30631e-05 0.00000e+00 0.00000e+00 4.44207e-04
1.83691e+01 1.45903e-11 -8.93540e-13 9.29518e-05 0.00000e+00 0.00000e+00 4.43676e-04
1.83765e+01 -1.49999e-11 8.93104e-13 9.28407e-05 0.00000e+00 0.00000e+00 4.43146e-04
1.83838e+01 1.47608e-11 -8.92725e-13 9.27298e-05 0.00000e+00 0.00000e+00 4.42617e-04
1.83911e+01 -1.47292e-11 8.92382e-13 9.26191e-05 0.00000e+00 0.00000e+00 4.42088e-04
1.83984e+01 1.49228e-11 -8.91920e-13 9.25085e-05 0.00000e+00 0.00000e+00 4.41560e-04
1.84058e+01 -1.44683e-11 8.91585e-13 9.23981e-05 0.00000e+00 0.00000e+00 4.41033e-04
1.84131e+01 1.50750e-11 -8.91115e-13 9.22879e-05 0.00000e+00 0.00000e+00 4.40507e-04
1.84204e+01 -1.42179e-11 8.90856e-13 9.21778e-05 0.00000e+00 0.00000e+00 4.39982e-04
1.84277e+01 1.52161e-11 -8.90295e-13 9.20680e-05 0.00000e+00 0.00000e+00 4.39457e-04
1.84351e+01 -1.39797e-11 8.90113e-13 9.19583e-05 0.00000e+00 0.00000e+00 4.38934e-04
1.84424e+01 1.53449e-11 -8.89483e-13 9.18488e-05 0.00000e+00 0.00000e+00 4.38411e-04
1.84497e+01 -1.37548e-11 8.89330e-13 9.17394e-05 0.00000e+00 0.00000e+00 4.37889e-04
1.84570e+01 1.54606e-11 -8.88641e-13 9.16302e-05 0.00000e+00 0.00000e+00 4.37368e-04
1.84644e+01 -1.35440e-11 8.88532e-13 9.15213e-05 0.00000e+00 0.00000e+00 4.36848e-04
1.84717e+01 1.55621e-11 -8.87839e-13 9.14124e-05 0.00000e+00 0.00000e+00 4.36328e-04
1.84790e+01 -1.33480e-11 8.87749e-13 9.13038e-05 0.00000e+00 0.00000e+00 4.35810e-04
1.84863e+01 1.56489e-11 -8.86989e-13 9.11953e-05 0.00000e+00 0.00000e+00 4.35292e-04
1.84937e+01 -1.31674e-11 8.86952e-13 9.10870e-05 0.00000e+00 0.00000e+00 4.34775e-04
1.85010e+01 1.57204e-11 -8.86166e-13 9.09789e-05 0.00000e+00 0.00000e+00 4.34259e-04
1.85083e+01 -1.30028e-11 8.86147e-13 9.08709e-05 0.00000e+00 0.00000e+00 4.33744e-04
1.85156e+01 1.57762e-11 -8.85308e-13 9.07631e-05 0.00000e+00 0.00000e+00 4.33229e-04
1.85229e+01 -1.28544e-11 8.85317e-13 9.06555e-05 0.00000e+00 0.00000e+00 4.32715e-04
1.85303e+01 1.58161e-11 -8.84480e-13 9.05480e-05 0.00000e+00 0.00000e+00 4.32202e-04
1.85376e+01 -1.27222e-11 8.84524e-13 9.04407e-05 0.00000e+00 0.00000e+00 4.31690e-04
1.85449e+01 1.58399e-11 -8.83655e-13 9.03336e-05 0.00000e+00 0.00000e+00 4.31179e-04
1.85522e+01 -1.26065e-11 8.83701e-13 9.02267e-05 0.00000e+00 0.00000e+00 4.30669e-04
1.85596e+01 1.58477e-11 -8.82818e-13 9.01199e-05 0.00000e+00 0.00000e+00 4.30159e-04
1.85669e+01 -1.25071e-11 8.82865e-13 9.00133e-05 0.00000e+00 0.00000e+00 4.29650e-04
1.85742e+01 1.58400e-11 -8.81938e-13 8.99068e-05 0.00000e+00 0.00000e+00 4.29142e-04
1.85815e+01 -1.24238e-11 8.82020e-13 8.98006e-05 0.00000e+00 0.00000e+00 4.28635e-04
1.85889e+01 1.58165e-11 -8.81112e-13 8.96945e-05 0.00000e+00 0.00000e+00 4.28128e-04
1.85962e+01 -1.23562e-11 8.81166e-13 8.95885e-05 0.00000e+00 0.00000e+00 4.27623e-04
1.86035e+01 1.57780e-11 -8.80279e-13 8.94828e-05 0.00000e+00 0.00000e+00 4.27118e-04
1.86108e+01 -1.23037e-11 8.80314e-13 8.93772e-05 0.00000e+00 0.00000e+00 4.26614e-04
1.86182e+01 1.57250e-11 -8.79412e-13 8.92717e-05 0.00000e+00 0.00000e+00 4.26110e-04
1.86255e+01 -1.22658e-11 8.79463e-13 8.91664e-05 0.00000e+00 0.00000e+00 4.25608e-04
1.86328e+01 1.56581e-11 -8.78559e-13 8.90613e-05 0.00000e+00 0.00000e+00 4.25106e-04
1.86401e+01 -1.22420e-11 8.78566e-13 8.89564e-05 0.00000e+00 0.00000e+00 4.24605e-04
1.86475e+01 1.55779e-11 -8.77701e-13 8.88516e-05 0.00000e+00 0.00000e+00 4.24105e-04
1.86548e+01 -1.22312e-11 8.77713e-13 8.87470e-05 0.00000e+00 0.00000e+00 4.23606e-04
1.86621e+01 1.54855e-11 -8.76833e-13 8.86425e-05 0.00000e+00 0.00000e+00 4.23107e-04
1.86694e+01 -1.22328e-11 8.76834e-13 8.85383e-05 0.00000e+00 0.00000e+00 4.22610e-04
1.86768e+01 1.53815e-11 -8.75954e-13 8.84341e-05 0.00000e+00 0.00000e+00 4.22113e-04
1.86841e+01 -1.22458e-11 8.75952e-13 8.83302e-05 0.00000e+00 0.00000e+00 4.21616e-04
1.86914e+01 1.52668e-11 -8.75095e-13 8.82264e-05 0.00000e+00 0.00000e+00 4.21121e-04
1.86987e+01 -1.22694e-11 8.75034e-13 8.81228e-05 0.00000e+00 0.00000e+00 4.20626e-04
1.87061e+01 1.51427e-11 -8.74218e-13 8.80193e-05 0.00000e+00 0.00000e+00 4.20132e-04
1.87134e+01 -1.23023e-11 8.74168e-13 8.79160e-05 0.00000e+00 0.00000e+00 4.19639e-04
1.87207e+01 1.50099e-11 -8.73341e-13 8.78128e-05 0.00000e+00 0.00000e+00 4.19147e-04
1.87280e+01 -1.23437e-11 8.73261e-13 8.77098e-05 0.00000e+00 0.00000e+00 4.18655e-04
1.87354e+01 1.48696e-11 -8.72469e-13 8.76070e-05 0.00000e+00 0.00000e+00 4.18164e-04
1.87427e+01 -1.23924e-11 8.72356e-13 8.75044e-05 0.00000e+00 0.00000e+00 4.17674e-04
1.87500e+01 1.47229e-11 -8.71584e-13 8.74018e-05 0.00000e+00 0.00000e+00 4.17185e-04
1.87573e+01 -1.24474e-11 8.71433e-13 8.72995e-05 0.00000e+00 0.00000e+00 4.16697e-04
1.87646e+01 1.45711e-11 -8.70631e-13 8.71973e-05 0.00000e+00 0.00000e+00 4.16209e-04
1.87720e+01 -1.25075e-11 8.70510e-13 8.70953e-05 0.00000e+00 0.00000e+00 4.15722e-04
1.87793e+01 1.44146e-11 -8.69791e-13 8.69934e-05 0.00000e+00 0.00000e+00 4.15236e-04
1.87866e+01 -1.25717e-11 8.69590e-13 8.68917e-05 0.00000e+00 0.00000e+00 4.14750e-04
1.87939e+01 1.42552e-11 -8.68884e-13 8.67902e-05 0.00000e+00 0.00000e+00 4.14266e-04
1.88013e+01 -1.26388e-11 8.68660e-13 8.66888e-05 0.00000e+00 0.00000e+00 4.13782e-04
1.88086e+01 1.40937e-11 -8.67976e-13 8.65875e-05 0.00000e+00 0.00000e+00 4.13298e-04
1.88159e+01 -1.27079e-11 8.67726e-13 8.64865e-05 0.00000e+00 0.00000e+00 4.12816e-04
1.88232e+01 1.39312e-11 -8.67034e-13 8.63856e-05 0.00000e+00 0.00000e+00 4.12334e-04
1.88306e+01 -1.27779e-11 8.66799e-13 8.62848e-05 0.00000e+00 0.00000e+00 4.11853e-04
1.88379e+01 1.37684e-11 -8.66173e-13 8.61842e-05 0.00000e+00 0.00000e+00 4.11373e-04
1.88452e+01 -1.28479e-11 8.65837e-13 8.60837e-05 0.00000e+00 0.00000e+00 4.10894e-04
1.88525e+01 1.36068e-11 -8.65239e-13 8.59834e-05 0.00000e+00 0.00000e+00 4.10415e-04
1.88599e+01 -1.29167e-11 8.64901e-13 8.58833e-05 0.00000e+00 0.00000e+00 4.09937e-04
1.88672e+01 1.34470e-11 -8.64323e-13 8.57833e-05 0.00000e+00 0.00000e+00 4.09460e-04
1.88745e+01 -1.29836e-11 8.63951e-13 8.56835e-05 0.00000e+00 0.00000e+00 4.08983e-04
1.88818e+01 1.32899e-11 -8.63398e-13 8.55838e-05 0.00000e+00 0.00000e+00 4.08508e-04
1.88892e+01 -1.30476e-11 8.63017e-13 8.54843e-05 0.00000e+00 0.00000e+00 4.08032e-04
1.88965e+01 1.31363e-11 -8.62473e-13 8.53850e-05 0.00000e+00 0.00000e+00 4.07558e-04
1.89038e+01 -1.31082e-11 8.62025e-13 8.52858e-05 0.00000e+00 0.00000e+00 4.07085e-04
1.89111e+01 1.29871e-11 -8.61527e-13 8.51867e-05 0.00000e+00 0.00000e+00 4.06612e-04
1.89185e+01 -1.31643e-11 8.61084e-13 8.50878e-05 0.00000e+00 0.00000e+00 4.06140e-04
1.89258e+01 1.28428e-11 -8.60596e-13 8.49890e-05 0.00000e+00 0.00000e+00 4.05668e-04
1.89331e+01 -1.32154e-11 8.60148e-13 8.48905e-05 0.00000e+00 0.00000e+00 4.05198e-04
1.89404e+01 1.27042e-11 -8.59654e-13 8.47920e-05 0.00000e+00 0.00000e+00 4.04728e-04
1.89478e+01 -1.32612e-11 8.59160e-13 8.46937e-05 0.00000e+00 0.00000e+00 4.04259e-04
1.89551e+01 1.25718e-11 -8.58712e-13 8.45956e-05 0.00000e+00 0.00000e+00 4.03790e-04
1.89624e+01 -1.33008e-11 8.58172e-13 8.44976e-05 0.00000e+00 0.00000e+00 4.03323e-04
1.89697e+01 1.24460e-11 -8.57750e-13 8.43998e-05 0.00000e+00 0.00000e+00 4.02856e-04
1.89771e+01 -1.33338e-11 8.57204e-13 8.43021e-05 0.00000e+00 0.00000e+00 4.02389e-04
1.89844e+01 1.23274e-11 -8.56788e-13 8.42045e-05 0.00000e+00 0.00000e+00 4.01924e-04
1.89917e+01 -1.33599e-11 8.56218e-13 8.41072e-05 0.00000e+00 0.00000e+00 4.01459e-04
1.89990e+01 1.22160e-11 -8.55846e-13 8.40099e-05 0.00000e+00 0.00000e+00 4.00995e-04
1.90063e+01 -1.33788e-11 8.55239e-13 8.39128e-05 0.00000e+00 0.00000e+00 4.00532e-04
1.90137e+01 1.21123e-11 -8.54896e-13 8.38159e-05 0.00000e+00 0.00000e+00 4.00069e-04
1.90210e+01 -1.33903e-11 8.54269e-13 8.37191e-05 0.00000e+00 0.00000e+00 3.99607e-04
1.90283e+01 1.20166e-11 -8.53883e-13 8.36225e-05 0.00000e+00 0.00000e+00 3.99146e-04
1.90356e+01 -1.33942e-11 8.53266e-13 8.35260e-05 0.00000e+00 0.00000e+00 3.98685e-04
1.90430e+01 1.19288e-11 -8.52920e-13 8.34297e-05 0.00000e+00 0.00000e+00 3.98225e-04
1.90503e+01 -1.33905e-11 8.52279e-13 8.33335e-05 0.00000e+00 0.00000e+00 3.97766e-04
1.90576e+01 1.18490e-11 -8.51936e-13 8.32374e-05 0.00000e+00 0.00000e+00 3.97308e-04
1.90649e+01 -1.33790e-11 8.51296e-13 8.31415e-05 0.00000e+00 0.00000e+00 3.96850e-04
1.90723e+01 1.17770e-11 -8.50986e-13 8.30458e-05 0.00000e+00 0.00000e+00 3.96393e-04
1.90796e+01 -1.33599e-11 8.50290e-13 8.29502e-05 0.00000e+00 0.00000e+00 3.95937e-04
1.90869e+01 1.17133e-11 -8.49966e-13 8.28547e-05 0.00000e+00 0.00000e+00 3.95481e-04
1.90942e+01 -1.33333e-11 8.49298e-13 8.27594e-05 0.00000e+00 0.00000e+00 3.95026e-04
1.91016e+01 1.16572e-11 -8.48959e-13 8.26642e-05 0.00000e+00 0.00000e+00 3.94572e-04
1.91089e+01 -1.32994e-11 8.48299e-13 8.25692e-05 0.00000e+00 0.00000e+00 3.94118e-04
1.91162e+01 1.16086e-11 -8.47970e-13 8.24744e-05 0.00000e+00 0.00000e+00 3.93665e-04
1.91235e+01 -1.32584e-11 8.47276e-13 8.23796e-05 0.00000e+00 0.00000e+00 3.93213e-04
1.91309e+01 1.15673e-11 -8.46974e-13 8.22851e-05 0.00000e+00 0.00000e+00 3.92762e-04
1.91382e+01 -1.32104e-11 8.46288e-13 8.21906e-05 0.00000e+00 0.00000e+00 3.92311e-04
1.91455e+01 1.15331e-11 -8.45956e-13 8.20963e-05 0.00000e+00 0.00000e+00 3.91861e-04
1.91528e+01 -1.31559e-11 8.45304e-13 8.20022e-05 0.00000e+00 0.00000e+00 3.91412e-04
1.91602e+01 1.15055e-11 -8.44939e-13 8.19082e-05 0.00000e+00 0.00000e+00 3.90963e-04
1.91675e+01 -1.30954e-11 8.44256e-13 8.18143e-05 0.00000e+00 0.00000e+00 3.90515e-04
1.91748e+01 1.14842e-11 -8.43930e-13 8.17206e-05 0.00000e+00 0.00000e+00 3.90068e-04
1.91821e+01 -1.30292e-11 8.43215e-13 8.16270e-05 0.00000e+00 0.00000e+00 3.89621e-04
1.91895e+01 1.14687e-11 -8.42914e-13 8.15336e-05 0.00000e+00 0.00000e+00 3.89175e-04
1.91968e+01 -1.29575e-11 8.42210e-13 8.14403e-05 0.00000e+00 0.00000e+00 3.88730e-04
1.92041e+01 1.14586e-11 -8.41876e-13 8.13472e-05 0.00000e+00 0.00000e+00 3.88285e-04
1.92114e+01 -1.28810e-11 8.41205e-13 8.12542e-05 0.00000e+00 0.00000e+00 3.87841e-04
1.92188e+01 1.14534e-11 -8.40863e-13 8.11613e-05 0.00000e+00 0.00000e+00 3.87398e-04
1.92261e+01 -1.28002e-11 8.40179e-13 8.10686e-05 0.00000e+00 0.00000e+00 3.86955e-04
1.92334e+01 1.14527e-11 -8.39826e-13 8.09760e-05 0.00000e+00 0.00000e+00 3.86513e-04
1.92407e+01 -1.27155e-11 8.39166e-13 8.08836e-05 0.00000e+00 0.00000e+00 3.86072e-04
1.92480e+01 1.14558e-11 -8.38792e-13 8.07913e-05 0.00000e+00 0.00000e+00 3.85632e-04
1.92554e+01 -1.26275e-11 8.38129e-13 8.06991e-05 0.00000e+00 0.00000e+00 3.85192e-04
1.92627e+01 1.14624e-11 -8.37757e-13 8.06071e-05 0.00000e+00 0.00000e+00 3.84753e-04
1.92700e+01 -1.25367e-11 8.37107e-13 8.05152e-05 0.00000e+00 0.00000e+00 3.84314e-04
1.92773e+01 1.14718e-11 -8.36707e-13 8.04235e-05 0.00000e+00 0.00000e+00 3.83876e-04
1.92847e+01 -1.24437e-11 8.36055e-13 8.03319e-05 0.00000e+00 0.00000e+00 3.83439e-04
1.92920e+01 1.14835e-11 -8.35659e-13 8.02404e-05 0.00000e+00 0.00000e+00 3.83002e-04
1.92993e+01 -1.23488e-11 8.35012e-13 8.01491e-05 0.00000e+00 0.00000e+00 3.82566e-04
1.93066e+01 1.14969e-11 -8.34626e-13 8.00579e-05 0.00000e+00 0.00000e+00 3.82131e-04
1.93140e+01 -1.22527e-11 8.33980e-13 7.99669e-05 0.00000e+00 0.00000e+00 3.81697e-04
1.93213e+01 1.15118e-11 -8.33557e-13 7.98760e-05 0.00000e+00 0.00000e+00 3.81263e-04
1.93286e+01 -1.21559e-11 8.32939e-13 7.97852e-05 0.00000e+00 0.00000e+00 3.80830e-04
1.93359e+01 1.15273e-11 -8.32503e-13 7.96946e-05 0.00000e+00 0.00000e+00 3.80397e-04
1.93433e+01 -1.20589e-11 8.31889e-13 7.96041e-05 0.00000e+00 0.00000e+00 3.79965e-04
1.93506e+01 1.15432e-11 -8.31431e-13 7.95137e-05 0.00000e+00 0.00000e+00 3.79534e-04
1.93579e+01 -1.19622e-11 8.30838e-13 7.94235e-05 0.00000e+00 0.00000e+00 3.79103e-04
1.93652e+01 1.15589e-11 -8.30359e-13 7.93334e-05 0.00000e+00 0.00000e+00 3.78673e-04
1.93726e+01 -1.18662e-11 8.29788e-13 7.92435e-05 0.00000e+00 0.00000e+00 3.78244e-04
1.93799e+01 1.15739e-11 -8.29297e-13 7.91537e-05 0.00000e+00 0.00000e+00 3.77815e-04
1.93872e+01 -1.17714e-11 8.28725e-13 7.90640e-05 0.00000e+00 0.00000e+00 3.77387e-04
1.93945e+01 1.15877e-11 -8.28244e-13 7.89744e-05 0.00000e+00 0.00000e+00 3.76960e-04
1.94019e+01 -1.16781e-11 8.27656e-13 7.88850e-05 0.00000e+00 0.00000e+00 3.76533e-04
1.94092e+01 1.16002e-11 -8.27166e-13 7.87958e-05 0.00000e+00 0.00000e+00 3.76107e-04
1.94165e+01 -1.15867e-11 8.26606e-13 7.87066e-05 0.00000e+00 0.00000e+00 3.75681e-04
1.94238e+01 1.16108e-11 -8.26091e-13 7.86176e-05 0.00000e+00 0.00000e+00 3.75256e-04
1.94312e+01 -1.14977e-11 8.25545e-13 7.85288e-05 0.00000e+00 0.00000e+00 3.74832e-04
1.94385e+01 1.16192e-11 -8.25009e-13 7.84400e-05 0.00000e+00 0.00000e+00 3.74409e-04
1.94458e+01 -1.14114e-11 8.24452e-13 7.83514e-05 0.00000e+00 0.00000e+00 3.73986e-04
1.94531e+01 1.16252e-11 -8.23932e-13 7.82630e-05 0.00000e+00 0.00000e+00 3.73564e-04
1.94604e+01 -1.13279e-11 8.23390e-13 7.81746e-05 0.00000e+00 0.00000e+00 3.73142e-04
1.94678e+01 1.16284e-11 -8.22833e-13 7.80864e-05 0.00000e+00 0.00000e+00 3.72721e-04
1.94751e+01 -1.12476e-11 8.22304e-13 7.79984e-05 0.00000e+00 0.00000e+00 3.72301e-04
1.94824e+01 1.16285e-11 -8.21762e-13 7.79104e-05 0.00000e+00 0.00000e+00 3.71881e-04
1.94897e+01 -1.11708e-11 8.21213e-13 7.78226e-05 0.00000e+00 0.00000e+00 3.71462e-04
1.94971e+01 1.16255e-11 -8.20681e-13 7.77350e-05 0.00000e+00 0.00000e+00 3.71043e-04
1.95044e+01 -1.10973e-11 8.20161e-13 7.76474e-05 0.00000e+00 0.00000e+00 3.70625e-04
1.95117e+01 1.16192e-11 -8.19586e-13 7.75600e-05 0.00000e+00 0.00000e+00 3.70208e-04
1.95190e+01 -1.10277e-11 8.19062e-13 7.74727e-05 0.00000e+00 0.00000e+00 3.69792e-04
1.95264e+01 1.16094e-11 -8.18481e-13 7.73856e-05 0.00000e+00 0.00000e+00 3.69376e-04
1.95337e+01 -1.09619e-11 8.17986e-13 7.72986e-05 0.00000e+00 0.00000e+00 3.68960e-04
1.95410e+01 1.15959e-11 -8.17404e-13 7.72117e-05 0.00000e+00 0.00000e+00 3.68546e-04
1.95483e+01 -1.08999e-11 8.16898e-13 7.71249e-05 0.00000e+00 0.00000e+00 3.68132e-04
1.95557e+01 1.15789e-11 -8.16285e-13 7.70383e-05 0.00000e+00 0.00000e+00 3.67718e-04
1.95630e+01 -1.08419e-11 8.15802e-13 7.69518e-05 0.00000e+00 0.00000e+00 3.67305e-04
1.95703e+01 1.15582e-11 -8.15180e-13 7.68654e-05 0.00000e+00 0.00000e+00 3.66893e-04
1.95776e+01 -1.07880e-11 8.14679e-13 7.67792e-05 0.00000e+00 0.00000e+00 3.66481e-04
1.95850e+01 1.15338e-11 -8.14089e-13 7.66931e-05 0.00000e+00 0.00000e+00 3.66070e-04
1.95923e+01 -1.07378e-11 8.13595e-13 7.66071e-05 0.00000e+00 0.00000e+00 3.65660e-04
1.95996e+01 1.15058e-11 -8.12982e-13 7.65213e-05 0.00000e+00 0.00000e+00 3.65250e-04
1.96069e+01 -1.06915e-11 8.12496e-13 7.64356e-05 0.00000e+00 0.00000e+00 3.64841e-04
1.96143e+01 1.14742e-11 -8.11911e-13 7.63500e-05 0.00000e+00 0.00000e+00 3.64432e-04
1.96216e+01 -1.06491e-11 8.11380e-13 7.62645e-05 0.00000e+00 0.00000e+00 3.64025e-04
1.96289e+01 1.14393e-11 -8.10773e-13 7.61791e-05 0.00000e+00 0.00000e+00 3.63617e-04
1.96362e+01 -1.06103e-11 8.10272e-13 7.60939e-05 0.00000e+00 0.00000e+00 3.63210e-04
1.96436e+01 1.14010e-11 -8.09653e-13 7.60089e-05 0.00000e+00 0.00000e+00 3.62804e-04
1.96509e+01 -1.05749e-11 8.09193e-13 7.59239e-05 0.00000e+00 0.00000e+00 3.62399e-04
1.96582e+01 1.13594e-11 -8.08554e-13 7.58391e-05 0.00000e+00 0.00000e+00 3.61994e-04
1.96655e+01 -1.05432e-11 8.08039e-13 7.57544e-05 0.00000e+00 0.00000e+00 3.61590e-04
1.96729e+01 1.13149e-11 -8.07437e-13 7.56698e-05 0.00000e+00 0.00000e+00 3.61186e-04
1.96802e+01 -1.05145e-11 8.06909e-13 7.55853e-05 0.00000e+00 0.00000e+00 3.60783e-04
1.96875e+01 1.12676e-11 -8.06307e-13 7.55010e-05 0.00000e+00 0.00000e+00 3.60380e-04
1.96948e+01 -1.04889e-11 8.05791e-13 7.54168e-05 0.00000e+00 0.00000e+00 3.59978e-04
1.97021e+01 1.12176e-11 -8.05190e-13 7.53327e-05 0.00000e+00 0.00000e+00 3.59577e-04
1.97095e+01 -1.04659e-11 8.04688e-13 7.52488e-05 0.00000e+00 0.00000e+00 3.59176e-04
1.97168e+01 1.11652e-11 -8.04058e-13 7.51649e-05 0.00000e+00 0.00000e+00 3.58776e-04
1.97241e+01 -1.04455e-11 8.03585e-13 7.50812e-05 0.00000e+00 0.00000e+00 3.58377e-04
1.97314e+01 1.11106e-11 -8.02937e-13 7.49977e-05 0.00000e+00 0.00000e+00 3.57978e-04
1.97388e+01 -1.04275e-11 8.02465e-13 7.49142e-05 0.00000e+00 0.00000e+00 3.57579e-04
1.97461e+01 1.10541e-11 -8.01793e-13 7.48309e-05 0.00000e+00 0.00000e+00 3.57182e-04
1.97534e+01 -1.04117e-11 8.01317e-13 7.47477e-05 0.00000e+00 0.00000e+00 3.56784e-04
1.97607e+01 1.09959e-11 -8.00669e-13 7.46646e-05 0.00000e+00 0.00000e+00 3.56388e-04
1.97681e+01 -1.03978e-11 8.00139e-13 7.45816e-05 0.00000e+00 0.00000e+00 3.55992e-04
1.97754e+01 1.09361e-11 -7.99557e-13 7.44988e-05 0.00000e+00 0.00000e+00 3.55597e-04
1.97827e+01 -1.03852e-11 7.99040e-13 7.44161e-05 0.00000e+00 0.00000e+00 3.55202e-04
1.97900e+01 1.08753e-11 -7.98406e-13 7.43335e-05 0.00000e+00 0.00000e+00 3.54807e-04
1.97974e+01 -1.03740e-11 7.97905e-13 7.42510e-05 0.00000e+00 0.00000e+00 3.54414e-04
1.98047e+01 1.08136e-11 -7.97247e-13 7.41687e-05 0.00000e+00 0.00000e+00 3.54021e-04
1.98120e+01 -1.03640e-11 7.96745e-13 7.40864e-05 0.00000e+00 0.00000e+00 3.53628e-04
1.98193e+01 1.07510e-11 -7.96157e-13 7.40043e-05 0.00000e+00 0.00000e+00 3.53236e-04
1.98267e+01 -1.03546e-11 7.95616e-13 7.39223e-05 0.00000e+00 0.00000e+00 3.52845e-04
1.98340e+01 1.06882e-11 -7.94991e-13 7.38405e-05 0.00000e+00 0.00000e+00 3.52454e-04
1.98413e+01 -1.03459e-11 7.94480e-13 7.37587e-05 0.00000e+00 0.00000e+00 3.52064e-04
1.98486e+01 1.06249e-11 -7.93907e-13 7.36771e-05 0.00000e+00 0.00000e+00 3.51675e-04
1.98560e+01 -1.03376e-11 7.93305e-13 7.35956e-05 0.00000e+00 0.00000e+00 3.51285e-04
1.98633e+01 1.05620e-11 -7.92725e-13 7.35142e-05 0.00000e+00 0.00000e+00 3.50897e-04
1.98706e+01 -1.03292e-11 7.92157e-13 7.34330e-05 0.00000e+00 0.00000e+00 3.50509e-04
1.98779e+01 1.04994e-11 -7.91548e-13 7.33518e-05 0.00000e+00 0.00000e+00 3.50122e-04
1.98853e+01 -1.03208e-11 7.91003e-13 7.32708e-05 0.00000e+00 0.00000e+00 3.49735e-04
1.98926e+01 1.04371e-11 -7.90419e-13 7.31899e-05 0.00000e+00 0.00000e+00 3.49349e-04
1.98999e+01 -1.03120e-11 7.89850e-13 7.31091e-05 0.00000e+00 0.00000e+00 3.48963e-04
1.99072e+01 1.03757e-11 -7.89233e-13 7.30285e-05 0.00000e+00 0.00000e+00 3.48578e-04
1.99146e+01 -1.03026e-11 7.88696e-13 7.29479e-05 0.00000e+00 0.00000e+00 3.48194e-04
1.99219e+01 1.03150e-11 -7.88116e-13 7.28675e-05 0.00000e+00 0.00000e+00 3.47810e-04
1.99292e+01 -1.02924e-11 7.87562e-13 7.27872e-05 0.00000e+00 0.00000e+00 3.47427e-04
1.99365e+01 1.02555e-11 -7.86937e-13 7.27070e-05 0.00000e+00 0.00000e+00 3.47044e-04
1.99438e+01 -1.02813e-11 7.86420e-13 7.26269e-05 0.00000e+00 0.00000e+00 3.46662e-04
1.99512e+01 1.01973e-11 -7.85779e-13 7.25470e-05 0.00000e+00 0.00000e+00 3.46280e-04
1.99585e+01 -1.02693e-11 7.85216e-13 7.24671e-05 0.00000e+00 0.00000e+00 3.45899e-04
1.99658e+01 1.01404e-11 -7.84623e-13 7.23874e-05 0.00000e+00 0.00000e+00 3.45518e-04
1.99731e+01 -1.02559e-11 7.84085e-13 7.23078e-05 0.00000e+00 0.00000e+00 3.45138e-04
1.99805e+01 1.00850e-11 -7.83462e-13 7.22283e-05 0.00000e+00 0.00000e+00 3.44759e-04
1.99878e+01 -1.02415e-11 7.82853e-13 7.21489e-05 0.00000e+00 0.00000e+00 3.44380e-04
1.99951e+01 1.00312e-11 -7.82307e-13 7.20697e-05 0.00000e+00 0.00000e+00 3.44002e-04
2.00024e+01 -1.02253e-11 7.81711e-13 7.19905e-05 0.00000e+00 0.00000e+00 3.43624e-04
2.00098e+01 9.97932e-12 -7.81127e-13 7.19115e-05 0.00000e+00 0.00000e+00 3.43247e-04
2.00171e+01 -1.02077e-11 7.80536e-13 7.18326e-05 0.00000e+00 0.00000e+00 3.42870e-04
2.00244e+01 9.92918e-12 -7.79949e-13 7.17538e-05 0.00000e+00 0.00000e+00 3.42494e-04
2.00317e+01 -1.01884e-11 7.79366e-13 7.16751e-05 0.00000e+00 0.00000e+00 3.42119e-04
2.00391e+01 9.88085e-12 -7.78791e-13 7.15966e-05 0.00000e+00 0.00000e+00 3.41744e-04
2.00464e+01 -1.01676e-11 7.78182e-13 7.15181e-05 0.00000e+00 0.00000e+00 3.41369e-04
2.00537e+01 9.83446e-12 -7.77627e-13 7.14398e-05 0.00000e+00 0.00000e+00 3.40995e-04
2.00610e+01 -1.01449e-11 7.77017e-13 7.13616e-05 0.00000e+00 0.00000e+00 3.40622e-04
2.00684e+01 9.79013e-12 -7.76431e-13 7.12835e-05 0.00000e+00 0.00000e+00 3.40249e-04
2.00757e+01 -1.01207e-11 7.75832e-13 7.12055e-05 0.00000e+00 0.00000e+00 3.39877e-04
2.00830e+01 9.74766e-12 -7.75259e-13 7.11276e-05 0.00000e+00 0.00000e+00 3.39505e-04
2.00903e+01 -1.00946e-11 7.74656e-13 7.10498e-05 0.00000e+00 0.00000e+00 3.39134e-04
2.00977e+01 9.70726e-12 -7.74062e-13 7.09722e-05 0.00000e+00 0.00000e+00 3.38763e-04
2.01050e+01 -1.00668e-11 7.73483e-13 7.08947e-05 0.00000e+00 0.00000e+00 3.38393e-04
2.01123e+01 9.66861e-12 -7.72909e-13 7.08172e-05 0.00000e+00 0.00000e+00 3.38024e-04
2.01196e+01 -1.00374e-11 7.72294e-13 7.07399e-05 0.00000e+00 0.00000e+00 3.37655e-04
2.01270e+01 9.63205e-12 -7.71709e-13 7.06627e-05 0.00000e+00 0.00000e+00 3.37286e-04
2.01343e+01 -1.00063e-11 7.71127e-13 7.05856e-05 0.00000e+00 0.00000e+00 3.36918e-04
2.01416e+01 9.59716e-12 -7.70555e-13 7.05087e-05 0.00000e+00 0.00000e+00 3.36551e-04
2.01489e+01 -9.97359e-12 7.69935e-13 7.04318e-05 0.00000e+00 0.00000e+00 3.36184e-04
2.01562e+01 9.56423e-12 -7.69361e-13 7.03550e-05 0.00000e+00 0.00000e+00 3.35818e-04
2.01636e+01 -9.93936e-12 7.68748e-13 7.02784e-05 0.00000e+00 0.00000e+00 3.35452e-04
2.01709e+01 9.53305e-12 -7.68161e-13 7.02019e-05 0.00000e+00 0.00000e+00 3.35087e-04
2.01782e+01 -9.90362e-12 7.67577e-13 7.01255e-05 0.00000e+00 0.00000e+00 3.34722e-04
2.01855e+01 9.50342e-12 -7.66983e-13 7.00491e-05 0.00000e+00 0.00000e+00 3.34358e-04
2.01929e+01 -9.86671e-12 7.66342e-13 6.99730e-05 0.00000e+00 0.00000e+00 3.33994e-04
2.02002e+01 9.47540e-12 -7.65790e-13 6.98969e-05 0.00000e+00 0.00000e+00 3.33631e-04
2.02075e+01 -9.82828e-12 7.65174e-13 6.98209e-05 0.00000e+00 0.00000e+00 3.33268e-04
2.02148e+01 9.44895e-12 -7.64569e-13 6.97450e-05 0.00000e+00 0.00000e+00 3.32906e-04
2.02222e+01 -9.78888e-12 7.63945e-13 6.96693e-05 0.00000e+00 0.00000e+00 3.32544e-04
2.02295e+01 9.42365e-12 -7.63400e-13 6.95936e-05 0.00000e+00 0.00000e+00 3.32183e-04
2.02368e+01 -9.74821e-12 7.62773e-13 6.95181e-05 0.00000e+00 0.00000e+00 3.31823e-04
2.02441e+01 9.39970e-12 -7.62202e-13 6.94427e-05 0.00000e+00 0.00000e+00 3.31463e-04
2.02515e+01 -9.70664e-12 7.61583e-13 6.93674e-05 0.00000e+00 0.00000e+00 3.31103e-04
2.02588e+01 9.37689e-12 -7.60998e-13 6.92921e-05 0.00000e+00 0.00000e+00 3.30744e-04
2.02661e+01 -9.66418e-12 7.60408e-13 6.92170e-05 0.00000e+00 0.00000e+00 3.30386e-04
2.02734e+01 9.35506e-12 -7.59798e-13 6.91420e-05 0.00000e+00 0.00000e+00 3.30028e-04
2.02808e+01 -9.62117e-12 7.59181e-13 6.90672e-05 0.00000e+00 0.00000e+00 3.29670e-04
2.02881e+01 9.33412e-12 -7.58598e-13 6.89924e-05 0.00000e+00 0.00000e+00 3.29313e-04
2.02954e+01 -9.57754e-12 7.57961e-13 6.89177e-05 0.00000e+00 0.00000e+00 3.28957e-04
2.03027e+01 9.31395e-12 -7.57387e-13 6.88432e-05 0.00000e+00 0.00000e+00 3.28601e-04
2.03101e+01 -9.53331e-12 7.56773e-13 6.87687e-05 0.00000e+00 0.00000e+00 3.28246e-04
2.03174e+01 9.29439e-12 -7.56182e-13 6.86944e-05 0.00000e+00 0.00000e+00 3.27891e-04
2.03247e+01 -9.48879e-12 7.55571e-13 6.86201e-05 0.00000e+00 0.00000e+00 3.27537e-04
2.03320e+01 9.27532e-12 -7.54985e-13 6.85460e-05 0.00000e+00 0.00000e+00 3.27183e-04
2.03394e+01 -9.44404e-12 7.54369e-13 6.84720e-05 0.00000e+00 0.00000e+00 3.26829e-04
2.03467e+01 9.25661e-12 -7.53793e-13 6.83981e-05 0.00000e+00 0.00000e+00 3.26477e-04
2.03540e+01 -9.39924e-12 7.53151e-13 6.83243e-05 0.00000e+00 0.00000e+00 3.26124e-04
2.03613e+01 9.23830e-12 -7.52559e-13 6.82505e-05 0.00000e+00 0.00000e+00 3.25772e-04
2.03687e+01 -9.35444e-12 7.51931e-13 6.81769e-05 0.00000e+00 0.00000e+00 3.25421e-04
2.03760e+01 9.22003e-12 -7.51354e-13 6.81034e-05 0.00000e+00 0.00000e+00 3.25070e-04
2.03833e+01 -9.30968e-12 7.50739e-13 6.80301e-05 0.00000e+00 0.00000e+00 3.24720e-04
2.03906e+01 9.20180e-12 -7.50147e-13 6.79568e-05 0.00000e+00 0.00000e+00 3.24370e-04
2.03979e+01 -9.26526e-12 7.49513e-13 6.78836e-05 0.00000e+00 0.00000e+00 3.24021e-04
2.04053e+01 9.18363e-12 -7.48908e-13 6.78105e-05 0.00000e+00 0.00000e+00 3.23672e-04
2.04126e+01 -9.22109e-12 7.48312e-13 6.77376e-05 0.00000e+00 0.00000e+00 3.23324e-04
2.04199e+01 9.16511e-12 -7.47712e-13 6.76647e-05 0.00000e+00 0.00000e+00 3.22976e-04
2.04272e+01 -9.17743e-12 7.47091e-13 6.75920e-05 0.00000e+00 0.00000e+00 3.22629e-04
2.04346e+01 9.14639e-12 -7.46492e-13 6.75193e-05 0.00000e+00 0.00000e+00 3.22282e-04
2.04419e+01 -9.13426e-12 7.45874e-13 6.74467e-05 0.00000e+00 0.00000e+00 3.21936e-04
2.04492e+01 9.12735e-12 -7.45269e-13 6.73743e-05 0.00000e+00 0.00000e+00 3.21590e-04
2.04565e+01 -9.09173e-12 7.44649e-13 6.73020e-05 0.00000e+00 0.00000e+00 3.21245e-04
2.04639e+01 9.10784e-12 -7.44053e-13 6.72297e-05 0.00000e+00 0.00000e+00 3.20900e-04
2.04712e+01 -9.04982e-12 7.43439e-13 6.71576e-05 0.00000e+00 0.00000e+00 3.20556e-04
2.04785e+01 9.08783e-12 -7.42833e-13 6.70855e-05 0.00000e+00 0.00000e+00 3.20212e-04
2.04858e+01 -9.00870e-12 7.42223e-13 6.70136e-05 0.00000e+00 0.00000e+00 3.19868e-04
2.04932e+01 9.06726e-12 -7.41609e-13 6.69418e-05 0.00000e+00 0.00000e+00 3.19526e-04
2.05005e+01 -8.96845e-12 7.40983e-13 6.68701e-05 0.00000e+00 0.00000e+00 3.19183e-04
2.05078e+01 9.04601e-12 -7.40398e-13 6.67985e-05 0.00000e+00 0.00000e+00 3.18841e-04
2.05151e+01 -8.92896e-12 7.39772e-13 6.67269e-05 0.00000e+00 0.00000e+00 3.18500e-04
2.05225e+01 9.02420e-12 -7.39152e-13 6.66555e-05 0.00000e+00 0.00000e+00 3.18159e-04
2.05298e+01 -8.89048e-12 7.38537e-13 6.65842e-05 0.00000e+00 0.00000e+00 3.17819e-04
2.05371e+01 9.00161e-12 -7.37925e-13 6.65130e-05 0.00000e+00 0.00000e+00 3.17479e-04
2.05444e+01 -8.85288e-12 7.37313e-13 6.64419e-05 0.00000e+00 0.00000e+00 3.17139e-04
2.05518e+01 8.97824e-12 -7.36707e-13 6.63709e-05 0.00000e+00 0.00000e+00 3.16800e-04
2.05591e+01 -8.81623e-12 7.36092e-13 6.63000e-05 0.00000e+00 0.00000e+00 3.16462e-04
2.05664e+01 8.95410e-12 -7.35486e-13 6.62291e-05 0.00000e+00 0.00000e+00 3.16124e-04
2.05737e+01 -8.78069e-12 7.34836e-13 6.61584e-05 0.00000e+00 0.00000e+00 3.15786e-04
2.05811e+01 8.92925e-12 -7.34242e-13 6.60878e-05 0.00000e+00 0.00000e+00 3.15449e-04
2.05884e+01 -8.74597e-12 7.33630e-13 6.60173e-05 0.00000e+00 0.00000e+00 3.15113e-04
2.05957e+01 8.90357e-12 -7.33008e-13 6.59469e-05 0.00000e+00 0.00000e+00 3.14777e-04
2.06030e+01 -8.71229e-12 7.32408e-13 6.58766e-05 0.00000e+00 0.00000e+00 3.14441e-04
2.06104e+01 8.87699e-12 -7.31805e-13 6.58064e-05 0.00000e+00 0.00000e+00 3.14106e-04
2.06177e+01 -8.67964e-12 7.31177e-13 6.57363e-05 0.00000e+00 0.00000e+00 3.13772e-04
2.06250e+01 8.84984e-12 -7.30540e-13 6.56663e-05 0.00000e+00 0.00000e+00 3.13437e-04
2.06323e+01 -8.64805e-12 7.29920e-13 6.55964e-05 0.00000e+00 0.00000e+00 3.13104e-04
2.06396e+01 8.82191e-12 -7.29279e-13 6.55266e-05 0.00000e+00 0.00000e+00 3.12771e-04
2.06470e+01 -8.61728e-12 7.28704e-13 6.54569e-05 0.00000e+00 0.00000e+00 3.12438e-04
2.06543e+01 8.79299e-12 -7.28079e-13 6.53873e-05 0.00000e+00 0.00000e+00 3.12106e-04
2.06616e+01 -8.58754e-12 7.27458e-13 6.53178e-05 0.00000e+00 0.00000e+00 3.11774e-04
2.06689e+01 8.76354e-12 -7.26833e-13 6.52483e-05 0.00000e+00 0.00000e+00 3.11442e-04
2.06763e+01 -8.55874e-12 7.26205e-13 6.51790e-05 0.00000e+00 0.00000e+00 3.11112e-04
2.06836e+01 8.73340e-12 -7.25582e-13 6.51098e-05 0.00000e+00 0.00000e+00 3.10781e-04
2.06909e+01 -8.53065e-12 7.24987e-13 6.50407e-05 0.00000e+00 0.00000e+00 3.10451e-04
2.06982e+01 8.70252e-12 -7.24358e-13 6.49717e-05 0.00000e+00 0.00000e+00 3.10122e-04
2.07056e+01 -8.50353e-12 7.23733e-13 6.49027e-05 0.00000e+00 0.00000e+00 3.09793e-04
2.07129e+01 8.67112e-12 -7.23110e-13 6.48339e-05 0.00000e+00 0.00000e+00 3.09464e-04
2.07202e+01 -8.47713e-12 7.22492e-13 6.47652e-05 0.00000e+00 0.00000e+00 3.09136e-04
2.07275e+01 8.63913e-12 -7.21870e-13 6.46966e-05 0.00000e+00 0.00000e+00 3.08809e-04
2.07349e+01 -8.45137e-12 7.21276e-13 6.46280e-05 0.00000e+00 0.00000e+00 3.08482e-04
2.07422e+01 8.60659e-12 -7.20641e-13 6.45596e-05 0.00000e+00 0.00000e+00 3.08155e-04
2.07495e+01 -8.42646e-12 7.20014e-13 6.44913e-05 0.00000e+00 0.00000e+00 3.07829e-04
2.07568e+01 8.57371e-12 -7.19381e-13 6.44230e-05 0.00000e+00 0.00000e+00 3.07503e-04
2.07642e+01 -8.40200e-12 7.18794e-13 6.43549e-05 0.00000e+00 0.00000e+00 3.07178e-04
2.07715e+01 8.54038e-12 -7.18134e-13 6.42868e-05 0.00000e+00 0.00000e+00 3.06853e-04
2.07788e+01 -8.37825e-12 7.17532e-13 6.42188e-05 0.00000e+00 0.00000e+00 3.06528e-04
2.07861e+01 8.50661e-12 -7.16912e-13 6.41510e-05 0.00000e+00 0.00000e+00 3.06205e-04
2.07935e+01 -8.35499e-12 7.16275e-13 6.40832e-05 0.00000e+00 0.00000e+00 3.05881e-04
2.08008e+01 8.47271e-12 -7.15651e-13 6.40155e-05 0.00000e+00 0.00000e+00 3.05558e-04
2.08081e+01 -8.33209e-12 7.15039e-13 6.39480e-05 0.00000e+00 0.00000e+00 3.05236e-04
2.08154e+01 8.43851e-12 -7.14408e-13 6.38805e-05 0.00000e+00 0.00000e+00 3.04913e-04
2.08228e+01 -8.30960e-12 7.13796e-13 6.38131e-05 0.00000e+00 0.00000e+00 3.04592e-04
2.08301e+01 8.40419e-12 -7.13159e-13 6.37458e-05 0.00000e+00 0.00000e+00 3.04271e-04
2.08374e+01 -8.28749e-12 7.12530e-13 6.36786e-05 0.00000e+00 0.00000e+00 3.03950e-04
2.08447e+01 8.36968e-12 -7.11928e-13 6.36115e-05 0.00000e+00 0.00000e+00 3.03630e-04
2.08521e+01 -8.26555e-12 7.11292e-13 6.35445e-05 0.00000e+00 0.00000e+00 3.03310e-04
2.08594e+01 8.33528e-12 -7.10658e-13 6.34776e-05 0.00000e+00 0.00000e+00 3.02990e-04
2.08667e+01 -8.24391e-12 7.10025e-13 6.34108e-05 0.00000e+00 0.00000e+00 3.02671e-04
2.08740e+01 8.30088e-12 -7.09392e-13 6.33441e-05 0.00000e+00 0.00000e+00 3.02353e-04
2.08813e+01 -8.22227e-12 7.08798e-13 6.32774e-05 0.00000e+00 0.00000e+00 3.02035e-04
2.08887e+01 8.26647e-12 -7.08149e-13 6.32109e-05 0.00000e+00 0.00000e+00 3.01717e-04
2.08960e+01 -8.20084e-12 7.07537e-13 6.31445e-05 0.00000e+00 0.00000e+00 3.01400e-04
2.09033e+01 8.23229e-12 -7.06875e-13 6.30781e-05 0.00000e+00 0.00000e+00 3.01083e-04
2.09106e+01 -8.17946e-12 7.06269e-13 6.30118e-05 0.00000e+00 0.00000e+00 3.00767e-04
2.09180e+01 8.19811e-12 -7.05648e-13 6.29457e-05 0.00000e+00 0.00000e+00 3.00451e-04
2.09253e+01 -8.15807e-12 7.05000e-13 6.28796e-05 0.00000e+00 0.00000e+00 3.00136e-04
2.09326e+01 8.16435e-12 -7.04369e-13 6.28136e-05 0.00000e+00 0.00000e+00 2.99821e-04
2.09399e+01 -8.13650e-12 7.03763e-13 6.27477e-05 0.00000e+00 0.00000e+00 2.99507e-04
2.09473e+01 8.13067e-12 -7.03140e-13 6.26819e-05 0.00000e+00 0.00000e+00 2.99192e-04
2.09546e+01 -8.11485e-12 7.02514e-13 6.26162e-05 0.00000e+00 0.00000e+00 2.98879e-04
2.09619e+01 8.09744e-12 -7.01872e-13 6.25506e-05 0.00000e+00 0.00000e+00 2.98566e-04
2.09692e+01 -8.09311e-12 7.01249e-13 6.24851e-05 0.00000e+00 0.00000e+00 2.98253e-04
2.09766e+01 8.06456e-12 -7.00610e-13 6.24197e-05 0.00000e+00 0.00000e+00 2.97941e-04
2.09839e+01 -8.07128e-12 6.99962e-13 6.23543e-05 0.00000e+00 0.00000e+00 2.97629e-04
2.09912e+01 8.03203e-12 -6.99349e-13 6.22891e-05 0.00000e+00 0.00000e+00 2.97317e-04
2.09985e+01 -8.04898e-12 6.98733e-13 6.22239e-05 0.00000e+00 0.00000e+00 2.97006e-04
2.10059e+01 7.99990e-12 -6.98099e-13 6.21589e-05 0.00000e+00 0.00000e+00 2.96696e-04
2.10132e+01 -8.02660e-12 6.97461e-13 6.20939e-05 0.00000e+00 0.00000e+00 2.96386e-04
2.10205e+01 7.96825e-12 -6.96838e-13 6.20290e-05 0.00000e+00 0.00000e+00 2.96076e-04
2.10278e+01 -8.00387e-12 6.96210e-13 6.19642e-05 0.00000e+00 0.00000e+00 2.95767e-04
2.10352e+01 7.93708e-12 -6.95573e-13 6.18995e-05 0.00000e+00 0.00000e+00 2.95458e-04
2.10425e+01 -7.98085e-12 6.94954e-13 6.18349e-05 0.00000e+00 0.00000e+00 2.95149e-04
2.10498e+01 7.90636e-12 -6.94316e-13 6.17704e-05 0.00000e+00 0.00000e+00 2.94841e-04
2.10571e+01 -7.95756e-12 6.93688e-13 6.17059e-05 0.00000e+00 0.00000e+00 2.94534e-04
2.10645e+01 7.87615e-12 -6.93056e-13 6.16416e-05 0.00000e+00 0.00000e+00 2.94227e-04
2.10718e+01 -7.93396e-12 6.92411e-13 6.15773e-05 0.00000e+00 0.00000e+00 2.93920e-04
2.10791e+01 7.84642e-12 -6.91804e-13 6.15132e-05 0.00000e+00 0.00000e+00 2.93614e-04
2.10864e+01 -7.90991e-12 6.91168e-13 6.14491e-05 0.00000e+00 0.00000e+00 2.93308e-04
2.10938e+01 7.81729e-12 -6.90530e-13 6.13851e-05 0.00000e+00 0.00000e+00 2.93002e-04
2.11011e+01 -7.88560e-12 6.89900e-13 6.13212e-05 0.00000e+00 0.00000e+00 2.92697e-04
2.11084e+01 7.78875e-12 -6.89241e-13 6.12574e-05 0.00000e+00 0.00000e+00 2.92393e-04
2.11157e+01 -7.86093e-12 6.88633e-13 6.11937e-05 0.00000e+00 0.00000e+00 2.92089e-04
2.11230e+01 7.76056e-12 -6.87995e-13 6.11300e-05 0.00000e+00 0.00000e+00 2.91785e-04
2.11304e+01 -7.83595e-12 6.87359e-13 6.10665e-05 0.00000e+00 0.00000e+00 2.91482e-04
2.11377e+01 7.73298e-12 -6.86724e-13 6.10030e-05 0.00000e+00 0.00000e+00 2.91179e-04
2.11450e+01 -7.81050e-12 6.86114e-13 6.09397e-05 0.00000e+00 0.00000e+00 2.90876e-04
2.11523e+01 7.70577e-12 -6.85489e-13 6.08764e-05 0.00000e+00 0.00000e+00 2.90574e-04
2.11597e+01 -7.78491e-12 6.84824e-13 6.08132e-05 0.00000e+00 0.00000e+00 2.90273e-04
2.11670e+01 7.67925e-12 -6.84203e-13 6.07501e-05 0.00000e+00 0.00000e+00 2.89971e-04
2.11743e+01 -7.75886e-12 6.83565e-13 6.06871e-05 0.00000e+00 0.00000e+00 2.89671e-04
2.11816e+01 7.65317e-12 -6.82929e-13 6.06241e-05 0.00000e+00 0.00000e+00 2.89370e-04
2.11890e+01 -7.73261e-12 6.82284e-13 6.05613e-05 0.00000e+00 0.00000e+00 2.89070e-04
2.11963e+01 7.62752e-12 -6.81663e-13 6.04985e-05 0.00000e+00 0.00000e+00 2.88771e-04
2.12036e+01 -7.70595e-12 6.81031e-13 6.04359e-05 0.00000e+00 0.00000e+00 2.88472e-04
2.12109e+01 7.60231e-12 -6.80401e-13 6.03733e-05 0.00000e+00 0.00000e+00 2.88173e-04
2.12183e+01 -7.67906e-12 6.79767e-13 6.03108e-05 0.00000e+00 0.00000e+00 2.87875e-04
2.12256e+01 7.57759e-12 -6.79122e-13 6.02484e-05 0.00000e+00 0.00000e+00 2.87577e-04
2.12329e+01 -7.65201e-12 6.78478e-13 6.01861e-05 0.00000e+00 0.00000e+00 2.87279e-04
2.12402e+01 7.55321e-12 -6.77858e-13 6.01238e-05 0.00000e+00 0.00000e+00 2.86982e-04
2.12476e+01 -7.62466e-12 6.77214e-13 6.00617e-05 0.00000e+00 0.00000e+00 2.86685e-04
2.12549e+01 7.52936e-12 -6.76552e-13 5.99996e-05 0.00000e+00 0.00000e+00 2.86389e-04
2.12622e+01 -7.59717e-12 6.75936e-13 5.99376e-05 0.00000e+00 0.00000e+00 2.86093e-04
2.12695e+01 7.50564e-12 -6.75308e-13 5.98757e-05 0.00000e+00 0.00000e+00 2.85798e-04
2.12769e+01 -7.56930e-12 6.74708e-13 5.98139e-05 0.00000e+00 0.00000e+00 2.85503e-04
2.12842e+01 7.48230e-12 -6.74050e-13 5.97522e-05 0.00000e+00 0.00000e+00 2.85208e-04
2.12915e+01 -7.54160e-12 6.73395e-13 5.96905e-05 0.00000e+00 0.00000e+00 2.84914e-04
2.12988e+01 7.45930e-12 -6.72778e-13 5.96290e-05 0.00000e+00 0.00000e+00 2.84620e-04
2.13062e+01 -7.51353e-12 6.72155e-13 5.95675e-05 0.00000e+00 0.00000e+00 2.84327e-04
2.13135e+01 7.43662e-12 -6.71490e-13 5.95061e-05 0.00000e+00 0.00000e+00 2.84034e-04
2.13208e+01 -7.48558e-12 6.70857e-13 5.94448e-05 0.00000e+00 0.00000e+00 2.83741e-04
2.13281e+01 7.41411e-12 -6.70221e-13 5.93836e-05 0.00000e+00 0.00000e+00 2.83449e-04
2.13354e+01 -7.45745e-12 6.69589e-13 5.93224e-05 0.00000e+00 0.00000e+00 2.83157e-04
2.13428e+01 7.39186e-12 -6.68937e-13 5.92614e-05 0.00000e+00 0.00000e+00 2.82866e-04
2.13501e+01 -7.42936e-12 6.68304e-13 5.92004e-05 0.00000e+00 0.00000e+00 2.82575e-04
2.13574e+01 7.36966e-12 -6.67687e-13 5.91395e-05 0.00000e+00 0.00000e+00 2.82284e-04
2.13647e+01 -7.40123e-12 6.67032e-13 5.90787e-05 0.00000e+00 0.00000e+00 2.81994e-04
2.13721e+01 7.34776e-12 -6.66396e-13 5.90180e-05 0.00000e+00 0.00000e+00 2.81704e-04
2.13794e+01 -7.37312e-12 6.65757e-13 5.89574e-05 0.00000e+00 0.00000e+00 2.81415e-04
2.13867e+01 7.32584e-12 -6.65144e-13 5.88968e-05 0.00000e+00 0.00000e+00 2.81125e-04
2.13940e+01 -7.34507e-12 6.64486e-13 5.88364e-05 0.00000e+00 0.00000e+00 2.80837e-04
2.14014e+01 7.30426e-12 -6.63823e-13 5.87760e-05 0.00000e+00 0.00000e+00 2.80549e-04
2.14087e+01 -7.31711e-12 6.63209e-13 5.87157e-05 0.00000e+00 0.00000e+00 2.80261e-04
2.14160e+01 7.28255e-12 -6.62552e-13 5.86555e-05 0.00000e+00 0.00000e+00 2.79973e-04
2.14233e+01 -7.28925e-12 6.61934e-13 5.85953e-05 0.00000e+00 0.00000e+00 2.79686e-04
2.14307e+01 7.26084e-12 -6.61297e-13 5.85353e-05 0.00000e+00 0.00000e+00 2.79400e-04
2.14380e+01 -7.26157e-12 6.60646e-13 5.84753e-05 0.00000e+00 0.00000e+00 2.79113e-04
2.14453e+01 7.23920e-12 -6.60024e-13 5.84154e-05 0.00000e+00 0.00000e+00 2.78827e-04
2.14526e+01 -7.23402e-12 6.59366e-13 5.83556e-05 0.00000e+00 0.00000e+00 2.78542e-04
2.14600e+01 7.21759e-12 -6.58744e-13 5.82958e-05 0.00000e+00 0.00000e+00 2.78257e-04
2.14673e+01 -7.20664e-12 6.58085e-13 5.82362e-05 0.00000e+00 0.00000e+00 2.77972e-04
2.14746e+01 7.19599e-12 -6.57450e-13 5.81766e-05 0.00000e+00 0.00000e+00 2.77688e-04
2.14819e+01 -7.17934e-12 6.56842e-13 5.81172e-05 0.00000e+00 0.00000e+00 2.77404e-04
2.14893e+01 7.17432e-12 -6.56159e-13 5.80577e-05 0.00000e+00 0.00000e+00 2.77120e-04
2.14966e+01 -7.15242e-12 6.55544e-13 5.79984e-05 0.00000e+00 0.00000e+00 2.76837e-04
2.15039e+01 7.15248e-12 -6.54902e-13 5.79392e-05 0.00000e+00 0.00000e+00 2.76554e-04
2.15112e+01 -7.12568e-12 6.54264e-13 5.78800e-05 0.00000e+00 0.00000e+00 2.76272e-04
2.15186e+01 7.13069e-12 -6.53609e-13 5.78209e-05 0.00000e+00 0.00000e+00 2.75990e-04
2.15259e+01 -7.09925e-12 6.52966e-13 5.77619e-05 0.00000e+00 0.00000e+00 2.75708e-04
2.15332e+01 7.10874e-12 -6.52334e-13 5.77030e-05 0.00000e+00 0.00000e+00 2.75427e-04
2.15405e+01 -7.07299e-12 6.51689e-13 5.76442e-05 0.00000e+00 0.00000e+00 2.75146e-04
2.15479e+01 7.08672e-12 -6.51045e-13 5.75854e-05 0.00000e+00 0.00000e+00 2.74866e-04
2.15552e+01 -7.04702e-12 6.50406e-13 5.75267e-05 0.00000e+00 0.00000e+00 2.74586e-04
2.15625e+01 7.06453e-12 -6.49775e-13 5.74681e-05 0.00000e+00 0.00000e+00 2.74306e-04
2.15698e+01 -7.02129e-12 6.49133e-13 5.74096e-05 0.00000e+00 0.00000e+00 2.74027e-04
2.15771e+01 7.04228e-12 -6.48485e-13 5.73512e-05 0.00000e+00 0.00000e+00 2.73748e-04
2.15845e+01 -6.99586e-12 6.47853e-13 5.72928e-05 0.00000e+00 0.00000e+00 2.73469e-04
2.15918e+01 7.01993e-12 -6.47189e-13 5.72345e-05 0.00000e+00 0.00000e+00 2.73191e-04
2.15991e+01 -6.97069e-12 6.46582e-13 5.71763e-05 0.00000e+00 0.00000e+00 2.72913e-04
2.16064e+01 6.99724e-12 -6.45947e-13 5.71182e-05 0.00000e+00 0.00000e+00 2.72636e-04
2.16138e+01 -6.94584e-12 6.45299e-13 5.70601e-05 0.00000e+00 0.00000e+00 2.72359e-04
2.16211e+01 6.97457e-12 -6.44661e-13 5.70022e-05 0.00000e+00 0.00000e+00 2.72082e-04
2.16284e+01 -6.92121e-12 6.44037e-13 5.69443e-05 0.00000e+00 0.00000e+00 2.71806e-04
2.16357e+01 6.95186e-12 -6.43353e-13 5.68865e-05 0.00000e+00 0.00000e+00 2.71530e-04
2.16431e+01 -6.89703e-12 6.42726e-13 5.68287e-05 0.00000e+00 0.00000e+00 2.71254e-04
2.16504e+01 6.92880e-12 -6.42098e-13 5.67711e-05 0.00000e+00 0.00000e+00 2.70979e-04
2.16577e+01 -6.87307e-12 6.41435e-13 5.67135e-05 0.00000e+00 0.00000e+00 2.70704e-04
2.16650e+01 6.90576e-12 -6.40807e-13 5.66560e-05 0.00000e+00 0.00000e+00 2.70430e-04
2.16724e+01 -6.84931e-12 6.40163e-13 5.65986e-05 0.00000e+00 0.00000e+00 2.70156e-04
2.16797e+01 6.88263e-12 -6.39505e-13 5.65412e-05 0.00000e+00 0.00000e+00 2.69882e-04
2.16870e+01 -6.82590e-12 6.38874e-13 5.64840e-05 0.00000e+00 0.00000e+00 2.69608e-04
2.16943e+01 6.85930e-12 -6.38224e-13 5.64268e-05 0.00000e+00 0.00000e+00 2.69336e-04
2.17017e+01 -6.80271e-12 6.37593e-13 5.63697e-05 0.00000e+00 0.00000e+00 2.69063e-04
2.17090e+01 6.83586e-12 -6.36943e-13 5.63126e-05 0.00000e+00 0.00000e+00 2.68791e-04
2.17163e+01 -6.77979e-12 6.36308e-13 5.62557e-05 0.00000e+00 0.00000e+00 2.68519e-04
2.17236e+01 6.81227e-12 -6.35676e-13 5.61988e-05 0.00000e+00 0.00000e+00 2.68247e-04
2.17310e+01 -6.75716e-12 6.35014e-13 5.61420e-05 0.00000e+00 0.00000e+00 2.67976e-04
2.17383e+01 6.78862e-12 -6.34396e-13 5.60853e-05 0.00000e+00 0.00000e+00 2.67705e-04
2.17456e+01 -6.73465e-12 6.33749e-13 5.60286e-05 0.00000e+00 0.00000e+00 2.67435e-04
2.17529e+01 6.76499e-12 -6.33088e-13 5.59720e-05 0.00000e+00 0.00000e+00 2.67165e-04
2.17603e+01 -6.71237e-12 6.32479e-13 5.59155e-05 0.00000e+00 0.00000e+00 2.66895e-04
2.17676e+01 6.74118e-12 -6.31814e-13 5.58591e-05 0.00000e+00 0.00000e+00 2.66626e-04
2.17749e+01 -6.69051e-12 6.31156e-13 5.58028e-05 0.00000e+00 0.00000e+00 2.66357e-04
2.17822e+01 6.71727e-12 -6.30549e-13 5.57465e-05 0.00000e+00 0.00000e+00 2.66088e-04
2.17896e+01 -6.66858e-12 6.29903e-13 5.56903e-05 0.00000e+00 0.00000e+00 2.65820e-04
2.17969e+01 6.69345e-12 -6.29246e-13 5.56342e-05 0.00000e+00 0.00000e+00 2.65552e-04
2.18042e+01 -6.64691e-12 6.28630e-13 5.55781e-05 0.00000e+00 0.00000e+00 2.65285e-04
2.18115e+01 6.66952e-12 -6.27966e-13 5.55222e-05 0.00000e+00 0.00000e+00 2.65018e-04
2.18188e+01 -6.62560e-12 6.27306e-13 5.54663e-05 0.00000e+00 0.00000e+00 2.64751e-04
2.18262e+01 6.64565e-12 -6.26664e-13 5.54105e-05 0.00000e+00 0.00000e+00 2.64484e-04
2.18335e+01 -6.60424e-12 6.26038e-13 5.53547e-05 0.00000e+00 0.00000e+00 2.64218e-04
2.18408e+01 6.62169e-12 -6.25381e-13 5.52990e-05 0.00000e+00 0.00000e+00 2.63953e-04
2.18481e+01 -6.58302e-12 6.24768e-13 5.52434e-05 0.00000e+00 0.00000e+00 2.63687e-04
2.18555e+01 6.59777e-12 -6.24097e-13 5.51879e-05 0.00000e+00 0.00000e+00 2.63422e-04
2.18628e+01 -6.56212e-12 6.23445e-13 5.51325e-05 0.00000e+00 0.00000e+00 2.63158e-04
2.18701e+01 6.57383e-12 -6.22819e-13 5.50771e-05 0.00000e+00 0.00000e+00 2.62893e-04
2.18774e+01 -6.54112e-12 6.22180e-13 5.50218e-05 0.00000e+00 0.00000e+00 2.62629e-04
2.18848e+01 6.54992e-12 -6.21547e-13 5.49666e-05 0.00000e+00 0.00000e+00 2.62366e-04
2.18921e+01 -6.52027e-12 6.20900e-13 5.49114e-05 0.00000e+00 0.00000e+00 2.62102e-04
2.18994e+01 6.52626e-12 -6.20222e-13 5.48564e-05 0.00000e+00 0.00000e+00 2.61840e-04
2.19067e+01 -6.49952e-12 6.19615e-13 5.48014e-05 0.00000e+00 0.00000e+00 2.61577e-04
2.19141e+01 6.50242e-12 -6.18959e-13 5.47464e-05 0.00000e+00 0.00000e+00 2.61315e-04
2.19214e+01 -6.47894e-12 6.18305e-13 5.46916e-05 0.00000e+00 0.00000e+00 2.61053e-04
2.19287e+01 6.47878e-12 -6.17661e-13 5.46368e-05 0.00000e+00 0.00000e+00 2.60791e-04
2.19360e+01 -6.45828e-12 6.17030e-13 5.45821e-05 0.00000e+00 0.00000e+00 2.60530e-04
2.19434e+01 6.45510e-12 -6.16402e-13 5.45274e-05 0.00000e+00 0.00000e+00 2.60270e-04
2.19507e+01 -6.43771e-12 6.15744e-13 5.44729e-05 0.00000e+00 0.00000e+00 2.60009e-04
2.19580e+01 6.43168e-12 -6.15100e-13 5.44184e-05 0.00000e+00 0.00000e+00 2.59749e-04
2.19653e+01 -6.41719e-12 6.14451e-13 5.43640e-05 0.00000e+00 0.00000e+00 2.59489e-04
2.19727e+01 6.40827e-12 -6.13822e-13 5.43096e-05 0.00000e+00 0.00000e+00 2.59230e-04
2.19800e+01 -6.39666e-12 6.13166e-13 5.42553e-05 0.00000e+00 0.00000e+00 2.58971e-04
2.19873e+01 6.38510e-12 -6.12513e-13 5.42011e-05 0.00000e+00 0.00000e+00 2.58712e-04
2.19946e+01 -6.37615e-12 6.11883e-13 5.41470e-05 0.00000e+00 0.00000e+00 2.58454e-04
2.20020e+01 6.36193e-12 -6.11238e-13 5.40930e-05 0.00000e+00 0.00000e+00 2.58196e-04
2.20093e+01 -6.35563e-12 6.10601e-13 5.40390e-05 0.00000e+00 0.00000e+00 2.57938e-04
2.20166e+01 6.33887e-12 -6.09972e-13 5.39851e-05 0.00000e+00 0.00000e+00 2.57681e-04
2.20239e+01 -6.33518e-12 6.09300e-13 5.39312e-05 0.00000e+00 0.00000e+00 2.57424e-04
2.20312e+01 6.31605e-12 -6.08680e-13 5.38774e-05 0.00000e+00 0.00000e+00 2.57167e-04
2.20386e+01 -6.31460e-12 6.08029e-13 5.38238e-05 0.00000e+00 0.00000e+00 2.56911e-04
2.20459e+01 6.29337e-12 -6.07391e-13 5.37701e-05 0.00000e+00 0.00000e+00 2.56655e-04
2.20532e+01 -6.29412e-12 6.06728e-13 5.37166e-05 0.00000e+00 0.00000e+00 2.56399e-04
2.20605e+01 6.27086e-12 -6.06101e-13 5.36631e-05 0.00000e+00 0.00000e+00 2.56144e-04
2.20679e+01 -6.27341e-12 6.05482e-13 5.36097e-05 0.00000e+00 0.00000e+00 2.55889e-04
2.20752e+01 6.24848e-12 -6.04814e-13 5.35563e-05 0.00000e+00 0.00000e+00 2.55634e-04
2.20825e+01 -6.25291e-12 6.04169e-13 5.35031e-05 0.00000e+00 0.00000e+00 2.55380e-04
2.20898e+01 6.22618e-12 -6.03551e-13 5.34498e-05 0.00000e+00 0.00000e+00 2.55126e-04
2.20972e+01 -6.23235e-12 6.02863e-13 5.33967e-05 0.00000e+00 0.00000e+00 2.54872e-04
2.21045e+01 6.20427e-12 -6.02232e-13 5.33437e-05 0.00000e+00 0.00000e+00 2.54619e-04
2.21118e+01 -6.21158e-12 6.01613e-13 5.32907e-05 0.00000e+00 0.00000e+00 2.54366e-04
2.21191e+01 6.18239e-12 -6.00943e-13 5.32377e-05 0.00000e+00 0.00000e+00 2.54114e-04
2.21265e+01 -6.19095e-12 6.00307e-13 5.31849e-05 0.00000e+00 0.00000e+00 2.53861e-04
2.21338e+01 6.16073e-12 -5.99645e-13 5.31321e-05 0.00000e+00 0.00000e+00 2.53609e-04
2.21411e+01 -6.17021e-12 5.99023e-13 5.30794e-05 0.00000e+00 0.00000e+00 2.53358e-04
2.21484e+01 6.13905e-12 -5.98399e-13 5.30268e-05 0.00000e+00 0.00000e+00 2.53107e-04
2.21558e+01 -6.14948e-12 5.97724e-13 5.29742e-05 0.00000e+00 0.00000e+00 2.52856e-04
2.21631e+01 6.11778e-12 -5.97085e-13 5.29217e-05 0.00000e+00 0.00000e+00 2.52605e-04
2.21704e+01 -6.12876e-12 5.96415e-13 5.28693e-05 0.00000e+00 0.00000e+00 2.52355e-04
2.21777e+01 6.09661e-12 -5.95790e-13 5.28169e-05 0.00000e+00 0.00000e+00 2.52105e-04
2.21851e+01 -6.10779e-12 5.95167e-13 5.27646e-05 0.00000e+00 0.00000e+00 2.51855e-04
2.21924e+01 6.07555e-12 -5.94504e-13 5.27124e-05 0.00000e+00 0.00000e+00 2.51606e-04
2.21997e+01 -6.08696e-12 5.93870e-13 5.26602e-05 0.00000e+00 0.00000e+00 2.51357e-04
2.22070e+01 6.05460e-12 -5.93238e-13 5.26081e-05 0.00000e+00 0.00000e+00 2.51108e-04
2.22144e+01 -6.06603e-12 5.92594e-13 5.25561e-05 0.00000e+00 0.00000e+00 2.50860e-04
2.22217e+01 6.03392e-12 -5.91937e-13 5.25042e-05 0.00000e+00 0.00000e+00 2.50612e-04
2.22290e+01 -6.04512e-12 5.91306e-13 5.24523e-05 0.00000e+00 0.00000e+00 2.50364e-04
2.22363e+01 6.01322e-12 -5.90686e-13 5.24005e-05 0.00000e+00 0.00000e+00 2.50117e-04
2.22437e+01 -6.02419e-12 5.90016e-13 5.23487e-05 0.00000e+00 0.00000e+00 2.49870e-04
2.22510e+01 5.99287e-12 -5.89378e-13 5.22970e-05 0.00000e+00 0.00000e+00 2.49623e-04
2.22583e+01 -6.00338e-12 5.88692e-13 5.22454e-05 0.00000e+00 0.00000e+00 2.49377e-04
2.22656e+01 5.97263e-12 -5.88076e-13 5.21939e-05 0.00000e+00 0.00000e+00 2.49131e-04
2.22729e+01 -5.98219e-12 5.87468e-13 5.21424e-05 0.00000e+00 0.00000e+00 2.48885e-04
2.22803e+01 5.95246e-12 -5.86794e-13 5.20910e-05 0.00000e+00 0.00000e+00 2.48640e-04
2.22876e+01 -5.96132e-12 5.86154e-13 5.20397e-05 0.00000e+00 0.00000e+00 2.48395e-04
2.22949e+01 5.93245e-12 -5.85503e-13 5.19884e-05 0.00000e+00 0.00000e+00 2.48150e-04
2.23022e+01 -5.94036e-12 5.84867e-13 5.19372e-05 0.00000e+00 0.00000e+00 2.47906e-04
2.23096e+01 5.91250e-12 -5.84226e-13 5.18861e-05 0.00000e+00 0.00000e+00 2.47662e-04
2.23169e+01 -5.91941e-12 5.83577e-13 5.18350e-05 0.00000e+00 0.00000e+00 2.47418e-04
2.23242e+01 5.89269e-12 -5.82944e-13 5.17840e-05 0.00000e+00 0.00000e+00 2.47175e-04
2.23315e+01 -5.89847e-12 5.82294e-13 5.17331e-05 0.00000e+00 0.00000e+00 2.46932e-04
2.23389e+01 5.87294e-12 -5.81676e-13 5.16822e-05 0.00000e+00 0.00000e+00 2.46689e-04
2.23462e+01 -5.87758e-12 5.81000e-13 5.16314e-05 0.00000e+00 0.00000e+00 2.46446e-04
2.23535e+01 5.85332e-12 -5.80398e-13 5.15807e-05 0.00000e+00 0.00000e+00 2.46204e-04
2.23608e+01 -5.85673e-12 5.79701e-13 5.15300e-05 0.00000e+00 0.00000e+00 2.45962e-04
2.23682e+01 5.83391e-12 -5.79087e-13 5.14794e-05 0.00000e+00 0.00000e+00 2.45721e-04
2.23755e+01 -5.83575e-12 5.78451e-13 5.14289e-05 0.00000e+00 0.00000e+00 2.45479e-04
2.23828e+01 5.81454e-12 -5.77789e-13 5.13784e-05 0.00000e+00 0.00000e+00 2.45239e-04
2.23901e+01 -5.81497e-12 5.77156e-13 5.13280e-05 0.00000e+00 0.00000e+00 2.44998e-04
2.23975e+01 5.79518e-12 -5.76508e-13 5.12776e-05 0.00000e+00 0.00000e+00 2.44758e-04
2.24048e+01 -5.79425e-12 5.75858e-13 5.12274e-05 0.00000e+00 0.00000e+00 2.44518e-04
2.24121e+01 5.77588e-12 -5.75232e-13 5.11772e-05 0.00000e+00 0.00000e+00 2.44278e-04
2.24194e+01 -5.77356e-12 5.74566e-13 5.11270e-05 0.00000e+00 0.00000e+00 2.44039e-04
2.24268e+01 5.75659e-12 -5.73973e-13 5.10769e-05 0.00000e+00 0.00000e+00 2.43800e-04
2.24341e+01 -5.75287e-12 5.73293e-13 5.10269e-05 0.00000e+00 0.00000e+00 2.43561e-04
2.24414e+01 5.73754e-12 -5.72661e-13 5.09770e-05 0.00000e+00 0.00000e+00 2.43323e-04
2.24487e+01 -5.73232e-12 5.72000e-13 5.09271e-05 0.00000e+00 0.00000e+00 2.43085e-04
2.24561e+01 5.71852e-12 -5.71358e-13 5.08773e-05 0.00000e+00 0.00000e+00 2.42847e-04
2.24634e+01 -5.71177e-12 5.70724e-13 5.08276e-05 0.00000e+00 0.00000e+00 2.42609e-04
2.24707e+01 5.69944e-12 -5.70080e-13 5.07779e-05 0.00000e+00 0.00000e+00 2.42372e-04
2.24780e+01 -5.69126e-12 5.69461e-13 5.07282e-05 0.00000e+00 0.00000e+00 2.42135e-04
2.24854e+01 5.68046e-12 -5.68791e-13 5.06787e-05 0.00000e+00 0.00000e+00 2.41899e-04
2.24927e+01 -5.67092e-12 5.68176e-13 5.06292e-05 0.00000e+00 0.00000e+00 2.41663e-04
2.25000e+01 5.66144e-12 -5.67518e-13 5.05798e-05 0.00000e+00 0.00000e+00 2.41427e-04
2.25073e+01 -5.65078e-12 5.66858e-13 5.05304e-05 0.00000e+00 0.00000e+00 2.41191e-04
2.25146e+01 5.64251e-12 -5.66232e-13 5.04811e-05 0.00000e+00 0.00000e+00 2.40956e-04
2.25220e+01 -5.63063e-12 5.65565e-13 5.04319e-05 0.00000e+00 0.00000e+00 2.40721e-04
2.25293e+01 5.62357e-12 -5.64954e-13 5.03827e-05 0.00000e+00 0.00000e+00 2.40486e-04
2.25366e+01 -5.61051e-12 5.64293e-13 5.03336e-05 0.00000e+00 0.00000e+00 2.40252e-04
2.25439e+01 5.60463e-12 -5.63684e-13 5.02846e-05 0.00000e+00 0.00000e+00 2.40018e-04
2.25513e+01 -5.59046e-12 5.63028e-13 5.02356e-05 0.00000e+00 0.00000e+00 2.39784e-04
2.25586e+01 5.58586e-12 -5.62371e-13 5.01867e-05 0.00000e+00 0.00000e+00 2.39550e-04
2.25659e+01 -5.57051e-12 5.61766e-13 5.01378e-05 0.00000e+00 0.00000e+00 2.39317e-04
2.25732e+01 5.56696e-12 -5.61095e-13 5.00890e-05 0.00000e+00 0.00000e+00 2.39084e-04
2.25806e+01 -5.55083e-12 5.60454e-13 5.00403e-05 0.00000e+00 0.00000e+00 2.38852e-04
2.25879e+01 5.54814e-12 -5.59808e-13 4.99916e-05 0.00000e+00 0.00000e+00 2.38619e-04
2.25952e+01 -5.53111e-12 5.59182e-13 4.99430e-05 0.00000e+00 0.00000e+00 2.38387e-04
2.26025e+01 5.52926e-12 -5.58533e-13 4.98945e-05 0.00000e+00 0.00000e+00 2.38156e-04
2.26099e+01 -5.51156e-12 5.57895e-13 4.98460e-05 0.00000e+00 0.00000e+00 2.37924e-04
2.26172e+01 5.51046e-12 -5.57245e-13 4.97976e-05 0.00000e+00 0.00000e+00 2.37693e-04
2.26245e+01 -5.49211e-12 5.56609e-13 4.97493e-05 0.00000e+00 0.00000e+00 2.37463e-04
2.26318e+01 5.49155e-12 -5.55987e-13 4.97010e-05 0.00000e+00 0.00000e+00 2.37232e-04
2.26392e+01 -5.47274e-12 5.55333e-13 4.96528e-05 0.00000e+00 0.00000e+00 2.37002e-04
2.26465e+01 5.47287e-12 -5.54669e-13 4.96046e-05 0.00000e+00 0.00000e+00 2.36772e-04
2.26538e+01 -5.45345e-12 5.54060e-13 4.95565e-05 0.00000e+00 0.00000e+00 2.36542e-04
2.26611e+01 5.45398e-12 -5.53410e-13 4.95085e-05 0.00000e+00 0.00000e+00 2.36313e-04
2.26685e+01 -5.43428e-12 5.52787e-13 4.94605e-05 0.00000e+00 0.00000e+00 2.36084e-04
2.26758e+01 5.43514e-12 -5.52138e-13 4.94126e-05 0.00000e+00 0.00000e+00 2.35855e-04
2.26831e+01 -5.41525e-12 5.51502e-13 4.93647e-05 0.00000e+00 0.00000e+00 2.35627e-04
2.26904e+01 5.41649e-12 -5.50819e-13 4.93170e-05 0.00000e+00 0.00000e+00 2.35399e-04
2.26978e+01 -5.39638e-12 5.50206e-13 4.92692e-05 0.00000e+00 0.00000e+00 2.35171e-04
2.27051e+01 5.39763e-12 -5.49560e-13 4.92216e-05 0.00000e+00 0.00000e+00 2.34944e-04
2.27124e+01 -5.37762e-12 5.48909e-13 4.91740e-05 0.00000e+00 0.00000e+00 2.34716e-04
2.27197e+01 5.37877e-12 -5.48304e-13 4.91264e-05 0.00000e+00 0.00000e+00 2.34489e-04
2.27271e+01 -5.35891e-12 5.47622e-13 4.90789e-05 0.00000e+00 0.00000e+00 2.34263e-04
2.27344e+01 5.36006e-12 -5.47008e-13 4.90315e-05 0.00000e+00 0.00000e+00 2.34037e-04
2.27417e+01 -5.34024e-12 5.46353e-13 4.89842e-05 0.00000e+00 0.00000e+00 2.33810e-04
2.27490e+01 5.34138e-12 -5.45710e-13 4.89369e-05 0.00000e+00 0.00000e+00 2.33585e-04
2.27563e+01 -5.32164e-12 5.45094e-13 4.88896e-05 0.00000e+00 0.00000e+00 2.33359e-04
2.27637e+01 5.32263e-12 -5.44438e-13 4.88425e-05 0.00000e+00 0.00000e+00 2.33134e-04
2.27710e+01 -5.30325e-12 5.43800e-13 4.87953e-05 0.00000e+00 0.00000e+00 2.32909e-04
2.27783e+01 5.30395e-12 -5.43148e-13 4.87483e-05 0.00000e+00 0.00000e+00 2.32685e-04
2.27856e+01 -5.28492e-12 5.42516e-13 4.87013e-05 0.00000e+00 0.00000e+00 2.32460e-04
2.27930e+01 5.28527e-12 -5.41867e-13 4.86544e-05 0.00000e+00 0.00000e+00 2.32236e-04
2.28003e+01 -5.26665e-12 5.41242e-13 4.86075e-05 0.00000e+00 0.00000e+00 2.32013e-04
2.28076e+01 5.26660e-12 -5.40587e-13 4.85607e-05 0.00000e+00 0.00000e+00 2.31789e-04
2.28149e+01 -5.24862e-12 5.39922e-13 4.85139e-05 0.00000e+00 0.00000e+00 2.31566e-04
2.28223e+01 5.24790e-12 -5.39325e-13 4.84672e-05 0.00000e+00 0.00000e+00 2.31343e-04
2.28296e+01 -5.23037e-12 5.38687e-13 4.84206e-05 0.00000e+00 0.00000e+00 2.31120e-04
2.28369e+01 5.22940e-12 -5.38016e-13 4.83740e-05 0.00000e+00 0.00000e+00 2.30898e-04
2.28442e+01 -5.21228e-12 5.37430e-13 4.83275e-05 0.00000e+00 0.00000e+00 2.30676e-04
2.28516e+01 5.21070e-12 -5.36774e-13 4.82810e-05 0.00000e+00 0.00000e+00 2.30454e-04
2.28589e+01 -5.19444e-12 5.36121e-13 4.82347e-05 0.00000e+00 0.00000e+00 2.30233e-04
2.28662e+01 5.19216e-12 -5.35491e-13 4.81883e-05 0.00000e+00 0.00000e+00 2.30012e-04
2.28735e+01 -5.17656e-12 5.34847e-13 4.81420e-05 0.00000e+00 0.00000e+00 2.29791e-04
2.28809e+01 5.17368e-12 -5.34208e-13 4.80958e-05 0.00000e+00 0.00000e+00 2.29570e-04
2.28882e+01 -5.15874e-12 5.33576e-13 4.80497e-05 0.00000e+00 0.00000e+00 2.29350e-04
2.28955e+01 5.15514e-12 -5.32952e-13 4.80036e-05 0.00000e+00 0.00000e+00 2.29130e-04
2.29028e+01 -5.14111e-12 5.32271e-13 4.79575e-05 0.00000e+00 0.00000e+00 2.28910e-04
2.29102e+01 5.13677e-12 -5.31662e-13 4.79116e-05 0.00000e+00 0.00000e+00 2.28691e-04
2.29175e+01 -5.12332e-12 5.31021e-13 4.78656e-05 0.00000e+00 0.00000e+00 2.28472e-04
2.29248e+01 5.11841e-12 -5.30381e-13 4.78198e-05 0.00000e+00 0.00000e+00 2.28253e-04
2.29321e+01 -5.10576e-12 5.29727e-13 4.77740e-05 0.00000e+00 0.00000e+00 2.28034e-04
2.29395e+01 5.10006e-12 -5.29117e-13 4.77282e-05 0.00000e+00 0.00000e+00 2.27816e-04
2.29468e+01 -5.08817e-12 5.28455e-13 4.76825e-05 0.00000e+00 0.00000e+00 2.27598e-04
2.29541e+01 5.08182e-12 -5.27833e-13 4.76369e-05 0.00000e+00 0.00000e+00 2.27380e-04
2.29614e+01 -5.07067e-12 5.27173e-13 4.75913e-05 0.00000e+00 0.00000e+00 2.27162e-04
2.29688e+01 5.06362e-12 -5.26556e-13 4.75458e-05 0.00000e+00 0.00000e+00 2.26945e-04
2.29761e+01 -5.05317e-12 5.25905e-13 4.75004e-05 0.00000e+00 0.00000e+00 2.26728e-04
2.29834e+01 5.04554e-12 -5.25265e-13 4.74550e-05 0.00000e+00 0.00000e+00 2.26511e-04
2.29907e+01 -5.03574e-12 5.24628e-13 4.74096e-05 0.00000e+00 0.00000e+00 2.26295e-04
2.29980e+01 5.02740e-12 -5.24003e-13 4.73643e-05 0.00000e+00 0.00000e+00 2.26079e-04
2.30054e+01 -5.01826e-12 5.23380e-13 4.73191e-05 0.00000e+00 0.00000e+00 2.25863e-04
2.30127e+01 5.00935e-12 -5.22737e-13 4.72740e-05 0.00000e+00 0.00000e+00 2.25647e-04
2.30200e+01 -5.00089e-12 5.22111e-13 4.72289e-05 0.00000e+00 0.00000e+00 2.25432e-04
2.30273e+01 4.99147e-12 -5.21440e-13 4.71838e-05 0.00000e+00 0.00000e+00 2.25217e-04
2.30347e+01 -4.98365e-12 5.20814e-13 4.71388e-05 0.00000e+00 0.00000e+00 2.25002e-04
2.30420e+01 4.97347e-12 -5.20197e-13 4.70939e-05 0.00000e+00 0.00000e+00 2.24788e-04
2.30493e+01 -4.96638e-12 5.19541e-13 4.70490e-05 0.00000e+00 0.00000e+00 2.24574e-04
2.30566e+01 4.95567e-12 -5.18917e-13 4.70042e-05 0.00000e+00 0.00000e+00 2.24360e-04
2.30640e+01 -4.94907e-12 5.18283e-13 4.69594e-05 0.00000e+00 0.00000e+00 2.24146e-04
2.30713e+01 4.93793e-12 -5.17643e-13 4.69147e-05 0.00000e+00 0.00000e+00 2.23932e-04
2.30786e+01 -4.93191e-12 5.16996e-13 4.68700e-05 0.00000e+00 0.00000e+00 2.23719e-04
2.30859e+01 4.92033e-12 -5.16350e-13 4.68254e-05 0.00000e+00 0.00000e+00 2.23506e-04
2.30933e+01 -4.91478e-12 5.15706e-13 4.67809e-05 0.00000e+00 0.00000e+00 2.23294e-04
2.31006e+01 4.90269e-12 -5.15089e-13 4.67364e-05 0.00000e+00 0.00000e+00 2.23082e-04
2.31079e+01 -4.89751e-12 5.14467e-13 4.66920e-05 0.00000e+00 0.00000e+00 2.22870e-04
2.31152e+01 4.88515e-12 -5.13819e-13 4.66476e-05 0.00000e+00 0.00000e+00 2.22658e-04
2.31226e+01 -4.88039e-12 5.13192e-13 4.66033e-05 0.00000e+00 0.00000e+00 2.22446e-04
2.31299e+01 4.86765e-12 -5.12559e-13 4.65590e-05 0.00000e+00 0.00000e+00 2.22235e-04
2.31372e+01 -4.86330e-12 5.11914e-13 4.65149e-05 0.00000e+00 0.00000e+00 2.22024e-04
2.31445e+01 4.85032e-12 -5.11276e-13 4.64707e-05 0.00000e+00 0.00000e+00 2.21813e-04
2.31519e+01 -4.84611e-12 5.10671e-13 4.64266e-05 0.00000e+00 0.00000e+00 2.21603e-04
2.31592e+01 4.83300e-12 -5.10006e-13 4.63826e-05 0.00000e+00 0.00000e+00 2.21393e-04
2.31665e+01 -4.82914e-12 5.09379e-13 4.63386e-05 0.00000e+00 0.00000e+00 2.21183e-04
2.31738e+01 4.81583e-12 -5.08717e-13 4.62947e-05 0.00000e+00 0.00000e+00 2.20973e-04
2.31812e+01 -4.81211e-12 5.08108e-13 4.62508e-05 0.00000e+00 0.00000e+00 2.20764e-04
2.31885e+01 4.79868e-12 -5.07445e-13 4.62070e-05 0.00000e+00 0.00000e+00 2.20555e-04
2.31958e+01 -4.79513e-12 5.06832e-13 4.61632e-05 0.00000e+00 0.00000e+00 2.20346e-04
2.32031e+01 4.78154e-12 -5.06191e-13 4.61195e-05 0.00000e+00 0.00000e+00 2.20137e-04
2.32104e+01 -4.77814e-12 5.05565e-13 4.60759e-05 0.00000e+00 0.00000e+00 2.19929e-04
2.32178e+01 4.76447e-12 -5.04934e-13 4.60323e-05 0.00000e+00 0.00000e+00 2.19721e-04
2.32251e+01 -4.76111e-12 5.04317e-13 4.59888e-05 0.00000e+00 0.00000e+00 2.19513e-04
2.32324e+01 4.74752e-12 -5.03669e-13 4.59453e-05 0.00000e+00 0.00000e+00 2.19305e-04
2.32397e+01 -4.74423e-12 5.03038e-13 4.59019e-05 0.00000e+00 0.00000e+00 2.19098e-04
2.32471e+01 4.73074e-12 -5.02376e-13 4.58585e-05 0.00000e+00 0.00000e+00 2.18891e-04
2.32544e+01 -4.72734e-12 5.01765e-13 4.58152e-05 0.00000e+00 0.00000e+00 2.18684e-04
2.32617e+01 4.71377e-12 -5.01153e-13 4.57719e-05 0.00000e+00 0.00000e+00 2.18478e-04
2.32690e+01 -4.71051e-12 5.00490e-13 4.57287e-05 0.00000e+00 0.00000e+00 2.18272e-04
2.32764e+01 4.69706e-12 -4.99878e-13 4.56855e-05 0.00000e+00 0.00000e+00 2.18066e-04
2.32837e+01 -4.69367e-12 4.99220e-13 4.56424e-05 0.00000e+00 0.00000e+00 2.17860e-04
2.32910e+01 4.68046e-12 -4.98593e-13 4.55994e-05 0.00000e+00 0.00000e+00 2.17654e-04
2.32983e+01 -4.67681e-12 4.97967e-13 4.55564e-05 0.00000e+00 0.00000e+00 2.17449e-04
2.33057e+01 4.66381e-12 -4.97338e-13 4.55135e-05 0.00000e+00 0.00000e+00 2.17244e-04
2.33130e+01 -4.66012e-12 4.96676e-13 4.54706e-05 0.00000e+00 0.00000e+00 2.17040e-04
2.33203e+01 4.64723e-12 -4.96084e-13 4.54278e-05 0.00000e+00 0.00000e+00 2.16835e-04
2.33276e+01 -4.64327e-12 4.95438e-13 4.53850e-05 0.00000e+00 0.00000e+00 2.16631e-04
2.33350e+01 4.63076e-12 -4.94812e-13 4.53423e-05 0.00000e+00 0.00000e+00 2.16427e-04
2.33423e+01 -4.62659e-12 4.94166e-13 4.52996e-05 0.00000e+00 0.00000e+00 2.16223e-04
2.33496e+01 4.61431e-12 -4.93558e-13 4.52570e-05 0.00000e+00 0.00000e+00 2.16020e-04
2.33569e+01 -4.60994e-12 4.92895e-13 4.52144e-05 0.00000e+00 0.00000e+00 2.15817e-04
2.33643e+01 4.59801e-12 -4.92272e-13 4.51719e-05 0.00000e+00 0.00000e+00 2.15614e-04
2.33716e+01 -4.59325e-12 4.91643e-13 4.51295e-05 0.00000e+00 0.00000e+00 2.15411e-04
2.33789e+01 4.58167e-12 -4.91018e-13 4.50871e-05 0.00000e+00 0.00000e+00 2.15209e-04
2.33862e+01 -4.57676e-12 4.90351e-13 4.50447e-05 0.00000e+00 0.00000e+00 2.15007e-04
2.33936e+01 4.56545e-12 -4.89745e-13 4.50024e-05 0.00000e+00 0.00000e+00 2.14805e-04
2.34009e+01 -4.56014e-12 4.89107e-13 4.49602e-05 0.00000e+00 0.00000e+00 2.14603e-04
2.34082e+01 4.54925e-12 -4.88480e-13 4.49180e-05 0.00000e+00 0.00000e+00 2.14402e-04
2.34155e+01 -4.54362e-12 4.87841e-13 4.48758e-05 0.00000e+00 0.00000e+00 2.14201e-04
2.34229e+01 4.53309e-12 -4.87222e-13 4.48338e-05 0.00000e+00 0.00000e+00 2.14000e-04
2.34302e+01 -4.52712e-12 4.86587e-13 4.47917e-05 0.00000e+00 0.00000e+00 2.13799e-04
2.34375e+01 4.51693e-12 -4.85973e-13 4.47497e-05 0.00000e+00 0.00000e+00 2.13599e-04
2.34448e+01 -4.51069e-12 4.85323e-13 4.47078e-05 0.00000e+00 0.00000e+00 2.13399e-04
2.34521e+01 4.50091e-12 -4.84702e-13 4.46659e-05 0.00000e+00 0.00000e+00 2.13199e-04
2.34595e+01 -4.49433e-12 4.84056e-13 4.46241e-05 0.00000e+00 0.00000e+00 2.12999e-04
2.34668e+01 4.48492e-12 -4.83435e-13 4.45824e-05 0.00000e+00 0.00000e+00 2.12800e-04
2.34741e+01 -4.47792e-12 4.82816e-13 4.45406e-05 0.00000e+00 0.00000e+00 2.12601e-04
2.34814e+01 4.46896e-12 -4.82175e-13 4.44990e-05 0.00000e+00 0.00000e+00 2.12402e-04
2.34888e+01 -4.46166e-12 4.81546e-13 4.44574e-05 0.00000e+00 0.00000e+00 2.12203e-04
2.34961e+01 4.45299e-12 -4.80921e-13 4.44158e-05 0.00000e+00 0.00000e+00 2.12005e-04
2.35034e+01 -4.44552e-12 4.80261e-13 4.43743e-05 0.00000e+00 0.00000e+00 2.11807e-04
2.35107e+01 4.43721e-12 -4.79636e-13 4.43328e-05 0.00000e+00 0.00000e+00 2.11609e-04
2.35181e+01 -4.42928e-12 4.79015e-13 4.42914e-05 0.00000e+00 0.00000e+00 2.11411e-04
2.35254e+01 4.42128e-12 -4.78400e-13 4.42501e-05 0.00000e+00 0.00000e+00 2.11214e-04
2.35327e+01 -4.41306e-12 4.77777e-13 4.42088e-05 0.00000e+00 0.00000e+00 2.11017e-04
2.35400e+01 4.40542e-12 -4.77153e-13 4.41675e-05 0.00000e+00 0.00000e+00 2.10820e-04
2.35474e+01 -4.39698e-12 4.76519e-13 4.41263e-05 0.00000e+00 0.00000e+00 2.10623e-04
2.35547e+01 4.38967e-12 -4.75893e-13 4.40852e-05 0.00000e+00 0.00000e+00 2.10427e-04
2.35620e+01 -4.38091e-12 4.75271e-13 4.40441e-05 0.00000e+00 0.00000e+00 2.10230e-04
2.35693e+01 4.37391e-12 -4.74638e-13 4.40030e-05 0.00000e+00 0.00000e+00 2.10035e-04
2.35767e+01 -4.36490e-12 4.74022e-13 4.39620e-05 0.00000e+00 0.00000e+00 2.09839e-04
2.35840e+01 4.35812e-12 -4.73409e-13 4.39211e-05 0.00000e+00 0.00000e+00 2.09643e-04
2.35913e+01 -4.34912e-12 4.72727e-13 4.38802e-05 0.00000e+00 0.00000e+00 2.09448e-04
2.35986e+01 4.34261e-12 -4.72109e-13 4.38393e-05 0.00000e+00 0.00000e+00 2.09253e-04
2.36060e+01 -4.33310e-12 4.71513e-13 4.37985e-05 0.00000e+00 0.00000e+00 2.09059e-04
2.36133e+01 4.32692e-12 -4.70868e-13 4.37578e-05 0.00000e+00 0.00000e+00 2.08864e-04
2.36206e+01 -4.31731e-12 4.70249e-13 4.37171e-05 0.00000e+00 0.00000e+00 2.08670e-04
2.36279e+01 4.31134e-12 -4.69608e-13 4.36765e-05 0.00000e+00 0.00000e+00 2.08476e-04
2.36353e+01 -4.30160e-12 4.68982e-13 4.36359e-05 0.00000e+00 0.00000e+00 2.08282e-04
2.36426e+01 4.29581e-12 -4.68345e-13 4.35953e-05 0.00000e+00 0.00000e+00 2.08089e-04
2.36499e+01 -4.28576e-12 4.67763e-13 4.35548e-05 0.00000e+00 0.00000e+00 2.07895e-04
2.36572e+01 4.28022e-12 -4.67102e-13 4.35144e-05 0.00000e+00 0.00000e+00 2.07702e-04
2.36646e+01 -4.27026e-12 4.66468e-13 4.34740e-05 0.00000e+00 0.00000e+00 2.07509e-04
2.36719e+01 4.26466e-12 -4.65863e-13 4.34337e-05 0.00000e+00 0.00000e+00 2.07317e-04
2.36792e+01 -4.25458e-12 4.65238e-13 4.33934e-05 0.00000e+00 0.00000e+00 2.07125e-04
2.36865e+01 4.24915e-12 -4.64623e-13 4.33531e-05 0.00000e+00 0.00000e+00 2.06933e-04
2.36938e+01 -4.23903e-12 4.63987e-13 4.33129e-05 0.00000e+00 0.00000e+00 2.06741e-04
2.37012e+01 4.23376e-12 -4.63355e-13 4.32728e-05 0.00000e+00 0.00000e+00 2.06549e-04
2.37085e+01 -4.22355e-12 4.62734e-13 4.32327e-05 0.00000e+00 0.00000e+00 2.06358e-04
2.37158e+01 4.21843e-12 -4.62083e-13 4.31927e-05 0.00000e+00 0.00000e+00 2.06167e-04
2.37231e+01 -4.20810e-12 4.61486e-13 4.31527e-05 0.00000e+00 0.00000e+00 2.05976e-04
2.37305e+01 4.20304e-12 -4.60830e-13 4.31127e-05 0.00000e+00 0.00000e+00 2.05785e-04
2.37378e+01 -4.19270e-12 4.60244e-13 4.30728e-05 0.00000e+00 0.00000e+00 2.05595e-04
2.37451e+01 4.18761e-12 -4.59606e-13 4.30330e-05 0.00000e+00 0.00000e+00 2.05404e-04
2.37524e+01 -4.17755e-12 4.58949e-13 4.29932e-05 0.00000e+00 0.00000e+00 2.05214e-04
2.37598e+01 4.17225e-12 -4.58366e-13 4.29534e-05 0.00000e+00 0.00000e+00 2.05025e-04
2.37671e+01 -4.16216e-12 4.57729e-13 4.29137e-05 0.00000e+00 0.00000e+00 2.04835e-04
2.37744e+01 4.15702e-12 -4.57102e-13 4.28741e-05 0.00000e+00 0.00000e+00 2.04646e-04
2.37817e+01 -4.14688e-12 4.56493e-13 4.28345e-05 0.00000e+00 0.00000e+00 2.04457e-04
2.37891e+01 4.14174e-12 -4.55863e-13 4.27949e-05 0.00000e+00 0.00000e+00 2.04268e-04
2.37964e+01 -4.13168e-12 4.55255e-13 4.27554e-05 0.00000e+00 0.00000e+00 2.04080e-04
2.38037e+01 4.12652e-12 -4.54614e-13 4.27160e-05 0.00000e+00 0.00000e+00 2.03891e-04
2.38110e+01 -4.11661e-12 4.53992e-13 4.26766e-05 0.00000e+00 0.00000e+00 2.03703e-04
2.38184e+01 4.11130e-12 -4.53376e-13 4.26372e-05 0.00000e+00 0.00000e+00 2.03515e-04
2.38257e+01 -4.10155e-12 4.52741e-13 4.25979e-05 0.00000e+00 0.00000e+00 2.03328e-04
2.38330e+01 4.09613e-12 -4.52135e-13 4.25586e-05 0.00000e+00 0.00000e+00 2.03140e-04
2.38403e+01 -4.08647e-12 4.51512e-13 4.25194e-05 0.00000e+00 0.00000e+00 2.02953e-04
2.38477e+01 4.08107e-12 -4.50873e-13 4.24803e-05 0.00000e+00 0.00000e+00 2.02766e-04
2.38550e+01 -4.07157e-12 4.50248e-13 4.24412e-05 0.00000e+00 0.00000e+00 2.02580e-04
2.38623e+01 4.06592e-12 -4.49641e-13 4.24021e-05 0.00000e+00 0.00000e+00 2.02393e-04
2.38696e+01 -4.05661e-12 4.49007e-13 4.23631e-05 0.00000e+00 0.00000e+00 2.02207e-04
2.38770e+01 4.05094e-12 -4.48380e-13 4.23241e-05 0.00000e+00 0.00000e+00 2.02021e-04
2.38843e+01 -4.04170e-12 4.47769e-13 4.22852e-05 0.00000e+00 0.00000e+00 2.01835e-04
2.38916e+01 4.03581e-12 -4.47171e-13 4.22463e-05 0.00000e+00 0.00000e+00 2.01649e-04
2.38989e+01 -4.02697e-12 4.46500e-13 4.22075e-05 0.00000e+00 0.00000e+00 2.01464e-04
2.39062e+01 4.02094e-12 -4.45898e-13 4.21687e-05 0.00000e+00 0.00000e+00 2.01279e-04
2.39136e+01 -4.01206e-12 4.45286e-13 4.21300e-05 0.00000e+00 0.00000e+00 2.01094e-04
2.39209e+01 4.00593e-12 -4.44673e-13 4.20913e-05 0.00000e+00 0.00000e+00 2.00909e-04
2.39282e+01 -3.99727e-12 4.44053e-13 4.20526e-05 0.00000e+00 0.00000e+00 2.00725e-04
2.39355e+01 3.99110e-12 -4.43415e-13 4.20140e-05 0.00000e+00 0.00000e+00 2.00541e-04
2.39429e+01 -3.98257e-12 4.42808e-13 4.19755e-05 0.00000e+00 0.00000e+00 2.00357e-04
2.39502e+01 3.97621e-12 -4.42181e-13 4.19370e-05 0.00000e+00 0.00000e+00 2.00173e-04
2.39575e+01 -3.96790e-12 4.41569e-13 4.18985e-05 0.00000e+00 0.00000e+00 1.99989e-04
2.39648e+01 3.96132e-12 -4.40959e-13 4.18601e-05 0.00000e+00 0.00000e+00 1.99806e-04
2.39722e+01 -3.95331e-12 4.40315e-13 4.18218e-05 0.00000e+00 0.00000e+00 1.99623e-04
2.39795e+01 3.94661e-12 -4.39698e-13 4.17835e-05 0.00000e+00 0.00000e+00 1.99440e-04
2.39868e+01 -3.93871e-12 4.39078e-13 4.17452e-05 0.00000e+00 0.00000e+00 1.99258e-04
2.39941e+01 3.93189e-12 -4.38455e-13 4.17070e-05 0.00000e+00 0.00000e+00 1.99075e-04
2.40015e+01 -3.92418e-12 4.37833e-13 4.16688e-05 0.00000e+00 0.00000e+00 1.98893e-04
2.40088e+01 3.91721e-12 -4.37208e-13 4.16307e-05 0.00000e+00 0.00000e+00 1.98711e-04
2.40161e+01 -3.90956e-12 4.36625e-13 4.15926e-05 0.00000e+00 0.00000e+00 1.98529e-04
2.40234e+01 3.90252e-12 -4.35983e-13 4.15546e-05 0.00000e+00 0.00000e+00 1.98348e-04
2.40308e+01 -3.89514e-12 4.35370e-13 4.15166e-05 0.00000e+00 0.00000e+00 1.98166e-04
2.40381e+01 3.88786e-12 -4.34757e-13 4.14787e-05 0.00000e+00 0.00000e+00 1.97985e-04
2.40454e+01 -3.88072e-12 4.34127e-13 4.14408e-05 0.00000e+00 0.00000e+00 1.97804e-04
2.40527e+01 3.87331e-12 -4.33514e-13 4.14029e-05 0.00000e+00 0.00000e+00 1.97624e-04
2.40601e+01 -3.86641e-12 4.32863e-13 4.13651e-05 0.00000e+00 0.00000e+00 1.97443e-04
2.40674e+01 3.85886e-12 -4.32255e-13 4.13274e-05 0.00000e+00 0.00000e+00 1.97263e-04
2.40747e+01 -3.85191e-12 4.31663e-13 4.12897e-05 0.00000e+00 0.00000e+00 1.97083e-04
2.40820e+01 3.84437e-12 -4.31021e-13 4.12520e-05 0.00000e+00 0.00000e+00 1.96903e-04
2.40894e+01 -3.83758e-12 4.30427e-13 4.12144e-05 0.00000e+00 0.00000e+00 1.96724e-04
2.40967e+01 3.82984e-12 -4.29809e-13 4.11768e-05 0.00000e+00 0.00000e+00 1.96545e-04
2.41040e+01 -3.82321e-12 4.29211e-13 4.11393e-05 0.00000e+00 0.00000e+00 1.96365e-04
2.41113e+01 3.81551e-12 -4.28558e-13 4.11018e-05 0.00000e+00 0.00000e+00 1.96187e-04
2.41187e+01 -3.80898e-12 4.27966e-13 4.10644e-05 0.00000e+00 0.00000e+00 1.96008e-04
2.41260e+01 3.80107e-12 -4.27347e-13 4.10270e-05 0.00000e+00 0.00000e+00 1.95829e-04
2.41333e+01 -3.79474e-12 4.26731e-13 4.09897e-05 0.00000e+00 0.00000e+00 1.95651e-04
2.41406e+01 3.78681e-12 -4.26098e-13 4.09524e-05 0.00000e+00 0.00000e+00 1.95473e-04
2.41479e+01 -3.78054e-12 4.25497e-13 4.09151e-05 0.00000e+00 0.00000e+00 1.95295e-04
2.41553e+01 3.77254e-12 -4.24867e-13 4.08779e-05 0.00000e+00 0.00000e+00 1.95118e-04
2.41626e+01 -3.76637e-12 4.24268e-13 4.08407e-05 0.00000e+00 0.00000e+00 1.94940e-04
2.41699e+01 3.75833e-12 -4.23629e-13 4.08036e-05 0.00000e+00 0.00000e+00 1.94763e-04
2.41772e+01 -3.75223e-12 4.23036e-13 4.07665e-05 0.00000e+00 0.00000e+00 1.94586e-04
2.41846e+01 3.74412e-12 -4.22407e-13 4.07295e-05 0.00000e+00 0.00000e+00 1.94410e-04
2.41919e+01 -3.73818e-12 4.21788e-13 4.06925e-05 0.00000e+00 0.00000e+00 1.94233e-04
2.41992e+01 3.72998e-12 -4.21177e-13 4.06556e-05 0.00000e+00 0.00000e+00 1.94057e-04
2.42065e+01 -3.72405e-12 4.20574e-13 4.06187e-05 0.00000e+00 0.00000e+00 1.93881e-04
2.42139e+01 3.71589e-12 -4.19946e-13 4.05819e-05 0.00000e+00 0.00000e+00 1.93705e-04
2.42212e+01 -3.71003e-12 4.19336e-13 4.05451e-05 0.00000e+00 0.00000e+00 1.93529e-04
2.42285e+01 3.70179e-12 -4.18730e-13 4.05083e-05 0.00000e+00 0.00000e+00 1.93354e-04
2.42358e+01 -3.69591e-12 4.18139e-13 4.04716e-05 0.00000e+00 0.00000e+00 1.93178e-04
2.42432e+01 3.68777e-12 -4.17506e-13 4.04349e-05 0.00000e+00 0.00000e+00 1.93003e-04
2.42505e+01 -3.68190e-12 4.16914e-13 4.03983e-05 0.00000e+00 0.00000e+00 1.92829e-04
2.42578e+01 3.67380e-12 -4.16277e-13 4.03617e-05 0.00000e+00 0.00000e+00 1.92654e-04
2.42651e+01 -3.66810e-12 4.15647e-13 4.03252e-05 0.00000e+00 0.00000e+00 1.92479e-04
2.42725e+01 3.65986e-12 -4.15056e-13 4.02887e-05 0.00000e+00 0.00000e+00 1.92305e-04
2.42798e+01 -3.65418e-12 4.14421e-13 4.02522e-05 0.00000e+00 0.00000e+00 1.92131e-04
2.42871e+01 3.64603e-12 -4.13815e-13 4.02158e-05 0.00000e+00 0.00000e+00 1.91958e-04
2.42944e+01 -3.64026e-12 4.13205e-13 4.01795e-05 0.00000e+00 0.00000e+00 1.91784e-04
2.43018e+01 3.63218e-12 -4.12592e-13 4.01431e-05 0.00000e+00 0.00000e+00 1.91611e-04
2.43091e+01 -3.62638e-12 4.11986e-13 4.01069e-05 0.00000e+00 0.00000e+00 1.91438e-04
2.43164e+01 3.61846e-12 -4.11340e-13 4.00706e-05 0.00000e+00 0.00000e+00 1.91265e-04
2.43237e+01 -3.61261e-12 4.10748e-13 4.00345e-05 0.00000e+00 0.00000e+00 1.91092e-04
2.43311e+01 3.60469e-12 -4.10123e-13 3.99983e-05 0.00000e+00 0.00000e+00 1.90919e-04
2.43384e+01 -3.59867e-12 4.09567e-13 3.99622e-05 0.00000e+00 0.00000e+00 1.90747e-04
2.43457e+01 3.59087e-12 -4.08924e-13 3.99262e-05 0.00000e+00 0.00000e+00 1.90575e-04
2.43530e+01 -3.58502e-12 4.08314e-13 3.98901e-05 0.00000e+00 0.00000e+00 1.90403e-04
2.43604e+01 3.57722e-12 -4.07692e-13 3.98542e-05 0.00000e+00 0.00000e+00 1.90231e-04
2.43677e+01 -3.57129e-12 4.07094e-13 3.98182e-05 0.00000e+00 0.00000e+00 1.90060e-04
2.43750e+01 3.56347e-12 -4.06500e-13 3.97824e-05 0.00000e+00 0.00000e+00 1.89889e-04
2.43823e+01 -3.55753e-12 4.05890e-13 3.97465e-05 0.00000e+00 0.00000e+00 1.89717e-04
2.43896e+01 3.54995e-12 -4.05254e-13 3.97107e-05 0.00000e+00 0.00000e+00 1.89547e-04
2.43970e+01 -3.54392e-12 4.04656e-13 3.96750e-05 0.00000e+00 0.00000e+00 1.89376e-04
2.44043e+01 3.53632e-12 -4.04053e-13 3.96393e-05 0.00000e+00 0.00000e+00 1.89206e-04
2.44116e+01 -3.53029e-12 4.03438e-13 3.96036e-05 0.00000e+00 0.00000e+00 1.89035e-04
2.44189e+01 3.52293e-12 -4.02791e-13 3.95680e-05 0.00000e+00 0.00000e+00 1.88865e-04
2.44263e+01 -3.51675e-12 4.02205e-13 3.95324e-05 0.00000e+00 0.00000e+00 1.88695e-04
2.44336e+01 3.50922e-12 -4.01633e-13 3.94968e-05 0.00000e+00 0.00000e+00 1.88526e-04
2.44409e+01 -3.50314e-12 4.01001e-13 3.94613e-05 0.00000e+00 0.00000e+00 1.88356e-04
2.44482e+01 3.49584e-12 -4.00391e-13 3.94259e-05 0.00000e+00 0.00000e+00 1.88187e-04
2.44556e+01 -3.48962e-12 3.99783e-13 3.93905e-05 0.00000e+00 0.00000e+00 1.88018e-04
2.44629e+01 3.48243e-12 -3.99172e-13 3.93551e-05 0.00000e+00 0.00000e+00 1.87849e-04
2.44702e+01 -3.47616e-12 3.98555e-13 3.93198e-05 0.00000e+00 0.00000e+00 1.87681e-04
2.44775e+01 3.46905e-12 -3.97953e-13 3.92845e-05 0.00000e+00 0.00000e+00 1.87512e-04
2.44849e+01 -3.46281e-12 3.97313e-13 3.92493e-05 0.00000e+00 0.00000e+00 1.87344e-04
2.44922e+01 3.45570e-12 -3.96736e-13 3.92140e-05 0.00000e+00 0.00000e+00 1.87176e-04
2.44995e+01 -3.44926e-12 3.96132e-13 3.91789e-05 0.00000e+00 0.00000e+00 1.87008e-04
2.45068e+01 3.44235e-12 -3.95528e-13 3.91438e-05 0.00000e+00 0.00000e+00 1.86840e-04
2.45142e+01 -3.43586e-12 3.94925e-13 3.91087e-05 0.00000e+00 0.00000e+00 1.86673e-04
2.45215e+01 3.42901e-12 -3.94329e-13 3.90737e-05 0.00000e+00 0.00000e+00 1.86506e-04
2.45288e+01 -3.42252e-12 3.93707e-13 3.90387e-05 0.00000e+00 0.00000e+00 1.86339e-04
2.45361e+01 3.41582e-12 -3.93097e-13 3.90037e-05 0.00000e+00 0.00000e+00 1.86172e-04
2.45435e+01 -3.40923e-12 3.92487e-13 3.89688e-05 0.00000e+00 0.00000e+00 1.86005e-04
2.45508e+01 3.40267e-12 -3.91867e-13 3.89339e-05 0.00000e+00 0.00000e+00 1.85839e-04
2.45581e+01 -3.39588e-12 3.91296e-13 3.88991e-05 0.00000e+00 0.00000e+00 1.85673e-04
2.45654e+01 3.38933e-12 -3.90695e-13 3.88643e-05 0.00000e+00 0.00000e+00 1.85507e-04
2.45728e+01 -3.38267e-12 3.90075e-13 3.88296e-05 0.00000e+00 0.00000e+00 1.85341e-04
2.45801e+01 3.37631e-12 -3.89444e-13 3.87949e-05 0.00000e+00 0.00000e+00 1.85175e-04
2.45874e+01 -3.36950e-12 3.88854e-13 3.87602e-05 0.00000e+00 0.00000e+00 1.85010e-04
2.45947e+01 3.36306e-12 -3.88269e-13 3.87256e-05 0.00000e+00 0.00000e+00 1.84845e-04
2.46021e+01 -3.35635e-12 3.87636e-13 3.86910e-05 0.00000e+00 0.00000e+00 1.84680e-04
2.46094e+01 3.35007e-12 -3.87031e-13 3.86565e-05 0.00000e+00 0.00000e+00 1.84515e-04
2.46167e+01 -3.34318e-12 3.86436e-13 3.86220e-05 0.00000e+00 0.00000e+00 1.84350e-04
2.46240e+01 3.33696e-12 -3.85835e-13 3.85876e-05 0.00000e+00 0.00000e+00 1.84186e-04
2.46313e+01 -3.33014e-12 3.85211e-13 3.85532e-05 0.00000e+00 0.00000e+00 1.84021e-04
2.46387e+01 3.32400e-12 -3.84608e-13 3.85188e-05 0.00000e+00 0.00000e+00 1.83857e-04
2.46460e+01 -3.31701e-12 3.84022e-13 3.84845e-05 0.00000e+00 0.00000e+00 1.83693e-04
2.46533e+01 3.31091e-12 -3.83425e-13 3.84502e-05 0.00000e+00 0.00000e+00 1.83530e-04
2.46606e+01 -3.30397e-12 3.82819e-13 3.84159e-05 0.00000e+00 0.00000e+00 1.83366e-04
2.46680e+01 3.29792e-12 -3.82224e-13 3.83817e-05 0.00000e+00 0.00000e+00 1.83203e-04
2.46753e+01 -3.29100e-12 3.81610e-13 3.83475e-05 0.00000e+00 0.00000e+00 1.83040e-04
2.46826e+01 3.28501e-12 -3.81010e-13 3.83134e-05 0.00000e+00 0.00000e+00 1.82877e-04
2.46899e+01 -3.27803e-12 3.80407e-13 3.82793e-05 0.00000e+00 0.00000e+00 1.82714e-04
2.46973e+01 3.27209e-12 -3.79807e-13 3.82453e-05 0.00000e+00 0.00000e+00 1.82552e-04
2.47046e+01 -3.26514e-12 3.79193e-13 3.82113e-05 0.00000e+00 0.00000e+00 1.82389e-04
2.47119e+01 3.25920e-12 -3.78606e-13 3.81773e-05 0.00000e+00 0.00000e+00 1.82227e-04
2.47192e+01 -3.25223e-12 3.77995e-13 3.81434e-05 0.00000e+00 0.00000e+00 1.82065e-04
2.47266e+01 3.24636e-12 -3.77396e-13 3.81095e-05 0.00000e+00 0.00000e+00 1.81904e-04
2.47339e+01 -3.23931e-12 3.76808e-13 3.80757e-05 0.00000e+00 0.00000e+00 1.81742e-04
2.47412e+01 3.23358e-12 -3.76183e-13 3.80418e-05 0.00000e+00 0.00000e+00 1.81581e-04
2.47485e+01 -3.22668e-12 3.75558e-13 3.80081e-05 0.00000e+00 0.00000e+00 1.81420e-04
2.47559e+01 3.22083e-12 -3.74970e-13 3.79744e-05 0.00000e+00 0.00000e+00 1.81259e-04
2.47632e+01 -3.21373e-12 3.74403e-13 3.79407e-05 0.00000e+00 0.00000e+00 1.81098e-04
2.47705e+01 3.20804e-12 -3.73776e-13 3.79070e-05 0.00000e+00 0.00000e+00 1.80937e-04
2.47778e+01 -3.20103e-12 3.73191e-13 3.78734e-05 0.00000e+00 0.00000e+00 1.80777e-04
2.47852e+01 3.19529e-12 -3.72582e-13 3.78399e-05 0.00000e+00 0.00000e+00 1.80617e-04
2.47925e+01 -3.18833e-12 3.71988e-13 3.78063e-05 0.00000e+00 0.00000e+00 1.80457e-04
2.47998e+01 3.18258e-12 -3.71383e-13 3.77728e-05 0.00000e+00 0.00000e+00 1.80297e-04
2.48071e+01 -3.17570e-12 3.70775e-13 3.77394e-05 0.00000e+00 0.00000e+00 1.80137e-04
2.48145e+01 3.16997e-12 -3.70166e-13 3.77060e-05 0.00000e+00 0.00000e+00 1.79978e-04
2.48218e+01 -3.16299e-12 3.69597e-13 3.76726e-05 0.00000e+00 0.00000e+00 1.79818e-04
2.48291e+01 3.15714e-12 -3.69020e-13 3.76393e-05 0.00000e+00 0.00000e+00 1.79659e-04
2.48364e+01 -3.15044e-12 3.68381e-13 3.76060e-05 0.00000e+00 0.00000e+00 1.79500e-04
2.48438e+01 3.14472e-12 -3.67770e-13 3.75727e-05 0.00000e+00 0.00000e+00 1.79342e-04
2.48511e+01 -3.13788e-12 3.67182e-13 3.75395e-05 0.00000e+00 0.00000e+00 1.79183e-04
2.48584e+01 3.13205e-12 -3.66595e-13 3.75064e-05 0.00000e+00 0.00000e+00 1.79025e-04
2.48657e+01 -3.12527e-12 3.66003e-13 3.74732e-05 0.00000e+00 0.00000e+00 1.78867e-04
2.48730e+01 3.11947e-12 -3.65409e-13 3.74401e-05 0.00000e+00 0.00000e+00 1.78709e-04
2.48804e+01 -3.11282e-12 3.64793e-13 3.74071e-05 0.00000e+00 0.00000e+00 1.78551e-04
2.48877e+01 3.10691e-12 -3.64221e-13 3.73741e-05 0.00000e+00 0.00000e+00 1.78393e-04
2.48950e+01 -3.10034e-12 3.63600e-13 3.73411e-05 0.00000e+00 0.00000e+00 1.78236e-04
2.49023e+01 3.09453e-12 -3.62998e-13 3.73082e-05 0.00000e+00 0.00000e+00 1.78079e-04
2.49097e+01 -3.08792e-12 3.62397e-13 3.72753e-05 0.00000e+00 0.00000e+00 1.77922e-04
2.49170e+01 3.08194e-12 -3.61838e-13 3.72424e-05 0.00000e+00 0.00000e+00 1.77765e-04
2.49243e+01 -3.07542e-12 3.61230e-13 3.72096e-05 0.00000e+00 0.00000e+00 1.77608e-04
2.49316e+01 3.06957e-12 -3.60627e-13 3.71768e-05 0.00000e+00 0.00000e+00 1.77452e-04
2.49390e+01 -3.06306e-12 3.60032e-13 3.71440e-05 0.00000e+00 0.00000e+00 1.77295e-04
2.49463e+01 3.05720e-12 -3.59427e-13 3.71113e-05 0.00000e+00 0.00000e+00 1.77139e-04
2.49536e+01 -3.05070e-12 3.58844e-13 3.70787e-05 0.00000e+00 0.00000e+00 1.76983e-04
2.49609e+01 3.04481e-12 -3.58239e-13 3.70460e-05 0.00000e+00 0.00000e+00 1.76828e-04
2.49683e+01 -3.03845e-12 3.57631e-13 3.70134e-05 0.00000e+00 0.00000e+00 1.76672e-04
2.49756e+01 3.03249e-12 -3.57043e-13 3.69809e-05 0.00000e+00 0.00000e+00 1.76517e-04
2.49829e+01 -3.02613e-12 3.56455e-13 3.69484e-05 0.00000e+00 0.00000e+00 1.76361e-04
2.49902e+01 3.02014e-12 -3.55862e-13 3.69159e-05 0.00000e+00 0.00000e+00 1.76206e-04
2.49976e+01 -3.01399e-12 3.55231e-13 3.68835e-05 0.00000e+00 0.00000e+00 1.76052e-04
2.50049e+01 3.00783e-12 -3.54683e-13 3.68511e-05 0.00000e+00 0.00000e+00 1.75897e-04
2.50122e+01 -3.00164e-12 3.54075e-13 3.68187e-05 0.00000e+00 0.00000e+00 1.75742e-04
2.50195e+01 2.99566e-12 -3.53471e-13 3.67864e-05 0.00000e+00 0.00000e+00 1.75588e-04
2.50269e+01 -2.98946e-12 3.52884e-13 3.67541e-05 0.00000e+00 0.00000e+00 1.75434e-04
2.50342e+01 2.98337e-12 -3.52303e-13 3.67218e-05 0.00000e+00 0.00000e+00 1.75280e-04
2.50415e+01 -2.97729e-12 3.51697e-13 3.66896e-05 0.00000e+00 0.00000e+00 1.75126e-04
2.50488e+01 2.97128e-12 -3.51087e-13 3.66574e-05 0.00000e+00 0.00000e+00 1.74973e-04
2.50562e+01 -2.96516e-12 3.50510e-13 3.66253e-05 0.00000e+00 0.00000e+00 1.74819e-04
2.50635e+01 2.95894e-12 -3.49952e-13 3.65932e-05 0.00000e+00 0.00000e+00 1.74666e-04
2.50708e+01 -2.95303e-12 3.49330e-13 3.65611e-05 0.00000e+00 0.00000e+00 1.74513e-04
2.50781e+01 2.94686e-12 -3.48754e-13 3.65291e-05 0.00000e+00 0.00000e+00 1.74360e-04
2.50854e+01 -2.94097e-12 3.48139e-13 3.64971e-05 0.00000e+00 0.00000e+00 1.74208e-04
2.50928e+01 2.93477e-12 -3.47565e-13 3.64652e-05 0.00000e+00 0.00000e+00 1.74055e-04
2.51001e+01 -2.92879e-12 3.46991e-13 3.64333e-05 0.00000e+00 0.00000e+00 1.73903e-04
2.51074e+01 2.92274e-12 -3.46373e-13 3.64014e-05 0.00000e+00 0.00000e+00 1.73751e-04
2.51147e+01 -2.91686e-12 3.45782e-13 3.63696e-05 0.00000e+00 0.00000e+00 1.73599e-04
2.51221e+01 2.91068e-12 -3.45195e-13 3.63378e-05 0.00000e+00 0.00000e+00 1.73447e-04
2.51294e+01 -2.90485e-12 3.44605e-13 3.63060e-05 0.00000e+00 0.00000e+00 1.73295e-04
2.51367e+01 2.89870e-12 -3.44005e-13 3.62743e-05 0.00000e+00 0.00000e+00 1.73144e-04
2.51440e+01 -2.89290e-12 3.43417e-13 3.62426e-05 0.00000e+00 0.00000e+00 1.72993e-04
2.51514e+01 2.88660e-12 -3.42857e-13 3.62109e-05 0.00000e+00 0.00000e+00 1.72841e-04
2.51587e+01 -2.88096e-12 3.42237e-13 3.61793e-05 0.00000e+00 0.00000e+00 1.72691e-04
2.51660e+01 2.87475e-12 -3.41650e-13 3.61477e-05 0.00000e+00 0.00000e+00 1.72540e-04
2.51733e+01 -2.86905e-12 3.41054e-13 3.61162e-05 0.00000e+00 0.00000e+00 1.72389e-04
2.51807e+01 2.86289e-12 -3.40456e-13 3.60847e-05 0.00000e+00 0.00000e+00 1.72239e-04
2.51880e+01 -2.85718e-12 3.39873e-13 3.60532e-05 0.00000e+00 0.00000e+00 1.72089e-04
2.51953e+01 2.85093e-12 -3.39296e-13 3.60218e-05 0.00000e+00 0.00000e+00 1.71939e-04
2.52026e+01 -2.84535e-12 3.38687e-13 3.59904e-05 0.00000e+00 0.00000e+00 1.71789e-04
2.52100e+01 2.83908e-12 -3.38120e-13 3.59590e-05 0.00000e+00 0.00000e+00 1.71639e-04
2.52173e+01 -2.83345e-12 3.37530e-13 3.59277e-05 0.00000e+00 0.00000e+00 1.71490e-04
2.52246e+01 2.82722e-12 -3.36952e-13 3.58964e-05 0.00000e+00 0.00000e+00 1.71340e-04
2.52319e+01 -2.82158e-12 3.36371e-13 3.58652e-05 0.00000e+00 0.00000e+00 1.71191e-04
2.52393e+01 2.81544e-12 -3.35772e-13 3.58339e-05 0.00000e+00 0.00000e+00 1.71042e-04
2.52466e+01 -2.80996e-12 3.35156e-13 3.58028e-05 0.00000e+00 0.00000e+00 1.70893e-04
2.52539e+01 2.80371e-12 -3.34583e-13 3.57716e-05 0.00000e+00 0.00000e+00 1.70745e-04
2.52612e+01 -2.79818e-12 3.33987e-13 3.57405e-05 0.00000e+00 0.00000e+00 1.70596e-04
2.52686e+01 2.79192e-12 -3.33424e-13 3.57095e-05 0.00000e+00 0.00000e+00 1.70448e-04
2.52759e+01 -2.78644e-12 3.32820e-13 3.56784e-05 0.00000e+00 0.00000e+00 1.70300e-04
2.52832e+01 2.78024e-12 -3.32244e-13 3.56474e-05 0.00000e+00 0.00000e+00 1.70152e-04
2.52905e+01 -2.77470e-12 3.31658e-13 3.56165e-05 0.00000e+00 0.00000e+00 1.70004e-04
2.52979e+01 2.76852e-12 -3.31083e-13 3.55855e-05 0.00000e+00 0.00000e+00 1.69856e-04
2.53052e+01 -2.76311e-12 3.30466e-13 3.55546e-05 0.00000e+00 0.00000e+00 1.69709e-04
2.53125e+01 2.75700e-12 -3.29873e-13 3.55238e-05 0.00000e+00 0.00000e+00 1.69562e-04
2.53198e+01 -2.75133e-12 3.29333e-13 3.54930e-05 0.00000e+00 0.00000e+00 1.69415e-04
2.53271e+01 2.74531e-12 -3.28722e-13 3.54622e-05 0.00000e+00 0.00000e+00 1.69268e-04
2.53345e+01 -2.73975e-12 3.28149e-13 3.54314e-05 0.00000e+00 0.00000e+00 1.69121e-04
2.53418e+01 2.73373e-12 -3.27548e-13 3.54007e-05 0.00000e+00 0.00000e+00 1.68974e-04
2.53491e+01 -2.72821e-12 3.26968e-13 3.53701e-05 0.00000e+00 0.00000e+00 1.68828e-04
2.53564e+01 2.72216e-12 -3.26378e-13 3.53394e-05 0.00000e+00 0.00000e+00 1.68682e-04
2.53638e+01 -2.71664e-12 3.25799e-13 3.53088e-05 0.00000e+00 0.00000e+00 1.68535e-04
2.53711e+01 2.71062e-12 -3.25214e-13 3.52782e-05 0.00000e+00 0.00000e+00 1.68390e-04
2.53784e+01 -2.70513e-12 3.24626e-13 3.52477e-05 0.00000e+00 0.00000e+00 1.68244e-04
2.53857e+01 2.69912e-12 -3.24041e-13 3.52172e-05 0.00000e+00 0.00000e+00 1.68098e-04
2.53931e+01 -2.69358e-12 3.23469e-13 3.51867e-05 0.00000e+00 0.00000e+00 1.67953e-04
2.54004e+01 2.68769e-12 -3.22863e-13 3.51563e-05 0.00000e+00 0.00000e+00 1.67808e-04
2.54077e+01 -2.68215e-12 3.22288e-13 3.51259e-05 0.00000e+00 0.00000e+00 1.67662e-04
2.54150e+01 2.67618e-12 -3.21712e-13 3.50956e-05 0.00000e+00 0.00000e+00 1.67518e-04
2.54224e+01 -2.67062e-12 3.21143e-13 3.50652e-05 0.00000e+00 0.00000e+00 1.67373e-04
2.54297e+01 2.66464e-12 -3.20577e-13 3.50349e-05 0.00000e+00 0.00000e+00 1.67228e-04
2.54370e+01 -2.65931e-12 3.19945e-13 3.50047e-05 0.00000e+00 0.00000e+00 1.67084e-04
2.54443e+01 2.65334e-12 -3.19388e-13 3.49745e-05 0.00000e+00 0.00000e+00 1.66940e-04
2.54517e+01 -2.64776e-12 3.18822e-13 3.49443e-05 0.00000e+00 0.00000e+00 1.66796e-04
2.54590e+01 2.64193e-12 -3.18234e-13 3.49141e-05 0.00000e+00 0.00000e+00 1.66652e-04
2.54663e+01 -2.63646e-12 3.17638e-13 3.48840e-05 0.00000e+00 0.00000e+00 1.66508e-04
2.54736e+01 2.63067e-12 -3.17049e-13 3.48539e-05 0.00000e+00 0.00000e+00 1.66364e-04
2.54810e+01 -2.62513e-12 3.16471e-13 3.48239e-05 0.00000e+00 0.00000e+00 1.66221e-04
2.54883e+01 2.61928e-12 -3.15908e-13 3.47939e-05 0.00000e+00 0.00000e+00 1.66078e-04
2.54956e+01 -2.61369e-12 3.15339e-13 3.47639e-05 0.00000e+00 0.00000e+00 1.65935e-04
2.55029e+01 2.60803e-12 -3.14735e-13 3.47340e-05 0.00000e+00 0.00000e+00 1.65792e-04
2.55103e+01 -2.60253e-12 3.14143e-13 3.47040e-05 0.00000e+00 0.00000e+00 1.65649e-04
2.55176e+01 2.59677e-12 -3.13576e-13 3.46742e-05 0.00000e+00 0.00000e+00 1.65506e-04
2.55249e+01 -2.59126e-12 3.12983e-13 3.46443e-05 0.00000e+00 0.00000e+00 1.65364e-04
2.55322e+01 2.58554e-12 -3.12412e-13 3.46145e-05 0.00000e+00 0.00000e+00 1.65222e-04
2.55396e+01 -2.57995e-12 3.11841e-13 3.45848e-05 0.00000e+00 0.00000e+00 1.65079e-04
2.55469e+01 2.57431e-12 -3.11261e-13 3.45550e-05 0.00000e+00 0.00000e+00 1.64937e-04
2.55542e+01 -2.56863e-12 3.10713e-13 3.45253e-05 0.00000e+00 0.00000e+00 1.64796e-04
2.55615e+01 2.56312e-12 -3.10105e-13 3.44956e-05 0.00000e+00 0.00000e+00 1.64654e-04
2.55688e+01 -2.55765e-12 3.09497e-13 3.44660e-05 0.00000e+00 0.00000e+00 1.64513e-04
2.55762e+01 2.55200e-12 -3.08936e-13 3.44364e-05 0.00000e+00 0.00000e+00 1.64371e-04
2.55835e+01 -2.54638e-12 3.08371e-13 3.44068e-05 0.00000e+00 0.00000e+00 1.64230e-04
2.55908e+01 2.54081e-12 -3.07798e-13 3.43773e-05 0.00000e+00 0.00000e+00 1.64089e-04
2.55981e+01 -2.53526e-12 3.07207e-13 3.43478e-05 0.00000e+00 0.00000e+00 1.63948e-04
2.56055e+01 2.52973e-12 -3.06635e-13 3.43183e-05 0.00000e+00 0.00000e+00 1.63808e-04
2.56128e+01 -2.52416e-12 3.06051e-13 3.42889e-05 0.00000e+00 0.00000e+00 1.63667e-04
2.56201e+01 2.51864e-12 -3.05482e-13 3.42595e-05 0.00000e+00 0.00000e+00 1.63527e-04
2.56274e+01 -2.51304e-12 3.04907e-13 3.42301e-05 0.00000e+00 0.00000e+00 1.63387e-04
2.56348e+01 2.50754e-12 -3.04339e-13 3.42008e-05 0.00000e+00 0.00000e+00 1.63247e-04
2.56421e+01 -2.50201e-12 3.03745e-13 3.41715e-05 0.00000e+00 0.00000e+00 1.63107e-04
2.56494e+01 2.49643e-12 -3.03206e-13 3.41422e-05 0.00000e+00 0.00000e+00 1.62967e-04
2.56567e+01 -2.49096e-12 3.02596e-13 3.41130e-05 0.00000e+00 0.00000e+00 1.62828e-04
2.56641e+01 2.48565e-12 -3.01993e-13 3.40838e-05 0.00000e+00 0.00000e+00 1.62688e-04
2.56714e+01 -2.48000e-12 3.01431e-13 3.40547e-05 0.00000e+00 0.00000e+00 1.62549e-04
2.56787e+01 2.47458e-12 -3.00866e-13 3.40255e-05 0.00000e+00 0.00000e+00 1.62410e-04
2.56860e+01 -2.46896e-12 3.00296e-13 3.39964e-05 0.00000e+00 0.00000e+00 1.62271e-04
2.56934e+01 2.46362e-12 -2.99714e-13 3.39674e-05 0.00000e+00 0.00000e+00 1.62132e-04
2.57007e+01 -2.45801e-12 2.99143e-13 3.39383e-05 0.00000e+00 0.00000e+00 1.61994e-04
2.57080e+01 2.45268e-12 -2.98569e-13 3.39093e-05 0.00000e+00 0.00000e+00 1.61855e-04
2.57153e+01 -2.44701e-12 2.98014e-13 3.38804e-05 0.00000e+00 0.00000e+00 1.61717e-04
2.57227e+01 2.44178e-12 -2.97418e-13 3.38514e-05 0.00000e+00 0.00000e+00 1.61579e-04
2.57300e+01 -2.43623e-12 2.96834e-13 3.38225e-05 0.00000e+00 0.00000e+00 1.61441e-04
2.57373e+01 2.43091e-12 -2.96265e-13 3.37937e-05 0.00000e+00 0.00000e+00 1.61303e-04
2.57446e+01 -2.42517e-12 2.95737e-13 3.37648e-05 0.00000e+00 0.00000e+00 1.61166e-04
2.57520e+01 2.41999e-12 -2.95135e-13 3.37360e-05 0.00000e+00 0.00000e+00 1.61028e-04
2.57593e+01 -2.41441e-12 2.94564e-13 3.37073e-05 0.00000e+00 0.00000e+00 1.60891e-04
2.57666e+01 2.40918e-12 -2.93980e-13 3.36785e-05 0.00000e+00 0.00000e+00 1.60754e-04
2.57739e+01 -2.40362e-12 2.93408e-13 3.36498e-05 0.00000e+00 0.00000e+00 1.60617e-04
2.57812e+01 2.39836e-12 -2.92838e-13 3.36211e-05 0.00000e+00 0.00000e+00 1.60480e-04
2.57886e+01 -2.39285e-12 2.92255e-13 3.35925e-05 0.00000e+00 0.00000e+00 1.60343e-04
2.57959e+01 2.38758e-12 -2.91691e-13 3.35639e-05 0.00000e+00 0.00000e+00 1.60207e-04
2.58032e+01 -2.38211e-12 2.91099e-13 3.35353e-05 0.00000e+00 0.00000e+00 1.60070e-04
2.58105e+01 2.37676e-12 -2.90561e-13 3.35068e-05 0.00000e+00 0.00000e+00 1.59934e-04
2.58179e+01 -2.37126e-12 2.89985e-13 3.34783e-05 0.00000e+00 0.00000e+00 1.59798e-04
2.58252e+01 2.36606e-12 -2.89405e-13 3.34498e-05 0.00000e+00 0.00000e+00 1.59662e-04
2.58325e+01 -2.36053e-12 2.88842e-13 3.34214e-05 0.00000e+00 0.00000e+00 1.59526e-04
2.58398e+01 2.35538e-12 -2.88256e-13 3.33929e-05 0.00000e+00 0.00000e+00 1.59391e-04
2.58472e+01 -2.34989e-12 2.87684e-13 3.33646e-05 0.00000e+00 0.00000e+00 1.59255e-04
2.58545e+01 2.34470e-12 -2.87112e-13 3.33362e-05 0.00000e+00 0.00000e+00 1.59120e-04
2.58618e+01 -2.33915e-12 2.86559e-13 3.33079e-05 0.00000e+00 0.00000e+00 1.58985e-04
2.58691e+01 2.33395e-12 -2.85993e-13 3.32796e-05 0.00000e+00 0.00000e+00 1.58850e-04
2.58765e+01 -2.32846e-12 2.85429e-13 3.32514e-05 0.00000e+00 0.00000e+00 1.58715e-04
2.58838e+01 2.32339e-12 -2.84830e-13 3.32232e-05 0.00000e+00 0.00000e+00 1.58580e-04
2.58911e+01 -2.31792e-12 2.84266e-13 3.31950e-05 0.00000e+00 0.00000e+00 1.58446e-04
2.58984e+01 2.31282e-12 -2.83679e-13 3.31668e-05 0.00000e+00 0.00000e+00 1.58311e-04
2.59058e+01 -2.30721e-12 2.83158e-13 3.31387e-05 0.00000e+00 0.00000e+00 1.58177e-04
2.59131e+01 2.30216e-12 -2.82556e-13 3.31106e-05 0.00000e+00 0.00000e+00 1.58043e-04
2.59204e+01 -2.29666e-12 2.82010e-13 3.30825e-05 0.00000e+00 0.00000e+00 1.57909e-04
2.59277e+01 2.29154e-12 -2.81431e-13 3.30545e-05 0.00000e+00 0.00000e+00 1.57775e-04
2.59351e+01 -2.28615e-12 2.80862e-13 3.30265e-05 0.00000e+00 0.00000e+00 1.57642e-04
2.59424e+01 2.28093e-12 -2.80313e-13 3.29985e-05 0.00000e+00 0.00000e+00 1.57508e-04
2.59497e+01 -2.27562e-12 2.79726e-13 3.29706e-05 0.00000e+00 0.00000e+00 1.57375e-04
2.59570e+01 2.27045e-12 -2.79163e-13 3.29427e-05 0.00000e+00 0.00000e+00 1.57242e-04
2.59644e+01 -2.26511e-12 2.78591e-13 3.29148e-05 0.00000e+00 0.00000e+00 1.57109e-04
2.59717e+01 2.25986e-12 -2.78052e-13 3.28870e-05 0.00000e+00 0.00000e+00 1.56976e-04
2.59790e+01 -2.25456e-12 2.77477e-13 3.28592e-05 0.00000e+00 0.00000e+00 1.56843e-04
2.59863e+01 2.24952e-12 -2.76878e-13 3.28314e-05 0.00000e+00 0.00000e+00 1.56710e-04
2.59937e+01 -2.24415e-12 2.76331e-13 3.28037e-05 0.00000e+00 0.00000e+00 1.56578e-04
2.60010e+01 2.23895e-12 -2.75776e-13 3.27760e-05 0.00000e+00 0.00000e+00 1.56446e-04
2.60083e+01 -2.23370e-12 2.75198e-13 3.27483e-05 0.00000e+00 0.00000e+00 1.56314e-04
2.60156e+01 2.22852e-12 -2.74644e-13 3.27206e-05 0.00000e+00 0.00000e+00 1.56182e-04
2.60229e+01 -2.22330e-12 2.74063e-13 3.26930e-05 0.00000e+00 0.00000e+00 1.56050e-04
2.60303e+01 2.21813e-12 -2.73506e-13 3.26654e-05 0.00000e+00 0.00000e+00 1.55918e-04
2.60376e+01 -2.21285e-12 2.72949e-13 3.26379e-05 0.00000e+00 0.00000e+00 1.55787e-04
2.60449e+01 2.20768e-12 -2.72390e-13 3.26103e-05 0.00000e+00 0.00000e+00 1.55655e-04
2.60522e+01 -2.20251e-12 2.71814e-13 3.25828e-05 0.00000e+00 0.00000e+00 1.55524e-04
2.60596e+01 2.19740e-12 -2.71239e-13 3.25554e-05 0.00000e+00 0.00000e+00 1.55393e-04
2.60669e+01 -2.19216e-12 2.70680e-13 3.25279e-05 0.00000e+00 0.00000e+00 1.55262e-04
2.60742e+01 2.18692e-12 -2.70146e-13 3.25005e-05 0.00000e+00 0.00000e+00 1.55131e-04
2.60815e+01 -2.18184e-12 2.69553e-13 3.24732e-05 0.00000e+00 0.00000e+00 1.55000e-04
2.60889e+01 2.17678e-12 -2.68972e-13 3.24458e-05 0.00000e+00 0.00000e+00 1.54870e-04
2.60962e+01 -2.17150e-12 2.68439e-13 3.24185e-05 0.00000e+00 0.00000e+00 1.54740e-04
2.61035e+01 2.16632e-12 -2.67887e-13 3.23912e-05 0.00000e+00 0.00000e+00 1.54609e-04
2.61108e+01 -2.16123e-12 2.67310e-13 3.23640e-05 0.00000e+00 0.00000e+00 1.54479e-04
2.61182e+01 2.15616e-12 -2.66729e-13 3.23368e-05 0.00000e+00 0.00000e+00 1.54349e-04
2.61255e+01 -2.15102e-12 2.66172e-13 3.23096e-05 0.00000e+00 0.00000e+00 1.54220e-04
2.61328e+01 2.14586e-12 -2.65618e-13 3.22824e-05 0.00000e+00 0.00000e+00 1.54090e-04
2.61401e+01 -2.14077e-12 2.65049e-13 3.22553e-05 0.00000e+00 0.00000e+00 1.53960e-04
2.61475e+01 2.13553e-12 -2.64519e-13 3.22282e-05 0.00000e+00 0.00000e+00 1.53831e-04
2.61548e+01 -2.13054e-12 2.63933e-13 3.22011e-05 0.00000e+00 0.00000e+00 1.53702e-04
2.61621e+01 2.12531e-12 -2.63402e-13 3.21741e-05 0.00000e+00 0.00000e+00 1.53573e-04
2.61694e+01 -2.12027e-12 2.62832e-13 3.21471e-05 0.00000e+00 0.00000e+00 1.53444e-04
2.61768e+01 2.11523e-12 -2.62247e-13 3.21201e-05 0.00000e+00 0.00000e+00 1.53315e-04
2.61841e+01 -2.11010e-12 2.61710e-13 3.20932e-05 0.00000e+00 0.00000e+00 1.53187e-04
2.61914e+01 2.10506e-12 -2.61128e-13 3.20662e-05 0.00000e+00 0.00000e+00 1.53058e-04
2.61987e+01 -2.10002e-12 2.60568e-13 3.20393e-05 0.00000e+00 0.00000e+00 1.52930e-04
2.62061e+01 2.09490e-12 -2.60015e-13 3.20125e-05 0.00000e+00 0.00000e+00 1.52802e-04
2.62134e+01 -2.08993e-12 2.59443e-13 3.19857e-05 0.00000e+00 0.00000e+00 1.52674e-04
2.62207e+01 2.08480e-12 -2.58890e-13 3.19589e-05 0.00000e+00 0.00000e+00 1.52546e-04
2.62280e+01 -2.07982e-12 2.58322e-13 3.19321e-05 0.00000e+00 0.00000e+00 1.52418e-04
2.62354e+01 2.07470e-12 -2.57770e-13 3.19054e-05 0.00000e+00 0.00000e+00 1.52290e-04
2.62427e+01 -2.06982e-12 2.57183e-13 3.18787e-05 0.00000e+00 0.00000e+00 1.52163e-04
2.62500e+01 2.06460e-12 -2.56661e-13 3.18520e-05 0.00000e+00 0.00000e+00 1.52035e-04
2.62573e+01 -2.05970e-12 2.56080e-13 3.18253e-05 0.00000e+00 0.00000e+00 1.51908e-04
2.62646e+01 2.05451e-12 -2.55553e-13 3.17987e-05 0.00000e+00 0.00000e+00 1.51781e-04
2.62720e+01 -2.04958e-12 2.54988e-13 3.17721e-05 0.00000e+00 0.00000e+00 1.51654e-04
2.62793e+01 2.04452e-12 -2.54426e-13 3.17456e-05 0.00000e+00 0.00000e+00 1.51528e-04
2.62866e+01 -2.03957e-12 2.53869e-13 3.17190e-05 0.00000e+00 0.00000e+00 1.51401e-04
2.62939e+01 2.03455e-12 -2.53299e-13 3.16925e-05 0.00000e+00 0.00000e+00 1.51274e-04
2.63013e+01 -2.02960e-12 2.52746e-13 3.16661e-05 0.00000e+00 0.00000e+00 1.51148e-04
2.63086e+01 2.02453e-12 -2.52195e-13 3.16396e-05 0.00000e+00 0.00000e+00 1.51022e-04
2.63159e+01 -2.01962e-12 2.51631e-13 3.16132e-05 0.00000e+00 0.00000e+00 1.50896e-04
2.63232e+01 2.01445e-12 -2.51113e-13 3.15868e-05 0.00000e+00 0.00000e+00 1.50770e-04
2.63306e+01 -2.00960e-12 2.50537e-13 3.15605e-05 0.00000e+00 0.00000e+00 1.50644e-04
2.63379e+01 2.00456e-12 -2.49986e-13 3.15342e-05 0.00000e+00 0.00000e+00 1.50518e-04
2.63452e+01 -1.99976e-12 2.49399e-13 3.15079e-05 0.00000e+00 0.00000e+00 1.50393e-04
2.63525e+01 1.99461e-12 -2.48878e-13 3.14816e-05 0.00000e+00 0.00000e+00 1.50268e-04
2.63599e+01 -1.98979e-12 2.48301e-13 3.14554e-05 0.00000e+00 0.00000e+00 1.50142e-04
2.63672e+01 1.98476e-12 -2.47752e-13 3.14292e-05 0.00000e+00 0.00000e+00 1.50017e-04
2.63745e+01 -1.97990e-12 2.47193e-13 3.14030e-05 0.00000e+00 0.00000e+00 1.49892e-04
2.63818e+01 1.97492e-12 -2.46633e-13 3.13769e-05 0.00000e+00 0.00000e+00 1.49768e-04
2.63892e+01 -1.97000e-12 2.46091e-13 3.13507e-05 0.00000e+00 0.00000e+00 1.49643e-04
2.63965e+01 1.96502e-12 -2.45535e-13 3.13246e-05 0.00000e+00 0.00000e+00 1.49518e-04
2.64038e+01 -1.96014e-12 2.44985e-13 3.12986e-05 0.00000e+00 0.00000e+00 1.49394e-04
2.64111e+01 1.95518e-12 -2.44428e-13 3.12726e-05 0.00000e+00 0.00000e+00 1.49270e-04
2.64185e+01 -1.95030e-12 2.43878e-13 3.12466e-05 0.00000e+00 0.00000e+00 1.49146e-04
2.64258e+01 1.94533e-12 -2.43330e-13 3.12206e-05 0.00000e+00 0.00000e+00 1.49022e-04
2.64331e+01 -1.94047e-12 2.42776e-13 3.11946e-05 0.00000e+00 0.00000e+00 1.48898e-04
2.64404e+01 1.93558e-12 -2.42211e-13 3.11687e-05 0.00000e+00 0.00000e+00 1.48774e-04
2.64478e+01 -1.93073e-12 2.41656e-13 3.11428e-05 0.00000e+00 0.00000e+00 1.48650e-04
2.64551e+01 1.92579e-12 -2.41109e-13 3.11170e-05 0.00000e+00 0.00000e+00 1.48527e-04
2.64624e+01 -1.92092e-12 2.40565e-13 3.10911e-05 0.00000e+00 0.00000e+00 1.48404e-04
2.64697e+01 1.91608e-12 -2.39991e-13 3.10653e-05 0.00000e+00 0.00000e+00 1.48281e-04
2.64771e+01 -1.91122e-12 2.39446e-13 3.10396e-05 0.00000e+00 0.00000e+00 1.48158e-04
2.64844e+01 1.90638e-12 -2.38876e-13 3.10138e-05 0.00000e+00 0.00000e+00 1.48035e-04
2.64917e+01 -1.90146e-12 2.38350e-13 3.09881e-05 0.00000e+00 0.00000e+00 1.47912e-04
2.64990e+01 1.89655e-12 -2.37805e-13 3.09624e-05 0.00000e+00 0.00000e+00 1.47789e-04
2.65063e+01 -1.89168e-12 2.37266e-13 3.09368e-05 0.00000e+00 0.00000e+00 1.47667e-04
2.65137e+01 1.88680e-12 -2.36720e-13 3.09111e-05 0.00000e+00 0.00000e+00 1.47545e-04
2.65210e+01 -1.88203e-12 2.36154e-13 3.08855e-05 0.00000e+00 0.00000e+00 1.47422e-04
2.65283e+01 1.87720e-12 -2.35596e-13 3.08599e-05 0.00000e+00 0.00000e+00 1.47300e-04
2.65356e+01 -1.87239e-12 2.35045e-13 3.08344e-05 0.00000e+00 0.00000e+00 1.47178e-04
2.65430e+01 1.86759e-12 -2.34484e-13 3.08089e-05 0.00000e+00 0.00000e+00 1.47056e-04
2.65503e+01 -1.86261e-12 2.33981e-13 3.07834e-05 0.00000e+00 0.00000e+00 1.46935e-04
2.65576e+01 1.85788e-12 -2.33407e-13 3.07579e-05 0.00000e+00 0.00000e+00 1.46813e-04
2.65649e+01 -1.85305e-12 2.32865e-13 3.07325e-05 0.00000e+00 0.00000e+00 1.46692e-04
2.65723e+01 1.84827e-12 -2.32309e-13 3.07071e-05 0.00000e+00 0.00000e+00 1.46571e-04
2.65796e+01 -1.84347e-12 2.31756e-13 3.06817e-05 0.00000e+00 0.00000e+00 1.46449e-04
2.65869e+01 1.83874e-12 -2.31189e-13 3.06564e-05 0.00000e+00 0.00000e+00 1.46328e-04
2.65942e+01 -1.83387e-12 2.30663e-13 3.06310e-05 0.00000e+00 0.00000e+00 1.46208e-04
2.66016e+01 1.82911e-12 -2.30110e-13 3.06057e-05 0.00000e+00 0.00000e+00 1.46087e-04
2.66089e+01 -1.82430e-12 2.29565e-13 3.05805e-05 0.00000e+00 0.00000e+00 1.45966e-04
2.66162e+01 1.81951e-12 -2.29025e-13 3.05552e-05 0.00000e+00 0.00000e+00 1.45846e-04
2.66235e+01 -1.81481e-12 2.28455e-13 3.05300e-05 0.00000e+00 0.00000e+00 1.45725e-04
2.66309e+01 1.80990e-12 -2.27951e-13 3.05048e-05 0.00000e+00 0.00000e+00 1.45605e-04
2.66382e+01 -1.80523e-12 2.27375e-13 3.04797e-05 0.00000e+00 0.00000e+00 1.45485e-04
2.66455e+01 1.80049e-12 -2.26825e-13 3.04546e-05 0.00000e+00 0.00000e+00 1.45365e-04
2.66528e+01 -1.79576e-12 2.26268e-13 3.04295e-05 0.00000e+00 0.00000e+00 1.45245e-04
2.66602e+01 1.79097e-12 -2.25740e-13 3.04044e-05 0.00000e+00 0.00000e+00 1.45126e-04
2.66675e+01 -1.78618e-12 2.25201e-13 3.03793e-05 0.00000e+00 0.00000e+00 1.45006e-04
2.66748e+01 1.78158e-12 -2.24623e-13 3.03543e-05 0.00000e+00 0.00000e+00 1.44887e-04
2.66821e+01 -1.77678e-12 2.24090e-13 3.03293e-05 0.00000e+00 0.00000e+00 1.44768e-04
2.66895e+01 1.77202e-12 -2.23561e-13 3.03044e-05 0.00000e+00 0.00000e+00 1.44648e-04
2.66968e+01 -1.76728e-12 2.23009e-13 3.02794e-05 0.00000e+00 0.00000e+00 1.44529e-04
2.67041e+01 1.76266e-12 -2.22448e-13 3.02545e-05 0.00000e+00 0.00000e+00 1.44411e-04
2.67114e+01 -1.75788e-12 2.21914e-13 3.02297e-05 0.00000e+00 0.00000e+00 1.44292e-04
2.67188e+01 1.75316e-12 -2.21378e-13 3.02048e-05 0.00000e+00 0.00000e+00 1.44173e-04
2.67261e+01 -1.74846e-12 2.20825e-13 3.01800e-05 0.00000e+00 0.00000e+00 1.44055e-04
2.67334e+01 1.74364e-12 -2.20323e-13 3.01552e-05 0.00000e+00 0.00000e+00 1.43936e-04
2.67407e+01 -1.73898e-12 2.19760e-13 3.01304e-05 0.00000e+00 0.00000e+00 1.43818e-04
2.67480e+01 1.73434e-12 -2.19213e-13 3.01057e-05 0.00000e+00 0.00000e+00 1.43700e-04
2.67554e+01 -1.72962e-12 2.18668e-13 3.00809e-05 0.00000e+00 0.00000e+00 1.43582e-04
2.67627e+01 1.72500e-12 -2.18118e-13 3.00563e-05 0.00000e+00 0.00000e+00 1.43464e-04
2.67700e+01 -1.72029e-12 2.17573e-13 3.00316e-05 0.00000e+00 0.00000e+00 1.43346e-04
2.67773e+01 1.71566e-12 -2.17029e-13 3.00070e-05 0.00000e+00 0.00000e+00 1.43229e-04
2.67847e+01 -1.71098e-12 2.16480e-13 2.99823e-05 0.00000e+00 0.00000e+00 1.43111e-04
2.67920e+01 1.70628e-12 -2.15958e-13 2.99578e-05 0.00000e+00 0.00000e+00 1.42994e-04
2.67993e+01 -1.70175e-12 2.15371e-13 2.99332e-05 0.00000e+00 0.00000e+00 1.42877e-04
2.68066e+01 1.69705e-12 -2.14850e-13 2.99087e-05 0.00000e+00 0.00000e+00 1.42760e-04
2.68140e+01 -1.69243e-12 2.14291e-13 2.98842e-05 0.00000e+00 0.00000e+00 1.42643e-04
2.68213e+01 1.68785e-12 -2.13747e-13 2.98597e-05 0.00000e+00 0.00000e+00 1.42526e-04
2.68286e+01 -1.68305e-12 2.13240e-13 2.98353e-05 0.00000e+00 0.00000e+00 1.42409e-04
2.68359e+01 1.67844e-12 -2.12698e-13 2.98108e-05 0.00000e+00 0.00000e+00 1.42293e-04
2.68433e+01 -1.67382e-12 2.12147e-13 2.97864e-05 0.00000e+00 0.00000e+00 1.42176e-04
2.68506e+01 1.66912e-12 -2.11636e-13 2.97621e-05 0.00000e+00 0.00000e+00 1.42060e-04
2.68579e+01 -1.66455e-12 2.11072e-13 2.97377e-05 0.00000e+00 0.00000e+00 1.41944e-04
2.68652e+01 1.65996e-12 -2.10533e-13 2.97134e-05 0.00000e+00 0.00000e+00 1.41828e-04
2.68726e+01 -1.65528e-12 2.10005e-13 2.96891e-05 0.00000e+00 0.00000e+00 1.41712e-04
2.68799e+01 1.65072e-12 -2.09461e-13 2.96649e-05 0.00000e+00 0.00000e+00 1.41596e-04
2.68872e+01 -1.64612e-12 2.08913e-13 2.96406e-05 0.00000e+00 0.00000e+00 1.41480e-04
2.68945e+01 1.64150e-12 -2.08387e-13 2.96164e-05 0.00000e+00 0.00000e+00 1.41365e-04
2.69019e+01 -1.63688e-12 2.07848e-13 2.95922e-05 0.00000e+00 0.00000e+00 1.41249e-04
2.69092e+01 1.63243e-12 -2.07277e-13 2.95681e-05 0.00000e+00 0.00000e+00 1.41134e-04
2.69165e+01 -1.62777e-12 2.06753e-13 2.95439e-05 0.00000e+00 0.00000e+00 1.41019e-04
2.69238e+01 1.62316e-12 -2.06231e-13 2.95198e-05 0.00000e+00 0.00000e+00 1.40904e-04
2.69312e+01 -1.61855e-12 2.05694e-13 2.94958e-05 0.00000e+00 0.00000e+00 1.40789e-04
2.69385e+01 1.61402e-12 -2.05152e-13 2.94717e-05 0.00000e+00 0.00000e+00 1.40674e-04
2.69458e+01 -1.60945e-12 2.04608e-13 2.94477e-05 0.00000e+00 0.00000e+00 1.40559e-04
2.69531e+01 1.60487e-12 -2.04083e-13 2.94237e-05 0.00000e+00 0.00000e+00 1.40445e-04
2.69604e+01 -1.60030e-12 2.03542e-13 2.93997e-05 0.00000e+00 0.00000e+00 1.40330e-04
2.69678e+01 1.59573e-12 -2.03015e-13 2.93758e-05 0.00000e+00 0.00000e+00 1.40216e-04
2.69751e+01 -1.59122e-12 2.02466e-13 2.93518e-05 0.00000e+00 0.00000e+00 1.40102e-04
2.69824e+01 1.58679e-12 -2.01901e-13 2.93279e-05 0.00000e+00 0.00000e+00 1.39988e-04
2.69897e+01 -1.58202e-12 2.01421e-13 2.93041e-05 0.00000e+00 0.00000e+00 1.39874e-04
2.69971e+01 1.57754e-12 -2.00876e-13 2.92802e-05 0.00000e+00 0.00000e+00 1.39760e-04
2.70044e+01 -1.57313e-12 2.00304e-13 2.92564e-05 0.00000e+00 0.00000e+00 1.39646e-04
2.70117e+01 1.56859e-12 -1.99778e-13 2.92326e-05 0.00000e+00 0.00000e+00 1.39533e-04
2.70190e+01 -1.56402e-12 1.99249e-13 2.92089e-05 0.00000e+00 0.00000e+00 1.39419e-04
2.70264e+01 1.55953e-12 -1.98711e-13 2.91851e-05 0.00000e+00 0.00000e+00 1.39306e-04
2.70337e+01 -1.55502e-12 1.98171e-13 2.91614e-05 0.00000e+00 0.00000e+00 1.39193e-04
2.70410e+01 1.55043e-12 -1.97658e-13 2.91377e-05 0.00000e+00 0.00000e+00 1.39080e-04
2.70483e+01 -1.54593e-12 1.97124e-13 2.91140e-05 0.00000e+00 0.00000e+00 1.38967e-04
2.70557e+01 1.54146e-12 -1.96582e-13 2.90904e-05 0.00000e+00 0.00000e+00 1.38854e-04
2.70630e+01 -1.53689e-12 1.96070e-13 2.90668e-05 0.00000e+00 0.00000e+00 1.38741e-04
2.70703e+01 1.53251e-12 -1.95501e-13 2.90432e-05 0.00000e+00 0.00000e+00 1.38629e-04
2.70776e+01 -1.52798e-12 1.94982e-13 2.90196e-05 0.00000e+00 0.00000e+00 1.38516e-04
2.70850e+01 1.52354e-12 -1.94436e-13 2.89961e-05 0.00000e+00 0.00000e+00 1.38404e-04
2.70923e+01 -1.51898e-12 1.93926e-13 2.89726e-05 0.00000e+00 0.00000e+00 1.38292e-04
2.70996e+01 1.51451e-12 -1.93389e-13 2.89491e-05 0.00000e+00 0.00000e+00 1.38179e-04
2.71069e+01 -1.51007e-12 1.92852e-13 2.89257e-05 0.00000e+00 0.00000e+00 1.38068e-04
2.71143e+01 1.50562e-12 -1.92313e-13 2.89022e-05 0.00000e+00 0.00000e+00 1.37956e-04
2.71216e+01 -1.50119e-12 1.91774e-13 2.88788e-05 0.00000e+00 0.00000e+00 1.37844e-04
2.71289e+01 1.49675e-12 -1.91235e-13 2.88554e-05 0.00000e+00 0.00000e+00 1.37732e-04
2.71362e+01 -1.49222e-12 1.90725e-13 2.88321e-05 0.00000e+00 0.00000e+00 1.37621e-04
2.71436e+01 1.48786e-12 -1.90167e-13 2.88087e-05 0.00000e+00 0.00000e+00 1.37509e-04
2.71509e+01 -1.48328e-12 1.89673e-13 2.87854e-05 0.00000e+00 0.00000e+00 1.37398e-04
2.71582e+01 1.47897e-12 -1.89107e-13 2.87621e-05 0.00000e+00 0.00000e+00 1.37287e-04
2.71655e+01 -1.47452e-12 1.88584e-13 2.87389e-05 0.00000e+00 0.00000e+00 1.37176e-04
2.71729e+01 1.46999e-12 -1.88074e-13 2.87157e-05 0.00000e+00 0.00000e+00 1.37065e-04
2.71802e+01 -1.46562e-12 1.87534e-13 2.86925e-05 0.00000e+00 0.00000e+00 1.36954e-04
2.71875e+01 1.46116e-12 -1.87007e-13 2.86693e-05 0.00000e+00 0.00000e+00 1.36844e-04
2.71948e+01 -1.45672e-12 1.86489e-13 2.86461e-05 0.00000e+00 0.00000e+00 1.36733e-04
2.72021e+01 1.45228e-12 -1.85959e-13 2.86230e-05 0.00000e+00 0.00000e+00 1.36623e-04
2.72095e+01 -1.44787e-12 1.85434e-13 2.85999e-05 0.00000e+00 0.00000e+00 1.36512e-04
2.72168e+01 1.44352e-12 -1.84882e-13 2.85768e-05 0.00000e+00 0.00000e+00 1.36402e-04
2.72241e+01 -1.43912e-12 1.84361e-13 2.85537e-05 0.00000e+00 0.00000e+00 1.36292e-04
2.72314e+01 1.43466e-12 -1.83841e-13 2.85307e-05 0.00000e+00 0.00000e+00 1.36182e-04
2.72388e+01 -1.43032e-12 1.83307e-13 2.85077e-05 0.00000e+00 0.00000e+00 1.36072e-04
2.72461e+01 1.42592e-12 -1.82772e-13 2.84847e-05 0.00000e+00 0.00000e+00 1.35963e-04
2.72534e+01 -1.42158e-12 1.82238e-13 2.84617e-05 0.00000e+00 0.00000e+00 1.35853e-04
2.72607e+01 1.41720e-12 -1.81704e-13 2.84388e-05 0.00000e+00 0.00000e+00 1.35744e-04
2.72681e+01 -1.41279e-12 1.81190e-13 2.84159e-05 0.00000e+00 0.00000e+00 1.35634e-04
2.72754e+01 1.40835e-12 -1.80676e-13 2.83930e-05 0.00000e+00 0.00000e+00 1.35525e-04
2.72827e+01 -1.40404e-12 1.80137e-13 2.83702e-05 0.00000e+00 0.00000e+00 1.35416e-04
2.72900e+01 1.39964e-12 -1.79615e-13 2.83473e-05 0.00000e+00 0.00000e+00 1.35307e-04
2.72974e+01 -1.39535e-12 1.79075e-13 2.83245e-05 0.00000e+00 0.00000e+00 1.35198e-04
2.73047e+01 1.39095e-12 -1.78550e-13 2.83017e-05 0.00000e+00 0.00000e+00 1.35089e-04
2.73120e+01 -1.38669e-12 1.78005e-13 2.82790e-05 0.00000e+00 0.00000e+00 1.34981e-04
2.73193e+01 1.38223e-12 -1.77503e-13 2.82562e-05 0.00000e+00 0.00000e+00 1.34872e-04
2.73267e+01 -1.37793e-12 1.76968e-13 2.82335e-05 0.00000e+00 0.00000e+00 1.34764e-04
2.73340e+01 1.37352e-12 -1.76457e-13 2.82108e-05 0.00000e+00 0.00000e+00 1.34655e-04
2.73413e+01 -1.36931e-12 1.75904e-13 2.81881e-05 0.00000e+00 0.00000e+00 1.34547e-04
2.73486e+01 1.36481e-12 -1.75418e-13 2.81655e-05 0.00000e+00 0.00000e+00 1.34439e-04
2.73560e+01 -1.36055e-12 1.74879e-13 2.81429e-05 0.00000e+00 0.00000e+00 1.34331e-04
2.73633e+01 1.35622e-12 -1.74348e-13 2.81203e-05 0.00000e+00 0.00000e+00 1.34223e-04
2.73706e+01 -1.35186e-12 1.73844e-13 2.80977e-05 0.00000e+00 0.00000e+00 1.34116e-04
2.73779e+01 1.34758e-12 -1.73304e-13 2.80752e-05 0.00000e+00 0.00000e+00 1.34008e-04
2.73853e+01 -1.34329e-12 1.72777e-13 2.80527e-05 0.00000e+00 0.00000e+00 1.33901e-04
2.73926e+01 1.33889e-12 -1.72271e-13 2.80302e-05 0.00000e+00 0.00000e+00 1.33793e-04
2.73999e+01 -1.33476e-12 1.71705e-13 2.80077e-05 0.00000e+00 0.00000e+00 1.33686e-04
2.74072e+01 1.33022e-12 -1.71240e-13 2.79852e-05 0.00000e+00 0.00000e+00 1.33579e-04
2.74146e+01 -1.32600e-12 1.70702e-13 2.79628e-05 0.00000e+00 0.00000e+00 1.33472e-04
2.74219e+01 1.32176e-12 -1.70158e-13 2.79404e-05 0.00000e+00 0.00000e+00 1.33365e-04
2.74292e+01 -1.31743e-12 1.69651e-13 2.79180e-05 0.00000e+00 0.00000e+00 1.33258e-04
2.74365e+01 1.31316e-12 -1.69118e-13 2.78957e-05 0.00000e+00 0.00000e+00 1.33151e-04
2.74438e+01 -1.30890e-12 1.68596e-13 2.78734e-05 0.00000e+00 0.00000e+00 1.33045e-04
2.74512e+01 1.30460e-12 -1.68076e-13 2.78511e-05 0.00000e+00 0.00000e+00 1.32938e-04
2.74585e+01 -1.30037e-12 1.67546e-13 2.78288e-05 0.00000e+00 0.00000e+00 1.32832e-04
2.74658e+01 1.29609e-12 -1.67020e-13 2.78065e-05 0.00000e+00 0.00000e+00 1.32726e-04
2.74731e+01 -1.29180e-12 1.66510e-13 2.77843e-05 0.00000e+00 0.00000e+00 1.32620e-04
2.74805e+01 1.28762e-12 -1.65961e-13 2.77621e-05 0.00000e+00 0.00000e+00 1.32514e-04
2.74878e+01 -1.28329e-12 1.65467e-13 2.77399e-05 0.00000e+00 0.00000e+00 1.32408e-04
2.74951e+01 1.27903e-12 -1.64937e-13 2.77177e-05 0.00000e+00 0.00000e+00 1.32302e-04
2.75024e+01 -1.27476e-12 1.64431e-13 2.76956e-05 0.00000e+00 0.00000e+00 1.32196e-04
2.75098e+01 1.27051e-12 -1.63905e-13 2.76735e-05 0.00000e+00 0.00000e+00 1.32091e-04
2.75171e+01 -1.26630e-12 1.63382e-13 2.76514e-05 0.00000e+00 0.00000e+00 1.31985e-04
2.75244e+01 1.26205e-12 -1.62856e-13 2.76293e-05 0.00000e+00 0.00000e+00 1.31880e-04
2.75317e+01 -1.25783e-12 1.62339e-13 2.76073e-05 0.00000e+00 0.00000e+00 1.31775e-04
2.75391e+01 1.25353e-12 -1.61835e-13 2.75853e-05 0.00000e+00 0.00000e+00 1.31670e-04
2.75464e+01 -1.24938e-12 1.61298e-13 2.75633e-05 0.00000e+00 0.00000e+00 1.31565e-04
2.75537e+01 1.24510e-12 -1.60788e-13 2.75413e-05 0.00000e+00 0.00000e+00 1.31460e-04
2.75610e+01 -1.24082e-12 1.60290e-13 2.75193e-05 0.00000e+00 0.00000e+00 1.31355e-04
2.75684e+01 1.23672e-12 -1.59735e-13 2.74974e-05 0.00000e+00 0.00000e+00 1.31250e-04
2.75757e+01 -1.23249e-12 1.59225e-13 2.74755e-05 0.00000e+00 0.00000e+00 1.31146e-04
2.75830e+01 1.22823e-12 -1.58718e-13 2.74536e-05 0.00000e+00 0.00000e+00 1.31041e-04
2.75903e+01 -1.22399e-12 1.58211e-13 2.74318e-05 0.00000e+00 0.00000e+00 1.30937e-04
2.75977e+01 1.21982e-12 -1.57680e-13 2.74099e-05 0.00000e+00 0.00000e+00 1.30833e-04
2.76050e+01 -1.21567e-12 1.57154e-13 2.73881e-05 0.00000e+00 0.00000e+00 1.30729e-04
2.76123e+01 1.21140e-12 -1.56652e-13 2.73663e-05 0.00000e+00 0.00000e+00 1.30625e-04
2.76196e+01 -1.20724e-12 1.56133e-13 2.73446e-05 0.00000e+00 0.00000e+00 1.30521e-04
2.76270e+01 1.20308e-12 -1.55602e-13 2.73228e-05 0.00000e+00 0.00000e+00 1.30417e-04
2.76343e+01 -1.19879e-12 1.55120e-13 2.73011e-05 0.00000e+00 0.00000e+00 1.30313e-04
2.76416e+01 1.19469e-12 -1.54580e-13 2.72794e-05 0.00000e+00 0.00000e+00 1.30210e-04
2.76489e+01 -1.19050e-12 1.54067e-13 2.72577e-05 0.00000e+00 0.00000e+00 1.30106e-04
2.76562e+01 1.18615e-12 -1.53596e-13 2.72361e-05 0.00000e+00 0.00000e+00 1.30003e-04
2.76636e+01 -1.18218e-12 1.53030e-13 2.72144e-05 0.00000e+00 0.00000e+00 1.29900e-04
2.76709e+01 1.17796e-12 -1.52525e-13 2.71928e-05 0.00000e+00 0.00000e+00 1.29796e-04
2.76782e+01 -1.17384e-12 1.52004e-13 2.71713e-05 0.00000e+00 0.00000e+00 1.29693e-04
2.76855e+01 1.16961e-12 -1.51505e-13 2.71497e-05 0.00000e+00 0.00000e+00 1.29591e-04
2.76929e+01 -1.16552e-12 1.50976e-13 2.71282e-05 0.00000e+00 0.00000e+00 1.29488e-04
2.77002e+01 1.16136e-12 -1.50459e-13 2.71067e-05 0.00000e+00 0.00000e+00 1.29385e-04
2.77075e+01 -1.15720e-12 1.49951e-13 2.70852e-05 0.00000e+00 0.00000e+00 1.29283e-04
2.77148e+01 1.15311e-12 -1.49417e-13 2.70637e-05 0.00000e+00 0.00000e+00 1.29180e-04
2.77222e+01 -1.14895e-12 1.48913e-13 2.70423e-05 0.00000e+00 0.00000e+00 1.29078e-04
2.77295e+01 1.14478e-12 -1.48405e-13 2.70208e-05 0.00000e+00 0.00000e+00 1.28975e-04
2.77368e+01 -1.14070e-12 1.47880e-13 2.69994e-05 0.00000e+00 0.00000e+00 1.28873e-04
2.77441e+01 1.13655e-12 -1.47372e-13 2.69781e-05 0.00000e+00 0.00000e+00 1.28771e-04
2.77515e+01 -1.13241e-12 1.46865e-13 2.69567e-05 0.00000e+00 0.00000e+00 1.28669e-04
2.77588e+01 1.12826e-12 -1.46356e-13 2.69354e-05 0.00000e+00 0.00000e+00 1.28567e-04
2.77661e+01 -1.12421e-12 1.45827e-13 2.69141e-05 0.00000e+00 0.00000e+00 1.28466e-04
2.77734e+01 1.12003e-12 -1.45330e-13 2.68928e-05 0.00000e+00 0.00000e+00 1.28364e-04
2.77808e+01 -1.11595e-12 1.44811e-13 2.68715e-05 0.00000e+00 0.00000e+00 1.28263e-04
2.77881e+01 1.11183e-12 -1.44301e-13 2.68503e-05 0.00000e+00 0.00000e+00 1.28161e-04
2.77954e+01 -1.10762e-12 1.43820e-13 2.68290e-05 0.00000e+00 0.00000e+00 1.28060e-04
2.78027e+01 1.10362e-12 -1.43280e-13 2.68078e-05 0.00000e+00 0.00000e+00 1.27959e-04
2.78101e+01 -1.09948e-12 1.42779e-13 2.67867e-05 0.00000e+00 0.00000e+00 1.27858e-04
2.78174e+01 1.09532e-12 -1.42287e-13 2.67655e-05 0.00000e+00 0.00000e+00 1.27757e-04
2.78247e+01 -1.09131e-12 1.41756e-13 2.67444e-05 0.00000e+00 0.00000e+00 1.27656e-04
2.78320e+01 1.08722e-12 -1.41243e-13 2.67233e-05 0.00000e+00 0.00000e+00 1.27555e-04
2.78394e+01 -1.08316e-12 1.40727e-13 2.67022e-05 0.00000e+00 0.00000e+00 1.27454e-04
2.78467e+01 1.07908e-12 -1.40216e-13 2.66811e-05 0.00000e+00 0.00000e+00 1.27354e-04
2.78540e+01 -1.07498e-12 1.39713e-13 2.66601e-05 0.00000e+00 0.00000e+00 1.27254e-04
2.78613e+01 1.07092e-12 -1.39198e-13 2.66391e-05 0.00000e+00 0.00000e+00 1.27153e-04
2.78687e+01 -1.06679e-12 1.38707e-13 2.66181e-05 0.00000e+00 0.00000e+00 1.27053e-04
2.78760e+01 1.06273e-12 -1.38194e-13 2.65971e-05 0.00000e+00 0.00000e+00 1.26953e-04
2.78833e+01 -1.05877e-12 1.37659e-13 2.65761e-05 0.00000e+00 0.00000e+00 1.26853e-04
2.78906e+01 1.05461e-12 -1.37175e-13 2.65552e-05 0.00000e+00 0.00000e+00 1.26753e-04
2.78979e+01 -1.05071e-12 1.36627e-13 2.65343e-05 0.00000e+00 0.00000e+00 1.26653e-04
2.79053e+01 1.04654e-12 -1.36149e-13 2.65134e-05 0.00000e+00 0.00000e+00 1.26553e-04
2.79126e+01 -1.04248e-12 1.35644e-13 2.64925e-05 0.00000e+00 0.00000e+00 1.26454e-04
2.79199e+01 1.03842e-12 -1.35139e-13 2.64717e-05 0.00000e+00 0.00000e+00 1.26354e-04
2.79272e+01 -1.03443e-12 1.34617e-13 2.64509e-05 0.00000e+00 0.00000e+00 1.26255e-04
2.79346e+01 1.03035e-12 -1.34122e-13 2.64301e-05 0.00000e+00 0.00000e+00 1.26156e-04
2.79419e+01 -1.02630e-12 1.33620e-13 2.64093e-05 0.00000e+00 0.00000e+00 1.26056e-04
2.79492e+01 1.02224e-12 -1.33119e-13 2.63885e-05 0.00000e+00 0.00000e+00 1.25957e-04
2.79565e+01 -1.01822e-12 1.32606e-13 2.63678e-05 0.00000e+00 0.00000e+00 1.25858e-04
2.79639e+01 1.01408e-12 -1.32131e-13 2.63471e-05 0.00000e+00 0.00000e+00 1.25760e-04
2.79712e+01 -1.01014e-12 1.31603e-13 2.63264e-05 0.00000e+00 0.00000e+00 1.25661e-04
2.79785e+01 1.00614e-12 -1.31094e-13 2.63057e-05 0.00000e+00 0.00000e+00 1.25562e-04
2.79858e+01 -1.00208e-12 1.30599e-13 2.62851e-05 0.00000e+00 0.00000e+00 1.25464e-04
2.79932e+01 9.98143e-13 -1.30072e-13 2.62645e-05 0.00000e+00 0.00000e+00 1.25365e-04
2.80005e+01 -9.94085e-13 1.29580e-13 2.62439e-05 0.00000e+00 0.00000e+00 1.25267e-04
2.80078e+01 9.90191e-13 -1.29045e-13 2.62233e-05 0.00000e+00 0.00000e+00 1.25169e-04
2.80151e+01 -9.86037e-13 1.28579e-13 2.62027e-05 0.00000e+00 0.00000e+00 1.25070e-04
2.80225e+01 9.82137e-13 -1.28046e-13 2.61822e-05 0.00000e+00 0.00000e+00 1.24972e-04
2.80298e+01 -9.78092e-13 1.27555e-13 2.61616e-05 0.00000e+00 0.00000e+00 1.24874e-04
2.80371e+01 9.74116e-13 -1.27050e-13 2.61412e-05 0.00000e+00 0.00000e+00 1.24777e-04
2.80444e+01 -9.70131e-13 1.26543e-13 2.61207e-05 0.00000e+00 0.00000e+00 1.24679e-04
2.80518e+01 9.66146e-13 -1.26037e-13 2.61002e-05 0.00000e+00 0.00000e+00 1.24581e-04
2.80591e+01 -9.62153e-13 1.25538e-13 2.60798e-05 0.00000e+00 0.00000e+00 1.24484e-04
2.80664e+01 9.58271e-13 -1.25007e-13 2.60594e-05 0.00000e+00 0.00000e+00 1.24386e-04
2.80737e+01 -9.54226e-13 1.24525e-13 2.60390e-05 0.00000e+00 0.00000e+00 1.24289e-04
2.80811e+01 9.50221e-13 -1.24028e-13 2.60186e-05 0.00000e+00 0.00000e+00 1.24192e-04
2.80884e+01 -9.46143e-13 1.23557e-13 2.59983e-05 0.00000e+00 0.00000e+00 1.24095e-04
2.80957e+01 9.42223e-13 -1.23038e-13 2.59779e-05 0.00000e+00 0.00000e+00 1.23998e-04
2.81030e+01 -9.38360e-13 1.22510e-13 2.59576e-05 0.00000e+00 0.00000e+00 1.23901e-04
2.81104e+01 9.34346e-13 -1.22021e-13 2.59373e-05 0.00000e+00 0.00000e+00 1.23804e-04
2.81177e+01 -9.30381e-13 1.21522e-13 2.59171e-05 0.00000e+00 0.00000e+00 1.23707e-04
2.81250e+01 9.26459e-13 -1.21011e-13 2.58968e-05 0.00000e+00 0.00000e+00 1.23610e-04
2.81323e+01 -9.22474e-13 1.20520e-13 2.58766e-05 0.00000e+00 0.00000e+00 1.23514e-04
2.81396e+01 9.18454e-13 -1.20037e-13 2.58564e-05 0.00000e+00 0.00000e+00 1.23417e-04
2.81470e+01 -9.14466e-13 1.19551e-13 2.58362e-05 0.00000e+00 0.00000e+00 1.23321e-04
2.81543e+01 9.10714e-13 -1.18995e-13 2.58161e-05 0.00000e+00 0.00000e+00 1.23225e-04
2.81616e+01 -9.06704e-13 1.18516e-13 2.57959e-05 0.00000e+00 0.00000e+00 1.23129e-04
2.81689e+01 9.02762e-13 -1.18014e-13 2.57758e-05 0.00000e+00 0.00000e+00 1.23033e-04
2.81763e+01 -8.98894e-13 1.17501e-13 2.57557e-05 0.00000e+00 0.00000e+00 1.22937e-04
2.81836e+01 8.94903e-13 -1.17013e-13 2.57357e-05 0.00000e+00 0.00000e+00 1.22841e-04
2.81909e+01 -8.90968e-13 1.16519e-13 2.57156e-05 0.00000e+00 0.00000e+00 1.22745e-04
2.81982e+01 8.86971e-13 -1.16036e-13 2.56956e-05 0.00000e+00 0.00000e+00 1.22650e-04
2.82056e+01 -8.83199e-13 1.15501e-13 2.56756e-05 0.00000e+00 0.00000e+00 1.22554e-04
2.82129e+01 8.79184e-13 -1.15026e-13 2.56556e-05 0.00000e+00 0.00000e+00 1.22459e-04
2.82202e+01 -8.75267e-13 1.14531e-13 2.56356e-05 0.00000e+00 0.00000e+00 1.22363e-04
2.82275e+01 8.71414e-13 -1.14013e-13 2.56156e-05 0.00000e+00 0.00000e+00 1.22268e-04
2.82349e+01 -8.67355e-13 1.13559e-13 2.55957e-05 0.00000e+00 0.00000e+00 1.22173e-04
2.82422e+01 8.63535e-13 -1.13036e-13 2.55758e-05 0.00000e+00 0.00000e+00 1.22078e-04
2.82495e+01 -8.59617e-13 1.12546e-13 2.55559e-05 0.00000e+00 0.00000e+00 1.21983e-04
2.82568e+01 8.55712e-13 -1.12047e-13 2.55361e-05 0.00000e+00 0.00000e+00 1.21888e-04
2.82642e+01 -8.51833e-13 1.11547e-13 2.55162e-05 0.00000e+00 0.00000e+00 1.21794e-04
2.82715e+01 8.47967e-13 -1.11040e-13 2.54964e-05 0.00000e+00 0.00000e+00 1.21699e-04
2.82788e+01 -8.44081e-13 1.10546e-13 2.54766e-05 0.00000e+00 0.00000e+00 1.21604e-04
2.82861e+01 8.40232e-13 -1.10036e-13 2.54568e-05 0.00000e+00 0.00000e+00 1.21510e-04
2.82935e+01 -8.36245e-13 1.09570e-13 2.54370e-05 0.00000e+00 0.00000e+00 1.21416e-04
2.83008e+01 8.32416e-13 -1.09058e-13 2.54173e-05 0.00000e+00 0.00000e+00 1.21321e-04
2.83081e+01 -8.28565e-13 1.08556e-13 2.53976e-05 0.00000e+00 0.00000e+00 1.21227e-04
2.83154e+01 8.24670e-13 -1.08064e-13 2.53779e-05 0.00000e+00 0.00000e+00 1.21133e-04
2.83228e+01 -8.20833e-13 1.07562e-13 2.53582e-05 0.00000e+00 0.00000e+00 1.21039e-04
2.83301e+01 8.16909e-13 -1.07079e-13 2.53385e-05 0.00000e+00 0.00000e+00 1.20945e-04
2.83374e+01 -8.13166e-13 1.06554e-13 2.53189e-05 0.00000e+00 0.00000e+00 1.20852e-04
2.83447e+01 8.09237e-13 -1.06075e-13 2.52992e-05 0.00000e+00 0.00000e+00 1.20758e-04
2.83521e+01 -8.05289e-13 1.05606e-13 2.52796e-05 0.00000e+00 0.00000e+00 1.20664e-04
2.83594e+01 8.01484e-13 -1.05094e-13 2.52601e-05 0.00000e+00 0.00000e+00 1.20571e-04
2.83667e+01 -7.97655e-13 1.04596e-13 2.52405e-05 0.00000e+00 0.00000e+00 1.20478e-04
2.83740e+01 7.93761e-13 -1.04110e-13 2.52210e-05 0.00000e+00 0.00000e+00 1.20384e-04
2.83813e+01 -7.89914e-13 1.03620e-13 2.52014e-05 0.00000e+00 0.00000e+00 1.20291e-04
2.83887e+01 7.86102e-13 -1.03116e-13 2.51819e-05 0.00000e+00 0.00000e+00 1.20198e-04
2.83960e+01 -7.82329e-13 1.02606e-13 2.51625e-05 0.00000e+00 0.00000e+00 1.20105e-04
2.84033e+01 7.78492e-13 -1.02109e-13 2.51430e-05 0.00000e+00 0.00000e+00 1.20012e-04
2.84106e+01 -7.74555e-13 1.01647e-13 2.51236e-05 0.00000e+00 0.00000e+00 1.19919e-04
2.84180e+01 7.70713e-13 -1.01155e-13 2.51041e-05 0.00000e+00 0.00000e+00 1.19827e-04
2.84253e+01 -7.66892e-13 1.00662e-13 2.50847e-05 0.00000e+00 0.00000e+00 1.19734e-04
2.84326e+01 7.63061e-13 -1.00168e-13 2.50654e-05 0.00000e+00 0.00000e+00 1.19642e-04
2.84399e+01 -7.59225e-13 9.96819e-14 2.50460e-05 0.00000e+00 0.00000e+00 1.19549e-04
2.84473e+01 7.55423e-13 -9.91821e-14 2.50267e-05 0.00000e+00 0.00000e+00 1.19457e-04
2.84546e+01 -7.51551e-13 9.87084e-14 2.50073e-05 0.00000e+00 0.00000e+00 1.19365e-04
2.84619e+01 7.47851e-13 -9.81856e-14 2.49880e-05 0.00000e+00 0.00000e+00 1.19273e-04
2.84692e+01 -7.44019e-13 9.76983e-14 2.49688e-05 0.00000e+00 0.00000e+00 1.19180e-04
2.84766e+01 7.40119e-13 -9.72321e-14 2.49495e-05 0.00000e+00 0.00000e+00 1.19089e-04
2.84839e+01 -7.36352e-13 9.67341e-14 2.49303e-05 0.00000e+00 0.00000e+00 1.18997e-04
2.84912e+01 7.32567e-13 -9.62332e-14 2.49110e-05 0.00000e+00 0.00000e+00 1.18905e-04
2.84985e+01 -7.28773e-13 9.57420e-14 2.48918e-05 0.00000e+00 0.00000e+00 1.18813e-04
2.85059e+01 7.24915e-13 -9.52675e-14 2.48726e-05 0.00000e+00 0.00000e+00 1.18722e-04
2.85132e+01 -7.21163e-13 9.47671e-14 2.48535e-05 0.00000e+00 0.00000e+00 1.18630e-04
2.85205e+01 7.17321e-13 -9.42884e-14 2.48343e-05 0.00000e+00 0.00000e+00 1.18539e-04
2.85278e+01 -7.13597e-13 9.37807e-14 2.48152e-05 0.00000e+00 0.00000e+00 1.18448e-04
2.85352e+01 7.09773e-13 -9.33054e-14 2.47961e-05 0.00000e+00 0.00000e+00 1.18356e-04
2.85425e+01 -7.06059e-13 9.27949e-14 2.47770e-05 0.00000e+00 0.00000e+00 1.18265e-04
2.85498e+01 7.02139e-13 -9.23456e-14 2.47580e-05 0.00000e+00 0.00000e+00 1.18174e-04
2.85571e+01 -6.98426e-13 9.18393e-14 2.47389e-05 0.00000e+00 0.00000e+00 1.18083e-04
2.85645e+01 6.94692e-13 -9.13356e-14 2.47199e-05 0.00000e+00 0.00000e+00 1.17993e-04
2.85718e+01 -6.90923e-13 9.08460e-14 2.47009e-05 0.00000e+00 0.00000e+00 1.17902e-04
2.85791e+01 6.87070e-13 -9.03844e-14 2.46819e-05 0.00000e+00 0.00000e+00 1.17811e-04
2.85864e+01 -6.83356e-13 8.98806e-14 2.46629e-05 0.00000e+00 0.00000e+00 1.17721e-04
2.85938e+01 6.79585e-13 -8.93979e-14 2.46440e-05 0.00000e+00 0.00000e+00 1.17630e-04
2.86011e+01 -6.75786e-13 8.89176e-14 2.46251e-05 0.00000e+00 0.00000e+00 1.17540e-04
2.86084e+01 6.72040e-13 -8.84295e-14 2.46062e-05 0.00000e+00 0.00000e+00 1.17450e-04
2.86157e+01 -6.68245e-13 8.79506e-14 2.45873e-05 0.00000e+00 0.00000e+00 1.17360e-04
2.86230e+01 6.64547e-13 -8.74512e-14 2.45684e-05 0.00000e+00 0.00000e+00 1.17270e-04
2.86304e+01 -6.60757e-13 8.69736e-14 2.45495e-05 0.00000e+00 0.00000e+00 1.17180e-04
2.86377e+01 6.57066e-13 -8.64765e-14 2.45307e-05 0.00000e+00 0.00000e+00 1.17090e-04
2.86450e+01 -6.53218e-13 8.60102e-14 2.45119e-05 0.00000e+00 0.00000e+00 1.17000e-04
2.86523e+01 6.49501e-13 -8.55219e-14 2.44931e-05 0.00000e+00 0.00000e+00 1.16910e-04
2.86597e+01 -6.45709e-13 8.50489e-14 2.44743e-05 0.00000e+00 0.00000e+00 1.16821e-04
2.86670e+01 6.42019e-13 -8.45537e-14 2.44556e-05 0.00000e+00 0.00000e+00 1.16731e-04
2.86743e+01 -6.38347e-13 8.40501e-14 2.44368e-05 0.00000e+00 0.00000e+00 1.16642e-04
2.86816e+01 6.34527e-13 -8.35907e-14 2.44181e-05 0.00000e+00 0.00000e+00 1.16552e-04
2.86890e+01 -6.30859e-13 8.30840e-14 2.43994e-05 0.00000e+00 0.00000e+00 1.16463e-04
2.86963e+01 6.27103e-13 -8.26104e-14 2.43808e-05 0.00000e+00 0.00000e+00 1.16374e-04
2.87036e+01 -6.23407e-13 8.21194e-14 2.43621e-05 0.00000e+00 0.00000e+00 1.16285e-04
2.87109e+01 6.19688e-13 -8.16362e-14 2.43435e-05 0.00000e+00 0.00000e+00 1.16196e-04
2.87183e+01 -6.15968e-13 8.11502e-14 2.43248e-05 0.00000e+00 0.00000e+00 1.16107e-04
2.87256e+01 6.12171e-13 -8.06915e-14 2.43062e-05 0.00000e+00 0.00000e+00 1.16018e-04
2.87329e+01 -6.08390e-13 8.02238e-14 2.42877e-05 0.00000e+00 0.00000e+00 1.15929e-04
2.87402e+01 6.04792e-13 -7.97128e-14 2.42691e-05 0.00000e+00 0.00000e+00 1.15841e-04
2.87476e+01 -6.01092e-13 7.92235e-14 2.42505e-05 0.00000e+00 0.00000e+00 1.15752e-04
2.87549e+01 5.97396e-13 -7.87419e-14 2.42320e-05 0.00000e+00 0.00000e+00 1.15664e-04
2.87622e+01 -5.93672e-13 7.82625e-14 2.42135e-05 0.00000e+00 0.00000e+00 1.15576e-04
2.87695e+01 5.89969e-13 -7.77856e-14 2.41950e-05 0.00000e+00 0.00000e+00 1.15487e-04
2.87769e+01 -5.86287e-13 7.72948e-14 2.41766e-05 0.00000e+00 0.00000e+00 1.15399e-04
2.87842e+01 5.82640e-13 -7.68037e-14 2.41581e-05 0.00000e+00 0.00000e+00 1.15311e-04
2.87915e+01 -5.78879e-13 7.63359e-14 2.41397e-05 0.00000e+00 0.00000e+00 1.15223e-04
2.87988e+01 5.75175e-13 -7.58636e-14 2.41213e-05 0.00000e+00 0.00000e+00 1.15135e-04
2.88062e+01 -5.71430e-13 7.53936e-14 2.41029e-05 0.00000e+00 0.00000e+00 1.15047e-04
2.88135e+01 5.67897e-13 -7.48737e-14 2.40845e-05 0.00000e+00 0.00000e+00 1.14960e-04
2.88208e+01 -5.64178e-13 7.44014e-14 2.40661e-05 0.00000e+00 0.00000e+00 1.14872e-04
2.88281e+01 5.60457e-13 -7.39355e-14 2.40478e-05 0.00000e+00 0.00000e+00 1.14785e-04
2.88354e+01 -5.56736e-13 7.34651e-14 2.40295e-05 0.00000e+00 0.00000e+00 1.14697e-04
2.88428e+01 5.53077e-13 -7.29841e-14 2.40112e-05 0.00000e+00 0.00000e+00 1.14610e-04
2.88501e+01 -5.49421e-13 7.24984e-14 2.39929e-05 0.00000e+00 0.00000e+00 1.14523e-04
2.88574e+01 5.45720e-13 -7.20273e-14 2.39746e-05 0.00000e+00 0.00000e+00 1.14435e-04
2.88647e+01 -5.42072e-13 7.15374e-14 2.39564e-05 0.00000e+00 0.00000e+00 1.14348e-04
2.88721e+01 5.38352e-13 -7.10786e-14 2.39382e-05 0.00000e+00 0.00000e+00 1.14261e-04
2.88794e+01 -5.34797e-13 7.05686e-14 2.39199e-05 0.00000e+00 0.00000e+00 1.14174e-04
2.88867e+01 5.31095e-13 -7.01051e-14 2.39018e-05 0.00000e+00 0.00000e+00 1.14087e-04
2.88940e+01 -5.27360e-13 6.96455e-14 2.38836e-05 0.00000e+00 0.00000e+00 1.14001e-04
2.89014e+01 5.23596e-13 -6.91999e-14 2.38654e-05 0.00000e+00 0.00000e+00 1.13914e-04
2.89087e+01 -5.20091e-13 6.86773e-14 2.38473e-05 0.00000e+00 0.00000e+00 1.13828e-04
2.89160e+01 5.16439e-13 -6.82049e-14 2.38292e-05 0.00000e+00 0.00000e+00 1.13741e-04
2.89233e+01 -5.12761e-13 6.77310e-14 2.38111e-05 0.00000e+00 0.00000e+00 1.13655e-04
2.89307e+01 5.09195e-13 -6.72355e-14 2.37930e-05 0.00000e+00 0.00000e+00 1.13568e-04
2.89380e+01 -5.05493e-13 6.67710e-14 2.37749e-05 0.00000e+00 0.00000e+00 1.13482e-04
2.89453e+01 5.01870e-13 -6.62928e-14 2.37569e-05 0.00000e+00 0.00000e+00 1.13396e-04
2.89526e+01 -4.98251e-13 6.58078e-14 2.37389e-05 0.00000e+00 0.00000e+00 1.13310e-04
2.89600e+01 4.94564e-13 -6.53492e-14 2.37209e-05 0.00000e+00 0.00000e+00 1.13224e-04
2.89673e+01 -4.90925e-13 6.48715e-14 2.37029e-05 0.00000e+00 0.00000e+00 1.13138e-04
2.89746e+01 4.87304e-13 -6.43966e-14 2.36849e-05 0.00000e+00 0.00000e+00 1.13052e-04
2.89819e+01 -4.83891e-13 6.38574e-14 2.36670e-05 0.00000e+00 0.00000e+00 1.12967e-04
2.89893e+01 4.80117e-13 -6.34268e-14 2.36490e-05 0.00000e+00 0.00000e+00 1.12881e-04
2.89966e+01 -4.76456e-13 6.29584e-14 2.36311e-05 0.00000e+00 0.00000e+00 1.12796e-04
2.90039e+01 4.72831e-13 -6.24879e-14 2.36132e-05 0.00000e+00 0.00000e+00 1.12710e-04
2.90112e+01 -4.69193e-13 6.20163e-14 2.35953e-05 0.00000e+00 0.00000e+00 1.12625e-04
2.90186e+01 4.65579e-13 -6.15428e-14 2.35775e-05 0.00000e+00 0.00000e+00 1.12540e-04
2.90259e+01 -4.61975e-13 6.10631e-14 2.35596e-05 0.00000e+00 0.00000e+00 1.12454e-04
2.90332e+01 4.58352e-13 -6.05941e-14 2.35418e-05 0.00000e+00 0.00000e+00 1.12369e-04
2.90405e+01 -4.54725e-13 6.01237e-14 2.35240e-05 0.00000e+00 0.00000e+00 1.12284e-04
2.90479e+01 4.51172e-13 -5.96372e-14 2.35062e-05 0.00000e+00 0.00000e+00 1.12199e-04
2.90552e+01 -4.47530e-13 5.91733e-14 2.34884e-05 0.00000e+00 0.00000e+00 1.12115e-04
2.90625e+01 4.43868e-13 -5.87189e-14 2.34707e-05 0.00000e+00 0.00000e+00 1.12030e-04
2.90698e+01 -4.40318e-13 5.82287e-14 2.34529e-05 0.00000e+00 0.00000e+00 1.11945e-04
2.90771e+01 4.36759e-13 -5.77466e-14 2.34352e-05 0.00000e+00 0.00000e+00 1.11861e-04
2.90845e+01 -4.33038e-13 5.73073e-14 2.34175e-05 0.00000e+00 0.00000e+00 1.11776e-04
2.90918e+01 4.29567e-13 -5.68033e-14 2.33998e-05 0.00000e+00 0.00000e+00 1.11692e-04
2.90991e+01 -4.25964e-13 5.63324e-14 2.33822e-05 0.00000e+00 0.00000e+00 1.11607e-04
2.91064e+01 4.22365e-13 -5.58664e-14 2.33645e-05 0.00000e+00 0.00000e+00 1.11523e-04
2.91138e+01 -4.18819e-13 5.53814e-14 2.33469e-05 0.00000e+00 0.00000e+00 1.11439e-04
2.91211e+01 4.15114e-13 -5.49462e-14 2.33293e-05 0.00000e+00 0.00000e+00 1.11355e-04
2.91284e+01 -4.11562e-13 5.44627e-14 2.33117e-05 0.00000e+00 0.00000e+00 1.11271e-04
2.91357e+01 4.08003e-13 -5.39897e-14 2.32941e-05 0.00000e+00 0.00000e+00 1.11187e-04
2.91431e+01 -4.04449e-13 5.35115e-14 2.32766e-05 0.00000e+00 0.00000e+00 1.11103e-04
2.91504e+01 4.00846e-13 -5.30493e-14 2.32590e-05 0.00000e+00 0.00000e+00 1.11020e-04
2.91577e+01 -3.97273e-13 5.25787e-14 2.32415e-05 0.00000e+00 0.00000e+00 1.10936e-04
2.91650e+01 3.93716e-13 -5.21050e-14 2.32240e-05 0.00000e+00 0.00000e+00 1.10852e-04
2.91724e+01 -3.90133e-13 5.16377e-14 2.32065e-05 0.00000e+00 0.00000e+00 1.10769e-04
2.91797e+01 3.86609e-13 -5.11607e-14 2.31890e-05 0.00000e+00 0.00000e+00 1.10686e-04
2.91870e+01 -3.82988e-13 5.07014e-14 2.31716e-05 0.00000e+00 0.00000e+00 1.10602e-04
2.91943e+01 3.79483e-13 -5.02229e-14 2.31541e-05 0.00000e+00 0.00000e+00 1.10519e-04
2.92017e+01 -3.75928e-13 4.97518e-14 2.31367e-05 0.00000e+00 0.00000e+00 1.10436e-04
2.92090e+01 3.72305e-13 -4.92990e-14 2.31193e-05 0.00000e+00 0.00000e+00 1.10353e-04
2.92163e+01 -3.68813e-13 4.88150e-14 2.31019e-05 0.00000e+00 0.00000e+00 1.10270e-04
2.92236e+01 3.65223e-13 -4.83540e-14 2.30846e-05 0.00000e+00 0.00000e+00 1.10187e-04
2.92310e+01 -3.61643e-13 4.78957e-14 2.30672e-05 0.00000e+00 0.00000e+00 1.10104e-04
2.92383e+01 3.58147e-13 -4.74163e-14 2.30499e-05 0.00000e+00 0.00000e+00 1.10021e-04
2.92456e+01 -3.54591e-13 4.69487e-14 2.30326e-05 0.00000e+00 0.00000e+00 1.09939e-04
2.92529e+01 3.51006e-13 -4.64941e-14 2.30153e-05 0.00000e+00 0.00000e+00 1.09856e-04
2.92603e+01 -3.47476e-13 4.60249e-14 2.29980e-05 0.00000e+00 0.00000e+00 1.09774e-04
2.92676e+01 3.43946e-13 -4.55545e-14 2.29807e-05 0.00000e+00 0.00000e+00 1.09691e-04
2.92749e+01 -3.40423e-13 4.50840e-14 2.29635e-05 0.00000e+00 0.00000e+00 1.09609e-04
2.92822e+01 3.36904e-13 -4.46125e-14 2.29463e-05 0.00000e+00 0.00000e+00 1.09527e-04
2.92896e+01 -3.33364e-13 4.41486e-14 2.29291e-05 0.00000e+00 0.00000e+00 1.09445e-04
2.92969e+01 3.29810e-13 -4.36885e-14 2.29119e-05 0.00000e+00 0.00000e+00 1.09363e-04
2.93042e+01 -3.26245e-13 4.32315e-14 2.28947e-05 0.00000e+00 0.00000e+00 1.09281e-04
2.93115e+01 3.22802e-13 -4.27473e-14 2.28775e-05 0.00000e+00 0.00000e+00 1.09199e-04
2.93188e+01 -3.19194e-13 4.23011e-14 2.28604e-05 0.00000e+00 0.00000e+00 1.09117e-04
2.93262e+01 3.15713e-13 -4.18264e-14 2.28433e-05 0.00000e+00 0.00000e+00 1.09035e-04
2.93335e+01 -3.12148e-13 4.13695e-14 2.28262e-05 0.00000e+00 0.00000e+00 1.08954e-04
2.93408e+01 3.08666e-13 -4.08993e-14 2.28091e-05 0.00000e+00 0.00000e+00 1.08872e-04
2.93481e+01 -3.05142e-13 4.04401e-14 2.27920e-05 0.00000e+00 0.00000e+00 1.08790e-04
2.93555e+01 3.01592e-13 -3.99812e-14 2.27749e-05 0.00000e+00 0.00000e+00 1.08709e-04
2.93628e+01 -2.98149e-13 3.95014e-14 2.27579e-05 0.00000e+00 0.00000e+00 1.08628e-04
2.93701e+01 2.94611e-13 -3.90437e-14 2.27409e-05 0.00000e+00 0.00000e+00 1.08546e-04
2.93774e+01 -2.91120e-13 3.85765e-14 2.27239e-05 0.00000e+00 0.00000e+00 1.08465e-04
2.93848e+01 2.87598e-13 -3.81178e-14 2.27069e-05 0.00000e+00 0.00000e+00 1.08384e-04
2.93921e+01 -2.84080e-13 3.76604e-14 2.26899e-05 0.00000e+00 0.00000e+00 1.08303e-04
2.93994e+01 2.80615e-13 -3.71864e-14 2.26730e-05 0.00000e+00 0.00000e+00 1.08222e-04
2.94067e+01 -2.77147e-13 3.67134e-14 2.26560e-05 0.00000e+00 0.00000e+00 1.08141e-04
2.94141e+01 2.73584e-13 -3.62727e-14 2.26391e-05 0.00000e+00 0.00000e+00 1.08061e-04
2.94214e+01 -2.70108e-13 3.58010e-14 2.26222e-05 0.00000e+00 0.00000e+00 1.07980e-04
2.94287e+01 2.66635e-13 -3.53377e-14 2.26053e-05 0.00000e+00 0.00000e+00 1.07899e-04
2.94360e+01 -2.63124e-13 3.48779e-14 2.25885e-05 0.00000e+00 0.00000e+00 1.07819e-04
2.94434e+01 2.59619e-13 -3.44226e-14 2.25716e-05 0.00000e+00 0.00000e+00 1.07738e-04
2.94507e+01 -2.56109e-13 3.39666e-14 2.25548e-05 0.00000e+00 0.00000e+00 1.07658e-04
2.94580e+01 2.52671e-13 -3.34941e-14 2.25379e-05 0.00000e+00 0.00000e+00 1.07578e-04
2.94653e+01 -2.49216e-13 3.30236e-14 2.25211e-05 0.00000e+00 0.00000e+00 1.07498e-04
2.94727e+01 2.45693e-13 -3.25773e-14 2.25044e-05 0.00000e+00 0.00000e+00 1.07417e-04
2.94800e+01 -2.42244e-13 3.21049e-14 2.24876e-05 0.00000e+00 0.00000e+00 1.07337e-04
2.94873e+01 2.38739e-13 -3.16537e-14 2.24708e-05 0.00000e+00 0.00000e+00 1.07257e-04
2.94946e+01 -2.35247e-13 3.11990e-14 2.24541e-05 0.00000e+00 0.00000e+00 1.07178e-04
2.95020e+01 2.31747e-13 -3.07494e-14 2.24374e-05 0.00000e+00 0.00000e+00 1.07098e-04
2.95093e+01 -2.28286e-13 3.02834e-14 2.24207e-05 0.00000e+00 0.00000e+00 1.07018e-04
2.95166e+01 2.24876e-13 -2.98150e-14 2.24040e-05 0.00000e+00 0.00000e+00 1.06938e-04
2.95239e+01 -2.21368e-13 2.93589e-14 2.23873e-05 0.00000e+00 0.00000e+00 1.06859e-04
2.95312e+01 2.17951e-13 -2.88905e-14 2.23707e-05 0.00000e+00 0.00000e+00 1.06779e-04
2.95386e+01 -2.14454e-13 2.84382e-14 2.23540e-05 0.00000e+00 0.00000e+00 1.06700e-04
2.95459e+01 2.11044e-13 -2.79698e-14 2.23374e-05 0.00000e+00 0.00000e+00 1.06621e-04
2.95532e+01 -2.07563e-13 2.75155e-14 2.23208e-05 0.00000e+00 0.00000e+00 1.06541e-04
2.95605e+01 2.04029e-13 -2.70816e-14 2.23042e-05 0.00000e+00 0.00000e+00 1.06462e-04
2.95679e+01 -2.00564e-13 2.66240e-14 2.22876e-05 0.00000e+00 0.00000e+00 1.06383e-04
2.95752e+01 1.97199e-13 -2.61454e-14 2.22711e-05 0.00000e+00 0.00000e+00 1.06304e-04
2.95825e+01 -1.93759e-13 2.56803e-14 2.22546e-05 0.00000e+00 0.00000e+00 1.06225e-04
2.95898e+01 1.90278e-13 -2.52360e-14 2.22380e-05 0.00000e+00 0.00000e+00 1.06146e-04
2.95972e+01 -1.86828e-13 2.47764e-14 2.22215e-05 0.00000e+00 0.00000e+00 1.06067e-04
2.96045e+01 1.83367e-13 -2.43275e-14 2.22050e-05 0.00000e+00 0.00000e+00 1.05989e-04
2.96118e+01 -1.79967e-13 2.38561e-14 2.21886e-05 0.00000e+00 0.00000e+00 1.05910e-04
2.96191e+01 1.76490e-13 -2.34125e-14 2.21721e-05 0.00000e+00 0.00000e+00 1.05832e-04
2.96265e+01 -1.72971e-13 2.29756e-14 2.21557e-05 0.00000e+00 0.00000e+00 1.05753e-04
2.96338e+01 1.69589e-13 -2.25073e-14 2.21392e-05 0.00000e+00 0.00000e+00 1.05675e-04
2.96411e+01 -1.66196e-13 2.20354e-14 2.21228e-05 0.00000e+00 0.00000e+00 1.05596e-04
2.96484e+01 1.62829e-13 -2.15661e-14 2.21064e-05 0.00000e+00 0.00000e+00 1.05518e-04
2.96558e+01 -1.59295e-13 2.11359e-14 2.20901e-05 0.00000e+00 0.00000e+00 1.05440e-04
2.96631e+01 1.55918e-13 -2.06695e-14 2.20737e-05 0.00000e+00 0.00000e+00 1.05362e-04
2.96704e+01 -1.52437e-13 2.02264e-14 2.20574e-05 0.00000e+00 0.00000e+00 1.05284e-04
2.96777e+01 1.48990e-13 -1.97810e-14 2.20410e-05 0.00000e+00 0.00000e+00 1.05206e-04
2.96851e+01 -1.45537e-13 1.93311e-14 2.20247e-05 0.00000e+00 0.00000e+00 1.05128e-04
2.96924e+01 1.42182e-13 -1.88613e-14 2.20084e-05 0.00000e+00 0.00000e+00 1.05050e-04
2.96997e+01 -1.38733e-13 1.84123e-14 2.19922e-05 0.00000e+00 0.00000e+00 1.04973e-04
2.97070e+01 1.35346e-13 -1.79531e-14 2.19759e-05 0.00000e+00 0.00000e+00 1.04895e-04
2.97144e+01 -1.31908e-13 1.75028e-14 2.19597e-05 0.00000e+00 0.00000e+00 1.04817e-04
2.97217e+01 1.28579e-13 -1.70288e-14 2.19434e-05 0.00000e+00 0.00000e+00 1.04740e-04
2.97290e+01 -1.24925e-13 1.66397e-14 2.19272e-05 0.00000e+00 0.00000e+00 1.04663e-04
2.97363e+01 1.21638e-13 -1.61542e-14 2.19110e-05 0.00000e+00 0.00000e+00 1.04585e-04
2.97437e+01 -1.18261e-13 1.56907e-14 2.18948e-05 0.00000e+00 0.00000e+00 1.04508e-04
2.97510e+01 1.14839e-13 -1.52445e-14 2.18787e-05 0.00000e+00 0.00000e+00 1.04431e-04
2.97583e+01 -1.11455e-13 1.47843e-14 2.18625e-05 0.00000e+00 0.00000e+00 1.04354e-04
2.97656e+01 1.08046e-13 -1.43362e-14 2.18464e-05 0.00000e+00 0.00000e+00 1.04277e-04
2.97729e+01 -1.04623e-13 1.38873e-14 2.18303e-05 0.00000e+00 0.00000e+00 1.04200e-04
2.97803e+01 1.01202e-13 -1.34452e-14 2.18142e-05 0.00000e+00 0.00000e+00 1.04123e-04
2.97876e+01 -9.78302e-14 1.29821e-14 2.17981e-05 0.00000e+00 0.00000e+00 1.04046e-04
2.97949e+01 9.43626e-14 -1.25554e-14 2.17820e-05 0.00000e+00 0.00000e+00 1.03969e-04
2.98022e+01 -9.09972e-14 1.20915e-14 2.17659e-05 0.00000e+00 0.00000e+00 1.03893e-04
2.98096e+01 8.76796e-14 -1.16243e-14 2.17499e-05 0.00000e+00 0.00000e+00 1.03816e-04
2.98169e+01 -8.42871e-14 1.11693e-14 2.17339e-05 0.00000e+00 0.00000e+00 1.03740e-04
2.98242e+01 8.09052e-14 -1.07214e-14 2.17179e-05 0.00000e+00 0.00000e+00 1.03663e-04
2.98315e+01 -7.74089e-14 1.02987e-14 2.17019e-05 0.00000e+00 0.00000e+00 1.03587e-04
2.98389e+01 7.40158e-14 -9.85392e-15 2.16859e-05 0.00000e+00 0.00000e+00 1.03511e-04
2.98462e+01 -7.06517e-14 9.39787e-15 2.16699e-05 0.00000e+00 0.00000e+00 1.03435e-04
2.98535e+01 6.72892e-14 -8.94094e-15 2.16540e-05 0.00000e+00 0.00000e+00 1.03359e-04
2.98608e+01 -6.39253e-14 8.48686e-15 2.16381e-05 0.00000e+00 0.00000e+00 1.03282e-04
2.98682e+01 6.06475e-14 -8.01341e-15 2.16221e-05 0.00000e+00 0.00000e+00 1.03207e-04
2.98755e+01 -5.72346e-14 7.57064e-15 2.16062e-05 0.00000e+00 0.00000e+00 1.03131e-04
2.98828e+01 5.37580e-14 -7.15343e-15 2.15904e-05 0.00000e+00 0.00000e+00 1.03055e-04
2.98901e+01 -5.04090e-14 6.69502e-15 2.15745e-05 0.00000e+00 0.00000e+00 1.02979e-04
2.98975e+01 4.70290e-14 -6.25245e-15 2.15586e-05 0.00000e+00 0.00000e+00 1.02903e-04
2.99048e+01 -4.36591e-14 5.80247e-15 2.15428e-05 0.00000e+00 0.00000e+00 1.02828e-04
2.99121e+01 4.02749e-14 -5.36143e-15 2.15270e-05 0.00000e+00 0.00000e+00 1.02752e-04
2.99194e+01 -3.68418e-14 4.92927e-15 2.15112e-05 0.00000e+00 0.00000e+00 1.02677e-04
2.99268e+01 3.35730e-14 -4.45782e-15 2.14954e-05 0.00000e+00 0.00000e+00 1.02601e-04
2.99341e+01 -3.02406e-14 4.00115e-15 2.14796e-05 0.00000e+00 0.00000e+00 1.02526e-04
2.99414e+01 2.68163e-14 -3.57142e-15 2.14639e-05 0.00000e+00 0.00000e+00 1.02451e-04
2.99487e+01 -2.34686e-14 3.12168e-15 2.14481e-05 0.00000e+00 0.00000e+00 1.02376e-04
2.99561e+01 2.00273e-14 -2.69762e-15 2.14324e-05 0.00000e+00 0.00000e+00 1.02301e-04
2.99634e+01 -1.67992e-14 2.21668e-15 2.14167e-05 0.00000e+00 0.00000e+00 1.02226e-04
2.99707e+01 1.33789e-14 -1.78969e-15 2.14010e-05 0.00000e+00 0.00000e+00 1.02151e-04
2.99780e+01 -1.00401e-14 1.33903e-15 2.13853e-05 0.00000e+00 0.00000e+00 1.02076e-04
2.99854e+01 6.69004e-15 -8.91910e-16 2.13696e-05 0.00000e+00 0.00000e+00 1.02001e-04
2.99927e+01 -3.38394e-15 4.35713e-16 2.13540e-05 0.00000e+00 0.00000e+00 1.01926e-04
3.00000e+01 7.29444e-17 1.84475e-17 2.13383e-05 0.00000e+00 0.00000e+00 1.01852e-04
