0.00000000000000000	0.00000000000000000
0.03906250000000000	97.42709380122366269
0.07812500000000000	91.71814894549754626
0.11718750000000000	86.92342056409449924
0.15625000000000000	81.98504340285103353
0.19531250000000000	77.24401495944167095
0.23437500000000000	72.48465432203951764
0.27343750000000000	67.84987887060610490
0.31250000000000000	63.24866528296171708
0.35156250000000000	58.76287563900465472
0.39062500000000000	54.34444201477579384
0.42968750000000000	50.04865637896228492
0.46875000000000000	45.84743604937884953
0.50781250000000000	41.78218147397407023
0.54687500000000000	37.83573679946351120
0.58593750000000000	34.04134874524087451
0.62500000000000000	30.38849273114998795
0.66406250000000000	26.90523011089775451
0.70312500000000000	23.58535786738300644
0.74218750000000000	20.45345208447748675
0.78125000000000000	17.50626814357484307
0.82031250000000000	14.76592373727793550
0.85937500000000000	12.23128846715549756
0.89843750000000000	9.92269577436237249
0.93750000000000000	7.84058292500852172
0.97656250000000000	6.00390966367924772
1.01562500000000000	4.41446775151816784
1.05468750000000000	3.08826041550207320
1.09375000000000000	2.00931156980755654
1.13281250000000000	1.16430528712051462
1.17187500000000000	0.51926627188017216
1.21093750000000000	0.05131039836288408
1.25000000000000000	-0.27567689936722173
1.28906250000000000	-0.48315884337109299
1.32812500000000000	-0.60240955340186386
1.36718750000000000	-0.64908218754294944
1.40625000000000000	-0.64756427307676745
1.44531250000000000	-0.60687693407402388
1.48437500000000000	-0.54496599872759188
1.52343750000000000	-0.46502652578236447
1.56250000000000000	-0.38003416790055883
1.60156250000000000	-0.28867642746995592
1.64062500000000000	-0.20067809772140799
1.67968750000000000	-0.11142712456469687
1.71875000000000000	-0.02902618139552075
1.75781250000000000	0.05365757114650060
1.79687500000000000	0.12860536064484188
1.83593750000000000	0.20541809845312395
1.87500000000000000	0.27429108269635299
1.91406250000000000	0.34879747913597736
1.95312500000000000	0.41298990036263150
1.99218750000000000	0.49406196641253425
2.03125000000000000	0.49614335070602028
2.07031250000000000	0.37155207870392176
2.10937500000000000	0.20815808299269106
2.14843750000000000	0.03355137157302994
2.18750000000000000	-0.11595513404701539
2.22656250000000000	-0.23318944011777407
2.26562500000000000	-0.30713068970932983
2.30468750000000000	-0.34309390872705448
2.34375000000000000	-0.34206163499184750
2.38281250000000000	-0.31406738653935495
2.42187500000000000	-0.26409754616099701
2.46093750000000000	-0.20206955238680588
2.50000000000000000	-0.13277838947229728
2.53906250000000000	-0.06382039050730141
2.57812500000000000	0.00183777731400145
2.61718750000000000	0.05937538212626907
2.65625000000000000	0.10781222503127998
2.69531250000000000	0.14463985301324292
2.73437500000000000	0.17034711838628619
2.77343750000000000	0.18395499357290937
2.81250000000000000	0.18673584459061321
2.85156250000000000	0.17848723368275282
2.89062500000000000	0.16067877373694345
2.92968750000000000	0.13331394671117158
2.96875000000000000	0.09767711389358642
3.00781250000000000	0.05357593350336060
3.04687500000000000	0.00245092070130467
3.08593750000000000	-0.05106536697404747
3.12500000000000000	-0.09966961525280373
3.16406250000000000	-0.13782919499199611
3.20312500000000000	-0.16110797705824348
3.24218750000000000	-0.16823330193111344
3.28125000000000000	-0.15935470679104929
3.32031250000000000	-0.13706285839278168
3.35937500000000000	-0.10442941157393776
3.39843750000000000	-0.06572056638067368
3.43750000000000000	-0.02466731720137830
3.47656250000000000	0.01478764807045902
3.51562500000000000	0.04984739453965032
3.55468750000000000	0.07799629559978535
3.59375000000000000	0.09801770442719551
3.63281250000000000	0.10905196965850783
3.67187500000000000	0.11137408968777981
3.71093750000000000	0.10545110322354993
3.75000000000000000	0.09258090002653674
3.78906250000000000	0.07401409756032810
3.82812500000000000	0.05152822137346699
3.86718750000000000	0.02665049696019349
3.90625000000000000	0.00120836728044684
3.94531250000000000	-0.02333822020852623
3.98437500000000000	-0.04535504768727735
4.02343750000000000	-0.06360254313214506
4.06250000000000000	-0.07670533166419728
4.10156250000000000	-0.08374898588484482
4.14062500000000000	-0.08401217865484872
4.17968750000000000	-0.07758723276852258
4.21875000000000000	-0.06500282688405198
4.25781250000000000	-0.04758585796199243
4.29687500000000000	-0.02691341482184366
4.33593750000000000	-0.00499561326789293
4.37500000000000000	0.01631051495551753
4.41406250000000000	0.03514722206293033
4.45312500000000000	0.05015611768530501
4.49218750000000000	0.06025883219249834
4.53125000000000000	0.06502097009152290
4.57031250000000000	0.06434819343116030
4.60937500000000000	0.05872867568400750
4.64843750000000000	0.04887524379343987
4.68750000000000000	0.03589470486658701
4.72656250000000000	0.02092164938940278
4.76562500000000000	0.00526278166584986
4.80468750000000000	-0.00993771715748524
4.84375000000000000	-0.02354661815780077
4.88281250000000000	-0.03472462377314976
4.92187500000000000	-0.04275379785100104
4.96093750000000000	-0.04726759876289553
5.00000000000000000	-0.04805925858707583
5.03906250000000000	-0.04526945959710605
5.07812500000000000	-0.03918688021348789
5.11718750000000000	-0.03040706867120953
5.15625000000000000	-0.01962688140992271
5.19531250000000000	-0.00776345946730531
5.23437500000000000	0.00427302524546161
5.27343750000000000	0.01549960244991571
5.31250000000000000	0.02509227134565771
5.35156250000000000	0.03231278403878638
5.39062500000000000	0.03670895443202628
5.42968750000000000	0.03801278328315661
5.46875000000000000	0.03628502080555146
5.50781250000000000	0.03177160903762243
5.54687500000000000	0.02499269860129638
5.58593750000000000	0.01656814226618737
5.62500000000000000	0.00727196605098886
5.66406250000000000	-0.00214926002873893
5.70312500000000000	-0.01092959637002213
5.74218750000000000	-0.01844796109108368
5.78125000000000000	-0.02416798763024649
5.82031250000000000	-0.02776950678007272
5.85937500000000000	-0.02906497853369545
5.89843750000000000	-0.02809542329845446
5.93750000000000000	-0.02502450793026484
5.97656250000000000	-0.02020524652140311
6.01562500000000000	-0.01405999670633306
6.05468750000000000	-0.00712886606241845
6.09375000000000000	0.00005373963914938
6.13281250000000000	0.00691839748616922
6.17187500000000000	0.01297851350298084
6.21093750000000000	0.01778851629923135
6.25000000000000000	0.02104802808017129
6.28906250000000000	0.02254995977694511
6.32812500000000000	0.02226278557351189
6.36718750000000000	0.02026143023208960
6.40625000000000000	0.01678364399616077
6.44531250000000000	0.01214271679429746
6.48437500000000000	0.00676183269386067
6.52343750000000000	0.00107609571146964
6.56250000000000000	-0.00444421570641163
6.60156250000000000	-0.00938980793723476
6.64062500000000000	-0.01338702694623885
6.67968750000000000	-0.01617996916187764
6.71875000000000000	-0.01759261056302700
6.75781250000000000	-0.01759011082385192
6.79687500000000000	-0.01622445188664222
6.83593750000000000	-0.01367476236258427
6.87500000000000000	-0.01017936338164033
6.91406250000000000	-0.00606077845418857
6.95312500000000000	-0.00165157690236719
6.99218750000000000	0.00268719238123755
7.03125000000000000	0.00663781485482089
7.07031250000000000	0.00990542953573513
7.10937500000000000	0.01228036675202559
7.14843750000000000	0.01360948953325269
7.18750000000000000	0.01384487601945458
7.22656250000000000	0.01300428411502787
7.26562500000000000	0.01120516594803552
7.30468750000000000	0.00861501098145558
7.34375000000000000	0.00547301663668331
7.38281250000000000	0.00203388943486718
7.42187500000000000	-0.00141759339223048
7.46093750000000000	-0.00462335922205069
7.50000000000000000	-0.00733807350350678
7.53906250000000000	-0.00937979455412589
7.57812500000000000	-0.01061037435768515
7.61718750000000000	-0.01097518872691137
7.65625000000000000	-0.01047416652606935
7.69531250000000000	-0.00918884684530517
7.73437500000000000	-0.00724404650967621
7.77343750000000000	-0.00482428869377910
7.81250000000000000	-0.00212961087096565
7.85156250000000000	0.00061399171066465
7.89062500000000000	0.00319932180253324
7.92968750000000000	0.00542761945406209
7.96875000000000000	0.00714846361808360
8.00781250000000000	0.00824477293053961
8.04687500000000000	0.00866429820388466
8.08593750000000000	0.00839728903286785
8.12500000000000000	0.00749834619495888
8.16406250000000000	0.00605704586001664
8.20312500000000000	0.00421166247670980
8.24218750000000000	0.00211499031374545
8.28125000000000000	-0.00005663637096750
8.32031250000000000	-0.00213861511817801
8.35937500000000000	-0.00396966492098505
8.39843750000000000	-0.00542405047289955
8.43750000000000000	-0.00640024640108804
8.47656250000000000	-0.00684691874960087
8.51562500000000000	-0.00674617583930952
8.55468750000000000	-0.00613205944254691
8.59375000000000000	-0.00506787173387525
8.63281250000000000	-0.00365785489876334
8.67187500000000000	-0.00202023218582928
8.71093750000000000	-0.00029449927971977
8.75000000000000000	0.00138685387535965
8.78906250000000000	0.00289194917456174
8.82812500000000000	0.00411574964392965
8.86718750000000000	0.00497132519331083
8.90625000000000000	0.00541133553187117
8.94531250000000000	0.00541485951652850
8.98437500000000000	0.00500285096535708
9.02343750000000000	0.00422016726877512
9.06250000000000000	0.00314549483610490
9.10156250000000000	0.00186984405330890
9.14062500000000000	0.00050284076666813
9.17968750000000000	-0.00085000111761847
9.21875000000000000	-0.00208192785160599
9.25781250000000000	-0.00310617850439859
9.29687500000000000	-0.00384911330320601
9.33593750000000000	-0.00426778946104104
9.37500000000000000	-0.00433986992504571
9.41406250000000000	-0.00407639872428879
9.45312500000000000	-0.00350807251395008
9.49218750000000000	-0.00269331133346190
9.53125000000000000	-0.00170184837172687
9.57031250000000000	-0.00061955256145320
9.60937500000000000	0.00046928593865938
9.64843750000000000	0.00147798545846540
9.68750000000000000	0.00233457498628892
9.72656250000000000	0.00297645098915303
9.76562500000000000	0.00336507186634234
9.80468750000000000	0.00347798260120562
9.84375000000000000	0.00331962556032188
9.88281250000000000	0.00291048797408899
9.92187500000000000	0.00229420525680792
9.96093750000000000	0.00152411760892243
10.00000000000000000	0.00066779252404704
10.03906250000000000	-0.00020761212027639
10.07812500000000000	-0.00103176543716559
10.11718750000000000	-0.00174529367173931
10.15625000000000000	-0.00229548631086236
10.19531250000000000	-0.00264841526708204
10.23437500000000000	-0.00278255408949901
10.27343750000000000	-0.00269812433792721
10.31250000000000000	-0.00240813808903820
10.35156250000000000	-0.00194487630487154
10.39062500000000000	-0.00134881781875032
10.42968750000000000	-0.00067285567727085
10.46875000000000000	0.00002963695656679
10.50781250000000000	0.00070184075334982
10.54687500000000000	0.00129483325319523
10.58593750000000000	0.00176437870017385
10.62500000000000000	0.00208066454468743
10.66406250000000000	0.00222365728572316
10.70312500000000000	0.00219060954186293
10.74218750000000000	0.00198925189626908
10.78125000000000000	0.00164313642561999
10.82031250000000000	0.00118297026719036
10.85937500000000000	0.00065004738516154
10.89843750000000000	0.00008679507541261
10.93750000000000000	-0.00046082260550633
10.97656250000000000	-0.00095258868132734
11.01562500000000000	-0.00135140800444958
11.05468750000000000	-0.00163145547824306
11.09375000000000000	-0.00177438761494255
11.13281250000000000	-0.00177574514114928
11.17187500000000000	-0.00163956585404477
11.21093750000000000	-0.00138287379831509
11.25000000000000000	-0.00102881712458952
11.28906250000000000	-0.00060960299389833
11.32812500000000000	-0.00015883009176438
11.36718750000000000	0.00028640044107902
11.40625000000000000	0.00069314748842593
11.44531250000000000	0.00103042872920383
11.48437500000000000	0.00127601734515211
11.52343750000000000	0.00141339650452725
11.56250000000000000	0.00143716325154588
11.60156250000000000	0.00134876951131408
11.64062500000000000	0.00116030640663518
11.67968750000000000	0.00088908200539077
11.71875000000000000	0.00056012212687796
11.75781250000000000	0.00019998979222714
11.79687500000000000	-0.00016143655958707
11.83593750000000000	-0.00049719402330919
11.87500000000000000	-0.00078147006262366
11.91406250000000000	-0.00099520523231101
11.95312500000000000	-0.00112372594729325
11.99218750000000000	-0.00116118683404382
12.03125000000000000	-0.00110733145104672
12.07031250000000000	-0.00097056662480567
12.10937500000000000	-0.00076375233017292
12.14843750000000000	-0.00050626513162230
12.18750000000000000	-0.00021906368377714
12.22656250000000000	0.00007381217620563
12.26562500000000000	0.00035033940845452
12.30468750000000000	0.00058910044044898
12.34375000000000000	0.00077384008510534
12.38281250000000000	0.00089163126700700
12.42187500000000000	0.00093662709244730
12.46093750000000000	0.00090740177987612
12.50000000000000000	0.00080968117901868
12.53906250000000000	0.00065289102176674
12.57812500000000000	0.00045199140500208
12.61718750000000000	0.00022346286985996
12.65625000000000000	-0.00001339688457612
12.69531250000000000	-0.00024067826193073
12.73437500000000000	-0.00044058035361920
12.77343750000000000	-0.00059935936078588
12.81250000000000000	-0.00070569165222617
12.85156250000000000	-0.00075396484152348
12.89062500000000000	-0.00074199922355147
12.92968750000000000	-0.00067360326092947
12.96875000000000000	-0.00055551527454227
13.00781250000000000	-0.00039932435861930
13.04687500000000000	-0.00021785617054505
13.08593750000000000	-0.00002667796048334
13.12500000000000000	0.00015974796363941
13.16406250000000000	0.00032662186490320
13.20312500000000000	0.00046240784001931
13.24218750000000000	0.00055720405938705
13.28125000000000000	0.00060581704690413
13.32031250000000000	0.00060563433973229
13.35937500000000000	0.00055906089599951
13.39843750000000000	0.00047084898777590
13.43750000000000000	0.00034988754789661
13.47656250000000000	0.00020617401459953
13.51562500000000000	0.00005216999390350
13.55468750000000000	-0.00010041201005801
13.59375000000000000	-0.00023933660164833
13.63281250000000000	-0.00035491855083644
13.67187500000000000	-0.00043860803743617
13.71093750000000000	-0.00048563540900093
13.75000000000000000	-0.00049324181004774
13.78906250000000000	-0.00046278357910749
13.82812500000000000	-0.00039753637393281
13.86718750000000000	-0.00030428213388223
13.90625000000000000	-0.00019078797026855
13.94531250000000000	-0.00006699515986238
13.98437500000000000	0.00005761415664849
14.02343750000000000	0.00017297553118061
14.06250000000000000	0.00027096755505407
14.10156250000000000	0.00034424153325268
14.14062500000000000	0.00038849347594267
14.17968750000000000	0.00040095578688571
14.21875000000000000	0.00038225124765833
14.25781250000000000	0.00033457164673376
14.29687500000000000	0.00026305026419865
14.33593750000000000	0.00017367894409492
14.37500000000000000	0.00007441315878766
14.41406250000000000	-0.00002715291864833
14.45312500000000000	-0.00012268723347638
14.49218750000000000	-0.00020546440348782
14.53125000000000000	-0.00026915341456537
14.57031250000000000	-0.00030995995958711
14.60937500000000000	-0.00032516551498993
14.64843750000000000	-0.00031496234463911
14.68750000000000000	-0.00028062581541927
14.72656250000000000	-0.00022612971988590
14.76562500000000000	-0.00015597633658098
14.80468750000000000	-0.00007658622582261
14.84375000000000000	0.00000602070641665
14.88281250000000000	0.00008493235664782
14.92187500000000000	0.00015462469266157
14.96093750000000000	0.00020963201297590
15.00000000000000000	0.00024668438744207
15.03906250000000000	0.00026315072559754
15.07812500000000000	0.00025894227998490
15.11718750000000000	0.00023470532737279
15.15625000000000000	0.00019347537402226
15.19531250000000000	0.00013861538819124
15.23437500000000000	0.00007528180979848
15.27343750000000000	0.00000823484447936
15.31250000000000000	-0.00005678002294887
15.35156250000000000	-0.00011527962717238
15.39062500000000000	-0.00016253558787639
15.42968750000000000	-0.00019575480204781
15.46875000000000000	-0.00021246209607807
15.50781250000000000	-0.00021239378372586
15.54687500000000000	-0.00019573661612927
15.58593750000000000	-0.00016480354880197
15.62500000000000000	-0.00012207666124001
15.66406250000000000	-0.00007170143927814
15.70312500000000000	-0.00001742056668810
15.74218750000000000	0.00003603588714083
15.78125000000000000	0.00008496512306132
15.82031250000000000	0.00012537958473920
15.85937500000000000	0.00015484793780475
15.89843750000000000	0.00017112656922741
15.93750000000000000	0.00017379662777118
15.97656250000000000	0.00016279331563550
16.01562500000000000	0.00013980992647190
16.05468750000000000	0.00010670894870120
16.09375000000000000	0.00006674512372355
16.13281250000000000	0.00002291281057733
16.17187500000000000	-0.00002093274500547
16.21093750000000000	-0.00006174302399433
16.25000000000000000	-0.00009615904564358
16.28906250000000000	-0.00012207122786292
16.32812500000000000	-0.00013748075263567
16.36718750000000000	-0.00014188367840420
16.40625000000000000	-0.00013503861895844
16.44531250000000000	-0.00011817433935076
16.48437500000000000	-0.00009265886776320
16.52343750000000000	-0.00006106113102757
16.56250000000000000	-0.00002575558816194
16.60156250000000000	0.00001012996051139
16.64062500000000000	0.00004407217137267
16.67968750000000000	0.00007326622252559
16.71875000000000000	0.00009589089617044
16.75781250000000000	0.00011017545883942
16.79687500000000000	0.00011557595312453
16.83593750000000000	0.00011175226116181
16.87500000000000000	0.00009956567609881
16.91406250000000000	0.00008002473365460
16.95312500000000000	0.00005512476217328
16.99218750000000000	0.00002677173928450
17.03125000000000000	-0.00000253027144342
17.07031250000000000	-0.00003067678914853
17.10937500000000000	-0.00005535682612953
17.14843750000000000	-0.00007497323892389
17.18750000000000000	-0.00008800924862815
17.22656250000000000	-0.00009387890056683
17.26562500000000000	-0.00009221244419124
17.30468750000000000	-0.00008358047376401
17.34375000000000000	-0.00006872248725796
17.38281250000000000	-0.00004918491482726
17.42187500000000000	-0.00002647002734049
17.46093750000000000	-0.00000260564002705
17.50000000000000000	0.00002068170539226
17.53906250000000000	0.00004146873479594
17.57812500000000000	0.00005838302641838
17.61718750000000000	0.00007012458910831
17.65625000000000000	0.00007610691084378
17.69531250000000000	0.00007593520547633
17.73437500000000000	0.00006998325465547
17.77343750000000000	0.00005878605753612
17.81250000000000000	0.00004351668455774
17.85156250000000000	0.00002537630137817
17.89062500000000000	0.00000599022916126
17.92968750000000000	-0.00001322614048491
17.96875000000000000	-0.00003067515014159
18.00781250000000000	-0.00004519461865488
18.04687500000000000	-0.00005565234270198
18.08593750000000000	-0.00006149834633060
18.12500000000000000	-0.00006233950428364
18.16406250000000000	-0.00005839417679820
18.20312500000000000	-0.00005003095164888
18.24218750000000000	-0.00003816640561878
18.28125000000000000	-0.00002371578816152
18.32031250000000000	-0.00000801606685973
18.35937500000000000	0.00000781012990368
18.39843750000000000	0.00002240108818353
18.43750000000000000	0.00003481643619162
18.47656250000000000	0.00004403844888380
18.51562500000000000	0.00004960822446381
18.55468750000000000	0.00005108060039661
18.59375000000000000	0.00004863397612086
18.63281250000000000	0.00004245332600836
18.67187500000000000	0.00003329012607563
18.71093750000000000	0.00002181381680987
18.75000000000000000	0.00000913295823740
18.78906250000000000	-0.00000387104309784
18.82812500000000000	-0.00001604250789272
18.86718750000000000	-0.00002661521769533
18.90625000000000000	-0.00003469072410406
18.94531250000000000	-0.00003987256903381
18.98437500000000000	-0.00004172686669397
19.02343750000000000	-0.00004036102061727
19.06250000000000000	-0.00003586230195945
19.10156250000000000	-0.00002883166561240
19.14062500000000000	-0.00001975656783036
19.17968750000000000	-0.00000954835471333
19.21875000000000000	0.00000111435443550
19.25781250000000000	0.00001122640658062
19.29687500000000000	0.00002020096974964
19.33593750000000000	0.00002721284818951
19.37500000000000000	0.00003196842088438
19.41406250000000000	0.00003400473740362
19.45312500000000000	0.00003342353278808
19.49218750000000000	0.00003020260701187
19.53125000000000000	0.00002485935014744
19.57031250000000000	0.00001770380980534
19.60937500000000000	0.00000950246816941
19.64843750000000000	0.00000079899513886
19.68750000000000000	-0.00000759961460136
19.72656250000000000	-0.00001516875100346
19.76562500000000000	-0.00002125691907488
19.80468750000000000	-0.00002552769530852
19.84375000000000000	-0.00002763897417764
19.88281250000000000	-0.00002758162502057
19.92187500000000000	-0.00002536085131352
19.96093750000000000	-0.00002130769986750
20.00000000000000000	-0.00001570250202456
20.03906250000000000	-0.00000913232689485
20.07812500000000000	-0.00000204415746148
20.11718750000000000	0.00000491116484115
20.15625000000000000	0.00001129183546333
20.19531250000000000	0.00001652648888984
20.23437500000000000	0.00002034817720865
20.27343750000000000	0.00002241466221569
20.31250000000000000	0.00002273052219040
20.35156250000000000	0.00002123254914028
20.39062500000000000	0.00001821268390265
20.42968750000000000	0.00001382514150642
20.46875000000000000	0.00000860193122764
20.50781250000000000	0.00000281154736815
20.54687500000000000	-0.00000290105553773
20.58593750000000000	-0.00000827742160733
20.62500000000000000	-0.00001274654492969
20.66406250000000000	-0.00001614600862462
20.70312500000000000	-0.00001811099813525
20.74218750000000000	-0.00001867504686810
20.78125000000000000	-0.00001771440975417
20.82031250000000000	-0.00001548208769881
20.85937500000000000	-0.00001208547071532
20.89843750000000000	-0.00000791114463317
20.93750000000000000	-0.00000324169403589
20.97656250000000000	0.00000148356886036
21.01562500000000000	0.00000595787592658
21.05468750000000000	0.00000978968778700
21.09375000000000000	0.00001276030231266
21.13281250000000000	0.00001461452279936
21.17187500000000000	0.00001529907978461
21.21093750000000000	0.00001476395823856
21.25000000000000000	0.00001312471507888
21.28906250000000000	0.00001051729812226
21.32812500000000000	0.00000720073520910
21.36718750000000000	0.00000343886023683
21.40625000000000000	-0.00000044673745027
21.44531250000000000	-0.00000417070404897
21.48437500000000000	-0.00000743459529437
21.52343750000000000	-0.00001001681112761
21.56250000000000000	-0.00001172586008549
21.60156250000000000	-0.00001248300420282
21.64062500000000000	-0.00001223985058765
21.67968750000000000	-0.00001106946963133
21.71875000000000000	-0.00000907290870177
21.75781250000000000	-0.00000645680320821
21.79687500000000000	-0.00000342268708638
21.83593750000000000	-0.00000024120999530
21.87500000000000000	0.00000285875820899
21.91406250000000000	0.00000562073665961
21.95312500000000000	0.00000786723186686
21.99218750000000000	0.00000940880065064
22.03125000000000000	0.00001019101765496
22.07031250000000000	0.00001014309107640
22.10937500000000000	0.00000933491558593
22.14843750000000000	0.00000780679607971
22.18750000000000000	0.00000576454593527
22.22656250000000000	0.00000331402736834
22.26562500000000000	0.00000073128054268
22.30468750000000000	-0.00000185763138858
22.34375000000000000	-0.00000417143652615
22.38281250000000000	-0.00000612254495566
22.42187500000000000	-0.00000749077856276
22.46093750000000000	-0.00000827860128083
22.50000000000000000	-0.00000835740876619
22.53906250000000000	-0.00000782931537443
22.57812500000000000	-0.00000667217135673
22.61718750000000000	-0.00000508824561752
22.65625000000000000	-0.00000311700567888
22.69531250000000000	-0.00000102583052670
22.73437500000000000	0.00000112526376457
22.77343750000000000	0.00000306035607581
22.81250000000000000	0.00000474617550571
22.85156250000000000	0.00000595572082141
22.89062500000000000	0.00000671384783987
22.92968750000000000	0.00000687744470034
22.96875000000000000	0.00000655223162701
23.00781250000000000	0.00000568948779014
23.04687500000000000	0.00000446186438899
23.08593750000000000	0.00000288503462193
23.12500000000000000	0.00000118616141974
23.16406250000000000	-0.00000058829702476
23.20312500000000000	-0.00000221419091251
23.24218750000000000	-0.00000365326471432
23.28125000000000000	-0.00000472151560943
23.32031250000000000	-0.00000542536790143
23.35937500000000000	-0.00000564763123184
23.39843750000000000	-0.00000546616864942
23.43750000000000000	-0.00000483242078794
23.47656250000000000	-0.00000388331046816
23.51562500000000000	-0.00000263094169552
23.55468750000000000	-0.00000125519517403
23.59375000000000000	0.00000020194212483
23.63281250000000000	0.00000156154156302
23.67187500000000000	0.00000278597881985
23.71093750000000000	0.00000372207432297
23.75000000000000000	0.00000437067645050
23.78906250000000000	0.00000462467150274
23.82812500000000000	0.00000454699096788
23.86718750000000000	0.00000409121528011
23.90625000000000000	0.00000336433126917
23.94531250000000000	0.00000237641774473
23.98437500000000000	0.00000126568172591
24.02343750000000000	0.00000007039090342
24.06250000000000000	-0.00000106269753052
24.10156250000000000	-0.00000209989578585
24.14062500000000000	-0.00000291871140369
24.17968750000000000	-0.00000349932171265
24.21875000000000000	-0.00000377484343992
24.25781250000000000	-0.00000376337903261
24.29687500000000000	-0.00000344888917682
24.33593750000000000	-0.00000289252553969
24.37500000000000000	-0.00000211672788179
24.41406250000000000	-0.00000121553492140
24.45312500000000000	-0.00000023978355460
24.49218750000000000	0.00000070831180994
24.53125000000000000	0.00000157688820453
24.57031250000000000	0.00000229051401942
24.60937500000000000	0.00000281068395618
24.64843750000000000	0.00000308499893892
24.68750000000000000	0.00000311958459506
24.72656250000000000	0.00000291127360870
24.76562500000000000	0.00000248678104700
24.80468750000000000	0.00000188547278372
24.84375000000000000	0.00000115879179549
24.88281250000000000	0.00000036790685786
24.92187500000000000	-0.00000041785358558
24.96093750000000000	-0.00000115214599591
25.00000000000000000	-0.00000176781888472
25.03906250000000000	-0.00000222401819661
25.07812500000000000	-0.00000249332924090
25.11718750000000000	-0.00000256275218116
25.15625000000000000	-0.00000242706746149
25.19531250000000000	-0.00000211509125483
25.23437500000000000	-0.00000164102985433
25.27343750000000000	-0.00000106623302403
25.31250000000000000	-0.00000041983922482
25.35156250000000000	0.00000022723949372
25.39062500000000000	0.00000084829507734
25.42968750000000000	0.00000136515846518
25.46875000000000000	0.00000177775716696
25.50781250000000000	0.00000202266616389
25.54687500000000000	0.00000211731849361
25.58593750000000000	0.00000203472209043
25.62500000000000000	0.00000180816468985
25.66406250000000000	0.00000143417558210
25.70312500000000000	0.00000098211376495
25.74218750000000000	0.00000045436782643
25.78125000000000000	-0.00000007376204247
25.82031250000000000	-0.00000059393870789
25.85937500000000000	-0.00000103613081888
25.89843750000000000	-0.00000139501742675
25.93750000000000000	-0.00000162342282649
25.97656250000000000	-0.00000172699509419
26.01562500000000000	-0.00000168338094051
26.05468750000000000	-0.00000152069095887
26.09375000000000000	-0.00000123700336819
26.13281250000000000	-0.00000087540483602
26.17187500000000000	-0.00000045116351449
26.21093750000000000	-0.00000001132157209
26.25000000000000000	0.00000041936802933
26.28906250000000000	0.00000079971148077
26.32812500000000000	0.00000111027555379
26.36718750000000000	0.00000132167334028
26.40625000000000000	0.00000142657624097
26.44531250000000000	0.00000141691189561
26.48437500000000000	0.00000129645168213
26.52343750000000000	0.00000108728416918
26.56250000000000000	0.00000079343330671
26.60156250000000000	0.00000045793873269
26.64062500000000000	0.00000009050256381
26.67968750000000000	-0.00000025933371091
26.71875000000000000	-0.00000058696718068
26.75781250000000000	-0.00000084631950320
26.79687500000000000	-0.00000104404115516
26.83593750000000000	-0.00000113913732557
26.87500000000000000	-0.00000116090185104
26.91406250000000000	-0.00000107051446330
26.95312500000000000	-0.00000091963581034
26.99218750000000000	-0.00000068419074955
27.03125000000000000	-0.00000042442335053
27.07031250000000000	-0.00000011570021285
27.10937500000000000	0.00000016902403391
27.14843750000000000	0.00000045181128256
27.18750000000000000	0.00000067141406172
27.22656250000000000	0.00000084978279283
27.26562500000000000	0.00000093784098391
27.30468750000000000	0.00000097446374069
27.34375000000000000	0.00000091113296097
27.38281250000000000	0.00000080442008454
27.42187500000000000	0.00000061668345823
27.46093750000000000	0.00000040818665905
27.50000000000000000	0.00000015786049658
27.53906250000000000	-0.00000007957883245
27.57812500000000000	-0.00000031645591079
27.61718750000000000	-0.00000050625937793
27.65625000000000000	-0.00000066196255248
27.69531250000000000	-0.00000075126677173
27.73437500000000000	-0.00000078637379591
27.77343750000000000	-0.00000075338574373
27.81250000000000000	-0.00000066569734842
27.85156250000000000	-0.00000052856201479
27.89062500000000000	-0.00000035672176386
27.92968750000000000	-0.00000016123528181
27.96875000000000000	0.00000004056363769
28.00781250000000000	0.00000023136759501
28.04687500000000000	0.00000040261073063
28.08593750000000000	0.00000053132655039
28.12500000000000000	0.00000061939493442
28.16406250000000000	0.00000065303282826
28.20312500000000000	0.00000063930647892
28.24218750000000000	0.00000057419523107
28.28125000000000000	0.00000047120180636
28.32031250000000000	0.00000033093972576
28.35937500000000000	0.00000017389016558
28.39843750000000000	0.00000000723120918
28.43750000000000000	-0.00000015288032084
28.47656250000000000	-0.00000029474621330
28.51562500000000000	-0.00000041044045123
28.55468750000000000	-0.00000048846766521
28.59375000000000000	-0.00000052770141892
28.63281250000000000	-0.00000051924645738
28.67187500000000000	-0.00000047724177290
28.71093750000000000	-0.00000039130749010
28.75000000000000000	-0.00000028748647454
28.78906250000000000	-0.00000015418797393
28.82812500000000000	-0.00000002407399062
28.86718750000000000	0.00000011528532026
28.90625000000000000	0.00000022904518798
28.94531250000000000	0.00000033555746610
28.98437500000000000	0.00000040041070807
29.02343750000000000	0.00000044463115720
29.06250000000000000	0.00000043944183963
29.10156250000000000	0.00000041379902753
29.14062500000000000	0.00000034655609398
29.17968750000000000	0.00000026666303075
29.21875000000000000	0.00000015638639916
29.25781250000000000	0.00000005370487370
29.29687500000000000	-0.00000006384693085
29.33593750000000000	-0.00000015727542631
29.37500000000000000	-0.00000024969192011
29.41406250000000000	-0.00000030285018365
29.45312500000000000	-0.00000035872070110
29.49218750000000000	-0.00000034940354448
29.53125000000000000	-0.00000034334047602
29.57031250000000000	-0.00000028738649783
29.60937500000000000	-0.00000022415001095
29.64843750000000000	-0.00000013901335639
29.68750000000000000	-0.00000005376018692
29.72656250000000000	0.00000004582847911
29.76562500000000000	0.00000012324849443
29.80468750000000000	0.00000020148853800
29.84375000000000000	0.00000024910086052
29.88281250000000000	0.00000029127740852
29.92187500000000000	0.00000029906359627
29.96093750000000000	0.00000029272096666
30.00000000000000000	0.00000025258237309
30.03906250000000000	0.00000020939280609
30.07812500000000000	0.00000013894054253
30.11718750000000000	0.00000007009646188
30.15625000000000000	-0.00000001264093822
30.19531250000000000	-0.00000007724110629
30.23437500000000000	-0.00000014334534325
30.27343750000000000	-0.00000018944269207
30.31250000000000000	-0.00000022408521740
30.35156250000000000	-0.00000023918469844
30.39062500000000000	-0.00000023576432821
30.42968750000000000	-0.00000020954504988
30.46875000000000000	-0.00000017364811760
30.50781250000000000	-0.00000011959393396
30.54687500000000000	-0.00000006091543077
30.58593750000000000	0.00000000769681933
30.62500000000000000	0.00000006552123579
30.66406250000000000	0.00000011929598214
30.70312500000000000	0.00000015662220492
30.74218750000000000	0.00000019026192289
30.78125000000000000	0.00000020183885553
30.82031250000000000	0.00000020309021950
30.85937500000000000	0.00000018225997131
30.89843750000000000	0.00000015564728629
30.93750000000000000	0.00000011141345327
30.97656250000000000	0.00000006711705065
31.01562500000000000	0.00000001066257014
31.05468750000000000	-0.00000003310262511
31.09375000000000000	-0.00000008276664241
31.13281250000000000	-0.00000011440098414
31.17187500000000000	-0.00000014711744448
31.21093750000000000	-0.00000015344990875
31.25000000000000000	-0.00000015898271792
31.28906250000000000	-0.00000014313199538
31.32812500000000000	-0.00000012579446493
31.36718750000000000	-0.00000008745664989
31.40625000000000000	-0.00000005460978241
31.44531250000000000	-0.00000000640977754
31.48437500000000000	0.00000002788632505
31.52343750000000000	0.00000007228624268
31.56250000000000000	0.00000009834181005
31.60156250000000000	0.00000012899365197
31.64062500000000000	0.00000013510589618
31.67968750000000000	0.00000014405057072
31.71875000000000000	0.00000012874492686
31.75781250000000000	0.00000011836660338
31.79687500000000000	0.00000008590903137
31.83593750000000000	0.00000006240606542
31.87500000000000000	0.00000002416941552
31.91406250000000000	-0.00000000498836466
31.95312500000000000	-0.00000004534476815
31.99218750000000000	-0.00000006699663235
32.03125000000000000	-0.00000009100244442
32.07031250000000000	-0.00000010139814818
32.10937500000000000	-0.00000011093517752
32.14843750000000000	-0.00000010093981611
32.18750000000000000	-0.00000009391204037
32.22656250000000000	-0.00000006967043552
32.26562500000000000	-0.00000004918085973
32.30468750000000000	-0.00000001844566160
32.34375000000000000	0.00000000824793986
32.38281250000000000	0.00000003581235283
32.42187500000000000	0.00000005721018528
32.46093750000000000	0.00000007672845036
32.50000000000000000	0.00000008720134054
32.53906250000000000	0.00000009389560141
32.57812500000000000	0.00000008945591593
32.61718750000000000	0.00000008207710372
32.65625000000000000	0.00000006542635539
32.69531250000000000	0.00000004864870570
32.73437500000000000	0.00000002377452165
32.77343750000000000	0.00000000621884399
32.81250000000000000	-0.00000001882078960
32.85156250000000000	-0.00000003424473838
32.89062500000000000	-0.00000005426527723
32.92968750000000000	-0.00000006080479302
32.96875000000000000	-0.00000006891559723
33.00781250000000000	-0.00000006329818962
33.04687500000000000	-0.00000006222862603
33.08593750000000000	-0.00000004610454258
33.12500000000000000	-0.00000003420677480
33.16406250000000000	-0.00000001319409869
33.20312500000000000	0.00000000139783579
33.24218750000000000	0.00000002168970930
33.28125000000000000	0.00000003607587367
33.32031250000000000	0.00000005263490965
33.35937500000000000	0.00000005806667758
33.39843750000000000	0.00000006619816499
33.43750000000000000	0.00000006300066649
33.47656250000000000	0.00000005978519958
33.51562500000000000	0.00000005128275062
33.55468750000000000	0.00000003876930756
33.59375000000000000	0.00000002380666059
33.63281250000000000	0.00000000988189705
33.67187500000000000	-0.00000000547746318
33.71093750000000000	-0.00000001943649539
33.75000000000000000	-0.00000003116282003
33.78906250000000000	-0.00000003906978888
33.82812500000000000	-0.00000004440652123
33.86718750000000000	-0.00000004513939648
33.90625000000000000	-0.00000004285088660
33.94531250000000000	-0.00000003598065574
33.98437500000000000	-0.00000002700756359
34.02343750000000000	-0.00000001618815490
34.06250000000000000	-0.00000000280802246
34.10156250000000000	0.00000000886930720
34.14062500000000000	0.00000002056118750
34.17968750000000000	0.00000003021494811
34.21875000000000000	0.00000003897667582
34.25781250000000000	0.00000004162124009
34.29687500000000000	0.00000004581547345
34.33593750000000000	0.00000004278564650
34.37500000000000000	0.00000003705702935
34.41406250000000000	0.00000003164156521
34.45312500000000000	0.00000002281946359
34.49218750000000000	0.00000001157410352
34.53125000000000000	-0.00000000079901530
34.57031250000000000	-0.00000001021524897
34.60937500000000000	-0.00000001710765573
34.64843750000000000	-0.00000002350247931
34.68750000000000000	-0.00000002710035864
34.72656250000000000	-0.00000002914301183
34.76562500000000000	-0.00000002721559479
34.80468750000000000	-0.00000002606622131
34.84375000000000000	-0.00000002267568616
34.88281250000000000	-0.00000001394408885
34.92187500000000000	-0.00000000735538429
34.96093750000000000	0.00000000382446514
35.00000000000000000	0.00000000878731460
35.03906250000000000	0.00000001839157387
35.07812500000000000	0.00000002302339500
35.11718750000000000	0.00000002813088779
35.15625000000000000	0.00000002758540722
35.19531250000000000	0.00000003019135697
35.23437500000000000	0.00000002446003200
35.27343750000000000	0.00000002378818457
35.31250000000000000	0.00000001398392544
35.35156250000000000	0.00000001005633388
35.39062500000000000	0.00000000309267176
35.42968750000000000	-0.00000000481216810
35.46875000000000000	-0.00000001217970523
35.50781250000000000	-0.00000001675956823
35.54687500000000000	-0.00000002056527684
35.58593750000000000	-0.00000002040281868
35.62500000000000000	-0.00000002136841067
35.66406250000000000	-0.00000002069927017
35.70312500000000000	-0.00000001423715221
35.74218750000000000	-0.00000001219085640
35.78125000000000000	-0.00000000541138738
35.82031250000000000	-0.00000000098926456
35.85937500000000000	0.00000000802649866
35.89843750000000000	0.00000000811168266
35.93750000000000000	0.00000001544769726
35.97656250000000000	0.00000001481341631
36.01562500000000000	0.00000002105923089
36.05468750000000000	0.00000001712329365
36.09375000000000000	0.00000002001525393
36.13281250000000000	0.00000001320349042
36.17187500000000000	0.00000001335363973
36.21093750000000000	0.00000000565265319
36.25000000000000000	0.00000000502642828
36.28906250000000000	-0.00000000363113649
36.32812500000000000	-0.00000000478412654
36.36718750000000000	-0.00000001059660208
36.40625000000000000	-0.00000001033683252
36.44531250000000000	-0.00000001555293883
36.48437500000000000	-0.00000001223959768
36.52343750000000000	-0.00000001438671089
36.56250000000000000	-0.00000000897252268
36.60156250000000000	-0.00000001078368843
36.64062500000000000	-0.00000000685340475
36.67968750000000000	-0.00000000350705476
36.71875000000000000	0.00000000228066066
36.75781250000000000	0.00000000339459609
36.79687500000000000	0.00000000609274926
36.83593750000000000	0.00000001078301603
36.87500000000000000	0.00000001383863664
36.91406250000000000	0.00000001389152375
36.95312500000000000	0.00000001169496781
36.99218750000000000	0.00000001150147051
37.03125000000000000	0.00000000953557358
37.07031250000000000	0.00000000632814809
37.10937500000000000	0.00000000221303526
37.14843750000000000	0.00000000176047220
37.18750000000000000	-0.00000000098331945
37.22656250000000000	-0.00000000215244681
37.26562500000000000	-0.00000000765393445
37.30468750000000000	-0.00000000547816204
37.34375000000000000	-0.00000000677564892
37.38281250000000000	-0.00000000594377415
37.42187500000000000	-0.00000000753091760
37.46093750000000000	-0.00000000494845811
37.50000000000000000	-0.00000000352412032
37.53906250000000000	-0.00000000115026489
37.57812500000000000	0.00000000056990009
37.61718750000000000	0.00000000261851143
37.65625000000000000	0.00000000696260425
37.69531250000000000	0.00000000859591938
37.73437500000000000	0.00000000885349097
37.77343750000000000	0.00000000899194291
37.81250000000000000	0.00000000965302884
37.85156250000000000	0.00000000862757714
37.89062500000000000	0.00000000919035625
37.92968750000000000	0.00000000427528003
37.96875000000000000	0.00000000453792826
38.00781250000000000	0.00000000228950470
38.04687500000000000	-0.00000000141166027
38.08593750000000000	-0.00000000428231849
38.12500000000000000	-0.00000000373263067
38.16406250000000000	-0.00000000644725459
38.20312500000000000	-0.00000000398962829
38.24218750000000000	-0.00000000634936853
38.28125000000000000	-0.00000000504786638
38.32031250000000000	-0.00000000308567962
38.35937500000000000	-0.00000000251090593
38.39843750000000000	0.00000000054606613
38.43750000000000000	0.00000000092349516
38.47656250000000000	0.00000000482730274
38.51562500000000000	0.00000000331682544
38.55468750000000000	0.00000000782161371
38.59375000000000000	0.00000000584261931
38.63281250000000000	0.00000001075490931
38.67187500000000000	0.00000000794123123
38.71093750000000000	0.00000001122119297
38.75000000000000000	0.00000000605442255
38.78906250000000000	0.00000001077035975
38.82812500000000000	0.00000000407658006
38.86718750000000000	0.00000000717408515
38.90625000000000000	-0.00000000146258762
38.94531250000000000	0.00000000348728460
38.98437500000000000	-0.00000000244333893
39.02343750000000000	0.00000000276507449
39.06250000000000000	-0.00000000365803650
39.10156250000000000	0.00000000329241430
39.14062500000000000	-0.00000000544705379
39.17968750000000000	0.00000000615854072
39.21875000000000000	-0.00000000548809211
39.25781250000000000	0.00000000730281926
39.29687500000000000	-0.00000000229057601
39.33593750000000000	0.00000001404655923
39.37500000000000000	-0.00000000135777091
39.41406250000000000	0.00000001425236693
39.45312500000000000	0.00000000629470041
39.49218750000000000	0.00000001139983808
39.53125000000000000	0.00000000327256092
39.57031250000000000	0.00000001026003951
39.60937500000000000	-0.00000000276881080
39.64843750000000000	0.00000000429345127
39.68750000000000000	0.00000000316131077
39.72656250000000000	0.00000000161464425
39.76562500000000000	0.00000000474931337
39.80468750000000000	-0.00000000510677962
39.84375000000000000	0.00000000240234468
39.88281250000000000	-0.00000001179782740
39.92187500000000000	-0.00000000195330704
39.96093750000000000	-0.00000001116678774
40.00000000000000000	-0.00000000072982339
40.03906250000000000	-0.00000001082578598
40.07812500000000000	0.00000000198105316
40.11718750000000000	-0.00000000973786104
40.15625000000000000	0.00000000173555058
40.19531250000000000	-0.00000000880467587
40.23437500000000000	-0.00000000511538560
40.27343750000000000	-0.00000000359029559
40.31250000000000000	0.00000000043054046
40.35156250000000000	-0.00000000355874204
40.39062500000000000	0.00000000100537294
40.42968750000000000	0.00000000138941467
40.46875000000000000	0.00000000747591394
40.50781250000000000	-0.00000000064578597
40.54687500000000000	0.00000000362712513
40.58593750000000000	0.00000000535084553
40.62500000000000000	-0.00000000017333425
40.66406250000000000	0.00000000320942051
40.70312500000000000	0.00000000221609043
40.74218750000000000	0.00000000260778963
40.78125000000000000	-0.00000000245616069
40.82031250000000000	0.00000000221421617
40.85937500000000000	-0.00000000192407713
40.89843750000000000	0.00000000266545722
40.93750000000000000	0.00000000322184798
40.97656250000000000	0.00000000341269591
41.01562500000000000	0.00000000152663955
41.05468750000000000	0.00000000483050324
41.09375000000000000	0.00000000212439356
41.13281250000000000	0.00000000708199579
41.17187500000000000	0.00000000330789081
41.21093750000000000	0.00000000763312898
41.25000000000000000	0.00000000374691892
41.28906250000000000	0.00000000754001179
41.32812500000000000	0.00000000192366939
41.36718750000000000	0.00000000564599834
41.40625000000000000	0.00000000021949124
41.44531250000000000	0.00000000388064832
41.48437500000000000	-0.00000000127399368
41.52343750000000000	0.00000000293565294
41.56250000000000000	-0.00000000043646430
41.60156250000000000	0.00000000319029243
41.64062500000000000	-0.00000000070442391
41.67968750000000000	0.00000000362382762
41.71875000000000000	-0.00000000174460562
41.75781250000000000	0.00000000404950646
41.79687500000000000	-0.00000000059036930
41.83593750000000000	0.00000000315375956
41.87500000000000000	-0.00000000004726359
41.91406250000000000	0.00000000414816462
41.95312500000000000	0.00000000109580920
41.99218750000000000	0.00000000453116373
42.03125000000000000	0.00000000270123270
42.07031250000000000	0.00000000442830501
42.10937500000000000	0.00000000241014687
42.14843750000000000	0.00000000314895687
42.18750000000000000	0.00000000142570138
42.22656250000000000	0.00000000251711126
42.26562500000000000	0.00000000077349121
42.30468750000000000	0.00000000306950046
42.34375000000000000	0.00000000000909661
42.38281250000000000	0.00000000252505914
42.42187500000000000	0.00000000163831297
42.46093750000000000	0.00000000227405059
42.50000000000000000	0.00000000012544488
42.53906250000000000	0.00000000304531197
42.57812500000000000	0.00000000014721053
42.61718750000000000	0.00000000331730722
42.65625000000000000	0.00000000121725572
42.69531250000000000	0.00000000388530170
42.73437500000000000	0.00000000170694165
42.77343750000000000	0.00000000645493699
42.81250000000000000	0.00000000034018897
42.85156250000000000	0.00000000637699984
42.89062500000000000	-0.00000000063243098
42.92968750000000000	0.00000000741425406
42.96875000000000000	0.00000000081788587
43.00781250000000000	0.00000000709597116
43.04687500000000000	-0.00000000031419495
43.08593750000000000	0.00000000587560696
43.12500000000000000	-0.00000000092110183
43.16406250000000000	0.00000000479408971
43.20312500000000000	-0.00000000007069907
43.24218750000000000	0.00000000364898673
43.28125000000000000	-0.00000000086274920
43.32031250000000000	0.00000000343899069
43.35937500000000000	-0.00000000208799151
43.39843750000000000	0.00000000481674161
43.43750000000000000	0.00000000013948064
43.47656250000000000	0.00000000453416107
43.51562500000000000	-0.00000000041057843
43.55468750000000000	0.00000000498385987
43.59375000000000000	0.00000000061944242
43.63281250000000000	0.00000000529582728
43.67187500000000000	0.00000000165876526
43.71093750000000000	0.00000000578361715
43.75000000000000000	0.00000000198349208
43.78906250000000000	0.00000000578973526
43.82812500000000000	0.00000000331931509
43.86718750000000000	0.00000000566288035
43.90625000000000000	0.00000000238310136
43.94531250000000000	0.00000000483922899
43.98437500000000000	0.00000000103007589
44.02343750000000000	0.00000000447074566
44.06250000000000000	0.00000000229891772
44.10156250000000000	0.00000000459525011
44.14062500000000000	0.00000000229634525
44.17968750000000000	0.00000000400179278
44.21875000000000000	0.00000000316569324
44.25781250000000000	0.00000000373407140
44.29687500000000000	0.00000000190149497
44.33593750000000000	0.00000000237767125
44.37500000000000000	0.00000000204005443
44.41406250000000000	0.00000000378620817
44.45312500000000000	0.00000000274047274
44.49218750000000000	0.00000000437648780
44.53125000000000000	0.00000000029009294
44.57031250000000000	0.00000000416506883
44.60937500000000000	0.00000000108585867
44.64843750000000000	0.00000000027839674
44.68750000000000000	-0.00000000159504177
44.72656250000000000	0.00000000278352356
44.76562500000000000	0.00000000223772490
44.80468750000000000	0.00000000296529008
44.84375000000000000	-0.00000000123164279
44.88281250000000000	0.00000000304270947
44.92187500000000000	0.00000000002802224
44.96093750000000000	0.00000000272764799
45.00000000000000000	-0.00000000154543304
45.03906250000000000	0.00000000239928546
45.07812500000000000	-0.00000000014409803
45.11718750000000000	0.00000000111096459
45.15625000000000000	-0.00000000110593482
45.19531250000000000	0.00000000145552510
45.23437500000000000	0.00000000122712696
45.27343750000000000	0.00000000040747494
45.31250000000000000	0.00000000263340561
45.35156250000000000	-0.00000000092013025
45.39062500000000000	-0.00000000121505109
45.42968750000000000	-0.00000000254465137
45.46875000000000000	-0.00000000067369220
45.50781250000000000	-0.00000000436147841
45.54687500000000000	0.00000000197900337
45.58593750000000000	-0.00000000255612925
45.62500000000000000	-0.00000000077043925
45.66406250000000000	-0.00000000577878807
45.70312500000000000	-0.00000000058122635
45.74218750000000000	-0.00000000506123694
45.78125000000000000	-0.00000000025008982
45.82031250000000000	-0.00000000490622426
45.85937500000000000	0.00000000125829840
45.89843750000000000	-0.00000000405699460
45.93750000000000000	0.00000000065990207
45.97656250000000000	-0.00000000365730003
46.01562500000000000	0.00000000040589668
46.05468750000000000	-0.00000000307805489
46.09375000000000000	0.00000000139574289
46.13281250000000000	-0.00000000207881958
46.17187500000000000	0.00000000249754439
46.21093750000000000	-0.00000000125246956
46.25000000000000000	0.00000000164746739
46.28906250000000000	-0.00000000186382869
46.32812500000000000	0.00000000185969073
46.36718750000000000	-0.00000000149726010
46.40625000000000000	0.00000000083800958
46.44531250000000000	-0.00000000105657344
46.48437500000000000	0.00000000020503183
46.52343750000000000	-0.00000000065892160
46.56250000000000000	0.00000000098196471
46.60156250000000000	-0.00000000064037332
46.64062500000000000	0.00000000202228680
46.67968750000000000	-0.00000000161910155
46.71875000000000000	0.00000000072166514
46.75781250000000000	-0.00000000131380427
46.79687500000000000	0.00000000162606486
46.83593750000000000	-0.00000000112033648
46.87500000000000000	0.00000000347403355
46.91406250000000000	-0.00000000084688956
46.95312500000000000	0.00000000141952484
46.99218750000000000	0.00000000039659386
47.03125000000000000	0.00000000197574998
47.07031250000000000	-0.00000000016379863
47.10937500000000000	0.00000000159270872
47.14843750000000000	-0.00000000041124067
47.18750000000000000	0.00000000109220147
47.22656250000000000	-0.00000000120316437
47.26562500000000000	0.00000000095928550
47.30468750000000000	-0.00000000024281349
47.34375000000000000	0.00000000057792406
47.38281250000000000	-0.00000000086546115
47.42187500000000000	-0.00000000059720916
47.46093750000000000	-0.00000000088926831
47.50000000000000000	0.00000000033755487
47.53906250000000000	0.00000000010866728
47.57812500000000000	0.00000000031519175
47.61718750000000000	0.00000000112481813
47.65625000000000000	0.00000000180068535
47.69531250000000000	0.00000000174104612
47.73437500000000000	0.00000000067357807
47.77343750000000000	0.00000000080645078
47.81250000000000000	0.00000000140183844
47.85156250000000000	0.00000000014004876
47.89062500000000000	0.00000000200885738
47.92968750000000000	0.00000000040685993
47.96875000000000000	0.00000000103808766
48.00781250000000000	-0.00000000013471825
48.04687500000000000	0.00000000105179094
48.08593750000000000	-0.00000000053499051
48.12500000000000000	0.00000000179849180
48.16406250000000000	-0.00000000045568333
48.20312500000000000	-0.00000000091798575
48.24218750000000000	-0.00000000098529406
48.28125000000000000	-0.00000000112486279
48.32031250000000000	-0.00000000116437133
48.35937500000000000	0.00000000044368761
48.39843750000000000	0.00000000032092288
48.43750000000000000	0.00000000087268477
48.47656250000000000	0.00000000066101488
48.51562500000000000	0.00000000063291777
48.55468750000000000	0.00000000168264699
48.59375000000000000	0.00000000158761559
48.63281250000000000	0.00000000149914849
48.67187500000000000	0.00000000146263024
48.71093750000000000	0.00000000177800308
48.75000000000000000	0.00000000061505502
48.78906250000000000	0.00000000191408820
48.82812500000000000	-0.00000000007536484
48.86718750000000000	0.00000000158505472
48.90625000000000000	-0.00000000044009804
48.94531250000000000	0.00000000086178540
48.98437500000000000	-0.00000000174379102
49.02343750000000000	0.00000000159446378
49.06250000000000000	-0.00000000105751300
49.10156250000000000	0.00000000074183847
49.14062500000000000	-0.00000000028182084
49.17968750000000000	0.00000000158909593
49.21875000000000000	0.00000000034484883
49.25781250000000000	0.00000000188580123
49.29687500000000000	-0.00000000218081917
49.33593750000000000	0.00000000320790040
49.37500000000000000	-0.00000000146683674
49.41406250000000000	0.00000000708139324
49.45312500000000000	-0.00000000078868474
49.49218750000000000	0.00000000516991998
49.53125000000000000	-0.00000000134386388
49.57031250000000000	0.00000000589557521
49.60937500000000000	0.00000000311896281
49.64843750000000000	0.00000000461240449
49.68750000000000000	-0.00000000168071207
49.72656250000000000	0.00000000639837894
49.76562500000000000	-0.00000000077676302
49.80468750000000000	0.00000000884657298
49.84375000000000000	0.00000000034625839
49.88281250000000000	0.00000000871847223
49.92187500000000000	-0.00000000061223331
49.96093750000000000	0.00000000921629463
50.00000000000000000	-0.00000000050886745
50.03906250000000000	0.00000000859192087
50.07812500000000000	0.00000000039206893
50.11718750000000000	0.00000000908196010
50.15625000000000000	-0.00000000037408063
50.19531250000000000	0.00000000874618272
50.23437500000000000	0.00000000044395480
50.27343750000000000	0.00000000929160291
50.31250000000000000	0.00000000038087813
50.35156250000000000	0.00000001017446534
50.39062500000000000	-0.00000000030439745
50.42968750000000000	0.00000001051904464
50.46875000000000000	0.00000000192834270
50.50781250000000000	0.00000001210912543
50.54687500000000000	-0.00000000264004201
50.58593750000000000	0.00000001209894611
50.62500000000000000	0.00000000088025015
50.66406250000000000	0.00000001146462697
50.70312500000000000	-0.00000000205163950
50.74218750000000000	0.00000000985985900
50.78125000000000000	-0.00000000136449683
50.82031250000000000	0.00000001070029258
50.85937500000000000	-0.00000000131040685
50.89843750000000000	0.00000001060342953
50.93750000000000000	-0.00000000147609158
50.97656250000000000	0.00000001200127569
51.01562500000000000	-0.00000000161379739
51.05468750000000000	0.00000001164981784
51.09375000000000000	0.00000000068847040
51.13281250000000000	0.00000001214462099
51.17187500000000000	0.00000000071314948
51.21093750000000000	0.00000001162610114
51.25000000000000000	0.00000000070793650
51.28906250000000000	0.00000001078359569
51.32812500000000000	0.00000000144515066
51.36718750000000000	0.00000000969515923
51.40625000000000000	0.00000000018191613
51.44531250000000000	0.00000000935854080
51.48437500000000000	-0.00000000013634554
51.52343750000000000	0.00000000823116658
51.56250000000000000	-0.00000000118739683
51.60156250000000000	0.00000000843253725
51.64062500000000000	-0.00000000065740129
51.67968750000000000	0.00000000802039447
51.71875000000000000	-0.00000000098444559
51.75781250000000000	0.00000000877146203
51.79687500000000000	0.00000000086346454
51.83593750000000000	0.00000000791962630
51.87500000000000000	0.00000000065514804
51.91406250000000000	0.00000000809026839
51.95312500000000000	0.00000000129445412
51.99218750000000000	0.00000000874816954
52.03125000000000000	0.00000000127210906
52.07031250000000000	0.00000000937291932
52.10937500000000000	0.00000000365877485
52.14843750000000000	0.00000001066200963
52.18750000000000000	0.00000000168599590
52.22656250000000000	0.00000001035553088
52.26562500000000000	0.00000000233791365
52.30468750000000000	0.00000000977344858
52.34375000000000000	0.00000000177157512
52.38281250000000000	0.00000000921367075
52.42187500000000000	0.00000000119996920
52.46093750000000000	0.00000000909657059
52.50000000000000000	-0.00000000061312750
52.53906250000000000	0.00000000874036682
52.57812500000000000	0.00000000003709772
52.61718750000000000	0.00000000875173835
52.65625000000000000	-0.00000000051171992
52.69531250000000000	0.00000000961645469
52.73437500000000000	0.00000000057618916
52.77343750000000000	0.00000001044196200
52.81250000000000000	0.00000000085367965
52.85156250000000000	0.00000001085850253
52.89062500000000000	0.00000000089222921
52.92968750000000000	0.00000001148556758
52.96875000000000000	0.00000000095323083
53.00781250000000000	0.00000001204915404
53.04687500000000000	0.00000000062768463
53.08593750000000000	0.00000001202259982
53.12500000000000000	0.00000000184376116
53.16406250000000000	0.00000000920130466
53.20312500000000000	0.00000000151851011
53.24218750000000000	0.00000000805124439
53.28125000000000000	-0.00000000057754652
53.32031250000000000	0.00000000647101316
53.35937500000000000	-0.00000000087863145
53.39843750000000000	0.00000000672675123
53.43750000000000000	-0.00000000011503729
53.47656250000000000	0.00000000599358662
53.51562500000000000	-0.00000000040285319
53.55468750000000000	0.00000000577586897
53.59375000000000000	-0.00000000062903366
53.63281250000000000	0.00000000536334875
53.67187500000000000	0.00000000076722565
53.71093750000000000	0.00000000570571127
53.75000000000000000	0.00000000225480545
53.78906250000000000	0.00000000555182261
53.82812500000000000	0.00000000166272085
53.86718750000000000	0.00000000549677420
53.90625000000000000	0.00000000118922369
53.94531250000000000	0.00000000523405805
53.98437500000000000	0.00000000149531474
54.02343750000000000	0.00000000500083206
54.06250000000000000	0.00000000121957519
54.10156250000000000	0.00000000568348424
54.14062500000000000	0.00000000083913700
54.17968750000000000	0.00000000582120592
54.21875000000000000	0.00000000119410157
54.25781250000000000	0.00000000415549460
54.29687500000000000	-0.00000000064062107
54.33593750000000000	0.00000000359192824
54.37500000000000000	-0.00000000188357443
54.41406250000000000	0.00000000515792106
54.45312500000000000	-0.00000000049054800
54.49218750000000000	0.00000000600527812
54.53125000000000000	-0.00000000074569568
54.57031250000000000	0.00000000621015053
54.60937500000000000	-0.00000000117499050
54.64843750000000000	0.00000000759516473
54.68750000000000000	0.00000000002724126
54.72656250000000000	0.00000000818948143
54.76562500000000000	0.00000000073573459
54.80468750000000000	0.00000000863871856
54.84375000000000000	0.00000000215486200
54.88281250000000000	0.00000000913005755
54.92187500000000000	0.00000000099198239
54.96093750000000000	0.00000000922298560
55.00000000000000000	0.00000000086870349
55.03906250000000000	0.00000000939877379
55.07812500000000000	-0.00000000005982078
55.11718750000000000	0.00000000857553004
55.15625000000000000	-0.00000000039615812
55.19531250000000000	0.00000000865527825
55.23437500000000000	-0.00000000230278440
55.27343750000000000	0.00000000776658083
55.31250000000000000	-0.00000000132300263
55.35156250000000000	0.00000000741823050
55.39062500000000000	-0.00000000022489891
55.42968750000000000	0.00000000720571949
55.46875000000000000	-0.00000000263712028
55.50781250000000000	0.00000000807976032
55.54687500000000000	0.00000000127234391
55.58593750000000000	0.00000000749455709
55.62500000000000000	0.00000000197916071
55.66406250000000000	0.00000000824644058
55.70312500000000000	0.00000000089866667
55.74218750000000000	0.00000000747816879
55.78125000000000000	0.00000000087879054
55.82031250000000000	0.00000000625060948
55.85937500000000000	0.00000000209526610
55.89843750000000000	0.00000000531505728
55.93750000000000000	-0.00000000042405083
55.97656250000000000	0.00000000371012616
56.01562500000000000	-0.00000000006493860
56.05468750000000000	0.00000000244649987
56.09375000000000000	-0.00000000134988464
56.13281250000000000	0.00000000162524397
56.17187500000000000	-0.00000000148084926
56.21093750000000000	0.00000000164775328
56.25000000000000000	-0.00000000179168441
56.28906250000000000	0.00000000096326577
56.32812500000000000	-0.00000000102224268
56.36718750000000000	0.00000000156767290
56.40625000000000000	-0.00000000072923854
56.44531250000000000	0.00000000194527147
56.48437500000000000	0.00000000027995459
56.52343750000000000	0.00000000346045270
56.56250000000000000	0.00000000175079145
56.60156250000000000	0.00000000483546432
56.64062500000000000	0.00000000188053657
56.67968750000000000	0.00000000529547493
56.71875000000000000	0.00000000107675045
56.75781250000000000	0.00000000446619901
56.79687500000000000	0.00000000042103235
56.83593750000000000	0.00000000430402045
56.87500000000000000	-0.00000000031521394
56.91406250000000000	0.00000000449155903
56.95312500000000000	-0.00000000177762803
56.99218750000000000	0.00000000580182032
57.03125000000000000	0.00000000009341823
57.07031250000000000	0.00000000629017221
57.10937500000000000	-0.00000000074301308
57.14843750000000000	0.00000000704615704
57.18750000000000000	-0.00000000093665142
57.22656250000000000	0.00000000690832266
57.26562500000000000	0.00000000041235681
57.30468750000000000	0.00000000862381868
57.34375000000000000	0.00000000156979037
57.38281250000000000	0.00000000917261441
57.42187500000000000	0.00000000213989904
57.46093750000000000	0.00000001020517163
57.50000000000000000	0.00000000263244461
57.53906250000000000	0.00000000972763901
57.57812500000000000	0.00000000266414947
57.61718750000000000	0.00000000909680057
57.65625000000000000	0.00000000205640327
57.69531250000000000	0.00000000818847412
57.73437500000000000	0.00000000094639595
57.77343750000000000	0.00000000617056069
57.81250000000000000	-0.00000000035012297
57.85156250000000000	0.00000000294976961
57.89062500000000000	-0.00000000104845971
57.92968750000000000	0.00000000222342023
57.96875000000000000	-0.00000000108925264
58.00781250000000000	0.00000000202013845
58.04687500000000000	-0.00000000079699460
58.08593750000000000	0.00000000149513120
58.12500000000000000	0.00000000028648469
58.16406250000000000	0.00000000153686969
58.20312500000000000	-0.00000000040330480
58.24218750000000000	0.00000000180006123
58.28125000000000000	0.00000000030264792
58.32031250000000000	0.00000000274758581
58.35937500000000000	0.00000000238568473
58.39843750000000000	0.00000000338720174
58.43750000000000000	0.00000000249136925
58.47656250000000000	0.00000000436127972
58.51562500000000000	0.00000000067059896
58.55468750000000000	0.00000000291707286
58.59375000000000000	0.00000000001184504
58.63281250000000000	0.00000000201112090
58.67187500000000000	-0.00000000082461279
58.71093750000000000	0.00000000084935109
58.75000000000000000	-0.00000000080060421
58.78906250000000000	0.00000000112873463
58.82812500000000000	-0.00000000144842339
58.86718750000000000	-0.00000000003337707
58.90625000000000000	-0.00000000228237332
58.94531250000000000	-0.00000000030038044
58.98437500000000000	-0.00000000148714156
59.02343750000000000	-0.00000000006453334
59.06250000000000000	0.00000000023286574
59.10156250000000000	0.00000000134711927
59.14062500000000000	0.00000000108314838
59.17968750000000000	-0.00000000007309894
59.21875000000000000	0.00000000081727607
59.25781250000000000	-0.00000000169432967
59.29687500000000000	0.00000000088801845
59.33593750000000000	-0.00000000262130985
59.37500000000000000	0.00000000171923371
59.41406250000000000	-0.00000000339543225
59.45312500000000000	0.00000000444976616
59.49218750000000000	-0.00000000709674003
59.53125000000000000	0.00000000121787976
59.57031250000000000	-0.00000001155766039
59.60937500000000000	-0.00000000183685738
59.64843750000000000	-0.00000000970594595
59.68750000000000000	-0.00000000129601770
59.72656250000000000	-0.00000001045336863
59.76562500000000000	-0.00000000133127501
59.80468750000000000	-0.00000000845757534
59.84375000000000000	-0.00000000174198315
59.88281250000000000	-0.00000000728035633
59.92187500000000000	-0.00000000054764764
59.96093750000000000	-0.00000000644592063
60.00000000000000000	0.00000000061358665
60.03906250000000000	-0.00000000447698987
60.07812500000000000	0.00000000083216567
60.11718750000000000	-0.00000000200282479
60.15625000000000000	0.00000000260432642
60.19531250000000000	-0.00000000209812214
60.23437500000000000	0.00000000602520055
60.27343750000000000	-0.00000000399842504
60.31250000000000000	0.00000000148798723
60.35156250000000000	-0.00000000679321178
60.39062500000000000	0.00000000137495023
60.42968750000000000	-0.00000000587445028
60.46875000000000000	-0.00000000110909499
60.50781250000000000	-0.00000000834887303
60.54687500000000000	-0.00000000290925369
60.58593750000000000	-0.00000000741692792
60.62500000000000000	-0.00000000301069805
60.66406250000000000	-0.00000000612623225
60.70312500000000000	-0.00000000245802618
60.74218750000000000	-0.00000000482262227
60.78125000000000000	-0.00000000151437020
60.82031250000000000	-0.00000000436074923
60.85937500000000000	-0.00000000000472084
60.89843750000000000	-0.00000000254611268
60.93750000000000000	0.00000000059362182
60.97656250000000000	-0.00000000161073211
61.01562500000000000	0.00000000204895992
61.05468750000000000	-0.00000000139122863
61.09375000000000000	0.00000000273654570
61.13281250000000000	-0.00000000155048432
61.17187500000000000	0.00000000194818913
61.21093750000000000	-0.00000000304301791
61.25000000000000000	0.00000000064430820
61.28906250000000000	-0.00000000403867956
61.32812500000000000	-0.00000000027634852
61.36718750000000000	-0.00000000569522338
61.40625000000000000	-0.00000000161310053
61.44531250000000000	-0.00000000616947977
61.48437500000000000	-0.00000000139980246
61.52343750000000000	-0.00000000570365413
61.56250000000000000	-0.00000000211623260
61.60156250000000000	-0.00000000551271465
61.64062500000000000	-0.00000000125055480
61.67968750000000000	-0.00000000387191059
61.71875000000000000	-0.00000000031863709
61.75781250000000000	-0.00000000237594974
61.79687500000000000	0.00000000153133130
61.83593750000000000	-0.00000000134400786
61.87500000000000000	0.00000000169215723
61.91406250000000000	-0.00000000022484561
61.95312500000000000	0.00000000188291943
61.99218750000000000	0.00000000032460925
62.03125000000000000	0.00000000155540986
62.07031250000000000	-0.00000000004043633
62.10937500000000000	-0.00000000097560012
62.14843750000000000	-0.00000000107759483
62.18750000000000000	-0.00000000071532106
62.22656250000000000	-0.00000000161313390
62.26562500000000000	-0.00000000181019414
62.30468750000000000	-0.00000000187024315
62.34375000000000000	-0.00000000221826197
62.38281250000000000	-0.00000000107895477
62.42187500000000000	-0.00000000193857922
62.46093750000000000	0.00000000012059283
62.50000000000000000	-0.00000000148705521
62.53906250000000000	0.00000000075821452
62.57812500000000000	-0.00000000079182858
62.61718750000000000	0.00000000170121325
62.65625000000000000	0.00000000071580867
62.69531250000000000	0.00000000276095573
62.73437500000000000	0.00000000063311403
62.77343750000000000	0.00000000288324913
62.81250000000000000	0.00000000190441132
62.85156250000000000	0.00000000288771521
62.89062500000000000	0.00000000078293706
62.92968750000000000	0.00000000227029518
62.96875000000000000	0.00000000020105139
63.00781250000000000	0.00000000175826607
63.04687500000000000	-0.00000000128620460
63.08593750000000000	0.00000000084221710
63.12500000000000000	-0.00000000065552540
63.16406250000000000	-0.00000000047324916
63.20312500000000000	-0.00000000161754821
63.24218750000000000	-0.00000000121668729
63.28125000000000000	-0.00000000274467601
63.32031250000000000	-0.00000000173981969
63.35937500000000000	-0.00000000176403026
63.39843750000000000	-0.00000000138252000
63.43750000000000000	-0.00000000096835366
63.47656250000000000	-0.00000000036829912
63.51562500000000000	0.00000000077867496
63.55468750000000000	0.00000000075416663
63.59375000000000000	0.00000000172920731
63.63281250000000000	0.00000000080219502
63.67187500000000000	0.00000000272657830
63.71093750000000000	0.00000000058775526
63.75000000000000000	0.00000000230444549
63.78906250000000000	-0.00000000032860425
63.82812500000000000	0.00000000175763826
63.86718750000000000	-0.00000000137399023
63.90625000000000000	0.00000000125511793
63.94531250000000000	-0.00000000243646135
63.98437500000000000	0.00000000059704651
64.02343750000000000	-0.00000000330614118
64.06250000000000000	-0.00000000106592209
64.10156250000000000	-0.00000000438915507
64.14062500000000000	-0.00000000192975613
64.17968750000000000	-0.00000000363394640
64.21875000000000000	-0.00000000115169751
64.25781250000000000	-0.00000000387113885
64.29687500000000000	0.00000000017080252
64.33593750000000000	-0.00000000249990840
64.37500000000000000	0.00000000029066977
64.41406250000000000	-0.00000000041397713
64.45312500000000000	0.00000000153138121
64.49218750000000000	0.00000000002310126
64.53125000000000000	0.00000000235197051
64.57031250000000000	0.00000000073999549
64.60937500000000000	0.00000000160915568
64.64843750000000000	-0.00000000040582572
64.68750000000000000	0.00000000301242862
64.72656250000000000	-0.00000000067841975
64.76562500000000000	-0.00000000029227930
64.80468750000000000	-0.00000000233571841
64.84375000000000000	-0.00000000102318140
64.88281250000000000	-0.00000000218024990
64.92187500000000000	-0.00000000244720827
64.96093750000000000	-0.00000000303565309
65.00000000000000000	-0.00000000204564869
65.03906250000000000	-0.00000000206644754
65.07812500000000000	-0.00000000147290611
65.11718750000000000	-0.00000000129174094
65.15625000000000000	-0.00000000182360028
65.19531250000000000	0.00000000013856062
65.23437500000000000	-0.00000000051303843
65.27343750000000000	0.00000000271757327
65.31250000000000000	0.00000000140809646
65.35156250000000000	0.00000000368552837
65.39062500000000000	0.00000000182082026
65.42968750000000000	0.00000000334342567
65.46875000000000000	0.00000000167862047
65.50781250000000000	0.00000000461987785
65.54687500000000000	0.00000000106546822
65.58593750000000000	0.00000000409778454
65.62500000000000000	0.00000000033968329
65.66406250000000000	0.00000000401269099
65.70312500000000000	0.00000000074215559
65.74218750000000000	0.00000000341016728
65.78125000000000000	-0.00000000115954111
65.82031250000000000	0.00000000240852375
65.85937500000000000	-0.00000000258927810
65.89843750000000000	0.00000000171682110
65.93750000000000000	-0.00000000220186250
65.97656250000000000	0.00000000232679242
66.01562500000000000	-0.00000000189918312
66.05468750000000000	0.00000000251451121
66.09375000000000000	-0.00000000084742088
66.13281250000000000	0.00000000301498790
66.17187500000000000	0.00000000046512428
66.21093750000000000	0.00000000388720658
66.25000000000000000	0.00000000117828436
66.28906250000000000	0.00000000446323461
66.32812500000000000	0.00000000204469296
66.36718750000000000	0.00000000444260640
66.40625000000000000	0.00000000151435934
66.44531250000000000	0.00000000355024180
66.48437500000000000	0.00000000165340114
66.52343750000000000	0.00000000183694259
66.56250000000000000	-0.00000000034949619
66.60156250000000000	0.00000000057640916
66.64062500000000000	-0.00000000024848208
66.67968750000000000	-0.00000000050619618
66.71875000000000000	-0.00000000174365139
66.75781250000000000	-0.00000000119930087
66.79687500000000000	-0.00000000116740479
66.83593750000000000	-0.00000000102186543
66.87500000000000000	-0.00000000212364431
66.91406250000000000	-0.00000000080973011
66.95312500000000000	-0.00000000146674505
66.99218750000000000	0.00000000068690960
67.03125000000000000	-0.00000000073883465
67.07031250000000000	0.00000000047226906
67.10937500000000000	0.00000000128282935
67.14843750000000000	0.00000000203758319
67.18750000000000000	0.00000000183607709
67.22656250000000000	0.00000000241796828
67.26562500000000000	0.00000000179651475
67.30468750000000000	0.00000000265548756
67.34375000000000000	0.00000000132865457
67.38281250000000000	0.00000000210731002
67.42187500000000000	0.00000000050225122
67.46093750000000000	0.00000000104328113
67.50000000000000000	-0.00000000050677297
67.53906250000000000	0.00000000003690514
67.57812500000000000	-0.00000000206705607
67.61718750000000000	-0.00000000099941204
67.65625000000000000	-0.00000000143578316
67.69531250000000000	-0.00000000209877280
67.73437500000000000	-0.00000000200378943
67.77343750000000000	-0.00000000144350342
67.81250000000000000	-0.00000000083463645
67.85156250000000000	-0.00000000068498563
67.89062500000000000	-0.00000000047864973
67.92968750000000000	-0.00000000006331018
67.96875000000000000	0.00000000125815078
68.00781250000000000	0.00000000032244130
68.04687500000000000	0.00000000260434696
68.08593750000000000	0.00000000129746637
68.12500000000000000	0.00000000326945270
68.16406250000000000	0.00000000086448974
68.20312500000000000	0.00000000351362749
68.24218750000000000	0.00000000062780544
68.28125000000000000	0.00000000314107543
68.32031250000000000	-0.00000000151423616
68.35937500000000000	0.00000000128401008
68.39843750000000000	-0.00000000300946135
68.43750000000000000	-0.00000000031914790
68.47656250000000000	-0.00000000411647273
68.51562500000000000	-0.00000000165519635
68.55468750000000000	-0.00000000513802800
68.59375000000000000	-0.00000000129627558
68.63281250000000000	-0.00000000527947098
68.67187500000000000	-0.00000000214455252
68.71093750000000000	-0.00000000392874332
68.75000000000000000	-0.00000000030570323
68.78906250000000000	-0.00000000269965323
68.82812500000000000	0.00000000051345129
68.86718750000000000	-0.00000000152449788
68.90625000000000000	0.00000000207597679
68.94531250000000000	-0.00000000020617996
68.98437500000000000	0.00000000174611465
69.02343750000000000	0.00000000048459897
69.06250000000000000	0.00000000258335040
69.10156250000000000	0.00000000084238530
69.14062500000000000	0.00000000200600801
69.17968750000000000	0.00000000023648055
69.21875000000000000	0.00000000138268016
69.25781250000000000	0.00000000004038690
69.29687500000000000	-0.00000000039039015
69.33593750000000000	-0.00000000067005074
69.37500000000000000	-0.00000000085866308
69.41406250000000000	-0.00000000144964577
69.45312500000000000	-0.00000000012497606
69.49218750000000000	-0.00000000097893665
69.53125000000000000	0.00000000297627345
69.57031250000000000	-0.00000000014250337
69.60937500000000000	0.00000000060400437
69.64843750000000000	-0.00000000133491113
69.68750000000000000	0.00000000197405787
69.72656250000000000	-0.00000000043568085
69.76562500000000000	0.00000000278626585
69.80468750000000000	0.00000000071682012
69.84375000000000000	0.00000000289628074
69.88281250000000000	0.00000000032669539
69.92187500000000000	0.00000000333989609
69.96093750000000000	-0.00000000039343787
70.00000000000000000	0.00000000229200022
70.03906250000000000	-0.00000000146543538
70.07812500000000000	0.00000000062426081
70.11718750000000000	-0.00000000311422622
70.15625000000000000	0.00000000045917046
70.19531250000000000	-0.00000000454342426
70.23437500000000000	-0.00000000202403691
70.27343750000000000	-0.00000000474861045
70.31250000000000000	-0.00000000090335750
70.35156250000000000	-0.00000000512732132
70.39062500000000000	-0.00000000104088482
70.42968750000000000	-0.00000000191943178
70.46875000000000000	0.00000000065078348
70.50781250000000000	-0.00000000131394443
70.54687500000000000	0.00000000042756251
70.58593750000000000	0.00000000023317199
70.62500000000000000	0.00000000297892098
70.66406250000000000	0.00000000198383352
70.70312500000000000	0.00000000221561597
70.74218750000000000	0.00000000292683541
70.78125000000000000	0.00000000352615710
70.82031250000000000	0.00000000293582623
70.85937500000000000	0.00000000242713429
70.89843750000000000	0.00000000110431628
70.93750000000000000	0.00000000094773270
70.97656250000000000	-0.00000000019347639
71.01562500000000000	-0.00000000061294309
71.05468750000000000	-0.00000000105212027
71.09375000000000000	-0.00000000122478126
71.13281250000000000	-0.00000000152129987
71.17187500000000000	-0.00000000182060507
71.21093750000000000	-0.00000000152941669
71.25000000000000000	-0.00000000160444609
71.28906250000000000	-0.00000000119558032
71.32812500000000000	-0.00000000154969195
71.36718750000000000	-0.00000000062288872
71.40625000000000000	-0.00000000024365866
71.44531250000000000	0.00000000066033276
71.48437500000000000	0.00000000078265937
71.52343750000000000	0.00000000102037509
71.56250000000000000	0.00000000130964765
71.60156250000000000	0.00000000211901788
71.64062500000000000	0.00000000223092359
71.67968750000000000	0.00000000162977383
71.71875000000000000	0.00000000081178323
71.75781250000000000	0.00000000107981588
71.79687500000000000	0.00000000048835066
71.83593750000000000	-0.00000000054222745
71.87500000000000000	-0.00000000103628398
71.91406250000000000	-0.00000000111056295
71.95312500000000000	-0.00000000154726355
71.99218750000000000	-0.00000000166644907
72.03125000000000000	-0.00000000219973809
72.07031250000000000	-0.00000000155064929
72.10937500000000000	-0.00000000104342634
72.14843750000000000	-0.00000000080557206
72.18750000000000000	-0.00000000259375374
72.22656250000000000	0.00000000044469484
72.26562500000000000	-0.00000000031971056
72.30468750000000000	0.00000000191271972
72.34375000000000000	0.00000000017077401
72.38281250000000000	0.00000000328865767
72.42187500000000000	0.00000000192598171
72.46093750000000000	0.00000000410233679
72.50000000000000000	0.00000000242667845
72.53906250000000000	0.00000000392958067
72.57812500000000000	0.00000000207649663
72.61718750000000000	0.00000000382708188
72.65625000000000000	0.00000000162953433
72.69531250000000000	0.00000000275259052
72.73437500000000000	0.00000000091619834
72.77343750000000000	0.00000000160535007
72.81250000000000000	-0.00000000040987789
72.85156250000000000	-0.00000000025958929
72.89062500000000000	-0.00000000243358841
72.92968750000000000	-0.00000000072422320
72.96875000000000000	-0.00000000168180190
73.00781250000000000	-0.00000000099460962
73.04687500000000000	-0.00000000080395635
73.08593750000000000	-0.00000000012236213
73.12500000000000000	-0.00000000049238928
73.16406250000000000	0.00000000127710062
73.20312500000000000	0.00000000052513819
73.24218750000000000	0.00000000193163051
73.28125000000000000	0.00000000144564929
73.32031250000000000	0.00000000298953676
73.35937500000000000	0.00000000175784020
73.39843750000000000	0.00000000274667116
73.43750000000000000	0.00000000156772706
73.47656250000000000	0.00000000301600600
73.51562500000000000	0.00000000116801360
73.55468750000000000	0.00000000215736224
73.59375000000000000	-0.00000000024161234
73.63281250000000000	0.00000000140132818
73.67187500000000000	-0.00000000010204036
73.71093750000000000	0.00000000069060710
73.75000000000000000	-0.00000000205955428
73.78906250000000000	0.00000000072781728
73.82812500000000000	-0.00000000113494791
73.86718750000000000	0.00000000086167589
73.90625000000000000	-0.00000000147710852
73.94531250000000000	0.00000000162189682
73.98437500000000000	-0.00000000045565438
74.02343750000000000	0.00000000306237598
74.06250000000000000	0.00000000051072409
74.10156250000000000	0.00000000439659170
74.14062500000000000	0.00000000164917606
74.17968750000000000	0.00000000501001573
74.21875000000000000	0.00000000207524945
74.25781250000000000	0.00000000411050105
74.29687500000000000	0.00000000102472202
74.33593750000000000	0.00000000421172500
74.37500000000000000	0.00000000026390685
74.41406250000000000	0.00000000349988414
74.45312500000000000	0.00000000032667778
74.49218750000000000	0.00000000344449178
74.53125000000000000	-0.00000000073095070
74.57031250000000000	0.00000000379443419
74.60937500000000000	-0.00000000091107970
74.64843750000000000	0.00000000409820677
74.68750000000000000	-0.00000000084339834
74.72656250000000000	0.00000000414948392
74.76562500000000000	-0.00000000136970796
74.80468750000000000	0.00000000386021154
74.84375000000000000	-0.00000000009904829
74.88281250000000000	0.00000000404825824
74.92187500000000000	0.00000000008823233
74.96093750000000000	0.00000000464476409
75.00000000000000000	0.00000000116074428
75.03906250000000000	0.00000000526822122
75.07812500000000000	0.00000000126028070
75.11718750000000000	0.00000000527926394
75.15625000000000000	0.00000000225813105
75.19531250000000000	0.00000000557075355
75.23437500000000000	0.00000000038694219
75.27343750000000000	0.00000000517309479
75.31250000000000000	0.00000000095445087
75.35156250000000000	0.00000000452388283
75.39062500000000000	-0.00000000172228089
75.42968750000000000	0.00000000381052813
75.46875000000000000	-0.00000000055427838
75.50781250000000000	0.00000000514350130
75.54687500000000000	-0.00000000175079146
75.58593750000000000	0.00000000596729450
75.62500000000000000	-0.00000000216794038
75.66406250000000000	0.00000000682130971
75.70312500000000000	-0.00000000191340765
75.74218750000000000	0.00000000799532916
75.78125000000000000	-0.00000000023507002
75.82031250000000000	0.00000000868447810
75.85937500000000000	0.00000000125188450
75.89843750000000000	0.00000000937590262
75.93750000000000000	0.00000000049566315
75.97656250000000000	0.00000000940995928
76.01562500000000000	0.00000000149187087
76.05468750000000000	0.00000000900935603
76.09375000000000000	0.00000000074863414
76.13281250000000000	0.00000000880363213
76.17187500000000000	0.00000000022284656
76.21093750000000000	0.00000000791258917
76.25000000000000000	-0.00000000117490158
76.28906250000000000	0.00000000655372907
76.32812500000000000	-0.00000000096728196
76.36718750000000000	0.00000000613364202
76.40625000000000000	-0.00000000169715329
76.44531250000000000	0.00000000592937712
76.48437500000000000	-0.00000000104527210
76.52343750000000000	0.00000000604649617
76.56250000000000000	-0.00000000040305096
76.60156250000000000	0.00000000567832192
76.64062500000000000	0.00000000028563184
76.67968750000000000	0.00000000599144940
76.71875000000000000	0.00000000022815551
76.75781250000000000	0.00000000675202773
76.79687500000000000	0.00000000109019294
76.83593750000000000	0.00000000699943457
76.87500000000000000	0.00000000154448431
76.91406250000000000	0.00000000554168579
76.95312500000000000	0.00000000120497845
76.99218750000000000	0.00000000473471505
77.03125000000000000	-0.00000000024133778
77.07031250000000000	0.00000000362449233
77.10937500000000000	-0.00000000087014099
77.14843750000000000	0.00000000358377022
77.18750000000000000	-0.00000000054840613
77.22656250000000000	0.00000000418577235
77.26562500000000000	-0.00000000056197180
77.30468750000000000	0.00000000438379580
77.34375000000000000	-0.00000000132893064
77.38281250000000000	0.00000000392105114
77.42187500000000000	-0.00000000062438190
77.46093750000000000	0.00000000470587081
77.50000000000000000	0.00000000100205177
77.53906250000000000	0.00000000566194247
77.57812500000000000	0.00000000113195234
77.61718750000000000	0.00000000577562911
77.65625000000000000	0.00000000187659807
77.69531250000000000	0.00000000560031109
77.73437500000000000	0.00000000128605401
77.77343750000000000	0.00000000524888042
77.81250000000000000	0.00000000104167917
77.85156250000000000	0.00000000502836472
77.89062500000000000	0.00000000064127711
77.92968750000000000	0.00000000422822591
77.96875000000000000	0.00000000034487108
78.00781250000000000	0.00000000341310476
78.04687500000000000	-0.00000000009004359
78.08593750000000000	0.00000000224187856
78.12500000000000000	-0.00000000098457050
78.16406250000000000	0.00000000232480451
78.20312500000000000	-0.00000000050888241
78.24218750000000000	0.00000000221822353
78.28125000000000000	0.00000000025010439
78.32031250000000000	0.00000000378264908
78.35937500000000000	0.00000000019932674
78.39843750000000000	0.00000000425604216
78.43750000000000000	0.00000000105274135
78.47656250000000000	0.00000000487311898
78.51562500000000000	0.00000000120190917
78.55468750000000000	0.00000000551345929
78.59375000000000000	0.00000000084227257
78.63281250000000000	0.00000000596564053
78.67187500000000000	0.00000000092890151
78.71093750000000000	0.00000000622877654
78.75000000000000000	-0.00000000015925899
78.78906250000000000	0.00000000616590778
78.82812500000000000	0.00000000035217272
78.86718750000000000	0.00000000591218080
78.90625000000000000	-0.00000000116091923
78.94531250000000000	0.00000000577608630
78.98437500000000000	-0.00000000101454360
79.02343750000000000	0.00000000565917161
79.06250000000000000	-0.00000000454335818
79.10156250000000000	0.00000000578872299
79.14062500000000000	-0.00000000401159186
79.17968750000000000	0.00000000646602388
79.21875000000000000	-0.00000000069005519
79.25781250000000000	0.00000000786970315
79.29687500000000000	0.00000000093778416
79.33593750000000000	0.00000000999194169
79.37500000000000000	-0.00000000058474591
79.41406250000000000	0.00000001075115629
79.45312500000000000	-0.00000000496094399
79.49218750000000000	0.00000001330931112
79.53125000000000000	-0.00000000126374237
79.57031250000000000	0.00000001411392378
79.60937500000000000	0.00000000013264240
79.64843750000000000	0.00000001297410448
79.68750000000000000	-0.00000000043230561
79.72656250000000000	0.00000001199960591
79.76562500000000000	-0.00000000272679988
79.80468750000000000	0.00000001336577126
79.84375000000000000	0.00000000109243651
79.88281250000000000	0.00000001512812901
79.92187500000000000	-0.00000000120803064
79.96093750000000000	0.00000001509557701
80.00000000000000000	-0.00000000036429903
80.03906250000000000	0.00000001549496235
80.07812500000000000	0.00000000187678797
80.11718750000000000	0.00000001645196103
80.15625000000000000	0.00000000053790928
80.19531250000000000	0.00000001751567122
80.23437500000000000	0.00000000594648780
80.27343750000000000	0.00000001578000572
80.31250000000000000	-0.00000000019145049
80.35156250000000000	0.00000001505154372
80.39062500000000000	-0.00000000014575900
80.42968750000000000	0.00000001449959010
80.46875000000000000	0.00000000051388948
80.50781250000000000	0.00000001352350543
80.54687500000000000	-0.00000000084300698
80.58593750000000000	0.00000001423303733
80.62500000000000000	-0.00000000081225046
80.66406250000000000	0.00000001381103623
80.70312500000000000	-0.00000000312128645
80.74218750000000000	0.00000001306516335
80.78125000000000000	-0.00000000137028921
80.82031250000000000	0.00000001234247609
80.85937500000000000	-0.00000000023048780
80.89843750000000000	0.00000001243590843
80.93750000000000000	-0.00000000010790974
80.97656250000000000	0.00000001199171924
81.01562500000000000	0.00000000003813947
81.05468750000000000	0.00000001198585736
81.09375000000000000	-0.00000000012999110
81.13281250000000000	0.00000001311647925
81.17187500000000000	0.00000000062379238
81.21093750000000000	0.00000001351153662
81.25000000000000000	0.00000000068927626
81.28906250000000000	0.00000001334979584
81.32812500000000000	0.00000000104239259
81.36718750000000000	0.00000001227297146
81.40625000000000000	-0.00000000041690218
81.44531250000000000	0.00000001194535686
81.48437500000000000	0.00000000010020856
81.52343750000000000	0.00000001117353058
81.56250000000000000	-0.00000000093148145
81.60156250000000000	0.00000001101247625
81.64062500000000000	-0.00000000055610962
81.67968750000000000	0.00000001091634278
81.71875000000000000	-0.00000000145624248
81.75781250000000000	0.00000001085752507
81.79687500000000000	-0.00000000030890621
81.83593750000000000	0.00000001063388113
81.87500000000000000	0.00000000077131414
81.91406250000000000	0.00000001104250229
81.95312500000000000	0.00000000066609639
81.99218750000000000	0.00000001125204513
82.03125000000000000	0.00000000050217791
82.07031250000000000	0.00000001068460861
82.10937500000000000	0.00000000101756460
82.14843750000000000	0.00000001120401200
82.18750000000000000	0.00000000047131696
82.22656250000000000	0.00000001159446672
82.26562500000000000	-0.00000000012608539
82.30468750000000000	0.00000001141347543
82.34375000000000000	0.00000000051026929
82.38281250000000000	0.00000001056565860
82.42187500000000000	-0.00000000021547661
82.46093750000000000	0.00000001043085206
82.50000000000000000	-0.00000000081972496
82.53906250000000000	0.00000001019785679
82.57812500000000000	-0.00000000086599354
82.61718750000000000	0.00000001038858912
82.65625000000000000	-0.00000000016004235
82.69531250000000000	0.00000001035333728
82.73437500000000000	-0.00000000023935350
82.77343750000000000	0.00000001085069014
82.81250000000000000	0.00000000071962378
82.85156250000000000	0.00000001084585990
82.89062500000000000	0.00000000020893859
82.92968750000000000	0.00000001056846619
82.96875000000000000	0.00000000129175442
83.00781250000000000	0.00000001056859211
83.04687500000000000	0.00000000051457038
83.08593750000000000	0.00000001013390838
83.12500000000000000	0.00000000017083411
83.16406250000000000	0.00000000983705727
83.20312500000000000	-0.00000000007457769
83.24218750000000000	0.00000000901872390
83.28125000000000000	0.00000000023522664
83.32031250000000000	0.00000000889929615
83.35937500000000000	-0.00000000038538804
83.39843750000000000	0.00000000846931683
83.43750000000000000	-0.00000000089846923
83.47656250000000000	0.00000000904505550
83.51562500000000000	-0.00000000002143782
83.55468750000000000	0.00000000917369008
83.59375000000000000	-0.00000000024638946
83.63281250000000000	0.00000000964699169
83.67187500000000000	0.00000000048802082
83.71093750000000000	0.00000001038024345
83.75000000000000000	0.00000000007614606
83.78906250000000000	0.00000001103287881
83.82812500000000000	0.00000000108328672
83.86718750000000000	0.00000001141477956
83.90625000000000000	0.00000000051554337
83.94531250000000000	0.00000001193892332
83.98437500000000000	0.00000000059879907
84.02343750000000000	0.00000001203417579
84.06250000000000000	0.00000000024922075
84.10156250000000000	0.00000001186458828
84.14062500000000000	-0.00000000053870835
84.17968750000000000	0.00000001139934957
84.21875000000000000	0.00000000038297887
84.25781250000000000	0.00000001160459125
84.29687500000000000	-0.00000000050658436
84.33593750000000000	0.00000001223486212
84.37500000000000000	-0.00000000082696477
84.41406250000000000	0.00000001143994703
84.45312500000000000	-0.00000000011491313
84.49218750000000000	0.00000001219223869
84.53125000000000000	0.00000000107051079
84.57031250000000000	0.00000001292704802
84.60937500000000000	0.00000000016578398
84.64843750000000000	0.00000001361020077
84.68750000000000000	0.00000000118310597
84.72656250000000000	0.00000001392557353
84.76562500000000000	0.00000000158540750
84.80468750000000000	0.00000001308704512
84.84375000000000000	0.00000000063476843
84.88281250000000000	0.00000001319439766
84.92187500000000000	0.00000000049566639
84.96093750000000000	0.00000001234881275
85.00000000000000000	0.00000000028088115
85.03906250000000000	0.00000001181963659
85.07812500000000000	0.00000000015563987
85.11718750000000000	0.00000001136574329
85.15625000000000000	-0.00000000068627152
85.19531250000000000	0.00000001060572007
85.23437500000000000	-0.00000000086318841
85.27343750000000000	0.00000001060852547
85.31250000000000000	-0.00000000036981524
85.35156250000000000	0.00000001163936648
85.39062500000000000	-0.00000000037287198
85.42968750000000000	0.00000001229495751
85.46875000000000000	-0.00000000115347547
85.50781250000000000	0.00000001166324138
85.54687500000000000	0.00000000001519504
85.58593750000000000	0.00000001168912469
85.62500000000000000	-0.00000000051560757
85.66406250000000000	0.00000001257282034
85.70312500000000000	0.00000000097266823
85.74218750000000000	0.00000001339638055
85.78125000000000000	0.00000000023212496
85.82031250000000000	0.00000001162791166
85.85937500000000000	-0.00000000012140662
85.89843750000000000	0.00000001075768543
85.93750000000000000	-0.00000000116202155
85.97656250000000000	0.00000001043556094
86.01562500000000000	-0.00000000131787697
86.05468750000000000	0.00000001047751195
86.09375000000000000	0.00000000008202112
86.13281250000000000	0.00000001007559170
86.17187500000000000	-0.00000000015638770
86.21093750000000000	0.00000001053319273
86.25000000000000000	0.00000000005644159
86.28906250000000000	0.00000001021641982
86.32812500000000000	0.00000000015198528
86.36718750000000000	0.00000001020710878
86.40625000000000000	0.00000000052887133
86.44531250000000000	0.00000001071041476
86.48437500000000000	0.00000000060433034
86.52343750000000000	0.00000001063337973
86.56250000000000000	0.00000000072751933
86.60156250000000000	0.00000000960279704
86.64062500000000000	0.00000000062929784
86.67968750000000000	0.00000000951022479
86.71875000000000000	0.00000000023531615
86.75781250000000000	0.00000000907454797
86.79687500000000000	-0.00000000043695922
86.83593750000000000	0.00000000915002376
86.87500000000000000	-0.00000000080724748
86.91406250000000000	0.00000000841367866
86.95312500000000000	-0.00000000051515013
86.99218750000000000	0.00000000899851235
87.03125000000000000	-0.00000000067297072
87.07031250000000000	0.00000000933054322
87.10937500000000000	-0.00000000051133334
87.14843750000000000	0.00000000958834162
87.18750000000000000	0.00000000034133804
87.22656250000000000	0.00000000985274380
87.26562500000000000	0.00000000065349747
87.30468750000000000	0.00000001024240427
87.34375000000000000	0.00000000075691053
87.38281250000000000	0.00000000982216366
87.42187500000000000	-0.00000000005644350
87.46093750000000000	0.00000000968563434
87.50000000000000000	-0.00000000022385913
87.53906250000000000	0.00000000996564104
87.57812500000000000	-0.00000000051630115
87.61718750000000000	0.00000000991887552
87.65625000000000000	0.00000000012054238
87.69531250000000000	0.00000000941643331
87.73437500000000000	0.00000000016551492
87.77343750000000000	0.00000000929611390
87.81250000000000000	-0.00000000031227495
87.85156250000000000	0.00000000888337320
87.89062500000000000	-0.00000000003464186
87.92968750000000000	0.00000000883851377
87.96875000000000000	0.00000000083706659
88.00781250000000000	0.00000000974369173
88.04687500000000000	0.00000000089084184
88.08593750000000000	0.00000000947499628
88.12500000000000000	0.00000000117375267
88.16406250000000000	0.00000000965157503
88.20312500000000000	0.00000000079875072
88.24218750000000000	0.00000000880885939
88.28125000000000000	0.00000000058690355
88.32031250000000000	0.00000000802050959
88.35937500000000000	-0.00000000023482934
88.39843750000000000	0.00000000722270115
88.43750000000000000	0.00000000034954929
88.47656250000000000	0.00000000686673761
88.51562500000000000	-0.00000000004215340
88.55468750000000000	0.00000000671422290
88.59375000000000000	0.00000000009291001
88.63281250000000000	0.00000000687633703
88.67187500000000000	0.00000000042550056
88.71093750000000000	0.00000000654813769
88.75000000000000000	0.00000000029186640
88.78906250000000000	0.00000000676552701
88.82812500000000000	0.00000000046246245
88.86718750000000000	0.00000000667323242
88.90625000000000000	0.00000000029356796
88.94531250000000000	0.00000000702990323
88.98437500000000000	0.00000000033891012
89.02343750000000000	0.00000000689930372
89.06250000000000000	0.00000000126683331
89.10156250000000000	0.00000000754624319
89.14062500000000000	0.00000000024926048
89.17968750000000000	0.00000000741598871
89.21875000000000000	-0.00000000051827105
89.25781250000000000	0.00000000782029543
89.29687500000000000	-0.00000000111217468
89.33593750000000000	0.00000000688323052
89.37500000000000000	-0.00000000076860228
89.41406250000000000	0.00000000710562599
89.45312500000000000	-0.00000000124532075
89.49218750000000000	0.00000000748730952
89.53125000000000000	0.00000000073993305
89.57031250000000000	0.00000000681610807
89.60937500000000000	0.00000000038676515
89.64843750000000000	0.00000000607235782
89.68750000000000000	-0.00000000122076551
89.72656250000000000	0.00000000664075885
89.76562500000000000	-0.00000000114042393
89.80468750000000000	0.00000000655526930
89.84375000000000000	-0.00000000006977192
89.88281250000000000	0.00000000650773427
89.92187500000000000	-0.00000000066147161
89.96093750000000000	0.00000000667307216
90.00000000000000000	0.00000000000777297
90.03906250000000000	0.00000000634861177
90.07812500000000000	-0.00000000067500727
90.11718750000000000	0.00000000604887233
90.15625000000000000	0.00000000022275948
90.19531250000000000	0.00000000571397002
90.23437500000000000	-0.00000000035587404
90.27343750000000000	0.00000000524976798
90.31250000000000000	-0.00000000095747323
90.35156250000000000	0.00000000454020968
90.39062500000000000	-0.00000000050414304
90.42968750000000000	0.00000000360985857
90.46875000000000000	-0.00000000026225588
90.50781250000000000	0.00000000439269134
90.54687500000000000	0.00000000093341125
90.58593750000000000	0.00000000451804742
90.62500000000000000	-0.00000000066369293
90.66406250000000000	0.00000000289341734
90.70312500000000000	-0.00000000052291644
90.74218750000000000	0.00000000282485986
90.78125000000000000	0.00000000028607183
90.82031250000000000	0.00000000270822141
90.85937500000000000	-0.00000000043630404
90.89843750000000000	0.00000000251692754
90.93750000000000000	-0.00000000029854441
90.97656250000000000	0.00000000270591656
91.01562500000000000	-0.00000000062933120
91.05468750000000000	0.00000000334143723
91.09375000000000000	-0.00000000063881887
91.13281250000000000	0.00000000347708149
91.17187500000000000	-0.00000000039648665
91.21093750000000000	0.00000000353410531
91.25000000000000000	-0.00000000008253749
91.28906250000000000	0.00000000299167426
91.32812500000000000	-0.00000000024199214
91.36718750000000000	0.00000000323914632
91.40625000000000000	0.00000000020547544
91.44531250000000000	0.00000000325791404
91.48437500000000000	0.00000000034846944
91.52343750000000000	0.00000000324660610
91.56250000000000000	0.00000000010891243
91.60156250000000000	0.00000000289110714
91.64062500000000000	-0.00000000037554737
91.67968750000000000	0.00000000206905797
91.71875000000000000	-0.00000000043479965
91.75781250000000000	0.00000000152630265
91.79687500000000000	0.00000000000113521
91.83593750000000000	0.00000000117382008
91.87500000000000000	0.00000000073995000
91.91406250000000000	0.00000000123747789
91.95312500000000000	0.00000000012281521
91.99218750000000000	0.00000000132138767
92.03125000000000000	-0.00000000003014676
92.07031250000000000	0.00000000135968232
92.10937500000000000	-0.00000000060112352
92.14843750000000000	0.00000000163841728
92.18750000000000000	-0.00000000023005859
92.22656250000000000	0.00000000176021969
92.26562500000000000	0.00000000059176597
92.30468750000000000	0.00000000115649176
92.34375000000000000	-0.00000000018781982
92.38281250000000000	0.00000000103346551
92.42187500000000000	0.00000000046687513
92.46093750000000000	0.00000000092196543
92.50000000000000000	0.00000000017770969
92.53906250000000000	0.00000000166949717
92.57812500000000000	-0.00000000005432505
92.61718750000000000	0.00000000198923330
92.65625000000000000	0.00000000070193513
92.69531250000000000	0.00000000195238013
92.73437500000000000	0.00000000059993728
92.77343750000000000	0.00000000221954325
92.81250000000000000	0.00000000065443016
92.85156250000000000	0.00000000193714391
92.89062500000000000	-0.00000000058673930
92.92968750000000000	0.00000000176956542
92.96875000000000000	0.00000000007956895
93.00781250000000000	0.00000000127401858
93.04687500000000000	-0.00000000045606657
93.08593750000000000	0.00000000225715051
93.12500000000000000	-0.00000000013932518
93.16406250000000000	0.00000000193840724
93.20312500000000000	-0.00000000020613619
93.24218750000000000	0.00000000126244938
93.28125000000000000	0.00000000031117278
93.32031250000000000	0.00000000144367104
93.35937500000000000	0.00000000020489940
93.39843750000000000	0.00000000158568104
93.43750000000000000	0.00000000065805500
93.47656250000000000	0.00000000169664352
93.51562500000000000	0.00000000057474848
93.55468750000000000	0.00000000161619943
93.59375000000000000	0.00000000061155578
93.63281250000000000	0.00000000163029967
93.67187500000000000	-0.00000000012187819
93.71093750000000000	0.00000000151361299
93.75000000000000000	0.00000000037648007
93.78906250000000000	0.00000000131706715
93.82812500000000000	0.00000000030360931
93.86718750000000000	0.00000000089306370
93.90625000000000000	-0.00000000015951875
93.94531250000000000	0.00000000088833517
93.98437500000000000	-0.00000000056860946
94.02343750000000000	0.00000000092118298
94.06250000000000000	-0.00000000035630645
94.10156250000000000	0.00000000130743538
94.14062500000000000	0.00000000005596109
94.17968750000000000	0.00000000167778731
94.21875000000000000	0.00000000046200223
94.25781250000000000	0.00000000153573774
94.29687500000000000	-0.00000000016634253
94.33593750000000000	0.00000000175615690
94.37500000000000000	-0.00000000026688328
94.41406250000000000	0.00000000207929509
94.45312500000000000	-0.00000000009970490
94.49218750000000000	0.00000000215858802
94.53125000000000000	0.00000000000080001
94.57031250000000000	0.00000000124307204
94.60937500000000000	0.00000000034536844
94.64843750000000000	0.00000000089514470
94.68750000000000000	-0.00000000131378018
94.72656250000000000	0.00000000061587395
94.76562500000000000	-0.00000000122910098
94.80468750000000000	0.00000000155797528
94.84375000000000000	0.00000000007707477
94.88281250000000000	0.00000000191035663
94.92187500000000000	-0.00000000041360143
94.96093750000000000	0.00000000205456354
95.00000000000000000	-0.00000000033010391
95.03906250000000000	0.00000000249080853
95.07812500000000000	0.00000000019871557
95.11718750000000000	0.00000000321359783
95.15625000000000000	0.00000000037250983
95.19531250000000000	0.00000000395179803
95.23437500000000000	0.00000000074830420
95.27343750000000000	0.00000000367255362
95.31250000000000000	0.00000000118892980
95.35156250000000000	0.00000000398462848
95.39062500000000000	0.00000000020174025
95.42968750000000000	0.00000000375393617
95.46875000000000000	-0.00000000058309335
95.50781250000000000	0.00000000377382447
95.54687500000000000	0.00000000009533617
95.58593750000000000	0.00000000372541360
95.62500000000000000	-0.00000000093398420
95.66406250000000000	0.00000000322390411
95.70312500000000000	-0.00000000093000854
95.74218750000000000	0.00000000272789851
95.78125000000000000	-0.00000000016121026
95.82031250000000000	0.00000000411653275
95.85937500000000000	0.00000000016289785
95.89843750000000000	0.00000000408331551
95.93750000000000000	0.00000000032558172
95.97656250000000000	0.00000000425154819
96.01562500000000000	0.00000000057876845
96.05468750000000000	0.00000000401520032
96.09375000000000000	0.00000000000377693
96.13281250000000000	0.00000000426898396
96.17187500000000000	0.00000000074808052
96.21093750000000000	0.00000000443943685
96.25000000000000000	0.00000000022080031
96.28906250000000000	0.00000000427545744
96.32812500000000000	-0.00000000016408533
96.36718750000000000	0.00000000401339692
96.40625000000000000	-0.00000000102210926
96.44531250000000000	0.00000000376752854
96.48437500000000000	-0.00000000054927826
96.52343750000000000	0.00000000345825304
96.56250000000000000	-0.00000000066712731
96.60156250000000000	0.00000000370403895
96.64062500000000000	-0.00000000050458989
96.67968750000000000	0.00000000438252109
96.71875000000000000	-0.00000000032365602
96.75781250000000000	0.00000000491443447
96.79687500000000000	-0.00000000027635610
96.83593750000000000	0.00000000525500270
96.87500000000000000	0.00000000030618060
96.91406250000000000	0.00000000543649241
96.95312500000000000	0.00000000118290973
96.99218750000000000	0.00000000559773744
97.03125000000000000	-0.00000000021621299
97.07031250000000000	0.00000000527638434
97.10937500000000000	0.00000000009437391
97.14843750000000000	0.00000000414173301
97.18750000000000000	-0.00000000079592425
97.22656250000000000	0.00000000353231732
97.26562500000000000	-0.00000000053967920
97.30468750000000000	0.00000000315817153
97.34375000000000000	-0.00000000090155900
97.38281250000000000	0.00000000271759931
97.42187500000000000	-0.00000000038238580
97.46093750000000000	0.00000000225864304
97.50000000000000000	-0.00000000026396629
97.53906250000000000	0.00000000255085241
97.57812500000000000	0.00000000055381754
97.61718750000000000	0.00000000328835257
97.65625000000000000	0.00000000105855104
97.69531250000000000	0.00000000316583672
97.73437500000000000	0.00000000165392625
97.77343750000000000	0.00000000283302362
97.81250000000000000	0.00000000098124516
97.85156250000000000	0.00000000203520108
97.89062500000000000	-0.00000000037054033
97.92968750000000000	0.00000000118169140
97.96875000000000000	0.00000000058182428
98.00781250000000000	0.00000000025413018
98.04687500000000000	-0.00000000044574131
98.08593750000000000	-0.00000000022903207
98.12500000000000000	-0.00000000079727703
98.16406250000000000	-0.00000000101619891
98.20312500000000000	-0.00000000168590777
98.24218750000000000	-0.00000000108475809
98.28125000000000000	-0.00000000027942478
98.32031250000000000	-0.00000000117090213
98.35937500000000000	-0.00000000017203791
98.39843750000000000	0.00000000033810473
98.43750000000000000	0.00000000053038487
98.47656250000000000	0.00000000021186688
98.51562500000000000	0.00000000041330795
98.55468750000000000	0.00000000079758644
98.59375000000000000	0.00000000087315694
98.63281250000000000	0.00000000111362630
98.67187500000000000	0.00000000054481658
98.71093750000000000	0.00000000149846626
98.75000000000000000	0.00000000060762270
98.78906250000000000	0.00000000101069518
98.82812500000000000	-0.00000000003606888
98.86718750000000000	0.00000000032249037
98.90625000000000000	-0.00000000022500586
98.94531250000000000	0.00000000006692535
98.98437500000000000	-0.00000000126371568
99.02343750000000000	0.00000000012466799
99.06250000000000000	-0.00000000100264269
99.10156250000000000	0.00000000077837727
99.14062500000000000	-0.00000000130367893
99.17968750000000000	0.00000000019278105
99.21875000000000000	-0.00000000071982374
99.25781250000000000	0.00000000116269350
99.29687500000000000	-0.00000000117330293
99.33593750000000000	0.00000000016788957
99.37500000000000000	0.00000000111643258
99.41406250000000000	0.00000000048315342
99.45312500000000000	0.00000000077623636
99.49218750000000000	-0.00000000049857146
99.53125000000000000	0.00000000051345962
99.57031250000000000	-0.00000000028112995
99.60937500000000000	-0.00000000059943863
99.64843750000000000	0.00000000027657454
99.68750000000000000	-0.00000000096664035
99.72656250000000000	0.00000000024488087
99.76562500000000000	-0.00000000039423893
99.80468750000000000	0.00000000054737828
99.84375000000000000	-0.00000000006119610
99.88281250000000000	0.00000000075424917
99.92187500000000000	-0.00000000065134807
99.96093750000000000	-0.00000000052263565
100.00000000000000000	-0.00000000146049988
100.03906250000000000	-0.00000000061366403
100.07812500000000000	-0.00000000055082872
100.11718750000000000	-0.00000000056164928
100.15625000000000000	0.00000000065131182
100.19531250000000000	0.00000000013241796
100.23437500000000000	0.00000000273345867
100.27343750000000000	0.00000000118216399
100.31250000000000000	0.00000000035265679
100.35156250000000000	0.00000000098533801
100.39062500000000000	0.00000000151968001
100.42968750000000000	-0.00000000050915909
100.46875000000000000	0.00000000132959448
100.50781250000000000	0.00000000032372476
100.54687500000000000	0.00000000096454475
100.58593750000000000	0.00000000069329150
100.62500000000000000	0.00000000043628991
100.66406250000000000	-0.00000000013307852
100.70312500000000000	-0.00000000079502403
100.74218750000000000	-0.00000000114335233
100.78125000000000000	-0.00000000035237639
100.82031250000000000	0.00000000041844225
100.85937500000000000	-0.00000000078380033
100.89843750000000000	0.00000000182251189
100.93750000000000000	-0.00000000044121877
100.97656250000000000	0.00000000164230812
101.01562500000000000	0.00000000055110916
101.05468750000000000	0.00000000194508129
101.09375000000000000	0.00000000006324034
101.13281250000000000	0.00000000231082520
101.17187500000000000	0.00000000113818242
101.21093750000000000	0.00000000263280910
101.25000000000000000	0.00000000142020444
101.28906250000000000	0.00000000292954057
101.32812500000000000	0.00000000051992691
101.36718750000000000	0.00000000235351364
101.40625000000000000	-0.00000000029347504
101.44531250000000000	0.00000000170395328
101.48437500000000000	-0.00000000026488451
101.52343750000000000	0.00000000137153894
101.56250000000000000	-0.00000000062194771
101.60156250000000000	0.00000000117631425
101.64062500000000000	-0.00000000126398565
101.67968750000000000	0.00000000125086079
101.71875000000000000	-0.00000000066643753
101.75781250000000000	0.00000000117241762
101.79687500000000000	0.00000000007700551
101.83593750000000000	0.00000000107182535
101.87500000000000000	-0.00000000009429907
101.91406250000000000	0.00000000193663384
101.95312500000000000	0.00000000080937108
101.99218750000000000	0.00000000211835762
102.03125000000000000	0.00000000055388629
102.07031250000000000	0.00000000203521017
102.10937500000000000	0.00000000081087106
102.14843750000000000	0.00000000273731980
102.18750000000000000	0.00000000077564301
102.22656250000000000	0.00000000215143780
102.26562500000000000	-0.00000000002931237
102.30468750000000000	0.00000000168998657
102.34375000000000000	-0.00000000053750387
102.38281250000000000	0.00000000061971450
102.42187500000000000	-0.00000000100987148
102.46093750000000000	0.00000000075100780
102.50000000000000000	-0.00000000162159126
102.53906250000000000	0.00000000032257094
102.57812500000000000	-0.00000000086037691
102.61718750000000000	0.00000000047024663
102.65625000000000000	-0.00000000041498331
102.69531250000000000	0.00000000082645483
102.73437500000000000	-0.00000000060905340
102.77343750000000000	0.00000000201924718
102.81250000000000000	0.00000000027120534
102.85156250000000000	0.00000000204496203
102.89062500000000000	0.00000000094927660
102.92968750000000000	0.00000000230264458
102.96875000000000000	0.00000000122497618
103.00781250000000000	0.00000000196587530
103.04687500000000000	0.00000000085719792
103.08593750000000000	0.00000000208949573
103.12500000000000000	0.00000000071817550
103.16406250000000000	0.00000000179635757
103.20312500000000000	0.00000000089826463
103.24218750000000000	0.00000000175684169
103.28125000000000000	0.00000000009454569
103.32031250000000000	0.00000000092821583
103.35937500000000000	-0.00000000071871930
103.39843750000000000	0.00000000090646867
103.43750000000000000	-0.00000000008133305
103.47656250000000000	0.00000000115424043
103.51562500000000000	-0.00000000011950377
103.55468750000000000	0.00000000194497443
103.59375000000000000	0.00000000104279469
103.63281250000000000	0.00000000264003208
103.67187500000000000	0.00000000059248158
103.71093750000000000	0.00000000280057871
103.75000000000000000	0.00000000109639903
103.78906250000000000	0.00000000309304721
103.82812500000000000	0.00000000080548275
103.86718750000000000	0.00000000322952260
103.90625000000000000	0.00000000058653364
103.94531250000000000	0.00000000309530771
103.98437500000000000	0.00000000008608159
104.02343750000000000	0.00000000259398460
104.06250000000000000	0.00000000045714660
104.10156250000000000	0.00000000210173680
104.14062500000000000	-0.00000000076233118
104.17968750000000000	0.00000000174223804
104.21875000000000000	-0.00000000105926826
104.25781250000000000	0.00000000149758675
104.29687500000000000	-0.00000000051033452
104.33593750000000000	0.00000000111664604
104.37500000000000000	-0.00000000158837021
104.41406250000000000	0.00000000109193067
104.45312500000000000	-0.00000000059239495
104.49218750000000000	0.00000000168906623
104.53125000000000000	-0.00000000039438400
104.57031250000000000	0.00000000192234787
104.60937500000000000	-0.00000000013281377
104.64843750000000000	0.00000000182967709
104.68750000000000000	0.00000000062153495
104.72656250000000000	0.00000000156763553
104.76562500000000000	-0.00000000041945305
104.80468750000000000	0.00000000168046759
104.84375000000000000	0.00000000022431390
104.88281250000000000	0.00000000170755526
104.92187500000000000	0.00000000004858438
104.96093750000000000	0.00000000191549929
105.00000000000000000	0.00000000020826257
105.03906250000000000	0.00000000184952387
105.07812500000000000	-0.00000000008955343
105.11718750000000000	0.00000000142466012
105.15625000000000000	-0.00000000048856701
105.19531250000000000	0.00000000185971520
105.23437500000000000	-0.00000000101557561
105.27343750000000000	0.00000000152791895
105.31250000000000000	0.00000000050027157
105.35156250000000000	0.00000000155297882
105.39062500000000000	0.00000000061172921
105.42968750000000000	0.00000000215888342
105.46875000000000000	0.00000000071244116
105.50781250000000000	0.00000000290953680
105.54687500000000000	0.00000000035368669
105.58593750000000000	0.00000000411058414
105.62500000000000000	0.00000000051799104
105.66406250000000000	0.00000000354659326
105.70312500000000000	0.00000000006156790
105.74218750000000000	0.00000000334836862
105.78125000000000000	0.00000000066976594
105.82031250000000000	0.00000000369480685
105.85937500000000000	-0.00000000090766119
105.89843750000000000	0.00000000367878926
105.93750000000000000	-0.00000000019133037
105.97656250000000000	0.00000000425309860
106.01562500000000000	0.00000000015904350
106.05468750000000000	0.00000000429190595
106.09375000000000000	-0.00000000047657226
106.13281250000000000	0.00000000452726434
106.17187500000000000	-0.00000000047994199
106.21093750000000000	0.00000000437918455
106.25000000000000000	-0.00000000057833057
106.28906250000000000	0.00000000419175691
106.32812500000000000	-0.00000000002718205
106.36718750000000000	0.00000000418891070
106.40625000000000000	-0.00000000047397478
106.44531250000000000	0.00000000452432822
106.48437500000000000	-0.00000000022826205
106.52343750000000000	0.00000000451467659
106.56250000000000000	0.00000000037227782
106.60156250000000000	0.00000000498004998
106.64062500000000000	0.00000000037280594
106.67968750000000000	0.00000000483217854
106.71875000000000000	0.00000000050593134
106.75781250000000000	0.00000000486875363
106.79687500000000000	0.00000000051376318
106.83593750000000000	0.00000000456107517
106.87500000000000000	0.00000000013893042
106.91406250000000000	0.00000000446431089
106.95312500000000000	0.00000000027844332
106.99218750000000000	0.00000000477839881
107.03125000000000000	-0.00000000032643186
107.07031250000000000	0.00000000488261037
107.10937500000000000	0.00000000060619937
107.14843750000000000	0.00000000453746713
107.18750000000000000	0.00000000028363468
107.22656250000000000	0.00000000463052626
107.26562500000000000	-0.00000000006676361
107.30468750000000000	0.00000000452670333
107.34375000000000000	-0.00000000012674712
107.38281250000000000	0.00000000446585548
107.42187500000000000	0.00000000008975908
107.46093750000000000	0.00000000475787601
107.50000000000000000	0.00000000025614152
107.53906250000000000	0.00000000464314003
107.57812500000000000	-0.00000000003584156
107.61718750000000000	0.00000000471218071
107.65625000000000000	0.00000000019029230
107.69531250000000000	0.00000000395110998
107.73437500000000000	0.00000000008822183
107.77343750000000000	0.00000000351430987
107.81250000000000000	-0.00000000107930525
107.85156250000000000	0.00000000419702136
107.89062500000000000	-0.00000000062432023
107.92968750000000000	0.00000000394780250
107.96875000000000000	-0.00000000014824437
108.00781250000000000	0.00000000363400257
108.04687500000000000	-0.00000000116433717
108.08593750000000000	0.00000000419590500
108.12500000000000000	-0.00000000061445128
108.16406250000000000	0.00000000384305158
108.20312500000000000	-0.00000000031022894
108.24218750000000000	0.00000000387230986
108.28125000000000000	-0.00000000083243086
108.32031250000000000	0.00000000412742536
108.35937500000000000	0.00000000010050029
108.39843750000000000	0.00000000458128003
108.43750000000000000	0.00000000040964905
108.47656250000000000	0.00000000509042362
108.51562500000000000	0.00000000087970874
108.55468750000000000	0.00000000550023446
108.59375000000000000	0.00000000106932030
108.63281250000000000	0.00000000540601125
108.67187500000000000	0.00000000043152787
108.71093750000000000	0.00000000482925829
108.75000000000000000	0.00000000022324747
108.78906250000000000	0.00000000440743637
108.82812500000000000	-0.00000000008478534
108.86718750000000000	0.00000000435310234
108.90625000000000000	-0.00000000023647836
108.94531250000000000	0.00000000400260992
108.98437500000000000	-0.00000000065424880
109.02343750000000000	0.00000000422464478
109.06250000000000000	-0.00000000046087238
109.10156250000000000	0.00000000398071785
109.14062500000000000	-0.00000000074801146
109.17968750000000000	0.00000000405882648
109.21875000000000000	0.00000000047382518
109.25781250000000000	0.00000000473714369
109.29687500000000000	-0.00000000028462810
109.33593750000000000	0.00000000534636783
109.37500000000000000	0.00000000106195210
109.41406250000000000	0.00000000635633951
109.45312500000000000	0.00000000062304807
109.49218750000000000	0.00000000646701771
109.53125000000000000	0.00000000252473596
109.57031250000000000	0.00000000586159926
109.60937500000000000	0.00000000055735006
109.64843750000000000	0.00000000565082929
109.68750000000000000	0.00000000063579834
109.72656250000000000	0.00000000601982742
109.76562500000000000	0.00000000020117827
109.80468750000000000	0.00000000561687351
109.84375000000000000	-0.00000000060393890
109.88281250000000000	0.00000000537016344
109.92187500000000000	-0.00000000037674236
109.96093750000000000	0.00000000511934267
110.00000000000000000	-0.00000000032635782
110.03906250000000000	0.00000000543096764
110.07812500000000000	0.00000000029147412
110.11718750000000000	0.00000000543914404
110.15625000000000000	-0.00000000031939452
110.19531250000000000	0.00000000609930264
110.23437500000000000	0.00000000056856791
110.27343750000000000	0.00000000609539518
110.31250000000000000	0.00000000000236529
110.35156250000000000	0.00000000612355254
110.39062500000000000	0.00000000087933534
110.42968750000000000	0.00000000524640196
110.46875000000000000	0.00000000083037587
110.50781250000000000	0.00000000510144254
110.54687500000000000	-0.00000000066153159
110.58593750000000000	0.00000000315387674
110.62500000000000000	-0.00000000072807655
110.66406250000000000	0.00000000175614766
110.70312500000000000	-0.00000000087777866
110.74218750000000000	0.00000000152088484
110.78125000000000000	-0.00000000070547158
110.82031250000000000	0.00000000224510380
110.85937500000000000	-0.00000000045868141
110.89843750000000000	0.00000000257103332
110.93750000000000000	-0.00000000072579244
110.97656250000000000	0.00000000240180092
111.01562500000000000	0.00000000049082167
111.05468750000000000	0.00000000302959610
111.09375000000000000	0.00000000001153258
111.13281250000000000	0.00000000314553204
111.17187500000000000	0.00000000084516919
111.21093750000000000	0.00000000358718244
111.25000000000000000	0.00000000063712799
111.28906250000000000	0.00000000345201485
111.32812500000000000	0.00000000073343945
111.36718750000000000	0.00000000335533874
111.40625000000000000	0.00000000063648042
111.44531250000000000	0.00000000278367035
111.48437500000000000	-0.00000000002762539
111.52343750000000000	0.00000000276881550
111.56250000000000000	-0.00000000071251161
111.60156250000000000	0.00000000213079047
111.64062500000000000	-0.00000000122925698
111.67968750000000000	0.00000000186622564
111.71875000000000000	-0.00000000121764985
111.75781250000000000	0.00000000209489740
111.79687500000000000	-0.00000000087913816
111.83593750000000000	0.00000000277074102
111.87500000000000000	-0.00000000045389269
111.91406250000000000	0.00000000326268100
111.95312500000000000	0.00000000005835027
111.99218750000000000	0.00000000358255087
112.03125000000000000	0.00000000059506816
112.07031250000000000	0.00000000388629590
112.10937500000000000	0.00000000067199723
112.14843750000000000	0.00000000348558740
112.18750000000000000	0.00000000063169262
112.22656250000000000	0.00000000338377954
112.26562500000000000	0.00000000010687063
112.30468750000000000	0.00000000312964526
112.34375000000000000	0.00000000006568701
112.38281250000000000	0.00000000248866690
112.42187500000000000	-0.00000000042874006
112.46093750000000000	0.00000000223120934
112.50000000000000000	-0.00000000091578896
112.53906250000000000	0.00000000173451638
112.57812500000000000	-0.00000000062253893
112.61718750000000000	0.00000000141301835
112.65625000000000000	-0.00000000067418229
112.69531250000000000	0.00000000122274309
112.73437500000000000	-0.00000000068207230
112.77343750000000000	0.00000000217478018
112.81250000000000000	0.00000000047473630
112.85156250000000000	0.00000000233446611
112.89062500000000000	0.00000000043209243
112.92968750000000000	0.00000000272934579
112.96875000000000000	0.00000000082759209
113.00781250000000000	0.00000000264240697
113.04687500000000000	0.00000000026957242
113.08593750000000000	0.00000000266499852
113.12500000000000000	0.00000000037680718
113.16406250000000000	0.00000000201444159
113.20312500000000000	0.00000000013222247
113.24218750000000000	0.00000000194541274
113.28125000000000000	0.00000000033189155
113.32031250000000000	0.00000000217447311
113.35937500000000000	-0.00000000092330212
113.39843750000000000	0.00000000175196346
113.43750000000000000	-0.00000000106807325
113.47656250000000000	0.00000000139738277
113.51562500000000000	-0.00000000136912174
113.55468750000000000	0.00000000200898856
113.59375000000000000	-0.00000000070309572
113.63281250000000000	0.00000000277564001
113.67187500000000000	-0.00000000091902682
113.71093750000000000	0.00000000314163919
113.75000000000000000	0.00000000000872964
113.78906250000000000	0.00000000391931310
113.82812500000000000	0.00000000047434410
113.86718750000000000	0.00000000440389111
113.90625000000000000	0.00000000056686290
113.94531250000000000	0.00000000496727067
113.98437500000000000	0.00000000054595504
114.02343750000000000	0.00000000498244513
114.06250000000000000	0.00000000114749683
114.10156250000000000	0.00000000478619750
114.14062500000000000	0.00000000081551088
114.17968750000000000	0.00000000366249660
114.21875000000000000	-0.00000000077753487
114.25781250000000000	0.00000000317879543
114.29687500000000000	0.00000000063931735
114.33593750000000000	0.00000000281170362
114.37500000000000000	0.00000000029786870
114.41406250000000000	0.00000000234587588
114.45312500000000000	0.00000000025320261
114.49218750000000000	0.00000000233724331
114.53125000000000000	0.00000000035405968
114.57031250000000000	0.00000000243133911
114.60937500000000000	0.00000000148269424
114.64843750000000000	0.00000000205227921
114.68750000000000000	0.00000000186393058
114.72656250000000000	0.00000000222445572
114.76562500000000000	0.00000000164302447
114.80468750000000000	0.00000000252001094
114.84375000000000000	0.00000000213858473
114.88281250000000000	0.00000000227019462
114.92187500000000000	0.00000000169304778
114.96093750000000000	0.00000000144155066
115.00000000000000000	0.00000000102408987
115.03906250000000000	0.00000000057843332
115.07812500000000000	0.00000000037994085
115.11718750000000000	0.00000000054367032
115.15625000000000000	-0.00000000035441761
115.19531250000000000	0.00000000015331620
115.23437500000000000	-0.00000000044935677
115.27343750000000000	-0.00000000032093013
115.31250000000000000	-0.00000000044697766
115.35156250000000000	-0.00000000042966278
115.39062500000000000	0.00000000003524969
115.42968750000000000	0.00000000095547360
115.46875000000000000	0.00000000058117173
115.50781250000000000	0.00000000093126443
115.54687500000000000	0.00000000065677544
115.58593750000000000	0.00000000095153277
115.62500000000000000	0.00000000069952249
115.66406250000000000	0.00000000113503709
115.70312500000000000	-0.00000000018698087
115.74218750000000000	0.00000000168116982
115.78125000000000000	0.00000000032444372
115.82031250000000000	0.00000000221808698
115.85937500000000000	-0.00000000031211981
115.89843750000000000	0.00000000159940707
115.93750000000000000	-0.00000000059124919
115.97656250000000000	0.00000000133615738
116.01562500000000000	-0.00000000093353437
116.05468750000000000	0.00000000106376833
116.09375000000000000	-0.00000000119329278
116.13281250000000000	0.00000000102592717
116.17187500000000000	-0.00000000143690223
116.21093750000000000	0.00000000106663569
116.25000000000000000	-0.00000000152053998
116.28906250000000000	0.00000000129061894
116.32812500000000000	-0.00000000080460634
116.36718750000000000	0.00000000176147741
116.40625000000000000	-0.00000000023180609
116.44531250000000000	0.00000000260768703
116.48437500000000000	0.00000000052638785
116.52343750000000000	0.00000000286903284
116.56250000000000000	0.00000000097103230
116.60156250000000000	0.00000000315949812
116.64062500000000000	0.00000000053636474
116.67968750000000000	0.00000000323908003
116.71875000000000000	0.00000000116056763
116.75781250000000000	0.00000000361013523
116.79687500000000000	0.00000000125236769
116.83593750000000000	0.00000000348568907
116.87500000000000000	0.00000000045393854
116.91406250000000000	0.00000000283657128
116.95312500000000000	-0.00000000047019840
116.99218750000000000	0.00000000169500560
117.03125000000000000	-0.00000000107251226
117.07031250000000000	0.00000000140830232
117.10937500000000000	-0.00000000027333591
117.14843750000000000	0.00000000150444976
117.18750000000000000	-0.00000000024956895
117.22656250000000000	0.00000000153800828
117.26562500000000000	-0.00000000008034840
117.30468750000000000	0.00000000204864586
117.34375000000000000	0.00000000006657501
117.38281250000000000	0.00000000284456079
117.42187500000000000	0.00000000075414076
117.46093750000000000	0.00000000299903644
117.50000000000000000	0.00000000110739447
117.53906250000000000	0.00000000302208782
117.57812500000000000	0.00000000095745267
117.61718750000000000	0.00000000260442813
117.65625000000000000	0.00000000023701518
117.69531250000000000	0.00000000162899272
117.73437500000000000	0.00000000007674838
117.77343750000000000	0.00000000045417966
117.81250000000000000	-0.00000000030675750
117.85156250000000000	-0.00000000011775062
117.89062500000000000	-0.00000000162290645
117.92968750000000000	-0.00000000040885946
117.96875000000000000	-0.00000000091600113
118.00781250000000000	-0.00000000088802676
118.04687500000000000	-0.00000000097619633
118.08593750000000000	0.00000000009302346
118.12500000000000000	-0.00000000042736841
118.16406250000000000	0.00000000029240760
118.20312500000000000	0.00000000055605952
118.24218750000000000	0.00000000100139670
118.28125000000000000	0.00000000127191615
118.32031250000000000	0.00000000137628704
118.35937500000000000	0.00000000145436677
118.39843750000000000	0.00000000196044646
118.43750000000000000	0.00000000138261655
118.47656250000000000	0.00000000208094794
118.51562500000000000	0.00000000075370116
118.55468750000000000	0.00000000148005145
118.59375000000000000	0.00000000029786587
118.63281250000000000	0.00000000073823128
118.67187500000000000	-0.00000000084069748
118.71093750000000000	0.00000000055552705
118.75000000000000000	-0.00000000057292925
118.78906250000000000	0.00000000042467084
118.82812500000000000	-0.00000000110930873
118.86718750000000000	0.00000000065798325
118.90625000000000000	-0.00000000081612353
118.94531250000000000	0.00000000143497488
118.98437500000000000	-0.00000000056448018
119.02343750000000000	0.00000000229427071
119.06250000000000000	0.00000000032481808
119.10156250000000000	0.00000000279970104
119.14062500000000000	0.00000000089926916
119.17968750000000000	0.00000000179807794
119.21875000000000000	0.00000000052207572
119.25781250000000000	0.00000000244319144
119.29687500000000000	0.00000000133975220
119.33593750000000000	0.00000000220092881
119.37500000000000000	0.00000000016652565
119.41406250000000000	0.00000000292284894
119.45312500000000000	0.00000000063206901
119.49218750000000000	0.00000000016011952
119.53125000000000000	-0.00000000201392748
119.57031250000000000	0.00000000184985753
119.60937500000000000	0.00000000027924678
119.64843750000000000	0.00000000071698394
119.68750000000000000	-0.00000000203772284
119.72656250000000000	0.00000000131687820
119.76562500000000000	0.00000000001414117
119.80468750000000000	0.00000000047013066
119.84375000000000000	-0.00000000067243676
119.88281250000000000	0.00000000022688032
119.92187500000000000	0.00000000029635212
119.96093750000000000	0.00000000006234104
120.00000000000000000	-0.00000000010424128
120.03906250000000000	0.00000000050807665
120.07812500000000000	0.00000000214358009
120.11718750000000000	0.00000000106888821
120.15625000000000000	0.00000000135156334
120.19531250000000000	0.00000000195103540
120.23437500000000000	-0.00000000037802871
120.27343750000000000	0.00000000280993482
120.31250000000000000	-0.00000000081150853
120.35156250000000000	0.00000000085759353
120.39062500000000000	-0.00000000134090546
120.42968750000000000	0.00000000007311508
120.46875000000000000	-0.00000000108062571
120.50781250000000000	-0.00000000075910775
120.54687500000000000	-0.00000000324688339
120.58593750000000000	0.00000000017525332
120.62500000000000000	-0.00000000053627772
120.66406250000000000	0.00000000056764839
120.70312500000000000	-0.00000000051826595
120.74218750000000000	0.00000000062375918
120.78125000000000000	-0.00000000136516493
120.82031250000000000	0.00000000064094374
120.85937500000000000	-0.00000000033188156
120.89843750000000000	0.00000000157670552
120.93750000000000000	0.00000000005849427
120.97656250000000000	0.00000000150900271
121.01562500000000000	0.00000000077677096
121.05468750000000000	0.00000000090243371
121.09375000000000000	0.00000000005541192
121.13281250000000000	0.00000000065209526
121.17187500000000000	-0.00000000005575683
121.21093750000000000	0.00000000002735658
121.25000000000000000	-0.00000000018604185
121.28906250000000000	-0.00000000058320054
121.32812500000000000	-0.00000000064002890
121.36718750000000000	-0.00000000115436900
121.40625000000000000	-0.00000000146144150
121.44531250000000000	-0.00000000185666786
121.48437500000000000	-0.00000000139531889
121.52343750000000000	-0.00000000177544519
121.56250000000000000	-0.00000000050639545
121.60156250000000000	-0.00000000179571119
121.64062500000000000	0.00000000013557890
121.67968750000000000	-0.00000000108157603
121.71875000000000000	0.00000000047652598
121.75781250000000000	-0.00000000066674996
121.79687500000000000	0.00000000109967982
121.83593750000000000	-0.00000000018550535
121.87500000000000000	0.00000000120247807
121.91406250000000000	-0.00000000015244717
121.95312500000000000	0.00000000159418702
121.99218750000000000	-0.00000000022849694
122.03125000000000000	0.00000000139348619
122.07031250000000000	-0.00000000058923745
122.10937500000000000	0.00000000108225997
122.14843750000000000	-0.00000000132378632
122.18750000000000000	0.00000000041383537
122.22656250000000000	-0.00000000189949000
122.26562500000000000	-0.00000000098204025
122.30468750000000000	-0.00000000206898651
122.34375000000000000	-0.00000000088661929
122.38281250000000000	-0.00000000194761799
122.42187500000000000	-0.00000000041896976
122.46093750000000000	-0.00000000185666308
122.50000000000000000	-0.00000000032045350
122.53906250000000000	-0.00000000128469865
122.57812500000000000	0.00000000009474015
122.61718750000000000	-0.00000000103049715
122.65625000000000000	0.00000000086490399
122.69531250000000000	-0.00000000100203185
122.73437500000000000	0.00000000111952754
122.77343750000000000	-0.00000000121436609
122.81250000000000000	0.00000000069474214
122.85156250000000000	-0.00000000097803560
122.89062500000000000	0.00000000076069092
122.92968750000000000	-0.00000000108753964
122.96875000000000000	0.00000000045021635
123.00781250000000000	-0.00000000159436998
123.04687500000000000	0.00000000058000385
123.08593750000000000	-0.00000000165120142
123.12500000000000000	-0.00000000057586364
123.16406250000000000	-0.00000000255548446
123.20312500000000000	-0.00000000075029042
123.24218750000000000	-0.00000000254962113
123.28125000000000000	-0.00000000082478106
123.32031250000000000	-0.00000000253374131
123.35937500000000000	-0.00000000066531519
123.39843750000000000	-0.00000000175482286
123.43750000000000000	-0.00000000057297737
123.47656250000000000	-0.00000000141651419
123.51562500000000000	0.00000000031802579
123.55468750000000000	-0.00000000128174446
123.59375000000000000	0.00000000075259450
123.63281250000000000	-0.00000000162881141
123.67187500000000000	0.00000000034024453
123.71093750000000000	-0.00000000170743643
123.75000000000000000	0.00000000066249859
123.78906250000000000	-0.00000000197660452
123.82812500000000000	0.00000000038508719
123.86718750000000000	-0.00000000241654301
123.90625000000000000	-0.00000000020173802
123.94531250000000000	-0.00000000286209739
123.98437500000000000	-0.00000000043513078
124.02343750000000000	-0.00000000353434431
124.06250000000000000	-0.00000000039185257
124.10156250000000000	-0.00000000390635548
124.14062500000000000	-0.00000000043494074
124.17968750000000000	-0.00000000366650467
124.21875000000000000	-0.00000000019520019
124.25781250000000000	-0.00000000277360525
124.29687500000000000	-0.00000000003675777
124.33593750000000000	-0.00000000254046182
124.37500000000000000	0.00000000079865774
124.41406250000000000	-0.00000000225214679
124.45312500000000000	0.00000000135881820
124.49218750000000000	-0.00000000141926705
124.53125000000000000	0.00000000169502790
124.57031250000000000	-0.00000000140592087
124.60937500000000000	0.00000000038235675
124.64843750000000000	-0.00000000097011791
124.68750000000000000	0.00000000036609301
124.72656250000000000	-0.00000000195001264
124.76562500000000000	-0.00000000034286858
124.80468750000000000	-0.00000000245164882
124.84375000000000000	-0.00000000008358415
124.88281250000000000	-0.00000000238455409
124.92187500000000000	-0.00000000006703629
124.96093750000000000	-0.00000000247680514
125.00000000000000000	-0.00000000079033143
125.03906250000000000	-0.00000000239685444
125.07812500000000000	-0.00000000060695253
125.11718750000000000	-0.00000000223858038
125.15625000000000000	-0.00000000007242565
125.19531250000000000	-0.00000000198838941
125.23437500000000000	0.00000000025021925
125.27343750000000000	-0.00000000216596689
125.31250000000000000	0.00000000064125935
125.35156250000000000	-0.00000000147421496
125.39062500000000000	-0.00000000025896366
125.42968750000000000	-0.00000000189943266
125.46875000000000000	-0.00000000050766839
125.50781250000000000	-0.00000000137897160
125.54687500000000000	0.00000000039486929
125.58593750000000000	-0.00000000113827699
125.62500000000000000	0.00000000018633689
125.66406250000000000	-0.00000000184650697
125.70312500000000000	-0.00000000069389371
125.74218750000000000	-0.00000000246291104
125.78125000000000000	-0.00000000103378324
125.82031250000000000	-0.00000000196449439
125.85937500000000000	-0.00000000109957092
125.89843750000000000	-0.00000000121177118
125.93750000000000000	-0.00000000036792976
125.97656250000000000	-0.00000000071155216
126.01562500000000000	0.00000000030719787
126.05468750000000000	-0.00000000060635272
126.09375000000000000	-0.00000000071467848
126.13281250000000000	-0.00000000066956646
126.17187500000000000	0.00000000000613996
126.21093750000000000	-0.00000000029725889
126.25000000000000000	0.00000000012886765
126.28906250000000000	-0.00000000011424555
126.32812500000000000	0.00000000049071508
126.36718750000000000	-0.00000000011896106
126.40625000000000000	-0.00000000011540063
126.44531250000000000	-0.00000000035077581
126.48437500000000000	-0.00000000030094704
126.52343750000000000	-0.00000000035539642
126.56250000000000000	-0.00000000056852754
126.60156250000000000	-0.00000000052535816
126.64062500000000000	-0.00000000013052155
126.67968750000000000	-0.00000000036270063
126.71875000000000000	-0.00000000023579957
126.75781250000000000	-0.00000000103890313
126.79687500000000000	-0.00000000034285925
126.83593750000000000	-0.00000000073937088
126.87500000000000000	-0.00000000011847827
126.91406250000000000	-0.00000000046708721
126.95312500000000000	-0.00000000016955895
126.99218750000000000	-0.00000000042033566
127.03125000000000000	-0.00000000001257296
127.07031250000000000	-0.00000000059684742
127.10937500000000000	-0.00000000022847524
127.14843750000000000	-0.00000000100721049
127.18750000000000000	-0.00000000037820547
127.22656250000000000	-0.00000000112799898
127.26562500000000000	-0.00000000067277326
127.30468750000000000	-0.00000000092325509
127.34375000000000000	-0.00000000016642253
127.38281250000000000	-0.00000000052914341
127.42187500000000000	-0.00000000019142886
127.46093750000000000	-0.00000000025048736
127.50000000000000000	-0.00000000009385332
127.53906250000000000	-0.00000000036910064
127.57812500000000000	-0.00000000043839408
127.61718750000000000	-0.00000000047341006
127.65625000000000000	-0.00000000019622784
127.69531250000000000	-0.00000000045893240
127.73437500000000000	0.00000000028996899
127.77343750000000000	-0.00000000059733993
127.81250000000000000	0.00000000077082249
127.85156250000000000	-0.00000000060512800
127.89062500000000000	0.00000000006569205
127.92968750000000000	-0.00000000108444628
127.96875000000000000	0.00000000022648895
128.00781250000000000	-0.00000000133089013
128.04687500000000000	-0.00000000042795851
128.08593750000000000	-0.00000000162218665
128.12500000000000000	-0.00000000005995297
128.16406250000000000	-0.00000000136688456
128.20312500000000000	0.00000000055104323
128.24218750000000000	-0.00000000122617467
128.28125000000000000	0.00000000038370060
128.32031250000000000	-0.00000000115206343
128.35937500000000000	0.00000000044212247
128.39843750000000000	-0.00000000083683160
128.43750000000000000	0.00000000068902495
128.47656250000000000	-0.00000000077224999
128.51562500000000000	0.00000000064967226
128.55468750000000000	-0.00000000132367836
128.59375000000000000	0.00000000043611552
128.63281250000000000	-0.00000000141391795
128.67187500000000000	0.00000000035350841
128.71093750000000000	-0.00000000166597270
128.75000000000000000	0.00000000030480503
128.78906250000000000	-0.00000000161954443
128.82812500000000000	0.00000000003482922
128.86718750000000000	-0.00000000181954375
128.90625000000000000	-0.00000000028505708
128.94531250000000000	-0.00000000207804344
128.98437500000000000	-0.00000000047685467
129.02343750000000000	-0.00000000238554696
129.06250000000000000	-0.00000000087367603
129.10156250000000000	-0.00000000234643734
129.14062500000000000	-0.00000000055100444
129.17968750000000000	-0.00000000248391988
129.21875000000000000	-0.00000000010394048
129.25781250000000000	-0.00000000273789991
129.29687500000000000	-0.00000000048276524
129.33593750000000000	-0.00000000278472164
129.37500000000000000	-0.00000000024676738
129.41406250000000000	-0.00000000253007540
129.45312500000000000	0.00000000085585360
129.49218750000000000	-0.00000000231308533
129.53125000000000000	0.00000000017702086
129.57031250000000000	-0.00000000343770215
129.60937500000000000	0.00000000004362637
129.64843750000000000	-0.00000000382732348
129.68750000000000000	-0.00000000051483960
129.72656250000000000	-0.00000000360112493
129.76562500000000000	-0.00000000106410280
129.80468750000000000	-0.00000000423350157
129.84375000000000000	-0.00000000037027479
129.88281250000000000	-0.00000000441648335
129.92187500000000000	-0.00000000005023623
129.96093750000000000	-0.00000000374341671
130.00000000000000000	-0.00000000027351720
130.03906250000000000	-0.00000000357234389
130.07812500000000000	0.00000000039691681
130.11718750000000000	-0.00000000256213560
130.15625000000000000	0.00000000114331709
130.19531250000000000	-0.00000000265769253
130.23437500000000000	0.00000000141177473
130.27343750000000000	-0.00000000229288287
130.31250000000000000	0.00000000016214659
130.35156250000000000	-0.00000000219341817
130.39062500000000000	0.00000000117504865
130.42968750000000000	-0.00000000268668932
130.46875000000000000	-0.00000000038924875
130.50781250000000000	-0.00000000202696356
130.54687500000000000	-0.00000000087420943
130.58593750000000000	-0.00000000132164339
130.62500000000000000	0.00000000003460122
130.66406250000000000	-0.00000000259379931
130.70312500000000000	-0.00000000083110380
130.74218750000000000	-0.00000000231761937
130.78125000000000000	-0.00000000039067483
130.82031250000000000	-0.00000000180011424
130.85937500000000000	-0.00000000143697284
130.89843750000000000	-0.00000000141044287
130.93750000000000000	-0.00000000020841473
130.97656250000000000	-0.00000000104248118
131.01562500000000000	0.00000000046258665
131.05468750000000000	-0.00000000067086393
131.09375000000000000	0.00000000068858968
131.13281250000000000	-0.00000000033206161
131.17187500000000000	0.00000000093637054
131.21093750000000000	-0.00000000076416101
131.25000000000000000	0.00000000063962538
131.28906250000000000	-0.00000000127478515
131.32812500000000000	0.00000000025082673
131.36718750000000000	-0.00000000153977174
131.40625000000000000	-0.00000000088823522
131.44531250000000000	-0.00000000160576412
131.48437500000000000	-0.00000000055105991
131.52343750000000000	-0.00000000178180036
131.56250000000000000	-0.00000000037583623
131.60156250000000000	-0.00000000186719420
131.64062500000000000	-0.00000000062587842
131.67968750000000000	-0.00000000108992605
131.71875000000000000	-0.00000000034594076
131.75781250000000000	-0.00000000097867401
131.79687500000000000	0.00000000023497143
131.83593750000000000	-0.00000000020562817
131.87500000000000000	0.00000000136265778
131.91406250000000000	0.00000000030175990
131.95312500000000000	0.00000000068951832
131.99218750000000000	0.00000000079261174
132.03125000000000000	0.00000000093560942
132.07031250000000000	0.00000000045277003
132.10937500000000000	0.00000000060862419
132.14843750000000000	-0.00000000016261383
132.18750000000000000	-0.00000000014595031
132.22656250000000000	-0.00000000080590217
132.26562500000000000	-0.00000000101889223
132.30468750000000000	-0.00000000106975449
132.34375000000000000	-0.00000000105919800
132.38281250000000000	-0.00000000118898979
132.42187500000000000	-0.00000000134772060
132.46093750000000000	-0.00000000074814661
132.50000000000000000	-0.00000000087089151
132.53906250000000000	-0.00000000006857552
132.57812500000000000	-0.00000000047392066
132.61718750000000000	0.00000000053595246
132.65625000000000000	0.00000000047531929
132.69531250000000000	0.00000000112762686
132.73437500000000000	0.00000000098868193
132.77343750000000000	0.00000000138702584
132.81250000000000000	0.00000000160997475
132.85156250000000000	0.00000000199324318
132.89062500000000000	0.00000000124940704
132.92968750000000000	0.00000000162566229
132.96875000000000000	0.00000000099149166
133.00781250000000000	0.00000000117129989
133.04687500000000000	0.00000000050121441
133.08593750000000000	0.00000000043754836
133.12500000000000000	0.00000000002997305
133.16406250000000000	-0.00000000005582786
133.20312500000000000	-0.00000000094466174
133.24218750000000000	-0.00000000027301157
133.28125000000000000	-0.00000000115959391
133.32031250000000000	-0.00000000047689127
133.35937500000000000	-0.00000000089537457
133.39843750000000000	-0.00000000026554259
133.43750000000000000	0.00000000025321659
133.47656250000000000	0.00000000059036255
133.51562500000000000	0.00000000070382021
133.55468750000000000	0.00000000120239480
133.59375000000000000	0.00000000113289039
133.63281250000000000	0.00000000134200585
133.67187500000000000	0.00000000123053377
133.71093750000000000	0.00000000113828328
133.75000000000000000	0.00000000102552844
133.78906250000000000	0.00000000132231228
133.82812500000000000	0.00000000041964361
133.86718750000000000	0.00000000103606507
133.90625000000000000	0.00000000021954846
133.94531250000000000	0.00000000091173030
133.98437500000000000	-0.00000000085638759
134.02343750000000000	0.00000000045908970
134.06250000000000000	-0.00000000131008410
134.10156250000000000	0.00000000033415000
134.14062500000000000	-0.00000000137484934
134.17968750000000000	0.00000000041690935
134.21875000000000000	-0.00000000109241357
134.25781250000000000	0.00000000144866632
134.29687500000000000	-0.00000000055628740
134.33593750000000000	0.00000000234585084
134.37500000000000000	-0.00000000002557828
134.41406250000000000	0.00000000384267658
134.45312500000000000	0.00000000091568370
134.49218750000000000	0.00000000468786885
134.53125000000000000	0.00000000188037528
134.57031250000000000	0.00000000583040502
134.60937500000000000	0.00000000173998660
134.64843750000000000	0.00000000532735904
134.68750000000000000	0.00000000031726176
134.72656250000000000	0.00000000479185903
134.76562500000000000	0.00000000024990994
134.80468750000000000	0.00000000365186539
134.84375000000000000	-0.00000000087832539
134.88281250000000000	0.00000000288311205
134.92187500000000000	-0.00000000083074390
134.96093750000000000	0.00000000240779183
135.00000000000000000	-0.00000000146299532
135.03906250000000000	0.00000000210194352
135.07812500000000000	-0.00000000100916579
135.11718750000000000	0.00000000220180237
135.15625000000000000	-0.00000000132507352
135.19531250000000000	0.00000000260099910
135.23437500000000000	0.00000000029791297
135.27343750000000000	0.00000000372820626
135.31250000000000000	0.00000000042447619
135.35156250000000000	0.00000000423477956
135.39062500000000000	0.00000000133334498
135.42968750000000000	0.00000000481419013
135.46875000000000000	0.00000000001619477
135.50781250000000000	0.00000000426638717
135.54687500000000000	-0.00000000027377695
135.58593750000000000	0.00000000365847890
135.62500000000000000	-0.00000000015910600
135.66406250000000000	0.00000000281122621
135.70312500000000000	-0.00000000152502102
135.74218750000000000	0.00000000211451205
135.78125000000000000	-0.00000000125516184
135.82031250000000000	0.00000000219926306
135.85937500000000000	-0.00000000135884754
135.89843750000000000	0.00000000279525760
135.93750000000000000	-0.00000000064779893
135.97656250000000000	0.00000000336331993
136.01562500000000000	-0.00000000001128322
136.05468750000000000	0.00000000431426503
136.09375000000000000	0.00000000103828738
136.13281250000000000	0.00000000495739476
136.17187500000000000	0.00000000117045103
136.21093750000000000	0.00000000546248060
136.25000000000000000	0.00000000150887054
136.28906250000000000	0.00000000546997691
136.32812500000000000	0.00000000150502573
136.36718750000000000	0.00000000554445704
136.40625000000000000	0.00000000131198657
136.44531250000000000	0.00000000530782891
136.48437500000000000	0.00000000048313591
136.52343750000000000	0.00000000491059293
136.56250000000000000	-0.00000000016337431
136.60156250000000000	0.00000000437560495
136.64062500000000000	-0.00000000062330783
136.67968750000000000	0.00000000445296956
136.71875000000000000	-0.00000000079541610
136.75781250000000000	0.00000000472818687
136.79687500000000000	-0.00000000092369358
136.83593750000000000	0.00000000548076013
136.87500000000000000	-0.00000000024241316
136.91406250000000000	0.00000000636912386
136.95312500000000000	0.00000000051787603
136.99218750000000000	0.00000000682379744
137.03125000000000000	0.00000000101468428
137.07031250000000000	0.00000000699230725
137.10937500000000000	0.00000000089967836
137.14843750000000000	0.00000000684343434
137.18750000000000000	0.00000000074517458
137.22656250000000000	0.00000000660209870
137.26562500000000000	0.00000000041580198
137.30468750000000000	0.00000000596474755
137.34375000000000000	-0.00000000000203603
137.38281250000000000	0.00000000555600688
137.42187500000000000	-0.00000000057912111
137.46093750000000000	0.00000000503008488
137.50000000000000000	-0.00000000057540483
137.53906250000000000	0.00000000443802671
137.57812500000000000	-0.00000000132595482
137.61718750000000000	0.00000000435366391
137.65625000000000000	-0.00000000122805462
137.69531250000000000	0.00000000430631343
137.73437500000000000	-0.00000000074915864
137.77343750000000000	0.00000000445297227
137.81250000000000000	-0.00000000020350821
137.85156250000000000	0.00000000482772580
137.89062500000000000	-0.00000000011085718
137.92968750000000000	0.00000000528553837
137.96875000000000000	0.00000000083821333
138.00781250000000000	0.00000000552104597
138.04687500000000000	0.00000000063348191
138.08593750000000000	0.00000000494724205
138.12500000000000000	0.00000000015764585
138.16406250000000000	0.00000000426919834
138.20312500000000000	-0.00000000023644683
138.24218750000000000	0.00000000357989048
138.28125000000000000	-0.00000000116009943
138.32031250000000000	0.00000000308406996
138.35937500000000000	-0.00000000126253277
138.39843750000000000	0.00000000290164915
138.43750000000000000	-0.00000000109358154
138.47656250000000000	0.00000000357358035
138.51562500000000000	-0.00000000082339412
138.55468750000000000	0.00000000387251548
138.59375000000000000	-0.00000000039387890
138.63281250000000000	0.00000000396108746
138.67187500000000000	-0.00000000024598553
138.71093750000000000	0.00000000419756599
138.75000000000000000	-0.00000000006020127
138.78906250000000000	0.00000000477302808
138.82812500000000000	0.00000000035963457
138.86718750000000000	0.00000000522710907
138.90625000000000000	0.00000000107291692
138.94531250000000000	0.00000000568057600
138.98437500000000000	0.00000000082240959
139.02343750000000000	0.00000000537596932
139.06250000000000000	0.00000000025253014
139.10156250000000000	0.00000000509238643
139.14062500000000000	0.00000000002628634
139.17968750000000000	0.00000000382126793
139.21875000000000000	-0.00000000005397196
139.25781250000000000	0.00000000425312443
139.29687500000000000	-0.00000000067028776
139.33593750000000000	0.00000000424585099
139.37500000000000000	0.00000000085379297
139.41406250000000000	0.00000000471632731
139.45312500000000000	0.00000000072992796
139.49218750000000000	0.00000000409358278
139.53125000000000000	-0.00000000112043868
139.57031250000000000	0.00000000359037500
139.60937500000000000	0.00000000082000225
139.64843750000000000	0.00000000354857553
139.68750000000000000	0.00000000062998080
139.72656250000000000	0.00000000280609638
139.76562500000000000	0.00000000189220382
139.80468750000000000	0.00000000213850554
139.84375000000000000	0.00000000047326261
139.88281250000000000	0.00000000280622489
139.92187500000000000	0.00000000059352661
139.96093750000000000	0.00000000282358131
140.00000000000000000	0.00000000034237211
140.03906250000000000	0.00000000293051540
140.07812500000000000	-0.00000000051997024
140.11718750000000000	0.00000000191226347
140.15625000000000000	-0.00000000097939363
140.19531250000000000	0.00000000108828393
140.23437500000000000	-0.00000000095580686
140.27343750000000000	0.00000000157713993
140.31250000000000000	0.00000000075957185
140.35156250000000000	0.00000000245753046
140.39062500000000000	0.00000000097514173
140.42968750000000000	0.00000000323853348
140.46875000000000000	-0.00000000090412221
140.50781250000000000	0.00000000204593132
140.54687500000000000	-0.00000000030157041
140.58593750000000000	0.00000000183404351
140.62500000000000000	0.00000000079384725
140.66406250000000000	0.00000000204287621
140.70312500000000000	-0.00000000009202560
140.74218750000000000	0.00000000263564223
140.78125000000000000	0.00000000009013320
140.82031250000000000	0.00000000333986980
140.85937500000000000	-0.00000000019605226
140.89843750000000000	0.00000000335412189
140.93750000000000000	0.00000000056112155
140.97656250000000000	0.00000000260276676
141.01562500000000000	-0.00000000022102569
141.05468750000000000	0.00000000268711092
141.09375000000000000	-0.00000000005837363
141.13281250000000000	0.00000000242718220
141.17187500000000000	-0.00000000052497751
141.21093750000000000	0.00000000225457411
141.25000000000000000	-0.00000000031468982
141.28906250000000000	0.00000000219669989
141.32812500000000000	0.00000000004352442
141.36718750000000000	0.00000000265485103
141.40625000000000000	0.00000000020920611
141.44531250000000000	0.00000000293540078
141.48437500000000000	0.00000000049438409
141.52343750000000000	0.00000000269669058
141.56250000000000000	0.00000000011858099
141.60156250000000000	0.00000000269541391
141.64062500000000000	0.00000000024432150
141.67968750000000000	0.00000000271517074
141.71875000000000000	0.00000000048183194
141.75781250000000000	0.00000000320963405
141.79687500000000000	0.00000000043758603
141.83593750000000000	0.00000000364583050
141.87500000000000000	0.00000000096315138
141.91406250000000000	0.00000000396842517
141.95312500000000000	0.00000000073115773
141.99218750000000000	0.00000000397337818
142.03125000000000000	0.00000000012289624
142.07031250000000000	0.00000000326355613
142.10937500000000000	0.00000000013436089
142.14843750000000000	0.00000000272017815
142.18750000000000000	-0.00000000002377158
142.22656250000000000	0.00000000291819180
142.26562500000000000	0.00000000000781637
142.30468750000000000	0.00000000316717713
142.34375000000000000	-0.00000000031154700
142.38281250000000000	0.00000000317758412
142.42187500000000000	-0.00000000019619623
142.46093750000000000	0.00000000345650542
142.50000000000000000	0.00000000010019886
142.53906250000000000	0.00000000355549560
142.57812500000000000	-0.00000000021531905
142.61718750000000000	0.00000000372189786
142.65625000000000000	0.00000000070543572
142.69531250000000000	0.00000000352766913
142.73437500000000000	0.00000000036177792
142.77343750000000000	0.00000000325951205
142.81250000000000000	0.00000000022243061
142.85156250000000000	0.00000000280063302
142.89062500000000000	-0.00000000042107673
142.92968750000000000	0.00000000210112565
142.96875000000000000	-0.00000000095219230
143.00781250000000000	0.00000000157181262
143.04687500000000000	-0.00000000081974783
143.08593750000000000	0.00000000107797234
143.12500000000000000	-0.00000000110514284
143.16406250000000000	0.00000000098096632
143.20312500000000000	-0.00000000142996047
143.24218750000000000	0.00000000072704003
143.28125000000000000	-0.00000000071880206
143.32031250000000000	0.00000000162386232
143.35937500000000000	0.00000000004567453
143.39843750000000000	0.00000000230770509
143.43750000000000000	0.00000000016206394
143.47656250000000000	0.00000000285873769
143.51562500000000000	0.00000000030220943
143.55468750000000000	0.00000000306480541
143.59375000000000000	0.00000000084832821
143.63281250000000000	0.00000000325808918
143.67187500000000000	0.00000000061947644
143.71093750000000000	0.00000000302724895
143.75000000000000000	0.00000000077508856
143.78906250000000000	0.00000000281213339
143.82812500000000000	0.00000000016333237
143.86718750000000000	0.00000000215815792
143.90625000000000000	-0.00000000068345762
143.94531250000000000	0.00000000180080422
143.98437500000000000	-0.00000000106066677
144.02343750000000000	0.00000000180909048
144.06250000000000000	-0.00000000109760808
144.10156250000000000	0.00000000159390339
144.14062500000000000	-0.00000000028901500
144.17968750000000000	0.00000000192754154
144.21875000000000000	-0.00000000025140318
144.25781250000000000	0.00000000236715840
144.29687500000000000	0.00000000055846216
144.33593750000000000	0.00000000301978994
144.37500000000000000	0.00000000076554437
144.41406250000000000	0.00000000405151826
144.45312500000000000	0.00000000207632751
144.49218750000000000	0.00000000466919180
144.53125000000000000	0.00000000183651294
144.57031250000000000	0.00000000401064190
144.60937500000000000	0.00000000156913490
144.64843750000000000	0.00000000307244399
144.68750000000000000	0.00000000088637573
144.72656250000000000	0.00000000201707333
144.76562500000000000	-0.00000000043142271
144.80468750000000000	0.00000000069315601
144.84375000000000000	-0.00000000111997299
144.88281250000000000	-0.00000000021069228
144.92187500000000000	-0.00000000206393926
144.96093750000000000	-0.00000000047910821
145.00000000000000000	-0.00000000201357165
145.03906250000000000	-0.00000000016387140
145.07812500000000000	-0.00000000094477586
145.11718750000000000	0.00000000038577415
145.15625000000000000	-0.00000000012365286
145.19531250000000000	0.00000000151965655
145.23437500000000000	0.00000000014799026
145.27343750000000000	0.00000000209785409
145.31250000000000000	0.00000000169863472
145.35156250000000000	0.00000000340550275
145.39062500000000000	0.00000000244763070
145.42968750000000000	0.00000000375524684
145.46875000000000000	0.00000000219067768
145.50781250000000000	0.00000000269576768
145.54687500000000000	0.00000000060167584
145.58593750000000000	0.00000000127264936
145.62500000000000000	-0.00000000024707043
145.66406250000000000	0.00000000037456096
145.70312500000000000	-0.00000000226505509
145.74218750000000000	-0.00000000064294775
145.78125000000000000	-0.00000000239382672
145.82031250000000000	-0.00000000152087214
145.85937500000000000	-0.00000000266245210
145.89843750000000000	-0.00000000149958347
145.93750000000000000	-0.00000000256200980
145.97656250000000000	-0.00000000056166396
146.01562500000000000	-0.00000000137891203
146.05468750000000000	0.00000000077168943
146.09375000000000000	0.00000000031457366
146.13281250000000000	0.00000000232529088
146.17187500000000000	0.00000000205715479
146.21093750000000000	0.00000000370051635
146.25000000000000000	0.00000000292711715
146.28906250000000000	0.00000000417142869
146.32812500000000000	0.00000000302942770
146.36718750000000000	0.00000000345943184
146.40625000000000000	0.00000000223800220
146.44531250000000000	0.00000000221263900
146.48437500000000000	0.00000000073710644
146.52343750000000000	0.00000000008205214
146.56250000000000000	-0.00000000146284653
146.60156250000000000	-0.00000000190472010
146.64062500000000000	-0.00000000291065654
146.67968750000000000	-0.00000000330913424
146.71875000000000000	-0.00000000345735800
146.75781250000000000	-0.00000000347414913
146.79687500000000000	-0.00000000322430217
146.83593750000000000	-0.00000000269025667
146.87500000000000000	-0.00000000157155323
146.91406250000000000	-0.00000000058435978
146.95312500000000000	0.00000000115061244
146.99218750000000000	0.00000000162528467
147.03125000000000000	0.00000000303968230
147.07031250000000000	0.00000000343313350
147.10937500000000000	0.00000000512424317
147.14843750000000000	0.00000000443941280
147.18750000000000000	0.00000000541346460
147.22656250000000000	0.00000000418464678
147.26562500000000000	0.00000000431293966
147.30468750000000000	0.00000000230559810
147.34375000000000000	0.00000000228580165
147.38281250000000000	-0.00000000078347556
147.42187500000000000	-0.00000000123383415
147.46093750000000000	-0.00000000388088018
147.50000000000000000	-0.00000000427912589
147.53906250000000000	-0.00000000638403753
147.57812500000000000	-0.00000000611496360
147.61718750000000000	-0.00000000717893656
147.65625000000000000	-0.00000000563561447
147.69531250000000000	-0.00000000593630877
147.73437500000000000	-0.00000000382463098
147.77343750000000000	-0.00000000301077435
147.81250000000000000	-0.00000000021005016
147.85156250000000000	0.00000000071143962
147.89062500000000000	0.00000000354803052
147.92968750000000000	0.00000000384281647
147.96875000000000000	0.00000000571737503
148.00781250000000000	0.00000000576974376
148.04687500000000000	0.00000000701641945
148.08593750000000000	0.00000000578899260
148.12500000000000000	0.00000000579982738
148.16406250000000000	0.00000000358313473
148.20312500000000000	0.00000000323013174
148.24218750000000000	-0.00000000019899173
148.28125000000000000	-0.00000000141848843
148.32031250000000000	-0.00000000421363004
148.35937500000000000	-0.00000000535737674
148.39843750000000000	-0.00000000779305027
148.43750000000000000	-0.00000000799015415
148.47656250000000000	-0.00000000943599816
148.51562500000000000	-0.00000000774123409
148.55468750000000000	-0.00000000810558987
148.59375000000000000	-0.00000000551930724
148.63281250000000000	-0.00000000440347632
148.67187500000000000	-0.00000000092522635
148.71093750000000000	0.00000000038137920
148.75000000000000000	0.00000000402450880
148.78906250000000000	0.00000000503894168
148.82812500000000000	0.00000000792104825
148.86718750000000000	0.00000000837148028
148.90625000000000000	0.00000000983444511
148.94531250000000000	0.00000000895653327
148.98437500000000000	0.00000000845631868
149.02343750000000000	0.00000000583122887
149.06250000000000000	0.00000000423934485
149.10156250000000000	0.00000000034530474
149.14062500000000000	-0.00000000158277460
149.17968750000000000	-0.00000000517278961
149.21875000000000000	-0.00000000705217338
149.25781250000000000	-0.00000001090222409
149.29687500000000000	-0.00000001093982581
149.33593750000000000	-0.00000001356356442
149.37500000000000000	-0.00000001216886783
149.41406250000000000	-0.00000001225945007
149.45312500000000000	-0.00000000947859255
149.49218750000000000	-0.00000000772291631
149.53125000000000000	-0.00000000303711715
149.57031250000000000	-0.00000000176096676
149.60937500000000000	0.00000000449140929
149.64843750000000000	0.00000000584350838
149.68750000000000000	0.00000001078745001
149.72656250000000000	0.00000001142956968
149.76562500000000000	0.00000001359608226
149.80468750000000000	0.00000001272229573
149.84375000000000000	0.00000001270529533
149.88281250000000000	0.00000000962399820
149.92187500000000000	0.00000000705948575
149.96093750000000000	0.00000000315293702
150.00000000000000000	-0.00000000057451279
150.03906250000000000	-0.00000000486717477
150.07812500000000000	-0.00000000849814514
150.11718750000000000	-0.00000001227732156
150.15625000000000000	-0.00000001390239126
150.19531250000000000	-0.00000001541084273
150.23437500000000000	-0.00000001498619332
150.27343750000000000	-0.00000001439729975
150.31250000000000000	-0.00000001308164476
150.35156250000000000	-0.00000000817684223
150.39062500000000000	-0.00000000533758157
150.42968750000000000	0.00000000125463476
150.46875000000000000	0.00000000543860218
150.50781250000000000	0.00000001083189567
150.54687500000000000	0.00000001345241464
150.58593750000000000	0.00000001790077408
150.62500000000000000	0.00000001811791606
150.66406250000000000	0.00000001995881824
150.70312500000000000	0.00000001892893141
150.74218750000000000	0.00000001655195306
150.78125000000000000	0.00000001252534440
150.82031250000000000	0.00000000773700826
150.85937500000000000	0.00000000216762899
150.89843750000000000	-0.00000000367646707
150.93750000000000000	-0.00000000904232396
150.97656250000000000	-0.00000001444170917
151.01562500000000000	-0.00000001795937331
151.05468750000000000	-0.00000002078445290
151.09375000000000000	-0.00000002107669546
151.13281250000000000	-0.00000002099908081
151.17187500000000000	-0.00000001809997679
151.21093750000000000	-0.00000001454966401
151.25000000000000000	-0.00000000884947135
151.28906250000000000	-0.00000000332459300
151.32812500000000000	0.00000000371559875
151.36718750000000000	0.00000000938605048
151.40625000000000000	0.00000001573816827
151.44531250000000000	0.00000001945417050
151.48437500000000000	0.00000002322785696
151.52343750000000000	0.00000002369876080
151.56250000000000000	0.00000002375721250
151.60156250000000000	0.00000002056897503
151.64062500000000000	0.00000001734997280
151.67968750000000000	0.00000001085442213
151.71875000000000000	0.00000000458020589
151.75781250000000000	-0.00000000336456758
151.79687500000000000	-0.00000001020265436
151.83593750000000000	-0.00000001747310438
151.87500000000000000	-0.00000002225367060
151.91406250000000000	-0.00000002713120279
151.95312500000000000	-0.00000002868289312
151.99218750000000000	-0.00000002863380165
152.03125000000000000	-0.00000002519422633
152.07031250000000000	-0.00000002066728038
152.10937500000000000	-0.00000001332650886
152.14843750000000000	-0.00000000589882137
152.18750000000000000	0.00000000325959646
152.22656250000000000	0.00000001090526908
152.26562500000000000	0.00000001912683137
152.30468750000000000	0.00000002505590735
152.34375000000000000	0.00000003009275510
152.38281250000000000	0.00000003195645319
152.42187500000000000	0.00000003228535061
152.46093750000000000	0.00000002855426103
152.50000000000000000	0.00000002397430566
152.53906250000000000	0.00000001596846269
152.57812500000000000	0.00000000852015423
152.61718750000000000	-0.00000000242723830
152.65625000000000000	-0.00000001109772562
152.69531250000000000	-0.00000002111213774
152.73437500000000000	-0.00000002740080029
152.77343750000000000	-0.00000003412576929
152.81250000000000000	-0.00000003579791009
152.85156250000000000	-0.00000003774060487
152.89062500000000000	-0.00000003397112139
152.92968750000000000	-0.00000002998839805
152.96875000000000000	-0.00000002084424777
153.00781250000000000	-0.00000001243085255
153.04687500000000000	-0.00000000010041860
153.08593750000000000	0.00000001004765307
153.12500000000000000	0.00000002183618376
153.16406250000000000	0.00000003005017714
153.20312500000000000	0.00000003804973317
153.24218750000000000	0.00000004152992009
153.28125000000000000	0.00000004313000294
153.32031250000000000	0.00000003968836214
153.35937500000000000	0.00000003409800564
153.39843750000000000	0.00000002492698659
153.43750000000000000	0.00000001474310591
153.47656250000000000	0.00000000200940996
153.51562500000000000	-0.00000001053762062
153.55468750000000000	-0.00000002258686650
153.59375000000000000	-0.00000003216321092
153.63281250000000000	-0.00000004109049492
153.67187500000000000	-0.00000004556823250
153.71093750000000000	-0.00000004768215143
153.75000000000000000	-0.00000004486176275
153.78906250000000000	-0.00000003978130182
153.82812500000000000	-0.00000003048732247
153.86718750000000000	-0.00000001964631824
153.90625000000000000	-0.00000000538149358
153.94531250000000000	0.00000000766227145
153.98437500000000000	0.00000002247101124
154.02343750000000000	0.00000003325658248
154.06250000000000000	0.00000004444524246
154.10156250000000000	0.00000004921745922
154.14062500000000000	0.00000005309117916
154.17968750000000000	0.00000004918800146
154.21875000000000000	0.00000004454682995
154.25781250000000000	0.00000003269023457
154.29687500000000000	0.00000002124575828
154.33593750000000000	0.00000000442309329
154.37500000000000000	-0.00000000988166850
154.41406250000000000	-0.00000002774955224
154.45312500000000000	-0.00000004032352697
154.49218750000000000	-0.00000005367197692
154.53125000000000000	-0.00000005893961164
154.57031250000000000	-0.00000006380722071
154.60937500000000000	-0.00000005996892348
154.64843750000000000	-0.00000005494545072
154.68750000000000000	-0.00000004221537570
154.72656250000000000	-0.00000002916738531
154.76562500000000000	-0.00000001089421233
154.80468750000000000	0.00000000506393346
154.84375000000000000	0.00000002408243683
154.88281250000000000	0.00000003895152101
154.92187500000000000	0.00000005317590938
154.96093750000000000	0.00000006151240741
155.00000000000000000	0.00000006780679144
155.03906250000000000	0.00000006626274495
155.07812500000000000	0.00000006256962019
155.11718750000000000	0.00000005095560542
155.15625000000000000	0.00000003679701501
155.19531250000000000	0.00000001823446569
155.23437500000000000	-0.00000000168252192
155.27343750000000000	-0.00000002199471738
155.31250000000000000	-0.00000004114854687
155.35156250000000000	-0.00000005705327749
155.39062500000000000	-0.00000006939564931
155.42968750000000000	-0.00000007505332819
155.46875000000000000	-0.00000007687544130
155.50781250000000000	-0.00000006887790353
155.54687500000000000	-0.00000005776329882
155.58593750000000000	-0.00000003951631535
155.62500000000000000	-0.00000001908991719
155.66406250000000000	0.00000000417959260
155.70312500000000000	0.00000002550166627
155.74218750000000000	0.00000004776738164
155.78125000000000000	0.00000006355902153
155.82031250000000000	0.00000007787147396
155.85937500000000000	0.00000008242232106
155.89843750000000000	0.00000008440210427
155.93750000000000000	0.00000007710405911
155.97656250000000000	0.00000006651143094
156.01562500000000000	0.00000004809749421
156.05468750000000000	0.00000002850312174
156.09375000000000000	0.00000000358485750
156.13281250000000000	-0.00000001917839703
156.17187500000000000	-0.00000004382727905
156.21093750000000000	-0.00000006403866954
156.25000000000000000	-0.00000008171860750
156.28906250000000000	-0.00000009145523243
156.32812500000000000	-0.00000009605277255
156.36718750000000000	-0.00000009124994159
156.40625000000000000	-0.00000008041536046
156.44531250000000000	-0.00000006150655461
156.48437500000000000	-0.00000003706428978
156.52343750000000000	-0.00000000913331333
156.56250000000000000	0.00000002073942920
156.60156250000000000	0.00000004979336121
156.64062500000000000	0.00000007563858137
156.67968750000000000	0.00000009532013408
156.71875000000000000	0.00000010685374872
156.75781250000000000	0.00000010992157000
156.79687500000000000	0.00000010369950176
156.83593750000000000	0.00000008743990353
156.87500000000000000	0.00000006459892843
156.91406250000000000	0.00000003607931934
156.95312500000000000	0.00000000571131118
156.99218750000000000	-0.00000002472433532
157.03125000000000000	-0.00000005171839060
157.07031250000000000	-0.00000007568257248
157.10937500000000000	-0.00000009286186715
157.14843750000000000	-0.00000010539840776
157.18750000000000000	-0.00000011037823311
157.22656250000000000	-0.00000010852483425
157.26562500000000000	-0.00000009852298236
157.30468750000000000	-0.00000008261712058
157.34375000000000000	-0.00000005766228882
157.38281250000000000	-0.00000002845734924
157.42187500000000000	0.00000000610640202
157.46093750000000000	0.00000004002675251
157.50000000000000000	0.00000007404854481
157.53906250000000000	0.00000010206255321
157.57812500000000000	0.00000012388760689
157.61718750000000000	0.00000013485542606
157.65625000000000000	0.00000013643440744
157.69531250000000000	0.00000012474729652
157.73437500000000000	0.00000010217130657
157.77343750000000000	0.00000006708721660
157.81250000000000000	0.00000002402792943
157.85156250000000000	-0.00000002238251416
157.89062500000000000	-0.00000006596355830
157.92968750000000000	-0.00000010245909838
157.96875000000000000	-0.00000012611194001
158.00781250000000000	-0.00000013962101024
158.04687500000000000	-0.00000013642348047
158.08593750000000000	-0.00000012235618107
158.12500000000000000	-0.00000010135338435
158.16406250000000000	-0.00000007731382371
158.20312500000000000	-0.00000005130824285
158.24218750000000000	-0.00000002631355690
158.28125000000000000	-0.00000000017982634
158.32031250000000000	0.00000002636718780
158.35937500000000000	0.00000006122432779
158.39843750000000000	0.00000009640605701
158.43750000000000000	0.00000012788226622
158.47656250000000000	0.00000014131213117
158.51562500000000000	0.00000015096464487
158.55468750000000000	0.00000014527459641
158.59375000000000000	0.00000012874805122
158.63281250000000000	0.00000009925957209
158.67187500000000000	0.00000006844162553
158.71093750000000000	0.00000003185169158
158.75000000000000000	-0.00000001908798581
158.78906250000000000	-0.00000007999738373
158.82812500000000000	-0.00000014416124437
158.86718750000000000	-0.00000019500448858
158.90625000000000000	-0.00000021906531296
158.94531250000000000	-0.00000021037160608
158.98437500000000000	-0.00000017246171034
159.02343750000000000	-0.00000010491078019
159.06250000000000000	-0.00000002859239034
159.10156250000000000	0.00000004639652461
159.14062500000000000	0.00000011188378635
159.17968750000000000	0.00000015345047768
159.21875000000000000	0.00000017754681626
159.25781250000000000	0.00000019292980617
159.29687500000000000	0.00000020229651147
159.33593750000000000	0.00000021124464772
159.37500000000000000	0.00000021288276497
159.41406250000000000	0.00000019383870871
159.45312500000000000	0.00000017469137910
159.49218750000000000	0.00000014254395757
159.53125000000000000	0.00000011727741294
159.57031250000000000	0.00000008542149434
159.60937500000000000	0.00000006854945060
159.64843750000000000	0.00000004737632199
159.68750000000000000	0.00000003284623593
159.72656250000000000	0.00000000970049867
159.76562500000000000	-0.00000000717603280
159.80468750000000000	-0.00000002465127880
159.84375000000000000	-0.00000003366555363
159.88281250000000000	-0.00000003671960720
159.92187500000000000	-0.00000002896538861
159.96093750000000000	-0.00000001545721809
