0.00000000000000000	0.00000000000000000
0.03906250000000000	279.79834725011431829
0.07812500000000000	262.52717301288760154
0.11718750000000000	248.02816165160288620
0.15625000000000000	233.10357994849286456
0.19531250000000000	218.78805167271116261
0.23437500000000000	204.43219891281742662
0.27343750000000000	190.47132076207984142
0.31250000000000000	176.63318502123479448
0.35156250000000000	163.16836148302397191
0.39062500000000000	149.93460338843908630
0.42968750000000000	137.10210655338460128
0.46875000000000000	124.58907816768459043
0.50781250000000000	112.52368892684538082
0.54687500000000000	100.85721834296680299
0.58593750000000000	89.69314360250717755
0.62500000000000000	79.00280862052343878
0.66406250000000000	68.87401290702516121
0.70312500000000000	59.29117472298219127
0.74218750000000000	50.33151414412712654
0.78125000000000000	41.98840244463734450
0.82031250000000000	34.33162872245601704
0.85937500000000000	27.36096800508863680
0.89843750000000000	21.14075395001005830
0.93750000000000000	15.67559930071092289
0.97656250000000000	11.02551011316072582
1.01562500000000000	7.19970310633846111
1.05468750000000000	4.24461663667869793
1.09375000000000000	2.07387522644076716
1.13281250000000000	0.59170577796224511
1.17187500000000000	-0.35779049101770127
1.21093750000000000	-0.88622687400186995
1.25000000000000000	-1.12997093347616340
1.28906250000000000	-1.16646826670366055
1.32812500000000000	-1.08971069967442880
1.36718750000000000	-0.93695180023793856
1.40625000000000000	-0.76502821844566826
1.44531250000000000	-0.58101726733359660
1.48437500000000000	-0.41759574899541840
1.52343750000000000	-0.26387667755991279
1.56250000000000000	-0.14024060702816674
1.60156250000000000	-0.02692276700554275
1.64062500000000000	0.05975736866599296
1.67968750000000000	0.14342136074701062
1.71875000000000000	0.20684283510630849
1.75781250000000000	0.27593274403373064
1.79687500000000000	0.32931144679726582
1.83593750000000000	0.39659799784293437
1.87500000000000000	0.44841163905035947
1.91406250000000000	0.52400928888666476
1.95312500000000000	0.57479585019916524
1.99218750000000000	0.67831001331411001
2.03125000000000000	0.56591848464338368
2.07031250000000000	0.16035657795992816
2.10937500000000000	-0.23461905767751662
2.14843750000000000	-0.55007766367696309
2.18750000000000000	-0.71425819689543191
2.22656250000000000	-0.75328424139100325
2.26562500000000000	-0.67762811364601849
2.30468750000000000	-0.53777761225751697
2.34375000000000000	-0.35793621271619719
2.38281250000000000	-0.17743023602075272
2.42187500000000000	-0.00931593961424505
2.46093750000000000	0.12610732728025947
2.50000000000000000	0.22918917270131359
2.53906250000000000	0.29382855956303178
2.57812500000000000	0.32809261071812124
2.61718750000000000	0.33268836076630254
2.65625000000000000	0.31748303830412383
2.69531250000000000	0.28454623537894363
2.73437500000000000	0.24204368073290650
2.77343750000000000	0.19077014536283002
2.81250000000000000	0.13606680775615182
2.85156250000000000	0.07687763337602181
2.89062500000000000	0.01603843638758967
2.92968750000000000	-0.04893814721692193
2.96875000000000000	-0.11682178619176702
3.00781250000000000	-0.19111298127625059
3.04687500000000000	-0.26875491984300326
3.08593750000000000	-0.33019090611242657
3.12500000000000000	-0.35216836903159299
3.16406250000000000	-0.32625910323534357
3.20312500000000000	-0.25443296761959022
3.24218750000000000	-0.15101884804865762
3.28125000000000000	-0.03272627383402690
3.32031250000000000	0.08140124751651211
3.35937500000000000	0.17762446645691801
3.39843750000000000	0.24526170055264732
3.43750000000000000	0.28088627000539845
3.47656250000000000	0.28417746450113418
3.51562500000000000	0.26011065019506818
3.55468750000000000	0.21440765658276353
3.59375000000000000	0.15521512593787878
3.63281250000000000	0.08918830054002345
3.67187500000000000	0.02341043405054205
3.71093750000000000	-0.03759309730981128
3.75000000000000000	-0.08959062617669734
3.78906250000000000	-0.13087068240333610
3.82812500000000000	-0.15983821596288980
3.86718750000000000	-0.17679464515030793
3.90625000000000000	-0.18162922257158473
3.94531250000000000	-0.17540708810347444
3.98437500000000000	-0.15829481323232178
4.02343750000000000	-0.13109610888955173
4.06250000000000000	-0.09344750968725085
4.10156250000000000	-0.04622576489015021
4.14062500000000000	0.00843886356645090
4.17968750000000000	0.06533770508840478
4.21875000000000000	0.11825382756081233
4.25781250000000000	0.16008382081785152
4.29687500000000000	0.18555383084837368
4.33593750000000000	0.19114002365239618
4.37500000000000000	0.17671358835452969
4.41406250000000000	0.14434403755902761
4.45312500000000000	0.09877036203777187
4.49218750000000000	0.04553361532535319
4.53125000000000000	-0.00898024671170634
4.57031250000000000	-0.05930604563882851
4.60937500000000000	-0.10062683072527710
4.64843750000000000	-0.13000788085268411
4.68750000000000000	-0.14568098770763629
4.72656250000000000	-0.14775371166882764
4.76562500000000000	-0.13718973852113384
4.80468750000000000	-0.11622657180236623
4.84375000000000000	-0.08730644285472000
4.88281250000000000	-0.05344694490179341
4.92187500000000000	-0.01731071112519191
4.96093750000000000	0.01833081179039486
5.00000000000000000	0.05132028690504183
5.03906250000000000	0.07953391983186278
5.07812500000000000	0.10142139452688989
5.11718750000000000	0.11537946597827316
5.15625000000000000	0.12032980766370076
5.19531250000000000	0.11537546559880645
5.23437500000000000	0.10057920849024282
5.27343750000000000	0.07670549744724925
5.31250000000000000	0.04578672918781151
5.35156250000000000	0.01054868206686214
5.39062500000000000	-0.02544637222268297
5.42968750000000000	-0.05867053408120171
5.46875000000000000	-0.08568593043757432
5.50781250000000000	-0.10397916961569299
5.54687500000000000	-0.11187237992529853
5.58593750000000000	-0.10905030974069477
5.62500000000000000	-0.09616637940127977
5.66406250000000000	-0.07503592861643847
5.70312500000000000	-0.04801520653101904
5.74218750000000000	-0.01801800370278184
5.78125000000000000	0.01214122232014459
5.82031250000000000	0.03971726271573844
5.85937500000000000	0.06256901637456562
5.89843750000000000	0.07900334245433333
5.93750000000000000	0.08813296677290179
5.97656250000000000	0.08958700108125048
6.01562500000000000	0.08372908185859988
6.05468750000000000	0.07129659734617884
6.09375000000000000	0.05355755636401024
6.13281250000000000	0.03195564926741237
6.17187500000000000	0.00827112900233912
6.21093750000000000	-0.01570254267730702
6.25000000000000000	-0.03801565287569385
6.28906250000000000	-0.05690847550065595
6.32812500000000000	-0.07073210548385209
6.36718750000000000	-0.07832360690977545
6.40625000000000000	-0.07894022836742877
6.44531250000000000	-0.07257083048069971
6.48437500000000000	-0.05977245496612979
6.52343750000000000	-0.04182537936489870
6.56250000000000000	-0.02042024259770609
6.60156250000000000	0.00233941999075641
6.64062500000000000	0.02434209777636138
6.67968750000000000	0.04351951469118241
6.71875000000000000	0.05822640690855645
6.75781250000000000	0.06722872005141792
6.79687500000000000	0.06996309345479315
6.83593750000000000	0.06640010846792124
6.87500000000000000	0.05716129947727800
6.91406250000000000	0.04327082897332709
6.95312500000000000	0.02617436990095372
6.99218750000000000	0.00744187281323905
7.03125000000000000	-0.01124023896012279
7.07031250000000000	-0.02834818071969466
7.10937500000000000	-0.04249859291739908
7.14843750000000000	-0.05267038977648277
7.18750000000000000	-0.05813144557609973
7.22656250000000000	-0.05859991385083248
7.26562500000000000	-0.05412706462110158
7.30468750000000000	-0.04520784855569912
7.34375000000000000	-0.03262595172607497
7.38281250000000000	-0.01751368322010612
7.42187500000000000	-0.00115449292585384
7.46093750000000000	0.01500796496651320
7.50000000000000000	0.02960014900138807
7.53906250000000000	0.04133585701972073
7.57812500000000000	0.04923981598653398
7.61718750000000000	0.05264020810670343
7.65625000000000000	0.05133239668287060
7.69531250000000000	0.04549993085166652
7.73437500000000000	0.03578667042375667
7.77343750000000000	0.02313494179209972
7.81250000000000000	0.00877739685538391
7.85156250000000000	-0.00597621007431064
7.89062500000000000	-0.01977976797964399
7.92968750000000000	-0.03146136289282225
7.96875000000000000	-0.04004168043683784
8.00781250000000000	-0.04489351190558620
8.04687500000000000	-0.04570168171783140
8.08593750000000000	-0.04255182272421176
8.12500000000000000	-0.03582678216942536
8.16406250000000000	-0.02623374960044928
8.20312500000000000	-0.01465726427235325
8.24218750000000000	-0.00215139234433213
8.28125000000000000	0.01022207834759676
8.32031250000000000	0.02140810834570944
8.35937500000000000	0.03051016891445607
8.39843750000000000	0.03678991020809549
8.43750000000000000	0.03979016405655780
8.47656250000000000	0.03930308276697828
8.51562500000000000	0.03544996060127602
8.55468750000000000	0.02860587363152636
8.59375000000000000	0.01942968153804222
8.63281250000000000	0.00874407722921410
8.67187500000000000	-0.00247672908181012
8.71093750000000000	-0.01325445416654639
8.75000000000000000	-0.02263620532530880
8.78906250000000000	-0.02983808846894941
8.82812500000000000	-0.03425774682672005
8.86718750000000000	-0.03558147015394778
8.90625000000000000	-0.03375221247974954
8.94531250000000000	-0.02902202375595368
8.98437500000000000	-0.02186817663678430
9.02343750000000000	-0.01299490582442514
9.06250000000000000	-0.00321227933915297
9.10156250000000000	0.00658971722419057
9.14062500000000000	0.01557110082334992
9.17968750000000000	0.02296540147640580
9.21875000000000000	0.02819025717448015
9.25781250000000000	0.03084407754832319
9.29687500000000000	0.03077928586327609
9.33593750000000000	0.02806146190222510
9.37500000000000000	0.02300096388756117
9.41406250000000000	0.01607689990527301
9.45312500000000000	0.00793541882397629
9.49218750000000000	-0.00070958604215337
9.53125000000000000	-0.00909642089818595
9.57031250000000000	-0.01652059596456907
9.60937500000000000	-0.02235344026226356
9.64843750000000000	-0.02613383105896202
9.68750000000000000	-0.02756596637725599
9.72656250000000000	-0.02658197195078444
9.76562500000000000	-0.02330580464121440
9.80468750000000000	-0.01807814783991966
9.84375000000000000	-0.01138541032592798
9.88281250000000000	-0.00385159278059460
9.92187500000000000	0.00385598740676365
9.96093750000000000	0.01105093120253912
10.00000000000000000	0.01712435056914085
10.03906250000000000	0.02156268503205148
10.07812500000000000	0.02402512612956892
10.11718750000000000	0.02433571763614206
10.15625000000000000	0.02252773089035920
10.19531250000000000	0.01880223515652437
10.23437500000000000	0.01353802146359371
10.27343750000000000	0.00722145636584271
10.31250000000000000	0.00043323169352924
10.35156250000000000	-0.00623639058047478
10.39062500000000000	-0.01220674536892739
10.42968750000000000	-0.01698739800689148
10.46875000000000000	-0.02018705614875235
10.50781250000000000	-0.02157385216082724
10.54687500000000000	-0.02106242378171549
10.58593750000000000	-0.01874602464053707
10.62500000000000000	-0.01485677483837994
10.66406250000000000	-0.00977077547732733
10.70312500000000000	-0.00394560516308244
10.74218750000000000	0.00209303717079216
10.78125000000000000	0.00782483374118640
10.82031250000000000	0.01275297431323256
10.85937500000000000	0.01647305473580418
10.89843750000000000	0.01868071152874227
10.93750000000000000	0.01922185059357748
10.97656250000000000	0.01807826835194609
11.01562500000000000	0.01539118809346014
11.05468750000000000	0.01142170727989480
11.09375000000000000	0.00654906167469254
11.13281250000000000	0.00121152218640529
11.17187500000000000	-0.00411045667218825
11.21093750000000000	-0.00895984469850305
11.25000000000000000	-0.01292023231781421
11.28906250000000000	-0.01567318421635559
11.32812500000000000	-0.01700190283547206
11.36718750000000000	-0.01682897596849267
11.40625000000000000	-0.01519842437880059
11.44531250000000000	-0.01228985348032318
11.48437500000000000	-0.00837879503581719
11.52343750000000000	-0.00383124187748204
11.56250000000000000	0.00095043160591996
11.60156250000000000	0.00554270336336109
11.64062500000000000	0.00955771105053362
11.67968750000000000	0.01265603952611141
11.71875000000000000	0.01459433502243319
11.75781250000000000	0.01522487325843738
11.79687500000000000	0.01452545047493260
11.83593750000000000	0.01257979533617417
11.87500000000000000	0.00958710643405065
11.91406250000000000	0.00582388635845692
11.95312500000000000	0.00163703263999655
11.99218750000000000	-0.00260594716418974
12.03125000000000000	-0.00653111593062068
12.07031250000000000	-0.00980871928940464
12.10937500000000000	-0.01216318747853234
12.14843750000000000	-0.01341379609017805
12.18750000000000000	-0.01347088042101793
12.22656250000000000	-0.01235914643858701
12.26562500000000000	-0.01019597262043260
12.30468750000000000	-0.00719600261311618
12.34375000000000000	-0.00363372259359615
12.38281250000000000	0.00016536414661158
12.42187500000000000	0.00387044139175582
12.46093750000000000	0.00715814570704869
12.50000000000000000	0.00975633692172133
12.53906250000000000	0.01145083281947916
12.57812500000000000	0.01211816151741038
12.61718750000000000	0.01171887099338378
12.65625000000000000	0.01031415580406941
12.69531250000000000	0.00804345045513745
12.73437500000000000	0.00512547283230749
12.77343750000000000	0.00182296379828082
12.81250000000000000	-0.00156637670888275
12.85156250000000000	-0.00475077072983425
12.89062500000000000	-0.00745503647431203
12.92968750000000000	-0.00945831934646149
12.96875000000000000	-0.01059804032150801
13.00781250000000000	-0.01079663195118315
13.04687500000000000	-0.01005284855337184
13.08593750000000000	-0.00845399336414184
13.12500000000000000	-0.00615300045064528
13.16406250000000000	-0.00336743080627427
13.20312500000000000	-0.00034568201040520
13.24218750000000000	0.00264169816588315
13.28125000000000000	0.00533938074215526
13.32031250000000000	0.00751586895503315
13.35937500000000000	0.00899631043681381
13.39843750000000000	0.00966348597305729
13.43750000000000000	0.00947965099673445
13.47656250000000000	0.00847538167762944
13.51562500000000000	0.00675815331601071
13.55468750000000000	0.00448877082393491
13.59375000000000000	0.00187877564644395
13.63281250000000000	-0.00084141421266126
13.67187500000000000	-0.00343057176480166
13.71093750000000000	-0.00566993857115314
13.75000000000000000	-0.00736966608249236
13.78906250000000000	-0.00839655820847018
13.82812500000000000	-0.00867260366788214
13.86718750000000000	-0.00819230496862562
13.90625000000000000	-0.00700996690108325
13.94531250000000000	-0.00524534169629888
13.98437500000000000	-0.00306052618091064
14.02343750000000000	-0.00065635408858705
14.06250000000000000	0.00175704094041272
14.10156250000000000	0.00396738613152336
14.14062500000000000	0.00578981813222012
14.17968750000000000	0.00707142176067385
14.21875000000000000	0.00771462622001995
14.25781250000000000	0.00767395103123387
14.29687500000000000	0.00696946025653168
14.33593750000000000	0.00567308008676582
14.37500000000000000	0.00391203722143270
14.41406250000000000	0.00184601116502984
14.45312500000000000	-0.00033691724783187
14.49218750000000000	-0.00244741698939071
14.53125000000000000	-0.00430133299311353
14.57031250000000000	-0.00574545137783688
14.60937500000000000	-0.00666032838294737
14.64843750000000000	-0.00697989362366231
14.68750000000000000	-0.00668608235631441
14.72656250000000000	-0.00581926921216951
14.76562500000000000	-0.00446401236712753
14.80468750000000000	-0.00275008525342570
14.84375000000000000	-0.00083115525130531
14.88281250000000000	0.00111986428087519
14.92187500000000000	0.00293540395351081
14.96093750000000000	0.00445848460293526
15.00000000000000000	0.00556514953966860
15.03906250000000000	0.00616557024005280
15.07812500000000000	0.00622005880661860
15.11718750000000000	0.00573269317211007
15.15625000000000000	0.00475877056933651
15.19531250000000000	0.00339035851759919
15.23437500000000000	0.00175623444016248
15.27343750000000000	0.00000139739829181
15.31250000000000000	-0.00171742248162565
15.35156250000000000	-0.00325384789582805
15.39062500000000000	-0.00447614778093821
15.42968750000000000	-0.00528652560101594
15.46875000000000000	-0.00562093186845959
15.50781250000000000	-0.00546174123298573
15.54687500000000000	-0.00483078149306827
15.58593750000000000	-0.00379407403713952
15.62500000000000000	-0.00244787877734459
15.66406250000000000	-0.00091700853425377
15.70312500000000000	0.00066377812591174
15.74218750000000000	0.00215454023037662
15.78125000000000000	0.00342945189471060
15.82031250000000000	0.00438045652906337
15.85937500000000000	0.00493320480705216
15.89843750000000000	0.00504601188088809
15.93750000000000000	0.00471949336897568
15.97656250000000000	0.00398907589067101
16.01562500000000000	0.00292780588861884
16.05468750000000000	0.00163269171401815
16.09375000000000000	0.00022237580107472
16.13281250000000000	-0.00118012314357242
16.17187500000000000	-0.00245166399408741
16.21093750000000000	-0.00348611010666297
16.25000000000000000	-0.00419679036205700
16.28906250000000000	-0.00453003253879649
16.32812500000000000	-0.00446276064255331
16.36718750000000000	-0.00401029154447674
16.40625000000000000	-0.00321788395061156
16.44531250000000000	-0.00216260391293043
16.48437500000000000	-0.00093960888380978
16.52343750000000000	0.00034008889365062
16.56250000000000000	0.00156588206341716
16.60156250000000000	0.00263085731286733
16.64062500000000000	0.00344732884687355
16.67968750000000000	0.00394774336902849
16.71875000000000000	0.00409645402991257
16.75781250000000000	0.00388588832811181
16.79687500000000000	0.00334293962908532
16.83593750000000000	0.00251968679672374
16.87500000000000000	0.00149465614815707
16.91406250000000000	0.00035918958547333
16.95312500000000000	-0.00078443097430180
16.99218750000000000	-0.00183836166684958
17.03125000000000000	-0.00271133349554060
17.07031250000000000	-0.00333269408773283
17.10937500000000000	-0.00365189086403265
17.14843750000000000	-0.00364867575540495
17.18750000000000000	-0.00332807345167146
17.22656250000000000	-0.00272562179077354
17.26562500000000000	-0.00189759824930844
17.30468750000000000	-0.00092175911691244
17.34375000000000000	0.00011582770356444
17.38281250000000000	0.00112244174055833
17.42187500000000000	0.00201277255615063
17.46093750000000000	0.00271036634364183
17.50000000000000000	0.00315985631180916
17.53906250000000000	0.00332562686572400
17.57812500000000000	0.00320019735599369
17.61718750000000000	0.00279870942093076
17.65625000000000000	0.00216274461178369
17.69531250000000000	0.00135066774718054
17.73437500000000000	0.00043774992276900
17.77343750000000000	-0.00049617253444211
17.81250000000000000	-0.00136828743654176
17.85156250000000000	-0.00210542595971265
17.89062500000000000	-0.00264487811976389
17.92968750000000000	-0.00294497735788828
17.96875000000000000	-0.00298299098005423
18.00781250000000000	-0.00276198672180697
18.04687500000000000	-0.00230483549330580
18.08593750000000000	-0.00165710914153399
18.12500000000000000	-0.00087736926221169
18.16406250000000000	-0.00003716282213244
18.20312500000000000	0.00079073008808951
18.24218750000000000	0.00153336279685869
18.28125000000000000	0.00212925075711744
18.32031250000000000	0.00252819068448927
18.35937500000000000	0.00270064667730038
18.39843750000000000	0.00263469033821017
18.43750000000000000	0.00234192596327782
18.47656250000000000	0.00185083939350560
18.51562500000000000	0.00120913034547290
18.55468750000000000	0.00047412823819482
18.59375000000000000	-0.00028733287229736
18.63281250000000000	-0.00100989256882108
18.67187500000000000	-0.00163032264674778
18.71093750000000000	-0.00209797304312395
18.75000000000000000	-0.00237393388519715
18.78906250000000000	-0.00243914478015209
18.82812500000000000	-0.00229075676302343
18.86718750000000000	-0.00194694844889805
18.90625000000000000	-0.00144007429480928
18.94531250000000000	-0.00081848490968044
18.98437500000000000	-0.00013710340768997
19.02343750000000000	0.00054258072147374
19.06250000000000000	0.00116277085335774
19.10156250000000000	0.00166959112734978
19.14062500000000000	0.00202239428688102
19.17968750000000000	0.00219228515802432
19.21875000000000000	0.00216927069667956
19.25781250000000000	0.00195765701599153
19.29687500000000000	0.00158080488796206
19.33593750000000000	0.00107318577511487
19.37500000000000000	0.00048272197625763
19.41406250000000000	-0.00013909186333571
19.45312500000000000	-0.00073640974612081
19.49218750000000000	-0.00125906208397727
19.53125000000000000	-0.00166190012071680
19.57031250000000000	-0.00191339866299407
19.60937500000000000	-0.00199346413347413
19.64843750000000000	-0.00189948749487892
19.68750000000000000	-0.00164186671170040
19.72656250000000000	-0.00124710763553368
19.76562500000000000	-0.00075102380368394
19.80468750000000000	-0.00019962238981222
19.84375000000000000	0.00035914132704400
19.88281250000000000	0.00087569675070594
19.92187500000000000	0.00130692615307647
19.96093750000000000	0.00161606029841312
20.00000000000000000	0.00177951608444114
20.03906250000000000	0.00178490870590771
20.07812500000000000	0.00163569413704193
20.11718750000000000	0.00134681066632869
20.15625000000000000	0.00094688253299402
20.19531250000000000	0.00047184149942822
20.23437500000000000	-0.00003478323152153
20.27343750000000000	-0.00052932861114837
20.31250000000000000	-0.00096810365358945
20.35156250000000000	-0.00131510462016297
20.39062500000000000	-0.00154085846231886
20.42968750000000000	-0.00162911152413260
20.46875000000000000	-0.00157377085011826
20.50781250000000000	-0.00138335076772236
20.54687500000000000	-0.00107585914997715
20.58593750000000000	-0.00068128378986588
20.62500000000000000	-0.00023439450789115
20.66406250000000000	0.00022385906882038
20.70312500000000000	0.00065464033874189
20.74218750000000000	0.00101996095578802
20.78125000000000000	0.00129042423942089
20.82031250000000000	0.00144324100379082
20.85937500000000000	0.00146837610543072
20.89843750000000000	0.00136505557323278
20.93750000000000000	0.00114560874223298
20.97656250000000000	0.00083032779920911
21.01562500000000000	0.00044928916617941
21.05468750000000000	0.00003590217210423
21.09375000000000000	-0.00037243519317311
21.13281250000000000	-0.00074125660182330
21.17187500000000000	-0.00103839461987310
21.21093750000000000	-0.00124026856564748
21.25000000000000000	-0.00133025825680467
21.28906250000000000	-0.00130348929674745
21.32812500000000000	-0.00116362826858059
21.36718750000000000	-0.00092575498315987
21.40625000000000000	-0.00061152501442298
21.44531250000000000	-0.00025046339635812
21.48437500000000000	0.00012602923460921
21.52343750000000000	0.00048415683464357
21.56250000000000000	0.00079397081770879
21.60156250000000000	0.00102869214677918
21.64062500000000000	0.00117011130587976
21.67968750000000000	0.00120690254841091
21.71875000000000000	0.00113859634752628
21.75781250000000000	0.00097229376935874
21.79687500000000000	0.00072503642917356
21.83593750000000000	0.00041901224426355
21.87500000000000000	0.00008266899479184
21.91406250000000000	-0.00025500619825155
21.95312500000000000	-0.00056388998926986
21.99218750000000000	-0.00081849102205135
22.03125000000000000	-0.00099690369298373
22.07031250000000000	-0.00108586444927153
22.10937500000000000	-0.00107847645069023
22.14843750000000000	-0.00097799599734863
22.18750000000000000	-0.00079403801630288
22.22656250000000000	-0.00054495606634865
22.26562500000000000	-0.00025274495072547
22.30468750000000000	0.00005558649988270
22.34375000000000000	0.00035381526571059
22.38281250000000000	0.00061536734848524
22.42187500000000000	0.00081908395266597
22.46093750000000000	0.00094747912619743
22.50000000000000000	0.00099164441021559
22.53906250000000000	0.00094844933930072
22.57812500000000000	0.00082411780018024
22.61718750000000000	0.00063007572394617
22.65625000000000000	0.00038532126078011
22.69531250000000000	0.00011117970268427
22.73437500000000000	-0.00016715027235945
22.77343750000000000	-0.00042626464004773
22.81250000000000000	-0.00064317701184642
22.85156250000000000	-0.00080067391393800
22.89062500000000000	-0.00088533951029536
22.92968750000000000	-0.00089196935247578
22.96875000000000000	-0.00082062341872599
23.00781250000000000	-0.00067974340750502
23.04687500000000000	-0.00048202226197040
23.08593750000000000	-0.00024648083982016
23.12500000000000000	0.00000653454833749
23.16406250000000000	0.00025393509555591
23.20312500000000000	0.00047512176957148
23.24218750000000000	0.00065061931449200
23.28125000000000000	0.00076674095485129
23.32031250000000000	0.00081379948976986
23.35937500000000000	0.00078966354987045
23.39843750000000000	0.00069704674333998
23.43750000000000000	0.00054592744362124
23.47656250000000000	0.00034982156658162
23.51562500000000000	0.00012725807212395
23.55468750000000000	-0.00010262288700206
23.59375000000000000	-0.00031905670435803
23.63281250000000000	-0.00050416324353965
23.67187500000000000	-0.00064177307046815
23.71093750000000000	-0.00072146398420769
23.75000000000000000	-0.00073673014707564
23.78906250000000000	-0.00068806112276643
23.82812500000000000	-0.00058021555790231
23.86718750000000000	-0.00042426498076566
23.90625000000000000	-0.00023400107597145
23.94531250000000000	-0.00002722083668633
23.98437500000000000	0.00017846903648736
24.02343750000000000	0.00036458525531775
24.06250000000000000	0.00051595943137691
24.10156250000000000	0.00061943649335004
24.14062500000000000	0.00066755871918712
24.17968750000000000	0.00065648735503076
24.21875000000000000	0.00058894550163431
24.25781250000000000	0.00047113161961082
24.29687500000000000	0.00031487926537851
24.33593750000000000	0.00013379155139737
24.37500000000000000	-0.00005529820312805
24.41406250000000000	-0.00023647395108436
24.45312500000000000	-0.00039350360146100
24.49218750000000000	-0.00051383962035459
24.53125000000000000	-0.00058703361727327
24.57031250000000000	-0.00060825045559246
24.60937500000000000	-0.00057593751477553
24.64843750000000000	-0.00049452666403066
24.68750000000000000	-0.00037132705949799
24.72656250000000000	-0.00021842755107057
24.76562500000000000	-0.00004903771101931
24.80468750000000000	0.00012123677608606
24.84375000000000000	0.00027819206543282
24.88281250000000000	0.00040783410604809
24.92187500000000000	0.00049999505260624
24.96093750000000000	0.00054676791115481
25.00000000000000000	0.00054548526908339
25.03906250000000000	0.00049656709739145
25.07812500000000000	0.00040568407154781
25.11718750000000000	0.00028092695435661
25.15625000000000000	0.00013429950932933
25.19531250000000000	-0.00002162195304777
25.23437500000000000	-0.00017256196390695
25.27343750000000000	-0.00030608155904587
25.31250000000000000	-0.00041031339224995
25.35156250000000000	-0.00047733249420653
25.39062500000000000	-0.00050140021005620
25.42968750000000000	-0.00048175821139568
25.46875000000000000	-0.00042036778332446
25.50781250000000000	-0.00032384271701823
25.54687500000000000	-0.00020067411922335
25.58593750000000000	-0.00006257614675886
25.62500000000000000	0.00007873610185881
25.66406250000000000	0.00021038524601200
25.70312500000000000	0.00032164896181982
25.74218750000000000	0.00040270904022659
25.78125000000000000	0.00044758706441556
25.82031250000000000	0.00045251738251778
25.85937500000000000	0.00041831799425216
25.89843750000000000	0.00034813162168793
25.93750000000000000	0.00024923507958711
25.97656250000000000	0.00013019805754516
26.01562500000000000	0.00000225737585831
26.05468750000000000	-0.00012384536428102
26.09375000000000000	-0.00023666505729279
26.13281250000000000	-0.00032716191979724
26.17187500000000000	-0.00038736533486571
26.21093750000000000	-0.00041309943373250
26.25000000000000000	-0.00040224010841153
26.28906250000000000	-0.00035689675248249
26.32812500000000000	-0.00028112047639406
26.36718750000000000	-0.00018254643352449
26.40625000000000000	-0.00006964026773215
26.44531250000000000	0.00004704500568725
26.48437500000000000	0.00015778224846460
26.52343750000000000	0.00025258968217504
26.56250000000000000	0.00032399377860687
26.60156250000000000	0.00036573049065719
26.64062500000000000	0.00037518813807883
26.67968750000000000	0.00035165206236151
26.71875000000000000	0.00029821959094294
26.75781250000000000	0.00021961783723343
26.79687500000000000	0.00012357142348223
26.83593750000000000	0.00001827354228979
26.87500000000000000	-0.00008650386335716
26.91406250000000000	-0.00018211558408465
26.95312500000000000	-0.00025998326749052
26.99218750000000000	-0.00031410096488446
27.03125000000000000	-0.00033975086061735
27.07031250000000000	-0.00033565881005995
27.10937500000000000	-0.00030226456296093
27.14843750000000000	-0.00024344519816549
27.18750000000000000	-0.00016431022449194
27.22656250000000000	-0.00007253482398604
27.26562500000000000	0.00002411501933706
27.30468750000000000	0.00011671402340929
27.34375000000000000	0.00019775223959356
27.38281250000000000	0.00025992298468844
27.42187500000000000	0.00029864770034344
27.46093750000000000	0.00031048775018430
27.50000000000000000	0.00029538769007360
27.53906250000000000	0.00025465614481435
27.57812500000000000	0.00019277183792031
27.61718750000000000	0.00011499939954435
27.65625000000000000	0.00002886232858944
27.69531250000000000	-0.00005849092251657
27.73437500000000000	-0.00013897634309357
27.77343750000000000	-0.00020619460882912
27.81250000000000000	-0.00025407992090027
27.85156250000000000	-0.00027927619412134
27.89062500000000000	-0.00027953815093804
27.92968750000000000	-0.00025574808047440
27.96875000000000000	-0.00020995093606039
28.00781250000000000	-0.00014694756652871
28.04687500000000000	-0.00007208900510411
28.08593750000000000	0.00000748344483261
28.12500000000000000	0.00008519752381018
28.16406250000000000	0.00015392321622862
28.20312500000000000	0.00020825734272791
28.24218750000000000	0.00024332700421297
28.28125000000000000	0.00025683118302068
28.32031250000000000	0.00024759825048680
28.35937500000000000	0.00021720531125981
28.39843750000000000	0.00016829687011320
28.43750000000000000	0.00010581547051558
28.47656250000000000	0.00003506006507569
28.51562500000000000	-0.00003730485318508
28.55468750000000000	-0.00010532290061968
28.59375000000000000	-0.00016281764990392
28.63281250000000000	-0.00020532475626256
28.67187500000000000	-0.00022907346382075
28.71093750000000000	-0.00023267491434727
28.75000000000000000	-0.00021583456017430
28.78906250000000000	-0.00018072319350556
28.82812500000000000	-0.00013036457641702
28.86718750000000000	-0.00006974751808943
28.90625000000000000	-0.00000397611652288
28.94531250000000000	0.00006079992994622
28.98437500000000000	0.00011932190877295
29.02343750000000000	0.00016626935783875
29.06250000000000000	0.00019811629074854
29.10156250000000000	0.00021200925880126
29.14062500000000000	0.00020741007336937
29.17968750000000000	0.00018470474729345
29.21875000000000000	0.00014652458750702
29.25781250000000000	0.00009611185795120
29.29687500000000000	0.00003841635562822
29.33593750000000000	-0.00002178166391662
29.37500000000000000	-0.00007886170630368
29.41406250000000000	-0.00012822505712269
29.45312500000000000	-0.00016544682550454
29.49218750000000000	-0.00018778640470825
29.53125000000000000	-0.00019327465756697
29.57031250000000000	-0.00018201886906252
29.60937500000000000	-0.00015502084596383
29.64843750000000000	-0.00011517705343409
29.68750000000000000	-0.00006588548410973
29.72656250000000000	-0.00001187465895878
29.76562500000000000	0.00004234675927172
29.80468750000000000	0.00009178779550778
29.84375000000000000	0.00013251721144908
29.88281250000000000	0.00016089238165941
29.92187500000000000	0.00017491264249912
29.96093750000000000	0.00017336795375636
30.00000000000000000	0.00015690333352075
30.03906250000000000	0.00012698722476173
30.07812500000000000	0.00008668457326000
30.11718750000000000	0.00003943007892279
30.15625000000000000	-0.00001030138280630
30.19531250000000000	-0.00005838186217483
30.23437500000000000	-0.00010041845780337
30.27343750000000000	-0.00013313793823491
30.31250000000000000	-0.00015356750112603
30.35156250000000000	-0.00016045178910811
30.39062500000000000	-0.00015314376153414
30.42968750000000000	-0.00013278022234526
30.46875000000000000	-0.00010112349038053
30.50781250000000000	-0.00006136083475450
30.54687500000000000	-0.00001684569753695
30.58593750000000000	0.00002822816539011
30.62500000000000000	0.00007017569953566
30.66406250000000000	0.00010516027582710
30.70312500000000000	0.00013053014828033
30.74218750000000000	0.00014398706065619
30.78125000000000000	0.00014481058536621
30.82031250000000000	0.00013293347591428
30.85937500000000000	0.00010981139654937
30.89843750000000000	0.00007746894073551
30.93750000000000000	0.00003903804380051
30.97656250000000000	-0.00000218467026406
31.01562500000000000	-0.00004242594711129
31.05468750000000000	-0.00007834884515014
31.09375000000000000	-0.00010676217167804
31.13281250000000000	-0.00012548926525255
31.17187500000000000	-0.00013290774199179
31.21093750000000000	-0.00012872506987259
31.25000000000000000	-0.00011335850669314
31.28906250000000000	-0.00008849466443448
31.32812500000000000	-0.00005629870077681
31.36718750000000000	-0.00001985305809518
31.40625000000000000	0.00001775823821253
31.44531250000000000	0.00005308621010963
31.48437500000000000	0.00008326153042204
31.52343750000000000	0.00010560066775965
31.56250000000000000	0.00011845150782345
31.60156250000000000	0.00012069987412953
31.64062500000000000	0.00011251438240096
31.67968750000000000	0.00009459738520821
31.71875000000000000	0.00006888033522874
31.75781250000000000	0.00003752402925291
31.79687500000000000	0.00000355202908439
31.83593750000000000	-0.00003023280668193
31.87500000000000000	-0.00006070241070730
31.91406250000000000	-0.00008547680292467
31.95312500000000000	-0.00010228880689413
31.99218750000000000	-0.00011002721360577
32.03125000000000000	-0.00010796578027462
32.07031250000000000	-0.00009667045980233
32.10937500000000000	-0.00007707244389831
32.14843750000000000	-0.00005122375773372
32.18750000000000000	-0.00002126519703363
32.22656250000000000	0.00000989939645084
32.26562500000000000	0.00003976787333661
32.30468750000000000	0.00006555685881735
32.34375000000000000	0.00008530441450857
32.38281250000000000	0.00009719124649646
32.42187500000000000	0.00010052372268674
32.46093750000000000	0.00009497055440905
32.50000000000000000	0.00008136176476173
32.53906250000000000	0.00006081371422041
32.57812500000000000	0.00003543264527295
32.61718750000000000	0.00000732762071779
32.65625000000000000	-0.00002084148803861
32.69531250000000000	-0.00004679709656107
32.73437500000000000	-0.00006815133226834
32.77343750000000000	-0.00008329905405489
32.81250000000000000	-0.00009086207053833
32.85156250000000000	-0.00009048581539403
32.89062500000000000	-0.00008217578412691
32.92968750000000000	-0.00006694985218461
32.96875000000000000	-0.00004610279507275
33.00781250000000000	-0.00002168192405068
33.04687500000000000	0.00000426763901860
33.08593750000000000	0.00002932296810904
33.12500000000000000	0.00005146553631193
33.16406250000000000	0.00006869172198018
33.20312500000000000	0.00007970819847641
33.24218750000000000	0.00008354325443502
33.28125000000000000	0.00008011550587514
33.32031250000000000	0.00006972081843130
33.35937500000000000	0.00005352641558513
33.39843750000000000	0.00003287609775251
33.43750000000000000	0.00000981108205172
33.47656250000000000	-0.00001379234404720
33.51562500000000000	-0.00003570219886091
33.55468750000000000	-0.00005422177125114
33.59375000000000000	-0.00006761606648876
33.63281250000000000	-0.00007500066093907
33.67187500000000000	-0.00007564711557254
33.71093750000000000	-0.00006980528962028
33.75000000000000000	-0.00005791004194502
33.78906250000000000	-0.00004127945240336
33.82812500000000000	-0.00002125928502928
33.86718750000000000	0.00000016057101084
33.90625000000000000	0.00002129605729206
33.94531250000000000	0.00004011207559406
33.98437500000000000	0.00005521729740068
34.02343750000000000	0.00006516412092697
34.06250000000000000	0.00006937322394047
34.10156250000000000	0.00006738570938648
34.14062500000000000	0.00005967257871931
34.17968750000000000	0.00004681405501774
34.21875000000000000	0.00003019940588478
34.25781250000000000	0.00001115305817446
34.29687500000000000	-0.00000843494151177
34.33593750000000000	-0.00002706002341189
34.37500000000000000	-0.00004290806668234
34.41406250000000000	-0.00005485619311676
34.45312500000000000	-0.00006173692180899
34.49218750000000000	-0.00006323124045252
34.53125000000000000	-0.00005911536505080
34.57031250000000000	-0.00005003116886117
34.60937500000000000	-0.00003666118609812
34.64843750000000000	-0.00002044276725509
34.68750000000000000	-0.00000261629383684
34.72656250000000000	0.00001501959491119
34.76562500000000000	0.00003114331623572
34.80468750000000000	0.00004418501432581
34.84375000000000000	0.00005326129106360
34.88281250000000000	0.00005744828954078
34.92187500000000000	0.00005666399492544
34.96093750000000000	0.00005088354772793
35.00000000000000000	0.00004086311544420
35.03906250000000000	0.00002738202671185
35.07812500000000000	0.00001183276755183
35.11718750000000000	-0.00000455384539321
35.15625000000000000	-0.00002018042354510
35.19531250000000000	-0.00003388278679299
35.23437500000000000	-0.00004431300620435
35.27343750000000000	-0.00005080876123657
35.31250000000000000	-0.00005268098316860
35.35156250000000000	-0.00005004508971139
35.39062500000000000	-0.00004301242289948
35.42968750000000000	-0.00003245263829986
35.46875000000000000	-0.00001917042147173
35.50781250000000000	-0.00000453527824359
35.54687500000000000	0.00001031859057644
35.58593750000000000	0.00002394258197182
35.62500000000000000	0.00003532045677279
35.66406250000000000	0.00004336004665967
35.70312500000000000	0.00004757830633728
35.74218750000000000	0.00004749501949552
35.78125000000000000	0.00004337962932298
35.82031250000000000	0.00003547659621584
35.85937500000000000	0.00002471150082020
35.89843750000000000	0.00001189679203983
35.93750000000000000	-0.00000165177558529
35.97656250000000000	-0.00001490676743696
36.01562500000000000	-0.00002655285729825
36.05468750000000000	-0.00003578357165798
36.09375000000000000	-0.00004165916830671
36.13281250000000000	-0.00004389849418112
36.17187500000000000	-0.00004220354865244
36.21093750000000000	-0.00003695925457266
36.25000000000000000	-0.00002850771016166
36.28906250000000000	-0.00001781506931752
36.32812500000000000	-0.00000566883848770
36.36718750000000000	0.00000667205552924
36.40625000000000000	0.00001830433770338
36.44531250000000000	0.00002806430743596
36.48437500000000000	0.00003530028898400
36.52343750000000000	0.00003925872354930
36.56250000000000000	0.00003982144846822
36.60156250000000000	0.00003683072738343
36.64062500000000000	0.00003077418935812
36.67968750000000000	0.00002205411259808
36.71875000000000000	0.00001166238265218
36.75781250000000000	0.00000033570874026
36.79687500000000000	-0.00001072798844425
36.83593750000000000	-0.00002077004466076
36.87500000000000000	-0.00002874081212267
36.91406250000000000	-0.00003416921452045
36.95312500000000000	-0.00003645325585453
36.99218750000000000	-0.00003561255357008
37.03125000000000000	-0.00003161791930351
37.07031250000000000	-0.00002502259754531
37.10937500000000000	-0.00001628199120590
37.14843750000000000	-0.00000636812377677
37.18750000000000000	0.00000401298998167
37.22656250000000000	0.00001378679623235
37.26562500000000000	0.00002227157939318
37.30468750000000000	0.00002860117546714
37.34375000000000000	0.00003240979703963
37.38281250000000000	0.00003326358678232
37.42187500000000000	0.00003127689187690
37.46093750000000000	0.00002654417632217
37.50000000000000000	0.00001964675192323
37.53906250000000000	0.00001109718458168
37.57812500000000000	0.00000178565510492
37.61718750000000000	-0.00000757670267403
37.65625000000000000	-0.00001606606131848
37.69531250000000000	-0.00002307381693524
37.73437500000000000	-0.00002790538275814
37.77343750000000000	-0.00003027870002968
37.81250000000000000	-0.00002992647015378
37.85156250000000000	-0.00002704410053882
37.89062500000000000	-0.00002180401855554
37.92968750000000000	-0.00001481001196578
37.96875000000000000	-0.00000660538047633
38.00781250000000000	0.00000199065959708
38.04687500000000000	0.00001031130094439
38.08593750000000000	0.00001754695730438
38.12500000000000000	0.00002317558816864
38.16406250000000000	0.00002665290404485
38.20312500000000000	0.00002779685220623
38.24218750000000000	0.00002645769266488
38.28125000000000000	0.00002289531180584
38.32031250000000000	0.00001734623279203
38.35937500000000000	0.00001044012862508
38.39843750000000000	0.00000268770871309
38.43750000000000000	-0.00000511093592375
38.47656250000000000	-0.00001238516824900
38.51562500000000000	-0.00001840968007262
38.55468750000000000	-0.00002278639792870
38.59375000000000000	-0.00002505558374549
38.63281250000000000	-0.00002516356215460
38.67187500000000000	-0.00002302627200521
38.71093750000000000	-0.00001898533902349
38.75000000000000000	-0.00001330908018175
38.78906250000000000	-0.00000662439056941
38.82812500000000000	0.00000057498559422
38.86718750000000000	0.00000754110552163
38.90625000000000000	0.00001379500568146
38.94531250000000000	0.00001868144232685
38.98437500000000000	0.00002191986130797
39.02343750000000000	0.00002313814891484
39.06250000000000000	0.00002239030283321
39.10156250000000000	0.00001964347169314
39.14062500000000000	0.00001528605846711
39.17968750000000000	0.00000964311847081
39.21875000000000000	0.00000327538840427
39.25781250000000000	-0.00000328423448010
39.29687500000000000	-0.00000943354084219
39.33593750000000000	-0.00001464831205167
39.37500000000000000	-0.00001852614395683
39.41406250000000000	-0.00002070499887843
39.45312500000000000	-0.00002107876763816
39.49218750000000000	-0.00001959255908337
39.53125000000000000	-0.00001643418474891
39.57031250000000000	-0.00001188717668479
39.60937500000000000	-0.00000640909974692
39.64843750000000000	-0.00000043951810600
39.68750000000000000	0.00000544027487203
39.72656250000000000	0.00001077267674372
39.76562500000000000	0.00001506305556496
39.80468750000000000	0.00001796976675201
39.84375000000000000	0.00001927093197667
39.88281250000000000	0.00001887786122428
39.92187500000000000	0.00001685648261301
39.96093750000000000	0.00001339356235063
40.00000000000000000	0.00000884516655400
40.03906250000000000	0.00000357691103204
40.07812500000000000	-0.00000188868730745
40.11718750000000000	-0.00000711268408942
40.15625000000000000	-0.00001162685334914
40.19531250000000000	-0.00001504366393304
40.23437500000000000	-0.00001711170066117
40.27343750000000000	-0.00001763351453272
40.31250000000000000	-0.00001663523918249
40.35156250000000000	-0.00001419873096931
40.39062500000000000	-0.00001058228936823
40.42968750000000000	-0.00000609810576303
40.46875000000000000	-0.00000116421493174
40.50781250000000000	0.00000376974990409
40.54687500000000000	0.00000833605635786
40.58593750000000000	0.00001205226198528
40.62500000000000000	0.00001470036741155
40.66406250000000000	0.00001598625988970
40.70312500000000000	0.00001590765879388
40.74218750000000000	0.00001437448851841
40.78125000000000000	0.00001171005407257
40.82031250000000000	0.00000796202025972
40.85937500000000000	0.00000369076042004
40.89843750000000000	-0.00000092509570342
40.93750000000000000	-0.00000527993569710
40.97656250000000000	-0.00000921600784851
41.01562500000000000	-0.00001218064356400
41.05468750000000000	-0.00001413737707953
41.09375000000000000	-0.00001473627004787
41.13281250000000000	-0.00001414474859324
41.17187500000000000	-0.00001223909665424
41.21093750000000000	-0.00000940106016120
41.25000000000000000	-0.00000570028008095
41.28906250000000000	-0.00000166024230773
41.32812500000000000	0.00000254241855006
41.36718750000000000	0.00000636034359512
41.40625000000000000	0.00000965233979165
41.44531250000000000	0.00001195827785431
41.48437500000000000	0.00001327469538964
41.52343750000000000	0.00001332035364913
41.56250000000000000	0.00001229751578068
41.60156250000000000	0.00001013430853768
41.64062500000000000	0.00000721168265068
41.67968750000000000	0.00000362072207173
41.71875000000000000	-0.00000013476972585
41.75781250000000000	-0.00000391086934288
41.79687500000000000	-0.00000719499397680
41.83593750000000000	-0.00000988672623565
41.87500000000000000	-0.00001158527007830
41.91406250000000000	-0.00001234400497713
41.95312500000000000	-0.00001192515838206
41.99218750000000000	-0.00001057332950047
42.03125000000000000	-0.00000823622690658
42.07031250000000000	-0.00000531447110767
42.10937500000000000	-0.00000188477477241
42.14843750000000000	0.00000154022146090
42.18750000000000000	0.00000487811738062
42.22656250000000000	0.00000763420862810
42.26562500000000000	0.00000977548168219
42.30468750000000000	0.00001093123767830
42.34375000000000000	0.00001121641767791
42.38281250000000000	0.00001041433515159
42.42187500000000000	0.00000882781285618
42.46093750000000000	0.00000639138174173
42.50000000000000000	0.00000354451356528
42.53906250000000000	0.00000032897191932
42.57812500000000000	-0.00000275636243551
42.61718750000000000	-0.00000565829061628
42.65625000000000000	-0.00000791629991271
42.69531250000000000	-0.00000955797611883
42.73437500000000000	-0.00001023749753787
42.77343750000000000	-0.00001012294371674
42.81250000000000000	-0.00000902630353183
42.85156250000000000	-0.00000727565710470
42.89062500000000000	-0.00000481151898074
42.92968750000000000	-0.00000208646146094
42.96875000000000000	0.00000088628937847
43.00781250000000000	0.00000361474835559
43.04687500000000000	0.00000609301622070
43.08593750000000000	0.00000788177709379
43.12500000000000000	0.00000906992908812
43.16406250000000000	0.00000933386023672
43.20312500000000000	0.00000889549295002
43.24218750000000000	0.00000757045954264
43.28125000000000000	0.00000572606110867
43.32031250000000000	0.00000329378505646
43.35937500000000000	0.00000073567301448
43.39843750000000000	-0.00000196542009619
43.43750000000000000	-0.00000433851252232
43.47656250000000000	-0.00000640909623657
43.51562500000000000	-0.00000777616228794
43.55468750000000000	-0.00000856301125157
43.59375000000000000	-0.00000847945328441
43.63281250000000000	-0.00000777525099145
43.67187500000000000	-0.00000629926809042
43.71093750000000000	-0.00000441235819082
43.75000000000000000	-0.00000206790737628
43.78906250000000000	0.00000030902861527
43.82812500000000000	0.00000272581627973
43.86718750000000000	0.00000475281714578
43.90625000000000000	0.00000643881049800
43.94531250000000000	0.00000742945106536
43.98437500000000000	0.00000786009055287
44.02343750000000000	0.00000749520733889
44.06250000000000000	0.00000658585474616
44.10156250000000000	0.00000501390605486
44.14062500000000000	0.00000313398387018
44.17968750000000000	0.00000091185888655
44.21875000000000000	-0.00000125561990616
44.25781250000000000	-0.00000337675127645
44.29687500000000000	-0.00000507311373580
44.33593750000000000	-0.00000640144267371
44.37500000000000000	-0.00000705183234353
44.41406250000000000	-0.00000718529923215
44.45312500000000000	-0.00000659032183375
44.49218750000000000	-0.00000553512577985
44.53125000000000000	-0.00000392181163927
44.57031250000000000	-0.00000209011254758
44.60937500000000000	-0.00000001606258312
44.64843750000000000	0.00000192984559083
44.68750000000000000	0.00000376263415013
44.72656250000000000	0.00000514487601982
44.76562500000000000	0.00000614765910077
44.80468750000000000	0.00000650166352451
44.84375000000000000	0.00000638080013268
44.88281250000000000	0.00000560672591405
44.92187500000000000	0.00000445528569932
44.96093750000000000	0.00000283149672450
45.00000000000000000	0.00000109090143753
45.03906250000000000	-0.00000082158231703
45.07812500000000000	-0.00000253049370426
45.11718750000000000	-0.00000409671871415
45.15625000000000000	-0.00000518083159078
45.19531250000000000	-0.00000589701268187
45.23437500000000000	-0.00000599367071565
45.27343750000000000	-0.00000566675501137
45.31250000000000000	-0.00000475236242750
45.35156250000000000	-0.00000355512395888
45.39062500000000000	-0.00000196067483836
45.42968750000000000	-0.00000033196421738
45.46875000000000000	0.00000139956819798
45.50781250000000000	0.00000287908382422
45.54687500000000000	0.00000418319773718
45.58593750000000000	0.00000499470301558
45.62500000000000000	0.00000546008720918
45.66406250000000000	0.00000533659570533
45.70312500000000000	0.00000485305929142
45.74218750000000000	0.00000385137248993
45.78125000000000000	0.00000263392284610
45.82031250000000000	0.00000109709896614
45.85937500000000000	-0.00000039706780387
45.89843750000000000	-0.00000195453338735
45.93750000000000000	-0.00000319954926533
45.97656250000000000	-0.00000426000532861
46.01562500000000000	-0.00000482153126552
46.05468750000000000	-0.00000507194475384
46.09375000000000000	-0.00000477018380420
46.13281250000000000	-0.00000416520532664
46.17187500000000000	-0.00000310160046776
46.21093750000000000	-0.00000189781195333
46.25000000000000000	-0.00000044719203836
46.28906250000000000	0.00000091313784495
46.32812500000000000	0.00000227305840242
46.36718750000000000	0.00000330784036118
46.40625000000000000	0.00000413739289931
46.44531250000000000	0.00000448708751891
46.48437500000000000	0.00000454790288069
46.52343750000000000	0.00000410226179650
46.56250000000000000	0.00000341119435896
46.60156250000000000	0.00000232868560820
46.64062500000000000	0.00000116226840725
46.67968750000000000	-0.00000018664869291
46.71875000000000000	-0.00000139708115190
46.75781250000000000	-0.00000257226935109
46.79687500000000000	-0.00000340251211541
46.83593750000000000	-0.00000402433228813
46.87500000000000000	-0.00000419445025061
46.91406250000000000	-0.00000408954522247
46.95312500000000000	-0.00000354574974249
46.99218750000000000	-0.00000278722360727
47.03125000000000000	-0.00000171783859201
47.07031250000000000	-0.00000060673386443
47.10937500000000000	0.00000062299227088
47.14843750000000000	0.00000169415358216
47.18750000000000000	0.00000268092587220
47.22656250000000000	0.00000333509529704
47.26562500000000000	0.00000376661784188
47.30468750000000000	0.00000377963823153
47.34375000000000000	0.00000354628763259
47.38281250000000000	0.00000292402040596
47.42187500000000000	0.00000213544670346
47.46093750000000000	0.00000109383145863
47.50000000000000000	0.00000005215080313
47.53906250000000000	-0.00000105701712900
47.57812500000000000	-0.00000197510392551
47.61718750000000000	-0.00000279297546055
47.65625000000000000	-0.00000326790087922
47.69531250000000000	-0.00000354437469497
47.73437500000000000	-0.00000342289010748
47.77343750000000000	-0.00000309286194350
47.81250000000000000	-0.00000241359378115
47.85156250000000000	-0.00000162456086309
47.89062500000000000	-0.00000062196745944
47.92968750000000000	0.00000032655272579
47.96875000000000000	0.00000131589922488
48.00781250000000000	0.00000209013539932
48.04687500000000000	0.00000275311376402
48.08593750000000000	0.00000307449279784
48.12500000000000000	0.00000320820726794
48.16406250000000000	0.00000297697999717
48.20312500000000000	0.00000257650372817
48.24218750000000000	0.00000186445690182
48.28125000000000000	0.00000108865293212
48.32031250000000000	0.00000014998147875
48.35937500000000000	-0.00000070644832087
48.39843750000000000	-0.00000157456686769
48.43750000000000000	-0.00000221482582020
48.47656250000000000	-0.00000272749135230
48.51562500000000000	-0.00000291785844001
48.55468750000000000	-0.00000293139797222
48.59375000000000000	-0.00000261666688268
48.63281250000000000	-0.00000215487363851
48.67187500000000000	-0.00000143746850129
48.71093750000000000	-0.00000068972670391
48.75000000000000000	0.00000018333225635
48.78906250000000000	0.00000094324987543
48.82812500000000000	0.00000168662966687
48.86718750000000000	0.00000219246746449
48.90625000000000000	0.00000257682055608
48.94531250000000000	0.00000264684208572
48.98437500000000000	0.00000256826138582
49.02343750000000000	0.00000218388367205
49.06250000000000000	0.00000169400821944
49.10156250000000000	0.00000098150751137
49.14062500000000000	0.00000027320559156
49.17968750000000000	-0.00000052501606083
49.21875000000000000	-0.00000118081526337
49.25781250000000000	-0.00000181884232484
49.29687500000000000	-0.00000220079720268
49.33593750000000000	-0.00000247200445452
49.37500000000000000	-0.00000243385858353
49.41406250000000000	-0.00000229173022264
49.45312500000000000	-0.00000184730686918
49.49218750000000000	-0.00000135695337682
49.53125000000000000	-0.00000065490762436
49.57031250000000000	-0.00000001520413121
49.60937500000000000	0.00000072052839410
49.64843750000000000	0.00000127163320201
49.68750000000000000	0.00000181138175956
49.72656250000000000	0.00000206661585753
49.76562500000000000	0.00000225253899461
49.80468750000000000	0.00000212161150490
49.84375000000000000	0.00000191953923029
49.88281250000000000	0.00000144014778470
49.92187500000000000	0.00000094930282854
49.96093750000000000	0.00000027680513531
50.00000000000000000	-0.00000030771756317
50.03906250000000000	-0.00000095940532572
50.07812500000000000	-0.00000141424950885
50.11718750000000000	-0.00000184722957260
50.15625000000000000	-0.00000201311315340
50.19531250000000000	-0.00000209765723067
50.23437500000000000	-0.00000190777463786
50.27343750000000000	-0.00000165019335482
50.31250000000000000	-0.00000116725031773
50.35156250000000000	-0.00000067711639782
50.39062500000000000	-0.00000005516065396
50.42968750000000000	0.00000047956900064
50.46875000000000000	0.00000103399034936
50.50781250000000000	0.00000141897175980
50.54687500000000000	0.00000174159844314
50.58593750000000000	0.00000184093350292
50.62500000000000000	0.00000184261095891
50.66406250000000000	0.00000161416267556
50.70312500000000000	0.00000131141722280
50.74218750000000000	0.00000083759743568
50.78125000000000000	0.00000036097764611
50.82031250000000000	-0.00000020592834640
50.85937500000000000	-0.00000068520482704
50.89843750000000000	-0.00000115839206090
50.93750000000000000	-0.00000146240054568
50.97656250000000000	-0.00000169871832324
51.01562500000000000	-0.00000172250052568
51.05468750000000000	-0.00000166145512928
51.09375000000000000	-0.00000139157296866
51.13281250000000000	-0.00000107433702738
51.17187500000000000	-0.00000060348999376
51.21093750000000000	-0.00000015656796522
51.25000000000000000	0.00000036286034127
51.28906250000000000	0.00000077118575109
51.32812500000000000	0.00000117423590659
51.36718750000000000	0.00000139383709422
51.40625000000000000	0.00000155968464474
51.44531250000000000	0.00000151741964707
51.48437500000000000	0.00000141162454891
51.52343750000000000	0.00000111126681617
51.56250000000000000	0.00000079095813515
51.60156250000000000	0.00000033065293328
51.64062500000000000	-0.00000007346023988
51.67968750000000000	-0.00000054427937298
51.71875000000000000	-0.00000088828627370
51.75781250000000000	-0.00000122343306344
51.79687500000000000	-0.00000137253904038
51.83593750000000000	-0.00000147937711245
51.87500000000000000	-0.00000137964791050
51.91406250000000000	-0.00000124356173379
51.95312500000000000	-0.00000091962828016
51.99218750000000000	-0.00000060603782014
52.03125000000000000	-0.00000016645249484
52.07031250000000000	0.00000020082063904
52.10937500000000000	0.00000061998012372
52.14843750000000000	0.00000089973736466
52.18750000000000000	0.00000117641631988
52.22656250000000000	0.00000126279849993
52.26562500000000000	0.00000130901058782
52.30468750000000000	0.00000116947959093
52.34375000000000000	0.00000100174775080
52.38281250000000000	0.00000067430690124
52.42187500000000000	0.00000036754307964
52.46093750000000000	-0.00000004541247620
52.50000000000000000	-0.00000037052763787
52.53906250000000000	-0.00000073583677389
52.57812500000000000	-0.00000095659568256
52.61718750000000000	-0.00000116763243156
52.65625000000000000	-0.00000120199023027
52.69531250000000000	-0.00000120770560572
52.73437500000000000	-0.00000103274675390
52.77343750000000000	-0.00000084876520440
52.81250000000000000	-0.00000051969630582
52.85156250000000000	-0.00000023003791136
52.89062500000000000	0.00000014618992928
52.92968750000000000	0.00000043515904056
52.96875000000000000	0.00000074741567114
53.00781250000000000	0.00000092254655456
53.04687500000000000	0.00000107415331315
53.08593750000000000	0.00000107038937060
53.12500000000000000	0.00000103399876881
53.16406250000000000	0.00000084071557637
53.20312500000000000	0.00000063984627777
53.24218750000000000	0.00000032455180236
53.28125000000000000	0.00000004380611842
53.32031250000000000	-0.00000029427994642
53.35937500000000000	-0.00000054302842417
53.39843750000000000	-0.00000080274079834
53.43750000000000000	-0.00000093066101127
53.47656250000000000	-0.00000103319191742
53.51562500000000000	-0.00000098724895371
53.55468750000000000	-0.00000091694571383
53.59375000000000000	-0.00000071151939247
53.63281250000000000	-0.00000050706371223
53.67187500000000000	-0.00000020248169898
53.71093750000000000	0.00000005006248210
53.75000000000000000	0.00000035479890548
53.78906250000000000	0.00000056049779267
53.82812500000000000	0.00000077666547156
53.86718750000000000	0.00000085701074384
53.90625000000000000	0.00000092339392649
53.94531250000000000	0.00000084371762129
53.98437500000000000	0.00000075525745874
54.02343750000000000	0.00000053875223845
54.06250000000000000	0.00000033641817308
54.10156250000000000	0.00000004973967210
54.14062500000000000	-0.00000017684550501
54.17968750000000000	-0.00000045071624552
54.21875000000000000	-0.00000061929879334
54.25781250000000000	-0.00000079819534432
54.29687500000000000	-0.00000083213669177
54.33593750000000000	-0.00000087450294253
54.37500000000000000	-0.00000076177940944
54.41406250000000000	-0.00000065890669745
54.45312500000000000	-0.00000043633289740
54.49218750000000000	-0.00000024197153981
54.53125000000000000	0.00000003023987036
54.57031250000000000	0.00000023019204744
54.60937500000000000	0.00000046273359405
54.64843750000000000	0.00000059220734135
54.68750000000000000	0.00000073323641219
54.72656250000000000	0.00000073660744822
54.76562500000000000	0.00000074351836244
54.80468750000000000	0.00000061611346757
54.84375000000000000	0.00000050120090046
54.88281250000000000	0.00000028516448101
54.92187500000000000	0.00000010221487352
54.96093750000000000	-0.00000014370991047
55.00000000000000000	-0.00000031783822519
55.03906250000000000	-0.00000052017356267
55.07812500000000000	-0.00000062027655965
55.11718750000000000	-0.00000071962681867
55.15625000000000000	-0.00000070223912355
55.19531250000000000	-0.00000067846541845
55.23437500000000000	-0.00000054518335219
55.27343750000000000	-0.00000041938507413
55.31250000000000000	-0.00000021131975565
55.35156250000000000	-0.00000003484703431
55.39062500000000000	0.00000018948445105
55.42968750000000000	0.00000033928362432
55.46875000000000000	0.00000050600070191
55.50781250000000000	0.00000057574075286
55.54687500000000000	0.00000064746087799
55.58593750000000000	0.00000060444010522
55.62500000000000000	0.00000055760510044
55.66406250000000000	0.00000041700996475
55.70312500000000000	0.00000029058612743
55.74218750000000000	0.00000009035499075
55.78125000000000000	-0.00000006882366483
55.82031250000000000	-0.00000026570358596
55.85937500000000000	-0.00000039095032962
55.89843750000000000	-0.00000052731975665
55.93750000000000000	-0.00000057192696771
55.97656250000000000	-0.00000061476796261
56.01562500000000000	-0.00000055297631638
56.05468750000000000	-0.00000049524303399
56.09375000000000000	-0.00000034813524845
56.13281250000000000	-0.00000022604740692
56.17187500000000000	-0.00000003661670239
56.21093750000000000	0.00000010569093387
56.25000000000000000	0.00000028245107935
56.28906250000000000	0.00000038044923585
56.32812500000000000	0.00000049013168612
56.36718750000000000	0.00000051043434343
56.40625000000000000	0.00000053170635021
56.44531250000000000	0.00000045386224307
56.48437500000000000	0.00000038523945504
56.52343750000000000	0.00000023766522190
56.56250000000000000	0.00000011925871700
56.60156250000000000	-0.00000006411910872
56.64062500000000000	-0.00000018631767780
56.67968750000000000	-0.00000034172560511
56.71875000000000000	-0.00000041084993037
56.75781250000000000	-0.00000050475954283
56.79687500000000000	-0.00000049531726226
56.83593750000000000	-0.00000050137981275
56.87500000000000000	-0.00000040618037897
56.91406250000000000	-0.00000034039835921
56.95312500000000000	-0.00000018548496614
56.99218750000000000	-0.00000008300578286
57.03125000000000000	0.00000009000874126
57.07031250000000000	0.00000018548848176
57.10937500000000000	0.00000032479418850
57.14843750000000000	0.00000036759516445
57.18750000000000000	0.00000044824535819
57.22656250000000000	0.00000041413068848
57.26562500000000000	0.00000041141685449
57.30468750000000000	0.00000030493988787
57.34375000000000000	0.00000023866466106
57.38281250000000000	0.00000008825585772
57.42187500000000000	-0.00000000446443028
57.46093750000000000	-0.00000016654353696
57.50000000000000000	-0.00000024211975622
57.53906250000000000	-0.00000036667134768
57.57812500000000000	-0.00000038771988133
57.61718750000000000	-0.00000044593737285
57.65625000000000000	-0.00000039587941505
57.69531250000000000	-0.00000038423234396
57.73437500000000000	-0.00000027161199843
57.77343750000000000	-0.00000020813696692
57.81250000000000000	-0.00000005654061338
57.85156250000000000	0.00000001826163822
57.89062500000000000	0.00000016499586173
57.92968750000000000	0.00000022159914741
57.96875000000000000	0.00000033146784916
58.00781250000000000	0.00000033041810664
58.04687500000000000	0.00000037508620228
58.08593750000000000	0.00000030915970090
58.12500000000000000	0.00000029445661300
58.16406250000000000	0.00000017202901624
58.20312500000000000	0.00000011690925531
58.24218750000000000	-0.00000003044057206
58.28125000000000000	-0.00000009444145380
58.32031250000000000	-0.00000022872954799
58.35937500000000000	-0.00000026129488653
58.39843750000000000	-0.00000035600771504
58.43750000000000000	-0.00000034161185106
58.47656250000000000	-0.00000037656527655
58.51562500000000000	-0.00000030193531894
58.55468750000000000	-0.00000027929028736
58.59375000000000000	-0.00000015808555742
58.63281250000000000	-0.00000010463756363
58.67187500000000000	0.00000003401765760
58.71093750000000000	0.00000008678223662
58.75000000000000000	0.00000020611496037
58.78906250000000000	0.00000022810352431
58.82812500000000000	0.00000030481934924
58.86718750000000000	0.00000027403011073
58.90625000000000000	0.00000029699501693
58.94531250000000000	0.00000021441904125
58.98437500000000000	0.00000019072647370
59.02343750000000000	0.00000007084829517
59.06250000000000000	0.00000002486518483
59.10156250000000000	-0.00000010385522895
59.14062500000000000	-0.00000014466643155
59.17968750000000000	-0.00000025551829502
59.21875000000000000	-0.00000025613277378
59.25781250000000000	-0.00000032425261695
59.29687500000000000	-0.00000028178618874
59.33593750000000000	-0.00000029855037645
59.37500000000000000	-0.00000020943431454
59.41406250000000000	-0.00000018520214612
59.45312500000000000	-0.00000007316649876
59.49218750000000000	-0.00000003235605024
59.53125000000000000	0.00000008918075328
59.57031250000000000	0.00000011771338038
59.60937500000000000	0.00000021607327205
59.64843750000000000	0.00000020770893667
59.68750000000000000	0.00000026076587790
59.72656250000000000	0.00000021619333271
59.76562500000000000	0.00000021257503160
59.80468750000000000	0.00000013750028835
59.84375000000000000	0.00000010950002421
59.88281250000000000	0.00000000292684376
59.92187500000000000	-0.00000004399039727
59.96093750000000000	-0.00000013802040804
60.00000000000000000	-0.00000016780116496
60.03906250000000000	-0.00000023751816526
60.07812500000000000	-0.00000023523877035
60.11718750000000000	-0.00000026329633301
60.15625000000000000	-0.00000021963207011
60.19531250000000000	-0.00000021738531937
60.23437500000000000	-0.00000012866578241
60.27343750000000000	-0.00000010108062459
60.31250000000000000	-0.00000000440628051
60.35156250000000000	0.00000002874819309
60.39062500000000000	0.00000012758406379
60.42968750000000000	0.00000013200678609
60.46875000000000000	0.00000020931363734
60.50781250000000000	0.00000017603661831
60.54687500000000000	0.00000021345009439
60.58593750000000000	0.00000014683324947
60.62500000000000000	0.00000015323297743
60.66406250000000000	0.00000005125783079
60.70312500000000000	0.00000003954235864
60.74218750000000000	-0.00000007225692295
60.78125000000000000	-0.00000007882003430
60.82031250000000000	-0.00000017603687366
60.85937500000000000	-0.00000017333489049
60.89843750000000000	-0.00000023682780626
60.93750000000000000	-0.00000019708025786
60.97656250000000000	-0.00000023010198954
61.01562500000000000	-0.00000015487234093
61.05468750000000000	-0.00000016111700694
61.09375000000000000	-0.00000006414793759
61.13281250000000000	-0.00000005322291273
61.17187500000000000	0.00000004622911643
61.21093750000000000	0.00000005148940212
61.25000000000000000	0.00000013780720551
61.28906250000000000	0.00000012183968724
61.32812500000000000	0.00000018092011232
61.36718750000000000	0.00000013460657752
61.40625000000000000	0.00000016099356847
61.44531250000000000	0.00000008710332153
61.48437500000000000	0.00000008954361940
61.52343750000000000	-0.00000000396515549
61.56250000000000000	-0.00000001002404568
61.60156250000000000	-0.00000010203775870
61.64062500000000000	-0.00000010253457295
61.67968750000000000	-0.00000017922775191
61.71875000000000000	-0.00000016122806022
61.75781250000000000	-0.00000020980850369
61.79687500000000000	-0.00000015826499997
61.83593750000000000	-0.00000018010479453
61.87500000000000000	-0.00000010727425978
61.91406250000000000	-0.00000010264463899
61.95312500000000000	-0.00000001551507208
61.99218750000000000	-0.00000000916622045
62.03125000000000000	0.00000006998782431
62.07031250000000000	0.00000007046003723
62.10937500000000000	0.00000013583580896
62.14843750000000000	0.00000010969530289
62.18750000000000000	0.00000014941011695
62.22656250000000000	0.00000009871047990
62.26562500000000000	0.00000011134357651
62.30468750000000000	0.00000004107439674
62.34375000000000000	0.00000003739822131
62.38281250000000000	-0.00000003881578587
62.42187500000000000	-0.00000004278233641
62.46093750000000000	-0.00000011700007679
62.50000000000000000	-0.00000010790200451
62.53906250000000000	-0.00000016585731079
62.57812500000000000	-0.00000013615724773
62.61718750000000000	-0.00000017014531418
62.65625000000000000	-0.00000011486363798
62.69531250000000000	-0.00000012999394256
62.73437500000000000	-0.00000005883101017
62.77343750000000000	-0.00000005924853543
62.81250000000000000	0.00000001640124490
62.85156250000000000	0.00000001384094488
62.89062500000000000	0.00000008559334411
62.92968750000000000	0.00000006948832174
62.96875000000000000	0.00000012299143707
63.00781250000000000	0.00000008601060683
63.04687500000000000	0.00000011693983999
63.08593750000000000	0.00000005937961698
63.12500000000000000	0.00000007084670520
63.16406250000000000	-0.00000000106158073
63.20312500000000000	0.00000000421880839
63.24218750000000000	-0.00000007073013623
63.28125000000000000	-0.00000006055942558
63.32031250000000000	-0.00000012726396304
63.35937500000000000	-0.00000010503225091
63.39843750000000000	-0.00000015470600273
63.43750000000000000	-0.00000011353920300
63.47656250000000000	-0.00000014123565252
63.51562500000000000	-0.00000007964145110
63.55468750000000000	-0.00000009427733287
63.59375000000000000	-0.00000002578938580
63.63281250000000000	-0.00000003315012472
63.67187500000000000	0.00000003871178942
63.71093750000000000	0.00000002744598263
63.75000000000000000	0.00000008738015365
63.78906250000000000	0.00000006113892138
63.82812500000000000	0.00000010557839694
63.86718750000000000	0.00000006212209400
63.90625000000000000	0.00000008686478840
63.94531250000000000	0.00000002904116877
63.98437500000000000	0.00000003898922473
64.02343750000000000	-0.00000002417318172
64.06250000000000000	-0.00000001827524403
64.10156250000000000	-0.00000008043174701
64.14062500000000000	-0.00000007147120170
64.17968750000000000	-0.00000011984298788
64.21875000000000000	-0.00000009543475117
64.25781250000000000	-0.00000012917610105
64.29687500000000000	-0.00000008394072081
64.33593750000000000	-0.00000010365080777
64.37500000000000000	-0.00000004563298652
64.41406250000000000	-0.00000005691779865
64.45312500000000000	0.00000000104813562
64.49218750000000000	-0.00000000552873845
64.53125000000000000	0.00000004843254171
64.57031250000000000	0.00000003298050259
64.60937500000000000	0.00000008051657218
64.64843750000000000	0.00000004752888429
64.68750000000000000	0.00000007904715205
64.72656250000000000	0.00000003448259164
64.76562500000000000	0.00000005470009632
64.80468750000000000	0.00000000182989283
64.84375000000000000	0.00000001305772394
64.88281250000000000	-0.00000004422790360
64.92187500000000000	-0.00000003609981882
64.96093750000000000	-0.00000008834784422
65.00000000000000000	-0.00000006876719180
65.03906250000000000	-0.00000010773222312
65.07812500000000000	-0.00000007920555508
65.11718750000000000	-0.00000010412479413
65.15625000000000000	-0.00000006128219372
65.19531250000000000	-0.00000007521405702
65.23437500000000000	-0.00000002542261852
65.27343750000000000	-0.00000003509082068
65.31250000000000000	0.00000002051482943
65.35156250000000000	0.00000000374938442
65.39062500000000000	0.00000005666869414
65.42968750000000000	0.00000002848126231
65.46875000000000000	0.00000007118401478
65.50781250000000000	0.00000003022506269
65.54687500000000000	0.00000006678675599
65.58593750000000000	0.00000001077428109
65.62500000000000000	0.00000003604548672
65.66406250000000000	-0.00000002245530090
65.70312500000000000	-0.00000000538812851
65.74218750000000000	-0.00000006056042642
65.78125000000000000	-0.00000003845664190
65.82031250000000000	-0.00000009047347316
65.85937500000000000	-0.00000006054440514
65.89843750000000000	-0.00000010174958842
65.93750000000000000	-0.00000005923726681
65.97656250000000000	-0.00000008935009503
66.01562500000000000	-0.00000003766790633
66.05468750000000000	-0.00000006191028826
66.09375000000000000	-0.00000000625848568
66.13281250000000000	-0.00000002738477308
66.17187500000000000	0.00000002926492933
66.21093750000000000	0.00000000407257836
66.25000000000000000	0.00000005250440758
66.28906250000000000	0.00000002011720575
66.32812500000000000	0.00000006044754969
66.36718750000000000	0.00000001604081782
66.40625000000000000	0.00000004383937245
66.44531250000000000	-0.00000000664132059
66.48437500000000000	0.00000001774810316
66.52343750000000000	-0.00000003780387847
66.56250000000000000	-0.00000001630467870
66.60156250000000000	-0.00000006934936436
66.64062500000000000	-0.00000003802066360
66.67968750000000000	-0.00000008492590268
66.71875000000000000	-0.00000005216159046
66.75781250000000000	-0.00000008583922364
66.79687500000000000	-0.00000004286262135
66.83593750000000000	-0.00000007035503365
66.87500000000000000	-0.00000002439959306
66.91406250000000000	-0.00000004371537896
66.95312500000000000	0.00000000414386366
66.99218750000000000	-0.00000001365043805
67.03125000000000000	0.00000003098532638
67.07031250000000000	0.00000000946591065
67.10937500000000000	0.00000004674124013
67.14843750000000000	0.00000001589904368
67.18750000000000000	0.00000004659873942
67.22656250000000000	0.00000000671951713
67.26562500000000000	0.00000002630818582
67.30468750000000000	-0.00000001282048894
67.34375000000000000	0.00000000070449165
67.38281250000000000	-0.00000003793716427
67.42187500000000000	-0.00000002166024451
67.46093750000000000	-0.00000005962818435
67.50000000000000000	-0.00000003867982866
67.53906250000000000	-0.00000007036053130
67.57812500000000000	-0.00000004412318755
67.61718750000000000	-0.00000006700396198
67.65625000000000000	-0.00000003016684380
67.69531250000000000	-0.00000005059844475
67.73437500000000000	-0.00000001107130994
67.77343750000000000	-0.00000002606913828
67.81250000000000000	0.00000001549021598
67.85156250000000000	-0.00000000471017433
67.89062500000000000	0.00000003053326465
67.92968750000000000	0.00000001020480606
67.96875000000000000	0.00000003897859143
68.00781250000000000	0.00000000741262195
68.04687500000000000	0.00000002888854445
68.08593750000000000	-0.00000000416459932
68.12500000000000000	0.00000001428772216
68.16406250000000000	-0.00000002258507345
68.20312500000000000	-0.00000000418188670
68.24218750000000000	-0.00000004587717531
68.28125000000000000	-0.00000002349083492
68.32031250000000000	-0.00000006227688615
68.35937500000000000	-0.00000003652761996
68.39843750000000000	-0.00000006966458901
68.43750000000000000	-0.00000003327517831
68.47656250000000000	-0.00000005982067983
68.51562500000000000	-0.00000002228365845
68.55468750000000000	-0.00000004463828807
68.59375000000000000	-0.00000000159631217
68.63281250000000000	-0.00000002400909078
68.67187500000000000	0.00000001934093502
68.71093750000000000	-0.00000000977258335
68.75000000000000000	0.00000002895201988
68.78906250000000000	-0.00000000346145974
68.82812500000000000	0.00000003354054346
68.86718750000000000	-0.00000000777873339
68.90625000000000000	0.00000002202086218
68.94531250000000000	-0.00000002223120333
68.98437500000000000	0.00000000897737718
69.02343750000000000	-0.00000003963729681
69.06250000000000000	-0.00000001229295334
69.10156250000000000	-0.00000005483256094
69.14062500000000000	-0.00000002132923656
69.17968750000000000	-0.00000006565862627
69.21875000000000000	-0.00000002116638554
69.25781250000000000	-0.00000006594907863
69.29687500000000000	-0.00000001789038132
69.33593750000000000	-0.00000005528482347
69.37500000000000000	-0.00000000911729457
69.41406250000000000	-0.00000004264796947
69.45312500000000000	0.00000001365824624
69.49218750000000000	-0.00000003302457092
69.53125000000000000	0.00000002303525323
69.57031250000000000	-0.00000001927109195
69.60937500000000000	0.00000003545971454
69.64843750000000000	-0.00000002017082054
69.68750000000000000	0.00000002711745364
69.72656250000000000	-0.00000002477039818
69.76562500000000000	0.00000001604084765
69.80468750000000000	-0.00000003614645836
69.84375000000000000	0.00000000108402957
69.88281250000000000	-0.00000005256315713
69.92187500000000000	-0.00000001081335649
69.96093750000000000	-0.00000006428384866
70.00000000000000000	-0.00000002183716889
70.03906250000000000	-0.00000007153693921
70.07812500000000000	-0.00000002163378202
70.11718750000000000	-0.00000006712799293
70.15625000000000000	-0.00000001421373558
70.19531250000000000	-0.00000005646223081
70.23437500000000000	-0.00000000216334668
70.27343750000000000	-0.00000004560938515
70.31250000000000000	0.00000001161322417
70.35156250000000000	-0.00000003499198630
70.39062500000000000	0.00000001630909990
70.42968750000000000	-0.00000002906078828
70.46875000000000000	0.00000002397302212
70.50781250000000000	-0.00000002549122959
70.54687500000000000	0.00000001682778906
70.58593750000000000	-0.00000002615136314
70.62500000000000000	0.00000000984416945
70.66406250000000000	-0.00000003676550686
70.70312500000000000	0.00000000041218002
70.74218750000000000	-0.00000005088079840
70.78125000000000000	-0.00000001092405598
70.82031250000000000	-0.00000006005645479
70.85937500000000000	-0.00000001689958349
70.89843750000000000	-0.00000005992152454
70.93750000000000000	-0.00000001798985986
70.97656250000000000	-0.00000005509826379
71.01562500000000000	-0.00000000793672303
71.05468750000000000	-0.00000004495944212
71.09375000000000000	0.00000000230342797
71.13281250000000000	-0.00000003437824860
71.17187500000000000	0.00000001026913407
71.21093750000000000	-0.00000002569307249
71.25000000000000000	0.00000001791986904
71.28906250000000000	-0.00000002340964201
71.32812500000000000	0.00000001400873440
71.36718750000000000	-0.00000002493080375
71.40625000000000000	0.00000001102691963
71.44531250000000000	-0.00000003021550485
71.48437500000000000	0.00000000144049729
71.52343750000000000	-0.00000003635326354
71.56250000000000000	-0.00000000428627982
71.60156250000000000	-0.00000004376905790
71.64062500000000000	-0.00000001436509687
71.67968750000000000	-0.00000005109079121
71.71875000000000000	-0.00000001779271074
71.75781250000000000	-0.00000005257881991
71.79687500000000000	-0.00000001731662251
71.83593750000000000	-0.00000004663326026
71.87500000000000000	-0.00000001017101926
71.91406250000000000	-0.00000003615897271
71.95312500000000000	0.00000000062071467
71.99218750000000000	-0.00000002848697711
72.03125000000000000	0.00000000966381686
72.07031250000000000	-0.00000001960478952
72.10937500000000000	0.00000001279429805
72.14843750000000000	-0.00000001997646298
72.18750000000000000	0.00000001207614548
72.22656250000000000	-0.00000002215782299
72.26562500000000000	0.00000000832558899
72.30468750000000000	-0.00000003084568522
72.34375000000000000	0.00000000100240672
72.38281250000000000	-0.00000004012888262
72.42187500000000000	-0.00000000538368468
72.46093750000000000	-0.00000004704387160
72.50000000000000000	-0.00000000988789984
72.53906250000000000	-0.00000004860243753
72.57812500000000000	-0.00000000845385874
72.61718750000000000	-0.00000004863815527
72.65625000000000000	-0.00000000717279012
72.69531250000000000	-0.00000004602706176
72.73437500000000000	-0.00000000055166322
72.77343750000000000	-0.00000003950208606
72.81250000000000000	0.00000000525739721
72.85156250000000000	-0.00000003297362640
72.89062500000000000	0.00000000952863018
72.92968750000000000	-0.00000002638457832
72.96875000000000000	0.00000001214167693
73.00781250000000000	-0.00000002619467256
73.04687500000000000	0.00000000963943728
73.08593750000000000	-0.00000002861429070
73.12500000000000000	0.00000000551301402
73.16406250000000000	-0.00000003589916148
73.20312500000000000	-0.00000000335801610
73.24218750000000000	-0.00000004081984360
73.28125000000000000	-0.00000001104299606
73.32031250000000000	-0.00000004697461893
73.35937500000000000	-0.00000001368723396
73.39843750000000000	-0.00000004722161596
73.43750000000000000	-0.00000001174249838
73.47656250000000000	-0.00000004399676344
73.51562500000000000	-0.00000000705402246
73.55468750000000000	-0.00000004068506954
73.59375000000000000	0.00000000043858365
73.63281250000000000	-0.00000003702156655
73.67187500000000000	0.00000000292716487
73.71093750000000000	-0.00000003272949489
73.75000000000000000	0.00000000806174049
73.78906250000000000	-0.00000002997358241
73.82812500000000000	0.00000001023131464
73.86718750000000000	-0.00000003084707751
73.90625000000000000	0.00000000901969681
73.94531250000000000	-0.00000003434618216
73.98437500000000000	0.00000000538618793
74.02343750000000000	-0.00000003925364811
74.06250000000000000	-0.00000000065473358
74.10156250000000000	-0.00000004582053218
74.14062500000000000	-0.00000000299369343
74.17968750000000000	-0.00000005134032840
74.21875000000000000	-0.00000000574695198
74.25781250000000000	-0.00000005314495436
74.29687500000000000	-0.00000000311127255
74.33593750000000000	-0.00000005388444124
74.37500000000000000	-0.00000000374540406
74.41406250000000000	-0.00000005037429095
74.45312500000000000	0.00000000222743376
74.49218750000000000	-0.00000004386692349
74.53125000000000000	0.00000000794471274
74.57031250000000000	-0.00000004189535484
74.60937500000000000	0.00000000956013277
74.64843750000000000	-0.00000004255580504
74.68750000000000000	0.00000000402847144
74.72656250000000000	-0.00000004269288303
74.76562500000000000	0.00000000537396549
74.80468750000000000	-0.00000004776044782
74.84375000000000000	0.00000000025768672
74.88281250000000000	-0.00000004970219375
74.92187500000000000	-0.00000000339844545
74.96093750000000000	-0.00000005252350809
75.00000000000000000	-0.00000000547111072
75.03906250000000000	-0.00000005473068281
75.07812500000000000	-0.00000000665404700
75.11718750000000000	-0.00000005354155978
75.15625000000000000	-0.00000000686011890
75.19531250000000000	-0.00000005297790583
75.23437500000000000	-0.00000000255763234
75.27343750000000000	-0.00000004996149217
75.31250000000000000	-0.00000000098944841
75.35156250000000000	-0.00000004457075986
75.39062500000000000	0.00000000576105975
75.42968750000000000	-0.00000003900911117
75.46875000000000000	0.00000000758014859
75.50781250000000000	-0.00000003963329715
75.54687500000000000	0.00000000720015472
75.58593750000000000	-0.00000004112800647
75.62500000000000000	0.00000000306819332
75.66406250000000000	-0.00000004507793403
75.70312500000000000	-0.00000000048650498
75.74218750000000000	-0.00000004951726045
75.78125000000000000	-0.00000000359510429
75.82031250000000000	-0.00000005234129146
75.85937500000000000	-0.00000000584375970
75.89843750000000000	-0.00000005145677402
75.93750000000000000	-0.00000000374725139
75.97656250000000000	-0.00000005073265193
76.01562500000000000	-0.00000000305812867
76.05468750000000000	-0.00000004728830407
76.09375000000000000	0.00000000061862945
76.13281250000000000	-0.00000004388477300
76.17187500000000000	0.00000000232987471
76.21093750000000000	-0.00000004197301231
76.25000000000000000	0.00000000419730603
76.28906250000000000	-0.00000004021089737
76.32812500000000000	0.00000000619486200
76.36718750000000000	-0.00000003804061722
76.40625000000000000	0.00000000594520988
76.44531250000000000	-0.00000003840977817
76.48437500000000000	0.00000000423897183
76.52343750000000000	-0.00000004250505962
76.56250000000000000	-0.00000000014531153
76.60156250000000000	-0.00000004520400180
76.64062500000000000	-0.00000000363547939
76.67968750000000000	-0.00000004627643897
76.71875000000000000	-0.00000000392364621
76.75781250000000000	-0.00000004510341840
76.79687500000000000	-0.00000000232629847
76.83593750000000000	-0.00000004194054823
76.87500000000000000	-0.00000000276052702
76.91406250000000000	-0.00000004074978428
76.95312500000000000	0.00000000136114949
76.99218750000000000	-0.00000003938561257
77.03125000000000000	0.00000000155183055
77.07031250000000000	-0.00000003846288614
77.10937500000000000	0.00000000254883424
77.14843750000000000	-0.00000003775955700
77.18750000000000000	0.00000000307607980
77.22656250000000000	-0.00000003935967854
77.26562500000000000	0.00000000432818274
77.30468750000000000	-0.00000004175085457
77.34375000000000000	0.00000000059128764
77.38281250000000000	-0.00000004192499479
77.42187500000000000	-0.00000000094454259
77.46093750000000000	-0.00000004328742631
77.50000000000000000	-0.00000000109118732
77.53906250000000000	-0.00000004458326404
77.57812500000000000	-0.00000000415249721
77.61718750000000000	-0.00000004478274410
77.65625000000000000	-0.00000000466370179
77.69531250000000000	-0.00000004539361245
77.73437500000000000	-0.00000000156028699
77.77343750000000000	-0.00000004396641476
77.81250000000000000	-0.00000000040415948
77.85156250000000000	-0.00000004387296520
77.89062500000000000	0.00000000236304528
77.92968750000000000	-0.00000004092444530
77.96875000000000000	0.00000000223543206
78.00781250000000000	-0.00000004080517960
78.04687500000000000	0.00000000253764131
78.08593750000000000	-0.00000004467186181
78.12500000000000000	0.00000000340219130
78.16406250000000000	-0.00000004656294081
78.20312500000000000	-0.00000000085131903
78.24218750000000000	-0.00000004715836454
78.28125000000000000	0.00000000095875790
78.32031250000000000	-0.00000004881645199
78.35937500000000000	0.00000000023887006
78.39843750000000000	-0.00000004909587980
78.43750000000000000	-0.00000000096074309
78.47656250000000000	-0.00000004938675830
78.51562500000000000	-0.00000000240588711
78.55468750000000000	-0.00000004829933801
78.59375000000000000	-0.00000000256021300
78.63281250000000000	-0.00000004752848010
78.67187500000000000	0.00000000081931760
78.71093750000000000	-0.00000004583578743
78.75000000000000000	0.00000000218332961
78.78906250000000000	-0.00000004329568433
78.82812500000000000	0.00000000378118618
78.86718750000000000	-0.00000004241315022
78.90625000000000000	0.00000000475094583
78.94531250000000000	-0.00000004192033189
78.98437500000000000	0.00000000559124438
79.02343750000000000	-0.00000004251327745
79.06250000000000000	-0.00000000462240881
79.10156250000000000	-0.00000004269488097
79.14062500000000000	0.00000000132613237
79.17968750000000000	-0.00000004293855835
79.21875000000000000	0.00000000344771626
79.25781250000000000	-0.00000004611989252
79.29687500000000000	-0.00000000638165768
79.33593750000000000	-0.00000004638245150
79.37500000000000000	-0.00000000610056565
79.41406250000000000	-0.00000005291829325
79.45312500000000000	-0.00000000449219237
79.49218750000000000	-0.00000004108360757
79.53125000000000000	0.00000000873728592
79.57031250000000000	-0.00000004014908016
79.60937500000000000	0.00000000048431706
79.64843750000000000	-0.00000002679701871
79.68750000000000000	0.00000000957883192
79.72656250000000000	-0.00000003278510818
79.76562500000000000	-0.00000000153873904
79.80468750000000000	-0.00000002693048102
79.84375000000000000	0.00000000572899226
79.88281250000000000	-0.00000002414585443
79.92187500000000000	-0.00000000023087912
79.96093750000000000	-0.00000002796022038
80.00000000000000000	0.00000000149536494
80.03906250000000000	-0.00000002601115171
80.07812500000000000	-0.00000000275557214
80.11718750000000000	-0.00000002714455215
80.15625000000000000	0.00000000692617035
80.19531250000000000	-0.00000002571742096
80.23437500000000000	0.00000000357570479
80.27343750000000000	-0.00000003100292641
80.31250000000000000	-0.00000000593261874
80.35156250000000000	-0.00000002746705870
80.39062500000000000	-0.00000000532770085
80.42968750000000000	-0.00000002212366942
80.46875000000000000	0.00000000481338786
80.50781250000000000	-0.00000000499434045
80.54687500000000000	0.00000000366625153
80.58593750000000000	0.00000000067592227
80.62500000000000000	0.00000000724195765
80.66406250000000000	-0.00000001196769004
80.70312500000000000	-0.00000000064442521
80.74218750000000000	-0.00000001731279730
80.78125000000000000	0.00000000081330271
80.82031250000000000	-0.00000001037257521
80.85937500000000000	-0.00000000212791209
80.89843750000000000	-0.00000001538490602
80.93750000000000000	-0.00000000168744229
80.97656250000000000	-0.00000001700563154
81.01562500000000000	-0.00000000465264687
81.05468750000000000	-0.00000001750504716
81.09375000000000000	-0.00000000416791963
81.13281250000000000	-0.00000001620686972
81.17187500000000000	-0.00000000164433569
81.21093750000000000	-0.00000001456906595
81.25000000000000000	0.00000000009142630
81.28906250000000000	-0.00000001230865319
81.32812500000000000	0.00000000402827138
81.36718750000000000	-0.00000001224316878
81.40625000000000000	0.00000000419846846
81.44531250000000000	-0.00000001330165456
81.48437500000000000	0.00000000423907844
81.52343750000000000	-0.00000001495107756
81.56250000000000000	0.00000000336577445
81.60156250000000000	-0.00000001774632587
81.64062500000000000	0.00000000020827958
81.67968750000000000	-0.00000002002873812
81.71875000000000000	-0.00000000184595135
81.75781250000000000	-0.00000002239954781
81.79687500000000000	-0.00000000509315405
81.83593750000000000	-0.00000002524682695
81.87500000000000000	-0.00000000413915024
81.91406250000000000	-0.00000002380040128
81.95312500000000000	-0.00000000282170423
81.99218750000000000	-0.00000002198735075
82.03125000000000000	0.00000000055524951
82.07031250000000000	-0.00000001877173322
82.10937500000000000	0.00000000079887153
82.14843750000000000	-0.00000001841559514
82.18750000000000000	0.00000000190182170
82.22656250000000000	-0.00000001651570712
82.26562500000000000	0.00000000221899174
82.30468750000000000	-0.00000001594528972
82.34375000000000000	0.00000000587323649
82.38281250000000000	-0.00000001573891182
82.42187500000000000	0.00000000452545180
82.46093750000000000	-0.00000001870062146
82.50000000000000000	0.00000000146027831
82.53906250000000000	-0.00000002247867684
82.57812500000000000	-0.00000000456853384
82.61718750000000000	-0.00000002519225053
82.65625000000000000	-0.00000000560503607
82.69531250000000000	-0.00000002661572590
82.73437500000000000	-0.00000000498854893
82.77343750000000000	-0.00000002439497166
82.81250000000000000	-0.00000000157734366
82.85156250000000000	-0.00000002329001562
82.89062500000000000	-0.00000000145172240
82.92968750000000000	-0.00000002201832058
82.96875000000000000	0.00000000132762896
83.00781250000000000	-0.00000002000155763
83.04687500000000000	0.00000000717710319
83.08593750000000000	-0.00000001703785347
83.12500000000000000	0.00000000391839284
83.16406250000000000	-0.00000001792873469
83.20312500000000000	0.00000000430556406
83.24218750000000000	-0.00000002159547445
83.28125000000000000	0.00000000218272889
83.32031250000000000	-0.00000002309802105
83.35937500000000000	-0.00000000079694548
83.39843750000000000	-0.00000002575147095
83.43750000000000000	-0.00000000411948263
83.47656250000000000	-0.00000002563773312
83.51562500000000000	-0.00000000378968088
83.55468750000000000	-0.00000002750554271
83.59375000000000000	-0.00000000546815792
83.63281250000000000	-0.00000002655721277
83.67187500000000000	-0.00000000420971915
83.71093750000000000	-0.00000002221426886
83.75000000000000000	-0.00000000059821205
83.78906250000000000	-0.00000001702573369
83.82812500000000000	0.00000000537361653
83.86718750000000000	-0.00000001503100747
83.90625000000000000	0.00000000649973828
83.94531250000000000	-0.00000001386255319
83.98437500000000000	0.00000000651727725
84.02343750000000000	-0.00000001663820079
84.06250000000000000	0.00000000096496765
84.10156250000000000	-0.00000001949746400
84.14062500000000000	0.00000000030467547
84.17968750000000000	-0.00000002210466539
84.21875000000000000	-0.00000000272535692
84.25781250000000000	-0.00000002490073374
84.29687500000000000	-0.00000000664330340
84.33593750000000000	-0.00000002580769836
84.37500000000000000	-0.00000000352834561
84.41406250000000000	-0.00000002594139835
84.45312500000000000	-0.00000000223706549
84.49218750000000000	-0.00000002475612747
84.53125000000000000	-0.00000000019204147
84.57031250000000000	-0.00000002291270086
84.60937500000000000	0.00000000309920128
84.64843750000000000	-0.00000001879069100
84.68750000000000000	0.00000000656648630
84.72656250000000000	-0.00000001485713277
84.76562500000000000	0.00000000932346939
84.80468750000000000	-0.00000001444013549
84.84375000000000000	0.00000000711522839
84.88281250000000000	-0.00000001711602911
84.92187500000000000	0.00000000334868628
84.96093750000000000	-0.00000002261668578
85.00000000000000000	-0.00000000234158633
85.03906250000000000	-0.00000002833428553
85.07812500000000000	-0.00000000452879149
85.11718750000000000	-0.00000002989292286
85.15625000000000000	-0.00000000489142573
85.19531250000000000	-0.00000002727458461
85.23437500000000000	-0.00000000201862017
85.27343750000000000	-0.00000002566320299
85.31250000000000000	-0.00000000320136286
85.35156250000000000	-0.00000002258524252
85.39062500000000000	0.00000000109888246
85.42968750000000000	-0.00000002025811379
85.46875000000000000	0.00000000273673660
85.50781250000000000	-0.00000001755439756
85.54687500000000000	0.00000000408630615
85.58593750000000000	-0.00000001600131402
85.62500000000000000	0.00000001069156928
85.66406250000000000	-0.00000001804481891
85.70312500000000000	0.00000000509737805
85.74218750000000000	-0.00000001780546726
85.78125000000000000	0.00000000237913937
85.82031250000000000	-0.00000002051402052
85.85937500000000000	-0.00000000322897308
85.89843750000000000	-0.00000002278029382
85.93750000000000000	-0.00000000697295271
85.97656250000000000	-0.00000002659212991
86.01562500000000000	-0.00000000857701198
86.05468750000000000	-0.00000002438123987
86.09375000000000000	-0.00000000745881112
86.13281250000000000	-0.00000002153129545
86.17187500000000000	-0.00000000123618509
86.21093750000000000	-0.00000001490698393
86.25000000000000000	0.00000000511041597
86.28906250000000000	-0.00000000982859283
86.32812500000000000	0.00000000831673187
86.36718750000000000	-0.00000000763842482
86.40625000000000000	0.00000000748558007
86.44531250000000000	-0.00000000928023262
86.48437500000000000	0.00000000560938430
86.52343750000000000	-0.00000001166510974
86.56250000000000000	0.00000000255621911
86.60156250000000000	-0.00000001624683846
86.64062500000000000	0.00000000067967429
86.67968750000000000	-0.00000002046241550
86.71875000000000000	-0.00000000438303265
86.75781250000000000	-0.00000002523542175
86.79687500000000000	-0.00000000793953489
86.83593750000000000	-0.00000002794643802
86.87500000000000000	-0.00000000883791766
86.91406250000000000	-0.00000002751268649
86.95312500000000000	-0.00000000564434396
86.99218750000000000	-0.00000002230467118
87.03125000000000000	0.00000000008277785
87.07031250000000000	-0.00000001729887207
87.10937500000000000	0.00000000479066352
87.14843750000000000	-0.00000001133996512
87.18750000000000000	0.00000001081677873
87.22656250000000000	-0.00000001038432392
87.26562500000000000	0.00000000911621547
87.30468750000000000	-0.00000001114991650
87.34375000000000000	0.00000000503047806
87.38281250000000000	-0.00000001673294125
87.42187500000000000	-0.00000000169184119
87.46093750000000000	-0.00000002206029508
87.50000000000000000	-0.00000000548294870
87.53906250000000000	-0.00000002511334220
87.57812500000000000	-0.00000000950365191
87.61718750000000000	-0.00000002548357594
87.65625000000000000	-0.00000000878084301
87.69531250000000000	-0.00000002248046242
87.73437500000000000	-0.00000000633941895
87.77343750000000000	-0.00000001900275205
87.81250000000000000	0.00000000044492372
87.85156250000000000	-0.00000001414787418
87.89062500000000000	0.00000000022106403
87.92968750000000000	-0.00000000886872469
87.96875000000000000	0.00000000536535240
88.00781250000000000	-0.00000000437817640
88.04687500000000000	0.00000001123207320
88.08593750000000000	-0.00000000307192387
88.12500000000000000	0.00000001095382901
88.16406250000000000	-0.00000000292387533
88.20312500000000000	0.00000000243527926
88.24218750000000000	-0.00000000970835029
88.28125000000000000	0.00000000006824706
88.32031250000000000	-0.00000001358387152
88.35937500000000000	-0.00000000641995291
88.39843750000000000	-0.00000001818397185
88.43750000000000000	-0.00000001037664462
88.47656250000000000	-0.00000001654279947
88.51562500000000000	-0.00000000772822915
88.55468750000000000	-0.00000001303595181
88.59375000000000000	-0.00000000261698423
88.63281250000000000	-0.00000000731942777
88.67187500000000000	0.00000000251002065
88.71093750000000000	-0.00000000222745084
88.75000000000000000	0.00000000704240990
88.78906250000000000	0.00000000055967142
88.82812500000000000	0.00000000924788839
88.86718750000000000	0.00000000001586291
88.90625000000000000	0.00000000791594983
88.94531250000000000	-0.00000000096423092
88.98437500000000000	0.00000000541691042
89.02343750000000000	-0.00000000543374078
89.06250000000000000	0.00000000152565166
89.10156250000000000	-0.00000001158914964
89.14062500000000000	-0.00000000651816033
89.17968750000000000	-0.00000001574494018
89.21875000000000000	-0.00000000694291675
89.25781250000000000	-0.00000002007830536
89.29687500000000000	-0.00000001529120992
89.33593750000000000	-0.00000002039116169
89.37500000000000000	-0.00000000925379760
89.41406250000000000	-0.00000001410111927
89.45312500000000000	-0.00000000281885321
89.49218750000000000	-0.00000000633359102
89.53125000000000000	0.00000000378977953
89.57031250000000000	0.00000000045076248
89.60937500000000000	0.00000000675329376
89.64843750000000000	0.00000000397500206
89.68750000000000000	0.00000001147035384
89.72656250000000000	0.00000000307426816
89.76562500000000000	0.00000000799183922
89.80468750000000000	-0.00000000174542412
89.84375000000000000	0.00000000449640403
89.88281250000000000	-0.00000000722582374
89.92187500000000000	-0.00000000289179917
89.96093750000000000	-0.00000001348674508
90.00000000000000000	-0.00000000944778850
90.03906250000000000	-0.00000001679270205
90.07812500000000000	-0.00000000948717390
90.11718750000000000	-0.00000001750582722
90.15625000000000000	-0.00000000894321848
90.19531250000000000	-0.00000001880163367
90.23437500000000000	-0.00000000598766876
90.27343750000000000	-0.00000001291621310
90.31250000000000000	0.00000000224704336
90.35156250000000000	-0.00000000755598805
90.39062500000000000	0.00000000549112419
90.42968750000000000	-0.00000000255716799
90.46875000000000000	0.00000000956083224
90.50781250000000000	-0.00000000363398945
90.54687500000000000	0.00000001121863256
90.58593750000000000	-0.00000000622013217
90.62500000000000000	0.00000000605629516
90.66406250000000000	-0.00000000803770636
90.70312500000000000	-0.00000000449615918
90.74218750000000000	-0.00000001652076423
90.78125000000000000	-0.00000000946155194
90.82031250000000000	-0.00000002160935299
90.85937500000000000	-0.00000001346731892
90.89843750000000000	-0.00000002197056981
90.93750000000000000	-0.00000001125634309
90.97656250000000000	-0.00000001833875907
91.01562500000000000	-0.00000000681931396
91.05468750000000000	-0.00000001291387025
91.09375000000000000	-0.00000000196144228
91.13281250000000000	-0.00000000668367038
91.17187500000000000	0.00000000445260621
91.21093750000000000	-0.00000000082669757
91.25000000000000000	0.00000000895162642
91.28906250000000000	0.00000000228222005
91.32812500000000000	0.00000001079675742
91.36718750000000000	0.00000000230346549
91.40625000000000000	0.00000000946367348
91.44531250000000000	-0.00000000245935696
91.48437500000000000	0.00000000373604317
91.52343750000000000	-0.00000001039923459
91.56250000000000000	-0.00000000351280951
91.60156250000000000	-0.00000001750998986
91.64062500000000000	-0.00000000963205972
91.67968750000000000	-0.00000002237483995
91.71875000000000000	-0.00000001052803082
91.75781250000000000	-0.00000002389262375
91.79687500000000000	-0.00000001038744316
91.83593750000000000	-0.00000002122696270
91.87500000000000000	-0.00000000399627090
91.91406250000000000	-0.00000001561743212
91.95312500000000000	0.00000000259135897
91.99218750000000000	-0.00000001193129938
92.03125000000000000	0.00000000825167388
92.07031250000000000	-0.00000000673001123
92.10937500000000000	0.00000001209467220
92.14843750000000000	-0.00000000841787414
92.18750000000000000	0.00000001121992696
92.22656250000000000	-0.00000001241692047
92.26562500000000000	0.00000000618124026
92.30468750000000000	-0.00000001746962187
92.34375000000000000	-0.00000000049177144
92.38281250000000000	-0.00000002467022994
92.42187500000000000	-0.00000000716064782
92.46093750000000000	-0.00000002997533638
92.50000000000000000	-0.00000001128521430
92.53906250000000000	-0.00000003179833681
92.57812500000000000	-0.00000001104396066
92.61718750000000000	-0.00000003052718121
92.65625000000000000	-0.00000000773813380
92.69531250000000000	-0.00000002405690959
92.73437500000000000	-0.00000000174151225
92.77343750000000000	-0.00000001616320926
92.81250000000000000	0.00000000606690594
92.85156250000000000	-0.00000000782771813
92.89062500000000000	0.00000000988010354
92.92968750000000000	-0.00000000470780072
92.96875000000000000	0.00000001363860292
93.00781250000000000	-0.00000000494263034
93.04687500000000000	0.00000000925472355
93.08593750000000000	-0.00000000902385044
93.12500000000000000	0.00000000274852418
93.16406250000000000	-0.00000001512815096
93.20312500000000000	-0.00000000328528589
93.24218750000000000	-0.00000001981807550
93.28125000000000000	-0.00000000906978194
93.32031250000000000	-0.00000002475835989
93.35937500000000000	-0.00000001193411657
93.39843750000000000	-0.00000002628595241
93.43750000000000000	-0.00000001055610933
93.47656250000000000	-0.00000002199217734
93.51562500000000000	-0.00000000485217860
93.55468750000000000	-0.00000001476583257
93.59375000000000000	0.00000000356758316
93.63281250000000000	-0.00000000621347138
93.67187500000000000	0.00000000889795519
93.71093750000000000	-0.00000000101654198
93.75000000000000000	0.00000001135390815
93.78906250000000000	0.00000000103826433
93.82812500000000000	0.00000001184705505
93.86718750000000000	-0.00000000101792600
93.90625000000000000	0.00000000553648944
93.94531250000000000	-0.00000000672612352
93.98437500000000000	0.00000000067936425
94.02343750000000000	-0.00000001394868616
94.06250000000000000	-0.00000000831761723
94.10156250000000000	-0.00000001947018817
94.14062500000000000	-0.00000001351463410
94.17968750000000000	-0.00000002192678879
94.21875000000000000	-0.00000001371630965
94.25781250000000000	-0.00000001975034370
94.29687500000000000	-0.00000000880946508
94.33593750000000000	-0.00000001549941969
94.37500000000000000	-0.00000000498705106
94.41406250000000000	-0.00000000871273081
94.45312500000000000	0.00000000520774026
94.49218750000000000	-0.00000000373693369
94.53125000000000000	0.00000001004658050
94.57031250000000000	0.00000000132203115
94.60937500000000000	0.00000001083750383
94.64843750000000000	0.00000000067227497
94.68750000000000000	0.00000000594196941
94.72656250000000000	-0.00000000347667406
94.76562500000000000	0.00000000246473135
94.80468750000000000	-0.00000001005444304
94.84375000000000000	-0.00000000520870935
94.88281250000000000	-0.00000001710372528
94.92187500000000000	-0.00000001123074014
94.96093750000000000	-0.00000002152487469
95.00000000000000000	-0.00000001299188764
95.03906250000000000	-0.00000002278367163
95.07812500000000000	-0.00000001003840438
95.11718750000000000	-0.00000001849974043
95.15625000000000000	-0.00000000498770632
95.19531250000000000	-0.00000001198833230
95.23437500000000000	0.00000000150141164
95.27343750000000000	-0.00000000453056961
95.31250000000000000	0.00000000979188365
95.35156250000000000	0.00000000107490793
95.39062500000000000	0.00000001315285222
95.42968750000000000	0.00000000079985966
95.46875000000000000	0.00000001241538482
95.50781250000000000	-0.00000000220197212
95.54687500000000000	0.00000000847328801
95.58593750000000000	-0.00000000635289326
95.62500000000000000	-0.00000000042444421
95.66406250000000000	-0.00000001312457937
95.70312500000000000	-0.00000000587385480
95.74218750000000000	-0.00000001793142266
95.78125000000000000	-0.00000000933918221
95.82031250000000000	-0.00000002075951956
95.85937500000000000	-0.00000001157637207
95.89843750000000000	-0.00000001970977553
95.93750000000000000	-0.00000000718023992
95.97656250000000000	-0.00000001462743820
96.01562500000000000	-0.00000000166771768
96.05468750000000000	-0.00000000626162800
96.09375000000000000	0.00000000528706487
96.13281250000000000	0.00000000071863476
96.17187500000000000	0.00000001201396997
96.21093750000000000	0.00000000493745404
96.25000000000000000	0.00000001401853353
96.28906250000000000	0.00000000497878852
96.32812500000000000	0.00000001102386131
96.36718750000000000	0.00000000080301441
96.40625000000000000	0.00000000485006404
96.44531250000000000	-0.00000000538918898
96.48437500000000000	-0.00000000219787016
96.52343750000000000	-0.00000001352685815
96.56250000000000000	-0.00000000990342975
96.60156250000000000	-0.00000001890175765
96.64062500000000000	-0.00000001293660004
96.67968750000000000	-0.00000001815251220
96.71875000000000000	-0.00000001245164316
96.75781250000000000	-0.00000001482242815
96.79687500000000000	-0.00000000746559450
96.83593750000000000	-0.00000000692537608
96.87500000000000000	0.00000000261785833
96.91406250000000000	0.00000000076433350
96.95312500000000000	0.00000000782657680
96.99218750000000000	0.00000000762643920
97.03125000000000000	0.00000001191746632
97.07031250000000000	0.00000000865313032
97.10937500000000000	0.00000001271667292
97.14843750000000000	0.00000000838783662
97.18750000000000000	0.00000000807645100
97.22656250000000000	0.00000000295434670
97.26562500000000000	-0.00000000035856209
97.30468750000000000	-0.00000000482548788
97.34375000000000000	-0.00000000477563493
97.38281250000000000	-0.00000001079480508
97.42187500000000000	-0.00000001159761958
97.46093750000000000	-0.00000001459725895
97.50000000000000000	-0.00000001243044308
97.53906250000000000	-0.00000001269905866
97.57812500000000000	-0.00000000931956229
97.61718750000000000	-0.00000000795948967
97.65625000000000000	-0.00000000092966302
97.69531250000000000	0.00000000090145463
97.73437500000000000	0.00000000588633178
97.77343750000000000	0.00000000809200704
97.81250000000000000	0.00000001049317398
97.85156250000000000	0.00000001211145988
97.89062500000000000	0.00000001152108941
97.92968750000000000	0.00000000955866080
97.96875000000000000	0.00000001010386527
98.00781250000000000	0.00000000479710086
98.04687500000000000	0.00000000547195932
98.08593750000000000	-0.00000000409068453
98.12500000000000000	-0.00000000346716017
98.16406250000000000	-0.00000001223845106
98.20312500000000000	-0.00000000907828799
98.24218750000000000	-0.00000001752646939
98.28125000000000000	-0.00000001358743376
98.32031250000000000	-0.00000001970004634
98.35937500000000000	-0.00000001337913840
98.39843750000000000	-0.00000001621438733
98.43750000000000000	-0.00000000752240688
98.47656250000000000	-0.00000001039716199
98.51562500000000000	0.00000000101532617
98.55468750000000000	-0.00000000190693520
98.59375000000000000	0.00000000884589435
98.63281250000000000	0.00000000299251709
98.67187500000000000	0.00000001236589228
98.71093750000000000	0.00000000663593222
98.75000000000000000	0.00000001144487753
98.78906250000000000	0.00000000456443609
98.82812500000000000	0.00000000836196943
98.86718750000000000	0.00000000052565470
98.90625000000000000	0.00000000296992076
98.94531250000000000	-0.00000000685816300
98.98437500000000000	-0.00000000812943212
99.02343750000000000	-0.00000001392183192
99.06250000000000000	-0.00000001157182264
99.10156250000000000	-0.00000001775274549
99.14062500000000000	-0.00000001303504749
99.17968750000000000	-0.00000001703263816
99.21875000000000000	-0.00000000819766691
99.25781250000000000	-0.00000001187738909
99.29687500000000000	-0.00000000882326442
99.33593750000000000	-0.00000000800095380
99.37500000000000000	0.00000000066345134
99.41406250000000000	0.00000000107695461
99.45312500000000000	0.00000000811668299
99.49218750000000000	0.00000000174464382
99.53125000000000000	0.00000000981857309
99.57031250000000000	-0.00000000099167854
99.60937500000000000	0.00000000586353897
99.64843750000000000	-0.00000000568148094
99.68750000000000000	0.00000000713993611
99.72656250000000000	-0.00000001267407255
99.76562500000000000	-0.00000000341673911
99.80468750000000000	-0.00000001836365744
99.84375000000000000	-0.00000001015439766
99.88281250000000000	-0.00000001939188224
99.92187500000000000	-0.00000001038673280
99.96093750000000000	-0.00000002210848789
100.00000000000000000	-0.00000000970016919
100.03906250000000000	-0.00000002117063966
100.07812500000000000	-0.00000000797008168
100.11718750000000000	-0.00000001496267569
100.15625000000000000	-0.00000000144358277
100.19531250000000000	-0.00000000340726896
100.23437500000000000	0.00000001193417737
100.27343750000000000	-0.00000000044586443
100.31250000000000000	0.00000001187464950
100.35156250000000000	-0.00000000414825262
100.39062500000000000	0.00000001410275448
100.42968750000000000	-0.00000001140776836
100.46875000000000000	0.00000000878088710
100.50781250000000000	-0.00000001281882296
100.54687500000000000	0.00000000459319566
100.58593750000000000	-0.00000002077601068
100.62500000000000000	-0.00000000386054828
100.66406250000000000	-0.00000002548687829
100.70312500000000000	-0.00000001466908251
100.74218750000000000	-0.00000003074104920
100.78125000000000000	-0.00000001341324960
100.82031250000000000	-0.00000002852357588
100.85937500000000000	-0.00000000889271185
100.89843750000000000	-0.00000002409951322
100.93750000000000000	-0.00000000344177868
100.97656250000000000	-0.00000001751185073
101.01562500000000000	0.00000000302170798
101.05468750000000000	-0.00000001162380325
101.09375000000000000	0.00000000894056593
101.13281250000000000	-0.00000000635028268
101.17187500000000000	0.00000001281353072
101.21093750000000000	-0.00000000516966527
101.25000000000000000	0.00000001036653910
101.28906250000000000	-0.00000000865528435
101.32812500000000000	0.00000000657369441
101.36718750000000000	-0.00000001588919804
101.40625000000000000	-0.00000000221853527
101.44531250000000000	-0.00000002289471333
101.48437500000000000	-0.00000000625320697
101.52343750000000000	-0.00000002735837883
101.56250000000000000	-0.00000001265384914
101.60156250000000000	-0.00000002979222575
101.64062500000000000	-0.00000001028274780
101.67968750000000000	-0.00000002759173961
101.71875000000000000	-0.00000000924351045
101.75781250000000000	-0.00000002225927351
101.79687500000000000	-0.00000000005618241
101.83593750000000000	-0.00000001356232935
101.87500000000000000	0.00000000617953331
101.91406250000000000	-0.00000000913927881
101.95312500000000000	0.00000001180849587
101.99218750000000000	-0.00000000514523276
102.03125000000000000	0.00000001049945015
102.07031250000000000	-0.00000000480718971
102.10937500000000000	0.00000000738344523
102.14843750000000000	-0.00000000769403733
102.18750000000000000	0.00000000231821868
102.22656250000000000	-0.00000001434645631
102.26562500000000000	-0.00000000531150921
102.30468750000000000	-0.00000002018304569
102.34375000000000000	-0.00000000956799187
102.38281250000000000	-0.00000002431609688
102.42187500000000000	-0.00000001469220235
102.46093750000000000	-0.00000002455070650
102.50000000000000000	-0.00000001071748981
102.53906250000000000	-0.00000002011888072
102.57812500000000000	-0.00000000615112774
102.61718750000000000	-0.00000001277998760
102.65625000000000000	0.00000000110637699
102.69531250000000000	-0.00000000426028901
102.73437500000000000	0.00000000712430862
102.77343750000000000	0.00000000014647244
102.81250000000000000	0.00000001310832645
102.85156250000000000	0.00000000195117362
102.89062500000000000	0.00000001093770075
102.92968750000000000	-0.00000000053557650
102.96875000000000000	0.00000000673515069
103.00781250000000000	-0.00000000635810179
103.04687500000000000	0.00000000067609209
103.08593750000000000	-0.00000001299464634
103.12500000000000000	-0.00000000621131395
103.16406250000000000	-0.00000001670345221
103.20312500000000000	-0.00000000981588309
103.24218750000000000	-0.00000001986533286
103.28125000000000000	-0.00000001211942263
103.32031250000000000	-0.00000001968804344
103.35937500000000000	-0.00000000756089855
103.39843750000000000	-0.00000001511475294
103.43750000000000000	-0.00000000170096617
103.47656250000000000	-0.00000000916937189
103.51562500000000000	0.00000000653566198
103.55468750000000000	-0.00000000343765774
103.59375000000000000	0.00000001150013412
103.63281250000000000	0.00000000070644463
103.67187500000000000	0.00000001288572311
103.71093750000000000	0.00000000049696689
103.75000000000000000	0.00000001041531889
103.78906250000000000	-0.00000000454596431
103.82812500000000000	0.00000000519369365
103.86718750000000000	-0.00000001174341851
103.90625000000000000	-0.00000000164627612
103.94531250000000000	-0.00000001995098211
103.98437500000000000	-0.00000000901449832
104.02343750000000000	-0.00000002447219414
104.06250000000000000	-0.00000001245330170
104.10156250000000000	-0.00000002623293509
104.14062500000000000	-0.00000001139823957
104.17968750000000000	-0.00000002227573888
104.21875000000000000	-0.00000000606457227
104.25781250000000000	-0.00000001719372432
104.29687500000000000	0.00000000085957039
104.33593750000000000	-0.00000001205608466
104.37500000000000000	0.00000000389577624
104.41406250000000000	-0.00000000823364700
104.45312500000000000	0.00000001327842595
104.49218750000000000	-0.00000000422719204
104.53125000000000000	0.00000001116036751
104.57031250000000000	-0.00000000638321951
104.60937500000000000	0.00000000639039642
104.64843750000000000	-0.00000001238204788
104.68750000000000000	0.00000000038143026
104.72656250000000000	-0.00000001708870892
104.76562500000000000	-0.00000000637346615
104.80468750000000000	-0.00000002286901402
104.84375000000000000	-0.00000000875743803
104.88281250000000000	-0.00000002566403044
104.92187500000000000	-0.00000001153144584
104.96093750000000000	-0.00000002412156904
105.00000000000000000	-0.00000000687254647
105.03906250000000000	-0.00000001933257388
105.07812500000000000	-0.00000000415604571
105.11718750000000000	-0.00000001324025238
105.15625000000000000	0.00000000475077130
105.19531250000000000	-0.00000000580136628
105.23437500000000000	0.00000000926592854
105.27343750000000000	-0.00000000376649614
105.31250000000000000	0.00000001185115289
105.35156250000000000	-0.00000000134067167
105.39062500000000000	0.00000000938455642
105.42968750000000000	-0.00000000402293949
105.46875000000000000	0.00000000404410469
105.50781250000000000	-0.00000001076044265
105.54687500000000000	-0.00000000224629362
105.58593750000000000	-0.00000001885155422
105.62500000000000000	-0.00000000632259958
105.66406250000000000	-0.00000002325808804
105.70312500000000000	-0.00000001089188884
105.74218750000000000	-0.00000002390561374
105.78125000000000000	-0.00000001047985589
105.82031250000000000	-0.00000002104601500
105.85937500000000000	-0.00000000658571230
105.89843750000000000	-0.00000001494814326
105.93750000000000000	-0.00000000181315191
105.97656250000000000	-0.00000000890425331
106.01562500000000000	0.00000000668302066
106.05468750000000000	-0.00000000326645610
106.09375000000000000	0.00000001003929007
106.13281250000000000	-0.00000000062301294
106.17187500000000000	0.00000001069295639
106.21093750000000000	-0.00000000242226523
106.25000000000000000	0.00000000689669818
106.28906250000000000	-0.00000000720077166
106.32812500000000000	0.00000000145742727
106.36718750000000000	-0.00000001357410363
106.40625000000000000	-0.00000000441922366
106.44531250000000000	-0.00000001825063008
106.48437500000000000	-0.00000000981543425
106.52343750000000000	-0.00000002189544938
106.56250000000000000	-0.00000001131177968
106.60156250000000000	-0.00000002134816320
106.64062500000000000	-0.00000000884205556
106.67968750000000000	-0.00000001791220142
106.71875000000000000	-0.00000000294094847
106.75781250000000000	-0.00000001011856634
106.79687500000000000	0.00000000313717957
106.83593750000000000	-0.00000000376196315
106.87500000000000000	0.00000000888135645
106.91406250000000000	0.00000000158423448
106.95312500000000000	0.00000001186315996
106.99218750000000000	0.00000000335031074
107.03125000000000000	0.00000000856226022
107.07031250000000000	0.00000000085708109
107.10937500000000000	0.00000000824651928
107.14843750000000000	-0.00000000308237106
107.18750000000000000	0.00000000083122188
107.22656250000000000	-0.00000001104785865
107.26562500000000000	-0.00000000516209088
107.30468750000000000	-0.00000001534562714
107.34375000000000000	-0.00000001066678100
107.38281250000000000	-0.00000001705087844
107.42187500000000000	-0.00000000971401124
107.46093750000000000	-0.00000001449773909
107.50000000000000000	-0.00000000653137510
107.53906250000000000	-0.00000000874001289
107.57812500000000000	-0.00000000156571030
107.61718750000000000	-0.00000000198915117
107.65625000000000000	0.00000000266225673
107.69531250000000000	0.00000000345233632
107.73437500000000000	0.00000000738990445
107.77343750000000000	0.00000000691524394
107.81250000000000000	0.00000001022806162
107.85156250000000000	0.00000000523671658
107.89062500000000000	0.00000000667241762
107.92968750000000000	0.00000000061021049
107.96875000000000000	0.00000000295185749
108.00781250000000000	-0.00000000439863063
108.04687500000000000	-0.00000000489928316
108.08593750000000000	-0.00000001094486408
108.12500000000000000	-0.00000001010971706
108.16406250000000000	-0.00000001653219660
108.20312500000000000	-0.00000001272869274
108.24218750000000000	-0.00000001696432975
108.28125000000000000	-0.00000000822348824
108.32031250000000000	-0.00000001508719123
108.35937500000000000	-0.00000000421894930
108.39843750000000000	-0.00000001081126151
108.43750000000000000	0.00000000056967170
108.47656250000000000	-0.00000000387772031
108.51562500000000000	0.00000000810274076
108.55468750000000000	0.00000000266051730
108.59375000000000000	0.00000001209396871
108.63281250000000000	0.00000000488411708
108.67187500000000000	0.00000001227302923
108.71093750000000000	0.00000000275867875
108.75000000000000000	0.00000000749527672
108.78906250000000000	-0.00000000337855526
108.82812500000000000	0.00000000029277321
108.86718750000000000	-0.00000000885098251
108.90625000000000000	-0.00000000370399938
108.94531250000000000	-0.00000001332603404
108.98437500000000000	-0.00000000811035431
109.02343750000000000	-0.00000001472985012
109.06250000000000000	-0.00000000857873135
109.10156250000000000	-0.00000001519826133
109.14062500000000000	-0.00000000792741482
109.17968750000000000	-0.00000001271301086
109.21875000000000000	-0.00000000482217944
109.25781250000000000	-0.00000000707919750
109.29687500000000000	0.00000000322779297
109.33593750000000000	-0.00000000077524029
109.37500000000000000	0.00000000886217083
109.41406250000000000	0.00000000356580970
109.45312500000000000	0.00000001190676607
109.49218750000000000	0.00000000567504383
109.53125000000000000	0.00000000901601938
109.57031250000000000	0.00000000302103176
109.60937500000000000	0.00000000520721883
109.64843750000000000	-0.00000000445913822
109.68750000000000000	-0.00000000189375059
109.72656250000000000	-0.00000000966736853
109.76562500000000000	-0.00000000534819691
109.80468750000000000	-0.00000001433255837
109.84375000000000000	-0.00000000965252968
109.88281250000000000	-0.00000001634373442
109.92187500000000000	-0.00000000879198765
109.96093750000000000	-0.00000001604605236
110.00000000000000000	-0.00000000555322995
110.03906250000000000	-0.00000000863975625
110.07812500000000000	-0.00000000028161618
110.11718750000000000	-0.00000000312893627
110.15625000000000000	0.00000000377472813
110.19531250000000000	-0.00000000001685359
110.23437500000000000	0.00000001132290923
110.27343750000000000	-0.00000000170480141
110.31250000000000000	0.00000000762685216
110.35156250000000000	-0.00000000203991851
110.39062500000000000	0.00000000690234520
110.42968750000000000	-0.00000000301806640
110.46875000000000000	-0.00000000005850492
110.50781250000000000	-0.00000000699224857
110.54687500000000000	0.00000000071922345
110.58593750000000000	-0.00000001284738258
110.62500000000000000	-0.00000001069308081
110.66406250000000000	-0.00000001786903421
110.70312500000000000	-0.00000000985006826
110.74218750000000000	-0.00000002061396750
110.78125000000000000	-0.00000001020792256
110.82031250000000000	-0.00000001643566493
110.85937500000000000	-0.00000000307949852
110.89843750000000000	-0.00000000820429856
110.93750000000000000	0.00000000129127387
110.97656250000000000	-0.00000000276721179
111.01562500000000000	0.00000000479979137
111.05468750000000000	0.00000000136349633
111.09375000000000000	0.00000000923640048
111.13281250000000000	0.00000000324828881
111.17187500000000000	0.00000000840119282
111.21093750000000000	0.00000000287066177
111.25000000000000000	0.00000000541725167
111.28906250000000000	-0.00000000198853164
111.32812500000000000	-0.00000000001808104
111.36718750000000000	-0.00000000892505505
111.40625000000000000	-0.00000000648979115
111.44531250000000000	-0.00000001270012334
111.48437500000000000	-0.00000000887433176
111.52343750000000000	-0.00000001415630493
111.56250000000000000	-0.00000000913516048
111.60156250000000000	-0.00000001350218050
111.64062500000000000	-0.00000000713412659
111.67968750000000000	-0.00000001080951968
111.71875000000000000	-0.00000000376278655
111.75781250000000000	-0.00000000618665091
111.79687500000000000	0.00000000160825312
111.83593750000000000	-0.00000000104950381
111.87500000000000000	0.00000000781355145
111.91406250000000000	0.00000000162053710
111.95312500000000000	0.00000001033461931
111.99218750000000000	0.00000000235554750
112.03125000000000000	0.00000000682116035
112.07031250000000000	-0.00000000145801716
112.10937500000000000	0.00000000338708405
112.14843750000000000	-0.00000000652969909
112.18750000000000000	-0.00000000228942985
112.22656250000000000	-0.00000001299177282
112.26562500000000000	-0.00000000625115595
112.30468750000000000	-0.00000001445841732
112.34375000000000000	-0.00000000961616524
112.38281250000000000	-0.00000001616454193
112.42187500000000000	-0.00000000852051566
112.46093750000000000	-0.00000001321139190
112.50000000000000000	-0.00000000528665319
112.53906250000000000	-0.00000000911062367
112.57812500000000000	-0.00000000103423719
112.61718750000000000	-0.00000000251031717
112.65625000000000000	0.00000000579682731
112.69531250000000000	0.00000000111133566
112.73437500000000000	0.00000000729413303
112.77343750000000000	0.00000000343184875
112.81250000000000000	0.00000000950906054
112.85156250000000000	0.00000000195677863
112.89062500000000000	0.00000000710478145
112.92968750000000000	-0.00000000101102689
112.96875000000000000	0.00000000400222663
113.00781250000000000	-0.00000000541917440
113.04687500000000000	-0.00000000438995814
113.08593750000000000	-0.00000001191447550
113.12500000000000000	-0.00000000762423731
113.16406250000000000	-0.00000001522374016
113.20312500000000000	-0.00000001049452033
113.24218750000000000	-0.00000001646697635
113.28125000000000000	-0.00000000875773465
113.32031250000000000	-0.00000001417929824
113.35937500000000000	-0.00000000417396881
113.39843750000000000	-0.00000000962378733
113.43750000000000000	0.00000000120963639
113.47656250000000000	-0.00000000481694202
113.51562500000000000	0.00000000499610977
113.55468750000000000	-0.00000000129253109
113.59375000000000000	0.00000000768854837
113.63281250000000000	-0.00000000047648933
113.67187500000000000	0.00000000764110802
113.71093750000000000	-0.00000000169314770
113.75000000000000000	0.00000000501623220
113.78906250000000000	-0.00000000557608079
113.82812500000000000	0.00000000008195712
113.86718750000000000	-0.00000001048526520
113.90625000000000000	-0.00000000309397921
113.94531250000000000	-0.00000001432601763
113.98437500000000000	-0.00000000770988772
114.02343750000000000	-0.00000001594395489
114.06250000000000000	-0.00000000727728322
114.10156250000000000	-0.00000001493745222
114.14062500000000000	-0.00000000752876375
114.17968750000000000	-0.00000001064282882
114.21875000000000000	-0.00000000151396554
114.25781250000000000	-0.00000000572519974
114.29687500000000000	0.00000000612905379
114.33593750000000000	0.00000000096320890
114.37500000000000000	0.00000000967974922
114.41406250000000000	0.00000000509545474
114.45312500000000000	0.00000001143970588
114.49218750000000000	0.00000000593385336
114.53125000000000000	0.00000001170655289
114.57031250000000000	0.00000000169327649
114.60937500000000000	0.00000000695263513
114.64843750000000000	-0.00000000334154570
114.68750000000000000	0.00000000069226025
114.72656250000000000	-0.00000000777563093
114.76562500000000000	-0.00000000548369487
114.80468750000000000	-0.00000001070441134
114.84375000000000000	-0.00000000526225569
114.88281250000000000	-0.00000001092567267
114.92187500000000000	-0.00000000686506809
114.96093750000000000	-0.00000001203979011
115.00000000000000000	-0.00000000569619181
115.03906250000000000	-0.00000000934260851
115.07812500000000000	-0.00000000123132155
115.11718750000000000	-0.00000000472317575
115.15625000000000000	0.00000000401881015
115.19531250000000000	0.00000000082137265
115.23437500000000000	0.00000000968150979
115.27343750000000000	0.00000000214026046
115.31250000000000000	0.00000001049501282
115.35156250000000000	-0.00000000000412079
115.39062500000000000	0.00000000506618582
115.42968750000000000	-0.00000000396096715
115.46875000000000000	0.00000000091519502
115.50781250000000000	-0.00000001064503845
115.54687500000000000	-0.00000000174852012
115.58593750000000000	-0.00000001770500840
115.62500000000000000	-0.00000000925599692
115.66406250000000000	-0.00000002035565035
115.70312500000000000	-0.00000000879265387
115.74218750000000000	-0.00000002182572015
115.78125000000000000	-0.00000000748888566
115.82031250000000000	-0.00000001923541326
115.85937500000000000	-0.00000000343595871
115.89843750000000000	-0.00000001554478566
115.93750000000000000	-0.00000000006323964
115.97656250000000000	-0.00000001191819916
116.01562500000000000	0.00000000431481526
116.05468750000000000	-0.00000000972447582
116.09375000000000000	0.00000000645963346
116.13281250000000000	-0.00000000823649247
116.17187500000000000	0.00000000773490996
116.21093750000000000	-0.00000000777544599
116.25000000000000000	0.00000000531810894
116.28906250000000000	-0.00000001072837001
116.32812500000000000	0.00000000228893846
116.36718750000000000	-0.00000001534896599
116.40625000000000000	-0.00000000403597761
116.44531250000000000	-0.00000001990682477
116.48437500000000000	-0.00000000780406597
116.52343750000000000	-0.00000002017611058
116.56250000000000000	-0.00000000680679084
116.60156250000000000	-0.00000002011927898
116.64062500000000000	-0.00000000548392620
116.67968750000000000	-0.00000001850119444
116.71875000000000000	-0.00000000284679270
116.75781250000000000	-0.00000001325161197
116.79687500000000000	0.00000000293169041
116.83593750000000000	-0.00000000757339322
116.87500000000000000	0.00000000603313743
116.91406250000000000	-0.00000000543124626
116.95312500000000000	0.00000000656232103
116.99218750000000000	-0.00000000522586945
117.03125000000000000	0.00000000627088561
117.07031250000000000	-0.00000000665113955
117.10937500000000000	0.00000000319004607
117.14843750000000000	-0.00000001017065225
117.18750000000000000	0.00000000079005038
117.22656250000000000	-0.00000001332674362
117.26562500000000000	-0.00000000332273055
117.30468750000000000	-0.00000001738421659
117.34375000000000000	-0.00000000906484905
117.38281250000000000	-0.00000001896326180
117.42187500000000000	-0.00000000924946445
117.46093750000000000	-0.00000001718856266
117.50000000000000000	-0.00000000599890961
117.53906250000000000	-0.00000001360739919
117.57812500000000000	-0.00000000114247486
117.61718750000000000	-0.00000000849747030
117.65625000000000000	0.00000000351620202
117.69531250000000000	-0.00000000381937113
117.73437500000000000	0.00000000656861056
117.77343750000000000	-0.00000000200989914
117.81250000000000000	0.00000000713400573
117.85156250000000000	-0.00000000152982353
117.89062500000000000	0.00000000674301148
117.92968750000000000	-0.00000000355050616
117.96875000000000000	0.00000000352751671
118.00781250000000000	-0.00000000879530476
118.04687500000000000	-0.00000000135526412
118.08593750000000000	-0.00000001417285408
118.12500000000000000	-0.00000000418281460
118.16406250000000000	-0.00000001744149620
118.20312500000000000	-0.00000000618032470
118.24218750000000000	-0.00000001929982829
118.28125000000000000	-0.00000000772574885
118.32031250000000000	-0.00000001835196505
118.35937500000000000	-0.00000000419894554
118.39843750000000000	-0.00000001536285109
118.43750000000000000	-0.00000000055178448
118.47656250000000000	-0.00000001082164792
118.51562500000000000	0.00000000326074465
118.55468750000000000	-0.00000000842921044
118.59375000000000000	0.00000000769082433
118.63281250000000000	-0.00000000523152006
118.67187500000000000	0.00000000868203212
118.71093750000000000	-0.00000000674113443
118.75000000000000000	0.00000000592680612
118.78906250000000000	-0.00000001017272307
118.82812500000000000	0.00000000223079501
118.86718750000000000	-0.00000001509209080
118.90625000000000000	-0.00000000346889791
118.94531250000000000	-0.00000001927349392
118.98437500000000000	-0.00000000586545117
119.02343750000000000	-0.00000002070792109
119.06250000000000000	-0.00000000831061414
119.10156250000000000	-0.00000002023619461
119.14062500000000000	-0.00000000757123074
119.17968750000000000	-0.00000002077343561
119.21875000000000000	-0.00000000434345930
119.25781250000000000	-0.00000001762234049
119.29687500000000000	-0.00000000270876763
119.33593750000000000	-0.00000001154640410
119.37500000000000000	0.00000000556946340
119.41406250000000000	-0.00000000884133970
119.45312500000000000	0.00000001264700615
119.49218750000000000	-0.00000000735431456
119.53125000000000000	0.00000000637906724
119.57031250000000000	-0.00000001119980023
119.60937500000000000	0.00000000849125670
119.64843750000000000	-0.00000000904182261
119.68750000000000000	0.00000000406282285
119.72656250000000000	-0.00000000436168708
119.76562500000000000	-0.00000000015947185
119.80468750000000000	-0.00000000955524283
119.84375000000000000	-0.00000000811331275
119.88281250000000000	-0.00000000712423721
119.92187500000000000	-0.00000000863220290
119.96093750000000000	-0.00000000632256178
120.00000000000000000	-0.00000000588152890
120.03906250000000000	-0.00000000244408326
120.07812500000000000	-0.00000000338562731
120.11718750000000000	0.00000000052013902
120.15625000000000000	-0.00000000158676905
120.19531250000000000	0.00000000147547696
120.23437500000000000	0.00000000356611794
120.27343750000000000	0.00000000764377875
120.31250000000000000	0.00000000612273800
120.35156250000000000	0.00000000707339302
120.39062500000000000	0.00000000254944787
120.42968750000000000	0.00000000487843868
120.46875000000000000	0.00000000518955215
120.50781250000000000	-0.00000000361422062
120.54687500000000000	0.00000000151866192
120.58593750000000000	-0.00000000508136083
120.62500000000000000	-0.00000000519023197
120.66406250000000000	-0.00000000625148514
120.70312500000000000	-0.00000000637487432
120.74218750000000000	-0.00000000790472756
120.78125000000000000	-0.00000000749768721
120.82031250000000000	-0.00000000960577041
120.85937500000000000	-0.00000000603752861
120.89843750000000000	-0.00000000647449237
120.93750000000000000	-0.00000000129168544
120.97656250000000000	-0.00000000103629782
121.01562500000000000	0.00000000424388453
121.05468750000000000	0.00000000265172063
121.09375000000000000	0.00000000693395982
121.13281250000000000	0.00000000465325512
121.17187500000000000	0.00000000729888977
121.21093750000000000	0.00000000358705226
121.25000000000000000	0.00000000702170239
121.28906250000000000	0.00000000147514436
121.32812500000000000	0.00000000228152389
121.36718750000000000	-0.00000000278485108
121.40625000000000000	-0.00000000053163236
121.44531250000000000	-0.00000000636098416
121.48437500000000000	-0.00000000463755879
121.52343750000000000	-0.00000000897952818
121.56250000000000000	-0.00000000774828855
121.60156250000000000	-0.00000000982705893
121.64062500000000000	-0.00000000815875926
121.67968750000000000	-0.00000000857161776
121.71875000000000000	-0.00000000446817300
121.75781250000000000	-0.00000000453488121
121.79687500000000000	0.00000000036898535
121.83593750000000000	0.00000000007799894
121.87500000000000000	0.00000000283542858
121.91406250000000000	0.00000000525811928
121.95312500000000000	0.00000000767779576
121.99218750000000000	0.00000000806910646
122.03125000000000000	0.00000000852182425
122.07031250000000000	0.00000000663562745
122.10937500000000000	0.00000000833559126
122.14843750000000000	0.00000000435751152
122.18750000000000000	0.00000000343228692
122.22656250000000000	-0.00000000081350401
122.26562500000000000	-0.00000000102223940
122.30468750000000000	-0.00000000486051594
122.34375000000000000	-0.00000000455288315
122.38281250000000000	-0.00000000790164239
122.42187500000000000	-0.00000000752256293
122.46093750000000000	-0.00000000827065167
122.50000000000000000	-0.00000000631990394
122.53906250000000000	-0.00000000661774712
122.57812500000000000	-0.00000000482190459
122.61718750000000000	-0.00000000236120932
122.65625000000000000	0.00000000058295184
122.69531250000000000	0.00000000149370694
122.73437500000000000	0.00000000349621698
122.77343750000000000	0.00000000560301859
122.81250000000000000	0.00000000801904931
122.85156250000000000	0.00000000641480349
122.89062500000000000	0.00000000679805178
122.92968750000000000	0.00000000443072216
122.96875000000000000	0.00000000687022636
123.00781250000000000	0.00000000135784892
123.04687500000000000	0.00000000102623273
123.08593750000000000	-0.00000000304960647
123.12500000000000000	-0.00000000288431017
123.16406250000000000	-0.00000000782712474
123.20312500000000000	-0.00000000610462250
123.24218750000000000	-0.00000001342814578
123.28125000000000000	-0.00000000754946726
123.32031250000000000	-0.00000001223040317
123.35937500000000000	-0.00000000875787548
123.39843750000000000	-0.00000000969058659
123.43750000000000000	-0.00000000420277497
123.47656250000000000	-0.00000000504600451
123.51562500000000000	0.00000000181828699
123.55468750000000000	-0.00000000074794605
123.59375000000000000	0.00000000460212519
123.63281250000000000	0.00000000394080149
123.67187500000000000	0.00000000810542530
123.71093750000000000	0.00000000577555063
123.75000000000000000	0.00000000751014287
123.78906250000000000	0.00000000483641809
123.82812500000000000	0.00000000668000945
123.86718750000000000	0.00000000278258335
123.90625000000000000	0.00000000121984105
123.94531250000000000	-0.00000000168619744
123.98437500000000000	-0.00000000266501812
124.02343750000000000	-0.00000000636847257
124.06250000000000000	-0.00000000578803357
124.10156250000000000	-0.00000000879865767
124.14062500000000000	-0.00000000757268543
124.17968750000000000	-0.00000000731915006
124.21875000000000000	-0.00000000609803097
124.25781250000000000	-0.00000000497643432
124.29687500000000000	-0.00000000348886944
124.33593750000000000	-0.00000000012465595
124.37500000000000000	0.00000000143070684
124.41406250000000000	0.00000000298073926
124.45312500000000000	0.00000000502656210
124.49218750000000000	0.00000000737559505
124.53125000000000000	0.00000000768507154
124.57031250000000000	0.00000000858481443
124.60937500000000000	0.00000000732963438
124.64843750000000000	0.00000000452113430
124.68750000000000000	0.00000000595102940
124.72656250000000000	0.00000000078812679
124.76562500000000000	-0.00000000019958007
124.80468750000000000	-0.00000000433563430
124.84375000000000000	-0.00000000639448754
124.88281250000000000	-0.00000000861405115
124.92187500000000000	-0.00000000772954466
124.96093750000000000	-0.00000001097335035
125.00000000000000000	-0.00000000853401498
125.03906250000000000	-0.00000000992388493
125.07812500000000000	-0.00000000628723709
125.11718750000000000	-0.00000000799107826
125.15625000000000000	-0.00000000323822743
125.19531250000000000	-0.00000000466219929
125.23437500000000000	0.00000000226497026
125.27343750000000000	0.00000000092986142
125.31250000000000000	0.00000000683222670
125.35156250000000000	0.00000000489748224
125.39062500000000000	0.00000001042614744
125.42968750000000000	0.00000000638698260
125.46875000000000000	0.00000000729567598
125.50781250000000000	0.00000000383995087
125.54687500000000000	0.00000000606849047
125.58593750000000000	-0.00000000208658120
125.62500000000000000	0.00000000163003640
125.66406250000000000	-0.00000000666681906
125.70312500000000000	-0.00000000781657564
125.74218750000000000	-0.00000001039595173
125.78125000000000000	-0.00000000831693770
125.82031250000000000	-0.00000001232331795
125.85937500000000000	-0.00000000960173291
125.89843750000000000	-0.00000001060240226
125.93750000000000000	-0.00000000753217380
125.97656250000000000	-0.00000000672238820
126.01562500000000000	-0.00000000304096169
126.05468750000000000	-0.00000000086191179
126.09375000000000000	0.00000000322795939
126.13281250000000000	0.00000000488019932
126.17187500000000000	0.00000000793379764
126.21093750000000000	0.00000000883570329
126.25000000000000000	0.00000000973820593
126.28906250000000000	0.00000000935077176
126.32812500000000000	0.00000000792859640
126.36718750000000000	0.00000000526282830
126.40625000000000000	0.00000000317254388
126.44531250000000000	0.00000000015218069
126.48437500000000000	-0.00000000341363947
126.52343750000000000	-0.00000000708141482
126.56250000000000000	-0.00000000944957660
126.60156250000000000	-0.00000001174547893
126.64062500000000000	-0.00000001158687958
126.67968750000000000	-0.00000001435307585
126.71875000000000000	-0.00000001245786211
126.75781250000000000	-0.00000001373170981
126.79687500000000000	-0.00000000807205197
126.83593750000000000	-0.00000000856611575
126.87500000000000000	-0.00000000087447917
126.91406250000000000	-0.00000000186368932
126.95312500000000000	0.00000000708198501
126.99218750000000000	0.00000000308810841
127.03125000000000000	0.00000001075931358
127.07031250000000000	0.00000000414550424
127.10937500000000000	0.00000001114505774
127.14843750000000000	0.00000000383824928
127.18750000000000000	0.00000000818615155
127.22656250000000000	-0.00000000105351770
127.26562500000000000	0.00000000296816925
127.30468750000000000	-0.00000000788730511
127.34375000000000000	-0.00000000329110054
127.38281250000000000	-0.00000001544970382
127.42187500000000000	-0.00000001070052431
127.46093750000000000	-0.00000001889287676
127.50000000000000000	-0.00000001253454109
127.53906250000000000	-0.00000001910562542
127.57812500000000000	-0.00000001062099343
127.61718750000000000	-0.00000001444254958
127.65625000000000000	-0.00000000440120667
127.69531250000000000	-0.00000000695476110
127.73437500000000000	0.00000000206924514
127.77343750000000000	0.00000000155148300
127.81250000000000000	0.00000000994271006
127.85156250000000000	0.00000000663140391
127.89062500000000000	0.00000001367276662
127.92968750000000000	0.00000000943928371
127.96875000000000000	0.00000001583479725
128.00781250000000000	0.00000000815408272
128.04687500000000000	0.00000001038467372
128.08593750000000000	0.00000000188360845
128.12500000000000000	0.00000000201499636
128.16406250000000000	-0.00000000661525149
128.20312500000000000	-0.00000000687971306
128.24218750000000000	-0.00000001324993788
128.28125000000000000	-0.00000001207997797
128.32031250000000000	-0.00000001689364331
128.35937500000000000	-0.00000001420160864
128.39843750000000000	-0.00000001554710790
128.43750000000000000	-0.00000000902020434
128.47656250000000000	-0.00000000995130149
128.51562500000000000	-0.00000000343981508
128.55468750000000000	-0.00000000089646314
128.59375000000000000	0.00000000663642696
128.63281250000000000	0.00000000782099829
128.67187500000000000	0.00000001270505957
128.71093750000000000	0.00000001339173865
128.75000000000000000	0.00000001543511135
128.78906250000000000	0.00000001469779099
128.82812500000000000	0.00000001288673775
128.86718750000000000	0.00000000998171547
128.90625000000000000	0.00000000823580699
128.94531250000000000	0.00000000311310346
128.98437500000000000	-0.00000000207744896
129.02343750000000000	-0.00000000608319731
129.06250000000000000	-0.00000001028174886
129.10156250000000000	-0.00000001389134281
129.14062500000000000	-0.00000001443146101
129.17968750000000000	-0.00000001701313235
129.21875000000000000	-0.00000001812539440
129.25781250000000000	-0.00000001390912104
129.29687500000000000	-0.00000001382858591
129.33593750000000000	-0.00000000755537606
129.37500000000000000	-0.00000000399291113
129.41406250000000000	0.00000000411176382
129.45312500000000000	0.00000000946928441
129.49218750000000000	0.00000001347213445
129.53125000000000000	0.00000001481280010
129.57031250000000000	0.00000002089679386
129.60937500000000000	0.00000001692610613
129.64843750000000000	0.00000001775041320
129.68750000000000000	0.00000001158422932
129.72656250000000000	0.00000001176996130
129.76562500000000000	0.00000000387459827
129.80468750000000000	0.00000000247832190
129.84375000000000000	-0.00000000560651022
129.88281250000000000	-0.00000000774844097
129.92187500000000000	-0.00000001331829987
129.96093750000000000	-0.00000001452038554
130.00000000000000000	-0.00000001807521035
130.03906250000000000	-0.00000001664269573
130.07812500000000000	-0.00000001671265547
130.11718750000000000	-0.00000001260438069
130.15625000000000000	-0.00000000965073844
130.19531250000000000	-0.00000000296236200
130.23437500000000000	0.00000000109730699
130.27343750000000000	0.00000000889645149
130.31250000000000000	0.00000001025259545
130.35156250000000000	0.00000001776778355
130.39062500000000000	0.00000001770267474
130.42968750000000000	0.00000001935887227
130.46875000000000000	0.00000002057466572
130.50781250000000000	0.00000001602759070
130.54687500000000000	0.00000001041411007
130.58593750000000000	0.00000000652152177
130.62500000000000000	0.00000000017128581
130.66406250000000000	-0.00000000574414072
130.70312500000000000	-0.00000000901376441
130.74218750000000000	-0.00000001717088620
130.78125000000000000	-0.00000001841489543
130.82031250000000000	-0.00000002071937095
130.85937500000000000	-0.00000001957397471
130.89843750000000000	-0.00000002065595253
130.93750000000000000	-0.00000001634708173
130.97656250000000000	-0.00000001460448068
131.01562500000000000	-0.00000000683917510
131.05468750000000000	-0.00000000248562735
131.09375000000000000	0.00000000410606644
131.13281250000000000	0.00000000905675627
131.17187500000000000	0.00000001588399732
131.21093750000000000	0.00000001819896176
131.25000000000000000	0.00000002197263632
131.28906250000000000	0.00000002046667791
131.32812500000000000	0.00000002015670459
131.36718750000000000	0.00000001549102010
131.40625000000000000	0.00000001105037284
131.44531250000000000	0.00000000428257040
131.48437500000000000	-0.00000000143244528
131.52343750000000000	-0.00000000866857979
131.56250000000000000	-0.00000001301201204
131.60156250000000000	-0.00000001760509886
131.64062500000000000	-0.00000002292533737
131.67968750000000000	-0.00000002154714118
131.71875000000000000	-0.00000002261312645
131.75781250000000000	-0.00000001743362328
131.79687500000000000	-0.00000001403558537
131.83593750000000000	-0.00000000690382100
131.87500000000000000	-0.00000000088201222
131.91406250000000000	0.00000000699602332
131.95312500000000000	0.00000001158035533
131.99218750000000000	0.00000001939831979
132.03125000000000000	0.00000002142462787
132.07031250000000000	0.00000002627210537
132.10937500000000000	0.00000002471791385
132.14843750000000000	0.00000002459749392
132.18750000000000000	0.00000001844156938
132.22656250000000000	0.00000001624800347
132.26562500000000000	0.00000000749486777
132.30468750000000000	0.00000000115213931
132.34375000000000000	-0.00000000768166517
132.38281250000000000	-0.00000001257890900
132.42187500000000000	-0.00000002082964250
132.46093750000000000	-0.00000002244733016
132.50000000000000000	-0.00000002613733269
132.53906250000000000	-0.00000002379183976
132.57812500000000000	-0.00000002420170649
132.61718750000000000	-0.00000001744977688
132.65625000000000000	-0.00000001340587264
132.69531250000000000	-0.00000000360332983
132.73437500000000000	0.00000000257391041
132.77343750000000000	0.00000001285164090
132.81250000000000000	0.00000001686333545
132.85156250000000000	0.00000002513629552
132.89062500000000000	0.00000002760153762
132.92968750000000000	0.00000002952367874
132.96875000000000000	0.00000002742931271
133.00781250000000000	0.00000002375559363
133.04687500000000000	0.00000001766929117
133.08593750000000000	0.00000001112557512
133.12500000000000000	0.00000000216087371
133.16406250000000000	-0.00000000398529178
133.20312500000000000	-0.00000001201283988
133.24218750000000000	-0.00000001792971825
133.28125000000000000	-0.00000002454102469
133.32031250000000000	-0.00000002732207342
133.35937500000000000	-0.00000002891164964
133.39843750000000000	-0.00000002616896413
133.43750000000000000	-0.00000002190232846
133.47656250000000000	-0.00000001519195836
133.51562500000000000	-0.00000000686117082
133.55468750000000000	0.00000000287473230
133.59375000000000000	0.00000001102507653
133.63281250000000000	0.00000001930023039
133.67187500000000000	0.00000002520897938
133.71093750000000000	0.00000003029944909
133.75000000000000000	0.00000003036113746
133.78906250000000000	0.00000003105013913
133.82812500000000000	0.00000002742730608
133.86718750000000000	0.00000002367091013
133.90625000000000000	0.00000001386004557
133.94531250000000000	0.00000000661006814
133.98437500000000000	-0.00000000553323546
134.02343750000000000	-0.00000001142690611
134.06250000000000000	-0.00000002172867237
134.10156250000000000	-0.00000002650295193
134.14062500000000000	-0.00000003296523538
134.17968750000000000	-0.00000002933776641
134.21875000000000000	-0.00000003241176701
134.25781250000000000	-0.00000002051515829
134.29687500000000000	-0.00000001963368891
134.33593750000000000	-0.00000000410049936
134.37500000000000000	-0.00000000225108634
134.41406250000000000	0.00000001652265425
134.45312500000000000	0.00000001773228384
134.49218750000000000	0.00000003583355111
134.53125000000000000	0.00000003166319567
134.57031250000000000	0.00000004637947958
134.60937500000000000	0.00000003531657773
134.64843750000000000	0.00000004223271681
134.68750000000000000	0.00000002673729292
134.72656250000000000	0.00000002968169539
134.76562500000000000	0.00000000843609873
134.80468750000000000	0.00000000920022265
134.84375000000000000	-0.00000001407746018
134.88281250000000000	-0.00000001116786325
134.92187500000000000	-0.00000003052558339
134.96093750000000000	-0.00000002282386291
135.00000000000000000	-0.00000003725859600
135.03906250000000000	-0.00000002359214716
135.07812500000000000	-0.00000003112700423
135.11718750000000000	-0.00000001267474063
135.15625000000000000	-0.00000001485533596
135.19531250000000000	0.00000000732665266
135.23437500000000000	0.00000000581344783
135.27343750000000000	0.00000002818310789
135.31250000000000000	0.00000002579484972
135.35156250000000000	0.00000004444444700
135.39062500000000000	0.00000003796400786
135.42968750000000000	0.00000005069908273
135.46875000000000000	0.00000003300694776
135.50781250000000000	0.00000004152582699
135.54687500000000000	0.00000002157497519
135.58593750000000000	0.00000002073641776
135.62500000000000000	-0.00000000214048028
135.66406250000000000	-0.00000000218114785
135.70312500000000000	-0.00000002431434760
135.74218750000000000	-0.00000002106591328
135.78125000000000000	-0.00000003951839818
135.82031250000000000	-0.00000003030674281
135.85937500000000000	-0.00000004017501243
135.89843750000000000	-0.00000002711204846
135.93750000000000000	-0.00000002935210679
135.97656250000000000	-0.00000001012893677
136.01562500000000000	-0.00000000846504551
136.05468750000000000	0.00000001379141254
136.09375000000000000	0.00000001779580785
136.13281250000000000	0.00000003672556720
136.17187500000000000	0.00000003806971732
136.21093750000000000	0.00000004977380280
136.25000000000000000	0.00000004412525685
136.28906250000000000	0.00000004868783356
136.32812500000000000	0.00000003628648295
136.36718750000000000	0.00000003416666197
136.40625000000000000	0.00000001652748487
136.44531250000000000	0.00000000947722228
136.48437500000000000	-0.00000000849991256
136.52343750000000000	-0.00000001580578092
136.56250000000000000	-0.00000003214584239
136.60156250000000000	-0.00000003440084047
136.64062500000000000	-0.00000004572255236
136.67968750000000000	-0.00000004002435929
136.71875000000000000	-0.00000004194711124
136.75781250000000000	-0.00000002991353097
136.79687500000000000	-0.00000002442596785
136.83593750000000000	-0.00000000633518871
136.87500000000000000	0.00000000232391980
136.91406250000000000	0.00000002104686587
136.95312500000000000	0.00000002926102733
136.99218750000000000	0.00000004416227141
137.03125000000000000	0.00000004651340263
137.07031250000000000	0.00000005254682421
137.10937500000000000	0.00000004757646533
137.14843750000000000	0.00000004703324552
137.18750000000000000	0.00000003278591629
137.22656250000000000	0.00000002622932546
137.26562500000000000	0.00000000815083728
137.30468750000000000	-0.00000000338486212
137.34375000000000000	-0.00000002076783701
137.38281250000000000	-0.00000003034187672
137.42187500000000000	-0.00000004443812103
137.46093750000000000	-0.00000004565679540
137.50000000000000000	-0.00000005034946483
137.53906250000000000	-0.00000004443373861
137.57812500000000000	-0.00000004117731020
137.61718750000000000	-0.00000002637926031
137.65625000000000000	-0.00000001531287435
137.69531250000000000	0.00000000343861121
137.73437500000000000	0.00000001513789270
137.77343750000000000	0.00000003327817257
137.81250000000000000	0.00000004025609417
137.85156250000000000	0.00000005231677070
137.89062500000000000	0.00000005328368018
137.92968750000000000	0.00000005397890377
137.96875000000000000	0.00000004861423934
138.00781250000000000	0.00000003993498071
138.04687500000000000	0.00000002546578220
138.08593750000000000	0.00000001065894711
138.12500000000000000	-0.00000000773366911
138.16406250000000000	-0.00000002224489970
138.20312500000000000	-0.00000003786833521
138.24218750000000000	-0.00000004864299388
138.28125000000000000	-0.00000005599661486
138.32031250000000000	-0.00000005738141626
138.35937500000000000	-0.00000005531620629
138.39843750000000000	-0.00000004730034437
138.43750000000000000	-0.00000003571521867
138.47656250000000000	-0.00000002012465042
138.51562500000000000	-0.00000000353126013
138.55468750000000000	0.00000001364731379
138.59375000000000000	0.00000003004221101
138.63281250000000000	0.00000004478074616
138.67187500000000000	0.00000005423942246
138.71093750000000000	0.00000006002129912
138.75000000000000000	0.00000006108247841
138.78906250000000000	0.00000005613972820
138.82812500000000000	0.00000004610940319
138.86718750000000000	0.00000003161063113
138.90625000000000000	0.00000001377068086
138.94531250000000000	-0.00000000363530546
138.98437500000000000	-0.00000002247938671
139.02343750000000000	-0.00000003884825959
139.06250000000000000	-0.00000005104777044
139.10156250000000000	-0.00000006074235183
139.14062500000000000	-0.00000006285210919
139.17968750000000000	-0.00000006088944306
139.21875000000000000	-0.00000005656219083
139.25781250000000000	-0.00000004207173901
139.29687500000000000	-0.00000002495643377
139.33593750000000000	-0.00000000469842071
139.37500000000000000	0.00000001260290568
139.41406250000000000	0.00000003231749083
139.45312500000000000	0.00000004780387119
139.49218750000000000	0.00000006201776047
139.53125000000000000	0.00000006736707922
139.57031250000000000	0.00000006989490233
139.60937500000000000	0.00000006595883802
139.64843750000000000	0.00000005521545356
139.68750000000000000	0.00000003651818802
139.72656250000000000	0.00000002022467834
139.76562500000000000	-0.00000000141116077
139.80468750000000000	-0.00000002045390845
139.84375000000000000	-0.00000003939307841
139.88281250000000000	-0.00000005545325947
139.92187500000000000	-0.00000006595466268
139.96093750000000000	-0.00000007047123298
140.00000000000000000	-0.00000007028474005
140.03906250000000000	-0.00000006094970794
140.07812500000000000	-0.00000005000888256
140.11718750000000000	-0.00000003158573624
140.15625000000000000	-0.00000001250730512
140.19531250000000000	0.00000001072472030
140.23437500000000000	0.00000003192465905
140.27343750000000000	0.00000005221633814
140.31250000000000000	0.00000006881783419
140.35156250000000000	0.00000007681956415
140.39062500000000000	0.00000007881030141
140.42968750000000000	0.00000007627242058
140.46875000000000000	0.00000006377458563
140.50781250000000000	0.00000005065248766
140.54687500000000000	0.00000002749916385
140.58593750000000000	0.00000000925356218
140.62500000000000000	-0.00000002077294131
140.66406250000000000	-0.00000003990960782
140.70312500000000000	-0.00000005950252520
140.74218750000000000	-0.00000007181925731
140.78125000000000000	-0.00000008128737228
140.82031250000000000	-0.00000007847231377
140.85937500000000000	-0.00000007566589479
140.89843750000000000	-0.00000005813925148
140.93750000000000000	-0.00000003966898155
140.97656250000000000	-0.00000001592477395
141.01562500000000000	0.00000000691780781
141.05468750000000000	0.00000003303372626
141.09375000000000000	0.00000005262835955
141.13281250000000000	0.00000007148643136
141.17187500000000000	0.00000008140704661
141.21093750000000000	0.00000008758433237
141.25000000000000000	0.00000008360293846
141.28906250000000000	0.00000007465869355
141.32812500000000000	0.00000005686667267
141.36718750000000000	0.00000003616858294
141.40625000000000000	0.00000000941965267
141.44531250000000000	-0.00000001638327160
141.48437500000000000	-0.00000004262150676
141.52343750000000000	-0.00000006367738178
141.56250000000000000	-0.00000008099247903
141.60156250000000000	-0.00000008955503970
141.64062500000000000	-0.00000009189347975
141.67968750000000000	-0.00000008445992719
141.71875000000000000	-0.00000006991547104
141.75781250000000000	-0.00000005032086239
141.79687500000000000	-0.00000002451540224
141.83593750000000000	0.00000000201498911
141.87500000000000000	0.00000003143367980
141.91406250000000000	0.00000005620635263
141.95312500000000000	0.00000007914232181
141.99218750000000000	0.00000009252770191
142.03125000000000000	0.00000010012401223
142.07031250000000000	0.00000009705207792
142.10937500000000000	0.00000008837676199
142.14843750000000000	0.00000006827801598
142.18750000000000000	0.00000004423178709
142.22656250000000000	0.00000001512043394
142.26562500000000000	-0.00000001330519432
142.30468750000000000	-0.00000004395907143
142.34375000000000000	-0.00000006717737664
142.38281250000000000	-0.00000008871894213
142.42187500000000000	-0.00000009941433754
142.46093750000000000	-0.00000010448713052
142.50000000000000000	-0.00000009687835156
142.53906250000000000	-0.00000008482387594
142.57812500000000000	-0.00000006137321581
142.61718750000000000	-0.00000003612537282
142.65625000000000000	-0.00000000217197466
142.69531250000000000	0.00000002666448207
142.73437500000000000	0.00000005794498391
142.77343750000000000	0.00000007979622800
142.81250000000000000	0.00000010015850507
142.85156250000000000	0.00000010643837603
142.89062500000000000	0.00000010792678167
142.92968750000000000	0.00000009508056887
142.96875000000000000	0.00000007837094919
143.00781250000000000	0.00000004951484797
143.04687500000000000	0.00000002088809878
143.08593750000000000	-0.00000001384517177
143.12500000000000000	-0.00000004528022471
143.16406250000000000	-0.00000007605215597
143.20312500000000000	-0.00000009640129724
143.24218750000000000	-0.00000011302776304
143.28125000000000000	-0.00000011763811575
143.32031250000000000	-0.00000011559654462
143.35937500000000000	-0.00000009735824831
143.39843750000000000	-0.00000007622509650
143.43750000000000000	-0.00000004446048763
143.47656250000000000	-0.00000001121589292
143.51562500000000000	0.00000002654035420
143.55468750000000000	0.00000005806954970
143.59375000000000000	0.00000008927019778
143.63281250000000000	0.00000010763098287
143.67187500000000000	0.00000012138368933
143.71093750000000000	0.00000012060894069
143.75000000000000000	0.00000011276196276
143.78906250000000000	0.00000009195292271
143.82812500000000000	0.00000006453436775
143.86718750000000000	0.00000002998788417
143.90625000000000000	-0.00000000597824078
143.94531250000000000	-0.00000004422292587
143.98437500000000000	-0.00000007665154462
144.02343750000000000	-0.00000010406182076
144.06250000000000000	-0.00000012245008130
144.10156250000000000	-0.00000012958226633
144.14062500000000000	-0.00000012647879831
144.17968750000000000	-0.00000010985984617
144.21875000000000000	-0.00000008446687763
144.25781250000000000	-0.00000005210058036
144.29687500000000000	-0.00000001721558038
144.33593750000000000	0.00000002506615731
144.37500000000000000	0.00000006137641170
144.41406250000000000	0.00000009506354321
144.45312500000000000	0.00000012062152172
144.49218750000000000	0.00000013544451263
144.53125000000000000	0.00000013945787246
144.57031250000000000	0.00000013014959051
144.60937500000000000	0.00000010761645219
144.64843750000000000	0.00000007926885088
144.68750000000000000	0.00000004164485939
144.72656250000000000	0.00000000045864391
144.76562500000000000	-0.00000004242463998
144.80468750000000000	-0.00000008027049256
144.84375000000000000	-0.00000011177199227
144.88281250000000000	-0.00000013276101133
144.92187500000000000	-0.00000014593326984
144.96093750000000000	-0.00000014129148524
145.00000000000000000	-0.00000012883914347
145.03906250000000000	-0.00000010066654986
145.07812500000000000	-0.00000006698164290
145.11718750000000000	-0.00000002360407014
145.15625000000000000	0.00000001839350801
145.19531250000000000	0.00000006573830369
145.23437500000000000	0.00000009917503713
145.27343750000000000	0.00000013301353314
145.31250000000000000	0.00000014709521022
145.35156250000000000	0.00000015866317611
145.39062500000000000	0.00000014797045311
145.42968750000000000	0.00000013092445627
145.46875000000000000	0.00000009333291285
145.50781250000000000	0.00000005792716187
145.54687500000000000	0.00000000647868303
145.58593750000000000	-0.00000003570825239
145.62500000000000000	-0.00000008516309794
145.66406250000000000	-0.00000011663245791
145.70312500000000000	-0.00000014836579525
145.74218750000000000	-0.00000015627317155
145.78125000000000000	-0.00000016232375157
145.82031250000000000	-0.00000014268845725
145.85937500000000000	-0.00000012083459998
145.89843750000000000	-0.00000007660567180
145.93750000000000000	-0.00000003522213105
145.97656250000000000	0.00000001951941746
146.01562500000000000	0.00000006338422563
146.05468750000000000	0.00000011260533972
146.09375000000000000	0.00000014234661056
146.13281250000000000	0.00000017104530680
146.17187500000000000	0.00000017429391227
146.21093750000000000	0.00000017127998705
146.25000000000000000	0.00000014535950171
146.28906250000000000	0.00000011603742554
146.32812500000000000	0.00000006738689272
146.36718750000000000	0.00000002064100800
146.40625000000000000	-0.00000003652914065
146.44531250000000000	-0.00000008163423505
146.48437500000000000	-0.00000012978069680
146.52343750000000000	-0.00000015933363365
146.56250000000000000	-0.00000018190877478
146.60156250000000000	-0.00000018062337677
146.64062500000000000	-0.00000017046008605
146.67968750000000000	-0.00000013801686101
146.71875000000000000	-0.00000010010092421
146.75781250000000000	-0.00000004558707532
146.79687500000000000	0.00000000871335705
146.83593750000000000	0.00000006698279842
146.87500000000000000	0.00000011484019806
146.91406250000000000	0.00000015801770610
146.95312500000000000	0.00000018369560862
146.99218750000000000	0.00000019906757475
147.03125000000000000	0.00000018959452040
147.07031250000000000	0.00000017229452205
147.10937500000000000	0.00000013387561310
147.14843750000000000	0.00000008856660657
147.18750000000000000	0.00000002741969643
147.22656250000000000	-0.00000002712517261
147.26562500000000000	-0.00000008654670342
147.30468750000000000	-0.00000013359525038
147.34375000000000000	-0.00000017465372072
147.38281250000000000	-0.00000019607052828
147.42187500000000000	-0.00000020589442569
147.46093750000000000	-0.00000019056871039
147.50000000000000000	-0.00000016550338625
147.53906250000000000	-0.00000011750082768
147.57812500000000000	-0.00000006670444691
147.61718750000000000	0.00000000047819385
147.65625000000000000	0.00000005863141064
147.69531250000000000	0.00000012274981969
147.73437500000000000	0.00000016684155360
147.77343750000000000	0.00000020507103882
147.81250000000000000	0.00000021782400115
147.85156250000000000	0.00000021894989594
147.89062500000000000	0.00000019186668231
147.92968750000000000	0.00000015936745343
147.96875000000000000	0.00000010245685605
148.00781250000000000	0.00000004563534428
148.04687500000000000	-0.00000002635863206
148.08593750000000000	-0.00000008506107063
148.12500000000000000	-0.00000014912083126
148.16406250000000000	-0.00000018708607831
148.20312500000000000	-0.00000022212601229
148.24218750000000000	-0.00000022433721253
148.28125000000000000	-0.00000021748594417
148.32031250000000000	-0.00000018366337892
148.35937500000000000	-0.00000014095599875
148.39843750000000000	-0.00000007604522407
148.43750000000000000	-0.00000001246894126
148.47656250000000000	0.00000006111993888
148.51562500000000000	0.00000012129931065
148.55468750000000000	0.00000018169923193
148.59375000000000000	0.00000021807751416
148.63281250000000000	0.00000024454279229
148.67187500000000000	0.00000024142152405
148.71093750000000000	0.00000022665821452
148.75000000000000000	0.00000018365678900
148.78906250000000000	0.00000012948976630
148.82812500000000000	0.00000005713394446
148.86718750000000000	-0.00000001576515668
148.90625000000000000	-0.00000009187944861
148.94531250000000000	-0.00000015515554915
148.98437500000000000	-0.00000021063478736
149.02343750000000000	-0.00000024198604467
149.06250000000000000	-0.00000025825924266
149.10156250000000000	-0.00000024555058575
149.14062500000000000	-0.00000021631365315
149.17968750000000000	-0.00000016411934219
149.21875000000000000	-0.00000010018504989
149.25781250000000000	-0.00000002445956603
149.29687500000000000	0.00000004890213863
149.33593750000000000	0.00000012486580495
149.37500000000000000	0.00000018964927149
149.41406250000000000	0.00000023537948784
149.45312500000000000	0.00000026304425940
149.49218750000000000	0.00000026781603538
149.53125000000000000	0.00000024863553851
149.57031250000000000	0.00000020792236198
149.60937500000000000	0.00000015075556514
149.64843750000000000	0.00000007442386424
149.68750000000000000	-0.00000000781304743
149.72656250000000000	-0.00000008853876128
149.76562500000000000	-0.00000016445999593
149.80468750000000000	-0.00000022670315806
149.84375000000000000	-0.00000026961288233
149.88281250000000000	-0.00000028872061481
149.92187500000000000	-0.00000028002905405
149.96093750000000000	-0.00000025074814017
150.00000000000000000	-0.00000019421435118
150.03906250000000000	-0.00000012688021855
150.07812500000000000	-0.00000004042115507
150.11718750000000000	0.00000004447235325
150.15625000000000000	0.00000013274419174
150.19531250000000000	0.00000019969495659
150.23437500000000000	0.00000026203482174
150.27343750000000000	0.00000029085731180
150.31250000000000000	0.00000030204003680
150.35156250000000000	0.00000028116255530
150.39062500000000000	0.00000024279998060
150.42968750000000000	0.00000017360191219
150.46875000000000000	0.00000010127860422
150.50781250000000000	0.00000000552977568
150.54687500000000000	-0.00000008064156136
150.58593750000000000	-0.00000017047278773
150.62500000000000000	-0.00000023561437911
150.66406250000000000	-0.00000029093296554
150.70312500000000000	-0.00000031207350582
150.74218750000000000	-0.00000031291830405
150.78125000000000000	-0.00000027926814393
150.82031250000000000	-0.00000023083000705
150.85937500000000000	-0.00000015282090988
150.89843750000000000	-0.00000006464005604
150.93750000000000000	0.00000003464505368
150.97656250000000000	0.00000012663732980
151.01562500000000000	0.00000021477614635
151.05468750000000000	0.00000027752246039
151.09375000000000000	0.00000032090269871
151.13281250000000000	0.00000033177568941
151.17187500000000000	0.00000031771675477
151.21093750000000000	0.00000027127689211
151.25000000000000000	0.00000020354880706
151.28906250000000000	0.00000011548538160
151.32812500000000000	0.00000001846259349
151.36718750000000000	-0.00000008235554018
151.40625000000000000	-0.00000017512948016
151.44531250000000000	-0.00000025480455432
151.48437500000000000	-0.00000031408728424
151.52343750000000000	-0.00000034488865042
151.56250000000000000	-0.00000034609769887
151.60156250000000000	-0.00000031709709275
151.64062500000000000	-0.00000026105366707
151.67968750000000000	-0.00000017831849663
151.71875000000000000	-0.00000008270610696
151.75781250000000000	0.00000002332990235
151.79687500000000000	0.00000012619625562
151.83593750000000000	0.00000022325183973
151.87500000000000000	0.00000029708634233
151.91406250000000000	0.00000034928952022
151.95312500000000000	0.00000036682544574
151.99218750000000000	0.00000035868538907
152.03125000000000000	0.00000031339287378
152.07031250000000000	0.00000024390149945
152.10937500000000000	0.00000014828783762
152.14843750000000000	0.00000004145580484
152.18750000000000000	-0.00000007132362629
152.22656250000000000	-0.00000017656126873
152.26562500000000000	-0.00000027189203390
152.30468750000000000	-0.00000033796529086
152.34375000000000000	-0.00000037749850665
152.38281250000000000	-0.00000038150633938
152.42187500000000000	-0.00000035545366430
152.46093750000000000	-0.00000029305725993
152.50000000000000000	-0.00000020907058538
152.53906250000000000	-0.00000010243681646
152.57812500000000000	0.00000000922541908
152.61718750000000000	0.00000012558892210
152.65625000000000000	0.00000022818880201
152.69531250000000000	0.00000031693826210
152.73437500000000000	0.00000037360577758
152.77343750000000000	0.00000040252302118
152.81250000000000000	0.00000039213848055
152.85156250000000000	0.00000035316415530
152.89062500000000000	0.00000027751260207
152.92968750000000000	0.00000018092068699
152.96875000000000000	0.00000006338953048
153.00781250000000000	-0.00000005529289970
153.04687500000000000	-0.00000017778246649
153.08593750000000000	-0.00000027898534721
153.12500000000000000	-0.00000036148200697
153.16406250000000000	-0.00000040825984507
153.20312500000000000	-0.00000042248143113
153.24218750000000000	-0.00000039796173516
153.28125000000000000	-0.00000033787818397
153.32031250000000000	-0.00000024659071238
153.35937500000000000	-0.00000013189173673
153.39843750000000000	-0.00000000698553021
153.43750000000000000	0.00000012133544957
153.47656250000000000	0.00000023971851706
153.51562500000000000	0.00000033923830957
153.55468750000000000	0.00000040531496237
153.59375000000000000	0.00000043990005695
153.63281250000000000	0.00000043115385827
153.67187500000000000	0.00000039142370748
153.71093750000000000	0.00000030911328469
153.75000000000000000	0.00000020747340662
153.78906250000000000	0.00000007805505777
153.82812500000000000	-0.00000005031670174
153.86718750000000000	-0.00000018362007216
153.90625000000000000	-0.00000029176851845
153.94531250000000000	-0.00000038643471347
153.98437500000000000	-0.00000043896288503
154.02343750000000000	-0.00000046399654223
154.06250000000000000	-0.00000044161974463
154.10156250000000000	-0.00000039043479657
154.14062500000000000	-0.00000029255685345
154.17968750000000000	-0.00000017973793328
154.21875000000000000	-0.00000003858910649
154.25781250000000000	0.00000009574284695
154.29687500000000000	0.00000023528770094
154.33593750000000000	0.00000034130728428
154.37500000000000000	0.00000043146128138
154.41406250000000000	0.00000047313982652
154.45312500000000000	0.00000048449340658
154.49218750000000000	0.00000043662401910
154.53125000000000000	0.00000035884304852
154.57031250000000000	0.00000024058984692
154.60937500000000000	0.00000010775662757
154.64843750000000000	-0.00000004414184648
154.68750000000000000	-0.00000018264912642
154.72656250000000000	-0.00000031558080062
154.76562500000000000	-0.00000041070956166
154.80468750000000000	-0.00000047535669671
154.84375000000000000	-0.00000049225571851
154.88281250000000000	-0.00000047448878991
154.92187500000000000	-0.00000041115714018
154.96093750000000000	-0.00000031629156498
155.00000000000000000	-0.00000019203157606
155.03906250000000000	-0.00000005163210566
155.07812500000000000	0.00000009624355567
155.11718750000000000	0.00000023479260707
155.15625000000000000	0.00000035748807540
155.19531250000000000	0.00000044972914668
155.23437500000000000	0.00000050611796822
155.27343750000000000	0.00000051952578247
155.31250000000000000	0.00000048869860659
155.35156250000000000	0.00000041276974324
155.39062500000000000	0.00000030089234002
155.42968750000000000	0.00000015851100666
155.46875000000000000	-0.00000000201287893
155.50781250000000000	-0.00000016390604981
155.54687500000000000	-0.00000031365025540
155.58593750000000000	-0.00000043606534079
155.62500000000000000	-0.00000051918907979
155.66406250000000000	-0.00000055553192460
155.70312500000000000	-0.00000053661408569
155.74218750000000000	-0.00000046900294709
155.78125000000000000	-0.00000035643487950
155.82031250000000000	-0.00000021419414374
155.85937500000000000	-0.00000005318129599
155.89843750000000000	0.00000010693511813
155.93750000000000000	0.00000025852422840
155.97656250000000000	0.00000038107494839
156.01562500000000000	0.00000047224281922
156.05468750000000000	0.00000052247666081
156.09375000000000000	0.00000053460349259
156.13281250000000000	0.00000050168459021
156.17187500000000000	0.00000042982805907
156.21093750000000000	0.00000031837646512
156.25000000000000000	0.00000018226011986
156.28906250000000000	0.00000002521183821
156.32812500000000000	-0.00000013692644029
156.36718750000000000	-0.00000029085238965
156.40625000000000000	-0.00000041944750057
156.44531250000000000	-0.00000051746494316
156.48437500000000000	-0.00000057401254663
156.52343750000000000	-0.00000058498447068
156.56250000000000000	-0.00000054035447745
156.60156250000000000	-0.00000044495248206
156.64062500000000000	-0.00000030091055028
156.67968750000000000	-0.00000012451694736
156.71875000000000000	0.00000007257856371
156.75781250000000000	0.00000026500744872
156.79687500000000000	0.00000043281150239
156.83593750000000000	0.00000054917670130
156.87500000000000000	0.00000060721648791
156.91406250000000000	0.00000060016387744
156.95312500000000000	0.00000053899624381
156.99218750000000000	0.00000043081400462
157.03125000000000000	0.00000029617112331
157.07031250000000000	0.00000014599608003
157.10937500000000000	-0.00000000573934507
157.14843750000000000	-0.00000015845014837
157.18750000000000000	-0.00000029868380463
157.22656250000000000	-0.00000042093169829
157.26562500000000000	-0.00000051359986449
157.30468750000000000	-0.00000056962081187
157.34375000000000000	-0.00000057864796455
157.38281250000000000	-0.00000053621095050
157.42187500000000000	-0.00000044951549178
157.46093750000000000	-0.00000032612238147
157.50000000000000000	-0.00000017441712557
157.53906250000000000	-0.00000000829031136
157.57812500000000000	0.00000016737688499
157.61718750000000000	0.00000034189871666
157.65625000000000000	0.00000050243156848
157.69531250000000000	0.00000063184491018
157.73437500000000000	0.00000070765943554
157.77343750000000000	0.00000070857247404
157.81250000000000000	0.00000062317144796
157.85156250000000000	0.00000045586252403
157.89062500000000000	0.00000022896600654
157.92968750000000000	-0.00000001975074884
157.96875000000000000	-0.00000025154325590
158.00781250000000000	-0.00000043240334668
158.04687500000000000	-0.00000053129631708
158.08593750000000000	-0.00000056954220132
158.12500000000000000	-0.00000057121327137
158.16406250000000000	-0.00000054455162675
158.20312500000000000	-0.00000047669132917
158.24218750000000000	-0.00000039254695483
158.28125000000000000	-0.00000029310722694
158.32031250000000000	-0.00000016971403512
158.35937500000000000	0.00000000107352232
158.39843750000000000	0.00000020349745750
158.43750000000000000	0.00000036029744979
158.47656250000000000	0.00000047958137228
158.51562500000000000	0.00000055649581420
158.55468750000000000	0.00000056075083467
158.59375000000000000	0.00000055238821099
158.63281250000000000	0.00000053616504242
158.67187500000000000	0.00000050472118145
158.71093750000000000	0.00000041148418036
158.75000000000000000	0.00000026619122196
158.78906250000000000	0.00000005926748397
158.82812500000000000	-0.00000023262928376
158.86718750000000000	-0.00000055597919579
158.90625000000000000	-0.00000078423153805
158.94531250000000000	-0.00000093931168728
158.98437500000000000	-0.00000092186512328
159.02343750000000000	-0.00000062203332545
159.06250000000000000	-0.00000035052303852
159.10156250000000000	-0.00000010810391904
159.14062500000000000	0.00000013578877570
159.17968750000000000	0.00000027341312309
159.21875000000000000	0.00000037363905922
159.25781250000000000	0.00000048289409015
159.29687500000000000	0.00000057678771378
159.33593750000000000	0.00000065156716074
159.37500000000000000	0.00000072869721198
159.41406250000000000	0.00000076338465815
159.45312500000000000	0.00000072944747800
159.49218750000000000	0.00000061610327803
159.53125000000000000	0.00000047646565872
159.57031250000000000	0.00000032586748824
159.60937500000000000	0.00000016417910851
159.64843750000000000	0.00000004906296411
159.68750000000000000	-0.00000007353029362
159.72656250000000000	-0.00000018343270558
159.76562500000000000	-0.00000029144491396
159.80468750000000000	-0.00000036324738487
159.84375000000000000	-0.00000038830852149
159.88281250000000000	-0.00000036670840147
159.92187500000000000	-0.00000029730265159
159.96093750000000000	-0.00000016036327397
