0.00000000000000000	0.00000000000000000
0.03906250000000000	171.06757797090912732
0.07812500000000000	160.74106705294943254
0.11718750000000000	152.07036816194977291
0.15625000000000000	143.14285272702875318
0.19531250000000000	134.57634231605146624
0.23437500000000000	125.98172112829136893
0.27343750000000000	117.61850052831299251
0.31250000000000000	109.32307595659824528
0.35156250000000000	101.24450901325836583
0.39062500000000000	93.29687377379613622
0.42968750000000000	85.58116185716373536
0.46875000000000000	78.04762487089921308
0.50781250000000000	70.77215168544327639
0.54687500000000000	63.72474862515506544
0.58593750000000000	56.96653535818617087
0.62500000000000000	50.47952891627552674
0.66406250000000000	44.31546203857617172
0.70312500000000000	38.46415195486503791
0.74218750000000000	32.97101998993132099
0.78125000000000000	27.83125923698171889
0.82031250000000000	23.08584905335056092
0.85937500000000000	18.73380607005518428
0.89843750000000000	14.81286303958763639
0.93750000000000000	11.32489446795669430
0.97656250000000000	8.30510648285396158
1.01562500000000000	5.75795507203628620
1.05468750000000000	3.71197808803834128
1.09375000000000000	2.12757324901075462
1.13281250000000000	0.96444619548734301
1.17187500000000000	0.14484111402807176
1.21093750000000000	-0.38650886442680865
1.25000000000000000	-0.70481910357856214
1.28906250000000000	-0.85470150107652454
1.32812500000000000	-0.89455381917377341
1.36718750000000000	-0.85139975661158074
1.40625000000000000	-0.76558347452653697
1.44531250000000000	-0.64814314321247024
1.48437500000000000	-0.52532713279188636
1.52343750000000000	-0.39655230253292029
1.56250000000000000	-0.27906738624021238
1.60156250000000000	-0.16491718307372025
1.64062500000000000	-0.06677386970780264
1.67968750000000000	0.02766053917793528
1.71875000000000000	0.10693970892207187
1.75781250000000000	0.18621967736882472
1.79687500000000000	0.25267494719819511
1.83593750000000000	0.32451494344616844
1.87500000000000000	0.38458932734286294
1.91406250000000000	0.45726690073030479
1.95312500000000000	0.51380343143462315
1.99218750000000000	0.60206382170204442
2.03125000000000000	0.55515849671798057
2.07031250000000000	0.30779097260184712
2.10937500000000000	0.03229088876899015
2.14843750000000000	-0.22348725048505158
2.18750000000000000	-0.40372446502511244
2.22656250000000000	-0.50943804307895557
2.26562500000000000	-0.53477034935201118
2.30468750000000000	-0.50161486676172951
2.34375000000000000	-0.42069965204795357
2.38281250000000000	-0.31560717855509335
2.42187500000000000	-0.19726086183790445
2.46093750000000000	-0.08266908176230152
2.50000000000000000	0.02266209461108054
2.53906250000000000	0.10951182949943390
2.57812500000000000	0.17776803617595360
2.61718750000000000	0.22400960081370067
2.65625000000000000	0.25142817570826681
2.69531250000000000	0.25973575019014961
2.73437500000000000	0.25324604636929904
2.77343750000000000	0.23267997254486480
2.81250000000000000	0.20198601303923305
2.85156250000000000	0.16163954570398148
2.89062500000000000	0.11452989613316869
2.92968750000000000	0.06037196860748189
2.96875000000000000	0.00090869796178253
3.00781250000000000	-0.06506328256002165
3.04687500000000000	-0.13547405127800435
3.08593750000000000	-0.20046722268458073
3.12500000000000000	-0.24631757447673830
3.16406250000000000	-0.26511223785311000
3.20312500000000000	-0.25321805503426875
3.24218750000000000	-0.21405052045144204
3.28125000000000000	-0.15365094487323910
3.32031250000000000	-0.08150821233174767
3.35937500000000000	-0.00627976110066386
3.39843750000000000	0.06319494649472267
3.43750000000000000	0.12099648774954055
3.47656250000000000	0.16243553872593963
3.51562500000000000	0.18605354420638109
3.55468750000000000	0.19150451590867684
3.59375000000000000	0.18090137134408329
3.63281250000000000	0.15666087548793858
3.67187500000000000	0.12260427304765623
3.71093750000000000	0.08203778534317689
3.75000000000000000	0.03884148582509759
3.78906250000000000	-0.00411458251050816
3.82812500000000000	-0.04382238283811907
3.86718750000000000	-0.07840831498759575
3.90625000000000000	-0.10595081909197146
3.94531250000000000	-0.12552310121910376
3.98437500000000000	-0.13603268173280902
4.02343750000000000	-0.13712223684476615
4.06250000000000000	-0.12808291584584447
4.10156250000000000	-0.10901544498636220
4.14062500000000000	-0.08052725184612436
4.17968750000000000	-0.04486605467839784
4.21875000000000000	-0.00503425951728545
4.25781250000000000	0.03487154347837417
4.29687500000000000	0.07097983663329310
4.33593750000000000	0.09953969393570214
4.37500000000000000	0.11806984982142507
4.41406250000000000	0.12500159689582468
4.45312500000000000	0.12038075486333559
4.49218750000000000	0.10516872024227120
4.53125000000000000	0.08157309953196848
4.57031250000000000	0.05217445572996912
4.60937500000000000	0.02010634441551263
4.64843750000000000	-0.01178149737251555
4.68750000000000000	-0.04070522561265195
4.72656250000000000	-0.06461845243830405
4.76562500000000000	-0.08187520937700236
4.80468750000000000	-0.09171081259798371
4.84375000000000000	-0.09379854687669439
4.88281250000000000	-0.08858807774359927
4.92187500000000000	-0.07681425952398882
4.96093750000000000	-0.05976520026659794
5.00000000000000000	-0.03880666172968324
5.03906250000000000	-0.01563919451123026
5.07812500000000000	0.00811892756430292
5.11718750000000000	0.03065989643266134
5.15625000000000000	0.05037720802723592
5.19531250000000000	0.06566533782486610
5.23437500000000000	0.07535815150463356
5.27343750000000000	0.07858554184972529
5.31250000000000000	0.07516821421885117
5.35156250000000000	0.06540400277205921
5.39062500000000000	0.05031144760204678
5.42968750000000000	0.03128139032694661
5.46875000000000000	0.01016863258824133
5.50781250000000000	-0.01113964094095025
5.54687500000000000	-0.03069550475353498
5.58593750000000000	-0.04689981642488633
5.62500000000000000	-0.05843350582357351
5.66406250000000000	-0.06456504118729067
5.70312500000000000	-0.06498578037140740
5.74218750000000000	-0.05999388239996818
5.78125000000000000	-0.05024041071253533
5.82031250000000000	-0.03682020222021501
5.85937500000000000	-0.02097442099675837
5.89843750000000000	-0.00414269690957946
5.93750000000000000	0.01232650399731927
5.97656250000000000	0.02711461629043169
6.01562500000000000	0.03917941129457204
6.05468750000000000	0.04766046236358805
6.09375000000000000	0.05207171440907605
6.13281250000000000	0.05217332992195698
6.17187500000000000	0.04811899513978143
6.21093750000000000	0.04030240553925763
6.25000000000000000	0.02946345836270929
6.28906250000000000	0.01650514558788077
6.32812500000000000	0.00255356854222886
6.36718750000000000	-0.01125528683402527
6.40625000000000000	-0.02375004939964556
6.44531250000000000	-0.03394306339308088
6.48437500000000000	-0.04100335747793809
6.52343750000000000	-0.04444113356937384
6.56250000000000000	-0.04403918597712939
6.60156250000000000	-0.03997174523366335
6.64062500000000000	-0.03267636975979675
6.67968750000000000	-0.02290472281280704
6.71875000000000000	-0.01154734004983223
6.75781250000000000	0.00035762211709914
6.79687500000000000	0.01181362358014602
6.83593750000000000	0.02186084183636837
6.87500000000000000	0.02974335437745428
6.91406250000000000	0.03487707937302185
6.95312500000000000	0.03697157409207456
6.99218750000000000	0.03595699365994997
7.03125000000000000	0.03205650172156824
7.07031250000000000	0.02567609537640175
7.10937500000000000	0.01743945019093369
7.14843750000000000	0.00805579844348234
7.18750000000000000	-0.00166519586767656
7.22656250000000000	-0.01094954570156486
7.26562500000000000	-0.01904709348414915
7.30468750000000000	-0.02535631977078266
7.34375000000000000	-0.02940098524745098
7.38281250000000000	-0.03093046160446530
7.42187500000000000	-0.02987209455944084
7.46093750000000000	-0.02639681119495354
7.50000000000000000	-0.02084049550904559
7.53906250000000000	-0.01373290151092280
7.57812500000000000	-0.00569167803350840
7.61718750000000000	0.00257495098567482
7.65625000000000000	0.01038583933569338
7.69531250000000000	0.01709039608581048
7.73437500000000000	0.02217641355594048
7.77343750000000000	0.02525807707598825
7.81250000000000000	0.02615544787593668
7.85156250000000000	0.02485326487201052
7.89062500000000000	0.02154483862327137
7.92968750000000000	0.01656022275618975
7.96875000000000000	0.01037981548358468
8.00781250000000000	0.00354270252609193
8.04687500000000000	-0.00335559603207312
8.08593750000000000	-0.00975799374739734
8.12500000000000000	-0.01514683584047596
8.16406250000000000	-0.01912613078123017
8.20312500000000000	-0.02140757740683140
8.24218750000000000	-0.02187010842745133
8.28125000000000000	-0.02052383460398698
8.32031250000000000	-0.01754415511172296
8.35937500000000000	-0.01321408875195225
8.39843750000000000	-0.00793642459738595
8.43750000000000000	-0.00216093642331922
8.47656250000000000	0.00361660711918834
8.51562500000000000	0.00893144180154795
8.55468750000000000	0.01335186458750835
8.59375000000000000	0.01654824132372851
8.63281250000000000	0.01828385637621741
8.67187500000000000	0.01846541247349622
8.71093750000000000	0.01711466357418401
8.75000000000000000	0.01439552263798996
8.78906250000000000	0.01056532723870137
8.82812500000000000	0.00598137701055646
8.86718750000000000	0.00103807827331759
8.90625000000000000	-0.00383761354274125
8.94531250000000000	-0.00825184325269448
8.98437500000000000	-0.01184725732315001
9.02343750000000000	-0.01435932772343451
9.06250000000000000	-0.01560804338219214
9.10156250000000000	-0.01553656773573867
9.14062500000000000	-0.01418560225387892
9.17968750000000000	-0.01171244772844342
9.21875000000000000	-0.00834888317089242
9.25781250000000000	-0.00440455157152698
9.29687500000000000	-0.00021473038081617
9.33593750000000000	0.00386375853487123
9.37500000000000000	0.00750582751517181
9.41406250000000000	0.01042039441863638
9.45312500000000000	0.01239564379209930
9.49218750000000000	0.01329184254953364
9.53125000000000000	0.01307220060908676
9.57031250000000000	0.01178187982097650
9.60937500000000000	0.00956276259002910
9.64843750000000000	0.00661880726520590
9.68750000000000000	0.00321796082668159
9.72656250000000000	-0.00035185444471737
9.76562500000000000	-0.00378689042442084
9.80468750000000000	-0.00681280239341337
9.84375000000000000	-0.00918724098870781
9.88281250000000000	-0.01073777789480580
9.92187500000000000	-0.01135595106263473
9.96093750000000000	-0.01102228816852733
10.00000000000000000	-0.00978778643906289
10.03906250000000000	-0.00778490968385929
10.07812500000000000	-0.00519721178144344
10.11718750000000000	-0.00225932093235161
10.15625000000000000	0.00078043353401344
10.19531250000000000	0.00366472378745241
10.23437500000000000	0.00616467315732434
10.27343750000000000	0.00808202542998580
10.31250000000000000	0.00928020531474435
10.35156250000000000	0.00967792975338077
10.39062500000000000	0.00926986548831522
10.42968750000000000	0.00810930352986933
10.46875000000000000	0.00631717062691544
10.50781250000000000	0.00405543810121549
10.54687500000000000	0.00152704394343329
10.58593750000000000	-0.00105609193274391
10.62500000000000000	-0.00347659767085652
10.66406250000000000	-0.00554359066711279
10.70312500000000000	-0.00709369273031963
10.74218750000000000	-0.00801747513666784
10.78125000000000000	-0.00825329163966000
10.82031250000000000	-0.00780454634861927
10.85937500000000000	-0.00672423663452236
10.89843750000000000	-0.00512244709766473
10.93750000000000000	-0.00314264001253070
10.97656250000000000	-0.00096178413368876
11.01562500000000000	0.00123787019397009
11.05468750000000000	0.00327146362828459
11.09375000000000000	0.00497923301389113
11.13281250000000000	0.00622674660528434
11.17187500000000000	0.00692731555511408
11.21093750000000000	0.00703590174081341
11.25000000000000000	0.00656335628747235
11.28906250000000000	0.00556232001997751
11.32812500000000000	0.00413310583159875
11.36718750000000000	0.00240279981453741
11.40625000000000000	0.00052513130723465
11.44531250000000000	-0.00134388248492167
11.48437500000000000	-0.00304803557299312
11.52343750000000000	-0.00445443166885514
11.56250000000000000	-0.00545317486882946
11.60156250000000000	-0.00597618351146163
11.64062500000000000	-0.00599128105735539
11.67968750000000000	-0.00551403035380109
11.71875000000000000	-0.00459500841090378
11.75781250000000000	-0.00332465383727184
11.79687500000000000	-0.00181491024274884
11.83593750000000000	-0.00019910789907983
11.87500000000000000	0.00138914650594684
11.91406250000000000	0.00281757077351719
11.95312500000000000	0.00397524766374838
11.99218750000000000	0.00477217660264556
12.03125000000000000	0.00515493305591738
12.07031250000000000	0.00510136726237732
12.10937500000000000	0.00463014396502947
12.14843750000000000	0.00378960392101484
12.18750000000000000	0.00266133388694597
12.22656250000000000	0.00134418421745238
12.26562500000000000	-0.00004605529648889
12.30468750000000000	-0.00139482101880416
12.34375000000000000	-0.00259025679539585
12.38281250000000000	-0.00354010578415521
12.42187500000000000	-0.00417107071143374
12.46093750000000000	-0.00444193626728658
12.50000000000000000	-0.00433855061684664
12.53906250000000000	-0.00388165465254803
12.57812500000000000	-0.00311683055968904
12.61718750000000000	-0.00211737915440418
12.65625000000000000	-0.00097027613173700
12.69531250000000000	0.00022417180413600
12.73437500000000000	0.00136811569740030
12.77343750000000000	0.00236703495843673
12.81250000000000000	0.00314436754676318
12.85156250000000000	0.00364055640055197
12.89062500000000000	0.00382411649638108
12.92968750000000000	0.00368688327500665
12.96875000000000000	0.00325054588488602
13.00781250000000000	0.00255765189969829
13.04687500000000000	0.00167382799418460
13.08593750000000000	0.00067557179626065
13.12500000000000000	-0.00035028525373123
13.16406250000000000	-0.00131998119332106
13.20312500000000000	-0.00215370638925710
13.24218750000000000	-0.00278797052782553
13.28125000000000000	-0.00317452516573630
13.32031250000000000	-0.00328973763711788
13.35937500000000000	-0.00313009580344574
13.39843750000000000	-0.00271765714176353
13.43750000000000000	-0.00209189951494899
13.47656250000000000	-0.00131155423411411
13.51562500000000000	-0.00044374722483511
13.55468750000000000	0.00043632336201106
13.59375000000000000	0.00125717494313242
13.63281250000000000	0.00195149925681159
13.67187500000000000	0.00246685653978897
13.71093750000000000	0.00276438651409376
13.75000000000000000	0.00282677306469887
13.78906250000000000	0.00265399745645723
13.82812500000000000	0.00226789668081287
13.86718750000000000	0.00170484198384859
13.90625000000000000	0.00101716952657632
13.94531250000000000	0.00026372612801871
13.98437500000000000	-0.00049052411013710
14.02343750000000000	-0.00118455941635503
14.06250000000000000	-0.00176172988943847
14.10156250000000000	-0.00217876223904750
14.14062500000000000	-0.00240452426992157
14.17968750000000000	-0.00242664954354223
14.21875000000000000	-0.00224774904555957
14.25781250000000000	-0.00188898883536552
14.29687500000000000	-0.00138375144014034
14.33593750000000000	-0.00077860315082619
14.37500000000000000	-0.00012506351090250
14.41406250000000000	0.00052073612057905
14.45312500000000000	0.00110678975167441
14.49218750000000000	0.00158542830767135
14.53125000000000000	0.00192109136642113
14.57031250000000000	0.00208901197639360
14.60937500000000000	0.00208079194465609
14.64843750000000000	0.00190089431987813
14.68750000000000000	0.00156966304614504
14.72656250000000000	0.00111752398504076
14.76562500000000000	0.00058584714343903
14.80468750000000000	0.00001968795989012
14.84375000000000000	-0.00053253583143747
14.88281250000000000	-0.00102658591666480
14.92187500000000000	-0.00142243968366216
14.96093750000000000	-0.00169096950675016
15.00000000000000000	-0.00181261119611629
15.03906250000000000	-0.00178208514400486
15.07812500000000000	-0.00160513876019167
15.11718750000000000	-0.00130105513089116
15.15625000000000000	-0.00089746458845476
15.19531250000000000	-0.00043106464784299
15.23437500000000000	0.00005886864171927
15.27343750000000000	0.00053053335219022
15.31250000000000000	0.00094636900036681
15.35156250000000000	0.00127280000311716
15.39062500000000000	0.00148609367202935
15.42968750000000000	0.00157089579846024
15.46875000000000000	0.00152438546418682
15.50781250000000000	0.00135314589124269
15.54687500000000000	0.00107530412597261
15.58593750000000000	0.00071584886979835
15.62500000000000000	0.00030727323265325
15.66406250000000000	-0.00011617379228666
15.70312500000000000	-0.00051849775579047
15.74218750000000000	-0.00086782374850062
15.78125000000000000	-0.00113606376367252
15.82031250000000000	-0.00130397398218528
15.85937500000000000	-0.00135966716597173
15.89843750000000000	-0.00130218799128298
15.93750000000000000	-0.00113859423451785
15.97656250000000000	-0.00088582112514415
16.01562500000000000	-0.00056638874478351
16.05468750000000000	-0.00020902288595452
16.09375000000000000	0.00015650028765905
16.13281250000000000	0.00049918137937245
16.17187500000000000	0.00079205255029014
16.21093750000000000	0.00101163194868067
16.25000000000000000	0.00114241515920974
16.28906250000000000	0.00117529845421125
16.32812500000000000	0.00111080379128147
16.36718750000000000	0.00095612500390622
16.40625000000000000	0.00072705265307042
16.44531250000000000	0.00044373577607879
16.48437500000000000	0.00013160461099111
16.52343750000000000	-0.00018352857209490
16.56250000000000000	-0.00047497167126854
16.60156250000000000	-0.00071996758946079
16.64062500000000000	-0.00089889764159109
16.67968750000000000	-0.00099940958313290
16.71875000000000000	-0.00101461116696789
16.75781250000000000	-0.00094612191925746
16.79687500000000000	-0.00080112815977721
16.83593750000000000	-0.00059423327244644
16.87500000000000000	-0.00034344302981505
16.91406250000000000	-0.00007121484101082
16.95312500000000000	0.00020010736193961
16.99218750000000000	0.00044755272292309
17.03125000000000000	0.00065197712242313
17.07031250000000000	0.00079705669764677
17.10937500000000000	0.00087295326841428
17.14843750000000000	0.00087466511988863
17.18750000000000000	0.00080453109658067
17.22656250000000000	0.00066962887121601
17.26562500000000000	0.00048331871828452
17.30468750000000000	0.00026175806232678
17.34375000000000000	0.00002463608153281
17.38281250000000000	-0.00020861902474787
17.42187500000000000	-0.00041838168586723
17.46093750000000000	-0.00058846874753082
17.50000000000000000	-0.00070539759262048
17.53906250000000000	-0.00076141764435908
17.57812500000000000	-0.00075299195981538
17.61718750000000000	-0.00068296262856985
17.65625000000000000	-0.00055822783773075
17.69531250000000000	-0.00039094567126425
17.73437500000000000	-0.00019554617323090
17.77343750000000000	0.00001069126906594
17.81250000000000000	0.00021095037458899
17.85156250000000000	0.00038840886285235
17.89062500000000000	0.00052950868056484
17.92968750000000000	0.00062309144933546
17.96875000000000000	0.00066313702570610
18.00781250000000000	0.00064726410857099
18.04687500000000000	0.00057868188977229
18.08593750000000000	0.00046394979407192
18.12500000000000000	0.00031415684430528
18.16406250000000000	0.00014212096965572
18.20312500000000000	-0.00003698367680111
18.24218750000000000	-0.00020864658231557
18.28125000000000000	-0.00035848890037292
18.32031250000000000	-0.00047513043665541
18.35937500000000000	-0.00054939899262722
18.39843750000000000	-0.00057670085997683
18.43750000000000000	-0.00055555025833358
18.47656250000000000	-0.00048936373831536
18.51562500000000000	-0.00038433387916486
18.55468750000000000	-0.00025053604940774
18.59375000000000000	-0.00009931930015668
18.63281250000000000	0.00005599952254171
18.67187500000000000	0.00020292147706354
18.71093750000000000	0.00032914701502048
18.75000000000000000	0.00042520884072658
18.78906250000000000	0.00048356409782160
18.82812500000000000	0.00050076489570685
18.86718750000000000	0.00047605353637226
18.90625000000000000	0.00041293016737455
18.94531250000000000	0.00031719503247048
18.98437500000000000	0.00019795890479428
19.02343750000000000	0.00006526384371556
19.06250000000000000	-0.00006923355369222
19.10156250000000000	-0.00019477267667637
19.14062500000000000	-0.00030086722482211
19.17968750000000000	-0.00037963871164352
19.21875000000000000	-0.00042490715374532
19.25781250000000000	-0.00043422406115166
19.29687500000000000	-0.00040728555531825
19.33593750000000000	-0.00034768099294179
19.37500000000000000	-0.00026071074948811
19.41406250000000000	-0.00015470011763225
19.45312500000000000	-0.00003841906226154
19.49218750000000000	0.00007783899777467
19.53125000000000000	0.00018493737945685
19.57031250000000000	0.00027387221850905
19.60937500000000000	0.00033815196963643
19.64843750000000000	0.00037274101123029
19.68750000000000000	0.00037589868616170
19.72656250000000000	0.00034782252580503
19.76562500000000000	0.00029195262260943
19.80468750000000000	0.00021329543760690
19.84375000000000000	0.00011918390076333
19.88281250000000000	0.00001751716891734
19.92187500000000000	-0.00008290117805582
19.96093750000000000	-0.00017403478778922
20.00000000000000000	-0.00024841435581233
20.03906250000000000	-0.00030051913617885
20.07812500000000000	-0.00032643632909685
20.11718750000000000	-0.00032488504517302
20.15625000000000000	-0.00029648793090462
20.19531250000000000	-0.00024447414517131
20.23437500000000000	-0.00017351727392352
20.27343750000000000	-0.00009018458238101
20.31250000000000000	-0.00000139460344299
20.35156250000000000	0.00008514383398107
20.39062500000000000	0.00016259726312149
20.42968750000000000	0.00022456311440127
20.46875000000000000	0.00026658875585291
20.50781250000000000	0.00028541868925878
20.54687500000000000	0.00028040038573335
20.58593750000000000	0.00025223824008654
20.62500000000000000	0.00020413615528829
20.66406250000000000	0.00014028574581312
20.70312500000000000	0.00006663756665816
20.74218750000000000	-0.00001080579579580
20.78125000000000000	-0.00008524650966835
20.82031250000000000	-0.00015093162160696
20.85937500000000000	-0.00020237734229781
20.89843750000000000	-0.00023598144510428
20.93750000000000000	-0.00024916136700887
20.97656250000000000	-0.00024158197565610
21.01562500000000000	-0.00021416064689848
21.05468750000000000	-0.00016990489904583
21.09375000000000000	-0.00011263054158830
21.13281250000000000	-0.00004763466278538
21.17187500000000000	0.00001976773058688
21.21093750000000000	0.00008373177367776
21.25000000000000000	0.00013929535389828
21.28906250000000000	0.00018186550862452
21.32812500000000000	0.00020848872069231
21.36718750000000000	0.00021714014656631
21.40625000000000000	0.00020778933373460
21.44531250000000000	0.00018142861066750
21.48437500000000000	0.00014087977555776
21.52343750000000000	0.00008963143008875
21.56250000000000000	0.00003238177578198
21.60156250000000000	-0.00002620270672134
21.64062500000000000	-0.00008105230947888
21.67968750000000000	-0.00012795313658882
21.71875000000000000	-0.00016301663871923
21.75781250000000000	-0.00018387224761644
21.79687500000000000	-0.00018894545948108
21.83593750000000000	-0.00017840740451100
21.87500000000000000	-0.00015333129228782
21.91406250000000000	-0.00011634244799844
21.95312500000000000	-0.00007059237552765
21.99218750000000000	-0.00002025657087257
22.03125000000000000	0.00003057665463325
22.07031250000000000	0.00007753032925523
22.10937500000000000	0.00011699635756647
22.14843750000000000	0.00014575837466395
22.18750000000000000	0.00016186921908506
22.22656250000000000	0.00016413325318075
22.26562500000000000	0.00015290118674172
22.30468750000000000	0.00012926318796134
22.34375000000000000	0.00009563987069513
22.38281250000000000	0.00005489715057711
22.42187500000000000	0.00001071847746077
22.46093750000000000	-0.00003331469883751
22.50000000000000000	-0.00007342582303392
22.53906250000000000	-0.00010656225248267
22.57812500000000000	-0.00013001244675366
22.61718750000000000	-0.00014222915311141
22.65625000000000000	-0.00014234410461244
22.69531250000000000	-0.00013078619427712
22.73437500000000000	-0.00010867510550248
22.77343750000000000	-0.00007820562957208
22.81250000000000000	-0.00004199958584217
22.85156250000000000	-0.00000327664696360
22.89062500000000000	0.00003479628445418
22.92968750000000000	0.00006901134136097
22.96875000000000000	0.00009672694816479
23.00781250000000000	0.00011573822562907
23.04687500000000000	0.00012477488210851
23.08593750000000000	0.00012325391706174
23.12500000000000000	0.00011165682720358
23.16406250000000000	0.00009110103253245
23.20312500000000000	0.00006359257340580
23.24218750000000000	0.00003147164286768
23.28125000000000000	-0.00000240044795723
23.32031250000000000	-0.00003526795084727
23.35937500000000000	-0.00006436804077056
23.39843750000000000	-0.00008749353989540
23.43750000000000000	-0.00010277715428497
23.47656250000000000	-0.00010925253042821
23.51562500000000000	-0.00010650981380354
23.55468750000000000	-0.00009511266758667
23.59375000000000000	-0.00007610355055150
23.63281250000000000	-0.00005133704761704
23.67187500000000000	-0.00002289622024343
23.71093750000000000	0.00000667090325483
23.75000000000000000	0.00003500649845522
23.78906250000000000	0.00005970702886986
23.82812500000000000	0.00007892063142680
23.86718750000000000	0.00009110986501933
23.90625000000000000	0.00009552275149378
23.94531250000000000	0.00009191239911711
23.98437500000000000	0.00008085250485435
24.02343750000000000	0.00006336773360699
24.06250000000000000	0.00004112011020580
24.10156250000000000	0.00001600019098171
24.14062500000000000	-0.00000978267549989
24.17968750000000000	-0.00003415184535534
24.21875000000000000	-0.00005507383511537
24.25781250000000000	-0.00007097255310787
24.29687500000000000	-0.00008058956734755
24.33593750000000000	-0.00008335465539669
24.37500000000000000	-0.00007914069803543
24.41406250000000000	-0.00006854723410603
24.45312500000000000	-0.00005252870317643
24.49218750000000000	-0.00003260056224155
24.53125000000000000	-0.00001044394662269
24.57031250000000000	0.00001198744745207
24.60937500000000000	0.00003291059672304
24.64843750000000000	0.00005058077483294
24.68750000000000000	0.00006367867812307
24.72656250000000000	0.00007116016388330
24.76562500000000000	0.00007262782540059
24.80468750000000000	0.00006803980321246
24.84375000000000000	0.00005799451451476
24.88281250000000000	0.00004337152430832
24.92187500000000000	0.00002557288499271
24.96093750000000000	0.00000606472732290
25.00000000000000000	-0.00001341726431999
25.03906250000000000	-0.00003135987345672
25.07812500000000000	-0.00004623435932807
25.11718750000000000	-0.00005696983080048
25.15625000000000000	-0.00006270145791791
25.19531250000000000	-0.00006315901777474
25.23437500000000000	-0.00005836111671866
25.27343750000000000	-0.00004891239198459
25.31250000000000000	-0.00003562303578070
25.35156250000000000	-0.00001975420727215
25.39062500000000000	-0.00000261215880480
25.42968750000000000	0.00001429079941219
25.46875000000000000	0.00002963146665410
25.50781250000000000	0.00004212739257640
25.54687500000000000	0.00005086750225979
25.58593750000000000	0.00005516761513877
25.62500000000000000	0.00005484748774753
25.66406250000000000	0.00004997497631339
25.70312500000000000	0.00004113805080881
25.74218750000000000	0.00002910069852534
25.78125000000000000	0.00001497728498777
25.82031250000000000	-0.00000004743134592
25.85937500000000000	-0.00001468132470944
25.89843750000000000	-0.00002777219183258
25.93750000000000000	-0.00003822537868128
25.97656250000000000	-0.00004529624096360
26.01562500000000000	-0.00004842891834964
26.05468750000000000	-0.00004752592326810
26.09375000000000000	-0.00004269178683709
26.13281250000000000	-0.00003448798815783
26.17187500000000000	-0.00002360496465866
26.21093750000000000	-0.00001108000784711
26.25000000000000000	0.00000209339560684
26.28906250000000000	0.00001472846354790
26.32812500000000000	0.00002588441786489
26.36718750000000000	0.00003458894437778
26.40625000000000000	0.00004027412274286
26.44531250000000000	0.00004245325192693
26.48437500000000000	0.00004112659389856
26.52343750000000000	0.00003639000092256
26.56250000000000000	0.00002881881399228
26.60156250000000000	0.00001900688365297
26.64062500000000000	0.00000791662401028
26.67968750000000000	-0.00000360525368551
26.71875000000000000	-0.00001449844490935
26.75781250000000000	-0.00002398237610787
26.79687500000000000	-0.00003119857805398
26.83593750000000000	-0.00003572925611093
26.87500000000000000	-0.00003714558910909
26.91406250000000000	-0.00003551592672160
26.95312500000000000	-0.00003094454518283
26.99218750000000000	-0.00002399209470853
27.03125000000000000	-0.00001517708775756
27.07031250000000000	-0.00000537679079659
27.10937500000000000	0.00000468497760534
27.14843750000000000	0.00001405085246479
27.18750000000000000	0.00002209396197483
27.22656250000000000	0.00002805665014776
27.26562500000000000	0.00003161946586511
27.30468750000000000	0.00003242886167802
27.34375000000000000	0.00003060565351057
27.38281250000000000	0.00002623968631531
27.42187500000000000	0.00001987411399578
27.46093750000000000	0.00001196598351023
27.50000000000000000	0.00000332144006424
27.53906250000000000	-0.00000544319496922
27.57812500000000000	-0.00001349074546429
27.61718750000000000	-0.00002028520301901
27.65625000000000000	-0.00002518747542897
27.69531250000000000	-0.00002794942853002
27.73437500000000000	-0.00002828679120074
27.77343750000000000	-0.00002633084500544
27.81250000000000000	-0.00002220257132376
27.85156250000000000	-0.00001639417756891
27.89062500000000000	-0.00000932731174275
27.92968750000000000	-0.00000170833529696
27.96875000000000000	0.00000590885758138
28.00781250000000000	0.00001281253864862
28.04687500000000000	0.00001852962435530
28.08593750000000000	0.00002254952081605
28.12500000000000000	0.00002463767833276
28.16406250000000000	0.00002461941731992
28.20312500000000000	0.00002259597445378
28.24218750000000000	0.00001873625778737
28.28125000000000000	0.00001344432720186
28.32031250000000000	0.00000715237371563
28.35937500000000000	0.00000044493216243
28.39843750000000000	-0.00000615414677262
28.43750000000000000	-0.00001207231429861
28.47656250000000000	-0.00001686751546055
28.51562500000000000	-0.00002013527118220
28.55468750000000000	-0.00002168561031781
28.59375000000000000	-0.00002138712272682
28.63281250000000000	-0.00001935324308037
28.67187500000000000	-0.00001575082211820
28.71093750000000000	-0.00001095627322792
28.75000000000000000	-0.00000535545565390
28.78906250000000000	0.00000053262532870
28.82812500000000000	0.00000625232584802
28.86718750000000000	0.00001130090936229
28.90625000000000000	0.00001531515233447
28.94531250000000000	0.00001794785781921
28.98437500000000000	0.00001905398237269
29.02343750000000000	0.00001854865968039
29.06250000000000000	0.00001654580223393
29.10156250000000000	0.00001320152226844
29.14062500000000000	0.00000886521960128
29.17968750000000000	0.00000389637235871
29.21875000000000000	-0.00000126261002782
29.25781250000000000	-0.00000620654088604
29.29687500000000000	-0.00001050702397300
29.33593750000000000	-0.00001384738455947
29.37500000000000000	-0.00001595353349794
29.41406250000000000	-0.00001670501456653
29.45312500000000000	-0.00001605680926626
29.49218750000000000	-0.00001410096209055
29.53125000000000000	-0.00001103162796256
29.57031250000000000	-0.00000712201722855
29.60937500000000000	-0.00000272325265817
29.64843750000000000	0.00000179110122886
29.68750000000000000	0.00000606206986139
29.72656250000000000	0.00000971364778247
29.76562500000000000	0.00001249018823491
29.80468750000000000	0.00001415544938075
29.84375000000000000	0.00001462345784351
29.88281250000000000	0.00001386692444459
29.92187500000000000	0.00001199644570914
29.96093750000000000	0.00000916386741261
30.00000000000000000	0.00000566286301727
30.03906250000000000	0.00000175973583753
30.07812500000000000	-0.00000217345187122
30.11718750000000000	-0.00000585415272112
30.15625000000000000	-0.00000894247545469
30.19531250000000000	-0.00001124234854159
30.23437500000000000	-0.00001252784680907
30.27343750000000000	-0.00001278877173026
30.31250000000000000	-0.00001195648066079
30.35156250000000000	-0.00001017799879232
30.39062500000000000	-0.00000758206624913
30.42968750000000000	-0.00000444505104080
30.46875000000000000	-0.00000100373396695
30.50781250000000000	0.00000242944788123
30.54687500000000000	0.00000558679405428
30.58593750000000000	0.00000820349777926
30.62500000000000000	0.00001009141656364
30.66406250000000000	0.00001108337162484
30.70312500000000000	0.00001115037302068
30.74218750000000000	0.00001028355208929
30.78125000000000000	0.00000861002789413
30.82031250000000000	0.00000623981472885
30.85937500000000000	0.00000344202739243
30.89843750000000000	0.00000039940712406
30.93750000000000000	-0.00000258331012229
30.97656250000000000	-0.00000529620704228
31.01562500000000000	-0.00000748605690361
31.05468750000000000	-0.00000903209232837
31.09375000000000000	-0.00000977342636607
31.13281250000000000	-0.00000971338302562
31.17187500000000000	-0.00000883180357506
31.21093750000000000	-0.00000726345878823
31.25000000000000000	-0.00000511336742652
31.28906250000000000	-0.00000261330568000
31.32812500000000000	0.00000006324638257
31.36718750000000000	0.00000265060727385
31.40625000000000000	0.00000497489493349
31.44531250000000000	0.00000681561163485
31.48437500000000000	0.00000806513823217
31.52343750000000000	0.00000860477896209
31.56250000000000000	0.00000844043188624
31.60156250000000000	0.00000756118333246
31.64062500000000000	0.00000610481839726
31.67968750000000000	0.00000415378153521
31.71875000000000000	0.00000193235646858
31.75781250000000000	-0.00000042154178766
31.79687500000000000	-0.00000265333860956
31.83593750000000000	-0.00000464908363491
31.87500000000000000	-0.00000617907770441
31.91406250000000000	-0.00000719407672970
31.95312500000000000	-0.00000756112992633
31.99218750000000000	-0.00000732429122860
32.03125000000000000	-0.00000646471531148
32.07031250000000000	-0.00000511828541806
32.10937500000000000	-0.00000335366473634
32.14843750000000000	-0.00000138741532279
32.18750000000000000	0.00000068292798303
32.22656250000000000	0.00000260803651816
32.26562500000000000	0.00000430870187343
32.30468750000000000	0.00000557915301289
32.34375000000000000	0.00000639236649789
32.38281250000000000	0.00000662479457179
32.42187500000000000	0.00000633670953793
32.46093750000000000	0.00000550273103456
32.50000000000000000	0.00000426588695030
32.53906250000000000	0.00000267261141291
32.57812500000000000	0.00000092750201277
32.61718750000000000	-0.00000087979654709
32.65625000000000000	-0.00000254324774740
32.69531250000000000	-0.00000398676458609
32.73437500000000000	-0.00000503884100056
32.77343750000000000	-0.00000567625880548
32.81250000000000000	-0.00000580695895853
32.85156250000000000	-0.00000548123386654
32.89062500000000000	-0.00000468586665962
32.92968750000000000	-0.00000354389550028
32.96875000000000000	-0.00000211682699569
33.00781250000000000	-0.00000056880485705
33.04687500000000000	0.00000100763173602
33.08593750000000000	0.00000244279820571
33.12500000000000000	0.00000366532434943
33.16406250000000000	0.00000453458502280
33.20312500000000000	0.00000502708477723
33.24218750000000000	0.00000507404256493
33.28125000000000000	0.00000472644737749
33.32031250000000000	0.00000397236212828
33.35937500000000000	0.00000293436476650
33.39843750000000000	0.00000165260845950
33.43750000000000000	0.00000028967273807
33.47656250000000000	-0.00000108792908104
33.51562500000000000	-0.00000232008267585
33.55468750000000000	-0.00000335530791732
33.59375000000000000	-0.00000406622271228
33.63281250000000000	-0.00000444582805612
33.67187500000000000	-0.00000442789403047
33.71093750000000000	-0.00000406947716146
33.75000000000000000	-0.00000335846563139
33.78906250000000000	-0.00000241272246645
33.82812500000000000	-0.00000126736936773
33.86718750000000000	-0.00000006772491090
33.90625000000000000	0.00000113211889769
33.94531250000000000	0.00000218448749890
33.98437500000000000	0.00000305700698179
34.02343750000000000	0.00000363315273569
34.06250000000000000	0.00000391940972262
34.10156250000000000	0.00000384951764514
34.14062500000000000	0.00000349006960297
34.17968750000000000	0.00000282263733946
34.21875000000000000	0.00000196792958321
34.25781250000000000	0.00000093756081337
34.29687500000000000	-0.00000011211213664
34.33593750000000000	-0.00000115670653989
34.37500000000000000	-0.00000205618838959
34.41406250000000000	-0.00000279114537254
34.45312500000000000	-0.00000324602728914
34.49218750000000000	-0.00000346479318084
34.53125000000000000	-0.00000335318024967
34.57031250000000000	-0.00000300726158264
34.60937500000000000	-0.00000237957167861
34.64843750000000000	-0.00000161560486875
34.68750000000000000	-0.00000068756143647
34.72656250000000000	0.00000022361812200
34.76562500000000000	0.00000114336488921
34.80468750000000000	0.00000189684807476
34.84375000000000000	0.00000252557166467
34.88281250000000000	0.00000287988186565
34.92187500000000000	0.00000303908716373
34.96093750000000000	0.00000289255950391
35.00000000000000000	0.00000255901148264
35.03906250000000000	0.00000197284253403
35.07812500000000000	0.00000128763249042
35.11718750000000000	0.00000046163007536
35.15625000000000000	-0.00000033322269612
35.19531250000000000	-0.00000113434593397
35.23437500000000000	-0.00000177302354735
35.27343750000000000	-0.00000229902773810
35.31250000000000000	-0.00000257298626894
35.35156250000000000	-0.00000268656456247
35.39062500000000000	-0.00000251779124663
35.42968750000000000	-0.00000219889393529
35.46875000000000000	-0.00000165950242709
35.50781250000000000	-0.00000104402730201
35.54687500000000000	-0.00000031234729332
35.58593750000000000	0.00000038300202008
35.62500000000000000	0.00000108171766274
35.66406250000000000	0.00000161715563949
35.70312500000000000	0.00000205806000386
35.74218750000000000	0.00000227433295737
35.78125000000000000	0.00000233732432829
35.82031250000000000	0.00000216788631182
35.85937500000000000	0.00000185845905611
35.89843750000000000	0.00000136589127149
35.93750000000000000	0.00000080681693286
35.97656250000000000	0.00000016272423592
36.01562500000000000	-0.00000045048224430
36.05468750000000000	-0.00000104164989183
36.09375000000000000	-0.00000150472865400
36.13281250000000000	-0.00000185906600882
36.17187500000000000	-0.00000202575711837
36.21093750000000000	-0.00000205097590743
36.25000000000000000	-0.00000187680295009
36.28906250000000000	-0.00000158006918562
36.32812500000000000	-0.00000113315848818
36.36718750000000000	-0.00000063185583432
36.40625000000000000	-0.00000006616714886
36.44531250000000000	0.00000046911752022
36.48437500000000000	0.00000097741934744
36.52343750000000000	0.00000136573309554
36.56250000000000000	0.00000166072327712
36.60156250000000000	0.00000178366316907
36.64062500000000000	0.00000178172373665
36.67968750000000000	0.00000160860754318
36.71875000000000000	0.00000133162563609
36.75781250000000000	0.00000092377053574
36.79687500000000000	0.00000047752556135
36.83593750000000000	-0.00000002787514725
36.87500000000000000	-0.00000048998051900
36.91406250000000000	-0.00000092749441285
36.95312500000000000	-0.00000125689412159
36.99218750000000000	-0.00000149186797691
37.03125000000000000	-0.00000157723076353
37.07031250000000000	-0.00000155836770722
37.10937500000000000	-0.00000138857886131
37.14843750000000000	-0.00000112768315820
37.18750000000000000	-0.00000076192305064
37.22656250000000000	-0.00000035952680133
37.26562500000000000	0.00000008463438281
37.30468750000000000	0.00000048443793101
37.34375000000000000	0.00000086373727813
37.38281250000000000	0.00000113138021470
37.42187500000000000	0.00000132867535135
37.46093750000000000	0.00000138262068599
37.50000000000000000	0.00000134978219996
37.53906250000000000	0.00000117957906432
37.57812500000000000	0.00000094130943240
37.61718750000000000	0.00000060307931481
37.65625000000000000	0.00000025364731064
37.69531250000000000	-0.00000013897209322
37.73437500000000000	-0.00000048217215386
37.77343750000000000	-0.00000081021633642
37.81250000000000000	-0.00000103301497114
37.85156250000000000	-0.00000119558146874
37.89062500000000000	-0.00000122517053654
37.92968750000000000	-0.00000118386561930
37.96875000000000000	-0.00000101726835822
38.00781250000000000	-0.00000079820437686
38.04687500000000000	-0.00000049221414903
38.08593750000000000	-0.00000017928472534
38.12500000000000000	0.00000016490626896
38.16406250000000000	0.00000046366503551
38.20312500000000000	0.00000074084601166
38.24218750000000000	0.00000092324554403
38.28125000000000000	0.00000105258099840
38.32031250000000000	0.00000106654576667
38.35937500000000000	0.00000101658557127
38.39843750000000000	0.00000085402211840
38.43750000000000000	0.00000065532526019
38.47656250000000000	0.00000037779545412
38.51562500000000000	0.00000010478633541
38.55468750000000000	-0.00000020139410601
38.59375000000000000	-0.00000045451451414
38.63281250000000000	-0.00000069315166547
38.67187500000000000	-0.00000084073389830
38.71093750000000000	-0.00000094645760119
38.75000000000000000	-0.00000094049445457
38.78906250000000000	-0.00000089138049150
38.82812500000000000	-0.00000073381202177
38.86718750000000000	-0.00000055849878508
38.90625000000000000	-0.00000030481008895
38.94531250000000000	-0.00000006678901645
38.98437500000000000	0.00000020547416654
39.02343750000000000	0.00000042262183743
39.06250000000000000	0.00000062448673351
39.10156250000000000	0.00000074733509840
39.14062500000000000	0.00000083021327164
39.17968750000000000	0.00000081655261387
39.21875000000000000	0.00000075949246889
39.25781250000000000	0.00000061426769890
39.29687500000000000	0.00000044941192716
39.33593750000000000	0.00000021899083073
39.37500000000000000	0.00000000084633600
39.41406250000000000	-0.00000022082368778
39.45312500000000000	-0.00000040133258765
39.49218750000000000	-0.00000057768497804
39.53125000000000000	-0.00000068397532347
39.57031250000000000	-0.00000073247391477
39.60937500000000000	-0.00000071483673366
39.64843750000000000	-0.00000064361581533
39.68750000000000000	-0.00000052584759673
39.72656250000000000	-0.00000036788196621
39.76562500000000000	-0.00000017246204186
39.80468750000000000	0.00000002102542011
39.84375000000000000	0.00000021514329332
39.88281250000000000	0.00000037728921422
39.92187500000000000	0.00000052385194730
39.96093750000000000	0.00000060608369712
40.00000000000000000	0.00000064873215562
40.03906250000000000	0.00000062615238092
40.07812500000000000	0.00000055887263387
40.11718750000000000	0.00000044432633085
40.15625000000000000	0.00000029125071649
40.19531250000000000	0.00000012955209434
40.23437500000000000	-0.00000005306940521
40.27343750000000000	-0.00000020802797995
40.31250000000000000	-0.00000035460097261
40.35156250000000000	-0.00000047582846275
40.39062500000000000	-0.00000054261872027
40.42968750000000000	-0.00000057877382532
40.46875000000000000	-0.00000054165683122
40.50781250000000000	-0.00000049093948699
40.54687500000000000	-0.00000037638427184
40.58593750000000000	-0.00000025283574638
40.62500000000000000	-0.00000008407691538
40.66406250000000000	0.00000004537685181
40.70312500000000000	0.00000021187240322
40.74218750000000000	0.00000030646414656
40.78125000000000000	0.00000043547811107
40.82031250000000000	0.00000045885396117
40.85937500000000000	0.00000049571276017
40.89843750000000000	0.00000044595861048
40.93750000000000000	0.00000041590759080
40.97656250000000000	0.00000028232183347
41.01562500000000000	0.00000019236662847
41.05468750000000000	0.00000002364546017
41.09375000000000000	-0.00000007542400527
41.13281250000000000	-0.00000023638103648
41.17187500000000000	-0.00000030800532939
41.21093750000000000	-0.00000042315503350
41.25000000000000000	-0.00000043073901008
41.28906250000000000	-0.00000047490537769
41.32812500000000000	-0.00000040940084585
41.36718750000000000	-0.00000038559937668
41.40625000000000000	-0.00000025861517980
41.44531250000000000	-0.00000018726991414
41.48437500000000000	-0.00000002883030129
41.52343750000000000	0.00000004970469996
41.56250000000000000	0.00000019562692460
41.60156250000000000	0.00000025002532566
41.64062500000000000	0.00000035405974718
41.67968750000000000	0.00000034551785218
41.71875000000000000	0.00000038637029869
41.75781250000000000	0.00000031622503672
41.79687500000000000	0.00000029993879579
41.83593750000000000	0.00000017211478554
41.87500000000000000	0.00000011586017952
41.91406250000000000	-0.00000002939193409
41.95312500000000000	-0.00000008730967877
41.99218750000000000	-0.00000022586719290
42.03125000000000000	-0.00000025882852695
42.07031250000000000	-0.00000035397957569
42.10937500000000000	-0.00000033748380554
42.14843750000000000	-0.00000037611417158
42.18750000000000000	-0.00000030680995840
42.22656250000000000	-0.00000028747907975
42.26562500000000000	-0.00000017118085455
42.30468750000000000	-0.00000012248187302
42.34375000000000000	0.00000000443021834
42.38281250000000000	0.00000006177597318
42.42187500000000000	0.00000017824861084
42.46093750000000000	0.00000021097762815
42.50000000000000000	0.00000028464458304
42.53906250000000000	0.00000027088856404
42.57812500000000000	0.00000029787795722
42.61718750000000000	0.00000023528210607
42.65625000000000000	0.00000021230730692
42.69531250000000000	0.00000011262675471
42.73437500000000000	0.00000006611268973
42.77343750000000000	-0.00000004544489808
42.81250000000000000	-0.00000009311070786
42.85156250000000000	-0.00000019542330905
42.89062500000000000	-0.00000021853319556
42.92968750000000000	-0.00000028009368157
42.96875000000000000	-0.00000026663341299
43.00781250000000000	-0.00000028406542095
43.04687500000000000	-0.00000022776451851
43.08593750000000000	-0.00000020644184894
43.12500000000000000	-0.00000011291813507
43.16406250000000000	-0.00000007506842775
43.20312500000000000	0.00000002253225276
43.24218750000000000	0.00000006581211771
43.28125000000000000	0.00000015398432412
43.32031250000000000	0.00000016890762799
43.35937500000000000	0.00000022333424998
43.39843750000000000	0.00000020316800419
43.43750000000000000	0.00000022578309697
43.47656250000000000	0.00000016410129502
43.51562500000000000	0.00000014865634149
43.55468750000000000	0.00000006302634412
43.59375000000000000	0.00000003366119856
43.63281250000000000	-0.00000006304835919
43.67187500000000000	-0.00000009328030510
43.71093750000000000	-0.00000017404920791
43.75000000000000000	-0.00000017859222029
43.78906250000000000	-0.00000023009410047
43.82812500000000000	-0.00000020424718480
43.86718750000000000	-0.00000022039141464
43.90625000000000000	-0.00000016095450102
43.94531250000000000	-0.00000015055961240
43.98437500000000000	-0.00000007079331979
44.02343750000000000	-0.00000004291550950
44.06250000000000000	0.00000003667873682
44.10156250000000000	0.00000006589632106
44.14062500000000000	0.00000013287145865
44.17968750000000000	0.00000013950591707
44.21875000000000000	0.00000018273225027
44.25781250000000000	0.00000015633220599
44.29687500000000000	0.00000017177180551
44.33593750000000000	0.00000011280435776
44.37500000000000000	0.00000010272092789
44.41406250000000000	0.00000003092111246
44.45312500000000000	0.00000000929509427
44.49218750000000000	-0.00000006770517282
44.53125000000000000	-0.00000008322144494
44.57031250000000000	-0.00000014781094255
44.60937500000000000	-0.00000014541126404
44.64843750000000000	-0.00000018968808071
44.68750000000000000	-0.00000015638261963
44.72656250000000000	-0.00000017499537185
44.76562500000000000	-0.00000011990631733
44.80468750000000000	-0.00000011424084390
44.84375000000000000	-0.00000004461996987
44.88281250000000000	-0.00000002907540606
44.92187500000000000	0.00000004633271654
44.96093750000000000	0.00000004822759059
45.00000000000000000	0.00000011150598778
45.03906250000000000	0.00000009930125259
45.07812500000000000	0.00000013851059780
45.11718750000000000	0.00000010392979667
45.15625000000000000	0.00000012148437950
45.19531250000000000	0.00000006581013625
45.23437500000000000	0.00000006826126355
45.27343750000000000	-0.00000000318439313
45.31250000000000000	-0.00000000684073428
45.35156250000000000	-0.00000008169890096
45.39062500000000000	-0.00000007799684896
45.42968750000000000	-0.00000014076954513
45.46875000000000000	-0.00000011705650165
45.50781250000000000	-0.00000016522428677
45.54687500000000000	-0.00000011985891393
45.58593750000000000	-0.00000014809442344
45.62500000000000000	-0.00000008587891315
45.66406250000000000	-0.00000009884932206
45.70312500000000000	-0.00000002243234684
45.74218750000000000	-0.00000003458913237
45.78125000000000000	0.00000004356382314
45.82031250000000000	0.00000002632966836
45.85937500000000000	0.00000009463206815
45.89843750000000000	0.00000006058759947
45.93750000000000000	0.00000011201453242
45.97656250000000000	0.00000005752057910
46.01562500000000000	0.00000009255053809
46.05468750000000000	0.00000002233828277
46.09375000000000000	0.00000004610165721
46.13281250000000000	-0.00000003303320804
46.17187500000000000	-0.00000001275017638
46.21093750000000000	-0.00000009052692211
46.25000000000000000	-0.00000006270211778
46.28906250000000000	-0.00000013355005080
46.32812500000000000	-0.00000009064729488
46.36718750000000000	-0.00000014604345530
46.40625000000000000	-0.00000008650599862
46.44531250000000000	-0.00000012810452209
46.48437500000000000	-0.00000005536808328
46.52343750000000000	-0.00000008661600432
46.56250000000000000	-0.00000000666225722
46.60156250000000000	-0.00000003566519949
46.64062500000000000	0.00000004206887118
46.67968750000000000	0.00000000742267215
46.71875000000000000	0.00000007789827872
46.75781250000000000	0.00000002954985961
46.79687500000000000	0.00000008747533687
46.83593750000000000	0.00000002516831343
46.87500000000000000	0.00000006933173137
46.91406250000000000	-0.00000000638482881
46.95312500000000000	0.00000002938665453
46.99218750000000000	-0.00000005115838175
47.03125000000000000	-0.00000001827882836
47.07031250000000000	-0.00000009596915563
47.10937500000000000	-0.00000005566349874
47.14843750000000000	-0.00000012401057887
47.18750000000000000	-0.00000007370848639
47.22656250000000000	-0.00000012648967744
47.26562500000000000	-0.00000006483006662
47.30468750000000000	-0.00000010944601908
47.34375000000000000	-0.00000003598308961
47.38281250000000000	-0.00000007487894720
47.42187500000000000	0.00000000171413650
47.46093750000000000	-0.00000003546567709
47.50000000000000000	0.00000003786798295
47.53906250000000000	-0.00000000224727474
47.57812500000000000	0.00000006127282536
47.61718750000000000	0.00000001135023678
47.65625000000000000	0.00000006562736170
47.69531250000000000	0.00000000754802334
47.73437500000000000	0.00000004945482337
47.77343750000000000	-0.00000001781614820
47.81250000000000000	0.00000001908038140
47.85156250000000000	-0.00000005299777956
47.89062500000000000	-0.00000001639275798
47.92968750000000000	-0.00000008497315272
47.96875000000000000	-0.00000004870283480
48.00781250000000000	-0.00000010155186328
48.04687500000000000	-0.00000005707580631
48.08593750000000000	-0.00000010381702775
48.12500000000000000	-0.00000004664101432
48.16406250000000000	-0.00000008644086336
48.20312500000000000	-0.00000002211931516
48.24218750000000000	-0.00000005537623945
48.28125000000000000	0.00000000743619233
48.32031250000000000	-0.00000002486944888
48.35937500000000000	0.00000003545148216
48.39843750000000000	-0.00000000304123946
48.43750000000000000	0.00000004844237569
48.47656250000000000	0.00000000338582766
48.51562500000000000	0.00000004764507297
48.55468750000000000	-0.00000000418514608
48.59375000000000000	0.00000003260188966
48.63281250000000000	-0.00000002416833487
48.67187500000000000	0.00000000890556661
48.71093750000000000	-0.00000004914284579
48.75000000000000000	-0.00000001648839330
48.78906250000000000	-0.00000007230175440
48.82812500000000000	-0.00000003684215738
48.86718750000000000	-0.00000008615863874
48.90625000000000000	-0.00000004533021953
48.94531250000000000	-0.00000008353647763
48.98437500000000000	-0.00000003491274953
49.02343750000000000	-0.00000006723279673
49.06250000000000000	-0.00000001535398280
49.10156250000000000	-0.00000004253855896
49.14062500000000000	0.00000000757926713
49.17968750000000000	-0.00000001938775457
49.21875000000000000	0.00000002899382018
49.25781250000000000	-0.00000000290771934
49.29687500000000000	0.00000004103195456
49.33593750000000000	0.00000000499171808
49.37500000000000000	0.00000003326653234
49.41406250000000000	0.00000000015323394
49.45312500000000000	0.00000002411766345
49.49218750000000000	-0.00000001820626108
49.53125000000000000	0.00000000046361763
49.57031250000000000	-0.00000003812946775
49.60937500000000000	-0.00000001937917865
49.64843750000000000	-0.00000005445650759
49.68750000000000000	-0.00000002750895714
49.72656250000000000	-0.00000006295325308
49.76562500000000000	-0.00000003163417033
49.80468750000000000	-0.00000006230149034
49.84375000000000000	-0.00000002312151723
49.88281250000000000	-0.00000004963915382
49.92187500000000000	-0.00000000727820998
49.96093750000000000	-0.00000002980535484
50.00000000000000000	0.00000000910992461
50.03906250000000000	-0.00000001235237855
50.07812500000000000	0.00000002526083919
50.11718750000000000	-0.00000000252601704
50.15625000000000000	0.00000003108832748
50.19531250000000000	-0.00000000232064038
50.23437500000000000	0.00000002613058382
50.27343750000000000	-0.00000001341581554
50.31250000000000000	0.00000001497334434
50.35156250000000000	-0.00000002626198849
50.39062500000000000	-0.00000000305025081
50.42968750000000000	-0.00000004312750476
50.46875000000000000	-0.00000001784562428
50.50781250000000000	-0.00000005411729496
50.54687500000000000	-0.00000002688766206
50.58593750000000000	-0.00000005832925658
50.62500000000000000	-0.00000002401574522
50.66406250000000000	-0.00000005559815623
50.70312500000000000	-0.00000001737722542
50.74218750000000000	-0.00000004552144069
50.78125000000000000	-0.00000000688099634
50.82031250000000000	-0.00000003261086808
50.85937500000000000	0.00000000738707721
50.89843750000000000	-0.00000002194365815
50.93750000000000000	0.00000001917006109
50.97656250000000000	-0.00000001582190887
51.01562500000000000	0.00000002257162315
51.05468750000000000	-0.00000001630965936
51.09375000000000000	0.00000001978886395
51.13281250000000000	-0.00000002497543748
51.17187500000000000	0.00000001044835543
51.21093750000000000	-0.00000003782056325
51.25000000000000000	-0.00000000433530081
51.28906250000000000	-0.00000004950346367
51.32812500000000000	-0.00000001129251281
51.36718750000000000	-0.00000005824521198
51.40625000000000000	-0.00000001754312884
51.44531250000000000	-0.00000006170427849
51.48437500000000000	-0.00000001442202363
51.52343750000000000	-0.00000005678691639
51.56250000000000000	-0.00000000982828021
51.60156250000000000	-0.00000004879018503
51.64062500000000000	0.00000000263804023
51.67968750000000000	-0.00000003778023840
51.71875000000000000	0.00000001307327736
51.75781250000000000	-0.00000002829149517
51.79687500000000000	0.00000001941986213
51.83593750000000000	-0.00000002427606014
51.87500000000000000	0.00000001903075395
51.91406250000000000	-0.00000002646103891
51.95312500000000000	0.00000001320996836
51.99218750000000000	-0.00000003083456692
52.03125000000000000	0.00000000598089109
52.07031250000000000	-0.00000003791813825
52.10937500000000000	-0.00000000367405111
52.14843750000000000	-0.00000004257070467
52.18750000000000000	-0.00000000950218012
52.22656250000000000	-0.00000004550908539
52.26562500000000000	-0.00000001331009764
52.30468750000000000	-0.00000004526701428
52.34375000000000000	-0.00000001141315705
52.38281250000000000	-0.00000004203270428
52.42187500000000000	-0.00000000779885079
52.46093750000000000	-0.00000003422941434
52.50000000000000000	0.00000000031683289
52.53906250000000000	-0.00000002704178255
52.57812500000000000	0.00000000638551764
52.61718750000000000	-0.00000001989314900
52.65625000000000000	0.00000001268472333
52.69531250000000000	-0.00000001778874734
52.73437500000000000	0.00000001108505499
52.77343750000000000	-0.00000002078234921
52.81250000000000000	0.00000000635098141
52.85156250000000000	-0.00000002551600934
52.89062500000000000	0.00000000164029471
52.92968750000000000	-0.00000003508690967
52.96875000000000000	-0.00000000470687626
53.00781250000000000	-0.00000003987832846
53.04687500000000000	-0.00000000785972776
53.08593750000000000	-0.00000004249963676
53.12500000000000000	-0.00000001102904715
53.16406250000000000	-0.00000004138534790
53.20312500000000000	-0.00000000677086661
53.24218750000000000	-0.00000004035317938
53.28125000000000000	-0.00000000317227500
53.32031250000000000	-0.00000003493387204
53.35937500000000000	0.00000000311298389
53.39843750000000000	-0.00000003041745652
53.43750000000000000	0.00000000709079672
53.47656250000000000	-0.00000002763239098
53.51562500000000000	0.00000001018901943
53.55468750000000000	-0.00000002650157301
53.59375000000000000	0.00000001029020975
53.63281250000000000	-0.00000002824106746
53.67187500000000000	0.00000000682760921
53.71093750000000000	-0.00000003337877337
53.75000000000000000	0.00000000172448795
53.78906250000000000	-0.00000004043465085
53.82812500000000000	-0.00000000491876421
53.86718750000000000	-0.00000004742525209
53.90625000000000000	-0.00000000759711145
53.94531250000000000	-0.00000004938854407
53.98437500000000000	-0.00000000756574442
54.02343750000000000	-0.00000004823847465
54.06250000000000000	-0.00000000391918671
54.10156250000000000	-0.00000004667406028
54.14062500000000000	-0.00000000076173402
54.17968750000000000	-0.00000004239461678
54.21875000000000000	0.00000000179071834
54.25781250000000000	-0.00000004007281580
54.29687500000000000	0.00000000576876471
54.33593750000000000	-0.00000003916624351
54.37500000000000000	0.00000000773230783
54.41406250000000000	-0.00000003820814357
54.45312500000000000	0.00000000807754899
54.49218750000000000	-0.00000003819737349
54.53125000000000000	0.00000000173353639
54.57031250000000000	-0.00000004447920121
54.60937500000000000	0.00000000067073759
54.64843750000000000	-0.00000004776750353
54.68750000000000000	-0.00000000230797314
54.72656250000000000	-0.00000004632332710
54.76562500000000000	-0.00000000367527424
54.80468750000000000	-0.00000004689072046
54.84375000000000000	-0.00000000535148418
54.88281250000000000	-0.00000004432947015
54.92187500000000000	-0.00000000143809878
54.96093750000000000	-0.00000004082628331
55.00000000000000000	-0.00000000003670782
55.03906250000000000	-0.00000003778166911
55.07812500000000000	0.00000000473390175
55.11718750000000000	-0.00000003485365753
55.15625000000000000	0.00000000630980448
55.19531250000000000	-0.00000003437267881
55.23437500000000000	0.00000000361864115
55.27343750000000000	-0.00000003447120011
55.31250000000000000	0.00000000511022190
55.35156250000000000	-0.00000003683393918
55.39062500000000000	0.00000000241508889
55.42968750000000000	-0.00000003748146244
55.46875000000000000	-0.00000000255004370
55.50781250000000000	-0.00000003922637217
55.54687500000000000	-0.00000000197812827
55.58593750000000000	-0.00000003960904067
55.62500000000000000	-0.00000000179957828
55.66406250000000000	-0.00000004069741452
55.70312500000000000	-0.00000000524319738
55.74218750000000000	-0.00000004056330291
55.78125000000000000	-0.00000000102473625
55.82031250000000000	-0.00000003852085133
55.85937500000000000	0.00000000296819189
55.89843750000000000	-0.00000003668819177
55.93750000000000000	0.00000000041042795
55.97656250000000000	-0.00000003499967813
56.01562500000000000	0.00000000443671931
56.05468750000000000	-0.00000003462342463
56.09375000000000000	0.00000000373356566
56.13281250000000000	-0.00000003689614684
56.17187500000000000	0.00000000187825653
56.21093750000000000	-0.00000003797962978
56.25000000000000000	-0.00000000059229873
56.28906250000000000	-0.00000003997333365
56.32812500000000000	-0.00000000302525320
56.36718750000000000	-0.00000004022981279
56.40625000000000000	-0.00000000456405224
56.44531250000000000	-0.00000004096978576
56.48437500000000000	-0.00000000363409698
56.52343750000000000	-0.00000003747044130
56.56250000000000000	-0.00000000146204676
56.60156250000000000	-0.00000003787833878
56.64062500000000000	-0.00000000357203828
56.67968750000000000	-0.00000003648628707
56.71875000000000000	0.00000000166418063
56.75781250000000000	-0.00000003516153582
56.79687500000000000	0.00000000173809837
56.83593750000000000	-0.00000003318434597
56.87500000000000000	0.00000000331711526
56.91406250000000000	-0.00000003165882201
56.95312500000000000	0.00000000057539424
56.99218750000000000	-0.00000003416863867
57.03125000000000000	0.00000000523063167
57.07031250000000000	-0.00000003574174748
57.10937500000000000	-0.00000000020893392
57.14843750000000000	-0.00000003916399768
57.18750000000000000	0.00000000015359550
57.22656250000000000	-0.00000004010335832
57.26562500000000000	0.00000000223645956
57.30468750000000000	-0.00000004103235012
57.34375000000000000	-0.00000000003007978
57.38281250000000000	-0.00000003976646873
57.42187500000000000	0.00000000314038595
57.46093750000000000	-0.00000003791292759
57.50000000000000000	0.00000000133115749
57.53906250000000000	-0.00000003772838461
57.57812500000000000	0.00000000436429681
57.61718750000000000	-0.00000003734533965
57.65625000000000000	0.00000000316182587
57.69531250000000000	-0.00000003670818511
57.73437500000000000	0.00000000231745179
57.77343750000000000	-0.00000003564915119
57.81250000000000000	0.00000000370390163
57.85156250000000000	-0.00000003572989033
57.89062500000000000	0.00000000281417248
57.92968750000000000	-0.00000003536347611
57.96875000000000000	0.00000000021858605
58.00781250000000000	-0.00000003730412057
58.04687500000000000	-0.00000000275377422
58.08593750000000000	-0.00000003786335620
58.12500000000000000	-0.00000000185135352
58.16406250000000000	-0.00000003681060652
58.20312500000000000	-0.00000000061019703
58.24218750000000000	-0.00000003619686448
58.28125000000000000	-0.00000000066429770
58.32031250000000000	-0.00000003370794207
58.35937500000000000	0.00000000046342604
58.39843750000000000	-0.00000003217127843
58.43750000000000000	0.00000000390815877
58.47656250000000000	-0.00000003202000956
58.51562500000000000	0.00000000135573917
58.55468750000000000	-0.00000003227230036
58.59375000000000000	-0.00000000022354557
58.63281250000000000	-0.00000003279109258
58.67187500000000000	0.00000000055371329
58.71093750000000000	-0.00000003193462063
58.75000000000000000	0.00000000075553667
58.78906250000000000	-0.00000003131256626
58.82812500000000000	-0.00000000135273162
58.86718750000000000	-0.00000003138576504
58.90625000000000000	-0.00000000317232181
58.94531250000000000	-0.00000003283811784
58.98437500000000000	-0.00000000312131420
59.02343750000000000	-0.00000003155102667
59.06250000000000000	-0.00000000228030502
59.10156250000000000	-0.00000002763271890
59.14062500000000000	-0.00000000186235925
59.17968750000000000	-0.00000002607791712
59.21875000000000000	0.00000000203509782
59.25781250000000000	-0.00000002698356330
59.29687500000000000	0.00000000104735213
59.33593750000000000	-0.00000002681816337
59.37500000000000000	-0.00000000274049785
59.41406250000000000	-0.00000002919853481
59.45312500000000000	-0.00000000225841551
59.49218750000000000	-0.00000003171706762
59.53125000000000000	0.00000000133451582
59.57031250000000000	-0.00000003319107138
59.60937500000000000	-0.00000000206429483
59.64843750000000000	-0.00000003301298267
59.68750000000000000	-0.00000000587619339
59.72656250000000000	-0.00000003350240864
59.76562500000000000	0.00000000042164512
59.80468750000000000	-0.00000003253920909
59.84375000000000000	-0.00000000005904071
59.88281250000000000	-0.00000003166305610
59.92187500000000000	-0.00000000129152842
59.96093750000000000	-0.00000003222910825
60.00000000000000000	0.00000000188347888
60.03906250000000000	-0.00000003367915739
60.07812500000000000	0.00000000135669541
60.11718750000000000	-0.00000003268298650
60.15625000000000000	0.00000000242115451
60.19531250000000000	-0.00000003543792187
60.23437500000000000	0.00000000210021513
60.27343750000000000	-0.00000004254406398
60.31250000000000000	-0.00000000107095316
60.35156250000000000	-0.00000004876518349
60.39062500000000000	0.00000000597018663
60.42968750000000000	-0.00000004815968833
60.46875000000000000	0.00000000038783707
60.50781250000000000	-0.00000004852313720
60.54687500000000000	0.00000000085308381
60.58593750000000000	-0.00000004913687253
60.62500000000000000	0.00000000049518655
60.66406250000000000	-0.00000004692390996
60.70312500000000000	0.00000000423079444
60.74218750000000000	-0.00000004465198547
60.78125000000000000	-0.00000000257103250
60.82031250000000000	-0.00000004278209713
60.85937500000000000	-0.00000000134023435
60.89843750000000000	-0.00000004178044492
60.93750000000000000	0.00000000092464574
60.97656250000000000	-0.00000003872043598
61.01562500000000000	0.00000000088745452
61.05468750000000000	-0.00000003732983150
61.09375000000000000	0.00000000234903080
61.13281250000000000	-0.00000003755726990
61.17187500000000000	0.00000000204097926
61.21093750000000000	-0.00000003858659759
61.25000000000000000	0.00000000017200298
61.28906250000000000	-0.00000003986657106
61.32812500000000000	-0.00000000134749219
61.36718750000000000	-0.00000003985869071
61.40625000000000000	-0.00000000155677363
61.44531250000000000	-0.00000004033529302
61.48437500000000000	-0.00000000112635748
61.52343750000000000	-0.00000003910923931
61.56250000000000000	0.00000000008263180
61.60156250000000000	-0.00000003871154753
61.64062500000000000	0.00000000071551891
61.67968750000000000	-0.00000003774728229
61.71875000000000000	0.00000000216262401
61.75781250000000000	-0.00000003867871472
61.79687500000000000	-0.00000000085502641
61.83593750000000000	-0.00000003758610843
61.87500000000000000	0.00000000015223314
61.91406250000000000	-0.00000003733991710
61.95312500000000000	-0.00000000170733751
61.99218750000000000	-0.00000003686089305
62.03125000000000000	0.00000000155052163
62.07031250000000000	-0.00000003537463499
62.10937500000000000	0.00000000048236695
62.14843750000000000	-0.00000003632459875
62.18750000000000000	-0.00000000021987709
62.22656250000000000	-0.00000003550274400
62.26562500000000000	-0.00000000287619307
62.30468750000000000	-0.00000003606538012
62.34375000000000000	-0.00000000045205030
62.38281250000000000	-0.00000003389917073
62.42187500000000000	-0.00000000173974974
62.46093750000000000	-0.00000003287472818
62.50000000000000000	-0.00000000000243745
62.53906250000000000	-0.00000003017620578
62.57812500000000000	0.00000000120873685
62.61718750000000000	-0.00000003180688774
62.65625000000000000	0.00000000206102939
62.69531250000000000	-0.00000003073851076
62.73437500000000000	0.00000000009368251
62.77343750000000000	-0.00000003155221801
62.81250000000000000	-0.00000000018600094
62.85156250000000000	-0.00000003174465666
62.89062500000000000	-0.00000000012621318
62.92968750000000000	-0.00000003322442324
62.96875000000000000	-0.00000000223988120
63.00781250000000000	-0.00000003257578591
63.04687500000000000	-0.00000000115588723
63.08593750000000000	-0.00000003190061139
63.12500000000000000	-0.00000000184101131
63.16406250000000000	-0.00000003271393795
63.20312500000000000	-0.00000000078403848
63.24218750000000000	-0.00000003312509663
63.28125000000000000	-0.00000000309822748
63.32031250000000000	-0.00000003357154015
63.35937500000000000	-0.00000000041337248
63.39843750000000000	-0.00000003215358243
63.43750000000000000	-0.00000000046659441
63.47656250000000000	-0.00000003108984524
63.51562500000000000	0.00000000098216410
63.55468750000000000	-0.00000002973101975
63.59375000000000000	0.00000000178653097
63.63281250000000000	-0.00000002933719798
63.67187500000000000	0.00000000137814553
63.71093750000000000	-0.00000002954185383
63.75000000000000000	0.00000000079641398
63.78906250000000000	-0.00000003070628205
63.82812500000000000	0.00000000027930172
63.86718750000000000	-0.00000003063171052
63.90625000000000000	0.00000000070525503
63.94531250000000000	-0.00000003143065585
63.98437500000000000	-0.00000000042034407
64.02343750000000000	-0.00000003144501371
64.06250000000000000	-0.00000000037475054
64.10156250000000000	-0.00000003123810372
64.14062500000000000	0.00000000008121663
64.17968750000000000	-0.00000003168127878
64.21875000000000000	0.00000000042566582
64.25781250000000000	-0.00000003172396011
64.29687500000000000	0.00000000048721849
64.33593750000000000	-0.00000003147918042
64.37500000000000000	0.00000000172986909
64.41406250000000000	-0.00000003036439733
64.45312500000000000	0.00000000182436283
64.49218750000000000	-0.00000003152464688
64.53125000000000000	0.00000000249058087
64.57031250000000000	-0.00000003071065961
64.60937500000000000	0.00000000052324466
64.64843750000000000	-0.00000003326462795
64.68750000000000000	-0.00000000317936275
64.72656250000000000	-0.00000003399821442
64.76562500000000000	-0.00000000428740556
64.80468750000000000	-0.00000003514955975
64.84375000000000000	-0.00000000275089826
64.88281250000000000	-0.00000003344335930
64.92187500000000000	-0.00000000201654121
64.96093750000000000	-0.00000003285930663
65.00000000000000000	-0.00000000053546633
65.03906250000000000	-0.00000003272290384
65.07812500000000000	0.00000000040252372
65.11718750000000000	-0.00000003250342581
65.15625000000000000	0.00000000073266487
65.19531250000000000	-0.00000003231310046
65.23437500000000000	0.00000000121779622
65.27343750000000000	-0.00000003329828532
65.31250000000000000	0.00000000299983769
65.35156250000000000	-0.00000003257969850
65.39062500000000000	0.00000000148971759
65.42968750000000000	-0.00000003026023666
65.46875000000000000	-0.00000000160519285
65.50781250000000000	-0.00000003032478945
65.54687500000000000	0.00000000044680798
65.58593750000000000	-0.00000003010213661
65.62500000000000000	0.00000000013405439
65.66406250000000000	-0.00000003062079020
65.70312500000000000	0.00000000097936812
65.74218750000000000	-0.00000002921645850
65.78125000000000000	0.00000000215526667
65.82031250000000000	-0.00000002885060180
65.85937500000000000	0.00000000218025376
65.89843750000000000	-0.00000002821566282
65.93750000000000000	0.00000000130575976
65.97656250000000000	-0.00000002844265044
66.01562500000000000	0.00000000218409747
66.05468750000000000	-0.00000002843305842
66.09375000000000000	0.00000000137450252
66.13281250000000000	-0.00000002957824856
66.17187500000000000	0.00000000064322643
66.21093750000000000	-0.00000002986145855
66.25000000000000000	0.00000000036351261
66.28906250000000000	-0.00000003036646911
66.32812500000000000	-0.00000000045591042
66.36718750000000000	-0.00000002957810127
66.40625000000000000	-0.00000000004696592
66.44531250000000000	-0.00000002969791319
66.48437500000000000	0.00000000081779559
66.52343750000000000	-0.00000002926002571
66.56250000000000000	-0.00000000017651294
66.60156250000000000	-0.00000002999681875
66.64062500000000000	-0.00000000074289443
66.67968750000000000	-0.00000002967554470
66.71875000000000000	0.00000000127546907
66.75781250000000000	-0.00000002977172509
66.79687500000000000	0.00000000084104249
66.83593750000000000	-0.00000002815625459
66.87500000000000000	0.00000000117533606
66.91406250000000000	-0.00000002768043781
66.95312500000000000	-0.00000000006973814
66.99218750000000000	-0.00000002739580400
67.03125000000000000	-0.00000000119295967
67.07031250000000000	-0.00000002613666101
67.10937500000000000	-0.00000000157236623
67.14843750000000000	-0.00000002628029266
67.18750000000000000	-0.00000000130925245
67.22656250000000000	-0.00000002502601903
67.26562500000000000	-0.00000000181359314
67.30468750000000000	-0.00000002533827384
67.34375000000000000	-0.00000000126466195
67.38281250000000000	-0.00000002371103102
67.42187500000000000	-0.00000000118831853
67.46093750000000000	-0.00000002190156928
67.50000000000000000	0.00000000086837482
67.53906250000000000	-0.00000002161762833
67.57812500000000000	-0.00000000023630432
67.61718750000000000	-0.00000002312741575
67.65625000000000000	0.00000000124330282
67.69531250000000000	-0.00000002257717909
67.73437500000000000	-0.00000000042371789
67.77343750000000000	-0.00000002446654518
67.81250000000000000	0.00000000134500279
67.85156250000000000	-0.00000002550184136
67.89062500000000000	0.00000000118531179
67.92968750000000000	-0.00000002621906759
67.96875000000000000	-0.00000000019959530
68.00781250000000000	-0.00000002488587952
68.04687500000000000	-0.00000000094981986
68.08593750000000000	-0.00000002799849230
68.12500000000000000	-0.00000000032722042
68.16406250000000000	-0.00000002843526705
68.20312500000000000	0.00000000144867749
68.24218750000000000	-0.00000002845382298
68.28125000000000000	-0.00000000032256039
68.32031250000000000	-0.00000002937606630
68.35937500000000000	0.00000000248697694
68.39843750000000000	-0.00000002955135589
68.43750000000000000	0.00000000169698144
68.47656250000000000	-0.00000002888087630
68.51562500000000000	0.00000000206154425
68.55468750000000000	-0.00000002802533338
68.59375000000000000	-0.00000000019420628
68.63281250000000000	-0.00000002970399373
68.67187500000000000	0.00000000060432758
68.71093750000000000	-0.00000003031173959
68.75000000000000000	-0.00000000135194087
68.78906250000000000	-0.00000002980581292
68.82812500000000000	-0.00000000125021260
68.86718750000000000	-0.00000002920366176
68.90625000000000000	-0.00000000156527567
68.94531250000000000	-0.00000002948078486
68.98437500000000000	-0.00000000121547414
69.02343750000000000	-0.00000002845822390
69.06250000000000000	0.00000000010152142
69.10156250000000000	-0.00000002749778851
69.14062500000000000	0.00000000049494373
69.17968750000000000	-0.00000002669652802
69.21875000000000000	0.00000000264295832
69.25781250000000000	-0.00000002832218631
69.29687500000000000	0.00000000116296156
69.33593750000000000	-0.00000002614631858
69.37500000000000000	-0.00000000049770734
69.41406250000000000	-0.00000002538592208
69.45312500000000000	0.00000000245406904
69.49218750000000000	-0.00000002666656842
69.53125000000000000	-0.00000000038232349
69.57031250000000000	-0.00000002664731558
69.60937500000000000	-0.00000000056792452
69.64843750000000000	-0.00000002507895615
69.68750000000000000	-0.00000000042340707
69.72656250000000000	-0.00000002682713584
69.76562500000000000	0.00000000395919120
69.80468750000000000	-0.00000002553116614
69.84375000000000000	0.00000000244781330
69.88281250000000000	-0.00000002438909990
69.92187500000000000	0.00000000292249473
69.96093750000000000	-0.00000002578810519
70.00000000000000000	0.00000000322339893
70.03906250000000000	-0.00000002575926072
70.07812500000000000	0.00000000173578960
70.11718750000000000	-0.00000002639260441
70.15625000000000000	0.00000000307157752
70.19531250000000000	-0.00000002633199308
70.23437500000000000	0.00000000282302988
70.27343750000000000	-0.00000002869714462
70.31250000000000000	0.00000000187002277
70.35156250000000000	-0.00000003023380827
70.39062500000000000	-0.00000000154644783
70.42968750000000000	-0.00000002927371729
70.46875000000000000	0.00000000134587115
70.50781250000000000	-0.00000003120154234
70.54687500000000000	-0.00000000009482589
70.58593750000000000	-0.00000003218131621
70.62500000000000000	0.00000000128745967
70.66406250000000000	-0.00000003158111956
70.70312500000000000	0.00000000171104262
70.74218750000000000	-0.00000003111747055
70.78125000000000000	0.00000000324559746
70.82031250000000000	-0.00000002924610604
70.85937500000000000	0.00000000187526723
70.89843750000000000	-0.00000002962591195
70.93750000000000000	0.00000000241832014
70.97656250000000000	-0.00000002980996040
71.01562500000000000	0.00000000248112412
71.05468750000000000	-0.00000003031804201
71.09375000000000000	0.00000000086754537
71.13281250000000000	-0.00000003068654339
71.17187500000000000	-0.00000000142743242
71.21093750000000000	-0.00000003075597690
71.25000000000000000	-0.00000000031901104
71.28906250000000000	-0.00000003095866749
71.32812500000000000	-0.00000000106511783
71.36718750000000000	-0.00000003096213084
71.40625000000000000	-0.00000000227058147
71.44531250000000000	-0.00000002926258082
71.48437500000000000	-0.00000000120320621
71.52343750000000000	-0.00000002781249319
71.56250000000000000	-0.00000000074849405
71.60156250000000000	-0.00000002515241211
71.64062500000000000	0.00000000181056882
71.67968750000000000	-0.00000002425924222
71.71875000000000000	-0.00000000046870915
71.75781250000000000	-0.00000002462192180
71.79687500000000000	0.00000000064852054
71.83593750000000000	-0.00000002638551766
71.87500000000000000	0.00000000041034859
71.91406250000000000	-0.00000002637740980
71.95312500000000000	-0.00000000115995263
71.99218750000000000	-0.00000002761873685
72.03125000000000000	-0.00000000226338407
72.07031250000000000	-0.00000002819739601
72.10937500000000000	-0.00000000097361960
72.14843750000000000	-0.00000002779020438
72.18750000000000000	-0.00000000179364801
72.22656250000000000	-0.00000002789522599
72.26562500000000000	-0.00000000150798734
72.30468750000000000	-0.00000002715211699
72.34375000000000000	0.00000000033485502
72.38281250000000000	-0.00000002632322437
72.42187500000000000	0.00000000129430381
72.46093750000000000	-0.00000002569628849
72.50000000000000000	0.00000000057465776
72.53906250000000000	-0.00000002547905649
72.57812500000000000	0.00000000098735766
72.61718750000000000	-0.00000002512425267
72.65625000000000000	0.00000000197611134
72.69531250000000000	-0.00000002619407284
72.73437500000000000	0.00000000082010809
72.77343750000000000	-0.00000002736457287
72.81250000000000000	-0.00000000018294832
72.85156250000000000	-0.00000002923547389
72.89062500000000000	-0.00000000219223700
72.92968750000000000	-0.00000002869009595
72.96875000000000000	-0.00000000025592470
73.00781250000000000	-0.00000002801510398
73.04687500000000000	0.00000000002465871
73.08593750000000000	-0.00000002772957997
73.12500000000000000	0.00000000090756455
73.16406250000000000	-0.00000002659512988
73.20312500000000000	-0.00000000019983212
73.24218750000000000	-0.00000002809419427
73.28125000000000000	0.00000000123348476
73.32031250000000000	-0.00000002803024726
73.35937500000000000	-0.00000000011150327
73.39843750000000000	-0.00000002878413503
73.43750000000000000	0.00000000093924259
73.47656250000000000	-0.00000002860516176
73.51562500000000000	0.00000000049106663
73.55468750000000000	-0.00000002934814808
73.59375000000000000	-0.00000000055539629
73.63281250000000000	-0.00000003047377058
73.67187500000000000	-0.00000000052058150
73.71093750000000000	-0.00000003163746579
73.75000000000000000	-0.00000000136310037
73.78906250000000000	-0.00000003213048151
73.82812500000000000	-0.00000000070682829
73.86718750000000000	-0.00000003251081867
73.90625000000000000	-0.00000000082345389
73.94531250000000000	-0.00000003170901198
73.98437500000000000	0.00000000042715326
74.02343750000000000	-0.00000003081642959
74.06250000000000000	0.00000000067489235
74.10156250000000000	-0.00000003105440592
74.14062500000000000	0.00000000082243401
74.17968750000000000	-0.00000003143548519
74.21875000000000000	0.00000000266017631
74.25781250000000000	-0.00000003007414728
74.29687500000000000	0.00000000170833988
74.33593750000000000	-0.00000003007240718
74.37500000000000000	0.00000000113862855
74.41406250000000000	-0.00000003167044064
74.45312500000000000	0.00000000285509339
74.49218750000000000	-0.00000003146471767
74.53125000000000000	-0.00000000064189567
74.57031250000000000	-0.00000003283045963
74.60937500000000000	-0.00000000038181543
74.64843750000000000	-0.00000003458627824
74.68750000000000000	-0.00000000193949391
74.72656250000000000	-0.00000003542661189
74.76562500000000000	-0.00000000140487293
74.80468750000000000	-0.00000003497087655
74.84375000000000000	-0.00000000070728360
74.88281250000000000	-0.00000003416575877
74.92187500000000000	0.00000000104627235
74.96093750000000000	-0.00000003200431904
75.00000000000000000	0.00000000099648137
75.03906250000000000	-0.00000003302507938
75.07812500000000000	0.00000000075833761
75.11718750000000000	-0.00000003421235503
75.15625000000000000	0.00000000044133702
75.19531250000000000	-0.00000003555746026
75.23437500000000000	0.00000000001038227
75.27343750000000000	-0.00000003752854653
75.31250000000000000	0.00000000141629632
75.35156250000000000	-0.00000003877802612
75.39062500000000000	-0.00000000086384637
75.42968750000000000	-0.00000003628091902
75.46875000000000000	0.00000000087972824
75.50781250000000000	-0.00000003694979107
75.54687500000000000	-0.00000000114144755
75.58593750000000000	-0.00000003562673447
75.62500000000000000	0.00000000152469190
75.66406250000000000	-0.00000003257375295
75.70312500000000000	0.00000000010070249
75.74218750000000000	-0.00000003093522632
75.78125000000000000	0.00000000063267754
75.82031250000000000	-0.00000002885512204
75.85937500000000000	0.00000000182773838
75.89843750000000000	-0.00000002950377455
75.93750000000000000	0.00000000196692939
75.97656250000000000	-0.00000002934719185
76.01562500000000000	0.00000000027808993
76.05468750000000000	-0.00000002895660995
76.09375000000000000	-0.00000000043900245
76.13281250000000000	-0.00000002927805767
76.17187500000000000	-0.00000000005435109
76.21093750000000000	-0.00000003028553037
76.25000000000000000	-0.00000000157722763
76.28906250000000000	-0.00000002835146357
76.32812500000000000	-0.00000000004107774
76.36718750000000000	-0.00000002728142737
76.40625000000000000	-0.00000000003173191
76.44531250000000000	-0.00000002638884966
76.48437500000000000	0.00000000162248312
76.52343750000000000	-0.00000002560274795
76.56250000000000000	0.00000000019519953
76.60156250000000000	-0.00000002488620269
76.64062500000000000	0.00000000166679506
76.67968750000000000	-0.00000002499412042
76.71875000000000000	-0.00000000001091933
76.75781250000000000	-0.00000002539815061
76.79687500000000000	0.00000000106876567
76.83593750000000000	-0.00000002573899786
76.87500000000000000	-0.00000000137541237
76.91406250000000000	-0.00000002902500298
76.95312500000000000	-0.00000000104739980
76.99218750000000000	-0.00000002966617571
77.03125000000000000	-0.00000000096288036
77.07031250000000000	-0.00000003003491520
77.10937500000000000	-0.00000000137304570
77.14843750000000000	-0.00000002911891953
77.18750000000000000	-0.00000000203868866
77.22656250000000000	-0.00000002867993991
77.26562500000000000	-0.00000000093240975
77.30468750000000000	-0.00000002935405976
77.34375000000000000	0.00000000053211666
77.38281250000000000	-0.00000002905654668
77.42187500000000000	0.00000000101532495
77.46093750000000000	-0.00000002892986413
77.50000000000000000	0.00000000165051033
77.53906250000000000	-0.00000003036354341
77.57812500000000000	0.00000000004735553
77.61718750000000000	-0.00000003165673697
77.65625000000000000	0.00000000143648480
77.69531250000000000	-0.00000003298641663
77.73437500000000000	0.00000000062237812
77.77343750000000000	-0.00000003360156076
77.81250000000000000	-0.00000000011054932
77.85156250000000000	-0.00000003473386131
77.89062500000000000	-0.00000000019851851
77.92968750000000000	-0.00000003341397025
77.96875000000000000	0.00000000045575621
78.00781250000000000	-0.00000003346607330
78.04687500000000000	0.00000000004662889
78.08593750000000000	-0.00000003237940332
78.12500000000000000	0.00000000310876112
78.16406250000000000	-0.00000003057575200
78.20312500000000000	0.00000000286365259
78.24218750000000000	-0.00000003080160664
78.28125000000000000	0.00000000127329424
78.32031250000000000	-0.00000003080151147
78.35937500000000000	0.00000000105258447
78.39843750000000000	-0.00000003160735955
78.43750000000000000	0.00000000099196152
78.47656250000000000	-0.00000003293016741
78.51562500000000000	0.00000000024947790
78.55468750000000000	-0.00000003417081956
78.59375000000000000	-0.00000000087981725
78.63281250000000000	-0.00000003523153323
78.67187500000000000	-0.00000000245097817
78.71093750000000000	-0.00000003625922958
78.75000000000000000	-0.00000000123453924
78.78906250000000000	-0.00000003578341269
78.82812500000000000	-0.00000000070532555
78.86718750000000000	-0.00000003556789706
78.90625000000000000	-0.00000000079679731
78.94531250000000000	-0.00000003464482255
78.98437500000000000	-0.00000000136476519
79.02343750000000000	-0.00000003487689789
79.06250000000000000	-0.00000000069646961
79.10156250000000000	-0.00000003169867905
79.14062500000000000	0.00000000402736180
79.17968750000000000	-0.00000003121915129
79.21875000000000000	-0.00000000159043143
79.25781250000000000	-0.00000002902084534
79.29687500000000000	0.00000000502350685
79.33593750000000000	-0.00000003020683255
79.37500000000000000	-0.00000000567922292
79.41406250000000000	-0.00000003316286575
79.45312500000000000	-0.00000000196868830
79.49218750000000000	-0.00000003489103587
79.53125000000000000	0.00000000105413574
79.57031250000000000	-0.00000003870235302
79.60937500000000000	-0.00000000158444090
79.64843750000000000	-0.00000004176665057
79.68750000000000000	0.00000000343120055
79.72656250000000000	-0.00000004055092607
79.76562500000000000	-0.00000000104354802
79.80468750000000000	-0.00000003675987497
79.84375000000000000	-0.00000000044582106
79.88281250000000000	-0.00000003576516879
79.92187500000000000	0.00000000146697707
79.96093750000000000	-0.00000002874198043
80.00000000000000000	-0.00000000146317852
80.03906250000000000	-0.00000002740186727
80.07812500000000000	0.00000000448237758
80.11718750000000000	-0.00000002744666669
80.15625000000000000	0.00000000434473778
80.19531250000000000	-0.00000003052013432
80.23437500000000000	0.00000000672937630
80.27343750000000000	-0.00000003510069350
80.31250000000000000	-0.00000000110782813
80.35156250000000000	-0.00000003605141107
80.39062500000000000	-0.00000000505009330
80.42968750000000000	-0.00000003915912926
80.46875000000000000	-0.00000000272099246
80.50781250000000000	-0.00000003722028083
80.54687500000000000	-0.00000000058405636
80.58593750000000000	-0.00000004077367054
80.62500000000000000	-0.00000000156947661
80.66406250000000000	-0.00000003389040701
80.70312500000000000	0.00000000098094741
80.74218750000000000	-0.00000002451529415
80.78125000000000000	0.00000000207056541
80.82031250000000000	-0.00000002284585511
80.85937500000000000	0.00000000221316375
80.89843750000000000	-0.00000002260401997
80.93750000000000000	0.00000000144057759
80.97656250000000000	-0.00000002591541682
81.01562500000000000	0.00000000007835241
81.05468750000000000	-0.00000002708037099
81.09375000000000000	0.00000000069471448
81.13281250000000000	-0.00000002796690278
81.17187500000000000	-0.00000000135684608
81.21093750000000000	-0.00000002915065556
81.25000000000000000	-0.00000000122589724
81.28906250000000000	-0.00000002909894712
81.32812500000000000	-0.00000000165635836
81.36718750000000000	-0.00000002832231352
81.40625000000000000	-0.00000000077345603
81.44531250000000000	-0.00000002780637138
81.48437500000000000	0.00000000012335089
81.52343750000000000	-0.00000002728839873
81.56250000000000000	0.00000000099414850
81.60156250000000000	-0.00000002601190585
81.64062500000000000	0.00000000312205224
81.67968750000000000	-0.00000002619933535
81.71875000000000000	0.00000000107659078
81.75781250000000000	-0.00000002560000160
81.79687500000000000	0.00000000047691755
81.83593750000000000	-0.00000002731426141
81.87500000000000000	-0.00000000117956018
81.91406250000000000	-0.00000002726934529
81.95312500000000000	-0.00000000044652228
81.99218750000000000	-0.00000002938860193
82.03125000000000000	-0.00000000295281253
82.07031250000000000	-0.00000002993747048
82.10937500000000000	-0.00000000141874912
82.14843750000000000	-0.00000003036350239
82.18750000000000000	-0.00000000137335963
82.22656250000000000	-0.00000002971362671
82.26562500000000000	-0.00000000037916234
82.30468750000000000	-0.00000002875871355
82.34375000000000000	-0.00000000007489519
82.38281250000000000	-0.00000002688758384
82.42187500000000000	0.00000000171689244
82.46093750000000000	-0.00000002594951363
82.50000000000000000	0.00000000114589030
82.53906250000000000	-0.00000002560235274
82.57812500000000000	0.00000000155192095
82.61718750000000000	-0.00000002552740536
82.65625000000000000	0.00000000172741708
82.69531250000000000	-0.00000002574404667
82.73437500000000000	0.00000000096993112
82.77343750000000000	-0.00000002578769201
82.81250000000000000	-0.00000000082282963
82.85156250000000000	-0.00000002833661144
82.89062500000000000	-0.00000000198916698
82.92968750000000000	-0.00000002867466761
82.96875000000000000	-0.00000000169139626
83.00781250000000000	-0.00000002883299424
83.04687500000000000	-0.00000000252800321
83.08593750000000000	-0.00000002899957274
83.12500000000000000	-0.00000000184922183
83.16406250000000000	-0.00000003018876165
83.20312500000000000	-0.00000000003794063
83.24218750000000000	-0.00000002830128831
83.28125000000000000	0.00000000190355214
83.32031250000000000	-0.00000002773603471
83.35937500000000000	0.00000000171657250
83.39843750000000000	-0.00000002704166610
83.43750000000000000	0.00000000261687867
83.47656250000000000	-0.00000002855049680
83.51562500000000000	0.00000000106837361
83.55468750000000000	-0.00000002930913951
83.59375000000000000	-0.00000000061101228
83.63281250000000000	-0.00000003065388126
83.67187500000000000	-0.00000000114519496
83.71093750000000000	-0.00000003164707087
83.75000000000000000	-0.00000000138616456
83.78906250000000000	-0.00000003236947727
83.82812500000000000	-0.00000000193718225
83.86718750000000000	-0.00000003308891129
83.90625000000000000	-0.00000000208526032
83.94531250000000000	-0.00000003266241897
83.98437500000000000	-0.00000000066559790
84.02343750000000000	-0.00000003123893907
84.06250000000000000	0.00000000006800305
84.10156250000000000	-0.00000002903922509
84.14062500000000000	0.00000000102092159
84.17968750000000000	-0.00000002725801507
84.21875000000000000	0.00000000244744693
84.25781250000000000	-0.00000002631431834
84.29687500000000000	0.00000000334830791
84.33593750000000000	-0.00000002665220654
84.37500000000000000	0.00000000156084269
84.41406250000000000	-0.00000002745132341
84.45312500000000000	-0.00000000000829016
84.49218750000000000	-0.00000002786375150
84.53125000000000000	-0.00000000066713290
84.57031250000000000	-0.00000002874815507
84.60937500000000000	-0.00000000165383265
84.64843750000000000	-0.00000002988029915
84.68750000000000000	-0.00000000025545897
84.72656250000000000	-0.00000002976831481
84.76562500000000000	-0.00000000156237009
84.80468750000000000	-0.00000002785754564
84.84375000000000000	-0.00000000087183927
84.88281250000000000	-0.00000002714161984
84.92187500000000000	-0.00000000008408231
84.96093750000000000	-0.00000002523066910
85.00000000000000000	0.00000000004346843
85.03906250000000000	-0.00000002478552055
85.07812500000000000	0.00000000208084479
85.11718750000000000	-0.00000002330956040
85.15625000000000000	0.00000000164443926
85.19531250000000000	-0.00000002327727303
85.23437500000000000	0.00000000311384538
85.27343750000000000	-0.00000002355075698
85.31250000000000000	0.00000000161196839
85.35156250000000000	-0.00000002575334344
85.39062500000000000	-0.00000000243814839
85.42968750000000000	-0.00000002704443666
85.46875000000000000	-0.00000000204518236
85.50781250000000000	-0.00000002905959040
85.54687500000000000	-0.00000000108599150
85.58593750000000000	-0.00000003040631722
85.62500000000000000	-0.00000000161791412
85.66406250000000000	-0.00000002993340935
85.70312500000000000	-0.00000000041420126
85.74218750000000000	-0.00000002955438455
85.78125000000000000	0.00000000011545468
85.82031250000000000	-0.00000002857670922
85.85937500000000000	0.00000000184869025
85.89843750000000000	-0.00000002937300861
85.93750000000000000	0.00000000237801012
85.97656250000000000	-0.00000002829255466
86.01562500000000000	0.00000000189709626
86.05468750000000000	-0.00000002865003093
86.09375000000000000	0.00000000250895316
86.13281250000000000	-0.00000002891009039
86.17187500000000000	-0.00000000004876381
86.21093750000000000	-0.00000002994017721
86.25000000000000000	-0.00000000015658981
86.28906250000000000	-0.00000003099026220
86.32812500000000000	-0.00000000248451985
86.36718750000000000	-0.00000003288921713
86.40625000000000000	-0.00000000268994573
86.44531250000000000	-0.00000003240251653
86.48437500000000000	-0.00000000296307526
86.52343750000000000	-0.00000003220233295
86.56250000000000000	-0.00000000253242259
86.60156250000000000	-0.00000003004940517
86.64062500000000000	0.00000000007241772
86.67968750000000000	-0.00000002958990195
86.71875000000000000	0.00000000148997570
86.75781250000000000	-0.00000002916261065
86.79687500000000000	0.00000000237917432
86.83593750000000000	-0.00000002948598777
86.87500000000000000	0.00000000084968332
86.91406250000000000	-0.00000003019494316
86.95312500000000000	0.00000000282775647
86.99218750000000000	-0.00000003169893515
87.03125000000000000	0.00000000024428704
87.07031250000000000	-0.00000003247000225
87.10937500000000000	0.00000000042191545
87.14843750000000000	-0.00000003378158269
87.18750000000000000	-0.00000000285785294
87.22656250000000000	-0.00000003606350109
87.26562500000000000	-0.00000000216808557
87.30468750000000000	-0.00000003734226443
87.34375000000000000	-0.00000000272022742
87.38281250000000000	-0.00000003674173150
87.42187500000000000	-0.00000000154530024
87.46093750000000000	-0.00000003569909313
87.50000000000000000	0.00000000014917095
87.53906250000000000	-0.00000003506596571
87.57812500000000000	0.00000000330604437
87.61718750000000000	-0.00000003235703567
87.65625000000000000	0.00000000378846526
87.69531250000000000	-0.00000003124565378
87.73437500000000000	0.00000000357466824
87.77343750000000000	-0.00000003065158445
87.81250000000000000	0.00000000338339105
87.85156250000000000	-0.00000003415410963
87.89062500000000000	0.00000000227669291
87.92968750000000000	-0.00000003596903767
87.96875000000000000	-0.00000000024664293
88.00781250000000000	-0.00000003684828036
88.04687500000000000	-0.00000000141841996
88.08593750000000000	-0.00000003688825003
88.12500000000000000	-0.00000000084388413
88.16406250000000000	-0.00000003720471481
88.20312500000000000	-0.00000000171072673
88.24218750000000000	-0.00000003615923746
88.28125000000000000	-0.00000000159185632
88.32031250000000000	-0.00000003515819049
88.35937500000000000	0.00000000037349456
88.39843750000000000	-0.00000003222936130
88.43750000000000000	0.00000000371113662
88.47656250000000000	-0.00000002930765049
88.51562500000000000	0.00000000398101147
88.55468750000000000	-0.00000002727462652
88.59375000000000000	0.00000000375824900
88.63281250000000000	-0.00000002771314985
88.67187500000000000	0.00000000244032197
88.71093750000000000	-0.00000003010523942
88.75000000000000000	0.00000000042892621
88.78906250000000000	-0.00000003057787491
88.82812500000000000	-0.00000000152617979
88.86718750000000000	-0.00000003163626195
88.90625000000000000	-0.00000000402603467
88.94531250000000000	-0.00000003245734953
88.98437500000000000	-0.00000000329147645
89.02343750000000000	-0.00000003303579823
89.06250000000000000	-0.00000000420411465
89.10156250000000000	-0.00000003160086676
89.14062500000000000	-0.00000000348079532
89.17968750000000000	-0.00000002913775581
89.21875000000000000	-0.00000000014751924
89.25781250000000000	-0.00000002755562781
89.29687500000000000	0.00000000099765613
89.33593750000000000	-0.00000002600791377
89.37500000000000000	0.00000000164925584
89.41406250000000000	-0.00000002566230193
89.45312500000000000	0.00000000165598904
89.49218750000000000	-0.00000002574984143
89.53125000000000000	0.00000000097276933
89.57031250000000000	-0.00000002882000392
89.60937500000000000	0.00000000138932735
89.64843750000000000	-0.00000003145508975
89.68750000000000000	-0.00000000285373340
89.72656250000000000	-0.00000003259679393
89.76562500000000000	-0.00000000254546790
89.80468750000000000	-0.00000003491681655
89.84375000000000000	-0.00000000266841170
89.88281250000000000	-0.00000003478983994
89.92187500000000000	-0.00000000346286000
89.96093750000000000	-0.00000003382703209
90.00000000000000000	-0.00000000073805371
90.03906250000000000	-0.00000003363638344
90.07812500000000000	-0.00000000008793178
90.11718750000000000	-0.00000003281746382
90.15625000000000000	0.00000000168640538
90.19531250000000000	-0.00000003196995296
90.23437500000000000	0.00000000318081430
90.27343750000000000	-0.00000003191593005
90.31250000000000000	0.00000000637870739
90.35156250000000000	-0.00000003184764765
90.39062500000000000	-0.00000000025601763
90.42968750000000000	-0.00000003289053037
90.46875000000000000	0.00000000046712190
90.50781250000000000	-0.00000003248265849
90.54687500000000000	0.00000000014946442
90.58593750000000000	-0.00000003354025481
90.62500000000000000	-0.00000000270599576
90.66406250000000000	-0.00000003631363088
90.70312500000000000	-0.00000000514076019
90.74218750000000000	-0.00000003704365467
90.78125000000000000	-0.00000000365103822
90.82031250000000000	-0.00000003480160727
90.85937500000000000	-0.00000000112890872
90.89843750000000000	-0.00000003246365520
90.93750000000000000	0.00000000137447441
90.97656250000000000	-0.00000003027940888
91.01562500000000000	0.00000000231714328
91.05468750000000000	-0.00000002911229697
91.09375000000000000	0.00000000354181566
91.13281250000000000	-0.00000002793454013
91.17187500000000000	0.00000000461315172
91.21093750000000000	-0.00000002835361367
91.25000000000000000	0.00000000305739231
91.28906250000000000	-0.00000002906741456
91.32812500000000000	0.00000000162263949
91.36718750000000000	-0.00000003128292088
91.40625000000000000	-0.00000000165939002
91.44531250000000000	-0.00000003389053166
91.48437500000000000	-0.00000000351760168
91.52343750000000000	-0.00000003426450079
91.56250000000000000	-0.00000000365295778
91.60156250000000000	-0.00000003411021011
91.64062500000000000	-0.00000000204571573
91.67968750000000000	-0.00000003247633400
91.71875000000000000	-0.00000000207681040
91.75781250000000000	-0.00000003070980899
91.79687500000000000	0.00000000042310769
91.83593750000000000	-0.00000002732751921
91.87500000000000000	0.00000000282112701
91.91406250000000000	-0.00000002514812322
91.95312500000000000	0.00000000329817390
91.99218750000000000	-0.00000002308294186
92.03125000000000000	0.00000000416598374
92.07031250000000000	-0.00000002367709084
92.10937500000000000	0.00000000228111048
92.14843750000000000	-0.00000002512883508
92.18750000000000000	0.00000000062770607
92.22656250000000000	-0.00000002582695490
92.26562500000000000	-0.00000000201976144
92.30468750000000000	-0.00000002715039673
92.34375000000000000	-0.00000000298618098
92.38281250000000000	-0.00000002822542360
92.42187500000000000	-0.00000000407132057
92.46093750000000000	-0.00000002838863163
92.50000000000000000	-0.00000000343232441
92.53906250000000000	-0.00000002705023298
92.57812500000000000	-0.00000000274620740
92.61718750000000000	-0.00000002504284446
92.65625000000000000	0.00000000194667510
92.69531250000000000	-0.00000002346572094
92.73437500000000000	0.00000000231440343
92.77343750000000000	-0.00000002224026181
92.81250000000000000	0.00000000383946101
92.85156250000000000	-0.00000002043470250
92.89062500000000000	0.00000000325302209
92.92968750000000000	-0.00000002183512309
92.96875000000000000	0.00000000180053726
93.00781250000000000	-0.00000002478054785
93.04687500000000000	0.00000000113290363
93.08593750000000000	-0.00000002720729103
93.12500000000000000	-0.00000000254503082
93.16406250000000000	-0.00000002876698296
93.20312500000000000	-0.00000000421837256
93.24218750000000000	-0.00000003060743971
93.28125000000000000	-0.00000000430578201
93.32031250000000000	-0.00000003123865338
93.35937500000000000	-0.00000000197476106
93.39843750000000000	-0.00000003059115778
93.43750000000000000	-0.00000000279379874
93.47656250000000000	-0.00000002930121787
93.51562500000000000	0.00000000111680300
93.55468750000000000	-0.00000002823095894
93.59375000000000000	0.00000000306253622
93.63281250000000000	-0.00000002646567306
93.67187500000000000	0.00000000361118034
93.71093750000000000	-0.00000002529507294
93.75000000000000000	0.00000000388084465
93.78906250000000000	-0.00000002651355798
93.82812500000000000	0.00000000279771804
93.86718750000000000	-0.00000002893644142
93.90625000000000000	0.00000000078334168
93.94531250000000000	-0.00000003109785247
93.98437500000000000	-0.00000000188736159
94.02343750000000000	-0.00000003291175233
94.06250000000000000	-0.00000000361382766
94.10156250000000000	-0.00000003491878398
94.14062500000000000	-0.00000000437563634
94.17968750000000000	-0.00000003388775555
94.21875000000000000	-0.00000000272668054
94.25781250000000000	-0.00000003232111921
94.29687500000000000	-0.00000000306988462
94.33593750000000000	-0.00000002995344024
94.37500000000000000	0.00000000094110257
94.41406250000000000	-0.00000002733797613
94.45312500000000000	0.00000000326328315
94.49218750000000000	-0.00000002556982133
94.53125000000000000	0.00000000432976518
94.57031250000000000	-0.00000002341249353
94.60937500000000000	0.00000000224555472
94.64843750000000000	-0.00000002375822389
94.68750000000000000	0.00000000248308333
94.72656250000000000	-0.00000002514368160
94.76562500000000000	-0.00000000038740182
94.80468750000000000	-0.00000002710969380
94.84375000000000000	-0.00000000358631466
94.88281250000000000	-0.00000002783292582
94.92187500000000000	-0.00000000404107529
94.96093750000000000	-0.00000002865151168
95.00000000000000000	-0.00000000383912653
95.03906250000000000	-0.00000002817610336
95.07812500000000000	-0.00000000280314955
95.11718750000000000	-0.00000002638830087
95.15625000000000000	-0.00000000147722155
95.19531250000000000	-0.00000002340150759
95.23437500000000000	0.00000000110238891
95.27343750000000000	-0.00000002188390169
95.31250000000000000	0.00000000361095547
95.35156250000000000	-0.00000002082532542
95.39062500000000000	0.00000000336773042
95.42968750000000000	-0.00000002172231084
95.46875000000000000	0.00000000349406237
95.50781250000000000	-0.00000002263862375
95.54687500000000000	0.00000000275747641
95.58593750000000000	-0.00000002380868579
95.62500000000000000	0.00000000085133583
95.66406250000000000	-0.00000002489364178
95.70312500000000000	-0.00000000077542763
95.74218750000000000	-0.00000002801652632
95.78125000000000000	-0.00000000338539298
95.82031250000000000	-0.00000002883419932
95.85937500000000000	-0.00000000274061450
95.89843750000000000	-0.00000002884061386
95.93750000000000000	-0.00000000240610370
95.97656250000000000	-0.00000002793840948
96.01562500000000000	-0.00000000047084175
96.05468750000000000	-0.00000002470422351
96.09375000000000000	0.00000000151186225
96.13281250000000000	-0.00000002185000042
96.17187500000000000	0.00000000465353869
96.21093750000000000	-0.00000001990669194
96.25000000000000000	0.00000000378175376
96.28906250000000000	-0.00000001999506438
96.32812500000000000	0.00000000403571196
96.36718750000000000	-0.00000002072975880
96.40625000000000000	0.00000000150769973
96.44531250000000000	-0.00000002253392790
96.48437500000000000	0.00000000005041525
96.52343750000000000	-0.00000002372640448
96.56250000000000000	-0.00000000234996916
96.60156250000000000	-0.00000002547886347
96.64062500000000000	-0.00000000328083235
96.67968750000000000	-0.00000002495455370
96.71875000000000000	-0.00000000362093410
96.75781250000000000	-0.00000002520379476
96.79687500000000000	-0.00000000318591744
96.83593750000000000	-0.00000002306967877
96.87500000000000000	0.00000000058812807
96.91406250000000000	-0.00000002074783553
96.95312500000000000	0.00000000218986775
96.99218750000000000	-0.00000001759665697
97.03125000000000000	0.00000000344763198
97.07031250000000000	-0.00000001619147263
97.10937500000000000	0.00000000369766538
97.14843750000000000	-0.00000001623049627
97.18750000000000000	0.00000000467614036
97.22656250000000000	-0.00000001729686348
97.26562500000000000	0.00000000133409560
97.30468750000000000	-0.00000001968540059
97.34375000000000000	-0.00000000088843331
97.38281250000000000	-0.00000002107404425
97.42187500000000000	-0.00000000218822796
97.46093750000000000	-0.00000002210265956
97.50000000000000000	-0.00000000341660295
97.53906250000000000	-0.00000002196474648
97.57812500000000000	-0.00000000397167068
97.61718750000000000	-0.00000002113223730
97.65625000000000000	-0.00000000247669927
97.69531250000000000	-0.00000001854157964
97.73437500000000000	-0.00000000038816138
97.77343750000000000	-0.00000001646912453
97.81250000000000000	0.00000000279016461
97.85156250000000000	-0.00000001502361108
97.89062500000000000	0.00000000273894786
97.92968750000000000	-0.00000001592117476
97.96875000000000000	0.00000000328304039
98.00781250000000000	-0.00000001539575769
98.04687500000000000	0.00000000215379434
98.08593750000000000	-0.00000001722545440
98.12500000000000000	0.00000000070770105
98.16406250000000000	-0.00000001884940278
98.20312500000000000	-0.00000000034231728
98.24218750000000000	-0.00000002041508475
98.28125000000000000	-0.00000000278647355
98.32031250000000000	-0.00000002322084507
98.35937500000000000	-0.00000000426618310
98.39843750000000000	-0.00000002382002580
98.43750000000000000	-0.00000000364418875
98.47656250000000000	-0.00000002254013231
98.51562500000000000	-0.00000000221383521
98.55468750000000000	-0.00000002092949893
98.59375000000000000	-0.00000000101889962
98.63281250000000000	-0.00000001899246564
98.67187500000000000	0.00000000186116440
98.71093750000000000	-0.00000001670321142
98.75000000000000000	0.00000000385725108
98.78906250000000000	-0.00000001636013617
98.82812500000000000	0.00000000397732356
98.86718750000000000	-0.00000001701637395
98.90625000000000000	0.00000000255493823
98.94531250000000000	-0.00000001967161012
98.98437500000000000	0.00000000118928539
99.02343750000000000	-0.00000002155784943
99.06250000000000000	-0.00000000100499987
99.10156250000000000	-0.00000002284161672
99.14062500000000000	-0.00000000203050937
99.17968750000000000	-0.00000002488176534
99.21875000000000000	-0.00000000507131567
99.25781250000000000	-0.00000002630609097
99.29687500000000000	-0.00000000299007100
99.33593750000000000	-0.00000002525074122
99.37500000000000000	-0.00000000369497754
99.41406250000000000	-0.00000002400278488
99.45312500000000000	0.00000000087183324
99.49218750000000000	-0.00000002123584093
99.53125000000000000	-0.00000000092128553
99.57031250000000000	-0.00000001921555440
99.60937500000000000	0.00000000414053994
99.64843750000000000	-0.00000001765948251
99.68750000000000000	0.00000000227810275
99.72656250000000000	-0.00000001781869713
99.76562500000000000	0.00000000176754485
99.80468750000000000	-0.00000001757753901
99.84375000000000000	-0.00000000154544962
99.88281250000000000	-0.00000001890390651
99.92187500000000000	-0.00000000159046775
99.96093750000000000	-0.00000001933371382
100.00000000000000000	-0.00000000335050558
100.03906250000000000	-0.00000001895085765
100.07812500000000000	-0.00000000356434606
100.11718750000000000	-0.00000001817867454
100.15625000000000000	-0.00000000240179532
100.19531250000000000	-0.00000001631111770
100.23437500000000000	0.00000000227908250
100.27343750000000000	-0.00000001520431494
100.31250000000000000	0.00000000085526953
100.35156250000000000	-0.00000001049615502
100.39062500000000000	0.00000000205721508
100.42968750000000000	-0.00000001077269926
100.46875000000000000	0.00000000217676388
100.50781250000000000	-0.00000001274300038
100.54687500000000000	0.00000000083463950
100.58593750000000000	-0.00000001162062480
100.62500000000000000	0.00000000222188241
100.66406250000000000	-0.00000001397537934
100.70312500000000000	0.00000000221738918
100.74218750000000000	-0.00000001605007387
100.78125000000000000	-0.00000000142789612
100.82031250000000000	-0.00000001790681940
100.85937500000000000	-0.00000000330649352
100.89843750000000000	-0.00000001888724066
100.93750000000000000	-0.00000000317410513
100.97656250000000000	-0.00000001737219006
101.01562500000000000	-0.00000000239124139
101.05468750000000000	-0.00000001683912279
101.09375000000000000	-0.00000000134860977
101.13281250000000000	-0.00000001499906566
101.17187500000000000	-0.00000000000043211
101.21093750000000000	-0.00000001465867588
101.25000000000000000	0.00000000166266159
101.28906250000000000	-0.00000001404201677
101.32812500000000000	0.00000000187649463
101.36718750000000000	-0.00000001403212795
101.40625000000000000	0.00000000155170203
101.44531250000000000	-0.00000001347481749
101.48437500000000000	0.00000000068315463
101.52343750000000000	-0.00000001543722012
101.56250000000000000	-0.00000000066184622
101.60156250000000000	-0.00000001725899372
101.64062500000000000	-0.00000000087029543
101.67968750000000000	-0.00000001887764648
101.71875000000000000	-0.00000000324951610
101.75781250000000000	-0.00000001948022516
101.79687500000000000	-0.00000000211743412
101.83593750000000000	-0.00000001975000866
101.87500000000000000	-0.00000000228998189
101.91406250000000000	-0.00000001874986249
101.95312500000000000	-0.00000000083387556
101.99218750000000000	-0.00000001636406699
102.03125000000000000	-0.00000000072250729
102.07031250000000000	-0.00000001485441966
102.10937500000000000	0.00000000293821068
102.14843750000000000	-0.00000001445383273
102.18750000000000000	0.00000000194601221
102.22656250000000000	-0.00000001558225987
102.26562500000000000	0.00000000072439030
102.30468750000000000	-0.00000001565171361
102.34375000000000000	0.00000000095969926
102.38281250000000000	-0.00000001771939601
102.42187500000000000	-0.00000000023879626
102.46093750000000000	-0.00000001942464929
102.50000000000000000	-0.00000000208338341
102.53906250000000000	-0.00000001984782299
102.57812500000000000	-0.00000000304601543
102.61718750000000000	-0.00000002094906239
102.65625000000000000	-0.00000000196733507
102.69531250000000000	-0.00000002060950001
102.73437500000000000	-0.00000000185280665
102.77343750000000000	-0.00000001989719630
102.81250000000000000	-0.00000000077810809
102.85156250000000000	-0.00000001980352319
102.89062500000000000	-0.00000000019109674
102.92968750000000000	-0.00000001921088901
102.96875000000000000	0.00000000226043014
103.00781250000000000	-0.00000001924510130
103.04687500000000000	0.00000000236075115
103.08593750000000000	-0.00000001874623732
103.12500000000000000	0.00000000115247505
103.16406250000000000	-0.00000001927516416
103.20312500000000000	0.00000000135144388
103.24218750000000000	-0.00000001937796223
103.28125000000000000	-0.00000000005166258
103.32031250000000000	-0.00000001973625170
103.35937500000000000	-0.00000000049001154
103.39843750000000000	-0.00000002100739383
103.43750000000000000	-0.00000000004128431
103.47656250000000000	-0.00000002124342161
103.51562500000000000	-0.00000000113727155
103.55468750000000000	-0.00000002171110261
103.59375000000000000	-0.00000000125668928
103.63281250000000000	-0.00000002055806583
103.67187500000000000	0.00000000027145086
103.71093750000000000	-0.00000001939402788
103.75000000000000000	0.00000000133182588
103.78906250000000000	-0.00000001901076212
103.82812500000000000	0.00000000203342288
103.86718750000000000	-0.00000001931818180
103.90625000000000000	0.00000000057734427
103.94531250000000000	-0.00000002041855567
103.98437500000000000	0.00000000108039989
104.02343750000000000	-0.00000002025415362
104.06250000000000000	0.00000000047138952
104.10156250000000000	-0.00000002035162691
104.14062500000000000	0.00000000043863149
104.17968750000000000	-0.00000002190227331
104.21875000000000000	-0.00000000148057652
104.25781250000000000	-0.00000002480161939
104.29687500000000000	-0.00000000144426027
104.33593750000000000	-0.00000002516163490
104.37500000000000000	-0.00000000041440586
104.41406250000000000	-0.00000002547181817
104.45312500000000000	-0.00000000069601026
104.49218750000000000	-0.00000002462717622
104.53125000000000000	0.00000000068185976
104.57031250000000000	-0.00000002544557877
104.60937500000000000	0.00000000131395496
104.64843750000000000	-0.00000002486067330
104.68750000000000000	0.00000000137876175
104.72656250000000000	-0.00000002458683904
104.76562500000000000	0.00000000031977968
104.80468750000000000	-0.00000002445538391
104.84375000000000000	0.00000000009246415
104.88281250000000000	-0.00000002506426366
104.92187500000000000	-0.00000000031298905
104.96093750000000000	-0.00000002512226093
105.00000000000000000	-0.00000000069350545
105.03906250000000000	-0.00000002549764530
105.07812500000000000	-0.00000000036875056
105.11718750000000000	-0.00000002472086051
105.15625000000000000	-0.00000000107021203
105.19531250000000000	-0.00000002472676735
105.23437500000000000	-0.00000000030020341
105.27343750000000000	-0.00000002410635716
105.31250000000000000	0.00000000015383328
105.35156250000000000	-0.00000002342163320
105.39062500000000000	0.00000000044581639
105.42968750000000000	-0.00000002405643289
105.46875000000000000	0.00000000180154254
105.50781250000000000	-0.00000002353702886
105.54687500000000000	0.00000000158865978
105.58593750000000000	-0.00000002284823999
105.62500000000000000	0.00000000199630207
105.66406250000000000	-0.00000002241914315
105.70312500000000000	0.00000000083070941
105.74218750000000000	-0.00000002369649013
105.78125000000000000	-0.00000000044703359
105.82031250000000000	-0.00000002546965818
105.85937500000000000	-0.00000000128193468
105.89843750000000000	-0.00000002590995210
105.93750000000000000	-0.00000000068523825
105.97656250000000000	-0.00000002566699493
106.01562500000000000	-0.00000000134934465
106.05468750000000000	-0.00000002512303368
106.09375000000000000	0.00000000075694028
106.13281250000000000	-0.00000002452311552
106.17187500000000000	0.00000000066786746
106.21093750000000000	-0.00000002455484388
106.25000000000000000	0.00000000078412056
106.28906250000000000	-0.00000002443991910
106.32812500000000000	-0.00000000055491598
106.36718750000000000	-0.00000002480613343
106.40625000000000000	0.00000000075288172
106.44531250000000000	-0.00000002349533301
106.48437500000000000	-0.00000000000646270
106.52343750000000000	-0.00000002401586318
106.56250000000000000	0.00000000072868245
106.60156250000000000	-0.00000002288669327
106.64062500000000000	0.00000000038405389
106.67968750000000000	-0.00000002319336777
106.71875000000000000	-0.00000000013323187
106.75781250000000000	-0.00000002171458692
106.79687500000000000	0.00000000064577187
106.83593750000000000	-0.00000002202247535
106.87500000000000000	-0.00000000025257731
106.91406250000000000	-0.00000002163898547
106.95312500000000000	0.00000000085806769
106.99218750000000000	-0.00000001998296806
107.03125000000000000	0.00000000102287254
107.07031250000000000	-0.00000001986990088
107.10937500000000000	0.00000000184738552
107.14843750000000000	-0.00000001926017779
107.18750000000000000	0.00000000017808660
107.22656250000000000	-0.00000001874855130
107.26562500000000000	0.00000000098441192
107.30468750000000000	-0.00000002006278219
107.34375000000000000	-0.00000000078315179
107.38281250000000000	-0.00000002110559455
107.42187500000000000	-0.00000000076574397
107.46093750000000000	-0.00000002075836159
107.50000000000000000	-0.00000000087821268
107.53906250000000000	-0.00000002070629972
107.57812500000000000	-0.00000000045890191
107.61718750000000000	-0.00000001997739236
107.65625000000000000	0.00000000008277733
107.69531250000000000	-0.00000001999254895
107.73437500000000000	-0.00000000044960532
107.77343750000000000	-0.00000001993759306
107.81250000000000000	-0.00000000109986316
107.85156250000000000	-0.00000002058401194
107.89062500000000000	-0.00000000106460166
107.92968750000000000	-0.00000001992390073
107.96875000000000000	0.00000000004068122
108.00781250000000000	-0.00000001932892425
108.04687500000000000	-0.00000000066390200
108.08593750000000000	-0.00000001943870575
108.12500000000000000	-0.00000000006124299
108.16406250000000000	-0.00000001956120587
108.20312500000000000	-0.00000000169156304
108.24218750000000000	-0.00000002082091439
108.28125000000000000	-0.00000000082265689
108.32031250000000000	-0.00000002035836348
108.35937500000000000	-0.00000000093630519
108.39843750000000000	-0.00000002015562955
108.43750000000000000	0.00000000020545228
108.47656250000000000	-0.00000001957257750
108.51562500000000000	0.00000000143437070
108.55468750000000000	-0.00000001870392043
108.59375000000000000	0.00000000194303599
108.63281250000000000	-0.00000001856306161
108.67187500000000000	0.00000000235628170
108.71093750000000000	-0.00000001859024617
108.75000000000000000	0.00000000141132039
108.78906250000000000	-0.00000001919119529
108.82812500000000000	0.00000000091793621
108.86718750000000000	-0.00000002027148658
108.90625000000000000	-0.00000000062227474
108.94531250000000000	-0.00000002081545390
108.98437500000000000	-0.00000000088441692
109.02343750000000000	-0.00000002025762080
109.06250000000000000	-0.00000000018887300
109.10156250000000000	-0.00000002095331078
109.14062500000000000	-0.00000000008411986
109.17968750000000000	-0.00000002065781448
109.21875000000000000	0.00000000041980877
109.25781250000000000	-0.00000002016227764
109.29687500000000000	-0.00000000175030213
109.33593750000000000	-0.00000001932024961
109.37500000000000000	-0.00000000050323093
109.41406250000000000	-0.00000001849611363
109.45312500000000000	0.00000000155338920
109.49218750000000000	-0.00000001812662727
109.53125000000000000	0.00000000199678404
109.57031250000000000	-0.00000001936278702
109.60937500000000000	0.00000000166014900
109.64843750000000000	-0.00000002209149619
109.68750000000000000	0.00000000132214500
109.72656250000000000	-0.00000002304923189
109.76562500000000000	-0.00000000190817789
109.80468750000000000	-0.00000002453927662
109.84375000000000000	-0.00000000244126696
109.88281250000000000	-0.00000002517730901
109.92187500000000000	-0.00000000261578385
109.96093750000000000	-0.00000002440367241
110.00000000000000000	-0.00000000105637081
110.03906250000000000	-0.00000002282788749
110.07812500000000000	0.00000000012775122
110.11718750000000000	-0.00000002245349766
110.15625000000000000	-0.00000000018666649
110.19531250000000000	-0.00000002131639558
110.23437500000000000	0.00000000241949584
110.27343750000000000	-0.00000002035233752
110.31250000000000000	0.00000000017311168
110.35156250000000000	-0.00000002030379874
110.39062500000000000	0.00000000170522000
110.42968750000000000	-0.00000002156536562
110.46875000000000000	0.00000000019038023
110.50781250000000000	-0.00000002257365531
110.54687500000000000	-0.00000000030261263
110.58593750000000000	-0.00000002396411773
110.62500000000000000	-0.00000000360148384
110.66406250000000000	-0.00000002528213949
110.70312500000000000	-0.00000000150060520
110.74218750000000000	-0.00000002600623001
110.78125000000000000	-0.00000000281106863
110.82031250000000000	-0.00000002658067003
110.85937500000000000	-0.00000000275283675
110.89843750000000000	-0.00000002527281270
110.93750000000000000	-0.00000000104412940
110.97656250000000000	-0.00000002446477915
111.01562500000000000	0.00000000137058951
111.05468750000000000	-0.00000002366193941
111.09375000000000000	0.00000000098887050
111.13281250000000000	-0.00000002461376409
111.17187500000000000	0.00000000196230302
111.21093750000000000	-0.00000002505115055
111.25000000000000000	0.00000000159117171
111.28906250000000000	-0.00000002640529924
111.32812500000000000	0.00000000012491096
111.36718750000000000	-0.00000002732791858
111.40625000000000000	-0.00000000014389407
111.44531250000000000	-0.00000002939872695
111.48437500000000000	-0.00000000101998736
111.52343750000000000	-0.00000002989073070
111.56250000000000000	-0.00000000137998592
111.60156250000000000	-0.00000003036598017
111.64062500000000000	-0.00000000186626061
111.67968750000000000	-0.00000003137763204
111.71875000000000000	-0.00000000071359607
111.75781250000000000	-0.00000003060480072
111.79687500000000000	0.00000000051085571
111.83593750000000000	-0.00000002963123000
111.87500000000000000	0.00000000250358031
111.91406250000000000	-0.00000002746484865
111.95312500000000000	0.00000000361585669
111.99218750000000000	-0.00000002698279397
112.03125000000000000	0.00000000411587283
112.07031250000000000	-0.00000002709478709
112.10937500000000000	0.00000000223617197
112.14843750000000000	-0.00000002958491884
112.18750000000000000	0.00000000089725728
112.22656250000000000	-0.00000003096341772
112.26562500000000000	-0.00000000048776533
112.30468750000000000	-0.00000003247823948
112.34375000000000000	-0.00000000123511361
112.38281250000000000	-0.00000003227642467
112.42187500000000000	-0.00000000159067183
112.46093750000000000	-0.00000003207479746
112.50000000000000000	-0.00000000219369298
112.53906250000000000	-0.00000003072810283
112.57812500000000000	-0.00000000076021269
112.61718750000000000	-0.00000002899759939
112.65625000000000000	0.00000000015414470
112.69531250000000000	-0.00000002752758338
112.73437500000000000	0.00000000228491561
112.77343750000000000	-0.00000002648697134
112.81250000000000000	0.00000000279661315
112.85156250000000000	-0.00000002640357770
112.89062500000000000	0.00000000168469700
112.92968750000000000	-0.00000002582877195
112.96875000000000000	-0.00000000038610276
113.00781250000000000	-0.00000002755674935
113.04687500000000000	-0.00000000043497482
113.08593750000000000	-0.00000002830243331
113.12500000000000000	-0.00000000223749713
113.16406250000000000	-0.00000003017505824
113.20312500000000000	-0.00000000317521305
113.24218750000000000	-0.00000003000788882
113.28125000000000000	-0.00000000399770751
113.32031250000000000	-0.00000003004095989
113.35937500000000000	-0.00000000220127521
113.39843750000000000	-0.00000002838335800
113.43750000000000000	0.00000000053012500
113.47656250000000000	-0.00000002678792863
113.51562500000000000	0.00000000208559281
113.55468750000000000	-0.00000002606188387
113.59375000000000000	0.00000000220138357
113.63281250000000000	-0.00000002600716424
113.67187500000000000	0.00000000182472624
113.71093750000000000	-0.00000002621445065
113.75000000000000000	0.00000000223687519
113.78906250000000000	-0.00000002673355016
113.82812500000000000	0.00000000096052852
113.86718750000000000	-0.00000002750382046
113.90625000000000000	0.00000000038419658
113.94531250000000000	-0.00000002905456146
113.98437500000000000	-0.00000000108186558
114.02343750000000000	-0.00000002981830450
114.06250000000000000	-0.00000000172684253
114.10156250000000000	-0.00000002924396262
114.14062500000000000	-0.00000000140946119
114.17968750000000000	-0.00000002761572700
114.21875000000000000	-0.00000000009189442
114.25781250000000000	-0.00000002574116932
114.29687500000000000	0.00000000164720014
114.33593750000000000	-0.00000002270495883
114.37500000000000000	0.00000000294862070
114.41406250000000000	-0.00000002166972648
114.45312500000000000	0.00000000360594158
114.49218750000000000	-0.00000002219099078
114.53125000000000000	0.00000000540594216
114.57031250000000000	-0.00000002359632035
114.60937500000000000	0.00000000492036303
114.64843750000000000	-0.00000002478528062
114.68750000000000000	0.00000000058444561
114.72656250000000000	-0.00000002496510125
114.76562500000000000	0.00000000004661921
114.80468750000000000	-0.00000002542540297
114.84375000000000000	-0.00000000087707231
114.88281250000000000	-0.00000002702129574
114.92187500000000000	-0.00000000251007398
114.96093750000000000	-0.00000002722191771
115.00000000000000000	-0.00000000263882014
115.03906250000000000	-0.00000002638545696
115.07812500000000000	-0.00000000059358129
115.11718750000000000	-0.00000002514395621
115.15625000000000000	0.00000000162727948
115.19531250000000000	-0.00000002322290339
115.23437500000000000	0.00000000164953002
115.27343750000000000	-0.00000002166483095
115.31250000000000000	0.00000000312574578
115.35156250000000000	-0.00000002201883212
115.39062500000000000	0.00000000275084628
115.42968750000000000	-0.00000002212079478
115.46875000000000000	0.00000000182393964
115.50781250000000000	-0.00000002394854663
115.54687500000000000	-0.00000000117351279
115.58593750000000000	-0.00000002625345189
115.62500000000000000	-0.00000000139593318
115.66406250000000000	-0.00000002738761871
115.70312500000000000	-0.00000000404792522
115.74218750000000000	-0.00000002791410345
115.78125000000000000	-0.00000000390850005
115.82031250000000000	-0.00000002620032126
115.85937500000000000	-0.00000000320829390
115.89843750000000000	-0.00000002512719889
115.93750000000000000	-0.00000000009910271
115.97656250000000000	-0.00000002364232087
116.01562500000000000	0.00000000052198448
116.05468750000000000	-0.00000002288926505
116.09375000000000000	0.00000000265962809
116.13281250000000000	-0.00000002211955694
116.17187500000000000	0.00000000240708505
116.21093750000000000	-0.00000002293059302
116.25000000000000000	0.00000000193967681
116.28906250000000000	-0.00000002375531021
116.32812500000000000	0.00000000157152872
116.36718750000000000	-0.00000002556609034
116.40625000000000000	0.00000000044601832
116.44531250000000000	-0.00000002666411391
116.48437500000000000	-0.00000000163424881
116.52343750000000000	-0.00000002840483470
116.56250000000000000	-0.00000000308663558
116.60156250000000000	-0.00000002868143821
116.64062500000000000	-0.00000000147868990
116.67968750000000000	-0.00000002754252547
116.71875000000000000	-0.00000000118532016
116.75781250000000000	-0.00000002546936414
116.79687500000000000	0.00000000101913378
116.83593750000000000	-0.00000002459651571
116.87500000000000000	0.00000000154138728
116.91406250000000000	-0.00000002294852755
116.95312500000000000	0.00000000327568513
116.99218750000000000	-0.00000002167236839
117.03125000000000000	0.00000000289920596
117.07031250000000000	-0.00000002156795733
117.10937500000000000	0.00000000167648043
117.14843750000000000	-0.00000002333275513
117.18750000000000000	0.00000000054313740
117.22656250000000000	-0.00000002535899514
117.26562500000000000	-0.00000000112178260
117.30468750000000000	-0.00000002715922199
117.34375000000000000	-0.00000000244537387
117.38281250000000000	-0.00000002743189681
117.42187500000000000	-0.00000000270294503
117.46093750000000000	-0.00000002755827641
117.50000000000000000	-0.00000000287391296
117.53906250000000000	-0.00000002632077860
117.57812500000000000	-0.00000000146354603
117.61718750000000000	-0.00000002451743793
117.65625000000000000	-0.00000000013096918
117.69531250000000000	-0.00000002241208279
117.73437500000000000	0.00000000292497813
117.77343750000000000	-0.00000002081421152
117.81250000000000000	0.00000000352410884
117.85156250000000000	-0.00000002027269099
117.89062500000000000	0.00000000299031998
117.92968750000000000	-0.00000001998661410
117.96875000000000000	0.00000000183805954
118.00781250000000000	-0.00000002172212783
118.04687500000000000	0.00000000077012373
118.08593750000000000	-0.00000002261525259
118.12500000000000000	-0.00000000119805695
118.16406250000000000	-0.00000002451190042
118.20312500000000000	-0.00000000267920768
118.24218750000000000	-0.00000002509097869
118.28125000000000000	-0.00000000268779393
118.32031250000000000	-0.00000002453855677
118.35937500000000000	-0.00000000234815965
118.39843750000000000	-0.00000002263017454
118.43750000000000000	-0.00000000029786143
118.47656250000000000	-0.00000002157255791
118.51562500000000000	0.00000000126187919
118.55468750000000000	-0.00000001922607872
118.59375000000000000	0.00000000259012251
118.63281250000000000	-0.00000001863787409
118.67187500000000000	0.00000000299863367
118.71093750000000000	-0.00000001799145963
118.75000000000000000	0.00000000265270882
118.78906250000000000	-0.00000001894700000
118.82812500000000000	0.00000000100902855
118.86718750000000000	-0.00000002012023602
118.90625000000000000	0.00000000024348742
118.94531250000000000	-0.00000002227597140
118.98437500000000000	-0.00000000217776996
119.02343750000000000	-0.00000002447543489
119.06250000000000000	-0.00000000398659803
119.10156250000000000	-0.00000002425886158
119.14062500000000000	-0.00000000375740189
119.17968750000000000	-0.00000002342822363
119.21875000000000000	-0.00000000316169856
119.25781250000000000	-0.00000002179227631
119.29687500000000000	-0.00000000173683193
119.33593750000000000	-0.00000002109764275
119.37500000000000000	0.00000000393041272
119.41406250000000000	-0.00000002040058346
119.45312500000000000	0.00000000435099627
119.49218750000000000	-0.00000001877882240
119.53125000000000000	0.00000000307195859
119.57031250000000000	-0.00000002025984801
119.60937500000000000	0.00000000160527755
119.64843750000000000	-0.00000002236267622
119.68750000000000000	0.00000000347759626
119.72656250000000000	-0.00000002414630081
119.76562500000000000	-0.00000000044927935
119.80468750000000000	-0.00000002501933276
119.84375000000000000	-0.00000000224835789
119.88281250000000000	-0.00000002710445823
119.92187500000000000	-0.00000000412595885
119.96093750000000000	-0.00000002672721243
120.00000000000000000	-0.00000000336295597
120.03906250000000000	-0.00000002696388606
120.07812500000000000	-0.00000000166406082
120.11718750000000000	-0.00000002588146269
120.15625000000000000	-0.00000000152933000
120.19531250000000000	-0.00000002464825900
120.23437500000000000	0.00000000109609038
120.27343750000000000	-0.00000002014026287
120.31250000000000000	0.00000000366484185
120.35156250000000000	-0.00000001877202431
120.39062500000000000	0.00000000464330492
120.42968750000000000	-0.00000001886923266
120.46875000000000000	0.00000000619997192
120.50781250000000000	-0.00000001812140651
120.54687500000000000	0.00000000137598277
120.58593750000000000	-0.00000001999697818
120.62500000000000000	-0.00000000262111319
120.66406250000000000	-0.00000002283698186
120.70312500000000000	-0.00000000293174539
120.74218750000000000	-0.00000002289676404
120.78125000000000000	-0.00000000480872081
120.82031250000000000	-0.00000002107588494
120.85937500000000000	-0.00000000068949476
120.89843750000000000	-0.00000001963879683
120.93750000000000000	-0.00000000072561691
120.97656250000000000	-0.00000001728714954
121.01562500000000000	0.00000000073882738
121.05468750000000000	-0.00000001474089313
121.09375000000000000	0.00000000232557138
121.13281250000000000	-0.00000001361961949
121.17187500000000000	0.00000000308448549
121.21093750000000000	-0.00000001354685466
121.25000000000000000	0.00000000237471737
121.28906250000000000	-0.00000001511255883
121.32812500000000000	0.00000000050763798
121.36718750000000000	-0.00000001685250300
121.40625000000000000	-0.00000000149248474
121.44531250000000000	-0.00000001856006373
121.48437500000000000	-0.00000000280344915
121.52343750000000000	-0.00000001975755060
121.56250000000000000	-0.00000000367286511
121.60156250000000000	-0.00000001976282551
121.64062500000000000	-0.00000000368066053
121.67968750000000000	-0.00000002032327167
121.71875000000000000	-0.00000000284666328
121.75781250000000000	-0.00000001856682175
121.79687500000000000	-0.00000000029699148
121.83593750000000000	-0.00000001642430253
121.87500000000000000	0.00000000191605645
121.91406250000000000	-0.00000001408454327
121.95312500000000000	0.00000000387006045
121.99218750000000000	-0.00000001346746333
122.03125000000000000	0.00000000446688716
122.07031250000000000	-0.00000001439666050
122.10937500000000000	0.00000000454418287
122.14843750000000000	-0.00000001643898186
122.18750000000000000	0.00000000203453991
122.22656250000000000	-0.00000001799396899
122.26562500000000000	-0.00000000044880706
122.30468750000000000	-0.00000002077948773
122.34375000000000000	-0.00000000237251160
122.38281250000000000	-0.00000002200183423
122.42187500000000000	-0.00000000276100912
122.46093750000000000	-0.00000002204892191
122.50000000000000000	-0.00000000259656496
122.53906250000000000	-0.00000002127961484
122.57812500000000000	-0.00000000141037293
122.61718750000000000	-0.00000001978969730
122.65625000000000000	0.00000000045177435
122.69531250000000000	-0.00000001798604295
122.73437500000000000	0.00000000284446801
122.77343750000000000	-0.00000001522124641
122.81250000000000000	0.00000000390923506
122.85156250000000000	-0.00000001458738254
122.89062500000000000	0.00000000396218154
122.92968750000000000	-0.00000001578392437
122.96875000000000000	0.00000000191146096
123.00781250000000000	-0.00000001731343851
123.04687500000000000	-0.00000000009538346
123.08593750000000000	-0.00000001989103378
123.12500000000000000	-0.00000000210128827
123.16406250000000000	-0.00000002260052363
123.20312500000000000	-0.00000000410013758
123.24218750000000000	-0.00000002397312053
123.28125000000000000	-0.00000000505488046
123.32031250000000000	-0.00000002396477937
123.35937500000000000	-0.00000000392735882
123.39843750000000000	-0.00000002138114428
123.43750000000000000	-0.00000000116717408
123.47656250000000000	-0.00000001877249894
123.51562500000000000	0.00000000152057371
123.55468750000000000	-0.00000001702296017
123.59375000000000000	0.00000000237503578
123.63281250000000000	-0.00000001597472499
123.67187500000000000	0.00000000334478660
123.71093750000000000	-0.00000001570604774
123.75000000000000000	0.00000000284532344
123.78906250000000000	-0.00000001579968063
123.82812500000000000	0.00000000322000560
123.86718750000000000	-0.00000001740940517
123.90625000000000000	0.00000000044298577
123.94531250000000000	-0.00000002011039194
123.98437500000000000	-0.00000000188853316
124.02343750000000000	-0.00000002212871122
124.06250000000000000	-0.00000000326328442
124.10156250000000000	-0.00000002324702220
124.14062500000000000	-0.00000000349449668
124.17968750000000000	-0.00000002246957714
124.21875000000000000	-0.00000000284505663
124.25781250000000000	-0.00000002098429602
124.29687500000000000	0.00000000022833607
124.33593750000000000	-0.00000001867694631
124.37500000000000000	0.00000000255790453
124.41406250000000000	-0.00000001657803921
124.45312500000000000	0.00000000277104283
124.49218750000000000	-0.00000001409566788
124.53125000000000000	0.00000000497494524
124.57031250000000000	-0.00000001435000019
124.60937500000000000	0.00000000339149505
124.64843750000000000	-0.00000001577505812
124.68750000000000000	0.00000000083807931
124.72656250000000000	-0.00000001728428119
124.76562500000000000	-0.00000000135770474
124.80468750000000000	-0.00000001885954321
124.84375000000000000	-0.00000000316245412
124.88281250000000000	-0.00000002023761050
124.92187500000000000	-0.00000000470765701
124.96093750000000000	-0.00000002160133795
125.00000000000000000	-0.00000000443513136
125.03906250000000000	-0.00000002086716374
125.07812500000000000	-0.00000000332947266
125.11718750000000000	-0.00000001862680816
125.15625000000000000	-0.00000000055696175
125.19531250000000000	-0.00000001613646848
125.23437500000000000	0.00000000194505135
125.27343750000000000	-0.00000001432265226
125.31250000000000000	0.00000000501664390
125.35156250000000000	-0.00000001186325023
125.39062500000000000	0.00000000491132983
125.42968750000000000	-0.00000001158938834
125.46875000000000000	0.00000000357114896
125.50781250000000000	-0.00000001383826557
125.54687500000000000	0.00000000154354133
125.58593750000000000	-0.00000001667752215
125.62500000000000000	-0.00000000182829490
125.66406250000000000	-0.00000001877527579
125.70312500000000000	-0.00000000394551316
125.74218750000000000	-0.00000002067892844
125.78125000000000000	-0.00000000382414500
125.82031250000000000	-0.00000002031813904
125.85937500000000000	-0.00000000411543092
125.89843750000000000	-0.00000001939980598
125.93750000000000000	-0.00000000256243178
125.97656250000000000	-0.00000001741821756
126.01562500000000000	0.00000000040141555
126.05468750000000000	-0.00000001502084002
126.09375000000000000	0.00000000218449270
126.13281250000000000	-0.00000001280878052
126.17187500000000000	0.00000000436318109
126.21093750000000000	-0.00000001159977572
126.25000000000000000	0.00000000472817397
126.28906250000000000	-0.00000001148141307
126.32812500000000000	0.00000000410433081
126.36718750000000000	-0.00000001338311059
126.40625000000000000	0.00000000079051759
126.44531250000000000	-0.00000001588238181
126.48437500000000000	-0.00000000190266268
126.52343750000000000	-0.00000001835966745
126.56250000000000000	-0.00000000399065617
126.60156250000000000	-0.00000002020601236
126.64062500000000000	-0.00000000572446042
126.67968750000000000	-0.00000002010747445
126.71875000000000000	-0.00000000371681010
126.75781250000000000	-0.00000001798965398
126.79687500000000000	-0.00000000225707908
126.83593750000000000	-0.00000001540875154
126.87500000000000000	-0.00000000030751608
126.91406250000000000	-0.00000001252096582
126.95312500000000000	0.00000000270515167
126.99218750000000000	-0.00000001069630141
127.03125000000000000	0.00000000368036875
127.07031250000000000	-0.00000001035725926
127.10937500000000000	0.00000000428011989
127.14843750000000000	-0.00000001087774002
127.18750000000000000	0.00000000286226794
127.22656250000000000	-0.00000001234137134
127.26562500000000000	-0.00000000018669612
127.30468750000000000	-0.00000001510655578
127.34375000000000000	-0.00000000226281253
127.38281250000000000	-0.00000001691823328
127.42187500000000000	-0.00000000400046492
127.46093750000000000	-0.00000001842659696
127.50000000000000000	-0.00000000552694195
127.53906250000000000	-0.00000001869986977
127.57812500000000000	-0.00000000458528610
127.61718750000000000	-0.00000001696651342
127.65625000000000000	-0.00000000226366391
127.69531250000000000	-0.00000001368206076
127.73437500000000000	0.00000000175154593
127.77343750000000000	-0.00000001138806278
127.81250000000000000	0.00000000457460828
127.85156250000000000	-0.00000000906916808
127.89062500000000000	0.00000000546596608
127.92968750000000000	-0.00000000958928738
127.96875000000000000	0.00000000413690748
128.00781250000000000	-0.00000001093127304
128.04687500000000000	0.00000000275827381
128.08593750000000000	-0.00000001367527767
128.12500000000000000	0.00000000002028278
128.16406250000000000	-0.00000001659643476
128.20312500000000000	-0.00000000180256593
128.24218750000000000	-0.00000001865606489
128.28125000000000000	-0.00000000390322882
128.32031250000000000	-0.00000002048813150
128.35937500000000000	-0.00000000466773510
128.39843750000000000	-0.00000002018126111
128.43750000000000000	-0.00000000376370879
128.47656250000000000	-0.00000001777743425
128.51562500000000000	-0.00000000025055057
128.55468750000000000	-0.00000001430342271
128.59375000000000000	0.00000000141064112
128.63281250000000000	-0.00000001163891248
128.67187500000000000	0.00000000460146001
128.71093750000000000	-0.00000000895181199
128.75000000000000000	0.00000000574906616
128.78906250000000000	-0.00000000902826611
128.82812500000000000	0.00000000472313772
128.86718750000000000	-0.00000001067287001
128.90625000000000000	0.00000000261125019
128.94531250000000000	-0.00000001410344476
128.98437500000000000	-0.00000000100213271
129.02343750000000000	-0.00000001706362928
129.06250000000000000	-0.00000000413775152
129.10156250000000000	-0.00000001937495251
129.14062500000000000	-0.00000000680447802
129.17968750000000000	-0.00000002037284433
129.21875000000000000	-0.00000000646428186
129.25781250000000000	-0.00000002055016755
129.29687500000000000	-0.00000000452299698
129.33593750000000000	-0.00000001711679401
129.37500000000000000	-0.00000000046831865
129.41406250000000000	-0.00000001569239644
129.45312500000000000	0.00000000254539470
129.49218750000000000	-0.00000001212886329
129.53125000000000000	0.00000000352389949
129.57031250000000000	-0.00000000887968046
129.60937500000000000	0.00000000552262075
129.64843750000000000	-0.00000000831986222
129.68750000000000000	0.00000000414202175
129.72656250000000000	-0.00000000915439063
129.76562500000000000	0.00000000217430721
129.80468750000000000	-0.00000001346989633
129.84375000000000000	-0.00000000180970413
129.88281250000000000	-0.00000001704416514
129.92187500000000000	-0.00000000511125173
129.96093750000000000	-0.00000001952219924
130.00000000000000000	-0.00000000538239287
130.03906250000000000	-0.00000002027138762
130.07812500000000000	-0.00000000516419573
130.11718750000000000	-0.00000001857898703
130.15625000000000000	-0.00000000229037943
130.19531250000000000	-0.00000001679748409
130.23437500000000000	-0.00000000011214837
130.27343750000000000	-0.00000001280112723
130.31250000000000000	0.00000000237434385
130.35156250000000000	-0.00000000792910345
130.39062500000000000	0.00000000494187617
130.42968750000000000	-0.00000000494310922
130.46875000000000000	0.00000000598737757
130.50781250000000000	-0.00000000500038163
130.54687500000000000	0.00000000493758622
130.58593750000000000	-0.00000000689738624
130.62500000000000000	0.00000000189040037
130.66406250000000000	-0.00000000887500070
130.70312500000000000	-0.00000000088920714
130.74218750000000000	-0.00000001208999398
130.78125000000000000	-0.00000000500035806
130.82031250000000000	-0.00000001583989578
130.85937500000000000	-0.00000000658367486
130.89843750000000000	-0.00000001623276263
130.93750000000000000	-0.00000000587222238
130.97656250000000000	-0.00000001432960835
131.01562500000000000	-0.00000000277083011
131.05468750000000000	-0.00000001079703068
131.09375000000000000	0.00000000028602421
131.13281250000000000	-0.00000000672765447
131.17187500000000000	0.00000000434351518
131.21093750000000000	-0.00000000433975088
131.25000000000000000	0.00000000570641201
131.28906250000000000	-0.00000000250747727
131.32812500000000000	0.00000000659718953
131.36718750000000000	-0.00000000336418282
131.40625000000000000	0.00000000476354495
131.44531250000000000	-0.00000000528892199
131.48437500000000000	0.00000000278324110
131.52343750000000000	-0.00000000861295956
131.56250000000000000	-0.00000000240583520
131.60156250000000000	-0.00000001179539796
131.64062500000000000	-0.00000000420538371
131.67968750000000000	-0.00000001336966420
131.71875000000000000	-0.00000000502184753
131.75781250000000000	-0.00000001319707250
131.79687500000000000	-0.00000000509384103
131.83593750000000000	-0.00000001074837411
131.87500000000000000	-0.00000000286270354
131.91406250000000000	-0.00000000789185801
131.95312500000000000	0.00000000032699984
131.99218750000000000	-0.00000000462250382
132.03125000000000000	0.00000000423988027
132.07031250000000000	-0.00000000112010981
132.10937500000000000	0.00000000626847706
132.14843750000000000	0.00000000114496580
132.18750000000000000	0.00000000583001034
132.22656250000000000	0.00000000037473628
132.26562500000000000	0.00000000395045002
132.30468750000000000	-0.00000000235165688
132.34375000000000000	0.00000000022936243
132.38281250000000000	-0.00000000600297366
132.42187500000000000	-0.00000000306681480
132.46093750000000000	-0.00000000932972115
132.50000000000000000	-0.00000000612634108
132.53906250000000000	-0.00000001187507620
132.57812500000000000	-0.00000000684998692
132.61718750000000000	-0.00000001153198110
132.65625000000000000	-0.00000000641248677
132.69531250000000000	-0.00000001002910196
132.73437500000000000	-0.00000000320256880
132.77343750000000000	-0.00000000676087653
132.81250000000000000	-0.00000000004353850
132.85156250000000000	-0.00000000316809262
132.89062500000000000	0.00000000359042788
132.92968750000000000	0.00000000090865393
132.96875000000000000	0.00000000609271088
133.00781250000000000	0.00000000184909791
133.04687500000000000	0.00000000586747349
133.08593750000000000	0.00000000044213246
133.12500000000000000	0.00000000541700080
133.16406250000000000	-0.00000000283728407
133.20312500000000000	0.00000000035635061
133.24218750000000000	-0.00000000641298354
133.28125000000000000	-0.00000000262006550
133.32031250000000000	-0.00000001079390405
133.35937500000000000	-0.00000000672472191
133.39843750000000000	-0.00000001346311816
133.43750000000000000	-0.00000000636294058
133.47656250000000000	-0.00000001342998909
133.51562500000000000	-0.00000000608584795
133.55468750000000000	-0.00000001159139399
133.59375000000000000	-0.00000000176625342
133.63281250000000000	-0.00000000817838187
133.67187500000000000	0.00000000215889136
133.71093750000000000	-0.00000000428036542
133.75000000000000000	0.00000000556076835
133.78906250000000000	-0.00000000113053200
133.82812500000000000	0.00000000672502883
133.86718750000000000	-0.00000000021837322
133.90625000000000000	0.00000000782232892
133.94531250000000000	-0.00000000060031801
133.98437500000000000	0.00000000554030822
134.02343750000000000	-0.00000000342337378
134.06250000000000000	0.00000000072594152
134.10156250000000000	-0.00000000670614853
134.14062500000000000	-0.00000000337386503
134.17968750000000000	-0.00000001043609281
134.21875000000000000	-0.00000000618205775
134.25781250000000000	-0.00000001138877869
134.29687500000000000	-0.00000000634942953
134.33593750000000000	-0.00000001138849537
134.37500000000000000	-0.00000000760275017
134.41406250000000000	-0.00000000827129240
134.45312500000000000	-0.00000000223883485
134.49218750000000000	-0.00000000358654122
134.53125000000000000	-0.00000000001725961
134.57031250000000000	0.00000000098982443
134.60937500000000000	0.00000000540030671
134.64843750000000000	0.00000000480797138
134.68750000000000000	0.00000000787851216
134.72656250000000000	0.00000000599079017
134.76562500000000000	0.00000000778755366
134.80468750000000000	0.00000000357567603
134.84375000000000000	0.00000000355401268
134.88281250000000000	-0.00000000091219165
134.92187500000000000	-0.00000000001373340
134.96093750000000000	-0.00000000496650965
135.00000000000000000	-0.00000000483740398
135.03906250000000000	-0.00000000915604522
135.07812500000000000	-0.00000000728470905
135.11718750000000000	-0.00000001141292110
135.15625000000000000	-0.00000000860256984
135.19531250000000000	-0.00000001241587166
135.23437500000000000	-0.00000000657054433
135.27343750000000000	-0.00000000930526851
135.31250000000000000	-0.00000000413294756
135.35156250000000000	-0.00000000530593115
135.39062500000000000	0.00000000004339899
135.42968750000000000	-0.00000000022607514
135.46875000000000000	0.00000000465715799
135.50781250000000000	0.00000000263593975
135.54687500000000000	0.00000000821719564
135.58593750000000000	0.00000000462446011
135.62500000000000000	0.00000000858503884
135.66406250000000000	0.00000000217521331
135.70312500000000000	0.00000000353263083
135.74218750000000000	-0.00000000220480689
135.78125000000000000	-0.00000000003257440
135.82031250000000000	-0.00000000686186491
135.85937500000000000	-0.00000000550201651
135.89843750000000000	-0.00000001066812966
135.93750000000000000	-0.00000000841483895
135.97656250000000000	-0.00000001250418797
136.01562500000000000	-0.00000000788049352
136.05468750000000000	-0.00000001223957184
136.09375000000000000	-0.00000000544347713
136.13281250000000000	-0.00000000950418153
136.17187500000000000	-0.00000000201621371
136.21093750000000000	-0.00000000469139114
136.25000000000000000	0.00000000247052161
136.28906250000000000	-0.00000000036495354
136.32812500000000000	0.00000000686835832
136.36718750000000000	0.00000000294639730
136.40625000000000000	0.00000000968110511
136.44531250000000000	0.00000000421815283
136.48437500000000000	0.00000000930474419
136.52343750000000000	0.00000000205558042
136.56250000000000000	0.00000000590545664
136.60156250000000000	-0.00000000296121807
136.64062500000000000	0.00000000096606118
136.67968750000000000	-0.00000000863460681
136.71875000000000000	-0.00000000353460635
136.75781250000000000	-0.00000001369283649
136.79687500000000000	-0.00000000881457766
136.83593750000000000	-0.00000001632138746
136.87500000000000000	-0.00000000869732710
136.91406250000000000	-0.00000001556017378
136.95312500000000000	-0.00000000649888482
136.99218750000000000	-0.00000001172134293
137.03125000000000000	-0.00000000158127996
137.07031250000000000	-0.00000000721856698
137.10937500000000000	0.00000000363811209
137.14843750000000000	-0.00000000207105532
137.18750000000000000	0.00000000914143516
137.22656250000000000	0.00000000065150655
137.26562500000000000	0.00000001125709599
137.30468750000000000	0.00000000183802190
137.34375000000000000	0.00000000977709673
137.38281250000000000	-0.00000000001061359
137.42187500000000000	0.00000000645496813
137.46093750000000000	-0.00000000424190759
137.50000000000000000	0.00000000127685378
137.53906250000000000	-0.00000000924902191
137.57812500000000000	-0.00000000510593780
137.61718750000000000	-0.00000001558719359
137.65625000000000000	-0.00000000987989627
137.69531250000000000	-0.00000001887935556
137.73437500000000000	-0.00000001191459195
137.77343750000000000	-0.00000001782811674
137.81250000000000000	-0.00000000911471035
137.85156250000000000	-0.00000001291135489
137.89062500000000000	-0.00000000448835214
137.92968750000000000	-0.00000000663749520
137.96875000000000000	0.00000000294274455
138.00781250000000000	0.00000000023985317
138.04687500000000000	0.00000000860902427
138.08593750000000000	0.00000000505000224
138.12500000000000000	0.00000001107470226
138.16406250000000000	0.00000000600736513
138.20312500000000000	0.00000001080756118
138.24218750000000000	0.00000000401968454
138.28125000000000000	0.00000000649044374
138.32031250000000000	-0.00000000169681829
138.35937500000000000	-0.00000000030346367
138.39843750000000000	-0.00000000850194997
138.43750000000000000	-0.00000000717607278
138.47656250000000000	-0.00000001343052367
138.51562500000000000	-0.00000001073197076
138.55468750000000000	-0.00000001621778407
138.59375000000000000	-0.00000001294870690
138.63281250000000000	-0.00000001561302028
138.67187500000000000	-0.00000001081150791
138.71093750000000000	-0.00000001151049410
138.75000000000000000	-0.00000000551380485
138.78906250000000000	-0.00000000384377305
138.82812500000000000	0.00000000293819285
138.86718750000000000	0.00000000439086861
138.90625000000000000	0.00000001098543793
138.94531250000000000	0.00000001055144958
138.98437500000000000	0.00000001497670961
139.02343750000000000	0.00000001235140589
139.06250000000000000	0.00000001356455691
139.10156250000000000	0.00000000803022479
139.14062500000000000	0.00000000948738416
139.17968750000000000	0.00000000179017651
139.21875000000000000	0.00000000185322336
139.25781250000000000	-0.00000000732345188
139.29687500000000000	-0.00000000652966284
139.33593750000000000	-0.00000001418287875
139.37500000000000000	-0.00000001444658023
139.41406250000000000	-0.00000001743766524
139.45312500000000000	-0.00000001476794812
139.49218750000000000	-0.00000001466449405
139.53125000000000000	-0.00000001082966635
139.57031250000000000	-0.00000000818341715
139.60937500000000000	-0.00000000323197438
139.64843750000000000	-0.00000000051866456
139.68750000000000000	0.00000000341925207
139.72656250000000000	0.00000001056164663
139.76562500000000000	0.00000001390020478
139.80468750000000000	0.00000001778646306
139.84375000000000000	0.00000001729403759
139.88281250000000000	0.00000001902405676
139.92187500000000000	0.00000001569800305
139.96093750000000000	0.00000001529152952
140.00000000000000000	0.00000000989084296
140.03906250000000000	0.00000000563035923
140.07812500000000000	-0.00000000032038174
140.11718750000000000	-0.00000000479573526
140.15625000000000000	-0.00000001088984520
140.19531250000000000	-0.00000001342933547
140.23437500000000000	-0.00000001717412521
140.27343750000000000	-0.00000001645060354
140.31250000000000000	-0.00000001926737179
140.35156250000000000	-0.00000001411473643
140.39062500000000000	-0.00000001274300572
140.42968750000000000	-0.00000000837199829
140.46875000000000000	-0.00000000521980200
140.50781250000000000	0.00000000311143480
140.54687500000000000	0.00000000500117050
140.58593750000000000	0.00000001287601920
140.62500000000000000	0.00000001463286394
140.66406250000000000	0.00000001792460720
140.70312500000000000	0.00000001804671746
140.74218750000000000	0.00000001989496332
140.78125000000000000	0.00000001823564119
140.82031250000000000	0.00000001449615387
140.85937500000000000	0.00000001156249282
140.89843750000000000	0.00000000415464689
140.93750000000000000	-0.00000000132707816
140.97656250000000000	-0.00000000855402353
141.01562500000000000	-0.00000001287714331
141.05468750000000000	-0.00000001892503868
141.09375000000000000	-0.00000002054202292
141.13281250000000000	-0.00000002358901219
141.17187500000000000	-0.00000002156330005
141.21093750000000000	-0.00000002089719986
141.25000000000000000	-0.00000001593633579
141.28906250000000000	-0.00000001177654836
141.32812500000000000	-0.00000000428010231
141.36718750000000000	0.00000000103524689
141.40625000000000000	0.00000000863188196
141.44531250000000000	0.00000001375181817
141.48437500000000000	0.00000001953689097
141.52343750000000000	0.00000002212470198
141.56250000000000000	0.00000002412681651
141.60156250000000000	0.00000002301512673
141.64062500000000000	0.00000002080590601
141.67968750000000000	0.00000001634746389
141.71875000000000000	0.00000001267550446
141.75781250000000000	0.00000000458901773
141.79687500000000000	-0.00000000103807353
141.83593750000000000	-0.00000001037062035
141.87500000000000000	-0.00000001454706264
141.91406250000000000	-0.00000002257574660
141.95312500000000000	-0.00000002423790373
141.99218750000000000	-0.00000002822753507
142.03125000000000000	-0.00000002628371038
142.07031250000000000	-0.00000002416045738
142.10937500000000000	-0.00000001826709460
142.14843750000000000	-0.00000001293126792
142.18750000000000000	-0.00000000395853620
142.22656250000000000	0.00000000243754263
142.26562500000000000	0.00000001230874594
142.30468750000000000	0.00000001714102468
142.34375000000000000	0.00000002425809443
142.38281250000000000	0.00000002578354194
142.42187500000000000	0.00000002863644771
142.46093750000000000	0.00000002574730670
142.50000000000000000	0.00000002442332640
142.53906250000000000	0.00000001733188241
142.57812500000000000	0.00000001212221710
142.61718750000000000	0.00000000238716100
142.65625000000000000	-0.00000000457071651
142.69531250000000000	-0.00000001521549665
142.73437500000000000	-0.00000002114709166
142.77343750000000000	-0.00000002907562529
142.81250000000000000	-0.00000003065566881
142.85156250000000000	-0.00000003465039937
142.89062500000000000	-0.00000003015552738
142.92968750000000000	-0.00000002978814448
142.96875000000000000	-0.00000002283306821
143.00781250000000000	-0.00000001560840371
143.04687500000000000	-0.00000000389600582
143.08593750000000000	0.00000000331137844
143.12500000000000000	0.00000001536910650
143.16406250000000000	0.00000002141263213
143.20312500000000000	0.00000002964419751
143.24218750000000000	0.00000003170487702
143.28125000000000000	0.00000003569691932
143.32031250000000000	0.00000003080769645
143.35937500000000000	0.00000002811073263
143.39843750000000000	0.00000001845710208
143.43750000000000000	0.00000001231808471
143.47656250000000000	-0.00000000030215962
143.51562500000000000	-0.00000000820506846
143.55468750000000000	-0.00000002067483061
143.59375000000000000	-0.00000002641741332
143.63281250000000000	-0.00000003520152782
143.67187500000000000	-0.00000003658965954
143.71093750000000000	-0.00000004013486078
143.75000000000000000	-0.00000003544945273
143.78906250000000000	-0.00000003327772269
143.82812500000000000	-0.00000002329039513
143.86718750000000000	-0.00000001566406686
143.90625000000000000	-0.00000000247541118
143.94531250000000000	0.00000000734714489
143.98437500000000000	0.00000002050150200
144.02343750000000000	0.00000002827926371
144.06250000000000000	0.00000003756775361
144.10156250000000000	0.00000004012791241
144.14062500000000000	0.00000004279350143
144.17968750000000000	0.00000003853459197
144.21875000000000000	0.00000003340504903
144.25781250000000000	0.00000002296535094
144.29687500000000000	0.00000001286693158
144.33593750000000000	-0.00000000043075849
144.37500000000000000	-0.00000001252706922
144.41406250000000000	-0.00000002546220021
144.45312500000000000	-0.00000003339988211
144.49218750000000000	-0.00000004365676759
144.53125000000000000	-0.00000004658958124
144.57031250000000000	-0.00000004758407279
144.60937500000000000	-0.00000004191057356
144.64843750000000000	-0.00000003628097868
144.68750000000000000	-0.00000002525478305
144.72656250000000000	-0.00000001368213511
144.76562500000000000	0.00000000086039004
144.80468750000000000	0.00000001482731132
144.84375000000000000	0.00000002803710369
144.88281250000000000	0.00000003830907218
144.92187500000000000	0.00000004619266423
144.96093750000000000	0.00000005074027808
145.00000000000000000	0.00000005019598216
145.03906250000000000	0.00000004641774120
145.07812500000000000	0.00000003706145632
145.11718750000000000	0.00000002635813794
145.15625000000000000	0.00000001176567343
145.19531250000000000	-0.00000000280762410
145.23437500000000000	-0.00000001950232752
145.27343750000000000	-0.00000003221568716
145.31250000000000000	-0.00000004478491731
145.35156250000000000	-0.00000005177370352
145.39062500000000000	-0.00000005556195331
145.42968750000000000	-0.00000005425039869
145.46875000000000000	-0.00000004816315567
145.50781250000000000	-0.00000003849102847
145.54687500000000000	-0.00000002527226927
145.58593750000000000	-0.00000000961683457
145.62500000000000000	0.00000000615607746
145.66406250000000000	0.00000002262209710
145.70312500000000000	0.00000003805714437
145.74218750000000000	0.00000004955813783
145.78125000000000000	0.00000005663426012
145.82031250000000000	0.00000006067193937
145.85937500000000000	0.00000005880916946
145.89843750000000000	0.00000005257235523
145.93750000000000000	0.00000004077698045
145.97656250000000000	0.00000002610399063
146.01562500000000000	0.00000000905308553
146.05468750000000000	-0.00000000895299359
146.09375000000000000	-0.00000002681838108
146.13281250000000000	-0.00000004227490646
146.17187500000000000	-0.00000005507593728
146.21093750000000000	-0.00000006273853975
146.25000000000000000	-0.00000006600466356
146.28906250000000000	-0.00000006358256315
146.32812500000000000	-0.00000005553076169
146.36718750000000000	-0.00000004239183788
146.40625000000000000	-0.00000002546354618
146.44531250000000000	-0.00000000622448434
146.48437500000000000	0.00000001372610730
146.52343750000000000	0.00000003326102691
146.56250000000000000	0.00000005019822589
146.60156250000000000	0.00000006312917575
146.64062500000000000	0.00000006983280936
146.67968750000000000	0.00000007323570879
146.71875000000000000	0.00000006821359597
146.75781250000000000	0.00000005974663265
146.79687500000000000	0.00000004429768533
146.83593750000000000	0.00000002762189365
146.87500000000000000	0.00000000512380987
146.91406250000000000	-0.00000001559779480
146.95312500000000000	-0.00000003816137530
146.99218750000000000	-0.00000005356969337
147.03125000000000000	-0.00000006844427473
147.07031250000000000	-0.00000007471375429
147.10937500000000000	-0.00000007923317359
147.14843750000000000	-0.00000007130988707
147.18750000000000000	-0.00000006304524597
147.22656250000000000	-0.00000004258655941
147.26562500000000000	-0.00000002383956135
147.30468750000000000	0.00000000185372195
147.34375000000000000	0.00000002325279048
147.38281250000000000	0.00000004726338649
147.42187500000000000	0.00000006310722521
147.46093750000000000	0.00000007901999543
147.50000000000000000	0.00000008459401449
147.53906250000000000	0.00000008721612284
147.57812500000000000	0.00000007776503330
147.61718750000000000	0.00000006686504022
147.65625000000000000	0.00000004608306973
147.69531250000000000	0.00000002455211870
147.73437500000000000	-0.00000000299120664
147.77343750000000000	-0.00000002750604712
147.81250000000000000	-0.00000005263817146
147.85156250000000000	-0.00000007218262472
147.89062500000000000	-0.00000008621612173
147.92968750000000000	-0.00000009423041086
147.96875000000000000	-0.00000009263483629
148.00781250000000000	-0.00000008521278560
148.04687500000000000	-0.00000006854375765
148.08593750000000000	-0.00000004777003189
148.12500000000000000	-0.00000002115871021
148.16406250000000000	0.00000000623833022
148.20312500000000000	0.00000003528700560
148.24218750000000000	0.00000005994984135
148.28125000000000000	0.00000008199090788
148.32031250000000000	0.00000009532428449
148.35937500000000000	0.00000010240956888
148.39843750000000000	0.00000009945156031
148.43750000000000000	0.00000009054329212
148.47656250000000000	0.00000007020513940
148.51562500000000000	0.00000004718881801
148.55468750000000000	0.00000001708847224
148.59375000000000000	-0.00000001229974134
148.63281250000000000	-0.00000004349668867
148.67187500000000000	-0.00000006923025615
148.71093750000000000	-0.00000009194674680
148.75000000000000000	-0.00000010568200093
148.78906250000000000	-0.00000011266552054
148.82812500000000000	-0.00000010819749043
148.86718750000000000	-0.00000009630764565
148.90625000000000000	-0.00000007535747221
148.94531250000000000	-0.00000004783591497
148.98437500000000000	-0.00000001614410676
149.02343750000000000	0.00000001796945033
149.06250000000000000	0.00000005126217920
149.10156250000000000	0.00000007985491605
149.14062500000000000	0.00000010160987396
149.17968750000000000	0.00000011750301467
149.21875000000000000	0.00000012199055335
149.25781250000000000	0.00000011765749114
149.29687500000000000	0.00000010029553289
149.33593750000000000	0.00000007881027627
149.37500000000000000	0.00000004562294783
149.41406250000000000	0.00000001278213774
149.45312500000000000	-0.00000002707874022
149.49218750000000000	-0.00000005816396833
149.53125000000000000	-0.00000009312426575
149.57031250000000000	-0.00000011175934161
149.60937500000000000	-0.00000012857567677
149.64843750000000000	-0.00000012981115413
149.68750000000000000	-0.00000012633348011
149.72656250000000000	-0.00000010434162819
149.76562500000000000	-0.00000007997083962
149.80468750000000000	-0.00000004305185530
149.84375000000000000	-0.00000000689075089
149.88281250000000000	0.00000003604181948
149.92187500000000000	0.00000007026488431
149.96093750000000000	0.00000010483353428
150.00000000000000000	0.00000012684961149
150.03906250000000000	0.00000014337197447
150.07812500000000000	0.00000014450913004
150.11718750000000000	0.00000013523537637
150.15625000000000000	0.00000011178666725
150.19531250000000000	0.00000008290053929
150.23437500000000000	0.00000004476580484
150.27343750000000000	0.00000000222827361
150.31250000000000000	-0.00000004248659575
150.35156250000000000	-0.00000008091826490
150.39062500000000000	-0.00000011641885877
150.42968750000000000	-0.00000013782941177
150.46875000000000000	-0.00000015364418317
150.50781250000000000	-0.00000015036826442
150.54687500000000000	-0.00000014077025828
150.58593750000000000	-0.00000011283859724
150.62500000000000000	-0.00000007877552368
150.66406250000000000	-0.00000003462596821
150.70312500000000000	0.00000000858171839
150.74218750000000000	0.00000005755179255
150.78125000000000000	0.00000009819913449
150.82031250000000000	0.00000013425603105
150.85937500000000000	0.00000015866549322
150.89843750000000000	0.00000017215816985
150.93750000000000000	0.00000016602378308
150.97656250000000000	0.00000015377162613
151.01562500000000000	0.00000012126567823
151.05468750000000000	0.00000008489180313
151.09375000000000000	0.00000003414773692
151.13281250000000000	-0.00000001329728150
151.17187500000000000	-0.00000006718846747
151.21093750000000000	-0.00000010791294314
151.25000000000000000	-0.00000014882190507
151.28906250000000000	-0.00000016915216506
151.32812500000000000	-0.00000018386228895
151.36718750000000000	-0.00000017467539037
151.40625000000000000	-0.00000015850511513
151.44531250000000000	-0.00000012119638210
151.48437500000000000	-0.00000008183818358
151.52343750000000000	-0.00000002466828361
151.56250000000000000	0.00000002622129008
151.60156250000000000	0.00000008365325782
151.64062500000000000	0.00000012714428886
151.67968750000000000	0.00000016918424007
151.71875000000000000	0.00000018922689239
151.75781250000000000	0.00000020279022882
151.79687500000000000	0.00000019045118693
151.83593750000000000	0.00000017060848263
151.87500000000000000	0.00000012946129859
151.91406250000000000	0.00000008259896212
151.95312500000000000	0.00000002177471980
151.99218750000000000	-0.00000003506682768
152.03125000000000000	-0.00000009612123005
152.07031250000000000	-0.00000014186995108
152.10937500000000000	-0.00000018409140842
152.14843750000000000	-0.00000020385753130
152.18750000000000000	-0.00000021298578103
152.22656250000000000	-0.00000019914438194
152.26562500000000000	-0.00000017311607890
152.30468750000000000	-0.00000012733748174
152.34375000000000000	-0.00000007490354104
152.38281250000000000	-0.00000001010295161
152.42187500000000000	0.00000005180655625
152.46093750000000000	0.00000011432646717
152.50000000000000000	0.00000016380909343
152.53906250000000000	0.00000020496528325
152.57812500000000000	0.00000022512751743
152.61718750000000000	0.00000023161576128
152.65625000000000000	0.00000021409664226
152.69531250000000000	0.00000018292290342
152.73437500000000000	0.00000013298266727
152.77343750000000000	0.00000007394640701
152.81250000000000000	0.00000000483987896
152.85156250000000000	-0.00000006246108893
152.89062500000000000	-0.00000012995601971
152.92968750000000000	-0.00000018203078657
152.96875000000000000	-0.00000022460178284
153.00781250000000000	-0.00000024437934021
153.04687500000000000	-0.00000024729252580
153.08593750000000000	-0.00000022612122394
153.12500000000000000	-0.00000018865368657
153.16406250000000000	-0.00000013048077942
153.20312500000000000	-0.00000006454646339
153.24218750000000000	0.00000001232061823
153.28125000000000000	0.00000008550499655
153.32031250000000000	0.00000015568425471
153.35937500000000000	0.00000021007493820
153.39843750000000000	0.00000025080920720
153.43750000000000000	0.00000026740177441
153.47656250000000000	0.00000026611195649
153.51562500000000000	0.00000023928179983
153.55468750000000000	0.00000019586454996
153.59375000000000000	0.00000013252651161
153.63281250000000000	0.00000006029377187
153.67187500000000000	-0.00000002113224633
153.71093750000000000	-0.00000009777138571
153.75000000000000000	-0.00000017045508996
153.78906250000000000	-0.00000022718805840
153.82812500000000000	-0.00000026895050950
153.86718750000000000	-0.00000028570484331
153.90625000000000000	-0.00000028183029848
153.94531250000000000	-0.00000025036711378
153.98437500000000000	-0.00000020153200656
154.02343750000000000	-0.00000013083106095
154.06250000000000000	-0.00000005180626928
154.10156250000000000	0.00000003680898728
154.14062500000000000	0.00000011965672267
154.17968750000000000	0.00000019698771789
154.21875000000000000	0.00000025488620362
154.25781250000000000	0.00000029636642424
154.29687500000000000	0.00000030907564419
154.33593750000000000	0.00000029968833763
154.37500000000000000	0.00000026046613108
154.41406250000000000	0.00000020305825620
154.45312500000000000	0.00000012395109938
154.49218750000000000	0.00000003648795527
154.53125000000000000	-0.00000005832073332
154.57031250000000000	-0.00000014440937006
154.60937500000000000	-0.00000022298477818
154.64843750000000000	-0.00000027967874366
154.68750000000000000	-0.00000031768302400
154.72656250000000000	-0.00000032678257583
154.76562500000000000	-0.00000031133021460
154.80468750000000000	-0.00000026838963393
154.84375000000000000	-0.00000020562663294
154.88281250000000000	-0.00000011981706934
154.92187500000000000	-0.00000002664212641
154.96093750000000000	0.00000007342268817
155.00000000000000000	0.00000016531789912
155.03906250000000000	0.00000024875999536
155.07812500000000000	0.00000030942736155
155.11718750000000000	0.00000034875216299
155.15625000000000000	0.00000035429165747
155.19531250000000000	0.00000033542564851
155.23437500000000000	0.00000028311100703
155.27343750000000000	0.00000021223753021
155.31250000000000000	0.00000011586609466
155.35156250000000000	0.00000001445600078
155.39062500000000000	-0.00000009665726124
155.42968750000000000	-0.00000019247918215
155.46875000000000000	-0.00000028020386225
155.50781250000000000	-0.00000033793773345
155.54687500000000000	-0.00000037324759787
155.58593750000000000	-0.00000037004377687
155.62500000000000000	-0.00000034145207978
155.66406250000000000	-0.00000027878137303
155.70312500000000000	-0.00000019824043444
155.74218750000000000	-0.00000009349175079
155.78125000000000000	0.00000001482106965
155.82031250000000000	0.00000012487369451
155.85937500000000000	0.00000022351617001
155.89843750000000000	0.00000030729092334
155.93750000000000000	0.00000036475776405
155.97656250000000000	0.00000039484360832
156.01562500000000000	0.00000039193993696
156.05468750000000000	0.00000035703327809
156.09375000000000000	0.00000029248875820
156.13281250000000000	0.00000020098827065
156.17187500000000000	0.00000009318889586
156.21093750000000000	-0.00000002591629444
156.25000000000000000	-0.00000014201338491
156.28906250000000000	-0.00000025188100408
156.32812500000000000	-0.00000033843279466
156.36718750000000000	-0.00000040237996280
156.40625000000000000	-0.00000042775413697
156.44531250000000000	-0.00000042289517564
156.48437500000000000	-0.00000037503604881
156.52343750000000000	-0.00000030003505469
156.56250000000000000	-0.00000019143151555
156.60156250000000000	-0.00000007200996093
156.64062500000000000	0.00000005996144585
156.67968750000000000	0.00000018050513394
156.71875000000000000	0.00000029228064077
156.75781250000000000	0.00000037318579966
156.79687500000000000	0.00000042833219900
156.83593750000000000	0.00000044273256654
156.87500000000000000	0.00000042470661254
156.91406250000000000	0.00000036670641064
156.95312500000000000	0.00000028282262248
156.99218750000000000	0.00000017116254962
157.03125000000000000	0.00000004718705126
157.07031250000000000	-0.00000008327974797
157.10937500000000000	-0.00000020650126405
157.14843750000000000	-0.00000031423932483
157.18750000000000000	-0.00000039741276720
157.22656250000000000	-0.00000045125232116
157.26562500000000000	-0.00000046702984219
157.30468750000000000	-0.00000044548232516
157.34375000000000000	-0.00000038849953268
157.38281250000000000	-0.00000029933461497
157.42187500000000000	-0.00000018394558208
157.46093750000000000	-0.00000004659982559
157.50000000000000000	0.00000009915970860
157.53906250000000000	0.00000024110132592
157.57812500000000000	0.00000036301310779
157.61718750000000000	0.00000045436270719
157.65625000000000000	0.00000050339525115
157.69531250000000000	0.00000050753043652
157.73437500000000000	0.00000046687746265
157.77343750000000000	0.00000038947497247
157.81250000000000000	0.00000027780326578
157.85156250000000000	0.00000014277572327
157.89062500000000000	-0.00000000492054918
157.92968750000000000	-0.00000014877602193
157.96875000000000000	-0.00000027881427128
158.00781250000000000	-0.00000038664004247
158.04687500000000000	-0.00000046227559332
158.08593750000000000	-0.00000050069944486
158.12500000000000000	-0.00000049322292792
158.16406250000000000	-0.00000044851099754
158.20312500000000000	-0.00000036872810192
158.24218750000000000	-0.00000026284174019
158.28125000000000000	-0.00000011858610681
158.32031250000000000	0.00000002878594012
158.35937500000000000	0.00000015823783117
158.39843750000000000	0.00000026868603654
158.43750000000000000	0.00000038006090114
158.47656250000000000	0.00000047644293608
158.51562500000000000	0.00000053505392563
158.55468750000000000	0.00000054327837793
158.59375000000000000	0.00000051874060585
158.63281250000000000	0.00000041938829503
158.67187500000000000	0.00000026775127333
158.71093750000000000	0.00000009267321063
158.75000000000000000	-0.00000006105283298
158.78906250000000000	-0.00000022552011200
158.82812500000000000	-0.00000037168635727
158.86718750000000000	-0.00000050120744109
158.90625000000000000	-0.00000055440071606
158.94531250000000000	-0.00000055631641837
158.98437500000000000	-0.00000053438706748
159.02343750000000000	-0.00000045416423024
159.06250000000000000	-0.00000034487992893
159.10156250000000000	-0.00000017970034597
159.14062500000000000	0.00000001601482577
159.17968750000000000	0.00000017629548253
159.21875000000000000	0.00000033865488475
159.25781250000000000	0.00000047391351186
159.29687500000000000	0.00000059609089070
159.33593750000000000	0.00000064019031219
159.37500000000000000	0.00000063219598705
159.41406250000000000	0.00000057770537704
159.45312500000000000	0.00000052283247995
159.49218750000000000	0.00000043030011711
159.53125000000000000	0.00000033054658554
159.57031250000000000	0.00000022925768176
159.60937500000000000	0.00000012112138098
159.64843750000000000	-0.00000000626088766
159.68750000000000000	-0.00000012428323637
159.72656250000000000	-0.00000020087734147
159.76562500000000000	-0.00000024491034620
159.80468750000000000	-0.00000026498788969
159.84375000000000000	-0.00000026091606676
159.88281250000000000	-0.00000022338478688
159.92187500000000000	-0.00000016435339279
159.96093750000000000	-0.00000008463797289
