0.00000000000000000	0.00000000000000000
0.03906250000000000	0.00000000000000000
0.07812500000000000	0.00000000000000000
0.11718750000000000	0.00000000000000000
0.15625000000000000	0.00000000000000000
0.19531250000000000	0.00000000000000000
0.23437500000000000	0.00000000000000000
0.27343750000000000	0.00000000000000000
0.31250000000000000	0.00000000000000000
0.35156250000000000	0.00000000000000000
0.39062500000000000	0.00000000000000000
0.42968750000000000	0.00000000000000000
0.46875000000000000	0.00000000000000000
0.50781250000000000	0.00000000000000000
0.54687500000000000	0.00000000000000000
0.58593750000000000	0.00000000000000000
0.62500000000000000	0.00000000000000000
0.66406250000000000	0.00000000000000000
0.70312500000000000	-0.00000000000000178
0.74218750000000000	0.00000000000000000
0.78125000000000000	0.00000000000000000
0.82031250000000000	0.00000000000000000
0.85937500000000000	0.00000000000000000
0.89843750000000000	0.00000000000000000
0.93750000000000000	0.00000000000000000
0.97656250000000000	0.00000000000000000
1.01562500000000000	4.41857406406314812
1.05468750000000000	3.54061954474452145
1.09375000000000000	2.79934825856744585
1.13281250000000000	2.19092331820930042
1.17187500000000000	1.69995418034214829
1.21093750000000000	1.31718674405243918
1.25000000000000000	1.02507055593464003
1.28906250000000000	0.81367476880436462
1.32812500000000000	0.66652373516628438
1.36718750000000000	0.57533385082920563
1.40625000000000000	0.52606214311982480
1.44531250000000000	0.51296067171218329
1.48437500000000000	0.52469127541217175
1.52343750000000000	0.55814117042355882
1.56250000000000000	0.60437693074990995
1.60156250000000000	0.66265728203399421
1.64062500000000000	0.72588334433495028
1.67968750000000000	0.79532718632247512
1.71875000000000000	0.86504040310111119
1.75781250000000000	0.93804496221575950
1.79687500000000000	1.00876800558129731
1.83593750000000000	1.08201042832499073
1.87500000000000000	1.15149887148259555
1.91406250000000000	1.22467344338967088
1.95312500000000000	1.29195949960132217
1.99218750000000000	1.36906953028958900
2.03125000000000000	1.39880877304630791
2.07031250000000000	1.34772312719507648
2.10937500000000000	1.26183422331273642
2.14843750000000000	1.15611565886824597
2.18750000000000000	1.05276810149464395
2.22656250000000000	0.95872380457572992
2.26562500000000000	0.88376363074778619
2.30468750000000000	0.82838961863856553
2.34375000000000000	0.79525319097259928
2.38281250000000000	0.78123171016324722
2.42187500000000000	0.78538240975961549
2.46093750000000000	0.80319560213666796
2.50000000000000000	0.83240720533881107
2.53906250000000000	0.86854914876257550
2.57812500000000000	0.90933372128716417
2.61718750000000000	0.95106427710993580
2.65625000000000000	0.99202918591401512
2.69531250000000000	1.02953477524906423
2.73437500000000000	1.06259799460899296
2.77343750000000000	1.08945871422615870
2.81250000000000000	1.10976741430978643
2.85156250000000000	1.12248150672513325
2.89062500000000000	1.12768624836474851
2.92968750000000000	1.12479937538055519
2.96875000000000000	1.11413110104266622
3.00781250000000000	1.09530363899023464
3.04687500000000000	1.06891149978719024
3.08593750000000000	1.03696167061670508
3.12500000000000000	1.00315392201955267
3.16406250000000000	0.97074049804296103
3.20312500000000000	0.94297440083608786
3.24218750000000000	0.92181551148712559
3.28125000000000000	0.90872201216663917
3.32031250000000000	0.90383767690429795
3.35937500000000000	0.90690852921688458
3.39843750000000000	0.91671380192336027
3.43750000000000000	0.93195779648659816
3.47656250000000000	0.95079817705059100
3.51562500000000000	0.97163415778549622
3.55468750000000000	0.99265754692574948
3.59375000000000000	1.01251251357383754
3.63281250000000000	1.02984284539552107
3.67187500000000000	1.04383104570892216
3.71093750000000000	1.05374301326510644
3.75000000000000000	1.05937009108372426
3.78906250000000000	1.06058335229266687
3.82812500000000000	1.05770575281717893
3.86718750000000000	1.05109010125295854
3.90625000000000000	1.04144491329006317
3.94531250000000000	1.02944655914598404
3.98437500000000000	1.01603612952733013
4.02343750000000000	1.00207100618773692
4.06250000000000000	0.98860337661940312
4.10156250000000000	0.97653569283764652
4.14062500000000000	0.96679845908814088
4.17968750000000000	0.95999260126222419
4.21875000000000000	0.95657396063355415
4.25781250000000000	0.95658118596956376
4.29687500000000000	0.95987337846389731
4.33593750000000000	0.96594534865437687
4.37500000000000000	0.97420022933812978
4.41406250000000000	0.98381659371621566
4.45312500000000000	0.99402017749388227
4.49218750000000000	1.00396575720890358
4.53125000000000000	1.01297937512982439
4.57031250000000000	1.02043056037669766
4.60937500000000000	1.02593164953676963
4.64843750000000000	1.02919168602080791
4.68750000000000000	1.03017360577343320
4.72656250000000000	1.02893258727873360
4.76562500000000000	1.02573974547703850
4.80468750000000000	1.02091442263468757
4.84375000000000000	1.01492587721246186
4.88281250000000000	1.00822941494733453
4.92187500000000000	1.00135715175503304
4.96093750000000000	0.99476537916024510
5.00000000000000000	0.98892201544632352
5.03906250000000000	0.98416927798643772
5.07812500000000000	0.98081156029416117
5.11718750000000000	0.97899443207216563
5.15625000000000000	0.97879642437589187
5.19531250000000000	0.98012951846180441
5.23437500000000000	0.98284201560674678
5.27343750000000000	0.98664359635317245
5.31250000000000000	0.99121850412090518
5.35156250000000000	0.99616872794078393
5.39062500000000000	1.00112870457694481
5.42968750000000000	1.00571463762784519
5.46875000000000000	1.00962971037087024
5.50781250000000000	1.01260919546211237
5.54687500000000000	1.01450814520596699
5.58593750000000000	1.01523678379994631
5.62500000000000000	1.01482891629384953
5.66406250000000000	1.01336734636990689
5.70312500000000000	1.01103623170896850
5.74218750000000000	1.00804080163605181
5.78125000000000000	1.00464954781056104
5.82031250000000000	1.00111428197492813
5.85937500000000000	0.99770877893538279
5.89843750000000000	0.99465458163970677
5.93750000000000000	0.99216124497991043
5.97656250000000000	0.99036172218463769
6.01562500000000000	0.98935733003750381
6.05468750000000000	0.98916414363687988
6.09375000000000000	0.98976352446009230
6.13281250000000000	0.99105911662847013
6.17187500000000000	0.99293218535389771
6.21093750000000000	0.99520727513575091
6.25000000000000000	0.99770996574598303
6.28906250000000000	1.00023786612592214
6.32812500000000000	1.00261698372352792
6.36718750000000000	1.00467371010071083
6.40625000000000000	1.00628582209180606
6.44531250000000000	1.00735147570645567
6.48437500000000000	1.00783201783235143
6.52343750000000000	1.00771594977943213
6.56250000000000000	1.00705288519660829
6.60156250000000000	1.00591277814276769
6.64062500000000000	1.00441248568667896
6.67968750000000000	1.00267253181511018
6.71875000000000000	1.00083943317225521
6.75781250000000000	0.99904303177256382
6.79687500000000000	0.99741787617066624
6.83593750000000000	0.99606421583404003
6.87500000000000000	0.99507122806819215
6.91406250000000000	0.99448354916611859
6.95312500000000000	0.99432772649162759
6.99218750000000000	0.99458487298930587
7.03125000000000000	0.99522047625256960
7.07031250000000000	0.99616232866875920
7.10937500000000000	0.99733251016074898
7.14843750000000000	0.99862894007570158
7.18750000000000000	0.99995765728357677
7.22656250000000000	1.00121585408589686
7.26562500000000000	1.00232236964125598
7.30468750000000000	1.00320021889605338
7.34375000000000000	1.00380359790954277
7.38281250000000000	1.00409833271540805
7.42187500000000000	1.00408454851273432
7.46093750000000000	1.00377456640431562
7.50000000000000000	1.00321124570181008
7.53906250000000000	1.00244387679105196
7.57812500000000000	1.00154327920265485
7.61718750000000000	1.00057692909523555
7.65625000000000000	0.99962248441012214
7.69531250000000000	0.99874375022622197
7.73437500000000000	0.99800433817785728
7.77343750000000000	0.99744595390221313
7.81250000000000000	0.99710326656999282
7.85156250000000000	0.99698545862949439
7.89062500000000000	0.99709301490339297
7.92968750000000000	0.99740236364155843
7.96875000000000000	0.99788431425603907
8.00781250000000000	0.99849136777450054
8.04687500000000000	0.99917687302300806
8.08593750000000000	0.99988384210496872
8.12500000000000000	1.00056378167586346
8.16406250000000000	1.00116579769646297
8.20312500000000000	1.00165400644278901
8.24218750000000000	1.00199596822538983
8.28125000000000000	1.00217791460608296
8.32031250000000000	1.00219194904434317
8.35937500000000000	1.00204887141371435
8.39843750000000000	1.00176414023329330
8.43750000000000000	1.00136856108458461
8.47656250000000000	1.00089348746606488
8.51562500000000000	1.00038010621197349
8.55468750000000000	0.99986460162998758
8.59375000000000000	0.99938696888625833
8.63281250000000000	0.99897697077731396
8.67187500000000000	0.99866327853304782
8.71093750000000000	0.99846092583357571
8.75000000000000000	0.99838124261795036
8.78906250000000000	0.99842113167590507
8.82812500000000000	0.99857395137979565
8.86718750000000000	0.99882045720278179
8.90625000000000000	0.99914038413783002
8.94531250000000000	0.99950457471496268
8.98437500000000000	0.99988677571146822
9.02343750000000000	1.00025632002414011
9.06250000000000000	1.00058941081468555
9.10156250000000000	1.00086181715951472
9.14062500000000000	1.00105914943599639
9.17968750000000000	1.00116899895675204
9.21875000000000000	1.00118998474349219
9.25781250000000000	1.00112316465993145
9.29687500000000000	1.00097982455252454
9.33593750000000000	1.00077226348000492
9.37500000000000000	1.00052063409634129
9.41406250000000000	1.00024343277558692
9.45312500000000000	0.99996376774478246
9.49218750000000000	0.99970012162771071
9.53125000000000000	0.99947243612122316
9.57031250000000000	0.99929350533263739
9.60937500000000000	0.99917549043694087
9.64843750000000000	0.99912204993046183
9.68750000000000000	0.99913547911264233
9.72656250000000000	0.99920968996512893
9.76562500000000000	0.99933792464815063
9.80468750000000000	0.99950652384880323
9.84375000000000000	0.99970291336013684
9.88281250000000000	0.99990994949918643
9.92187500000000000	1.00011373547514215
9.96093750000000000	1.00029819864110281
10.00000000000000000	1.00045257084794481
10.03906250000000000	1.00056573863795006
10.07812500000000000	1.00063314322878760
10.11718750000000000	1.00065075942043147
10.15625000000000000	1.00062129745422634
10.19531250000000000	1.00054784937807950
10.23437500000000000	1.00043933661309459
10.27343750000000000	1.00030392509449628
10.31250000000000000	1.00015416074397945
10.35156250000000000	1.00000013773088270
10.39062500000000000	0.99985457443257830
10.42968750000000000	0.99972615760413430
10.46875000000000000	0.99962460083157012
10.50781250000000000	0.99955456466825465
10.54687500000000000	0.99952079389722226
10.58593750000000000	0.99952265709132138
10.62500000000000000	0.99955943378447965
10.66406250000000000	0.99962549904956277
10.70312500000000000	0.99971585543958363
10.74218750000000000	0.99982154936030254
10.78125000000000000	0.99993540355771682
10.82031250000000000	1.00004760933526904
10.85937500000000000	1.00015133133396183
10.89843750000000000	1.00023837687657746
10.93750000000000000	1.00030443952422021
10.97656250000000000	1.00034469264150250
11.01562500000000000	1.00035862514960083
11.05468750000000000	1.00034547442858957
11.09375000000000000	1.00030860939556243
11.13281250000000000	1.00025081413390771
11.17187500000000000	1.00017834139413297
11.21093750000000000	1.00009612430090122
11.25000000000000000	1.00001157959799758
11.28906250000000000	0.99992992053608432
11.32812500000000000	0.99985787189908404
11.36718750000000000	0.99979917581065592
11.40625000000000000	0.99975835710344718
11.44531250000000000	0.99973651603068081
11.48437500000000000	0.99973521865219417
11.52343750000000000	0.99975261415627614
11.56250000000000000	0.99978743034606332
11.60156250000000000	0.99983539088874163
11.64062500000000000	0.99989327378749226
11.67968750000000000	0.99995553734306442
11.71875000000000000	1.00001835005565454
11.75781250000000000	1.00007629153844269
11.79687500000000000	1.00012628150114713
11.83593750000000000	1.00016426469226261
11.87500000000000000	1.00018894757811849
11.91406250000000000	1.00019836406789575
11.95312500000000000	1.00019342369046660
11.99218750000000000	1.00017437277320842
12.03125000000000000	1.00014410503904672
12.07031250000000000	1.00010452968273911
12.10937500000000000	1.00005978180264421
12.14843750000000000	1.00001252795522078
12.18750000000000000	0.99996711011131700
12.22656250000000000	0.99992590656683722
12.26562500000000000	0.99989246873042648
12.30468750000000000	0.99986803817999281
12.34375000000000000	0.99985471469598675
12.38281250000000000	0.99985213400786854
12.42187500000000000	0.99986072495059064
12.46093750000000000	0.99987854712679214
12.50000000000000000	0.99990462759087817
12.53906250000000000	0.99993592592893943
12.57812500000000000	0.99997067032590148
12.61718750000000000	1.00000545163429644
12.65625000000000000	1.00003849064218131
12.69531250000000000	1.00006676799454675
12.73437500000000000	1.00008919885198844
12.77343750000000000	1.00010374128889579
12.81250000000000000	1.00011044368418944
12.85156250000000000	1.00010849357631737
12.89062500000000000	1.00009916730050219
12.92968750000000000	1.00008280512728120
12.96875000000000000	1.00006160982637593
13.00781250000000000	1.00003667496913673
13.04687500000000000	1.00001065079941909
13.08593750000000000	0.99998479586122369
13.12500000000000000	0.99996163090999779
13.16406250000000000	0.99994203989648311
13.20312500000000000	0.99992790733815307
13.24218750000000000	0.99991934133392812
13.28125000000000000	0.99991732583943582
13.32031250000000000	0.99992105303640078
13.35937500000000000	0.99993059855729816
13.39843750000000000	0.99994437383593737
13.43750000000000000	0.99996178359351973
13.47656250000000000	0.99998080593250493
13.51562500000000000	1.00000057758866068
13.55468750000000000	1.00001904222749105
13.59375000000000000	1.00003552588615974
13.63281250000000000	1.00004835573352358
13.67187500000000000	1.00005735443386490
13.71093750000000000	1.00006149782250398
13.75000000000000000	1.00006127926051991
13.78906250000000000	1.00005637782618373
13.82812500000000000	1.00004792138727372
13.86718750000000000	1.00003614931668272
13.90625000000000000	1.00002260633709739
13.94531250000000000	1.00000782866913274
13.98437500000000000	0.99999346283183710
14.02343750000000000	0.99998000763205785
14.06250000000000000	0.99996890088570756
14.10156250000000000	0.99996032059203499
14.14062500000000000	0.99995527027301423
14.17968750000000000	0.99995343611597698
14.21875000000000000	0.99995529773890146
14.25781250000000000	0.99996003551849888
14.29687500000000000	0.99996767715189727
14.33593750000000000	0.99997702889550755
14.37500000000000000	0.99998783191877327
14.41406250000000000	0.99999873847349718
14.45312500000000000	1.00000945010096420
14.49218750000000000	1.00001871591778890
14.53125000000000000	1.00002642417453291
14.57031250000000000	1.00003161303187116
14.60937500000000000	1.00003450811693395
14.64843750000000000	1.00003453160406708
14.68750000000000000	1.00003230354554695
14.72656250000000000	1.00002761307259247
14.76562500000000000	1.00002139411628010
14.80468750000000000	1.00001369161375298
14.84375000000000000	1.00000561129716337
14.88281250000000000	0.99999727791665505
14.92187500000000000	0.99998977435421688
14.96093750000000000	0.99998313621446044
15.00000000000000000	0.99997826608956075
15.03906250000000000	0.99997496350632353
15.07812500000000000	0.99997385267037742
15.11718750000000000	0.99997445195683154
15.15625000000000000	0.99997709141455582
15.19531250000000000	0.99998102496557462
15.23437500000000000	0.99998635940128311
15.27343750000000000	0.99999219822665597
15.31250000000000000	0.99999854122641352
15.35156250000000000	1.00000445378404912
15.39062500000000000	1.00000998493328286
15.42968750000000000	1.00001430840690153
15.46875000000000000	1.00001759977819327
15.50781250000000000	1.00001926473751612
15.54687500000000000	1.00001965552600791
15.58593750000000000	1.00001840551625665
15.62500000000000000	1.00001608962028832
15.66406250000000000	1.00001251901817434
15.70312500000000000	1.00000841959623665
15.74218750000000000	1.00000370589272847
15.78125000000000000	0.99999914940278400
15.82031250000000000	0.99999467627549021
15.85937500000000000	0.99999099187901930
15.89843750000000000	0.99998794160349180
15.93750000000000000	0.99998609475462952
15.97656250000000000	0.99998514596565902
16.01562500000000000	0.99998550356534743
16.05468750000000000	0.99998670037848170
16.09375000000000000	0.99998898227465793
16.13281250000000000	0.99999176464893891
16.17187500000000000	0.99999518886887762
16.21093750000000000	0.99999861304647264
16.25000000000000000	1.00000215174258211
16.28906250000000000	1.00000518446827469
16.32812500000000000	1.00000787690665804
16.36718750000000000	1.00000969138343221
16.40625000000000000	1.00001089495956275
16.44531250000000000	1.00001108086177104
16.48437500000000000	1.00001063075509955
16.52343750000000000	1.00000925989300238
16.56250000000000000	1.00000745858205020
16.60156250000000000	1.00000503297885657
16.64062500000000000	1.00000252583241789
16.67968750000000000	0.99999978856181571
16.71875000000000000	0.99999736074036227
16.75781250000000000	0.99999507464079629
16.79687500000000000	0.99999341630856065
16.83593750000000000	0.99999214410830140
16.87500000000000000	0.99999166249683080
16.91406250000000000	0.99999164170833577
16.95312500000000000	0.99999238240963140
16.99218750000000000	0.99999348048267878
17.03125000000000000	0.99999514770194176
17.07031250000000000	0.99999693007381341
17.10937500000000000	0.99999899978922191
17.14843750000000000	1.00000089183725005
17.18750000000000000	1.00000278449475122
17.22656250000000000	1.00000422414577250
17.26562500000000000	1.00000544325296459
17.30468750000000000	1.00000606085196231
17.34375000000000000	1.00000636202483184
17.38281250000000000	1.00000603523429699
17.42187500000000000	1.00000543934057351
17.46093750000000000	1.00000432655642069
17.50000000000000000	1.00000310476030951
17.53906250000000000	1.00000156535517259
17.57812500000000000	1.00000013364778573
17.61718750000000000	0.99999860952447339
17.65625000000000000	0.99999740514668134
17.69531250000000000	0.99999629701568882
17.73437500000000000	0.99999565279399094
17.77343750000000000	0.99999520300948008
17.81250000000000000	0.99999526708247333
17.85156250000000000	0.99999552371339195
17.89062500000000000	0.99999623490583511
17.92968750000000000	0.99999703909151128
17.96875000000000000	0.99999815680473347
18.00781250000000000	0.99999921447115048
18.04687500000000000	1.00000041408133478
18.08593750000000000	1.00000139369474761
18.12500000000000000	1.00000235093137890
18.16406250000000000	1.00000297211711553
18.20312500000000000	1.00000346706232301
18.24218750000000000	1.00000356947173819
18.28125000000000000	1.00000352689695493
18.32031250000000000	1.00000311162184374
18.35937500000000000	1.00000261049481276
18.39843750000000000	1.00000182370512469
18.43750000000000000	1.00000105731872169
18.47656250000000000	1.00000013848995550
18.51562500000000000	0.99999936336390571
18.55468750000000000	0.99999855854426345
18.59375000000000000	0.99999800552307949
18.63281250000000000	0.99999751217537403
18.67187500000000000	0.99999732883338899
18.71093750000000000	0.99999723815432529
18.75000000000000000	0.99999745690815878
18.78906250000000000	0.99999774096395422
18.82812500000000000	0.99999828022264936
18.86718750000000000	0.99999881044388883
18.90625000000000000	0.99999950760120782
18.94531250000000000	1.00000009978996474
18.98437500000000000	1.00000076218429057
19.02343750000000000	1.00000123059877311
19.06250000000000000	1.00000169396222738
19.10156250000000000	1.00000190638009179
19.14062500000000000	1.00000207724481238
19.17968750000000000	1.00000197562086179
19.21875000000000000	1.00000185539685482
19.25781250000000000	1.00000147788487093
19.29687500000000000	1.00000114115165428
19.33593750000000000	1.00000060752066799
19.37500000000000000	1.00000018705355087
19.41406250000000000	0.99999963847311835
19.45312500000000000	0.99999926634958558
19.49218750000000000	0.99999883787114074
19.53125000000000000	0.99999864570159425
19.57031250000000000	0.99999842852328447
19.60937500000000000	0.99999845755076378
19.64843750000000000	0.99999847298871758
19.68750000000000000	0.99999871297510134
19.72656250000000000	0.99999892194000983
19.76562500000000000	0.99999931089300098
19.80468750000000000	0.99999962143436394
19.84375000000000000	1.00000004681584587
19.88281250000000000	1.00000034594485276
19.92187500000000000	1.00000070088804116
19.96093750000000000	1.00000089608507747
20.00000000000000000	1.00000111243601597
20.03906250000000000	1.00000114057162959
20.07812500000000000	1.00000117718211601
20.11718750000000000	1.00000103792975881
20.15625000000000000	1.00000091670042424
20.19531250000000000	1.00000064431626656
20.23437500000000000	1.00000043039546971
20.27343750000000000	1.00000009590773042
20.31250000000000000	0.99999986542244723
20.35156250000000000	0.99999955832407939
20.39062500000000000	0.99999940297412282
20.42968750000000000	0.99999918453454828
20.46875000000000000	0.99999913746336555
20.50781250000000000	0.99999905711546089
20.54687500000000000	0.99999915369530923
20.58593750000000000	0.99999919048021801
20.62500000000000000	0.99999939680848049
20.66406250000000000	0.99999952268970027
20.70312500000000000	0.99999978670139789
20.74218750000000000	0.99999994816959936
20.78125000000000000	1.00000020303237780
20.82031250000000000	1.00000034113697645
20.85937500000000000	1.00000052926224847
20.89843750000000000	1.00000059160890409
20.93750000000000000	1.00000068336626113
20.97656250000000000	1.00000064300553637
21.01562500000000000	1.00000063531600780
21.05468750000000000	1.00000050418664110
21.09375000000000000	1.00000041898783687
21.13281250000000000	1.00000022913220588
21.17187500000000000	1.00000010728371613
21.21093750000000000	0.99999990831952801
21.25000000000000000	0.99999979759321156
21.28906250000000000	0.99999963331234487
21.32812500000000000	0.99999957547175788
21.36718750000000000	0.99999947652124410
21.40625000000000000	0.99999949167811086
21.44531250000000000	0.99999946997850364
21.48437500000000000	0.99999955787564310
21.52343750000000000	0.99999960135298849
21.56250000000000000	0.99999974463643249
21.60156250000000000	0.99999982319160197
21.64062500000000000	0.99999998543530311
21.67968750000000000	1.00000006636058814
21.71875000000000000	1.00000021051320087
21.75781250000000000	1.00000026063525049
21.79687500000000000	1.00000036089130284
21.83593750000000000	1.00000035728972803
21.87500000000000000	1.00000039737186608
21.91406250000000000	1.00000034018967443
21.95312500000000000	1.00000032494249069
21.99218750000000000	1.00000022147892298
22.03125000000000000	1.00000017045673206
22.07031250000000000	1.00000004412788801
22.10937500000000000	0.99999998652145117
22.14843750000000000	0.99999986293810383
22.18750000000000000	0.99999982176462654
22.22656250000000000	0.99999972815615656
22.26562500000000000	0.99999972597224118
22.30468750000000000	0.99999967404107104
22.34375000000000000	0.99999971537017673
22.38281250000000000	0.99999970722060505
22.42187500000000000	0.99999978747998197
22.46093750000000000	0.99999981099985025
22.50000000000000000	0.99999991372444286
22.53906250000000000	0.99999994848994178
22.57812500000000000	1.00000005230141831
22.61718750000000000	1.00000008078451152
22.65625000000000000	1.00000016874150277
22.69531250000000000	1.00000017001406416
22.73437500000000000	1.00000022642402819
22.77343750000000000	1.00000019769142456
22.81250000000000000	1.00000022093791197
22.85156250000000000	1.00000016033855310
22.89062500000000000	1.00000015599703462
22.92968750000000000	1.00000007438262117
22.96875000000000000	1.00000005609119591
23.00781250000000000	0.99999996757627985
23.04687500000000000	0.99999994869406550
23.08593750000000000	0.99999987133234003
23.12500000000000000	0.99999986709470612
23.16406250000000000	0.99999981256694337
23.20312500000000000	0.99999983592287633
23.24218750000000000	0.99999980245435371
23.28125000000000000	0.99999984991947310
23.32031250000000000	0.99999984173840828
23.35937500000000000	0.99999990558316754
23.39843750000000000	0.99999991416673306
23.43750000000000000	0.99999998684950797
23.47656250000000000	0.99999999605959522
23.51562500000000000	1.00000006511726447
23.55468750000000000	1.00000006554139653
23.59375000000000000	1.00000011905337050
23.63281250000000000	1.00000010291731667
23.67187500000000000	1.00000013718498115
23.71093750000000000	1.00000010282806318
23.75000000000000000	1.00000011813243672
23.78906250000000000	1.00000006726923196
23.82812500000000000	1.00000006956873611
23.86718750000000000	1.00000001046638887
23.90625000000000000	1.00000000729444571
23.94531250000000000	0.99999994867002728
23.98437500000000000	0.99999995078907633
24.02343750000000000	0.99999990046836318
24.06250000000000000	0.99999991447982950
24.10156250000000000	0.99999987770026044
24.14062500000000000	0.99999990505768144
24.17968750000000000	0.99999988562391628
24.21875000000000000	0.99999992589937003
24.25781250000000000	0.99999991727254445
24.29687500000000000	0.99999996645531197
24.33593750000000000	0.99999996307486583
24.37500000000000000	1.00000001545611927
24.41406250000000000	1.00000000894930219
24.45312500000000000	1.00000005467894448
24.49218750000000000	1.00000004500108708
24.53125000000000000	1.00000007990418616
24.57031250000000000	1.00000005792834856
24.60937500000000000	1.00000007905133037
24.64843750000000000	1.00000004742406090
24.68750000000000000	1.00000006099385264
24.72656250000000000	1.00000002168935365
24.76562500000000000	1.00000002631332419
24.80468750000000000	0.99999998482519969
24.84375000000000000	0.99999999005063300
24.88281250000000000	0.99999995237606298
24.92187500000000000	0.99999996135148250
24.96093750000000000	0.99999992908366997
25.00000000000000000	0.99999994583376983
25.03906250000000000	0.99999992347238975
25.07812500000000000	0.99999994717049745
25.11718750000000000	0.99999993355037531
25.15625000000000000	0.99999996631941035
25.19531250000000000	0.99999995744631243
25.23437500000000000	0.99999999240393811
25.27343750000000000	0.99999998505242449
25.31250000000000000	1.00000002014507539
25.35156250000000000	1.00000000935026190
25.39062500000000000	1.00000003835840401
25.42968750000000000	1.00000002535805987
25.46875000000000000	1.00000004715284940
25.50781250000000000	1.00000002746808558
25.54687500000000000	1.00000004234428586
25.58593750000000000	1.00000001644383807
25.62500000000000000	1.00000002867271798
25.66406250000000000	0.99999999651411631
25.70312500000000000	1.00000000676812695
25.74218750000000000	0.99999997484361214
25.78125000000000000	0.99999998632420084
25.82031250000000000	0.99999995724777646
25.85937500000000000	0.99999997445539601
25.89843750000000000	0.99999994599032582
25.93750000000000000	0.99999996909800970
25.97656250000000000	0.99999994647862422
26.01562500000000000	0.99999997478902269
26.05468750000000000	0.99999995621185656
26.09375000000000000	0.99999998779919175
26.13281250000000000	0.99999997190080092
26.17187500000000000	1.00000000551971469
26.21093750000000000	0.99999998802926249
26.25000000000000000	1.00000001939823346
26.28906250000000000	1.00000000097070796
26.32812500000000000	1.00000003051330877
26.36718750000000000	1.00000000675177692
26.40625000000000000	1.00000003071593402
26.44531250000000000	1.00000000553989477
26.48437500000000000	1.00000002611072936
26.52343750000000000	0.99999999734572576
26.56250000000000000	1.00000001369269120
26.60156250000000000	0.99999998431871073
26.64062500000000000	1.00000000195846406
26.67968750000000000	0.99999997171175092
26.71875000000000000	0.99999999023574548
26.75781250000000000	0.99999996420995252
26.79687500000000000	0.99999998598533102
26.83593750000000000	0.99999996148795733
26.87500000000000000	0.99999998222845932
26.91406250000000000	0.99999996373193312
26.95312500000000000	0.99999998851851069
26.99218750000000000	0.99999997075284208
27.03125000000000000	0.99999999631873893
27.07031250000000000	0.99999998044200999
27.10937500000000000	1.00000000486967178
27.14843750000000000	0.99999998855038996
27.18750000000000000	1.00000001314248865
27.22656250000000000	0.99999999547476892
27.26562500000000000	1.00000001763111279
27.30468750000000000	0.99999999693382713
27.34375000000000000	1.00000001741184064
27.38281250000000000	0.99999999506671355
27.42187500000000000	1.00000001230378066
27.46093750000000000	0.99999998892321640
27.50000000000000000	1.00000000484965845
27.53906250000000000	0.99999998121429778
27.57812500000000000	0.99999999775577475
27.61718750000000000	0.99999997416450315
27.65625000000000000	0.99999999293683128
27.69531250000000000	0.99999996979943617
27.73437500000000000	0.99999998964011860
27.77343750000000000	0.99999996822821779
27.81250000000000000	0.99999999082563773
27.85156250000000000	0.99999996983083772
27.89062500000000000	0.99999999523632976
27.92968750000000000	0.99999997494477511
27.96875000000000000	0.99999999977875054
28.00781250000000000	0.99999998024029491
28.04687500000000000	1.00000000580843595
28.08593750000000000	0.99999998575916871
28.12500000000000000	1.00000001167128372
28.16406250000000000	0.99999998789831424
28.20312500000000000	1.00000001204211131
28.24218750000000000	0.99999998893087005
28.28125000000000000	1.00000000913913878
28.32031250000000000	0.99999998631240838
28.35937500000000000	1.00000000887366092
28.39843750000000000	0.99999998210940966
28.43750000000000000	1.00000000325195026
28.47656250000000000	0.99999997653415795
28.51562500000000000	1.00000000014418089
28.55468750000000000	0.99999997389070028
28.59375000000000000	0.99999999525031735
28.63281250000000000	0.99999997172219468
28.67187500000000000	0.99999999488698366
28.71093750000000000	0.99999997229953053
28.75000000000000000	0.99999999678993234
28.78906250000000000	0.99999997411224195
28.82812500000000000	0.99999999913740778
28.86718750000000000	0.99999997750005654
28.90625000000000000	1.00000000300138114
28.94531250000000000	0.99999998118792399
28.98437500000000000	1.00000000568616620
29.02343750000000000	0.99999998427371206
29.06250000000000000	1.00000000824168711
29.10156250000000000	0.99999998532874601
29.14062500000000000	1.00000000515735477
29.17968750000000000	0.99999998366546694
29.21875000000000000	1.00000000446708315
29.25781250000000000	0.99999998100235632
29.29687500000000000	1.00000000136382861
29.33593750000000000	0.99999998062753137
29.37500000000000000	1.00000000029690339
29.41406250000000000	0.99999998290708980
29.45312500000000000	0.99999999658439898
29.49218750000000000	0.99999997759174719
29.53125000000000000	0.99999999464653833
29.57031250000000000	0.99999997834349075
29.60937500000000000	0.99999999668848805
29.64843750000000000	0.99999997965264253
29.68750000000000000	0.99999999571931608
29.72656250000000000	0.99999998464899520
29.76562500000000000	0.99999999842367038
29.80468750000000000	0.99999998906269594
29.84375000000000000	0.99999999972689035
29.88281250000000000	0.99999999160537811
29.92187500000000000	1.00000000545325585
29.96093750000000000	0.99999999398394845
30.00000000000000000	1.00000000475941286
30.03906250000000000	0.99999999486276625
30.07812500000000000	1.00000000699092517
30.11718750000000000	0.99999999442588228
30.15625000000000000	1.00000000576994874
30.19531250000000000	0.99999999339372037
30.23437500000000000	1.00000000499291475
30.27343750000000000	0.99999999188106437
30.31250000000000000	1.00000000353411900
30.35156250000000000	0.99999998999890294
30.39062500000000000	1.00000000025290259
30.42968750000000000	0.99999999024470398
30.46875000000000000	0.99999999695565922
30.50781250000000000	0.99999998900853038
30.54687500000000000	0.99999999839928244
30.58593750000000000	0.99999999152988073
30.62500000000000000	1.00000000239487052
30.66406250000000000	0.99999998928051370
30.70312500000000000	1.00000000226852981
30.74218750000000000	0.99999999013441010
30.78125000000000000	1.00000000323138583
30.82031250000000000	0.99999999132075768
30.85937500000000000	1.00000000466492778
30.89843750000000000	0.99999999216909152
30.93750000000000000	1.00000000375971476
30.97656250000000000	0.99999999242074178
31.01562500000000000	1.00000000461161109
31.05468750000000000	0.99999999198947132
31.09375000000000000	1.00000000178717019
31.13281250000000000	0.99999999228617220
31.17187500000000000	1.00000000083055141
31.21093750000000000	0.99999999172701870
31.25000000000000000	1.00000000033751513
31.28906250000000000	0.99999999161631536
31.32812500000000000	0.99999999958427799
31.36718750000000000	0.99999999150683583
31.40625000000000000	0.99999999819786267
31.44531250000000000	0.99999999205212664
31.48437500000000000	0.99999999893401958
31.52343750000000000	0.99999999240235193
31.56250000000000000	0.99999999947818774
31.60156250000000000	0.99999999428546404
31.64062500000000000	0.99999999912981874
31.67968750000000000	0.99999999504294534
31.71875000000000000	1.00000000150718793
31.75781250000000000	0.99999999514031468
31.79687500000000000	1.00000000257960142
31.83593750000000000	0.99999999550996344
31.87500000000000000	1.00000000222139906
31.91406250000000000	0.99999999640985049
31.95312500000000000	1.00000000318090865
31.99218750000000000	0.99999999616121693
32.03125000000000000	1.00000000096569086
32.07031250000000000	0.99999999413765261
32.10937500000000000	1.00000000004296452
32.14843750000000000	0.99999999259018579
32.18750000000000000	0.99999999866665035
32.22656250000000000	0.99999999158552288
32.26562500000000000	0.99999999973016818
32.30468750000000000	0.99999999108516702
32.34375000000000000	1.00000000074923312
32.38281250000000000	0.99999999039306298
32.42187500000000000	0.99999999929629979
32.46093750000000000	0.99999999040883614
32.50000000000000000	1.00000000085867335
32.53906250000000000	0.99999999159997854
32.57812500000000000	1.00000000050470739
32.61718750000000000	0.99999999358278280
32.65625000000000000	1.00000000304280467
32.69531250000000000	0.99999999407510742
32.73437500000000000	1.00000000275678680
32.77343750000000000	0.99999999473188605
32.81250000000000000	1.00000000417651314
32.85156250000000000	0.99999999489729241
32.89062500000000000	1.00000000345906859
32.92968750000000000	0.99999999559611830
32.96875000000000000	1.00000000445855752
33.00781250000000000	0.99999999595354105
33.04687500000000000	1.00000000243383780
33.08593750000000000	0.99999999571426845
33.12500000000000000	1.00000000179471749
33.16406250000000000	0.99999999492061764
33.20312500000000000	1.00000000213677365
33.24218750000000000	0.99999999558974584
33.28125000000000000	1.00000000136127953
33.32031250000000000	0.99999999642116122
33.35937500000000000	1.00000000272851852
33.39843750000000000	0.99999999751273627
33.43750000000000000	1.00000000240547160
33.47656250000000000	0.99999999723505162
33.51562500000000000	1.00000000285741253
33.55468750000000000	0.99999999859088107
33.59375000000000000	1.00000000230260677
33.63281250000000000	0.99999999911875226
33.67187500000000000	1.00000000312933968
33.71093750000000000	0.99999999970664499
33.75000000000000000	1.00000000270301470
33.78906250000000000	0.99999999941282802
33.82812500000000000	1.00000000261770872
33.86718750000000000	0.99999999937369444
33.90625000000000000	1.00000000165110570
33.94531250000000000	0.99999999848643895
33.98437500000000000	1.00000000125248079
34.02343750000000000	0.99999999792315664
34.06250000000000000	1.00000000031840286
34.10156250000000000	0.99999999771634274
34.14062500000000000	0.99999999991334820
34.17968750000000000	0.99999999718239696
34.21875000000000000	1.00000000048626303
34.25781250000000000	0.99999999625421931
34.29687500000000000	1.00000000075416717
34.33593750000000000	0.99999999549454521
34.37500000000000000	1.00000000054601967
34.41406250000000000	0.99999999615238422
34.45312500000000000	1.00000000193714822
34.49218750000000000	0.99999999468265344
34.53125000000000000	1.00000000077312046
34.57031250000000000	0.99999999437671661
34.60937500000000000	1.00000000209310169
34.64843750000000000	0.99999999469288414
34.68750000000000000	1.00000000260135335
34.72656250000000000	0.99999999484567303
34.76562500000000000	1.00000000171028169
34.80468750000000000	0.99999999420782848
34.84375000000000000	1.00000000025503799
34.88281250000000000	0.99999999384644744
34.92187500000000000	1.00000000079181484
34.96093750000000000	0.99999999314925414
35.00000000000000000	0.99999999967533126
35.03906250000000000	0.99999999245314242
35.07812500000000000	0.99999999937031703
35.11718750000000000	0.99999999201943202
35.15625000000000000	1.00000000081189255
35.19531250000000000	0.99999999206282508
35.23437500000000000	1.00000000014954549
35.27343750000000000	0.99999999197329892
35.31250000000000000	1.00000000117282806
35.35156250000000000	0.99999999309206589
35.39062500000000000	1.00000000205308348
35.42968750000000000	0.99999999487663505
35.46875000000000000	1.00000000163951364
35.50781250000000000	0.99999999512058180
35.54687500000000000	1.00000000126111699
35.58593750000000000	0.99999999585242905
35.62500000000000000	1.00000000197015071
35.66406250000000000	0.99999999559674013
35.70312500000000000	1.00000000096192632
35.74218750000000000	0.99999999617997803
35.78125000000000000	1.00000000008710410
35.82031250000000000	0.99999999517199023
35.85937500000000000	1.00000000115153886
35.89843750000000000	0.99999999507468484
35.93750000000000000	1.00000000014783974
35.97656250000000000	0.99999999501467185
36.01562500000000000	1.00000000063765637
36.05468750000000000	0.99999999461955413
36.09375000000000000	0.99999999978261722
36.13281250000000000	0.99999999530614214
36.17187500000000000	1.00000000129576083
36.21093750000000000	0.99999999604635070
36.25000000000000000	1.00000000111950715
36.28906250000000000	0.99999999670037409
36.32812500000000000	1.00000000271309908
36.36718750000000000	0.99999999738231637
36.40625000000000000	1.00000000148777546
36.44531250000000000	0.99999999693542807
36.48437500000000000	1.00000000124689170
36.52343750000000000	0.99999999711590715
36.56250000000000000	1.00000000136442835
36.60156250000000000	0.99999999604958933
36.64062500000000000	1.00000000059326122
36.67968750000000000	0.99999999638430370
36.71875000000000000	1.00000000083469387
36.75781250000000000	0.99999999488299485
36.79687500000000000	0.99999999956749108
36.83593750000000000	0.99999999435487730
36.87500000000000000	1.00000000074450068
36.91406250000000000	0.99999999462482880
36.95312500000000000	0.99999999982210064
36.99218750000000000	0.99999999710194321
37.03125000000000000	1.00000000150506296
37.07031250000000000	0.99999999541321583
37.10937500000000000	1.00000000035644798
37.14843750000000000	0.99999999507088644
37.18750000000000000	1.00000000188351756
37.22656250000000000	0.99999999647633309
37.26562500000000000	1.00000000171013670
37.30468750000000000	0.99999999696229813
37.34375000000000000	1.00000000234935027
37.38281250000000000	0.99999999572761578
37.42187500000000000	1.00000000118315113
37.46093750000000000	0.99999999577945153
37.50000000000000000	1.00000000087981400
37.53906250000000000	0.99999999542368834
37.57812500000000000	1.00000000001347433
37.61718750000000000	0.99999999526525285
37.65625000000000000	1.00000000029702307
37.69531250000000000	0.99999999512416948
37.73437500000000000	0.99999999976972165
37.77343750000000000	0.99999999551826602
37.81250000000000000	1.00000000002533374
37.85156250000000000	0.99999999595302502
37.89062500000000000	0.99999999904933734
37.92968750000000000	0.99999999737215706
37.96875000000000000	1.00000000115507470
38.00781250000000000	0.99999999773492299
38.04687500000000000	1.00000000001386335
38.08593750000000000	0.99999999813019691
38.12500000000000000	1.00000000182700810
38.16406250000000000	0.99999999936841677
38.20312500000000000	1.00000000147794599
38.24218750000000000	0.99999999962055230
38.28125000000000000	1.00000000339943518
38.32031250000000000	1.00000000040427839
38.35937500000000000	1.00000000176697479
38.39843750000000000	0.99999999944014739
38.43750000000000000	1.00000000003695155
38.47656250000000000	0.99999999846707788
38.51562500000000000	1.00000000006263634
38.55468750000000000	0.99999999694735175
38.59375000000000000	0.99999999985792731
38.63281250000000000	0.99999999811591511
38.67187500000000000	0.99999999952303054
38.71093750000000000	0.99999999799308403
38.75000000000000000	0.99999999995033506
38.78906250000000000	0.99999999807731987
38.82812500000000000	1.00000000037941894
38.86718750000000000	0.99999999750906232
38.90625000000000000	1.00000000028569969
38.94531250000000000	0.99999999915098758
38.98437500000000000	0.99999999998934885
39.02343750000000000	1.00000000030751668
39.06250000000000000	0.99999999960419195
39.10156250000000000	1.00000000054966010
39.14062500000000000	1.00000000355739105
39.17968750000000000	1.00000000149505164
39.21875000000000000	1.00000000051053095
39.25781250000000000	1.00000000246743093
39.29687500000000000	0.99999999896315606
39.33593750000000000	1.00000000247187648
39.37500000000000000	0.99999999601520206
39.41406250000000000	1.00000000355753516
39.45312500000000000	1.00000000047379389
39.49218750000000000	0.99999999983844678
39.53125000000000000	0.99999999567402253
39.57031250000000000	1.00000000268653144
39.60937500000000000	1.00000000135276546
39.64843750000000000	1.00000000366091069
39.68750000000000000	0.99999999973062714
39.72656250000000000	1.00000000628486085
39.76562500000000000	1.00000000236854847
39.80468750000000000	1.00000000565640401
39.84375000000000000	1.00000000278528400
39.88281250000000000	1.00000000152535162
39.92187500000000000	1.00000000143162660
39.96093750000000000	1.00000000157095137
40.00000000000000000	1.00000000095336827
40.03906250000000000	1.00000000038470960
40.07812500000000000	1.00000000157240132
40.11718750000000000	0.99999999999110067
40.15625000000000000	1.00000000083453400
40.19531250000000000	1.00000000041304626
40.23437500000000000	1.00000000192352423
40.27343750000000000	1.00000000179674053
40.31250000000000000	1.00000000598065220
40.35156250000000000	1.00000000125792221
40.39062500000000000	0.99999999977095932
40.42968750000000000	1.00000000240896947
40.46875000000000000	0.99999999954088314
40.50781250000000000	0.99999999830412656
40.54687500000000000	0.99999999765398440
40.58593750000000000	0.99999999838684106
40.62500000000000000	1.00000000477625228
40.66406250000000000	0.99999999624113689
40.70312500000000000	1.00000000387167631
40.74218750000000000	0.99999999312586363
40.78125000000000000	1.00000000173037407
40.82031250000000000	0.99999999056573274
40.85937500000000000	1.00000000249621124
40.89843750000000000	0.99999998854899941
40.93750000000000000	1.00000000218364082
40.97656250000000000	0.99999998595989825
41.01562500000000000	1.00000000197141614
41.05468750000000000	0.99999998429835135
41.09375000000000000	1.00000000092717078
41.13281250000000000	0.99999998456883177
41.17187500000000000	1.00000000132887923
41.21093750000000000	0.99999998452123806
41.25000000000000000	1.00000000068958128
41.28906250000000000	0.99999998422938574
41.32812500000000000	1.00000000046905946
41.36718750000000000	0.99999998480783481
41.40625000000000000	1.00000000032676239
41.44531250000000000	0.99999998508186994
41.48437500000000000	0.99999999994485445
41.52343750000000000	0.99999998568530168
41.56250000000000000	1.00000000133485245
41.60156250000000000	0.99999998638790288
41.64062500000000000	1.00000000069807937
41.67968750000000000	0.99999998693548109
41.71875000000000000	1.00000000067452910
41.75781250000000000	0.99999998752592778
41.79687500000000000	1.00000000017718427
41.83593750000000000	0.99999998758237107
41.87500000000000000	1.00000000194036209
41.91406250000000000	0.99999998807002977
41.95312500000000000	1.00000000019074475
41.99218750000000000	0.99999998896355835
42.03125000000000000	1.00000000006998069
42.07031250000000000	0.99999998920461419
42.10937500000000000	0.99999999902913961
42.14843750000000000	0.99999998947129265
42.18750000000000000	0.99999999967968967
42.22656250000000000	0.99999998996996475
42.26562500000000000	0.99999999930774475
42.30468750000000000	0.99999999006213458
42.34375000000000000	0.99999999922835758
42.38281250000000000	0.99999999065811396
42.42187500000000000	0.99999999916814286
42.46093750000000000	0.99999999009988982
42.50000000000000000	1.00000000045398507
42.53906250000000000	0.99999999106960125
42.57812500000000000	1.00000000025349323
42.61718750000000000	0.99999999036573517
42.65625000000000000	1.00000000031844682
42.69531250000000000	0.99999999135438655
42.73437500000000000	1.00000000127823108
42.77343750000000000	0.99999999073073653
42.81250000000000000	1.00000000093728603
42.85156250000000000	0.99999999063972367
42.89062500000000000	1.00000000019506685
42.92968750000000000	0.99999998988933458
42.96875000000000000	0.99999999971114240
43.00781250000000000	0.99999998908358090
43.04687500000000000	1.00000000074601503
43.08593750000000000	0.99999998835911119
43.12500000000000000	0.99999999944900042
43.16406250000000000	0.99999998860192540
43.20312500000000000	0.99999999958723695
43.24218750000000000	0.99999998743698426
43.28125000000000000	0.99999999880709822
43.32031250000000000	0.99999998773045407
43.35937500000000000	0.99999999897406733
43.39843750000000000	0.99999998819002422
43.43750000000000000	0.99999999977094378
43.47656250000000000	0.99999998843945781
43.51562500000000000	1.00000000076206952
43.55468750000000000	0.99999998932426681
43.59375000000000000	1.00000000064019545
43.63281250000000000	0.99999998917763011
43.67187500000000000	1.00000000104049613
43.71093750000000000	0.99999998943699686
43.75000000000000000	1.00000000138672362
43.78906250000000000	0.99999998935663181
43.82812500000000000	1.00000000135725253
43.86718750000000000	0.99999998945338386
43.90625000000000000	1.00000000097588382
43.94531250000000000	0.99999998881363772
43.98437500000000000	1.00000000108131748
44.02343750000000000	0.99999998788482125
44.06250000000000000	1.00000000039657855
44.10156250000000000	0.99999998840306759
44.14062500000000000	1.00000000006886069
44.17968750000000000	0.99999998881720387
44.21875000000000000	1.00000000167336744
44.25781250000000000	0.99999998836950010
44.29687500000000000	1.00000000025425084
44.33593750000000000	0.99999998847080496
44.37500000000000000	0.99999999984219623
44.41406250000000000	0.99999998984016913
44.45312500000000000	1.00000000129838695
44.49218750000000000	0.99999998995879513
44.53125000000000000	1.00000000116358345
44.57031250000000000	0.99999998882902985
44.60937500000000000	1.00000000225164865
44.64843750000000000	0.99999998739618223
44.68750000000000000	0.99999999965521769
44.72656250000000000	0.99999998686733571
44.76562500000000000	0.99999999896411262
44.80468750000000000	0.99999998671220247
44.84375000000000000	0.99999999995985978
44.88281250000000000	0.99999998628629727
44.92187500000000000	1.00000000042229864
44.96093750000000000	0.99999998672205892
45.00000000000000000	0.99999999942133966
45.03906250000000000	0.99999998658883138
45.07812500000000000	0.99999999975909448
45.11718750000000000	0.99999998736445705
45.15625000000000000	0.99999999889741487
45.19531250000000000	0.99999998778649224
45.23437500000000000	0.99999999982105958
45.27343750000000000	0.99999998999905826
45.31250000000000000	0.99999999881363288
45.35156250000000000	0.99999998961411773
45.39062500000000000	1.00000000015014101
45.42968750000000000	0.99999999034319742
45.46875000000000000	0.99999999927076944
45.50781250000000000	0.99999999061114875
45.54687500000000000	0.99999999991098765
45.58593750000000000	0.99999999046644283
45.62500000000000000	0.99999999944695550
45.66406250000000000	0.99999998962734327
45.70312500000000000	0.99999999846998955
45.74218750000000000	0.99999998955487890
45.78125000000000000	0.99999999926829497
45.82031250000000000	0.99999998877344598
45.85937500000000000	0.99999999997531419
45.89843750000000000	0.99999998919029898
45.93750000000000000	0.99999999923580263
45.97656250000000000	0.99999998883823360
46.01562500000000000	0.99999999991156885
46.05468750000000000	0.99999998910838084
46.09375000000000000	1.00000000059025562
46.13281250000000000	0.99999999010465190
46.17187500000000000	1.00000000080237816
46.21093750000000000	0.99999999061148137
46.25000000000000000	1.00000000165387792
46.28906250000000000	0.99999999079488133
46.32812500000000000	1.00000000143257450
46.36718750000000000	0.99999999082535929
46.40625000000000000	1.00000000168630021
46.44531250000000000	0.99999999095416303
46.48437500000000000	1.00000000127442079
46.52343750000000000	0.99999999151306029
46.56250000000000000	1.00000000150004120
46.60156250000000000	0.99999999112431992
46.64062500000000000	1.00000000050927285
46.67968750000000000	0.99999999014212315
46.71875000000000000	1.00000000080730822
46.75781250000000000	0.99999998954755642
46.79687500000000000	1.00000000084190699
46.83593750000000000	0.99999998939360746
46.87500000000000000	1.00000000049396376
46.91406250000000000	0.99999999003576412
46.95312500000000000	1.00000000125218591
46.99218750000000000	0.99999998946609281
47.03125000000000000	1.00000000137805323
47.07031250000000000	0.99999998961535919
47.10937500000000000	1.00000000101198183
47.14843750000000000	0.99999998957881520
47.18750000000000000	1.00000000114190390
47.22656250000000000	0.99999998947351898
47.26562500000000000	1.00000000127719857
47.30468750000000000	0.99999998835389003
47.34375000000000000	1.00000000048013704
47.38281250000000000	0.99999998785755650
47.42187500000000000	1.00000000007771384
47.46093750000000000	0.99999998745428653
47.50000000000000000	0.99999999965257957
47.53906250000000000	0.99999998761969888
47.57812500000000000	1.00000000032262681
47.61718750000000000	0.99999998725421779
47.65625000000000000	1.00000000009698842
47.69531250000000000	0.99999998824318292
47.73437500000000000	1.00000000105264353
47.77343750000000000	0.99999998799428946
47.81250000000000000	1.00000000034690650
47.85156250000000000	0.99999998841660576
47.89062500000000000	1.00000000189215799
47.92968750000000000	0.99999998926386346
47.96875000000000000	1.00000000105918141
48.00781250000000000	0.99999998981497173
48.04687500000000000	1.00000000101437014
48.08593750000000000	0.99999998956602176
48.12500000000000000	1.00000000143357282
48.16406250000000000	0.99999998889058150
48.20312500000000000	1.00000000078924822
48.24218750000000000	0.99999998974903326
48.28125000000000000	0.99999999957039731
48.32031250000000000	0.99999998890844799
48.35937500000000000	1.00000000002137446
48.39843750000000000	0.99999998967834491
48.43750000000000000	0.99999999991617272
48.47656250000000000	0.99999999021215957
48.51562500000000000	0.99999999977375775
48.55468750000000000	0.99999999144453688
48.59375000000000000	0.99999999999022526
48.63281250000000000	0.99999999121347183
48.67187500000000000	1.00000000036572678
48.71093750000000000	0.99999999153118324
48.75000000000000000	1.00000000069611561
48.78906250000000000	0.99999999158803354
48.82812500000000000	1.00000000039804182
48.86718750000000000	0.99999999129313522
48.90625000000000000	1.00000000078614004
48.94531250000000000	0.99999999107301185
48.98437500000000000	1.00000000027721736
49.02343750000000000	0.99999999129377515
49.06250000000000000	1.00000000026067815
49.10156250000000000	0.99999999036903642
49.14062500000000000	0.99999999998782041
49.17968750000000000	0.99999999068947798
49.21875000000000000	1.00000000038092263
49.25781250000000000	0.99999999010912843
49.29687500000000000	0.99999999877263879
49.33593750000000000	0.99999999061981937
49.37500000000000000	0.99999999943511375
49.41406250000000000	0.99999999035148435
49.45312500000000000	0.99999999964900543
49.49218750000000000	0.99999999044522647
49.53125000000000000	1.00000000178682980
49.57031250000000000	0.99999999108804460
49.60937500000000000	0.99999999938851225
49.64843750000000000	0.99999999019102503
49.68750000000000000	1.00000000093294794
49.72656250000000000	0.99999998936172563
49.76562500000000000	0.99999999811432627
49.80468750000000000	0.99999999040730070
49.84375000000000000	1.00000000085741325
49.88281250000000000	0.99999998997590522
49.92187500000000000	1.00000000064038175
49.96093750000000000	0.99999998990960459
50.00000000000000000	1.00000000012226709
50.03906250000000000	0.99999998947894786
50.07812500000000000	0.99999999966357955
50.11718750000000000	0.99999998900089249
50.15625000000000000	0.99999999943339035
50.19531250000000000	0.99999998915671873
50.23437500000000000	1.00000000009512213
50.27343750000000000	0.99999998973590920
50.31250000000000000	1.00000000147014889
50.35156250000000000	0.99999999047814947
50.39062500000000000	0.99999999962806729
50.42968750000000000	0.99999999029801934
50.46875000000000000	0.99999999951449769
50.50781250000000000	0.99999999073378976
50.54687500000000000	1.00000000107709908
50.58593750000000000	0.99999999055641819
50.62500000000000000	1.00000000110194831
50.66406250000000000	0.99999999108213999
50.70312500000000000	1.00000000147105972
50.74218750000000000	0.99999999008379359
50.78125000000000000	1.00000000052630433
50.82031250000000000	0.99999998954278568
50.85937500000000000	0.99999999928252292
50.89843750000000000	0.99999998924079214
50.93750000000000000	0.99999999868077627
50.97656250000000000	0.99999998960815661
51.01562500000000000	0.99999999986564203
51.05468750000000000	0.99999998930307676
51.09375000000000000	0.99999999928098615
51.13281250000000000	0.99999998946303159
51.17187500000000000	0.99999999986584631
51.21093750000000000	0.99999998960596082
51.25000000000000000	0.99999999962237618
51.28906250000000000	0.99999998994807160
51.32812500000000000	1.00000000010141421
51.36718750000000000	0.99999999006611262
51.40625000000000000	1.00000000027825386
51.44531250000000000	0.99999999036321252
51.48437500000000000	0.99999999962803421
51.52343750000000000	0.99999999024067621
51.56250000000000000	1.00000000016475377
51.60156250000000000	0.99999998991001615
51.64062500000000000	1.00000000066583072
51.67968750000000000	0.99999998978470439
51.71875000000000000	0.99999999971378151
51.75781250000000000	0.99999998955251534
51.79687500000000000	0.99999999928298411
51.83593750000000000	0.99999998971170045
51.87500000000000000	0.99999999999045419
51.91406250000000000	0.99999998968355519
51.95312500000000000	1.00000000045177773
51.99218750000000000	0.99999998947871016
52.03125000000000000	1.00000000074244100
52.07031250000000000	0.99999998963137338
52.10937500000000000	1.00000000033961101
52.14843750000000000	0.99999998954204028
52.18750000000000000	1.00000000092447272
52.22656250000000000	0.99999998909492438
52.26562500000000000	1.00000000079881324
52.30468750000000000	0.99999998913065613
52.34375000000000000	1.00000000057952221
52.38281250000000000	0.99999998920594912
52.42187500000000000	1.00000000011946621
52.46093750000000000	0.99999998900088416
52.50000000000000000	1.00000000004508882
52.53906250000000000	0.99999998847398530
52.57812500000000000	1.00000000033497849
52.61718750000000000	0.99999998841629179
52.65625000000000000	0.99999999936475037
52.69531250000000000	0.99999998812257118
52.73437500000000000	0.99999999993866406
52.77343750000000000	0.99999998808913793
52.81250000000000000	0.99999999999316280
52.85156250000000000	0.99999998889416564
52.89062500000000000	0.99999999964653130
52.92968750000000000	0.99999998994815886
52.96875000000000000	0.99999999950919716
53.00781250000000000	0.99999998908199705
53.04687500000000000	1.00000000065724626
53.08593750000000000	0.99999998884450425
53.12500000000000000	0.99999999985423516
53.16406250000000000	0.99999998836724835
53.20312500000000000	1.00000000057974536
53.24218750000000000	0.99999998861304362
53.28125000000000000	1.00000000062443251
53.32031250000000000	0.99999998870519757
53.35937500000000000	1.00000000020557800
53.39843750000000000	0.99999998879925989
53.43750000000000000	0.99999999999951206
53.47656250000000000	0.99999998905970622
53.51562500000000000	0.99999999989273325
53.55468750000000000	0.99999998872658591
53.59375000000000000	1.00000000083241525
53.63281250000000000	0.99999998901244280
53.67187500000000000	1.00000000047151194
53.71093750000000000	0.99999998911068233
53.75000000000000000	1.00000000084233598
53.78906250000000000	0.99999998906247789
53.82812500000000000	1.00000000057443073
53.86718750000000000	0.99999998907090848
53.90625000000000000	1.00000000093722607
53.94531250000000000	0.99999998888705499
53.98437500000000000	1.00000000000122280
54.02343750000000000	0.99999998899144926
54.06250000000000000	1.00000000040933013
54.10156250000000000	0.99999998846272287
54.14062500000000000	0.99999999989520250
54.17968750000000000	0.99999998845075966
54.21875000000000000	1.00000000056397886
54.25781250000000000	0.99999998785737587
54.29687500000000000	1.00000000026986879
54.33593750000000000	0.99999998733019546
54.37500000000000000	1.00000000003847478
54.41406250000000000	0.99999998809423774
54.45312500000000000	0.99999999968657793
54.49218750000000000	0.99999998856571937
54.53125000000000000	0.99999999993538657
54.57031250000000000	0.99999998923636391
54.60937500000000000	1.00000000091936414
54.64843750000000000	0.99999998906343690
54.68750000000000000	1.00000000050899396
54.72656250000000000	0.99999998919980104
54.76562500000000000	1.00000000063112604
54.80468750000000000	0.99999998895852560
54.84375000000000000	1.00000000040881032
54.88281250000000000	0.99999998870397155
54.92187500000000000	1.00000000005727818
54.96093750000000000	0.99999998866681361
55.00000000000000000	1.00000000012562795
55.03906250000000000	0.99999998859596861
55.07812500000000000	0.99999999948274942
55.11718750000000000	0.99999998853404892
55.15625000000000000	0.99999999885245605
55.19531250000000000	0.99999998823666947
55.23437500000000000	0.99999999882958224
55.27343750000000000	0.99999998899690068
55.31250000000000000	0.99999999935404771
55.35156250000000000	0.99999998956728076
55.39062500000000000	1.00000000019970559
55.42968750000000000	0.99999998992314554
55.46875000000000000	1.00000000134893519
55.50781250000000000	0.99999998969872506
55.54687500000000000	1.00000000060908900
55.58593750000000000	0.99999999063840506
55.62500000000000000	1.00000000007390755
55.66406250000000000	0.99999999088743685
55.70312500000000000	1.00000000044912585
55.74218750000000000	0.99999999058515610
55.78125000000000000	0.99999999996788103
55.82031250000000000	0.99999999119373850
55.85937500000000000	0.99999999946560048
55.89843750000000000	0.99999999038527509
55.93750000000000000	1.00000000013000268
55.97656250000000000	0.99999999002709505
56.01562500000000000	0.99999999963380093
56.05468750000000000	0.99999998993961514
56.09375000000000000	0.99999999912478832
56.13281250000000000	0.99999999034668974
56.17187500000000000	0.99999999941603490
56.21093750000000000	0.99999999079724555
56.25000000000000000	0.99999999994049282
56.28906250000000000	0.99999999096551084
56.32812500000000000	1.00000000002797829
56.36718750000000000	0.99999999139335738
56.40625000000000000	0.99999999950004792
56.44531250000000000	0.99999999152901109
56.48437500000000000	1.00000000022572011
56.52343750000000000	0.99999999191164768
56.56250000000000000	1.00000000021123969
56.60156250000000000	0.99999999218265834
56.64062500000000000	0.99999999993629030
56.67968750000000000	0.99999999275132301
56.71875000000000000	1.00000000000547007
56.75781250000000000	0.99999999272071727
56.79687500000000000	0.99999999959737262
56.83593750000000000	0.99999999268974460
56.87500000000000000	1.00000000046666826
56.91406250000000000	0.99999999303911435
56.95312500000000000	0.99999999940146800
56.99218750000000000	0.99999999408854368
57.03125000000000000	0.99999999985559618
57.07031250000000000	0.99999999410712703
57.10937500000000000	1.00000000055183413
57.14843750000000000	0.99999999452508004
57.18750000000000000	0.99999999973399167
57.22656250000000000	0.99999999538973849
57.26562500000000000	1.00000000041759574
57.30468750000000000	0.99999999574544862
57.34375000000000000	1.00000000069415340
57.38281250000000000	0.99999999586482213
57.42187500000000000	1.00000000110615539
57.46093750000000000	0.99999999555277030
57.50000000000000000	1.00000000066770744
57.53906250000000000	0.99999999541521911
57.57812500000000000	1.00000000017033353
57.61718750000000000	0.99999999509799153
57.65625000000000000	1.00000000119778631
57.69531250000000000	0.99999999511594939
57.73437500000000000	0.99999999950987839
57.77343750000000000	0.99999999412874818
57.81250000000000000	0.99999999976061271
57.85156250000000000	0.99999999336756429
57.89062500000000000	0.99999999897369496
57.92968750000000000	0.99999999299872111
57.96875000000000000	0.99999999930856387
58.00781250000000000	0.99999999361682301
58.04687500000000000	1.00000000001299583
58.08593750000000000	0.99999999410062024
58.12500000000000000	1.00000000003019718
58.16406250000000000	0.99999999422041497
58.20312500000000000	1.00000000077872042
58.24218750000000000	0.99999999459276934
58.28125000000000000	1.00000000062707683
58.32031250000000000	0.99999999563062725
58.35937500000000000	1.00000000043761017
58.39843750000000000	0.99999999519002214
58.43750000000000000	1.00000000119006782
58.47656250000000000	0.99999999538432982
58.51562500000000000	1.00000000006293921
58.55468750000000000	0.99999999499584391
58.59375000000000000	1.00000000004058776
58.63281250000000000	0.99999999447286791
58.67187500000000000	0.99999999998511546
58.71093750000000000	0.99999999411931051
58.75000000000000000	1.00000000001426614
58.78906250000000000	0.99999999415187935
58.82812500000000000	0.99999999981071941
58.86718750000000000	0.99999999328581168
58.90625000000000000	0.99999999955947472
58.94531250000000000	0.99999999317874422
58.98437500000000000	1.00000000031530623
59.02343750000000000	0.99999999302558384
59.06250000000000000	1.00000000009869972
59.10156250000000000	0.99999999260615569
59.14062500000000000	1.00000000007265233
59.17968750000000000	0.99999999177427112
59.21875000000000000	1.00000000057919936
59.25781250000000000	0.99999999042907584
59.29687500000000000	0.99999999826759534
59.33593750000000000	0.99999998892169584
59.37500000000000000	1.00000000038348702
59.41406250000000000	0.99999998780421784
59.45312500000000000	1.00000000040390846
59.49218750000000000	0.99999998781281829
59.53125000000000000	0.99999999633060799
59.57031250000000000	0.99999998801911194
59.60937500000000000	0.99999999937019790
59.64843750000000000	0.99999998914161770
59.68750000000000000	0.99999999856375754
59.72656250000000000	0.99999998788653943
59.76562500000000000	0.99999999805792306
59.80468750000000000	0.99999998748160701
59.84375000000000000	1.00000000074158590
59.88281250000000000	0.99999998907482912
59.92187500000000000	0.99999999930173467
59.96093750000000000	0.99999998976035198
60.00000000000000000	1.00000000014106405
60.03906250000000000	0.99999999026720165
60.07812500000000000	1.00000000122888144
60.11718750000000000	0.99999999081457625
60.15625000000000000	1.00000000055887606
60.19531250000000000	0.99999999058413369
60.23437500000000000	1.00000000220381602
60.27343750000000000	0.99999999070716139
60.31250000000000000	0.99999999904465797
60.35156250000000000	0.99999998909112231
60.39062500000000000	1.00000000050956972
60.42968750000000000	0.99999998845218963
60.46875000000000000	1.00000000096363584
60.50781250000000000	0.99999998643379873
60.54687500000000000	0.99999999985433041
60.58593750000000000	0.99999998540302848
60.62500000000000000	0.99999999989214938
60.66406250000000000	0.99999998624507691
60.70312500000000000	0.99999999992901489
60.74218750000000000	0.99999998706174664
60.78125000000000000	0.99999999981587140
60.82031250000000000	0.99999998694295011
60.85937500000000000	1.00000000020348812
60.89843750000000000	0.99999998726238892
60.93750000000000000	1.00000000114628862
60.97656250000000000	0.99999998742817120
61.01562500000000000	1.00000000059911276
61.05468750000000000	0.99999998747965391
61.09375000000000000	1.00000000071299389
61.13281250000000000	0.99999998729187833
61.17187500000000000	1.00000000105561937
61.21093750000000000	0.99999998725033101
61.25000000000000000	1.00000000036142467
61.28906250000000000	0.99999998689247804
61.32812500000000000	1.00000000051813132
61.36718750000000000	0.99999998691558245
61.40625000000000000	1.00000000072807360
61.44531250000000000	0.99999998675717860
61.48437500000000000	1.00000000003874923
61.52343750000000000	0.99999998685639235
61.56250000000000000	1.00000000029273894
61.60156250000000000	0.99999998736119933
61.64062500000000000	1.00000000057523764
61.67968750000000000	0.99999998771254539
61.71875000000000000	1.00000000042830717
61.75781250000000000	0.99999998786966615
61.79687500000000000	1.00000000053478111
61.83593750000000000	0.99999998860247807
61.87500000000000000	1.00000000043092974
61.91406250000000000	0.99999998828237613
61.95312500000000000	1.00000000048336912
61.99218750000000000	0.99999998895564357
62.03125000000000000	1.00000000030883029
62.07031250000000000	0.99999998918121302
62.10937500000000000	0.99999999962798813
62.14843750000000000	0.99999998894712494
62.18750000000000000	0.99999999943130746
62.22656250000000000	0.99999998922482825
62.26562500000000000	0.99999999937193540
62.30468750000000000	0.99999998951176938
62.34375000000000000	0.99999999960015262
62.38281250000000000	0.99999998989300565
62.42187500000000000	0.99999999928520134
62.46093750000000000	0.99999999011767804
62.50000000000000000	0.99999999967914255
62.53906250000000000	0.99999999019886576
62.57812500000000000	0.99999999933936989
62.61718750000000000	0.99999999064842748
62.65625000000000000	0.99999999987747512
62.69531250000000000	0.99999999063618339
62.73437500000000000	0.99999999933709904
62.77343750000000000	0.99999999090901293
62.81250000000000000	0.99999999995399580
62.85156250000000000	0.99999999101157822
62.89062500000000000	0.99999999954863872
62.92968750000000000	0.99999999140290152
62.96875000000000000	1.00000000004648970
63.00781250000000000	0.99999999123005967
63.04687500000000000	0.99999999950377927
63.08593750000000000	0.99999999079977930
63.12500000000000000	0.99999999960145880
63.16406250000000000	0.99999999117142846
63.20312500000000000	0.99999999901820025
63.24218750000000000	0.99999999050631727
63.28125000000000000	0.99999999954436791
63.32031250000000000	0.99999999093052894
63.35937500000000000	0.99999999981750287
63.39843750000000000	0.99999999069074341
63.43750000000000000	0.99999999972616194
63.47656250000000000	0.99999999068887502
63.51562500000000000	0.99999999978532739
63.55468750000000000	0.99999999023724784
63.59375000000000000	0.99999999999281908
63.63281250000000000	0.99999999020627739
63.67187500000000000	1.00000000039385228
63.71093750000000000	0.99999998989792427
63.75000000000000000	1.00000000021433655
63.78906250000000000	0.99999998999359119
63.82812500000000000	1.00000000070308026
63.86718750000000000	0.99999998952269964
63.90625000000000000	1.00000000051687432
63.94531250000000000	0.99999998885310115
63.98437500000000000	1.00000000038993431
64.02343750000000000	0.99999998836816151
64.06250000000000000	0.99999999951089447
64.10156250000000000	0.99999998825221714
64.14062500000000000	0.99999999998554312
64.17968750000000000	0.99999998815893432
64.21875000000000000	1.00000000036301429
64.25781250000000000	0.99999998779728749
64.29687500000000000	1.00000000035721492
64.33593750000000000	0.99999998684182156
64.37500000000000000	0.99999999989764843
64.41406250000000000	0.99999998702931114
64.45312500000000000	0.99999999975121889
64.49218750000000000	0.99999998801791790
64.53125000000000000	1.00000000028559333
64.57031250000000000	0.99999998749104868
64.60937500000000000	1.00000000061242877
64.64843750000000000	0.99999998739677731
64.68750000000000000	1.00000000010127166
64.72656250000000000	0.99999998767702769
64.76562500000000000	0.99999999956875618
64.80468750000000000	0.99999998732522000
64.84375000000000000	0.99999999932337891
64.88281250000000000	0.99999998809431734
64.92187500000000000	0.99999999964056596
64.96093750000000000	0.99999998827421110
65.00000000000000000	0.99999999978711807
65.03906250000000000	0.99999998788750866
65.07812500000000000	1.00000000030996161
65.11718750000000000	0.99999998798633327
65.15625000000000000	1.00000000012385892
65.19531250000000000	0.99999998863455464
65.23437500000000000	1.00000000035922421
65.27343750000000000	0.99999998936411438
65.31250000000000000	1.00000000040933701
65.35156250000000000	0.99999998860595163
65.39062500000000000	1.00000000077447893
65.42968750000000000	0.99999998914632404
65.46875000000000000	1.00000000063934658
65.50781250000000000	0.99999999055689293
65.54687500000000000	1.00000000077843465
65.58593750000000000	0.99999999152081298
65.62500000000000000	1.00000000101629527
65.66406250000000000	0.99999999202982948
65.70312500000000000	1.00000000109008047
65.74218750000000000	0.99999999192623279
65.78125000000000000	1.00000000063533134
65.82031250000000000	0.99999999264608697
65.85937500000000000	0.99999999979175302
65.89843750000000000	0.99999999252395921
65.93750000000000000	1.00000000011279200
65.97656250000000000	0.99999999261859507
66.01562500000000000	1.00000000020835578
66.05468750000000000	0.99999999288262165
66.09375000000000000	1.00000000017420909
66.13281250000000000	0.99999999295883701
66.17187500000000000	1.00000000020375013
66.21093750000000000	0.99999999334188483
66.25000000000000000	1.00000000038773829
66.28906250000000000	0.99999999380354920
66.32812500000000000	1.00000000032641401
66.36718750000000000	0.99999999399942308
66.40625000000000000	1.00000000026410296
66.44531250000000000	0.99999999403760753
66.48437500000000000	1.00000000042176329
66.52343750000000000	0.99999999348503288
66.56250000000000000	0.99999999996897571
66.60156250000000000	0.99999999313941645
66.64062500000000000	0.99999999965450370
66.67968750000000000	0.99999999310397136
66.71875000000000000	0.99999999985416910
66.75781250000000000	0.99999999270795192
66.79687500000000000	0.99999999948156681
66.83593750000000000	0.99999999247556248
66.87500000000000000	0.99999999907082915
66.91406250000000000	0.99999999277047791
66.95312500000000000	1.00000000016942758
66.99218750000000000	0.99999999333313816
67.03125000000000000	0.99999999943968265
67.07031250000000000	0.99999999352545088
67.10937500000000000	1.00000000007929457
67.14843750000000000	0.99999999423817709
67.18750000000000000	1.00000000002942402
67.22656250000000000	0.99999999455984467
67.26562500000000000	0.99999999993052702
67.30468750000000000	0.99999999493737546
67.34375000000000000	0.99999999968539588
67.38281250000000000	0.99999999494455449
67.42187500000000000	0.99999999949019092
67.46093750000000000	0.99999999453887889
67.50000000000000000	0.99999999959917663
67.53906250000000000	0.99999999453538624
67.57812500000000000	0.99999999946026530
67.61718750000000000	0.99999999451836397
67.65625000000000000	0.99999999911906745
67.69531250000000000	0.99999999471575074
67.73437500000000000	0.99999999917188065
67.77343750000000000	0.99999999477552559
67.81250000000000000	0.99999999962483532
67.85156250000000000	0.99999999546577478
67.89062500000000000	1.00000000029834002
67.92968750000000000	0.99999999551893148
67.96875000000000000	0.99999999949426255
68.00781250000000000	0.99999999562286479
68.04687500000000000	1.00000000067094885
68.08593750000000000	0.99999999614491897
68.12500000000000000	1.00000000064501537
68.16406250000000000	0.99999999535249628
68.20312500000000000	1.00000000078237461
68.24218750000000000	0.99999999511024229
68.28125000000000000	1.00000000083207952
68.32031250000000000	0.99999999407111284
68.35937500000000000	1.00000000044669002
68.39843750000000000	0.99999999331256684
68.43750000000000000	1.00000000027739855
68.47656250000000000	0.99999999307400844
68.51562500000000000	0.99999999965656095
68.55468750000000000	0.99999999286188446
68.59375000000000000	1.00000000011468471
68.63281250000000000	0.99999999253534133
68.67187500000000000	0.99999999976434084
68.71093750000000000	0.99999999255298966
68.75000000000000000	1.00000000020383695
68.78906250000000000	0.99999999231531200
68.82812500000000000	1.00000000033494785
68.86718750000000000	0.99999999262263151
68.90625000000000000	1.00000000079446916
68.94531250000000000	0.99999999227291381
68.98437500000000000	1.00000000076559226
69.02343750000000000	0.99999999242646365
69.06250000000000000	1.00000000094630215
69.10156250000000000	0.99999999222061231
69.14062500000000000	1.00000000049843329
69.17968750000000000	0.99999999223065994
69.21875000000000000	1.00000000131848044
69.25781250000000000	0.99999999182297472
69.29687500000000000	1.00000000038260506
69.33593750000000000	0.99999999194238398
69.37500000000000000	1.00000000101059872
69.41406250000000000	0.99999999210335322
69.45312500000000000	1.00000000061491701
69.49218750000000000	0.99999999268164896
69.53125000000000000	1.00000000069250494
69.57031250000000000	0.99999999306979404
69.60937500000000000	1.00000000065189654
69.64843750000000000	0.99999999249983129
69.68750000000000000	1.00000000048976667
69.72656250000000000	0.99999999249055949
69.76562500000000000	1.00000000056573546
69.80468750000000000	0.99999999285746966
69.84375000000000000	1.00000000042335779
69.88281250000000000	0.99999999397759309
69.92187500000000000	1.00000000110824083
69.96093750000000000	0.99999999307873733
70.00000000000000000	1.00000000093476293
70.03906250000000000	0.99999999259782513
70.07812500000000000	1.00000000002142153
70.11718750000000000	0.99999999233679704
70.15625000000000000	0.99999999973537379
70.19531250000000000	0.99999999220863400
70.23437500000000000	1.00000000020735347
70.27343750000000000	0.99999999238764337
70.31250000000000000	1.00000000000933675
70.35156250000000000	0.99999999169304699
70.39062500000000000	0.99999999924695293
70.42968750000000000	0.99999999153373687
70.46875000000000000	0.99999999950101492
70.50781250000000000	0.99999999105769533
70.54687500000000000	1.00000000022699553
70.58593750000000000	0.99999999101018611
70.62500000000000000	0.99999999912744297
70.66406250000000000	0.99999999203262691
70.70312500000000000	1.00000000038720027
70.74218750000000000	0.99999999286573582
70.78125000000000000	1.00000000029588287
70.82031250000000000	0.99999999298194098
70.85937500000000000	1.00000000081454576
70.89843750000000000	0.99999999326903077
70.93750000000000000	1.00000000049414628
70.97656250000000000	0.99999999356186486
71.01562500000000000	1.00000000078567153
71.05468750000000000	0.99999999339769030
71.09375000000000000	1.00000000064780892
71.13281250000000000	0.99999999322224709
71.17187500000000000	0.99999999992300193
71.21093750000000000	0.99999999335839262
71.25000000000000000	0.99999999955524443
71.28906250000000000	0.99999999372025838
71.32812500000000000	0.99999999941578510
71.36718750000000000	0.99999999396600914
71.40625000000000000	0.99999999968828845
71.44531250000000000	0.99999999414311236
71.48437500000000000	0.99999999980823562
71.52343750000000000	0.99999999506771098
71.56250000000000000	1.00000000012078072
71.60156250000000000	0.99999999533219974
71.64062500000000000	1.00000000024409585
71.67968750000000000	0.99999999581577670
71.71875000000000000	0.99999999979884280
71.75781250000000000	0.99999999595690159
71.79687500000000000	0.99999999966499875
71.83593750000000000	0.99999999608947243
71.87500000000000000	0.99999999938715234
71.91406250000000000	0.99999999512125559
71.95312500000000000	0.99999999947629825
71.99218750000000000	0.99999999490470914
72.03125000000000000	0.99999999963968145
72.07031250000000000	0.99999999455191002
72.10937500000000000	0.99999999894126812
72.14843750000000000	0.99999999430833408
72.18750000000000000	0.99999999967582132
72.22656250000000000	0.99999999436886544
72.26562500000000000	0.99999999923467353
72.30468750000000000	0.99999999407753981
72.34375000000000000	0.99999999956381935
72.38281250000000000	0.99999999401011441
72.42187500000000000	0.99999999987484134
72.46093750000000000	0.99999999398477390
72.50000000000000000	1.00000000051428350
72.53906250000000000	0.99999999396999906
72.57812500000000000	1.00000000085603125
72.61718750000000000	0.99999999386461191
72.65625000000000000	1.00000000066505423
72.69531250000000000	0.99999999355187208
72.73437500000000000	1.00000000040085801
72.77343750000000000	0.99999999323210265
72.81250000000000000	1.00000000010484258
72.85156250000000000	0.99999999302527565
72.89062500000000000	0.99999999968730080
72.92968750000000000	0.99999999220783742
72.96875000000000000	0.99999999998008970
73.00781250000000000	0.99999999203812251
73.04687500000000000	0.99999999971056663
73.08593750000000000	0.99999999184724742
73.12500000000000000	1.00000000010467960
73.16406250000000000	0.99999999209389889
73.20312500000000000	0.99999999976234233
73.24218750000000000	0.99999999229589032
73.28125000000000000	1.00000000023496982
73.32031250000000000	0.99999999223946712
73.35937500000000000	1.00000000065667072
73.39843750000000000	0.99999999252197214
73.43750000000000000	1.00000000075622597
73.47656250000000000	0.99999999251268079
73.51562500000000000	1.00000000075849926
73.55468750000000000	0.99999999259450456
73.59375000000000000	1.00000000061300454
73.63281250000000000	0.99999999274485230
73.67187500000000000	1.00000000003777467
73.71093750000000000	0.99999999281071250
73.75000000000000000	1.00000000018225199
73.78906250000000000	0.99999999256746397
73.82812500000000000	0.99999999983810561
73.86718750000000000	0.99999999241410364
73.90625000000000000	0.99999999976624643
73.94531250000000000	0.99999999228155734
73.98437500000000000	0.99999999954340524
74.02343750000000000	0.99999999202543099
74.06250000000000000	0.99999999995441513
74.10156250000000000	0.99999999235065717
74.14062500000000000	1.00000000013441337
74.17968750000000000	0.99999999228893000
74.21875000000000000	0.99999999986328736
74.25781250000000000	0.99999999160112807
74.29687500000000000	1.00000000012157475
74.33593750000000000	0.99999999111754934
74.37500000000000000	1.00000000028565084
74.41406250000000000	0.99999999167534637
74.45312500000000000	1.00000000001253397
74.49218750000000000	0.99999999222275615
74.53125000000000000	1.00000000033795722
74.57031250000000000	0.99999999304838982
74.60937500000000000	1.00000000020420488
74.64843750000000000	0.99999999295393704
74.68750000000000000	0.99999999962515607
74.72656250000000000	0.99999999320398036
74.76562500000000000	0.99999999967935782
74.80468750000000000	0.99999999307035925
74.84375000000000000	0.99999999990888699
74.88281250000000000	0.99999999257113548
74.92187500000000000	0.99999999948299467
74.96093750000000000	0.99999999238289972
75.00000000000000000	0.99999999961020092
75.03906250000000000	0.99999999246568161
75.07812500000000000	0.99999999986997035
75.11718750000000000	0.99999999286818309
75.15625000000000000	0.99999999996309474
75.19531250000000000	0.99999999251033556
75.23437500000000000	0.99999999929851979
75.27343750000000000	0.99999999254404615
75.31250000000000000	0.99999999982972332
75.35156250000000000	0.99999999271253837
75.39062500000000000	1.00000000026014768
75.42968750000000000	0.99999999233643944
75.46875000000000000	1.00000000075019302
75.50781250000000000	0.99999999240079085
75.54687500000000000	1.00000000067658035
75.58593750000000000	0.99999999272781892
75.62500000000000000	1.00000000032599967
75.66406250000000000	0.99999999256803551
75.70312500000000000	0.99999999964497466
75.74218750000000000	0.99999999226115566
75.78125000000000000	0.99999999969826348
75.82031250000000000	0.99999999240389226
75.85937500000000000	0.99999999996070188
75.89843750000000000	0.99999999233192283
75.93750000000000000	0.99999999985044030
75.97656250000000000	0.99999999210258572
76.01562500000000000	1.00000000037083270
76.05468750000000000	0.99999999238153270
76.09375000000000000	1.00000000010725509
76.13281250000000000	0.99999999226954328
76.17187500000000000	1.00000000029672176
76.21093750000000000	0.99999999214711499
76.25000000000000000	1.00000000042252846
76.28906250000000000	0.99999999213705926
76.32812500000000000	1.00000000052762528
76.36718750000000000	0.99999999203085588
76.40625000000000000	1.00000000037199377
76.44531250000000000	0.99999999207756340
76.48437500000000000	1.00000000036009440
76.52343750000000000	0.99999999177186716
76.56250000000000000	1.00000000025746338
76.60156250000000000	0.99999999161226549
76.64062500000000000	1.00000000028105385
76.67968750000000000	0.99999999150693719
76.71875000000000000	0.99999999971261699
76.75781250000000000	0.99999999124360106
76.79687500000000000	0.99999999962861386
76.83593750000000000	0.99999999069512724
76.87500000000000000	0.99999999985012433
76.91406250000000000	0.99999999096862680
76.95312500000000000	1.00000000074812401
76.99218750000000000	0.99999999166479026
77.03125000000000000	0.99999999938653483
77.07031250000000000	0.99999999181742960
77.10937500000000000	1.00000000064859429
77.14843750000000000	0.99999999148535668
77.18750000000000000	0.99999999970842801
77.22656250000000000	0.99999999155272390
77.26562500000000000	1.00000000005207323
77.30468750000000000	0.99999999185786392
77.34375000000000000	1.00000000007257461
77.38281250000000000	0.99999999188965638
77.42187500000000000	1.00000000040227333
77.46093750000000000	0.99999999185798327
77.50000000000000000	0.99999999975970078
77.53906250000000000	0.99999999167022635
77.57812500000000000	0.99999999978738596
77.61718750000000000	0.99999999187332733
77.65625000000000000	1.00000000002408029
77.69531250000000000	0.99999999169175624
77.73437500000000000	1.00000000024850788
77.77343750000000000	0.99999999177536525
77.81250000000000000	1.00000000020966429
77.85156250000000000	0.99999999134070727
77.89062500000000000	0.99999999978002874
77.92968750000000000	0.99999999159679132
77.96875000000000000	1.00000000070588890
78.00781250000000000	0.99999999170888609
78.04687500000000000	1.00000000069597550
78.08593750000000000	0.99999999228776248
78.12500000000000000	1.00000000060520611
78.16406250000000000	0.99999999232911108
78.20312500000000000	0.99999999949647600
78.24218750000000000	0.99999999236988235
78.28125000000000000	1.00000000051500315
78.32031250000000000	0.99999999214992730
78.35937500000000000	1.00000000059495808
78.39843750000000000	0.99999999271811990
78.43750000000000000	1.00000000052563598
78.47656250000000000	0.99999999212246393
78.51562500000000000	1.00000000005320455
78.55468750000000000	0.99999999193814926
78.59375000000000000	1.00000000007671663
78.63281250000000000	0.99999999204511625
78.67187500000000000	0.99999999966788122
78.71093750000000000	0.99999999210940482
78.75000000000000000	1.00000000005481859
78.78906250000000000	0.99999999222394376
78.82812500000000000	0.99999999996049482
78.86718750000000000	0.99999999227398506
78.90625000000000000	0.99999999940477047
78.94531250000000000	0.99999999216968183
78.98437500000000000	0.99999999954993835
79.02343750000000000	0.99999999221743019
79.06250000000000000	0.99999999963009356
79.10156250000000000	0.99999999344955781
79.14062500000000000	1.00000000023598057
79.17968750000000000	0.99999999392727723
79.21875000000000000	0.99999999958504449
79.25781250000000000	0.99999999378965554
79.29687500000000000	1.00000000267234679
79.33593750000000000	0.99999999389297267
79.37500000000000000	0.99999999814441987
79.41406250000000000	0.99999999380258153
79.45312500000000000	0.99999999972035858
79.49218750000000000	0.99999999306431231
79.53125000000000000	1.00000000194229854
79.57031250000000000	0.99999999016643426
79.60937500000000000	0.99999999928974981
79.64843750000000000	0.99999998988809402
79.68750000000000000	0.99999999991199284
79.72656250000000000	0.99999998716929916
79.76562500000000000	0.99999999850625965
79.80468750000000000	0.99999998689642589
79.84375000000000000	0.99999999985865173
79.88281250000000000	0.99999998849731697
79.92187500000000000	0.99999999998292821
79.96093750000000000	0.99999998844302385
80.00000000000000000	1.00000000002035705
80.03906250000000000	0.99999998883747310
80.07812500000000000	1.00000000022370616
80.11718750000000000	0.99999998887865582
80.15625000000000000	1.00000000078127393
80.19531250000000000	0.99999998905724430
80.23437500000000000	1.00000000048292637
80.27343750000000000	0.99999998896763920
80.31250000000000000	1.00000000145636836
80.35156250000000000	0.99999999231567771
80.39062500000000000	0.99999999940856288
80.42968750000000000	0.99999999240291271
80.46875000000000000	1.00000000055674887
80.50781250000000000	0.99999999243377558
80.54687500000000000	1.00000000287770985
80.58593750000000000	0.99999999262826500
80.62500000000000000	1.00000000148517376
80.66406250000000000	0.99999999514589999
80.70312500000000000	0.99999999924199134
80.74218750000000000	0.99999999450904375
80.78125000000000000	1.00000000059655014
80.82031250000000000	0.99999999388380822
80.85937500000000000	1.00000000020815949
80.89843750000000000	0.99999999372525639
80.93750000000000000	1.00000000037509085
80.97656250000000000	0.99999999268910600
81.01562500000000000	0.99999999978262755
81.05468750000000000	0.99999999230624204
81.09375000000000000	1.00000000004374701
81.13281250000000000	0.99999999210415402
81.17187500000000000	1.00000000004172018
81.21093750000000000	0.99999999198095391
81.25000000000000000	1.00000000003845990
81.28906250000000000	0.99999999209718105
81.32812500000000000	0.99999999990477961
81.36718750000000000	0.99999999214384461
81.40625000000000000	1.00000000010884493
81.44531250000000000	0.99999999198380041
81.48437500000000000	1.00000000024076674
81.52343750000000000	0.99999999178387766
81.56250000000000000	0.99999999958470775
81.60156250000000000	0.99999999189609257
81.64062500000000000	1.00000000011177637
81.67968750000000000	0.99999999209777402
81.71875000000000000	1.00000000016557089
81.75781250000000000	0.99999999199730605
81.79687500000000000	0.99999999986222166
81.83593750000000000	0.99999999200264944
81.87500000000000000	0.99999999980012388
81.91406250000000000	0.99999999196112244
81.95312500000000000	0.99999999915615145
81.99218750000000000	0.99999999173093279
82.03125000000000000	1.00000000038028691
82.07031250000000000	0.99999999217338009
82.10937500000000000	1.00000000029153346
82.14843750000000000	0.99999999213681523
82.18750000000000000	0.99999999954217245
82.22656250000000000	0.99999999228387237
82.26562500000000000	0.99999999996923106
82.30468750000000000	0.99999999226284986
82.34375000000000000	1.00000000017290880
82.38281250000000000	0.99999999288256025
82.42187500000000000	1.00000000027468405
82.46093750000000000	0.99999999285262187
82.50000000000000000	0.99999999994765976
82.53906250000000000	0.99999999268895179
82.57812500000000000	0.99999999996054290
82.61718750000000000	0.99999999252197980
82.65625000000000000	0.99999999990025090
82.69531250000000000	0.99999999284507468
82.73437500000000000	0.99999999978139520
82.77343750000000000	0.99999999305435849
82.81250000000000000	1.00000000057394400
82.85156250000000000	0.99999999310978394
82.89062500000000000	0.99999999986338373
82.92968750000000000	0.99999999353555147
82.96875000000000000	0.99999999981118759
83.00781250000000000	0.99999999353992730
83.04687500000000000	0.99999999978194498
83.08593750000000000	0.99999999333869927
83.12500000000000000	1.00000000015896839
83.16406250000000000	0.99999999334017919
83.20312500000000000	0.99999999990055244
83.24218750000000000	0.99999999354607805
83.28125000000000000	0.99999999987840316
83.32031250000000000	0.99999999323687727
83.35937500000000000	1.00000000001461964
83.39843750000000000	0.99999999314980781
83.43750000000000000	1.00000000055056892
83.47656250000000000	0.99999999304730169
83.51562500000000000	0.99999999989152466
83.55468750000000000	0.99999999301860865
83.59375000000000000	0.99999999994160516
83.63281250000000000	0.99999999248498173
83.67187500000000000	1.00000000007282153
83.71093750000000000	0.99999999256974137
83.75000000000000000	1.00000000034198822
83.78906250000000000	0.99999999269207129
83.82812500000000000	0.99999999995387789
83.86718750000000000	0.99999999275536744
83.90625000000000000	1.00000000014877055
83.94531250000000000	0.99999999275250073
83.98437500000000000	1.00000000020723334
84.02343750000000000	0.99999999311905974
84.06250000000000000	1.00000000003285239
84.10156250000000000	0.99999999343128065
84.14062500000000000	1.00000000015649992
84.17968750000000000	0.99999999354317048
84.21875000000000000	1.00000000085025476
84.25781250000000000	0.99999999343783774
84.29687500000000000	1.00000000011182411
84.33593750000000000	0.99999999348280155
84.37500000000000000	0.99999999977738463
84.41406250000000000	0.99999999376875082
84.45312500000000000	1.00000000029468983
84.49218750000000000	0.99999999324670619
84.53125000000000000	1.00000000005278600
84.57031250000000000	0.99999999368821579
84.60937500000000000	0.99999999985072929
84.64843750000000000	0.99999999394986894
84.68750000000000000	0.99999999997702005
84.72656250000000000	0.99999999406858997
84.76562500000000000	1.00000000011374679
84.80468750000000000	0.99999999419709229
84.84375000000000000	1.00000000025161073
84.88281250000000000	0.99999999430590880
84.92187500000000000	1.00000000017917290
84.96093750000000000	0.99999999405011941
85.00000000000000000	1.00000000003472445
85.03906250000000000	0.99999999373918014
85.07812500000000000	1.00000000044212101
85.11718750000000000	0.99999999354659852
85.15625000000000000	1.00000000010518741
85.19531250000000000	0.99999999348016322
85.23437500000000000	0.99999999979937848
85.27343750000000000	0.99999999261899031
85.31250000000000000	1.00000000002488276
85.35156250000000000	0.99999999252512317
85.39062500000000000	0.99999999958226693
85.42968750000000000	0.99999999273444395
85.46875000000000000	0.99999999961083508
85.50781250000000000	0.99999999334060874
85.54687500000000000	1.00000000018378921
85.58593750000000000	0.99999999361539593
85.62500000000000000	1.00000000112609211
85.66406250000000000	0.99999999377381854
85.70312500000000000	1.00000000035641845
85.74218750000000000	0.99999999403629547
85.78125000000000000	1.00000000034291814
85.82031250000000000	0.99999999380935967
85.85937500000000000	1.00000000051632454
85.89843750000000000	0.99999999376965087
85.93750000000000000	1.00000000066339867
85.97656250000000000	0.99999999362200320
86.01562500000000000	1.00000000038749048
86.05468750000000000	0.99999999332719902
86.09375000000000000	1.00000000009184298
86.13281250000000000	0.99999999312154320
86.17187500000000000	1.00000000020476598
86.21093750000000000	0.99999999280290452
86.25000000000000000	1.00000000009105094
86.28906250000000000	0.99999999295421760
86.32812500000000000	1.00000000012695689
86.36718750000000000	0.99999999287147789
86.40625000000000000	0.99999999990127009
86.44531250000000000	0.99999999291276553
86.48437500000000000	1.00000000018062840
86.52343750000000000	0.99999999312007948
86.56250000000000000	1.00000000010103340
86.60156250000000000	0.99999999353946256
86.64062500000000000	1.00000000052569593
86.67968750000000000	0.99999999379892357
86.71875000000000000	1.00000000021144775
86.75781250000000000	0.99999999367384762
86.79687500000000000	1.00000000046782200
86.83593750000000000	0.99999999368809733
86.87500000000000000	0.99999999976993426
86.91406250000000000	0.99999999367284509
86.95312500000000000	1.00000000010794965
86.99218750000000000	0.99999999394346306
87.03125000000000000	1.00000000010658252
87.07031250000000000	0.99999999403765316
87.10937500000000000	1.00000000009500800
87.14843750000000000	0.99999999436858489
87.18750000000000000	0.99999999958850128
87.22656250000000000	0.99999999458937483
87.26562500000000000	0.99999999962573927
87.30468750000000000	0.99999999470034306
87.34375000000000000	0.99999999976417864
87.38281250000000000	0.99999999475694179
87.42187500000000000	0.99999999977895315
87.46093750000000000	0.99999999523168026
87.50000000000000000	1.00000000000463052
87.53906250000000000	0.99999999528610239
87.57812500000000000	0.99999999975591725
87.61718750000000000	0.99999999545893192
87.65625000000000000	0.99999999993453204
87.69531250000000000	0.99999999583252241
87.73437500000000000	1.00000000004919931
87.77343750000000000	0.99999999597575917
87.81250000000000000	0.99999999996513522
87.85156250000000000	0.99999999628086556
87.89062500000000000	0.99999999952025653
87.92968750000000000	0.99999999655432714
87.96875000000000000	1.00000000009202084
88.00781250000000000	0.99999999654922433
88.04687500000000000	0.99999999991156385
88.08593750000000000	0.99999999713092336
88.12500000000000000	0.99999999997107869
88.16406250000000000	0.99999999741647261
88.20312500000000000	1.00000000010172707
88.24218750000000000	0.99999999722175104
88.28125000000000000	1.00000000009947554
88.32031250000000000	0.99999999733005129
88.35937500000000000	1.00000000020233659
88.39843750000000000	0.99999999761890135
88.43750000000000000	1.00000000022852742
88.47656250000000000	0.99999999752941982
88.51562500000000000	1.00000000031123815
88.55468750000000000	0.99999999743005075
88.59375000000000000	1.00000000016273538
88.63281250000000000	0.99999999760374736
88.67187500000000000	1.00000000041797987
88.71093750000000000	0.99999999741431356
88.75000000000000000	0.99999999995943500
88.78906250000000000	0.99999999711531651
88.82812500000000000	1.00000000017546720
88.86718750000000000	0.99999999729704447
88.90625000000000000	0.99999999989992239
88.94531250000000000	0.99999999700868714
88.98437500000000000	0.99999999966246067
89.02343750000000000	0.99999999708041765
89.06250000000000000	0.99999999975079401
89.10156250000000000	0.99999999678014728
89.14062500000000000	1.00000000021182323
89.17968750000000000	0.99999999611411716
89.21875000000000000	1.00000000029653391
89.25781250000000000	0.99999999619454172
89.29687500000000000	0.99999999952770025
89.33593750000000000	0.99999999569498432
89.37500000000000000	0.99999999971168196
89.41406250000000000	0.99999999663269734
89.45312500000000000	1.00000000017464630
89.49218750000000000	0.99999999737241818
89.53125000000000000	0.99999999998808087
89.57031250000000000	0.99999999763696490
89.60937500000000000	0.99999999991502242
89.64843750000000000	0.99999999790460259
89.68750000000000000	0.99999999909248183
89.72656250000000000	0.99999999809500273
89.76562500000000000	0.99999999974541975
89.80468750000000000	0.99999999791109317
89.84375000000000000	1.00000000039329517
89.88281250000000000	0.99999999801432427
89.92187500000000000	0.99999999966724851
89.96093750000000000	0.99999999760850256
90.00000000000000000	0.99999999997556410
90.03906250000000000	0.99999999776890680
90.07812500000000000	0.99999999977362186
90.11718750000000000	0.99999999735773948
90.15625000000000000	0.99999999977531384
90.19531250000000000	0.99999999737747292
90.23437500000000000	0.99999999996825628
90.27343750000000000	0.99999999711531773
90.31250000000000000	0.99999999980888832
90.35156250000000000	0.99999999706867837
90.39062500000000000	0.99999999871110101
90.42968750000000000	0.99999999792628058
90.46875000000000000	0.99999999961603347
90.50781250000000000	0.99999999831702380
90.54687500000000000	0.99999999947006146
90.58593750000000000	0.99999999868020950
90.62500000000000000	0.99999999924692973
90.66406250000000000	0.99999999919145000
90.70312500000000000	1.00000000020996116
90.74218750000000000	0.99999999942410955
90.78125000000000000	0.99999999918413973
90.82031250000000000	0.99999999963009867
90.85937500000000000	0.99999999990603972
90.89843750000000000	0.99999999980465826
90.93750000000000000	1.00000000045976800
90.97656250000000000	0.99999999978444332
91.01562500000000000	1.00000000005186362
91.05468750000000000	0.99999999983912502
91.09375000000000000	0.99999999989506116
91.13281250000000000	1.00000000033008307
91.17187500000000000	1.00000000020035595
91.21093750000000000	1.00000000003287171
91.25000000000000000	1.00000000031565128
91.28906250000000000	0.99999999992001032
91.32812500000000000	1.00000000007072987
91.36718750000000000	0.99999999987114252
91.40625000000000000	0.99999999987372734
91.44531250000000000	0.99999999970145736
91.48437500000000000	0.99999999998120581
91.52343750000000000	0.99999999997458044
91.56250000000000000	1.00000000044962256
91.60156250000000000	0.99999999998091849
91.64062500000000000	1.00000000002540368
91.67968750000000000	0.99999999939379403
91.71875000000000000	1.00000000013428925
91.75781250000000000	0.99999999916633608
91.79687500000000000	0.99999999993526212
91.83593750000000000	0.99999999904761694
91.87500000000000000	0.99999999987736454
91.91406250000000000	0.99999999904499437
91.95312500000000000	1.00000000027126168
91.99218750000000000	0.99999999898224246
92.03125000000000000	1.00000000055021299
92.07031250000000000	0.99999999899035263
92.10937500000000000	0.99999999982864896
92.14843750000000000	0.99999999880100598
92.18750000000000000	0.99999999981909582
92.22656250000000000	0.99999999927037753
92.26562500000000000	0.99999999988406130
92.30468750000000000	0.99999999918521676
92.34375000000000000	1.00000000008778667
92.38281250000000000	0.99999999908259762
92.42187500000000000	1.00000000001356404
92.46093750000000000	0.99999999946647711
92.50000000000000000	0.99999999974214238
92.53906250000000000	0.99999999967843878
92.57812500000000000	0.99999999998504141
92.61718750000000000	0.99999999991013433
92.65625000000000000	1.00000000029019365
92.69531250000000000	1.00000000022393465
92.73437500000000000	0.99999999989693211
92.77343750000000000	1.00000000024932478
92.81250000000000000	1.00000000024165669
92.85156250000000000	0.99999999995186006
92.89062500000000000	1.00000000050625171
92.92968750000000000	1.00000000007963341
92.96875000000000000	1.00000000023883517
93.00781250000000000	1.00000000049717075
93.04687500000000000	0.99999999998503841
93.08593750000000000	1.00000000062689831
93.12500000000000000	1.00000000024948954
93.16406250000000000	1.00000000053442384
93.20312500000000000	1.00000000030658298
93.24218750000000000	1.00000000054999738
93.28125000000000000	0.99999999973794784
93.32031250000000000	1.00000000059988947
93.35937500000000000	1.00000000012357937
93.39843750000000000	1.00000000052991878
93.43750000000000000	1.00000000021838598
93.47656250000000000	1.00000000027803093
93.51562500000000000	1.00000000041602188
93.55468750000000000	0.99999999998592271
93.59375000000000000	1.00000000005663003
93.63281250000000000	1.00000000000412137
93.67187500000000000	1.00000000030758751
93.71093750000000000	0.99999999973659603
93.75000000000000000	1.00000000014535506
93.78906250000000000	0.99999999938210182
93.82812500000000000	1.00000000035580894
93.86718750000000000	0.99999999930927941
93.90625000000000000	0.99999999991500099
93.94531250000000000	0.99999999933217032
93.98437500000000000	0.99999999981151488
94.02343750000000000	0.99999999943353979
94.06250000000000000	0.99999999996660893
94.10156250000000000	0.99999999900126857
94.14062500000000000	0.99999999950821084
94.17968750000000000	0.99999999918284821
94.21875000000000000	0.99999999952177676
94.25781250000000000	0.99999999908711346
94.29687500000000000	0.99999999988126687
94.33593750000000000	0.99999999960129871
94.37500000000000000	0.99999999975041831
94.41406250000000000	0.99999999966475905
94.45312500000000000	0.99999999929634531
94.49218750000000000	1.00000000043958237
94.53125000000000000	0.99999999905961456
94.57031250000000000	1.00000000031858893
94.60937500000000000	0.99999999971505160
94.64843750000000000	1.00000000109180553
94.68750000000000000	0.99999999938006545
94.72656250000000000	1.00000000129341848
94.76562500000000000	0.99999999992522948
94.80468750000000000	1.00000000146515822
94.84375000000000000	0.99999999980314558
94.88281250000000000	1.00000000174415127
94.92187500000000000	0.99999999968109532
94.96093750000000000	1.00000000191115990
95.00000000000000000	0.99999999975526843
95.03906250000000000	1.00000000224259900
95.07812500000000000	0.99999999959786789
95.11718750000000000	1.00000000214549623
95.15625000000000000	1.00000000013232371
95.19531250000000000	1.00000000218905383
95.23437500000000000	1.00000000020136137
95.27343750000000000	1.00000000209944639
95.31250000000000000	1.00000000014789125
95.35156250000000000	1.00000000244374276
95.39062500000000000	0.99999999991633759
95.42968750000000000	1.00000000208030326
95.46875000000000000	1.00000000011097812
95.50781250000000000	1.00000000150780055
95.54687500000000000	0.99999999963713637
95.58593750000000000	1.00000000115882060
95.62500000000000000	0.99999999980105236
95.66406250000000000	1.00000000126538890
95.70312500000000000	0.99999999973776021
95.74218750000000000	1.00000000127855126
95.78125000000000000	0.99999999961180575
95.82031250000000000	1.00000000132637923
95.85937500000000000	0.99999999969698106
95.89843750000000000	1.00000000102340869
95.93750000000000000	1.00000000034942360
95.97656250000000000	1.00000000128549371
96.01562500000000000	1.00000000009051804
96.05468750000000000	1.00000000152392921
96.09375000000000000	1.00000000038143155
96.13281250000000000	1.00000000164806657
96.17187500000000000	1.00000000013303181
96.21093750000000000	1.00000000173582104
96.25000000000000000	1.00000000024645264
96.28906250000000000	1.00000000199925965
96.32812500000000000	1.00000000036587000
96.36718750000000000	1.00000000195703431
96.40625000000000000	1.00000000041361869
96.44531250000000000	1.00000000181447679
96.48437500000000000	1.00000000017190716
96.52343750000000000	1.00000000178484094
96.56250000000000000	0.99999999985932997
96.60156250000000000	1.00000000183248883
96.64062500000000000	0.99999999996676803
96.67968750000000000	1.00000000170555636
96.71875000000000000	1.00000000003098988
96.75781250000000000	1.00000000186099935
96.79687500000000000	1.00000000012054469
96.83593750000000000	1.00000000170579040
96.87500000000000000	0.99999999995443745
96.91406250000000000	1.00000000145597445
96.95312500000000000	1.00000000008852141
96.99218750000000000	1.00000000133511957
97.03125000000000000	1.00000000031542124
97.07031250000000000	1.00000000120864097
97.10937500000000000	1.00000000029659386
97.14843750000000000	1.00000000097485575
97.18750000000000000	1.00000000040786929
97.22656250000000000	1.00000000106656173
97.26562500000000000	1.00000000042604542
97.30468750000000000	1.00000000057115424
97.34375000000000000	1.00000000000584266
97.38281250000000000	1.00000000061371952
97.42187500000000000	1.00000000016296120
97.46093750000000000	1.00000000060229621
97.50000000000000000	0.99999999988749921
97.53906250000000000	1.00000000048256399
97.57812500000000000	0.99999999994794753
97.61718750000000000	1.00000000048174598
97.65625000000000000	0.99999999995820110
97.69531250000000000	1.00000000065202044
97.73437500000000000	1.00000000004227929
97.77343750000000000	1.00000000075058315
97.81250000000000000	1.00000000010047829
97.85156250000000000	1.00000000081556562
97.89062500000000000	0.99999999990935728
97.92968750000000000	1.00000000084586271
97.96875000000000000	1.00000000018500246
98.00781250000000000	1.00000000114315313
98.04687500000000000	1.00000000025530400
98.08593750000000000	1.00000000122028254
98.12500000000000000	1.00000000023667623
98.16406250000000000	1.00000000110695897
98.20312500000000000	1.00000000005820988
98.24218750000000000	1.00000000099565045
98.28125000000000000	1.00000000011675882
98.32031250000000000	1.00000000060790151
98.35937500000000000	1.00000000000404121
98.39843750000000000	1.00000000083435547
98.43750000000000000	0.99999999960366315
98.47656250000000000	1.00000000078551521
98.51562500000000000	1.00000000020640378
98.55468750000000000	1.00000000097273323
98.59375000000000000	1.00000000021588220
98.63281250000000000	1.00000000096066377
98.67187500000000000	1.00000000016436563
98.71093750000000000	1.00000000125878397
98.75000000000000000	0.99999999995137401
98.78906250000000000	1.00000000109641496
98.82812500000000000	1.00000000015011103
98.86718750000000000	1.00000000138427558
98.90625000000000000	1.00000000010614198
98.94531250000000000	1.00000000149577750
98.98437500000000000	0.99999999971823150
99.02343750000000000	1.00000000187504079
99.06250000000000000	0.99999999989932609
99.10156250000000000	1.00000000144128376
99.14062500000000000	1.00000000001141265
99.17968750000000000	1.00000000205068473
99.21875000000000000	0.99999999999769162
99.25781250000000000	1.00000000269783373
99.29687500000000000	0.99999999874567802
99.33593750000000000	1.00000000317275650
99.37500000000000000	1.00000000017054647
99.41406250000000000	1.00000000330717298
99.45312500000000000	1.00000000007100676
99.49218750000000000	1.00000000391606436
99.53125000000000000	0.99999999890595381
99.57031250000000000	1.00000000377864118
99.60937500000000000	0.99999999980084464
99.64843750000000000	1.00000000381585807
99.68750000000000000	0.99999999999752109
99.72656250000000000	1.00000000383230292
99.76562500000000000	1.00000000039896042
99.80468750000000000	1.00000000380150622
99.84375000000000000	0.99999999903167458
99.88281250000000000	1.00000000451014870
99.92187500000000000	1.00000000026579539
99.96093750000000000	1.00000000436221259
100.00000000000000000	1.00000000001065636
100.03906250000000000	1.00000000453043780
100.07812500000000000	1.00000000002879363
100.11718750000000000	1.00000000471931205
100.15625000000000000	0.99999999970686093
100.19531250000000000	1.00000000481623408
100.23437500000000000	1.00000000062541239
100.27343750000000000	1.00000000451721216
100.31250000000000000	0.99999999883511326
100.35156250000000000	1.00000000510680276
100.39062500000000000	1.00000000080194140
100.42968750000000000	1.00000000551882984
100.46875000000000000	1.00000000004033329
100.50781250000000000	1.00000000497142327
100.54687500000000000	0.99999999985773613
100.58593750000000000	1.00000000500637087
100.62500000000000000	0.99999999948094542
100.66406250000000000	1.00000000468802441
100.70312500000000000	0.99999999847415622
100.74218750000000000	1.00000000532663025
100.78125000000000000	1.00000000045193116
100.82031250000000000	1.00000000616883788
100.85937500000000000	1.00000000035620928
100.89843750000000000	1.00000000655187105
100.93750000000000000	0.99999999967771147
100.97656250000000000	1.00000000669746814
101.01562500000000000	0.99999999956424834
101.05468750000000000	1.00000000679451384
101.09375000000000000	0.99999999975266707
101.13281250000000000	1.00000000694999280
101.17187500000000000	0.99999999992447397
101.21093750000000000	1.00000000710339676
101.25000000000000000	1.00000000013939383
101.28906250000000000	1.00000000701426250
101.32812500000000000	0.99999999999177747
101.36718750000000000	1.00000000686669566
101.40625000000000000	1.00000000003809930
101.44531250000000000	1.00000000650393162
101.48437500000000000	1.00000000007682721
101.52343750000000000	1.00000000645165277
101.56250000000000000	1.00000000007093925
101.60156250000000000	1.00000000646550880
101.64062500000000000	0.99999999944728313
101.67968750000000000	1.00000000642128817
101.71875000000000000	0.99999999964421404
101.75781250000000000	1.00000000608746031
101.79687500000000000	0.99999999970274134
101.83593750000000000	1.00000000610939410
101.87500000000000000	0.99999999983854226
101.91406250000000000	1.00000000634889319
101.95312500000000000	0.99999999981365695
101.99218750000000000	1.00000000645454845
102.03125000000000000	1.00000000010815615
102.07031250000000000	1.00000000626565289
102.10937500000000000	0.99999999971093223
102.14843750000000000	1.00000000616194407
102.18750000000000000	1.00000000021890045
102.22656250000000000	1.00000000651917453
102.26562500000000000	0.99999999958738162
102.30468750000000000	1.00000000599688543
102.34375000000000000	1.00000000008908962
102.38281250000000000	1.00000000609981599
102.42187500000000000	0.99999999958535823
102.46093750000000000	1.00000000617012486
102.50000000000000000	0.99999999954434482
102.53906250000000000	1.00000000605340911
102.57812500000000000	0.99999999943031015
102.61718750000000000	1.00000000583390003
102.65625000000000000	0.99999999970815523
102.69531250000000000	1.00000000623728491
102.73437500000000000	0.99999999946407470
102.77343750000000000	1.00000000662221633
102.81250000000000000	0.99999999936076167
102.85156250000000000	1.00000000694029589
102.89062500000000000	1.00000000027793901
102.92968750000000000	1.00000000680231205
102.96875000000000000	1.00000000036315173
103.00781250000000000	1.00000000705069381
103.04687500000000000	0.99999999966627262
103.08593750000000000	1.00000000725840077
103.12500000000000000	1.00000000026779801
103.16406250000000000	1.00000000759031060
103.20312500000000000	1.00000000029200442
103.24218750000000000	1.00000000770361219
103.28125000000000000	0.99999999971108222
103.32031250000000000	1.00000000758304530
103.35937500000000000	1.00000000033961101
103.39843750000000000	1.00000000712457204
103.43750000000000000	0.99999999985350729
103.47656250000000000	1.00000000691113522
103.51562500000000000	1.00000000023227931
103.55468750000000000	1.00000000717052795
103.59375000000000000	1.00000000015207902
103.63281250000000000	1.00000000720507987
103.67187500000000000	1.00000000037962411
103.71093750000000000	1.00000000705178560
103.75000000000000000	1.00000000052027715
103.78906250000000000	1.00000000700644409
103.82812500000000000	1.00000000030965297
103.86718750000000000	1.00000000713937265
103.90625000000000000	1.00000000040019277
103.94531250000000000	1.00000000699612301
103.98437500000000000	1.00000000029451397
104.02343750000000000	1.00000000693888014
104.06250000000000000	1.00000000039775583
104.10156250000000000	1.00000000667534739
104.14062500000000000	0.99999999997658107
104.17968750000000000	1.00000000661571553
104.21875000000000000	1.00000000002920930
104.25781250000000000	1.00000000655502697
104.29687500000000000	0.99999999972042142
104.33593750000000000	1.00000000588748161
104.37500000000000000	0.99999999950448559
104.41406250000000000	1.00000000608833783
104.45312500000000000	0.99999999888134739
104.49218750000000000	1.00000000578583625
104.53125000000000000	1.00000000049969917
104.57031250000000000	1.00000000608817019
104.60937500000000000	1.00000000017796986
104.64843750000000000	1.00000000634514397
104.68750000000000000	0.99999999989650890
104.72656250000000000	1.00000000596906191
104.76562500000000000	1.00000000041577808
104.80468750000000000	1.00000000573655567
104.84375000000000000	0.99999999997606415
104.88281250000000000	1.00000000607438655
104.92187500000000000	1.00000000033814640
104.96093750000000000	1.00000000607444028
105.00000000000000000	1.00000000004160028
105.03906250000000000	1.00000000593537131
105.07812500000000000	1.00000000018278579
105.11718750000000000	1.00000000575710390
105.15625000000000000	0.99999999937953832
105.19531250000000000	1.00000000594742988
105.23437500000000000	0.99999999974029607
105.27343750000000000	1.00000000599547700
105.31250000000000000	1.00000000044521276
105.35156250000000000	1.00000000564252178
105.39062500000000000	0.99999999957887697
105.42968750000000000	1.00000000606699202
105.46875000000000000	0.99999999993720767
105.50781250000000000	1.00000000581682902
105.54687500000000000	1.00000000022900792
105.58593750000000000	1.00000000546521206
105.62500000000000000	1.00000000059679750
105.66406250000000000	1.00000000545723955
105.70312500000000000	1.00000000062941496
105.74218750000000000	1.00000000505594033
105.78125000000000000	0.99999999960288322
105.82031250000000000	1.00000000461027772
105.85937500000000000	1.00000000026239699
105.89843750000000000	1.00000000436262781
105.93750000000000000	1.00000000021508750
105.97656250000000000	1.00000000437737269
106.01562500000000000	0.99999999990158783
106.05468750000000000	1.00000000415890455
106.09375000000000000	0.99999999989641219
106.13281250000000000	1.00000000396847488
106.17187500000000000	0.99999999990043531
106.21093750000000000	1.00000000386894139
106.25000000000000000	0.99999999981913124
106.28906250000000000	1.00000000394088384
106.32812500000000000	0.99999999999484201
106.36718750000000000	1.00000000394857880
106.40625000000000000	0.99999999999620459
106.44531250000000000	1.00000000384126997
106.48437500000000000	0.99999999995186994
106.52343750000000000	1.00000000414037782
106.56250000000000000	0.99999999992220678
106.60156250000000000	1.00000000455100779
106.64062500000000000	1.00000000046438497
106.67968750000000000	1.00000000453260784
106.71875000000000000	1.00000000022540569
106.75781250000000000	1.00000000438278303
106.79687500000000000	1.00000000029831759
106.83593750000000000	1.00000000445528148
106.87500000000000000	1.00000000008241186
106.91406250000000000	1.00000000445769510
106.95312500000000000	1.00000000015306023
106.99218750000000000	1.00000000438906422
107.03125000000000000	0.99999999999038280
107.07031250000000000	1.00000000443162884
107.10937500000000000	0.99999999953826624
107.14843750000000000	1.00000000445923298
107.18750000000000000	0.99999999996054512
107.22656250000000000	1.00000000429195768
107.26562500000000000	1.00000000016467805
107.30468750000000000	1.00000000440844539
107.34375000000000000	1.00000000002011147
107.38281250000000000	1.00000000453828974
107.42187500000000000	0.99999999992981436
107.46093750000000000	1.00000000456496330
107.50000000000000000	1.00000000017996937
107.53906250000000000	1.00000000444676784
107.57812500000000000	1.00000000001486056
107.61718750000000000	1.00000000440139214
107.65625000000000000	0.99999999961207342
107.69531250000000000	1.00000000425687197
107.73437500000000000	0.99999999984852483
107.77343750000000000	1.00000000417455848
107.81250000000000000	0.99999999998191269
107.85156250000000000	1.00000000400904665
107.89062500000000000	0.99999999984232302
107.92968750000000000	1.00000000422271973
107.96875000000000000	1.00000000015713963
108.00781250000000000	1.00000000451286564
108.04687500000000000	0.99999999992411392
108.08593750000000000	1.00000000428664615
108.12500000000000000	0.99999999941058149
108.16406250000000000	1.00000000471760608
108.20312500000000000	0.99999999971369213
108.24218750000000000	1.00000000494351560
108.28125000000000000	1.00000000007815593
108.32031250000000000	1.00000000484090901
108.35937500000000000	1.00000000011672596
108.39843750000000000	1.00000000482616813
108.43750000000000000	1.00000000017606294
108.47656250000000000	1.00000000517087018
108.51562500000000000	1.00000000031596481
108.55468750000000000	1.00000000561167957
108.59375000000000000	1.00000000019602298
108.63281250000000000	1.00000000585987592
108.67187500000000000	1.00000000048863114
108.71093750000000000	1.00000000581430415
108.75000000000000000	1.00000000039215897
108.78906250000000000	1.00000000529725330
108.82812500000000000	1.00000000011852852
108.86718750000000000	1.00000000512640685
108.90625000000000000	1.00000000002887490
108.94531250000000000	1.00000000499537345
108.98437500000000000	1.00000000002090617
109.02343750000000000	1.00000000480328688
109.06250000000000000	1.00000000007617929
109.10156250000000000	1.00000000461358507
109.14062500000000000	0.99999999962949582
109.17968750000000000	1.00000000449245929
109.21875000000000000	0.99999999964456254
109.25781250000000000	1.00000000415092427
109.29687500000000000	0.99999999999364597
109.33593750000000000	1.00000000375965947
109.37500000000000000	1.00000000050553028
109.41406250000000000	1.00000000452647475
109.45312500000000000	1.00000000076670292
109.49218750000000000	1.00000000395347954
109.53125000000000000	1.00000000043316883
109.57031250000000000	1.00000000402547551
109.60937500000000000	1.00000000073898221
109.64843750000000000	1.00000000456898053
109.68750000000000000	1.00000000003358935
109.72656250000000000	1.00000000491298113
109.76562500000000000	1.00000000046602810
109.80468750000000000	1.00000000552200619
109.84375000000000000	0.99999999962573893
109.88281250000000000	1.00000000549198909
109.92187500000000000	0.99999999982837184
109.96093750000000000	1.00000000568377057
110.00000000000000000	0.99999999989940924
110.03906250000000000	1.00000000597712235
110.07812500000000000	0.99999999956190921
110.11718750000000000	1.00000000631604768
110.15625000000000000	0.99999999943462392
110.19531250000000000	1.00000000616910723
110.23437500000000000	0.99999999924912042
110.27343750000000000	1.00000000657905486
110.31250000000000000	1.00000000047642090
110.35156250000000000	1.00000000616988149
110.39062500000000000	1.00000000003507594
110.42968750000000000	1.00000000614373574
110.46875000000000000	1.00000000053886007
110.50781250000000000	1.00000000627671115
110.54687500000000000	1.00000000073458550
110.58593750000000000	1.00000000624293306
110.62500000000000000	0.99999999965986819
110.66406250000000000	1.00000000631619046
110.70312500000000000	0.99999999920049432
110.74218750000000000	1.00000000568441116
110.78125000000000000	0.99999999948430696
110.82031250000000000	1.00000000539570255
110.85937500000000000	0.99999999954093521
110.89843750000000000	1.00000000548995893
110.93750000000000000	0.99999999937459882
110.97656250000000000	1.00000000603859740
111.01562500000000000	0.99999999964725261
111.05468750000000000	1.00000000605569217
111.09375000000000000	0.99999999970909836
111.13281250000000000	1.00000000610245077
111.17187500000000000	1.00000000014480661
111.21093750000000000	1.00000000628886521
111.25000000000000000	0.99999999997851363
111.28906250000000000	1.00000000617382745
111.32812500000000000	1.00000000061585581
111.36718750000000000	1.00000000601250849
111.40625000000000000	1.00000000024996893
111.44531250000000000	1.00000000565906810
111.48437500000000000	1.00000000035485259
111.52343750000000000	1.00000000540410361
111.56250000000000000	0.99999999985607246
111.60156250000000000	1.00000000494482144
111.64062500000000000	0.99999999971688269
111.67968750000000000	1.00000000473907069
111.71875000000000000	0.99999999964477193
111.75781250000000000	1.00000000446236803
111.79687500000000000	0.99999999923065463
111.83593750000000000	1.00000000429326175
111.87500000000000000	0.99999999981992216
111.91406250000000000	1.00000000439222747
111.95312500000000000	1.00000000017653345
111.99218750000000000	1.00000000464739447
112.03125000000000000	0.99999999999442202
112.07031250000000000	1.00000000446613946
112.10937500000000000	0.99999999998442712
112.14843750000000000	1.00000000481366325
112.18750000000000000	1.00000000011983836
112.22656250000000000	1.00000000466721528
112.26562500000000000	1.00000000009034284
112.30468750000000000	1.00000000455534477
112.34375000000000000	1.00000000018744450
112.38281250000000000	1.00000000441070114
112.42187500000000000	1.00000000010739254
112.46093750000000000	1.00000000414103996
112.50000000000000000	1.00000000002485256
112.53906250000000000	1.00000000398834632
112.57812500000000000	0.99999999957247943
112.61718750000000000	1.00000000391155797
112.65625000000000000	0.99999999976040010
112.69531250000000000	1.00000000385215038
112.73437500000000000	0.99999999942693563
112.77343750000000000	1.00000000410297862
112.81250000000000000	0.99999999997380284
112.85156250000000000	1.00000000436591452
112.89062500000000000	1.00000000022552826
112.92968750000000000	1.00000000496012098
112.96875000000000000	1.00000000030742542
113.00781250000000000	1.00000000484279972
113.04687500000000000	1.00000000070109163
113.08593750000000000	1.00000000501571007
113.12500000000000000	1.00000000041391468
113.16406250000000000	1.00000000513152321
113.20312500000000000	1.00000000000317146
113.24218750000000000	1.00000000502585018
113.28125000000000000	1.00000000034955017
113.32031250000000000	1.00000000474433914
113.35937500000000000	0.99999999983273258
113.39843750000000000	1.00000000431214997
113.43750000000000000	0.99999999964404851
113.47656250000000000	1.00000000437231096
113.51562500000000000	0.99999999931852290
113.55468750000000000	1.00000000433957426
113.59375000000000000	0.99999999927608574
113.63281250000000000	1.00000000424657864
113.67187500000000000	0.99999999957166608
113.71093750000000000	1.00000000433423786
113.75000000000000000	0.99999999974163456
113.78906250000000000	1.00000000470432604
113.82812500000000000	1.00000000011244228
113.86718750000000000	1.00000000494861729
113.90625000000000000	1.00000000016786128
113.94531250000000000	1.00000000495316765
113.98437500000000000	1.00000000053144533
114.02343750000000000	1.00000000513611265
114.06250000000000000	1.00000000042847548
114.10156250000000000	1.00000000463772887
114.14062500000000000	1.00000000038288528
114.17968750000000000	1.00000000450843118
114.21875000000000000	1.00000000091787666
114.25781250000000000	1.00000000422007940
114.29687500000000000	1.00000000046327719
114.33593750000000000	1.00000000433090275
114.37500000000000000	0.99999999970714426
114.41406250000000000	1.00000000451709625
114.45312500000000000	1.00000000021334934
114.49218750000000000	1.00000000408406930
114.53125000000000000	1.00000000046351989
114.57031250000000000	1.00000000416832147
114.60937500000000000	1.00000000038503689
114.64843750000000000	1.00000000436373182
114.68750000000000000	1.00000000053832561
114.72656250000000000	1.00000000488381358
114.76562500000000000	1.00000000057799898
114.80468750000000000	1.00000000499207053
114.84375000000000000	1.00000000078353457
114.88281250000000000	1.00000000481109685
114.92187500000000000	1.00000000079879259
114.96093750000000000	1.00000000489983276
115.00000000000000000	1.00000000050447824
115.03906250000000000	1.00000000478935891
115.07812500000000000	1.00000000028068770
115.11718750000000000	1.00000000437277548
115.15625000000000000	1.00000000016819457
115.19531250000000000	1.00000000394766575
115.23437500000000000	0.99999999963734498
115.27343750000000000	1.00000000331170802
115.31250000000000000	0.99999999972143871
115.35156250000000000	1.00000000343157969
115.39062500000000000	0.99999999989915689
115.42968750000000000	1.00000000336916850
115.46875000000000000	0.99999999964103903
115.50781250000000000	1.00000000389629951
115.54687500000000000	1.00000000002888179
115.58593750000000000	1.00000000424955626
115.62500000000000000	0.99999999946964213
115.66406250000000000	1.00000000429791980
115.70312500000000000	1.00000000048380255
115.74218750000000000	1.00000000495994845
115.78125000000000000	1.00000000009218204
115.82031250000000000	1.00000000496481167
115.85937500000000000	1.00000000010372458
115.89843750000000000	1.00000000495859176
115.93750000000000000	0.99999999992002964
115.97656250000000000	1.00000000471776529
116.01562500000000000	1.00000000021112601
116.05468750000000000	1.00000000458493066
116.09375000000000000	0.99999999989158328
116.13281250000000000	1.00000000449235071
116.17187500000000000	0.99999999919959714
116.21093750000000000	1.00000000455386506
116.25000000000000000	0.99999999974641685
116.28906250000000000	1.00000000444446702
116.32812500000000000	0.99999999971634224
116.36718750000000000	1.00000000489606777
116.40625000000000000	0.99999999986446775
116.44531250000000000	1.00000000510447595
116.48437500000000000	1.00000000000948952
116.52343750000000000	1.00000000492352559
116.56250000000000000	1.00000000008836176
116.60156250000000000	1.00000000490055929
116.64062500000000000	1.00000000028701908
116.67968750000000000	1.00000000536513456
116.71875000000000000	1.00000000051104299
116.75781250000000000	1.00000000551166268
116.79687500000000000	1.00000000023319346
116.83593750000000000	1.00000000502355335
116.87500000000000000	1.00000000019956126
116.91406250000000000	1.00000000483566875
116.95312500000000000	0.99999999949640384
116.99218750000000000	1.00000000420249457
117.03125000000000000	1.00000000026248004
117.07031250000000000	1.00000000387533761
117.10937500000000000	1.00000000009203838
117.14843750000000000	1.00000000409078105
117.18750000000000000	0.99999999987648802
117.22656250000000000	1.00000000395534872
117.26562500000000000	0.99999999951417962
117.30468750000000000	1.00000000409932177
117.34375000000000000	0.99999999955346586
117.38281250000000000	1.00000000406404599
117.42187500000000000	1.00000000005019118
117.46093750000000000	1.00000000415512336
117.50000000000000000	1.00000000000548850
117.53906250000000000	1.00000000447135373
117.57812500000000000	1.00000000031643488
117.61718750000000000	1.00000000454920857
117.65625000000000000	1.00000000032052250
117.69531250000000000	1.00000000467321559
117.73437500000000000	1.00000000027495339
117.77343750000000000	1.00000000469002193
117.81250000000000000	1.00000000016142554
117.85156250000000000	1.00000000435514425
117.89062500000000000	0.99999999971263509
117.92968750000000000	1.00000000440261760
117.96875000000000000	1.00000000026088554
118.00781250000000000	1.00000000412807011
118.04687500000000000	0.99999999999846745
118.08593750000000000	1.00000000426071978
118.12500000000000000	0.99999999957993635
118.16406250000000000	1.00000000429432645
118.20312500000000000	1.00000000037833714
118.24218750000000000	1.00000000476133422
118.28125000000000000	0.99999999991321908
118.32031250000000000	1.00000000500858666
118.35937500000000000	0.99999999944480911
118.39843750000000000	1.00000000496842256
118.43750000000000000	1.00000000031281244
118.47656250000000000	1.00000000509106624
118.51562500000000000	1.00000000019139090
118.55468750000000000	1.00000000510302445
118.59375000000000000	1.00000000035634007
118.63281250000000000	1.00000000542310352
118.67187500000000000	1.00000000020801227
118.71093750000000000	1.00000000529132538
118.75000000000000000	1.00000000021246382
118.78906250000000000	1.00000000528559152
118.82812500000000000	0.99999999989099375
118.86718750000000000	1.00000000507771736
118.90625000000000000	0.99999999996575517
118.94531250000000000	1.00000000471163153
118.98437500000000000	0.99999999945105655
119.02343750000000000	1.00000000463096206
119.06250000000000000	0.99999999994187017
119.10156250000000000	1.00000000487874496
119.14062500000000000	0.99999999985701860
119.17968750000000000	1.00000000566353719
119.21875000000000000	0.99999999937079787
119.25781250000000000	1.00000000554123991
119.29687500000000000	0.99999999946540097
119.33593750000000000	1.00000000573096837
119.37500000000000000	0.99999999815450313
119.41406250000000000	1.00000000486569007
119.45312500000000000	0.99999999997135913
119.49218750000000000	1.00000000532709210
119.53125000000000000	0.99999999959115227
119.57031250000000000	1.00000000619657725
119.60937500000000000	0.99999999739333856
119.64843750000000000	1.00000000598319705
119.68750000000000000	1.00000000003839196
119.72656250000000000	1.00000000593359917
119.76562500000000000	0.99999999950343188
119.80468750000000000	1.00000000589601967
119.84375000000000000	0.99999999892806390
119.88281250000000000	1.00000000488809127
119.92187500000000000	1.00000000003357936
119.96093750000000000	1.00000000470804506
120.00000000000000000	0.99999999974972598
120.03906250000000000	1.00000000433945235
120.07812500000000000	0.99999999998809952
120.11718750000000000	1.00000000458147831
120.15625000000000000	1.00000000080577656
120.19531250000000000	1.00000000406270440
120.23437500000000000	0.99999999973335663
120.27343750000000000	1.00000000332134231
120.31250000000000000	1.00000000000635492
120.35156250000000000	1.00000000351662588
120.39062500000000000	0.99999999808162221
120.42968750000000000	1.00000000273817302
120.46875000000000000	1.00000000157472346
120.50781250000000000	1.00000000357370733
120.54687500000000000	1.00000000006687273
120.58593750000000000	1.00000000356874463
120.62500000000000000	0.99999999969172859
120.66406250000000000	1.00000000295834446
120.70312500000000000	1.00000000088856433
120.74218750000000000	1.00000000308560733
120.78125000000000000	1.00000000030275804
120.82031250000000000	1.00000000272116529
120.85937500000000000	1.00000000013670398
120.89843750000000000	1.00000000272140688
120.93750000000000000	1.00000000006147105
120.97656250000000000	1.00000000222332219
121.01562500000000000	1.00000000034601033
121.05468750000000000	1.00000000202853667
121.09375000000000000	0.99999999994779742
121.13281250000000000	1.00000000166378489
121.17187500000000000	0.99999999990656385
121.21093750000000000	1.00000000167719749
121.25000000000000000	1.00000000009525469
121.28906250000000000	1.00000000173159331
121.32812500000000000	0.99999999999819744
121.36718750000000000	1.00000000183480386
121.40625000000000000	1.00000000008101342
121.44531250000000000	1.00000000190986094
121.48437500000000000	0.99999999985159971
121.52343750000000000	1.00000000196718197
121.56250000000000000	1.00000000003658118
121.60156250000000000	1.00000000222329732
121.64062500000000000	0.99999999971034892
121.67968750000000000	1.00000000218971619
121.71875000000000000	1.00000000005397216
121.75781250000000000	1.00000000187925320
121.79687500000000000	0.99999999966548259
121.83593750000000000	1.00000000215413953
121.87500000000000000	0.99999999986419064
121.91406250000000000	1.00000000241134446
121.95312500000000000	0.99999999971087095
121.99218750000000000	1.00000000265846944
122.03125000000000000	1.00000000019673640
122.07031250000000000	1.00000000282393575
122.10937500000000000	1.00000000020077007
122.14843750000000000	1.00000000274102652
122.18750000000000000	0.99999999985943744
122.22656250000000000	1.00000000269753464
122.26562500000000000	1.00000000023159807
122.30468750000000000	1.00000000282406099
122.34375000000000000	1.00000000008941181
122.38281250000000000	1.00000000297420022
122.42187500000000000	1.00000000014503154
122.46093750000000000	1.00000000287594770
122.50000000000000000	0.99999999988353727
122.53906250000000000	1.00000000296146263
122.57812500000000000	1.00000000026561597
122.61718750000000000	1.00000000290005464
122.65625000000000000	0.99999999995137345
122.69531250000000000	1.00000000280348789
122.73437500000000000	0.99999999997818578
122.77343750000000000	1.00000000307488057
122.81250000000000000	1.00000000010146728
122.85156250000000000	1.00000000310949866
122.89062500000000000	1.00000000006027046
122.92968750000000000	1.00000000294713076
122.96875000000000000	1.00000000015446489
123.00781250000000000	1.00000000314582538
123.04687500000000000	1.00000000018573343
123.08593750000000000	1.00000000308621106
123.12500000000000000	1.00000000007772560
123.16406250000000000	1.00000000296312552
123.20312500000000000	1.00000000001378653
123.24218750000000000	1.00000000295319702
123.28125000000000000	1.00000000002956435
123.32031250000000000	1.00000000294060798
123.35937500000000000	0.99999999986026589
123.39843750000000000	1.00000000305971248
123.43750000000000000	1.00000000022052360
123.47656250000000000	1.00000000299681635
123.51562500000000000	1.00000000011450640
123.55468750000000000	1.00000000299719205
123.59375000000000000	1.00000000008599166
123.63281250000000000	1.00000000292181146
123.67187500000000000	1.00000000009193335
123.71093750000000000	1.00000000275150547
123.75000000000000000	1.00000000031231351
123.78906250000000000	1.00000000252128296
123.82812500000000000	0.99999999995196143
123.86718750000000000	1.00000000275019030
123.90625000000000000	1.00000000005933054
123.94531250000000000	1.00000000278576451
123.98437500000000000	1.00000000001750911
124.02343750000000000	1.00000000264189759
124.06250000000000000	0.99999999999719769
124.10156250000000000	1.00000000273412182
124.14062500000000000	0.99999999972405929
124.17968750000000000	1.00000000297929836
124.21875000000000000	1.00000000038383763
124.25781250000000000	1.00000000305898817
124.29687500000000000	1.00000000003093503
124.33593750000000000	1.00000000348628926
124.37500000000000000	1.00000000033004621
124.41406250000000000	1.00000000374369979
124.45312500000000000	0.99999999971252285
124.49218750000000000	1.00000000366340713
124.53125000000000000	1.00000000014402035
124.57031250000000000	1.00000000400156575
124.60937500000000000	1.00000000008454459
124.64843750000000000	1.00000000433772174
124.68750000000000000	0.99999999987543431
124.72656250000000000	1.00000000453195836
124.76562500000000000	0.99999999947432505
124.80468750000000000	1.00000000433693370
124.84375000000000000	0.99999999999684919
124.88281250000000000	1.00000000427787672
124.92187500000000000	0.99999999969997633
124.96093750000000000	1.00000000441047820
125.00000000000000000	0.99999999968746078
125.03906250000000000	1.00000000469549444
125.07812500000000000	0.99999999991808941
125.11718750000000000	1.00000000456424654
125.15625000000000000	0.99999999987782551
125.19531250000000000	1.00000000466543959
125.23437500000000000	0.99999999977006526
125.27343750000000000	1.00000000459846250
125.31250000000000000	0.99999999989403376
125.35156250000000000	1.00000000440538783
125.39062500000000000	1.00000000004432876
125.42968750000000000	1.00000000399672229
125.46875000000000000	0.99999999934138006
125.50781250000000000	1.00000000432230740
125.54687500000000000	0.99999999943677687
125.58593750000000000	1.00000000428284452
125.62500000000000000	1.00000000029358627
125.66406250000000000	1.00000000394174271
125.70312500000000000	0.99999999976166709
125.74218750000000000	1.00000000388442256
125.78125000000000000	1.00000000020972424
125.82031250000000000	1.00000000381345577
125.85937500000000000	0.99999999969486963
125.89843750000000000	1.00000000376380660
125.93750000000000000	1.00000000030154612
125.97656250000000000	1.00000000381805032
126.01562500000000000	1.00000000004283818
126.05468750000000000	1.00000000383865095
126.09375000000000000	1.00000000007968048
126.13281250000000000	1.00000000378594223
126.17187500000000000	1.00000000028909808
126.21093750000000000	1.00000000376036646
126.25000000000000000	1.00000000006923284
126.28906250000000000	1.00000000371213837
126.32812500000000000	1.00000000001974554
126.36718750000000000	1.00000000359656527
126.40625000000000000	1.00000000007320367
126.44531250000000000	1.00000000343424800
126.48437500000000000	0.99999999996611533
126.52343750000000000	1.00000000354435858
126.56250000000000000	0.99999999951501106
126.60156250000000000	1.00000000367033182
126.64062500000000000	0.99999999997286226
126.67968750000000000	1.00000000358010199
126.71875000000000000	0.99999999983026799
126.75781250000000000	1.00000000377049258
126.79687500000000000	1.00000000000309175
126.83593750000000000	1.00000000388462618
126.87500000000000000	0.99999999967444231
126.91406250000000000	1.00000000426374913
126.95312500000000000	1.00000000010191803
126.99218750000000000	1.00000000441614501
127.03125000000000000	0.99999999980360676
127.07031250000000000	1.00000000467743488
127.10937500000000000	0.99999999958550567
127.14843750000000000	1.00000000492771712
127.18750000000000000	0.99999999950117502
127.22656250000000000	1.00000000482056883
127.26562500000000000	0.99999999985639187
127.30468750000000000	1.00000000499632935
127.34375000000000000	0.99999999961168051
127.38281250000000000	1.00000000523588017
127.42187500000000000	0.99999999942624007
127.46093750000000000	1.00000000549909163
127.50000000000000000	0.99999999981042120
127.53906250000000000	1.00000000550755686
127.57812500000000000	0.99999999993126254
127.61718750000000000	1.00000000578233195
127.65625000000000000	0.99999999975653386
127.69531250000000000	1.00000000605788553
127.73437500000000000	0.99999999970682096
127.77343750000000000	1.00000000576316483
127.81250000000000000	1.00000000043824877
127.85156250000000000	1.00000000575015791
127.89062500000000000	0.99999999989766952
127.92968750000000000	1.00000000606794259
127.96875000000000000	1.00000000010180123
128.00781250000000000	1.00000000610059780
128.04687500000000000	1.00000000000337974
128.08593750000000000	1.00000000586025983
128.12500000000000000	0.99999999982553656
128.16406250000000000	1.00000000592305693
128.20312500000000000	0.99999999983632626
128.24218750000000000	1.00000000596627969
128.28125000000000000	1.00000000014542234
128.32031250000000000	1.00000000582079029
128.35937500000000000	1.00000000021990609
128.39843750000000000	1.00000000546162782
128.43750000000000000	1.00000000025781266
128.47656250000000000	1.00000000548355383
128.51562500000000000	1.00000000007498135
128.55468750000000000	1.00000000558251267
128.59375000000000000	1.00000000040267278
128.63281250000000000	1.00000000542262169
128.67187500000000000	1.00000000043543968
128.71093750000000000	1.00000000518115018
128.75000000000000000	1.00000000027314262
128.78906250000000000	1.00000000488675900
128.82812500000000000	1.00000000002556022
128.86718750000000000	1.00000000461634619
128.90625000000000000	0.99999999993465027
128.94531250000000000	1.00000000413458112
128.98437500000000000	0.99999999991444166
129.02343750000000000	1.00000000393140742
129.06250000000000000	0.99999999973361364
129.10156250000000000	1.00000000377245257
129.14062500000000000	0.99999999926534888
129.17968750000000000	1.00000000362737373
129.21875000000000000	1.00000000002340861
129.25781250000000000	1.00000000379522880
129.29687500000000000	0.99999999939609852
129.33593750000000000	1.00000000341210904
129.37500000000000000	0.99999999995117594
129.41406250000000000	1.00000000334000805
129.45312500000000000	1.00000000008870216
129.49218750000000000	1.00000000299568037
129.53125000000000000	1.00000000017499713
129.57031250000000000	1.00000000262119171
129.60937500000000000	0.99999999962794872
129.64843750000000000	1.00000000203457584
129.68750000000000000	0.99999999969812969
129.72656250000000000	1.00000000218994822
129.76562500000000000	0.99999999979922305
129.80468750000000000	1.00000000199150030
129.84375000000000000	0.99999999951255159
129.88281250000000000	1.00000000208946638
129.92187500000000000	0.99999999993715560
129.96093750000000000	1.00000000211387574
130.00000000000000000	0.99999999973913167
130.03906250000000000	1.00000000234613240
130.07812500000000000	0.99999999966977238
130.11718750000000000	1.00000000269063971
130.15625000000000000	0.99999999997639599
130.19531250000000000	1.00000000263018518
130.23437500000000000	1.00000000045327297
130.27343750000000000	1.00000000289015545
130.31250000000000000	1.00000000011235257
130.35156250000000000	1.00000000308325476
130.39062500000000000	1.00000000030294522
130.42968750000000000	1.00000000270900569
130.46875000000000000	0.99999999958927199
130.50781250000000000	1.00000000234736741
130.54687500000000000	1.00000000059518301
130.58593750000000000	1.00000000250526422
130.62500000000000000	1.00000000040407455
130.66406250000000000	1.00000000200041206
130.70312500000000000	0.99999999963823316
130.74218750000000000	1.00000000140981671
130.78125000000000000	0.99999999987528743
130.82031250000000000	1.00000000154720237
130.85937500000000000	0.99999999942803341
130.89843750000000000	1.00000000155323754
130.93750000000000000	0.99999999948348239
130.97656250000000000	1.00000000137288647
131.01562500000000000	0.99999999979164766
131.05468750000000000	1.00000000152156354
131.09375000000000000	1.00000000027940406
131.13281250000000000	1.00000000163913949
131.17187500000000000	1.00000000005765877
131.21093750000000000	1.00000000192005412
131.25000000000000000	1.00000000050946003
131.28906250000000000	1.00000000189216998
131.32812500000000000	1.00000000048635140
131.36718750000000000	1.00000000167704584
131.40625000000000000	1.00000000002942402
131.44531250000000000	1.00000000165953917
131.48437500000000000	1.00000000005321366
131.52343750000000000	1.00000000141971657
131.56250000000000000	0.99999999996598510
131.60156250000000000	1.00000000116012688
131.64062500000000000	1.00000000006547896
131.67968750000000000	1.00000000094470054
131.71875000000000000	0.99999999978751186
131.75781250000000000	1.00000000099187059
131.79687500000000000	0.99999999980511900
131.83593750000000000	1.00000000084874463
131.87500000000000000	0.99999999977911080
131.91406250000000000	1.00000000100812003
131.95312500000000000	1.00000000000420441
131.99218750000000000	1.00000000139786516
132.03125000000000000	1.00000000022356406
132.07031250000000000	1.00000000145861945
132.10937500000000000	1.00000000016610713
132.14843750000000000	1.00000000120535493
132.18750000000000000	1.00000000009148149
132.22656250000000000	1.00000000115791443
132.26562500000000000	1.00000000013294410
132.30468750000000000	1.00000000090519725
132.34375000000000000	1.00000000006812528
132.38281250000000000	1.00000000077657858
132.42187500000000000	0.99999999962835240
132.46093750000000000	1.00000000050441429
132.50000000000000000	0.99999999983940402
132.53906250000000000	1.00000000048235171
132.57812500000000000	0.99999999988371246
132.61718750000000000	1.00000000072237305
132.65625000000000000	1.00000000004148060
132.69531250000000000	1.00000000081251406
132.73437500000000000	1.00000000006232459
132.77343750000000000	1.00000000077010442
132.81250000000000000	1.00000000036286596
132.85156250000000000	1.00000000075935169
132.89062500000000000	1.00000000053289906
132.92968750000000000	1.00000000102444209
132.96875000000000000	1.00000000060852745
133.00781250000000000	1.00000000123847710
133.04687500000000000	1.00000000025668334
133.08593750000000000	1.00000000095007691
133.12500000000000000	1.00000000050724869
133.16406250000000000	1.00000000100324193
133.20312500000000000	0.99999999996669797
133.24218750000000000	1.00000000063839289
133.28125000000000000	0.99999999971167441
133.32031250000000000	1.00000000036712033
133.35937500000000000	0.99999999979411014
133.39843750000000000	1.00000000033107916
133.43750000000000000	1.00000000002564771
133.47656250000000000	1.00000000036847081
133.51562500000000000	0.99999999991177180
133.55468750000000000	1.00000000042543213
133.59375000000000000	0.99999999976019782
133.63281250000000000	1.00000000050363425
133.67187500000000000	1.00000000023087532
133.71093750000000000	1.00000000064803629
133.75000000000000000	0.99999999992371547
133.78906250000000000	1.00000000070821815
133.82812500000000000	1.00000000010426793
133.86718750000000000	1.00000000056998095
133.90625000000000000	1.00000000009451862
133.94531250000000000	1.00000000032476866
133.98437500000000000	1.00000000000821232
134.02343750000000000	1.00000000008435563
134.06250000000000000	0.99999999979352083
134.10156250000000000	1.00000000011052315
134.14062500000000000	0.99999999986023125
134.17968750000000000	1.00000000016329893
134.21875000000000000	1.00000000008890466
134.25781250000000000	1.00000000008381718
134.29687500000000000	1.00000000001625500
134.33593750000000000	0.99999999982598375
134.37500000000000000	1.00000000015728130
134.41406250000000000	0.99999999979195375
134.45312500000000000	1.00000000039360737
134.49218750000000000	1.00000000018033885
134.53125000000000000	1.00000000070518147
134.57031250000000000	1.00000000058690541
134.60937500000000000	1.00000000074508089
134.64843750000000000	0.99999999998300559
134.68750000000000000	1.00000000000187050
134.72656250000000000	1.00000000001633138
134.76562500000000000	1.00000000013175350
134.80468750000000000	0.99999999993564681
134.84375000000000000	0.99999999993163846
134.88281250000000000	0.99999999978536935
134.92187500000000000	0.99999999974410048
134.96093750000000000	0.99999999993522781
135.00000000000000000	0.99999999976026999
135.03906250000000000	0.99999999975568377
135.07812500000000000	0.99999999961589037
135.11718750000000000	0.99999999982195342
135.15625000000000000	0.99999999990297883
135.19531250000000000	0.99999999981206233
135.23437500000000000	0.99999999951849261
135.27343750000000000	1.00000000033771341
135.31250000000000000	0.99999999973720577
135.35156250000000000	1.00000000001928768
135.39062500000000000	0.99999999938306172
135.42968750000000000	1.00000000017135426
135.46875000000000000	1.00000000013982815
135.50781250000000000	1.00000000011204571
135.54687500000000000	0.99999999997264000
135.58593750000000000	1.00000000026019586
135.62500000000000000	0.99999999992324295
135.66406250000000000	1.00000000031249425
135.70312500000000000	0.99999999963879505
135.74218750000000000	0.99999999995211952
135.78125000000000000	0.99999999974974185
135.82031250000000000	1.00000000023470292
135.85937500000000000	0.99999999998538480
135.89843750000000000	1.00000000029688185
135.93750000000000000	1.00000000003796052
135.97656250000000000	1.00000000042649684
136.01562500000000000	0.99999999983240495
136.05468750000000000	1.00000000035677306
136.09375000000000000	1.00000000012590018
136.13281250000000000	1.00000000038418202
136.17187500000000000	1.00000000044456794
136.21093750000000000	1.00000000020954372
136.25000000000000000	1.00000000034520209
136.28906250000000000	1.00000000007919843
136.32812500000000000	1.00000000040625125
136.36718750000000000	0.99999999985718568
136.40625000000000000	1.00000000031702907
136.44531250000000000	0.99999999967734043
136.48437500000000000	1.00000000036625880
136.52343750000000000	0.99999999942158713
136.56250000000000000	1.00000000025828095
136.60156250000000000	0.99999999930266392
136.64062500000000000	0.99999999982127030
136.67968750000000000	0.99999999900813596
136.71875000000000000	0.99999999991204636
136.75781250000000000	0.99999999929964489
136.79687500000000000	1.00000000004845768
136.83593750000000000	0.99999999948256224
136.87500000000000000	1.00000000043312753
136.91406250000000000	0.99999999995557798
136.95312500000000000	1.00000000064908634
136.99218750000000000	0.99999999995116207
137.03125000000000000	1.00000000063885941
137.07031250000000000	1.00000000004999867
137.10937500000000000	1.00000000074703177
137.14843750000000000	0.99999999987556176
137.18750000000000000	1.00000000058862448
137.22656250000000000	0.99999999981096999
137.26562500000000000	1.00000000017556556
137.30468750000000000	0.99999999939829942
137.34375000000000000	1.00000000012401480
137.38281250000000000	0.99999999936832951
137.42187500000000000	0.99999999976911336
137.46093750000000000	0.99999999918825377
137.50000000000000000	0.99999999972493714
137.53906250000000000	0.99999999904974379
137.57812500000000000	0.99999999965087605
137.61718750000000000	0.99999999908801995
137.65625000000000000	0.99999999954142538
137.69531250000000000	0.99999999933255668
137.73437500000000000	0.99999999967561493
137.77343750000000000	0.99999999974660903
137.81250000000000000	0.99999999993745214
137.85156250000000000	1.00000000001967182
137.89062500000000000	1.00000000032527780
137.92968750000000000	0.99999999994626199
137.96875000000000000	0.99999999974418452
138.00781250000000000	0.99999999986847610
138.04687500000000000	0.99999999989337396
138.08593750000000000	1.00000000003786993
138.12500000000000000	1.00000000014664314
138.16406250000000000	1.00000000025405145
138.20312500000000000	0.99999999979581766
138.24218750000000000	1.00000000025184388
138.28125000000000000	0.99999999958195374
138.32031250000000000	1.00000000002019873
138.35937500000000000	0.99999999925759731
138.39843750000000000	0.99999999992005639
138.43750000000000000	0.99999999962741537
138.47656250000000000	1.00000000013457102
138.51562500000000000	0.99999999965360753
138.55468750000000000	1.00000000024493274
138.59375000000000000	1.00000000002765232
138.63281250000000000	1.00000000019241830
138.67187500000000000	1.00000000003016720
138.71093750000000000	0.99999999998513722
138.75000000000000000	1.00000000028518432
138.78906250000000000	1.00000000021619062
138.82812500000000000	1.00000000018719759
138.86718750000000000	1.00000000023227620
138.90625000000000000	1.00000000086661722
138.94531250000000000	1.00000000006965628
138.98437500000000000	1.00000000033886871
139.02343750000000000	0.99999999946775708
139.06250000000000000	0.99999999990137856
139.10156250000000000	0.99999999952311835
139.14062500000000000	0.99999999992283783
139.17968750000000000	0.99999999917570903
139.21875000000000000	0.99999999986434918
139.25781250000000000	0.99999999909563120
139.29687500000000000	1.00000000009245582
139.33593750000000000	0.99999999885472168
139.37500000000000000	0.99999999896440372
139.41406250000000000	0.99999999858711786
139.45312500000000000	1.00000000046197401
139.49218750000000000	0.99999999827907748
139.53125000000000000	0.99999999956819341
139.57031250000000000	0.99999999916050952
139.60937500000000000	1.00000000059701089
139.64843750000000000	0.99999999923490324
139.68750000000000000	1.00000000009597190
139.72656250000000000	0.99999999961056885
139.76562500000000000	1.00000000002275979
139.80468750000000000	0.99999999900448067
139.84375000000000000	1.00000000031397440
139.88281250000000000	0.99999999894126224
139.92187500000000000	1.00000000063835670
139.96093750000000000	0.99999999915114601
140.00000000000000000	1.00000000000866662
140.03906250000000000	0.99999999907590964
140.07812500000000000	0.99999999997000522
140.11718750000000000	0.99999999924767735
140.15625000000000000	0.99999999983714549
140.19531250000000000	0.99999999928390249
140.23437500000000000	1.00000000004498846
140.27343750000000000	0.99999999969528497
140.31250000000000000	0.99999999975608556
140.35156250000000000	0.99999999981950616
140.39062500000000000	1.00000000134258449
140.42968750000000000	1.00000000022826563
140.46875000000000000	1.00000000057616334
140.50781250000000000	1.00000000131601463
140.54687500000000000	0.99999999985287047
140.58593750000000000	1.00000000138999368
140.62500000000000000	0.99999999998157363
140.66406250000000000	1.00000000138150758
140.70312500000000000	0.99999999970332998
140.74218750000000000	1.00000000197197547
140.78125000000000000	1.00000000004219580
140.82031250000000000	1.00000000224423458
140.85937500000000000	0.99999999980239396
140.89843750000000000	1.00000000261142663
140.93750000000000000	1.00000000005998690
140.97656250000000000	1.00000000257559862
141.01562500000000000	0.99999999956067864
141.05468750000000000	1.00000000239136821
141.09375000000000000	0.99999999968551367
141.13281250000000000	1.00000000214921947
141.17187500000000000	0.99999999962089992
141.21093750000000000	1.00000000232553399
141.25000000000000000	0.99999999989993982
141.28906250000000000	1.00000000241419396
141.32812500000000000	1.00000000014108181
141.36718750000000000	1.00000000238642039
141.40625000000000000	1.00000000009018186
141.44531250000000000	1.00000000237165576
141.48437500000000000	1.00000000046392312
141.52343750000000000	1.00000000224033259
141.56250000000000000	1.00000000061638517
141.60156250000000000	1.00000000233308906
141.64062500000000000	1.00000000026667557
141.67968750000000000	1.00000000199536565
141.71875000000000000	1.00000000020371438
141.75781250000000000	1.00000000178486292
141.79687500000000000	0.99999999991625421
141.83593750000000000	1.00000000162145741
141.87500000000000000	0.99999999996341715
141.91406250000000000	1.00000000168800640
141.95312500000000000	1.00000000005435163
141.99218750000000000	1.00000000178872117
142.03125000000000000	1.00000000041471826
142.07031250000000000	1.00000000168738468
142.10937500000000000	1.00000000022406188
142.14843750000000000	1.00000000144385148
142.18750000000000000	1.00000000020477753
142.22656250000000000	1.00000000144488266
142.26562500000000000	1.00000000061509708
142.30468750000000000	1.00000000178068471
142.34375000000000000	1.00000000038935877
142.38281250000000000	1.00000000185306770
142.42187500000000000	1.00000000020097768
142.46093750000000000	1.00000000170067094
142.50000000000000000	1.00000000011507728
142.53906250000000000	1.00000000162401048
142.57812500000000000	0.99999999990851585
142.61718750000000000	1.00000000160102553
142.65625000000000000	0.99999999975992115
142.69531250000000000	1.00000000138903600
142.73437500000000000	0.99999999970902009
142.77343750000000000	1.00000000127930377
142.81250000000000000	0.99999999922727534
142.85156250000000000	1.00000000125647159
142.89062500000000000	0.99999999963005781
142.92968750000000000	1.00000000149599844
142.96875000000000000	0.99999999966307596
143.00781250000000000	1.00000000167789493
143.04687500000000000	0.99999999978418608
143.08593750000000000	1.00000000165072356
143.12500000000000000	0.99999999979666976
143.16406250000000000	1.00000000173078729
143.20312500000000000	0.99999999992685595
143.24218750000000000	1.00000000154072843
143.28125000000000000	0.99999999991765165
143.32031250000000000	1.00000000138846556
143.35937500000000000	1.00000000028688807
143.39843750000000000	1.00000000123054877
143.43750000000000000	0.99999999997376310
143.47656250000000000	1.00000000104820863
143.51562500000000000	0.99999999969743847
143.55468750000000000	1.00000000084530027
143.59375000000000000	0.99999999963250163
143.63281250000000000	1.00000000066697003
143.67187500000000000	0.99999999995559707
143.71093750000000000	1.00000000071503026
143.75000000000000000	0.99999999991466704
143.78906250000000000	1.00000000082377061
143.82812500000000000	0.99999999998693556
143.86718750000000000	1.00000000091992614
143.90625000000000000	1.00000000041160608
143.94531250000000000	1.00000000121794885
143.98437500000000000	1.00000000046691961
144.02343750000000000	1.00000000147555723
144.06250000000000000	1.00000000062649552
144.10156250000000000	1.00000000123829746
144.14062500000000000	1.00000000028340175
144.17968750000000000	1.00000000121657662
144.21875000000000000	1.00000000058435967
144.25781250000000000	1.00000000105872466
144.29687500000000000	1.00000000041833603
144.33593750000000000	1.00000000112207177
144.37500000000000000	0.99999999978330378
144.41406250000000000	1.00000000109701248
144.45312500000000000	0.99999999966004016
144.49218750000000000	1.00000000128358968
144.53125000000000000	0.99999999963666941
144.57031250000000000	1.00000000131842537
144.60937500000000000	1.00000000002469736
144.64843750000000000	1.00000000167961489
144.68750000000000000	1.00000000009016254
144.72656250000000000	1.00000000189952831
144.76562500000000000	1.00000000046606607
144.80468750000000000	1.00000000219975616
144.84375000000000000	1.00000000049607740
144.88281250000000000	1.00000000243171350
144.92187500000000000	1.00000000045222093
144.96093750000000000	1.00000000239790965
145.00000000000000000	1.00000000033114422
145.03906250000000000	1.00000000211865769
145.07812500000000000	1.00000000003748002
145.11718750000000000	1.00000000195601046
145.15625000000000000	0.99999999981961296
145.19531250000000000	1.00000000152770507
145.23437500000000000	0.99999999956578012
145.27343750000000000	1.00000000158737068
145.31250000000000000	0.99999999928258143
145.35156250000000000	1.00000000179580462
145.39062500000000000	0.99999999930753558
145.42968750000000000	1.00000000203940820
145.46875000000000000	0.99999999926549210
145.50781250000000000	1.00000000243012899
145.54687500000000000	0.99999999998327493
145.58593750000000000	1.00000000248882359
145.62500000000000000	1.00000000062614536
145.66406250000000000	1.00000000283840884
145.70312500000000000	1.00000000069000783
145.74218750000000000	1.00000000252747645
145.78125000000000000	1.00000000071972117
145.82031250000000000	1.00000000253995136
145.85937500000000000	1.00000000068308403
145.89843750000000000	1.00000000223401075
145.93750000000000000	1.00000000031664826
145.97656250000000000	1.00000000149072377
146.01562500000000000	0.99999999975146137
146.05468750000000000	1.00000000090228602
146.09375000000000000	0.99999999963748043
146.13281250000000000	1.00000000045662363
146.17187500000000000	0.99999999906452752
146.21093750000000000	1.00000000041443626
146.25000000000000000	0.99999999911238280
146.28906250000000000	1.00000000043055737
146.32812500000000000	0.99999999922319727
146.36718750000000000	1.00000000072035311
146.40625000000000000	0.99999999957893781
146.44531250000000000	1.00000000128044642
146.48437500000000000	0.99999999997132749
146.52343750000000000	1.00000000181029058
146.56250000000000000	1.00000000071476713
146.60156250000000000	1.00000000228184960
146.64062500000000000	1.00000000117830701
146.67968750000000000	1.00000000253066035
146.71875000000000000	1.00000000130005406
146.75781250000000000	1.00000000242944975
146.79687500000000000	1.00000000082342555
146.83593750000000000	1.00000000166500214
146.87500000000000000	1.00000000003045875
146.91406250000000000	1.00000000114865828
146.95312500000000000	0.99999999985652821
146.99218750000000000	1.00000000053795191
147.03125000000000000	0.99999999913540205
147.07031250000000000	0.99999999996310074
147.10937500000000000	0.99999999900211789
147.14843750000000000	0.99999999997263822
147.18750000000000000	0.99999999919177684
147.22656250000000000	1.00000000020063040
147.26562500000000000	0.99999999960067421
147.30468750000000000	1.00000000065578076
147.34375000000000000	1.00000000014254842
147.38281250000000000	1.00000000133179379
147.42187500000000000	1.00000000060992300
147.46093750000000000	1.00000000187555593
147.50000000000000000	1.00000000102864339
147.53906250000000000	1.00000000228854802
147.57812500000000000	1.00000000126326549
147.61718750000000000	1.00000000244432985
147.65625000000000000	1.00000000136912570
147.69531250000000000	1.00000000230668640
147.73437500000000000	1.00000000092535934
147.77343750000000000	1.00000000164833702
147.81250000000000000	1.00000000059927241
147.85156250000000000	1.00000000096914121
147.89062500000000000	0.99999999918400062
147.92968750000000000	1.00000000022779356
147.96875000000000000	0.99999999842606235
148.00781250000000000	0.99999999976648291
148.04687500000000000	0.99999999804296325
148.08593750000000000	1.00000000002219736
148.12500000000000000	0.99999999808719009
148.16406250000000000	1.00000000053119753
148.20312500000000000	0.99999999913918902
148.24218750000000000	1.00000000134491440
148.28125000000000000	0.99999999999293721
148.32031250000000000	1.00000000235744335
148.35937500000000000	1.00000000079599061
148.39843750000000000	1.00000000328052918
148.43750000000000000	1.00000000132736799
148.47656250000000000	1.00000000409957401
148.51562500000000000	1.00000000201288297
148.55468750000000000	1.00000000424675872
148.59375000000000000	1.00000000186221372
148.63281250000000000	1.00000000385581833
148.67187500000000000	1.00000000114471721
148.71093750000000000	1.00000000304434566
148.75000000000000000	1.00000000006774448
148.78906250000000000	1.00000000164649472
148.82812500000000000	0.99999999872295964
148.86718750000000000	1.00000000040666359
148.90625000000000000	0.99999999776174353
148.94531250000000000	0.99999999978764009
148.98437500000000000	0.99999999704481302
149.02343750000000000	0.99999999980566467
149.06250000000000000	0.99999999754483682
149.10156250000000000	1.00000000079195384
149.14062500000000000	0.99999999890065072
149.17968750000000000	1.00000000230069741
149.21875000000000000	1.00000000051702598
149.25781250000000000	1.00000000399720124
149.29687500000000000	1.00000000158168612
149.33593750000000000	1.00000000531763611
149.37500000000000000	1.00000000258631250
149.41406250000000000	1.00000000576210324
149.45312500000000000	1.00000000281304624
149.49218750000000000	1.00000000620444673
149.53125000000000000	1.00000000217923524
149.57031250000000000	1.00000000519614018
149.60937500000000000	1.00000000148987267
149.64843750000000000	1.00000000328352878
149.68750000000000000	0.99999999857774047
149.72656250000000000	1.00000000147432666
149.76562500000000000	0.99999999701893916
149.80468750000000000	0.99999999975120490
149.84375000000000000	0.99999999571426679
149.88281250000000000	0.99999999939447803
149.92187500000000000	0.99999999560793507
149.96093750000000000	0.99999999989940702
150.00000000000000000	0.99999999666920314
150.03906250000000000	1.00000000155977431
150.07812500000000000	0.99999999886041979
150.11718750000000000	1.00000000391246791
150.15625000000000000	1.00000000116955690
150.19531250000000000	1.00000000647954068
150.23437500000000000	1.00000000381254983
150.27343750000000000	1.00000000845238302
150.31250000000000000	1.00000000508924836
150.35156250000000000	1.00000000863164806
150.39062500000000000	1.00000000511128806
150.42968750000000000	1.00000000802888200
150.46875000000000000	1.00000000357083008
150.50781250000000000	1.00000000617347884
150.54687500000000000	1.00000000152438773
150.58593750000000000	1.00000000300521341
150.62500000000000000	0.99999999816533180
150.66406250000000000	0.99999999950121132
150.70312500000000000	0.99999999585217847
150.74218750000000000	0.99999999752916569
150.78125000000000000	0.99999999445198839
150.82031250000000000	0.99999999674454443
150.85937500000000000	0.99999999434546338
150.89843750000000000	0.99999999792919303
150.93750000000000000	0.99999999658951244
150.97656250000000000	1.00000000085775742
151.01562500000000000	0.99999999994906963
151.05468750000000000	1.00000000436669589
151.09375000000000000	1.00000000375032738
151.13281250000000000	1.00000000766094166
151.17187500000000000	1.00000000645285048
151.21093750000000000	1.00000000974669323
151.25000000000000000	1.00000000790882115
151.28906250000000000	1.00000000971326108
151.32812500000000000	1.00000000668597022
151.36718750000000000	1.00000000758918417
151.40625000000000000	1.00000000351417984
151.44531250000000000	1.00000000382671006
151.48437500000000000	0.99999999914402671
151.52343750000000000	0.99999999928040351
151.56250000000000000	0.99999999473905843
151.60156250000000000	0.99999999523229643
151.64062500000000000	0.99999999127181205
151.67968750000000000	0.99999999301728792
151.71875000000000000	0.99999999049321986
151.75781250000000000	0.99999999328560862
151.79687500000000000	0.99999999189647970
151.83593750000000000	0.99999999656526806
151.87500000000000000	0.99999999633453174
151.91406250000000000	1.00000000140902290
151.95312500000000000	1.00000000157386570
151.99218750000000000	1.00000000711704451
152.03125000000000000	1.00000000704275482
152.07031250000000000	1.00000001223237645
152.10937500000000000	1.00000001126676774
152.14843750000000000	1.00000001456638254
152.18750000000000000	1.00000001173963771
152.22656250000000000	1.00000001338667066
152.26562500000000000	1.00000000890149487
152.30468750000000000	1.00000000878235396
152.34375000000000000	1.00000000307442938
152.38281250000000000	1.00000000224796870
152.42187500000000000	0.99999999608777024
152.46093750000000000	0.99999999522787453
152.50000000000000000	0.99999998968918302
152.53906250000000000	0.99999999011223950
152.57812500000000000	0.99999998592569717
152.61718750000000000	0.99999998813850188
152.65625000000000000	0.99999998637342413
152.69531250000000000	0.99999999064192191
152.73437500000000000	0.99999999093207659
152.77343750000000000	0.99999999691764829
152.81250000000000000	0.99999999872493750
152.85156250000000000	1.00000000541082690
152.89062500000000000	1.00000000752650431
152.92968750000000000	1.00000001358121327
152.96875000000000000	1.00000001422115981
153.00781250000000000	1.00000001912219383
153.04687500000000000	1.00000001830438756
153.08593750000000000	1.00000002021184176
153.12500000000000000	1.00000001697869645
153.16406250000000000	1.00000001643559999
153.20312500000000000	1.00000001035660513
153.24218750000000000	1.00000000808800493
153.28125000000000000	1.00000000001560818
153.32031250000000000	0.99999999716830790
153.35937500000000000	0.99999998936214363
153.39843750000000000	0.99999998724958994
153.43750000000000000	0.99999998103937415
153.47656250000000000	0.99999998145341040
153.51562500000000000	0.99999997837124299
153.55468750000000000	0.99999998198606288
153.59375000000000000	0.99999998200302598
153.63281250000000000	0.99999998869316109
153.67187500000000000	0.99999999143902296
153.71093750000000000	1.00000000015352031
153.75000000000000000	1.00000000393408328
153.78906250000000000	1.00000001267342964
153.82812500000000000	1.00000001597500487
153.86718750000000000	1.00000002327207849
153.90625000000000000	1.00000002419190603
153.94531250000000000	1.00000002829434309
153.98437500000000000	1.00000002553401690
154.02343750000000000	1.00000002573682933
154.06250000000000000	1.00000001934446137
154.10156250000000000	1.00000001577964470
154.14062500000000000	1.00000000642984399
154.17968750000000000	1.00000000115348442
154.21875000000000000	0.99999999080681656
154.25781250000000000	0.99999998559803860
154.29687500000000000	0.99999997622786119
154.33593750000000000	0.99999997349698155
154.37500000000000000	0.99999996771198785
154.41406250000000000	0.99999996906027155
154.45312500000000000	0.99999996819884085
154.49218750000000000	0.99999997461787704
154.53125000000000000	0.99999997859643819
154.57031250000000000	0.99999998844206628
154.60937500000000000	0.99999999587296251
154.64843750000000000	1.00000000752734497
154.68750000000000000	1.00000001498173785
154.72656250000000000	1.00000002556964906
154.76562500000000000	1.00000003107729474
154.80468750000000000	1.00000003788492409
154.84375000000000000	1.00000003878324506
154.88281250000000000	1.00000004025162603
154.92187500000000000	1.00000003532649440
154.96093750000000000	1.00000003114363256
155.00000000000000000	1.00000002146882072
155.03906250000000000	1.00000001320074916
155.07812500000000000	1.00000000045956394
155.11718750000000000	0.99999999073021895
155.15625000000000000	0.99999997791227568
155.19531250000000000	0.99999996998180862
155.23437500000000000	0.99999996059880558
155.27343750000000000	0.99999995710117884
155.31250000000000000	0.99999995453489565
155.35156250000000000	0.99999995730480862
155.39062500000000000	0.99999996056424145
155.42968750000000000	0.99999997095861559
155.46875000000000000	0.99999998069114093
155.50781250000000000	0.99999999517550020
155.54687500000000000	1.00000000798636002
155.58593750000000000	1.00000002367097851
155.62500000000000000	1.00000003552197159
155.66406250000000000	1.00000004691340605
155.70312500000000000	1.00000005283348004
155.74218750000000000	1.00000005757649735
155.78125000000000000	1.00000005622404897
155.82031250000000000	1.00000005221164079
155.85937500000000000	1.00000004292834710
155.89843750000000000	1.00000003170690688
155.93750000000000000	1.00000001640887803
155.97656250000000000	1.00000000102456910
156.01562500000000000	0.99999998384774069
156.05468750000000000	0.99999996899573984
156.09375000000000000	0.99999995433241373
156.13281250000000000	0.99999994461826447
156.17187500000000000	0.99999993652845887
156.21093750000000000	0.99999993481090477
156.25000000000000000	0.99999993579776481
156.28906250000000000	0.99999994389425306
156.32812500000000000	0.99999995457453261
156.36718750000000000	0.99999997082512315
156.40625000000000000	0.99999998817145042
156.44531250000000000	1.00000000894345176
156.48437500000000000	1.00000002822541911
156.52343750000000000	1.00000004791299779
156.56250000000000000	1.00000006256274077
156.60156250000000000	1.00000007503660249
156.64062500000000000	1.00000008012188046
156.67968750000000000	1.00000008091039616
156.71875000000000000	1.00000007345785535
156.75781250000000000	1.00000006190551649
156.79687500000000000	1.00000004340944226
156.83593750000000000	1.00000002311295555
156.87500000000000000	0.99999999863665556
156.91406250000000000	0.99999997592852141
156.95312500000000000	0.99999995222181071
156.99218750000000000	0.99999993413612953
157.03125000000000000	0.99999991867552362
157.07031250000000000	0.99999991121559595
157.10937500000000000	0.99999990767672264
157.14843750000000000	0.99999991290666956
157.18750000000000000	0.99999992254391001
157.22656250000000000	0.99999993927309194
157.26562500000000000	0.99999995875587366
157.30468750000000000	0.99999998379408894
157.34375000000000000	1.00000000876114425
157.38281250000000000	1.00000003605437682
157.42187500000000000	1.00000006004982822
157.46093750000000000	1.00000008318486011
157.50000000000000000	1.00000009929937561
157.53906250000000000	1.00000011076638251
157.57812500000000000	1.00000011194033811
157.61718750000000000	1.00000010663956296
157.65625000000000000	1.00000009030762627
157.69531250000000000	1.00000006802547081
157.73437500000000000	1.00000003661024128
157.77343750000000000	1.00000000397498190
157.81250000000000000	0.99999996710777272
157.85156250000000000	0.99999993498506212
157.89062500000000000	0.99999990453887522
157.92968750000000000	0.99999988593845246
157.96875000000000000	0.99999987350380426
158.00781250000000000	0.99999987627453557
158.04687500000000000	0.99999988519873118
158.08593750000000000	0.99999990564278984
158.12500000000000000	0.99999992709394481
158.16406250000000000	0.99999995712755607
158.20312500000000000	0.99999998767797194
158.24218750000000000	1.00000002326797377
158.28125000000000000	1.00000005217313404
158.32031250000000000	1.00000008287917752
158.35937500000000000	1.00000010156010744
158.39843750000000000	1.00000011913792486
158.43750000000000000	1.00000013123215092
158.47656250000000000	1.00000013988525294
158.51562500000000000	1.00000013368270757
158.55468750000000000	1.00000012280851069
158.59375000000000000	1.00000009363207898
158.63281250000000000	1.00000006314190482
158.67187500000000000	1.00000001842332886
158.71093750000000000	0.99999997229229554
158.75000000000000000	0.99999992106475022
158.78906250000000000	0.99999988117629224
158.82812500000000000	0.99999984331400560
158.86718750000000000	0.99999981659200865
158.90625000000000000	0.99999980313801773
158.94531250000000000	0.99999981347534306
158.98437500000000000	0.99999985061506702
159.02343750000000000	0.99999992126033799
159.06250000000000000	0.99999998577938365
159.10156250000000000	1.00000004334042036
159.14062500000000000	1.00000009003448098
159.17968750000000000	1.00000012952919337
159.21875000000000000	1.00000016041477968
159.25781250000000000	1.00000018496381360
159.29687500000000000	1.00000019211600422
159.33593750000000000	1.00000019164858212
159.37500000000000000	1.00000018272432634
159.41406250000000000	1.00000016728412899
159.45312500000000000	1.00000014565128703
159.49218750000000000	1.00000012362613688
159.53125000000000000	1.00000009969493298
159.57031250000000000	1.00000007704530147
159.60937500000000000	1.00000005695261973
159.64843750000000000	1.00000002954614819
159.68750000000000000	1.00000000702171676
159.72656250000000000	0.99999998725473649
159.76562500000000000	0.99999997484873582
159.80468750000000000	0.99999996727444351
159.84375000000000000	0.99999996564572236
159.88281250000000000	0.99999996758265830
159.92187500000000000	0.99999997496603954
159.96093750000000000	0.99999998655452738
