0.00001000000000000	0.01636968182007648
0.00982508019748703	0.01636979485056189
0.01964016039497406	0.01637013348779592
0.02945524059246110	0.01637069774820388
0.03927032078994813	0.01637148765915619
0.04908540098743516	0.01637250325897044
0.05890048118492220	0.01637374459691487
0.06871556138240922	0.01637521173321344
0.07853064157989625	0.01637690473905129
0.08834572177738328	0.01637882369658150
0.09816080197487032	0.01638096869893313
0.10797588217235735	0.01638333985021889
0.11779096236984439	0.01638593726554649
0.12760604256733143	0.01638876107102849
0.13742112276481847	0.01639181140379464
0.14723620296230550	0.01639508841200432
0.15705128315979253	0.01639859225486140
0.16686636335727956	0.01640232310262868
0.17668144355476659	0.01640628113664400
0.18649652375225362	0.01641046654933731
0.19631160394974065	0.01641487954424914
0.20612668414722768	0.01641952033605010
0.21594176434471471	0.01642438915055988
0.22575684454220174	0.01642948622477103
0.23557192473968880	0.01643481180686868
0.24538700493717583	0.01644036615625566
0.25520208513466286	0.01644614954357737
0.26501716533214986	0.01645216225074631
0.27483224552963692	0.01645840457096914
0.28464732572712392	0.01646487680877518
0.29446240592461098	0.01647157928004517
0.30427748612209798	0.01647851231204034
0.31409256631958504	0.01648567624343411
0.32390764651707210	0.01649307142434553
0.33372272671455910	0.01650069821636990
0.34353780691204616	0.01650855699261611
0.35335288710953316	0.01651664813774034
0.36316796730702022	0.01652497204798331
0.37298304750450723	0.01653352913120776
0.38279812770199428	0.01654231980693877
0.39261320789948129	0.01655134450640139
0.40242828809696835	0.01656060367256462
0.41224336829445535	0.01657009776018148
0.42205844849194241	0.01657982723583418
0.43187352868942941	0.01658979257797810
0.44168860888691647	0.01659999427698799
0.45150368908440347	0.01661043283520480
0.46131876928189053	0.01662110876698375
0.47113384947937759	0.01663202259874452
0.48094892967686459	0.01664317486902189
0.49076400987435165	0.01665456612851612
0.50057909007183865	0.01666619694014859
0.51039417026932565	0.01667806787911386
0.52020925046681266	0.01669017953293650
0.53002433066429966	0.01670253250152742
0.53983941086178677	0.01671512739724246
0.54965449105927378	0.01672796484494099
0.55946957125676078	0.01674104548204658
0.56928465145424778	0.01675436995861068
0.57909973165173489	0.01676793893737316
0.58891481184922190	0.01678175309382790
0.59872989204670890	0.01679581311628964
0.60854497224419590	0.01681011970595969
0.61836005244168302	0.01682467357699502
0.62817513263917002	0.01683947545657771
0.63799021283665702	0.01685452608498739
0.64780529303414414	0.01686982621567157
0.65762037323163114	0.01688537661532141
0.66743545342911814	0.01690117806394653
0.67725053362660514	0.01691723135495160
0.68706561382409226	0.01693353729521374
0.69688069402157926	0.01695009670516412
0.70669577421906626	0.01696691041886655
0.71651085441655327	0.01698397928410189
0.72632593461404038	0.01700130416245060
0.73614101481152738	0.01701888592937895
0.74595609500901439	0.01703672547432578
0.75577117520650139	0.01705482370079026
0.76558625540398850	0.01707318152642290
0.77540133560147551	0.01709179988311660
0.78521641579896251	0.01711067971709912
0.79503149599644962	0.01712982198902857
0.80484657619393662	0.01714922767408855
0.81466165639142363	0.01716889776208708
0.82447673658891063	0.01718883325755505
0.83429181678639774	0.01720903517984795
0.84410689698388475	0.01722950456324801
0.85392197718137175	0.01725024245706885
0.86373705737885875	0.01727124992576112
0.87355213757634587	0.01729252804902104
0.88336721777383287	0.01731407792189887
0.89318229797131987	0.01733590065491042
0.90299737816880687	0.01735799737415067
0.91281245836629399	0.01738036922140729
0.92262753856378099	0.01740301735427752
0.93244261876126799	0.01742594294628785
0.94225769895875511	0.01744914718701185
0.95207277915624211	0.01747263128219378
0.96188785935372911	0.01749639645387224
0.97170293955121612	0.01752044394050489
0.98151801974870323	0.01754477499709772
0.99133309994619023	0.01756939089533349
1.00114818014367746	0.01759429292370362
1.01096326034116446	0.01761948238764233
1.02077834053865146	0.01764496060966114
1.03059342073613847	0.01767072892948685
1.04040850093362547	0.01769678870420222
1.05022358113111247	0.01772314130838570
1.06003866132859947	0.01774978813425709
1.06985374152608648	0.01777673059182239
1.07966882172357370	0.01780397010902224
1.08948390192106070	0.01783150813188217
1.09929898211854771	0.01785934612466533
1.10911406231603471	0.01788748557002617
1.11892914251352171	0.01791592796916874
1.12874422271100872	0.01794467484200524
1.13855930290849572	0.01797372772731720
1.14837438310598294	0.01800308818292029
1.15818946330346995	0.01803275778582969
1.16800454350095695	0.01806273813242887
1.17781962369844395	0.01809303083864133
1.18763470389593095	0.01812363754010349
1.19744978409341796	0.01815455989234060
1.20726486429090496	0.01818579957094590
1.21707994448839196	0.01821735827176107
1.22689502468587919	0.01824923771106002
1.23671010488336619	0.01828143962573581
1.24652518508085319	0.01831396577348843
1.25634026527834020	0.01834681793301773
1.26615534547582720	0.01837999790421663
1.27597042567331420	0.01841350750836857
1.28578550587080120	0.01844734858834751
1.29560058606828843	0.01848152300882111
1.30541566626577543	0.01851603265645507
1.31523074646326243	0.01855087944012279
1.32504582666074944	0.01858606529111595
1.33486090685823644	0.01862159216335957
1.34467598705572344	0.01865746203362872
1.35449106725321045	0.01869367690176915
1.36430614745069745	0.01873023879092184
1.37412122764818467	0.01876714974774807
1.38393630784567168	0.01880441184266035
1.39375138804315868	0.01884202717005556
1.40356646824064568	0.01887999784855077
1.41338154843813268	0.01891832602122290
1.42319662863561969	0.01895701385585258
1.43301170883310669	0.01899606354516992
1.44282678903059391	0.01903547730710475
1.45264186922808092	0.01907525738503912
1.46245694942556792	0.01911540604806594
1.47227202962305492	0.01915592559124801
1.48208710982054193	0.01919681833588283
1.49190219001802893	0.01923808662977033
1.50171727021551593	0.01927973284748496
1.51153235041300293	0.01932175939065039
1.52134743061049016	0.01936416868821911
1.53116251080797716	0.01940696319675639
1.54097759100546416	0.01945014540072587
1.55079267120295117	0.01949371781278175
1.56060775140043817	0.01953768297406477
1.57042283159792517	0.01958204345449965
1.58023791179541218	0.01962680185310084
1.59005299199289940	0.01967196079827838
1.59986807219038640	0.01971752294815143
1.60968315238787341	0.01976349099086483
1.61949823258536041	0.01980986764490877
1.62931331278284741	0.01985665565944561
1.63912839298033441	0.01990385781463977
1.64894347317782142	0.01995147692199128
1.65875855337530842	0.01999951582467685
1.66857363357279564	0.02004797739789299
1.67838871377028265	0.02009686454920456
1.68820379396776965	0.02014618021890036
1.69801887416525665	0.02019592738035070
1.70783395436274366	0.02024610904037127
1.71764903456023066	0.02029672823959316
1.72746411475771766	0.02034778805283710
1.73727919495520489	0.02039929158949150
1.74709427515269189	0.02045124199389980
1.75690935535017889	0.02050364244574887
1.76672443554766589	0.02055649616046662
1.77653951574515290	0.02060980638962173
1.78635459594263990	0.02066357642133243
1.79616967614012690	0.02071780958067926
1.80598475633761391	0.02077250923012319
1.81579983653510113	0.02082767876993097
1.82561491673258813	0.02088332163860673
1.83542999693007514	0.02093944131332781
1.84524507712756214	0.02099604131038890
1.85506015732504914	0.02105312518565083
1.86487523752253614	0.02111069653499786
1.87469031772002315	0.02116875899479909
1.88450539791751037	0.02122731624237795
1.89432047811499737	0.02128637199648886
1.90413555831248438	0.02134593001779850
1.91395063850997138	0.02140599410937705
1.92376571870745838	0.02146656811719372
1.93358079890494539	0.02152765593062167
1.94339587910243239	0.02158926148294793
1.95321095929991939	0.02165138875189254
1.96302603949740662	0.02171404176013547
1.97284111969489362	0.02177722457584841
1.98265619989238062	0.02184094131323744
1.99247128008986762	0.02190519613309205
2.00228636028735485	0.02196999324334192
2.01210144048484185	0.02203533689962223
2.02191652068232885	0.02210123140584785
2.03173160087981586	0.02216768111479384
2.04154668107730286	0.02223469042868798
2.05136176127478986	0.02230226379980704
2.06117684147227687	0.02237040573108728
2.07099192166976387	0.02243912077673860
2.08080700186725087	0.02250841354287236
2.09062208206473787	0.02257828868813483
2.10043716226222488	0.02264875092435248
2.11025224245971188	0.02271980501718474
2.12006732265719888	0.02279145578678854
2.12988240285468589	0.02286370810849003
2.13969748305217289	0.02293656691346901
2.14951256324966034	0.02301003718945260
2.15932764344714734	0.02308412398141668
2.16914272364463434	0.02315883239230188
2.17895780384212134	0.02323416758373809
2.18877288403960835	0.02331013477677868
2.19858796423709535	0.02338673925264845
2.20840304443458235	0.02346398635350022
2.21821812463206935	0.02354188148318404
2.22803320482955636	0.02362043010802828
2.23784828502704336	0.02369963775763106
2.24766336522453036	0.02377951002566447
2.25747844542201737	0.02386005257069157
2.26729352561950437	0.02394127111699385
2.27710860581699137	0.02402317145541399
2.28692368601447837	0.02410575944420790
2.29673876621196582	0.02418904100991237
2.30655384640945282	0.02427302214822558
2.31636892660693983	0.02435770892489886
2.32618400680442683	0.02444310747664569
2.33599908700191383	0.02452922401206148
2.34581416719940083	0.02461606481255740
2.35562924739688784	0.02470363623331207
2.36544432759437484	0.02479194470423296
2.37525940779186184	0.02488099673093647
2.38507448798934885	0.02497079889574150
2.39488956818683585	0.02506135785867702
2.40470464838432285	0.02515268035850871
2.41451972858180985	0.02524477321377772
2.42433480877929686	0.02533764332385846
2.43414988897678386	0.02543129767003016
2.44396496917427131	0.02552574331656754
2.45378004937175831	0.02562098741184771
2.46359512956924531	0.02571703718947282
2.47341020976673232	0.02581389996941319
2.48322528996421932	0.02591158315916386
2.49304037016170632	0.02601009425492595
2.50285545035919332	0.02610944084279965
2.51267053055668033	0.02620963060000003
2.52248561075416733	0.02631067129609188
2.53230069095165433	0.02641257079424175
2.54211577114914133	0.02651533705249243
2.55193085134662834	0.02661897812505643
2.56174593154411534	0.02672350216362951
2.57156101174160234	0.02682891741872673
2.58137609193908935	0.02693523224103733
2.59119117213657679	0.02704245508280423
2.60100625233406380	0.02715059449922341
2.61082133253155080	0.02725965914986628
2.62063641272903780	0.02736965780012535
2.63045149292652480	0.02748059932268321
2.64026657312401181	0.02759249269900377
2.65008165332149881	0.02770534702084981
2.65989673351898581	0.02781917149182367
2.66971181371647281	0.02793397542893261
2.67952689391395982	0.02804976826418115
2.68934197411144682	0.02816655954618807
2.69915705430893382	0.02828435894182957
2.70897213450642083	0.02840317623791078
2.71878721470390783	0.02852302134286344
2.72860229490139483	0.02864390428847108
2.73841737509888228	0.02876583523162368
2.74823245529636928	0.02888882445610075
2.75804753549385628	0.02901288237438360
2.76786261569134329	0.02913801952949846
2.77767769588883029	0.02926424659688809
2.78749277608631729	0.02939157438631701
2.79730785628380429	0.02952001384380720
2.80712293648129130	0.02964957605360474
2.81693801667877830	0.02978027224018298
2.82675309687626530	0.02991211377027458
2.83656817707375231	0.03004511215494110
2.84638325727123931	0.03017927905167650
2.85619833746872631	0.03031462626654458
2.86601341766621331	0.03045116575635431
2.87582849786370032	0.03058890963087191
2.88564357806118776	0.03072787015506784
2.89545865825867477	0.03086805975140572
2.90527373845616177	0.03100949100216721
2.91508881865364877	0.03115217665181791
2.92490389885113578	0.03129612960941286
2.93471897904862278	0.03144136295104383
2.94453405924610978	0.03158788992232908
2.95434913944359678	0.03173572394094337
2.96416421964108379	0.03188487859919542
2.97397929983857079	0.03203536766664639
2.98379438003605779	0.03218720509277473
2.99360946023354479	0.03234040500968849
3.00342454043103180	0.03249498173488308
3.01323962062851880	0.03265094977404726
3.02305470082600580	0.03280832382391874
3.03286978102349325	0.03296711877518921
3.04268486122098025	0.03312734971546027
3.05249994141846726	0.03328903193225052
3.06231502161595426	0.03345218091605773
3.07213010181344126	0.03361681236347158
3.08194518201092826	0.03378294218034483
3.09176026220841527	0.03395058648501770
3.10157534240590227	0.03411976161160113
3.11139042260338927	0.03429048411331870
3.12120550280087627	0.03446277076590554
3.13102058299836328	0.03463663857107124
3.14083566319585028	0.03481210476002250
3.15065074339333728	0.03498918679704865
3.16046582359082429	0.03516790238317413
3.17028090378831129	0.03534826945987379
3.18009598398579874	0.03553030621285613
3.18991106418328574	0.03571403107591564
3.19972614438077274	0.03589946273485545
3.20954122457825974	0.03608662013147812
3.21935630477574675	0.03627552246765353
3.22917138497323375	0.03646618920945666
3.23898646517072075	0.03665864009138420
3.24880154536820775	0.03685289512064649
3.25861662556569476	0.03704897458153944
3.26843170576318176	0.03724689903989609
3.27824678596066876	0.03744668934761985
3.28806186615815577	0.03764836664730409
3.29787694635564277	0.03785195237693362
3.30769202655312977	0.03805746827467604
3.31750710675061677	0.03826493638376127
3.32732218694810422	0.03847437905745299
3.33713726714559122	0.03868581896411116
3.34695234734307823	0.03889927909235114
3.35676742754056523	0.03911478275629943
3.36658250773805223	0.03933235360094722
3.37639758793553924	0.03955201560760602
3.38621266813302624	0.03977379309946616
3.39602774833051324	0.03999771074726088
3.40584282852800024	0.04022379357503658
3.41565790872548725	0.04045206696603443
3.42547298892297425	0.04068255666868426
3.43528806912046125	0.04091528880271245
3.44510314931794825	0.04115028986536606
3.45491822951543526	0.04138758673775900
3.46473330971292226	0.04162720669133735
3.47454838991040971	0.04186917739447182
3.48436347010789671	0.04211352691917747
3.49417855030538371	0.04236028374796219
3.50399363050287072	0.04260947678080962
3.51380871070035772	0.04286113534229852
3.52362379089784472	0.04311528918885998
3.53343887109533172	0.04337196851617642
3.54325395129281873	0.04363120396672848
3.55306903149030573	0.04389302663748673
3.56288411168779273	0.04415746808775733
3.57269919188527973	0.04442456034718267
3.58251427208276674	0.04469433592389904
3.59232935228025374	0.04496682781285699
3.60214443247774074	0.04524206950430931
3.61195951267522775	0.04552009499246468
3.62177459287271519	0.04580093878431679
3.63158967307020220	0.04608463590865020
3.64140475326768920	0.04637122192522714
3.65121983346517620	0.04666073293415818
3.66103491366266320	0.04695320558546401
3.67084999386015021	0.04724867708882963
3.68066507405763721	0.04754718522355617
3.69048015425512421	0.04784876834871643
3.70029523445261121	0.04815346541351617
3.71011031465009822	0.04846131596786829
3.71992539484758522	0.04877236017318187
3.72974047504507222	0.04908663881337549
3.73955555524255923	0.04940419330611601
3.74937063544004623	0.04972506571428714
3.75918571563753323	0.05004929875770037
3.76900079583502068	0.05037693582504343
3.77881587603250768	0.05070802098608085
3.78863095622999468	0.05104259900410746
3.79844603642748169	0.05138071534866251
3.80826111662496869	0.05172241620851015
3.81807619682245569	0.05206774850489149
3.82789127701994270	0.05241675990505745
3.83770635721742970	0.05276949883608706
3.84752143741491670	0.05312601449899568
3.85733651761240370	0.05348635688314618
3.86715159780989071	0.05385057678096294
3.87696667800737771	0.05421872580296416
3.88678175820486471	0.05459085639310968
3.89659683840235171	0.05496702184448288
3.90641191859983872	0.05534727631530612
3.91622699879732572	0.05573167484530384
3.92604207899481317	0.05612027337241554
3.93585715919230017	0.05651312874987446
3.94567223938978717	0.05691029876365361
3.95548731958727418	0.05731184215029317
3.96530239978476118	0.05771781861511693
3.97511747998224818	0.05812828885084576
3.98493256017973518	0.05854331455662043
3.99474764037722219	0.05896295845744259
4.00456272057470919	0.05938728432404261
4.01437780077219575	0.05981635699318910
4.02419288096968319	0.06025024238844623
4.03400796116716975	0.06068900754139206
4.04382304136465720	0.06113272061331132
4.05363812156214376	0.06158145091737088
4.06345320175963121	0.06203526894129074
4.07326828195711776	0.06249424637052647
4.08308336215460521	0.06295845611197182
4.09289844235209177	0.06342797231819475
4.10271352254957922	0.06390287041222420
4.11252860274706578	0.06438322711289723
4.12234368294455322	0.06486912046078330
4.13215876314203978	0.06536062984469837
4.14197384333952723	0.06585783602882689
4.15178892353701467	0.06636082118046416
4.16160400373450123	0.06686966889839563
4.17141908393198868	0.06738446424193156
4.18123416412947524	0.06790529376061105
4.19104924432696269	0.06843224552459470
4.20086432452444924	0.06896540915576266
4.21067940472193669	0.06950487585953702
4.22049448491942325	0.07005073845744669
4.23030956511691070	0.07060309142045529
4.24012464531439726	0.07116203090307072
4.24993972551188470	0.07172765477825627
4.25975480570937126	0.07230006267316857
4.26956988590685871	0.07287935600573747
4.27938496610434527	0.07346563802211570
4.28920004630183271	0.07405901383501901
4.29901512649932016	0.07465959046297954
4.30883020669680672	0.07526747687053992
4.31864528689429417	0.07588278400940829
4.32846036709178072	0.07650562486060541
4.33827544728926817	0.07713611447762558
4.34809052748675473	0.07777437003064236
4.35790560768424218	0.07842051085178425
4.36772068788172874	0.07907465848151141
4.37753576807921618	0.07973693671612214
4.38735084827670274	0.08040747165642004
4.39716592847419019	0.08108639175757282
4.40698100867167675	0.08177382788019660
4.41679608886916419	0.08246991334269782
4.42661116906665075	0.08317478397490763
4.43642624926413820	0.08388857817304485
4.44624132946162565	0.08461143695604323
4.45605640965911221	0.08534350402328117
4.46587148985659965	0.08608492581375216
4.47568657005408621	0.08683585156671669
4.48550165025157366	0.08759643338387657
4.49531673044906022	0.08836682629311332
4.50513181064654766	0.08914718831383484
4.51494689084403422	0.08993768052397633
4.52476197104152167	0.09073846712870004
4.53457705123900823	0.09154971553084268
4.54439213143649567	0.09237159640316106
4.55420721163398223	0.09320428376242318
4.56402229183146968	0.09404795504540098
4.57383737202895624	0.09490279118681633
4.58365245222644369	0.09576897669929840
4.59346753242393113	0.09664669975540396
4.60328261262141769	0.09753615227176837
4.61309769281890514	0.09843752999544064
4.62291277301639170	0.09935103259247002
4.63272785321387914	0.10027686373880573
4.64254293341136570	0.10121523121357956
4.65235801360885315	0.10216634699483818
4.66217309380633971	0.10313042735779776
4.67198817400382715	0.10410769297569167
4.68180325420131371	0.10509836902328984
4.69161833439880116	0.10610268528316769
4.70143341459628772	0.10712087625479982
4.71124849479377517	0.10815318126656948
4.72106357499126172	0.10919984459077325
4.73087865518874917	0.11026111556171148
4.74069373538623662	0.11133724869695538
4.75050881558372318	0.11242850382188385
4.76032389578121062	0.11353514619759120
4.77013897597869718	0.11465744665225541
4.77995405617618463	0.11579568171608534
4.78976913637367119	0.11695013375993779
4.79958421657115863	0.11812109113772618
4.80939929676864519	0.11930884833272815
4.81921437696613264	0.12051370610790979
4.82902945716361920	0.12173597166038741
4.83884453736110665	0.12297595878015621
4.84865961755859320	0.12423398801320340
4.85847469775608065	0.12551038682915061
4.86828977795356721	0.12680548979355588
4.87810485815105466	0.12811963874501686
4.88791993834854210	0.12945318297722253
4.89773501854602866	0.13080647942610457
4.90755009874351611	0.13217989286224197
4.91736517894100267	0.13357379608868114
4.92718025913849011	0.13498857014433474
4.93699533933597667	0.13642460451313276
4.94681041953346412	0.13788229733910129
4.95662549973095068	0.13936205564754922
4.96644057992843813	0.14086429557255442
4.97625566012592468	0.14238944259093911
4.98607074032341213	0.14393793176293956
4.99588582052089869	0.14551020797976966
5.00570090071838614	0.14710672621830079
5.01551598091587270	0.14872795180306919
5.02533106111336014	0.15037436067584475
5.03514614131084759	0.15204643967298848
5.04496122150833415	0.15374468681084974
5.05477630170582160	0.15546961157944483
5.06459138190330815	0.15722173524467542
5.07440646210079560	0.15900159115935919
5.08422154229828216	0.16080972508333635
5.09403662249576961	0.16264669551294442
5.10385170269325616	0.16451307402014559
5.11366678289074361	0.16640944560161286
5.12348186308823017	0.16833640903808100
5.13329694328571762	0.17029457726428532
5.14311202348320418	0.17228457774981532
5.15292710368069162	0.17430705289122705
5.16274218387817818	0.17636266041575932
5.17255726407566563	0.17845207379702188
5.18237234427315308	0.18057598268302022
5.19218742447063963	0.18273509333690818
5.20200250466812708	0.18493012909085726
5.21181758486561364	0.18716183081345505
5.22163266506310109	0.18943095739104732
5.23144774526058765	0.19173828622345701
5.24126282545807509	0.19408461373452945
5.25107790565556165	0.19647075589794916
5.26089298585304910	0.19889754877881194
5.27070806605053566	0.20136584909142508
5.28052314624802310	0.20387653477384193
5.29033822644550966	0.20643050557963205
5.30015330664299711	0.20902868368742411
5.30996838684048367	0.21167201432874772
5.31978346703797111	0.21436146643474019
5.32959854723545856	0.21709803330227639
5.33941362743294512	0.21988273328011110
5.34922870763043257	0.22271661047562974
5.35904378782791913	0.22560073548281567
5.36885886802540657	0.22853620613206704
5.37867394822289313	0.23152414826250078
5.38848902842038058	0.23456571651739999
5.39830410861786714	0.23766209516347614
5.40811918881535458	0.24081449893463114
5.41793426901284114	0.24402417390091424
5.42774934921032859	0.24729239836339056
5.43756442940781515	0.25062048377564239
5.44737950960530259	0.25400977569264116
5.45719458980278915	0.25746165474773974
5.46700967000027660	0.26097753765854559
5.47682475019776405	0.26455887826244140
5.48663983039525061	0.26820716858253812
5.49645491059273805	0.27192393992484121
5.50626999079022461	0.27571076400742223
5.51608507098771206	0.27956925412240419
5.52590015118519862	0.28350106633154304
5.53571523138268606	0.28750790069622334
5.54553031158017262	0.29159150254265720
5.55534539177766007	0.29575366376308687
5.56516047197514663	0.29999622415377303
5.57497555217263407	0.30432107279055842
5.58479063237012063	0.30873014944275223
5.59460571256760808	0.31322544602610336
5.60442079276509464	0.31780900809556112
5.61423587296258209	0.32248293637854253
5.62405095316006953	0.32724938834934880
5.63386603335755609	0.33211057984536541
5.64368111355504354	0.33706878672562202
5.65349619375253010	0.34212634657222996
5.66331127395001754	0.34728566043516551
5.67312635414750410	0.35254919462078804
5.68294143434499155	0.35791948252440575
5.69275651454247811	0.36339912650710449
5.70257159473996555	0.36899079981696636
5.71238667493745211	0.37469724855466435
5.72220175513493956	0.38052129368332188
5.73201683533242612	0.38646583308233962
5.74183191552991357	0.39253384364477273
5.75164699572740012	0.39872838341762118
5.76146207592488757	0.40505259378422132
5.77127715612237502	0.41150970168768242
5.78109223631986158	0.41810302189408599
5.79090731651734902	0.42483595929386941
5.80072239671483558	0.43171201123951408
5.81053747691232303	0.43873476991735394
5.82035255710980959	0.44590792475090102
5.83016763730729703	0.45323526483273102
5.83998271750478359	0.46072068138148692
5.84979779770227104	0.46836817022010246
5.85961287789975760	0.47618183427078120
5.86942795809724505	0.48416588606171873
5.87924303829473160	0.49232465023986949
5.88905811849221905	0.50066256608341830
5.89887319868970561	0.50918419000678361
5.90868827888719306	0.51789419805022163
5.91850335908468050	0.52679738834512846
5.92831843928216706	0.53589868354519665
5.93813351947965451	0.54520313321248759
5.94794859967714107	0.55471591614632287
5.95776367987462852	0.56444234264163273
5.96757876007211507	0.57438785666202952
5.97739384026960252	0.58455803791139194
5.98720892046708908	0.59495860378613430
5.99702400066457653	0.60559541118861770
6.00683908086206308	0.61647445818024260
6.01665416105955053	0.62760188545082463
6.02646924125703709	0.63898397757856107
6.03628432145452454	0.65062716405268595
6.04609940165201110	0.66253802002827855
6.05591448184949854	0.67472326678008510
6.06572956204698599	0.68718977181923735
6.07554464224447255	0.69994454863373079
6.08535972244196000	0.71299475601018547
6.09517480263944655	0.72634769689083645
6.10498988283693400	0.74001081671607560
6.11480496303442056	0.75399170119873060
6.12462004323190801	0.76829807347213341
6.13443512342939457	0.78293779054954349
6.14425020362688201	0.79791883902771632
6.15406528382436857	0.81324932996250365
6.16388036402185602	0.82893749283915197
6.17369544421934258	0.84499166855442653
6.18351052441683002	0.86142030132216163
6.19332560461431658	0.87823192940777761
6.20314068481180403	0.89543517459132793
6.21295576500929148	0.91303873025232851
6.22277084520677803	0.93105134796322608
6.23258592540426548	0.94948182247189417
6.24240100560175204	0.96833897494695331
6.25221608579923949	0.98763163435330181
6.26203116599672605	1.00736861681867995
6.27184624619421349	1.02755870284597206
6.28166132639170005	1.04821061221990086
6.29147640658918750	1.06933297645131398
6.30129148678667406	1.09093430859711193
6.31110656698416150	1.11302297028974206
6.32092164718164806	1.13560713580657002
6.33073672737913551	1.15869475300731217
6.34055180757662207	1.18229350096652497
6.35036688777410951	1.20641074412895222
6.36018196797159696	1.23105348281776794
6.36999704816908352	1.25622829993062091
6.37981212836657097	1.28194130366552717
6.38962720856405753	1.30819806612877909
6.39944228876154497	1.33500355769066026
6.40925736895903153	1.36236207697185385
6.41907244915651898	1.39027717636524972
6.42888752935400554	1.41875158302384685
6.43870260955149298	1.44778711527731985
6.44851768974897954	1.47738459447682158
6.45833276994646699	1.50754375231153270
6.46814785014395355	1.53826313369057566
6.47796293034144099	1.56953999534189714
6.48777801053892755	1.60137020034488708
6.49759309073641500	1.63374810888709288
6.50740817093390245	1.66666646561731024
6.51722325113138901	1.70011628405754300
6.52703833132887645	1.73408672863555013
6.53685341152636301	1.76856499500670150
6.54666849172385046	1.80353618944975791
6.55648357192133702	1.83898320824344075
6.56629865211882446	1.87488661806047663
6.57611373231631102	1.91122453855006236
6.58592881251379847	1.94797252841798030
6.59574389271128503	1.98510347645339458
6.60555897290877247	2.02258749909020707
6.61537405310625903	2.06039184622596405
6.62518913330374648	2.09848081714938139
6.63500421350123304	2.13681568854403103
6.64481929369872049	2.17535465663779792
6.65463437389620793	2.21405279564845348
6.66444945409369449	2.25286203473278590
6.67426453429118194	2.29173115567190155
6.68407961448866850	2.33060581351607077
6.69389469468615594	2.36942858236093645
6.70370977488364250	2.40813902833002880
6.71352485508112995	2.44667381168987053
6.72333993527861651	2.48496681982076995
6.73315501547610396	2.52294933250472830
6.74297009567359051	2.56055022067060412
6.75278517587107796	2.59769617935464936
6.76260025606856452	2.63431199519332937
6.77241533626605197	2.67032084826915117
6.78223041646353852	2.70564464758223400
6.79204549666102597	2.74020439883121991
6.80186057685851342	2.77392060256454176
6.81167565705599998	2.80671368012022526
6.82149073725348742	2.83850442412368054
6.83130581745097398	2.86921446967448723
6.84112089764846143	2.89876678174262370
6.85093597784594799	2.92708615372977254
6.86075105804343544	2.95409971165250562
6.87056613824092199	2.97973741798791991
6.88038121843840944	3.00393256890708571
6.89019629863589600	3.02662227842251008
6.90001137883338345	3.04774794290424023
6.90982645903087001	3.06725567948634037
6.91964153922835745	3.08509673209356539
6.92945661942584401	3.10122783917119937
6.93927169962333146	3.11561155769170917
6.94908677982081890	3.12821653863408944
6.95890186001830546	3.13901774987063176
6.96871694021579291	3.14799664323385642
6.97853202041327947	3.15514126345303980
6.98834710061076692	3.16044629762048768
6.99816218080825347	3.16391306484619728
7.00797726100574092	3.16554944675982508
7.01779234120322748	3.16536976049368590
7.02760742140071493	3.16339457670395863
7.03742250159820149	3.15965048603685439
7.04723758179568893	3.15416981820149722
7.05705266199317549	3.14699031845424448
7.06686774219066294	3.13815478681927873
7.07668282238814950	3.12771068575808986
7.08649790258563694	3.11570972225287202
7.09631298278312439	3.10220741038764825
7.10612806298061095	3.08726262049962719
7.11594314317809840	3.07093712084132342
7.12575822337558495	3.05329511745415960
7.13557330357307240	3.03440279761722032
7.14538838377055896	3.01432788182077571
7.15520346396804641	2.99313918873506779
7.16501854416553297	2.97090621712156189
7.17483362436302041	2.94769874807961818
7.18464870456050697	2.92358647045462483
7.19446378475799442	2.89863863166625979
7.20427886495548098	2.87292371566235083
7.21409394515296842	2.84650914917381570
7.22390902535045498	2.81946103695085171
7.23372410554794243	2.79184392620335986
7.24353918574542988	2.76372060005857989
7.25335426594291643	2.73515189948624426
7.26316934614040388	2.70619657282935266
7.27298442633789044	2.67691115181613037
7.28279950653537789	2.64734985271615253
7.29261458673286445	2.61756450113670880
7.30242966693035189	2.58760447883325773
7.31224474712783845	2.55751669082552269
7.32205982732532590	2.52734555106463610
7.33187490752281246	2.49713298488325464
7.34168998772029990	2.46691844647381942
7.35150506791778646	2.43673894967843285
7.36132014811527391	2.40662911042987426
7.37113522831276047	2.37662119925677384
7.38095030851024791	2.34674520234982475
7.39076538870773536	2.31702888978007504
7.40058046890522192	2.28749788955942535
7.41039554910270937	2.25817576633661421
7.42021062930019593	2.22908410362583620
7.43002570949768337	2.20024258856923538
7.43984078969516993	2.17166909833535904
7.44965586989265738	2.14337978735429457
7.45947095009014394	2.11538917468387888
7.46928603028763138	2.08771023089008256
7.47910111048511794	2.06035446390843013
7.48891619068260539	2.03333200343019893
7.49873127088009195	2.00665168342942435
7.50854635107757939	1.98032112251146764
7.51836143127506595	1.95434680182395026
7.52817651147255340	1.92873414032437851
7.53799159167004085	1.90348756724682189
7.54780667186752741	1.87861059165288236
7.55762175206501485	1.85410586899002339
7.56743683226250141	1.82997526461328697
7.57725191245998886	1.80621991425520778
7.58706699265747542	1.78284028145359175
7.59688207285496286	1.75983621196767070
7.60669715305244942	1.73720698523119088
7.61651223324993687	1.71495136290550043
7.62632731344742343	1.69306763460799692
7.63614239364491088	1.67155366090079704
7.64595747384239743	1.65040691363218839
7.65577255403988488	1.62962451372908701
7.66558763423737144	1.60920326654268964
7.67540271443485889	1.58913969485228601
7.68521779463234544	1.56943006963357901
7.69503287482983289	1.55007043869807992
7.70484795502732034	1.53105665330994434
7.71466303522480690	1.51238439288496052
7.72447811542229434	1.49404918787486829
7.73429319561978090	1.47604644093762327
7.74410827581726835	1.45837144649140082
7.75392335601475491	1.44101940874720968
7.76373843621224236	1.42398545831140044
7.77355351640972891	1.40726466744605139
7.78336859660721636	1.39085206407140882
7.79318367680470292	1.37474264459092455
7.80299875700219037	1.35893138561568061
7.81281383719967693	1.34341325466125561
7.82262891739716437	1.32818321988637367
7.83244399759465093	1.31323625893903184
7.84225907779213838	1.29856736697228681
7.85207415798962582	1.28417156388837483
7.86188923818711238	1.27004390086645880
7.87170431838459983	1.25617946622612142
7.88151939858208639	1.24257339067554207
7.89133447877957384	1.22922085199032738
7.90114955897706039	1.21611707916611067
7.91096463917454784	1.20325735608528328
7.92077971937203440	1.19063702473564681
7.93059479956952185	1.17825148801627200
7.94040987976700841	1.16609621216357651
7.95022495996449585	1.15416672882832505
7.96004004016198241	1.14245863683226312
7.96985512035946986	1.13096760363102988
7.97967020055695642	1.11968936650823525
7.98948528075444386	1.10861973352372711
7.99930036095193131	1.09775458423754801
8.00911544114941876	1.08708987022943537
8.01893052134690443	1.07662161543234380
8.02874560154439187	1.06634591629707720
8.03856068174187932	1.05625894180389435
8.04837576193936677	1.04635693333568547
8.05819084213685244	1.03663620442631554
8.06800592233433989	1.02709314039660748
8.07782100253182733	1.01772419788954593
8.08763608272931478	1.00852590431532585
8.09745116292680045	0.99949485721607234
8.10726624312428790	0.99062772355927164
8.11708132332177534	0.98192123896823102
8.12689640351926279	0.97337220689719683
8.13671148371675024	0.96497749775816666
8.14652656391423591	0.95673404800581618
8.15634164411172335	0.94863885918645374
8.16615672430921080	0.94068899695640840
8.17597180450669825	0.93288159007478078
8.18578688470418392	0.92521382937506569
8.19560196490167137	0.91768296671978233
8.20541704509915881	0.91028631394184922
8.21523212529664626	0.90302124177610632
8.22504720549413193	0.89588517878410345
8.23486228569161938	0.88887561027493511
8.24467736588910682	0.88199007722469747
8.25449244608659427	0.87522617519683854
8.26430752628407994	0.86858155326546127
8.27412260648156739	0.86205391294347655
8.28393768667905483	0.85564100711723412
8.29375276687654228	0.84934063898913759
8.30356784707402973	0.84315066102956893
8.31338292727151540	0.83706897393929847
8.32319800746900285	0.83109352562341099
8.33301308766649029	0.82522231017767611
8.34282816786397774	0.81945336688814885
8.35264324806146341	0.81378477924468706
8.36245832825895086	0.80821467396899038
8.37227340845643830	0.80274122005766968
8.38208848865392575	0.79736262784075218
8.39190356885141142	0.79207714805598783
8.40171864904889887	0.78688307093924048
8.41153372924638632	0.78177872533118298
8.42134880944387376	0.77676247780045948
8.43116388964136121	0.77183273178343392
8.44097896983884688	0.76698792674060079
8.45079405003633433	0.76222653732967449
8.46060913023382177	0.75754707259536758
8.47042421043130922	0.75294807517579521
8.48023929062879489	0.74842812052545260
8.49005437082628234	0.74398581615465353
8.49986945102376978	0.73961980088531754
8.50968453122125723	0.73532874412295546
8.51949961141874290	0.73111134514468845
8.52931469161623035	0.72696633240312769
8.53912977181371780	0.72289246284591457
8.54894485201120524	0.71888852125071923
8.55875993220869091	0.71495331957546771
8.56857501240617836	0.71108569632358498
8.57839009260366581	0.70728451592400621
8.58820517280115325	0.70354866812572181
8.59802025299864070	0.69987706740659328
8.60783533319612637	0.69626865239621183
8.61765041339361382	0.69272238531250874
8.62746549359110126	0.68923725141189696
8.63728057378858871	0.68581225845265137
8.64709565398607438	0.68244643617127987
8.65691073418356183	0.67913883577162104
8.66672581438104928	0.67588852942640676
8.67654089457853672	0.67269460979102447
8.68635597477602239	0.66955618952922102
8.69617105497350984	0.66647240085048809
8.70598613517099729	0.66344239505887703
8.71580121536848473	0.66046534211297847
8.72561629556597218	0.65754043019682384
8.73543137576345785	0.65466686530145990
8.74524645596094530	0.65184387081693784
8.75506153615843274	0.64907068713449756
8.76487661635592019	0.64634657125868111
8.77469169655340586	0.64367079642916303
8.78450677675089331	0.64104265175204933
8.79432185694838076	0.63846144184043041
8.80413693714586820	0.63592648646395711
8.81395201734335387	0.63343712020721843
8.82376709754084132	0.63099269213671283
8.83358217773832877	0.62859256547619680
8.84339725793581621	0.62623611729020578
8.85321233813330188	0.62392273817554300
8.86302741833078933	0.62165183196053486
8.87284249852827678	0.61942281541187250
8.88265757872576422	0.61723511794882691
8.89247265892325167	0.61508818136467069
8.90228773912073734	0.61298145955511352
8.91210281931822479	0.61091441825358317
8.92191789951571224	0.60888653477316657
8.93173297971319968	0.60689729775504841
8.94154805991068535	0.60494620692328671
8.95136314010817280	0.60303277284574619
8.96117822030566025	0.60115651670105463
8.97099330050314769	0.59931697005140727
8.98080838070063336	0.59751367462108296
8.99062346089812081	0.59574618208051566
9.00043854109560826	0.59401405383578831
9.01025362129309570	0.59231686082340107
9.02006870149058315	0.59065418331017883
9.02988378168806882	0.58902561069819181
9.03969886188555627	0.58743074133455120
9.04951394208304372	0.58586918232596408
9.05932902228053116	0.58434054935791269
9.06914410247801683	0.58284446651834676
9.07895918267550428	0.58138056612577516
9.08877426287299173	0.57994848856163306
9.09858934307047917	0.57854788210681940
9.10840442326796484	0.57717840278230181
9.11821950346545229	0.57583971419367530
9.12803458366293974	0.57453148737957815
9.13784966386042719	0.57325340066386488
9.14766474405791286	0.57200513951143428
9.15747982425540030	0.57078639638762785
9.16729490445288775	0.56959687062109787
9.17710998465037520	0.56843626827005966
9.18692506484786264	0.56730430199183934
9.19674014504534831	0.56620069091563607
9.20655522524283576	0.56512516051840755
9.21637030544032321	0.56407744250381153
9.22618538563781065	0.56305727468411193
9.23600046583529632	0.56206440086497989
9.24581554603278377	0.56109857073311553
9.25563062623027122	0.56015953974661836
9.26544570642775867	0.55924706902803201
9.27526078662524434	0.55836092525999925
9.28507586682273178	0.55750088058345937
9.29489094702021923	0.55666671249831978
9.30470602721770668	0.55585820376654649
9.31452110741519412	0.55507514231760058
9.32433618761267979	0.55431732115617027
9.33415126781016724	0.55358453827213705
9.34396634800765469	0.55287659655271504
9.35378142820514213	0.55219330369671737
9.36359650840262780	0.55153447213088269
9.37341158860011525	0.55089991892822321
9.38322666879760270	0.55028946572833237
9.39304174899509015	0.54970293865960596
9.40285682919257582	0.54914016826333056
9.41267190939006326	0.54860098941958579
9.42248698958755071	0.54808524127492397
9.43230206978503816	0.54759276717176653
9.44211714998252383	0.54712341457949365
9.45193223018001127	0.54667703502716536
9.46174731037749872	0.54625348403784435
9.47156239057498617	0.54585262106447441
9.48137747077247361	0.54547430942727759
9.49119255096995929	0.54511841625262969
9.50100763116744673	0.54478481241337562
9.51082271136493418	0.54447337247055061
9.52063779156242163	0.54418397461647028
9.53045287175990730	0.54391650061915042
9.54026795195739474	0.54367083576803055
9.55008303215488219	0.54344686882095883
9.55989811235236964	0.54324449195241253
9.56971319254985531	0.54306360070291815
9.57952827274734275	0.54290409392964167
9.58934335294483020	0.54276587375811869
9.59915843314231765	0.54264884553509329
9.60897351333980509	0.54255291778243886
9.61878859353729077	0.54247800215212916
9.62860367373477821	0.54242401338223400
9.63841875393226566	0.54239086925391522
9.64823383412975311	0.54237849054938791
9.65804891432723878	0.54238680101082970
9.66786399452472622	0.54241572730020771
9.67767907472221367	0.54246519895999867
9.68749415491970112	0.54253514837478045
9.69730923511718679	0.54262551073366594
9.70712431531467423	0.54273622399356003
9.71693939551216168	0.54286722884321725
9.72675447570964913	0.54301846866807113
9.73656955590713480	0.54318988951582137
9.74638463610462225	0.54338144006274958
9.75619971630210969	0.54359307158074821
9.76601479649959714	0.54382473790503649
9.77582987669708459	0.54407639540254693
9.78564495689457026	0.54434800294095809
9.79546003709205770	0.54463952185835596
9.80527511728954515	0.54495091593350564
9.81509019748703260	0.54528215135670832
9.82490527768451827	0.54563319670123045
9.83472035788200571	0.54600402289528405
9.84453543807949316	0.54639460319453659
9.85435051827698061	0.54680491315513580
9.86416559847446628	0.54723493060723072
9.87398067867195373	0.54768463562896841
9.88379575886944117	0.54815401052095281
9.89361083906692862	0.54864303978114326
9.90342591926441607	0.54915171008017716
9.91324099946190174	0.54968001023710356
9.92305607965938918	0.55022793119550462
9.93287115985687663	0.55079546599998919
9.94268624005436408	0.55138260977304476
9.95250132025184975	0.55198935969223006
9.96231640044933719	0.55261571496768891
9.97213148064682464	0.55326167681997074
9.98194656084431209	0.55392724845814256
9.99176164104179776	0.55461243505817670
10.00157672123928521	0.55531724374159097
10.01139180143677265	0.55604168355433492
10.02120688163426010	0.55678576544590108
10.03102196183174577	0.55754950224864208
10.04083704202923322	0.55833290865728635
10.05065212222672066	0.55913600120862383
10.06046720242420811	0.55995879826135986
10.07028228262169556	0.56080131997610749
10.08009736281918123	0.56166358829551410
10.08991244301666867	0.56254562692449639
10.09972752321415612	0.56344746131057311
10.10954260341164357	0.56436911862427852
10.11935768360912924	0.56531062773963914
10.12917276380661669	0.56627201921469994
10.13898784400410413	0.56725332527207561
10.14880292420159158	0.56825457977952532
10.15861800439907725	0.56927581823051776
10.16843308459656470	0.57031707772478413
10.17824816479405214	0.57137839694882775
10.18806324499153959	0.57245981615638963
10.19787832518902526	0.57356137714883970
10.20769340538651271	0.57468312325548232
10.21750848558400016	0.57582509931375703
10.22732356578148760	0.57698735164932247
10.23713864597897505	0.57816992805599399
10.24695372617646072	0.57937287777552982
10.25676880637394817	0.58059625147724181
10.26658388657143561	0.58184010123741092
10.27639896676892306	0.58310448051849262
10.28621404696640873	0.58438944414809280
10.29602912716389618	0.58569504829769459
10.30584420736138362	0.58702135046111548
10.31565928755887107	0.58836840943268132
10.32547436775635674	0.58973628528509092
10.33528944795384419	0.59112503934695504
10.34510452815133164	0.59253473417998914
10.35491960834881908	0.59396543355584053
10.36473468854630653	0.59541720243252949
10.37454976874379220	0.59689010693047817
10.38436484894127965	0.59838421430811817
10.39417992913876709	0.59989959293704254
10.40399500933625454	0.60143631227668615
10.41381008953374021	0.60299444284851789
10.42362516973122766	0.60457405620971327
10.43344024992871510	0.60617522492628706
10.44325533012620255	0.60779802254567106
10.45307041032368822	0.60944252356870021
10.46288549052117567	0.61110880342100149
10.47270057071866312	0.61279693842373884
10.48251565091615056	0.61450700576371320
10.49233073111363623	0.61623908346277867
10.50214581131112368	0.61799325034655406
10.51196089150861113	0.61976958601240395
10.52177597170609857	0.62156817079666837
10.53159105190358602	0.62338908574110641
10.54140613210107169	0.62523241255853801
10.55122121229855914	0.62709823359764860
10.56103629249604658	0.62898663180693482
10.57085137269353403	0.63089769069776169
10.58066645289101970	0.63283149430650765
10.59048153308850715	0.63478812715576449
10.60029661328599460	0.63676767421456471
10.61011169348348204	0.63877022085761215
10.61992677368096771	0.64079585282348517
10.62974185387845516	0.64284465617177844
10.63955693407594261	0.64491671723915922
10.64937201427343005	0.64701212259430896
10.65918709447091750	0.64913095899171225
10.66900217466840317	0.65127331332427585
10.67881725486589062	0.65343927257473311
10.68863233506337806	0.65562892376581150
10.69844741526086551	0.65784235390912782
10.70826249545835118	0.66007964995278434
10.71807757565583863	0.66234089872762980
10.72789265585332608	0.66462618689215114
10.73770773605081352	0.66693560087597015
10.74752281624829919	0.66926922682190937
10.75733789644578664	0.67162715052659294
10.76715297664327409	0.67400945737955031
10.77696805684076153	0.67641623230079395
10.78678313703824720	0.67884755967683097
10.79659821723573465	0.68130352329508348
10.80641329743322210	0.68378420627667325
10.81622837763070955	0.68628969100755277
10.82604345782819699	0.68882005906793431
10.83585853802568266	0.69137539115999203
10.84567361822317011	0.69395576703380679
10.85548869842065756	0.69656126541150598
10.86530377861814500	0.69919196390958416
10.87511885881563067	0.70184793895936237
10.88493393901311812	0.70452926572554753
10.89474901921060557	0.70723601802287139
10.90456409940809301	0.70996826823076953
10.91437917960557868	0.71272608720607222
10.92419425980306613	0.71550954419367341
10.93400934000055358	0.71831870673514708
10.94382442019804103	0.72115364057528319
10.95363950039552847	0.72401440956651042
10.96345458059301414	0.72690107557117667
10.97326966079050159	0.72981369836166832
10.98308474098798904	0.73275233551831886
10.99289982118547648	0.73571704232510715
11.00271490138296215	0.73870787166309482
11.01252998158044960	0.74172487390160113
11.02234506177793705	0.74476809678706790
11.03216014197542449	0.74783758532961153
11.04197522217291016	0.75093338168723134
11.05179030237039761	0.75405552504765461
11.06160538256788506	0.75720405150779913
11.07142046276537251	0.76037899395084618
11.08123554296285818	0.76358038192088884
11.09105062316034562	0.76680824149516746
11.10086570335783307	0.77006259515385467
11.11068078355532052	0.77334346164739853
11.12049586375280796	0.77665085586141347
11.13031094395029363	0.77998478867910026
11.14012602414778108	0.78334526684121575
11.14994110434526853	0.78673229280356494
11.15975618454275597	0.79014586459203595
11.16957126474024165	0.79358597565518485
11.17938634493772909	0.79705261471435662
11.18920142513521654	0.80054576561137347
11.19901650533270399	0.80406540715380215
11.20883158553018966	0.80761151295780353
11.21864666572767710	0.81118405128860338
11.22846174592516455	0.81478298489859258
11.23827682612265200	0.81840827086309698
11.24809190632013944	0.82205986041383983
11.25790698651762511	0.82573769877014236
11.26772206671511256	0.82944172496789093
11.27753714691260001	0.83317187168633122
11.28735222711008745	0.83692806507272210
11.29716730730757313	0.84071022456491407
11.30698238750506057	0.84451826271191510
11.31679746770254802	0.84835208499249193
11.32661254790003547	0.85221158963190313
11.33642762809752114	0.85609666741680368
11.34624270829500858	0.86000720150844590
11.35605778849249603	0.86394306725421821
11.36587286868998348	0.86790413199765415
11.37568794888746915	0.87189025488698890
11.38550302908495659	0.87590128668236966
11.39531810928244404	0.87993706956184536
11.40513318947993149	0.88399743692624422
11.41494826967741893	0.88808221320306902
11.42476334987490461	0.89219121364954523
11.43457843007239205	0.89632424415495993
11.44439351026987950	0.90048110104244028
11.45420859046736695	0.90466157087033172
11.46402367066485262	0.90886543023333743
11.47383875086234006	0.91309244556358871
11.48365383105982751	0.91734237293183285
11.49346891125731496	0.92161495784890946
11.50328399145480063	0.92590993506774477
11.51309907165228807	0.93022702838603477
11.52291415184977552	0.93456595044984914
11.53272923204726297	0.93892640255837923
11.54254431224475042	0.94330807447004184
11.55235939244223609	0.94771064421022133
11.56217447263972353	0.95213377788084164
11.57198955283721098	0.95657712947207507
11.58180463303469843	0.96104034067642852
11.59161971323218410	0.96552304070548800
11.60143479342967154	0.97002484610961437
11.61124987362715899	0.97454536060086872
11.62106495382464644	0.97908417487948129
11.63088003402213211	0.98364086646417492
11.64069511421961955	0.98821499952665903
11.65051019441710700	0.99280612473060625
11.66032527461459445	0.99741377907548967
11.67014035481208012	1.00203748574558227
11.67995543500956757	1.00667675396449385
11.68977051520705501	1.01133107885559670
11.69958559540454246	1.01599994130871285
11.70940067560202991	1.02068280785343890
11.71921575579951558	1.02537913053947904
11.72903083599700302	1.03008834682438866
11.73884591619449047	1.03480987946910941
11.74866099639197792	1.03954313644169716
11.75847607658946359	1.04428751082967008
11.76829115678695103	1.04904238076133804
11.77810623698443848	1.05380710933657018
11.78792131718192593	1.05858104456740731
11.79773639737941160	1.06336351932891349
11.80755147757689905	1.06815385132072027
11.81736655777438649	1.07295134303967532
11.82718163797187394	1.07775528176399393
11.83699671816936139	1.08256493954938238
11.84681179836684706	1.08737957323751977
11.85662687856433450	1.09219842447732352
11.86644195876182195	1.09702071975943660
11.87625703895930940	1.10184567046431736
11.88607211915679507	1.10667247292437509
11.89588719935428252	1.11150030850052572
11.90570227955176996	1.11632834367358180
11.91551735974925741	1.12115573015086167
11.92533243994674308	1.12598160498838418
11.93514752014423053	1.13080509072905544
11.94496260034171797	1.13562529555713732
11.95477768053920542	1.14044131346942801
11.96459276073669109	1.14525222446341890
11.97440784093417854	1.15005709474277462
11.98422292113166598	1.15485497694042882
11.99403800132915343	1.15964491035958339
12.00385308152664088	1.16442592123286803
12.01366816172412655	1.16919702299990624
12.02348324192161400	1.17395721660351104
12.03329832211910144	1.17870549080470033
12.04311340231658889	1.18344082251672544
12.05292848251407456	1.18816217715823469
12.06274356271156201	1.19286850902572339
12.07255864290904945	1.19755876168533404
12.08237372310653690	1.20223186838408802
12.09218880330402257	1.20688675248060218
12.10200388350151002	1.21152232789523673
12.11181896369899746	1.21613749957969119
12.12163404389648491	1.22073116400598169
12.13144912409397236	1.22530220967464976
12.14126420429145803	1.22984951764214956
12.15107928448894548	1.23437196206713939
12.16089436468643292	1.23886841077554477
12.17070944488392037	1.24333772584412383
12.18052452508140604	1.24777876420218736
12.19033960527889349	1.25219037825124468
12.20015468547638093	1.25657141650210047
12.20996976567386838	1.26092072422905455
12.21978484587135405	1.26523714414072974
12.22959992606884150	1.26951951706701660
12.23941500626632894	1.27376668266163406
12.24923008646381639	1.27797748011964973
12.25904516666130206	1.28215074890943681
12.26886024685878951	1.28628532951832253
12.27867532705627696	1.29038006421123885
12.28849040725376440	1.29443379780165801
12.29830548745125185	1.29844537843397578
12.30812056764873752	1.30241365837655110
12.31793564784622497	1.30633749482452388
12.32775072804371241	1.31021575071148977
12.33756580824119986	1.31404729552910804
12.34738088843868553	1.31783100615366067
12.35719596863617298	1.32156576767853973
12.36701104883366042	1.32525047425163822
12.37682612903114787	1.32888402991653920
12.38664120922863354	1.33246534945643580
12.39645628942612099	1.33599335923963380
12.40627136962360844	1.33946699806544944
12.41608644982109588	1.34288521800940264
12.42590153001858333	1.34624698526642161
12.43571661021606900	1.34955128099089428
12.44553169041355645	1.35279710213233706
12.45534677061104389	1.35598346226538746
12.46516185080853134	1.35910939241294271
12.47497693100601701	1.36217394186112206
12.48479201120350446	1.36517617896481624
12.49460709140099191	1.36811519194255515
12.50442217159847935	1.37099008965943869
12.51423725179596502	1.37380000239685174
12.52405233199345247	1.37654408260777261
12.53386741219093992	1.37922150565633439
12.54368249238842736	1.38183147054053546
12.55349757258591303	1.38437320059681790
12.56331265278340048	1.38684594418535090
12.57312773298088793	1.38924897535489400
12.58294281317837537	1.39158159448603658
12.59275789337586282	1.39384312891182538
12.60257297357334849	1.39603293351457891
12.61238805377083594	1.39815039129798668
12.62220313396832339	1.40019491393343598
12.63201821416581083	1.40216594227960889
12.64183329436329650	1.40406294687451183
12.65164837456078395	1.40588542839901320
12.66146345475827140	1.40763291811112690
12.67127853495575884	1.40930497825030154
12.68109361515324451	1.41090120241094041
12.69090869535073196	1.41242121588463831
12.70072377554821941	1.41386467597043031
12.71053885574570685	1.41523127225260836
12.72035393594319430	1.41652072684560726
12.73016901614067997	1.41773279460557622
12.73998409633816742	1.41886726330830903
12.74979917653565487	1.41992395379323288
12.75961425673314231	1.42090272007329288
12.76942933693062798	1.42180344941055559
12.77924441712811543	1.42262606235749245
12.78905949732560288	1.42337051276389870
12.79887457752309032	1.42403678774956166
12.80868965772057599	1.42462490764274530
12.81850473791806344	1.42513492588471857
12.82831981811555089	1.42556692890058789
12.83813489831303833	1.42592103593671804
12.84794997851052401	1.42619739886516772
12.85776505870801145	1.42639620195554206
12.86758013890549890	1.42651766161480520
12.87739521910298635	1.42656202609557492
12.88721029930047379	1.42652957517353873
12.89702537949795946	1.42642061979467605
12.90684045969544691	1.42623550169297619
12.91665553989293436	1.42597459297944607
12.92647062009042180	1.42563829570323763
12.93628570028790747	1.42522704138574108
12.94610078048539492	1.42474129052857124
12.95591586068288237	1.42418153209638132
12.96573094088036981	1.42354828297549574
12.97554602107785549	1.42284208740938900
12.98536110127534293	1.42206351641204831
12.99517618147283038	1.42121316716030366
13.00499126167031783	1.42029166236624160
13.01480634186780527	1.41929964963079991
13.02462142206529094	1.41823780077973094
13.03443650226277839	1.41710681118304449
13.04425158246026584	1.41590739905915042
13.05406666265775328	1.41464030476486102
13.06388174285523895	1.41330629007244468
13.07369682305272640	1.41190613743492688
13.08351190325021385	1.41044064924085411
13.09332698344770129	1.40891064705967461
13.10314206364518697	1.40731697087896990
13.11295714384267441	1.40566047833469465
13.12277222404016186	1.40394204393558031
13.13258730423764931	1.40216255828292269
13.14240238443513498	1.40032292728683316
13.15221746463262242	1.39842407138010572
13.16203254483010987	1.39646692473083434
13.17184762502759732	1.39445243445481903
13.18166270522508476	1.39238155982886758
13.19147778542257043	1.39025527150600636
13.20129286562005788	1.38807455073361252
13.21110794581754533	1.38584038857547509
13.22092302601503278	1.38355378513868876
13.23073810621251845	1.38121574880636588
13.24055318641000589	1.37882729547698313
13.25036826660749334	1.37638944781128214
13.26018334680498079	1.37390323448749951
13.26999842700246646	1.37136968946572013
13.27981350719995390	1.36878985126212616
13.28962858739744135	1.36616476223380845
13.29944366759492880	1.36349546787485010
13.30925874779241624	1.36078301612429931
13.31907382798990191	1.35802845668663497
13.32888890818738936	1.35523284036527158
13.33870398838487681	1.35239721840966531
13.34851906858236426	1.34952264187642790
13.35833414877984993	1.34661016100498276
13.36814922897733737	1.34366082460809544
13.37796430917482482	1.34067567947770572
13.38777938937231227	1.33765576980635492
13.39759446956979794	1.33460213662452531
13.40740954976728538	1.33151581725414259
13.41722462996477283	1.32839784477851053
13.42703971016226028	1.32524924752877582
13.43685479035974595	1.32207104858720892
13.44666987055723339	1.31886426530730172
13.45648495075472084	1.31562990885089892
13.46630003095220829	1.31236898374232513
13.47611511114969574	1.30908248743960209
13.48593019134718141	1.30577140992275709
13.49574527154466885	1.30243673329918508
13.50556035174215630	1.29907943142602900
13.51537543193964375	1.29570046954951423
13.52519051213712942	1.29230080396112323
13.53500559233461686	1.28888138167050892
13.54482067253210431	1.28544314009499772
13.55463575272959176	1.28198700676552102
13.56445083292707743	1.27851389904880208
13.57426591312456488	1.27502472388559540
13.58408099332205232	1.27152037754475078
13.59389607351953977	1.26800174539289690
13.60371115371702722	1.26446970167947259
13.61352623391451289	1.26092510933685364
13.62334131411200033	1.25736881979530413
13.63315639430948778	1.25380167281246080
13.64297147450697523	1.25022449631706722
13.65278655470446090	1.24663810626663141
13.66260163490194834	1.24304330651871076
13.67241671509943579	1.23944088871548841
13.68223179529692324	1.23583163218133008
13.69204687549440891	1.23221630383296876
13.70186195569189636	1.22859565810197102
13.71167703588938380	1.22497043686918339
13.72149211608687125	1.22134136941075533
13.73130719628435692	1.21770917235542919
13.74112227648184437	1.21407454965272454
13.75093735667933181	1.21043819255168028
13.76075243687681926	1.20680077958977483
13.77056751707430671	1.20316297659173355
13.78038259727179238	1.19952543667776124
13.79019767746927982	1.19588880028096289
13.80001275766676727	1.19225369517355273
13.80982783786425472	1.18862073650148936
13.81964291806174039	1.18499052682722561
13.82945799825922784	1.18136365618021233
13.83927307845671528	1.17774070211485715
13.84908815865420273	1.17412222977553071
13.85890323885168840	1.17050879196839186
13.86871831904917585	1.16690092923961553
13.87853339924666329	1.16329916995978744
13.88834847944415074	1.15970403041408621
13.89816355964163819	1.15611601489800009
13.90797863983912386	1.15253561581824626
13.91779372003661130	1.14896331379861216
13.92760880023409875	1.14539957779043178
13.93742388043158620	1.14184486518740780
13.94723896062907187	1.13829962194452783
13.95705404082655932	1.13476428270077756
13.96686912102404676	1.13123927090541354
13.97668420122153421	1.12772499894753442
13.98649928141901988	1.12422186828870485
13.99631436161650733	1.12073026959839361
14.00612944181399477	1.11725058289199275
14.01594452201148222	1.11378317767120372
14.02575960220896789	1.11032841306654251
14.03557468240645534	1.10688663798180542
14.04538976260394278	1.10345819124022881
14.05520484280143023	1.10004340173220183
14.06501992299891768	1.09664258856430608
14.07483500319640335	1.09325606120951768
14.08465008339389080	1.08988411965839016
14.09446516359137824	1.08652705457104681
14.10428024378886569	1.08318514742983218
14.11409532398635136	1.07985867069243624
14.12391040418383881	1.07654788794539136
14.13372548438132625	1.07325305405774385
14.14354056457881370	1.06997441533480764
14.15335564477629937	1.06671220967184532
14.16317072497378682	1.06346666670754897
14.17298580517127427	1.06023800797722711
14.18280088536876171	1.05702644706555016
14.19261596556624916	1.05383218975878568
14.20243104576373483	1.05065543419636964
14.21224612596122228	1.04749637102177218
14.22206120615870972	1.04435518353253620
14.23187628635619717	1.04123204782939927
14.24169136655368284	1.03812713296442682
14.25150644675117029	1.03504060108807394
14.26132152694865773	1.03197260759512188
14.27113660714614518	1.02892330126938814
14.28095168734363085	1.02589282442717100
14.29076676754111830	1.02288131305936303
14.30058184773860575	1.01988889697217999
14.31039692793609319	1.01691569992644948
14.32021200813357886	1.01396183977540910
14.33002708833106631	1.01102742860098438
14.33984216852855376	1.00811257284848743
14.34965724872604120	1.00521737345971318
14.35947232892352865	1.00234192600439953
14.36928740912101432	0.99948632080999933
14.37910248931850177	0.99665064308977169
14.38891756951598921	0.99383497306914459
14.39873264971347666	0.99103938611032094
14.40854772991096233	0.98826395283513424
14.41836281010844978	0.98550873924611604
14.42817789030593723	0.98277380684576476
14.43799297050342467	0.98005921275401453
14.44780805070091034	0.97736500982387875
14.45762313089839779	0.97469124675526941
14.46743821109588524	0.97203796820699839
14.47725329129337268	0.96940521490692466
14.48706837149086013	0.96679302376027754
14.49688345168834580	0.96420142795614616
14.50669853188583325	0.96163045707212746
14.51651361208332069	0.95908013717714158
14.52632869228080814	0.95655049093243261
14.53614377247829381	0.95404153769073430
14.54595885267578126	0.95155329359363183
14.55577393287326871	0.94908577166711305
14.56558901307075615	0.94663898191533058
14.57540409326824182	0.94421293141257112
14.58521917346572927	0.94180762439346555
14.59503425366321672	0.93942306234142459
14.60484933386070416	0.93705924407533747
14.61466441405818983	0.93471616583453876
14.62447949425567728	0.93239382136205884
14.63429457445316473	0.93009220198616593
14.64410965465065217	0.92781129670024209
14.65392473484813962	0.92555109224097676
14.66373981504562529	0.92331157316492229
14.67355489524311274	0.92109272192341429
14.68336997544060019	0.91889451893588392
14.69318505563808763	0.91671694266157655
14.70300013583557330	0.91455996966970310
14.71281521603306075	0.91242357470803370
14.72263029623054820	0.91030773076996141
14.73244537642803564	0.90821240916005708
14.74226045662552131	0.90613757955813889
14.75207553682300876	0.90408321008185200
14.76189061702049621	0.90204926734782898
14.77170569721798365	0.90003571653140380
14.78152077741547110	0.89804252142492558
14.79133585761295677	0.89606964449469106
14.80115093781044422	0.89411704693651206
14.81096601800793167	0.89218468872994228
14.82078109820541911	0.89027252869119100
14.83059617840290478	0.88838052452472882
14.84041125860039223	0.88650863287362403
14.85022633879787968	0.88465680936863178
14.86004141899536712	0.88282500867603264
14.86985649919285279	0.88101318454427424
14.87967157939034024	0.87922128984941894
14.88948665958782769	0.87744927663941996
14.89930173978531514	0.87569709617725144
14.90911681998280081	0.87396469898291040
14.91893190018028825	0.87225203487431124
14.92874698037777570	0.87055905300709691
14.93856206057526315	0.86888570191338177
14.94837714077275059	0.86723192953945261
14.95819222097023626	0.86559768328243081
14.96800730116772371	0.86398291002595151
14.97782238136521116	0.86238755617483787
14.98763746156269860	0.86081156768881084
14.99745254176018427	0.85925489011525891
15.00726762195767172	0.85771746862106735
15.01708270215515917	0.85619924802355230
15.02689778235264662	0.85470017282048427
15.03671286255013229	0.85322018721925008
15.04652794274761973	0.85175923516515240
15.05634302294510718	0.85031726036887822
15.06615810314259463	0.84889420633313151
15.07597318334008207	0.84749001637847798
15.08578826353756774	0.84610463366838884
15.09560334373505519	0.84473800123352238
15.10541842393254264	0.84339006199524558
15.11523350413003008	0.84206075878841835
15.12504858432751575	0.84075003438345575
15.13486366452500320	0.83945783150767794
15.14467874472249065	0.83818409286597673
15.15449382491997810	0.83692876116079451
15.16430890511746377	0.83569177911144110
15.17412398531495121	0.83447308947277654
15.18393906551243866	0.83327263505323534
15.19375414570992611	0.83209035873225001
15.20356922590741178	0.83092620347705726
15.21338430610489922	0.82978011235891413
15.22319938630238667	0.82865202856873255
15.23301446649987412	0.82754189543214451
15.24282954669736156	0.82644965642401347
15.25264462689484724	0.82537525518240185
15.26245970709233468	0.82431863552200590
15.27227478728982213	0.82327974144707294
15.28208986748730958	0.82225851716381249
15.29190494768479525	0.82125490709230420
15.30172002788228269	0.82026885587792409
15.31153510807977014	0.81930030840229984
15.32135018827725759	0.81834920979379011
15.33116526847474326	0.81741550543752683
15.34098034867223070	0.81649914098498977
15.35079542886971815	0.81560006236317295
15.36061050906720560	0.81471821578330539
15.37042558926469127	0.81385354774916863
15.38024066946217872	0.81300600506500342
15.39005574965966616	0.81217553484301397
15.39987082985715361	0.81136208451049918
15.40968591005464106	0.81056560181658432
15.41950099025212673	0.80978603483859501
15.42931607044961417	0.80902333198805743
15.43913115064710162	0.80827744201635432
15.44894623084458907	0.80754831402001848
15.45876131104207474	0.80683589744569650
15.46857639123956218	0.80614014209477092
15.47839147143704963	0.80546099812766736
15.48820655163453708	0.80479841606782232
15.49802163183202275	0.80415234680536163
15.50783671202951020	0.80352274160045001
15.51765179222699764	0.80290955208635761
15.52746687242448509	0.80231273027222283
15.53728195262197254	0.80173222854553161
15.54709703281945821	0.80116799967430796
15.55691211301694565	0.80061999680903806
15.56672719321443310	0.80008817348431416
15.57654227341192055	0.79957248362021538
15.58635735360940622	0.79907288152343103
15.59617243380689366	0.79858932188811949
15.60598751400438111	0.79812175979653066
15.61580259420186856	0.79767015071936254
15.62561767439935423	0.79723445051589570
15.63543275459684168	0.79681461543387611
15.64524783479432912	0.79641060210917158
15.65506291499181657	0.79602236756519584
15.66487799518930224	0.79564986921211345
15.67469307538678969	0.79529306484581364
15.68450815558427713	0.79495191264667564
15.69432323578176458	0.79462637117811497
15.70413831597925203	0.79431639938492093
15.71395339617673770	0.79402195659138497
15.72376847637422514	0.79374300249922980
15.73358355657171259	0.79347949718532873
15.74339863676920004	0.79323140109923629
15.75321371696668571	0.79299867506051858
15.76302879716417316	0.79278128025589045
15.77284387736166060	0.79257917823616519
15.78265895755914805	0.79239233091301786
15.79247403775663372	0.79222070055555693
15.80228911795412117	0.79206424978672230
15.81210419815160861	0.79192294157949772
15.82191927834909606	0.79179673925293892
15.83173435854658351	0.79168560646804509
15.84154943874406918	0.79158950722342891
15.85136451894155663	0.79150840585083559
15.86117959913904407	0.79144226701048148
15.87099467933653152	0.79139105568622115
15.88080975953401719	0.79135473718055660
15.89062483973150464	0.79133327710946755
15.90043991992899208	0.79132664139708653
15.91025500012647953	0.79133479627020686
15.92007008032396520	0.79135770825262675
15.92988516052145265	0.79139534415933543
15.93970024071894009	0.79144767109053449
15.94951532091642754	0.79151465642550733
15.95933040111391321	0.79159626781632042
15.96914548131140066	0.79169247318137892
15.97896056150888811	0.79180324069881203
15.98877564170637555	0.79192853879972236
15.99859072190386300	0.79206833616125161
16.00840580210135045	0.79222260169952086
16.01822088229883789	0.79239130456240148
16.02803596249632179	0.79257441412213037
16.03785104269380923	0.79277189996778474
16.04766612289129668	0.79298373189758931
16.05748120308878413	0.79320987991108383
16.06729628328627157	0.79345031420113366
16.07711136348375902	0.79370500514578501
16.08692644368124647	0.79397392329997807
16.09674152387873391	0.79425703938709502
16.10655660407621781	0.79455432429037565
16.11637168427370526	0.79486574904416241
16.12618676447119270	0.79519128482500878
16.13600184466868015	0.79553090294262985
16.14581692486616760	0.79588457483070263
16.15563200506365504	0.79625227203751792
16.16544708526114249	0.79663396621647919
16.17526216545862994	0.79702962911644726
16.18507724565611738	0.79743923257194416
16.19489232585360128	0.79786274849318728
16.20470740605108873	0.79830014885599665
16.21452248624857617	0.79875140569152159
16.22433756644606362	0.79921649107584436
16.23415264664355107	0.79969537711940542
16.24396772684103851	0.80018803595629695
16.25378280703852596	0.80069443973339027
16.26359788723601341	0.80121456059931717
16.27341296743350085	0.80174837069329430
16.28322804763098475	0.80229584213379646
16.29304312782847219	0.80285694700707355
16.30285820802595964	0.80343165735551836
16.31267328822344709	0.80401994516587050
16.32248836842093453	0.80462178235727944
16.33230344861842198	0.80523714076919906
16.34211852881590943	0.80586599214913668
16.35193360901339688	0.80650830814024044
16.36174868921088077	0.80716406026873500
16.37156376940836822	0.80783321993120261
16.38137884960585566	0.80851575838170064
16.39119392980334311	0.80921164671873413
16.40100901000083056	0.80992085587206164
16.41082409019831800	0.81064335658934716
16.42063917039580545	0.81137911942266783
16.43045425059329290	0.81212811471484181
16.44026933079078034	0.81289031258561950
16.45008441098826424	0.81366568291771024
16.45989949118575169	0.81445419534265096
16.46971457138323913	0.81525581922652357
16.47952965158072658	0.81607052365551080
16.48934473177821403	0.81689827742129639
16.49915981197570147	0.81773904900631578
16.50897489217318892	0.81859280656884170
16.51878997237067637	0.81945951792792293
16.52860505256816026	0.82033915054815454
16.53842013276564771	0.82123167152431920
16.54823521296313515	0.82213704756584327
16.55805029316062260	0.82305524498112281
16.56786537335811005	0.82398622966168311
16.57768045355559750	0.82492996706620203
16.58749553375308494	0.82588642220435360
16.59731061395057239	0.82685555962053803
16.60712569414805984	0.82783734337743164
16.61694077434554373	0.82883173703940538
16.62675585454303118	0.82983870365579115
16.63657093474051862	0.83085820574399727
16.64638601493800607	0.83189020527249224
16.65620109513549352	0.83293466364362856
16.66601617533298096	0.83399154167634104
16.67583125553046841	0.83506079958869273
16.68564633572795586	0.83614239698028825
16.69546141592543975	0.83723629281455536
16.70527649612292720	0.83834244540087843
16.71509157632041465	0.83946081237661185
16.72490665651790209	0.84059135068896396
16.73472173671538954	0.84173401657673796
16.74453681691287699	0.84288876555197245
16.75435189711036443	0.84405555238143359
16.76416697730785188	0.84523433106800505
16.77398205750533933	0.84642505483195685
16.78379713770282322	0.84762767609209511
16.79361221790031067	0.84884214644680933
16.80342729809779811	0.85006841665500388
16.81324237829528556	0.85130643661693595
16.82305745849277301	0.85255615535494345
16.83287253869026046	0.85381752099408303
16.84268761888774790	0.85509048074267768
16.85250269908523535	0.85637498087276787
16.86231777928272280	0.85767096670048759
16.87213285948020669	0.85897838256636039
16.88194793967769414	0.86029717181551857
16.89176301987518158	0.86162727677785189
16.90157810007266903	0.86296863874809693
16.91139318027015648	0.86432119796587081
16.92120826046764392	0.86568489359563416
16.93102334066513137	0.86705966370663445
16.94083842086261882	0.86844544525277867
16.95065350106010271	0.86984217405249686
16.96046858125759016	0.87124978476855941
16.97028366145507761	0.87266821088787561
16.98009874165256505	0.87409738470128318
16.98991382185005250	0.87553723728332400
16.99972890204753995	0.87698769847201685
17.00954398224502739	0.87844869684864613
17.01935906244251484	0.87992015971755022
17.02917414264000229	0.88140201308594823
17.03898922283748618	0.88289418164378264
17.04880430303497363	0.88439658874361171
17.05861938323246108	0.88590915638054413
17.06843446342994852	0.88743180517222331
17.07824954362743597	0.88896445433890048
17.08806462382492342	0.89050702168355234
17.09787970402241086	0.89205942357211132
17.10769478421989831	0.89362157491376804
17.11750986441738220	0.89519338914139468
17.12732494461486965	0.89677477819207885
17.13714002481235710	0.89836565248778166
17.14695510500984454	0.89996592091613303
17.15677018520733199	0.90157549081138244
17.16658526540481944	0.90319426793549851
17.17640034560230688	0.90482215645945163
17.18621542579979433	0.90645905894467427
17.19603050599728178	0.90810487632471604
17.20584558619476567	0.90975950788711546
17.21566066639225312	0.91142285125548472
17.22547574658974057	0.91309480237183183
17.23529082678722801	0.91477525547913796
17.24510590698471546	0.91646410310418247
17.25492098718220291	0.91816123604065580
17.26473606737969035	0.91986654333256013
17.27455114757717780	0.92157991225790470
17.28436622777466170	0.92330122831273520
17.29418130797214914	0.92503037519547981
17.30399638816963659	0.92676723479165768
17.31381146836712404	0.92851168715894372
17.32362654856461148	0.93026361051261608
17.33344162876209893	0.93202288121139987
17.34325670895958638	0.93378937374371207
17.35307178915707382	0.93556296071435274
17.36288686935456127	0.93734351283161854
17.37270194955204516	0.93913089889489554
17.38251702974953261	0.94092498578272099
17.39233210994702006	0.94272563844133250
17.40214719014450750	0.94453271987374243
17.41196227034199495	0.94634609112933399
17.42177735053948240	0.94816561129399879
17.43159243073696985	0.94999113748085418
17.44140751093445729	0.95182252482151797
17.45122259113194474	0.95365962645801594
17.46103767132942863	0.95550229353526783
17.47085275152691608	0.95735037519424770
17.48066783172440353	0.95920371856576547
17.49048291192189097	0.96106216876494843
17.50029799211937842	0.96292556888639447
17.51011307231686587	0.96479376000004391
17.51992815251435331	0.96666658114777881
17.52974323271184076	0.96854386934076431
17.53955831290932466	0.97042545955755977
17.54937339310681210	0.97231118474301226
17.55918847330429955	0.97420087580794712
17.56900355350178700	0.97609436162969132
17.57881863369927444	0.97799146905342249
17.58863371389676189	0.97989202289438104
17.59844879409424934	0.98179584594095981
17.60826387429173678	0.98370275895868242
17.61807895448922423	0.98561258069510749
17.62789403468670812	0.98752512788563152
17.63770911488419557	0.98944021526028003
17.64752419508168302	0.99135765555142963
17.65733927527917047	0.99327725950253021
17.66715435547665791	0.99519883587782254
17.67696943567414536	0.99712219147306802
17.68678451587163281	0.99904713112731713
17.69659959606912025	1.00097345773572299
17.70641467626660415	1.00290097226341324
17.71622975646409159	1.00482947376046372
17.72604483666157904	1.00675875937793835
17.73585991685906649	1.00868862438505791
17.74567499705655393	1.01061886218749231
17.75549007725404138	1.01254926434678172
17.76530515745152883	1.01447962060092056
17.77512023764901627	1.01640971888608944
17.78493531784650372	1.01833934535959059
17.79475039804398762	1.02026828442394080
17.80456547824147506	1.02219631875219052
17.81438055843896251	1.02412322931443112
17.82419563863644996	1.02604879540554439
17.83401071883393740	1.02797279467415636
17.84382579903142485	1.02989500315285687
17.85364087922891230	1.03181519528964127
17.86345595942639974	1.03373314398062233
17.87327103962388364	1.03564862060398410
17.88308611982137108	1.03756139505522382
17.89290120001885853	1.03947123578363954
17.90271628021634598	1.04137790983010192
17.91253136041383343	1.04328118286611127
17.92234644061132087	1.04518081923411521
17.93216152080880832	1.04707658198911790
17.94197660100629577	1.04896823294156616
17.95179168120378321	1.05085553270151455
17.96160676140126711	1.05273824072406286
17.97142184159875455	1.05461611535608224
17.98123692179624200	1.05648891388418598
17.99105200199372945	1.05835639258400205
18.00086708219121689	1.06021830677066631
18.01068216238870434	1.06207441085059573
18.02049724258619179	1.06392445837449512
18.03031232278367924	1.06576820209160106
18.04012740298116668	1.06760539400514931
18.04994248317865058	1.06943578542904882
18.05975756337613802	1.07125912704576587
18.06957264357362547	1.07307516896538790
18.07938772377111292	1.07488366078585540
18.08920280396860036	1.07668435165435183
18.09901788416608781	1.07847699032982258
18.10883296436357526	1.08026132524661800
18.11864804456106270	1.08203710457922875
18.12846312475854660	1.08380407630808739
18.13827820495603405	1.08556198828644468
18.14809328515352149	1.08731058830824057
18.15790836535100894	1.08904962417701245
18.16772344554849639	1.09077884377574219
18.17753852574598383	1.09249799513768342
18.18735360594347128	1.09420682651808310
18.19716868614095873	1.09590508646680673
18.20698376633844617	1.09759252390180828
18.21679884653593007	1.09926888818342317
18.22661392673341751	1.10093392918946575
18.23642900693090496	1.10258739739105494
18.24624408712839241	1.10422904392917021
18.25605916732587986	1.10585862069189145
18.26587424752336730	1.10747588039226552
18.27568932772085475	1.10908057664678195
18.28550440791834220	1.11067246405440234
18.29531948811582609	1.11225129827609970
18.30513456831331354	1.11381683611488569
18.31494964851080098	1.11536883559624544
18.32476472870828843	1.11690705604897600
18.33457980890577588	1.11843125818634048
18.34439488910326332	1.11994120418752452
18.35420996930075077	1.12143665777931978
18.36402504949823822	1.12291738431801602
18.37384012969572566	1.12438315087141105
18.38365520989320956	1.12583372630092748
18.39347029009069701	1.12726888134375880
18.40328537028818445	1.12868838869500765
18.41310045048567190	1.13009202308974332
18.42291553068315935	1.13147956138495442
18.43273061088064679	1.13285078264131389
18.44254569107813424	1.13420546820471735
18.45236077127562169	1.13554340178754209
18.46217585147310558	1.13686436954955172
18.47199093167059303	1.13816816017841815
18.48180601186808047	1.13945456496978004
18.49162109206556792	1.14072337790680201
18.50143617226305537	1.14197439573915172
18.51125125246054282	1.14320741806137516
18.52106633265803026	1.14442224739057252
18.53088141285551771	1.14561868924335419
18.54069649305300516	1.14679655221198762
18.55051157325048905	1.14795564803971195
18.56032665344797650	1.14909579169513076
18.57014173364546394	1.15021680144565819
18.57995681384295139	1.15131849892993499
18.58977189404043884	1.15240070922917659
18.59958697423792628	1.15346326093739560
18.60940205443541373	1.15450598623043521
18.61921713463290118	1.15552872093378345
18.62903221483038863	1.15653130458907816
18.63884729502787252	1.15751358051928133
18.64866237522535997	1.15847539589246717
18.65847745542284741	1.15941660178415429
18.66829253562033486	1.16033705323814873
18.67810761581782231	1.16123660932585793
18.68792269601530975	1.16211513320399429
18.69773777621279720	1.16297249217066989
18.70755285641028465	1.16380855771977654
18.71736793660776854	1.16462320559367516
18.72718301680525599	1.16541631583409155
18.73699809700274344	1.16618777283121933
18.74681317720023088	1.16693746537096232
18.75662825739771833	1.16766528668029257
18.76644333759520578	1.16837113447068797
18.77625841779269322	1.16905491097959890
18.78607349799018067	1.16971652300992845
18.79588857818766812	1.17035588196748197
18.80570365838515201	1.17097290389635877
18.81551873858263946	1.17156750951225486
18.82533381878012690	1.17213962423366014
18.83514889897761435	1.17268917821090168
18.84496397917510180	1.17321610635303797
18.85477905937258924	1.17372034835255623
18.86459413957007669	1.17420184870788358
18.87440921976756414	1.17466055674364944
18.88422429996504803	1.17509642662873670
18.89403938016253548	1.17550941739205927
18.90385446036002293	1.17589949293609597
18.91366954055751037	1.17626662204812615
18.92348462075499782	1.17661077840920680
18.93329970095248527	1.17693194060084605
18.94311478114997271	1.17723009210939744
18.95292986134746016	1.17750522132814450
18.96274494154494761	1.17775732155710822
18.97256002174243150	1.17798639100055658
18.98237510193991895	1.17819243276222463
18.99219018213740640	1.17837545483826034
19.00200526233489384	1.17853547010788740
19.01182034253238129	1.17867249632181670
19.02163542272986874	1.17878655608840521
19.03145050292735618	1.17887767685758083
19.04126558312484363	1.17894589090253521
19.05108066332232752	1.17899123529923244
19.06089574351981497	1.17901375190372537
19.07071082371730242	1.17901348732731504
19.08052590391478986	1.17899049290957536
19.09034098411227731	1.17894482468925932
19.10015606430976476	1.17887654337313319
19.10997114450725221	1.17878571430275136
19.11978622470473965	1.17867240741919810
19.12960130490222710	1.17853669722584531
19.13941638509971099	1.17837866274915548
19.14923146529719844	1.17819838749755101
19.15904654549468589	1.17799595941840485
19.16886162569217333	1.17777147085317746
19.17867670588966078	1.17752501849074798
19.18849178608714823	1.17725670331897314
19.19830686628463567	1.17696663057453121
19.20812194648212312	1.17665490969106568
19.21793702667961057	1.17632165424570623
19.22775210687709446	1.17596698190398752
19.23756718707458191	1.17559101436323243
19.24738226727206936	1.17519387729441771
19.25719734746955680	1.17477570028261713
19.26701242766704425	1.17433661676601542
19.27682750786453170	1.17387676397359697
19.28664258806201914	1.17339628286151609
19.29645766825950659	1.17289531804822955
19.30627274845699048	1.17237401774842831
19.31608782865447793	1.17183253370583063
19.32590290885196538	1.17127102112488157
19.33571798904945283	1.17068963860141584
19.34553306924694027	1.17008854805234175
19.35534814944442772	1.16946791464438982
19.36516322964191517	1.16882790672199510
19.37497830983940261	1.16816869573435200
19.38479339003689006	1.16749045616170788
19.39460847023437395	1.16679336544094991
19.40442355043186140	1.16607760389052606
19.41423863062934885	1.16534335463477534
19.42405371082683629	1.16459080352770217
19.43386879102432374	1.16382013907626414
19.44368387122181119	1.16303155236321798
19.45349895141929863	1.16222523696957891
19.46331403161678608	1.16140138889674960
19.47312911181426998	1.16056020648836755
19.48294419201175742	1.15970189035192983
19.49275927220924487	1.15882664328023610
19.50257435240673232	1.15793467017270979
19.51238943260421976	1.15702617795665108
19.52220451280170721	1.15610137550845615
19.53201959299919466	1.15516047357487395
19.54183467319668210	1.15420368469431689
19.55164975339416955	1.15323122311832416
19.56146483359165344	1.15224330473316083
19.57127991378914089	1.15124014698166044
19.58109499398662834	1.15022196878530081
19.59091007418411579	1.14918899046660949
19.60072515438160323	1.14814143367189403
19.61054023457909068	1.14707952129438318
19.62035531477657813	1.14600347739777675
19.63017039497406557	1.14491352714028349
19.63998547517154947	1.14380989669916633
19.64980055536903691	1.14269281319582938
19.65961563556652436	1.14156250462150077
19.66943071576401181	1.14041919976352291
19.67924579596149925	1.13926312813231245
19.68906087615898670	1.13809451988900801
19.69887595635647415	1.13691360577383560
19.70869103655396160	1.13572061703522942
19.71850611675144904	1.13451578535973230
19.72832119694893294	1.13329934280272626
19.73813627714642038	1.13207152171998326
19.74795135734390783	1.13083255470009392
19.75776643754139528	1.12958267449778971
19.76758151773888272	1.12832211396817517
19.77739659793637017	1.12705110600191283
19.78721167813385762	1.12576988346135987
19.79702675833134506	1.12447867911768351
19.80684183852883251	1.12317772558899676
19.81665691872631641	1.12186725527949815
19.82647199892380385	1.12054750031965544
19.83628707912129130	1.11921869250744477
19.84610215931877875	1.11788106325065550
19.85591723951626619	1.11653484351027621
19.86573231971375364	1.11518026374498680
19.87554739991124109	1.11381755385674097
19.88536248010872853	1.11244694313747927
19.89517756030621243	1.11106866021695927
19.90499264050369987	1.10968293301173060
19.91480772070118732	1.10828998867524553
19.92462280089867477	1.10689005354911263
19.93443788109616222	1.10548335311552259
19.94425296129364966	1.10407011195080806
19.95406804149113711	1.10265055368018361
19.96388312168862456	1.10122490093364700
19.97369820188611200	1.09979337530303067
19.98351328208359590	1.09835619730024092
19.99332836228108334	1.09691358631663949
20.00314344247857079	1.09546576058361333
20.01295852267605824	1.09401293713428593
20.02277360287354568	1.09255533176639874
20.03258868307103313	1.09109315900635040
20.04240376326852058	1.08962663207437349
20.05221884346600802	1.08815596285087901
20.06203392366349192	1.08668136184392150
20.07184900386097937	1.08520303815780927
20.08166408405846681	1.08372119946283574
20.09147916425595426	1.08223605196614048
20.10129424445344171	1.08074780038366347
20.11110932465092915	1.07925664791321640
20.12092440484841660	1.07776279620864401
20.13073948504590405	1.07626644535505234
20.14055456524339149	1.07476779384513255
20.15036964544087539	1.07326703855652750
20.16018472563836283	1.07176437473025010
20.16999980583585028	1.07025999595014309
20.17981488603333773	1.06875409412336109
20.18962996623082518	1.06724685946186293
20.19944504642831262	1.06573848046490016
20.20926012662580007	1.06422914390249512
20.21907520682328752	1.06271903479988805
20.22889028702077141	1.06120833642293766
20.23870536721825886	1.05969723026446938
20.24852044741574630	1.05818589603154489
20.25833552761323375	1.05667451163364379
20.26815060781072120	1.05516325317175319
20.27796568800820864	1.05365229492832202
20.28778076820569609	1.05214180935809454
20.29759584840318354	1.05063196707978701
20.30741092860067099	1.04912293686860036
20.31722600879815488	1.04761488564955574
20.32704108899564233	1.04610797849161874
20.33685616919312977	1.04460237860262173
20.34667124939061722	1.04309824732495371
20.35648632958810467	1.04159574413199563
20.36630140978559211	1.04009502662529996
20.37611648998307956	1.03859625053248195
20.38593157018056701	1.03709956970582007
20.39574665037805090	1.03560513612154548
20.40556173057553835	1.03411309987978761
20.41537681077302580	1.03262360920519192
20.42519189097051324	1.03113681044816063
20.43500697116800069	1.02965284808671531
20.44482205136548814	1.02817186472897637
20.45463713156297558	1.02669400111621134
20.46445221176046303	1.02521939612646706
20.47426729195795048	1.02374818677875634
20.48408237215543437	1.02228050823777927
20.49389745235292182	1.02081649381916950
20.50371253255040926	1.01935627499525538
20.51352761274789671	1.01789998140130078
20.52334269294538416	1.01644774084222811
20.53315777314287160	1.01499967929980661
20.54297285334035905	1.01355592094028046
20.55278793353784650	1.01211658812242544
20.56260301373533395	1.01068180140603370
20.57241809393281784	1.00925167956078510
20.58223317413030529	1.00782633957550716
20.59204825432779273	1.00640589666782287
20.60186333452528018	1.00499046429413186
20.61167841472276763	1.00358015415995649
20.62149349492025507	1.00217507623060209
20.63130857511774252	1.00077533874214386
20.64112365531522997	0.99938104821271689
20.65093873551271386	0.99799230945408435
20.66075381571020131	0.99660922558349962
20.67056889590768876	0.99523189803581591
20.68038397610517620	0.99386042657585749
20.69019905630266365	0.99249490931103057
20.70001413650015110	0.99113544270415133
20.70982921669763854	0.98978212158650303
20.71964429689512599	0.98843503917107833
20.72945937709261344	0.98709428706603486
20.73927445729009733	0.98575995528831706
20.74908953748758478	0.98443213227744486
20.75890461768507222	0.98311090490947739
20.76871969788255967	0.98179635851111013
20.77853477808004712	0.98048857687391300
20.78834985827753457	0.97918764226870270
20.79816493847502201	0.97789363546002761
20.80798001867250946	0.97660663572076045
20.81779509886999335	0.97532672084678795
20.82761017906748080	0.97405396717180182
20.83742525926496825	0.97278844958215360
20.84724033946245569	0.97153024153179424
20.85705541965994314	0.97027941505727378
20.86687049985743059	0.96903604079278760
20.87668558005491803	0.96780018798527923
20.88650066025240548	0.96657192450958340
20.89631574044989293	0.96535131688358899
20.90613082064737682	0.96413843028343760
20.91594590084486427	0.96293332855872538
20.92576098104235172	0.96173607424773055
20.93557606123983916	0.96054672859262658
20.94539114143732661	0.95936535155470526
20.95520622163481406	0.95819200182957576
20.96502130183230150	0.95702673686235529
20.97483638202978895	0.95586961286283623
20.98465146222727284	0.95472068482061567
20.99446654242476029	0.95358000652020081
21.00428162262224774	0.95244763055606418
21.01409670281973519	0.95132360834766161
21.02391178301722263	0.95020799015438895
21.03372686321471008	0.94910082509049476
21.04354194341219753	0.94800216113991786
21.05335702360968497	0.94691204517106931
21.06317210380717242	0.94583052295154368
21.07298718400465631	0.94475763916274580
21.08280226420214376	0.94369343741445211
21.09261734439963121	0.94263796025927604
21.10243242459711865	0.94159124920705928
21.11224750479460610	0.94055334473915897
21.12206258499209355	0.93952428632265428
21.13187766518958099	0.93850411242443954
21.14169274538706844	0.93749286052522973
21.15150782558455589	0.93649056713346024
21.16132290578203978	0.93549726779907050
21.17113798597952723	0.93451299712717939
21.18095306617701468	0.93353778879166294
21.19076814637450212	0.93257167554858977
21.20058322657198957	0.93161468924956425
21.21039830676947702	0.93066686085493067
21.22021338696696446	0.92972822044686465
21.23002846716445191	0.92879879724233128
21.23984354736193580	0.92787861960592444
21.24965862755942325	0.92696771506257514
21.25947370775691070	0.92606611031011643
21.26928878795439815	0.92517383123173735
21.27910386815188559	0.92429090290828531
21.28891894834937304	0.92341734963043176
21.29873402854686049	0.92255319491071808
21.30854910874434793	0.92169846149543910
21.31836418894183538	0.92085317137640510
21.32817926913931927	0.92001734580254968
21.33799434933680672	0.91919100529140285
21.34780942953429417	0.91837416964041874
21.35762450973178161	0.91756685793815262
21.36743958992926906	0.91676908857530581
21.37725467012675651	0.91598087925560701
21.38706975032424396	0.91520224700656139
21.39688483052173140	0.91443320819004570
21.40669991071921530	0.91367377851275400
21.41651499091670274	0.91292397303649353
21.42633007111419019	0.91218380618834161
21.43614515131167764	0.91145329177063683
21.44596023150916508	0.91073244297083478
21.45577531170665253	0.91002127237120034
21.46559039190413998	0.90931979195836332
21.47540547210162742	0.90862801313271135
21.48522055229911487	0.90794594671763618
21.49503563249659877	0.90727360296863457
21.50485071269408621	0.90661099158224634
21.51466579289157366	0.90595812170485501
21.52448087308906111	0.90531500194132242
21.53429595328654855	0.90468164036348819
21.54411103348403600	0.90405804451850580
21.55392611368152345	0.90344422143703562
21.56374119387901089	0.90284017764128699
21.57355627407649479	0.90224591915290286
21.58337135427398223	0.90166145150070431
21.59318643447146968	0.90108677972828177
21.60300151466895713	0.90052190840143498
21.61281659486644458	0.89996684161546625
21.62263167506393202	0.89942158300232777
21.63244675526141947	0.89888613573761567
21.64226183545890692	0.89836050254741984
21.65207691565639436	0.89784468571502807
21.66189199585387826	0.89733868708748143
21.67170707605136570	0.89684250808198418
21.68152215624885315	0.89635614969216748
21.69133723644634060	0.89587961249421644
21.70115231664382804	0.89541289665283541
21.71096739684131549	0.89495600192708857
21.72078247703880294	0.89450892767608936
21.73059755723629038	0.89407167286454170
21.74041263743377783	0.89364423606815580
21.75022771763126173	0.89322661547890336
21.76004279782874917	0.89281880891015231
21.76985787802623662	0.89242081380164240
21.77967295822372407	0.89203262722433962
21.78948803842121151	0.89165424588514497
21.79930311861869896	0.89128566613145721
21.80911819881618641	0.89092688395562247
21.81893327901367385	0.89057789499922202
21.82874835921115775	0.89023869455724169
21.83856343940864519	0.88990927758210225
21.84837851960613264	0.88958963868755425
21.85819359980362009	0.88927977215244791
21.86800868000110754	0.88897967192436256
21.87782376019859498	0.88868933162310526
21.88763884039608243	0.88840874454409235
21.89745392059356988	0.88813790366158185
21.90726900079105732	0.88787680163179650
21.91708408098854122	0.88762543079590794
21.92689916118602866	0.88738378318289091
21.93671424138351611	0.88715185051226864
21.94652932158100356	0.88692962419671195
21.95634440177849100	0.88671709534453413
21.96615948197597845	0.88651425476204304
21.97597456217346590	0.88632109295578876
21.98578964237095335	0.88613760013467791
21.99560472256843724	0.88596376621197004
22.00541980276592469	0.88579958080715970
22.01523488296341213	0.88564503324773136
22.02504996316089958	0.88550011257079764
22.03486504335838703	0.88536480752463187
22.04468012355587447	0.88523910657006510
22.05449520375336192	0.88512299788178561
22.06431028395084937	0.88501646934951028
22.07412536414833681	0.88491950857905244
22.08394044434582071	0.88483210289327152
22.09375552454330816	0.88475423933291042
22.10357060474079560	0.88468590465732877
22.11338568493828305	0.88462708534511425
22.12320076513577050	0.88457776759459594
22.13301584533325794	0.88453793732424524
22.14283092553074539	0.88450758017296538
22.15264600572823284	0.88448668150028498
22.16246108592571673	0.88447522638643183
22.17227616612320418	0.88447319963231608
22.18209124632069162	0.88448058575939859
22.19190632651817907	0.88449736900946418
22.20172140671566652	0.88452353334428879
22.21153648691315396	0.88455906244520677
22.22135156711064141	0.88460393971258067
22.23116664730812886	0.88465814826516409
22.24098172750561631	0.88472167093937770
22.25079680770310020	0.88479449028847679
22.26061188790058765	0.88487658858163520
22.27042696809807509	0.88496794780291432
22.28024204829556254	0.88506854965016402
22.29005712849304999	0.88517837553380496
22.29987220869053743	0.88529740657553424
22.30968728888802488	0.88542562360693577
22.31950236908551233	0.88556300716799285
22.32931744928299977	0.88570953750552361
22.33913252948048367	0.88586519457151880
22.34894760967797112	0.88602995802139384
22.35876268987545856	0.88620380721215641
22.36857777007294601	0.88638672120048545
22.37839285027043346	0.88657867874072849
22.38820793046792090	0.88677965828281191
22.39802301066540835	0.88698963797007380
22.40783809086289580	0.88720859563700993
22.41765317106037969	0.88743650880694014
22.42746825125786714	0.88767335468959996
22.43728333145535458	0.88791911017864811
22.44709841165284203	0.88817375184910019
22.45691349185032948	0.88843725595468581
22.46672857204781693	0.88870959842512687
22.47654365224530437	0.88899075486334822
22.48635873244279182	0.88928070054261033
22.49617381264027927	0.88957941040357535
22.50598889283776316	0.88988685905129405
22.51580397303525061	0.89020302075213487
22.52561905323273805	0.89052786943063311
22.53543413343022550	0.89086137866628279
22.54524921362771295	0.89120352169025729
22.55506429382520039	0.89155427138206533
22.56487937402268784	0.89191360026614741
22.57469445422017529	0.89228148050840861
22.58450953441765918	0.89265788391268652
22.59432461461514663	0.89304278191716668
22.60413969481263408	0.89343614559073337
22.61395477501012152	0.89383794562926921
22.62376985520760897	0.89424815235189525
22.63358493540509642	0.89466673569716082
22.64340001560258386	0.89509366521917455
22.65321509580007131	0.89552891008368984
22.66303017599755876	0.89597243906414026
22.67284525619504265	0.89642422053762283
22.68266033639253010	0.89688422248083666
22.69247541659001755	0.89735241246597974
22.70229049678750499	0.89782875765659209
22.71210557698499244	0.89831322480337006
22.72192065718247989	0.89880578023992663
22.73173573737996733	0.89930638987852274
22.74155081757745478	0.89981501920575535
22.75136589777493867	0.90033163327821275
22.76118097797242612	0.90085619671809802
22.77099605816991357	0.90138867370880815
22.78081113836740101	0.90192902799049857
22.79062621856488846	0.90247722285561038
22.80044129876237591	0.90303322114436768
22.81025637895986335	0.90359698524026033
22.82007145915735080	0.90416847706548953
22.82988653935483825	0.90474765807640212
22.83970161955232214	0.90533448925890270
22.84951669974980959	0.90592893112384820
22.85933177994729704	0.90653094370242038
22.86914686014478448	0.90714048654149837
22.87896194034227193	0.90775751869900789
22.88877702053975938	0.90838199873926040
22.89859210073724682	0.90901388472829880
22.90840718093473427	0.90965313422921845
22.91822226113222172	0.91029970429750084
22.92803734132970561	0.91095355147633694
22.93785242152719306	0.91161463179195834
22.94766750172468051	0.91228290074896434
22.95748258192216795	0.91295831332566402
22.96729766211965540	0.91364082396941904
22.97711274231714285	0.91433038659199961
22.98692782251463029	0.91502695456495675
22.99674290271211774	0.91573048071500607
23.00655798290960163	0.91644091731942645
23.01637306310708908	0.91715821610149129
23.02618814330457653	0.91788232822590454
23.03600322350206397	0.91861320429428539
23.04581830369955142	0.91935079434065503
23.05563338389703887	0.92009504782697937
23.06544846409452632	0.92084591363872415
23.07526354429201376	0.92160334008046252
23.08507862448950121	0.92236727487151327
23.09489370468698510	0.92313766514162154
23.10470878488447255	0.92391445742668643
23.11452386508196000	0.92469759766453752
23.12433894527944744	0.92548703119075459
23.13415402547693489	0.92628270273455249
23.14396910567442234	0.92708455641470799
23.15378418587190978	0.92789253573556263
23.16359926606939723	0.92870658358307356
23.17341434626688113	0.92952664222093717
23.18322942646436857	0.93035265328678007
23.19304450666185602	0.93118455778842224
23.20285958685934347	0.93202229610021337
23.21267466705683091	0.93286580795945162
23.22248974725431836	0.93371503246287624
23.23230482745180581	0.93456990806325391
23.24211990764929325	0.93543037256604700
23.25193498784678070	0.93629636312617293
23.26175006804426459	0.93716781624486423
23.27156514824175204	0.93804466776661832
23.28138022843923949	0.93892685287625366
23.29119530863672693	0.93981430609607197
23.30101038883421438	0.94070696128312636
23.31082546903170183	0.94160475162659840
23.32064054922918928	0.94250760964529945
23.33045562942667672	0.94341546718527680
23.34027070962416062	0.94432825541755905
23.35008578982164806	0.94524590483601501
23.35990087001913551	0.94616834525534410
23.36971595021662296	0.94709550580920399
23.37953103041411040	0.94802731494847325
23.38934611061159785	0.94896370043964884
23.39916119080908530	0.94990458936340239
23.40897627100657274	0.95084990811326042
23.41879135120406019	0.95179958239446305
23.42860643140154409	0.95275353722295086
23.43842151159903153	0.95371169692453794
23.44823659179651898	0.95467398513421919
23.45805167199400643	0.95564032479566652
23.46786675219149387	0.95661063816088121
23.47768183238898132	0.95758484679002231
23.48749691258646877	0.95856287155141828
23.49731199278395621	0.95954463262175083
23.50712707298144366	0.96053004948642651
23.51694215317892755	0.96151904094013685
23.52675723337641500	0.96251152508761029
23.53657231357390245	0.96350741934455764
23.54638739377138990	0.96450664043881451
23.55620247396887734	0.96550910441169413
23.56601755416636479	0.96651472661953508
23.57583263436385224	0.96752342173546813
23.58564771456133968	0.96853510375139229
23.59546279475882358	0.96954968598016034
23.60527787495631102	0.97056708105799927
23.61509295515379847	0.97158720094713880
23.62490803535128592	0.97260995693868024
23.63472311554877336	0.97363525965568165
23.64453819574626081	0.97466301905648811
23.65435327594374826	0.97569314443829092
23.66416835614123571	0.97672554444093163
23.67398343633872315	0.97776012705094584
23.68379851653620705	0.97879679960585053
23.69361359673369449	0.97983546879869066
23.70342867693118194	0.98087604068282619
23.71324375712866939	0.98191842067697921
23.72305883732615683	0.98296251357054099
23.73287391752364428	0.98400822352913186
23.74268899772113173	0.98505545410043860
23.75250407791861917	0.98610410822029826
23.76231915811610307	0.98715408821907191
23.77213423831359052	0.98820529582826844
23.78194931851107796	0.98925763218745855
23.79176439870856541	0.99031099785145271
23.80157947890605286	0.99136529279776764
23.81139455910354030	0.99242041643435897
23.82120963930102775	0.99347626760765129
23.83102471949851520	0.99453274461083707
23.84083979969600264	0.99558974519247478
23.85065487989348654	0.99664716656536334
23.86046996009097398	0.99770490541571222
23.87028504028846143	0.99876285791259678
23.88010012048594888	0.99982091971771259
23.88991520068343632	1.00087898599541214
23.89973028088092377	1.00193695142304739
23.90954536107841122	1.00299471020159459
23.91936044127589867	1.00405215606658649
23.92917552147338256	1.00510918229933210
23.93899060167087001	1.00616568173844056
23.94880568186835745	1.00722154679163278
23.95862076206584490	1.00827666944786398
23.96843584226333235	1.00933094128972733
23.97825092246081979	1.01038425350617334
23.98806600265830724	1.01143649690551030
23.99788108285579469	1.01248756192871436
24.00769616305328213	1.01353733866302775
24.01751124325076603	1.01458571685585319
24.02732632344825348	1.01563258592895456
24.03714140364574092	1.01667783499293307
24.04695648384322837	1.01772135286201371
24.05677156404071582	1.01876302806910934
24.06658664423820326	1.01980274888118405
24.07640172443569071	1.02084040331490433
24.08621680463317816	1.02187587915256506
24.09603188483066560	1.02290906395831604
24.10584696502814950	1.02393984509465841
24.11566204522563694	1.02496810973922781
24.12547712542312439	1.02599374490184814
24.13529220562061184	1.02701663744186056
24.14510728581809929	1.02803667408573274
24.15492236601558673	1.02905374144491768
24.16473744621307418	1.03006772603399699
24.17455252641056163	1.03107851428907016
24.18436760660804552	1.03208599258640454
24.19418268680553297	1.03309004726134557
24.20399776700302041	1.03409056462746096
24.21381284720050786	1.03508743099594702
24.22362792739799531	1.03608053269525624
24.23344300759548275	1.03706975609097629
24.24325808779297020	1.03805498760592751
24.25307316799045765	1.03903611374048999
24.26288824818794509	1.04001302109314864
24.27270332838542899	1.04098559638125443
24.28251840858291644	1.04195372646199047
24.29233348878040388	1.04291729835353753
24.30214856897789133	1.04387619925644759
24.31196364917537878	1.04483031657518666
24.32177872937286622	1.04577953793988110
24.33159380957035367	1.04672375122822681
24.34140888976784112	1.04766284458757064
24.35122396996532501	1.04859670645715930
24.36103905016281246	1.04952522559053318
24.37085413036029991	1.05044829107807303
24.38066921055778735	1.05136579236969085
24.39048429075527480	1.05227761929763908
24.40029937095276225	1.05318366209945902
24.41011445115024969	1.05408381144102958
24.41992953134773714	1.05497795843973963
24.42974461154522459	1.05586599468774223
24.43955969174270848	1.05674781227530756
24.44937477194019593	1.05762330381426173
24.45918985213768337	1.05849236246148237
24.46900493233517082	1.05935488194247296
24.47882001253265827	1.06021075657497832
24.48863509273014571	1.06105988129265705
24.49845017292763316	1.06190215166877278
24.50826525312512061	1.06273746393992563
24.51808033332260450	1.06356571502978658
24.52789541352009195	1.06438680257284557
24.53771049371757940	1.06520062493815293
24.54752557391506684	1.06600708125303800
24.55734065411255429	1.06680607142681305
24.56715573431004174	1.06759749617443989
24.57697081450752918	1.06838125704014009
24.58678589470501663	1.06915725642096482
24.59660097490250408	1.06992539759028293
24.60641605509998797	1.07068558472120112
24.61623113529747542	1.07143772290989459
24.62604621549496287	1.07218171819882491
24.63586129569245031	1.07291747759987532
24.64567637588993776	1.07364490911733723
24.65549145608742521	1.07436392177078099
24.66530653628491265	1.07507442561778332
24.67512161648240010	1.07577633177649212
24.68493669667988755	1.07646955244803744
24.69475177687737144	1.07715400093876457
24.70456685707485889	1.07782959168227399
24.71438193727234633	1.07849624026127677
24.72419701746983378	1.07915386342923059
24.73401209766732123	1.07980237913176369
24.74382717786480868	1.08044170652787175
24.75364225806229612	1.08107176601086419
24.76345733825978357	1.08169247922907430
24.77327241845726746	1.08230376910629333
24.78308749865475491	1.08290555986194792
24.79290257885224236	1.08349777703098193
24.80271765904972980	1.08408034748345128
24.81253273924721725	1.08465319944382443
24.82234781944470470	1.08521626250995284
24.83216289964219214	1.08576946767173288
24.84197797983967959	1.08631274732943139
24.85179306003716704	1.08684603531166268
24.86160814023465093	1.08736926689302238
24.87142322043213838	1.08788237881135963
24.88123830062962583	1.08838530928466737
24.89105338082711327	1.08887799802760799
24.90086846102460072	1.08936038626763820
24.91068354122208817	1.08983241676074694
24.92049862141957561	1.09029403380677592
24.93031370161706306	1.09074518326433445
24.94012878181454695	1.09118581256529090
24.94994386201203440	1.09161587072882771
24.95975894220952185	1.09203530837506846
24.96957402240700929	1.09244407773824714
24.97938910260449674	1.09284213267943264
24.98920418280198419	1.09322942869879491
24.99901926299947164	1.09360592294739600
25.00883434319695908	1.09397157423851299
25.01864942339444653	1.09432634305848753
25.02846450359193042	1.09467019157706824
25.03827958378941787	1.09500308365729682
25.04809466398690532	1.09532498486486141
25.05790974418439276	1.09563586247697153
25.06772482438188021	1.09593568549071541
25.07753990457936766	1.09622442463090897
25.08735498477685510	1.09650205235743381
25.09717006497434255	1.09676854287204217
25.10698514517182645	1.09702387212465058
25.11680022536931389	1.09726801781910543
25.12661530556680134	1.09750095941840908
25.13643038576428879	1.09772267814942248
25.14624546596177623	1.09793315700702809
25.15606054615926368	1.09813238075775432
25.16587562635675113	1.09832033594286416
25.17569070655423857	1.09849701088089668
25.18550578675172602	1.09866239566967128
25.19532086694920991	1.09881648218774486
25.20513594714669736	1.09895926409533007
25.21495102734418481	1.09909073683466052
25.22476610754167226	1.09921089762981916
25.23458118773915970	1.09931974548602263
25.24439626793664715	1.09941728118835269
25.25421134813413460	1.09950350729995971
25.26402642833162204	1.09957842815971008
25.27384150852910594	1.09964204987930869
25.28365658872659338	1.09969438033987155
25.29347166892408083	1.09973542918796952
25.30328674912156828	1.09976520783113618
25.31310182931905572	1.09978372943284675
25.32291690951654317	1.09979100890697445
25.33273198971403062	1.09978706291171102
25.34254706991151807	1.09977190984298367
25.35236215010900551	1.09974556982734284
25.36217723030648941	1.09970806471434845
25.37199231050397685	1.09965941806843892
25.38180739070146430	1.09959965516031222
25.39162247089895175	1.09952880295779210
25.40143755109643919	1.09944689011622021
25.41125263129392664	1.09935394696835620
25.42106771149141409	1.09925000551379237
25.43088279168890153	1.09913509940790322
25.44069787188638898	1.09900926395032661
25.45051295208387288	1.09887253607297541
25.46032803228136032	1.09872495432761430
25.47014311247884777	1.09856655887296983
25.47995819267633522	1.09839739146141624
25.48977327287382266	1.09821749542522551
25.49958835307131011	1.09802691566239097
25.50940343326879756	1.09782569862204360
25.51921851346628500	1.09761389228945117
25.52903359366376890	1.09739154617062784
25.53884867386125634	1.09715871127654907
25.54866375405874379	1.09691544010698516
25.55847883425623124	1.09666178663396874
25.56829391445371868	1.09639780628488315
25.57810899465120613	1.09612355592522115
25.58792407484869358	1.09583909384097988
25.59773915504618103	1.09554447972071989
25.60755423524366847	1.09523977463732303
25.61736931544115237	1.09492504102939758
25.62718439563863981	1.09460034268241690
25.63699947583612726	1.09426574470952520
25.64681455603361471	1.09392131353208910
25.65662963623110215	1.09356711685995944
25.66644471642858960	1.09320322367145617
25.67625979662607705	1.09282970419313186
25.68607487682356449	1.09244662987925056
25.69588995702104839	1.09205407339106553
25.70570503721853584	1.09165210857585326
25.71552011741602328	1.09124081044574384
25.72533519761351073	1.09082025515634395
25.73515027781099818	1.09039051998517422
25.74496535800848562	1.08995168330991543
25.75478043820597307	1.08950382458649875
25.76459551840346052	1.08904702432701472
25.77441059860094796	1.08858136407749106
25.78422567879843186	1.08810692639553164
25.79404075899591930	1.08762379482780558
25.80385583919340675	1.08713205388744005
25.81367091939089420	1.08663178903129931
25.82348599958838165	1.08612308663716894
25.83330107978586909	1.08560603398083977
25.84311615998335654	1.08508071921312843
25.85293124018084399	1.08454723133683584
25.86274632037832788	1.08400566018363165
25.87256140057581533	1.08345609639090568
25.88237648077330277	1.08289863137858644
25.89219156097079022	1.08233335732591529
25.90200664116827767	1.08176036714822810
25.91182172136576511	1.08117975447371073
25.92163680156325256	1.08059161362016498
25.93145188176074001	1.07999603957179269
25.94126696195822745	1.07939312795598186
25.95108204215571135	1.07878297502015341
25.96089712235319880	1.07816567760861615
25.97071220255068624	1.07754133313949896
25.98052728274817369	1.07691003958171838
25.99034236294566114	1.07627189543201784
26.00015744314314858	1.07562699969210507
26.00997252334063603	1.07497545184582788
26.01978760353812348	1.07431735183648236
26.02960268373561092	1.07365280004420582
26.03941776393309482	1.07298189726346371
26.04923284413058227	1.07230474468067727
26.05904792432806971	1.07162144385195535
26.06886300452555716	1.07093209668095812
26.07867808472304461	1.07023680539690957
26.08849316492053205	1.06953567253274096
26.09830824511801950	1.06882880090339238
26.10812332531550695	1.06811629358427385
26.11793840551299084	1.06739825388988185
26.12775348571047829	1.06667478535259996
26.13756856590796573	1.06594599170166004
26.14738364610545318	1.06521197684231161
26.15719872630294063	1.06447284483514171
26.16701380650042807	1.06372869987562746
26.17682888669791552	1.06297964627386987
26.18664396689540297	1.06222578843452631
26.19645904709289042	1.06146723083696837
26.20627412729037431	1.06070407801564492
26.21608920748786176	1.05993643454066255
26.22590428768534920	1.05916440499859998
26.23571936788283665	1.05838809397354106
26.24553444808032410	1.05760760602834414
26.25534952827781154	1.05682304568613938
26.26516460847529899	1.05603451741208798
26.27497968867278644	1.05524212559535080
26.28479476887027033	1.05444597453133837
26.29460984906775778	1.05364616840418401
26.30442492926524523	1.05284281126948165
26.31424000946273267	1.05203600703727895
26.32405508966022012	1.05122585945533187
26.33387016985770757	1.05041247209260380
26.34368525005519501	1.04959594832304282
26.35350033025268246	1.04877639130962330
26.36331541045016991	1.04795390398864718
26.37313049064765380	1.04712858905431605
26.38294557084514125	1.04630054894357238
26.39276065104262869	1.04546988582121947
26.40257573124011614	1.04463670156530131
26.41239081143760359	1.04380109775276808
26.42220589163509104	1.04296317564540764
26.43202097183257848	1.04212303617606072
26.44183605203006593	1.04128077993510160
26.45165113222754982	1.04043650715720815
26.46146621242503727	1.03959031770839516
26.47128129262252472	1.03874231107333670
26.48109637282001216	1.03789258634295445
26.49091145301749961	1.03704124220229366
26.50072653321498706	1.03618837691866950
26.51054161341247450	1.03533408833008456
26.52035669360996195	1.03447847383393743
26.53017177380744940	1.03362163037599353
26.53998685400493329	1.03276365443962903
26.54980193420242074	1.03190464203535925
26.55961701439990819	1.03104468869063060
26.56943209459739563	1.03018388943988759
26.57924717479488308	1.02932233881490465
26.58906225499237053	1.02846013083539867
26.59887733518985797	1.02759735899989169
26.60869241538734542	1.02673411627685307
26.61850749558483287	1.02587049509610240
26.62832257578231676	1.02500658734047057
26.63813765597980421	1.02414248433772337
26.64795273617729165	1.02327827685274997
26.65776781637477910	1.02241405507999494
26.66758289657226655	1.02154990863615547
26.67739797676975400	1.02068592655312851
26.68721305696724144	1.01982219727120738
26.69702813716472889	1.01895880863251675
26.70684321736221278	1.01809584787471752
26.71665829755970023	1.01723340162492293
26.72647337775718768	1.01637155589387707
26.73628845795467512	1.01551039607036642
26.74610353815216257	1.01465000691586149
26.75591861834965002	1.01379047255939092
26.76573369854713746	1.01293187649265426
26.77554877874462491	1.01207430156534883
26.78536385894211236	1.01121782998072907
26.79517893913959625	1.01036254329138475
26.80499401933708370	1.00950852239523270
26.81480909953457115	1.00865584753172977
26.82462417973205859	1.00780459827829749
26.83443925992954604	1.00695485354694947
26.84425434012703349	1.00610669158112498
26.85406942032452093	1.00526018995274047
26.86388450052200838	1.00441542555941088
26.87369958071949227	1.00357247462190213
26.88351466091697972	1.00273141268174526
26.89332974111446717	1.00189231459906347
26.90314482131195462	1.00105525455057309
26.91295990150944206	1.00022030602777035
26.92277498170692951	0.99938754183530154
26.93259006190441696	0.99855703408950647
26.94240514210190440	0.99772885421713742
26.95222022229939185	0.99690307295424496
26.96203530249687574	0.99607976034523638
26.97185038269436319	0.99525898574209437
26.98166546289185064	0.99444081780375193
26.99148054308933808	0.99362532449563390
27.00129562328682553	0.99281257308934379
27.01111070348431298	0.99200263016250467
27.02092578368180043	0.99119556159874234
27.03074086387928787	0.99039143258782480
27.04055594407677177	0.98959030762592703
27.05037102427425921	0.98879225051603725
27.06018610447174666	0.98799732436850762
27.07000118466923411	0.98720559160172439
27.07981626486672155	0.98641711394290343
27.08963134506420900	0.98563195242902291
27.09944642526169645	0.98485016740786557
27.10926150545918389	0.98407181853918424
27.11907658565667134	0.98329696479597695
27.12889166585415524	0.98252566446588452
27.13870674605164268	0.98175797515268237
27.14852182624913013	0.98099395377788845
27.15833690644661758	0.98023365658247008
27.16815198664410502	0.97947713912864875
27.17796706684159247	0.97872445630180294
27.18778214703907992	0.97797566231246225
27.19759722723656736	0.97723081069839624
27.20741230743405481	0.97648995432678476
27.21722738763153870	0.97575314539647273
27.22704246782902615	0.97502043544032058
27.23685754802651360	0.97429187532760453
27.24667262822400104	0.97356751526652952
27.25648770842148849	0.97284740480677867
27.26630278861897594	0.97213159284216322
27.27611786881646339	0.97142012761332186
27.28593294901395083	0.97071305671048824
27.29574802921143473	0.97001042707633101
27.30556310940892217	0.96931228500883226
27.31537818960640962	0.96861867616425079
27.32519326980389707	0.96792964556011440
27.33500835000138451	0.96724523757828285
27.34482343019887196	0.96656549596804375
27.35463851039635941	0.96589046384927291
27.36445359059384685	0.96522018371562535
27.37426867079133430	0.96455469743777433
27.38408375098881820	0.96389404626669228
27.39389883118630564	0.96323827083696423
27.40371391138379309	0.96258741117013613
27.41352899158128054	0.96194150667810674
27.42334407177876798	0.96130059616653873
27.43315915197625543	0.96066471783829965
27.44297423217374288	0.96003390929693455
27.45278931237123032	0.95940820755016687
27.46260439256871422	0.95878764901340263
27.47241947276620166	0.95817226951328049
27.48223455296368911	0.95756210429122124
27.49204963316117656	0.95695718800700014
27.50186471335866401	0.95635755474233941
27.51167979355615145	0.95576323800450080
27.52149487375363890	0.95517427072990213
27.53130995395112635	0.95459068528773383
27.54112503414861379	0.95401251348358507
27.55094011434609769	0.95343978656307959
27.56075519454358513	0.95287253521550663
27.57057027474107258	0.95231078957746584
27.58038535493856003	0.95175457923650364
27.59020043513604747	0.95120393323474473
27.60001551533353492	0.95065888007253985
27.60983059553102237	0.95011944771208434
27.61964567572850981	0.94958566358105534
27.62946075592599371	0.94905755457621765
27.63927583612348116	0.94853514706704511
27.64909091632096860	0.94801846689931479
27.65890599651845605	0.94750753939869292
27.66872107671594350	0.94700238937432069
27.67853615691343094	0.94650304112236583
27.68835123711091839	0.94600951842957615
27.69816631730840584	0.94552184457680877
27.70798139750589328	0.94504004234254291
27.71779647770337718	0.94456413400637340
27.72761155790086463	0.94409414135248615
27.73742663809835207	0.94363008567311302
27.74724171829583952	0.94317198777196309
27.75705679849332697	0.94271986796762575
27.76687187869081441	0.94227374609695991
27.77668695888830186	0.94183364151845717
27.78650203908578931	0.94139957311556410
27.79631711928327675	0.94097155929999576
27.80613219948076065	0.94054961801501280
27.81594727967824809	0.94013376673866755
27.82576235987573554	0.93972402248702835
27.83557744007322299	0.93932040181736642
27.84539252027071043	0.93892292083130979
27.85520760046819788	0.93853159517797546
27.86502268066568533	0.93814644005705949
27.87483776086317278	0.93776747022189788
27.88465284106065667	0.93739469998248681
27.89446792125814412	0.93702814320848038
27.90428300145563156	0.93666781333214222
27.91409808165311901	0.93631372335126151
27.92391316185060646	0.93596588583204143
27.93372824204809390	0.93562431291193648
27.94354332224558135	0.93528901630246608
27.95335840244306880	0.93496000729197781
27.96317348264055624	0.93463729674838203
27.97298856283804014	0.93432089512183802
27.98280364303552759	0.93401081244740514
27.99261872323301503	0.93370705834765810
28.00243380343050248	0.93340964203524757
28.01224888362798993	0.93311857231543638
28.02206396382547737	0.93283385758858250
28.03187904402296482	0.93255550585258640
28.04169412422045227	0.93228352470529341
28.05150920441793616	0.93201792134685124
28.06132428461542361	0.93175870258203564
28.07113936481291105	0.93150587482251734
28.08095444501039850	0.93125944408909678
28.09076952520788595	0.93101941601389437
28.10058460540537340	0.93078579584248999
28.11039968560286084	0.93055858843602901
28.12021476580034829	0.93033779827327256
28.13002984599783574	0.93012342945261606
28.13984492619531963	0.92991548569405180
28.14966000639280708	0.92971397034109304
28.15947508659029452	0.92951888636265712
28.16929016678778197	0.92933023635488876
28.17910524698526942	0.92914802254296058
28.18892032718275686	0.92897224678280910
28.19873540738024431	0.92880291056283648
28.20855048757773176	0.92864001500556248
28.21836556777521565	0.92848356086923667
28.22818064797270310	0.92833354854940076
28.23799572817019055	0.92818997808040549
28.24781080836767799	0.92805284913688768
28.25762588856516544	0.92792216103519609
28.26744096876265289	0.92779791273477774
28.27725604896014033	0.92768010283951896
28.28707112915762778	0.92756872959903502
28.29688620935511523	0.92746379090992304
28.30670128955259912	0.92736528431696974
28.31651636975008657	0.92727320701430993
28.32633144994757401	0.92718755584654322
28.33614653014506146	0.92710832730980786
28.34596161034254891	0.92703551755281111
28.35577669054003636	0.92696912237781282
28.36559177073752380	0.92690913724156976
28.37540685093501125	0.92685555725623081
28.38522193113249870	0.92680837719019804
28.39503701132998259	0.92676759146893251
28.40485209152747004	0.92673319417573063
28.41466717172495748	0.92670517905245220
28.42448225192244493	0.92668353950019888
28.43429733211993238	0.92666826857997187
28.44411241231741982	0.92665935901326013
28.45392749251490727	0.92665680318261578
28.46374257271239472	0.92666059313216365
28.47355765290987861	0.92667072056809074
28.48337273310736606	0.92668717685908331
28.49318781330485351	0.92670995303672499
28.50300289350234095	0.92673903979586580
28.51281797369982840	0.92677442749493832
28.52263305389731585	0.92681610615624288
28.53244813409480329	0.92686406546619959
28.54226321429229074	0.92691829477554610
28.55207829448977819	0.92697878309951953
28.56189337468726208	0.92704551911798294
28.57170845488474953	0.92711849117552780
28.58152353508223698	0.92719768728153507
28.59133861527972442	0.92728309511019869
28.60115369547721187	0.92737470200052430
28.61096877567469932	0.92747249495628115
28.62078385587218676	0.92757646064592514
28.63059893606967421	0.92768658540249449
28.64041401626715810	0.92780285522346317
28.65022909646464555	0.92792525577056573
28.66004417666213300	0.92805377236959263
28.66985925685962044	0.92818839001015463
28.67967433705710789	0.92832909334540936
28.68948941725459534	0.92847586669177051
28.69930449745208279	0.92862869402857429
28.70911957764957023	0.92878755899772925
28.71893465784705768	0.92895244490332662
28.72874973804454157	0.92912333471123598
28.73856481824202902	0.92930021104866223
28.74837989843951647	0.92948305620368321
28.75819497863700391	0.92967185212476222
28.76801005883449136	0.92986658042023462
28.77782513903197881	0.93006722235776507
28.78764021922946625	0.93027375886379426
28.79745529942695370	0.93048617052294835
28.80727037962443760	0.93070443757743948
28.81708545982192504	0.93092853992643598
28.82690054001941249	0.93115845712541756
28.83671562021689994	0.93139416838551004
28.84653070041438738	0.93163565257280068
28.85634578061187483	0.93188288820763709
28.86616086080936228	0.93213585346390304
28.87597594100684972	0.93239452616829044
28.88579102120433717	0.93265888379954354
28.89560610140182106	0.93292890348769364
28.90542118159930851	0.93320456201328417
28.91523626179679596	0.93348583580657463
28.92505134199428340	0.93377270094673959
28.93486642219177085	0.93406513316105244
28.94468150238925830	0.93436310782406107
28.95449658258674575	0.93466659995675538
28.96431166278423319	0.93497558422572369
28.97412674298172064	0.93529003494230334
28.98394182317920453	0.93560992606172588
28.99375690337669198	0.93593523118225685
29.00357198357417943	0.93626592354432625
29.01338706377166687	0.93660197602966355
29.02320214396915432	0.93694336116042587
29.03301722416664177	0.93729005109832286
29.04283230436412921	0.93764201764374622
29.05264738456161666	0.93799923223489634
29.06246246475910056	0.93836166594690895
29.07227754495658800	0.93872928949099577
29.08209262515407545	0.93910207321356687
29.09190770535156290	0.93947998709538405
29.10172278554905034	0.93986300075070051
29.11153786574653779	0.94025108342641683
29.12135294594402524	0.94064420400124249
29.13116802614151268	0.94104233098486978
29.14098310633900013	0.94144543251715040
29.15079818653648402	0.94185347636729522
29.16061326673397147	0.94226642993307641
29.17042834693145892	0.94268426024004959
29.18024342712894637	0.94310693394078815
29.19005850732643381	0.94353441731413412
29.19987358752392126	0.94396667626446973
29.20968866772140871	0.94440367632100219
29.21950374791889615	0.94484538263707607
29.22931882811638005	0.94529175998949555
29.23913390831386749	0.94574277277788055
29.24894898851135494	0.94619838502404174
29.25876406870884239	0.94665856037137364
29.26857914890632983	0.94712326208428832
29.27839422910381728	0.94759245304766582
29.28820930930130473	0.94806609576632828
29.29802438949879217	0.94854415236456746
29.30783946969627962	0.94902658458566957
29.31765454989376352	0.94951335379150359
29.32746963009125096	0.95000442096212367
29.33728471028873841	0.95049974669541437
29.34709979048622586	0.95099929120677185
29.35691487068371330	0.95150301432881956
29.36672995088120075	0.95201087551117092
29.37654503107868820	0.95252283382022107
29.38636011127617564	0.95303884793898674
29.39617519147365954	0.95355887616699320
29.40599027167114698	0.95408287642019407
29.41580535186863443	0.95461080623094974
29.42562043206612188	0.95514262274804096
29.43543551226360933	0.95567828273674293
29.44525059246109677	0.95621774257893677
29.45506567265858422	0.95676095827328378
29.46488075285607167	0.95730788543543877
29.47469583305355911	0.95785847929833645
29.48451091325104301	0.95841269471251156
29.49432599344853045	0.95897048614648872
29.50414107364601790	0.95953180768722979
29.51395615384350535	0.96009661304063498
29.52377123404099279	0.96066485553210779
29.53358631423848024	0.96123648810718221
29.54340139443596769	0.96181146333221079
29.55321647463345514	0.96238973339512657
29.56303155483094258	0.96297125010625073
29.57284663502842648	0.96355596489919326
29.58266171522591392	0.96414382883180205
29.59247679542340137	0.96473479258719275
29.60229187562088882	0.96532880647484476
29.61210695581837626	0.96592582043177544
29.62192203601586371	0.96652578402378253
29.63173711621335116	0.96712864644676488
29.64155219641083860	0.96773435652812001
29.65136727660832250	0.96834286272821513
29.66118235680580995	0.96895411314194579
29.67099743700329739	0.96956805550036973
29.68081251720078484	0.97018463717241565
29.69062759739827229	0.97080380516669162
29.70044267759575973	0.97142550613336431
29.71025775779324718	0.97204968636612532
29.72007283799073463	0.97267629180424797
29.72988791818822207	0.97330526803472661
29.73970299838570597	0.97393656029451581
29.74951807858319341	0.97457011347284361
29.75933315878068086	0.97520587211362975
29.76914823897816831	0.97584378041798836
29.77896331917565576	0.97648378224682708
29.78877839937314320	0.97712582112353896
29.79859347957063065	0.97776984023679414
29.80840855976811810	0.97841578244341987
29.81822363996560199	0.97906359027138989
29.82803872016308944	0.97971320592289657
29.83785380036057688	0.98036457127754528
29.84766888055806433	0.98101762789562019
29.85748396075555178	0.98167231702147917
29.86729904095303922	0.98232857958703168
29.87711412115052667	0.98298635621532959
29.88692920134801412	0.98364558722426021
29.89674428154550156	0.98430621263034379
29.90655936174298546	0.98496817215262755
29.91637444194047291	0.98563140521670922
29.92618952213796035	0.98629585095883920
29.93600460233544780	0.98696144823015319
29.94581968253293525	0.98762813560099594
29.95563476273042269	0.98829585136536968
29.96544984292791014	0.98896453354547764
29.97526492312539759	0.98963411989639016
29.98508000332288148	0.99030454791080846
29.99489508352036893	0.99097575482395395
30.00471016371785637	0.99164767761855122
30.01452524391534382	0.99232025302994564
30.02434032411283127	0.99299341755130821
30.03415540431031872	0.99366710743897069
30.04397048450780616	0.99434125871786994
30.05378556470529361	0.99501580718709126
30.06360064490278106	0.99569068842555097
30.07341572510026495	0.99636583779776888
30.08323080529775240	0.99704119045975947
30.09304588549523984	0.99771668136505043
30.10286096569272729	0.99839224527078962
30.11267604589021474	0.99906781674398837
30.12249112608770218	0.99974333016786432
30.13230620628518963	1.00041871974830143
30.14212128648267708	1.00109391952042315
30.15193636668016453	1.00176886335527460
30.16175144687764842	1.00244348496662239
30.17156652707513587	1.00311771791786142
30.18138160727262331	1.00379149562903458
30.19119668747011076	1.00446475138396063
30.20101176766759821	1.00513741833747772
30.21082684786508565	1.00580942952279417
30.22064192806257310	1.00648071785894788
30.23045700826006055	1.00715121615836600
30.24027208845754444	1.00782085713454972
30.25008716865503189	1.00848957340985601
30.25990224885251934	1.00915729752337779
30.26971732905000678	1.00982396193893664
30.27953240924749423	1.01048949905318919
30.28934748944498168	1.01115384120381768
30.29916256964246912	1.01181692067783202
30.30897764983995657	1.01247866971997191
30.31879273003744402	1.01313902054121030
30.32860781023492791	1.01379790532735048
30.33842289043241536	1.01445525624772137
30.34823797062990280	1.01511100546396782
30.35805305082739025	1.01576508513893859
30.36786813102487770	1.01641742744566010
30.37768321122236514	1.01706796457640736
30.38749829141985259	1.01771662875185931
30.39731337161734004	1.01836335223034102
30.40712845181482393	1.01900806731716176
30.41694353201231138	1.01965070637401678
30.42675861220979883	1.02029120182849287
30.43657369240728627	1.02092948618364132
30.44638877260477372	1.02156549202762359
30.45620385280226117	1.02219915204345391
30.46601893299974861	1.02283039901879169
30.47583401319723606	1.02345916585581898
30.48564909339472351	1.02408538558118822
30.49546417359220740	1.02470899135602211
30.50527925378969485	1.02532991648600103
30.51509433398718230	1.02594809443149293
30.52490941418466974	1.02656345881775057
30.53472449438215719	1.02717594344516705
30.54453957457964464	1.02778548229958666
30.55435465477713208	1.02839200956265686
30.56416973497461953	1.02899545962224881
30.57398481517210342	1.02959576708290457
30.58379989536959087	1.03019286677634381
30.59361497556707832	1.03078669377199295
30.60343005576456576	1.03137718338757733
30.61324513596205321	1.03196427119972545
30.62306021615954066	1.03254789305461459
30.63287529635702811	1.03312798507864567
30.64269037655451555	1.03370448368914514
30.65250545675200300	1.03427732560507901
30.66232053694948689	1.03484644785780877
30.67213561714697434	1.03541178780183185
30.68195069734446179	1.03597328312556369
30.69176577754194923	1.03653087186211268
30.70158085773943668	1.03708449240007150
30.71139593793692413	1.03763408349429831
30.72121101813441157	1.03817958427671142
30.73102609833189902	1.03872093426707313
30.74084117852938292	1.03925807338376375
30.75065625872687036	1.03979094195454946
30.76047133892435781	1.04031948072733726
30.77028641912184526	1.04084363088089615
30.78010149931933270	1.04136333403558234
30.78991657951682015	1.04187853226401983
30.79973165971430760	1.04238916810175497
30.80954673991179504	1.04289518455788333
30.81936182010928249	1.04339652512563408
30.82917690030676638	1.04389313379292492
30.83899198050425383	1.04438495505285966
30.84880706070174128	1.04487193391418365
30.85862214089922873	1.04535401591169497
30.86843722109671617	1.04583114711659175
30.87825230129420362	1.04630327414675839
30.88806738149169107	1.04677034417700465
30.89788246168917851	1.04723230494921693
30.90769754188666596	1.04768910478245925
30.91751262208414985	1.04814069258298614
30.92732770228163730	1.04858701785418829
30.93714278247912475	1.04902803070644790
30.94695786267661219	1.04946368186691719
30.95677294287409964	1.04989392268920412
30.96658802307158709	1.05031870516295966
30.97640310326907453	1.05073798192338108
30.98621818346656198	1.05115170626061150
30.99603326366404588	1.05155983212902404
31.00584834386153332	1.05196231415641850
31.01566342405902077	1.05235910765309071
31.02547850425650822	1.05275016862079851
31.03529358445399566	1.05313545376160000
31.04510866465148311	1.05351492048657946
31.05492374484897056	1.05388852692444379
31.06473882504645800	1.05425623192999174
31.07455390524394545	1.05461799509244702
31.08436898544142934	1.05497377674366577
31.09418406563891679	1.05532353796619138
31.10399914583640424	1.05566724060118444
31.11381422603389169	1.05600484725619381
31.12362930623137913	1.05633632131278343
31.13344438642886658	1.05666162693400900
31.14325946662635403	1.05698072907174545
31.15307454682384147	1.05729359347383900
31.16288962702132537	1.05760018669112066
31.17270470721881281	1.05790047608424254
31.18251978741630026	1.05819442983035050
31.19233486761378771	1.05848201692958455
31.20214994781127515	1.05876320721142236
31.21196502800876260	1.05903797134082223
31.22178010820625005	1.05930628082421374
31.23159518840373750	1.05956810801529300
31.24141026860122494	1.05982342612064029
31.25122534879870884	1.06007220920516088
31.26104042899619628	1.06031443219731769
31.27085550919368373	1.06055007089420261
31.28067058939117118	1.06077910196639236
31.29048566958865862	1.06100150296262719
31.30030074978614607	1.06121725231427977
31.31011582998363352	1.06142632933964665
31.31993091018112096	1.06162871424801586
31.32974599037860486	1.06182438814355140
31.33956107057609231	1.06201333302897383
31.34937615077357975	1.06219553180902437
31.35919123097106720	1.06237096829373523
31.36900631116855465	1.06253962720149198
31.37882139136604209	1.06270149416187776
31.38863647156352954	1.06285655571832072
31.39845155176101699	1.06300479933052117
31.40826663195850443	1.06314621337666870
31.41808171215598833	1.06328078715544971
31.42789679235347577	1.06340851088784483
31.43771187255096322	1.06352937571869388
31.44752695274845067	1.06364337371807216
31.45734203294593812	1.06375049788242548
31.46715711314342556	1.06385074213551412
31.47697219334091301	1.06394410132911577
31.48678727353840046	1.06403057124352651
31.49660235373588790	1.06411014858784947
31.50641743393337180	1.06418283100004896
31.51623251413085924	1.06424861704679818
31.52604759432834669	1.06430750622312109
31.53586267452583414	1.06435949895178883
31.54567775472332158	1.06440459658253195
31.55549283492080903	1.06444280139100966
31.56530791511829648	1.06447411657759172
31.57512299531578392	1.06449854626588958
31.58493807551326782	1.06451609550110993
31.59475315571075527	1.06452677024817111
31.60456823590824271	1.06453057738961654
31.61438331610573016	1.06452752472331236
31.62419839630321761	1.06451762095994051
31.63401347650070505	1.06450087572027541
31.64382855669819250	1.06447729953226045
31.65364363689567995	1.06444690382786789
31.66345871709316739	1.06440970093976572
31.67327379729065129	1.06436570409776987
31.68308887748813873	1.06431492742510181
31.69290395768562618	1.06425738593443775
31.70271903788311363	1.06419309552377062
31.71253411808060108	1.06412207297206463
31.72234919827808852	1.06404433593472314
31.73216427847557597	1.06395990293885379
31.74197935867306342	1.06386879337835238
31.75179443887054731	1.06377102750879748
31.76160951906803476	1.06366662644215282
31.77142459926552220	1.06355561214128747
31.78123967946300965	1.06343800741431815
31.79105475966049710	1.06331383590877171
31.80086983985798454	1.06318312210556365
31.81068492005547199	1.06304589131281624
31.82050000025295944	1.06290216965949202
31.83031508045044689	1.06275198408886506
31.84013016064793078	1.06259536235182761
31.84994524084541823	1.06243233300003381
31.85976032104290567	1.06226292537887512
31.86957540124039312	1.06208716962030847
31.87939048143788057	1.06190509663553145
31.88920556163536801	1.06171673810749789
31.89902064183285546	1.06152212648328614
31.90883572203034291	1.06132129496633665
31.91865080222782680	1.06111427750853138
31.92846588242531425	1.06090110880214161
31.93828096262280170	1.06068182427164692
31.94809604282028914	1.06045646006540806
31.95791112301777659	1.06022505304722903
31.96772620321526404	1.05998764078778085
31.97754128341275148	1.05974426155591406
31.98735636361023893	1.05949495430984464
31.99717144380772638	1.05923975868823028
32.00698652400521382	1.05897871500113760
32.01680160420270482	1.05871186422089947
32.02661668440018872	1.05843924797287059
32.03643176459767972	1.05816090852607680
32.04624684479516361	1.05787688878378106
32.05606192499264750	1.05758723227394480
32.06587700519013850	1.05729198313959971
32.07569208538762240	1.05699118612915099
32.08550716558511340	1.05668488658657478
32.09532224578259729	1.05637313044155512
32.10513732598008829	1.05605596419954195
32.11495240617757219	1.05573343493173155
32.12476748637506319	1.05540559026499325
32.13458256657254708	1.05507247837171758
32.14439764677003097	1.05473414795961995
32.15421272696752197	1.05439064826147599
32.16402780716500587	1.05404202902480915
32.17384288736249687	1.05368834050153493
32.18365796755998076	1.05332963343755170
32.19347304775747176	1.05296595906228840
32.20328812795495566	1.05259736907822976
32.21310320815243955	1.05222391565039075
32.22291828834993055	1.05184565139576547
32.23273336854741444	1.05146262937275781
32.24254844874490544	1.05107490307057150
32.25236352894238934	1.05068252639859683
32.26217860913988034	1.05028555367576737
32.27199368933736423	1.04988403961991961
32.28180876953485523	1.04947803933712125
32.29162384973233912	1.04906760831101220
32.30143892992982302	1.04865280239213621
32.31125401012731402	1.04823367778726761
32.32106909032479791	1.04781029104875079
32.33088417052228891	1.04738269906384174
32.34069925071977281	1.04695095904405622
32.35051433091726381	1.04651512851453954
32.36032941111474770	1.04607526530344663
32.37014449131223870	1.04563142753134786
32.37995957150972259	1.04518367360064590
32.38977465170720649	1.04473206218503023
32.39958973190469749	1.04427665221895860
32.40940481210218138	1.04381750288715858
32.41921989229967238	1.04335467361418099
32.42903497249715628	1.04288822405397541
32.43885005269464727	1.04241821407951551
32.44866513289213117	1.04194470377246140
32.45848021308962217	1.04146775341286757
32.46829529328710606	1.04098742346894890
32.47811037348458996	1.04050377458687682
32.48792545368208096	1.04001686758065004
32.49774053387956485	1.03952676342200845
32.50755561407705585	1.03903352323040421
32.51737069427453974	1.03853720826304663
32.52718577447203074	1.03803787990498853
32.53700085466951464	1.03753559965929787
32.54681593486700564	1.03703042913727805
32.55663101506448953	1.03652243004877742
32.56644609526197343	1.03601166419255475
32.57626117545946443	1.03549819344671579
32.58607625565694832	1.03498207975924195
32.59589133585443932	1.03446338513858049
32.60570641605192321	1.03394217164431845
32.61552149624941421	1.03341850137793978
32.62533657644689811	1.03289243647366136
32.63515165664438200	1.03236403908935626
32.64496673684187300	1.03183337139756048
32.65478181703935689	1.03130049557656589
32.66459689723684789	1.03076547380160588
32.67441197743433179	1.03022836823612596
32.68422705763182279	1.02968924102315307
32.69404213782930668	1.02914815427675177
32.70385721802679768	1.02860517007357255
32.71367229822428158	1.02806035044450628
32.72348737842176547	1.02751375736642658
32.73330245861925647	1.02696545275402329
32.74311753881674036	1.02641549845175462
32.75293261901423136	1.02586395622587867
32.76274769921171526	1.02531088775660106
32.77256277940920626	1.02475635463030801
32.78237785960669015	1.02420041833191777
32.79219293980418115	1.02364314023732605
32.80200802000166505	1.02308458160595195
32.81182310019914894	1.02252480357340447
32.82163818039663994	1.02196386714422927
32.83145326059412383	1.02140183318478472
32.84126834079161483	1.02083876241620630
32.85108342098909873	1.02027471540749093
32.86089850118658973	1.01970975256868024
32.87071358138407362	1.01914393414414861
32.88052866158156462	1.01857732020601088
32.89034374177904851	1.01800997064762377
32.90015882197653241	1.01744194517720232
32.90997390217402341	1.01687330331154868
32.91978898237150730	1.01630410436987773
32.92960406256899830	1.01573440746776100
32.93941914276648220	1.01516427151117417
32.94923422296397320	1.01459375519065698
32.95904930316145709	1.01402291697557634
32.96886438335894809	1.01345181510849769
32.97867946355643198	1.01288050759967363
32.98849454375391588	1.01230905222162404
32.99830962395140688	1.01173750650383898
33.00812470414889077	1.01116592772758751
33.01793978434638177	1.01059437292081777
33.02775486454386566	1.01002289885318586
33.03756994474135666	1.00945156203117281
33.04738502493884056	1.00888041869332157
33.05720010513632445	1.00830952480556824
33.06701518533381545	1.00773893605668396
33.07683026553129935	1.00716870785382451
33.08664534572879035	1.00659889531817104
33.09646042592627424	1.00602955328069443
33.10627550612376524	1.00546073627800370
33.11609058632124913	1.00489249854830232
33.12590566651874013	1.00432489402745184
33.13572074671622403	1.00375797634513186
33.14553582691370792	1.00319179882109744
33.15535090711119892	1.00262641446153911
33.16516598730868282	1.00206187595554264
33.17498106750617382	1.00149823567164464
33.18479614770365771	1.00093554565448328
33.19461122790114871	1.00037385762154818
33.20442630809863260	0.99981322296002706
33.21424138829612360	0.99925369272373665
33.22405646849360750	0.99869531763016506
33.23387154869109139	0.99813814805758816
33.24368662888858239	0.99758223404228608
33.25350170908606628	0.99702762527585642
33.26331678928355728	0.99647437110260484
33.27313186948104118	0.99592252051703078
33.28294694967853218	0.99537212216139892
33.29276202987601607	0.99482322432340342
33.30257711007350707	0.99427587493390790
33.31239219027099097	0.99373012156477636
33.32220727046847486	0.99318601142678697
33.33202235066596586	0.99264359136762803
33.34183743086344975	0.99210290786996824
33.35165251106094075	0.99156400704962677
33.36146759125842465	0.99102693465379466
33.37128267145591565	0.99049173605935903
33.38109775165339954	0.98995845627128776
33.39091283185088344	0.98942713992110010
33.40072791204837444	0.98889783126540842
33.41054299224585833	0.98837057418452734
33.42035807244334933	0.98784541218116950
33.43017315264083322	0.98732238837919695
33.43998823283832422	0.98680154552245058
33.44980331303580812	0.98628292597365186
33.45961839323329912	0.98576657171336091
33.46943347343078301	0.98525252433901567
33.47924855362826690	0.98474082506401872
33.48906363382575790	0.98423151471690895
33.49887871402324180	0.98372463374057983
33.50869379422073280	0.98322022219156346
33.51850887441821669	0.98271831973938395
33.52832395461570769	0.98221896566595246
33.53813903481319159	0.98172219886504508
33.54795411501068259	0.98122805784181188
33.55776919520816648	0.98073658071236336
33.56758427540565037	0.98024780520339616
33.57739935560314137	0.97976176865188258
33.58721443580062527	0.97927850800480842
33.59702951599811627	0.97879805981896228
33.60684459619560016	0.97832046026077457
33.61665967639309116	0.97784574510620759
33.62647475659057505	0.97737394974069125
33.63628983678806605	0.97690510915910833
33.64610491698554995	0.97643925796582154
33.65591999718303384	0.97597643037474791
33.66573507738052484	0.97551666020947492
33.67555015757800874	0.97505998090342272
33.68536523777549974	0.97460642550003918
33.69518031797298363	0.97415602665304779
33.70499539817047463	0.97370881662671649
33.71481047836795852	0.97326482729618635
33.72462555856544952	0.97282409014781646
33.73444063876293342	0.97238663627957966
33.74425571896041731	0.97195249640148440
33.75407079915790831	0.97152170083602885
33.76388587935539221	0.97109427951870064
33.77370095955288321	0.97067026199848938
33.78351603975036710	0.97024967743844692
33.79333111994785810	0.96983255461626294
33.80314620014534199	0.96941892192487944
33.81296128034282589	0.96900880737313078
33.82277636054031689	0.96860223858640015
33.83259144073780078	0.96819924280731950
33.84240652093529178	0.96779984689647747
33.85222160113277567	0.96740407733315936
33.86203668133026667	0.96701196021611147
33.87185176152775057	0.96662352126431983
33.88166684172524157	0.96623878581781364
33.89148192192272546	0.96585777883849433
33.90129700212020936	0.96548052491097236
33.91111208231770036	0.96510704824343141
33.92092716251518425	0.96473737266850423
33.93074224271267525	0.96437152164416851
33.94055732291015914	0.96400951825465930
33.95037240310765014	0.96365138521138793
33.96018748330513404	0.96329714485388840
33.97000256350262504	0.96294681915076419
33.97981764370010893	0.96260042970065651
33.98963272389759283	0.96225799773321452
33.99944780409508382	0.96191954411008651
34.00926288429256772	0.96158508932591857
34.01907796449005872	0.96125465350935291
34.02889304468754261	0.96092825642405055
34.03870812488503361	0.96060591746971036
34.04852320508251751	0.96028765568309649
34.05833828528000851	0.95997348973907715
34.06815336547749240	0.95966343795166575
34.07796844567497629	0.95935751827506466
34.08778352587246729	0.95905574830471896
34.09759860606995119	0.95875814527837244
34.10741368626744219	0.95846472607712108
34.11722876646492608	0.95817550722647560
34.12704384666241708	0.95789050489742422
34.13685892685990098	0.95760973490749790
34.14667400705739198	0.95733321272182759
34.15648908725487587	0.95706095345421605
34.16630416745235976	0.95679297186819556
34.17611924764985076	0.95652928237809731
34.18593432784733466	0.95626989905010551
34.19574940804482566	0.95601483560332146
34.20556448824230955	0.95576410541081891
34.21537956843980055	0.95551772150069592
34.22519464863728444	0.95527569655712974
34.23500972883476834	0.95503804292141659
34.24482480903225934	0.95480477259301622
34.25463988922974323	0.95457589723059133
34.26445496942723423	0.95435142815303509
34.27427004962471813	0.95413137634049827
34.28408512982220913	0.95391575243540994
34.29390021001969302	0.95370456674348603
34.30371529021718402	0.95349782923474169
34.31353037041466791	0.95329554954448315
34.32334545061215181	0.95309773697430655
34.33316053080964281	0.95290440049307246
34.34297561100712670	0.95271554873788578
34.35279069120461770	0.95253119001506337
34.36260577140210160	0.95235133230108260
34.37242085159959259	0.95217598324353736
34.38223593179707649	0.95200515016207543
34.39205101199456749	0.95183884004931696
34.40186609219205138	0.95167705957178816
34.41168117238953528	0.95151981507081507
34.42149625258702628	0.95136711256342665
34.43131133278451017	0.95121895774324261
34.44112641298200117	0.95107535598134463
34.45094149317948506	0.95093631232714071
34.46075657337697606	0.95080183150922060
34.47057165357445996	0.95067191793619299
34.48038673377195096	0.95054657569751444
34.49020181396943485	0.95042580856430914
34.50001689416691875	0.95030961999017016
34.50983197436440975	0.95019801311195407
34.51964705456189364	0.95009099075056069
34.52946213475938464	0.94998855541169780
34.53927721495686853	0.94989070928663788
34.54909229515435953	0.94979745425296169
34.55890737535184343	0.94970879187528390
34.56872245554932732	0.94962472340597026
34.57853753574681832	0.94954524978584309
34.58835261594430222	0.94947037164486847
34.59816769614179321	0.94940008930283482
34.60798277633927711	0.94933440277001613
34.61779785653676811	0.94927331174782204
34.62761293673425200	0.94921681562943661
34.63742801693174300	0.94916491350044396
34.64724309712922690	0.94911760413943536
34.65705817732671079	0.94907488601861112
34.66687325752420179	0.94903675730436321
34.67668833772168568	0.94900321585785108
34.68650341791917668	0.94897425923555456
34.69631849811666058	0.94894988468982411
34.70613357831415158	0.94893008916941168
34.71594865851163547	0.94891486931999136
34.72576373870912647	0.94890422148466869
34.73557881890661037	0.94889814170447129
34.74539389910409426	0.94889662571883426
34.75520897930158526	0.94889966896606814
34.76502405949906915	0.94890726658381774
34.77483913969656015	0.94891941340950359
34.78465421989404405	0.94893610398076333
34.79446930009153505	0.94895733253585890
34.80428438028901894	0.94898309301410200
34.81409946048650994	0.94901337905624084
34.82391454068399383	0.94904818400484825
34.83372962088147773	0.94908750090470206
34.84354470107896873	0.94913132250314536
34.85335978127645262	0.94917964125043697
34.86317486147394362	0.94923244930010309
34.87298994167142752	0.94928973850925902
34.88280502186891852	0.94935150043894156
34.89262010206640241	0.94941772635441180
34.90243518226389341	0.94948840722546723
34.91225026246137730	0.94956353372672764
34.92206534265886120	0.94964309623792575
34.93188042285635220	0.94972708484417201
34.94169550305383609	0.94981548933623738
34.95151058325132709	0.94990829921079634
34.96132566344881099	0.95000550367068715
34.97114074364630198	0.95010709162515095
34.98095582384378588	0.95021305169006687
34.99077090404126977	0.95032337218818264
35.00058598423876077	0.95043804114933594
35.01040106443624467	0.95055704631066718
35.02021614463373567	0.95068037511683090
35.03003122483121956	0.95080801472020038
35.03984630502871056	0.95093995198106362
35.04966138522619445	0.95107617346782058
35.05947646542368545	0.95121666545716710
35.06929154562116935	0.95136141393428364
35.07910662581865324	0.95151040459301295
35.08892170601614424	0.95166362283604289
35.09873678621362814	0.95182105377507542
35.10855186641111914	0.95198268223100202
35.11836694660860303	0.95214849273407198
35.12818202680609403	0.95231846952406440
35.13799710700357792	0.95249259655044904
35.14781218720106892	0.95267085747255886
35.15762726739855282	0.95285323565975144
35.16744234759603671	0.95303971419157640
35.17725742779352771	0.95323027585794495
35.18707250799101161	0.95342490315929129
35.19688758818850260	0.95362357830674760
35.20670266838598650	0.95382628322231289
35.21651774858347750	0.95403299953902576
35.22633282878096139	0.95424370860114427
35.23614790897845239	0.95445839146432165
35.24596298917593629	0.95467702889579265
35.25577806937342018	0.95489960137456298
35.26559314957091118	0.95512608909160390
35.27540822976839507	0.95535647195004769
35.28522330996588607	0.95559072956539670
35.29503839016336997	0.95582884126573342
35.30485347036086097	0.95607078609194163
35.31466855055834486	0.95631654279792933
35.32448363075582876	0.95656608985087277
35.33429871095331976	0.95681940543144650
35.34411379115080365	0.95707646743409380
35.35392887134829465	0.95733725346727649
35.36374395154577854	0.95760174085375516
35.37355903174326954	0.95786990663087535
35.38337411194075344	0.95814172755086291
35.39318919213824444	0.95841718008113153
35.40300427233572833	0.95869624040461054
35.41281935253321222	0.95897888442007340
35.42263443273070322	0.95926508774249586
35.43244951292818712	0.95955482570341166
35.44226459312567812	0.95984807335130196
35.45207967332316201	0.96014480545198289
35.46189475352065301	0.96044499648902559
35.47170983371813691	0.96074862066417965
35.48152491391562791	0.96105565189782394
35.49133999411311180	0.96136606382943335
35.50115507431059569	0.96167982981805933
35.51097015450808669	0.96199692294284223
35.52078523470557059	0.96231731600352755
35.53060031490306159	0.96264098152102118
35.54041539510054548	0.96296789173794584
35.55023047529803648	0.96329801861924502
35.56004555549552038	0.96363133385278144
35.56986063569301137	0.96396780884998456
35.57967571589049527	0.96430741474650183
35.58949079608797916	0.96465012240289472
35.59930587628547016	0.96499590240533706
35.60912095648295406	0.96534472506636171
35.61893603668044506	0.96569656042561713
35.62875111687792895	0.96605137825066545
35.63856619707541995	0.96640914803779365
35.64838127727290384	0.96676983901286673
35.65819635747039484	0.96713342013220260
35.66801143766787874	0.96749986008347855
35.67782651786536263	0.96786912728666996
35.68764159806285363	0.96824118989502017
35.69745667826033753	0.96861601579603418
35.70727175845782853	0.96899357261252228
35.71708683865531242	0.96937382770365832
35.72690191885280342	0.96975674816608182
35.73671699905028731	0.97014230083503550
35.74653207924777121	0.97053045228553037
35.75634715944526221	0.97092116883355328
35.76616223964274610	0.97131441653730966
35.77597731984023710	0.97171016119849962
35.78579240003772099	0.97210836836363257
35.79560748023521199	0.97250900332538670
35.80542256043269589	0.97291203112399527
35.81523764063018689	0.97331741654868642
35.82505272082767078	0.97372512413914603
35.83486780102515468	0.97413511818703635
35.84468288122264568	0.97454736273755072
35.85449796142012957	0.97496182159100164
35.86431304161762057	0.97537845830446912
35.87412812181510446	0.97579723619346903
35.88394320201259546	0.97621811833368743
35.89375828221007936	0.97664106756273961
35.90357336240757036	0.97706604648198825
35.91338844260505425	0.97749301745839889
35.92320352280253815	0.97792194262643994
35.93301860300002915	0.97835278389003322
35.94283368319751304	0.97878550292455080
35.95264876339500404	0.97922006117885241
35.96246384359248793	0.97965641987737839
35.97227892378997893	0.98009454002228780
35.98209400398746283	0.98053438239564050
35.99190908418495383	0.98097590756163655
36.00172416438243772	0.98141907586889687
36.01153924457992161	0.98186384745279942
36.02135432477741261	0.98231018223786282
36.03116940497489651	0.98275803994017941
36.04098448517238751	0.98320738006990149
36.05079956536987140	0.98365816193378297
36.06061464556736240	0.98411034463775882
36.07042972576484630	0.98456388708959686
36.08024480596233730	0.98501874800158085
36.09005988615982119	0.98547488589326393
36.09987496635730508	0.98593225909426507
36.10969004655479608	0.98639082574712189
36.11950512675227998	0.98685054381019366
36.12932020694977098	0.98731137106063027
36.13913528714725487	0.98777326509737129
36.14895036734474587	0.98823618334423280
36.15876544754222977	0.98870008305301438
36.16858052773971366	0.98916492130668965
36.17839560793720466	0.98963065502262948
36.18821068813468855	0.99009724095589524
36.19802576833217955	0.99056463570258335
36.20784084852966345	0.99103279570321900
36.21765592872715445	0.99150167724621729
36.22747100892463834	0.99197123647138463
36.23728608912212934	0.99244142937349333
36.24710116931961323	0.99291221180589440
36.25691624951709713	0.99338353948420410
36.26673132971458813	0.99385536799002727
36.27654640991207202	0.99432765277475232
36.28636149010956302	0.99480034916339211
36.29617657030704692	0.99527341235848732
36.30599165050453792	0.99574679744405770
36.31580673070202181	0.99622045938961734
36.32562181089951281	0.99669435305423537
36.33543689109699670	0.99716843319066717
36.34525197129448060	0.99764265444951772
36.35506705149197160	0.99811697138348765
36.36488213168945549	0.99859133845164660
36.37469721188694649	0.99906571002377997
36.38451229208443038	0.99954004038478628
36.39432737228192138	1.00001428373911772
36.40414245247940528	1.00048839421529023
36.41395753267689628	1.00096232587043366
36.42377261287438017	1.00143603269489989
36.43358769307186407	1.00190946861692787
36.44340277326935507	1.00238258750735176
36.45321785346683896	1.00285534318436897
36.46303293366432996	1.00332768941835115
36.47284801386181385	1.00379957993671298
36.48266309405930485	1.00427096842883223
36.49247817425678875	1.00474180855100648
36.50229325445427264	1.00521205393147750
36.51210833465176364	1.00568165817549171
36.52192341484924754	1.00615057487040782
36.53173849504673854	1.00661875759086183
36.54155357524422243	1.00708615990396821
36.55136865544171343	1.00755273537457302
36.56118373563919732	1.00801843757054876
36.57099881583668832	1.00848322006813818
36.58081389603417222	1.00894703645733430
36.59062897623165611	1.00940984034731374
36.60044405642914711	1.00987158537189869
36.61025913662663100	1.01033222519507682
36.62007421682412200	1.01079171351654273
36.62988929702160590	1.01125000407729448
36.63970437721909690	1.01170705066526323
36.64951945741658079	1.01216280712097495
36.65933453761407179	1.01261722734325832
36.66914961781155569	1.01307026529497857
36.67896469800903958	1.01352187500881419
36.68877977820653058	1.01397201059306652
36.69859485840401447	1.01442062623748908
36.70840993860150547	1.01486767621916996
36.71822501879898937	1.01531311490842358
36.72804009899648037	1.01575689677472125
36.73785517919396426	1.01619897639265844
36.74767025939145526	1.01663930844792261
36.75748533958893915	1.01707784774331977
36.76730041978642305	1.01751454920479301
36.77711549998391405	1.01794936788749180
36.78693058018139794	1.01838225898184120
36.79674566037888894	1.01881317781964875
36.80656074057637284	1.01924207988021265
36.81637582077386384	1.01966892079646576
36.82619090097134773	1.02009365636112004
36.83600598116883873	1.02051624253283957
36.84582106136632262	1.02093663544241320
36.85563614156380652	1.02135479139895313
36.86545122176129752	1.02177066689608842
36.87526630195878141	1.02218421861818709
36.88508138215627241	1.02259540344656275
36.89489646235375631	1.02300417846571268
36.90471154255124731	1.02341050096953223
36.91452662274873120	1.02381432846755671
36.92434170294621509	1.02421561869119437
36.93415678314370609	1.02461432959995369
36.94397186334118999	1.02501041938768100
36.95378694353868099	1.02540384648878358
36.96360202373616488	1.02579456958445281
36.97341710393365588	1.02618254760888372
36.98323218413113977	1.02656773975547799
36.99304726432863077	1.02695010548304633
37.00286234452611467	1.02732960452198840
37.01267742472359856	1.02770619688046683
37.02249250492108956	1.02807984285057041
37.03230758511857346	1.02845050301444374
37.04212266531606446	1.02881813825041846
37.05193774551354835	1.02918270973910841
37.06175282571103935	1.02954417896949324
37.07156790590852324	1.02990250774497061
37.08138298610601424	1.03025765818938830
37.09119806630349814	1.03060959275304675
37.10101314650098203	1.03095827421867203
37.11082822669847303	1.03130366570736065
37.12064330689595693	1.03164573068448751
37.13045838709344793	1.03198443296558517
37.14027346729093182	1.03231973672217880
37.15008854748842282	1.03265160648759680
37.15990362768590671	1.03298000716272442
37.16971870788339771	1.03330490402172992
37.17953378808088161	1.03362626271774372
37.18934886827836550	1.03394404928848926
37.19916394847585650	1.03425823016187146
37.20897902867334039	1.03456877216151089
37.21879410887083139	1.03487564251223740
37.22860918906831529	1.03517880884552560
37.23842426926580629	1.03547823920487225
37.24823934946329018	1.03577390205113407
37.25805442966078118	1.03606576626778502
37.26786950985826508	1.03635380116613818
37.27768459005574897	1.03663797649049538
37.28749967025323997	1.03691826242323160
37.29731475045072386	1.03719462958982866
37.30712983064821486	1.03746704906382559
37.31694491084569876	1.03773549237172236
37.32675999104318976	1.03799993149779524
37.33657507124067365	1.03826033888885783
37.34639015143815755	1.03851668745894088
37.35620523163564854	1.03876895059389929
37.36602031183313244	1.03901710215595222
37.37583539203062344	1.03926111648813491
37.38565047222810733	1.03950096841868311
37.39546555242559833	1.03973663326533039
37.40528063262308223	1.03996808683952691
37.41509571282057323	1.04019530545058303
37.42491079301805712	1.04041826590971231
37.43472587321554101	1.04063694553401254
37.44454095341303201	1.04085132215033394
37.45435603361051591	1.04106137409908195
37.46417111380800691	1.04126708023792180
37.47398619400549080	1.04146841994538519
37.48380127420298180	1.04166537312440499
37.49361635440046570	1.04185792020573054
37.50343143459795670	1.04204604215127450
37.51324651479544059	1.04222972045734763
37.52306159499292448	1.04240893715780314
37.53287667519041548	1.04258367482708558
37.54269175538789938	1.04275391658317185
37.55250683558539038	1.04291964609042376
37.56232191578287427	1.04308084756233743
37.57213699598036527	1.04323750576418117
37.58195207617784916	1.04338960601554653
37.59176715637534016	1.04353713419278238
37.60158223657282406	1.04368007673132834
37.61139731677030795	1.04381842062795460
37.62121239696779895	1.04395215344287395
37.63102747716528285	1.04408126330176532
37.64084255736277385	1.04420573889768264
37.65065763756025774	1.04432556949285327
37.66047271775774874	1.04444074492037986
37.67028779795523263	1.04455125558581141
37.68010287815271653	1.04465709246862537
37.68991795835020753	1.04475824712359011
37.69973303854769142	1.04485471168201327
37.70954811874518242	1.04494647885288416
37.71936319894266632	1.04503354192390585
37.72917827914015731	1.04511589476240996
37.73899335933764121	1.04519353181615804
37.74880843953513221	1.04526644811403902
37.75862351973261610	1.04533463926664427
37.76843859993010000	1.04539810146673484
37.77825368012759100	1.04545683148959023
37.78806876032507489	1.04551082669325757
37.79788384052256589	1.04556008501866060
37.80769892072004978	1.04560460498962526
37.81751400091754078	1.04564438571277418
37.82732908111502468	1.04567942687730819
37.83714416131251568	1.04570972875468282
37.84695924150999957	1.04573529219816108
37.85677432170748347	1.04575611864226570
37.86658940190497447	1.04577221010210275
37.87640448210245836	1.04578356917258963
37.88621956229994936	1.04579019902755843
37.89603464249743325	1.04579210341875051
37.90584972269492425	1.04578928667470450
37.91566480289240815	1.04578175369952353
37.92547988308989915	1.04576950997154494
37.93529496328738304	1.04575256154188567
37.94511004348486694	1.04573091503288573
37.95492512368235793	1.04570457763644686
37.96474020387984183	1.04567355711224819
37.97455528407733283	1.04563786178587703
37.98437036427481672	1.04559750054682254
37.99418544447230772	1.04555248284639313
38.00400052466979162	1.04550281869550798
38.01381560486728262	1.04544851866239097
38.02363068506476651	1.04538959387016583
38.03344576526225040	1.04532605599433337
38.04326084545974140	1.04525791726016326
38.05307592565722530	1.04518519043997560
38.06289100585471630	1.04510788885032291
38.07270608605220019	1.04502602634907649
38.08252116624969119	1.04493961733240925
38.09233624644717509	1.04484867673168469
38.10215132664465898	1.04475322001025539
38.11196640684214998	1.04465326316015461
38.12178148703963387	1.04454882269870386
38.13159656723712487	1.04443991566502703
38.14141164743460877	1.04432655961646370
38.15122672763209977	1.04420877262491496
38.16104180782958366	1.04408657327307042
38.17085688802707466	1.04395998065057416
38.18067196822455855	1.04382901435008790
38.19048704842204245	1.04369369446327909
38.20030212861953345	1.04355404157672660
38.21011720881701734	1.04341007676773034
38.21993228901450834	1.04326182160006131
38.22974736921199224	1.04310929811961484
38.23956244940948324	1.04295252885000034
38.24937752960696713	1.04279153678804493
38.25919260980445813	1.04262634539922505
38.26900769000194202	1.04245697861303666
38.27882277019942592	1.04228346081826939
38.28863785039691692	1.04210581685823955
38.29845293059440081	1.04192407202593507
38.30826801079189181	1.04173825205910164
38.31808309098937571	1.04154838313526166
38.32789817118686670	1.04135449186667861
38.33771325138435060	1.04115660529523968
38.34752833158184160	1.04095475088730072
38.35734341177932549	1.04074895652846533
38.36715849197680939	1.04053925051829554
38.37697357217430039	1.04032566156498940
38.38678865237178428	1.04010821877998505
38.39660373256927528	1.03988695167252798
38.40641881276675917	1.03966189014418120
38.41623389296425017	1.03943306448328432
38.42604897316173407	1.03920050535937825
38.43586405335922507	1.03896424381757524
38.44567913355670896	1.03872431127288900
38.45549421375419286	1.03848073950452036
38.46530929395168386	1.03823356065011563
38.47512437414916775	1.03798280719997105
38.48493945434665875	1.03772851199120875
38.49475453454414264	1.03747070820192988
38.50456961474163364	1.03720942934530735
38.51438469493911754	1.03694470926368210
38.52419977513660143	1.03667658212260205
38.53401485533409243	1.03640508240485252
38.54382993553157633	1.03613024490444716
38.55364501572906732	1.03585210472060796
38.56346009592655122	1.03557069725171669
38.57327517612404222	1.03528605818924246
38.58309025632152611	1.03499822351165727
38.59290533651901711	1.03470722947833593
38.60272041671650101	1.03441311262343194
38.61253549691398490	1.03411590974974832
38.62235057711147590	1.03381565792258989
38.63216565730895979	1.03351239446361154
38.64198073750645079	1.03320615694465490
38.65179581770393469	1.03289698318157708
38.66161089790142569	1.03258491122807450
38.67142597809890958	1.03226997936950626
38.68124105829640058	1.03195222611670712
38.69105613849388448	1.03163169019981282
38.70087121869136837	1.03130841056207401
38.71068629888885937	1.03098242635367776
38.72050137908634326	1.03065377692557347
38.73031645928383426	1.03032250182330198
38.74013153948131816	1.02998864078084162
38.74994661967880916	1.02965223371443959
38.75976169987629305	1.02931332071648463
38.76957678007378405	1.02897194204935793
38.77939186027126794	1.02862813813933074
38.78920694046875184	1.02828194957044361
38.79902202066624284	1.02793341707842378
38.80883710086372673	1.02758258154461668
38.81865218106121773	1.02722948398991853
38.82846726125870163	1.02687416556875211
38.83828234145619263	1.02651666756304794
38.84809742165367652	1.02615703137625291
38.85791250185116041	1.02579529852735707
38.86772758204865141	1.02543151064495941
38.87754266224613531	1.02506570946133602
38.88735774244362631	1.02469793680655696
38.89717282264111020	1.02432823460262457
38.90698790283860120	1.02395664485762961
38.91680298303608510	1.02358320965995619
38.92661806323357609	1.02320797117250573
38.93643314343105999	1.02283097162695658
38.94624822362854388	1.02245225331805956
38.95606330382603488	1.02207185859796068
38.96587838402351878	1.02168982987057166
38.97569346422100978	1.02130620958596574
38.98550854441849367	1.02092104023481833
38.99532362461598467	1.02053436434287570
39.00513870481346856	1.02014622446548109
39.01495378501095956	1.01975666318211866
39.02476886520844346	1.01936572309101781
39.03458394540592735	1.01897344680378810
39.04439902560341835	1.01857987694009422
39.05421410580090225	1.01818505612239218
39.06402918599839325	1.01778902697068285
39.07384426619587714	1.01739183209733830
39.08365934639336814	1.01699351410194505
39.09347442659085203	1.01659411556622170
39.10328950678834303	1.01619367904895963
39.11310458698582693	1.01579224708102767
39.12291966718331082	1.01538986216041049
39.13273474738080182	1.01498656674731369
39.14254982757828571	1.01458240325929894
39.15236490777577671	1.01417741406647921
39.16217998797326061	1.01377164148676413
39.17199506817075161	1.01336512778114884
39.18181014836823550	1.01295791514906575
39.19162522856572650	1.01255004572377416
39.20144030876321040	1.01214156156780843
39.21125538896069429	1.01173250466848397
39.22107046915818529	1.01132291693344256
39.23088554935566918	1.01091284018626215
39.24070062955316018	1.01050231616211272
39.25051570975064408	1.01009138650346930
39.26033078994813508	1.00968009275587423
39.27014587014561897	1.00926847636376449
39.27996095034310287	1.00885657866633682
39.28977603054059387	1.00844444089347385
39.29959111073807776	1.00803210416173950
39.30940619093556876	1.00761960947039952
39.31922127113305265	1.00720699769752775
39.32903635133054365	1.00679430959613536
39.33885143152802755	1.00638158579039394
39.34866651172551855	1.00596886677187114
39.35848159192300244	1.00555619289585429
39.36829667212048633	1.00514360437771288
39.37811175231797733	1.00473114128932250
39.38792683251546123	1.00431884355553880
39.39774191271295223	1.00390675095072979
39.40755699291043612	1.00349490309536593
39.41737207310792712	1.00308333945265460
39.42718715330541102	1.00267209932524559
39.43700223350290202	1.00226122185197553
39.44681731370038591	1.00185074600467927
39.45663239389786980	1.00144071058504380
39.46644747409536080	1.00103115422153000
39.47626255429284470	1.00062211536633772
39.48607763449033570	1.00021363229243176
39.49589271468781959	0.99980574309061476
39.50570779488531059	0.99939848566666067
39.51552287508279449	0.99899189773849983
39.52533795528028548	0.99858601683345505
39.53515303547776938	0.99818088028552665
39.54496811567525327	0.99777652523274762
39.55478319587274427	0.99737298861456303
39.56459827607022817	0.99697030716929125
39.57441335626771917	0.99656851743161334
39.58422843646520306	0.99616765573012844
39.59404351666269406	0.99576775818495233
39.60385859686017795	0.99536886070537134
39.61367367705766895	0.99497099898754726
39.62348875725515285	0.99457420851226319
39.63330383745263674	0.99417852454273581
39.64311891765012774	0.99378398212245689
39.65293399784761164	0.99339061607310308
39.66274907804510264	0.99299846099247635
39.67256415824258653	0.99260755125250877
39.68237923844007753	0.99221792099730477
39.69219431863756142	0.99182960414123300
39.70200939883504532	0.99144263436706448
39.71182447903253632	0.99105704512415882
39.72163955923002021	0.99067286962669809
39.73145463942751121	0.99029014085195965
39.74126971962499510	0.98990889153863837
39.75108479982248610	0.98952915418521714
39.76089988001997000	0.98915096104837252
39.77071496021746100	0.98877434414143073
39.78053004041494489	0.98839933523286538
39.79034512061242879	0.98802596584483504
39.80016020080991979	0.98765426725176420
39.80997528100740368	0.98728427047897238
39.81979036120489468	0.98691600630133147
39.82960544140237857	0.98654950524197071
39.83942052159986957	0.98618479757102928
39.84923560179735347	0.98582191330442936
39.85905068199484447	0.98546088220271144
39.86886576219232836	0.98510173376988408
39.87868084238981226	0.98474449725233493
39.88849592258730326	0.98438920163775712
39.89831100278478715	0.98403587565413086
39.90812608298227815	0.98368454776873093
39.91794116317976204	0.98333524618717061
39.92775624337725304	0.98298799885248989
39.93757132357473694	0.98264283344425862
39.94738640377222794	0.98229977737774343
39.95720148396971183	0.98195885780307379
39.96701656416719572	0.98162010160447355
39.97683164436468672	0.98128353539949820
39.98664672456217062	0.98094918553832722
39.99646180475966162	0.98061707810306542
40.00627688495714551	0.98028723890709590
40.01609196515463651	0.97995969349444745
40.02590704535212041	0.97963446713920277
40.03572212554960430	0.97931158484492609
40.04553720574709530	0.97899107134412955
40.05535228594457919	0.97867295109776076
40.06516736614207019	0.97835724829472182
40.07498244633955409	0.97804398685140725
40.08479752653704509	0.97773319041128792
40.09461260673452898	0.97742488234449154
40.10442768693201998	0.97711908574744111
40.11424276712950387	0.97681582344249029
40.12405784732698777	0.97651511797760271
40.13387292752447877	0.97621699162604414
40.14368800772196266	0.97592146638610167
40.15350308791945366	0.97562856398083075
40.16331816811693756	0.97533830585781189
40.17313324831442856	0.97505071318894532
40.18294832851191245	0.97476580687025005
40.19276340870940345	0.97448360752170238
