0.00001000000000000	0.00559489393034318
0.00982508019748703	0.00559493009322298
0.01964016039497406	0.00559503843641540
0.02945524059246110	0.00559521896480364
0.03927032078994813	0.00559547168652541
0.04908540098743516	0.00559579661297283
0.05890048118492220	0.00559619375879361
0.06871556138240922	0.00559666314189267
0.07853064157989625	0.00559720478343340
0.08834572177738328	0.00559781870783926
0.09816080197487032	0.00559850494279668
0.10797588217235735	0.00559926351925655
0.11779096236984439	0.00560009447143739
0.12760604256733143	0.00560099783682866
0.13742112276481847	0.00560197365619319
0.14723620296230550	0.00560302197357154
0.15705128315979253	0.00560414283628585
0.16686636335727956	0.00560533629494275
0.17668144355476659	0.00560660240343946
0.18649652375225362	0.00560794121896746
0.19631160394974065	0.00560935280201802
0.20612668414722768	0.00561083721638655
0.21594176434471471	0.00561239452917972
0.22575684454220174	0.00561402481081985
0.23557192473968880	0.00561572813505185
0.24538700493717583	0.00561750457894994
0.25520208513466286	0.00561935422292326
0.26501716533214986	0.00562127715072436
0.27483224552963692	0.00562327344945523
0.28464732572712392	0.00562534320957597
0.29446240592461098	0.00562748652491218
0.30427748612209798	0.00562970349266345
0.31409256631958504	0.00563199421341132
0.32390764651707210	0.00563435879112917
0.33372272671455910	0.00563679733319034
0.34353780691204616	0.00563930995037831
0.35335288710953316	0.00564189675689597
0.36316796730702022	0.00564455787037599
0.37298304750450723	0.00564729341189107
0.38279812770199428	0.00565010350596451
0.39261320789948129	0.00565298828058158
0.40242828809696835	0.00565594786720014
0.41224336829445535	0.00565898240076312
0.42205844849194241	0.00566209201970980
0.43187352868942941	0.00566527686598850
0.44168860888691647	0.00566853708506876
0.45150368908440347	0.00567187282595438
0.46131876928189053	0.00567528424119690
0.47113384947937759	0.00567877148690887
0.48094892967686459	0.00568233472277768
0.49076400987435165	0.00568597411207983
0.50057909007183865	0.00568968982169604
0.51039417026932565	0.00569348202212483
0.52020925046681266	0.00569735088749901
0.53002433066429966	0.00570129659560070
0.53983941086178677	0.00570531932787699
0.54965449105927378	0.00570941926945634
0.55946957125676078	0.00571359660916537
0.56928465145424778	0.00571785153954574
0.57909973165173489	0.00572218425687088
0.58891481184922190	0.00572659496116423
0.59872989204670890	0.00573108385621746
0.60854497224419590	0.00573565114960750
0.61836005244168302	0.00574029705271684
0.62817513263917002	0.00574502178075098
0.63799021283665702	0.00574982555275971
0.64780529303414414	0.00575470859165517
0.65762037323163114	0.00575967112423281
0.66743545342911814	0.00576471338119200
0.67725053362660514	0.00576983559715671
0.68706561382409226	0.00577503801069690
0.69688069402157926	0.00578032086435010
0.70669577421906626	0.00578568440464400
0.71651085441655327	0.00579112888211741
0.72632593461404038	0.00579665455134515
0.73614101481152738	0.00580226167095976
0.74595609500901439	0.00580795050367611
0.75577117520650139	0.00581372131631430
0.76558625540398850	0.00581957437982561
0.77540133560147551	0.00582550996931608
0.78521641579896251	0.00583152836407230
0.79503149599644962	0.00583762984758762
0.80484657619393662	0.00584381470758732
0.81466165639142363	0.00585008323605518
0.82447673658891063	0.00585643572926176
0.83429181678639774	0.00586287248779038
0.84410689698388475	0.00586939381656582
0.85392197718137175	0.00587600002488198
0.86373705737885875	0.00588269142643116
0.87355213757634587	0.00588946833933313
0.88336721777383287	0.00589633108616427
0.89318229797131987	0.00590327999398887
0.90299737816880687	0.00591031539438813
0.91281245836629399	0.00591743762349239
0.92262753856378099	0.00592464702201234
0.93244261876126799	0.00593194393527108
0.94225769895875511	0.00593932871323599
0.95207277915624211	0.00594680171055273
0.96188785935372911	0.00595436328657795
0.97170293955121612	0.00596201380541306
0.98151801974870323	0.00596975363593999
0.99133309994619023	0.00597758315185437
1.00114818014367746	0.00598550273170262
1.01096326034116446	0.00599351275891713
1.02077834053865146	0.00600161362185259
1.03059342073613847	0.00600980571382403
1.04040850093362547	0.00601808943314364
1.05022358113111247	0.00602646518315875
1.06003866132859947	0.00603493337229166
1.06985374152608648	0.00604349441407770
1.07966882172357370	0.00605214872720539
1.08948390192106070	0.00606089673555743
1.09929898211854771	0.00606973886825080
1.10911406231603471	0.00607867555967945
1.11892914251352171	0.00608770724955465
1.12874422271100872	0.00609683438294994
1.13855930290849572	0.00610605741034231
1.14837438310598294	0.00611537678765806
1.15818946330346995	0.00612479297631596
1.16800454350095695	0.00613430644327295
1.17781962369844395	0.00614391766107059
1.18763470389593095	0.00615362710788003
1.19744978409341796	0.00616343526755048
1.20726486429090496	0.00617334262965630
1.21707994448839196	0.00618334968954593
1.22689502468587919	0.00619345694839013
1.23671010488336619	0.00620366491323254
1.24652518508085319	0.00621397409703961
1.25634026527834020	0.00622438501875255
1.26615534547582720	0.00623489820333756
1.27597042567331420	0.00624551418184038
1.28578550587080120	0.00625623349143800
1.29560058606828843	0.00626705667549343
1.30541566626577543	0.00627798428361026
1.31523074646326243	0.00628901687168804
1.32504582666074944	0.00630015500197889
1.33486090685823644	0.00631139924314394
1.34467598705572344	0.00632275017031114
1.35449106725321045	0.00633420836513499
1.36430614745069745	0.00634577441585382
1.37412122764818467	0.00635744891735213
1.38393630784567168	0.00636923247121968
1.39375138804315868	0.00638112568581473
1.40356646824064568	0.00639312917632617
1.41338154843813268	0.00640524356483629
1.42319662863561969	0.00641746948038624
1.43301170883310669	0.00642980755904043
1.44282678903059391	0.00644225844395363
1.45264186922808092	0.00645482278543608
1.46245694942556792	0.00646750124102380
1.47227202962305492	0.00648029447554488
1.48208710982054193	0.00649320316119129
1.49190219001802893	0.00650622797758860
1.50171727021551593	0.00651936961186705
1.51153235041300293	0.00653262875873528
1.52134743061049016	0.00654600612055312
1.53116251080797716	0.00655950240740610
1.54097759100546416	0.00657311833718166
1.55079267120295117	0.00658685463564490
1.56060775140043817	0.00660071203651658
1.57042283159792517	0.00661469128155179
1.58023791179541218	0.00662879312061904
1.59005299199289940	0.00664301831178171
1.59986807219038640	0.00665736762138025
1.60968315238787341	0.00667184182411373
1.61949823258536041	0.00668644170312449
1.62931331278284741	0.00670116805008436
1.63912839298033441	0.00671602166527929
1.64894347317782142	0.00673100335769827
1.65875855337530842	0.00674611394512126
1.66857363357279564	0.00676135425420910
1.67838871377028265	0.00677672512059446
1.68820379396776965	0.00679222738897467
1.69801887416525665	0.00680786191320526
1.70783395436274366	0.00682362955639382
1.71764903456023066	0.00683953119099701
1.72746411475771766	0.00685556769891793
1.73727919495520489	0.00687173997160417
1.74709427515269189	0.00688804891014838
1.75690935535017889	0.00690449542538984
1.76672443554766589	0.00692108043801631
1.77653951574515290	0.00693780487866913
1.78635459594263990	0.00695466968804870
1.79616967614012690	0.00697167581702085
1.80598475633761391	0.00698882422672564
1.81579983653510113	0.00700611588868738
1.82561491673258813	0.00702355178492620
1.83542999693007514	0.00704113290807040
1.84524507712756214	0.00705886026147151
1.85506015732504914	0.00707673485932003
1.86487523752253614	0.00709475772676316
1.87469031772002315	0.00711292990002377
1.88450539791751037	0.00713125242652168
1.89432047811499737	0.00714972636499556
1.90413555831248438	0.00716835278562822
1.91395063850997138	0.00718713277017091
1.92376571870745838	0.00720606741207186
1.93358079890494539	0.00722515781660626
1.94339587910243239	0.00724440510100599
1.95321095929991939	0.00726381039459290
1.96302603949740662	0.00728337483891517
1.97284111969489362	0.00730309958788122
1.98265619989238062	0.00732298580790058
1.99247128008986762	0.00734303467802322
2.00228636028735485	0.00736324739008198
2.01210144048484185	0.00738362514883728
2.02191652068232885	0.00740416917212250
2.03173160087981586	0.00742488069099367
2.04154668107730286	0.00744576094987937
2.05136176127478986	0.00746681120673232
2.06117684147227687	0.00748803273318599
2.07099192166976387	0.00750942681470934
2.08080700186725087	0.00753099475076713
2.09062208206473787	0.00755273785498023
2.10043716226222488	0.00757465745529040
2.11025224245971188	0.00759675489412437
2.12006732265719888	0.00761903152856336
2.12988240285468589	0.00764148873051229
2.13969748305217289	0.00766412788687376
2.14951256324966034	0.00768695039972267
2.15932764344714734	0.00770995768648364
2.16914272364463434	0.00773315118011242
2.17895780384212134	0.00775653232927753
2.18877288403960835	0.00778010259854556
2.19858796423709535	0.00780386346857098
2.20840304443458235	0.00782781643628427
2.21821812463206935	0.00785196301508717
2.22803320482955636	0.00787630473504819
2.23784828502704336	0.00790084314310135
2.24766336522453036	0.00792557980324871
2.25747844542201737	0.00795051629676380
2.26729352561950437	0.00797565422240065
2.27710860581699137	0.00800099519660291
2.28692368601447837	0.00802654085371890
2.29673876621196582	0.00805229284621722
2.30655384640945282	0.00807825284490671
2.31636892660693983	0.00810442253915988
2.32618400680442683	0.00813080363713858
2.33599908700191383	0.00815739786602387
2.34581416719940083	0.00818420697224842
2.35562924739688784	0.00821123272173296
2.36544432759437484	0.00823847690012558
2.37525940779186184	0.00826594131304470
2.38507448798934885	0.00829362778632670
2.39488956818683585	0.00832153816627490
2.40470464838432285	0.00834967431991374
2.41451972858180985	0.00837803813524696
2.42433480877929686	0.00840663152151844
2.43414988897678386	0.00843545640947752
2.44396496917427131	0.00846451475164800
2.45378004937175831	0.00849380852260195
2.46359512956924531	0.00852333971923569
2.47341020976673232	0.00855311036105189
2.48322528996421932	0.00858312249044468
2.49304037016170632	0.00861337817298913
2.50285545035919332	0.00864387949773548
2.51267053055668033	0.00867462857750734
2.52248561075416733	0.00870562754920434
2.53230069095165433	0.00873687857410943
2.54211577114914133	0.00876838383820111
2.55193085134662834	0.00880014555246933
2.56174593154411534	0.00883216595323733
2.57156101174160234	0.00886444730248781
2.58137609193908935	0.00889699188819371
2.59119117213657679	0.00892980202465421
2.60100625233406380	0.00896288005283641
2.61082133253155080	0.00899622834072111
2.62063641272903780	0.00902984928365480
2.63045149292652480	0.00906374530470588
2.64026657312401181	0.00909791885502798
2.65008165332149881	0.00913237241422704
2.65989673351898581	0.00916710849073543
2.66971181371647281	0.00920212962219036
2.67952689391395982	0.00923743837582025
2.68934197411144682	0.00927303734883378
2.69915705430893382	0.00930892916881887
2.70897213450642083	0.00934511649414471
2.71878721470390783	0.00938160201437110
2.72860229490139483	0.00941838845066412
2.73841737509888228	0.00945547855621887
2.74823245529636928	0.00949287511668728
2.75804753549385628	0.00953058095061410
2.76786261569134329	0.00956859890987893
2.77767769588883029	0.00960693188014461
2.78749277608631729	0.00964558278131478
2.79730785628380429	0.00968455456799511
2.80712293648129130	0.00972385022996569
2.81693801667877830	0.00976347279265766
2.82675309687626530	0.00980342531763956
2.83656817707375231	0.00984371090310954
2.84638325727123931	0.00988433268439726
2.85619833746872631	0.00992529383447238
2.86601341766621331	0.00996659756446105
2.87582849786370032	0.01000824712417181
2.88564357806118776	0.01005024580262903
2.89545865825867477	0.01009259692861464
2.90527373845616177	0.01013530387121975
2.91508881865364877	0.01017837004040334
2.92490389885113578	0.01022179888756136
2.93471897904862278	0.01026559390610482
2.94453405924610978	0.01030975863204642
2.95434913944359678	0.01035429664459742
2.96416421964108379	0.01039921156677437
2.97397929983857079	0.01044450706601430
2.98379438003605779	0.01049018685480163
2.99360946023354479	0.01053625469130459
3.00342454043103180	0.01058271438002201
3.01323962062851880	0.01062956977244001
3.02305470082600580	0.01067682476770115
3.03286978102349325	0.01072448331328313
3.04268486122098025	0.01077254940568872
3.05249994141846726	0.01082102709114885
3.06231502161595426	0.01086992046633428
3.07213010181344126	0.01091923367908199
3.08194518201092826	0.01096897092913163
3.09176026220841527	0.01101913646887587
3.10157534240590227	0.01106973460412175
3.11139042260338927	0.01112076969486542
3.12120550280087627	0.01117224615608015
3.13102058299836328	0.01122416845851715
3.14083566319585028	0.01127654112951970
3.15065074339333728	0.01132936875385171
3.16046582359082429	0.01138265597453958
3.17028090378831129	0.01143640749372865
3.18009598398579874	0.01149062807355394
3.18991106418328574	0.01154532253702589
3.19972614438077274	0.01160049576893152
3.20954122457825974	0.01165615271674969
3.21935630477574675	0.01171229839158383
3.22917138497323375	0.01176893786910949
3.23898646517072075	0.01182607629053811
3.24880154536820775	0.01188371886359774
3.25861662556569476	0.01194187086353105
3.26843170576318176	0.01200053763410991
3.27824678596066876	0.01205972458866755
3.28806186615815577	0.01211943721114950
3.29787694635564277	0.01217968105718181
3.30769202655312977	0.01224046175515836
3.31750710675061677	0.01230178500734735
3.32732218694810422	0.01236365659101701
3.33713726714559122	0.01242608235958054
3.34695234734307823	0.01248906824376250
3.35676742754056523	0.01255262025278403
3.36658250773805223	0.01261674447557104
3.37639758793553924	0.01268144708198171
3.38621266813302624	0.01274673432405737
3.39602774833051324	0.01281261253729504
3.40584282852800024	0.01287908814194272
3.41565790872548725	0.01294616764431733
3.42547298892297425	0.01301385763814755
3.43528806912046125	0.01308216480593916
3.44510314931794825	0.01315109592036645
3.45491822951543526	0.01322065784568760
3.46473330971292226	0.01329085753918646
3.47454838991040971	0.01336170205263965
3.48436347010789671	0.01343319853381109
3.49417855030538371	0.01350535422797328
3.50399363050287072	0.01357817647945614
3.51380871070035772	0.01365167273322576
3.52362379089784472	0.01372585053648911
3.53343887109533172	0.01380071754033130
3.54325395129281873	0.01387628150138043
3.55306903149030573	0.01395255028350617
3.56288411168779273	0.01402953185954603
3.57269919188527973	0.01410723431306704
3.58251427208276674	0.01418566584015868
3.59232935228025374	0.01426483475125795
3.60214443247774074	0.01434474947301212
3.61195951267522775	0.01442541855017176
3.62177459287271519	0.01450685064752399
3.63158967307020220	0.01458905455185844
3.64140475326768920	0.01467203917397120
3.65121983346517620	0.01475581355070910
3.66103491366266320	0.01484038684704858
3.67084999386015021	0.01492576835821746
3.68066507405763721	0.01501196751185618
3.69048015425512421	0.01509899387021885
3.70029523445261121	0.01518685713241796
3.71011031465009822	0.01527556713671308
3.71992539484758522	0.01536513386284000
3.72974047504507222	0.01545556743438903
3.73955555524255923	0.01554687812122679
3.74937063544004623	0.01563907634196438
3.75918571563753323	0.01573217266647553
3.76900079583502068	0.01582617781846285
3.77881587603250768	0.01592110267807390
3.78863095622999468	0.01601695828456762
3.79844603642748169	0.01611375583903629
3.80826111662496869	0.01621150670717653
3.81807619682245569	0.01631022242211921
3.82789127701994270	0.01640991468731179
3.83770635721742970	0.01651059537945998
3.84752143741491670	0.01661227655152753
3.85733651761240370	0.01671497043579473
3.86715159780989071	0.01681868944697895
3.87696667800737771	0.01692344618541752
3.88678175820486471	0.01702925344031447
3.89659683840235171	0.01713612419305166
3.90641191859983872	0.01724407162056896
3.91622699879732572	0.01735310909880994
3.92604207899481317	0.01746325020624007
3.93585715919230017	0.01757450872743416
3.94567223938978717	0.01768689865673900
3.95548731958727418	0.01780043420200972
3.96530239978476118	0.01791512978842280
3.97511747998224818	0.01803100006236713
3.98493256017973518	0.01814805989541646
3.99474764037722219	0.01826632438838238
4.00456272057470919	0.01838580887545305
4.01437780077219575	0.01850652892841509
4.02419288096968319	0.01862850036096697
4.03400796116716975	0.01875173923311901
4.04382304136465720	0.01887626185568836
4.05363812156214376	0.01900208479488619
4.06345320175963121	0.01912922487700308
4.07326828195711776	0.01925769919319109
4.08308336215460521	0.01938752510435027
4.09289844235209177	0.01951872024611578
4.10271352254957922	0.01965130253395297
4.11252860274706578	0.01978529016836050
4.12234368294455322	0.01992070164018434
4.13215876314203978	0.02005755573604784
4.14197384333952723	0.02019587154389557
4.15178892353701467	0.02033566845865875
4.16160400373450123	0.02047696618804329
4.17141908393198868	0.02061978475844251
4.18123416412947524	0.02076414452097941
4.19104924432696269	0.02091006615767943
4.20086432452444924	0.02105757068778003
4.21067940472193669	0.02120667947417720
4.22049448491942325	0.02135741423001436
4.23030956511691070	0.02150979702541767
4.24012464531439726	0.02166385029437756
4.24993972551188470	0.02181959684178680
4.25975480570937126	0.02197705985063192
4.26956988590685871	0.02213626288934667
4.27938496610434527	0.02229722991933025
4.28920004630183271	0.02245998530263371
4.29901512649932016	0.02262455380981898
4.30883020669680672	0.02279096062799735
4.31864528689429417	0.02295923136904676
4.32846036709178072	0.02312939207801945
4.33827544728926817	0.02330146924173770
4.34809052748675473	0.02347548979758840
4.35790560768424218	0.02365148114251825
4.36772068788172874	0.02382947114223444
4.37753576807921618	0.02400948814062043
4.38735084827670274	0.02419156096936625
4.39716592847419019	0.02437571895782364
4.40698100867167675	0.02456199194309072
4.41679608886916419	0.02475041028033054
4.42661116906665075	0.02494100485333328
4.43642624926413820	0.02513380708532353
4.44624132946162565	0.02532884895002374
4.45605640965911221	0.02552616298297949
4.46587148985659965	0.02572578229315048
4.47568657005408621	0.02592774057478064
4.48550165025157366	0.02613207211954605
4.49531673044906022	0.02633881182899933
4.50513181064654766	0.02654799522730678
4.51494689084403422	0.02675965847429518
4.52476197104152167	0.02697383837881340
4.53457705123900823	0.02719057241241429
4.54439213143649567	0.02740989872337363
4.55420721163398223	0.02763185615104602
4.56402229183146968	0.02785648424057419
4.57383737202895624	0.02808382325795755
4.58365245222644369	0.02831391420549201
4.59346753242393113	0.02854679883759081
4.60328261262141769	0.02878251967699497
4.61309769281890514	0.02902112003138912
4.62291277301639170	0.02926264401042855
4.63272785321387914	0.02950713654319304
4.64254293341136570	0.02975464339607781
4.65235801360885315	0.03000521119113464
4.66217309380633971	0.03025888742487537
4.67198817400382715	0.03051572048755069
4.68180325420131371	0.03077575968292134
4.69161833439880116	0.03103905524852879
4.70143341459628772	0.03130565837648813
4.71124849479377517	0.03157562123481106
4.72106357499126172	0.03184899698928001
4.73087865518874917	0.03212583982588602
4.74069373538623662	0.03240620497384772
4.75050881558372318	0.03269014872922826
4.76032389578121062	0.03297772847917013
4.77013897597869718	0.03326900272676192
4.77995405617618463	0.03356403111655881
4.78976913637367119	0.03386287446077629
4.79958421657115863	0.03416559476617553
4.80939929676864519	0.03447225526166164
4.81921437696613264	0.03478292042661768
4.82902945716361920	0.03509765601999482
4.83884453736110665	0.03541652911018223
4.84865961755859320	0.03573960810568044
4.85847469775608065	0.03606696278660304
4.86828977795356721	0.03639866433703121
4.87810485815105466	0.03673478537824781
4.88791993834854210	0.03707540000287757
4.89773501854602866	0.03742058380996294
4.90755009874351611	0.03777041394100245
4.91736517894100267	0.03812496911698293
4.92718025913849011	0.03848432967643634
4.93699533933597667	0.03884857761455385
4.94681041953346412	0.03921779662338853
4.95662549973095068	0.03959207213318439
4.96644057992843813	0.03997149135486322
4.97625566012592468	0.04035614332371107
4.98607074032341213	0.04074611894429625
4.99588582052089869	0.04114151103666652
5.00570090071838614	0.04154241438385831
5.01551598091587270	0.04194892578076548
5.02533106111336014	0.04236114408441150
5.03514614131084759	0.04277917026566735
5.04496122150833415	0.04320310746246603
5.05477630170582160	0.04363306103456044
5.06459138190330815	0.04406913861987616
5.07440646210079560	0.04451145019251290
5.08422154229828216	0.04496010812244533
5.09403662249576961	0.04541522723698610
5.10385170269325616	0.04587692488406370
5.11366678289074361	0.04634532099737909
5.12348186308823017	0.04682053816350473
5.13329694328571762	0.04730270169099082
5.14311202348320418	0.04779193968154494
5.15292710368069162	0.04828838310335948
5.16274218387817818	0.04879216586665658
5.17255726407566563	0.04930342490152939
5.18237234427315308	0.04982230023815748
5.19218742447063963	0.05034893508947669
5.20200250466812708	0.05088347593639364
5.21181758486561364	0.05142607261562770
5.22163266506310109	0.05197687841027598
5.23144774526058765	0.05253605014319596
5.24126282545807509	0.05310374827330522
5.25107790565556165	0.05368013699490115
5.26089298585304910	0.05426538434010852
5.27070806605053566	0.05485966228456574
5.28052314624802310	0.05546314685646725
5.29033822644550966	0.05607601824908071
5.30015330664299711	0.05669846093686715
5.30996838684048367	0.05733066379533169
5.31978346703797111	0.05797282022474393
5.32959854723545856	0.05862512827786592
5.33941362743294512	0.05928779079183910
5.34922870763043257	0.05996101552437949
5.35904378782791913	0.06064501529444255
5.36885886802540657	0.06134000812752616
5.37867394822289313	0.06204621740577820
5.38848902842038058	0.06276387202309730
5.39830410861786714	0.06349320654540846
5.40811918881535458	0.06423446137631195
5.41793426901284114	0.06498788292830926
5.42774934921032859	0.06575372379981759
5.43756442940781515	0.06653224295819660
5.44737950960530259	0.06732370592901660
5.45719458980278915	0.06812838499181173
5.46700967000027660	0.06894655938256611
5.47682475019776405	0.06977851550319891
5.48663983039525061	0.07062454713832078
5.49645491059273805	0.07148495567954705
5.50626999079022461	0.07236005035766624
5.51608507098771206	0.07325014848297651
5.52590015118519862	0.07415557569411346
5.53571523138268606	0.07507666621571052
5.54553031158017262	0.07601376312524666
5.55534539177766007	0.07696721862945155
5.56516047197514663	0.07793739435065594
5.57497555217263407	0.07892466162349288
5.58479063237012063	0.07992940180237273
5.59460571256760808	0.08095200658017554
5.60442079276509464	0.08199287831862212
5.61423587296258209	0.08305243039081023
5.62405095316006953	0.08413108753642140
5.63386603335755609	0.08522928623012949
5.64368111355504354	0.08634747506376683
5.65349619375253010	0.08748611514282489
5.66331127395001754	0.08864568049790600
5.67312635414750410	0.08982665851175364
5.68294143434499155	0.09102955036253801
5.69275651454247811	0.09225487148408917
5.70257159473996555	0.09350315204381565
5.71238667493745211	0.09477493743907373
5.72220175513493956	0.09607078881279474
5.73201683533242612	0.09739128358921367
5.74183191552991357	0.09873701603058616
5.75164699572740012	0.10010859781582238
5.76146207592488757	0.10150665864201325
5.77127715612237502	0.10293184684987178
5.78109223631986158	0.10438483007416577
5.79090731651734902	0.10586629592026753
5.80072239671483558	0.10737695266800640
5.81053747691232303	0.10891753000407023
5.82035255710980959	0.11048877978425875
5.83016763730729703	0.11209147682696963
5.83998271750478359	0.11372641973935382
5.84979779770227104	0.11539443177766628
5.85961287789975760	0.11709636174340499
5.86942795809724505	0.11883308491691846
5.87924303829473160	0.12060550403024961
5.88905811849221905	0.12241455028108061
5.89887319868970561	0.12426118438972622
5.90868827888719306	0.12614639770124869
5.91850335908468050	0.12807121333485993
5.92831843928216706	0.13003668738289698
5.93813351947965451	0.13204391016178219
5.94794859967714107	0.13409400751750999
5.95776367987462852	0.13618814218833097
5.96757876007211507	0.13832751522746312
5.97739384026960252	0.14051336748880261
5.98720892046708908	0.14274698117877505
5.99702400066457653	0.14502968147764461
6.00683908086206308	0.14736283823377105
6.01665416105955053	0.14974786773451609
6.02646924125703709	0.15218623455768965
6.03628432145452454	0.15467945350765910
6.04609940165201110	0.15722909164047105
6.05591448184949854	0.15983677038257893
6.06572956204698599	0.16250416774804488
6.07554464224447255	0.16523302065934242
6.08535972244196000	0.16802512737720443
6.09517480263944655	0.17088235004525254
6.10498988283693400	0.17380661735550185
6.11480496303442056	0.17679992734116290
6.12462004323190801	0.17986435030356585
6.13443512342939457	0.18300203188041053
6.14425020362688201	0.18621519626299288
6.15406528382436857	0.18950614957048662
6.16388036402185602	0.19287728338987553
6.17369544421934258	0.19633107849060416
6.18351052441683002	0.19987010872360267
6.19332560461431658	0.20349704511488986
6.20314068481180403	0.20721466016459777
6.21295576500929148	0.21102583236291494
6.22277084520677803	0.21493355093514499
6.23258592540426548	0.21894092082882977
6.24240100560175204	0.22305116795668456
6.25221608579923949	0.22726764470993932
6.26203116599672605	0.23159383575757819
6.27184624619421349	0.23603336414796450
6.28166132639170005	0.24058999773031420
6.29147640658918750	0.24526765591463928
6.30129148678667406	0.25007041678989439
6.31110656698416150	0.25500252462134942
6.32092164718164806	0.26006839774951007
6.33073672737913551	0.26527263691434100
6.34055180757662207	0.27062003403004320
6.35036688777410951	0.27611558143726167
6.36018196797159696	0.28176448166129076
6.36999704816908352	0.28757215770670064
6.37981212836657097	0.29354426392072619
6.38962720856405753	0.29968669745985577
6.39944228876154497	0.30600561039625840
6.40925736895903153	0.31250742250302643
6.41907244915651898	0.31919883475975386
6.42888752935400554	0.32608684362256735
6.43870260955149298	0.33317875610563807
6.44851768974897954	0.34048220572414289
6.45833276994646699	0.34800516935188064
6.46814785014395355	0.35575598505012851
6.47796293034144099	0.36374337092792564
6.48777801053892755	0.37197644509776706
6.49759309073641500	0.38046474679474462
6.50740817093390245	0.38921825873142291
6.51722325113138901	0.39824743076522195
6.52703833132887645	0.40756320495985388
6.53685341152636301	0.41717704212728635
6.54666849172385046	0.42710094994198433
6.55648357192133702	0.43734751272461669
6.56629865211882446	0.44792992299814027
6.57611373231631102	0.45886201492507406
6.58592881251379847	0.47015829974097390
6.59574389271128503	0.48183400330537085
6.60555897290877247	0.49390510589800130
6.61537405310625903	0.50638838439468858
6.62518913330374648	0.51930145696394425
6.63500421350123304	0.53266283043195872
6.64481929369872049	0.54649195047022725
6.65463437389620793	0.56080925476637811
6.66444945409369449	0.57563622934477143
6.67426453429118194	0.59099546820890425
6.68407961448866850	0.60691073648236038
6.69389469468615594	0.62340703722896573
6.70370977488364250	0.64051068213507834
6.71352485508112995	0.65824936623808650
6.72333993527861651	0.67665224688365622
6.73315501547610396	0.69575002709068112
6.74297009567359051	0.71557504349562762
6.75278517587107796	0.73616135903683644
6.76260025606856452	0.75754486052345404
6.77241533626605197	0.77976336121142997
6.78223041646353852	0.80285670847977564
6.79204549666102597	0.82686689666223256
6.80186057685851342	0.85183818504064801
6.81167565705599998	0.87781722094511139
6.82149073725348742	0.90485316782918235
6.83130581745097398	0.93299783809405645
6.84112089764846143	0.96230583031911621
6.85093597784594799	0.99283467041481166
6.86075105804343544	1.02464495604183425
6.87056613824092199	1.05780050343316900
6.88038121843840944	1.09236849550634574
6.89019629863589600	1.12841962985479993
6.90001137883338345	1.16602826485161160
6.90982645903087001	1.20527256167634134
6.91964153922835745	1.24623461957537973
6.92945661942584401	1.28900060107629555
6.93927169962333146	1.33366084318327260
6.94908677982081890	1.38030994976866195
6.95890186001830546	1.42904685942887233
6.96871694021579291	1.47997488197303495
6.97853202041327947	1.53320169544111451
6.98834710061076692	1.58883929408652613
6.99816218080825347	1.64700387608486176
7.00797726100574092	1.70781565783103595
7.01779234120322748	1.77139859954301215
7.02760742140071493	1.83788002449528198
7.03742250159820149	1.90739011155348193
7.04723758179568893	1.98006123778657050
7.05705266199317549	2.05602714481802673
7.06686774219066294	2.13542189929402415
7.07668282238814950	2.21837861447533857
7.08649790258563694	2.30502789662091789
7.09631298278312439	2.39549597670098358
7.10612806298061095	2.48990248529486768
7.11594314317809840	2.58835782661511038
7.12575822337558495	2.69096010687522735
7.13557330357307240	2.79779157321164007
7.14538838377055896	2.90891452274291673
7.15520346396804641	3.02436664788751353
7.16501854416553297	3.14415579469107742
7.17483362436302041	3.26825412667243409
7.18464870456050697	3.39659170868869120
7.19446378475799442	3.52904955465945891
7.20427886495548098	3.66545222066348364
7.21409394515296842	3.80556007164265120
7.22390902535045498	3.94906140592133115
7.23372410554794243	4.09556468638194993
7.24353918574542988	4.24459119872985635
7.25335426594291643	4.39556853265183989
7.26316934614040388	4.54782535583767178
7.27298442633789044	4.70058801679796634
7.28279950653537789	4.85297956110713180
7.29261458673286445	5.00402176630573159
7.30242966693035189	5.15264078136155312
7.31224474712783845	5.29767688565502937
7.32205982732532590	5.43789875031456571
7.33187490752281246	5.57202238599681987
7.34168998772029990	5.69873469722502524
7.35150506791778646	5.81672124430504134
7.36132014811527391	5.92469745999596231
7.37113522831276047	6.02144220992547741
7.38095030851024791	6.10583226158478176
7.39076538870773536	6.17687597878120176
7.40058046890522192	6.23374442660600359
7.41039554910270937	6.27579808698101171
7.42021062930019593	6.30260756165480895
7.43002570949768337	6.31396697278278740
7.43984078969516993	6.30989923394849583
7.44965586989265738	6.29065291084886535
7.45947095009014394	6.25669096257422730
7.46928603028763138	6.20867218972541224
7.47910111048511794	6.14742665901815055
7.48891619068260539	6.07392668439701300
7.49873127088009195	5.98925510062555588
7.50854635107757939	5.89457256639276217
7.51836143127506595	5.79108549843879672
7.52817651147255340	5.68001599773950439
7.53799159167004085	5.56257482211625209
7.54780667186752741	5.43993812597365078
7.55762175206501485	5.31322836181050917
7.56743683226250141	5.18349944621900605
7.57725191245998886	5.05172605246898421
7.58706699265747542	4.91879671046109301
7.59688207285496286	4.78551027316906996
7.60669715305244942	4.65257524141509293
7.61651223324993687	4.52061141715237014
7.62632731344742343	4.39015336910174803
7.63614239364491088	4.26165523324189621
7.64595747384239743	4.13549642496437642
7.65577255403988488	4.01198790182730569
7.66558763423737144	3.89137867976410545
7.67540271443485889	3.77386236697556621
7.68521779463234544	3.65958353575616346
7.69503287482983289	3.54864380160182291
7.70484795502732034	3.44110752050694524
7.71466303522480690	3.33700704942391679
7.72447811542229434	3.23634754194058560
7.73429319561978090	3.13911127206729201
7.74410827581726835	3.04526149449452843
7.75392335601475491	2.95474586066733780
7.76373843621224236	2.86749941736507452
7.77355351640972891	2.78344721894470393
7.78336859660721636	2.70250658665568899
7.79318367680470292	2.62458904903231804
7.80299875700219037	2.54960199677011978
7.81281383719967693	2.47745008406832801
7.82262891739716437	2.40803640645699391
7.83244399759465093	2.34126348285097308
7.84225907779213838	2.27703406714516321
7.85207415798962582	2.21525181221132605
7.86188923818711238	2.15582180675768065
7.87170431838459983	2.09865100322806164
7.88151939858208639	2.04364855278192081
7.89133447877957384	1.99072606143032527
7.90114955897706039	1.93979777961399735
7.91096463917454784	1.89078073589851892
7.92077971937203440	1.84359482402103514
7.93059479956952185	1.79816285124636788
7.94040987976700841	1.75441055486266384
7.95022495996449585	1.71226659265888692
7.96004004016198241	1.67166251236248531
7.96985512035946986	1.63253270426468222
7.97967020055695642	1.59481434061011584
7.98948528075444386	1.55844730476488924
7.99930036095193131	1.52337411269337375
8.00911544114941876	1.48953982885803304
8.01893052134690443	1.45689197830099260
8.02874560154439187	1.42538045636156152
8.03856068174187932	1.39495743722570720
8.04837576193936677	1.36557728228281650
8.05819084213685244	1.33719644907930180
8.06800592233433989	1.30977340150077826
8.07782100253182733	1.28326852168224637
8.08763608272931478	1.25764402403407249
8.09745116292680045	1.23286387167833378
8.10726624312428790	1.20889369551275783
8.11708132332177534	1.18570071605448479
8.12689640351926279	1.16325366816287845
8.13671148371675024	1.14152272869683635
8.14652656391423591	1.12047944712614522
8.15634164411172335	1.10009667908767961
8.16615672430921080	1.08034852285399019
8.17597180450669825	1.06121025866343865
8.18578688470418392	1.04265829084668638
8.19560196490167137	1.02467009267348952
8.20541704509915881	1.00722415383548314
8.21523212529664626	0.99029993047491371
8.22504720549413193	0.97387779766531679
8.23486228569161938	0.95793900424794043
8.24467736588910682	0.94246562992654170
8.25449244608659427	0.92744054452343250
8.26430752628407994	0.91284736930024046
8.27412260648156739	0.89867044024870979
8.28393768667905483	0.88489477325866561
8.29375276687654228	0.87150603107285007
8.30356784707402973	0.85849049194111926
8.31338292727151540	0.84583501988938514
8.32319800746900285	0.83352703652187787
8.33301308766649029	0.82155449427849492
8.34282816786397774	0.80990585107229840
8.35264324806146341	0.79857004623538852
8.36245832825895086	0.78753647770475088
8.37227340845643830	0.77679498038281936
8.38208848865392575	0.76633580561054715
8.39190356885141142	0.75614960169396939
8.40171864904889887	0.74622739542806893
8.41153372924638632	0.73656057456468083
8.42134880944387376	0.72714087117390713
8.43116388964136121	0.71796034585110124
8.44097896983884688	0.70901137272411596
8.45079405003633433	0.70028662521779839
8.46060913023382177	0.69177906253513188
8.47042421043130922	0.68348191681656112
8.48023929062879489	0.67538868094111904
8.49005437082628234	0.66749309693502612
8.49986945102376978	0.65978914495523278
8.50968453122125723	0.65227103281724585
8.51949961141874290	0.64493318603819616
8.52931469161623035	0.63777023836776781
8.53912977181371780	0.63077702278111547
8.54894485201120524	0.62394856290929113
8.55875993220869091	0.61728006488410725
8.56857501240617836	0.61076690957563484
8.57839009260366581	0.60440464520170956
8.58820517280115325	0.59818898029000545
8.59802025299864070	0.59211577697429418
8.60783533319612637	0.58618104460752085
8.61765041339361382	0.58038093367528076
8.62746549359110126	0.57471172999425557
8.63728057378858871	0.56916984918087266
8.64709565398607438	0.56375183137643103
8.65691073418356183	0.55845433621556939
8.66672581438104928	0.55327413802573411
8.67654089457853672	0.54820812124594287
8.68635597477602239	0.54325327605379758
8.69617105497350984	0.53840669419030651
8.70598613517099729	0.53366556497260764
8.71580121536848473	0.52902717148526790
8.72561629556597218	0.52448888694128382
8.73543137576345785	0.52004817120443425
8.74524645596094530	0.51570256746503307
8.75506153615843274	0.51144969906161752
8.76487661635592019	0.50728726644141764
8.77469169655340586	0.50321304425292590
8.78450677675089331	0.49922487856415587
8.79432185694838076	0.49532068420058684
8.80413693714586820	0.49149844219703354
8.81395201734335387	0.48775619735805475
8.82376709754084132	0.48409205592172677
8.83358217773832877	0.48050418332192957
8.84339725793581621	0.47699080204451227
8.85321233813330188	0.47355018957294226
8.86302741833078933	0.47018067641929107
8.87284249852827678	0.46688064423660491
8.88265757872576422	0.46364852400889289
8.89247265892325167	0.46048279431519412
8.90228773912073734	0.45738197966432659
8.91210281931822479	0.45434464889712212
8.92191789951571224	0.45136941365307814
8.93173297971319968	0.44845492689854038
8.94154805991068535	0.44559988151365704
8.95136314010817280	0.44280300893547442
8.96117822030566025	0.44006307785470600
8.97099330050314769	0.43737889296377686
8.98080838070063336	0.43474929375391236
8.99062346089812081	0.43217315335910655
9.00043854109560826	0.42964937744495346
9.01025362129309570	0.42717690314037027
9.02006870149058315	0.42475469801038024
9.02988378168806882	0.42238175906819031
9.03969886188555627	0.42005711182487815
9.04951394208304372	0.41777980937510273
9.05932902228053116	0.41554893151729211
9.06914410247801683	0.41336358390688555
9.07895918267550428	0.41122289724121586
9.08877426287299173	0.40912602647473695
9.09858934307047917	0.40707215006331487
9.10840442326796484	0.40506046923640060
9.11821950346545229	0.40309020729592182
9.12803458366293974	0.40116060894081307
9.13784966386042719	0.39927093961613358
9.14766474405791286	0.39742048488577408
9.15747982425540030	0.39560854982780425
9.16729490445288775	0.39383445845155463
9.17710998465037520	0.39209755313555517
9.18692506484786264	0.39039719408551077
9.19674014504534831	0.38873275881151625
9.20655522524283576	0.38710364162374655
9.21637030544032321	0.38550925314591311
9.22618538563781065	0.38394901984577801
9.23600046583529632	0.38242238358207015
9.24581554603278377	0.38092880116717021
9.25563062623027122	0.37946774394495608
9.26544570642775867	0.37803869738322715
9.27526078662524434	0.37664116068015585
9.28507586682273178	0.37527464638423391
9.29489094702021923	0.37393868002719388
9.30470602721770668	0.37263279976944175
9.31452110741519412	0.37135655605750673
9.32433618761267979	0.37010951129307879
9.33415126781016724	0.36889123951320046
9.34396634800765469	0.36770132608120087
9.35378142820514213	0.36653936738797799
9.36359650840262780	0.36540497056325572
9.37341158860011525	0.36429775319644941
9.38322666879760270	0.36321734306679709
9.39304174899509015	0.36216337788241770
9.40285682919257582	0.36113550502798597
9.41267190939006326	0.36013338132070694
9.42248698958755071	0.35915667277431018
9.43230206978503816	0.35820505437076444
9.44211714998252383	0.35727820983945935
9.45193223018001127	0.35637583144358065
9.46174731037749872	0.35549761977343941
9.47156239057498617	0.35464328354650865
9.48137747077247361	0.35381253941394264
9.49119255096995929	0.35300511177335403
9.50100763116744673	0.35222073258763653
9.51082271136493418	0.35145914120963484
9.52063779156242163	0.35072008421245793
9.53045287175990730	0.35000331522525263
9.54026795195739474	0.34930859477425324
9.55008303215488219	0.34863569012893791
9.55989811235236964	0.34798437515311709
9.56971319254985531	0.34735443016080170
9.57952827274734275	0.34674564177668610
9.58934335294483020	0.34615780280110986
9.59915843314231765	0.34559071207934111
9.60897351333980509	0.34504417437505586
9.61878859353729077	0.34451800024787282
9.62860367373477821	0.34401200593481829
9.63841875393226566	0.34352601323560206
9.64823383412975311	0.34305984940158074
9.65804891432723878	0.34261334702829793
9.66786399452472622	0.34218634395149083
9.67767907472221367	0.34177868314645865
9.68749415491970112	0.34139021263069247
9.69730923511718679	0.34102078536966329
9.70712431531467423	0.34067025918568172
9.71693939551216168	0.34033849666973470
9.72675447570964913	0.34002536509621328
9.73656955590713480	0.33973073634044415
9.74638463610462225	0.33945448679894730
9.75619971630210969	0.33919649731234547
9.76601479649959714	0.33895665309083911
9.77582987669708459	0.33873484364218676
9.78564495689457026	0.33853096270211214
9.79546003709205770	0.33834490816707663
9.80527511728954515	0.33817658202934864
9.81509019748703260	0.33802589031430907
9.82490527768451827	0.33789274301993377
9.83472035788200571	0.33777705405839187
9.84453543807949316	0.33767874119970764
9.85435051827698061	0.33759772601743110
9.86416559847446628	0.33753393383626074
9.87398067867195373	0.33748729368158092
9.88379575886944117	0.33745773823084890
9.89361083906692862	0.33744520376679921
9.90342591926441607	0.33744963013241147
9.91324099946190174	0.33747096068760662
9.92305607965938918	0.33750914226762263
9.93287115985687663	0.33756412514303225
9.94268624005436408	0.33763586298136627
9.95250132025184975	0.33772431281030280
9.96231640044933719	0.33782943498238860
9.97213148064682464	0.33795119314125532
9.98194656084431209	0.33808955418929898
9.99176164104179776	0.33824448825679332
10.00157672123928521	0.33841596867239876
10.01139180143677265	0.33860397193504743
10.02120688163426010	0.33880847768716604
10.03102196183174577	0.33902946868921391
10.04083704202923322	0.33926693079551340
10.05065212222672066	0.33952085293133571
10.06046720242420811	0.33979122707122955
10.07028228262169556	0.34007804821856236
10.08009736281918123	0.34038131438625396
10.08991244301666867	0.34070102657867785
10.09972752321415612	0.34103718877471245
10.10954260341164357	0.34138980791191909
10.11935768360912924	0.34175889387183123
10.12917276380661669	0.34214445946633110
10.13898784400410413	0.34254652042509892
10.14880292420159158	0.34296509538411590
10.15861800439907725	0.34340020587520592
10.16843308459656470	0.34385187631660108
10.17824816479405214	0.34432013400450867
10.18806324499153959	0.34480500910567347
10.19787832518902526	0.34530653465091798
10.20769340538651271	0.34582474652964312
10.21750848558400016	0.34635968348528190
10.22732356578148760	0.34691138711169256
10.23713864597897505	0.34747990185047439
10.24695372617646072	0.34806527498920115
10.25676880637394817	0.34866755666055460
10.26658388657143561	0.34928679984235589
10.27639896676892306	0.34992306035847420
10.28621404696640873	0.35057639688061071
10.29602912716389618	0.35124687093094531
10.30584420736138362	0.35193454688563874
10.31565928755887107	0.35263949197917810
10.32547436775635674	0.35336177630956211
10.33528944795384419	0.35410147284431515
10.34510452815133164	0.35485865742731970
10.35491960834881908	0.35563340878646799
10.36473468854630653	0.35642580854211969
10.37454976874379220	0.35723594121635593
10.38436484894127965	0.35806389424303309
10.39417992913876709	0.35890975797862168
10.40399500933625454	0.35977362571382321
10.41381008953374021	0.36065559368596911
10.42362516973122766	0.36155576109218723
10.43344024992871510	0.36247423010332791
10.44325533012620255	0.36341110587865766
10.45307041032368822	0.36436649658129927
10.46288549052117567	0.36534051339442741
10.47270057071866312	0.36633327053819997
10.48251565091615056	0.36734488528743725
10.49233073111363623	0.36837547799002868
10.50214581131112368	0.36942517208607339
10.51196089150861113	0.37049409412774159
10.52177597170609857	0.37158237379986214
10.53159105190358602	0.37269014394121835
10.54140613210107169	0.37381754056656047
10.55122121229855914	0.37496470288932382
10.56103629249604658	0.37613177334504400
10.57085137269353403	0.37731889761547588
10.58066645289101970	0.37852622465339825
10.59048153308850715	0.37975390670811116
10.60029661328599460	0.38100209935160811
10.61011169348348204	0.38227096150543238
10.61992677368096771	0.38356065546820162
10.62974185387845516	0.38487134694379510
10.63955693407594261	0.38620320507020567
10.64937201427343005	0.38755640244904199
10.65918709447091750	0.38893111517567935
10.66900217466840317	0.39032752287005101
10.67881725486589062	0.39174580870807452
10.68863233506337806	0.39318615945370095
10.69844741526086551	0.39464876549158545
10.70826249545835118	0.39613382086036675
10.71807757565583863	0.39764152328655056
10.72789265585332608	0.39917207421898204
10.73770773605081352	0.40072567886390420
10.74752281624829919	0.40230254622058759
10.75733789644578664	0.40390288911752137
10.76715297664327409	0.40552692424915660
10.77696805684076153	0.40717487221318638
10.78678313703824720	0.40884695754835176
10.79659821723573465	0.41054340877276119
10.80641329743322210	0.41226445842270321
10.81622837763070955	0.41401034309194584
10.82604345782819699	0.41578130347149955
10.83585853802568266	0.41757758438982895
10.84567361822317011	0.41939943485349640
10.85548869842065756	0.42124710808821431
10.86530377861814500	0.42312086158029072
10.87511885881563067	0.42502095711844445
10.88493393901311812	0.42694766083596403
10.89474901921060557	0.42890124325319134
10.90456409940809301	0.43088197932029981
10.91437917960557868	0.43289014846034279
10.92419425980306613	0.43492603461254742
10.93400934000055358	0.43698992627581101
10.94382442019804103	0.43908211655238372
10.95363950039552847	0.44120290319169142
10.96345458059301414	0.44335258863426930
10.97326966079050159	0.44553148005577514
10.98308474098798904	0.44773988941102050
10.99289982118547648	0.44997813347800852
11.00271490138296215	0.45224653390190406
11.01252998158044960	0.45454541723891817
11.02234506177793705	0.45687511500003553
11.03216014197542449	0.45923596369454378
11.04197522217291016	0.46162830487331119
11.05179030237039761	0.46405248517175612
11.06160538256788506	0.46650885635243633
11.07142046276537251	0.46899777534721898
11.08123554296285818	0.47151960429893902
11.09105062316034562	0.47407471060249806
11.10086570335783307	0.47666346694531370
11.11068078355532052	0.47928625134705505
11.12049586375280796	0.48194344719857929
11.13031094395029363	0.48463544329998165
11.14012602414778108	0.48736263389767887
11.14994110434526853	0.49012541872041793
11.15975618454275597	0.49292420301413331
11.16957126474024165	0.49575939757553489
11.17938634493772909	0.49863141878432371
11.18920142513521654	0.50154068863392176
11.19901650533270399	0.50448763476060798
11.20883158553018966	0.50747269047092236
11.21864666572767710	0.51049629476722369
11.22846174592516455	0.51355889237125529
11.23827682612265200	0.51666093374558764
11.24809190632013944	0.51980287511277812
11.25790698651762511	0.52298517847211123
11.26772206671511256	0.52620831161373971
11.27753714691260001	0.52947274813007716
11.28735222711008745	0.53277896742424846
11.29716730730757313	0.53612745471542711
11.30698238750506057	0.53951870104086441
11.31679746770254802	0.54295320325441121
11.32661254790003547	0.54643146402132681
11.33642762809752114	0.54995399180914339
11.34624270829500858	0.55352130087438889
11.35605778849249603	0.55713391124489609
11.36587286868998348	0.56079234869748129
11.37568794888746915	0.56449714473072787
11.38550302908495659	0.56824883653259395
11.39531810928244404	0.57204796694258575
11.40513318947993149	0.57589508440820503
11.41494826967741893	0.57979074293535293
11.42476334987490461	0.58373550203240343
11.43457843007239205	0.58772992664759838
11.44439351026987950	0.59177458709944064
11.45420859046736695	0.59587005899973056
11.46402367066485262	0.60001692316888255
11.47383875086234006	0.60421576554314094
11.48365383105982751	0.60846717707331044
11.49346891125731496	0.61277175361457525
11.50328399145480063	0.61713009580701672
11.51309907165228807	0.62154280894636549
11.52291415184977552	0.62601050284454218
11.53272923204726297	0.63053379167953372
11.54254431224475042	0.63511329383408066
11.55235939244223609	0.63974963172273491
11.56217447263972353	0.64444343160670492
11.57198955283721098	0.64919532339599839
11.58180463303469843	0.65400594043828075
11.59161971323218410	0.65887591929389377
11.60143479342967154	0.66380589949643987
11.61124987362715899	0.66879652329831840
11.62106495382464644	0.67384843540059003
11.63088003402213211	0.67896228266653225
11.64069511421961955	0.68413871381820757
11.65051019441710700	0.68937837911535516
11.66032527461459445	0.69468193001593792
11.67014035481208012	0.70005001881758155
11.67995543500956757	0.70548329827918721
11.68977051520705501	0.71098242122195221
11.69958559540454246	0.71654804010901563
11.70940067560202991	0.72218080660295325
11.71921575579951558	0.72788137110026718
11.72903083599700302	0.73365038224207813
11.73884591619449047	0.73948848640014719
11.74866099639197792	0.74539632713734272
11.75847607658946359	0.75137454464174191
11.76829115678695103	0.75742377513335113
11.77810623698443848	0.76354465024264639
11.78792131718192593	0.76973779635994943
11.79773639737941160	0.77600383395469208
11.80755147757689905	0.78234337686365740
11.81736655777438649	0.78875703154722954
11.82718163797187394	0.79524539631263569
11.83699671816936139	0.80180906050330192
11.84681179836684706	0.80844860365326132
11.85662687856433450	0.81516459460567692
11.86644195876182195	0.82195759059451678
11.87625703895930940	0.82882813628835350
11.88607211915679507	0.83577676279539515
11.89588719935428252	0.84280398662873302
11.90570227955176996	0.84991030863087746
11.91551735974925741	0.85709621285668669
11.92533243994674308	0.86436216541371502
11.93514752014423053	0.87170861325920557
11.94496260034171797	0.87913598295272832
11.95477768053920542	0.88664467936379632
11.96459276073669109	0.89423508433359555
11.97440784093417854	0.90190755529010946
11.98422292113166598	0.90966242381597129
11.99403800132915343	0.91749999416842420
12.00385308152664088	0.92542054175083044
12.01366816172412655	0.93342431153521133
12.02348324192161400	0.94151151643548503
12.03329832211910144	0.94968233563098958
12.04311340231658889	0.95793691284016469
12.05292848251407456	0.96627535454418689
12.06274356271156201	0.97469772816063383
12.07255864290904945	0.98320406016722062
12.08237372310653690	0.99179433417591467
12.09218880330402257	1.00046848895784946
12.10200388350151002	1.00922641641948285
12.11181896369899746	1.01806795953082418
12.12163404389648491	1.02699291020662709
12.13144912409397236	1.03600100714152110
12.14126420429145803	1.04509193360055530
12.15107928448894548	1.05426531516645849
12.16089436468643292	1.06352071744549925
12.17070944488392037	1.07285764373391634
12.18052452508140604	1.08227553264698928
12.19033960527889349	1.09177375571349322
12.20015468547638093	1.10135161493810219
12.20996976567386838	1.11100834033494089
12.21978484587135405	1.12074308743563877
12.22959992606884150	1.13055493477556079
12.23941500626632894	1.14044288136234462
12.24923008646381639	1.15040584413096636
12.25904516666130206	1.16044265539031155
12.26886024685878951	1.17055206026619296
12.27867532705627696	1.18073271414635839
12.28849040725376440	1.19098318013346827
12.29830548745125185	1.20130192651219558
12.30812056764873752	1.21168732423728431
12.31793564784622497	1.22213764444966011
12.32775072804371241	1.23265105602802238
12.33756580824119986	1.24322562318406460
12.34738088843868553	1.25385930310956906
12.35719596863617298	1.26454994368427021
12.36701104883366042	1.27529528125369307
12.37682612903114787	1.28609293848661510
12.38664120922863354	1.29694042232226248
12.39645628942612099	1.30783512201767427
12.40627136962360844	1.31877430730601053
12.41608644982109588	1.32975512667718876
12.42590153001858333	1.34077460579223384
12.43571661021606900	1.35182964604332656
12.44553169041355645	1.36291702327172537
12.45534677061104389	1.37403338665590358
12.46516185080853134	1.38517525778273187
12.47497693100601701	1.39633902991440317
12.48479201120350446	1.40752096746419930
12.49460709140099191	1.41871720569407533
12.50442217159847935	1.42992375064732213
12.51423725179596502	1.44113647932925337
12.52405233199345247	1.45235114014911915
12.53386741219093992	1.46356335363583345
12.54368249238842736	1.47476861344043386
12.55349757258591303	1.48596228763748162
12.56331265278340048	1.49713962033730352
12.57312773298088793	1.50829573362075431
12.58294281317837537	1.51942562980714668
12.59275789337586282	1.53052419406605855
12.60257297357334849	1.54158619738210101
12.61238805377083594	1.55260629988181376
12.62220313396832339	1.56357905453027168
12.63201821416581083	1.57449891120410124
12.64183329436329650	1.58536022114688535
12.65164837456078395	1.59615724181103569
12.66146345475827140	1.60688414208942865
12.67127853495575884	1.61753500793864902
12.68109361515324451	1.62810384839363009
12.69090869535073196	1.63858460197281541
12.70072377554821941	1.64897114347039286
12.71053885574570685	1.65925729113101861
12.72035393594319430	1.66943681420027712
12.73016901614067997	1.67950344084249115
12.73998409633816742	1.68945086641536535
12.74979917653565487	1.69927276208909039
12.75961425673314231	1.70896278379552991
12.76942933693062798	1.71851458149101743
12.77924441712811543	1.72792180871436951
12.78905949732560288	1.73717813241950569
12.79887457752309032	1.74627724306046139
12.80868965772057599	1.75521286490405415
12.81850473791806344	1.76397876654407515
12.82831981811555089	1.77256877158879944
12.83813489831303833	1.78097676949176931
12.84794997851052401	1.78919672649440997
12.85776505870801145	1.79722269664727863
12.86758013890549890	1.80504883287542173
12.87739521910298635	1.81266939805209892
12.88721029930047379	1.82007877604390833
12.89702537949795946	1.82727148268976891
12.90684045969544691	1.83424217667487577
12.91665553989293436	1.84098567026092130
12.92647062009042180	1.84749693983304120
12.93628570028790747	1.85377113622413470
12.94610078048539492	1.85980359477724777
12.95591586068288237	1.86558984510699721
12.96573094088036981	1.87112562052175369
12.97554602107785549	1.87640686706917492
12.98536110127534293	1.88142975216854591
12.99517618147283038	1.88619067279480124
13.00499126167031783	1.89068626318093935
13.01480634186780527	1.89491340200659808
13.02462142206529094	1.89886921904345662
13.03443650226277839	1.90255110122939519
13.04425158246026584	1.90595669814645108
13.05406666265775328	1.90908392687966910
13.06388174285523895	1.91193097623689123
13.07369682305272640	1.91449631031217482
13.08351190325021385	1.91677867137873581
13.09332698344770129	1.91877708210001341
13.10314206364518697	1.92049084705093698
13.11295714384267441	1.92191955354431965
13.12277222404016186	1.92306307176064606
13.13258730423764931	1.92392155418286359
13.14240238443513498	1.92449543434069170
13.15221746463262242	1.92478542487214588
13.16203254483010987	1.92479251491332581
13.17184762502759732	1.92451796683012732
13.18166270522508476	1.92396331230864970
13.19147778542257043	1.92313034782373560
13.20129286562005788	1.92202112950765436
13.21110794581754533	1.92063796744340909
13.22092302601503278	1.91898341940943573
13.23073810621251845	1.91706028410450480
13.24055318641000589	1.91487159388328454
13.25036826660749334	1.91242060703518124
13.26018334680498079	1.90971079963991341
13.26999842700246646	1.90674585703483945
13.27981350719995390	1.90352966493006548
13.28962858739744135	1.90006630020771228
13.29944366759492880	1.89636002144279958
13.30925874779241624	1.89241525918303433
13.31907382798990191	1.88823660602511856
13.32888890818738936	1.88382880652490980
13.33870398838487681	1.87919674697875205
13.34851906858236426	1.87434544511198564
13.35833414877984993	1.86928003971111467
13.36814922897733737	1.86400578023398178
13.37796430917482482	1.85852801643216647
13.38777938937231227	1.85285218801811835
13.39759446956979794	1.84698381440841897
13.40740954976728538	1.84092848457303471
13.41722462996477283	1.83469184701909160
13.42703971016226028	1.82827959993546330
13.43685479035974595	1.82169748152376654
13.44666987055723339	1.81495126053846789
13.45648495075472084	1.80804672705801206
13.46630003095220829	1.80098968350621091
13.47611511114969574	1.79378593594187441
13.48593019134718141	1.78644128563259863
13.49574527154466885	1.77896152092665272
13.50556035174215630	1.77135240943532191
13.51537543193964375	1.76361969053618717
13.52519051213712942	1.75576906820596745
13.53500559233461686	1.74780620418998245
13.54482067253210431	1.73973671151364417
13.55463575272959176	1.73156614833968803
13.56445083292707743	1.72330001217352313
13.57426591312456488	1.71494373441746184
13.58408099332205232	1.70650267527333899
13.59389607351953977	1.69798211899178497
13.60371115371702722	1.68938726946510287
13.61352623391451289	1.68072324615967927
13.62334131411200033	1.67199508038286626
13.63315639430948778	1.66320771187819827
13.64297147450697523	1.65436598574219618
13.65278655470446090	1.64547464965492063
13.66260163490194834	1.63653835141611004
13.67241671509943579	1.62756163677783872
13.68223179529692324	1.61854894756430445
13.69204687549440891	1.60950462006888784
13.70186195569189636	1.60043288371802461
13.71167703588938380	1.59133785999159549
13.72149211608687125	1.58222356158877853
13.73130719628435692	1.57309389182852621
13.74112227648184437	1.56395264427347858
13.75093735667933181	1.55480350256628119
13.76075243687681926	1.54565004046695598
13.77056751707430671	1.53649572208052110
13.78038259727179238	1.52734390226334260
13.79019767746927982	1.51819782719776897
13.80001275766676727	1.50906063512408606
13.80982783786425472	1.49993535721913140
13.81964291806174039	1.49082491861142019
13.82945799825922784	1.48173213952249494
13.83927307845671528	1.47265973652490012
13.84908815865420273	1.46361032390685919
13.85890323885168840	1.45458641513485865
13.86871831904917585	1.44559042440478436
13.87853339924666329	1.43662466827334923
13.88834847944415074	1.42769136736125590
13.89816355964163819	1.41879264812039607
13.90797863983912386	1.40993054465733625
13.91779372003661130	1.40110700060596449
13.92760880023409875	1.39232387104230160
13.93742388043158620	1.38358292443499797
13.94723896062907187	1.37488584462537600
13.95705404082655932	1.36623423283096379
13.96686912102404676	1.35762960966719715
13.97668420122153421	1.34907341718195384
13.98649928141901988	1.34056702089810842
13.99631436161650733	1.33211171185950050
14.00612944181399477	1.32370870867609169
14.01594452201148222	1.31535915956431460
14.02575960220896789	1.30706414437891350
14.03557468240645534	1.29882467663300005
14.04538976260394278	1.29064170550291957
14.05520484280143023	1.28251611781538322
14.06501992299891768	1.27444874001393060
14.07483500319640335	1.26644034010249351
14.08465008339389080	1.25849162956381821
14.09446516359137824	1.25060326525078014
14.10428024378886569	1.24277585124885759
14.11409532398635136	1.23500994070809389
14.12391040418383881	1.22730603764334112
14.13372548438132625	1.21966459870133059
14.14354056457881370	1.21208603489373168
14.15335564477629937	1.20457071329515308
14.16317072497378682	1.19711895870535834
14.17298580517127427	1.18973105527511636
14.18280088536876171	1.18240724809511355
14.19261596556624916	1.17514774474764283
14.20243104576373483	1.16795271682060542
14.21224612596122228	1.16082230138392872
14.22206120615870972	1.15375660242806921
14.23187628635619717	1.14675569226475971
14.24169136655368284	1.13981961288999090
14.25150644675117029	1.13294837730945730
14.26132152694865773	1.12614197082670797
14.27113660714614518	1.11940035229419532
14.28095168734363085	1.11272345532765948
14.29076676754111830	1.10611118948420017
14.30058184773860575	1.09956344140451856
14.31039692793609319	1.09308007591974299
14.32021200813357886	1.08666093712342438
14.33002708833106631	1.08030584940922214
14.33984216852855376	1.07401461847485180
14.34965724872604120	1.06778703229292926
14.35947232892352865	1.06162286204932088
14.36928740912101432	1.05552186304961393
14.37910248931850177	1.04948377559442974
14.38891756951598921	1.04350832582422282
14.39873264971347666	1.03759522653419989
14.40854772991096233	1.03174417796013818
14.41836281010844978	1.02595486853573603
14.42817789030593723	1.02022697562220177
14.43799297050342467	1.01456016621080392
14.44780805070091034	1.00895409759905719
14.45762313089839779	1.00340841804125169
14.46743821109588524	0.99792276737405505
14.47725329129337268	0.99249677761778921
14.48706837149086013	0.98713007355414939
14.49688345168834580	0.98182227328104554
14.50669853188583325	0.97657298874515253
14.51651361208332069	0.97138182625291591
14.52632869228080814	0.96624838696063531
14.53614377247829381	0.96117226734426597
14.54595885267578126	0.95615305964956343
14.55577393287326871	0.95119035232320759
14.56558901307075615	0.94628373042552349
14.57540409326824182	0.94143277602535136
14.58521917346572927	0.93663706857773643
14.59503425366321672	0.93189618528489637
14.60484933386070416	0.92720970144113679
14.61466441405818983	0.92257719076219902
14.62447949425567728	0.91799822569959999
14.63429457445316473	0.91347237774045376
14.64410965465065217	0.90899921769335479
14.65392473484813962	0.90457831596072980
14.66373981504562529	0.90020924279821102
14.67355489524311274	0.89589156856146135
14.68336997544060019	0.89162486394093643
14.69318505563808763	0.88740870018499218
14.70300013583557330	0.88324264931183083
14.71281521603306075	0.87912628431062156
14.72263029623054820	0.87505917933228095
14.73244537642803564	0.87104090987026395
14.74226045662552131	0.86707105293177811
14.75207553682300876	0.86314918719973011
14.76189061702049621	0.85927489318587025
14.77170569721798365	0.85544775337538181
14.78152077741547110	0.85166735236331537
14.79133585761295677	0.84793327698315735
14.80115093781044422	0.84424511642788524
14.81096601800793167	0.84060246236378255
14.82078109820541911	0.83700490903733138
14.83059617840290478	0.83345205337545347
14.84041125860039223	0.82994349507937681
14.85022633879787968	0.82647883671242872
14.86004141899536712	0.82305768378193689
14.86985649919285279	0.81967964481557198
14.87967157939034024	0.81634433143231833
14.88948665958782769	0.81305135840831899
14.89930173978531514	0.80980034373781717
14.90911681998280081	0.80659090868941663
14.91893190018028825	0.80342267785784427
14.92874698037777570	0.80029527921145793
14.93856206057526315	0.79720834413563724
14.94837714077275059	0.79416150747229985
14.95819222097023626	0.79115440755564859
14.96800730116772371	0.78818668624442134
14.97782238136521116	0.78525798895071475
14.98763746156269860	0.78236796466557534
14.99745254176018427	0.77951626598153723
15.00726762195767172	0.77670254911220771
15.01708270215515917	0.77392647390909175
15.02689778235264662	0.77118770387572555
15.03671286255013229	0.76848590617932011
15.04652794274761973	0.76582075165998853
15.05634302294510718	0.76319191483771509
15.06615810314259463	0.76059907391713644
15.07597318334008207	0.75804191079030048
15.08578826353756774	0.75552011103746197
15.09560334373505519	0.75303336392604914
15.10541842393254264	0.75058136240787721
15.11523350413003008	0.74816380311472352
15.12504858432751575	0.74578038635233046
15.13486366452500320	0.74343081609294437
15.14467874472249065	0.74111479996646812
15.15449382491997810	0.73883204925029444
15.16430890511746377	0.73658227885789640
15.17412398531495121	0.73436520732629895
15.18393906551243866	0.73218055680239369
15.19375414570992611	0.73002805302828433
15.20356922590741178	0.72790742532564190
15.21338430610489922	0.72581840657916696
15.22319938630238667	0.72376073321921464
15.23301446649987412	0.72173414520362689
15.24282954669736156	0.71973838599883255
15.25264462689484724	0.71777320256027521
15.26245970709233468	0.71583834531219159
15.27227478728982213	0.71393356812682285
15.28208986748730958	0.71205862830307542
15.29190494768479525	0.71021328654467664
15.30172002788228269	0.70839730693787684
15.31153510807977014	0.70661045692874236
15.32135018827725759	0.70485250730003801
15.33116526847474326	0.70312323214780081
15.34098034867223070	0.70142240885754581
15.35079542886971815	0.69974981808024528
15.36061050906720560	0.69810524370801263
15.37042558926469127	0.69648847284958570
15.38024066946217872	0.69489929580560306
15.39005574965966616	0.69333750604370359
15.39987082985715361	0.69180290017350754
15.40968591005464106	0.69029527792143597
15.41950099025212673	0.68881444210546050
15.42931607044961417	0.68736019860975595
15.43913115064710162	0.68593235635930982
15.44894623084458907	0.68453072729447328
15.45876131104207474	0.68315512634550357
15.46857639123956218	0.68180537140708786
15.47839147143704963	0.68048128331290447
15.48820655163453708	0.67918268581016450
15.49802163183202275	0.67790940553424495
15.50783671202951020	0.67666127198332848
15.51765179222699764	0.67543811749314353
15.52746687242448509	0.67423977721176542
15.53728195262197254	0.67306608907450971
15.54709703281945821	0.67191689377891861
15.55691211301694565	0.67079203475987303
15.56672719321443310	0.66969135816480629
15.57654227341192055	0.66861471282904739
15.58635735360940622	0.66756195025131015
15.59617243380689366	0.66653292456930358
15.60598751400438111	0.66552749253552124
15.61580259420186856	0.66454551349314683
15.62561767439935423	0.66358684935215784
15.63543275459684168	0.66265136456556972
15.64524783479432912	0.66173892610586327
15.65506291499181657	0.66084940344158150
15.66487799518930224	0.65998266851411658
15.67469307538678969	0.65913859571466060
15.68450815558427713	0.65831706186136152
15.69432323578176458	0.65751794617665804
15.70413831597925203	0.65674113026480851
15.71395339617673770	0.65598649808961229
15.72376847637422514	0.65525393595233328
15.73358355657171259	0.65454333246980623
15.74339863676920004	0.65385457855275853
15.75321371696668571	0.65318756738431949
15.76302879716417316	0.65254219439873151
15.77284387736166060	0.65191835726026659
15.78265895755914805	0.65131595584233948
15.79247403775663372	0.65073489220681768
15.80228911795412117	0.65017507058353829
15.81210419815160861	0.64963639735002610
15.82191927834909606	0.64911878101138765
15.83173435854658351	0.64862213218045017
15.84154943874406918	0.64814636355804001
15.85136451894155663	0.64769138991350061
15.86117959913904407	0.64725712806538160
15.87099467933653152	0.64684349686232445
15.88080975953401719	0.64645041716414653
15.89062483973150464	0.64607781182309543
15.90043991992899208	0.64572560566530679
15.91025500012647953	0.64539372547243690
15.92007008032396520	0.64508209996347410
15.92988516052145265	0.64479065977673478
15.93970024071894009	0.64451933745202683
15.94951532091642754	0.64426806741299458
15.95933040111391321	0.64403678594962099
15.96914548131140066	0.64382543120090896
15.97896056150888811	0.64363394313771138
15.98877564170637555	0.64346226354574343
15.99859072190386300	0.64331033600870802
16.00840580210135045	0.64317810589162205
16.01822088229883789	0.64306552032426212
16.02803596249632179	0.64297252818475292
16.03785104269380923	0.64289908008331298
16.04766612289129668	0.64284512834611784
16.05748120308878413	0.64281062699930602
16.06729628328627157	0.64279553175311233
16.07711136348375902	0.64279979998611403
16.08692644368124647	0.64282339072960992
16.09674152387873391	0.64286626465209262
16.10655660407621781	0.64292838404385722
16.11637168427370526	0.64300971280168340
16.12618676447119270	0.64311021641364174
16.13600184466868015	0.64322986194397891
16.14581692486616760	0.64336861801809397
16.15563200506365504	0.64352645480760451
16.16544708526114249	0.64370334401548446
16.17526216545862994	0.64389925886127064
16.18507724565611738	0.64411417406635807
16.19489232585360128	0.64434806583931514
16.20470740605108873	0.64460091186131008
16.21452248624857617	0.64487269127152635
16.22433756644606362	0.64516338465268175
16.23415264664355107	0.64547297401653037
16.24396772684103851	0.64580144278944029
16.25378280703852596	0.64614877579797003
16.26359788723601341	0.64651495925447433
16.27341296743350085	0.64689998074272204
16.28322804763098475	0.64730382920351781
16.29304312782847219	0.64772649492032219
16.30285820802595964	0.64816796950487465
16.31267328822344709	0.64862824588278190
16.32248836842093453	0.64910731827911139
16.33230344861842198	0.64960518220393371
16.34211852881590943	0.65012183443784388
16.35193360901339688	0.65065727301743226
16.36174868921088077	0.65121149722070670
16.37156376940836822	0.65178450755246842
16.38137884960585566	0.65237630572959970
16.39119392980334311	0.65298689466630400
16.40100901000083056	0.65361627845924519
16.41082409019831800	0.65426446237260361
16.42063917039580545	0.65493145282305421
16.43045425059329290	0.65561725736460175
16.44026933079078034	0.65632188467333585
16.45008441098826424	0.65704534453205032
16.45989949118575169	0.65778764781472954
16.46971457138323913	0.65854880647090253
16.47952965158072658	0.65932883350984595
16.48934473177821403	0.66012774298462207
16.49915981197570147	0.66094554997596611
16.50897489217318892	0.66178227057598304
16.51878997237067637	0.66263792187167070
16.52860505256816026	0.66351252192822485
16.53842013276564771	0.66440608977218663
16.54823521296313515	0.66531864537431762
16.55805029316062260	0.66625020963229664
16.56786537335811005	0.66720080435314910
16.57768045355559750	0.66817045223547045
16.58749553375308494	0.66915917685133230
16.59731061395057239	0.67016700262799711
16.60712569414805984	0.67119395482929778
16.61694077434554373	0.67224005953675725
16.62675585454303118	0.67330534363040417
16.63657093474051862	0.67438983476926706
16.64638601493800607	0.67549356137157290
16.65620109513549352	0.67661655259457876
16.66601617533298096	0.67775883831409134
16.67583125553046841	0.67892044910360605
16.68564633572795586	0.68010141621308440
16.69546141592543975	0.68130177154736526
16.70527649612292720	0.68252154764415218
16.71509157632041465	0.68376077765161891
16.72490665651790209	0.68501949530559969
16.73472173671538954	0.68629773490631574
16.74453681691287699	0.68759553129470463
16.75435189711036443	0.68891291982824754
16.76416697730785188	0.69024993635635146
16.77398205750533933	0.69160661719524363
16.78379713770282322	0.69298299910235850
16.79361221790031067	0.69437911925022244
16.80342729809779811	0.69579501519980158
16.81324237829528556	0.69723072487332738
16.82305745849277301	0.69868628652654752
16.83287253869026046	0.70016173872041787
16.84268761888774790	0.70165712029221794
16.85250269908523535	0.70317247032604935
16.86231777928272280	0.70470782812273836
16.87213285948020669	0.70626323316910655
16.88194793967769414	0.70783872510659251
16.89176301987518158	0.70943434369921654
16.90157810007266903	0.71105012880087703
16.91139318027015648	0.71268612032196277
16.92120826046764392	0.71434235819522651
16.93102334066513137	0.71601888234099809
16.94083842086261882	0.71771573263159261
16.95065350106010271	0.71943294885502562
16.96046858125759016	0.72117057067792301
16.97028366145507761	0.72292863760765769
16.98009874165256505	0.72470718895368902
16.98991382185005250	0.72650626378808614
16.99972890204753995	0.72832590090520455
17.00954398224502739	0.73016613878054049
17.01935906244251484	0.73202701552868676
17.02917414264000229	0.73390856886044031
17.03898922283748618	0.73581083603898512
17.04880430303497363	0.73773385383517520
17.05861938323246108	0.73967765848188904
17.06843446342994852	0.74164228562741163
17.07824954362743597	0.74362777028791038
17.08806462382492342	0.74563414679886020
17.09787970402241086	0.74766144876553930
17.10769478421989831	0.74970970901246381
17.11750986441738220	0.75177895953182827
17.12732494461486965	0.75386923143089557
17.13714002481235710	0.75598055487832450
17.14695510500984454	0.75811295904942777
17.15677018520733199	0.76026647207035047
17.16658526540481944	0.76244112096112882
17.17640034560230688	0.76463693157765522
17.18621542579979433	0.76685392855249634
17.19603050599728178	0.76909213523456676
17.20584558619476567	0.77135157362765916
17.21566066639225312	0.77363226432778620
17.22547574658974057	0.77593422645934684
17.23529082678722801	0.77825747761010522
17.24510590698471546	0.78060203376493975
17.25492098718220291	0.78296790923839010
17.26473606737969035	0.78535511660598345
17.27455114757717780	0.78776366663428443
17.28436622777466170	0.79019356820974573
17.29418130797214914	0.79264482826624794
17.30399638816963659	0.79511745171141746
17.31381146836712404	0.79761144135164408
17.32362654856461148	0.80012679781583007
17.33344162876209893	0.80266351947785108
17.34325670895958638	0.80522160237770857
17.35307178915707382	0.80780104014142751
17.36288686935456127	0.81040182389960469
17.37270194955204516	0.81302394220470342
17.38251702974953261	0.81566738094702440
17.39233210994702006	0.81833212326936189
17.40214719014450750	0.82101814948039686
17.41196227034199495	0.82372543696676637
17.42177735053948240	0.82645396010383920
17.43159243073696985	0.82920369016523199
17.44140751093445729	0.83197459523099915
17.45122259113194474	0.83476664009461354
17.46103767132942863	0.83757978616860540
17.47085275152691608	0.84041399138903194
17.48066783172440353	0.84326921011863543
17.49048291192189097	0.84614539304884184
17.50029799211937842	0.84904248710050778
17.51011307231686587	0.85196043532349597
17.51992815251435331	0.85489917679509575
17.52974323271184076	0.85785864651727162
17.53955831290932466	0.86083877531281405
17.54937339310681210	0.86383948972039182
17.55918847330429955	0.86686071188852520
17.56900355350178700	0.86990235946855943
17.57881863369927444	0.87296434550660384
17.58863371389676189	0.87604657833452138
17.59844879409424934	0.87914896146000876
17.60826387429173678	0.88227139345576244
17.61807895448922423	0.88541376784786019
17.62789403468670812	0.88857597300326907
17.63770911488419557	0.89175789201669842
17.64752419508168302	0.89495940259670703
17.65733927527917047	0.89818037695120034
17.66715435547665791	0.90142068167234934
17.67696943567414536	0.90468017762099517
17.68678451587163281	0.90795871981060938
17.69659959606912025	0.91125615729088061
17.70641467626660415	0.91457233303096930
17.71622975646409159	0.91790708380258679
17.72604483666157904	0.92126024006285778
17.73585991685906649	0.92463162583714753
17.74567499705655393	0.92802105860191764
17.75549007725404138	0.93142834916765060
17.76530515745152883	0.93485330156201363
17.77512023764901627	0.93829571291327440
17.78493531784650372	0.94175537333418247
17.79475039804398762	0.94523206580627417
17.80456547824147506	0.94872556606486291
17.81438055843896251	0.95223564248469328
17.82419563863644996	0.95576205596649999
17.83401071883393740	0.95930455982445995
17.84382579903142485	0.96286289967480898
17.85364087922891230	0.96643681332561482
17.86345595942639974	0.97002603066794801
17.87327103962388364	0.97363027356849596
17.88308611982137108	0.97724925576386346
17.89290120001885853	0.98088268275659674
17.90271628021634598	0.98453025171315378
17.91253136041383343	0.98819165136397913
17.92234644061132087	0.99186656190577571
17.93216152080880832	0.99555465490619421
17.94197660100629577	0.99925559321108859
17.95179168120378321	1.00296903085450784
17.96160676140126711	1.00669461297156682
17.97142184159875455	1.01043197571445131
17.98123692179624200	1.01418074617161236
17.99105200199372945	1.01794054229050590
18.00086708219121689	1.02171097280385470
18.01068216238870434	1.02549163715981662
18.02049724258619179	1.02928212545612863
18.03031232278367924	1.03308201837848479
18.04012740298116668	1.03689088714330579
18.04994248317865058	1.04070829344511573
18.05975756337613802	1.04453378940875563
18.06957264357362547	1.04836691754660860
18.07938772377111292	1.05220721072102963
18.08920280396860036	1.05605419211224416
18.09901788416608781	1.05990737519185996
18.10883296436357526	1.06376626370225913
18.11864804456106270	1.06763035164204689
18.12846312475854660	1.07149912325776064
18.13827820495603405	1.07537205304212335
18.14809328515352149	1.07924860573892745
18.15790836535100894	1.08312823635491462
18.16772344554849639	1.08701039017868228
18.17753852574598383	1.09089450280702849
18.18735360594347128	1.09478000017874488
18.19716868614095873	1.09866629861623077
18.20698376633844617	1.10255280487499485
18.21679884653593007	1.10643891620132617
18.22661392673341751	1.11032402039833666
18.23642900693090496	1.11420749590047596
18.24624408712839241	1.11808871185679903
18.25605916732587986	1.12196702822316108
18.26587424752336730	1.12584179586343791
18.27568932772085475	1.12971235666004577
18.28550440791834220	1.13357804363383918
18.29531948811582609	1.13743818107357519
18.30513456831331354	1.14129208467513776
18.31494964851080098	1.14513906169056212
18.32476472870828843	1.14897841108712173
18.33457980890577588	1.15280942371645079
18.34439488910326332	1.15663138249395891
18.35420996930075077	1.16044356258852610
18.36402504949823822	1.16424523162266724
18.37384012969572566	1.16803564988313657
18.38365520989320956	1.17181407054216247
18.39347029009069701	1.17557973988925135
18.40328537028818445	1.17933189757370194
18.41310045048567190	1.18306977685776360
18.42291553068315935	1.18679260488054306
18.43273061088064679	1.19049960293258650
18.44254569107813424	1.19418998674115717
18.45236077127562169	1.19786296676618398
18.46217585147310558	1.20151774850677207
18.47199093167059303	1.20515353281830651
18.48180601186808047	1.20876951623996476
18.49162109206556792	1.21236489133263836
18.50143617226305537	1.21593884702701738
18.51125125246054282	1.21949056898186403
18.52106633265803026	1.22301923995215511
18.53088141285551771	1.22652404016705741
18.54069649305300516	1.23000414771742372
18.55051157325048905	1.23345873895271141
18.56032665344797650	1.23688698888698867
18.57014173364546394	1.24028807161386045
18.57995681384295139	1.24366116072997812
18.58977189404043884	1.24700542976686424
18.59958697423792628	1.25032005263077806
18.60940205443541373	1.25360420405021844
18.61921713463290118	1.25685706003080733
18.62903221483038863	1.26007779831707212
18.63884729502787252	1.26326559886083278
18.64866237522535997	1.26641964429575427
18.65847745542284741	1.26953912041761718
18.66829253562033486	1.27262321666987055
18.67810761581782231	1.27567112663406546
18.68792269601530975	1.27868204852456446
18.69773777621279720	1.28165518568719472
18.70755285641028465	1.28458974710112406
18.71736793660776854	1.28748494788368006
18.72718301680525599	1.29034000979733343
18.73699809700274344	1.29315416175846565
18.74681317720023088	1.29592664034723382
18.75662825739771833	1.29865669031802433
18.76644333759520578	1.30134356510986238
18.77625841779269322	1.30398652735618703
18.78607349799018067	1.30658484939337627
18.79588857818766812	1.30913781376739835
18.80570365838515201	1.31164471373796321
18.81551873858263946	1.31410485377952968
18.82533381878012690	1.31651755007855242
18.83514889897761435	1.31888213102628260
18.84496397917510180	1.32119793770652305
18.85477905937258924	1.32346432437762940
18.86459413957007669	1.32568065894823484
18.87440921976756414	1.32784632344584308
18.88422429996504803	1.32996071447787734
18.89403938016253548	1.33202324368435976
18.90385446036002293	1.33403333818175152
18.91366954055751037	1.33599044099713238
18.92348462075499782	1.33789401149231413
18.93329970095248527	1.33974352577710931
18.94311478114997271	1.34153847711128815
18.95292986134746016	1.34327837629449753
18.96274494154494761	1.34496275204373172
18.97256002174243150	1.34659115135767182
18.98237510193991895	1.34816313986743008
18.99219018213740640	1.34967830217312779
19.00200526233489384	1.35113624216583639
19.01182034253238129	1.35253658333439097
19.02163542272986874	1.35387896905664462
19.03145050292735618	1.35516306287466426
19.04126558312484363	1.35638854875348658
19.05108066332232752	1.35755513132307493
19.06089574351981497	1.35866253610306154
19.07071082371730242	1.35971050970997265
19.08052590391478986	1.36069882004661058
19.09034098411227731	1.36162725647329141
19.10015606430976476	1.36249562996076601
19.10997114450725221	1.36330377322449658
19.11978622470473965	1.36405154084014124
19.12960130490222710	1.36473880934008807
19.13941638509971099	1.36536547729092961
19.14923146529719844	1.36593146535171184
19.15904654549468589	1.36643671631293007
19.16886162569217333	1.36688119511623962
19.17867670588966078	1.36726488885484199
19.18849178608714823	1.36758780675458436
19.19830686628463567	1.36784998013588699
19.20812194648212312	1.36805146235643083
19.21793702667961057	1.36819232873491448
19.22775210687709446	1.36827267645588591
19.23756718707458191	1.36829262445590705
19.24738226727206936	1.36825231329118457
19.25719734746955680	1.36815190498701922
19.26701242766704425	1.36799158286920330
19.27682750786453170	1.36777155137777973
19.28664258806201914	1.36749203586338908
19.29645766825950659	1.36715328236661193
19.30627274845699048	1.36675555738065446
19.31608782865447793	1.36629914759778726
19.32590290885196538	1.36578435963992995
19.33571798904945283	1.36521151977384392
19.34553306924694027	1.36458097361140895
19.35534814944442772	1.36389308579540769
19.36516322964191517	1.36314823967140963
19.37497830983940261	1.36234683694616820
19.38479339003689006	1.36148929733316004
19.39460847023437395	1.36057605818575356
19.40442355043186140	1.35960757411860511
19.41423863062934885	1.35858431661781642
19.42405371082683629	1.35750677364048511
19.43386879102432374	1.35637544920422282
19.44368387122181119	1.35519086296724178
19.45349895141929863	1.35395354979961491
19.46331403161678608	1.35266405934634193
19.47312911181426998	1.35132295558282745
19.48294419201175742	1.34993081636341383
19.49275927220924487	1.34848823296354614
19.50257435240673232	1.34699580961626131
19.51238943260421976	1.34545416304357168
19.52220451280170721	1.34386392198337967
19.53201959299919466	1.34222572671256346
19.54183467319668210	1.34054022856676536
19.55164975339416955	1.33880808945766794
19.56146483359165344	1.33702998138809992
19.57127991378914089	1.33520658596584729
19.58109499398662834	1.33333859391648524
19.59091007418411579	1.33142670459604218
19.60072515438160323	1.32947162550386411
19.61054023457909068	1.32747407179640309
19.62035531477657813	1.32543476580227226
19.63017039497406557	1.32335443653931195
19.63998547517154947	1.32123381923401295
19.64980055536903691	1.31907365484386663
19.65961563556652436	1.31687468958311360
19.66943071576401181	1.31463767445233470
19.67924579596149925	1.31236336477236981
19.68906087615898670	1.31005251972301306
19.69887595635647415	1.30770590188681068
19.70869103655396160	1.30532427679845742
19.71850611675144904	1.30290841250010825
19.72832119694893294	1.30045907910305480
19.73813627714642038	1.29797704835598937
19.74795135734390783	1.29546309322027176
19.75776643754139528	1.29291798745249853
19.76758151773888272	1.29034250519461224
19.77739659793637017	1.28773742057191187
19.78721167813385762	1.28510350729913059
19.79702675833134506	1.28244153829482688
19.80684183852883251	1.27975228530439722
19.81665691872631641	1.27703651853179112
19.82647199892380385	1.27429500628016745
19.83628707912129130	1.27152851460166283
19.84610215931877875	1.26873780695637417
19.85591723951626619	1.26592364388073775
19.86573231971375364	1.26308678266539709
19.87554739991124109	1.26022797704260903
19.88536248010872853	1.25734797688335043
19.89517756030621243	1.25444752790410252
19.90499264050369987	1.25152737138345715
19.91480772070118732	1.24858824388848144
19.92462280089867477	1.24563087701090325
19.93443788109616222	1.24265599711316876
19.94425296129364966	1.23966432508426094
19.95406804149113711	1.23665657610533830
19.96388312168862456	1.23363345942517588
19.97369820188611200	1.23059567814523030
19.98351328208359590	1.22754392901446896
19.99332836228108334	1.22447890223368749
20.00314344247857079	1.22140128126944547
20.01295852267605824	1.21831174267732401
20.02277360287354568	1.21521095593458339
20.03258868307103313	1.21209958328200029
20.04240376326852058	1.20897827957480275
20.05221884346600802	1.20584769214262399
20.06203392366349192	1.20270846065825077
20.07184900386097937	1.19956121701512108
20.08166408405846681	1.19640658521335297
20.09147916425595426	1.19324518125424706
20.10129424445344171	1.19007761304296045
20.11110932465092915	1.18690448029936624
20.12092440484841660	1.18372637447680229
20.13073948504590405	1.18054387868856470
20.14055456524339149	1.17735756764205646
20.15036964544087539	1.17416800758029760
20.16018472563836283	1.17097575623068728
20.16999980583585028	1.16778136276081890
20.17981488603333773	1.16458536774118615
20.18962996623082518	1.16138830311454866
20.19944504642831262	1.15819069217180504
20.20926012662580007	1.15499304953418735
20.21907520682328752	1.15179588114157694
20.22889028702077141	1.14859968424674563
20.23870536721825886	1.14540494741536780
20.24852044741574630	1.14221215053155900
20.25833552761323375	1.13902176480880146
20.26815060781072120	1.13583425280608230
20.27796568800820864	1.13265006844897242
20.28778076820569609	1.12946965705556890
20.29759584840318354	1.12629345536704539
20.30741092860067099	1.12312189158265130
20.31722600879815488	1.11995538539900830
20.32704108899564233	1.11679434805344435
20.33685616919312977	1.11363918237129278
20.34667124939061722	1.11049028281692697
20.35648632958810467	1.10734803554835359
20.36630140978559211	1.10421281847522468
20.37611648998307956	1.10108500132007547
20.38593157018056701	1.09796494568265635
20.39574665037805090	1.09485300510719741
20.40556173057553835	1.09174952515239010
20.41537681077302580	1.08865484346403751
20.42519189097051324	1.08556928985012457
20.43500697116800069	1.08249318635821123
20.44482205136548814	1.07942684735503769
20.45463713156297558	1.07637057960809557
20.46445221176046303	1.07332468236914957
20.47426729195795048	1.07028944745950594
20.48408237215543437	1.06726515935691402
20.49389745235292182	1.06425209528397424
20.50371253255040926	1.06125052529796360
20.51352761274789671	1.05826071238188613
20.52334269294538416	1.05528291253670115
20.53315777314287160	1.05231737487460686
20.54297285334035905	1.04936434171323811
20.55278793353784650	1.04642404867068683
20.56260301373533395	1.04349672476129696
20.57241809393281784	1.04058259249204244
20.58223317413030529	1.03768186795944395
20.59204825432779273	1.03479476094699052
20.60186333452528018	1.03192147502283516
20.61167841472276763	1.02906220763783485
20.62149349492025507	1.02621715022373827
20.63130857511774252	1.02338648829150580
20.64112365531522997	1.02057040152968881
20.65093873551271386	1.01776906390272392
20.66075381571020131	1.01498264374919334
20.67056889590768876	1.01221130387985414
20.68038397610517620	1.00945520167548275
20.69019905630266365	1.00671448918442108
20.70001413650015110	1.00398931321974683
20.70982921669763854	1.00127981545609335
20.71964429689512599	0.99858613252594441
20.72945937709261344	0.99590839611550552
20.73927445729009733	0.99324673305997146
20.74908953748758478	0.99060126543819482
20.75890461768507222	0.98797211066676549
20.76871969788255967	0.98535938159336289
20.77853477808004712	0.98276318658941675
20.78834985827753457	0.98018362964202199
20.79816493847502201	0.97762081044506366
20.80798001867250946	0.97507482448952321
20.81779509886999335	0.97254576315294250
20.82761017906748080	0.97003371378804260
20.83742525926496825	0.96753875981040416
20.84724033946245569	0.96506098078526958
20.85705541965994314	0.96260045251338799
20.86687049985743059	0.96015724711588335
20.87668558005491803	0.95773143311816966
20.88650066025240548	0.95532307553287377
20.89631574044989293	0.95293223594171761
20.90613082064737682	0.95055897257641009
20.91594590084486427	0.94820334039846743
20.92576098104235172	0.94586539117802870
20.93557606123983916	0.94354517357157375
20.94539114143732661	0.94124273319860874
20.95520622163481406	0.93895811271725282
20.96502130183230150	0.93669135189875785
20.97483638202978895	0.93444248770095684
20.98465146222727284	0.93221155434059610
20.99446654242476029	0.92999858336461050
21.00428162262224774	0.92780360372027426
21.01409670281973519	0.92562664182429089
21.02391178301722263	0.92346772163075996
21.03372686321471008	0.92132686469808256
21.04354194341219753	0.91920409025474337
21.05335702360968497	0.91709941526402894
21.06317210380717242	0.91501285448765790
21.07298718400465631	0.91294442054830827
21.08280226420214376	0.91089412399110381
21.09261734439963121	0.90886197334398600
21.10243242459711865	0.90684797517706406
21.11224750479460610	0.90485213416086330
21.12206258499209355	0.90287445312355386
21.13187766518958099	0.90091493310709581
21.14169274538706844	0.89897357342237938
21.15150782558455589	0.89705037170332758
21.16132290578203978	0.89514532395995228
21.17113798597952723	0.89325842463040650
21.18095306617701468	0.89138966663206520
21.19076814637450212	0.88953904141154350
21.20058322657198957	0.88770653899379648
21.21039830676947702	0.88589214803019578
21.22021338696696446	0.88409585584566319
21.23002846716445191	0.88231764848482896
21.23984354736193580	0.88055751075726940
21.24965862755942325	0.87881542628180054
21.25947370775691070	0.87709137752981947
21.26928878795439815	0.87538534586778849
21.27910386815188559	0.87369731159877428
21.28891894834937304	0.87202725400309633
21.29873402854686049	0.87037515137814003
21.30854910874434793	0.86874098107724695
21.31836418894183538	0.86712471954779113
21.32817926913931927	0.86552634236838433
21.33799434933680672	0.86394582428526989
21.34780942953429417	0.86238313924788490
21.35762450973178161	0.86083826044360423
21.36743958992926906	0.85931116033172050
21.37725467012675651	0.85780181067659123
21.38706975032424396	0.85631018258005276
21.39688483052173140	0.85483624651305878
21.40669991071921530	0.85337997234655649
21.41651499091670274	0.85194132938163358
21.42633007111419019	0.85052028637895405
21.43614515131167764	0.84911681158744390
21.44596023150916508	0.84773087277230752
21.45577531170665253	0.84636243724231486
21.46559039190413998	0.84501147187644965
21.47540547210162742	0.84367794314984923
21.48522055229911487	0.84236181715910230
21.49503563249659877	0.84106305964690586
21.50485071269408621	0.83978163602606004
21.51466579289157366	0.83851751140287045
21.52448087308906111	0.83727065059989270
21.53429595328654855	0.83604101817811649
21.54411103348403600	0.83482857845851777
21.55392611368152345	0.83363329554304866
21.56374119387901089	0.83245513333504972
21.57355627407649479	0.83129405555908198
21.58337135427398223	0.83015002578022568
21.59318643447146968	0.82902300742282764
21.60300151466895713	0.82791296378870793
21.61281659486644458	0.82681985807484348
21.62263167506393202	0.82574365339054834
21.63244675526141947	0.82468431277412857
21.64226183545890692	0.82364179920904768
21.65207691565639436	0.82261607563961325
21.66189199585387826	0.82160710498617040
21.67170707605136570	0.82061485015982893
21.68152215624885315	0.81963927407672843
21.69133723644634060	0.81868033967186515
21.70115231664382804	0.81773800991243439
21.71096739684131549	0.81681224781077777
21.72078247703880294	0.81590301643688468
21.73059755723629038	0.81501027893045230
21.74041263743377783	0.81413399851258039
21.75022771763126173	0.81327413849700059
21.76004279782874917	0.81243066230096361
21.76985787802623662	0.81160353345568170
21.77967295822372407	0.81079271561643318
21.78948803842121151	0.80999817257226803
21.79930311861869896	0.80921986825532155
21.80911819881618641	0.80845776674982284
21.81893327901367385	0.80771183230068233
21.82874835921115775	0.80698202932176399
21.83856343940864519	0.80626832240380719
21.84837851960613264	0.80557067632200074
21.85819359980362009	0.80488905604324290
21.86800868000110754	0.80422342673305414
21.87782376019859498	0.80357375376216966
21.88763884039608243	0.80294000271284638
21.89745392059356988	0.80232213938481123
21.90726900079105732	0.80172012980095364
21.91708408098854122	0.80113394021268636
21.92689916118602866	0.80056353710501016
21.93671424138351611	0.80000888720132390
21.94652932158100356	0.79946995746789951
21.95634440177849100	0.79894671511812887
21.96615948197597845	0.79843912761644320
21.97597456217346590	0.79794716268200716
21.98578964237095335	0.79747078829211593
21.99560472256843724	0.79700997268533624
22.00541980276592469	0.79656468436440586
22.01523488296341213	0.79613489209884714
22.02504996316089958	0.79572056492734933
22.03486504335838703	0.79532167215991345
22.04468012355587447	0.79493818337972266
22.05449520375336192	0.79457006844480316
22.06431028395084937	0.79421729748942116
22.07412536414833681	0.79387984092527208
22.08394044434582071	0.79355766944241779
22.09375552454330816	0.79325075401000533
22.10357060474079560	0.79295906587676956
22.11338568493828305	0.79268257657128849
22.12320076513577050	0.79242125790204498
22.13301584533325794	0.79217508195726349
22.14283092553074539	0.79194402110452111
22.15264600572823284	0.79172804799017293
22.16246108592571673	0.79152713553853182
22.17227616612320418	0.79134125695087887
22.18209124632069162	0.79117038570423726
22.19190632651817907	0.79101449554996439
22.20172140671566652	0.79087356051213142
22.21153648691315396	0.79074755488570680
22.22135156711064141	0.79063645323454812
22.23116664730812886	0.79054023038917698
22.24098172750561631	0.79045886144439426
22.25079680770310020	0.79039232175666141
22.26061188790058765	0.79034058694133813
22.27042696809807509	0.79030363286966854
22.28024204829556254	0.79028143566565090
22.29005712849304999	0.79027397170265101
22.29987220869053743	0.79028121759987702
22.30968728888802488	0.79030315021865016
22.31950236908551233	0.79033974665847961
22.32931744928299977	0.79039098425298060
22.33913252948048367	0.79045684056558874
22.34894760967797112	0.79053729338509626
22.35876268987545856	0.79063232072101086
22.36857777007294601	0.79074190079872930
22.37839285027043346	0.79086601205453466
22.38820793046792090	0.79100463313040492
22.39802301066540835	0.79115774286865792
22.40783809086289580	0.79132532030639857
22.41765317106037969	0.79150734466979411
22.42746825125786714	0.79170379536817992
22.43728333145535458	0.79191465198796851
22.44709841165284203	0.79213989428639831
22.45691349185032948	0.79237950218508990
22.46672857204781693	0.79263345576342825
22.47654365224530437	0.79290173525176810
22.48635873244279182	0.79318432102445879
22.49617381264027927	0.79348119359269786
22.50598889283776316	0.79379233359718160
22.51580397303525061	0.79411772180061313
22.52561905323273805	0.79445733907999427
22.53543413343022550	0.79481116641875849
22.54524921362771295	0.79517918489872574
22.55506429382520039	0.79556137569185659
22.56487937402268784	0.79595772005184706
22.57469445422017529	0.79636819930553215
22.58450953441765918	0.79679279484410004
22.59432461461514663	0.79723148811413946
22.60413969481263408	0.79768426060848374
22.61395477501012152	0.79815109385689553
22.62376985520760897	0.79863196941654002
22.63358493540509642	0.79912686886229767
22.64340001560258386	0.79963577377686934
22.65321509580007131	0.80015866574070404
22.66303017599755876	0.80069552632175078
22.67284525619504265	0.80124633706499715
22.68266033639253010	0.80181107948183805
22.69247541659001755	0.80238973503925681
22.70229049678750499	0.80298228514878778
22.71210557698499244	0.80358871115533170
22.72192065718247989	0.80420899432573589
22.73173573737996733	0.80484311583720625
22.74155081757745478	0.80549105676552168
22.75136589777493867	0.80615279807304885
22.76118097797242612	0.80682832059657139
22.77099605816991357	0.80751760503489889
22.78081113836740101	0.80822063193630922
22.79062621856488846	0.80893738168577556
22.80044129876237591	0.80966783449199431
22.81025637895986335	0.81041197037422719
22.82007145915735080	0.81116976914892003
22.82988653935483825	0.81194121041614098
22.83970161955232214	0.81272627354580995
22.84951669974980959	0.81352493766372835
22.85933177994729704	0.81433718163738922
22.86914686014478448	0.81516298406161747
22.87896194034227193	0.81600232324397459
22.88877702053975938	0.81685517718996070
22.89859210073724682	0.81772152358804495
22.90840718093473427	0.81860133979443939
22.91822226113222172	0.81949460281771036
22.92803734132970561	0.82040128930315492
22.93785242152719306	0.82132137551698925
22.94766750172468051	0.82225483733031179
22.95748258192216795	0.82320165020287706
22.96729766211965540	0.82416178916664828
22.97711274231714285	0.82513522880914458
22.98692782251463029	0.82612194325659150
22.99674290271211774	0.82712190615685033
23.00655798290960163	0.82813509066213675
23.01637306310708908	0.82916146941155811
23.02618814330457653	0.83020101451340178
23.03600322350206397	0.83125369752727030
23.04581830369955142	0.83231948944594603
23.05563338389703887	0.83339836067711870
23.06544846409452632	0.83449028102484502
23.07526354429201376	0.83559521967085026
23.08507862448950121	0.83671314515560591
23.09489370468698510	0.83784402535920321
23.10470878488447255	0.83898782748203637
23.11452386508196000	0.84014451802527990
23.12433894527944744	0.84131406277115828
23.13415402547693489	0.84249642676304615
23.14396910567442234	0.84369157428532993
23.15378418587190978	0.84489946884312594
23.16359926606939723	0.84612007314176685
23.17341434626688113	0.84735334906611559
23.18322942646436857	0.84859925765969002
23.19304450666185602	0.84985775910360450
23.20285958685934347	0.85112881269532392
23.21267466705683091	0.85241237682724691
23.22248974725431836	0.85370840896509470
23.23230482745180581	0.85501686562615176
23.24211990764929325	0.85633770235731532
23.25193498784678070	0.85767087371298434
23.26175006804426459	0.85901633323279381
23.27156514824175204	0.86037403341917318
23.28138022843923949	0.86174392571476166
23.29119530863672693	0.86312596047967749
23.30101038883421438	0.86452008696862670
23.31082546903170183	0.86592625330787243
23.32064054922918928	0.86734440647208977
23.33045562942667672	0.86877449226104719
23.34027070962416062	0.87021645527620994
23.35008578982164806	0.87167023889719164
23.35990087001913551	0.87313578525809621
23.36971595021662296	0.87461303522376332
23.37953103041411040	0.87610192836590273
23.38934611061159785	0.87760240293913139
23.39916119080908530	0.87911439585695028
23.40897627100657274	0.88063784266758427
23.41879135120406019	0.88217267752982054
23.42860643140154409	0.88371883318871292
23.43842151159903153	0.88527624095129676
23.44823659179651898	0.88684483066219022
23.45805167199400643	0.88842453067921257
23.46786675219149387	0.89001526784893481
23.47768183238898132	0.89161696748222163
23.48749691258646877	0.89322955332977561
23.49731199278395621	0.89485294755765932
23.50712707298144366	0.89648707072283784
23.51694215317892755	0.89813184174874139
23.52675723337641500	0.89978717790085871
23.53657231357390245	0.90145299476237428
23.54638739377138990	0.90312920620984916
23.55620247396887734	0.90481572438899294
23.56601755416636479	0.90651245969048577
23.57583263436385224	0.90821932072591727
23.58564771456133968	0.90993621430382121
23.59546279475882358	0.91166304540581045
23.60527787495631102	0.91339971716288271
23.61509295515379847	0.91514613083183527
23.62490803535128592	0.91690218577187566
23.63472311554877336	0.91866777942137501
23.64453819574626081	0.92044280727483963
23.65435327594374826	0.92222716286007500
23.66416835614123571	0.92402073771558313
23.67398343633872315	0.92582342136819695
23.68379851653620705	0.92763510131095794
23.69361359673369449	0.92945566298129978
23.70342867693118194	0.93128498973949581
23.71324375712866939	0.93312296284742136
23.72305883732615683	0.93496946144765802
23.73287391752364428	0.93682436254292012
23.74268899772113173	0.93868754097588691
23.75250407791861917	0.94055886940936706
23.76231915811610307	0.94243821830692431
23.77213423831359052	0.94432545591387418
23.78194931851107796	0.94622044823877327
23.79176439870856541	0.94812305903533856
23.80157947890605286	0.95003314978488640
23.81139455910354030	0.95195057967924590
23.82120963930102775	0.95387520560423811
23.83102471949851520	0.95580688212367182
23.84083979969600264	0.95774546146395423
23.85065487989348654	0.95969079349925823
23.86046996009097398	0.96164272573734555
23.87028504028846143	0.96360110330600468
23.88010012048594888	0.96556576894018220
23.88991520068343632	0.96753656296977819
23.89973028088092377	0.96951332330818529
23.90954536107841122	0.97149588544153587
23.91936044127589867	0.97348408241873807
23.92917552147338256	0.97547774484228056
23.93899060167087001	0.97747670085987060
23.94880568186835745	0.97948077615687668
23.95862076206584490	0.98148979394967539
23.96843584226333235	0.98350357497983487
23.97825092246081979	0.98552193750926587
23.98806600265830724	0.98754469731626138
23.99788108285579469	0.98957166769253424
24.00769616305328213	0.99160265944121884
24.01751124325076603	0.99363748087588721
24.02732632344825348	0.99567593782063757
24.03714140364574092	0.99771783361119293
24.04695648384322837	0.99976296909713402
24.05677156404071582	1.00181114264521720
24.06658664423820326	1.00386215014384583
24.07640172443569071	1.00591578500871437
24.08621680463317816	1.00797183818960256
24.09603188483066560	1.01003009817843137
24.10584696502814950	1.01209035101852418
24.11566204522563694	1.01415238031514154
24.12547712542312439	1.01621596724729546
24.13529220562061184	1.01828089058085980
24.14510728581809929	1.02034692668305538
24.15492236601558673	1.02241384953822001
24.16473744621307418	1.02448143076502718
24.17455252641056163	1.02654943963504497
24.18436760660804552	1.02861764309273518
24.19418268680553297	1.03068580577690727
24.20399776700302041	1.03275369004358986
24.21381284720050786	1.03482105599043250
24.22362792739799531	1.03688766148255040
24.23344300759548275	1.03895326217993156
24.24325808779297020	1.04101761156634498
24.25307316799045765	1.04308046097980833
24.26288824818794509	1.04514155964462008
24.27270332838542899	1.04720065470497437
24.28251840858291644	1.04925749126016599
24.29233348878040388	1.05131181240138538
24.30214856897789133	1.05336335925017965
24.31196364917537878	1.05541187099847167
24.32177872937286622	1.05745708495028712
24.33159380957035367	1.05949873656509297
24.34140888976784112	1.06153655950279169
24.35122396996532501	1.06357028567040568
24.36103905016281246	1.06559964527039375
24.37085413036029991	1.06762436685065865
24.38066921055778735	1.06964417735624773
24.39048429075527480	1.07165880218268028
24.40029937095276225	1.07366796523101793
24.41011445115024969	1.07567138896454328
24.41992953134773714	1.07766879446717567
24.42974461154522459	1.07965990150350333
24.43955969174270848	1.08164442858050691
24.44937477194019593	1.08362209301095147
24.45918985213768337	1.08559261097837889
24.46900493233517082	1.08755569760379811
24.47882001253265827	1.08951106701394940
24.48863509273014571	1.09145843241122442
24.49845017292763316	1.09339750614514197
24.50826525312512061	1.09532799978544304
24.51808033332260450	1.09724962419671845
24.52789541352009195	1.09916208961459017
24.53771049371757940	1.10106510572342864
24.54752557391506684	1.10295838173552330
24.55734065411255429	1.10484162647175821
24.56715573431004174	1.10671454844374217
24.57697081450752918	1.10857685593729460
24.58678589470501663	1.11042825709738557
24.59660097490250408	1.11226846001436686
24.60641605509998797	1.11409717281155607
24.61623113529747542	1.11591410373409361
24.62604621549496287	1.11771896123899661
24.63586129569245031	1.11951145408649833
24.64567637588993776	1.12129129143246509
24.65549145608742521	1.12305818292196635
24.66530653628491265	1.12481183878392144
24.67512161648240010	1.12655196992673279
24.68493669667988755	1.12827828803493380
24.69475177687737144	1.12999050566673787
24.70456685707485889	1.13168833635244770
24.71438193727234633	1.13337149469371212
24.72419701746983378	1.13503969646351122
24.73401209766732123	1.13669265870685954
24.74382717786480868	1.13833009984216416
24.75364225806229612	1.13995173976313935
24.76345733825978357	1.14155729994127242
24.77327241845726746	1.14314650352872160
24.78308749865475491	1.14471907546163654
24.79290257885224236	1.14627474256378181
24.80271765904972980	1.14781323365042365
24.81253273924721725	1.14933427963244350
24.82234781944470470	1.15083761362052051
24.83216289964219214	1.15232297102940162
24.84197797983967959	1.15379008968215269
24.85179306003716704	1.15523870991428157
24.86160814023465093	1.15666857467774054
24.87142322043213838	1.15807942964466704
24.88123830062962583	1.15947102331079033
24.89105338082711327	1.16084310709848326
24.90086846102460072	1.16219543545930626
24.91068354122208817	1.16352776597604457
24.92049862141957561	1.16483985946408719
24.93031370161706306	1.16613148007212231
24.94012878181454695	1.16740239538206136
24.94994386201203440	1.16865237650808207
24.95975894220952185	1.16988119819477387
24.96957402240700929	1.17108863891422210
24.97938910260449674	1.17227448096203890
24.98920418280198419	1.17343851055222670
24.99901926299947164	1.17458051791075468
25.00883434319695908	1.17570029736785897
25.01864942339444653	1.17679764744893167
25.02846450359193042	1.17787237096388475
25.03827958378941787	1.17892427509506681
25.04809466398690532	1.17995317148345036
25.05790974418439276	1.18095887631317598
25.06772482438188021	1.18194121039432343
25.07753990457936766	1.18289999924381473
25.08735498477685510	1.18383507316445402
25.09717006497434255	1.18474626732192090
25.10698514517182645	1.18563342181977349
25.11680022536931389	1.18649638177232242
25.12661530556680134	1.18733499737530579
25.13643038576428879	1.18814912397434869
25.14624546596177623	1.18893862213111801
25.15606054615926368	1.18970335768709989
25.16587562635675113	1.19044320182499153
25.17569070655423857	1.19115803112759022
25.18550578675172602	1.19184772763417968
25.19532086694920991	1.19251217889432493
25.20513594714669736	1.19315127801906873
25.21495102734418481	1.19376492372942655
25.22476610754167226	1.19435302040218660
25.23458118773915970	1.19491547811296961
25.24439626793664715	1.19545221267645241
25.25421134813413460	1.19596314568381201
25.26402642833162204	1.19644820453726308
25.27384150852910594	1.19690732248174481
25.28365658872659338	1.19734043863364836
25.29347166892408083	1.19774749800661517
25.30328674912156828	1.19812845153435976
25.31310182931905572	1.19848325609050765
25.32291690951654317	1.19881187450542881
25.33273198971403062	1.19911427558003192
25.34254706991151807	1.19939043409655266
25.35236215010900551	1.19964033082628685
25.36217723030648941	1.19986395253428157
25.37199231050397685	1.20006129198096989
25.38180739070146430	1.20023234792078215
25.39162247089895175	1.20037712509767092
25.40143755109643919	1.20049563423764760
25.41125263129392664	1.20058789203826533
25.42106771149141409	1.20065392115507463
25.43088279168890153	1.20069375018510272
25.44069787188638898	1.20070741364734346
25.45051295208387288	1.20069495196025144
25.46032803228136032	1.20065641141636847
25.47014311247884777	1.20059184415395892
25.47995819267633522	1.20050130812580935
25.48977327287382266	1.20038486706516934
25.49958835307131011	1.20024259044885206
25.50940343326879756	1.20007455345759162
25.51921851346628500	1.19988083693361092
25.52903359366376890	1.19966152733553555
25.53884867386125634	1.19941671669062178
25.54866375405874379	1.19914650254437749
25.55847883425623124	1.19885098790764832
25.56829391445371868	1.19853028120113292
25.57810899465120613	1.19818449619752410
25.58792407484869358	1.19781375196118267
25.59773915504618103	1.19741817278546003
25.60755423524366847	1.19699788812782093
25.61736931544115237	1.19655303254259771
25.62718439563863981	1.19608374561173747
25.63699947583612726	1.19559017187328953
25.64681455603361471	1.19507246074799345
25.65662963623110215	1.19453076646382295
25.66644471642858960	1.19396524797861092
25.67625979662607705	1.19337606890092829
25.68607487682356449	1.19276339740909010
25.69588995702104839	1.19212740616856028
25.70570503721853584	1.19146827224767948
25.71552011741602328	1.19078617703187462
25.72533519761351073	1.19008130613637331
25.73515027781099818	1.18935384931755261
25.74496535800848562	1.18860400038291503
25.75478043820597307	1.18783195709987166
25.76459551840346052	1.18703792110328732
25.77441059860094796	1.18622209780197685
25.78422567879843186	1.18538469628418741
25.79404075899591930	1.18452592922206401
25.80385583919340675	1.18364601277531234
25.81367091939089420	1.18274516649405004
25.82348599958838165	1.18182361322095253
25.83330107978586909	1.18088157899269319
25.84311615998335654	1.17991929294088171
25.85293124018084399	1.17893698719250817
25.86274632037832788	1.17793489676990681
25.87256140057581533	1.17691325949043035
25.88237648077330277	1.17587231586584173
25.89219156097079022	1.17481230900146549
25.90200664116827767	1.17373348449526294
25.91182172136576511	1.17263609033681027
25.92163680156325256	1.17152037680628185
25.93145188176074001	1.17038659637355447
25.94126696195822745	1.16923500359737154
25.95108204215571135	1.16806585502482929
25.96089712235319880	1.16687940909101773
25.97071220255068624	1.16567592601911096
25.98052728274817369	1.16445566772076181
25.99034236294566114	1.16321889769699593
26.00015744314314858	1.16196588093968489
26.00997252334063603	1.16069688383346081
26.01978760353812348	1.15941217405839092
26.02960268373561092	1.15811202049329465
26.03941776393309482	1.15679669311976485
26.04923284413058227	1.15546646292705568
26.05904792432806971	1.15412160181775802
26.06886300452555716	1.15276238251437979
26.07867808472304461	1.15138907846688765
26.08849316492053205	1.15000196376120156
26.09830824511801950	1.14860131302873358
26.10812332531550695	1.14718740135700181
26.11793840551299084	1.14576050420132169
26.12775348571047829	1.14432089729769326
26.13756856590796573	1.14286885657681170
26.14738364610545318	1.14140465807938862
26.15719872630294063	1.13992857787258783
26.16701380650042807	1.13844089196788234
26.17682888669791552	1.13694187624015552
26.18664396689540297	1.13543180634812368
26.19645904709289042	1.13391095765618233
26.20627412729037431	1.13237960515760605
26.21608920748786176	1.13083802339915773
26.22590428768534920	1.12928648640716656
26.23571936788283665	1.12772526761503045
26.24553444808032410	1.12615463979220509
26.25534952827781154	1.12457487497465825
26.26516460847529899	1.12298624439688588
26.27497968867278644	1.12138901842536187
26.28479476887027033	1.11978346649359883
26.29460984906775778	1.11816985703868133
26.30442492926524523	1.11654845743937869
26.31424000946273267	1.11491953395580601
26.32405508966022012	1.11328335167066750
26.33387016985770757	1.11164017443199903
26.34368525005519501	1.10999026479753438
26.35350033025268246	1.10833388398064292
26.36331541045016991	1.10667129179779433
26.37313049064765380	1.10500274661762465
26.38294557084514125	1.10332850531154092
26.39276065104262869	1.10164882320592872
26.40257573124011614	1.09996395403586056
26.41239081143760359	1.09827414990041050
26.42220589163509104	1.09657966121946848
26.43202097183257848	1.09488073669213004
26.44183605203006593	1.09317762325658285
26.45165113222754982	1.09147056605152915
26.46146621242503727	1.08975980837910891
26.47128129262252472	1.08804559166932502
26.48109637282001216	1.08632815544592920
26.49091145301749961	1.08460773729381588
26.50072653321498706	1.08288457282784423
26.51054161341247450	1.08115889566308621
26.52035669360996195	1.07943093738654894
26.53017177380744940	1.07770092753026669
26.53998685400493329	1.07596909354577730
26.54980193420242074	1.07423566078000920
26.55961701439990819	1.07250085245249061
26.56943209459739563	1.07076488963392413
26.57924717479488308	1.06902799122603520
26.58906225499237053	1.06729037394278348
26.59887733518985797	1.06555225229278161
26.60869241538734542	1.06381383856302025
26.61850749558483287	1.06207534280381788
26.62832257578231676	1.06033697281497208
26.63813765597980421	1.05859893413311346
26.64795273617729165	1.05686143002024457
26.65776781637477910	1.05512466145339689
26.66758289657226655	1.05338882711543858
26.67739797676975400	1.05165412338698827
26.68721305696724144	1.04992074433940208
26.69702813716472889	1.04818888172879388
26.70684321736221278	1.04645872499116588
26.71665829755970023	1.04473046123846092
26.72647337775718768	1.04300427525565853
26.73628845795467512	1.04128034949884141
26.74610353815216257	1.03955886409417286
26.75591861834965002	1.03783999683780515
26.76573369854713746	1.03612392319670832
26.77554877874462491	1.03441081631033738
26.78536385894211236	1.03270084699316911
26.79517893913959625	1.03099418373806917
26.80499401933708370	1.02929099272044056
26.81480909953457115	1.02759143780317963
26.82462417973205859	1.02589568054238556
26.83443925992954604	1.02420388019378739
26.84425434012703349	1.02251619371988900
26.85406942032452093	1.02083277579784926
26.86388450052200838	1.01915377882793989
26.87369958071949227	1.01747935294275837
26.88351466091697972	1.01580964601697543
26.89332974111446717	1.01414480367774207
26.90314482131195462	1.01248496931565635
26.91295990150944206	1.01083028409629505
26.92277498170692951	1.00918088697228825
26.93259006190441696	1.00753691469591455
26.94240514210190440	1.00589850183219687
26.95222022229939185	1.00426578077247086
26.96203530249687574	1.00263888174842664
26.97185038269436319	1.00101793284658847
26.98166546289185064	0.99940306002320045
26.99148054308933808	0.99779438711954238
27.00129562328682553	0.99619203587761351
27.01111070348431298	0.99459612595618263
27.02092578368180043	0.99300677494718637
27.03074086387928787	0.99142409839248169
27.04055594407677177	0.98984820980088084
27.05037102427425921	0.98827922066548735
27.06018610447174666	0.98671724048134735
27.07000118466923411	0.98516237676333240
27.07981626486672155	0.98361473506426356
27.08963134506420900	0.98207441899330417
27.09944642526169645	0.98054153023454660
27.10926150545918389	0.97901616856580265
27.11907658565667134	0.97749843187758212
27.12889166585415524	0.97598841619226662
27.13870674605164268	0.97448621568340721
27.14852182624913013	0.97299192269519985
27.15833690644661758	0.97150562776208116
27.16815198664410502	0.97002741962844619
27.17796706684159247	0.96855738526847512
27.18778214703907992	0.96709560990605026
27.19759722723656736	0.96564217703477118
27.20741230743405481	0.96419716843802561
27.21722738763153870	0.96276066420911854
27.22704246782902615	0.96133274277149183
27.23685754802651360	0.95991348089890316
27.24667262822400104	0.95850295373573635
27.25648770842148849	0.95710123481722442
27.26630278861897594	0.95570839608977110
27.27611786881646339	0.95432450793121482
27.28593294901395083	0.95294963917109887
27.29574802921143473	0.95158385711094251
27.30556310940892217	0.95022722754443378
27.31537818960640962	0.94887981477765648
27.32519326980389707	0.94754168164920860
27.33500835000138451	0.94621288955031446
27.34482343019887196	0.94489349844483872
27.35463851039635941	0.94358356688927369
27.36445359059384685	0.94228315205262225
27.37426867079133430	0.94099230973620873
27.38408375098881820	0.93971109439341627
27.39389883118630564	0.93843955914930888
27.40371391138379309	0.93717775582015572
27.41352899158128054	0.93592573493288356
27.42334407177876798	0.93468354574437940
27.43315915197625543	0.93345123626068227
27.44297423217374288	0.93222885325607041
27.45278931237123032	0.93101644229202785
27.46260439256871422	0.92981404773603149
27.47241947276620166	0.92862171278026862
27.48223455296368911	0.92743947946016636
27.49204963316117656	0.92626738867279002
27.50186471335866401	0.92510548019511396
27.51167979355615145	0.92395379270209876
27.52149487375363890	0.92281236378465747
27.53130995395112635	0.92168122996743318
27.54112503414861379	0.92056042672641969
27.55094011434609769	0.91944998850643267
27.56075519454358513	0.91834994873838616
27.57057027474107258	0.91726033985643118
27.58038535493856003	0.91618119331489833
27.59020043513604747	0.91511253960504912
27.60001551533353492	0.91405440827170614
27.60983059553102237	0.91300682792963306
27.61964567572850981	0.91196982627979473
27.62946075592599371	0.91094343012537715
27.63927583612348116	0.90992766538767322
27.64909091632096860	0.90892255712174608
27.65890599651845605	0.90792812953190816
27.66872107671594350	0.90694440598703718
27.67853615691343094	0.90597140903565720
27.68835123711091839	0.90500916042086665
27.69816631730840584	0.90405768109504736
27.70798139750589328	0.90311699123439282
27.71779647770337718	0.90218711025322940
27.72761155790086463	0.90126805681815492
27.73742663809835207	0.90035984886197007
27.74724171829583952	0.89946250359742386
27.75705679849332697	0.89857603753073390
27.76687187869081441	0.89770046647494328
27.77668695888830186	0.89683580556307263
27.78650203908578931	0.89598206926103963
27.79631711928327675	0.89513927138042049
27.80613219948076065	0.89430742509099770
27.81594727967824809	0.89348654293309682
27.82576235987573554	0.89267663682974940
27.83557744007322299	0.89187771809863348
27.84539252027071043	0.89108979746382000
27.85520760046819788	0.89031288506733730
27.86502268066568533	0.88954699048052210
27.87483776086317278	0.88879212271517682
27.88465284106065667	0.88804829023451815
27.89446792125814412	0.88731550096395873
27.90428300145563156	0.88659376230166242
27.91409808165311901	0.88588308112891079
27.92391316185060646	0.88518346382029245
27.93372824204809390	0.88449491625366217
27.94354332224558135	0.88381744381994876
27.95335840244306880	0.88315105143273021
27.96317348264055624	0.88249574353764748
27.97298856283804014	0.88185152412159995
27.98280364303552759	0.88121839672176716
27.99261872323301503	0.88059636443444600
28.00243380343050248	0.87998542992366080
28.01224888362798993	0.87938559542963790
28.02206396382547737	0.87879686277704661
28.03187904402296482	0.87821923338308505
28.04169412422045227	0.87765270826536013
28.05150920441793616	0.87709728804958065
28.06132428461542361	0.87655297297709711
28.07113936481291105	0.87601976291221328
28.08095444501039850	0.87549765734934359
28.09076952520788595	0.87498665541999221
28.10058460540537340	0.87448675589952751
28.11039968560286084	0.87399795721380669
28.12021476580034829	0.87352025744559303
28.13002984599783574	0.87305365434082760
28.13984492619531963	0.87259814531468916
28.14966000639280708	0.87215372745750652
28.15947508659029452	0.87172039754049424
28.16929016678778197	0.87129815202128336
28.17910524698526942	0.87088698704933232
28.18892032718275686	0.87048689847112082
28.19873540738024431	0.87009788183519743
28.20855048757773176	0.86971993239704637
28.21836556777521565	0.86935304512380152
28.22818064797270310	0.86899721469877911
28.23799572817019055	0.86865243552584348
28.24781080836767799	0.86831870173362302
28.25762588856516544	0.86799600717954184
28.26744096876265289	0.86768434545370721
28.27725604896014033	0.86738370988263114
28.28707112915762778	0.86709409353277289
28.29688620935511523	0.86681548921394469
28.30670128955259912	0.86654788948255546
28.31651636975008657	0.86629128664468258
28.32633144994757401	0.86604567275899624
28.33614653014506146	0.86581103963952755
28.34596161034254891	0.86558737885828807
28.35577669054003636	0.86537468174771925
28.36559177073752380	0.86517293940300810
28.37540685093501125	0.86498214268423068
28.38522193113249870	0.86480228221837030
28.39503701132998259	0.86463334840115436
28.40485209152747004	0.86447533139876898
28.41466717172495748	0.86432822114942065
28.42448225192244493	0.86419200736472412
28.43429733211993238	0.86406667953099769
28.44411241231741982	0.86395222691034446
28.45392749251490727	0.86384863854166272
28.46374257271239472	0.86375590324144058
28.47355765290987861	0.86367400960447016
28.48337273310736606	0.86360294600438203
28.49318781330485351	0.86354270059404292
28.50300289350234095	0.86349326130583814
28.51281797369982840	0.86345461585178218
28.52263305389731585	0.86342675172350769
28.53244813409480329	0.86340965619213017
28.54226321429229074	0.86340331630793488
28.55207829448977819	0.86340771889998180
28.56189337468726208	0.86342285057552792
28.57170845488474953	0.86344869771934685
28.58152353508223698	0.86348524649290370
28.59133861527972442	0.86353248283338746
28.60115369547721187	0.86359039245264024
28.61096877567469932	0.86365896083592464
28.62078385587218676	0.86373817324057078
28.63059893606967421	0.86382801469451420
28.64041401626715810	0.86392846999467332
28.65022909646464555	0.86403952370521941
28.66004417666213300	0.86416116015571387
28.66985925685962044	0.86429336343912810
28.67967433705710789	0.86443611740971504
28.68948941725459534	0.86458940568078924
28.69930449745208279	0.86475321162234975
28.70911957764957023	0.86492751835860904
28.71893465784705768	0.86511230876537237
28.72874973804454157	0.86530756546732479
28.73856481824202902	0.86551327083517138
28.74837989843951647	0.86572940698267187
28.75819497863700391	0.86595595576355677
28.76801005883449136	0.86619289876832317
28.77782513903197881	0.86644021732089849
28.78764021922946625	0.86669789247521933
28.79745529942695370	0.86696590501166038
28.80727037962443760	0.86724423543337381
28.81708545982192504	0.86753286396249951
28.82690054001941249	0.86783177053626748
28.83671562021689994	0.86814093480298882
28.84653070041438738	0.86846033611793505
28.85634578061187483	0.86878995353910393
28.86616086080936228	0.86912976582286627
28.87597594100684972	0.86947975141953315
28.88579102120433717	0.86983988846877880
28.89560610140182106	0.87021015479497843
28.90542118159930851	0.87059052790243974
28.91523626179679596	0.87098098497051424
28.92505134199428340	0.87138150284862004
28.93486642219177085	0.87179205805115034
28.94468150238925830	0.87221262675228284
28.95449658258674575	0.87264318478069347
28.96431166278423319	0.87308370761415932
28.97412674298172064	0.87353417037406622
28.98394182317920453	0.87399454781982433
28.99375690337669198	0.87446481434317891
29.00357198357417943	0.87494494396241851
29.01338706377166687	0.87543491031650666
29.02320214396915432	0.87593468665910745
29.03301722416664177	0.87644424585251357
29.04283230436412921	0.87696356036149559
29.05264738456161666	0.87749260224705405
29.06246246475910056	0.87803134316007525
29.07227754495658800	0.87857975433492874
29.08209262515407545	0.87913780658292295
29.09190770535156290	0.87970547028574198
29.10172278554905034	0.88028271538874781
29.11153786574653779	0.88086951139422343
29.12135294594402524	0.88146582735453127
29.13116802614151268	0.88207163186519666
29.14098310633900013	0.88268689305789338
29.15079818653648402	0.88331157859338871
29.16061326673397147	0.88394565565437833
29.17042834693145892	0.88458909093827154
29.18024342712894637	0.88524185064989402
29.19005850732643381	0.88590390049412271
29.19987358752392126	0.88657520566846104
29.20968866772140871	0.88725573085553566
29.21950374791889615	0.88794544021554689
29.22931882811638005	0.88864429737863093
29.23913390831386749	0.88935226543718882
29.24894898851135494	0.89006930693814890
29.25876406870884239	0.89079538387515311
29.26857914890632983	0.89153045768072781
29.27839422910381728	0.89227448921837627
29.28820930930130473	0.89302743877460999
29.29802438949879217	0.89378926605099140
29.30783946969627962	0.89455993015604540
29.31765454989376352	0.89533938959720993
29.32746963009125096	0.89612760227269694
29.33728471028873841	0.89692452546333112
29.34709979048622586	0.89773011582435869
29.35691487068371330	0.89854432937721329
29.36672995088120075	0.89936712150127351
29.37654503107868820	0.90019844692556406
29.38636011127617564	0.90103825972045348
29.39617519147365954	0.90188651328933545
29.40599027167114698	0.90274316036026980
29.41580535186863443	0.90360815297763786
29.42562043206612188	0.90448144249375473
29.43543551226360933	0.90536297956051004
29.44525059246109677	0.90625271412096375
29.45506567265858422	0.90715059540097953
29.46488075285607167	0.90805657190081623
29.47469583305355911	0.90897059138678049
29.48451091325104301	0.90989260088283264
29.49432599344853045	0.91082254666223117
29.50414107364601790	0.91176037423920608
29.51395615384350535	0.91270602836062209
29.52377123404099279	0.91365945299768769
29.53358631423848024	0.91462059133768381
29.54340139443596769	0.91558938577572069
29.55321647463345514	0.91656577790655591
29.56303155483094258	0.91754970851639639
29.57284663502842648	0.91854111757481116
29.58266171522591392	0.91953994422664709
29.59247679542340137	0.92054612678401426
29.60229187562088882	0.92155960271832382
29.61210695581837626	0.92258030865239804
29.62192203601586371	0.92360818035263470
29.63173711621335116	0.92464315272124620
29.64155219641083860	0.92568515978858135
29.65136727660832250	0.92673413470551080
29.66118235680580995	0.92779000973592496
29.67099743700329739	0.92885271624930810
29.68081251720078484	0.92992218471338850
29.69062759739827229	0.93099834468693754
29.70044267759575973	0.93208112481263661
29.71025775779324718	0.93317045281006405
29.72007283799073463	0.93426625546880782
29.72988791818822207	0.93536845864168672
29.73970299838570597	0.93647698723813000
29.74951807858319341	0.93759176521764864
29.75933315878068086	0.93871271558348157
29.76914823897816831	0.93983976037637085
29.77896331917565576	0.94097282066848809
29.78877839937314320	0.94211181655752219
29.79859347957063065	0.94325666716093726
29.80840855976811810	0.94440729061037798
29.81822363996560199	0.94556360404628337
29.82803872016308944	0.94672552361263673
29.83785380036057688	0.94789296445197102
29.84766888055806433	0.94906584070048028
29.85748396075555178	0.95024406548341689
29.86729904095303922	0.95142755091063358
29.87711412115052667	0.95261620807237390
29.88692920134801412	0.95380994703527266
29.89674428154550156	0.95500867683858137
29.90655936174298546	0.95621230549060765
29.91637444194047291	0.95742073996544941
29.92618952213796035	0.95863388619990630
29.93600460233544780	0.95985164909069987
29.94581968253293525	0.96107393249190942
29.95563476273042269	0.96230063921271769
29.96544984292791014	0.96353167101538906
29.97526492312539759	0.96476692861356139
29.98508000332288148	0.96600631167079265
29.99489508352036893	0.96724971879943833
30.00471016371785637	0.96849704755978172
30.01452524391534382	0.96974819445953397
30.02434032411283127	0.97100305495358075
30.03415540431031872	0.97226152344409700
30.04397048450780616	0.97352349328098153
30.05378556470529361	0.97478885676259019
30.06360064490278106	0.97605750513687739
30.07341572510026495	0.97732932860282462
30.08323080529775240	0.97860421631224093
30.09304588549523984	0.97988205637196069
30.10286096569272729	0.98116273584633995
30.11267604589021474	0.98244614076019743
30.12249112608770218	0.98373215610209330
30.13230620628518963	0.98502066582800885
30.14212128648267708	0.98631155286542882
30.15193636668016453	0.98760469911780102
30.16175144687764842	0.98889998546943447
30.17156652707513587	0.99019729179078231
30.18138160727262331	0.99149649694416264
30.19119668747011076	0.99279747878988400
30.20101176766759821	0.99410011419282873
30.21082684786508565	0.99540427902945761
30.22064192806257310	0.99670984819526098
30.23045700826006055	0.99801669561263351
30.24027208845754444	0.99932469423925407
30.25008716865503189	1.00063371607689278
30.25990224885251934	1.00194363218066695
30.26971732905000678	1.00325431266878029
30.27953240924749423	1.00456562673277228
30.28934748944498168	1.00587744264818557
30.29916256964246912	1.00718962778574905
30.30897764983995657	1.00850204862303916
30.31879273003744402	1.00981457075665282
30.32860781023492791	1.01112705891484733
30.33842289043241536	1.01243937697069120
30.34823797062990280	1.01375138795571829
30.35805305082739025	1.01506295407409519
30.36786813102487770	1.01637393671727971
30.37768321122236514	1.01768419647921138
30.38749829141985259	1.01899359317199978
30.39731337161734004	1.02030198584213361
30.40712845181482393	1.02160923278723215
30.41694353201231138	1.02291519157326416
30.42675861220979883	1.02421971905235010
30.43657369240728627	1.02552267138105146
30.44638877260477372	1.02682390403917312
30.45620385280226117	1.02812327184914709
30.46601893299974861	1.02942062899587539
30.47583401319723606	1.03071582904714099
30.48564909339472351	1.03200872497453755
30.49546417359220740	1.03329916917489650
30.50527925378969485	1.03458701349228721
30.51509433398718230	1.03587210924049811
30.52490941418466974	1.03715430722605162
30.53472449438215719	1.03843345777174800
30.54453957457964464	1.03970941074072543
30.55435465477713208	1.04098201556100123
30.56416973497461953	1.04225112125058872
30.57398481517210342	1.04351657644305629
30.58379989536959087	1.04477822941364296
30.59361497556707832	1.04603592810581891
30.60343005576456576	1.04728952015841359
30.61324513596205321	1.04853885293317295
30.62306021615954066	1.04978377354282681
30.63287529635702811	1.05102412887963670
30.64269037655451555	1.05225976564442592
30.65250545675200300	1.05349053037604157
30.66232053694948689	1.05471626948134789
30.67213561714697434	1.05593682926557619
30.68195069734446179	1.05715205596321082
30.69176577754194923	1.05836179576925660
30.70158085773943668	1.05956589487096942
30.71139593793692413	1.06076419947997236
30.72121101813441157	1.06195655586481474
30.73102609833189902	1.06314281038392400
30.74084117852938292	1.06432280951893454
30.75065625872687036	1.06549639990841216
30.76047133892435781	1.06666342838195716
30.77028641912184526	1.06782374199461505
30.78010149931933270	1.06897718806171405
30.78991657951682015	1.07012361419397828
30.79973165971430760	1.07126286833297213
30.80954673991179504	1.07239479878686694
30.81936182010928249	1.07351925426648753
30.82917690030676638	1.07463608392166998
30.83899198050425383	1.07574513737785038
30.84880706070174128	1.07684626477291645
30.85862214089922873	1.07793931679432697
30.86843722109671617	1.07902414471641817
30.87825230129420362	1.08010060043791811
30.88806738149169107	1.08116853651969969
30.89788246168917851	1.08222780622263026
30.90769754188666596	1.08327826354566237
30.91751262208414985	1.08431976326400092
30.92732770228163730	1.08535216096744103
30.93714278247912475	1.08637531309877700
30.94695786267661219	1.08738907699232845
30.95677294287409964	1.08839331091252545
30.96658802307158709	1.08938787409252713
30.97640310326907453	1.09037262677290769
30.98621818346656198	1.09134743024035541
30.99603326366404588	1.09231214686631728
31.00584834386153332	1.09326664014569253
31.01566342405902077	1.09421077473542372
31.02547850425650822	1.09514441649306216
31.03529358445399566	1.09606743251522154
31.04510866465148311	1.09697969117594996
31.05492374484897056	1.09788106216497550
31.06473882504645800	1.09877141652579846
31.07455390524394545	1.09965062669361613
31.08436898544142934	1.10051856653308922
31.09418406563891679	1.10137511137585364
31.10399914583640424	1.10222013805786911
31.11381422603389169	1.10305352495646769
31.12362930623137913	1.10387515202714881
31.13344438642886658	1.10468490084009585
31.14325946662635403	1.10548265461638917
31.15307454682384147	1.10626829826384121
31.16288962702132537	1.10704171841254362
31.17270470721881281	1.10780280345000071
31.18251978741630026	1.10855144355587809
31.19233486761378771	1.10928753073633235
31.20214994781127515	1.11001095885794321
31.21196502800876260	1.11072162368111860
31.22178010820625005	1.11141942289310069
31.23159518840373750	1.11210425614043040
31.24141026860122494	1.11277602506090090
31.25122534879870884	1.11343463331501935
31.26104042899619628	1.11407998661683139
31.27085550919368373	1.11471199276426880
31.28067058939117118	1.11533056166882893
31.29048566958865862	1.11593560538469250
31.30030074978614607	1.11652703813716658
31.31011582998363352	1.11710477635055083
31.31993091018112096	1.11766873867525174
31.32974599037860486	1.11821884601427746
31.33956107057609231	1.11875502154902762
31.34937615077357975	1.11927719076433174
31.35919123097106720	1.11978528147279022
31.36900631116855465	1.12027922383836920
31.37882139136604209	1.12075895039919882
31.38863647156352954	1.12122439608963598
31.39845155176101699	1.12167549826151225
31.40826663195850443	1.12211219670456552
31.41808171215598833	1.12253443366608119
31.42789679235347577	1.12294215386970464
31.43771187255096322	1.12333530453334740
31.44752695274845067	1.12371383538632941
31.45734203294593812	1.12407769868557117
31.46715711314342556	1.12442684923098435
31.47697219334091301	1.12476124437989644
31.48678727353840046	1.12508084406062814
31.49660235373588790	1.12538561078518073
31.50641743393337180	1.12567550966094521
31.51623251413085924	1.12595050840152999
31.52604759432834669	1.12621057733669283
31.53586267452583414	1.12645568942124052
31.54567775472332158	1.12668582024309738
31.55549283492080903	1.12690094803033736
31.56530791511829648	1.12710105365734825
31.57512299531578392	1.12728612064993783
31.58493807551326782	1.12745613518958998
31.59475315571075527	1.12761108611668748
31.60456823590824271	1.12775096493280280
31.61438331610573016	1.12787576580200843
31.62419839630321761	1.12798548555124567
31.63401347650070505	1.12808012366970267
31.64382855669819250	1.12815968230725838
31.65364363689567995	1.12822416627193012
31.66345871709316739	1.12827358302640079
31.67327379729065129	1.12830794268355294
31.68308887748813873	1.12832725800107792
31.69290395768562618	1.12833154437510608
31.70271903788311363	1.12832081983292798
31.71253411808060108	1.12829510502474806
31.72234919827808852	1.12825442321452574
31.73216427847557597	1.12819880026986108
31.74197935867306342	1.12812826465099181
31.75179443887054731	1.12804284739887217
31.76160951906803476	1.12794258212233922
31.77142459926552220	1.12782750498438000
31.78123967946300965	1.12769765468753680
31.79105475966049710	1.12755307245842729
31.80086983985798454	1.12739380203138584
31.81068492005547199	1.12721988963129105
31.82050000025295944	1.12703138395551372
31.83031508045044689	1.12682833615505507
31.84013016064793078	1.12661079981487822
31.84994524084541823	1.12637883093343527
31.85976032104290567	1.12613248790138187
31.86957540124039312	1.12587183147955017
31.87939048143788057	1.12559692477616835
31.88920556163536801	1.12530783322330841
31.89902064183285546	1.12500462455260486
31.90883572203034291	1.12468736877031761
31.91865080222782680	1.12435613813163693
31.92846588242531425	1.12401100711433521
31.93828096262280170	1.12365205239177657
31.94809604282028914	1.12327935280523983
31.95791112301777659	1.12289298933567094
31.96772620321526404	1.12249304507478009
31.97754128341275148	1.12207960519558947
31.98735636361023893	1.12165275692237976
31.99717144380772638	1.12121258950009972
32.00698652400521382	1.12075919416325043
32.01680160420270482	1.12029266410425055
32.02661668440018872	1.11981309444131116
32.03643176459767972	1.11932058218582098
32.04624684479516361	1.11881522620931473
32.05606192499264750	1.11829712720998309
32.06587700519013850	1.11776638767874803
32.07569208538762240	1.11722311186501910
32.08550716558511340	1.11666740574198831
32.09532224578259729	1.11609937697163586
32.10513732598008829	1.11551913486938226
32.11495240617757219	1.11492679036841813
32.12476748637506319	1.11432245598377500
32.13458256657254708	1.11370624577608379
32.14439764677003097	1.11307827531513115
32.15421272696752197	1.11243866164314364
32.16402780716500587	1.11178752323787822
32.17384288736249687	1.11112497997554782
32.18365796755998076	1.11045115309354103
32.19347304775747176	1.10976616515298754
32.20328812795495566	1.10907014000125836
32.21310320815243955	1.10836320273428290
32.22291828834993055	1.10764547965880622
32.23273336854741444	1.10691709825460149
32.24254844874490544	1.10617818713657301
32.25236352894238934	1.10542887601688489
32.26217860913988034	1.10466929566703098
32.27199368933736423	1.10389957787995918
32.28180876953485523	1.10311985543215818
32.29162384973233912	1.10233026204583107
32.30143892992982302	1.10153093235112975
32.31125401012731402	1.10072200184842472
32.32106909032479791	1.09990360687071798
32.33088417052228891	1.09907588454614125
32.34069925071977281	1.09823897276057103
32.35051433091726381	1.09739301012042212
32.36032941111474770	1.09653813591556593
32.37014449131223870	1.09567449008246487
32.37995957150972259	1.09480221316744397
32.38977465170720649	1.09392144629021493
32.39958973190469749	1.09303233110761377
32.40940481210218138	1.09213500977753997
32.41921989229967238	1.09122962492319964
32.42903497249715628	1.09031631959755604
32.43885005269464727	1.08939523724810394
32.44866513289213117	1.08846652168189428
32.45848021308962217	1.08753031703088165
32.46829529328710606	1.08658676771759732
32.47811037348458996	1.08563601842110069
32.48792545368208096	1.08467821404332376
32.49774053387956485	1.08371349967572295
32.50755561407705585	1.08274202056629876
32.51737069427453974	1.08176392208700989
32.52718577447203074	1.08077934970151213
32.53700085466951464	1.07978844893334136
32.54681593486700564	1.07879136533443365
32.55663101506448953	1.07778824445412025
32.56644609526197343	1.07677923180847768
32.57626117545946443	1.07576447285010324
32.58607625565694832	1.07474411293835592
32.59589133585443932	1.07371829731000235
32.60570641605192321	1.07268717105029854
32.61552149624941421	1.07165087906454493
32.62533657644689811	1.07060956605007140
32.63515165664438200	1.06956337646869737
32.64496673684187300	1.06851245451964605
32.65478181703935689	1.06745694411292180
32.66459689723684789	1.06639698884317857
32.67441197743433179	1.06533273196404465
32.68422705763182279	1.06426431636294927
32.69404213782930668	1.06319188453641256
32.70385721802679768	1.06211557856582273
32.71367229822428158	1.06103554009372747
32.72348737842176547	1.05995191030059677
32.73330245861925647	1.05886482988204933
32.74311753881674036	1.05777443902664836
32.75293261901423136	1.05668087739411587
32.76274769921171526	1.05558428409410254
32.77256277940920626	1.05448479766540326
32.78237785960669015	1.05338255605571307
32.79219293980418115	1.05227769660186410
32.80200802000166505	1.05117035601053632
32.81182310019914894	1.05006067033952988
32.82163818039663994	1.04894877497944305
32.83145326059412383	1.04783480463592227
32.84126834079161483	1.04671889331236145
32.85108342098909873	1.04560117429311128
32.86089850118658973	1.04448178012718018
32.87071358138407362	1.04336084261238993
32.88052866158156462	1.04223849278007696
32.89034374177904851	1.04111486088021121
32.90015882197653241	1.03999007636703067
32.90997390217402341	1.03886426788516428
32.91978898237150730	1.03773756325617872
32.92960406256899830	1.03661008946564848
32.93941914276648220	1.03548197265065278
32.94923422296397320	1.03435333808776875
32.95904930316145709	1.03322431018149152
32.96886438335894809	1.03209501245311697
32.97867946355643198	1.03096556753010193
32.98849454375391588	1.02983609713581181
32.99830962395140688	1.02870672207976899
33.00812470414889077	1.02757756224831653
33.01793978434638177	1.02644873659567826
33.02775486454386566	1.02532036313550279
33.03756994474135666	1.02419255893277938
33.04738502493884056	1.02306544009620293
33.05720010513632445	1.02193912177092505
33.06701518533381545	1.02081371813172073
33.07683026553129935	1.01968934237656361
33.08664534572879035	1.01856610672055448
33.09646042592627424	1.01744412239030457
33.10627550612376524	1.01632349961863677
33.11609058632124913	1.01520434763968237
33.12590566651874013	1.01408677468436670
33.13572074671622403	1.01297088797624024
33.14553582691370792	1.01185679372766479
33.15535090711119892	1.01074459713635867
33.16516598730868282	1.00963440238228608
33.17498106750617382	1.00852631262488646
33.18479614770365771	1.00742043000062664
33.19461122790114871	1.00631685562089146
33.20442630809863260	1.00521568957019536
33.21424138829612360	1.00411703090467608
33.22405646849360750	1.00302097765095710
33.23387154869109139	1.00192762680524905
33.24368662888858239	1.00083707433277125
33.25350170908606628	0.99974941516748095
33.26331678928355728	0.99866474321205001
33.27313186948104118	0.99758315133813102
33.28294694967853218	0.99650473138689022
33.29276202987601607	0.99542957416982070
33.30257711007350707	0.99435776946978438
33.31239219027099097	0.99328940604231608
33.32220727046847486	0.99222457161718047
33.33202235066596586	0.99116335290015689
33.34183743086344975	0.99010583557503584
33.35165251106094075	0.98905210430590507
33.36146759125842465	0.98800224273956294
33.37128267145591565	0.98695633350822520
33.38109775165339954	0.98591445823238655
33.39091283185088344	0.98487669752391516
33.40072791204837444	0.98384313098932874
33.41054299224585833	0.98281383723324200
33.42035807244334933	0.98178889386204526
33.43017315264083322	0.98076837748770418
33.43998823283832422	0.97975236373176233
33.44980331303580812	0.97874092722951711
33.45961839323329912	0.97773414163432171
33.46943347343078301	0.97673207962208519
33.47924855362826690	0.97573481289586916
33.48906363382575790	0.97474241219068847
33.49887871402324180	0.97375494727840139
33.50869379422073280	0.97277248697274743
33.51850887441821669	0.97179509913452955
33.52832395461570769	0.97082285067688012
33.53813903481319159	0.96985580757069978
33.54795411501068259	0.96889403485014658
33.55776919520816648	0.96793759661828416
33.56758427540565037	0.96698655605279416
33.57739935560314137	0.96604097541181244
33.58721443580062527	0.96510091603984338
33.59702951599811627	0.96416643837376892
33.60684459619560016	0.96323760194893171
33.61665967639309116	0.96231446540531029
33.62647475659057505	0.96139708649375588
33.63628983678806605	0.96048552208231075
33.64610491698554995	0.95957982816257936
33.65591999718303384	0.95868005985617166
33.66573507738052484	0.95778627142119510
33.67555015757800874	0.95689851625881150
33.68536523777549974	0.95601684691982303
33.69518031797298363	0.95514131511133393
33.70499539817047463	0.95427197170340616
33.71481047836795852	0.95340886673581327
33.72462555856544952	0.95255204942477023
33.73444063876293342	0.95170156816973528
33.74425571896041731	0.95085747056021608
33.75407079915790831	0.95001980338259184
33.76388587935539221	0.94918861262699239
33.77370095955288321	0.94836394349414443
33.78351603975036710	0.94754584040227574
33.79333111994785810	0.94673434699398651
33.80314620014534199	0.94592950614316418
33.81296128034282589	0.94513135996188968
33.82277636054031689	0.94433994980731673
33.83259144073780078	0.94355531628860123
33.84240652093529178	0.94277749927377907
33.85222160113277567	0.94200653789665523
33.86203668133026667	0.94124247056369281
33.87185176152775057	0.94048533496085940
33.88166684172524157	0.93973516806048019
33.89148192192272546	0.93899200612807521
33.90129700212020936	0.93825588472915433
33.91111208231770036	0.93752683873600973
33.92092716251518425	0.93680490233446367
33.93074224271267525	0.93609010903060952
33.94055732291015914	0.93538249165751020
33.95037240310765014	0.93468208238185302
33.96018748330513404	0.93398891271060180
33.97000256350262504	0.93330301349758105
33.97981764370010893	0.93262441495004000
33.98963272389759283	0.93195314663515794
33.99944780409508382	0.93128923748653258
34.00926288429256772	0.93063271581061202
34.01907796449005872	0.92998360929306334
34.02889304468754261	0.92934194500513156
34.03870812488503361	0.92870774940991796
34.04852320508251751	0.92808104836861360
34.05833828528000851	0.92746186714669476
34.06815336547749240	0.92685023042005010
34.07796844567497629	0.92624616228105194
34.08778352587246729	0.92564968624458377
34.09759860606995119	0.92506082525400490
34.10741368626744219	0.92447960168704257
34.11722876646492608	0.92390603736163934
34.12704384666241708	0.92334015354173737
34.13685892685990098	0.92278197094299796
34.14667400705739198	0.92223150973843881
34.15648908725487587	0.92168878956404354
34.16630416745235976	0.92115382952426594
34.17611924764985076	0.92062664819750573
34.18593432784733466	0.92010726364147222
34.19574940804482566	0.91959569339852154
34.20556448824230955	0.91909195450089576
34.21537956843980055	0.91859606347589928
34.22519464863728444	0.91810803635101834
34.23500972883476834	0.91762788865893419
34.24482480903225934	0.91715563544249457
34.25463988922974323	0.91669129125960735
34.26445496942723423	0.91623487018804339
34.27427004962471813	0.91578638583017646
34.28408512982220913	0.91534585131765034
34.29390021001969302	0.91491327931594990
34.30371529021718402	0.91448868202893219
34.31353037041466791	0.91407207120323353
34.32334545061215181	0.91366345813265049
34.33316053080964281	0.91326285366238869
34.34297561100712670	0.91287026819327699
34.35279069120461770	0.91248571168588699
34.36260577140210160	0.91210919366455367
34.37242085159959259	0.91174072322135202
34.38223593179707649	0.91138030901997780
34.39205101199456749	0.91102795929951774
34.40186609219205138	0.91068368187821136
34.41168117238953528	0.91034748415704680
34.42149625258702628	0.91001937312333947
34.43131133278451017	0.90969935535420410
34.44112641298200117	0.90938743701994063
34.45094149317948506	0.90908362388734909
34.46075657337697606	0.90878792132296116
34.47057165357445996	0.90850033429618460
34.48038673377195096	0.90822086738236685
34.49020181396943485	0.90794952476578716
34.50001689416691875	0.90768631024254520
34.50983197436440975	0.90743122722339253
34.51964705456189364	0.90718427873646323
34.52946213475938464	0.90694546742992632
34.53927721495686853	0.90671479557455881
34.54909229515435953	0.90649226506624514
34.55890737535184343	0.90627787742837262
34.56872245554932732	0.90607163381416223
34.57853753574681832	0.90587353500891821
34.58835261594430222	0.90568358143218131
34.59816769614179321	0.90550177313981695
34.60798277633927711	0.90532810982600742
34.61779785653676811	0.90516259082517114
34.62761293673425200	0.90500521511379983
34.63742801693174300	0.90485598131221734
34.64724309712922690	0.90471488768624175
34.65705817732671079	0.90458193214878990
34.66687325752420179	0.90445711226138137
34.67668833772168568	0.90434042523558278
34.68650341791917668	0.90423186793434307
34.69631849811666058	0.90413143687327790
34.70613357831415158	0.90403912822185639
34.71594865851163547	0.90395493780451552
34.72576373870912647	0.90387886110169924
34.73557881890661037	0.90381089325080510
34.74539389910409426	0.90375102904706861
34.75520897930158526	0.90369926294435776
34.76502405949906915	0.90365558905590038
34.77483913969656015	0.90362000115491370
34.78465421989404405	0.90359249267520125
34.79446930009153505	0.90357305671159727
34.80428438028901894	0.90356168602043108
34.81409946048650994	0.90355837301983000
34.82391454068399383	0.90356310978999177
34.83372962088147773	0.90357588807338240
34.84354470107896873	0.90359669927484199
34.85335978127645262	0.90362553446161353
34.86317486147394362	0.90366238436333468
34.87298994167142752	0.90370723937190023
34.88280502186891852	0.90376008954130971
34.89262010206640241	0.90382092458738972
34.90243518226389341	0.90388973388749394
34.91225026246137730	0.90396650648009025
34.92206534265886120	0.90405123106431040
34.93188042285635220	0.90414389599938683
34.94169550305383609	0.90424448930409185
34.95151058325132709	0.90435299865601881
34.96132566344881099	0.90446941139087011
34.97114074364630198	0.90459371450163417
34.98095582384378588	0.90472589463770747
34.99077090404126977	0.90486593810395977
35.00058598423876077	0.90501383085971843
35.01040106443624467	0.90516955851769121
35.02021614463373567	0.90533310634283182
35.03003122483121956	0.90550445925113787
35.03984630502871056	0.90568360180837892
35.04966138522619445	0.90587051822877862
35.05947646542368545	0.90606519237360872
35.06929154562116935	0.90626760774975268
35.07910662581865324	0.90647774750818055
35.08892170601614424	0.90669559444239400
35.09873678621362814	0.90692113098678184
35.10855186641111914	0.90715433921493871
35.11836694660860303	0.90739520083792014
35.12818202680609403	0.90764369720244475
35.13799710700357792	0.90789980928902736
35.14781218720106892	0.90816351771008130
35.15762726739855282	0.90843480270794219
35.16744234759603671	0.90871364415285460
35.17725742779352771	0.90900002154090909
35.18707250799101161	0.90929391399190673
35.19688758818850260	0.90959530024720259
35.20670266838598650	0.90990415866748109
35.21651774858347750	0.91022046723048589
35.22633282878096139	0.91054420352871168
35.23614790897845239	0.91087534476703325
35.24596298917593629	0.91121386776030489
35.25577806937342018	0.91155974893091274
35.26559314957091118	0.91191296430628088
35.27540822976839507	0.91227348951633158
35.28522330996588607	0.91264129979091435
35.29503839016336997	0.91301636995718827
35.30485347036086097	0.91339867443697242
35.31466855055834486	0.91378818724404320
35.32448363075582876	0.91418488198143200
35.33429871095331976	0.91458873183862310
35.34411379115080365	0.91499970958880417
35.35392887134829465	0.91541778758600278
35.36374395154577854	0.91584293776224024
35.37355903174326954	0.91627513162464702
35.38337411194075344	0.91671434025253906
35.39318919213824444	0.91716053429446853
35.40300427233572833	0.91761368396526821
35.41281935253321222	0.91807375904303545
35.42263443273070322	0.91854072886613758
35.43244951292818712	0.91901456233014800
35.44226459312567812	0.91949522788480931
35.45207967332316201	0.91998269353093598
35.46189475352065301	0.92047692681733551
35.47170983371813691	0.92097789483768266
35.48152491391562791	0.92148556422740280
35.49133999411311180	0.92199990116053576
35.50115507431059569	0.92252087134657568
35.51097015450808669	0.92304844002733399
35.52078523470557059	0.92358257197375127
35.53060031490306159	0.92412323148275122
35.54041539510054548	0.92467038237403343
35.55023047529803648	0.92522398798693628
35.56004555549552038	0.92578401117722064
35.56986063569301137	0.92635041431392073
35.57967571589049527	0.92692315927614932
35.58949079608797916	0.92750220744995393
35.59930587628547016	0.92808751972512415
35.60912095648295406	0.92867905649206384
35.61893603668044506	0.92927677763862837
35.62875111687792895	0.92988064254701508
35.63856619707541995	0.93049061009062328
35.64838127727290384	0.93110663863097298
35.65819635747039484	0.93172868601461512
35.66801143766787874	0.93235670957007100
35.67782651786536263	0.93299066610479719
35.68764159806285363	0.93363051190217550
35.69745667826033753	0.93427620271850786
35.70727175845782853	0.93492769378008533
35.71708683865531242	0.93558493978024215
35.72690191885280342	0.93624789487646853
35.73671699905028731	0.93691651268755871
35.74653207924777121	0.93759074629078376
35.75634715944526221	0.93827054821911460
35.76616223964274610	0.93895587045849394
35.77597731984023710	0.93964666444513179
35.78579240003772099	0.94034288106286468
35.79560748023521199	0.94104447064056929
35.80542256043269589	0.94175138294960747
35.81523764063018689	0.94246356720135549
35.82505272082767078	0.94318097204474916
35.83486780102515468	0.94390354556393041
35.84468288122264568	0.94463123527593662
35.85449796142012957	0.94536398812843969
35.86431304161762057	0.94610175049759415
35.87412812181510446	0.94684446818590007
35.88394320201259546	0.94759208642018955
35.89375828221007936	0.94834454984964833
35.90357336240757036	0.94910180254394327
35.91338844260505425	0.94986378799141935
35.92320352280253815	0.95063044909736705
35.93301860300002915	0.95140172818239377
35.94283368319751304	0.95217756698088341
35.95264876339500404	0.95295790663952351
35.96246384359248793	0.95374268771595361
35.97227892378997893	0.95453185017750120
35.98209400398746283	0.95532533340000092
35.99190908418495383	0.95612307616674352
36.00172416438243772	0.95692501666750418
36.01153924457992161	0.95773109249769550
36.02135432477741261	0.95854124065762236
36.03116940497489651	0.95935539755184818
36.04098448517238751	0.96017349898867876
36.05079956536987140	0.96099548017978498
36.06061464556736240	0.96182127573989717
36.07042972576484630	0.96265081968668720
36.08024480596233730	0.96348404544071842
36.09005988615982119	0.96432088582557196
36.09987496635730508	0.96516127306808031
36.10969004655479608	0.96600513879870120
36.11950512675227998	0.96685241405202749
36.12932020694977098	0.96770302926746110
36.13913528714725487	0.96855691428997615
36.14895036734474587	0.96941399837111142
36.15876544754222977	0.97027421017002424
36.16858052773971366	0.97113747775476988
36.17839560793720466	0.97200372860368067
36.18821068813468855	0.97287288960694063
36.19802576833217955	0.97374488706830997
36.20784084852966345	0.97461964670699652
36.21765592872715445	0.97549709365972481
36.22747100892463834	0.97637715248293477
36.23728608912212934	0.97725974715519448
36.24710116931961323	0.97814480107974477
36.25691624951709713	0.97903223708726472
36.26673132971458813	0.97992197743876630
36.27654640991207202	0.98081394382871712
36.28636149010956302	0.98170805738831446
36.29617657030704692	0.98260423868896951
36.30599165050453792	0.98350240774595732
36.31580673070202181	0.98440248402228137
36.32562181089951281	0.98530438643270524
36.33543689109699670	0.98620803334802432
36.34525197129448060	0.98711334259946759
36.35506705149197160	0.98802023148338058
36.36488213168945549	0.98892861676603794
36.37469721188694649	0.98983841468870226
36.38451229208443038	0.99074954097289580
36.39432737228192138	0.99166191082583566
36.40414245247940528	0.99257543894613631
36.41395753267689628	0.99349003952967807
36.42377261287438017	0.99440562627571183
36.43358769307186407	0.99532211239318724
36.44340277326935507	0.99623941060727383
36.45321785346683896	0.99715743316612970
36.46303293366432996	0.99807609184785773
36.47284801386181385	0.99899529796771380
36.48266309405930485	0.99991496238553568
36.49247817425678875	1.00083499551336041
36.50229325445427264	1.00175530732332163
36.51210833465176364	1.00267580735573980
36.52192341484924754	1.00359640472743261
36.53173849504673854	1.00451700814028921
36.54155357524422243	1.00543752589003965
36.55136865544171343	1.00635786587527720
36.56118373563919732	1.00727793560669454
36.57099881583668832	1.00819764221656860
36.58081389603417222	1.00911689246845993
36.59062897623165611	1.01003559276716204
36.60044405642914711	1.01095364916885666
36.61025913662663100	1.01187096739154492
36.62007421682412200	1.01278745282565397
36.62988929702160590	1.01370301054492495
36.63970437721909690	1.01461754531751680
36.64951945741658079	1.01553096161732137
36.65933453761407179	1.01644316363554399
36.66914961781155569	1.01735405529248113
36.67896469800903958	1.01826354024955545
36.68877977820653058	1.01917152192157578
36.69859485840401447	1.02007790348918825
36.70840993860150547	1.02098258791161678
36.71822501879898937	1.02188547793957163
36.72804009899648037	1.02278647612840534
36.73785517919396426	1.02368548485152044
36.74767025939145526	1.02458240631392150
36.75748533958893915	1.02547714256608069
36.76730041978642305	1.02636959551793105
36.77711549998391405	1.02725966695314841
36.78693058018139794	1.02814725854359401
36.79674566037888894	1.02903227186400259
36.80656074057637284	1.02991460840684601
36.81637582077386384	1.03079416959743364
36.82619090097134773	1.03167085680918946
36.83600598116883873	1.03254457137915168
36.84582106136632262	1.03341521462364194
36.85563614156380652	1.03428268785415667
36.86545122176129752	1.03514689239341173
36.87526630195878141	1.03600772959162835
36.88508138215627241	1.03686510084292616
36.89489646235375631	1.03771890760198282
36.90471154255124731	1.03856905140077549
36.91452662274873120	1.03941543386556723
36.92434170294621509	1.04025795673403310
36.93415678314370609	1.04109652187252588
36.94397186334118999	1.04193103129354192
36.95378694353868099	1.04276138717330102
36.96360202373616488	1.04358749186949029
36.97341710393365588	1.04440924793916423
36.98323218413113977	1.04522655815675036
36.99304726432863077	1.04603932553222378
37.00286234452611467	1.04684745332936857
37.01267742472359856	1.04765084508418926
37.02249250492108956	1.04844940462344627
37.03230758511857346	1.04924303608325453
37.04212266531606446	1.05003164392784054
37.05193774551354835	1.05081513296836015
37.06175282571103935	1.05159340838182658
37.07156790590852324	1.05236637573010938
37.08138298610601424	1.05313394097902546
37.09119806630349814	1.05389601051749415
37.10101314650098203	1.05465249117675763
37.11082822669847303	1.05540329024966817
37.12064330689595693	1.05614831551001132
37.13045838709344793	1.05688747523189197
37.14027346729093182	1.05762067820913397
37.15008854748842282	1.05834783377475095
37.15990362768590671	1.05906885182038302
37.16971870788339771	1.05978364281579363
37.17953378808088161	1.06049211782836905
37.18934886827836550	1.06119418854259173
37.19916394847585650	1.06188976727953510
37.20897902867334039	1.06257876701631959
37.21879410887083139	1.06326110140556684
37.22860918906831529	1.06393668479481751
37.23842426926580629	1.06460543224588555
37.24823934946329018	1.06526725955421919
37.25805442966078118	1.06592208326812998
37.26786950985826508	1.06656982070803386
37.27768459005574897	1.06721038998558737
37.28749967025323997	1.06784371002272227
37.29731475045072386	1.06846970057064783
37.30712983064821486	1.06908828222868668
37.31694491084569876	1.06969937646308377
37.32675999104318976	1.07030290562562880
37.33657507124067365	1.07089879297221113
37.34639015143815755	1.07148696268122023
37.35620523163564854	1.07206733987180325
37.36602031183313244	1.07263985062200318
37.37583539203062344	1.07320442198670984
37.38565047222810733	1.07376098201547387
37.39546555242559833	1.07430945977013281
37.40528063262308223	1.07484978534225784
37.41509571282057323	1.07538188987043881
37.42491079301805712	1.07590570555732246
37.43472587321554101	1.07642116568651902
37.44454095341303201	1.07692820463920524
37.45435603361051591	1.07742675791059184
37.46417111380800691	1.07791676212612209
37.47398619400549080	1.07839815505742087
37.48380127420298180	1.07887087563805251
37.49361635440046570	1.07933486397894907
37.50343143459795670	1.07979006138366174
37.51324651479544059	1.08023641036328755
37.52306159499292448	1.08067385465114407
37.53287667519041548	1.08110233921716725
37.54269175538789938	1.08152181028199434
37.55250683558539038	1.08193221533077844
37.56232191578287427	1.08233350312670384
37.57213699598036527	1.08272562372415027
37.58195207617784916	1.08310852848159156
37.59176715637534016	1.08348217007413661
37.60158223657282406	1.08384650250573733
37.61139731677030795	1.08420148112111470
37.62121239696779895	1.08454706261725731
37.63102747716528285	1.08488320505464308
37.64084255736277385	1.08520986786807305
37.65065763756025774	1.08552701187714362
37.66047271775774874	1.08583459929639470
37.67028779795523263	1.08613259374501081
37.68010287815271653	1.08642096025622537
37.68991795835020753	1.08669966528630280
37.69973303854769142	1.08696867672313346
37.70954811874518242	1.08722796389445220
37.71936319894266632	1.08747749757567380
37.72917827914015731	1.08771724999730268
37.73899335933764121	1.08794719485194813
37.74880843953513221	1.08816730730095679
37.75862351973261610	1.08837756398060370
37.76843859993010000	1.08857794300789634
37.77825368012759100	1.08876842398593499
37.78806876032507489	1.08894898800891049
37.79788384052256589	1.08911961766658472
37.80769892072004978	1.08928029704845386
37.81751400091754078	1.08943101174742374
37.82732908111502468	1.08957174886306074
37.83714416131251568	1.08970249700444199
37.84695924150999957	1.08982324629253835
37.85677432170748347	1.08993398836220745
37.86658940190497447	1.09003471636370830
37.87640448210245836	1.09012542496382192
37.88621956229994936	1.09020611034651882
37.89603464249743325	1.09027677021318525
37.90584972269492425	1.09033740378244093
37.91566480289240815	1.09038801178948308
37.92547988308989915	1.09042859648505464
37.93529496328738304	1.09045916163391188
37.94511004348486694	1.09047971251290554
37.95492512368235793	1.09049025590863180
37.96474020387984183	1.09049080011461119
37.97455528407733283	1.09048135492811671
37.98437036427481672	1.09046193164646898
37.99418544447230772	1.09043254306301640
38.00400052466979162	1.09039320346262225
38.01381560486728262	1.09034392861675467
38.02363068506476651	1.09028473577817753
38.03344576526225040	1.09021564367518442
38.04326084545974140	1.09013667250547197
38.05307592565722530	1.09004784392957710
38.06289100585471630	1.08994918106391636
38.07270608605220019	1.08984070847343295
38.08252116624969119	1.08972245216383667
38.09233624644717509	1.08959443957345981
38.10215132664465898	1.08945669956474411
38.11196640684214998	1.08930926241530579
38.12178148703963387	1.08915215980866065
38.13159656723712487	1.08898542482456784
38.14141164743460877	1.08880909192897302
38.15122672763209977	1.08862319696367438
38.16104180782958366	1.08842777713552152
38.17085688802707466	1.08822287100535964
38.18067196822455855	1.08800851847657043
38.19048704842204245	1.08778476078330155
38.20030212861953345	1.08755164047838093
38.21011720881701734	1.08730920142083876
38.21993228901450834	1.08705748876319741
38.22974736921199224	1.08679654893837574
38.23956244940948324	1.08652642964634594
38.24937752960696713	1.08624717984044317
38.25919260980445813	1.08595884971340828
38.26900769000194202	1.08566149068316609
38.27882277019942592	1.08535515537826166
38.28863785039691692	1.08503989762310460
38.29845293059440081	1.08471577242289774
38.30826801079189181	1.08438283594832985
38.31808309098937571	1.08404114552001096
38.32789817118686670	1.08369075959270389
38.33771325138435060	1.08333173773924929
38.34752833158184160	1.08296414063434798
38.35734341177932549	1.08258803003809190
38.36715849197680939	1.08220346877926255
38.37697357217430039	1.08181052073847983
38.38678865237178428	1.08140925083111261
38.39660373256927528	1.08099972499004071
38.40641881276675917	1.08058201014822197
38.41623389296425017	1.08015617422107790
38.42604897316173407	1.07972228608876142
38.43586405335922507	1.07928041557823917
38.44567913355670896	1.07883063344524155
38.45549421375419286	1.07837301135606278
38.46530929395168386	1.07790762186927846
38.47512437414916775	1.07743453841728365
38.48493945434665875	1.07695383528775768
38.49475453454414264	1.07646558760504507
38.50456961474163364	1.07596987131137256
38.51438469493911754	1.07546676314807055
38.52419977513660143	1.07495634063663714
38.53401485533409243	1.07443868205979065
38.54382993553157633	1.07391386644241305
38.55364501572906732	1.07338197353247700
38.56346009592655122	1.07284308378191562
38.57327517612404222	1.07229727832743404
38.58309025632152611	1.07174463897131256
38.59290533651901711	1.07118524816219596
38.60272041671650101	1.07061918897583452
38.61253549691398490	1.07004654509584740
38.62235057711147590	1.06946740079446423
38.63216565730895979	1.06888184091329141
38.64198073750645079	1.06828995084408973
38.65179581770393469	1.06769181650955991
38.66161089790142569	1.06708752434417220
38.67142597809890958	1.06647716127503034
38.68124105829640058	1.06586081470276017
38.69105613849388448	1.06523857248248444
38.70087121869136837	1.06461052290481639
38.71068629888885937	1.06397675467693520
38.72050137908634326	1.06333735690372455
38.73031645928383426	1.06269241906898704
38.74013153948131816	1.06204203101677108
38.74994661967880916	1.06138628293270698
38.75976169987629305	1.06072526532554168
38.76957678007378405	1.06005906900866975
38.77939186027126794	1.05938778508186893
38.78920694046875184	1.05871150491305399
38.79902202066624284	1.05803032012021458
38.80883710086372673	1.05734432255346333
38.81865218106121773	1.05665360427716237
38.82846726125870163	1.05595825755225170
38.83828234145619263	1.05525837481867191
38.84809742165367652	1.05455404867794034
38.85791250185116041	1.05384537187585892
38.86772758204865141	1.05313243728542250
38.87754266224613531	1.05241533788980091
38.88735774244362631	1.05169416676555993
38.89717282264111020	1.05096901706601153
38.90698790283860120	1.05023998200471524
38.91680298303608510	1.04950715483918433
38.92661806323357609	1.04877062885475136
38.93643314343105999	1.04803049734860587
38.94624822362854388	1.04728685361403429
38.95606330382603488	1.04653979092480998
38.96587838402351878	1.04578940251982022
38.97569346422100978	1.04503578158784216
38.98550854441849367	1.04427902125254302
38.99532362461598467	1.04351921455763752
39.00513870481346856	1.04275645445230714
39.01495378501095956	1.04199083377674939
39.02476886520844346	1.04122244524798901
39.03458394540592735	1.04045138144586735
39.04439902560341835	1.03967773479922787
39.05421410580090225	1.03890159757236189
39.06402918599839325	1.03812306185159553
39.07384426619587714	1.03734221953216488
39.08365934639336814	1.03655916230522527
39.09347442659085203	1.03577398164515899
39.10328950678834303	1.03498676879703178
39.11310458698582693	1.03419761476431327
39.12291966718331082	1.03340661029677672
39.13273474738080182	1.03261384587867666
39.14254982757828571	1.03181941171707847
39.15236490777577671	1.03102339773045815
39.16217998797326061	1.03022589353750527
39.17199506817075161	1.02942698844614511
39.18181014836823550	1.02862677144280390
39.19162522856572650	1.02782533118186437
39.20144030876321040	1.02702275597536086
39.21125538896069429	1.02621913378291651
39.22107046915818529	1.02541455220186117
39.23088554935566918	1.02460909845760306
39.24070062955316018	1.02380285939421056
39.25051570975064408	1.02299592146521312
39.26033078994813508	1.02218837072461977
39.27014587014561897	1.02138029281818721
39.27996095034310287	1.02057177297485557
39.28977603054059387	1.01976289599842906
39.29959111073807776	1.01895374625950752
39.30940619093556876	1.01814440768755676
39.31922127113305265	1.01733496376328025
39.32903635133054365	1.01652549751111199
39.33885143152802755	1.01571609149203579
39.34866651172551855	1.01490682779649211
39.35848159192300244	1.01409778803758766
39.36829667212048633	1.01328905334447339
39.37811175231797733	1.01248070435594051
39.38792683251546123	1.01167282121420832
39.39774191271295223	1.01086548355893058
39.40755699291043612	1.01005877052140103
39.41737207310792712	1.00925276071894188
39.42718715330541102	1.00844753224952433
39.43700223350290202	1.00764316268654675
39.44681731370038591	1.00683972907384245
39.45663239389786980	1.00603730792084156
39.46644747409536080	1.00523597519796426
39.47626255429284470	1.00443580633217011
39.48607763449033570	1.00363687620271613
39.49589271468781959	1.00283925913706784
39.50570779488531059	1.00204302890703012
39.51552287508279449	1.00124825872503509
39.52533795528028548	1.00045502124060759
39.53515303547776938	0.99966338853699666
39.54496811567525327	0.99887343212802349
39.55478319587274427	0.99808522295502500
39.56459827607022817	0.99729883138404174
39.57441335626771917	0.99651432720311128
39.58422843646520306	0.99573177961976433
39.59404351666269406	0.99495125725865086
39.60385859686017795	0.99417282815934660
39.61367367705766895	0.99339655977431141
39.62348875725515285	0.99262251896697318
39.63330383745263674	0.99185077201000982
39.64311891765012774	0.99108138458372597
39.65293399784761164	0.99031442177462081
39.66274907804510264	0.98954994807405616
39.67256415824258653	0.98878802737710436
39.68237923844007753	0.98802872298150679
39.69219431863756142	0.98727209758677104
39.70200939883504532	0.98651821329340272
39.71182447903253632	0.98576713160226648
39.72163955923002021	0.98501891341407954
39.73145463942751121	0.98427361902901311
39.74126971962499510	0.98353130814642453
39.75108479982248610	0.98279203986472174
39.76089988001997000	0.98205587268131356
39.77071496021746100	0.98132286449269979
39.78053004041494489	0.98059307259466078
39.79034512061242879	0.97986655368255371
39.80016020080991979	0.97914336385171408
39.80997528100740368	0.97842355859798180
39.81979036120489468	0.97770719281828933
39.82960544140237857	0.97699432081136806
39.83942052159986957	0.97628499627857379
39.84923560179735347	0.97557927232474972
39.85905068199484447	0.97487720145924395
39.86886576219232836	0.97417883559695140
39.87868084238981226	0.97348422605950136
39.88849592258730326	0.97279342357647414
39.89831100278478715	0.97210647828673757
39.90812608298227815	0.97142343973984702
39.91794116317976204	0.97074435689751171
39.92775624337725304	0.97006927813516419
39.93757132357473694	0.96939825124354495
39.94738640377222794	0.96873132343043966
39.95720148396971183	0.96806854132238462
39.96701656416719572	0.96740995096652571
39.97683164436468672	0.96675559783246934
39.98664672456217062	0.96610552681425232
39.99646180475966162	0.96545978223230655
40.00627688495714551	0.96481840783554063
40.01609196515463651	0.96418144680342621
40.02590704535212041	0.96354894174816741
40.03572212554960430	0.96292093471689100
40.04553720574709530	0.96229746719391074
40.05535228594457919	0.96167858010301810
40.06516736614207019	0.96106431380982260
40.07498244633955409	0.96045470812411426
40.08479752653704509	0.95984980230231320
40.09461260673452898	0.95924963504987959
40.10442768693201998	0.95865424452384229
40.11424276712950387	0.95806366833528611
40.12405784732698777	0.95747794355192162
40.13387292752447877	0.95689710670065375
40.14368800772196266	0.95632119377018776
40.15350308791945366	0.95575024021367150
40.16331816811693756	0.95518428095132901
40.17313324831442856	0.95462335037315804
40.18294832851191245	0.95406748234160155
40.19276340870940345	0.95351671019428597
