# k*sigma S_ana(k)
0.0000100000 0.2089795918
0.0098250802 0.2089800324
0.0196401604 0.2089813521
0.0294552406 0.2089835510
0.0392703208 0.2089866290
0.0490854010 0.2089905860
0.0589004812 0.2089954218
0.0687155614 0.2090011363
0.0785306416 0.2090077292
0.0883457218 0.2090152004
0.0981608020 0.2090235494
0.1079758822 0.2091532022
0.1177909624 0.2091862166
0.1276060426 0.2092221076
0.1374211228 0.2092608770
0.1472362030 0.2093025263
0.1570512832 0.2093470574
0.1668663634 0.2093944723
0.1766814436 0.2094447729
0.1864965238 0.2094979614
0.1963116039 0.2095540402
0.2061266841 0.2096130116
0.2159417643 0.2096748783
0.2257568445 0.2097396429
0.2355719247 0.2098073081
0.2453870049 0.2098778770
0.2552020851 0.2099513526
0.2650171653 0.2100277381
0.2748322455 0.2101070368
0.2846473257 0.2101892521
0.2944624059 0.2102743876
0.3042774861 0.2103624469
0.3140925663 0.2104534340
0.3239076465 0.2105473527
0.3337227267 0.2106442071
0.3435378069 0.2107440015
0.3533528871 0.2108467401
0.3631679673 0.2109524274
0.3729830475 0.2110610680
0.3827981277 0.2111726667
0.3926132079 0.2112872283
0.4024282881 0.2114047577
0.4122433683 0.2115252601
0.4220584485 0.2116487407
0.4318735287 0.2117752049
0.4416886089 0.2119046582
0.4515036891 0.2120371062
0.4613187693 0.2121725548
0.4711338495 0.2123110097
0.4809489297 0.2124524771
0.4907640099 0.2125969630
0.5005790901 0.2127444739
0.5103941703 0.2128950162
0.5202092505 0.2130485963
0.5300243307 0.2132052211
0.5398394109 0.2133648974
0.5496544911 0.2135276321
0.5594695713 0.2136934323
0.5692846515 0.2138623054
0.5790997317 0.2140342587
0.5889148118 0.2142092997
0.5987298920 0.2143874361
0.6085449722 0.2145686757
0.6183600524 0.2147530264
0.6281751326 0.2149404964
0.6379902128 0.2151310938
0.6478052930 0.2153248271
0.6576203732 0.2155217047
0.6674354534 0.2157217353
0.6772505336 0.2159249276
0.6870656138 0.2161312907
0.6968806940 0.2163408335
0.7066957742 0.2165535654
0.7165108544 0.2167694956
0.7263259346 0.2169886337
0.7361410148 0.2172109894
0.7459560950 0.2174365724
0.7557711752 0.2176653928
0.7655862554 0.2178974606
0.7754013356 0.2181327861
0.7852164158 0.2183713796
0.7950314960 0.2186132518
0.8048465762 0.2188584134
0.8146616564 0.2191068751
0.8244767366 0.2193586480
0.8342918168 0.2196137433
0.8441068970 0.2198721722
0.8539219772 0.2201339463
0.8637370574 0.2203990772
0.8735521376 0.2206675765
0.8833672178 0.2209394564
0.8931822980 0.2212147289
0.9029973782 0.2214934062
0.9128124584 0.2217755007
0.9226275386 0.2220610250
0.9324426188 0.2223499919
0.9422576990 0.2226424142
0.9520727792 0.2229383049
0.9618878594 0.2232376774
0.9717029396 0.2235405450
0.9815180197 0.2238469212
0.9913330999 0.2241568197
1.0011481801 0.2244702545
1.0109632603 0.2247872396
1.0207783405 0.2251077891
1.0305934207 0.2254319175
1.0404085009 0.2257596393
1.0502235811 0.2260909693
1.0600386613 0.2264259223
1.0698537415 0.2267645134
1.0796688217 0.2271067579
1.0894839019 0.2274526711
1.0992989821 0.2278022687
1.1091140623 0.2281555665
1.1189291425 0.2285125803
1.1287442227 0.2288733263
1.1385593029 0.2292378209
1.1483743831 0.2296060804
1.1581894633 0.2299781217
1.1680045435 0.2303539614
1.1778196237 0.2307336167
1.1876347039 0.2311171047
1.1974497841 0.2315044430
1.2072648643 0.2318956490
1.2170799445 0.2322907406
1.2268950247 0.2326897356
1.2367101049 0.2330926524
1.2465251851 0.2334995092
1.2563402653 0.2339103245
1.2661553455 0.2343251172
1.2759704257 0.2347439061
1.2857855059 0.2351667104
1.2956005861 0.2355935493
1.3054156663 0.2360244424
1.3152307465 0.2364594095
1.3250458267 0.2368984704
1.3348609069 0.2373416453
1.3446759871 0.2377889545
1.3544910673 0.2382404185
1.3643061475 0.2386960580
1.3741212276 0.2391558941
1.3839363078 0.2396199478
1.3937513880 0.2400882405
1.4035664682 0.2405607937
1.4133815484 0.2410376293
1.4231966286 0.2415187692
1.4330117088 0.2420042356
1.4428267890 0.2424940510
1.4526418692 0.2429882380
1.4624569494 0.2434868194
1.4722720296 0.2439898184
1.4820871098 0.2444972581
1.4919021900 0.2450091621
1.5017172702 0.2455255542
1.5115323504 0.2460464583
1.5213474306 0.2465718986
1.5311625108 0.2471018995
1.5409775910 0.2476364857
1.5507926712 0.2481756820
1.5606077514 0.2487195134
1.5704228316 0.2492680055
1.5802379118 0.2498211836
1.5900529920 0.2503790737
1.5998680722 0.2509417017
1.6096831524 0.2515090939
1.6194982326 0.2520812769
1.6293133128 0.2526582773
1.6391283930 0.2532401223
1.6489434732 0.2538268390
1.6587585534 0.2544184549
1.6685736336 0.2550149977
1.6783887138 0.2556164955
1.6882037940 0.2562229764
1.6980188742 0.2568344689
1.7078339544 0.2574510018
1.7176490346 0.2580726040
1.7274641148 0.2586993048
1.7372791950 0.2593311336
1.7470942752 0.2599681203
1.7569093554 0.2606102947
1.7667244355 0.2612576873
1.7765395157 0.2619103284
1.7863545959 0.2625682490
1.7961696761 0.2632314800
1.8059847563 0.2639000529
1.8157998365 0.2645739991
1.8256149167 0.2652533505
1.8354299969 0.2659381393
1.8452450771 0.2666283979
1.8550601573 0.2673241590
1.8648752375 0.2680254554
1.8746903177 0.2687323205
1.8845053979 0.2694447877
1.8943204781 0.2701628909
1.9041355583 0.2708866640
1.9139506385 0.2716161414
1.9237657187 0.2723513578
1.9335807989 0.2730923481
1.9433958791 0.2738391474
1.9532109593 0.2745917912
1.9630260395 0.2753503154
1.9728411197 0.2761147560
1.9826561999 0.2768851494
1.9924712801 0.2776615321
2.0022863603 0.2784439412
2.0121014405 0.2792324138
2.0219165207 0.2800269876
2.0317316009 0.2808277003
2.0415466811 0.2816345902
2.0513617613 0.2824476955
2.0611768415 0.2832670551
2.0709919217 0.2840927080
2.0808070019 0.2849246935
2.0906220821 0.2857630513
2.1004371623 0.2866078214
2.1102522425 0.2874590440
2.1200673227 0.2883167597
2.1298824029 0.2891810094
2.1396974831 0.2900518342
2.1495125632 0.2909292758
2.1593276434 0.2918133758
2.1691427236 0.2927041765
2.1789578038 0.2936017203
2.1887728840 0.2945060500
2.1985879642 0.2954172087
2.2084030444 0.2963352397
2.2182181246 0.2972601868
2.2280332048 0.2981920942
2.2378482850 0.2991310060
2.2476633652 0.3000769671
2.2574784454 0.3010300224
2.2672935256 0.3019902173
2.2771086058 0.3029575974
2.2869236860 0.3039322088
2.2967387662 0.3049140978
2.3065538464 0.3059033110
2.3163689266 0.3068998954
2.3261840068 0.3079038983
2.3359990870 0.3089153673
2.3458141672 0.3099343505
2.3556292474 0.3109608960
2.3654443276 0.3119950524
2.3752594078 0.3130368689
2.3850744880 0.3140863946
2.3948895682 0.3151436791
2.4047046484 0.3162087724
2.4145197286 0.3172817248
2.4243348088 0.3183625869
2.4341498890 0.3194514095
2.4439649692 0.3205482441
2.4537800494 0.3216531421
2.4635951296 0.3227661555
2.4734102098 0.3238873366
2.4832252900 0.3250167379
2.4930403702 0.3261544124
2.5028554504 0.3273004134
2.5126705306 0.3284547943
2.5224856108 0.3296176091
2.5323006910 0.3307889121
2.5421157711 0.3319687578
2.5519308513 0.3331572011
2.5617459315 0.3343542971
2.5715610117 0.3355601015
2.5813760919 0.3367746701
2.5911911721 0.3379980591
2.6010062523 0.3392303249
2.6108213325 0.3404715244
2.6206364127 0.3417217147
2.6304514929 0.3429809532
2.6402665731 0.3442492978
2.6500816533 0.3455268065
2.6598967335 0.3468135376
2.6697118137 0.3481095499
2.6795268939 0.3494149024
2.6893419741 0.3507296543
2.6991570543 0.3520538653
2.7089721345 0.3533875953
2.7187872147 0.3547309044
2.7286022949 0.3560838531
2.7384173751 0.3574465023
2.7482324553 0.3588189129
2.7580475355 0.3602011463
2.7678626157 0.3615932642
2.7776776959 0.3629953284
2.7874927761 0.3644074011
2.7973078563 0.3658295448
2.8071229365 0.3672618221
2.8169380167 0.3687042960
2.8267530969 0.3701570297
2.8365681771 0.3716200867
2.8463832573 0.3730935307
2.8561983375 0.3745774257
2.8660134177 0.3760718359
2.8758284979 0.3775768256
2.8856435781 0.3790924595
2.8954586583 0.3806188025
2.9052737385 0.3821559197
2.9150888187 0.3837038763
2.9249038989 0.3852627379
2.9347189790 0.3868325701
2.9445340592 0.3884134388
2.9543491394 0.3900054100
2.9641642196 0.3916085500
2.9739792998 0.3932229251
2.9837943800 0.3948486018
2.9936094602 0.3964856470
3.0034245404 0.3981341274
3.0132396206 0.3997941099
3.0230547008 0.4014656617
3.0328697810 0.4031488500
3.0426848612 0.4048437421
3.0524999414 0.4065504053
3.0623150216 0.4082689073
3.0721301018 0.4099993154
3.0819451820 0.4117416975
3.0917602622 0.4134961211
3.1015753424 0.4152626540
3.1113904226 0.4170413639
3.1212055028 0.4188323186
3.1310205830 0.4206355860
3.1408356632 0.4224512338
3.1506507434 0.4242793297
3.1604658236 0.4261199415
3.1702809038 0.4279731369
3.1800959840 0.4298389835
3.1899110642 0.4317175488
3.1997261444 0.4336089004
3.2095412246 0.4355131055
3.2193563048 0.4374302315
3.2291713850 0.4393603455
3.2389864652 0.4413035144
3.2488015454 0.4432598050
3.2586166256 0.4452292839
3.2684317058 0.4472120175
3.2782467860 0.4492080721
3.2880618662 0.4512175136
3.2978769464 0.4532404077
3.3076920266 0.4552768199
3.3175071068 0.4573268151
3.3273221869 0.4593904584
3.3371372671 0.4614678141
3.3469523473 0.4635589464
3.3567674275 0.4656639190
3.3665825077 0.4677827952
3.3763975879 0.4699156381
3.3862126681 0.4720625101
3.3960277483 0.4742234731
3.4058428285 0.4763985887
3.4156579087 0.4785879180
3.4254729889 0.4807915213
3.4352880691 0.4830094585
3.4451031493 0.4852417889
3.4549182295 0.4874885713
3.4647333097 0.4897498636
3.4745483899 0.4920257232
3.4843634701 0.4943162067
3.4941785503 0.4966213700
3.5039936305 0.4989412682
3.5138087107 0.5012759558
3.5236237909 0.5036254863
3.5334388711 0.5059899122
3.5432539513 0.5083692854
3.5530690315 0.5107636568
3.5628841117 0.5131730763
3.5726991919 0.5155975927
3.5825142721 0.5180372540
3.5923293523 0.5204921071
3.6021444325 0.5229621977
3.6119595127 0.5254475703
3.6217745929 0.5279482686
3.6315896731 0.5304643346
3.6414047533 0.5329958095
3.6512198335 0.5355427330
3.6610349137 0.5381051435
3.6708499939 0.5406830781
3.6806650741 0.5432765724
3.6904801543 0.5458856606
3.7002952345 0.5485103755
3.7101103147 0.5511507483
3.7199253948 0.5538068086
3.7297404750 0.5564785845
3.7395555552 0.5591661023
3.7493706354 0.5618693868
3.7591857156 0.5645884607
3.7690007958 0.5673233453
3.7788158760 0.5700740598
3.7886309562 0.5728406217
3.7984460364 0.5756230464
3.8082611166 0.5784213473
3.8180761968 0.5812355359
3.8278912770 0.5840656215
3.8377063572 0.5869116113
3.8475214374 0.5897735104
3.8573365176 0.5926513215
3.8671515978 0.5955450452
3.8769666780 0.5984546794
3.8867817582 0.6013802201
3.8965968384 0.6043216603
3.9064119186 0.6072789910
3.9162269988 0.6102522003
3.9260420790 0.6132412738
3.9358571592 0.6162461943
3.9456722394 0.6192669422
3.9554873196 0.6223034946
3.9653023998 0.6253558262
3.9751174800 0.6284239085
3.9849325602 0.6315077103
3.9947476404 0.6346071971
4.0045627206 0.6377223314
4.0143778008 0.6408530728
4.0241928810 0.6439993772
4.0340079612 0.6471611978
4.0438230414 0.6503384840
4.0536381216 0.6535311821
4.0634532018 0.6567392348
4.0732682820 0.6599625815
4.0830833622 0.6632011577
4.0928984424 0.6664548955
4.1027135225 0.6697237234
4.1125286027 0.6730075659
4.1223436829 0.6763063437
4.1321587631 0.6796199739
4.1419738433 0.6829483693
4.1517889235 0.6862914390
4.1616040037 0.6896490879
4.1714190839 0.6930212167
4.1812341641 0.6964077221
4.1910492443 0.6998084964
4.2008643245 0.7032234276
4.2106794047 0.7066523996
4.2204944849 0.7100952914
4.2303095651 0.7135519780
4.2401246453 0.7170223295
4.2499397255 0.7205062116
4.2597548057 0.7240034853
4.2695698859 0.7275140068
4.2793849661 0.7310376277
4.2892000463 0.7345741947
4.2990151265 0.7381235494
4.3088302067 0.7416855289
4.3186452869 0.7452599650
4.3284603671 0.7488466845
4.3382754473 0.7524455092
4.3480905275 0.7560562557
4.3579056077 0.7596787355
4.3677206879 0.7633127548
4.3775357681 0.7669581145
4.3873508483 0.7706146104
4.3971659285 0.7742820325
4.4069810087 0.7779601659
4.4167960889 0.7816487900
4.4266111691 0.7853476786
4.4364262493 0.7890566003
4.4462413295 0.7927753180
4.4560564097 0.7965035890
4.4658714899 0.8002411650
4.4756865701 0.8039877921
4.4855016503 0.8077432108
4.4953167304 0.8115071559
4.5051318106 0.8152793563
4.5149468908 0.8190595356
4.5247619710 0.8228474112
4.5345770512 0.8266426951
4.5443921314 0.8304450934
4.5542072116 0.8342543064
4.5640222918 0.8380700288
4.5738373720 0.8418919495
4.5836524522 0.8457197514
4.5934675324 0.8495531119
4.6032826126 0.8533917026
4.6130976928 0.8572351894
4.6229127730 0.8610832322
4.6327278532 0.8649354855
4.6425429334 0.8687915980
4.6523580136 0.8726512129
4.6621730938 0.8765139674
4.6719881740 0.8803794934
4.6818032542 0.8842474172
4.6916183344 0.8881173596
4.7014334146 0.8919889357
4.7112484948 0.8958617554
4.7210635750 0.8997354232
4.7308786552 0.9036095382
4.7406937354 0.9074836942
4.7505088156 0.9113574799
4.7603238958 0.9152304788
4.7701389760 0.9191022694
4.7799540562 0.9229724252
4.7897691364 0.9268405148
4.7995842166 0.9307061018
4.8093992968 0.9345687455
4.8192143770 0.9384280002
4.8290294572 0.9422834157
4.8388445374 0.9461345375
4.8486596176 0.9499809067
4.8584746978 0.9538220603
4.8682897780 0.9576575310
4.8781048582 0.9614868477
4.8879199383 0.9653095353
4.8977350185 0.9691251153
4.9075500987 0.9729331051
4.9173651789 0.9767330192
4.9271802591 0.9805243684
4.9369953393 0.9843066606
4.9468104195 0.9880794004
4.9566254997 0.9918420900
4.9664405799 0.9955942284
4.9762556601 0.9993353125
4.9860707403 1.0030648366
4.9958858205 1.0067822930
5.0057009007 1.0104871718
5.0155159809 1.0141789614
5.0253310611 1.0178571486
5.0351461413 1.0215212186
5.0449612215 1.0251706555
5.0547763017 1.0288049423
5.0645913819 1.0324235610
5.0744064621 1.0360259931
5.0842215423 1.0396117196
5.0940366225 1.0431802213
5.1038517027 1.0467309788
5.1136667829 1.0502634731
5.1234818631 1.0537771854
5.1332969433 1.0572715976
5.1431120235 1.0607461924
5.1529271037 1.0642004538
5.1627421839 1.0676338666
5.1725572641 1.0710459176
5.1823723443 1.0744360951
5.1921874245 1.0778038894
5.2020025047 1.0811487930
5.2118175849 1.0844703010
5.2216326651 1.0877679108
5.2314477453 1.0910411231
5.2412628255 1.0942894417
5.2510779057 1.0975123735
5.2608929859 1.1007094293
5.2707080661 1.1038801236
5.2805231462 1.1070239752
5.2903382264 1.1101405069
5.3001533066 1.1132292463
5.3099683868 1.1162897259
5.3197834670 1.1193214828
5.3295985472 1.1223240598
5.3394136274 1.1252970050
5.3492287076 1.1282398722
5.3590437878 1.1311522212
5.3688588680 1.1340336180
5.3786739482 1.1368836349
5.3884890284 1.1397018509
5.3983041086 1.1424878517
5.4081191888 1.1452412302
5.4179342690 1.1479615864
5.4277493492 1.1506485279
5.4375644294 1.1533016698
5.4473795096 1.1559206351
5.4571945898 1.1585050550
5.4670096700 1.1610545687
5.4768247502 1.1635688241
5.4866398304 1.1660474773
5.4964549106 1.1684901936
5.5062699908 1.1708966471
5.5160850710 1.1732665208
5.5259001512 1.1755995073
5.5357152314 1.1778953086
5.5455303116 1.1801536359
5.5553453918 1.1823742107
5.5651604720 1.1845567638
5.5749755522 1.1867010363
5.5847906324 1.1888067795
5.5946057126 1.1908737546
5.6044207928 1.1929017335
5.6142358730 1.1948904982
5.6240509532 1.1968398415
5.6338660334 1.1987495668
5.6436811136 1.2006194880
5.6534961938 1.2024494302
5.6633112740 1.2042392289
5.6731263541 1.2059887309
5.6829414343 1.2076977938
5.6927565145 1.2093662863
5.7025715947 1.2109940881
5.7123866749 1.2125810900
5.7222017551 1.2141271942
5.7320168353 1.2156323136
5.7418319155 1.2170963727
5.7516469957 1.2185193068
5.7614620759 1.2199010628
5.7712771561 1.2212415982
5.7810922363 1.2225408822
5.7909073165 1.2237988947
5.8007223967 1.2250156270
5.8105374769 1.2261910811
5.8203525571 1.2273252704
5.8301676373 1.2284182191
5.8399827175 1.2294699620
5.8497977977 1.2304805452
5.8596128779 1.2314500253
5.8694279581 1.2323784696
5.8792430383 1.2332659561
5.8890581185 1.2341125730
5.8988731987 1.2349184194
5.9086882789 1.2356836043
5.9185033591 1.2364082471
5.9283184393 1.2370924771
5.9381335195 1.2377364339
5.9479485997 1.2383402665
5.9577636799 1.2389041339
5.9675787601 1.2394282047
5.9773938403 1.2399126567
5.9872089205 1.2403576773
5.9970240007 1.2407634627
6.0068390809 1.2411302183
6.0166541611 1.2414581584
6.0264692413 1.2417475057
6.0362843215 1.2419984917
6.0460994017 1.2422113560
6.0559144818 1.2423863464
6.0657295620 1.2425237188
6.0755446422 1.2426237369
6.0853597224 1.2426866720
6.0951748026 1.2427128026
6.1049898828 1.2427024149
6.1148049630 1.2426558019
6.1246200432 1.2425732634
6.1344351234 1.2424551062
6.1442502036 1.2423016432
6.1540652838 1.2421131939
6.1638803640 1.2418900838
6.1736954442 1.2416326442
6.1835105244 1.2413412123
6.1933256046 1.2410161308
6.2031406848 1.2406577474
6.2129557650 1.2402664152
6.2227708452 1.2398424922
6.2325859254 1.2393863409
6.2424010056 1.2388983285
6.2522160858 1.2383788264
6.2620311660 1.2378282101
6.2718462462 1.2372468592
6.2816613264 1.2366351566
6.2914764066 1.2359934892
6.3012914868 1.2353222469
6.3111065670 1.2346218227
6.3209216472 1.2338926127
6.3307367274 1.2331350157
6.3405518076 1.2323494329
6.3503668878 1.2315362680
6.3601819680 1.2306959268
6.3699970482 1.2298288171
6.3798121284 1.2289353486
6.3896272086 1.2280159325
6.3994422888 1.2270709814
6.4092573690 1.2261009094
6.4190724492 1.2251061313
6.4288875294 1.2240870633
6.4387026096 1.2230441220
6.4485176897 1.2219777247
6.4583327699 1.2208882892
6.4681478501 1.2197762335
6.4779629303 1.2186419756
6.4877780105 1.2174859337
6.4975930907 1.2163085256
6.5074081709 1.2151101689
6.5172232511 1.2138912806
6.5270383313 1.2126522771
6.5368534115 1.2113935741
6.5466684917 1.2101155864
6.5564835719 1.2088187276
6.5662986521 1.2075034103
6.5761137323 1.2061700458
6.5859288125 1.2048190439
6.5957438927 1.2034508130
6.6055589729 1.2020657597
6.6153740531 1.2006642891
6.6251891333 1.1992468040
6.6350042135 1.1978137057
6.6448192937 1.1963653931
6.6546343739 1.1949022631
6.6644494541 1.1934247103
6.6742645343 1.1919331269
6.6840796145 1.1904279026
6.6938946947 1.1889094247
6.7037097749 1.1873780777
6.7135248551 1.1858342437
6.7233399353 1.1842783017
6.7331550155 1.1827106281
6.7429700957 1.1811315962
6.7527851759 1.1795415763
6.7626002561 1.1779409359
6.7724153363 1.1763300392
6.7822304165 1.1747092473
6.7920454967 1.1730789179
6.8018605769 1.1714394057
6.8116756571 1.1697910618
6.8214907373 1.1681342343
6.8313058175 1.1664692674
6.8411208976 1.1647965023
6.8509359778 1.1631162764
6.8607510580 1.1614289237
6.8705661382 1.1597347746
6.8803812184 1.1580341560
6.8901962986 1.1563273910
6.9000113788 1.1546147992
6.9098264590 1.1528966964
6.9196415392 1.1511733948
6.9294566194 1.1494452029
6.9392716996 1.1477124255
6.9490867798 1.1459753634
6.9589018600 1.1442343140
6.9687169402 1.1424895706
6.9785320204 1.1407414231
6.9883471006 1.1389901572
6.9981621808 1.1372360552
7.0079772610 1.1354793952
7.0177923412 1.1337204520
7.0276074214 1.1319594961
7.0374225016 1.1301967945
7.0472375818 1.1284326104
7.0570526620 1.1266672032
7.0668677422 1.1249008284
7.0766828224 1.1231337380
7.0864979026 1.1213661799
7.0963129828 1.1195983986
7.1061280630 1.1178306346
7.1159431432 1.1160631249
7.1257582234 1.1142961025
7.1355733036 1.1125297971
7.1453883838 1.1107644344
7.1552034640 1.1090002365
7.1650185442 1.1072374222
7.1748336244 1.1054762061
7.1846487046 1.1037167998
7.1944637848 1.1019594110
7.2042788650 1.1002042438
7.2140939452 1.0984514991
7.2239090254 1.0967013739
7.2337241055 1.0949540621
7.2435391857 1.0932097540
7.2533542659 1.0914686363
7.2631693461 1.0897308926
7.2729844263 1.0879967031
7.2827995065 1.0862662445
7.2926145867 1.0845396902
7.3024296669 1.0828172106
7.3122447471 1.0810989725
7.3220598273 1.0793851398
7.3318749075 1.0776758730
7.3416899877 1.0759713295
7.3515050679 1.0742716636
7.3613201481 1.0725770267
7.3711352283 1.0708875667
7.3809503085 1.0692034290
7.3907653887 1.0675247556
7.4005804689 1.0658516858
7.4103955491 1.0641843558
7.4202106293 1.0625228990
7.4300257095 1.0608674461
7.4398407897 1.0592181247
7.4496558699 1.0575750597
7.4594709501 1.0559383734
7.4692860303 1.0543081853
7.4791011105 1.0526846121
7.4889161907 1.0510677679
7.4987312709 1.0494577644
7.5085463511 1.0478547104
7.5183614313 1.0462587124
7.5281765115 1.0446698743
7.5379915917 1.0430882974
7.5478066719 1.0415140807
7.5576217521 1.0399473208
7.5674368323 1.0383881119
7.5772519125 1.0368365458
7.5870669927 1.0352927121
7.5968820729 1.0337566980
7.6066971531 1.0322285884
7.6165122332 1.0307084663
7.6263273134 1.0291964122
7.6361423936 1.0276925046
7.6459574738 1.0261968199
7.6557725540 1.0247094324
7.6655876342 1.0232304142
7.6754027144 1.0217598357
7.6852177946 1.0202977651
7.6950328748 1.0188442686
7.7048479550 1.0173994107
7.7146630352 1.0159632537
7.7244781154 1.0145358583
7.7342931956 1.0131172833
7.7441082758 1.0117075857
7.7539233560 1.0103068206
7.7637384362 1.0089150416
7.7735535164 1.0075323004
7.7833685966 1.0061586470
7.7931836768 1.0047941299
7.8029987570 1.0034387959
7.8128138372 1.0020926902
7.8226289174 1.0007558563
7.8324439976 0.9994283364
7.8422590778 0.9981101710
7.8520741580 0.9968013992
7.8618892382 0.9955020585
7.8717043184 0.9942121852
7.8815193986 0.9929318141
7.8913344788 0.9916609784
7.9011495590 0.9903997102
7.9109646392 0.9891480401
7.9207797194 0.9879059976
7.9305947996 0.9866736106
7.9404098798 0.9854509061
7.9502249600 0.9842379095
7.9600400402 0.9830346452
7.9698551204 0.9818411363
7.9796702006 0.9806574049
7.9894852808 0.9794834717
7.9993003610 0.9783193565
8.0091154411 0.9771650779
8.0189305213 0.9760206533
8.0287456015 0.9748860993
8.0385606817 0.9737614312
8.0483757619 0.9726466633
8.0581908421 0.9715418092
8.0680059223 0.9704468810
8.0778210025 0.9693618904
8.0876360827 0.9682868478
8.0974511629 0.9672217626
8.1072662431 0.9661666437
8.1170813233 0.9651214986
8.1268964035 0.9640863344
8.1367114837 0.9630611569
8.1465265639 0.9620459715
8.1563416441 0.9610407825
8.1661567243 0.9600455935
8.1759718045 0.9590604071
8.1857868847 0.9580852255
8.1956019649 0.9571200499
8.2054170451 0.9561648808
8.2152321253 0.9552197180
8.2250472055 0.9542845606
8.2348622857 0.9533594068
8.2446773659 0.9524442546
8.2544924461 0.9515391008
8.2643075263 0.9506439418
8.2741226065 0.9497587734
8.2839376867 0.9488835907
8.2937527669 0.9480183883
8.3035678471 0.9471631599
8.3133829273 0.9463178989
8.3231980075 0.9454825981
8.3330130877 0.9446572496
8.3428281679 0.9438418451
8.3526432481 0.9430363755
8.3624583283 0.9422408316
8.3722734085 0.9414552033
8.3820884887 0.9406794801
8.3919035689 0.9399136511
8.4017186490 0.9391577049
8.4115337292 0.9384116294
8.4213488094 0.9376754124
8.4311638896 0.9369490410
8.4409789698 0.9362325018
8.4507940500 0.9355257812
8.4606091302 0.9348288650
8.4704242104 0.9341417386
8.4802392906 0.9334643870
8.4900543708 0.9327967949
8.4998694510 0.9321389465
8.5096845312 0.9314908256
8.5194996114 0.9308524156
8.5293146916 0.9302236998
8.5391297718 0.9296046607
8.5489448520 0.9289952808
8.5587599322 0.9283955421
8.5685750124 0.9278054263
8.5783900926 0.9272249147
8.5882051728 0.9266539884
8.5980202530 0.9260926281
8.6078353332 0.9255408141
8.6176504134 0.9249985266
8.6274654936 0.9244657454
8.6372805738 0.9239424499
8.6470956540 0.9234286193
8.6569107342 0.9229242325
8.6667258144 0.9224292683
8.6765408946 0.9219437049
8.6863559748 0.9214675204
8.6961710550 0.9210006926
8.7059861352 0.9205431992
8.7158012154 0.9200950174
8.7256162956 0.9196561243
8.7354313758 0.9192264967
8.7452464560 0.9188061112
8.7550615362 0.9183949440
8.7648766164 0.9179929714
8.7746916966 0.9176001691
8.7845067768 0.9172165128
8.7943218569 0.9168419780
8.8041369371 0.9164765398
8.8139520173 0.9161201731
8.8237670975 0.9157728529
8.8335821777 0.9154345535
8.8433972579 0.9151052494
8.8532123381 0.9147849147
8.8630274183 0.9144735234
8.8728424985 0.9141710491
8.8826575787 0.9138774654
8.8924726589 0.9135927457
8.9022877391 0.9133168631
8.9121028193 0.9130497906
8.9219178995 0.9127915010
8.9317329797 0.9125419667
8.9415480599 0.9123011603
8.9513631401 0.9120690540
8.9611782203 0.9118456198
8.9709933005 0.9116308295
8.9808083807 0.9114246548
8.9906234609 0.9112270673
9.0004385411 0.9110380382
9.0102536213 0.9108575388
9.0200687015 0.9106855399
9.0298837817 0.9105220124
9.0396988619 0.9103669269
9.0495139421 0.9102202539
9.0593290223 0.9100819636
9.0691441025 0.9099520263
9.0789591827 0.9098304117
9.0887742629 0.9097170899
9.0985893431 0.9096120302
9.1084044233 0.9095152023
9.1182195035 0.9094265754
9.1280345837 0.9093461186
9.1378496639 0.9092738008
9.1476647441 0.9092095909
9.1574798243 0.9091534574
9.1672949045 0.9091053689
9.1771099847 0.9090652936
9.1869250648 0.9090331996
9.1967401450 0.9090090549
9.2065552252 0.9089928274
9.2163703054 0.9089844845
9.2261853856 0.9089839938
9.2360004658 0.9089913225
9.2458155460 0.9090064379
9.2556306262 0.9090293068
9.2654457064 0.9090598961
9.2752607866 0.9090981723
9.2850758668 0.9091441019
9.2948909470 0.9091976512
9.3047060272 0.9092587863
9.3145211074 0.9093274731
9.3243361876 0.9094036775
9.3341512678 0.9094873650
9.3439663480 0.9095785010
9.3537814282 0.9096770508
9.3635965084 0.9097829794
9.3734115886 0.9098962518
9.3832266688 0.9100168326
9.3930417490 0.9101446865
9.4028568292 0.9102797777
9.4126719094 0.9104220705
9.4224869896 0.9105715289
9.4323020698 0.9107281166
9.4421171500 0.9108917973
9.4519322302 0.9110625346
9.4617473104 0.9112402915
9.4715623906 0.9114250313
9.4813774708 0.9116167168
9.4911925510 0.9118153107
9.5010076312 0.9120207755
9.5108227114 0.9122330737
9.5206377916 0.9124521672
9.5304528718 0.9126780180
9.5402679520 0.9129105879
9.5500830322 0.9131498384
9.5598981124 0.9133957309
9.5697131925 0.9136482265
9.5795282727 0.9139072862
9.5893433529 0.9141728708
9.5991584331 0.9144449406
9.6089735133 0.9147234563
9.6187885935 0.9150083777
9.6286036737 0.9152996650
9.6384187539 0.9155972777
9.6482338341 0.9159011755
9.6580489143 0.9162113176
9.6678639945 0.9165276632
9.6776790747 0.9168501710
9.6874941549 0.9171787998
9.6973092351 0.9175135081
9.7071243153 0.9178542540
9.7169393955 0.9182009956
9.7267544757 0.9185536906
9.7365695559 0.9189122967
9.7463846361 0.9192767713
9.7561997163 0.9196470713
9.7660147965 0.9200231538
9.7758298767 0.9204049755
9.7856449569 0.9207924927
9.7954600371 0.9211856618
9.8052751173 0.9215844387
9.8150901975 0.9219887792
9.8249052777 0.9223986388
9.8347203579 0.9228139729
9.8445354381 0.9232347365
9.8543505183 0.9236608846
9.8641655985 0.9240923716
9.8739806787 0.9245291519
9.8837957589 0.9249711798
9.8936108391 0.9254184090
9.9034259193 0.9258707934
9.9132409995 0.9263282862
9.9230560797 0.9267908407
9.9328711599 0.9272584099
9.9426862401 0.9277309464
9.9525013203 0.9282084026
9.9623164004 0.9286907309
9.9721314806 0.9291778832
9.9819465608 0.9296698112
9.9917616410 0.9301664664
10.0015767212 0.9306678001
10.0113918014 0.9311737633
10.0212068816 0.9316843067
10.0310219618 0.9321993808
10.0408370420 0.9327189360
10.0506521222 0.9332429222
10.0604672024 0.9337712892
10.0702822826 0.9343039866
10.0800973628 0.9348409635
10.0899124430 0.9353821692
10.0997275232 0.9359275523
10.1095426034 0.9364770614
10.1193576836 0.9370306448
10.1291727638 0.9375882506
10.1389878440 0.9381498266
10.1488029242 0.9387153204
10.1586180044 0.9392846792
10.1684330846 0.9398578501
10.1782481648 0.9404347801
10.1880632450 0.9410154157
10.1978783252 0.9415997032
10.2076934054 0.9421875888
10.2175084856 0.9427790183
10.2273235658 0.9433739373
10.2371386460 0.9439722914
10.2469537262 0.9445740255
10.2567688064 0.9451790847
10.2665838866 0.9457874136
10.2763989668 0.9463989568
10.2862140470 0.9470136583
10.2960291272 0.9476314622
10.3058442074 0.9482523123
10.3156592876 0.9488761521
10.3254743678 0.9495029249
10.3352894480 0.9501325737
10.3451045282 0.9507650415
10.3549196083 0.9514002709
10.3647346885 0.9520382043
10.3745497687 0.9526787839
10.3843648489 0.9533219517
10.3941799291 0.9539676495
10.4039950093 0.9546158187
10.4138100895 0.9552664009
10.4236251697 0.9559193371
10.4334402499 0.9565745683
10.4432553301 0.9572320353
10.4530704103 0.9578916785
10.4628854905 0.9585534384
10.4727005707 0.9592172551
10.4825156509 0.9598830686
10.4923307311 0.9605508186
10.5021458113 0.9612204448
10.5119608915 0.9618918866
10.5217759717 0.9625650832
10.5315910519 0.9632399738
10.5414061321 0.9639164972
10.5512212123 0.9645945922
10.5610362925 0.9652741973
10.5708513727 0.9659552510
10.5806664529 0.9666376915
10.5904815331 0.9673214570
10.6002966133 0.9680064854
10.6101116935 0.9686927145
10.6199267737 0.9693800820
10.6297418539 0.9700685255
10.6395569341 0.9707579825
10.6493720143 0.9714483901
10.6591870945 0.9721396856
10.6690021747 0.9728318061
10.6788172549 0.9735246884
10.6886323351 0.9742182695
10.6984474153 0.9749124861
10.7082624955 0.9756072748
10.7180775757 0.9763025722
10.7278926559 0.9769983147
10.7377077361 0.9776944388
10.7475228162 0.9783908807
10.7573378964 0.9790875768
10.7671529766 0.9797844631
10.7769680568 0.9804814758
10.7867831370 0.9811785510
10.7965982172 0.9818756247
10.8064132974 0.9825726329
10.8162283776 0.9832695114
10.8260434578 0.9839661964
10.8358585380 0.9846626235
10.8456736182 0.9853587288
10.8554886984 0.9860544480
10.8653037786 0.9867497171
10.8751188588 0.9874444719
10.8849339390 0.9881386482
10.8947490192 0.9888321820
10.9045640994 0.9895250092
10.9143791796 0.9902170657
10.9241942598 0.9909082876
10.9340093400 0.9915986107
10.9438244202 0.9922879712
10.9536395004 0.9929763052
10.9634545806 0.9936635489
10.9732696608 0.9943496386
10.9830847410 0.9950345106
10.9928998212 0.9957181013
11.0027149014 0.9964003472
11.0125299816 0.9970811851
11.0223450618 0.9977605515
11.0321601420 0.9984383833
11.0419752222 0.9991146176
11.0517903024 0.9997891913
11.0616053826 1.0004620418
11.0714204628 1.0011331065
11.0812355430 1.0018023227
11.0910506232 1.0024696283
11.1008657034 1.0031349612
11.1106807836 1.0037982593
11.1204958638 1.0044594609
11.1303109440 1.0051185044
11.1401260241 1.0057753285
11.1499411043 1.0064298720
11.1597561845 1.0070820739
11.1695712647 1.0077318735
11.1793863449 1.0083792104
11.1892014251 1.0090240243
11.1990165053 1.0096662552
11.2088315855 1.0103058433
11.2186466657 1.0109427293
11.2284617459 1.0115768538
11.2382768261 1.0122081581
11.2480919063 1.0128365835
11.2579069865 1.0134620717
11.2677220667 1.0140845646
11.2775371469 1.0147040046
11.2873522271 1.0153203344
11.2971673073 1.0159334969
11.3069823875 1.0165434353
11.3167974677 1.0171500935
11.3266125479 1.0177534153
11.3364276281 1.0183533452
11.3462427083 1.0189498280
11.3560577885 1.0195428088
11.3658728687 1.0201322330
11.3756879489 1.0207180468
11.3855030291 1.0213001963
11.3953181093 1.0218786285
11.4051331895 1.0224532904
11.4149482697 1.0230241296
11.4247633499 1.0235910943
11.4345784301 1.0241541329
11.4443935103 1.0247131944
11.4542085905 1.0252682282
11.4640236707 1.0258191843
11.4738387509 1.0263660129
11.4836538311 1.0269086650
11.4934689113 1.0274470919
11.5032839915 1.0279812454
11.5130990717 1.0285110780
11.5229141518 1.0290365426
11.5327292320 1.0295575924
11.5425443122 1.0300741816
11.5523593924 1.0305862646
11.5621744726 1.0310937963
11.5719895528 1.0315967325
11.5818046330 1.0320950292
11.5916197132 1.0325886432
11.6014347934 1.0330775318
11.6112498736 1.0335616528
11.6210649538 1.0340409647
11.6308800340 1.0345154266
11.6406951142 1.0349849981
11.6505101944 1.0354496395
11.6603252746 1.0359093117
11.6701403548 1.0363639762
11.6799554350 1.0368135951
11.6897705152 1.0372581312
11.6995855954 1.0376975479
11.7094006756 1.0381318092
11.7192157558 1.0385608799
11.7290308360 1.0389847253
11.7388459162 1.0394033114
11.7486609964 1.0398166050
11.7584760766 1.0402245733
11.7682911568 1.0406271844
11.7781062370 1.0410244070
11.7879213172 1.0414162106
11.7977363974 1.0418025652
11.8075514776 1.0421834416
11.8173665578 1.0425588113
11.8271816380 1.0429286466
11.8369967182 1.0432929202
11.8468117984 1.0436516059
11.8566268786 1.0440046780
11.8664419588 1.0443521116
11.8762570390 1.0446938824
11.8860721192 1.0450299669
11.8958871994 1.0453603424
11.9057022796 1.0456849869
11.9155173597 1.0460038790
11.9253324399 1.0463169983
11.9351475201 1.0466243249
11.9449626003 1.0469258398
11.9547776805 1.0472215247
11.9645927607 1.0475113620
11.9744078409 1.0477953350
11.9842229211 1.0480734275
11.9940380013 1.0483456242
12.0038530815 1.0486119107
12.0136681617 1.0488722732
12.0234832419 1.0491266986
12.0332983221 1.0493751747
12.0431134023 1.0496176900
12.0529284825 1.0498542338
12.0627435627 1.0500847961
12.0725586429 1.0503093677
12.0823737231 1.0505279401
12.0921888033 1.0507405058
12.1020038835 1.0509470578
12.1118189637 1.0511475899
12.1216340439 1.0513420969
12.1314491241 1.0515305740
12.1412642043 1.0517130174
12.1510792845 1.0518894241
12.1608943647 1.0520597918
12.1707094449 1.0522241188
12.1805245251 1.0523824044
12.1903396053 1.0525346485
12.2001546855 1.0526808519
12.2099697657 1.0528210160
12.2197848459 1.0529551431
12.2295999261 1.0530832361
12.2394150063 1.0532052987
12.2492300865 1.0533213355
12.2590451667 1.0534313515
12.2688602469 1.0535353529
12.2786753271 1.0536333463
12.2884904073 1.0537253392
12.2983054875 1.0538113396
12.3081205676 1.0538913565
12.3179356478 1.0539653995
12.3277507280 1.0540334789
12.3375658082 1.0540956059
12.3473808884 1.0541517922
12.3571959686 1.0542020502
12.3670110488 1.0542463933
12.3768261290 1.0542848352
12.3866412092 1.0543173906
12.3964562894 1.0543440748
12.4062713696 1.0543649038
12.4160864498 1.0543798942
12.4259015300 1.0543890634
12.4357166102 1.0543924293
12.4455316904 1.0543900108
12.4553467706 1.0543818272
12.4651618508 1.0543678984
12.4749769310 1.0543482451
12.4847920112 1.0543228888
12.4946070914 1.0542918512
12.5044221716 1.0542551551
12.5142372518 1.0542128237
12.5240523320 1.0541648808
12.5338674122 1.0541113508
12.5436824924 1.0540522590
12.5534975726 1.0539876310
12.5633126528 1.0539174930
12.5731277330 1.0538418720
12.5829428132 1.0537607954
12.5927578934 1.0536742914
12.6025729736 1.0535823884
12.6123880538 1.0534851158
12.6222031340 1.0533825033
12.6320182142 1.0532745811
12.6418332944 1.0531613802
12.6516483746 1.0530429319
12.6614634548 1.0529192682
12.6712785350 1.0527904215
12.6810936152 1.0526564248
12.6909086954 1.0525173115
12.7007237755 1.0523731156
12.7105388557 1.0522238716
12.7203539359 1.0520696144
12.7301690161 1.0519103795
12.7399840963 1.0517462028
12.7497991765 1.0515771206
12.7596142567 1.0514031698
12.7694293369 1.0512243877
12.7792444171 1.0510408118
12.7890594973 1.0508524805
12.7988745775 1.0506594323
12.8086896577 1.0504617060
12.8185047379 1.0502593412
12.8283198181 1.0500523777
12.8381348983 1.0498408555
12.8479499785 1.0496248152
12.8577650587 1.0494042979
12.8675801389 1.0491793448
12.8773952191 1.0489499975
12.8872102993 1.0487162982
12.8970253795 1.0484782890
12.9068404597 1.0482360128
12.9166555399 1.0479895126
12.9264706201 1.0477388316
12.9362857003 1.0474840136
12.9461007805 1.0472251025
12.9559158607 1.0469621425
12.9657309409 1.0466951781
12.9755460211 1.0464242542
12.9853611013 1.0461494158
12.9951761815 1.0458707082
13.0049912617 1.0455881771
13.0148063419 1.0453018682
13.0246214221 1.0450118277
13.0344365023 1.0447181018
13.0442515825 1.0444207370
13.0540666627 1.0441197800
13.0638817429 1.0438152778
13.0736968231 1.0435072775
13.0835119033 1.0431958264
13.0933269834 1.0428809720
13.1031420636 1.0425627619
13.1129571438 1.0422412440
13.1227722240 1.0419164663
13.1325873042 1.0415884768
13.1424023844 1.0412573238
13.1522174646 1.0409230558
13.1620325448 1.0405857213
13.1718476250 1.0402453689
13.1816627052 1.0399020473
13.1914777854 1.0395558055
13.2012928656 1.0392066923
13.2111079458 1.0388547568
13.2209230260 1.0385000481
13.2307381062 1.0381426154
13.2405531864 1.0377825080
13.2503682666 1.0374197751
13.2601833468 1.0370544661
13.2699984270 1.0366866304
13.2798135072 1.0363163175
13.2896285874 1.0359435769
13.2994436676 1.0355684579
13.3092587478 1.0351910102
13.3190738280 1.0348112832
13.3288889082 1.0344293265
13.3387039884 1.0340451896
13.3485190686 1.0336589219
13.3583341488 1.0332705730
13.3681492290 1.0328801923
13.3779643092 1.0324878292
13.3877793894 1.0320935332
13.3975944696 1.0316973536
13.4074095498 1.0312993397
13.4172246300 1.0308995407
13.4270397102 1.0304980058
13.4368547904 1.0300947841
13.4466698706 1.0296899247
13.4564849508 1.0292834765
13.4663000310 1.0288754885
13.4761151111 1.0284660093
13.4859301913 1.0280550877
13.4957452715 1.0276427722
13.5055603517 1.0272291114
13.5153754319 1.0268141536
13.5251905121 1.0263979470
13.5350055923 1.0259805398
13.5448206725 1.0255619800
13.5546357527 1.0251423154
13.5644508329 1.0247215937
13.5742659131 1.0242998626
13.5840809933 1.0238771695
13.5938960735 1.0234535616
13.6037111537 1.0230290861
13.6135262339 1.0226037899
13.6233413141 1.0221777198
13.6331563943 1.0217509224
13.6429714745 1.0213234442
13.6527865547 1.0208953315
13.6626016349 1.0204666303
13.6724167151 1.0200373865
13.6822317953 1.0196076458
13.6920468755 1.0191774537
13.7018619557 1.0187468555
13.7116770359 1.0183158964
13.7214921161 1.0178846211
13.7313071963 1.0174530745
13.7411222765 1.0170213009
13.7509373567 1.0165893445
13.7607524369 1.0161572495
13.7705675171 1.0157250596
13.7803825973 1.0152928184
13.7901976775 1.0148605692
13.8000127577 1.0144283551
13.8098278379 1.0139962190
13.8196429181 1.0135642035
13.8294579983 1.0131323509
13.8392730785 1.0127007035
13.8490881587 1.0122693030
13.8589032389 1.0118381912
13.8687183190 1.0114074094
13.8785333992 1.0109769986
13.8883484794 1.0105469998
13.8981635596 1.0101174535
13.9079786398 1.0096884002
13.9177937200 1.0092598797
13.9276088002 1.0088319319
13.9374238804 1.0084045964
13.9472389606 1.0079779124
13.9570540408 1.0075519188
13.9668691210 1.0071266543
13.9766842012 1.0067021574
13.9864992814 1.0062784661
13.9963143616 1.0058556183
14.0061294418 1.0054336516
14.0159445220 1.0050126032
14.0257596022 1.0045925101
14.0355746824 1.0041734090
14.0453897626 1.0037553363
14.0552048428 1.0033383282
14.0650199230 1.0029224203
14.0748350032 1.0025076483
14.0846500834 1.0020940473
14.0944651636 1.0016816523
14.1042802438 1.0012704979
14.1140953240 1.0008606183
14.1239104042 1.0004520477
14.1337254844 1.0000448198
14.1435405646 0.9996389679
14.1533556448 0.9992345251
14.1631707250 0.9988315243
14.1729858052 0.9984299979
14.1828008854 0.9980299781
14.1926159656 0.9976314969
14.2024310458 0.9972345858
14.2122461260 0.9968392759
14.2220612062 0.9964455984
14.2318762864 0.9960535838
14.2416913666 0.9956632625
14.2515064468 0.9952746644
14.2613215269 0.9948878193
14.2711366071 0.9945027566
14.2809516873 0.9941195054
14.2907667675 0.9937380944
14.3005818477 0.9933585521
14.3103969279 0.9929809067
14.3202120081 0.9926051858
14.3300270883 0.9922314172
14.3398421685 0.9918596280
14.3496572487 0.9914898450
14.3594723289 0.9911220949
14.3692874091 0.9907564039
14.3791024893 0.9903927980
14.3889175695 0.9900313028
14.3987326497 0.9896719436
14.4085477299 0.9893147455
14.4183628101 0.9889597330
14.4281778903 0.9886069307
14.4379929705 0.9882563626
14.4478080507 0.9879080524
14.4576231309 0.9875620237
14.4674382111 0.9872182994
14.4772532913 0.9868769025
14.4870683715 0.9865378554
14.4968834517 0.9862011805
14.5066985319 0.9858668994
14.5165136121 0.9855350339
14.5263286923 0.9852056052
14.5361437725 0.9848786343
14.5459588527 0.9845541418
14.5557739329 0.9842321480
14.5655890131 0.9839126731
14.5754040933 0.9835957367
14.5852191735 0.9832813582
14.5950342537 0.9829695569
14.6048493339 0.9826603514
14.6146644141 0.9823537603
14.6244794943 0.9820498018
14.6342945745 0.9817484939
14.6441096547 0.9814498540
14.6539247348 0.9811538996
14.6637398150 0.9808606475
14.6735548952 0.9805701146
14.6833699754 0.9802823172
14.6931850556 0.9799972713
14.7030001358 0.9797149929
14.7128152160 0.9794354973
14.7226302962 0.9791587999
14.7324453764 0.9788849154
14.7422604566 0.9786138586
14.7520755368 0.9783456438
14.7618906170 0.9780802849
14.7717056972 0.9778177958
14.7815207774 0.9775581898
14.7913358576 0.9773014801
14.8011509378 0.9770476796
14.8109660180 0.9767968008
14.8207810982 0.9765488561
14.8305961784 0.9763038574
14.8404112586 0.9760618165
14.8502263388 0.9758227447
14.8600414190 0.9755866532
14.8698564992 0.9753535530
14.8796715794 0.9751234545
14.8894866596 0.9748963680
14.8993017398 0.9746723036
14.9091168200 0.9744512710
14.9189319002 0.9742332797
14.9287469804 0.9740183388
14.9385620606 0.9738064573
14.9483771408 0.9735976437
14.9581922210 0.9733919064
14.9680073012 0.9731892535
14.9778223814 0.9729896928
14.9876374616 0.9727932319
14.9974525418 0.9725998779
15.0072676220 0.9724096379
15.0170827022 0.9722225186
15.0268977824 0.9720385265
15.0367128626 0.9718576677
15.0465279427 0.9716799481
15.0563430229 0.9715053735
15.0661581031 0.9713339492
15.0759731833 0.9711656803
15.0857882635 0.9710005717
15.0956033437 0.9708386280
15.1054184239 0.9706798535
15.1152335041 0.9705242524
15.1250485843 0.9703718284
15.1348636645 0.9702225852
15.1446787447 0.9700765260
15.1544938249 0.9699336538
15.1643089051 0.9697939716
15.1741239853 0.9696574818
15.1839390655 0.9695241868
15.1937541457 0.9693940885
15.2035692259 0.9692671888
15.2133843061 0.9691434892
15.2231993863 0.9690229910
15.2330144665 0.9689056954
15.2428295467 0.9687916029
15.2526446269 0.9686807143
15.2624597071 0.9685730299
15.2722747873 0.9684685496
15.2820898675 0.9683672734
15.2919049477 0.9682692008
15.3017200279 0.9681743312
15.3115351081 0.9680826636
15.3213501883 0.9679941969
15.3311652685 0.9679089298
15.3409803487 0.9678268607
15.3507954289 0.9677479876
15.3606105091 0.9676723086
15.3704255893 0.9675998212
15.3802406695 0.9675305230
15.3900557497 0.9674644112
15.3998708299 0.9674014827
15.4096859101 0.9673417343
15.4195009903 0.9672851626
15.4293160704 0.9672317638
15.4391311506 0.9671815340
15.4489462308 0.9671344691
15.4587613110 0.9670905646
15.4685763912 0.9670498160
15.4783914714 0.9670122184
15.4882065516 0.9669777668
15.4980216318 0.9669464559
15.5078367120 0.9669182802
15.5176517922 0.9668932340
15.5274668724 0.9668713113
15.5372819526 0.9668525061
15.5470970328 0.9668368119
15.5569121130 0.9668242221
15.5667271932 0.9668147299
15.5765422734 0.9668083284
15.5863573536 0.9668050102
15.5961724338 0.9668047680
15.6059875140 0.9668075940
15.6158025942 0.9668134804
15.6256176744 0.9668224192
15.6354327546 0.9668344020
15.6452478348 0.9668494203
15.6550629150 0.9668674655
15.6648779952 0.9668885286
15.6746930754 0.9669126004
15.6845081556 0.9669396718
15.6943232358 0.9669697331
15.7041383160 0.9670027746
15.7139533962 0.9670387864
15.7237684764 0.9670777583
15.7335835566 0.9671196801
15.7433986368 0.9671645411
15.7532137170 0.9672123307
15.7630287972 0.9672630379
15.7728438774 0.9673166516
15.7826589576 0.9673731604
15.7924740378 0.9674325529
15.8022891180 0.9674948174
15.8121041982 0.9675599419
15.8219192783 0.9676279143
15.8317343585 0.9676987223
15.8415494387 0.9677723536
15.8513645189 0.9678487953
15.8611795991 0.9679280346
15.8709946793 0.9680100586
15.8808097595 0.9680948539
15.8906248397 0.9681824072
15.9004399199 0.9682727048
15.9102550001 0.9683657330
15.9200700803 0.9684614778
15.9298851605 0.9685599250
15.9397002407 0.9686610603
15.9495153209 0.9687648692
15.9593304011 0.9688713370
15.9691454813 0.9689804489
15.9789605615 0.9690921897
15.9887756417 0.9692065443
15.9985907219 0.9693234973
16.0084058021 0.9694430331
16.0182208823 0.9695651360
16.0280359625 0.9696897899
16.0378510427 0.9698169790
16.0476661229 0.9699466868
16.0574812031 0.9700788970
16.0672962833 0.9702135930
16.0771113635 0.9703507580
16.0869264437 0.9704903750
16.0967415239 0.9706324271
16.1065566041 0.9707768968
16.1163716843 0.9709237669
16.1261867645 0.9710730198
16.1360018447 0.9712246376
16.1458169249 0.9713786025
16.1556320051 0.9715348965
16.1654470853 0.9716935012
16.1752621655 0.9718543984
16.1850772457 0.9720175695
16.1948923259 0.9721829959
16.2047074061 0.9723506586
16.2145224862 0.9725205388
16.2243375664 0.9726926172
16.2341526466 0.9728668746
16.2439677268 0.9730432916
16.2537828070 0.9732218485
16.2635978872 0.9734025257
16.2734129674 0.9735853033
16.2832280476 0.9737701612
16.2930431278 0.9739570794
16.3028582080 0.9741460374
16.3126732882 0.9743370149
16.3224883684 0.9745299914
16.3323034486 0.9747249460
16.3421185288 0.9749218579
16.3519336090 0.9751207063
16.3617486892 0.9753214699
16.3715637694 0.9755241274
16.3813788496 0.9757286577
16.3911939298 0.9759350390
16.4010090100 0.9761432499
16.4108240902 0.9763532684
16.4206391704 0.9765650729
16.4304542506 0.9767786412
16.4402693308 0.9769939512
16.4500844110 0.9772109807
16.4598994912 0.9774297073
16.4697145714 0.9776501085
16.4795296516 0.9778721618
16.4893447318 0.9780958443
16.4991598120 0.9783211334
16.5089748922 0.9785480060
16.5187899724 0.9787764391
16.5286050526 0.9790064095
16.5384201328 0.9792378940
16.5482352130 0.9794708693
16.5580502932 0.9797053117
16.5678653734 0.9799411979
16.5776804536 0.9801785040
16.5874955338 0.9804172064
16.5973106140 0.9806572811
16.6071256941 0.9808987041
16.6169407743 0.9811414515
16.6267558545 0.9813854991
16.6365709347 0.9816308226
16.6463860149 0.9818773977
16.6562010951 0.9821252000
16.6660161753 0.9823742050
16.6758312555 0.9826243881
16.6856463357 0.9828757246
16.6954614159 0.9831281898
16.7052764961 0.9833817589
16.7150915763 0.9836364069
16.7249066565 0.9838921090
16.7347217367 0.9841488400
16.7445368169 0.9844065748
16.7543518971 0.9846652883
16.7641669773 0.9849249552
16.7739820575 0.9851855501
16.7837971377 0.9854470478
16.7936122179 0.9857094228
16.8034272981 0.9859726495
16.8132423783 0.9862367025
16.8230574585 0.9865015561
16.8328725387 0.9867671846
16.8426876189 0.9870335624
16.8525026991 0.9873006637
16.8623177793 0.9875684627
16.8721328595 0.9878369335
16.8819479397 0.9881060502
16.8917630199 0.9883757870
16.9015781001 0.9886461178
16.9113931803 0.9889170166
16.9212082605 0.9891884574
16.9310233407 0.9894604142
16.9408384209 0.9897328608
16.9506535011 0.9900057711
16.9604685813 0.9902791189
16.9702836615 0.9905528781
16.9800987417 0.9908270225
16.9899138219 0.9911015259
16.9997289020 0.9913763619
17.0095439822 0.9916515045
17.0193590624 0.9919269274
17.0291741426 0.9922026042
17.0389892228 0.9924785087
17.0488043030 0.9927546146
17.0586193832 0.9930308957
17.0684344634 0.9933073257
17.0782495436 0.9935838783
17.0880646238 0.9938605272
17.0978797040 0.9941372463
17.1076947842 0.9944140091
17.1175098644 0.9946907896
17.1273249446 0.9949675614
17.1371400248 0.9952442984
17.1469551050 0.9955209743
17.1567701852 0.9957975631
17.1665852654 0.9960740385
17.1764003456 0.9963503745
17.1862154258 0.9966265450
17.1960305060 0.9969025238
17.2058455862 0.9971782851
17.2156606664 0.9974538028
17.2254757466 0.9977290510
17.2352908268 0.9980040037
17.2451059070 0.9982786352
17.2549209872 0.9985529196
17.2647360674 0.9988268311
17.2745511476 0.9991003441
17.2843662278 0.9993734329
17.2941813080 0.9996460719
17.3039963882 0.9999182355
17.3138114684 1.0001898983
17.3236265486 1.0004610349
17.3334416288 1.0007316199
17.3432567090 1.0010016281
17.3530717892 1.0012710342
17.3628868694 1.0015398132
17.3727019496 1.0018079399
17.3825170297 1.0020753895
17.3923321099 1.0023421369
17.4021471901 1.0026081576
17.4119622703 1.0028734266
17.4217773505 1.0031379194
17.4315924307 1.0034016115
17.4414075109 1.0036644784
17.4512225911 1.0039264958
17.4610376713 1.0041876394
17.4708527515 1.0044478852
17.4806678317 1.0047072091
17.4904829119 1.0049655871
17.5002979921 1.0052229956
17.5101130723 1.0054794107
17.5199281525 1.0057348088
17.5297432327 1.0059891667
17.5395583129 1.0062424608
17.5493733931 1.0064946680
17.5591884733 1.0067457652
17.5690035535 1.0069957294
17.5788186337 1.0072445378
17.5886337139 1.0074921677
17.5984487941 1.0077385965
17.6082638743 1.0079838018
17.6180789545 1.0082277614
17.6278940347 1.0084704531
17.6377091149 1.0087118548
17.6475241951 1.0089519448
17.6573392753 1.0091907014
17.6671543555 1.0094281030
17.6769694357 1.0096641282
17.6867845159 1.0098987558
17.6965995961 1.0101319647
17.7064146763 1.0103637340
17.7162297565 1.0105940431
17.7260448367 1.0108228712
17.7358599169 1.0110501980
17.7456749971 1.0112760033
17.7554900773 1.0115002671
17.7653051575 1.0117229693
17.7751202376 1.0119440904
17.7849353178 1.0121636107
17.7947503980 1.0123815110
17.8045654782 1.0125977721
17.8143805584 1.0128123751
17.8241956386 1.0130253011
17.8340107188 1.0132365316
17.8438257990 1.0134460481
17.8536408792 1.0136538325
17.8634559594 1.0138598668
17.8732710396 1.0140641331
17.8830861198 1.0142666139
17.8929012000 1.0144672918
17.9027162802 1.0146661496
17.9125313604 1.0148631702
17.9223464406 1.0150583370
17.9321615208 1.0152516334
17.9419766010 1.0154430430
17.9517916812 1.0156325497
17.9616067614 1.0158201375
17.9714218416 1.0160057908
17.9812369218 1.0161894942
17.9910520020 1.0163712322
18.0008670822 1.0165509900
18.0106821624 1.0167287527
18.0204972426 1.0169045057
18.0303123228 1.0170782347
18.0401274030 1.0172499256
18.0499424832 1.0174195644
18.0597575634 1.0175871376
18.0695726436 1.0177526317
18.0793877238 1.0179160335
18.0892028040 1.0180773301
18.0990178842 1.0182365088
18.1088329644 1.0183935571
18.1186480446 1.0185484628
18.1284631248 1.0187012139
18.1382782050 1.0188517988
18.1480932852 1.0190002058
18.1579083654 1.0191464238
18.1677234455 1.0192904417
18.1775385257 1.0194322489
18.1873536059 1.0195718348
18.1971686861 1.0197091892
18.2069837663 1.0198443021
18.2167988465 1.0199771638
18.2266139267 1.0201077648
18.2364290069 1.0202360959
18.2462440871 1.0203621480
18.2560591673 1.0204859126
18.2658742475 1.0206073810
18.2756893277 1.0207265453
18.2855044079 1.0208433973
18.2953194881 1.0209579295
18.3051345683 1.0210701344
18.3149496485 1.0211800048
18.3247647287 1.0212875339
18.3345798089 1.0213927151
18.3443948891 1.0214955420
18.3542099693 1.0215960084
18.3640250495 1.0216941086
18.3738401297 1.0217898369
18.3836552099 1.0218831882
18.3934702901 1.0219741572
18.4032853703 1.0220627393
18.4131004505 1.0221489299
18.4229155307 1.0222327248
18.4327306109 1.0223141200
18.4425456911 1.0223931118
18.4523607713 1.0224696968
18.4621758515 1.0225438717
18.4719909317 1.0226156336
18.4818060119 1.0226849800
18.4916210921 1.0227519083
18.5014361723 1.0228164166
18.5112512525 1.0228785029
18.5210663327 1.0229381657
18.5308814129 1.0229954036
18.5406964931 1.0230502156
18.5505115733 1.0231026009
18.5603266534 1.0231525590
18.5701417336 1.0232000896
18.5799568138 1.0232451927
18.5897718940 1.0232878686
18.5995869742 1.0233281178
18.6094020544 1.0233659412
18.6192171346 1.0234013397
18.6290322148 1.0234343146
18.6388472950 1.0234648676
18.6486623752 1.0234930006
18.6584774554 1.0235187155
18.6682925356 1.0235420147
18.6781076158 1.0235629009
18.6879226960 1.0235813769
18.6977377762 1.0235974459
18.7075528564 1.0236111112
18.7173679366 1.0236223764
18.7271830168 1.0236312455
18.7369980970 1.0236377226
18.7468131772 1.0236418120
18.7566282574 1.0236435185
18.7664433376 1.0236428468
18.7762584178 1.0236398023
18.7860734980 1.0236343901
18.7958885782 1.0236266160
18.8057036584 1.0236164859
18.8155187386 1.0236040058
18.8253338188 1.0235891821
18.8351488990 1.0235720214
18.8449639792 1.0235525306
18.8547790594 1.0235307167
18.8645941396 1.0235065870
18.8744092198 1.0234801491
18.8842243000 1.0234514108
18.8940393802 1.0234203801
18.9038544604 1.0233870652
18.9136695406 1.0233514746
18.9234846208 1.0233136170
18.9332997010 1.0232735013
18.9431147811 1.0232311367
18.9529298613 1.0231865326
18.9627449415 1.0231396985
18.9725600217 1.0230906442
18.9823751019 1.0230393797
18.9921901821 1.0229859154
19.0020052623 1.0229302617
19.0118203425 1.0228724292
19.0216354227 1.0228124288
19.0314505029 1.0227502715
19.0412655831 1.0226859688
19.0510806633 1.0226195320
19.0608957435 1.0225509729
19.0707108237 1.0224803034
19.0805259039 1.0224075355
19.0903409841 1.0223326816
19.1001560643 1.0222557541
19.1099711445 1.0221767657
19.1197862247 1.0220957292
19.1296013049 1.0220126578
19.1394163851 1.0219275646
19.1492314653 1.0218404631
19.1590465455 1.0217513669
19.1688616257 1.0216602898
19.1786767059 1.0215672456
19.1884917861 1.0214722486
19.1983068663 1.0213753131
19.2081219465 1.0212764535
19.2179370267 1.0211756844
19.2277521069 1.0210730207
19.2375671871 1.0209684774
19.2473822673 1.0208620695
19.2571973475 1.0207538124
19.2670124277 1.0206437215
19.2768275079 1.0205318124
19.2866425881 1.0204181009
19.2964576683 1.0203026029
19.3062727485 1.0201853344
19.3160878287 1.0200663116
19.3259029089 1.0199455508
19.3357179890 1.0198230686
19.3455330692 1.0196988815
19.3553481494 1.0195730062
19.3651632296 1.0194454597
19.3749783098 1.0193162590
19.3847933900 1.0191854212
19.3946084702 1.0190529636
19.4044235504 1.0189189035
19.4142386306 1.0187832585
19.4240537108 1.0186460462
19.4338687910 1.0185072842
19.4436838712 1.0183669906
19.4534989514 1.0182251832
19.4633140316 1.0180818801
19.4731291118 1.0179370994
19.4829441920 1.0177908596
19.4927592722 1.0176431788
19.5025743524 1.0174940757
19.5123894326 1.0173435687
19.5222045128 1.0171916766
19.5320195930 1.0170384182
19.5418346732 1.0168838121
19.5516497534 1.0167278774
19.5614648336 1.0165706332
19.5712799138 1.0164120984
19.5810949940 1.0162522922
19.5909100742 1.0160912340
19.6007251544 1.0159289430
19.6105402346 1.0157654386
19.6203553148 1.0156007403
19.6301703950 1.0154348675
19.6399854752 1.0152678400
19.6498005554 1.0150996773
19.6596156356 1.0149303991
19.6694307158 1.0147600252
19.6792457960 1.0145885755
19.6890608762 1.0144160697
19.6988759564 1.0142425279
19.7086910366 1.0140679699
19.7185061168 1.0138924159
19.7283211969 1.0137158857
19.7381362771 1.0135383996
19.7479513573 1.0133599776
19.7577664375 1.0131806399
19.7675815177 1.0130004067
19.7773965979 1.0128192983
19.7872116781 1.0126373348
19.7970267583 1.0124545365
19.8068418385 1.0122709238
19.8166569187 1.0120865169
19.8264719989 1.0119013363
19.8362870791 1.0117154021
19.8461021593 1.0115287349
19.8559172395 1.0113413550
19.8657323197 1.0111532827
19.8755473999 1.0109645385
19.8853624801 1.0107751428
19.8951775603 1.0105851159
19.9049926405 1.0103944783
19.9148077207 1.0102032503
19.9246228009 1.0100114524
19.9344378811 1.0098191049
19.9442529613 1.0096262282
19.9540680415 1.0094328427
19.9638831217 1.0092389688
19.9736982019 1.0090446267
19.9835132821 1.0088498369
19.9933283623 1.0086546195
20.0031434425 1.0084589949
20.0129585227 1.0082629834
20.0227736029 1.0080666052
20.0325886831 1.0078698805
20.0424037633 1.0076728294
20.0522188435 1.0074754722
20.0620339237 1.0072778289
20.0718490039 1.0070799196
20.0816640841 1.0068817645
20.0914791643 1.0066833833
20.1012942445 1.0064847962
20.1111093247 1.0062860231
20.1209244048 1.0060870838
20.1307394850 1.0058879982
20.1405545652 1.0056887860
20.1503696454 1.0054894670
20.1601847256 1.0052900608
20.1699998058 1.0050905872
20.1798148860 1.0048910656
20.1896299662 1.0046915156
20.1994450464 1.0044919566
20.2092601266 1.0042924081
20.2190752068 1.0040928893
20.2288902870 1.0038934196
20.2387053672 1.0036940181
20.2485204474 1.0034947041
20.2583355276 1.0032954964
20.2681506078 1.0030964143
20.2779656880 1.0028974765
20.2877807682 1.0026987020
20.2975958484 1.0025001094
20.3074109286 1.0023017176
20.3172260088 1.0021035452
20.3270410890 1.0019056107
20.3368561692 1.0017079325
20.3466712494 1.0015105291
20.3564863296 1.0013134187
20.3663014098 1.0011166196
20.3761164900 1.0009201498
20.3859315702 1.0007240275
20.3957466504 1.0005282706
20.4055617306 1.0003328969
20.4153768108 1.0001379243
20.4251918910 0.9999433703
20.4350069712 0.9997492526
20.4448220514 0.9995555886
20.4546371316 0.9993623958
20.4644522118 0.9991696914
20.4742672920 0.9989774926
20.4840823722 0.9987858165
20.4938974524 0.9985946802
20.5037125326 0.9984041004
20.5135276127 0.9982140939
20.5233426929 0.9980246775
20.5331577731 0.9978358677
20.5429728533 0.9976476810
20.5527879335 0.9974601337
20.5626030137 0.9972732420
20.5724180939 0.9970870221
20.5822331741 0.9969014901
20.5920482543 0.9967166617
20.6018633345 0.9965325529
20.6116784147 0.9963491793
20.6214934949 0.9961665564
20.6313085751 0.9959846998
20.6411236553 0.9958036246
20.6509387355 0.9956233463
20.6607538157 0.9954438797
20.6705688959 0.9952652400
20.6803839761 0.9950874419
20.6901990563 0.9949105003
20.7000141365 0.9947344296
20.7098292167 0.9945592445
20.7196442969 0.9943849591
20.7294593771 0.9942115879
20.7392744573 0.9940391448
20.7490895375 0.9938676439
20.7589046177 0.9936970991
20.7687196979 0.9935275240
20.7785347781 0.9933589322
20.7883498583 0.9931913373
20.7981649385 0.9930247525
20.8079800187 0.9928591912
20.8177950989 0.9926946662
20.8276101791 0.9925311907
20.8374252593 0.9923687774
20.8472403395 0.9922074389
20.8570554197 0.9920471879
20.8668704999 0.9918880368
20.8766855801 0.9917299977
20.8865006603 0.9915730830
20.8963157404 0.9914173045
20.9061308206 0.9912626742
20.9159459008 0.9911092038
20.9257609810 0.9909569048
20.9355760612 0.9908057888
20.9453911414 0.9906558671
20.9552062216 0.9905071508
20.9650213018 0.9903596510
20.9748363820 0.9902133786
20.9846514622 0.9900683444
20.9944665424 0.9899245589
21.0042816226 0.9897820328
21.0140967028 0.9896407762
21.0239117830 0.9895007994
21.0337268632 0.9893621126
21.0435419434 0.9892247255
21.0533570236 0.9890886480
21.0631721038 0.9889538897
21.0729871840 0.9888204601
21.0828022642 0.9886883685
21.0926173444 0.9885576242
21.1024324246 0.9884282362
21.1122475048 0.9883002135
21.1220625850 0.9881735647
21.1318776652 0.9880482986
21.1416927454 0.9879244236
21.1515078256 0.9878019481
21.1613229058 0.9876808802
21.1711379860 0.9875612280
21.1809530662 0.9874429995
21.1907681464 0.9873262023
21.2005832266 0.9872108441
21.2103983068 0.9870969324
21.2202133870 0.9869844744
21.2300284672 0.9868734774
21.2398435474 0.9867639484
21.2496586276 0.9866558943
21.2594737078 0.9865493218
21.2692887880 0.9864442375
21.2791038682 0.9863406479
21.2889189483 0.9862385593
21.2987340285 0.9861379777
21.3085491087 0.9860389093
21.3183641889 0.9859413599
21.3281792691 0.9858453353
21.3379943493 0.9857508409
21.3478094295 0.9856578822
21.3576245097 0.9855664645
21.3674395899 0.9854765929
21.3772546701 0.9853882724
21.3870697503 0.9853015079
21.3968848305 0.9852163040
21.4066999107 0.9851326653
21.4165149909 0.9850505962
21.4263300711 0.9849701009
21.4361451513 0.9848911836
21.4459602315 0.9848138483
21.4557753117 0.9847380986
21.4655903919 0.9846639384
21.4754054721 0.9845913711
21.4852205523 0.9845204002
21.4950356325 0.9844510288
21.5048507127 0.9843832601
21.5146657929 0.9843170970
21.5244808731 0.9842525423
21.5342959533 0.9841895987
21.5441110335 0.9841282687
21.5539261137 0.9840685546
21.5637411939 0.9840104587
21.5735562741 0.9839539831
21.5833713543 0.9838991297
21.5931864345 0.9838459003
21.6030015147 0.9837942965
21.6128165949 0.9837443199
21.6226316751 0.9836959719
21.6324467553 0.9836492536
21.6422618355 0.9836041662
21.6520769157 0.9835607106
21.6618919959 0.9835188875
21.6717070761 0.9834786978
21.6815221562 0.9834401417
21.6913372364 0.9834032199
21.7011523166 0.9833679324
21.7109673968 0.9833342794
21.7207824770 0.9833022608
21.7305975572 0.9832718764
21.7404126374 0.9832431261
21.7502277176 0.9832160091
21.7600427978 0.9831905251
21.7698578780 0.9831666731
21.7796729582 0.9831444524
21.7894880384 0.9831238620
21.7993031186 0.9831049007
21.8091181988 0.9830875671
21.8189332790 0.9830718599
21.8287483592 0.9830577776
21.8385634394 0.9830453184
21.8483785196 0.9830344804
21.8581935998 0.9830252618
21.8680086800 0.9830176604
21.8778237602 0.9830116740
21.8876388404 0.9830073002
21.8974539206 0.9830045365
21.9072690008 0.9830033803
21.9170840810 0.9830038288
21.9268991612 0.9830058792
21.9367142414 0.9830095283
21.9465293216 0.9830147730
21.9563444018 0.9830216100
21.9661594820 0.9830300360
21.9759745622 0.9830400473
21.9857896424 0.9830516402
21.9956047226 0.9830648110
22.0054198028 0.9830795557
22.0152348830 0.9830958703
22.0250499632 0.9831137505
22.0348650434 0.9831331921
22.0446801236 0.9831541905
22.0544952038 0.9831767412
22.0643102840 0.9832008396
22.0741253641 0.9832264807
22.0839404443 0.9832536597
22.0937555245 0.9832823714
22.1035706047 0.9833126107
22.1133856849 0.9833443722
22.1232007651 0.9833776505
22.1330158453 0.9834124401
22.1428309255 0.9834487353
22.1526460057 0.9834865302
22.1624610859 0.9835258190
22.1722761661 0.9835665956
22.1820912463 0.9836088538
22.1919063265 0.9836525873
22.2017214067 0.9836977899
22.2115364869 0.9837444549
22.2213515671 0.9837925757
22.2311666473 0.9838421456
22.2409817275 0.9838931577
22.2507968077 0.9839456051
22.2606118879 0.9839994807
22.2704269681 0.9840547772
22.2802420483 0.9841114874
22.2900571285 0.9841696038
22.2998722087 0.9842291189
22.3096872889 0.9842900251
22.3195023691 0.9843523146
22.3293174493 0.9844159795
22.3391325295 0.9844810119
22.3489476097 0.9845474037
22.3587626899 0.9846151467
22.3685777701 0.9846842326
22.3783928503 0.9847546531
22.3882079305 0.9848263995
22.3980230107 0.9848994634
22.4078380909 0.9849738360
22.4176531711 0.9850495085
22.4274682513 0.9851264720
22.4372833315 0.9852047175
22.4470984117 0.9852842358
22.4569134919 0.9853650178
22.4667285720 0.9854470542
22.4765436522 0.9855303355
22.4863587324 0.9856148522
22.4961738126 0.9857005947
22.5059888928 0.9857875534
22.5158039730 0.9858757185
22.5256190532 0.9859650800
22.5354341334 0.9860556280
22.5452492136 0.9861473524
22.5550642938 0.9862402431
22.5648793740 0.9863342898
22.5746944542 0.9864294821
22.5845095344 0.9865258097
22.5943246146 0.9866232621
22.6041396948 0.9867218285
22.6139547750 0.9868214984
22.6237698552 0.9869222609
22.6335849354 0.9870241053
22.6434000156 0.9871270205
22.6532150958 0.9872309956
22.6630301760 0.9873360194
22.6728452562 0.9874420807
22.6826603364 0.9875491683
22.6924754166 0.9876572709
22.7022904968 0.9877663770
22.7121055770 0.9878764751
22.7219206572 0.9879875536
22.7317357374 0.9880996010
22.7415508176 0.9882126054
22.7513658978 0.9883265551
22.7611809780 0.9884414382
22.7709960582 0.9885572427
22.7808111384 0.9886739568
22.7906262186 0.9887915682
22.8004412988 0.9889100649
22.8102563790 0.9890294346
22.8200714592 0.9891496650
22.8298865394 0.9892707439
22.8397016196 0.9893926587
22.8495166997 0.9895153971
22.8593317799 0.9896389465
22.8691468601 0.9897632942
22.8789619403 0.9898884278
22.8887770205 0.9900143344
22.8985921007 0.9901410012
22.9084071809 0.9902684155
22.9182222611 0.9903965644
22.9280373413 0.9905254349
22.9378524215 0.9906550140
22.9476675017 0.9907852888
22.9574825819 0.9909162461
22.9672976621 0.9910478727
22.9771127423 0.9911801555
22.9869278225 0.9913130813
22.9967429027 0.9914466368
23.0065579829 0.9915808086
23.0163730631 0.9917155834
23.0261881433 0.9918509477
23.0360032235 0.9919868881
23.0458183037 0.9921233911
23.0556333839 0.9922604432
23.0654484641 0.9923980308
23.0752635443 0.9925361402
23.0850786245 0.9926747578
23.0948937047 0.9928138700
23.1047087849 0.9929534630
23.1145238651 0.9930935231
23.1243389453 0.9932340364
23.1341540255 0.9933749893
23.1439691057 0.9935163677
23.1537841859 0.9936581580
23.1635992661 0.9938003461
23.1734143463 0.9939429181
23.1832294265 0.9940858602
23.1930445067 0.9942291583
23.2028595869 0.9943727985
23.2126746671 0.9945167667
23.2224897473 0.9946610490
23.2323048275 0.9948056312
23.2421199076 0.9949504993
23.2519349878 0.9950956393
23.2617500680 0.9952410371
23.2715651482 0.9953866785
23.2813802284 0.9955325494
23.2911953086 0.9956786358
23.3010103888 0.9958249234
23.3108254690 0.9959713982
23.3206405492 0.9961180460
23.3304556294 0.9962648526
23.3402707096 0.9964118039
23.3500857898 0.9965588858
23.3599008700 0.9967060840
23.3697159502 0.9968533845
23.3795310304 0.9970007730
23.3893461106 0.9971482355
23.3991611908 0.9972957577
23.4089762710 0.9974433255
23.4187913512 0.9975909248
23.4286064314 0.9977385415
23.4384215116 0.9978861614
23.4482365918 0.9980337705
23.4580516720 0.9981813545
23.4678667522 0.9983288996
23.4776818324 0.9984763915
23.4874969126 0.9986238163
23.4973119928 0.9987711598
23.5071270730 0.9989184082
23.5169421532 0.9990655473
23.5267572334 0.9992125632
23.5365723136 0.9993594421
23.5463873938 0.9995061698
23.5562024740 0.9996527326
23.5660175542 0.9997991166
23.5758326344 0.9999453079
23.5856477146 1.0000912927
23.5954627948 1.0002370572
23.6052778750 1.0003825877
23.6150929552 1.0005278704
23.6249080354 1.0006728916
23.6347231155 1.0008176378
23.6445381957 1.0009620953
23.6543532759 1.0011062505
23.6641683561 1.0012500898
23.6739834363 1.0013935999
23.6837985165 1.0015367672
23.6936135967 1.0016795783
23.7034286769 1.0018220199
23.7132437571 1.0019640787
23.7230588373 1.0021057414
23.7328739175 1.0022469947
23.7426889977 1.0023878256
23.7525040779 1.0025282208
23.7623191581 1.0026681674
23.7721342383 1.0028076524
23.7819493185 1.0029466627
23.7917643987 1.0030851854
23.8015794789 1.0032232079
23.8113945591 1.0033607172
23.8212096393 1.0034977006
23.8310247195 1.0036341456
23.8408397997 1.0037700395
23.8506548799 1.0039053697
23.8604699601 1.0040401239
23.8702850403 1.0041742896
23.8801001205 1.0043078546
23.8899152007 1.0044408064
23.8997302809 1.0045731331
23.9095453611 1.0047048224
23.9193604413 1.0048358623
23.9291755215 1.0049662409
23.9389906017 1.0050959462
23.9488056819 1.0052249665
23.9586207621 1.0053532900
23.9684358423 1.0054809051
23.9782509225 1.0056078002
23.9880660027 1.0057339638
23.9978810829 1.0058593845
24.0076961631 1.0059840509
24.0175112433 1.0061079518
24.0273263234 1.0062310762
24.0371414036 1.0063534128
24.0469564838 1.0064749507
24.0567715640 1.0065956791
24.0665866442 1.0067155871
24.0764017244 1.0068346641
24.0862168046 1.0069528993
24.0960318848 1.0070702824
24.1058469650 1.0071868028
24.1156620452 1.0073024503
24.1254771254 1.0074172146
24.1352922056 1.0075310855
24.1451072858 1.0076440531
24.1549223660 1.0077561074
24.1647374462 1.0078672386
24.1745525264 1.0079774369
24.1843676066 1.0080866928
24.1941826868 1.0081949966
24.2039977670 1.0083023390
24.2138128472 1.0084087107
24.2236279274 1.0085141024
24.2334430076 1.0086185050
24.2432580878 1.0087219097
24.2530731680 1.0088243074
24.2628882482 1.0089256894
24.2727033284 1.0090260471
24.2825184086 1.0091253720
24.2923334888 1.0092236555
24.3021485690 1.0093208893
24.3119636492 1.0094170654
24.3217787294 1.0095121755
24.3315938096 1.0096062117
24.3414088898 1.0096991662
24.3512239700 1.0097910311
24.3610390502 1.0098817990
24.3708541304 1.0099714623
24.3806692106 1.0100600136
24.3904842908 1.0101474457
24.4002993710 1.0102337514
24.4101144512 1.0103189237
24.4199295313 1.0104029558
24.4297446115 1.0104858408
24.4395596917 1.0105675722
24.4493747719 1.0106481434
24.4591898521 1.0107275479
24.4690049323 1.0108057797
24.4788200125 1.0108828325
24.4886350927 1.0109587002
24.4984501729 1.0110333771
24.5082652531 1.0111068574
24.5180803333 1.0111791354
24.5278954135 1.0112502056
24.5377104937 1.0113200627
24.5475255739 1.0113887015
24.5573406541 1.0114561168
24.5671557343 1.0115223037
24.5769708145 1.0115872573
24.5867858947 1.0116509730
24.5966009749 1.0117134460
24.6064160551 1.0117746721
24.6162311353 1.0118346468
24.6260462155 1.0118933661
24.6358612957 1.0119508258
24.6456763759 1.0120070220
24.6554914561 1.0120619511
24.6653065363 1.0121156092
24.6751216165 1.0121679931
24.6849366967 1.0122190991
24.6947517769 1.0122689242
24.7045668571 1.0123174653
24.7143819373 1.0123647192
24.7241970175 1.0124106834
24.7340120977 1.0124553550
24.7438271779 1.0124987315
24.7536422581 1.0125408104
24.7634573383 1.0125815896
24.7732724185 1.0126210668
24.7830874987 1.0126592401
24.7929025789 1.0126961075
24.8027176590 1.0127316674
24.8125327392 1.0127659182
24.8223478194 1.0127988583
24.8321628996 1.0128304865
24.8419779798 1.0128608016
24.8517930600 1.0128898026
24.8616081402 1.0129174884
24.8714232204 1.0129438584
24.8812383006 1.0129689119
24.8910533808 1.0129926485
24.9008684610 1.0130150676
24.9106835412 1.0130361692
24.9204986214 1.0130559531
24.9303137016 1.0130744194
24.9401287818 1.0130915682
24.9499438620 1.0131073999
24.9597589422 1.0131219149
24.9695740224 1.0131351138
24.9793891026 1.0131469973
24.9892041828 1.0131575662
24.9990192630 1.0131668217
25.0088343432 1.0131747647
25.0186494234 1.0131813965
25.0284645036 1.0131867186
25.0382795838 1.0131907324
25.0480946640 1.0131934396
25.0579097442 1.0131948420
25.0677248244 1.0131949416
25.0775399046 1.0131937402
25.0873549848 1.0131912402
25.0971700650 1.0131874439
25.1069851452 1.0131823537
25.1168002254 1.0131759721
25.1266153056 1.0131683018
25.1364303858 1.0131593458
25.1462454660 1.0131491069
25.1560605462 1.0131375883
25.1658756264 1.0131247930
25.1756907066 1.0131107246
25.1855057868 1.0130953864
25.1953208669 1.0130787820
25.2051359471 1.0130609152
25.2149510273 1.0130417897
25.2247661075 1.0130214096
25.2345811877 1.0129997789
25.2443962679 1.0129769018
25.2542113481 1.0129527826
25.2640264283 1.0129274258
25.2738415085 1.0129008360
25.2836565887 1.0128730178
25.2934716689 1.0128439761
25.3032867491 1.0128137157
25.3131018293 1.0127822417
25.3229169095 1.0127495593
25.3327319897 1.0127156736
25.3425470699 1.0126805902
25.3523621501 1.0126443144
25.3621772303 1.0126068520
25.3719923105 1.0125682085
25.3818073907 1.0125283900
25.3916224709 1.0124874022
25.4014375511 1.0124452512
25.4112526313 1.0124019433
25.4210677115 1.0123574846
25.4308827917 1.0123118816
25.4406978719 1.0122651407
25.4505129521 1.0122172685
25.4603280323 1.0121682717
25.4701431125 1.0121181570
25.4799581927 1.0120669315
25.4897732729 1.0120146020
25.4995883531 1.0119611757
25.5094034333 1.0119066598
25.5192185135 1.0118510615
25.5290335937 1.0117943882
25.5388486739 1.0117366475
25.5486637541 1.0116778468
25.5584788343 1.0116179940
25.5682939145 1.0115570967
25.5781089947 1.0114951627
25.5879240748 1.0114322002
25.5977391550 1.0113682170
25.6075542352 1.0113032213
25.6173693154 1.0112372213
25.6271843956 1.0111702254
25.6369994758 1.0111022419
25.6468145560 1.0110332792
25.6566296362 1.0109633460
25.6664447164 1.0108924509
25.6762597966 1.0108206026
25.6860748768 1.0107478098
25.6958899570 1.0106740815
25.7057050372 1.0105994267
25.7155201174 1.0105238542
25.7253351976 1.0104473733
25.7351502778 1.0103699932
25.7449653580 1.0102917230
25.7547804382 1.0102125721
25.7645955184 1.0101325499
25.7744105986 1.0100516659
25.7842256788 1.0099699296
25.7940407590 1.0098873505
25.8038558392 1.0098039384
25.8136709194 1.0097197030
25.8234859996 1.0096346541
25.8333010798 1.0095488014
25.8431161600 1.0094621551
25.8529312402 1.0093747249
25.8627463204 1.0092865210
25.8725614006 1.0091975534
25.8823764808 1.0091078324
25.8921915610 1.0090173680
25.9020066412 1.0089261706
25.9118217214 1.0088342504
25.9216368016 1.0087416179
25.9314518818 1.0086482834
25.9412669620 1.0085542574
25.9510820422 1.0084595504
25.9608971224 1.0083641729
25.9707122026 1.0082681356
25.9805272827 1.0081714491
25.9903423629 1.0080741240
26.0001574431 1.0079761712
26.0099725233 1.0078776013
26.0197876035 1.0077784253
26.0296026837 1.0076786538
26.0394177639 1.0075782979
26.0492328441 1.0074773683
26.0590479243 1.0073758762
26.0688630045 1.0072738324
26.0786780847 1.0071712480
26.0884931649 1.0070681340
26.0983082451 1.0069645014
26.1081233253 1.0068603615
26.1179384055 1.0067557253
26.1277534857 1.0066506040
26.1375685659 1.0065450087
26.1473836461 1.0064389507
26.1571987263 1.0063324412
26.1670138065 1.0062254914
26.1768288867 1.0061181126
26.1866439669 1.0060103161
26.1964590471 1.0059021131
26.2062741273 1.0057935151
26.2160892075 1.0056845332
26.2259042877 1.0055751790
26.2357193679 1.0054654636
26.2455344481 1.0053553986
26.2553495283 1.0052449952
26.2651646085 1.0051342649
26.2749796887 1.0050232190
26.2847947689 1.0049118690
26.2946098491 1.0048002262
26.3044249293 1.0046883021
26.3142400095 1.0045761081
26.3240550897 1.0044636556
26.3338701699 1.0043509560
26.3436852501 1.0042380207
26.3535003303 1.0041248611
26.3633154105 1.0040114887
26.3731304906 1.0038979148
26.3829455708 1.0037841508
26.3927606510 1.0036702083
26.4025757312 1.0035560984
26.4123908114 1.0034418327
26.4222058916 1.0033274224
26.4320209718 1.0032128790
26.4418360520 1.0030982137
26.4516511322 1.0029834380
26.4614662124 1.0028685631
26.4712812926 1.0027536003
26.4810963728 1.0026385610
26.4909114530 1.0025234564
26.5007265332 1.0024082977
26.5105416134 1.0022930963
26.5203566936 1.0021778632
26.5301717738 1.0020626097
26.5399868540 1.0019473470
26.5498019342 1.0018320863
26.5596170144 1.0017168385
26.5694320946 1.0016016149
26.5792471748 1.0014864265
26.5890622550 1.0013712844
26.5988773352 1.0012561995
26.6086924154 1.0011411829
26.6185074956 1.0010262454
26.6283225758 1.0009113981
26.6381376560 1.0007966518
26.6479527362 1.0006820174
26.6577678164 1.0005675057
26.6675828966 1.0004531275
26.6773979768 1.0003388936
26.6872130570 1.0002248146
26.6970281372 1.0001109012
26.7068432174 0.9999971641
26.7166582976 0.9998836139
26.7264733778 0.9997702611
26.7362884580 0.9996571163
26.7461035382 0.9995441899
26.7559186183 0.9994314923
26.7657336985 0.9993190340
26.7755487787 0.9992068253
26.7853638589 0.9990948765
26.7951789391 0.9989831978
26.8049940193 0.9988717994
26.8148090995 0.9987606915
26.8246241797 0.9986498842
26.8344392599 0.9985393876
26.8442543401 0.9984292115
26.8540694203 0.9983193661
26.8638845005 0.9982098612
26.8736995807 0.9981007067
26.8835146609 0.9979919122
26.8933297411 0.9978834877
26.9031448213 0.9977754427
26.9129599015 0.9976677869
26.9227749817 0.9975605298
26.9325900619 0.9974536810
26.9424051421 0.9973472499
26.9522202223 0.9972412459
26.9620353025 0.9971356784
26.9718503827 0.9970305566
26.9816654629 0.9969258897
26.9914805431 0.9968216869
27.0012956233 0.9967179573
27.0111107035 0.9966147098
27.0209257837 0.9965119535
27.0307408639 0.9964096973
27.0405559441 0.9963079499
27.0503710243 0.9962067202
27.0601861045 0.9961060169
27.0700011847 0.9960058485
27.0798162649 0.9959062236
27.0896313451 0.9958071508
27.0994464253 0.9957086385
27.1092615055 0.9956106950
27.1190765857 0.9955133286
27.1288916659 0.9954165475
27.1387067461 0.9953203599
27.1485218262 0.9952247739
27.1583369064 0.9951297974
27.1681519866 0.9950354384
27.1779670668 0.9949417047
27.1877821470 0.9948486042
27.1975972272 0.9947561445
27.2074123074 0.9946643333
27.2172273876 0.9945731781
27.2270424678 0.9944826864
27.2368575480 0.9943928657
27.2466726282 0.9943037232
27.2564877084 0.9942152662
27.2663027886 0.9941275019
27.2761178688 0.9940404373
27.2859329490 0.9939540796
27.2957480292 0.9938684356
27.3055631094 0.9937835122
27.3153781896 0.9936993162
27.3251932698 0.9936158543
27.3350083500 0.9935331332
27.3448234302 0.9934511592
27.3546385104 0.9933699390
27.3644535906 0.9932894789
27.3742686708 0.9932097852
27.3840837510 0.9931308640
27.3938988312 0.9930527216
27.4037139114 0.9929753640
27.4135289916 0.9928987972
27.4233440718 0.9928230269
27.4331591520 0.9927480591
27.4429742322 0.9926738995
27.4527893124 0.9926005536
27.4626043926 0.9925280270
27.4724194728 0.9924563253
27.4822345530 0.9923854536
27.4920496332 0.9923154174
27.5018647134 0.9922462219
27.5116797936 0.9921778721
27.5214948738 0.9921103731
27.5313099540 0.9920437299
27.5411250341 0.9919779472
27.5509401143 0.9919130299
27.5607551945 0.9918489826
27.5705702747 0.9917858100
27.5803853549 0.9917235165
27.5902004351 0.9916621066
27.6000155153 0.9916015846
27.6098305955 0.9915419547
27.6196456757 0.9914832212
27.6294607559 0.9914253879
27.6392758361 0.9913684590
27.6490909163 0.9913124384
27.6589059965 0.9912573298
27.6687210767 0.9912031369
27.6785361569 0.9911498633
27.6883512371 0.9910975127
27.6981663173 0.9910460884
27.7079813975 0.9909955937
27.7177964777 0.9909460320
27.7276115579 0.9908974065
27.7374266381 0.9908497201
27.7472417183 0.9908029759
27.7570567985 0.9907571768
27.7668718787 0.9907123256
27.7766869589 0.9906684251
27.7865020391 0.9906254778
27.7963171193 0.9905834863
27.8061321995 0.9905424531
27.8159472797 0.9905023805
27.8257623599 0.9904632708
27.8355774401 0.9904251261
27.8453925203 0.9903879486
27.8552076005 0.9903517403
27.8650226807 0.9903165030
27.8748377609 0.9902822386
27.8846528411 0.9902489489
27.8944679213 0.9902166354
27.9042830015 0.9901852996
27.9140980817 0.9901549432
27.9239131619 0.9901255673
27.9337282420 0.9900971733
27.9435433222 0.9900697625
27.9533584024 0.9900433358
27.9631734826 0.9900178943
27.9729885628 0.9899934388
27.9828036430 0.9899699704
27.9926187232 0.9899474895
28.0024338034 0.9899259970
28.0122488836 0.9899054934
28.0220639638 0.9898859790
28.0318790440 0.9898674544
28.0416941242 0.9898499198
28.0515092044 0.9898333754
28.0613242846 0.9898178212
28.0711393648 0.9898032574
28.0809544450 0.9897896839
28.0907695252 0.9897771004
28.1005846054 0.9897655068
28.1103996856 0.9897549028
28.1202147658 0.9897452878
28.1300298460 0.9897366614
28.1398449262 0.9897290230
28.1496600064 0.9897223719
28.1594750866 0.9897167073
28.1692901668 0.9897120284
28.1791052470 0.9897083342
28.1889203272 0.9897056237
28.1987354074 0.9897038958
28.2085504876 0.9897031492
28.2183655678 0.9897033827
28.2281806480 0.9897045948
28.2379957282 0.9897067842
28.2478108084 0.9897099492
28.2576258886 0.9897140883
28.2674409688 0.9897191997
28.2772560490 0.9897252815
28.2870711292 0.9897323320
28.2968862094 0.9897403491
28.3067012896 0.9897493307
28.3165163698 0.9897592748
28.3263314499 0.9897701791
28.3361465301 0.9897820412
28.3459616103 0.9897948588
28.3557766905 0.9898086295
28.3655917707 0.9898233506
28.3754068509 0.9898390195
28.3852219311 0.9898556335
28.3950370113 0.9898731898
28.4048520915 0.9898916855
28.4146671717 0.9899111176
28.4244822519 0.9899314831
28.4342973321 0.9899527789
28.4441124123 0.9899750017
28.4539274925 0.9899981483
28.4637425727 0.9900222154
28.4735576529 0.9900471993
28.4833727331 0.9900730968
28.4931878133 0.9900999040
28.5030028935 0.9901276175
28.5128179737 0.9901562333
28.5226330539 0.9901857478
28.5324481341 0.9902161569
28.5422632143 0.9902474567
28.5520782945 0.9902796431
28.5618933747 0.9903127121
28.5717084549 0.9903466594
28.5815235351 0.9903814806
28.5913386153 0.9904171716
28.6011536955 0.9904537277
28.6109687757 0.9904911446
28.6207838559 0.9905294177
28.6305989361 0.9905685422
28.6404140163 0.9906085136
28.6502290965 0.9906493269
28.6600441767 0.9906909774
28.6698592569 0.9907334601
28.6796743371 0.9907767700
28.6894894173 0.9908209020
28.6993044975 0.9908658511
28.7091195776 0.9909116119
28.7189346578 0.9909581793
28.7287497380 0.9910055478
28.7385648182 0.9910537121
28.7483798984 0.9911026668
28.7581949786 0.9911524061
28.7680100588 0.9912029246
28.7778251390 0.9912542166
28.7876402192 0.9913062764
28.7974552994 0.9913590981
28.8072703796 0.9914126759
28.8170854598 0.9914670038
28.8269005400 0.9915220759
28.8367156202 0.9915778862
28.8465307004 0.9916344285
28.8563457806 0.9916916966
28.8661608608 0.9917496844
28.8759759410 0.9918083854
28.8857910212 0.9918677935
28.8956061014 0.9919279022
28.9054211816 0.9919887050
28.9152362618 0.9920501954
28.9250513420 0.9921123668
28.9348664222 0.9921752126
28.9446815024 0.9922387262
28.9544965826 0.9923029007
28.9643116628 0.9923677293
28.9741267430 0.9924332054
28.9839418232 0.9924993218
28.9937569034 0.9925660717
29.0035719836 0.9926334481
29.0133870638 0.9927014440
29.0232021440 0.9927700521
29.0330172242 0.9928392654
29.0428323044 0.9929090767
29.0526473846 0.9929794786
29.0624624648 0.9930504640
29.0722775450 0.9931220254
29.0820926252 0.9931941556
29.0919077054 0.9932668469
29.1017227855 0.9933400920
29.1115378657 0.9934138834
29.1213529459 0.9934882133
29.1311680261 0.9935630744
29.1409831063 0.9936384588
29.1507981865 0.9937143589
29.1606132667 0.9937907670
29.1704283469 0.9938676753
29.1802434271 0.9939450759
29.1900585073 0.9940229611
29.1998735875 0.9941013229
29.2096886677 0.9941801533
29.2195037479 0.9942594445
29.2293188281 0.9943391884
29.2391339083 0.9944193770
29.2489489885 0.9945000022
29.2587640687 0.9945810559
29.2685791489 0.9946625300
29.2783942291 0.9947444163
29.2882093093 0.9948267065
29.2980243895 0.9949093926
29.3078394697 0.9949924661
29.3176545499 0.9950759189
29.3274696301 0.9951597426
29.3372847103 0.9952439288
29.3470997905 0.9953284692
29.3569148707 0.9954133553
29.3667299509 0.9954985789
29.3765450311 0.9955841313
29.3863601113 0.9956700041
29.3961751915 0.9957561889
29.4059902717 0.9958426771
29.4158053519 0.9959294602
29.4256204321 0.9960165295
29.4354355123 0.9961038766
29.4452505925 0.9961914929
29.4550656727 0.9962793696
29.4648807529 0.9963674983
29.4746958331 0.9964558701
29.4845109133 0.9965444766
29.4943259934 0.9966333088
29.5041410736 0.9967223583
29.5139561538 0.9968116163
29.5237712340 0.9969010739
29.5335863142 0.9969907226
29.5434013944 0.9970805536
29.5532164746 0.9971705580
29.5630315548 0.9972607272
29.5728466350 0.9973510524
29.5826617152 0.9974415247
29.5924767954 0.9975321354
29.6022918756 0.9976228757
29.6121069558 0.9977137368
29.6219220360 0.9978047099
29.6317371162 0.9978957861
29.6415521964 0.9979869568
29.6513672766 0.9980782129
29.6611823568 0.9981695458
29.6709974370 0.9982609466
29.6808125172 0.9983524066
29.6906275974 0.9984439168
29.7004426776 0.9985354684
29.7102577578 0.9986270527
29.7200728380 0.9987186609
29.7298879182 0.9988102841
29.7397029984 0.9989019136
29.7495180786 0.9989935406
29.7593331588 0.9990851562
29.7691482390 0.9991767517
29.7789633192 0.9992683184
29.7887783994 0.9993598474
29.7985934796 0.9994513301
29.8084085598 0.9995427577
29.8182236400 0.9996341214
29.8280387202 0.9997254126
29.8378538004 0.9998166226
29.8476688806 0.9999077426
29.8574839608 0.9999987641
29.8672990410 1.0000896783
29.8771141212 1.0001804767
29.8869292013 1.0002711506
29.8967442815 1.0003616913
29.9065593617 1.0004520904
29.9163744419 1.0005423393
29.9261895221 1.0006324295
29.9360046023 1.0007223523
29.9458196825 1.0008120994
29.9556347627 1.0009016622
29.9654498429 1.0009910324
29.9752649231 1.0010802014
29.9850800033 1.0011691609
29.9948950835 1.0012579026
30.0047101637 1.0013464181
30.0145252439 1.0014346990
30.0243403241 1.0015227372
30.0341554043 1.0016105243
30.0439704845 1.0016980521
30.0537855647 1.0017853125
30.0636006449 1.0018722972
30.0734157251 1.0019589982
30.0832308053 1.0020454074
30.0930458855 1.0021315166
30.1028609657 1.0022173180
30.1126760459 1.0023028035
30.1224911261 1.0023879651
30.1323062063 1.0024727950
30.1421212865 1.0025572852
30.1519363667 1.0026414280
30.1617514469 1.0027252156
30.1715665271 1.0028086402
30.1813816073 1.0028916940
30.1911966875 1.0029743695
30.2010117677 1.0030566591
30.2108268479 1.0031385550
30.2206419281 1.0032200499
30.2304570083 1.0033011362
30.2402720885 1.0033818064
30.2500871687 1.0034620532
30.2599022489 1.0035418692
30.2697173291 1.0036212472
30.2795324092 1.0037001798
30.2893474894 1.0037786599
30.2991625696 1.0038566803
30.3089776498 1.0039342340
30.3187927300 1.0040113138
30.3286078102 1.0040879128
30.3384228904 1.0041640240
30.3482379706 1.0042396406
30.3580530508 1.0043147556
30.3678681310 1.0043893624
30.3776832112 1.0044634543
30.3874982914 1.0045370244
30.3973133716 1.0046100663
30.4071284518 1.0046825733
30.4169435320 1.0047545391
30.4267586122 1.0048259571
30.4365736924 1.0048968210
30.4463887726 1.0049671244
30.4562038528 1.0050368611
30.4660189330 1.0051060250
30.4758340132 1.0051746098
30.4856490934 1.0052426095
30.4954641736 1.0053100182
30.5052792538 1.0053768298
30.5150943340 1.0054430385
30.5249094142 1.0055086385
30.5347244944 1.0055736240
30.5445395746 1.0056379894
30.5543546548 1.0057017290
30.5641697350 1.0057648373
30.5739848152 1.0058273089
30.5837998954 1.0058891382
30.5936149756 1.0059503200
30.6034300558 1.0060108490
30.6132451360 1.0060707200
30.6230602162 1.0061299278
30.6328752964 1.0061884675
30.6426903766 1.0062463340
30.6525054568 1.0063035223
30.6623205369 1.0063600277
30.6721356171 1.0064158453
30.6819506973 1.0064709706
30.6917657775 1.0065253987
30.7015808577 1.0065791253
30.7113959379 1.0066321457
30.7212110181 1.0066844557
30.7310260983 1.0067360508
30.7408411785 1.0067869268
30.7506562587 1.0068370796
30.7604713389 1.0068865050
30.7702864191 1.0069351991
30.7801014993 1.0069831578
30.7899165795 1.0070303772
30.7997316597 1.0070768537
30.8095467399 1.0071225835
30.8193618201 1.0071675629
30.8291769003 1.0072117885
30.8389919805 1.0072552566
30.8488070607 1.0072979639
30.8586221409 1.0073399072
30.8684372211 1.0073810831
30.8782523013 1.0074214885
30.8880673815 1.0074611203
30.8978824617 1.0074999755
30.9076975419 1.0075380512
30.9175126221 1.0075753445
30.9273277023 1.0076118528
30.9371427825 1.0076475733
30.9469578627 1.0076825034
30.9567729429 1.0077166407
30.9665880231 1.0077499827
30.9764031033 1.0077825270
30.9862181835 1.0078142714
30.9960332637 1.0078452137
31.0058483439 1.0078753518
31.0156634241 1.0079046838
31.0254785043 1.0079332076
31.0352935845 1.0079609214
31.0451086647 1.0079878235
31.0549237448 1.0080139121
31.0647388250 1.0080391857
31.0745539052 1.0080636428
31.0843689854 1.0080872819
31.0941840656 1.0081101017
31.1039991458 1.0081321009
31.1138142260 1.0081532784
31.1236293062 1.0081736330
31.1334443864 1.0081931637
31.1432594666 1.0082118697
31.1530745468 1.0082297500
31.1628896270 1.0082468039
31.1727047072 1.0082630308
31.1825197874 1.0082784300
31.1923348676 1.0082930011
31.2021499478 1.0083067435
31.2119650280 1.0083196570
31.2217801082 1.0083317414
31.2315951884 1.0083429964
31.2414102686 1.0083534219
31.2512253488 1.0083630180
31.2610404290 1.0083717848
31.2708555092 1.0083797223
31.2806705894 1.0083868309
31.2904856696 1.0083931108
31.3003007498 1.0083985625
31.3101158300 1.0084031865
31.3199309102 1.0084069833
31.3297459904 1.0084099537
31.3395610706 1.0084120983
31.3493761508 1.0084134179
31.3591912310 1.0084139136
31.3690063112 1.0084135862
31.3788213914 1.0084124369
31.3886364716 1.0084104667
31.3984515518 1.0084076770
31.4082666320 1.0084040690
31.4180817122 1.0083996441
31.4278967924 1.0083944039
31.4377118726 1.0083883497
31.4475269527 1.0083814834
31.4573420329 1.0083738066
31.4671571131 1.0083653211
31.4769721933 1.0083560287
31.4867872735 1.0083459315
31.4966023537 1.0083350314
31.5064174339 1.0083233305
31.5162325141 1.0083108311
31.5260475943 1.0082975354
31.5358626745 1.0082834458
31.5456777547 1.0082685646
31.5554928349 1.0082528943
31.5653079151 1.0082364375
31.5751229953 1.0082191969
31.5849380755 1.0082011752
31.5947531557 1.0081823752
31.6045682359 1.0081627997
31.6143833161 1.0081424516
31.6241983963 1.0081213341
31.6340134765 1.0080994502
31.6438285567 1.0080768030
31.6536436369 1.0080533958
31.6634587171 1.0080292318
31.6732737973 1.0080043146
31.6830888775 1.0079786474
31.6929039577 1.0079522339
31.7027190379 1.0079250776
31.7125341181 1.0078971822
31.7223491983 1.0078685513
31.7321642785 1.0078391889
31.7419793587 1.0078090988
31.7517944389 1.0077782848
31.7616095191 1.0077467510
31.7714245993 1.0077145015
31.7812396795 1.0076815403
31.7910547597 1.0076478718
31.8008698399 1.0076135000
31.8106849201 1.0075784295
31.8205000003 1.0075426645
31.8303150805 1.0075062095
31.8401301606 1.0074690690
31.8499452408 1.0074312476
31.8597603210 1.0073927499
31.8695754012 1.0073535807
31.8793904814 1.0073137446
31.8892055616 1.0072732466
31.8990206418 1.0072320914
31.9088357220 1.0071902841
31.9186508022 1.0071478296
31.9284658824 1.0071047329
31.9382809626 1.0070609992
31.9480960428 1.0070166336
31.9579111230 1.0069716414
31.9677262032 1.0069260278
31.9775412834 1.0068797981
31.9873563636 1.0068329578
31.9971714438 1.0067855123
32.0069865240 1.0067374670
32.0168016042 1.0066888275
32.0266166844 1.0066395993
32.0364317646 1.0065897882
32.0462468448 1.0065393998
32.0560619250 1.0064884398
32.0658770052 1.0064369140
32.0756920854 1.0063848282
32.0855071656 1.0063321884
32.0953222458 1.0062790005
32.1051373260 1.0062252704
32.1149524062 1.0061710041
32.1247674864 1.0061162077
32.1345825666 1.0060608873
32.1443976468 1.0060050490
32.1542127270 1.0059486991
32.1640278072 1.0058918437
32.1738428874 1.0058344891
32.1836579676 1.0057766416
32.1934730478 1.0057183076
32.2032881280 1.0056594935
32.2131032082 1.0056002056
32.2229182883 1.0055404505
32.2327333685 1.0054802346
32.2425484487 1.0054195645
32.2523635289 1.0053584466
32.2621786091 1.0052968877
32.2719936893 1.0052348944
32.2818087695 1.0051724732
32.2916238497 1.0051096310
32.3014389299 1.0050463743
32.3112540101 1.0049827101
32.3210690903 1.0049186451
32.3308841705 1.0048541860
32.3406992507 1.0047893398
32.3505143309 1.0047241132
32.3603294111 1.0046585133
32.3701444913 1.0045925468
32.3799595715 1.0045262208
32.3897746517 1.0044595423
32.3995897319 1.0043925182
32.4094048121 1.0043251555
32.4192198923 1.0042574613
32.4290349725 1.0041894426
32.4388500527 1.0041211066
32.4486651329 1.0040524602
32.4584802131 1.0039835108
32.4682952933 1.0039142652
32.4781103735 1.0038447308
32.4879254537 1.0037749147
32.4977405339 1.0037048241
32.5075556141 1.0036344662
32.5173706943 1.0035638481
32.5271857745 1.0034929772
32.5370008547 1.0034218607
32.5468159349 1.0033505058
32.5566310151 1.0032789198
32.5664460953 1.0032071100
32.5762611755 1.0031350836
32.5860762557 1.0030628479
32.5958913359 1.0029904104
32.6057064161 1.0029177782
32.6155214962 1.0028449587
32.6253365764 1.0027719592
32.6351516566 1.0026987870
32.6449667368 1.0026254496
32.6547818170 1.0025519541
32.6645968972 1.0024783080
32.6744119774 1.0024045187
32.6842270576 1.0023305933
32.6940421378 1.0022565394
32.7038572180 1.0021823643
32.7136722982 1.0021080752
32.7234873784 1.0020336796
32.7333024586 1.0019591848
32.7431175388 1.0018845981
32.7529326190 1.0018099269
32.7627476992 1.0017351785
32.7725627794 1.0016603603
32.7823778596 1.0015854795
32.7921929398 1.0015105436
32.8020080200 1.0014355597
32.8118231002 1.0013605352
32.8216381804 1.0012854775
32.8314532606 1.0012103937
32.8412683408 1.0011352913
32.8510834210 1.0010601774
32.8608985012 1.0009850592
32.8707135814 1.0009099442
32.8805286616 1.0008348394
32.8903437418 1.0007597521
32.9001588220 1.0006846895
32.9099739022 1.0006096589
32.9197889824 1.0005346673
32.9296040626 1.0004597220
32.9394191428 1.0003848301
32.9492342230 1.0003099987
32.9590493032 1.0002352350
32.9688643834 1.0001605460
32.9786794636 1.0000859388
32.9884945438 1.0000114205
32.9983096240 0.9999369981
33.0081247041 0.9998626786
33.0179397843 0.9997884690
33.0277548645 0.9997143764
33.0375699447 0.9996404075
33.0473850249 0.9995665694
33.0572001051 0.9994928690
33.0670151853 0.9994193132
33.0768302655 0.9993459087
33.0866453457 0.9992726625
33.0964604259 0.9991995813
33.1062755061 0.9991266719
33.1160905863 0.9990539410
33.1259056665 0.9989813955
33.1357207467 0.9989090418
33.1455358269 0.9988368869
33.1553509071 0.9987649371
33.1651659873 0.9986931992
33.1749810675 0.9986216798
33.1847961477 0.9985503853
33.1946112279 0.9984793223
33.2044263081 0.9984084973
33.2142413883 0.9983379166
33.2240564685 0.9982675868
33.2338715487 0.9981975141
33.2436866289 0.9981277050
33.2535017091 0.9980581656
33.2633167893 0.9979889024
33.2731318695 0.9979199215
33.2829469497 0.9978512291
33.2927620299 0.9977828314
33.3025771101 0.9977147345
33.3123921903 0.9976469445
33.3222072705 0.9975794675
33.3320223507 0.9975123094
33.3418374309 0.9974454761
33.3516525111 0.9973789738
33.3614675913 0.9973128081
33.3712826715 0.9972469850
33.3810977517 0.9971815103
33.3909128319 0.9971163897
33.4007279120 0.9970516290
33.4105429922 0.9969872337
33.4203580724 0.9969232097
33.4301731526 0.9968595624
33.4399882328 0.9967962974
33.4498033130 0.9967334201
33.4596183932 0.9966709362
33.4694334734 0.9966088509
33.4792485536 0.9965471696
33.4890636338 0.9964858977
33.4988787140 0.9964250403
33.5086937942 0.9963646029
33.5185088744 0.9963045904
33.5283239546 0.9962450081
33.5381390348 0.9961858610
33.5479541150 0.9961271542
33.5577691952 0.9960688927
33.5675842754 0.9960110813
33.5773993556 0.9959537250
33.5872144358 0.9958968286
33.5970295160 0.9958403969
33.6068445962 0.9957844346
33.6166596764 0.9957289464
33.6264747566 0.9956739370
33.6362898368 0.9956194109
33.6461049170 0.9955653727
33.6559199972 0.9955118268
33.6657350774 0.9954587776
33.6755501576 0.9954062296
33.6853652378 0.9953541870
33.6951803180 0.9953026542
33.7049953982 0.9952516352
33.7148104784 0.9952011343
33.7246255586 0.9951511557
33.7344406388 0.9951017032
33.7442557190 0.9950527810
33.7540707992 0.9950043929
33.7638858794 0.9949565429
33.7737009596 0.9949092347
33.7835160398 0.9948624722
33.7933311199 0.9948162591
33.8031462001 0.9947705990
33.8129612803 0.9947254955
33.8227763605 0.9946809522
33.8325914407 0.9946369725
33.8424065209 0.9945935599
33.8522216011 0.9945507178
33.8620366813 0.9945084495
33.8718517615 0.9944667582
33.8816668417 0.9944256471
33.8914819219 0.9943851195
33.9012970021 0.9943451783
33.9111120823 0.9943058265
33.9209271625 0.9942670673
33.9307422427 0.9942289034
33.9405573229 0.9941913377
33.9503724031 0.9941543731
33.9601874833 0.9941180122
33.9700025635 0.9940822577
33.9798176437 0.9940471122
33.9896327239 0.9940125782
33.9994478041 0.9939786584
34.0092628843 0.9939453550
34.0190779645 0.9939126705
34.0288930447 0.9938806071
34.0387081249 0.9938491672
34.0485232051 0.9938183529
34.0583382853 0.9937881664
34.0681533655 0.9937586096
34.0779684457 0.9937296847
34.0877835259 0.9937013936
34.0975986061 0.9936737381
34.1074136863 0.9936467200
34.1172287665 0.9936203412
34.1270438467 0.9935946034
34.1368589269 0.9935695081
34.1466740071 0.9935450570
34.1564890873 0.9935212516
34.1663041675 0.9934980934
34.1761192476 0.9934755836
34.1859343278 0.9934537237
34.1957494080 0.9934325150
34.2055644882 0.9934119586
34.2153795684 0.9933920558
34.2251946486 0.9933728075
34.2350097288 0.9933542148
34.2448248090 0.9933362787
34.2546398892 0.9933190001
34.2644549694 0.9933023798
34.2742700496 0.9932864187
34.2840851298 0.9932711173
34.2939002100 0.9932564764
34.3037152902 0.9932424967
34.3135303704 0.9932291785
34.3233454506 0.9932165224
34.3331605308 0.9932045288
34.3429756110 0.9931931980
34.3527906912 0.9931825304
34.3626057714 0.9931725261
34.3724208516 0.9931631854
34.3822359318 0.9931545083
34.3920510120 0.9931464948
34.4018660922 0.9931391451
34.4116811724 0.9931324589
34.4214962526 0.9931264361
34.4313113328 0.9931210766
34.4411264130 0.9931163800
34.4509414932 0.9931123461
34.4607565734 0.9931089745
34.4705716536 0.9931062647
34.4803867338 0.9931042162
34.4902018140 0.9931028285
34.5000168942 0.9931021010
34.5098319744 0.9931020329
34.5196470546 0.9931026235
34.5294621348 0.9931038721
34.5392772150 0.9931057777
34.5490922952 0.9931083394
34.5589073754 0.9931115563
34.5687224555 0.9931154273
34.5785375357 0.9931199514
34.5883526159 0.9931251272
34.5981676961 0.9931309538
34.6079827763 0.9931374297
34.6177978565 0.9931445536
34.6276129367 0.9931523242
34.6374280169 0.9931607400
34.6472430971 0.9931697994
34.6570581773 0.9931795010
34.6668732575 0.9931898431
34.6766883377 0.9932008241
34.6865034179 0.9932124421
34.6963184981 0.9932246955
34.7061335783 0.9932375822
34.7159486585 0.9932511006
34.7257637387 0.9932652485
34.7355788189 0.9932800240
34.7453938991 0.9932954250
34.7552089793 0.9933114494
34.7650240595 0.9933280949
34.7748391397 0.9933453594
34.7846542199 0.9933632406
34.7944693001 0.9933817361
34.8042843803 0.9934008435
34.8140994605 0.9934205604
34.8239145407 0.9934408842
34.8337296209 0.9934618123
34.8435447011 0.9934833423
34.8533597813 0.9935054714
34.8631748615 0.9935281968
34.8729899417 0.9935515159
34.8828050219 0.9935754257
34.8926201021 0.9935999235
34.9024351823 0.9936250062
34.9122502625 0.9936506709
34.9220653427 0.9936769146
34.9318804229 0.9937037342
34.9416955031 0.9937311266
34.9515105833 0.9937590885
34.9613256634 0.9937876168
34.9711407436 0.9938167082
34.9809558238 0.9938463593
34.9907709040 0.9938765668
35.0005859842 0.9939073273
35.0104010644 0.9939386372
35.0202161446 0.9939704931
35.0300312248 0.9940028913
35.0398463050 0.9940358283
35.0496613852 0.9940693005
35.0594764654 0.9941033040
35.0692915456 0.9941378352
35.0791066258 0.9941728903
35.0889217060 0.9942084653
35.0987367862 0.9942445565
35.1085518664 0.9942811599
35.1183669466 0.9943182715
35.1281820268 0.9943558873
35.1379971070 0.9943940032
35.1478121872 0.9944326152
35.1576272674 0.9944717190
35.1674423476 0.9945113105
35.1772574278 0.9945513855
35.1870725080 0.9945919397
35.1968875882 0.9946329688
35.2067026684 0.9946744684
35.2165177486 0.9947164341
35.2263328288 0.9947588615
35.2361479090 0.9948017462
35.2459629892 0.9948450836
35.2557780694 0.9948888691
35.2655931496 0.9949330982
35.2754082298 0.9949777663
35.2852233100 0.9950228686
35.2950383902 0.9950684006
35.3048534704 0.9951143574
35.3146685506 0.9951607343
35.3244836308 0.9952075266
35.3342987110 0.9952547292
35.3441137912 0.9953023375
35.3539288713 0.9953503464
35.3637439515 0.9953987510
35.3735590317 0.9954475465
35.3833741119 0.9954967276
35.3931891921 0.9955462895
35.4030042723 0.9955962270
35.4128193525 0.9956465351
35.4226344327 0.9956972086
35.4324495129 0.9957482423
35.4422645931 0.9957996311
35.4520796733 0.9958513698
35.4618947535 0.9959034531
35.4717098337 0.9959558756
35.4815249139 0.9960086322
35.4913399941 0.9960617175
35.5011550743 0.9961151261
35.5109701545 0.9961688527
35.5207852347 0.9962228918
35.5306003149 0.9962772380
35.5404153951 0.9963318858
35.5502304753 0.9963868298
35.5600455555 0.9964420645
35.5698606357 0.9964975843
35.5796757159 0.9965533836
35.5894907961 0.9966094570
35.5993058763 0.9966657988
35.6091209565 0.9967224034
35.6189360367 0.9967792651
35.6287511169 0.9968363783
35.6385661971 0.9968937373
35.6483812773 0.9969513365
35.6581963575 0.9970091700
35.6680114377 0.9970672323
35.6778265179 0.9971255175
35.6876415981 0.9971840198
35.6974566783 0.9972427335
35.7072717585 0.9973016529
35.7170868387 0.9973607719
35.7269019189 0.9974200850
35.7367169991 0.9974795861
35.7465320792 0.9975392696
35.7563471594 0.9975991293
35.7661622396 0.9976591597
35.7759773198 0.9977193546
35.7857924000 0.9977797082
35.7956074802 0.9978402146
35.8054225604 0.9979008680
35.8152376406 0.9979616622
35.8250527208 0.9980225915
35.8348678010 0.9980836498
35.8446828812 0.9981448312
35.8544979614 0.9982061298
35.8643130416 0.9982675395
35.8741281218 0.9983290544
35.8839432020 0.9983906684
35.8937582822 0.9984523757
35.9035733624 0.9985141702
35.9133884426 0.9985760459
35.9232035228 0.9986379968
35.9330186030 0.9987000170
35.9428336832 0.9987621003
35.9526487634 0.9988242408
35.9624638436 0.9988864325
35.9722789238 0.9989486694
35.9820940040 0.9990109454
35.9919090842 0.9990732547
36.0017241644 0.9991355910
36.0115392446 0.9991979485
36.0213543248 0.9992603211
36.0311694050 0.9993227029
36.0409844852 0.9993850878
36.0507995654 0.9994474698
36.0606146456 0.9995098430
36.0704297258 0.9995722014
36.0802448060 0.9996345390
36.0900598862 0.9996968498
36.0998749664 0.9997591278
36.1096900466 0.9998213671
36.1195051268 0.9998835618
36.1293202069 0.9999457059
36.1391352871 1.0000077935
36.1489503673 1.0000698186
36.1587654475 1.0001317753
36.1685805277 1.0001936578
36.1783956079 1.0002554602
36.1882106881 1.0003171765
36.1980257683 1.0003788009
36.2078408485 1.0004403275
36.2176559287 1.0005017506
36.2274710089 1.0005630642
36.2372860891 1.0006242627
36.2471011693 1.0006853401
36.2569162495 1.0007462907
36.2667313297 1.0008071087
36.2765464099 1.0008677885
36.2863614901 1.0009283242
36.2961765703 1.0009887101
36.3059916505 1.0010489406
36.3158067307 1.0011090100
36.3256218109 1.0011689126
36.3354368911 1.0012286429
36.3452519713 1.0012881951
36.3550670515 1.0013475637
36.3648821317 1.0014067432
36.3746972119 1.0014657279
36.3845122921 1.0015245124
36.3943273723 1.0015830912
36.4041424525 1.0016414587
36.4139575327 1.0016996096
36.4237726129 1.0017575384
36.4335876931 1.0018152397
36.4434027733 1.0018727081
36.4532178535 1.0019299382
36.4630329337 1.0019869249
36.4728480139 1.0020436627
36.4826630941 1.0021001464
36.4924781743 1.0021563708
36.5022932545 1.0022123306
36.5121083347 1.0022680207
36.5219234148 1.0023234359
36.5317384950 1.0023785711
36.5415535752 1.0024334212
36.5513686554 1.0024879812
36.5611837356 1.0025422460
36.5709988158 1.0025962107
36.5808138960 1.0026498703
36.5906289762 1.0027032199
36.6004440564 1.0027562545
36.6102591366 1.0028089693
36.6200742168 1.0028613596
36.6298892970 1.0029134204
36.6397043772 1.0029651471
36.6495194574 1.0030165350
36.6593345376 1.0030675793
36.6691496178 1.0031182755
36.6789646980 1.0031686189
36.6887797782 1.0032186050
36.6985948584 1.0032682292
36.7084099386 1.0033174871
36.7182250188 1.0033663742
36.7280400990 1.0034148861
36.7378551792 1.0034630184
36.7476702594 1.0035107669
36.7574853396 1.0035581271
36.7673004198 1.0036050949
36.7771155000 1.0036516661
36.7869305802 1.0036978366
36.7967456604 1.0037436021
36.8065607406 1.0037889586
36.8163758208 1.0038339022
36.8261909010 1.0038784287
36.8360059812 1.0039225343
36.8458210614 1.0039662151
36.8556361416 1.0040094672
36.8654512218 1.0040522868
36.8752663020 1.0040946701
36.8850813822 1.0041366134
36.8948964624 1.0041781131
36.9047115426 1.0042191655
36.9145266227 1.0042597671
36.9243417029 1.0042999143
36.9341567831 1.0043396036
36.9439718633 1.0043788317
36.9537869435 1.0044175950
36.9636020237 1.0044558904
36.9734171039 1.0044937144
36.9832321841 1.0045310639
36.9930472643 1.0045679356
37.0028623445 1.0046043265
37.0126774247 1.0046402334
37.0224925049 1.0046756533
37.0323075851 1.0047105833
37.0421226653 1.0047450202
37.0519377455 1.0047789614
37.0617528257 1.0048124040
37.0715679059 1.0048453450
37.0813829861 1.0048777820
37.0911980663 1.0049097121
37.1010131465 1.0049411327
37.1108282267 1.0049720412
37.1206433069 1.0050024352
37.1304583871 1.0050323122
37.1402734673 1.0050616697
37.1500885475 1.0050905054
37.1599036277 1.0051188170
37.1697187079 1.0051466022
37.1795337881 1.0051738589
37.1893488683 1.0052005848
37.1991639485 1.0052267779
37.2089790287 1.0052524361
37.2187941089 1.0052775576
37.2286091891 1.0053021403
37.2384242693 1.0053261823
37.2482393495 1.0053496819
37.2580544297 1.0053726373
37.2678695099 1.0053950468
37.2776845901 1.0054169088
37.2874996703 1.0054382216
37.2973147505 1.0054589837
37.3071298306 1.0054791936
37.3169449108 1.0054988499
37.3267599910 1.0055179513
37.3365750712 1.0055364963
37.3463901514 1.0055544839
37.3562052316 1.0055719127
37.3660203118 1.0055887816
37.3758353920 1.0056050895
37.3856504722 1.0056208355
37.3954655524 1.0056360184
37.4052806326 1.0056506375
37.4150957128 1.0056646918
37.4249107930 1.0056781805
37.4347258732 1.0056911030
37.4445409534 1.0057034584
37.4543560336 1.0057152463
37.4641711138 1.0057264659
37.4739861940 1.0057371168
37.4838012742 1.0057471985
37.4936163544 1.0057567106
37.5034314346 1.0057656528
37.5132465148 1.0057740247
37.5230615950 1.0057818262
37.5328766752 1.0057890571
37.5426917554 1.0057957172
37.5525068356 1.0058018064
37.5623219158 1.0058073249
37.5721369960 1.0058122725
37.5819520762 1.0058166495
37.5917671564 1.0058204560
37.6015822366 1.0058236921
37.6113973168 1.0058263583
37.6212123970 1.0058284547
37.6310274772 1.0058299819
37.6408425574 1.0058309402
37.6506576376 1.0058313302
37.6604727178 1.0058311523
37.6702877980 1.0058304073
37.6801028782 1.0058290957
37.6899179584 1.0058272184
37.6997330385 1.0058247760
37.7095481187 1.0058217695
37.7193631989 1.0058181997
37.7291782791 1.0058140675
37.7389933593 1.0058093740
37.7488084395 1.0058041201
37.7586235197 1.0057983071
37.7684385999 1.0057919361
37.7782536801 1.0057850082
37.7880687603 1.0057775248
37.7978838405 1.0057694872
37.8076989207 1.0057608968
37.8175140009 1.0057517549
37.8273290811 1.0057420632
37.8371441613 1.0057318230
37.8469592415 1.0057210360
37.8567743217 1.0057097039
37.8665894019 1.0056978284
37.8764044821 1.0056854111
37.8862195623 1.0056724539
37.8960346425 1.0056589587
37.9058497227 1.0056449273
37.9156648029 1.0056303617
37.9254798831 1.0056152639
37.9352949633 1.0055996359
37.9451100435 1.0055834799
37.9549251237 1.0055667980
37.9647402039 1.0055495924
37.9745552841 1.0055318653
37.9843703643 1.0055136192
37.9941854445 1.0054948562
38.0040005247 1.0054755789
38.0138156049 1.0054557896
38.0236306851 1.0054354909
38.0334457653 1.0054146853
38.0432608455 1.0053933753
38.0530759257 1.0053715637
38.0628910059 1.0053492532
38.0727060861 1.0053264463
38.0825211662 1.0053031460
38.0923362464 1.0052793550
38.1021513266 1.0052550763
38.1119664068 1.0052303126
38.1217814870 1.0052050670
38.1315965672 1.0051793426
38.1414116474 1.0051531422
38.1512267276 1.0051264690
38.1610418078 1.0050993262
38.1708568880 1.0050717169
38.1806719682 1.0050436443
38.1904870484 1.0050151117
38.2003021286 1.0049861224
38.2101172088 1.0049566797
38.2199322890 1.0049267870
38.2297473692 1.0048964478
38.2395624494 1.0048656655
38.2493775296 1.0048344435
38.2591926098 1.0048027855
38.2690076900 1.0047706949
38.2788227702 1.0047381756
38.2886378504 1.0047052310
38.2984529306 1.0046718648
38.3082680108 1.0046380809
38.3180830910 1.0046038830
38.3278981712 1.0045692748
38.3377132514 1.0045342602
38.3475283316 1.0044988431
38.3573434118 1.0044630275
38.3671584920 1.0044268171
38.3769735722 1.0043902161
38.3867886524 1.0043532284
38.3966037326 1.0043158580
38.4064188128 1.0042781091
38.4162338930 1.0042399858
38.4260489732 1.0042014921
38.4358640534 1.0041626323
38.4456791336 1.0041234106
38.4554942138 1.0040838312
38.4653092940 1.0040438983
38.4751243741 1.0040036163
38.4849394543 1.0039629894
38.4947545345 1.0039220221
38.5045696147 1.0038807186
38.5143846949 1.0038390834
38.5241997751 1.0037971210
38.5340148553 1.0037548358
38.5438299355 1.0037122322
38.5536450157 1.0036693148
38.5634600959 1.0036260881
38.5732751761 1.0035825567
38.5830902563 1.0035387251
38.5929053365 1.0034945980
38.6027204167 1.0034501800
38.6125354969 1.0034054757
38.6223505771 1.0033604898
38.6321656573 1.0033152270
38.6419807375 1.0032696921
38.6517958177 1.0032238897
38.6616108979 1.0031778246
38.6714259781 1.0031315016
38.6812410583 1.0030849255
38.6910561385 1.0030381011
38.7008712187 1.0029910332
38.7106862989 1.0029437267
38.7205013791 1.0028961865
38.7303164593 1.0028484173
38.7401315395 1.0028004242
38.7499466197 1.0027522121
38.7597616999 1.0027037858
38.7695767801 1.0026551503
38.7793918603 1.0026063106
38.7892069405 1.0025572716
38.7990220207 1.0025080384
38.8088371009 1.0024586159
38.8186521811 1.0024090091
38.8284672613 1.0023592230
38.8382823415 1.0023092628
38.8480974217 1.0022591333
38.8579125019 1.0022088398
38.8677275820 1.0021583871
38.8775426622 1.0021077805
38.8873577424 1.0020570249
38.8971728226 1.0020061255
38.9069879028 1.0019550873
38.9168029830 1.0019039155
38.9266180632 1.0018526151
38.9364331434 1.0018011913
38.9462482236 1.0017496492
38.9560633038 1.0016979939
38.9658783840 1.0016462305
38.9756934642 1.0015943642
38.9855085444 1.0015424001
38.9953236246 1.0014903432
39.0051387048 1.0014381989
39.0149537850 1.0013859721
39.0247688652 1.0013336681
39.0345839454 1.0012812919
39.0443990256 1.0012288488
39.0542141058 1.0011763438
39.0640291860 1.0011237821
39.0738442662 1.0010711688
39.0836593464 1.0010185091
39.0934744266 1.0009658082
39.1032895068 1.0009130710
39.1131045870 1.0008603028
39.1229196672 1.0008075087
39.1327347474 1.0007546938
39.1425498276 1.0007018632
39.1523649078 1.0006490221
39.1621799880 1.0005961755
39.1719950682 1.0005433285
39.1818101484 1.0004904862
39.1916252286 1.0004376538
39.2014403088 1.0003848362
39.2112553890 1.0003320386
39.2210704692 1.0002792660
39.2308855494 1.0002265234
39.2407006296 1.0001738160
39.2505157098 1.0001211487
39.2603307899 1.0000685265
39.2701458701 1.0000159545
39.2799609503 0.9999634377
39.2897760305 0.9999109810
39.2995911107 0.9998585894
39.3094061909 0.9998062679
39.3192212711 0.9997540214
39.3290363513 0.9997018549
39.3388514315 0.9996497733
39.3486665117 0.9995977815
39.3584815919 0.9995458843
39.3682966721 0.9994940867
39.3781117523 0.9994423935
39.3879268325 0.9993908096
39.3977419127 0.9993393397
39.4075569929 0.9992879888
39.4173720731 0.9992367615
39.4271871533 0.9991856627
39.4370022335 0.9991346971
39.4468173137 0.9990838694
39.4566323939 0.9990331844
39.4664474741 0.9989826467
39.4762625543 0.9989322611
39.4860776345 0.9988820322
39.4958927147 0.9988319646
39.5057077949 0.9987820629
39.5155228751 0.9987323318
39.5253379553 0.9986827758
39.5351530355 0.9986333994
39.5449681157 0.9985842071
39.5547831959 0.9985352036
39.5645982761 0.9984863932
39.5744133563 0.9984377804
39.5842284365 0.9983893696
39.5940435167 0.9983411653
39.6038585969 0.9982931718
39.6136736771 0.9982453934
39.6234887573 0.9981978346
39.6333038375 0.9981504995
39.6431189177 0.9981033925
39.6529339978 0.9980565178
39.6627490780 0.9980098796
39.6725641582 0.9979634822
39.6823792384 0.9979173296
39.6921943186 0.9978714261
39.7020093988 0.9978257757
39.7118244790 0.9977803825
39.7216395592 0.9977352505
39.7314546394 0.9976903838
39.7412697196 0.9976457864
39.7510847998 0.9976014622
39.7608998800 0.9975574151
39.7707149602 0.9975136490
39.7805300404 0.9974701679
39.7903451206 0.9974269754
39.8001602008 0.9973840755
39.8099752810 0.9973414719
39.8197903612 0.9972991684
39.8296054414 0.9972571685
39.8394205216 0.9972154761
39.8492356018 0.9971740947
39.8590506820 0.9971330279
39.8688657622 0.9970922793
39.8786808424 0.9970518525
39.8884959226 0.9970117509
39.8983110028 0.9969719780
39.9081260830 0.9969325372
39.9179411632 0.9968934320
39.9277562434 0.9968546656
39.9375713236 0.9968162414
39.9473864038 0.9967781627
39.9572014840 0.9967404327
39.9670165642 0.9967030547
39.9768316444 0.9966660318
39.9866467246 0.9966293671
39.9964618048 0.9965930638
40.0062768850 0.9965571249
40.0160919652 0.9965215534
40.0259070454 0.9964863524
40.0357221255 0.9964515247
40.0455372057 0.9964170733
40.0553522859 0.9963830011
40.0651673661 0.9963493108
40.0749824463 0.9963160053
40.0847975265 0.9962830873
40.0946126067 0.9962505596
40.1044276869 0.9962184248
40.1142427671 0.9961866856
40.1240578473 0.9961553444
40.1338729275 0.9961244040
40.1436880077 0.9960938668
40.1535030879 0.9960637352
40.1633181681 0.9960340118
40.1731332483 0.9960046989
40.1829483285 0.9959757988
40.1927634087 0.9959473139
