# k*sigma S(k)
0.0000100000 0.0414878220
0.0098250802 0.0414881226
0.0196401604 0.0414890232
0.0294552406 0.0414905238
0.0392703208 0.0414926245
0.0490854010 0.0414953254
0.0589004812 0.0414986266
0.0687155614 0.0415025284
0.0785306416 0.0415070309
0.0883457218 0.0415121343
0.0981608020 0.0415178390
0.1079758822 0.0415241451
0.1177909624 0.0415310530
0.1276060426 0.0415385631
0.1374211228 0.0415466758
0.1472362030 0.0415553914
0.1570512832 0.0415647104
0.1668663634 0.0415746333
0.1766814436 0.0415851606
0.1864965238 0.0415962928
0.1963116039 0.0416080305
0.2061266841 0.0416203743
0.2159417643 0.0416333248
0.2257568445 0.0416468827
0.2355719247 0.0416610487
0.2453870049 0.0416758234
0.2552020851 0.0416912078
0.2650171653 0.0417072024
0.2748322455 0.0417238082
0.2846473257 0.0417410260
0.2944624059 0.0417588567
0.3042774861 0.0417773012
0.3140925663 0.0417963605
0.3239076465 0.0418160354
0.3337227267 0.0418363271
0.3435378069 0.0418572366
0.3533528871 0.0418787649
0.3631679673 0.0419009132
0.3729830475 0.0419236826
0.3827981277 0.0419470742
0.3926132079 0.0419710893
0.4024282881 0.0419957291
0.4122433683 0.0420209949
0.4220584485 0.0420468879
0.4318735287 0.0420734096
0.4416886089 0.0421005612
0.4515036891 0.0421283443
0.4613187693 0.0421567601
0.4711338495 0.0421858103
0.4809489297 0.0422154962
0.4907640099 0.0422458195
0.5005790901 0.0422767816
0.5103941703 0.0423083843
0.5202092505 0.0423406291
0.5300243307 0.0423735178
0.5398394109 0.0424070520
0.5496544911 0.0424412335
0.5594695713 0.0424760641
0.5692846515 0.0425115455
0.5790997317 0.0425476797
0.5889148118 0.0425844685
0.5987298920 0.0426219139
0.6085449722 0.0426600177
0.6183600524 0.0426987821
0.6281751326 0.0427382090
0.6379902128 0.0427783005
0.6478052930 0.0428190588
0.6576203732 0.0428604859
0.6674354534 0.0429025840
0.6772505336 0.0429453554
0.6870656138 0.0429888023
0.6968806940 0.0430329271
0.7066957742 0.0430777320
0.7165108544 0.0431232194
0.7263259346 0.0431693917
0.7361410148 0.0432162514
0.7459560950 0.0432638010
0.7557711752 0.0433120430
0.7655862554 0.0433609800
0.7754013356 0.0434106145
0.7852164158 0.0434609493
0.7950314960 0.0435119870
0.8048465762 0.0435637303
0.8146616564 0.0436161821
0.8244767366 0.0436693451
0.8342918168 0.0437232222
0.8441068970 0.0437778163
0.8539219772 0.0438331303
0.8637370574 0.0438891672
0.8735521376 0.0439459301
0.8833672178 0.0440034220
0.8931822980 0.0440616460
0.9029973782 0.0441206052
0.9128124584 0.0441803030
0.9226275386 0.0442407425
0.9324426188 0.0443019270
0.9422576990 0.0443638599
0.9520727792 0.0444265445
0.9618878594 0.0444899843
0.9717029396 0.0445541827
0.9815180197 0.0446191433
0.9913330999 0.0446848696
1.0011481801 0.0447513652
1.0109632603 0.0448186339
1.0207783405 0.0448866794
1.0305934207 0.0449555053
1.0404085009 0.0450251155
1.0502235811 0.0450955139
1.0600386613 0.0451667043
1.0698537415 0.0452386908
1.0796688217 0.0453114773
1.0894839019 0.0453850680
1.0992989821 0.0454594669
1.1091140623 0.0455346782
1.1189291425 0.0456107061
1.1287442227 0.0456875549
1.1385593029 0.0457652289
1.1483743831 0.0458437325
1.1581894633 0.0459230702
1.1680045435 0.0460032464
1.1778196237 0.0460842657
1.1876347039 0.0461661326
1.1974497841 0.0462488519
1.2072648643 0.0463324283
1.2170799445 0.0464168665
1.2268950247 0.0465021713
1.2367101049 0.0465883477
1.2465251851 0.0466754006
1.2563402653 0.0467633351
1.2661553455 0.0468521561
1.2759704257 0.0469418689
1.2857855059 0.0470324786
1.2956005861 0.0471239904
1.3054156663 0.0472164098
1.3152307465 0.0473097420
1.3250458267 0.0474039926
1.3348609069 0.0474991670
1.3446759871 0.0475952708
1.3544910673 0.0476923097
1.3643061475 0.0477902894
1.3741212276 0.0478892156
1.3839363078 0.0479890942
1.3937513880 0.0480899311
1.4035664682 0.0481917322
1.4133815484 0.0482945038
1.4231966286 0.0483982518
1.4330117088 0.0485029824
1.4428267890 0.0486087020
1.4526418692 0.0487154168
1.4624569494 0.0488231334
1.4722720296 0.0489318581
1.4820871098 0.0490415975
1.4919021900 0.0491523584
1.5017172702 0.0492641473
1.5115323504 0.0493769711
1.5213474306 0.0494908367
1.5311625108 0.0496057510
1.5409775910 0.0497217211
1.5507926712 0.0498387540
1.5606077514 0.0499568570
1.5704228316 0.0500760374
1.5802379118 0.0501963024
1.5900529920 0.0503176596
1.5998680722 0.0504401165
1.6096831524 0.0505636807
1.6194982326 0.0506883599
1.6293133128 0.0508141619
1.6391283930 0.0509410946
1.6489434732 0.0510691660
1.6587585534 0.0511983841
1.6685736336 0.0513287572
1.6783887138 0.0514602933
1.6882037940 0.0515930010
1.6980188742 0.0517268886
1.7078339544 0.0518619647
1.7176490346 0.0519982378
1.7274641148 0.0521357169
1.7372791950 0.0522744106
1.7470942752 0.0524143279
1.7569093554 0.0525554779
1.7667244355 0.0526978697
1.7765395157 0.0528415125
1.7863545959 0.0529864158
1.7961696761 0.0531325889
1.8059847563 0.0532800414
1.8157998365 0.0534287830
1.8256149167 0.0535788235
1.8354299969 0.0537301728
1.8452450771 0.0538828409
1.8550601573 0.0540368379
1.8648752375 0.0541921741
1.8746903177 0.0543488598
1.8845053979 0.0545069055
1.8943204781 0.0546663219
1.9041355583 0.0548271196
1.9139506385 0.0549893094
1.9237657187 0.0551529024
1.9335807989 0.0553179097
1.9433958791 0.0554843424
1.9532109593 0.0556522119
1.9630260395 0.0558215297
1.9728411197 0.0559923075
1.9826561999 0.0561645569
1.9924712801 0.0563382898
2.0022863603 0.0565135183
2.0121014405 0.0566902546
2.0219165207 0.0568685108
2.0317316009 0.0570482996
2.0415466811 0.0572296333
2.0513617613 0.0574125249
2.0611768415 0.0575969871
2.0709919217 0.0577830331
2.0808070019 0.0579706759
2.0906220821 0.0581599289
2.1004371623 0.0583508056
2.1102522425 0.0585433196
2.1200673227 0.0587374848
2.1298824029 0.0589333151
2.1396974831 0.0591308246
2.1495125632 0.0593300277
2.1593276434 0.0595309387
2.1691427236 0.0597335724
2.1789578038 0.0599379435
2.1887728840 0.0601440669
2.1985879642 0.0603519579
2.2084030444 0.0605616318
2.2182181246 0.0607731040
2.2280332048 0.0609863903
2.2378482850 0.0612015065
2.2476633652 0.0614184687
2.2574784454 0.0616372932
2.2672935256 0.0618579963
2.2771086058 0.0620805948
2.2869236860 0.0623051054
2.2967387662 0.0625315453
2.3065538464 0.0627599316
2.3163689266 0.0629902817
2.3261840068 0.0632226134
2.3359990870 0.0634569445
2.3458141672 0.0636932930
2.3556292474 0.0639316773
2.3654443276 0.0641721159
2.3752594078 0.0644146274
2.3850744880 0.0646592309
2.3948895682 0.0649059455
2.4047046484 0.0651547906
2.4145197286 0.0654057859
2.4243348088 0.0656589513
2.4341498890 0.0659143069
2.4439649692 0.0661718731
2.4537800494 0.0664316704
2.4635951296 0.0666937197
2.4734102098 0.0669580422
2.4832252900 0.0672246592
2.4930403702 0.0674935924
2.5028554504 0.0677648637
2.5126705306 0.0680384951
2.5224856108 0.0683145092
2.5323006910 0.0685929287
2.5421157711 0.0688737765
2.5519308513 0.0691570760
2.5617459315 0.0694428506
2.5715610117 0.0697311243
2.5813760919 0.0700219211
2.5911911721 0.0703152656
2.6010062523 0.0706111824
2.6108213325 0.0709096965
2.6206364127 0.0712108335
2.6304514929 0.0715146189
2.6402665731 0.0718210787
2.6500816533 0.0721302392
2.6598967335 0.0724421271
2.6697118137 0.0727567694
2.6795268939 0.0730741934
2.6893419741 0.0733944267
2.6991570543 0.0737174974
2.7089721345 0.0740434338
2.7187872147 0.0743722646
2.7286022949 0.0747040189
2.7384173751 0.0750387262
2.7482324553 0.0753764162
2.7580475355 0.0757171192
2.7678626157 0.0760608658
2.7776776959 0.0764076869
2.7874927761 0.0767576139
2.7973078563 0.0771106786
2.8071229365 0.0774669130
2.8169380167 0.0778263499
2.8267530969 0.0781890222
2.8365681771 0.0785549634
2.8463832573 0.0789242072
2.8561983375 0.0792967881
2.8660134177 0.0796727407
2.8758284979 0.0800521002
2.8856435781 0.0804349022
2.8954586583 0.0808211830
2.9052737385 0.0812109789
2.9150888187 0.0816043272
2.9249038989 0.0820012653
2.9347189790 0.0824018312
2.9445340592 0.0828060635
2.9543491394 0.0832140013
2.9641642196 0.0836256839
2.9739792998 0.0840411516
2.9837943800 0.0844604449
2.9936094602 0.0848836049
3.0034245404 0.0853106733
3.0132396206 0.0857416923
3.0230547008 0.0861767048
3.0328697810 0.0866157540
3.0426848612 0.0870588839
3.0524999414 0.0875061390
3.0623150216 0.0879575644
3.0721301018 0.0884132058
3.0819451820 0.0888731097
3.0917602622 0.0893373228
3.1015753424 0.0898058929
3.1113904226 0.0902788681
3.1212055028 0.0907562973
3.1310205830 0.0912382301
3.1408356632 0.0917247167
3.1506507434 0.0922158079
3.1604658236 0.0927115555
3.1702809038 0.0932120115
3.1800959840 0.0937172292
3.1899110642 0.0942272622
3.1997261444 0.0947421649
3.2095412246 0.0952619927
3.2193563048 0.0957868014
3.2291713850 0.0963166479
3.2389864652 0.0968515896
3.2488015454 0.0973916850
3.2586166256 0.0979369931
3.2684317058 0.0984875739
3.2782467860 0.0990434883
3.2880618662 0.0996047978
3.2978769464 0.1001715649
3.3076920266 0.1007438532
3.3175071068 0.1013217267
3.3273221869 0.1019052507
3.3371372671 0.1024944914
3.3469523473 0.1030895156
3.3567674275 0.1036903915
3.3665825077 0.1042971878
3.3763975879 0.1049099746
3.3862126681 0.1055288227
3.3960277483 0.1061538041
3.4058428285 0.1067849916
3.4156579087 0.1074224593
3.4254729889 0.1080662822
3.4352880691 0.1087165364
3.4451031493 0.1093732991
3.4549182295 0.1100366487
3.4647333097 0.1107066645
3.4745483899 0.1113834272
3.4843634701 0.1120670185
3.4941785503 0.1127575214
3.5039936305 0.1134550200
3.5138087107 0.1141595997
3.5236237909 0.1148713471
3.5334388711 0.1155903501
3.5432539513 0.1163166979
3.5530690315 0.1170504809
3.5628841117 0.1177917909
3.5726991919 0.1185407212
3.5825142721 0.1192973661
3.5923293523 0.1200618217
3.6021444325 0.1208341853
3.6119595127 0.1216145556
3.6217745929 0.1224030330
3.6315896731 0.1231997191
3.6414047533 0.1240047172
3.6512198335 0.1248181321
3.6610349137 0.1256400702
3.6708499939 0.1264706394
3.6806650741 0.1273099493
3.6904801543 0.1281581112
3.7002952345 0.1290152378
3.7101103147 0.1298814439
3.7199253948 0.1307568457
3.7297404750 0.1316415614
3.7395555552 0.1325357109
3.7493706354 0.1334394157
3.7591857156 0.1343527996
3.7690007958 0.1352759880
3.7788158760 0.1362091081
3.7886309562 0.1371522894
3.7984460364 0.1381056630
3.8082611166 0.1390693624
3.8180761968 0.1400435229
3.8278912770 0.1410282818
3.8377063572 0.1420237789
3.8475214374 0.1430301557
3.8573365176 0.1440475563
3.8671515978 0.1450761266
3.8769666780 0.1461160153
3.8867817582 0.1471673730
3.8965968384 0.1482303527
3.9064119186 0.1493051100
3.9162269988 0.1503918027
3.9260420790 0.1514905912
3.9358571592 0.1526016384
3.9456722394 0.1537251097
3.9554873196 0.1548611732
3.9653023998 0.1560099996
3.9751174800 0.1571717622
3.9849325602 0.1583466373
3.9947476404 0.1595348037
4.0045627206 0.1607364432
4.0143778008 0.1619517405
4.0241928810 0.1631808831
4.0340079612 0.1644240616
4.0438230414 0.1656814696
4.0536381216 0.1669533039
4.0634532018 0.1682397643
4.0732682820 0.1695410538
4.0830833622 0.1708573788
4.0928984424 0.1721889490
4.1027135225 0.1735359773
4.1125286027 0.1748986801
4.1223436829 0.1762772775
4.1321587631 0.1776719929
4.1419738433 0.1790830533
4.1517889235 0.1805106897
4.1616040037 0.1819551365
4.1714190839 0.1834166320
4.1812341641 0.1848954184
4.1910492443 0.1863917420
4.2008643245 0.1879058528
4.2106794047 0.1894380051
4.2204944849 0.1909884573
4.2303095651 0.1925574721
4.2401246453 0.1941453162
4.2499397255 0.1957522611
4.2597548057 0.1973785825
4.2695698859 0.1990245606
4.2793849661 0.2006904803
4.2892000463 0.2023766311
4.2990151265 0.2040833075
4.3088302067 0.2058108085
4.3186452869 0.2075594382
4.3284603671 0.2093295058
4.3382754473 0.2111213255
4.3480905275 0.2129352167
4.3579056077 0.2147715042
4.3677206879 0.2166305179
4.3775357681 0.2185125935
4.3873508483 0.2204180719
4.3971659285 0.2223473000
4.4069810087 0.2243006302
4.4167960889 0.2262784209
4.4266111691 0.2282810364
4.4364262493 0.2303088469
4.4462413295 0.2323622290
4.4560564097 0.2344415654
4.4658714899 0.2365472451
4.4756865701 0.2386796637
4.4855016503 0.2408392232
4.4953167304 0.2430263326
4.5051318106 0.2452414072
4.5149468908 0.2474848697
4.5247619710 0.2497571495
4.5345770512 0.2520586831
4.5443921314 0.2543899144
4.5542072116 0.2567512946
4.5640222918 0.2591432825
4.5738373720 0.2615663441
4.5836524522 0.2640209536
4.5934675324 0.2665075928
4.6032826126 0.2690267513
4.6130976928 0.2715789272
4.6229127730 0.2741646263
4.6327278532 0.2767843632
4.6425429334 0.2794386607
4.6523580136 0.2821280502
4.6621730938 0.2848530719
4.6719881740 0.2876142748
4.6818032542 0.2904122168
4.6916183344 0.2932474650
4.7014334146 0.2961205958
4.7112484948 0.2990321947
4.7210635750 0.3019828569
4.7308786552 0.3049731873
4.7406937354 0.3080038004
4.7505088156 0.3110753206
4.7603238958 0.3141883823
4.7701389760 0.3173436302
4.7799540562 0.3205417190
4.7897691364 0.3237833142
4.7995842166 0.3270690914
4.8093992968 0.3303997372
4.8192143770 0.3337759488
4.8290294572 0.3371984343
4.8388445374 0.3406679130
4.8486596176 0.3441851152
4.8584746978 0.3477507825
4.8682897780 0.3513656678
4.8781048582 0.3550305356
4.8879199383 0.3587461621
4.8977350185 0.3625133349
4.9075500987 0.3663328537
4.9173651789 0.3702055299
4.9271802591 0.3741321870
4.9369953393 0.3781136606
4.9468104195 0.3821507984
4.9566254997 0.3862444602
4.9664405799 0.3903955184
4.9762556601 0.3946048576
4.9860707403 0.3988733747
4.9958858205 0.4032019793
5.0057009007 0.4075915933
5.0155159809 0.4120431514
5.0253310611 0.4165576004
5.0351461413 0.4211359000
5.0449612215 0.4257790223
5.0547763017 0.4304879520
5.0645913819 0.4352636863
5.0744064621 0.4401072347
5.0842215423 0.4450196193
5.0940366225 0.4500018742
5.1038517027 0.4550550462
5.1136667829 0.4601801937
5.1234818631 0.4653783874
5.1332969433 0.4706507098
5.1431120235 0.4759982549
5.1529271037 0.4814221282
5.1627421839 0.4869234467
5.1725572641 0.4925033382
5.1823723443 0.4981629411
5.1921874245 0.5039034046
5.2020025047 0.5097258878
5.2118175849 0.5156315596
5.2216326651 0.5216215982
5.2314477453 0.5276971909
5.2412628255 0.5338595335
5.2510779057 0.5401098297
5.2608929859 0.5464492906
5.2707080661 0.5528791345
5.2805231462 0.5594005855
5.2903382264 0.5660148738
5.3001533066 0.5727232342
5.3099683868 0.5795269056
5.3197834670 0.5864271303
5.3295985472 0.5934251530
5.3394136274 0.6005222201
5.3492287076 0.6077195781
5.3590437878 0.6150184734
5.3688588680 0.6224201505
5.3786739482 0.6299258512
5.3884890284 0.6375368132
5.3983041086 0.6452542687
5.4081191888 0.6530794433
5.4179342690 0.6610135541
5.4277493492 0.6690578086
5.4375644294 0.6772134026
5.4473795096 0.6854815188
5.4571945898 0.6938633248
5.4670096700 0.7023599715
5.4768247502 0.7109725905
5.4866398304 0.7197022925
5.4964549106 0.7285501649
5.5062699908 0.7375172697
5.5160850710 0.7466046405
5.5259001512 0.7558132806
5.5357152314 0.7651441601
5.5455303116 0.7745982132
5.5553453918 0.7841763350
5.5651604720 0.7938793789
5.5749755522 0.8037081535
5.5847906324 0.8136634189
5.5946057126 0.8237458838
5.6044207928 0.8339562017
5.6142358730 0.8442949674
5.6240509532 0.8547627132
5.6338660334 0.8653599050
5.6436811136 0.8760869385
5.6534961938 0.8869441344
5.6633112740 0.8979317349
5.6731263541 0.9090498988
5.6829414343 0.9202986972
5.6927565145 0.9316781086
5.7025715947 0.9431880143
5.7123866749 0.9548281934
5.7222017551 0.9665983179
5.7320168353 0.9784979474
5.7418319155 0.9905265240
5.7516469957 1.0026833669
5.7614620759 1.0149676670
5.7712771561 1.0273784816
5.7810922363 1.0399147283
5.7909073165 1.0525751801
5.8007223967 1.0653584591
5.8105374769 1.0782630310
5.8203525571 1.0912871996
5.8301676373 1.1044291009
5.8399827175 1.1176866971
5.8497977977 1.1310577714
5.8596128779 1.1445399220
5.8694279581 1.1581305567
5.8792430383 1.1718268873
5.8890581185 1.1856259244
5.8988731987 1.1995244719
5.9086882789 1.2135191224
5.9185033591 1.2276062518
5.9283184393 1.2417820149
5.9381335195 1.2560423413
5.9479485997 1.2703829307
5.9577636799 1.2847992497
5.9675787601 1.2992865279
5.9773938403 1.3138397551
5.9872089205 1.3284536786
5.9970240007 1.3431228013
6.0068390809 1.3578413794
6.0166541611 1.3726034217
6.0264692413 1.3874026892
6.0362843215 1.4022326944
6.0460994017 1.4170867028
6.0559144818 1.4319577335
6.0657295620 1.4468385617
6.0755446422 1.4617217214
6.0853597224 1.4765995086
6.0951748026 1.4914639861
6.1049898828 1.5063069887
6.1148049630 1.5211201287
6.1246200432 1.5358948035
6.1344351234 1.5506222030
6.1442502036 1.5652933184
6.1540652838 1.5798989521
6.1638803640 1.5944297282
6.1736954442 1.6088761040
6.1835105244 1.6232283824
6.1933256046 1.6374767259
6.2031406848 1.6516111702
6.2129557650 1.6656216402
6.2227708452 1.6794979655
6.2325859254 1.6932298982
6.2424010056 1.7068071300
6.2522160858 1.7202193115
6.2620311660 1.7334560709
6.2718462462 1.7465070348
6.2816613264 1.7593618485
6.2914764066 1.7720101970
6.3012914868 1.7844418275
6.3111065670 1.7966465708
6.3209216472 1.8086143642
6.3307367274 1.8203352741
6.3405518076 1.8317995191
6.3503668878 1.8429974925
6.3601819680 1.8539197859
6.3699970482 1.8645572113
6.3798121284 1.8749008242
6.3896272086 1.8849419453
6.3994422888 1.8946721827
6.4092573690 1.9040834528
6.4190724492 1.9131680011
6.4288875294 1.9219184217
6.4387026096 1.9303276766
6.4485176897 1.9383891133
6.4583327699 1.9460964821
6.4681478501 1.9534439516
6.4779629303 1.9604261237
6.4877780105 1.9670380466
6.4975930907 1.9732752269
6.5074081709 1.9791336404
6.5172232511 1.9846097408
6.5270383313 1.9897004677
6.5368534115 1.9944032525
6.5466684917 1.9987160230
6.5564835719 2.0026372062
6.5662986521 2.0061657298
6.5761137323 2.0093010223
6.5859288125 2.0120430103
6.5957438927 2.0143921163
6.6055589729 2.0163492528
6.6153740531 2.0179158168
6.6251891333 2.0190936816
6.6350042135 2.0198851875
6.6448192937 2.0202931318
6.6546343739 2.0203207569
6.6644494541 2.0199717370
6.6742645343 2.0192501648
6.6840796145 2.0181605360
6.6938946947 2.0167077333
6.7037097749 2.0148970101
6.7135248551 2.0127339724
6.7233399353 2.0102245611
6.7331550155 2.0073750328
6.7429700957 2.0041919409
6.7527851759 2.0006821161
6.7626002561 1.9968526459
6.7724153363 1.9927108555
6.7822304165 1.9882642868
6.7920454967 1.9835206787
6.8018605769 1.9784879466
6.8116756571 1.9731741630
6.8214907373 1.9675875373
6.8313058175 1.9617363964
6.8411208976 1.9556291658
6.8509359778 1.9492743507
6.8607510580 1.9426805177
6.8705661382 1.9358562775
6.8803812184 1.9288102675
6.8901962986 1.9215511351
6.9000113788 1.9140875220
6.9098264590 1.9064280490
6.9196415392 1.8985813015
6.9294566194 1.8905558153
6.9392716996 1.8823600641
6.9490867798 1.8740024465
6.9589018600 1.8654912748
6.9687169402 1.8568347642
6.9785320204 1.8480410222
6.9883471006 1.8391180398
6.9981621808 1.8300736823
7.0079772610 1.8209156818
7.0177923412 1.8116516298
7.0276074214 1.8022889708
7.0374225016 1.7928349963
7.0472375818 1.7832968396
7.0570526620 1.7736814716
7.0668677422 1.7639956963
7.0766828224 1.7542461481
7.0864979026 1.7444392885
7.0963129828 1.7345814043
7.1061280630 1.7246786052
7.1159431432 1.7147368236
7.1257582234 1.7047618129
7.1355733036 1.6947591475
7.1453883838 1.6847342232
7.1552034640 1.6746922569
7.1650185442 1.6646382884
7.1748336244 1.6545771806
7.1846487046 1.6445136216
7.1944637848 1.6344521261
7.2042788650 1.6243970375
7.2140939452 1.6143525302
7.2239090254 1.6043226121
7.2337241055 1.5943111268
7.2435391857 1.5843217571
7.2533542659 1.5743580275
7.2631693461 1.5644233073
7.2729844263 1.5545208141
7.2827995065 1.5446536169
7.2926145867 1.5348246397
7.3024296669 1.5250366648
7.3122447471 1.5152923363
7.3220598273 1.5055941640
7.3318749075 1.4959445267
7.3416899877 1.4863456761
7.3515050679 1.4767997402
7.3613201481 1.4673087272
7.3711352283 1.4578745288
7.3809503085 1.4484989242
7.3907653887 1.4391835837
7.4005804689 1.4299300718
7.4103955491 1.4207398514
7.4202106293 1.4116142866
7.4300257095 1.4025546469
7.4398407897 1.3935621100
7.4496558699 1.3846377653
7.4594709501 1.3757826174
7.4692860303 1.3669975890
7.4791011105 1.3582835244
7.4889161907 1.3496411921
7.4987312709 1.3410712883
7.5085463511 1.3325744398
7.5183614313 1.3241512063
7.5281765115 1.3158020841
7.5379915917 1.3075275080
7.5478066719 1.2993278545
7.5576217521 1.2912034441
7.5674368323 1.2831545439
7.5772519125 1.2751813701
7.5870669927 1.2672840901
7.5968820729 1.2594628252
7.6066971531 1.2517176524
7.6165122332 1.2440486067
7.6263273134 1.2364556832
7.6361423936 1.2289388393
7.6459574738 1.2214979960
7.6557725540 1.2141330404
7.6655876342 1.2068438273
7.6754027144 1.1996301809
7.6852177946 1.1924918964
7.6950328748 1.1854287416
7.7048479550 1.1784404586
7.7146630352 1.1715267654
7.7244781154 1.1646873569
7.7342931956 1.1579219065
7.7441082758 1.1512300676
7.7539233560 1.1446114746
7.7637384362 1.1380657443
7.7735535164 1.1315924769
7.7833685966 1.1251912572
7.7931836768 1.1188616557
7.8029987570 1.1126032298
7.8128138372 1.1064155242
7.8226289174 1.1002980724
7.8324439976 1.0942503975
7.8422590778 1.0882720129
7.8520741580 1.0823624232
7.8618892382 1.0765211249
7.8717043184 1.0707476073
7.8815193986 1.0650413531
7.8913344788 1.0594018392
7.9011495590 1.0538285371
7.9109646392 1.0483209138
7.9207797194 1.0428784321
7.9305947996 1.0375005516
7.9404098798 1.0321867287
7.9502249600 1.0269364174
7.9600400402 1.0217490698
7.9698551204 1.0166241363
7.9796702006 1.0115610665
7.9894852808 1.0065593090
7.9993003610 1.0016183124
8.0091154411 0.9967375251
8.0189305213 0.9919163961
8.0287456015 0.9871543750
8.0385606817 0.9824509127
8.0483757619 0.9778054611
8.0581908421 0.9732174739
8.0680059223 0.9686864067
8.0778210025 0.9642117172
8.0876360827 0.9597928653
8.0974511629 0.9554293137
8.1072662431 0.9511205276
8.1170813233 0.9468659754
8.1268964035 0.9426651283
8.1367114837 0.9385174611
8.1465265639 0.9344224519
8.1563416441 0.9303795824
8.1661567243 0.9263883379
8.1759718045 0.9224482078
8.1857868847 0.9185586851
8.1956019649 0.9147192672
8.2054170451 0.9109294555
8.2152321253 0.9071887555
8.2250472055 0.9034966771
8.2348622857 0.8998527348
8.2446773659 0.8962564474
8.2544924461 0.8927073380
8.2643075263 0.8892049347
8.2741226065 0.8857487699
8.2839376867 0.8823383808
8.2937527669 0.8789733091
8.3035678471 0.8756531017
8.3133829273 0.8723773097
8.3231980075 0.8691454893
8.3330130877 0.8659572015
8.3428281679 0.8628120120
8.3526432481 0.8597094914
8.3624583283 0.8566492150
8.3722734085 0.8536307632
8.3820884887 0.8506537210
8.3919035689 0.8477176783
8.4017186490 0.8448222299
8.4115337292 0.8419669754
8.4213488094 0.8391515190
8.4311638896 0.8363754701
8.4409789698 0.8336384424
8.4507940500 0.8309400549
8.4606091302 0.8282799309
8.4704242104 0.8256576986
8.4802392906 0.8230729909
8.4900543708 0.8205254454
8.4998694510 0.8180147043
8.5096845312 0.8155404144
8.5194996114 0.8131022272
8.5293146916 0.8106997986
8.5391297718 0.8083327893
8.5489448520 0.8060008642
8.5587599322 0.8037036928
8.5685750124 0.8014409491
8.5783900926 0.7992123114
8.5882051728 0.7970174624
8.5980202530 0.7948560892
8.6078353332 0.7927278830
8.6176504134 0.7906325394
8.6274654936 0.7885697583
8.6372805738 0.7865392435
8.6470956540 0.7845407033
8.6569107342 0.7825738497
8.6667258144 0.7806383992
8.6765408946 0.7787340718
8.6863559748 0.7768605921
8.6961710550 0.7750176880
8.7059861352 0.7732050919
8.7158012154 0.7714225396
8.7256162956 0.7696697709
8.7354313758 0.7679465294
8.7452464560 0.7662525625
8.7550615362 0.7645876212
8.7648766164 0.7629514601
8.7746916966 0.7613438376
8.7845067768 0.7597645155
8.7943218569 0.7582132593
8.8041369371 0.7566898379
8.8139520173 0.7551940237
8.8237670975 0.7537255925
8.8335821777 0.7522843234
8.8433972579 0.7508699991
8.8532123381 0.7494824053
8.8630274183 0.7481213311
8.8728424985 0.7467865689
8.8826575787 0.7454779142
8.8924726589 0.7441951657
8.9022877391 0.7429381251
8.9121028193 0.7417065972
8.9219178995 0.7405003901
8.9317329797 0.7393193144
8.9415480599 0.7381631842
8.9513631401 0.7370318162
8.9611782203 0.7359250300
8.9709933005 0.7348426481
8.9808083807 0.7337844960
8.9906234609 0.7327504016
9.0004385411 0.7317401960
9.0102536213 0.7307537126
9.0200687015 0.7297907878
9.0298837817 0.7288512604
9.0396988619 0.7279349720
9.0495139421 0.7270417667
9.0593290223 0.7261714911
9.0691441025 0.7253239943
9.0789591827 0.7244991281
9.0887742629 0.7236967464
9.0985893431 0.7229167058
9.1084044233 0.7221588652
9.1182195035 0.7214230857
9.1280345837 0.7207092310
9.1378496639 0.7200171669
9.1476647441 0.7193467614
9.1574798243 0.7186978850
9.1672949045 0.7180704101
9.1771099847 0.7174642115
9.1869250648 0.7168791660
9.1967401450 0.7163151525
9.2065552252 0.7157720521
9.2163703054 0.7152497480
9.2261853856 0.7147481251
9.2360004658 0.7142670707
9.2458155460 0.7138064737
9.2556306262 0.7133662254
9.2654457064 0.7129462186
9.2752607866 0.7125463481
9.2850758668 0.7121665107
9.2948909470 0.7118066049
9.3047060272 0.7114665311
9.3145211074 0.7111461913
9.3243361876 0.7108454896
9.3341512678 0.7105643315
9.3439663480 0.7103026244
9.3537814282 0.7100602774
9.3635965084 0.7098372010
9.3734115886 0.7096333076
9.3832266688 0.7094485112
9.3930417490 0.7092827272
9.4028568292 0.7091358728
9.4126719094 0.7090078666
9.4224869896 0.7088986286
9.4323020698 0.7088080806
9.4421171500 0.7087361456
9.4519322302 0.7086827481
9.4617473104 0.7086478141
9.4715623906 0.7086312710
9.4813774708 0.7086330475
9.4911925510 0.7086530737
9.5010076312 0.7086912810
9.5108227114 0.7087476021
9.5206377916 0.7088219710
9.5304528718 0.7089143231
9.5402679520 0.7090245948
9.5500830322 0.7091527240
9.5598981124 0.7092986494
9.5697131925 0.7094623114
9.5795282727 0.7096436511
9.5893433529 0.7098426110
9.5991584331 0.7100591347
9.6089735133 0.7102931666
9.6187885935 0.7105446526
9.6286036737 0.7108135394
9.6384187539 0.7110997747
9.6482338341 0.7114033075
9.6580489143 0.7117240873
9.6678639945 0.7120620651
9.6776790747 0.7124171924
9.6874941549 0.7127894220
9.6973092351 0.7131787072
9.7071243153 0.7135850027
9.7169393955 0.7140082635
9.7267544757 0.7144484459
9.7365695559 0.7149055068
9.7463846361 0.7153794038
9.7561997163 0.7158700957
9.7660147965 0.7163775416
9.7758298767 0.7169017015
9.7856449569 0.7174425363
9.7954600371 0.7180000074
9.8052751173 0.7185740768
9.8150901975 0.7191647074
9.8249052777 0.7197718626
9.8347203579 0.7203955065
9.8445354381 0.7210356036
9.8543505183 0.7216921192
9.8641655985 0.7223650190
9.8739806787 0.7230542694
9.8837957589 0.7237598371
9.8936108391 0.7244816894
9.9034259193 0.7252197941
9.9132409995 0.7259741195
9.9230560797 0.7267446340
9.9328711599 0.7275313069
9.9426862401 0.7283341075
9.9525013203 0.7291530056
9.9623164004 0.7299879714
9.9721314806 0.7308389752
9.9819465608 0.7317059878
9.9917616410 0.7325889803
10.0015767212 0.7334879239
10.0113918014 0.7344027901
10.0212068816 0.7353335506
10.0310219618 0.7362801773
10.0408370420 0.7372426422
10.0506521222 0.7382209176
10.0604672024 0.7392149757
10.0702822826 0.7402247889
10.0800973628 0.7412503297
10.0899124430 0.7422915705
10.0997275232 0.7433484840
10.1095426034 0.7444210426
10.1193576836 0.7455092189
10.1291727638 0.7466129852
10.1389878440 0.7477323140
10.1488029242 0.7488671775
10.1586180044 0.7500175479
10.1684330846 0.7511833971
10.1782481648 0.7523646970
10.1880632450 0.7535614192
10.1978783252 0.7547735352
10.2076934054 0.7560010159
10.2175084856 0.7572438324
10.2273235658 0.7585019551
10.2371386460 0.7597753543
10.2469537262 0.7610639999
10.2567688064 0.7623678613
10.2665838866 0.7636869077
10.2763989668 0.7650211076
10.2862140470 0.7663704293
10.2960291272 0.7677348404
10.3058442074 0.7691143080
10.3156592876 0.7705087989
10.3254743678 0.7719182790
10.3352894480 0.7733427138
10.3451045282 0.7747820680
10.3549196083 0.7762363058
10.3647346885 0.7777053905
10.3745497687 0.7791892850
10.3843648489 0.7806879512
10.3941799291 0.7822013503
10.4039950093 0.7837294425
10.4138100895 0.7852721875
10.4236251697 0.7868295439
10.4334402499 0.7884014694
10.4432553301 0.7899879209
10.4530704103 0.7915888542
10.4628854905 0.7932042240
10.4727005707 0.7948339844
10.4825156509 0.7964780879
10.4923307311 0.7981364863
10.5021458113 0.7998091302
10.5119608915 0.8014959688
10.5217759717 0.8031969503
10.5315910519 0.8049120218
10.5414061321 0.8066411290
10.5512212123 0.8083842162
10.5610362925 0.8101412266
10.5708513727 0.8119121018
10.5806664529 0.8136967824
10.5904815331 0.8154952071
10.6002966133 0.8173073134
10.6101116935 0.8191330374
10.6199267737 0.8209723135
10.6297418539 0.8228250746
10.6395569341 0.8246912519
10.6493720143 0.8265707752
10.6591870945 0.8284635725
10.6690021747 0.8303695700
10.6788172549 0.8322886924
10.6886323351 0.8342208624
10.6984474153 0.8361660011
10.7082624955 0.8381240276
10.7180775757 0.8400948593
10.7278926559 0.8420784114
10.7377077361 0.8440745976
10.7475228162 0.8460833292
10.7573378964 0.8481045158
10.7671529766 0.8501380646
10.7769680568 0.8521838812
10.7867831370 0.8542418686
10.7965982172 0.8563119280
10.8064132974 0.8583939582
10.8162283776 0.8604878560
10.8260434578 0.8625935157
10.8358585380 0.8647108295
10.8456736182 0.8668396872
10.8554886984 0.8689799763
10.8653037786 0.8711315818
10.8751188588 0.8732943863
10.8849339390 0.8754682702
10.8947490192 0.8776531110
10.9045640994 0.8798487841
10.9143791796 0.8820551620
10.9241942598 0.8842721149
10.9340093400 0.8864995101
10.9438244202 0.8887372127
10.9536395004 0.8909850846
10.9634545806 0.8932429853
10.9732696608 0.8955107716
10.9830847410 0.8977882975
10.9928998212 0.9000754141
11.0027149014 0.9023719698
11.0125299816 0.9046778102
11.0223450618 0.9069927779
11.0321601420 0.9093167126
11.0419752222 0.9116494513
11.0517903024 0.9139908279
11.0616053826 0.9163406733
11.0714204628 0.9186988155
11.0812355430 0.9210650795
11.0910506232 0.9234392873
11.1008657034 0.9258212577
11.1106807836 0.9282108066
11.1204958638 0.9306077467
11.1303109440 0.9330118877
11.1401260241 0.9354230361
11.1499411043 0.9378409953
11.1597561845 0.9402655657
11.1695712647 0.9426965442
11.1793863449 0.9451337250
11.1892014251 0.9475768986
11.1990165053 0.9500258529
11.2088315855 0.9524803720
11.2186466657 0.9549402373
11.2284617459 0.9574052267
11.2382768261 0.9598751150
11.2480919063 0.9623496738
11.2579069865 0.9648286715
11.2677220667 0.9673118733
11.2775371469 0.9697990411
11.2873522271 0.9722899336
11.2971673073 0.9747843066
11.3069823875 0.9772819123
11.3167974677 0.9797825000
11.3266125479 0.9822858158
11.3364276281 0.9847916025
11.3462427083 0.9872995999
11.3560577885 0.9898095447
11.3658728687 0.9923211704
11.3756879489 0.9948342074
11.3855030291 0.9973483832
11.3953181093 0.9998634222
11.4051331895 1.0023790457
11.4149482697 1.0048949721
11.4247633499 1.0074109168
11.4345784301 1.0099265924
11.4443935103 1.0124417084
11.4542085905 1.0149559717
11.4640236707 1.0174690862
11.4738387509 1.0199807533
11.4836538311 1.0224906712
11.4934689113 1.0249985359
11.5032839915 1.0275040406
11.5130990717 1.0300068758
11.5229141518 1.0325067296
11.5327292320 1.0350032877
11.5425443122 1.0374962331
11.5523593924 1.0399852468
11.5621744726 1.0424700071
11.5719895528 1.0449501905
11.5818046330 1.0474254711
11.5916197132 1.0498955208
11.6014347934 1.0523600097
11.6112498736 1.0548186058
11.6210649538 1.0572709752
11.6308800340 1.0597167823
11.6406951142 1.0621556897
11.6505101944 1.0645873584
11.6603252746 1.0670114478
11.6701403548 1.0694276158
11.6799554350 1.0718355191
11.6897705152 1.0742348129
11.6995855954 1.0766251513
11.7094006756 1.0790061872
11.7192157558 1.0813775726
11.7290308360 1.0837389586
11.7388459162 1.0860899954
11.7486609964 1.0884303326
11.7584760766 1.0907596191
11.7682911568 1.0930775034
11.7781062370 1.0953836335
11.7879213172 1.0976776573
11.7977363974 1.0999592225
11.8075514776 1.1022279767
11.8173665578 1.1044835676
11.8271816380 1.1067256430
11.8369967182 1.1089538512
11.8468117984 1.1111678409
11.8566268786 1.1133672613
11.8664419588 1.1155517622
11.8762570390 1.1177209944
11.8860721192 1.1198746096
11.8958871994 1.1220122604
11.9057022796 1.1241336007
11.9155173597 1.1262382859
11.9253324399 1.1283259725
11.9351475201 1.1303963188
11.9449626003 1.1324489850
11.9547776805 1.1344836327
11.9645927607 1.1364999260
11.9744078409 1.1384975306
11.9842229211 1.1404761150
11.9940380013 1.1424353497
12.0038530815 1.1443749078
12.0136681617 1.1462944652
12.0234832419 1.1481937005
12.0332983221 1.1500722953
12.0431134023 1.1519299342
12.0529284825 1.1537663050
12.0627435627 1.1555810990
12.0725586429 1.1573740108
12.0823737231 1.1591447386
12.0921888033 1.1608929845
12.1020038835 1.1626184544
12.1118189637 1.1643208582
12.1216340439 1.1659999098
12.1314491241 1.1676553277
12.1412642043 1.1692868344
12.1510792845 1.1708941573
12.1608943647 1.1724770280
12.1707094449 1.1740351834
12.1805245251 1.1755683648
12.1903396053 1.1770763188
12.2001546855 1.1785587970
12.2099697657 1.1800155562
12.2197848459 1.1814463588
12.2295999261 1.1828509724
12.2394150063 1.1842291702
12.2492300865 1.1855807313
12.2590451667 1.1869054402
12.2688602469 1.1882030877
12.2786753271 1.1894734703
12.2884904073 1.1907163907
12.2983054875 1.1919316578
12.3081205676 1.1931190865
12.3179356478 1.1942784985
12.3277507280 1.1954097214
12.3375658082 1.1965125898
12.3473808884 1.1975869446
12.3571959686 1.1986326334
12.3670110488 1.1996495107
12.3768261290 1.2006374374
12.3866412092 1.2015962817
12.3964562894 1.2025259186
12.4062713696 1.2034262298
12.4160864498 1.2042971043
12.4259015300 1.2051384383
12.4357166102 1.2059501346
12.4455316904 1.2067321038
12.4553467706 1.2074842632
12.4651618508 1.2082065375
12.4749769310 1.2088988587
12.4847920112 1.2095611660
12.4946070914 1.2101934061
12.5044221716 1.2107955326
12.5142372518 1.2113675069
12.5240523320 1.2119092974
12.5338674122 1.2124208800
12.5436824924 1.2129022379
12.5534975726 1.2133533617
12.5633126528 1.2137742491
12.5731277330 1.2141649054
12.5829428132 1.2145253431
12.5927578934 1.2148555818
12.6025729736 1.2151556488
12.6123880538 1.2154255781
12.6222031340 1.2156654113
12.6320182142 1.2158751969
12.6418332944 1.2160549908
12.6516483746 1.2162048556
12.6614634548 1.2163248612
12.6712785350 1.2164150845
12.6810936152 1.2164756093
12.6909086954 1.2165065260
12.7007237755 1.2165079323
12.7105388557 1.2164799321
12.7203539359 1.2164226365
12.7301690161 1.2163361628
12.7399840963 1.2162206351
12.7497991765 1.2160761837
12.7596142567 1.2159029455
12.7694293369 1.2157010636
12.7792444171 1.2154706873
12.7890594973 1.2152119721
12.7988745775 1.2149250793
12.8086896577 1.2146101763
12.8185047379 1.2142674364
12.8283198181 1.2138970385
12.8381348983 1.2134991670
12.8479499785 1.2130740123
12.8577650587 1.2126217696
12.8675801389 1.2121426400
12.8773952191 1.2116368293
12.8872102993 1.2111045487
12.8970253795 1.2105460144
12.9068404597 1.2099614472
12.9166555399 1.2093510729
12.9264706201 1.2087151219
12.9362857003 1.2080538289
12.9461007805 1.2073674332
12.9559158607 1.2066561783
12.9657309409 1.2059203119
12.9755460211 1.2051600856
12.9853611013 1.2043757550
12.9951761815 1.2035675795
13.0049912617 1.2027358220
13.0148063419 1.2018807491
13.0246214221 1.2010026306
13.0344365023 1.2001017399
13.0442515825 1.1991783531
13.0540666627 1.1982327497
13.0638817429 1.1972652119
13.0736968231 1.1962760246
13.0835119033 1.1952654756
13.0933269834 1.1942338550
13.1031420636 1.1931814553
13.1129571438 1.1921085713
13.1227722240 1.1910154999
13.1325873042 1.1899025402
13.1424023844 1.1887699929
13.1522174646 1.1876181606
13.1620325448 1.1864473476
13.1718476250 1.1852578597
13.1816627052 1.1840500040
13.1914777854 1.1828240890
13.2012928656 1.1815804242
13.2111079458 1.1803193205
13.2209230260 1.1790410893
13.2307381062 1.1777460431
13.2405531864 1.1764344951
13.2503682666 1.1751067590
13.2601833468 1.1737631490
13.2699984270 1.1724039796
13.2798135072 1.1710295659
13.2896285874 1.1696402227
13.2994436676 1.1682362652
13.3092587478 1.1668180086
13.3190738280 1.1653857676
13.3288889082 1.1639398570
13.3387039884 1.1624805911
13.3485190686 1.1610082839
13.3583341488 1.1595232488
13.3681492290 1.1580257986
13.3779643092 1.1565162453
13.3877793894 1.1549949004
13.3975944696 1.1534620741
13.4074095498 1.1519180760
13.4172246300 1.1503632146
13.4270397102 1.1487977971
13.4368547904 1.1472221297
13.4466698706 1.1456365173
13.4564849508 1.1440412634
13.4663000310 1.1424366701
13.4761151111 1.1408230379
13.4859301913 1.1392006661
13.4957452715 1.1375698520
13.5055603517 1.1359308915
13.5153754319 1.1342840785
13.5251905121 1.1326297053
13.5350055923 1.1309680624
13.5448206725 1.1292994381
13.5546357527 1.1276241190
13.5644508329 1.1259423896
13.5742659131 1.1242545323
13.5840809933 1.1225608275
13.5938960735 1.1208615532
13.6037111537 1.1191569855
13.6135262339 1.1174473980
13.6233413141 1.1157330622
13.6331563943 1.1140142471
13.6429714745 1.1122912196
13.6527865547 1.1105642440
13.6626016349 1.1088335822
13.6724167151 1.1070994938
13.6822317953 1.1053622356
13.6920468755 1.1036220621
13.7018619557 1.1018792254
13.7116770359 1.1001339747
13.7214921161 1.0983865569
13.7313071963 1.0966372162
13.7411222765 1.0948861941
13.7509373567 1.0931337295
13.7607524369 1.0913800587
13.7705675171 1.0896254153
13.7803825973 1.0878700302
13.7901976775 1.0861141316
13.8000127577 1.0843579449
13.8098278379 1.0826016930
13.8196429181 1.0808455958
13.8294579983 1.0790898707
13.8392730785 1.0773347323
13.8490881587 1.0755803924
13.8589032389 1.0738270601
13.8687183190 1.0720749417
13.8785333992 1.0703242408
13.8883484794 1.0685751582
13.8981635596 1.0668278921
13.9079786398 1.0650826377
13.9177937200 1.0633395878
13.9276088002 1.0615989322
13.9374238804 1.0598608581
13.9472389606 1.0581255498
13.9570540408 1.0563931892
13.9668691210 1.0546639551
13.9766842012 1.0529380241
13.9864992814 1.0512155696
13.9963143616 1.0494967627
14.0061294418 1.0477817716
14.0159445220 1.0460707621
14.0257596022 1.0443638970
14.0355746824 1.0426613369
14.0453897626 1.0409632394
14.0552048428 1.0392697599
14.0650199230 1.0375810508
14.0748350032 1.0358972622
14.0846500834 1.0342185417
14.0944651636 1.0325450343
14.1042802438 1.0308768823
14.1140953240 1.0292142258
14.1239104042 1.0275572024
14.1337254844 1.0259059469
14.1435405646 1.0242605922
14.1533556448 1.0226212683
14.1631707250 1.0209881032
14.1729858052 1.0193612223
14.1828008854 1.0177407486
14.1926159656 1.0161268030
14.2024310458 1.0145195039
14.2122461260 1.0129189676
14.2220612062 1.0113253079
14.2318762864 1.0097386365
14.2416913666 1.0081590629
14.2515064468 1.0065866944
14.2613215269 1.0050216361
14.2711366071 1.0034639909
14.2809516873 1.0019138597
14.2907667675 1.0003713412
14.3005818477 0.9988365321
14.3103969279 0.9973095270
14.3202120081 0.9957904185
14.3300270883 0.9942792972
14.3398421685 0.9927762515
14.3496572487 0.9912813683
14.3594723289 0.9897947322
14.3692874091 0.9883164259
14.3791024893 0.9868465305
14.3889175695 0.9853851250
14.3987326497 0.9839322865
14.4085477299 0.9824880905
14.4183628101 0.9810526107
14.4281778903 0.9796259188
14.4379929705 0.9782080850
14.4478080507 0.9767991777
14.4576231309 0.9753992636
14.4674382111 0.9740084078
14.4772532913 0.9726266735
14.4870683715 0.9712541227
14.4968834517 0.9698908155
14.5066985319 0.9685368105
14.5165136121 0.9671921647
14.5263286923 0.9658569336
14.5361437725 0.9645311714
14.5459588527 0.9632149304
14.5557739329 0.9619082618
14.5655890131 0.9606112152
14.5754040933 0.9593238389
14.5852191735 0.9580461796
14.5950342537 0.9567782828
14.6048493339 0.9555201926
14.6146644141 0.9542719517
14.6244794943 0.9530336017
14.6342945745 0.9518051827
14.6441096547 0.9505867337
14.6539247348 0.9493782923
14.6637398150 0.9481798949
14.6735548952 0.9469915768
14.6833699754 0.9458133720
14.6931850556 0.9446453135
14.7030001358 0.9434874330
14.7128152160 0.9423397612
14.7226302962 0.9412023275
14.7324453764 0.9400751604
14.7422604566 0.9389582872
14.7520755368 0.9378517344
14.7618906170 0.9367555271
14.7717056972 0.9356696897
14.7815207774 0.9345942455
14.7913358576 0.9335292168
14.8011509378 0.9324746249
14.8109660180 0.9314304902
14.8207810982 0.9303968323
14.8305961784 0.9293736697
14.8404112586 0.9283610202
14.8502263388 0.9273589005
14.8600414190 0.9263673266
14.8698564992 0.9253863136
14.8796715794 0.9244158759
14.8894866596 0.9234560269
14.8993017398 0.9225067793
14.9091168200 0.9215681450
14.9189319002 0.9206401352
14.9287469804 0.9197227602
14.9385620606 0.9188160297
14.9483771408 0.9179199527
14.9581922210 0.9170345373
14.9680073012 0.9161597911
14.9778223814 0.9152957210
14.9876374616 0.9144423331
14.9974525418 0.9135996329
15.0072676220 0.9127676253
15.0170827022 0.9119463145
15.0268977824 0.9111357043
15.0367128626 0.9103357976
15.0465279427 0.9095465968
15.0563430229 0.9087681037
15.0661581031 0.9080003198
15.0759731833 0.9072432456
15.0857882635 0.9064968813
15.0956033437 0.9057612266
15.1054184239 0.9050362805
15.1152335041 0.9043220416
15.1250485843 0.9036185080
15.1348636645 0.9029256773
15.1446787447 0.9022435465
15.1544938249 0.9015721122
15.1643089051 0.9009113706
15.1741239853 0.9002613173
15.1839390655 0.8996219477
15.1937541457 0.8989932563
15.2035692259 0.8983752376
15.2133843061 0.8977678855
15.2231993863 0.8971711935
15.2330144665 0.8965851547
15.2428295467 0.8960097617
15.2526446269 0.8954450069
15.2624597071 0.8948908821
15.2722747873 0.8943473789
15.2820898675 0.8938144883
15.2919049477 0.8932922013
15.3017200279 0.8927805082
15.3115351081 0.8922793990
15.3213501883 0.8917888635
15.3311652685 0.8913088910
15.3409803487 0.8908394707
15.3507954289 0.8903805911
15.3606105091 0.8899322407
15.3704255893 0.8894944075
15.3802406695 0.8890670793
15.3900557497 0.8886502435
15.3998708299 0.8882438873
15.4096859101 0.8878479974
15.4195009903 0.8874625604
15.4293160704 0.8870875626
15.4391311506 0.8867229900
15.4489462308 0.8863688281
15.4587613110 0.8860250624
15.4685763912 0.8856916780
15.4783914714 0.8853686598
15.4882065516 0.8850559923
15.4980216318 0.8847536600
15.5078367120 0.8844616467
15.5176517922 0.8841799363
15.5274668724 0.8839085125
15.5372819526 0.8836473583
15.5470970328 0.8833964570
15.5569121130 0.8831557912
15.5667271932 0.8829253436
15.5765422734 0.8827050964
15.5863573536 0.8824950317
15.5961724338 0.8822951313
15.6059875140 0.8821053768
15.6158025942 0.8819257495
15.6256176744 0.8817562306
15.6354327546 0.8815968009
15.6452478348 0.8814474411
15.6550629150 0.8813081316
15.6648779952 0.8811788525
15.6746930754 0.8810595839
15.6845081556 0.8809503054
15.6943232358 0.8808509965
15.7041383160 0.8807616366
15.7139533962 0.8806822047
15.7237684764 0.8806126796
15.7335835566 0.8805530398
15.7433986368 0.8805032638
15.7532137170 0.8804633297
15.7630287972 0.8804332154
15.7728438774 0.8804128986
15.7826589576 0.8804023567
15.7924740378 0.8804015671
15.8022891180 0.8804105066
15.8121041982 0.8804291521
15.8219192783 0.8804574800
15.8317343585 0.8804954669
15.8415494387 0.8805430886
15.8513645189 0.8806003210
15.8611795991 0.8806671399
15.8709946793 0.8807435205
15.8808097595 0.8808294381
15.8906248397 0.8809248674
15.9004399199 0.8810297832
15.9102550001 0.8811441600
15.9200700803 0.8812679718
15.9298851605 0.8814011927
15.9397002407 0.8815437963
15.9495153209 0.8816957561
15.9593304011 0.8818570452
15.9691454813 0.8820276367
15.9789605615 0.8822075032
15.9887756417 0.8823966171
15.9985907219 0.8825949506
16.0084058021 0.8828024757
16.0182208823 0.8830191639
16.0280359625 0.8832449867
16.0378510427 0.8834799151
16.0476661229 0.8837239199
16.0574812031 0.8839769719
16.0672962833 0.8842390411
16.0771113635 0.8845100977
16.0869264437 0.8847901113
16.0967415239 0.8850790513
16.1065566041 0.8853768870
16.1163716843 0.8856835871
16.1261867645 0.8859991202
16.1360018447 0.8863234546
16.1458169249 0.8866565581
16.1556320051 0.8869983985
16.1654470853 0.8873489430
16.1752621655 0.8877081586
16.1850772457 0.8880760121
16.1948923259 0.8884524698
16.2047074061 0.8888374977
16.2145224862 0.8892310617
16.2243375664 0.8896331269
16.2341526466 0.8900436586
16.2439677268 0.8904626213
16.2537828070 0.8908899796
16.2635978872 0.8913256973
16.2734129674 0.8917697381
16.2832280476 0.8922220653
16.2930431278 0.8926826419
16.3028582080 0.8931514305
16.3126732882 0.8936283932
16.3224883684 0.8941134919
16.3323034486 0.8946066880
16.3421185288 0.8951079427
16.3519336090 0.8956172165
16.3617486892 0.8961344699
16.3715637694 0.8966596626
16.3813788496 0.8971927542
16.3911939298 0.8977337039
16.4010090100 0.8982824702
16.4108240902 0.8988390114
16.4206391704 0.8994032855
16.4304542506 0.8999752499
16.4402693308 0.9005548616
16.4500844110 0.9011420771
16.4598994912 0.9017368527
16.4697145714 0.9023391440
16.4795296516 0.9029489063
16.4893447318 0.9035660944
16.4991598120 0.9041906627
16.5089748922 0.9048225651
16.5187899724 0.9054617551
16.5286050526 0.9061081856
16.5384201328 0.9067618092
16.5482352130 0.9074225779
16.5580502932 0.9080904433
16.5678653734 0.9087653564
16.5776804536 0.9094472679
16.5874955338 0.9101361279
16.5973106140 0.9108318859
16.6071256941 0.9115344910
16.6169407743 0.9122438920
16.6267558545 0.9129600368
16.6365709347 0.9136828731
16.6463860149 0.9144123479
16.6562010951 0.9151484077
16.6660161753 0.9158909987
16.6758312555 0.9166400662
16.6856463357 0.9173955553
16.6954614159 0.9181574103
16.7052764961 0.9189255752
16.7150915763 0.9196999933
16.7249066565 0.9204806074
16.7347217367 0.9212673597
16.7445368169 0.9220601919
16.7543518971 0.9228590451
16.7641669773 0.9236638600
16.7739820575 0.9244745765
16.7837971377 0.9252911340
16.7936122179 0.9261134715
16.8034272981 0.9269415271
16.8132423783 0.9277752386
16.8230574585 0.9286145432
16.8328725387 0.9294593774
16.8426876189 0.9303096771
16.8525026991 0.9311653778
16.8623177793 0.9320264141
16.8721328595 0.9328927204
16.8819479397 0.9337642301
16.8917630199 0.9346408763
16.9015781001 0.9355225913
16.9113931803 0.9364093070
16.9212082605 0.9373009546
16.9310233407 0.9381974646
16.9408384209 0.9390987669
16.9506535011 0.9400047911
16.9604685813 0.9409154657
16.9702836615 0.9418307190
16.9800987417 0.9427504785
16.9899138219 0.9436746711
16.9997289020 0.9446032230
17.0095439822 0.9455360601
17.0193590624 0.9464731073
17.0291741426 0.9474142891
17.0389892228 0.9483595294
17.0488043030 0.9493087513
17.0586193832 0.9502618776
17.0684344634 0.9512188300
17.0782495436 0.9521795302
17.0880646238 0.9531438987
17.0978797040 0.9541118558
17.1076947842 0.9550833209
17.1175098644 0.9560582131
17.1273249446 0.9570364506
17.1371400248 0.9580179511
17.1469551050 0.9590026318
17.1567701852 0.9599904091
17.1665852654 0.9609811988
17.1764003456 0.9619749164
17.1862154258 0.9629714765
17.1960305060 0.9639707932
17.2058455862 0.9649727799
17.2156606664 0.9659773497
17.2254757466 0.9669844148
17.2352908268 0.9679938871
17.2451059070 0.9690056776
17.2549209872 0.9700196970
17.2647360674 0.9710358553
17.2745511476 0.9720540619
17.2843662278 0.9730742259
17.2941813080 0.9740962555
17.3039963882 0.9751200585
17.3138114684 0.9761455422
17.3236265486 0.9771726133
17.3334416288 0.9782011780
17.3432567090 0.9792311419
17.3530717892 0.9802624103
17.3628868694 0.9812948876
17.3727019496 0.9823284781
17.3825170297 0.9833630854
17.3923321099 0.9843986126
17.4021471901 0.9854349622
17.4119622703 0.9864720366
17.4217773505 0.9875097374
17.4315924307 0.9885479658
17.4414075109 0.9895866227
17.4512225911 0.9906256084
17.4610376713 0.9916648227
17.4708527515 0.9927041653
17.4806678317 0.9937435352
17.4904829119 0.9947828310
17.5002979921 0.9958219510
17.5101130723 0.9968607933
17.5199281525 0.9978992552
17.5297432327 0.9989372339
17.5395583129 0.9999746263
17.5493733931 1.0010113289
17.5591884733 1.0020472379
17.5690035535 1.0030822490
17.5788186337 1.0041162578
17.5886337139 1.0051491596
17.5984487941 1.0061808493
17.6082638743 1.0072112218
17.6180789545 1.0082401714
17.6278940347 1.0092675924
17.6377091149 1.0102933788
17.6475241951 1.0113174244
17.6573392753 1.0123396229
17.6671543555 1.0133598676
17.6769694357 1.0143780519
17.6867845159 1.0153940689
17.6965995961 1.0164078116
17.7064146763 1.0174191728
17.7162297565 1.0184280454
17.7260448367 1.0194343220
17.7358599169 1.0204378953
17.7456749971 1.0214386579
17.7554900773 1.0224365022
17.7653051575 1.0234313208
17.7751202376 1.0244230063
17.7849353178 1.0254114512
17.7947503980 1.0263965480
17.8045654782 1.0273781895
17.8143805584 1.0283562682
17.8241956386 1.0293306770
17.8340107188 1.0303013087
17.8438257990 1.0312680565
17.8536408792 1.0322308134
17.8634559594 1.0331894729
17.8732710396 1.0341439283
17.8830861198 1.0350940735
17.8929012000 1.0360398024
17.9027162802 1.0369810091
17.9125313604 1.0379175881
17.9223464406 1.0388494341
17.9321615208 1.0397764422
17.9419766010 1.0406985077
17.9517916812 1.0416155263
17.9616067614 1.0425273940
17.9714218416 1.0434340073
17.9812369218 1.0443352630
17.9910520020 1.0452310584
18.0008670822 1.0461212911
18.0106821624 1.0470058594
18.0204972426 1.0478846619
18.0303123228 1.0487575978
18.0401274030 1.0496245667
18.0499424832 1.0504854690
18.0597575634 1.0513402054
18.0695726436 1.0521886773
18.0793877238 1.0530307868
18.0892028040 1.0538664365
18.0990178842 1.0546955297
18.1088329644 1.0555179704
18.1186480446 1.0563336633
18.1284631248 1.0571425138
18.1382782050 1.0579444280
18.1480932852 1.0587393129
18.1579083654 1.0595270761
18.1677234455 1.0603076260
18.1775385257 1.0610808722
18.1873536059 1.0618467245
18.1971686861 1.0626050942
18.2069837663 1.0633558931
18.2167988465 1.0640990340
18.2266139267 1.0648344307
18.2364290069 1.0655619977
18.2462440871 1.0662816509
18.2560591673 1.0669933068
18.2658742475 1.0676968831
18.2756893277 1.0683922985
18.2855044079 1.0690794726
18.2953194881 1.0697583263
18.3051345683 1.0704287814
18.3149496485 1.0710907608
18.3247647287 1.0717441888
18.3345798089 1.0723889905
18.3443948891 1.0730250923
18.3542099693 1.0736524217
18.3640250495 1.0742709076
18.3738401297 1.0748804799
18.3836552099 1.0754810698
18.3934702901 1.0760726097
18.4032853703 1.0766550334
18.4131004505 1.0772282759
18.4229155307 1.0777922734
18.4327306109 1.0783469635
18.4425456911 1.0788922852
18.4523607713 1.0794281787
18.4621758515 1.0799545856
18.4719909317 1.0804714490
18.4818060119 1.0809787131
18.4916210921 1.0814763238
18.5014361723 1.0819642283
18.5112512525 1.0824423751
18.5210663327 1.0829107143
18.5308814129 1.0833691975
18.5406964931 1.0838177775
18.5505115733 1.0842564088
18.5603266534 1.0846850474
18.5701417336 1.0851036505
18.5799568138 1.0855121773
18.5897718940 1.0859105880
18.5995869742 1.0862988447
18.6094020544 1.0866769108
18.6192171346 1.0870447514
18.6290322148 1.0874023331
18.6388472950 1.0877496240
18.6486623752 1.0880865939
18.6584774554 1.0884132140
18.6682925356 1.0887294571
18.6781076158 1.0890352979
18.6879226960 1.0893307122
18.6977377762 1.0896156778
18.7075528564 1.0898901738
18.7173679366 1.0901541811
18.7271830168 1.0904076822
18.7369980970 1.0906506612
18.7468131772 1.0908831037
18.7566282574 1.0911049969
18.7664433376 1.0913163299
18.7762584178 1.0915170932
18.7860734980 1.0917072788
18.7958885782 1.0918868807
18.8057036584 1.0920558941
18.8155187386 1.0922143161
18.8253338188 1.0923621453
18.8351488990 1.0924993820
18.8449639792 1.0926260281
18.8547790594 1.0927420870
18.8645941396 1.0928475638
18.8744092198 1.0929424652
18.8842243000 1.0930267995
18.8940393802 1.0931005765
18.9038544604 1.0931638079
18.9136695406 1.0932165067
18.9234846208 1.0932586874
18.9332997010 1.0932903664
18.9431147811 1.0933115615
18.9529298613 1.0933222920
18.9627449415 1.0933225789
18.9725600217 1.0933124446
18.9823751019 1.0932919131
18.9921901821 1.0932610100
19.0020052623 1.0932197623
19.0118203425 1.0931681986
19.0216354227 1.0931063490
19.0314505029 1.0930342450
19.0412655831 1.0929519197
19.0510806633 1.0928594076
19.0608957435 1.0927567446
19.0707108237 1.0926439682
19.0805259039 1.0925211172
19.0903409841 1.0923882318
19.1001560643 1.0922453538
19.1099711445 1.0920925262
19.1197862247 1.0919297935
19.1296013049 1.0917572014
19.1394163851 1.0915747971
19.1492314653 1.0913826292
19.1590465455 1.0911807474
19.1688616257 1.0909692029
19.1786767059 1.0907480480
19.1884917861 1.0905173366
19.1983068663 1.0902771234
19.2081219465 1.0900274648
19.2179370267 1.0897684181
19.2277521069 1.0895000419
19.2375671871 1.0892223961
19.2473822673 1.0889355417
19.2571973475 1.0886395408
19.2670124277 1.0883344566
19.2768275079 1.0880203536
19.2866425881 1.0876972973
19.2964576683 1.0873653542
19.3062727485 1.0870245920
19.3160878287 1.0866750794
19.3259029089 1.0863168861
19.3357179890 1.0859500828
19.3455330692 1.0855747413
19.3553481494 1.0851909342
19.3651632296 1.0847987350
19.3749783098 1.0843982185
19.3847933900 1.0839894600
19.3946084702 1.0835725359
19.4044235504 1.0831475234
19.4142386306 1.0827145006
19.4240537108 1.0822735463
19.4338687910 1.0818247403
19.4436838712 1.0813681629
19.4534989514 1.0809038956
19.4633140316 1.0804320202
19.4731291118 1.0799526196
19.4829441920 1.0794657770
19.4927592722 1.0789715767
19.5025743524 1.0784701034
19.5123894326 1.0779614424
19.5222045128 1.0774456800
19.5320195930 1.0769229026
19.5418346732 1.0763931975
19.5516497534 1.0758566525
19.5614648336 1.0753133558
19.5712799138 1.0747633965
19.5810949940 1.0742068637
19.5909100742 1.0736438473
19.6007251544 1.0730744375
19.6105402346 1.0724987252
19.6203553148 1.0719168013
19.6301703950 1.0713287575
19.6399854752 1.0707346857
19.6498005554 1.0701346781
19.6596156356 1.0695288273
19.6694307158 1.0689172263
19.6792457960 1.0682999682
19.6890608762 1.0676771467
19.6988759564 1.0670488554
19.7086910366 1.0664151883
19.7185061168 1.0657762398
19.7283211969 1.0651321041
19.7381362771 1.0644828761
19.7479513573 1.0638286504
19.7577664375 1.0631695219
19.7675815177 1.0625055859
19.7773965979 1.0618369373
19.7872116781 1.0611636716
19.7970267583 1.0604858840
19.8068418385 1.0598036701
19.8166569187 1.0591171251
19.8264719989 1.0584263447
19.8362870791 1.0577314244
19.8461021593 1.0570324595
19.8559172395 1.0563295456
19.8657323197 1.0556227780
19.8755473999 1.0549122522
19.8853624801 1.0541980635
19.8951775603 1.0534803069
19.9049926405 1.0527590777
19.9148077207 1.0520344708
19.9246228009 1.0513065811
19.9344378811 1.0505755032
19.9442529613 1.0498413318
19.9540680415 1.0491041610
19.9638831217 1.0483640852
19.9736982019 1.0476211982
19.9835132821 1.0468755939
19.9933283623 1.0461273657
20.0031434425 1.0453766069
20.0129585227 1.0446234104
20.0227736029 1.0438678691
20.0325886831 1.0431100754
20.0424037633 1.0423501214
20.0522188435 1.0415880990
20.0620339237 1.0408240997
20.0718490039 1.0400582147
20.0816640841 1.0392905349
20.0914791643 1.0385211508
20.1012942445 1.0377501525
20.1111093247 1.0369776298
20.1209244048 1.0362036720
20.1307394850 1.0354283683
20.1405545652 1.0346518070
20.1503696454 1.0338740765
20.1601847256 1.0330952644
20.1699998058 1.0323154581
20.1798148860 1.0315347444
20.1896299662 1.0307532098
20.1994450464 1.0299709403
20.2092601266 1.0291880213
20.2190752068 1.0284045378
20.2288902870 1.0276205745
20.2387053672 1.0268362153
20.2485204474 1.0260515438
20.2583355276 1.0252666431
20.2681506078 1.0244815957
20.2779656880 1.0236964836
20.2877807682 1.0229113884
20.2975958484 1.0221263910
20.3074109286 1.0213415718
20.3172260088 1.0205570107
20.3270410890 1.0197727871
20.3368561692 1.0189889798
20.3466712494 1.0182056670
20.3564863296 1.0174229264
20.3663014098 1.0166408351
20.3761164900 1.0158594696
20.3859315702 1.0150789059
20.3957466504 1.0142992193
20.4055617306 1.0135204847
20.4153768108 1.0127427762
20.4251918910 1.0119661675
20.4350069712 1.0111907317
20.4448220514 1.0104165410
20.4546371316 1.0096436673
20.4644522118 1.0088721819
20.4742672920 1.0081021554
20.4840823722 1.0073336577
20.4938974524 1.0065667582
20.5037125326 1.0058015257
20.5135276127 1.0050380285
20.5233426929 1.0042763339
20.5331577731 1.0035165090
20.5429728533 1.0027586199
20.5527879335 1.0020027325
20.5626030137 1.0012489118
20.5724180939 1.0004972221
20.5822331741 0.9997477273
20.5920482543 0.9990004906
20.6018633345 0.9982555745
20.6116784147 0.9975130409
20.6214934949 0.9967729512
20.6313085751 0.9960353659
20.6411236553 0.9953003452
20.6509387355 0.9945679484
20.6607538157 0.9938382343
20.6705688959 0.9931112610
20.6803839761 0.9923870861
20.6901990563 0.9916657665
20.7000141365 0.9909473584
20.7098292167 0.9902319175
20.7196442969 0.9895194988
20.7294593771 0.9888101566
20.7392744573 0.9881039448
20.7490895375 0.9874009165
20.7589046177 0.9867011241
20.7687196979 0.9860046197
20.7785347781 0.9853114544
20.7883498583 0.9846216790
20.7981649385 0.9839353434
20.8079800187 0.9832524972
20.8177950989 0.9825731891
20.8276101791 0.9818974673
20.8374252593 0.9812253794
20.8472403395 0.9805569725
20.8570554197 0.9798922929
20.8668704999 0.9792313863
20.8766855801 0.9785742980
20.8865006603 0.9779210725
20.8963157404 0.9772717539
20.9061308206 0.9766263854
20.9159459008 0.9759850099
20.9257609810 0.9753476696
20.9355760612 0.9747144060
20.9453911414 0.9740852604
20.9552062216 0.9734602729
20.9650213018 0.9728394836
20.9748363820 0.9722229317
20.9846514622 0.9716106560
20.9944665424 0.9710026945
21.0042816226 0.9703990848
21.0140967028 0.9697998639
21.0239117830 0.9692050683
21.0337268632 0.9686147338
21.0435419434 0.9680288958
21.0533570236 0.9674475890
21.0631721038 0.9668708475
21.0729871840 0.9662987052
21.0828022642 0.9657311950
21.0926173444 0.9651683495
21.1024324246 0.9646102008
21.1122475048 0.9640567804
21.1220625850 0.9635081191
21.1318776652 0.9629642474
21.1416927454 0.9624251952
21.1515078256 0.9618909918
21.1613229058 0.9613616662
21.1711379860 0.9608372465
21.1809530662 0.9603177606
21.1907681464 0.9598032358
21.2005832266 0.9592936989
21.2103983068 0.9587891761
21.2202133870 0.9582896931
21.2300284672 0.9577952753
21.2398435474 0.9573059475
21.2496586276 0.9568217337
21.2594737078 0.9563426580
21.2692887880 0.9558687434
21.2791038682 0.9554000129
21.2889189483 0.9549364887
21.2987340285 0.9544781927
21.3085491087 0.9540251462
21.3183641889 0.9535773701
21.3281792691 0.9531348848
21.3379943493 0.9526977103
21.3478094295 0.9522658661
21.3576245097 0.9518393710
21.3674395899 0.9514182438
21.3772546701 0.9510025025
21.3870697503 0.9505921647
21.3968848305 0.9501872476
21.4066999107 0.9497877680
21.4165149909 0.9493937423
21.4263300711 0.9490051861
21.4361451513 0.9486221150
21.4459602315 0.9482445440
21.4557753117 0.9478724876
21.4655903919 0.9475059598
21.4754054721 0.9471449745
21.4852205523 0.9467895449
21.4950356325 0.9464396837
21.5048507127 0.9460954035
21.5146657929 0.9457567162
21.5244808731 0.9454236334
21.5342959533 0.9450961663
21.5441110335 0.9447743257
21.5539261137 0.9444581219
21.5637411939 0.9441475649
21.5735562741 0.9438426642
21.5833713543 0.9435434289
21.5931864345 0.9432498679
21.6030015147 0.9429619895
21.6128165949 0.9426798016
21.6226316751 0.9424033119
21.6324467553 0.9421325274
21.6422618355 0.9418674551
21.6520769157 0.9416081013
21.6618919959 0.9413544720
21.6717070761 0.9411065730
21.6815221562 0.9408644094
21.6913372364 0.9406279862
21.7011523166 0.9403973080
21.7109673968 0.9401723788
21.7207824770 0.9399532025
21.7305975572 0.9397397824
21.7404126374 0.9395321217
21.7502277176 0.9393302230
21.7600427978 0.9391340886
21.7698578780 0.9389437206
21.7796729582 0.9387591205
21.7894880384 0.9385802896
21.7993031186 0.9384072287
21.8091181988 0.9382399385
21.8189332790 0.9380784191
21.8287483592 0.9379226703
21.8385634394 0.9377726917
21.8483785196 0.9376284824
21.8581935998 0.9374900412
21.8680086800 0.9373573666
21.8778237602 0.9372304566
21.8876388404 0.9371093091
21.8974539206 0.9369939216
21.9072690008 0.9368842910
21.9170840810 0.9367804141
21.9268991612 0.9366822874
21.9367142414 0.9365899070
21.9465293216 0.9365032686
21.9563444018 0.9364223677
21.9661594820 0.9363471993
21.9759745622 0.9362777582
21.9857896424 0.9362140389
21.9956047226 0.9361560354
22.0054198028 0.9361037416
22.0152348830 0.9360571508
22.0250499632 0.9360162563
22.0348650434 0.9359810507
22.0446801236 0.9359515267
22.0544952038 0.9359276763
22.0643102840 0.9359094915
22.0741253641 0.9358969637
22.0839404443 0.9358900841
22.0937555245 0.9358888436
22.1035706047 0.9358932327
22.1133856849 0.9359032418
22.1232007651 0.9359188607
22.1330158453 0.9359400791
22.1428309255 0.9359668862
22.1526460057 0.9359992710
22.1624610859 0.9360372222
22.1722761661 0.9360807281
22.1820912463 0.9361297768
22.1919063265 0.9361843559
22.2017214067 0.9362444530
22.2115364869 0.9363100551
22.2213515671 0.9363811490
22.2311666473 0.9364577211
22.2409817275 0.9365397576
22.2507968077 0.9366272444
22.2606118879 0.9367201670
22.2704269681 0.9368185107
22.2802420483 0.9369222603
22.2900571285 0.9370314005
22.2998722087 0.9371459155
22.3096872889 0.9372657894
22.3195023691 0.9373910059
22.3293174493 0.9375215483
22.3391325295 0.9376573996
22.3489476097 0.9377985427
22.3587626899 0.9379449600
22.3685777701 0.9380966335
22.3783928503 0.9382535453
22.3882079305 0.9384156766
22.3980230107 0.9385830089
22.4078380909 0.9387555229
22.4176531711 0.9389331993
22.4274682513 0.9391160183
22.4372833315 0.9393039600
22.4470984117 0.9394970039
22.4569134919 0.9396951295
22.4667285720 0.9398983158
22.4765436522 0.9401065416
22.4863587324 0.9403197852
22.4961738126 0.9405380249
22.5059888928 0.9407612384
22.5158039730 0.9409894032
22.5256190532 0.9412224965
22.5354341334 0.9414604953
22.5452492136 0.9417033760
22.5550642938 0.9419511150
22.5648793740 0.9422036883
22.5746944542 0.9424610714
22.5845095344 0.9427232398
22.5943246146 0.9429901684
22.6041396948 0.9432618320
22.6139547750 0.9435382051
22.6237698552 0.9438192616
22.6335849354 0.9441049754
22.6434000156 0.9443953200
22.6532150958 0.9446902686
22.6630301760 0.9449897940
22.6728452562 0.9452938687
22.6826603364 0.9456024651
22.6924754166 0.9459155551
22.7022904968 0.9462331102
22.7121055770 0.9465551019
22.7219206572 0.9468815010
22.7317357374 0.9472122783
22.7415508176 0.9475474042
22.7513658978 0.9478868487
22.7611809780 0.9482305817
22.7709960582 0.9485785725
22.7808111384 0.9489307903
22.7906262186 0.9492872040
22.8004412988 0.9496477820
22.8102563790 0.9500124925
22.8200714592 0.9503813036
22.8298865394 0.9507541827
22.8397016196 0.9511310971
22.8495166997 0.9515120139
22.8593317799 0.9518968997
22.8691468601 0.9522857208
22.8789619403 0.9526784432
22.8887770205 0.9530750328
22.8985921007 0.9534754550
22.9084071809 0.9538796749
22.9182222611 0.9542876572
22.9280373413 0.9546993666
22.9378524215 0.9551147672
22.9476675017 0.9555338229
22.9574825819 0.9559564973
22.9672976621 0.9563827537
22.9771127423 0.9568125551
22.9869278225 0.9572458641
22.9967429027 0.9576826432
23.0065579829 0.9581228544
23.0163730631 0.9585664595
23.0261881433 0.9590134200
23.0360032235 0.9594636970
23.0458183037 0.9599172514
23.0556333839 0.9603740438
23.0654484641 0.9608340345
23.0752635443 0.9612971834
23.0850786245 0.9617634503
23.0948937047 0.9622327945
23.1047087849 0.9627051751
23.1145238651 0.9631805510
23.1243389453 0.9636588806
23.1341540255 0.9641401222
23.1439691057 0.9646242337
23.1537841859 0.9651111728
23.1635992661 0.9656008969
23.1734143463 0.9660933629
23.1832294265 0.9665885278
23.1930445067 0.9670863481
23.2028595869 0.9675867799
23.2126746671 0.9680897792
23.2224897473 0.9685953018
23.2323048275 0.9691033030
23.2421199076 0.9696137380
23.2519349878 0.9701265617
23.2617500680 0.9706417286
23.2715651482 0.9711591930
23.2813802284 0.9716789091
23.2911953086 0.9722008306
23.3010103888 0.9727249112
23.3108254690 0.9732511040
23.3206405492 0.9737793621
23.3304556294 0.9743096383
23.3402707096 0.9748418851
23.3500857898 0.9753760548
23.3599008700 0.9759120994
23.3697159502 0.9764499707
23.3795310304 0.9769896203
23.3893461106 0.9775309995
23.3991611908 0.9780740593
23.4089762710 0.9786187506
23.4187913512 0.9791650241
23.4286064314 0.9797128300
23.4384215116 0.9802621186
23.4482365918 0.9808128398
23.4580516720 0.9813649433
23.4678667522 0.9819183787
23.4776818324 0.9824730953
23.4874969126 0.9830290421
23.4973119928 0.9835861682
23.5071270730 0.9841444221
23.5169421532 0.9847037524
23.5267572334 0.9852641074
23.5365723136 0.9858254352
23.5463873938 0.9863876837
23.5562024740 0.9869508009
23.5660175542 0.9875147341
23.5758326344 0.9880794309
23.5856477146 0.9886448385
23.5954627948 0.9892109039
23.6052778750 0.9897775742
23.6150929552 0.9903447961
23.6249080354 0.9909125161
23.6347231155 0.9914806809
23.6445381957 0.9920492367
23.6543532759 0.9926181297
23.6641683561 0.9931873061
23.6739834363 0.9937567117
23.6837985165 0.9943262924
23.6936135967 0.9948959939
23.7034286769 0.9954657618
23.7132437571 0.9960355416
23.7230588373 0.9966052788
23.7328739175 0.9971749185
23.7426889977 0.9977444061
23.7525040779 0.9983136865
23.7623191581 0.9988827050
23.7721342383 0.9994514065
23.7819493185 1.0000197359
23.7917643987 1.0005876380
23.8015794789 1.0011550576
23.8113945591 1.0017219395
23.8212096393 1.0022882283
23.8310247195 1.0028538689
23.8408397997 1.0034188056
23.8506548799 1.0039829833
23.8604699601 1.0045463464
23.8702850403 1.0051088396
23.8801001205 1.0056704074
23.8899152007 1.0062309944
23.8997302809 1.0067905451
23.9095453611 1.0073490042
23.9193604413 1.0079063163
23.9291755215 1.0084624259
23.9389906017 1.0090172778
23.9488056819 1.0095708167
23.9586207621 1.0101229874
23.9684358423 1.0106737345
23.9782509225 1.0112230031
23.9880660027 1.0117707380
23.9978810829 1.0123168843
24.0076961631 1.0128613870
24.0175112433 1.0134041913
24.0273263234 1.0139452426
24.0371414036 1.0144844862
24.0469564838 1.0150218675
24.0567715640 1.0155573323
24.0665866442 1.0160908262
24.0764017244 1.0166222951
24.0862168046 1.0171516850
24.0960318848 1.0176789421
24.1058469650 1.0182040127
24.1156620452 1.0187268432
24.1254771254 1.0192473803
24.1352922056 1.0197655708
24.1451072858 1.0202813618
24.1549223660 1.0207947004
24.1647374462 1.0213055340
24.1745525264 1.0218138102
24.1843676066 1.0223194769
24.1941826868 1.0228224821
24.2039977670 1.0233227740
24.2138128472 1.0238203013
24.2236279274 1.0243150126
24.2334430076 1.0248068569
24.2432580878 1.0252957837
24.2530731680 1.0257817423
24.2628882482 1.0262646827
24.2727033284 1.0267445549
24.2825184086 1.0272213093
24.2923334888 1.0276948967
24.3021485690 1.0281652681
24.3119636492 1.0286323748
24.3217787294 1.0290961684
24.3315938096 1.0295566010
24.3414088898 1.0300136249
24.3512239700 1.0304671927
24.3610390502 1.0309172574
24.3708541304 1.0313637726
24.3806692106 1.0318066919
24.3904842908 1.0322459694
24.4002993710 1.0326815597
24.4101144512 1.0331134177
24.4199295313 1.0335414988
24.4297446115 1.0339657585
24.4395596917 1.0343861532
24.4493747719 1.0348026393
24.4591898521 1.0352151738
24.4690049323 1.0356237141
24.4788200125 1.0360282182
24.4886350927 1.0364286444
24.4984501729 1.0368249513
24.5082652531 1.0372170983
24.5180803333 1.0376050451
24.5278954135 1.0379887518
24.5377104937 1.0383681793
24.5475255739 1.0387432885
24.5573406541 1.0391140412
24.5671557343 1.0394803996
24.5769708145 1.0398423264
24.5867858947 1.0401997847
24.5966009749 1.0405527384
24.6064160551 1.0409011516
24.6162311353 1.0412449892
24.6260462155 1.0415842165
24.6358612957 1.0419187994
24.6456763759 1.0422487045
24.6554914561 1.0425738986
24.6653065363 1.0428943494
24.6751216165 1.0432100250
24.6849366967 1.0435208942
24.6947517769 1.0438269263
24.7045668571 1.0441280912
24.7143819373 1.0444243594
24.7241970175 1.0447157021
24.7340120977 1.0450020909
24.7438271779 1.0452834981
24.7536422581 1.0455598967
24.7634573383 1.0458312603
24.7732724185 1.0460975630
24.7830874987 1.0463587797
24.7929025789 1.0466148858
24.8027176590 1.0468658574
24.8125327392 1.0471116712
24.8223478194 1.0473523045
24.8321628996 1.0475877355
24.8419779798 1.0478179428
24.8517930600 1.0480429057
24.8616081402 1.0482626042
24.8714232204 1.0484770190
24.8812383006 1.0486861314
24.8910533808 1.0488899235
24.9008684610 1.0490883778
24.9106835412 1.0492814777
24.9204986214 1.0494692073
24.9303137016 1.0496515513
24.9401287818 1.0498284951
24.9499438620 1.0500000247
24.9597589422 1.0501661270
24.9695740224 1.0503267893
24.9793891026 1.0504819999
24.9892041828 1.0506317476
24.9990192630 1.0507760219
25.0088343432 1.0509148132
25.0186494234 1.0510481122
25.0284645036 1.0511759108
25.0382795838 1.0512982012
25.0480946640 1.0514149764
25.0579097442 1.0515262303
25.0677248244 1.0516319572
25.0775399046 1.0517321524
25.0873549848 1.0518268117
25.0971700650 1.0519159316
25.1069851452 1.0519995095
25.1168002254 1.0520775433
25.1266153056 1.0521500316
25.1364303858 1.0522169739
25.1462454660 1.0522783703
25.1560605462 1.0523342215
25.1658756264 1.0523845290
25.1756907066 1.0524292951
25.1855057868 1.0524685225
25.1953208669 1.0525022149
25.2051359471 1.0525303765
25.2149510273 1.0525530124
25.2247661075 1.0525701282
25.2345811877 1.0525817303
25.2443962679 1.0525878257
25.2542113481 1.0525884221
25.2640264283 1.0525835279
25.2738415085 1.0525731523
25.2836565887 1.0525573051
25.2934716689 1.0525359967
25.3032867491 1.0525092381
25.3131018293 1.0524770414
25.3229169095 1.0524394188
25.3327319897 1.0523963835
25.3425470699 1.0523479494
25.3523621501 1.0522941308
25.3621772303 1.0522349429
25.3719923105 1.0521704015
25.3818073907 1.0521005229
25.3916224709 1.0520253241
25.4014375511 1.0519448230
25.4112526313 1.0518590377
25.4210677115 1.0517679873
25.4308827917 1.0516716912
25.4406978719 1.0515701698
25.4505129521 1.0514634437
25.4603280323 1.0513515345
25.4701431125 1.0512344641
25.4799581927 1.0511122552
25.4897732729 1.0509849309
25.4995883531 1.0508525152
25.5094034333 1.0507150323
25.5192185135 1.0505725073
25.5290335937 1.0504249657
25.5388486739 1.0502724337
25.5486637541 1.0501149378
25.5584788343 1.0499525054
25.5682939145 1.0497851642
25.5781089947 1.0496129426
25.5879240748 1.0494358695
25.5977391550 1.0492539742
25.6075542352 1.0490672866
25.6173693154 1.0488758373
25.6271843956 1.0486796571
25.6369994758 1.0484787776
25.6468145560 1.0482732308
25.6566296362 1.0480630490
25.6664447164 1.0478482653
25.6762597966 1.0476289130
25.6860748768 1.0474050261
25.6958899570 1.0471766390
25.7057050372 1.0469437864
25.7155201174 1.0467065037
25.7253351976 1.0464648266
25.7351502778 1.0462187913
25.7449653580 1.0459684343
25.7547804382 1.0457137927
25.7645955184 1.0454549039
25.7744105986 1.0451918058
25.7842256788 1.0449245366
25.7940407590 1.0446531350
25.8038558392 1.0443776400
25.8136709194 1.0440980910
25.8234859996 1.0438145279
25.8333010798 1.0435269906
25.8431161600 1.0432355199
25.8529312402 1.0429401564
25.8627463204 1.0426409415
25.8725614006 1.0423379166
25.8823764808 1.0420311237
25.8921915610 1.0417206049
25.9020066412 1.0414064026
25.9118217214 1.0410885598
25.9216368016 1.0407671194
25.9314518818 1.0404421249
25.9412669620 1.0401136200
25.9510820422 1.0397816485
25.9608971224 1.0394462547
25.9707122026 1.0391074831
25.9805272827 1.0387653783
25.9903423629 1.0384199853
26.0001574431 1.0380713493
26.0099725233 1.0377195158
26.0197876035 1.0373645303
26.0296026837 1.0370064388
26.0394177639 1.0366452872
26.0492328441 1.0362811219
26.0590479243 1.0359139892
26.0688630045 1.0355439359
26.0786780847 1.0351710086
26.0884931649 1.0347952544
26.0983082451 1.0344167205
26.1081233253 1.0340354540
26.1179384055 1.0336515024
26.1277534857 1.0332649133
26.1375685659 1.0328757344
26.1473836461 1.0324840135
26.1571987263 1.0320897985
26.1670138065 1.0316931375
26.1768288867 1.0312940785
26.1866439669 1.0308926700
26.1964590471 1.0304889601
26.2062741273 1.0300829973
26.2160892075 1.0296748301
26.2259042877 1.0292645070
26.2357193679 1.0288520767
26.2455344481 1.0284375877
26.2553495283 1.0280210888
26.2651646085 1.0276026287
26.2749796887 1.0271822562
26.2847947689 1.0267600202
26.2946098491 1.0263359694
26.3044249293 1.0259101526
26.3142400095 1.0254826188
26.3240550897 1.0250534167
26.3338701699 1.0246225952
26.3436852501 1.0241902031
26.3535003303 1.0237562892
26.3633154105 1.0233209023
26.3731304906 1.0228840912
26.3829455708 1.0224459044
26.3927606510 1.0220063908
26.4025757312 1.0215655989
26.4123908114 1.0211235773
26.4222058916 1.0206803745
26.4320209718 1.0202360389
26.4418360520 1.0197906189
26.4516511322 1.0193441627
26.4614662124 1.0188967186
26.4712812926 1.0184483347
26.4810963728 1.0179990590
26.4909114530 1.0175489394
26.5007265332 1.0170980238
26.5105416134 1.0166463598
26.5203566936 1.0161939950
26.5301717738 1.0157409769
26.5399868540 1.0152873528
26.5498019342 1.0148331700
26.5596170144 1.0143784756
26.5694320946 1.0139233164
26.5792471748 1.0134677393
26.5890622550 1.0130117909
26.5988773352 1.0125555177
26.6086924154 1.0120989661
26.6185074956 1.0116421823
26.6283225758 1.0111852121
26.6381376560 1.0107281016
26.6479527362 1.0102708963
26.6577678164 1.0098136418
26.6675828966 1.0093563833
26.6773979768 1.0088991660
26.6872130570 1.0084420348
26.6970281372 1.0079850344
26.7068432174 1.0075282094
26.7166582976 1.0070716040
26.7264733778 1.0066152625
26.7362884580 1.0061592287
26.7461035382 1.0057035464
26.7559186183 1.0052482590
26.7657336985 1.0047934098
26.7755487787 1.0043390419
26.7853638589 1.0038851981
26.7951789391 1.0034319209
26.8049940193 1.0029792528
26.8148090995 1.0025272359
26.8246241797 1.0020759121
26.8344392599 1.0016253230
26.8442543401 1.0011755100
26.8540694203 1.0007265143
26.8638845005 1.0002783769
26.8736995807 0.9998311383
26.8835146609 0.9993848391
26.8933297411 0.9989395193
26.9031448213 0.9984952188
26.9129599015 0.9980519773
26.9227749817 0.9976098342
26.9325900619 0.9971688286
26.9424051421 0.9967289992
26.9522202223 0.9962903848
26.9620353025 0.9958530235
26.9718503827 0.9954169535
26.9816654629 0.9949822124
26.9914805431 0.9945488378
27.0012956233 0.9941168668
27.0111107035 0.9936863364
27.0209257837 0.9932572832
27.0307408639 0.9928297435
27.0405559441 0.9924037534
27.0503710243 0.9919793488
27.0601861045 0.9915565650
27.0700011847 0.9911354373
27.0798162649 0.9907160006
27.0896313451 0.9902982895
27.0994464253 0.9898823383
27.1092615055 0.9894681811
27.1190765857 0.9890558517
27.1288916659 0.9886453833
27.1387067461 0.9882368092
27.1485218262 0.9878301622
27.1583369064 0.9874254749
27.1681519866 0.9870227795
27.1779670668 0.9866221079
27.1877821470 0.9862234918
27.1975972272 0.9858269624
27.2074123074 0.9854325509
27.2172273876 0.9850402879
27.2270424678 0.9846502038
27.2368575480 0.9842623288
27.2466726282 0.9838766927
27.2564877084 0.9834933249
27.2663027886 0.9831122546
27.2761178688 0.9827335108
27.2859329490 0.9823571220
27.2957480292 0.9819831164
27.3055631094 0.9816115220
27.3153781896 0.9812423665
27.3251932698 0.9808756771
27.3350083500 0.9805114809
27.3448234302 0.9801498046
27.3546385104 0.9797906747
27.3644535906 0.9794341171
27.3742686708 0.9790801576
27.3840837510 0.9787288219
27.3938988312 0.9783801348
27.4037139114 0.9780341215
27.4135289916 0.9776908062
27.4233440718 0.9773502134
27.4331591520 0.9770123668
27.4429742322 0.9766772902
27.4527893124 0.9763450067
27.4626043926 0.9760155393
27.4724194728 0.9756889108
27.4822345530 0.9753651434
27.4920496332 0.9750442592
27.5018647134 0.9747262800
27.5116797936 0.9744112271
27.5214948738 0.9740991217
27.5313099540 0.9737899846
27.5411250341 0.9734838362
27.5509401143 0.9731806968
27.5607551945 0.9728805862
27.5705702747 0.9725835240
27.5803853549 0.9722895295
27.5902004351 0.9719986216
27.6000155153 0.9717108189
27.6098305955 0.9714261398
27.6196456757 0.9711446023
27.6294607559 0.9708662241
27.6392758361 0.9705910227
27.6490909163 0.9703190151
27.6589059965 0.9700502182
27.6687210767 0.9697846485
27.6785361569 0.9695223222
27.6883512371 0.9692632552
27.6981663173 0.9690074630
27.7079813975 0.9687549609
27.7177964777 0.9685057640
27.7276115579 0.9682598870
27.7374266381 0.9680173441
27.7472417183 0.9677781496
27.7570567985 0.9675423172
27.7668718787 0.9673098603
27.7766869589 0.9670807922
27.7865020391 0.9668551258
27.7963171193 0.9666328737
27.8061321995 0.9664140481
27.8159472797 0.9661986611
27.8257623599 0.9659867244
27.8355774401 0.9657782493
27.8453925203 0.9655732471
27.8552076005 0.9653717284
27.8650226807 0.9651737040
27.8748377609 0.9649791839
27.8846528411 0.9647881782
27.8944679213 0.9646006965
27.9042830015 0.9644167482
27.9140980817 0.9642363423
27.9239131619 0.9640594877
27.9337282420 0.9638861928
27.9435433222 0.9637164659
27.9533584024 0.9635503149
27.9631734826 0.9633877473
27.9729885628 0.9632287707
27.9828036430 0.9630733920
27.9926187232 0.9629216180
28.0024338034 0.9627734552
28.0122488836 0.9626289099
28.0220639638 0.9624879879
28.0318790440 0.9623506950
28.0416941242 0.9622170364
28.0515092044 0.9620870173
28.0613242846 0.9619606426
28.0711393648 0.9618379166
28.0809544450 0.9617188437
28.0907695252 0.9616034279
28.1005846054 0.9614916728
28.1103996856 0.9613835819
28.1202147658 0.9612791583
28.1300298460 0.9611784049
28.1398449262 0.9610813243
28.1496600064 0.9609879187
28.1594750866 0.9608981903
28.1692901668 0.9608121407
28.1791052470 0.9607297716
28.1889203272 0.9606510841
28.1987354074 0.9605760793
28.2085504876 0.9605047576
28.2183655678 0.9604371197
28.2281806480 0.9603731656
28.2379957282 0.9603128953
28.2478108084 0.9602563083
28.2576258886 0.9602034039
28.2674409688 0.9601541813
28.2772560490 0.9601086393
28.2870711292 0.9600667763
28.2968862094 0.9600285908
28.3067012896 0.9599940806
28.3165163698 0.9599632436
28.3263314499 0.9599360772
28.3361465301 0.9599125787
28.3459616103 0.9598927449
28.3557766905 0.9598765727
28.3655917707 0.9598640585
28.3754068509 0.9598551983
28.3852219311 0.9598499882
28.3950370113 0.9598484238
28.4048520915 0.9598505006
28.4146671717 0.9598562135
28.4244822519 0.9598655576
28.4342973321 0.9598785274
28.4441124123 0.9598951174
28.4539274925 0.9599153215
28.4637425727 0.9599391338
28.4735576529 0.9599665477
28.4833727331 0.9599975567
28.4931878133 0.9600321538
28.5030028935 0.9600703318
28.5128179737 0.9601120834
28.5226330539 0.9601574008
28.5324481341 0.9602062762
28.5422632143 0.9602587014
28.5520782945 0.9603146679
28.5618933747 0.9603741671
28.5717084549 0.9604371901
28.5815235351 0.9605037277
28.5913386153 0.9605737704
28.6011536955 0.9606473086
28.6109687757 0.9607243324
28.6207838559 0.9608048316
28.6305989361 0.9608887957
28.6404140163 0.9609762143
28.6502290965 0.9610670762
28.6600441767 0.9611613704
28.6698592569 0.9612590855
28.6796743371 0.9613602098
28.6894894173 0.9614647315
28.6993044975 0.9615726384
28.7091195776 0.9616839181
28.7189346578 0.9617985581
28.7287497380 0.9619165455
28.7385648182 0.9620378671
28.7483798984 0.9621625098
28.7581949786 0.9622904597
28.7680100588 0.9624217033
28.7778251390 0.9625562263
28.7876402192 0.9626940146
28.7974552994 0.9628350535
28.8072703796 0.9629793284
28.8170854598 0.9631268241
28.8269005400 0.9632775255
28.8367156202 0.9634314171
28.8465307004 0.9635884832
28.8563457806 0.9637487078
28.8661608608 0.9639120747
28.8759759410 0.9640785676
28.8857910212 0.9642481697
28.8956061014 0.9644208643
28.9054211816 0.9645966341
28.9152362618 0.9647754619
28.9250513420 0.9649573301
28.9348664222 0.9651422209
28.9446815024 0.9653301162
28.9544965826 0.9655209979
28.9643116628 0.9657148473
28.9741267430 0.9659116459
28.9839418232 0.9661113746
28.9937569034 0.9663140144
29.0035719836 0.9665195457
29.0133870638 0.9667279491
29.0232021440 0.9669392047
29.0330172242 0.9671532924
29.0428323044 0.9673701920
29.0526473846 0.9675898830
29.0624624648 0.9678123445
29.0722775450 0.9680375558
29.0820926252 0.9682654957
29.0919077054 0.9684961428
29.1017227855 0.9687294754
29.1115378657 0.9689654719
29.1213529459 0.9692041102
29.1311680261 0.9694453680
29.1409831063 0.9696892230
29.1507981865 0.9699356524
29.1606132667 0.9701846334
29.1704283469 0.9704361430
29.1802434271 0.9706901578
29.1900585073 0.9709466544
29.1998735875 0.9712056090
29.2096886677 0.9714669978
29.2195037479 0.9717307967
29.2293188281 0.9719969813
29.2391339083 0.9722655271
29.2489489885 0.9725364095
29.2587640687 0.9728096035
29.2685791489 0.9730850839
29.2783942291 0.9733628256
29.2882093093 0.9736428029
29.2980243895 0.9739249903
29.3078394697 0.9742093617
29.3176545499 0.9744958911
29.3274696301 0.9747845522
29.3372847103 0.9750753186
29.3470997905 0.9753681635
29.3569148707 0.9756630603
29.3667299509 0.9759599817
29.3765450311 0.9762589007
29.3863601113 0.9765597897
29.3961751915 0.9768626213
29.4059902717 0.9771673677
29.4158053519 0.9774740009
29.4256204321 0.9777824929
29.4354355123 0.9780928153
29.4452505925 0.9784049396
29.4550656727 0.9787188374
29.4648807529 0.9790344796
29.4746958331 0.9793518374
29.4845109133 0.9796708817
29.4943259934 0.9799915831
29.5041410736 0.9803139121
29.5139561538 0.9806378392
29.5237712340 0.9809633345
29.5335863142 0.9812903681
29.5434013944 0.9816189099
29.5532164746 0.9819489297
29.5630315548 0.9822803970
29.5728466350 0.9826132813
29.5826617152 0.9829475518
29.5924767954 0.9832831778
29.6022918756 0.9836201281
29.6121069558 0.9839583718
29.6219220360 0.9842978775
29.6317371162 0.9846386138
29.6415521964 0.9849805491
29.6513672766 0.9853236518
29.6611823568 0.9856678901
29.6709974370 0.9860132319
29.6808125172 0.9863596454
29.6906275974 0.9867070981
29.7004426776 0.9870555579
29.7102577578 0.9874049923
29.7200728380 0.9877553688
29.7298879182 0.9881066547
29.7397029984 0.9884588172
29.7495180786 0.9888118234
29.7593331588 0.9891656404
29.7691482390 0.9895202351
29.7789633192 0.9898755742
29.7887783994 0.9902316244
29.7985934796 0.9905883525
29.8084085598 0.9909457249
29.8182236400 0.9913037079
29.8280387202 0.9916622681
29.8378538004 0.9920213715
29.8476688806 0.9923809845
29.8574839608 0.9927410730
29.8672990410 0.9931016032
29.8771141212 0.9934625409
29.8869292013 0.9938238520
29.8967442815 0.9941855023
29.9065593617 0.9945474576
29.9163744419 0.9949096836
29.9261895221 0.9952721458
29.9360046023 0.9956348099
29.9458196825 0.9959976413
29.9556347627 0.9963606056
29.9654498429 0.9967236681
29.9752649231 0.9970867943
29.9850800033 0.9974499494
29.9948950835 0.9978130988
30.0047101637 0.9981762078
30.0145252439 0.9985392416
30.0243403241 0.9989021654
30.0341554043 0.9992649444
30.0439704845 0.9996275439
30.0537855647 0.9999899289
30.0636006449 1.0003520646
30.0734157251 1.0007139161
30.0832308053 1.0010754487
30.0930458855 1.0014366274
30.1028609657 1.0017974175
30.1126760459 1.0021577839
30.1224911261 1.0025176919
30.1323062063 1.0028771067
30.1421212865 1.0032359935
30.1519363667 1.0035943174
30.1617514469 1.0039520437
30.1715665271 1.0043091377
30.1813816073 1.0046655646
30.1911966875 1.0050212898
30.2010117677 1.0053762787
30.2108268479 1.0057304966
30.2206419281 1.0060839091
30.2304570083 1.0064364816
30.2402720885 1.0067881797
30.2500871687 1.0071389691
30.2599022489 1.0074888154
30.2697173291 1.0078376844
30.2795324092 1.0081855419
30.2893474894 1.0085323538
30.2991625696 1.0088780862
30.3089776498 1.0092227050
30.3187927300 1.0095661764
30.3286078102 1.0099084668
30.3384228904 1.0102495423
30.3482379706 1.0105893694
30.3580530508 1.0109279148
30.3678681310 1.0112651449
30.3776832112 1.0116010267
30.3874982914 1.0119355269
30.3973133716 1.0122686126
30.4071284518 1.0126002509
30.4169435320 1.0129304089
30.4267586122 1.0132590542
30.4365736924 1.0135861541
30.4463887726 1.0139116765
30.4562038528 1.0142355889
30.4660189330 1.0145578594
30.4758340132 1.0148784562
30.4856490934 1.0151973473
30.4954641736 1.0155145013
30.5052792538 1.0158298867
30.5150943340 1.0161434723
30.5249094142 1.0164552269
30.5347244944 1.0167651197
30.5445395746 1.0170731199
30.5543546548 1.0173791970
30.5641697350 1.0176833207
30.5739848152 1.0179854607
30.5837998954 1.0182855872
30.5936149756 1.0185836702
30.6034300558 1.0188796804
30.6132451360 1.0191735883
30.6230602162 1.0194653647
30.6328752964 1.0197549809
30.6426903766 1.0200424080
30.6525054568 1.0203276176
30.6623205369 1.0206105814
30.6721356171 1.0208912714
30.6819506973 1.0211696598
30.6917657775 1.0214457192
30.7015808577 1.0217194221
30.7113959379 1.0219907416
30.7212110181 1.0222596508
30.7310260983 1.0225261232
30.7408411785 1.0227901326
30.7506562587 1.0230516528
30.7604713389 1.0233106581
30.7702864191 1.0235671231
30.7801014993 1.0238210225
30.7899165795 1.0240723314
30.7997316597 1.0243210251
30.8095467399 1.0245670793
30.8193618201 1.0248104698
30.8291769003 1.0250511729
30.8389919805 1.0252891651
30.8488070607 1.0255244232
30.8586221409 1.0257569242
30.8684372211 1.0259866455
30.8782523013 1.0262135650
30.8880673815 1.0264376605
30.8978824617 1.0266589105
30.9076975419 1.0268772935
30.9175126221 1.0270927886
30.9273277023 1.0273053750
30.9371427825 1.0275150324
30.9469578627 1.0277217407
30.9567729429 1.0279254801
30.9665880231 1.0281262314
30.9764031033 1.0283239754
30.9862181835 1.0285186935
30.9960332637 1.0287103672
31.0058483439 1.0288989786
31.0156634241 1.0290845099
31.0254785043 1.0292669439
31.0352935845 1.0294462637
31.0451086647 1.0296224525
31.0549237448 1.0297954941
31.0647388250 1.0299653727
31.0745539052 1.0301320727
31.0843689854 1.0302955789
31.0941840656 1.0304558766
31.1039991458 1.0306129513
31.1138142260 1.0307667890
31.1236293062 1.0309173759
31.1334443864 1.0310646988
31.1432594666 1.0312087447
31.1530745468 1.0313495012
31.1628896270 1.0314869559
31.1727047072 1.0316210971
31.1825197874 1.0317519135
31.1923348676 1.0318793939
31.2021499478 1.0320035279
31.2119650280 1.0321243050
31.2217801082 1.0322417155
31.2315951884 1.0323557498
31.2414102686 1.0324663990
31.2512253488 1.0325736544
31.2610404290 1.0326775076
31.2708555092 1.0327779507
31.2806705894 1.0328749764
31.2904856696 1.0329685774
31.3003007498 1.0330587472
31.3101158300 1.0331454793
31.3199309102 1.0332287679
31.3297459904 1.0333086075
31.3395610706 1.0333849930
31.3493761508 1.0334579198
31.3591912310 1.0335273834
31.3690063112 1.0335933801
31.3788213914 1.0336559064
31.3886364716 1.0337149591
31.3984515518 1.0337705356
31.4082666320 1.0338226336
31.4180817122 1.0338712512
31.4278967924 1.0339163870
31.4377118726 1.0339580399
31.4475269527 1.0339962093
31.4573420329 1.0340308948
31.4671571131 1.0340620967
31.4769721933 1.0340898154
31.4867872735 1.0341140519
31.4966023537 1.0341348076
31.5064174339 1.0341520841
31.5162325141 1.0341658837
31.5260475943 1.0341762089
31.5358626745 1.0341830627
31.5456777547 1.0341864483
31.5554928349 1.0341863695
31.5653079151 1.0341828305
31.5751229953 1.0341758357
31.5849380755 1.0341653902
31.5947531557 1.0341514992
31.6045682359 1.0341341683
31.6143833161 1.0341134038
31.6241983963 1.0340892121
31.6340134765 1.0340616000
31.6438285567 1.0340305749
31.6536436369 1.0339961443
31.6634587171 1.0339583163
31.6732737973 1.0339170993
31.6830888775 1.0338725020
31.6929039577 1.0338245336
31.7027190379 1.0337732037
31.7125341181 1.0337185222
31.7223491983 1.0336604992
31.7321642785 1.0335991456
31.7419793587 1.0335344722
31.7517944389 1.0334664905
31.7616095191 1.0333952121
31.7714245993 1.0333206493
31.7812396795 1.0332428144
31.7910547597 1.0331617203
31.8008698399 1.0330773802
31.8106849201 1.0329898075
31.8205000003 1.0328990161
31.8303150805 1.0328050203
31.8401301606 1.0327078345
31.8499452408 1.0326074737
31.8597603210 1.0325039531
31.8695754012 1.0323972883
31.8793904814 1.0322874952
31.8892055616 1.0321745900
31.8990206418 1.0320585892
31.9088357220 1.0319395097
31.9186508022 1.0318173688
31.9284658824 1.0316921839
31.9382809626 1.0315639729
31.9480960428 1.0314327539
31.9579111230 1.0312985453
31.9677262032 1.0311613660
31.9775412834 1.0310212349
31.9873563636 1.0308781713
31.9971714438 1.0307321950
32.0069865240 1.0305833259
32.0168016042 1.0304315842
32.0266166844 1.0302769904
32.0364317646 1.0301195653
32.0462468448 1.0299593299
32.0560619250 1.0297963056
32.0658770052 1.0296305140
32.0756920854 1.0294619769
32.0855071656 1.0292907166
32.0953222458 1.0291167553
32.1051373260 1.0289401158
32.1149524062 1.0287608210
32.1247674864 1.0285788939
32.1345825666 1.0283943581
32.1443976468 1.0282072371
32.1542127270 1.0280175548
32.1640278072 1.0278253353
32.1738428874 1.0276306030
32.1836579676 1.0274333823
32.1934730478 1.0272336982
32.2032881280 1.0270315755
32.2131032082 1.0268270396
32.2229182883 1.0266201157
32.2327333685 1.0264108296
32.2425484487 1.0261992071
32.2523635289 1.0259852742
32.2621786091 1.0257690571
32.2719936893 1.0255505823
32.2818087695 1.0253298763
32.2916238497 1.0251069659
32.3014389299 1.0248818781
32.3112540101 1.0246546399
32.3210690903 1.0244252788
32.3308841705 1.0241938221
32.3406992507 1.0239602976
32.3505143309 1.0237247329
32.3603294111 1.0234871560
32.3701444913 1.0232475950
32.3799595715 1.0230060781
32.3897746517 1.0227626338
32.3995897319 1.0225172905
32.4094048121 1.0222700769
32.4192198923 1.0220210217
32.4290349725 1.0217701538
32.4388500527 1.0215175024
32.4486651329 1.0212630964
32.4584802131 1.0210069652
32.4682952933 1.0207491381
32.4781103735 1.0204896447
32.4879254537 1.0202285144
32.4977405339 1.0199657769
32.5075556141 1.0197014620
32.5173706943 1.0194355996
32.5271857745 1.0191682195
32.5370008547 1.0188993518
32.5468159349 1.0186290267
32.5566310151 1.0183572742
32.5664460953 1.0180841245
32.5762611755 1.0178096081
32.5860762557 1.0175337553
32.5958913359 1.0172565964
32.6057064161 1.0169781621
32.6155214962 1.0166984827
32.6253365764 1.0164175889
32.6351516566 1.0161355113
32.6449667368 1.0158522806
32.6547818170 1.0155679274
32.6645968972 1.0152824825
32.6744119774 1.0149959767
32.6842270576 1.0147084407
32.6940421378 1.0144199053
32.7038572180 1.0141304013
32.7136722982 1.0138399596
32.7234873784 1.0135486111
32.7333024586 1.0132563864
32.7431175388 1.0129633166
32.7529326190 1.0126694325
32.7627476992 1.0123747649
32.7725627794 1.0120793446
32.7823778596 1.0117832025
32.7921929398 1.0114863695
32.8020080200 1.0111888762
32.8118231002 1.0108907534
32.8216381804 1.0105920320
32.8314532606 1.0102927427
32.8412683408 1.0099929160
32.8510834210 1.0096925828
32.8608985012 1.0093917736
32.8707135814 1.0090905190
32.8805286616 1.0087888495
32.8903437418 1.0084867957
32.9001588220 1.0081843879
32.9099739022 1.0078816566
32.9197889824 1.0075786321
32.9296040626 1.0072753446
32.9394191428 1.0069718245
32.9492342230 1.0066681017
32.9590493032 1.0063642064
32.9688643834 1.0060601687
32.9786794636 1.0057560183
32.9884945438 1.0054517853
32.9983096240 1.0051474994
33.0081247041 1.0048431902
33.0179397843 1.0045388874
33.0277548645 1.0042346205
33.0375699447 1.0039304190
33.0473850249 1.0036263121
33.0572001051 1.0033223292
33.0670151853 1.0030184994
33.0768302655 1.0027148517
33.0866453457 1.0024114151
33.0964604259 1.0021082184
33.1062755061 1.0018052903
33.1160905863 1.0015026596
33.1259056665 1.0012003546
33.1357207467 1.0008984038
33.1455358269 1.0005968355
33.1553509071 1.0002956778
33.1651659873 0.9999949588
33.1749810675 0.9996947063
33.1847961477 0.9993949482
33.1946112279 0.9990957122
33.2044263081 0.9987970257
33.2142413883 0.9984989161
33.2240564685 0.9982014108
33.2338715487 0.9979045368
33.2436866289 0.9976083212
33.2535017091 0.9973127908
33.2633167893 0.9970179722
33.2731318695 0.9967238921
33.2829469497 0.9964305769
33.2927620299 0.9961380529
33.3025771101 0.9958463461
33.3123921903 0.9955554825
33.3222072705 0.9952654880
33.3320223507 0.9949763882
33.3418374309 0.9946882086
33.3516525111 0.9944009746
33.3614675913 0.9941147113
33.3712826715 0.9938294438
33.3810977517 0.9935451969
33.3909128319 0.9932619954
33.4007279120 0.9929798637
33.4105429922 0.9926988263
33.4203580724 0.9924189073
33.4301731526 0.9921401307
33.4399882328 0.9918625205
33.4498033130 0.9915861003
33.4596183932 0.9913108935
33.4694334734 0.9910369236
33.4792485536 0.9907642137
33.4890636338 0.9904927868
33.4988787140 0.9902226657
33.5086937942 0.9899538729
33.5185088744 0.9896864310
33.5283239546 0.9894203621
33.5381390348 0.9891556884
33.5479541150 0.9888924317
33.5577691952 0.9886306138
33.5675842754 0.9883702561
33.5773993556 0.9881113800
33.5872144358 0.9878540066
33.5970295160 0.9875981569
33.6068445962 0.9873438516
33.6166596764 0.9870911112
33.6264747566 0.9868399562
33.6362898368 0.9865904068
33.6461049170 0.9863424828
33.6559199972 0.9860962042
33.6657350774 0.9858515904
33.6755501576 0.9856086609
33.6853652378 0.9853674349
33.6951803180 0.9851279314
33.7049953982 0.9848901692
33.7148104784 0.9846541669
33.7246255586 0.9844199428
33.7344406388 0.9841875153
33.7442557190 0.9839569022
33.7540707992 0.9837281214
33.7638858794 0.9835011905
33.7737009596 0.9832761269
33.7835160398 0.9830529477
33.7933311199 0.9828316699
33.8031462001 0.9826123104
33.8129612803 0.9823948856
33.8227763605 0.9821794120
33.8325914407 0.9819659058
33.8424065209 0.9817543828
33.8522216011 0.9815448588
33.8620366813 0.9813373493
33.8718517615 0.9811318698
33.8816668417 0.9809284352
33.8914819219 0.9807270606
33.9012970021 0.9805277605
33.9111120823 0.9803305496
33.9209271625 0.9801354421
33.9307422427 0.9799424521
33.9405573229 0.9797515935
33.9503724031 0.9795628798
33.9601874833 0.9793763246
33.9700025635 0.9791919410
33.9798176437 0.9790097422
33.9896327239 0.9788297409
33.9994478041 0.9786519496
34.0092628843 0.9784763809
34.0190779645 0.9783030469
34.0288930447 0.9781319595
34.0387081249 0.9779631304
34.0485232051 0.9777965713
34.0583382853 0.9776322935
34.0681533655 0.9774703080
34.0779684457 0.9773106258
34.0877835259 0.9771532576
34.0975986061 0.9769982138
34.1074136863 0.9768455047
34.1172287665 0.9766951403
34.1270438467 0.9765471306
34.1368589269 0.9764014850
34.1466740071 0.9762582131
34.1564890873 0.9761173239
34.1663041675 0.9759788266
34.1761192476 0.9758427299
34.1859343278 0.9757090423
34.1957494080 0.9755777722
34.2055644882 0.9754489277
34.2153795684 0.9753225167
34.2251946486 0.9751985470
34.2350097288 0.9750770260
34.2448248090 0.9749579610
34.2546398892 0.9748413592
34.2644549694 0.9747272272
34.2742700496 0.9746155719
34.2840851298 0.9745063996
34.2939002100 0.9743997166
34.3037152902 0.9742955288
34.3135303704 0.9741938421
34.3233454506 0.9740946620
34.3331605308 0.9739979939
34.3429756110 0.9739038430
34.3527906912 0.9738122142
34.3626057714 0.9737231123
34.3724208516 0.9736365418
34.3822359318 0.9735525070
34.3920510120 0.9734710120
34.4018660922 0.9733920607
34.4116811724 0.9733156568
34.4214962526 0.9732418038
34.4313113328 0.9731705050
34.4411264130 0.9731017634
34.4509414932 0.9730355818
34.4607565734 0.9729719629
34.4705716536 0.9729109092
34.4803867338 0.9728524227
34.4902018140 0.9727965057
34.5000168942 0.9727431598
34.5098319744 0.9726923866
34.5196470546 0.9726441876
34.5294621348 0.9725985640
34.5392772150 0.9725555166
34.5490922952 0.9725150463
34.5589073754 0.9724771537
34.5687224555 0.9724418390
34.5785375357 0.9724091025
34.5883526159 0.9723789440
34.5981676961 0.9723513634
34.6079827763 0.9723263602
34.6177978565 0.9723039336
34.6276129367 0.9722840828
34.6374280169 0.9722668067
34.6472430971 0.9722521041
34.6570581773 0.9722399735
34.6668732575 0.9722304131
34.6766883377 0.9722234211
34.6865034179 0.9722189953
34.6963184981 0.9722171336
34.7061335783 0.9722178333
34.7159486585 0.9722210918
34.7257637387 0.9722269062
34.7355788189 0.9722352733
34.7453938991 0.9722461900
34.7552089793 0.9722596526
34.7650240595 0.9722756574
34.7748391397 0.9722942007
34.7846542199 0.9723152782
34.7944693001 0.9723388857
34.8042843803 0.9723650186
34.8140994605 0.9723936723
34.8239145407 0.9724248420
34.8337296209 0.9724585224
34.8435447011 0.9724947084
34.8533597813 0.9725333944
34.8631748615 0.9725745747
34.8729899417 0.9726182436
34.8828050219 0.9726643949
34.8926201021 0.9727130224
34.9024351823 0.9727641196
34.9122502625 0.9728176799
34.9220653427 0.9728736965
34.9318804229 0.9729321623
34.9416955031 0.9729930701
34.9515105833 0.9730564125
34.9613256634 0.9731221819
34.9711407436 0.9731903704
34.9809558238 0.9732609702
34.9907709040 0.9733339731
35.0005859842 0.9734093707
35.0104010644 0.9734871544
35.0202161446 0.9735673155
35.0300312248 0.9736498451
35.0398463050 0.9737347341
35.0496613852 0.9738219731
35.0594764654 0.9739115528
35.0692915456 0.9740034635
35.0791066258 0.9740976953
35.0889217060 0.9741942381
35.0987367862 0.9742930818
35.1085518664 0.9743942160
35.1183669466 0.9744976300
35.1281820268 0.9746033132
35.1379971070 0.9747112547
35.1478121872 0.9748214431
35.1576272674 0.9749338674
35.1674423476 0.9750485160
35.1772574278 0.9751653772
35.1870725080 0.9752844393
35.1968875882 0.9754056902
35.2067026684 0.9755291177
35.2165177486 0.9756547096
35.2263328288 0.9757824531
35.2361479090 0.9759123358
35.2459629892 0.9760443446
35.2557780694 0.9761784665
35.2655931496 0.9763146883
35.2754082298 0.9764529966
35.2852233100 0.9765933779
35.2950383902 0.9767358184
35.3048534704 0.9768803043
35.3146685506 0.9770268214
35.3244836308 0.9771753555
35.3342987110 0.9773258922
35.3441137912 0.9774784170
35.3539288713 0.9776329152
35.3637439515 0.9777893718
35.3735590317 0.9779477718
35.3833741119 0.9781081000
35.3931891921 0.9782703410
35.4030042723 0.9784344793
35.4128193525 0.9786004992
35.4226344327 0.9787683848
35.4324495129 0.9789381202
35.4422645931 0.9791096891
35.4520796733 0.9792830753
35.4618947535 0.9794582622
35.4717098337 0.9796352333
35.4815249139 0.9798139718
35.4913399941 0.9799944607
35.5011550743 0.9801766831
35.5109701545 0.9803606215
35.5207852347 0.9805462588
35.5306003149 0.9807335773
35.5404153951 0.9809225594
35.5502304753 0.9811131872
35.5600455555 0.9813054430
35.5698606357 0.9814993084
35.5796757159 0.9816947653
35.5894907961 0.9818917954
35.5993058763 0.9820903801
35.6091209565 0.9822905007
35.6189360367 0.9824921385
35.6287511169 0.9826952746
35.6385661971 0.9828998898
35.6483812773 0.9831059650
35.6581963575 0.9833134809
35.6680114377 0.9835224181
35.6778265179 0.9837327569
35.6876415981 0.9839444776
35.6974566783 0.9841575604
35.7072717585 0.9843719854
35.7170868387 0.9845877324
35.7269019189 0.9848047813
35.7367169991 0.9850231118
35.7465320792 0.9852427033
35.7563471594 0.9854635354
35.7661622396 0.9856855873
35.7759773198 0.9859088383
35.7857924000 0.9861332675
35.7956074802 0.9863588538
35.8054225604 0.9865855762
35.8152376406 0.9868134133
35.8250527208 0.9870423439
35.8348678010 0.9872723465
35.8446828812 0.9875033995
35.8544979614 0.9877354813
35.8643130416 0.9879685701
35.8741281218 0.9882026441
35.8839432020 0.9884376814
35.8937582822 0.9886736598
35.9035733624 0.9889105572
35.9133884426 0.9891483515
35.9232035228 0.9893870202
35.9330186030 0.9896265410
35.9428336832 0.9898668913
35.9526487634 0.9901080486
35.9624638436 0.9903499902
35.9722789238 0.9905926934
35.9820940040 0.9908361352
35.9919090842 0.9910802929
36.0017241644 0.9913251433
36.0115392446 0.9915706635
36.0213543248 0.9918168303
36.0311694050 0.9920636206
36.0409844852 0.9923110109
36.0507995654 0.9925589781
36.0606146456 0.9928074986
36.0704297258 0.9930565490
36.0802448060 0.9933061058
36.0900598862 0.9935561454
36.0998749664 0.9938066441
36.1096900466 0.9940575783
36.1195051268 0.9943089242
36.1293202069 0.9945606579
36.1391352871 0.9948127557
36.1489503673 0.9950651936
36.1587654475 0.9953179477
36.1685805277 0.9955709939
36.1783956079 0.9958243084
36.1882106881 0.9960778669
36.1980257683 0.9963316454
36.2078408485 0.9965856198
36.2176559287 0.9968397659
36.2274710089 0.9970940595
36.2372860891 0.9973484763
36.2471011693 0.9976029922
36.2569162495 0.9978575828
36.2667313297 0.9981122239
36.2765464099 0.9983668912
36.2863614901 0.9986215602
36.2961765703 0.9988762068
36.3059916505 0.9991308066
36.3158067307 0.9993853351
36.3256218109 0.9996397680
36.3354368911 0.9998940810
36.3452519713 1.0001482497
36.3550670515 1.0004022498
36.3648821317 1.0006560568
36.3746972119 1.0009096463
36.3845122921 1.0011629942
36.3943273723 1.0014160760
36.4041424525 1.0016688673
36.4139575327 1.0019213439
36.4237726129 1.0021734815
36.4335876931 1.0024252559
36.4434027733 1.0026766426
36.4532178535 1.0029276177
36.4630329337 1.0031781567
36.4728480139 1.0034282357
36.4826630941 1.0036778304
36.4924781743 1.0039269167
36.5022932545 1.0041754707
36.5121083347 1.0044234682
36.5219234148 1.0046708853
36.5317384950 1.0049176981
36.5415535752 1.0051638827
36.5513686554 1.0054094153
36.5611837356 1.0056542720
36.5709988158 1.0058984293
36.5808138960 1.0061418633
36.5906289762 1.0063845506
36.6004440564 1.0066264675
36.6102591366 1.0068675906
36.6200742168 1.0071078966
36.6298892970 1.0073473621
36.6397043772 1.0075859637
36.6495194574 1.0078236785
36.6593345376 1.0080604832
36.6691496178 1.0082963548
36.6789646980 1.0085312704
36.6887797782 1.0087652073
36.6985948584 1.0089981425
36.7084099386 1.0092300535
36.7182250188 1.0094609178
36.7280400990 1.0096907127
36.7378551792 1.0099194160
36.7476702594 1.0101470055
36.7574853396 1.0103734588
36.7673004198 1.0105987541
36.7771155000 1.0108228693
36.7869305802 1.0110457827
36.7967456604 1.0112674725
36.8065607406 1.0114879172
36.8163758208 1.0117070952
36.8261909010 1.0119249853
36.8360059812 1.0121415661
36.8458210614 1.0123568167
36.8556361416 1.0125707161
36.8654512218 1.0127832433
36.8752663020 1.0129943779
36.8850813822 1.0132040991
36.8948964624 1.0134123867
36.9047115426 1.0136192203
36.9145266227 1.0138245798
36.9243417029 1.0140284452
36.9341567831 1.0142307968
36.9439718633 1.0144316148
36.9537869435 1.0146308799
36.9636020237 1.0148285725
36.9734171039 1.0150246736
36.9832321841 1.0152191640
36.9930472643 1.0154120250
37.0028623445 1.0156032379
37.0126774247 1.0157927842
37.0224925049 1.0159806454
37.0323075851 1.0161668034
37.0421226653 1.0163512403
37.0519377455 1.0165339382
37.0617528257 1.0167148795
37.0715679059 1.0168940467
37.0813829861 1.0170714226
37.0911980663 1.0172469901
37.1010131465 1.0174207323
37.1108282267 1.0175926326
37.1206433069 1.0177626744
37.1304583871 1.0179308415
37.1402734673 1.0180971177
37.1500885475 1.0182614871
37.1599036277 1.0184239341
37.1697187079 1.0185844432
37.1795337881 1.0187429991
37.1893488683 1.0188995866
37.1991639485 1.0190541911
37.2089790287 1.0192067978
37.2187941089 1.0193573922
37.2286091891 1.0195059602
37.2384242693 1.0196524878
37.2482393495 1.0197969611
37.2580544297 1.0199393667
37.2678695099 1.0200796913
37.2776845901 1.0202179216
37.2874996703 1.0203540448
37.2973147505 1.0204880484
37.3071298306 1.0206199198
37.3169449108 1.0207496468
37.3267599910 1.0208772177
37.3365750712 1.0210026205
37.3463901514 1.0211258438
37.3562052316 1.0212468765
37.3660203118 1.0213657074
37.3758353920 1.0214823259
37.3856504722 1.0215967214
37.3954655524 1.0217088837
37.4052806326 1.0218188026
37.4150957128 1.0219264685
37.4249107930 1.0220318718
37.4347258732 1.0221350033
37.4445409534 1.0222358538
37.4543560336 1.0223344145
37.4641711138 1.0224306771
37.4739861940 1.0225246332
37.4838012742 1.0226162747
37.4936163544 1.0227055939
37.5034314346 1.0227925833
37.5132465148 1.0228772356
37.5230615950 1.0229595438
37.5328766752 1.0230395013
37.5426917554 1.0231171014
37.5525068356 1.0231923380
37.5623219158 1.0232652052
37.5721369960 1.0233356972
37.5819520762 1.0234038086
37.5917671564 1.0234695343
37.6015822366 1.0235328692
37.6113973168 1.0235938089
37.6212123970 1.0236523488
37.6310274772 1.0237084850
37.6408425574 1.0237622135
37.6506576376 1.0238135307
37.6604727178 1.0238624334
37.6702877980 1.0239089185
37.6801028782 1.0239529832
37.6899179584 1.0239946250
37.6997330385 1.0240338417
37.7095481187 1.0240706312
37.7193631989 1.0241049919
37.7291782791 1.0241369222
37.7389933593 1.0241664211
37.7488084395 1.0241934876
37.7586235197 1.0242181211
37.7684385999 1.0242403212
37.7782536801 1.0242600877
37.7880687603 1.0242774209
37.7978838405 1.0242923211
37.8076989207 1.0243047891
37.8175140009 1.0243148258
37.8273290811 1.0243224324
37.8371441613 1.0243276104
37.8469592415 1.0243303615
37.8567743217 1.0243306879
37.8665894019 1.0243285916
37.8764044821 1.0243240754
37.8862195623 1.0243171419
37.8960346425 1.0243077943
37.9058497227 1.0242960359
37.9156648029 1.0242818703
37.9254798831 1.0242653013
37.9352949633 1.0242463330
37.9451100435 1.0242249699
37.9549251237 1.0242012164
37.9647402039 1.0241750776
37.9745552841 1.0241465585
37.9843703643 1.0241156646
37.9941854445 1.0240824014
38.0040005247 1.0240467749
38.0138156049 1.0240087913
38.0236306851 1.0239684568
38.0334457653 1.0239257783
38.0432608455 1.0238807625
38.0530759257 1.0238334167
38.0628910059 1.0237837482
38.0727060861 1.0237317646
38.0825211662 1.0236774739
38.0923362464 1.0236208841
38.1021513266 1.0235620037
38.1119664068 1.0235008412
38.1217814870 1.0234374054
38.1315965672 1.0233717055
38.1414116474 1.0233037507
38.1512267276 1.0232335507
38.1610418078 1.0231611151
38.1708568880 1.0230864539
38.1806719682 1.0230095775
38.1904870484 1.0229304963
38.2003021286 1.0228492209
38.2101172088 1.0227657623
38.2199322890 1.0226801316
38.2297473692 1.0225923401
38.2395624494 1.0225023995
38.2493775296 1.0224103215
38.2591926098 1.0223161181
38.2690076900 1.0222198015
38.2788227702 1.0221213842
38.2886378504 1.0220208787
38.2984529306 1.0219182980
38.3082680108 1.0218136551
38.3180830910 1.0217069631
38.3278981712 1.0215982356
38.3377132514 1.0214874863
38.3475283316 1.0213747289
38.3573434118 1.0212599774
38.3671584920 1.0211432463
38.3769735722 1.0210245497
38.3867886524 1.0209039024
38.3966037326 1.0207813192
38.4064188128 1.0206568149
38.4162338930 1.0205304049
38.4260489732 1.0204021044
38.4358640534 1.0202719290
38.4456791336 1.0201398943
38.4554942138 1.0200060162
38.4653092940 1.0198703108
38.4751243741 1.0197327942
38.4849394543 1.0195934828
38.4947545345 1.0194523932
38.5045696147 1.0193095420
38.5143846949 1.0191649461
38.5241997751 1.0190186225
38.5340148553 1.0188705884
38.5438299355 1.0187208610
38.5536450157 1.0185694579
38.5634600959 1.0184163967
38.5732751761 1.0182616950
38.5830902563 1.0181053709
38.5929053365 1.0179474423
38.6027204167 1.0177879274
38.6125354969 1.0176268445
38.6223505771 1.0174642120
38.6321656573 1.0173000486
38.6419807375 1.0171343728
38.6517958177 1.0169672036
38.6616108979 1.0167985598
38.6714259781 1.0166284606
38.6812410583 1.0164569250
38.6910561385 1.0162839725
38.7008712187 1.0161096223
38.7106862989 1.0159338939
38.7205013791 1.0157568071
38.7303164593 1.0155783815
38.7401315395 1.0153986370
38.7499466197 1.0152175934
38.7597616999 1.0150352707
38.7695767801 1.0148516892
38.7793918603 1.0146668689
38.7892069405 1.0144808302
38.7990220207 1.0142935935
38.8088371009 1.0141051791
38.8186521811 1.0139156077
38.8284672613 1.0137248999
38.8382823415 1.0135330763
38.8480974217 1.0133401577
38.8579125019 1.0131461649
38.8677275820 1.0129511189
38.8775426622 1.0127550406
38.8873577424 1.0125579511
38.8971728226 1.0123598714
38.9069879028 1.0121608227
38.9168029830 1.0119608263
38.9266180632 1.0117599033
38.9364331434 1.0115580750
38.9462482236 1.0113553629
38.9560633038 1.0111517883
38.9658783840 1.0109473727
38.9756934642 1.0107421376
38.9855085444 1.0105361044
38.9953236246 1.0103292948
39.0051387048 1.0101217303
39.0149537850 1.0099134326
39.0247688652 1.0097044233
39.0345839454 1.0094947240
39.0443990256 1.0092843566
39.0542141058 1.0090733426
39.0640291860 1.0088617040
39.0738442662 1.0086494622
39.0836593464 1.0084366393
39.0934744266 1.0082232569
39.1032895068 1.0080093369
39.1131045870 1.0077949009
39.1229196672 1.0075799709
39.1327347474 1.0073645686
39.1425498276 1.0071487159
39.1523649078 1.0069324344
39.1621799880 1.0067157461
39.1719950682 1.0064986727
39.1818101484 1.0062812359
39.1916252286 1.0060634576
39.2014403088 1.0058453595
39.2112553890 1.0056269633
39.2210704692 1.0054082908
39.2308855494 1.0051893636
39.2407006296 1.0049702034
39.2505157098 1.0047508318
39.2603307899 1.0045312706
39.2701458701 1.0043115412
39.2799609503 1.0040916652
39.2897760305 1.0038716642
39.2995911107 1.0036515596
39.3094061909 1.0034313729
39.3192212711 1.0032111255
39.3290363513 1.0029908388
39.3388514315 1.0027705342
39.3486665117 1.0025502328
39.3584815919 1.0023299559
39.3682966721 1.0021097248
39.3781117523 1.0018895605
39.3879268325 1.0016694842
39.3977419127 1.0014495168
39.4075569929 1.0012296793
39.4173720731 1.0010099927
39.4271871533 1.0007904778
39.4370022335 1.0005711554
39.4468173137 1.0003520461
39.4566323939 1.0001331708
39.4664474741 0.9999145498
39.4762625543 0.9996962038
39.4860776345 0.9994781533
39.4958927147 0.9992604185
39.5057077949 0.9990430198
39.5155228751 0.9988259774
39.5253379553 0.9986093114
39.5351530355 0.9983930420
39.5449681157 0.9981771891
39.5547831959 0.9979617725
39.5645982761 0.9977468121
39.5744133563 0.9975323277
39.5842284365 0.9973183389
39.5940435167 0.9971048651
39.6038585969 0.9968919260
39.6136736771 0.9966795407
39.6234887573 0.9964677287
39.6333038375 0.9962565091
39.6431189177 0.9960459010
39.6529339978 0.9958359233
39.6627490780 0.9956265950
39.6725641582 0.9954179347
39.6823792384 0.9952099613
39.6921943186 0.9950026932
39.7020093988 0.9947961489
39.7118244790 0.9945903469
39.7216395592 0.9943853053
39.7314546394 0.9941810422
39.7412697196 0.9939775758
39.7510847998 0.9937749240
39.7608998800 0.9935731045
39.7707149602 0.9933721350
39.7805300404 0.9931720332
39.7903451206 0.9929728165
39.8001602008 0.9927745022
39.8099752810 0.9925771076
39.8197903612 0.9923806497
39.8296054414 0.9921851456
39.8394205216 0.9919906121
39.8492356018 0.9917970660
39.8590506820 0.9916045239
39.8688657622 0.9914130022
39.8786808424 0.9912225173
39.8884959226 0.9910330855
39.8983110028 0.9908447229
39.9081260830 0.9906574454
39.9179411632 0.9904712689
39.9277562434 0.9902862091
39.9375713236 0.9901022816
39.9473864038 0.9899195019
39.9572014840 0.9897378852
39.9670165642 0.9895574468
39.9768316444 0.9893782017
39.9866467246 0.9892001648
39.9964618048 0.9890233509
40.0062768850 0.9888477745
40.0160919652 0.9886734503
40.0259070454 0.9885003926
40.0357221255 0.9883286155
40.0455372057 0.9881581332
40.0553522859 0.9879889595
40.0651673661 0.9878211084
40.0749824463 0.9876545933
40.0847975265 0.9874894279
40.0946126067 0.9873256254
40.1044276869 0.9871631992
40.1142427671 0.9870021622
40.1240578473 0.9868425273
40.1338729275 0.9866843074
40.1436880077 0.9865275151
40.1535030879 0.9863721628
40.1633181681 0.9862182628
40.1731332483 0.9860658274
40.1829483285 0.9859148685
40.1927634087 0.9857653981
