# k*sigma S(k)
0.0000100000 0.0963449805
0.0098250802 0.0963456858
0.0196401604 0.0963477990
0.0294552406 0.0963513202
0.0392703208 0.0963562495
0.0490854010 0.0963625872
0.0589004812 0.0963703336
0.0687155614 0.0963794891
0.0785306416 0.0963900541
0.0883457218 0.0964020293
0.0981608020 0.0964154151
0.1079758822 0.0964302123
0.1177909624 0.0964464216
0.1276060426 0.0964640438
0.1374211228 0.0964830798
0.1472362030 0.0965035306
0.1570512832 0.0965253972
0.1668663634 0.0965486806
0.1766814436 0.0965733822
0.1864965238 0.0965995030
0.1963116039 0.0966270445
0.2061266841 0.0966560079
0.2159417643 0.0966863949
0.2257568445 0.0967182068
0.2355719247 0.0967514454
0.2453870049 0.0967861122
0.2552020851 0.0968222090
0.2650171653 0.0968597378
0.2748322455 0.0968987002
0.2846473257 0.0969390984
0.2944624059 0.0969809343
0.3042774861 0.0970242101
0.3140925663 0.0970689279
0.3239076465 0.0971150901
0.3337227267 0.0971626989
0.3435378069 0.0972117567
0.3533528871 0.0972622662
0.3631679673 0.0973142297
0.3729830475 0.0973676500
0.3827981277 0.0974225297
0.3926132079 0.0974788717
0.4024282881 0.0975366788
0.4122433683 0.0975959539
0.4220584485 0.0976567001
0.4318735287 0.0977189204
0.4416886089 0.0977826181
0.4515036891 0.0978477962
0.4613187693 0.0979144583
0.4711338495 0.0979826077
0.4809489297 0.0980522478
0.4907640099 0.0981233822
0.5005790901 0.0981960146
0.5103941703 0.0982701487
0.5202092505 0.0983457882
0.5300243307 0.0984229370
0.5398394109 0.0985015992
0.5496544911 0.0985817786
0.5594695713 0.0986634795
0.5692846515 0.0987467061
0.5790997317 0.0988314626
0.5889148118 0.0989177533
0.5987298920 0.0990055828
0.6085449722 0.0990949555
0.6183600524 0.0991858761
0.6281751326 0.0992783493
0.6379902128 0.0993723798
0.6478052930 0.0994679725
0.6576203732 0.0995651324
0.6674354534 0.0996638644
0.6772505336 0.0997641738
0.6870656138 0.0998660657
0.6968806940 0.0999695454
0.7066957742 0.1000746183
0.7165108544 0.1001812899
0.7263259346 0.1002895657
0.7361410148 0.1003994514
0.7459560950 0.1005109528
0.7557711752 0.1006240755
0.7655862554 0.1007388257
0.7754013356 0.1008552093
0.7852164158 0.1009732323
0.7950314960 0.1010929011
0.8048465762 0.1012142218
0.8146616564 0.1013372009
0.8244767366 0.1014618449
0.8342918168 0.1015881603
0.8441068970 0.1017161537
0.8539219772 0.1018458321
0.8637370574 0.1019772022
0.8735521376 0.1021102710
0.8833672178 0.1022450456
0.8931822980 0.1023815331
0.9029973782 0.1025197408
0.9128124584 0.1026596760
0.9226275386 0.1028013462
0.9324426188 0.1029447590
0.9422576990 0.1030899221
0.9520727792 0.1032368432
0.9618878594 0.1033855302
0.9717029396 0.1035359910
0.9815180197 0.1036882339
0.9913330999 0.1038422669
1.0011481801 0.1039980983
1.0109632603 0.1041557367
1.0207783405 0.1043151904
1.0305934207 0.1044764682
1.0404085009 0.1046395788
1.0502235811 0.1048045310
1.0600386613 0.1049713338
1.0698537415 0.1051399963
1.0796688217 0.1053105276
1.0894839019 0.1054829372
1.0992989821 0.1056572343
1.1091140623 0.1058334286
1.1189291425 0.1060115298
1.1287442227 0.1061915475
1.1385593029 0.1063734918
1.1483743831 0.1065573726
1.1581894633 0.1067432001
1.1680045435 0.1069309846
1.1778196237 0.1071207364
1.1876347039 0.1073124661
1.1974497841 0.1075061843
1.2072648643 0.1077019018
1.2170799445 0.1078996296
1.2268950247 0.1080993786
1.2367101049 0.1083011600
1.2465251851 0.1085049851
1.2563402653 0.1087108654
1.2661553455 0.1089188124
1.2759704257 0.1091288378
1.2857855059 0.1093409535
1.2956005861 0.1095551714
1.3054156663 0.1097715037
1.3152307465 0.1099899626
1.3250458267 0.1102105605
1.3348609069 0.1104333100
1.3446759871 0.1106582238
1.3544910673 0.1108853147
1.3643061475 0.1111145956
1.3741212276 0.1113460798
1.3839363078 0.1115797804
1.3937513880 0.1118157110
1.4035664682 0.1120538852
1.4133815484 0.1122943166
1.4231966286 0.1125370192
1.4330117088 0.1127820070
1.4428267890 0.1130292942
1.4526418692 0.1132788953
1.4624569494 0.1135308248
1.4722720296 0.1137850973
1.4820871098 0.1140417277
1.4919021900 0.1143007311
1.5017172702 0.1145621227
1.5115323504 0.1148259178
1.5213474306 0.1150921321
1.5311625108 0.1153607811
1.5409775910 0.1156318808
1.5507926712 0.1159054473
1.5606077514 0.1161814969
1.5704228316 0.1164600459
1.5802379118 0.1167411110
1.5900529920 0.1170247089
1.5998680722 0.1173108567
1.6096831524 0.1175995715
1.6194982326 0.1178908707
1.6293133128 0.1181847719
1.6391283930 0.1184812927
1.6489434732 0.1187804512
1.6587585534 0.1190822654
1.6685736336 0.1193867537
1.6783887138 0.1196939347
1.6882037940 0.1200038270
1.6980188742 0.1203164497
1.7078339544 0.1206318219
1.7176490346 0.1209499629
1.7274641148 0.1212708924
1.7372791950 0.1215946301
1.7470942752 0.1219211961
1.7569093554 0.1222506105
1.7667244355 0.1225828939
1.7765395157 0.1229180668
1.7863545959 0.1232561503
1.7961696761 0.1235971654
1.8059847563 0.1239411335
1.8157998365 0.1242880762
1.8256149167 0.1246380153
1.8354299969 0.1249909729
1.8452450771 0.1253469712
1.8550601573 0.1257060329
1.8648752375 0.1260681808
1.8746903177 0.1264334378
1.8845053979 0.1268018273
1.8943204781 0.1271733727
1.9041355583 0.1275480981
1.9139506385 0.1279260273
1.9237657187 0.1283071847
1.9335807989 0.1286915949
1.9433958791 0.1290792828
1.9532109593 0.1294702735
1.9630260395 0.1298645924
1.9728411197 0.1302622652
1.9826561999 0.1306633178
1.9924712801 0.1310677765
2.0022863603 0.1314756677
2.0121014405 0.1318870185
2.0219165207 0.1323018557
2.0317316009 0.1327202069
2.0415466811 0.1331420997
2.0513617613 0.1335675621
2.0611768415 0.1339966225
2.0709919217 0.1344293094
2.0808070019 0.1348656519
2.0906220821 0.1353056790
2.1004371623 0.1357494205
2.1102522425 0.1361969062
2.1200673227 0.1366481662
2.1298824029 0.1371032312
2.1396974831 0.1375621319
2.1495125632 0.1380248997
2.1593276434 0.1384915660
2.1691427236 0.1389621628
2.1789578038 0.1394367223
2.1887728840 0.1399152771
2.1985879642 0.1403978601
2.2084030444 0.1408845047
2.2182181246 0.1413752445
2.2280332048 0.1418701136
2.2378482850 0.1423691464
2.2476633652 0.1428723776
2.2574784454 0.1433798426
2.2672935256 0.1438915767
2.2771086058 0.1444076160
2.2869236860 0.1449279968
2.2967387662 0.1454527558
2.3065538464 0.1459819302
2.3163689266 0.1465155576
2.3261840068 0.1470536758
2.3359990870 0.1475963234
2.3458141672 0.1481435390
2.3556292474 0.1486953619
2.3654443276 0.1492518317
2.3752594078 0.1498129887
2.3850744880 0.1503788732
2.3948895682 0.1509495262
2.4047046484 0.1515249893
2.4145197286 0.1521053043
2.4243348088 0.1526905135
2.4341498890 0.1532806598
2.4439649692 0.1538757864
2.4537800494 0.1544759371
2.4635951296 0.1550811562
2.4734102098 0.1556914883
2.4832252900 0.1563069788
2.4930403702 0.1569276734
2.5028554504 0.1575536182
2.5126705306 0.1581848601
2.5224856108 0.1588214462
2.5323006910 0.1594634245
2.5421157711 0.1601108432
2.5519308513 0.1607637511
2.5617459315 0.1614221977
2.5715610117 0.1620862329
2.5813760919 0.1627559071
2.5911911721 0.1634312715
2.6010062523 0.1641123777
2.6108213325 0.1647992778
2.6206364127 0.1654920246
2.6304514929 0.1661906715
2.6402665731 0.1668952725
2.6500816533 0.1676058820
2.6598967335 0.1683225553
2.6697118137 0.1690453482
2.6795268939 0.1697743169
2.6893419741 0.1705095185
2.6991570543 0.1712510108
2.7089721345 0.1719988519
2.7187872147 0.1727531008
2.7286022949 0.1735138172
2.7384173751 0.1742810613
2.7482324553 0.1750548941
2.7580475355 0.1758353771
2.7678626157 0.1766225727
2.7776776959 0.1774165438
2.7874927761 0.1782173543
2.7973078563 0.1790250684
2.8071229365 0.1798397514
2.8169380167 0.1806614691
2.8267530969 0.1814902881
2.8365681771 0.1823262757
2.8463832573 0.1831695001
2.8561983375 0.1840200301
2.8660134177 0.1848779353
2.8758284979 0.1857432862
2.8856435781 0.1866161539
2.8954586583 0.1874966104
2.9052737385 0.1883847285
2.9150888187 0.1892805819
2.9249038989 0.1901842450
2.9347189790 0.1910957929
2.9445340592 0.1920153019
2.9543491394 0.1929428489
2.9641642196 0.1938785118
2.9739792998 0.1948223691
2.9837943800 0.1957745005
2.9936094602 0.1967349864
3.0034245404 0.1977039082
3.0132396206 0.1986813482
3.0230547008 0.1996673895
3.0328697810 0.2006621163
3.0426848612 0.2016656136
3.0524999414 0.2026779674
3.0623150216 0.2036992647
3.0721301018 0.2047295935
3.0819451820 0.2057690426
3.0917602622 0.2068177020
3.1015753424 0.2078756626
3.1113904226 0.2089430162
3.1212055028 0.2100198560
3.1310205830 0.2111062758
3.1408356632 0.2122023706
3.1506507434 0.2133082367
3.1604658236 0.2144239711
3.1702809038 0.2155496720
3.1800959840 0.2166854389
3.1899110642 0.2178313721
3.1997261444 0.2189875732
3.2095412246 0.2201541448
3.2193563048 0.2213311909
3.2291713850 0.2225188162
3.2389864652 0.2237171270
3.2488015454 0.2249262306
3.2586166256 0.2261462354
3.2684317058 0.2273772510
3.2782467860 0.2286193885
3.2880618662 0.2298727598
3.2978769464 0.2311374783
3.3076920266 0.2324136587
3.3175071068 0.2337014166
3.3273221869 0.2350008692
3.3371372671 0.2363121350
3.3469523473 0.2376353335
3.3567674275 0.2389705858
3.3665825077 0.2403180141
3.3763975879 0.2416777422
3.3862126681 0.2430498948
3.3960277483 0.2444345985
3.4058428285 0.2458319808
3.4156579087 0.2472421709
3.4254729889 0.2486652991
3.4352880691 0.2501014974
3.4451031493 0.2515508991
3.4549182295 0.2530136388
3.4647333097 0.2544898527
3.4745483899 0.2559796784
3.4843634701 0.2574832550
3.4941785503 0.2590007230
3.5039936305 0.2605322244
3.5138087107 0.2620779028
3.5236237909 0.2636379032
3.5334388711 0.2652123722
3.5432539513 0.2668014579
3.5530690315 0.2684053099
3.5628841117 0.2700240794
3.5726991919 0.2716579193
3.5825142721 0.2733069839
3.5923293523 0.2749714291
3.6021444325 0.2766514125
3.6119595127 0.2783470932
3.6217745929 0.2800586321
3.6315896731 0.2817861916
3.6414047533 0.2835299357
3.6512198335 0.2852900302
3.6610349137 0.2870666424
3.6708499939 0.2888599415
3.6806650741 0.2906700981
3.6904801543 0.2924972848
3.7002952345 0.2943416756
3.7101103147 0.2962034463
3.7199253948 0.2980827746
3.7297404750 0.2999798397
3.7395555552 0.3018948227
3.7493706354 0.3038279061
3.7591857156 0.3057792747
3.7690007958 0.3077491145
3.7788158760 0.3097376136
3.7886309562 0.3117449617
3.7984460364 0.3137713503
3.8082611166 0.3158169728
3.8180761968 0.3178820240
3.8278912770 0.3199667010
3.8377063572 0.3220712022
3.8475214374 0.3241957279
3.8573365176 0.3263404805
3.8671515978 0.3285056637
3.8769666780 0.3306914832
3.8867817582 0.3328981466
3.8965968384 0.3351258630
3.9064119186 0.3373748434
3.9162269988 0.3396453007
3.9260420790 0.3419374492
3.9358571592 0.3442515054
3.9456722394 0.3465876872
3.9554873196 0.3489462144
3.9653023998 0.3513273084
3.9751174800 0.3537311924
3.9849325602 0.3561580915
3.9947476404 0.3586082320
4.0045627206 0.3610818425
4.0143778008 0.3635791527
4.0241928810 0.3661003943
4.0340079612 0.3686458004
4.0438230414 0.3712156061
4.0536381216 0.3738100475
4.0634532018 0.3764293629
4.0732682820 0.3790737916
4.0830833622 0.3817435748
4.0928984424 0.3844389550
4.1027135225 0.3871601762
4.1125286027 0.3899074838
4.1223436829 0.3926811248
4.1321587631 0.3954813472
4.1419738433 0.3983084007
4.1517889235 0.4011625360
4.1616040037 0.4040440052
4.1714190839 0.4069530615
4.1812341641 0.4098899595
4.1910492443 0.4128549546
4.2008643245 0.4158483034
4.2106794047 0.4188702635
4.2204944849 0.4219210935
4.2303095651 0.4250010528
4.2401246453 0.4281104016
4.2499397255 0.4312494010
4.2597548057 0.4344183127
4.2695698859 0.4376173990
4.2793849661 0.4408469229
4.2892000463 0.4441071478
4.2990151265 0.4473983374
4.3088302067 0.4507207558
4.3186452869 0.4540746674
4.3284603671 0.4574603366
4.3382754473 0.4608780278
4.3480905275 0.4643280056
4.3579056077 0.4678105341
4.3677206879 0.4713258775
4.3775357681 0.4748742993
4.3873508483 0.4784560627
4.3971659285 0.4820714302
4.4069810087 0.4857206637
4.4167960889 0.4894040239
4.4266111691 0.4931217710
4.4364262493 0.4968741637
4.4462413295 0.5006614595
4.4560564097 0.5044839145
4.4658714899 0.5083417833
4.4756865701 0.5122353186
4.4855016503 0.5161647714
4.4953167304 0.5201303905
4.5051318106 0.5241324225
4.5149468908 0.5281711115
4.5247619710 0.5322466991
4.5345770512 0.5363594241
4.5443921314 0.5405095222
4.5542072116 0.5446972260
4.5640222918 0.5489227646
4.5738373720 0.5531863635
4.5836524522 0.5574882444
4.5934675324 0.5618286248
4.6032826126 0.5662077180
4.6130976928 0.5706257328
4.6229127730 0.5750828728
4.6327278532 0.5795793370
4.6425429334 0.5841153188
4.6523580136 0.5886910060
4.6621730938 0.5933065807
4.6719881740 0.5979622184
4.6818032542 0.6026580886
4.6916183344 0.6073943538
4.7014334146 0.6121711695
4.7112484948 0.6169886836
4.7210635750 0.6218470366
4.7308786552 0.6267463607
4.7406937354 0.6316867798
4.7505088156 0.6366684091
4.7603238958 0.6416913546
4.7701389760 0.6467557130
4.7799540562 0.6518615710
4.7897691364 0.6570090052
4.7995842166 0.6621980816
4.8093992968 0.6674288552
4.8192143770 0.6727013697
4.8290294572 0.6780156570
4.8388445374 0.6833717367
4.8486596176 0.6887696158
4.8584746978 0.6942092884
4.8682897780 0.6996907350
4.8781048582 0.7052139221
4.8879199383 0.7107788021
4.8977350185 0.7163853122
4.9075500987 0.7220333747
4.9173651789 0.7277228959
4.9271802591 0.7334537659
4.9369953393 0.7392258581
4.9468104195 0.7450390289
4.9566254997 0.7508931169
4.9664405799 0.7567879425
4.9762556601 0.7627233074
4.9860707403 0.7686989945
4.9958858205 0.7747147666
5.0057009007 0.7807703666
5.0155159809 0.7868655169
5.0253310611 0.7929999184
5.0351461413 0.7991732506
5.0449612215 0.8053851707
5.0547763017 0.8116353133
5.0645913819 0.8179232898
5.0744064621 0.8242486880
5.0842215423 0.8306110715
5.0940366225 0.8370099792
5.1038517027 0.8434449248
5.1136667829 0.8499153965
5.1234818631 0.8564208562
5.1332969433 0.8629607394
5.1431120235 0.8695344545
5.1529271037 0.8761413823
5.1627421839 0.8827808758
5.1725572641 0.8894522593
5.1823723443 0.8961548287
5.1921874245 0.9028878505
5.2020025047 0.9096505615
5.2118175849 0.9164421685
5.2216326651 0.9232618483
5.2314477453 0.9301087465
5.2412628255 0.9369819780
5.2510779057 0.9438806264
5.2608929859 0.9508037435
5.2707080661 0.9577503492
5.2805231462 0.9647194317
5.2903382264 0.9717099464
5.3001533066 0.9787208165
5.3099683868 0.9857509324
5.3197834670 0.9927991519
5.3295985472 0.9998642997
5.3394136274 1.0069451679
5.3492287076 1.0140405153
5.3590437878 1.0211490680
5.3688588680 1.0282695191
5.3786739482 1.0354005290
5.3884890284 1.0425407253
5.3983041086 1.0496887030
5.4081191888 1.0568430251
5.4179342690 1.0640022222
5.4277493492 1.0711647932
5.4375644294 1.0783292057
5.4473795096 1.0854938962
5.4571945898 1.0926572704
5.4670096700 1.0998177042
5.4768247502 1.1069735435
5.4866398304 1.1141231055
5.4964549106 1.1212646788
5.5062699908 1.1283965243
5.5160850710 1.1355168761
5.5259001512 1.1426239419
5.5357152314 1.1497159041
5.5455303116 1.1567909206
5.5553453918 1.1638471260
5.5651604720 1.1708826321
5.5749755522 1.1778955294
5.5847906324 1.1848838879
5.5946057126 1.1918457587
5.6044207928 1.1987791747
5.6142358730 1.2056821519
5.6240509532 1.2125526914
5.6338660334 1.2193887797
5.6436811136 1.2261883911
5.6534961938 1.2329494885
5.6633112740 1.2396700253
5.6731263541 1.2463479465
5.6829414343 1.2529811911
5.6927565145 1.2595676927
5.7025715947 1.2661053821
5.7123866749 1.2725921885
5.7222017551 1.2790260412
5.7320168353 1.2854048719
5.7418319155 1.2917266160
5.7516469957 1.2979892147
5.7614620759 1.3041906167
5.7712771561 1.3103287803
5.7810922363 1.3164016751
5.7909073165 1.3224072842
5.8007223967 1.3283436058
5.8105374769 1.3342086555
5.8203525571 1.3400004679
5.8301676373 1.3457170990
5.8399827175 1.3513566277
5.8497977977 1.3569171580
5.8596128779 1.3623968209
5.8694279581 1.3677937766
5.8792430383 1.3731062158
5.8890581185 1.3783323622
5.8988731987 1.3834704741
5.9086882789 1.3885188463
5.9185033591 1.3934758119
5.9283184393 1.3983397442
5.9381335195 1.4031090582
5.9479485997 1.4077822126
5.9577636799 1.4123577113
5.9675787601 1.4168341049
5.9773938403 1.4212099925
5.9872089205 1.4254840232
5.9970240007 1.4296548972
6.0068390809 1.4337213676
6.0166541611 1.4376822414
6.0264692413 1.4415363809
6.0362843215 1.4452827050
6.0460994017 1.4489201900
6.0559144818 1.4524478707
6.0657295620 1.4558648418
6.0755446422 1.4591702580
6.0853597224 1.4623633354
6.0951748026 1.4654433520
6.1049898828 1.4684096484
6.1148049630 1.4712616280
6.1246200432 1.4739987579
6.1344351234 1.4766205692
6.1442502036 1.4791266570
6.1540652838 1.4815166806
6.1638803640 1.4837903640
6.1736954442 1.4859474957
6.1835105244 1.4879879283
6.1933256046 1.4899115789
6.2031406848 1.4917184284
6.2129557650 1.4934085216
6.2227708452 1.4949819663
6.2325859254 1.4964389332
6.2424010056 1.4977796550
6.2522160858 1.4990044263
6.2620311660 1.5001136022
6.2718462462 1.5011075978
6.2816613264 1.5019868874
6.2914764066 1.5027520036
6.3012914868 1.5034035361
6.3111065670 1.5039421306
6.3209216472 1.5043684879
6.3307367274 1.5046833626
6.3405518076 1.5048875616
6.3503668878 1.5049819435
6.3601819680 1.5049674162
6.3699970482 1.5048449367
6.3798121284 1.5046155085
6.3896272086 1.5042801812
6.3994422888 1.5038400481
6.4092573690 1.5032962452
6.4190724492 1.5026499495
6.4288875294 1.5019023773
6.4387026096 1.5010547827
6.4485176897 1.5001084559
6.4583327699 1.4990647216
6.4681478501 1.4979249373
6.4779629303 1.4966904918
6.4877780105 1.4953628030
6.4975930907 1.4939433169
6.5074081709 1.4924335055
6.5172232511 1.4908348652
6.5270383313 1.4891489153
6.5368534115 1.4873771960
6.5466684917 1.4855212671
6.5564835719 1.4835827062
6.5662986521 1.4815631070
6.5761137323 1.4794640779
6.5859288125 1.4772872404
6.5957438927 1.4750342271
6.6055589729 1.4727066810
6.6153740531 1.4703062531
6.6251891333 1.4678346017
6.6350042135 1.4652933904
6.6448192937 1.4626842869
6.6546343739 1.4600089616
6.6644494541 1.4572690863
6.6742645343 1.4544663328
6.6840796145 1.4516023718
6.6938946947 1.4486788713
6.7037097749 1.4456974957
6.7135248551 1.4426599046
6.7233399353 1.4395677517
6.7331550155 1.4364226835
6.7429700957 1.4332263385
6.7527851759 1.4299803459
6.7626002561 1.4266863251
6.7724153363 1.4233458845
6.7822304165 1.4199606202
6.7920454967 1.4165321162
6.8018605769 1.4130619425
6.8116756571 1.4095516549
6.8214907373 1.4060027943
6.8313058175 1.4024168859
6.8411208976 1.3987954384
6.8509359778 1.3951399437
6.8607510580 1.3914518760
6.8705661382 1.3877326915
6.8803812184 1.3839838280
6.8901962986 1.3802067041
6.9000113788 1.3764027189
6.9098264590 1.3725732517
6.9196415392 1.3687196618
6.9294566194 1.3648432877
6.9392716996 1.3609454471
6.9490867798 1.3570274368
6.9589018600 1.3530905322
6.9687169402 1.3491359869
6.9785320204 1.3451650332
6.9883471006 1.3411788813
6.9981621808 1.3371787195
7.0079772610 1.3331657140
7.0177923412 1.3291410088
7.0276074214 1.3251057258
7.0374225016 1.3210609647
7.0472375818 1.3170078027
7.0570526620 1.3129472953
7.0668677422 1.3088804752
7.0766828224 1.3048083535
7.0864979026 1.3007319189
7.0963129828 1.2966521384
7.1061280630 1.2925699569
7.1159431432 1.2884862979
7.1257582234 1.2844020629
7.1355733036 1.2803181323
7.1453883838 1.2762353651
7.1552034640 1.2721545991
7.1650185442 1.2680766515
7.1748336244 1.2640023184
7.1846487046 1.2599323757
7.1944637848 1.2558675788
7.2042788650 1.2518086633
7.2140939452 1.2477563447
7.2239090254 1.2437113193
7.2337241055 1.2396742636
7.2435391857 1.2356458355
7.2533542659 1.2316266739
7.2631693461 1.2276173990
7.2729844263 1.2236186130
7.2827995065 1.2196309001
7.2926145867 1.2156548266
7.3024296669 1.2116909416
7.3122447471 1.2077397769
7.3220598273 1.2038018476
7.3318749075 1.1998776522
7.3416899877 1.1959676729
7.3515050679 1.1920723759
7.3613201481 1.1881922118
7.3711352283 1.1843276158
7.3809503085 1.1804790080
7.3907653887 1.1766467937
7.4005804689 1.1728313638
7.4103955491 1.1690330948
7.4202106293 1.1652523494
7.4300257095 1.1614894768
7.4398407897 1.1577448125
7.4496558699 1.1540186794
7.4594709501 1.1503113872
7.4692860303 1.1466232335
7.4791011105 1.1429545034
7.4889161907 1.1393054702
7.4987312709 1.1356763956
7.5085463511 1.1320675298
7.5183614313 1.1284791119
7.5281765115 1.1249113702
7.5379915917 1.1213645225
7.5478066719 1.1178387760
7.5576217521 1.1143343283
7.5674368323 1.1108513666
7.5772519125 1.1073900691
7.5870669927 1.1039506042
7.5968820729 1.1005331315
7.6066971531 1.0971378018
7.6165122332 1.0937647571
7.6263273134 1.0904141310
7.6361423936 1.0870860493
7.6459574738 1.0837806294
7.6557725540 1.0804979814
7.6655876342 1.0772382076
7.6754027144 1.0740014033
7.6852177946 1.0707876565
7.6950328748 1.0675970484
7.7048479550 1.0644296535
7.7146630352 1.0612855401
7.7244781154 1.0581647697
7.7342931956 1.0550673982
7.7441082758 1.0519934753
7.7539233560 1.0489430450
7.7637384362 1.0459161460
7.7735535164 1.0429128113
7.7833685966 1.0399330688
7.7931836768 1.0369769414
7.8029987570 1.0340444472
7.8128138372 1.0311355994
7.8226289174 1.0282504066
7.8324439976 1.0253888733
7.8422590778 1.0225509994
7.8520741580 1.0197367808
7.8618892382 1.0169462096
7.8717043184 1.0141792736
7.8815193986 1.0114359573
7.8913344788 1.0087162416
7.9011495590 1.0060201037
7.9109646392 1.0033475177
7.9207797194 1.0006984543
7.9305947996 0.9980728814
7.9404098798 0.9954707636
7.9502249600 0.9928920630
7.9600400402 0.9903367385
7.9698551204 0.9878047469
7.9796702006 0.9852960420
7.9894852808 0.9828105755
7.9993003610 0.9803482965
8.0091154411 0.9779091520
8.0189305213 0.9754930870
8.0287456015 0.9731000442
8.0385606817 0.9707299644
8.0483757619 0.9683827866
8.0581908421 0.9660584479
8.0680059223 0.9637568839
8.0778210025 0.9614780283
8.0876360827 0.9592218135
8.0974511629 0.9569881701
8.1072662431 0.9547770277
8.1170813233 0.9525883142
8.1268964035 0.9504219563
8.1367114837 0.9482778798
8.1465265639 0.9461560091
8.1563416441 0.9440562674
8.1661567243 0.9419785772
8.1759718045 0.9399228598
8.1857868847 0.9378890358
8.1956019649 0.9358770248
8.2054170451 0.9338867457
8.2152321253 0.9319181166
8.2250472055 0.9299710550
8.2348622857 0.9280454777
8.2446773659 0.9261413008
8.2544924461 0.9242584402
8.2643075263 0.9223968108
8.2741226065 0.9205563276
8.2839376867 0.9187369048
8.2937527669 0.9169384562
8.3035678471 0.9151608955
8.3133829273 0.9134041360
8.3231980075 0.9116680907
8.3330130877 0.9099526725
8.3428281679 0.9082577938
8.3526432481 0.9065833671
8.3624583283 0.9049293048
8.3722734085 0.9032955191
8.3820884887 0.9016819220
8.3919035689 0.9000884257
8.4017186490 0.8985149422
8.4115337292 0.8969613836
8.4213488094 0.8954276621
8.4311638896 0.8939136897
8.4409789698 0.8924193788
8.4507940500 0.8909446417
8.4606091302 0.8894893908
8.4704242104 0.8880535389
8.4802392906 0.8866369986
8.4900543708 0.8852396829
8.4998694510 0.8838615051
8.5096845312 0.8825023784
8.5194996114 0.8811622166
8.5293146916 0.8798409335
8.5391297718 0.8785384432
8.5489448520 0.8772546602
8.5587599322 0.8759894991
8.5685750124 0.8747428751
8.5783900926 0.8735147034
8.5882051728 0.8723048997
8.5980202530 0.8711133800
8.6078353332 0.8699400607
8.6176504134 0.8687848586
8.6274654936 0.8676476907
8.6372805738 0.8665284745
8.6470956540 0.8654271280
8.6569107342 0.8643435693
8.6667258144 0.8632777172
8.6765408946 0.8622294909
8.6863559748 0.8611988097
8.6961710550 0.8601855936
8.7059861352 0.8591897631
8.7158012154 0.8582112389
8.7256162956 0.8572499423
8.7354313758 0.8563057950
8.7452464560 0.8553787191
8.7550615362 0.8544686374
8.7648766164 0.8535754727
8.7746916966 0.8526991487
8.7845067768 0.8518395894
8.7943218569 0.8509967191
8.8041369371 0.8501704629
8.8139520173 0.8493607461
8.8237670975 0.8485674946
8.8335821777 0.8477906347
8.8433972579 0.8470300933
8.8532123381 0.8462857975
8.8630274183 0.8455576752
8.8728424985 0.8448456546
8.8826575787 0.8441496643
8.8924726589 0.8434696336
8.9022877391 0.8428054922
8.9121028193 0.8421571700
8.9219178995 0.8415245977
8.9317329797 0.8409077063
8.9415480599 0.8403064274
8.9513631401 0.8397206929
8.9611782203 0.8391504353
8.9709933005 0.8385955875
8.9808083807 0.8380560827
8.9906234609 0.8375318549
9.0004385411 0.8370228382
9.0102536213 0.8365289675
9.0200687015 0.8360501777
9.0298837817 0.8355864046
9.0396988619 0.8351375841
9.0495139421 0.8347036528
9.0593290223 0.8342845474
9.0691441025 0.8338802054
9.0789591827 0.8334905644
9.0887742629 0.8331155626
9.0985893431 0.8327551385
9.1084044233 0.8324092312
9.1182195035 0.8320777800
9.1280345837 0.8317607247
9.1378496639 0.8314580054
9.1476647441 0.8311695627
9.1574798243 0.8308953375
9.1672949045 0.8306352712
9.1771099847 0.8303893054
9.1869250648 0.8301573821
9.1967401450 0.8299394438
9.2065552252 0.8297354332
9.2163703054 0.8295452934
9.2261853856 0.8293689679
9.2360004658 0.8292064004
9.2458155460 0.8290575351
9.2556306262 0.8289223164
9.2654457064 0.8288006891
9.2752607866 0.8286925981
9.2850758668 0.8285979889
9.2948909470 0.8285168070
9.3047060272 0.8284489986
9.3145211074 0.8283945097
9.3243361876 0.8283532869
9.3341512678 0.8283252769
9.3439663480 0.8283104268
9.3537814282 0.8283086839
9.3635965084 0.8283199957
9.3734115886 0.8283443100
9.3832266688 0.8283815747
9.3930417490 0.8284317380
9.4028568292 0.8284947486
9.4126719094 0.8285705548
9.4224869896 0.8286591057
9.4323020698 0.8287603503
9.4421171500 0.8288742377
9.4519322302 0.8290007175
9.4617473104 0.8291397391
9.4715623906 0.8292912523
9.4813774708 0.8294552069
9.4911925510 0.8296315531
9.5010076312 0.8298202409
9.5108227114 0.8300212208
9.5206377916 0.8302344430
9.5304528718 0.8304598581
9.5402679520 0.8306974167
9.5500830322 0.8309470696
9.5598981124 0.8312087676
9.5697131925 0.8314824615
9.5795282727 0.8317681023
9.5893433529 0.8320656410
9.5991584331 0.8323750288
9.6089735133 0.8326962165
9.6187885935 0.8330291556
9.6286036737 0.8333737969
9.6384187539 0.8337300919
9.6482338341 0.8340979916
9.6580489143 0.8344774472
9.6678639945 0.8348684099
9.6776790747 0.8352708309
9.6874941549 0.8356846612
9.6973092351 0.8361098520
9.7071243153 0.8365463542
9.7169393955 0.8369941189
9.7267544757 0.8374530969
9.7365695559 0.8379232391
9.7463846361 0.8384044962
9.7561997163 0.8388968189
9.7660147965 0.8394001577
9.7758298767 0.8399144630
9.7856449569 0.8404396851
9.7954600371 0.8409757743
9.8052751173 0.8415226805
9.8150901975 0.8420803536
9.8249052777 0.8426487434
9.8347203579 0.8432277993
9.8445354381 0.8438174708
9.8543505183 0.8444177070
9.8641655985 0.8450284569
9.8739806787 0.8456496692
9.8837957589 0.8462812924
9.8936108391 0.8469232750
9.9034259193 0.8475755650
9.9132409995 0.8482381101
9.9230560797 0.8489108580
9.9328711599 0.8495937559
9.9426862401 0.8502867509
9.9525013203 0.8509897896
9.9623164004 0.8517028187
9.9721314806 0.8524257840
9.9819465608 0.8531586315
9.9917616410 0.8539013067
10.0015767212 0.8546537546
10.0113918014 0.8554159201
10.0212068816 0.8561877476
10.0310219618 0.8569691813
10.0408370420 0.8577601647
10.0506521222 0.8585606412
10.0604672024 0.8593705537
10.0702822826 0.8601898448
10.0800973628 0.8610184565
10.0899124430 0.8618563305
10.0997275232 0.8627034080
10.1095426034 0.8635596299
10.1193576836 0.8644249365
10.1291727638 0.8652992677
10.1389878440 0.8661825629
10.1488029242 0.8670747610
10.1586180044 0.8679758005
10.1684330846 0.8688856192
10.1782481648 0.8698041547
10.1880632450 0.8707313439
10.1978783252 0.8716671231
10.2076934054 0.8726114282
10.2175084856 0.8735641945
10.2273235658 0.8745253568
10.2371386460 0.8754948492
10.2469537262 0.8764726053
10.2567688064 0.8774585583
10.2665838866 0.8784526405
10.2763989668 0.8794547838
10.2862140470 0.8804649194
10.2960291272 0.8814829780
10.3058442074 0.8825088896
10.3156592876 0.8835425835
10.3254743678 0.8845839885
10.3352894480 0.8856330326
10.3451045282 0.8866896434
10.3549196083 0.8877537475
10.3647346885 0.8888252711
10.3745497687 0.8899041395
10.3843648489 0.8909902776
10.3941799291 0.8920836093
10.4039950093 0.8931840580
10.4138100895 0.8942915463
10.4236251697 0.8954059962
10.4334402499 0.8965273288
10.4432553301 0.8976554646
10.4530704103 0.8987903234
10.4628854905 0.8999318241
10.4727005707 0.9010798850
10.4825156509 0.9022344235
10.4923307311 0.9033953565
10.5021458113 0.9045625998
10.5119608915 0.9057360688
10.5217759717 0.9069156777
10.5315910519 0.9081013404
10.5414061321 0.9092929695
10.5512212123 0.9104904773
10.5610362925 0.9116937750
10.5708513727 0.9129027731
10.5806664529 0.9141173812
10.5904815331 0.9153375082
10.6002966133 0.9165630623
10.6101116935 0.9177939506
10.6199267737 0.9190300797
10.6297418539 0.9202713551
10.6395569341 0.9215176816
10.6493720143 0.9227689632
10.6591870945 0.9240251031
10.6690021747 0.9252860035
10.6788172549 0.9265515661
10.6886323351 0.9278216914
10.6984474153 0.9290962793
10.7082624955 0.9303752288
10.7180775757 0.9316584381
10.7278926559 0.9329458045
10.7377077361 0.9342372245
10.7475228162 0.9355325938
10.7573378964 0.9368318073
10.7671529766 0.9381347589
10.7769680568 0.9394413418
10.7867831370 0.9407514485
10.7965982172 0.9420649704
10.8064132974 0.9433817982
10.8162283776 0.9447018219
10.8260434578 0.9460249306
10.8358585380 0.9473510124
10.8456736182 0.9486799548
10.8554886984 0.9500116446
10.8653037786 0.9513459675
10.8751188588 0.9526828086
10.8849339390 0.9540220522
10.8947490192 0.9553635816
10.9045640994 0.9567072798
10.9143791796 0.9580530284
10.9241942598 0.9594007088
10.9340093400 0.9607502013
10.9438244202 0.9621013856
10.9536395004 0.9634541405
10.9634545806 0.9648083443
10.9732696608 0.9661638743
10.9830847410 0.9675206073
10.9928998212 0.9688784193
11.0027149014 0.9702371856
11.0125299816 0.9715967809
11.0223450618 0.9729570790
11.0321601420 0.9743179533
11.0419752222 0.9756792765
11.0517903024 0.9770409204
11.0616053826 0.9784027564
11.0714204628 0.9797646553
11.0812355430 0.9811264872
11.0910506232 0.9824881216
11.1008657034 0.9838494276
11.1106807836 0.9852102734
11.1204958638 0.9865705270
11.1303109440 0.9879300556
11.1401260241 0.9892887261
11.1499411043 0.9906464047
11.1597561845 0.9920029573
11.1695712647 0.9933582493
11.1793863449 0.9947121454
11.1892014251 0.9960645103
11.1990165053 0.9974152079
11.2088315855 0.9987641018
11.2186466657 1.0001110555
11.2284617459 1.0014559317
11.2382768261 1.0027985932
11.2480919063 1.0041389021
11.2579069865 1.0054767204
11.2677220667 1.0068119098
11.2775371469 1.0081443319
11.2873522271 1.0094738477
11.2971673073 1.0108003183
11.3069823875 1.0121236046
11.3167974677 1.0134435671
11.3266125479 1.0147600664
11.3364276281 1.0160729630
11.3462427083 1.0173821170
11.3560577885 1.0186873888
11.3658728687 1.0199886385
11.3756879489 1.0212857264
11.3855030291 1.0225785126
11.3953181093 1.0238668573
11.4051331895 1.0251506209
11.4149482697 1.0264296637
11.4247633499 1.0277038461
11.4345784301 1.0289730288
11.4443935103 1.0302370727
11.4542085905 1.0314958386
11.4640236707 1.0327491877
11.4738387509 1.0339969817
11.4836538311 1.0352390821
11.4934689113 1.0364753510
11.5032839915 1.0377056509
11.5130990717 1.0389298444
11.5229141518 1.0401477947
11.5327292320 1.0413593654
11.5425443122 1.0425644205
11.5523593924 1.0437628246
11.5621744726 1.0449544425
11.5719895528 1.0461391400
11.5818046330 1.0473167831
11.5916197132 1.0484872387
11.6014347934 1.0496503740
11.6112498736 1.0508060572
11.6210649538 1.0519541569
11.6308800340 1.0530945427
11.6406951142 1.0542270848
11.6505101944 1.0553516543
11.6603252746 1.0564681229
11.6701403548 1.0575763633
11.6799554350 1.0586762492
11.6897705152 1.0597676551
11.6995855954 1.0608504563
11.7094006756 1.0619245293
11.7192157558 1.0629897515
11.7290308360 1.0640460013
11.7388459162 1.0650931583
11.7486609964 1.0661311031
11.7584760766 1.0671597175
11.7682911568 1.0681788842
11.7781062370 1.0691884875
11.7879213172 1.0701884127
11.7977363974 1.0711785462
11.8075514776 1.0721587760
11.8173665578 1.0731289911
11.8271816380 1.0740890821
11.8369967182 1.0750389407
11.8468117984 1.0759784603
11.8566268786 1.0769075355
11.8664419588 1.0778260623
11.8762570390 1.0787339385
11.8860721192 1.0796310630
11.8958871994 1.0805173364
11.9057022796 1.0813926611
11.9155173597 1.0822569406
11.9253324399 1.0831100804
11.9351475201 1.0839519876
11.9449626003 1.0847825708
11.9547776805 1.0856017402
11.9645927607 1.0864094082
11.9744078409 1.0872054883
11.9842229211 1.0879898962
11.9940380013 1.0887625493
12.0038530815 1.0895233666
12.0136681617 1.0902722692
12.0234832419 1.0910091799
12.0332983221 1.0917340233
12.0431134023 1.0924467261
12.0529284825 1.0931472167
12.0627435627 1.0938354256
12.0725586429 1.0945112851
12.0823737231 1.0951747295
12.0921888033 1.0958256952
12.1020038835 1.0964641204
12.1118189637 1.0970899455
12.1216340439 1.0977031127
12.1314491241 1.0983035666
12.1412642043 1.0988912536
12.1510792845 1.0994661221
12.1608943647 1.1000281228
12.1707094449 1.1005772085
12.1805245251 1.1011133339
12.1903396053 1.1016364559
12.2001546855 1.1021465338
12.2099697657 1.1026435286
12.2197848459 1.1031274038
12.2295999261 1.1035981249
12.2394150063 1.1040556595
12.2492300865 1.1044999777
12.2590451667 1.1049310513
12.2688602469 1.1053488546
12.2786753271 1.1057533641
12.2884904073 1.1061445584
12.2983054875 1.1065224183
12.3081205676 1.1068869267
12.3179356478 1.1072380690
12.3277507280 1.1075758325
12.3375658082 1.1079002069
12.3473808884 1.1082111839
12.3571959686 1.1085087576
12.3670110488 1.1087929242
12.3768261290 1.1090636821
12.3866412092 1.1093210319
12.3964562894 1.1095649765
12.4062713696 1.1097955208
12.4160864498 1.1100126719
12.4259015300 1.1102164392
12.4357166102 1.1104068342
12.4455316904 1.1105838706
12.4553467706 1.1107475641
12.4651618508 1.1108979327
12.4749769310 1.1110349965
12.4847920112 1.1111587776
12.4946070914 1.1112693005
12.5044221716 1.1113665914
12.5142372518 1.1114506789
12.5240523320 1.1115215935
12.5338674122 1.1115793679
12.5436824924 1.1116240367
12.5534975726 1.1116556367
12.5633126528 1.1116742066
12.5731277330 1.1116797870
12.5829428132 1.1116724206
12.5927578934 1.1116521522
12.6025729736 1.1116190284
12.6123880538 1.1115730976
12.6222031340 1.1115144103
12.6320182142 1.1114430190
12.6418332944 1.1113589777
12.6516483746 1.1112623425
12.6614634548 1.1111531714
12.6712785350 1.1110315240
12.6810936152 1.1108974619
12.6909086954 1.1107510482
12.7007237755 1.1105923480
12.7105388557 1.1104214281
12.7203539359 1.1102383567
12.7301690161 1.1100432040
12.7399840963 1.1098360417
12.7497991765 1.1096169432
12.7596142567 1.1093859833
12.7694293369 1.1091432387
12.7792444171 1.1088887874
12.7890594973 1.1086227089
12.7988745775 1.1083450844
12.8086896577 1.1080559964
12.8185047379 1.1077555288
12.8283198181 1.1074437671
12.8381348983 1.1071207980
12.8479499785 1.1067867098
12.8577650587 1.1064415917
12.8675801389 1.1060855347
12.8773952191 1.1057186307
12.8872102993 1.1053409731
12.8970253795 1.1049526563
12.9068404597 1.1045537760
12.9166555399 1.1041444291
12.9264706201 1.1037247136
12.9362857003 1.1032947285
12.9461007805 1.1028545739
12.9559158607 1.1024043512
12.9657309409 1.1019441623
12.9755460211 1.1014741107
12.9853611013 1.1009943003
12.9951761815 1.1005048363
13.0049912617 1.1000058245
13.0148063419 1.0994973720
13.0246214221 1.0989795861
13.0344365023 1.0984525756
13.0442515825 1.0979164496
13.0540666627 1.0973713180
13.0638817429 1.0968172916
13.0736968231 1.0962544819
13.0835119033 1.0956830008
13.0933269834 1.0951029610
13.1031420636 1.0945144759
13.1129571438 1.0939176594
13.1227722240 1.0933126257
13.1325873042 1.0926994900
13.1424023844 1.0920783675
13.1522174646 1.0914493742
13.1620325448 1.0908126264
13.1718476250 1.0901682409
13.1816627052 1.0895163347
13.1914777854 1.0888570252
13.2012928656 1.0881904303
13.2111079458 1.0875166680
13.2209230260 1.0868358567
13.2307381062 1.0861481150
13.2405531864 1.0854535617
13.2503682666 1.0847523157
13.2601833468 1.0840444962
13.2699984270 1.0833302226
13.2798135072 1.0826096143
13.2896285874 1.0818827908
13.2994436676 1.0811498716
13.3092587478 1.0804109764
13.3190738280 1.0796662249
13.3288889082 1.0789157366
13.3387039884 1.0781596312
13.3485190686 1.0773980282
13.3583341488 1.0766310472
13.3681492290 1.0758588075
13.3779643092 1.0750814284
13.3877793894 1.0742990290
13.3975944696 1.0735117283
13.4074095498 1.0727196451
13.4172246300 1.0719228979
13.4270397102 1.0711216052
13.4368547904 1.0703158850
13.4466698706 1.0695058553
13.4564849508 1.0686916335
13.4663000310 1.0678733370
13.4761151111 1.0670510827
13.4859301913 1.0662249873
13.4957452715 1.0653951669
13.5055603517 1.0645617376
13.5153754319 1.0637248148
13.5251905121 1.0628845135
13.5350055923 1.0620409485
13.5448206725 1.0611942341
13.5546357527 1.0603444839
13.5644508329 1.0594918113
13.5742659131 1.0586363291
13.5840809933 1.0577781497
13.5938960735 1.0569173848
13.6037111537 1.0560541457
13.6135262339 1.0551885432
13.6233413141 1.0543206875
13.6331563943 1.0534506882
13.6429714745 1.0525786542
13.6527865547 1.0517046942
13.6626016349 1.0508289159
13.6724167151 1.0499514266
13.6822317953 1.0490723328
13.6920468755 1.0481917405
13.7018619557 1.0473097551
13.7116770359 1.0464264812
13.7214921161 1.0455420229
13.7313071963 1.0446564833
13.7411222765 1.0437699653
13.7509373567 1.0428825706
13.7607524369 1.0419944007
13.7705675171 1.0411055559
13.7803825973 1.0402161361
13.7901976775 1.0393262404
13.8000127577 1.0384359671
13.8098278379 1.0375454139
13.8196429181 1.0366546776
13.8294579983 1.0357638543
13.8392730785 1.0348730395
13.8490881587 1.0339823276
13.8589032389 1.0330918125
13.8687183190 1.0322015872
13.8785333992 1.0313117441
13.8883484794 1.0304223745
13.8981635596 1.0295335693
13.9079786398 1.0286454182
13.9177937200 1.0277580105
13.9276088002 1.0268714344
13.9374238804 1.0259857774
13.9472389606 1.0251011261
13.9570540408 1.0242175666
13.9668691210 1.0233351839
13.9766842012 1.0224540623
13.9864992814 1.0215742851
13.9963143616 1.0206959350
14.0061294418 1.0198190939
14.0159445220 1.0189438428
14.0257596022 1.0180702617
14.0355746824 1.0171984302
14.0453897626 1.0163284266
14.0552048428 1.0154603287
14.0650199230 1.0145942134
14.0748350032 1.0137301567
14.0846500834 1.0128682339
14.0944651636 1.0120085193
14.1042802438 1.0111510867
14.1140953240 1.0102960086
14.1239104042 1.0094433572
14.1337254844 1.0085932034
14.1435405646 1.0077456176
14.1533556448 1.0069006693
14.1631707250 1.0060584272
14.1729858052 1.0052189590
14.1828008854 1.0043823319
14.1926159656 1.0035486120
14.2024310458 1.0027178648
14.2122461260 1.0018901549
14.2220612062 1.0010655460
14.2318762864 1.0002441013
14.2416913666 0.9994258828
14.2515064468 0.9986109520
14.2613215269 0.9977993695
14.2711366071 0.9969911951
14.2809516873 0.9961864878
14.2907667675 0.9953853058
14.3005818477 0.9945877067
14.3103969279 0.9937937471
14.3202120081 0.9930034828
14.3300270883 0.9922169691
14.3398421685 0.9914342602
14.3496572487 0.9906554098
14.3594723289 0.9898804706
14.3692874091 0.9891094948
14.3791024893 0.9883425337
14.3889175695 0.9875796378
14.3987326497 0.9868208569
14.4085477299 0.9860662401
14.4183628101 0.9853158358
14.4281778903 0.9845696916
14.4379929705 0.9838278543
14.4478080507 0.9830903700
14.4576231309 0.9823572843
14.4674382111 0.9816286418
14.4772532913 0.9809044864
14.4870683715 0.9801848616
14.4968834517 0.9794698098
14.5066985319 0.9787593730
14.5165136121 0.9780535923
14.5263286923 0.9773525083
14.5361437725 0.9766561608
14.5459588527 0.9759645888
14.5557739329 0.9752778309
14.5655890131 0.9745959248
14.5754040933 0.9739189077
14.5852191735 0.9732468161
14.5950342537 0.9725796856
14.6048493339 0.9719175515
14.6146644141 0.9712604483
14.6244794943 0.9706084098
14.6342945745 0.9699614693
14.6441096547 0.9693196593
14.6539247348 0.9686830119
14.6637398150 0.9680515582
14.6735548952 0.9674253291
14.6833699754 0.9668043547
14.6931850556 0.9661886645
14.7030001358 0.9655782873
14.7128152160 0.9649732514
14.7226302962 0.9643735846
14.7324453764 0.9637793139
14.7422604566 0.9631904658
14.7520755368 0.9626070664
14.7618906170 0.9620291409
14.7717056972 0.9614567142
14.7815207774 0.9608898104
14.7913358576 0.9603284533
14.8011509378 0.9597726660
14.8109660180 0.9592224709
14.8207810982 0.9586778902
14.8305961784 0.9581389452
14.8404112586 0.9576056569
14.8502263388 0.9570780457
14.8600414190 0.9565561314
14.8698564992 0.9560399334
14.8796715794 0.9555294705
14.8894866596 0.9550247610
14.8993017398 0.9545258226
14.9091168200 0.9540326727
14.9189319002 0.9535453279
14.9287469804 0.9530638046
14.9385620606 0.9525881186
14.9483771408 0.9521182851
14.9581922210 0.9516543189
14.9680073012 0.9511962344
14.9778223814 0.9507440453
14.9876374616 0.9502977651
14.9974525418 0.9498574065
15.0072676220 0.9494229821
15.0170827022 0.9489945039
15.0268977824 0.9485719832
15.0367128626 0.9481554311
15.0465279427 0.9477448583
15.0563430229 0.9473402748
15.0661581031 0.9469416905
15.0759731833 0.9465491144
15.0857882635 0.9461625556
15.0956033437 0.9457820222
15.1054184239 0.9454075224
15.1152335041 0.9450390637
15.1250485843 0.9446766530
15.1348636645 0.9443202973
15.1446787447 0.9439700026
15.1544938249 0.9436257749
15.1643089051 0.9432876197
15.1741239853 0.9429555419
15.1839390655 0.9426295463
15.1937541457 0.9423096370
15.2035692259 0.9419958180
15.2133843061 0.9416880926
15.2231993863 0.9413864639
15.2330144665 0.9410909347
15.2428295467 0.9408015071
15.2526446269 0.9405181832
15.2624597071 0.9402409644
15.2722747873 0.9399698518
15.2820898675 0.9397048463
15.2919049477 0.9394459482
15.3017200279 0.9391931577
15.3115351081 0.9389464743
15.3213501883 0.9387058974
15.3311652685 0.9384714259
15.3409803487 0.9382430584
15.3507954289 0.9380207931
15.3606105091 0.9378046279
15.3704255893 0.9375945604
15.3802406695 0.9373905877
15.3900557497 0.9371927066
15.3998708299 0.9370009136
15.4096859101 0.9368152049
15.4195009903 0.9366355762
15.4293160704 0.9364620231
15.4391311506 0.9362945405
15.4489462308 0.9361331235
15.4587613110 0.9359777663
15.4685763912 0.9358284631
15.4783914714 0.9356852077
15.4882065516 0.9355479936
15.4980216318 0.9354168138
15.5078367120 0.9352916613
15.5176517922 0.9351725286
15.5274668724 0.9350594077
15.5372819526 0.9349522906
15.5470970328 0.9348511687
15.5569121130 0.9347560333
15.5667271932 0.9346668754
15.5765422734 0.9345836854
15.5863573536 0.9345064538
15.5961724338 0.9344351703
15.6059875140 0.9343698248
15.6158025942 0.9343104065
15.6256176744 0.9342569045
15.6354327546 0.9342093076
15.6452478348 0.9341676041
15.6550629150 0.9341317822
15.6648779952 0.9341018297
15.6746930754 0.9340777341
15.6845081556 0.9340594828
15.6943232358 0.9340470625
15.7041383160 0.9340404599
15.7139533962 0.9340396614
15.7237684764 0.9340446529
15.7335835566 0.9340554203
15.7433986368 0.9340719489
15.7532137170 0.9340942239
15.7630287972 0.9341222302
15.7728438774 0.9341559523
15.7826589576 0.9341953744
15.7924740378 0.9342404806
15.8022891180 0.9342912545
15.8121041982 0.9343476796
15.8219192783 0.9344097388
15.8317343585 0.9344774152
15.8415494387 0.9345506911
15.8513645189 0.9346295488
15.8611795991 0.9347139703
15.8709946793 0.9348039372
15.8808097595 0.9348994309
15.8906248397 0.9350004325
15.9004399199 0.9351069228
15.9102550001 0.9352188823
15.9200700803 0.9353362913
15.9298851605 0.9354591297
15.9397002407 0.9355873771
15.9495153209 0.9357210130
15.9593304011 0.9358600164
15.9691454813 0.9360043662
15.9789605615 0.9361540409
15.9887756417 0.9363090187
15.9985907219 0.9364692775
16.0084058021 0.9366347952
16.0182208823 0.9368055491
16.0280359625 0.9369815162
16.0378510427 0.9371626734
16.0476661229 0.9373489974
16.0574812031 0.9375404643
16.0672962833 0.9377370501
16.0771113635 0.9379387306
16.0869264437 0.9381454811
16.0967415239 0.9383572768
16.1065566041 0.9385740926
16.1163716843 0.9387959031
16.1261867645 0.9390226826
16.1360018447 0.9392544050
16.1458169249 0.9394910441
16.1556320051 0.9397325734
16.1654470853 0.9399789661
16.1752621655 0.9402301951
16.1850772457 0.9404862329
16.1948923259 0.9407470519
16.2047074061 0.9410126242
16.2145224862 0.9412829215
16.2243375664 0.9415579154
16.2341526466 0.9418375770
16.2439677268 0.9421218774
16.2537828070 0.9424107871
16.2635978872 0.9427042765
16.2734129674 0.9430023158
16.2832280476 0.9433048748
16.2930431278 0.9436119229
16.3028582080 0.9439234295
16.3126732882 0.9442393635
16.3224883684 0.9445596937
16.3323034486 0.9448843885
16.3421185288 0.9452134160
16.3519336090 0.9455467442
16.3617486892 0.9458843405
16.3715637694 0.9462261723
16.3813788496 0.9465722066
16.3911939298 0.9469224103
16.4010090100 0.9472767498
16.4108240902 0.9476351913
16.4206391704 0.9479977007
16.4304542506 0.9483642437
16.4402693308 0.9487347857
16.4500844110 0.9491092918
16.4598994912 0.9494877269
16.4697145714 0.9498700554
16.4795296516 0.9502562417
16.4893447318 0.9506462497
16.4991598120 0.9510400434
16.5089748922 0.9514375860
16.5187899724 0.9518388408
16.5286050526 0.9522437708
16.5384201328 0.9526523385
16.5482352130 0.9530645064
16.5580502932 0.9534802367
16.5678653734 0.9538994911
16.5776804536 0.9543222313
16.5874955338 0.9547484185
16.5973106140 0.9551780139
16.6071256941 0.9556109781
16.6169407743 0.9560472719
16.6267558545 0.9564868554
16.6365709347 0.9569296885
16.6463860149 0.9573757312
16.6562010951 0.9578249429
16.6660161753 0.9582772827
16.6758312555 0.9587327097
16.6856463357 0.9591911825
16.6954614159 0.9596526597
16.7052764961 0.9601170995
16.7150915763 0.9605844598
16.7249066565 0.9610546983
16.7347217367 0.9615277724
16.7445368169 0.9620036395
16.7543518971 0.9624822564
16.7641669773 0.9629635799
16.7739820575 0.9634475664
16.7837971377 0.9639341722
16.7936122179 0.9644233534
16.8034272981 0.9649150655
16.8132423783 0.9654092643
16.8230574585 0.9659059049
16.8328725387 0.9664049424
16.8426876189 0.9669063318
16.8525026991 0.9674100274
16.8623177793 0.9679159839
16.8721328595 0.9684241552
16.8819479397 0.9689344953
16.8917630199 0.9694469580
16.9015781001 0.9699614968
16.9113931803 0.9704780648
16.9212082605 0.9709966153
16.9310233407 0.9715171011
16.9408384209 0.9720394747
16.9506535011 0.9725636888
16.9604685813 0.9730896954
16.9702836615 0.9736174468
16.9800987417 0.9741468947
16.9899138219 0.9746779908
16.9997289020 0.9752106866
17.0095439822 0.9757449333
17.0193590624 0.9762806822
17.0291741426 0.9768178840
17.0389892228 0.9773564896
17.0488043030 0.9778964495
17.0586193832 0.9784377142
17.0684344634 0.9789802338
17.0782495436 0.9795239584
17.0880646238 0.9800688380
17.0978797040 0.9806148223
17.1076947842 0.9811618609
17.1175098644 0.9817099032
17.1273249446 0.9822588987
17.1371400248 0.9828087963
17.1469551050 0.9833595452
17.1567701852 0.9839110942
17.1665852654 0.9844633922
17.1764003456 0.9850163877
17.1862154258 0.9855700293
17.1960305060 0.9861242653
17.2058455862 0.9866790441
17.2156606664 0.9872343138
17.2254757466 0.9877900225
17.2352908268 0.9883461182
17.2451059070 0.9889025487
17.2549209872 0.9894592619
17.2647360674 0.9900162054
17.2745511476 0.9905733269
17.2843662278 0.9911305739
17.2941813080 0.9916878938
17.3039963882 0.9922452342
17.3138114684 0.9928025423
17.3236265486 0.9933597654
17.3334416288 0.9939168508
17.3432567090 0.9944737456
17.3530717892 0.9950303971
17.3628868694 0.9955867523
17.3727019496 0.9961427582
17.3825170297 0.9966983621
17.3923321099 0.9972535108
17.4021471901 0.9978081515
17.4119622703 0.9983622312
17.4217773505 0.9989156969
17.4315924307 0.9994684955
17.4414075109 1.0000205742
17.4512225911 1.0005718800
17.4610376713 1.0011223599
17.4708527515 1.0016719610
17.4806678317 1.0022206306
17.4904829119 1.0027683156
17.5002979921 1.0033149634
17.5101130723 1.0038605212
17.5199281525 1.0044049364
17.5297432327 1.0049481562
17.5395583129 1.0054901282
17.5493733931 1.0060307998
17.5591884733 1.0065701188
17.5690035535 1.0071080327
17.5788186337 1.0076444894
17.5886337139 1.0081794368
17.5984487941 1.0087128228
17.6082638743 1.0092445956
17.6180789545 1.0097747035
17.6278940347 1.0103030947
17.6377091149 1.0108297179
17.6475241951 1.0113545215
17.6573392753 1.0118774545
17.6671543555 1.0123984657
17.6769694357 1.0129175042
17.6867845159 1.0134345194
17.6965995961 1.0139494606
17.7064146763 1.0144622775
17.7162297565 1.0149729199
17.7260448367 1.0154813379
17.7358599169 1.0159874815
17.7456749971 1.0164913013
17.7554900773 1.0169927478
17.7653051575 1.0174917720
17.7751202376 1.0179883248
17.7849353178 1.0184823577
17.7947503980 1.0189738221
17.8045654782 1.0194626700
17.8143805584 1.0199488533
17.8241956386 1.0204323244
17.8340107188 1.0209130359
17.8438257990 1.0213909407
17.8536408792 1.0218659920
17.8634559594 1.0223381431
17.8732710396 1.0228073479
17.8830861198 1.0232735604
17.8929012000 1.0237367350
17.9027162802 1.0241968263
17.9125313604 1.0246537895
17.9223464406 1.0251075797
17.9321615208 1.0255581528
17.9419766010 1.0260054647
17.9517916812 1.0264494718
17.9616067614 1.0268901309
17.9714218416 1.0273273990
17.9812369218 1.0277612337
17.9910520020 1.0281915928
18.0008670822 1.0286184345
18.0106821624 1.0290417175
18.0204972426 1.0294614008
18.0303123228 1.0298774438
18.0401274030 1.0302898065
18.0499424832 1.0306984489
18.0597575634 1.0311033319
18.0695726436 1.0315044165
18.0793877238 1.0319016643
18.0892028040 1.0322950373
18.0990178842 1.0326844980
18.1088329644 1.0330700091
18.1186480446 1.0334515342
18.1284631248 1.0338290369
18.1382782050 1.0342024817
18.1480932852 1.0345718332
18.1579083654 1.0349370567
18.1677234455 1.0352981180
18.1775385257 1.0356549832
18.1873536059 1.0360076192
18.1971686861 1.0363559931
18.2069837663 1.0367000728
18.2167988465 1.0370398264
18.2266139267 1.0373752228
18.2364290069 1.0377062312
18.2462440871 1.0380328216
18.2560591673 1.0383549642
18.2658742475 1.0386726300
18.2756893277 1.0389857904
18.2855044079 1.0392944175
18.2953194881 1.0395984839
18.3051345683 1.0398979625
18.3149496485 1.0401928272
18.3247647287 1.0404830522
18.3345798089 1.0407686123
18.3443948891 1.0410494828
18.3542099693 1.0413256398
18.3640250495 1.0415970598
18.3738401297 1.0418637200
18.3836552099 1.0421255980
18.3934702901 1.0423826723
18.4032853703 1.0426349216
18.4131004505 1.0428823257
18.4229155307 1.0431248644
18.4327306109 1.0433625187
18.4425456911 1.0435952698
18.4523607713 1.0438230997
18.4621758515 1.0440459910
18.4719909317 1.0442639267
18.4818060119 1.0444768908
18.4916210921 1.0446848676
18.5014361723 1.0448878422
18.5112512525 1.0450858002
18.5210663327 1.0452787280
18.5308814129 1.0454666124
18.5406964931 1.0456494411
18.5505115733 1.0458272021
18.5603266534 1.0459998844
18.5701417336 1.0461674774
18.5799568138 1.0463299712
18.5897718940 1.0464873565
18.5995869742 1.0466396247
18.6094020544 1.0467867679
18.6192171346 1.0469287785
18.6290322148 1.0470656500
18.6388472950 1.0471973763
18.6486623752 1.0473239519
18.6584774554 1.0474453721
18.6682925356 1.0475616328
18.6781076158 1.0476727303
18.6879226960 1.0477786619
18.6977377762 1.0478794254
18.7075528564 1.0479750191
18.7173679366 1.0480654422
18.7271830168 1.0481506942
18.7369980970 1.0482307757
18.7468131772 1.0483056875
18.7566282574 1.0483754312
18.7664433376 1.0484400092
18.7762584178 1.0484994243
18.7860734980 1.0485536799
18.7958885782 1.0486027803
18.8057036584 1.0486467303
18.8155187386 1.0486855351
18.8253338188 1.0487192009
18.8351488990 1.0487477344
18.8449639792 1.0487711427
18.8547790594 1.0487894337
18.8645941396 1.0488026160
18.8744092198 1.0488106988
18.8842243000 1.0488136916
18.8940393802 1.0488116049
18.9038544604 1.0488044496
18.9136695406 1.0487922373
18.9234846208 1.0487749800
18.9332997010 1.0487526906
18.9431147811 1.0487253824
18.9529298613 1.0486930692
18.9627449415 1.0486557657
18.9725600217 1.0486134869
18.9823751019 1.0485662484
18.9921901821 1.0485140665
19.0020052623 1.0484569580
19.0118203425 1.0483949404
19.0216354227 1.0483280314
19.0314505029 1.0482562497
19.0412655831 1.0481796143
19.0510806633 1.0480981448
19.0608957435 1.0480118613
19.0707108237 1.0479207846
19.0805259039 1.0478249358
19.0903409841 1.0477243366
19.1001560643 1.0476190095
19.1099711445 1.0475089771
19.1197862247 1.0473942627
19.1296013049 1.0472748903
19.1394163851 1.0471508840
19.1492314653 1.0470222688
19.1590465455 1.0468890700
19.1688616257 1.0467513133
19.1786767059 1.0466090251
19.1884917861 1.0464622321
19.1983068663 1.0463109616
19.2081219465 1.0461552412
19.2179370267 1.0459950991
19.2277521069 1.0458305640
19.2375671871 1.0456616650
19.2473822673 1.0454884314
19.2571973475 1.0453108933
19.2670124277 1.0451290811
19.2768275079 1.0449430255
19.2866425881 1.0447527578
19.2964576683 1.0445583096
19.3062727485 1.0443597130
19.3160878287 1.0441570003
19.3259029089 1.0439502044
19.3357179890 1.0437393585
19.3455330692 1.0435244962
19.3553481494 1.0433056516
19.3651632296 1.0430828588
19.3749783098 1.0428561526
19.3847933900 1.0426255681
19.3946084702 1.0423911406
19.4044235504 1.0421529060
19.4142386306 1.0419109002
19.4240537108 1.0416651596
19.4338687910 1.0414157210
19.4436838712 1.0411626214
19.4534989514 1.0409058982
19.4633140316 1.0406455889
19.4731291118 1.0403817316
19.4829441920 1.0401143643
19.4927592722 1.0398435257
19.5025743524 1.0395692545
19.5123894326 1.0392915898
19.5222045128 1.0390105708
19.5320195930 1.0387262370
19.5418346732 1.0384386284
19.5516497534 1.0381477848
19.5614648336 1.0378537467
19.5712799138 1.0375565544
19.5810949940 1.0372562487
19.5909100742 1.0369528705
19.6007251544 1.0366464610
19.6105402346 1.0363370614
19.6203553148 1.0360247133
19.6301703950 1.0357094584
19.6399854752 1.0353913385
19.6498005554 1.0350703958
19.6596156356 1.0347466724
19.6694307158 1.0344202107
19.6792457960 1.0340910533
19.6890608762 1.0337592428
19.6988759564 1.0334248220
19.7086910366 1.0330878338
19.7185061168 1.0327483214
19.7283211969 1.0324063279
19.7381362771 1.0320618967
19.7479513573 1.0317150710
19.7577664375 1.0313658945
19.7675815177 1.0310144107
19.7773965979 1.0306606633
19.7872116781 1.0303046961
19.7970267583 1.0299465529
19.8068418385 1.0295862777
19.8166569187 1.0292239143
19.8264719989 1.0288595068
19.8362870791 1.0284930993
19.8461021593 1.0281247359
19.8559172395 1.0277544607
19.8657323197 1.0273823180
19.8755473999 1.0270083520
19.8853624801 1.0266326068
19.8951775603 1.0262551268
19.9049926405 1.0258759562
19.9148077207 1.0254951392
19.9246228009 1.0251127201
19.9344378811 1.0247287431
19.9442529613 1.0243432526
19.9540680415 1.0239562926
19.9638831217 1.0235679074
19.9736982019 1.0231781411
19.9835132821 1.0227870379
19.9933283623 1.0223946418
20.0031434425 1.0220009968
20.0129585227 1.0216061471
20.0227736029 1.0212101363
20.0325886831 1.0208130085
20.0424037633 1.0204148074
20.0522188435 1.0200155768
20.0620339237 1.0196153603
20.0718490039 1.0192142014
20.0816640841 1.0188121436
20.0914791643 1.0184092304
20.1012942445 1.0180055050
20.1111093247 1.0176010107
20.1209244048 1.0171957904
20.1307394850 1.0167898872
20.1405545652 1.0163833439
20.1503696454 1.0159762034
20.1601847256 1.0155685082
20.1699998058 1.0151603008
20.1798148860 1.0147516235
20.1896299662 1.0143425187
20.1994450464 1.0139330285
20.2092601266 1.0135231947
20.2190752068 1.0131130592
20.2288902870 1.0127026636
20.2387053672 1.0122920495
20.2485204474 1.0118812582
20.2583355276 1.0114703309
20.2681506078 1.0110593085
20.2779656880 1.0106482320
20.2877807682 1.0102371420
20.2975958484 1.0098260791
20.3074109286 1.0094150835
20.3172260088 1.0090041954
20.3270410890 1.0085934548
20.3368561692 1.0081829013
20.3466712494 1.0077725747
20.3564863296 1.0073625143
20.3663014098 1.0069527592
20.3761164900 1.0065433485
20.3859315702 1.0061343210
20.3957466504 1.0057257151
20.4055617306 1.0053175694
20.4153768108 1.0049099219
20.4251918910 1.0045028105
20.4350069712 1.0040962731
20.4448220514 1.0036903470
20.4546371316 1.0032850697
20.4644522118 1.0028804781
20.4742672920 1.0024766092
20.4840823722 1.0020734994
20.4938974524 1.0016711852
20.5037125326 1.0012697026
20.5135276127 1.0008690877
20.5233426929 1.0004693761
20.5331577731 1.0000706032
20.5429728533 0.9996728042
20.5527879335 0.9992760141
20.5626030137 0.9988802675
20.5724180939 0.9984855989
20.5822331741 0.9980920425
20.5920482543 0.9976996323
20.6018633345 0.9973084019
20.6116784147 0.9969183848
20.6214934949 0.9965296143
20.6313085751 0.9961421231
20.6411236553 0.9957559441
20.6509387355 0.9953711097
20.6607538157 0.9949876519
20.6705688959 0.9946056027
20.6803839761 0.9942249938
20.6901990563 0.9938458565
20.7000141365 0.9934682218
20.7098292167 0.9930921207
20.7196442969 0.9927175837
20.7294593771 0.9923446411
20.7392744573 0.9919733229
20.7490895375 0.9916036590
20.7589046177 0.9912356786
20.7687196979 0.9908694112
20.7785347781 0.9905048856
20.7883498583 0.9901421305
20.7981649385 0.9897811743
20.8079800187 0.9894220450
20.8177950989 0.9890647706
20.8276101791 0.9887093786
20.8374252593 0.9883558962
20.8472403395 0.9880043505
20.8570554197 0.9876547682
20.8668704999 0.9873071758
20.8766855801 0.9869615993
20.8865006603 0.9866180647
20.8963157404 0.9862765976
20.9061308206 0.9859372233
20.9159459008 0.9855999668
20.9257609810 0.9852648529
20.9355760612 0.9849319061
20.9453911414 0.9846011505
20.9552062216 0.9842726101
20.9650213018 0.9839463085
20.9748363820 0.9836222690
20.9846514622 0.9833005147
20.9944665424 0.9829810683
21.0042816226 0.9826639524
21.0140967028 0.9823491892
21.0239117830 0.9820368005
21.0337268632 0.9817268081
21.0435419434 0.9814192332
21.0533570236 0.9811140970
21.0631721038 0.9808114202
21.0729871840 0.9805112234
21.0828022642 0.9802135267
21.0926173444 0.9799183500
21.1024324246 0.9796257132
21.1122475048 0.9793356354
21.1220625850 0.9790481359
21.1318776652 0.9787632333
21.1416927454 0.9784809463
21.1515078256 0.9782012930
21.1613229058 0.9779242914
21.1711379860 0.9776499593
21.1809530662 0.9773783139
21.1907681464 0.9771093724
21.2005832266 0.9768431517
21.2103983068 0.9765796682
21.2202133870 0.9763189383
21.2300284672 0.9760609779
21.2398435474 0.9758058028
21.2496586276 0.9755534283
21.2594737078 0.9753038697
21.2692887880 0.9750571418
21.2791038682 0.9748132591
21.2889189483 0.9745722361
21.2987340285 0.9743340867
21.3085491087 0.9740988248
21.3183641889 0.9738664637
21.3281792691 0.9736370168
21.3379943493 0.9734104969
21.3478094295 0.9731869167
21.3576245097 0.9729662886
21.3674395899 0.9727486248
21.3772546701 0.9725339369
21.3870697503 0.9723222368
21.3968848305 0.9721135355
21.4066999107 0.9719078441
21.4165149909 0.9717051735
21.4263300711 0.9715055340
21.4361451513 0.9713089360
21.4459602315 0.9711153892
21.4557753117 0.9709249035
21.4655903919 0.9707374881
21.4754054721 0.9705531523
21.4852205523 0.9703719050
21.4950356325 0.9701937547
21.5048507127 0.9700187097
21.5146657929 0.9698467782
21.5244808731 0.9696779679
21.5342959533 0.9695122864
21.5441110335 0.9693497410
21.5539261137 0.9691903388
21.5637411939 0.9690340863
21.5735562741 0.9688809903
21.5833713543 0.9687310568
21.5931864345 0.9685842919
21.6030015147 0.9684407013
21.6128165949 0.9683002904
21.6226316751 0.9681630645
21.6324467553 0.9680290284
21.6422618355 0.9678981869
21.6520769157 0.9677705445
21.6618919959 0.9676461052
21.6717070761 0.9675248730
21.6815221562 0.9674068516
21.6913372364 0.9672920443
21.7011523166 0.9671804544
21.7109673968 0.9670720847
21.7207824770 0.9669669379
21.7305975572 0.9668650164
21.7404126374 0.9667663223
21.7502277176 0.9666708576
21.7600427978 0.9665786239
21.7698578780 0.9664896226
21.7796729582 0.9664038549
21.7894880384 0.9663213217
21.7993031186 0.9662420237
21.8091181988 0.9661659612
21.8189332790 0.9660931344
21.8287483592 0.9660235434
21.8385634394 0.9659571877
21.8483785196 0.9658940668
21.8581935998 0.9658341800
21.8680086800 0.9657775261
21.8778237602 0.9657241039
21.8876388404 0.9656739119
21.8974539206 0.9656269483
21.9072690008 0.9655832112
21.9170840810 0.9655426982
21.9268991612 0.9655054069
21.9367142414 0.9654713346
21.9465293216 0.9654404784
21.9563444018 0.9654128351
21.9661594820 0.9653884011
21.9759745622 0.9653671730
21.9857896424 0.9653491468
21.9956047226 0.9653343184
22.0054198028 0.9653226834
22.0152348830 0.9653142373
22.0250499632 0.9653089752
22.0348650434 0.9653068920
22.0446801236 0.9653079826
22.0544952038 0.9653122415
22.0643102840 0.9653196628
22.0741253641 0.9653302406
22.0839404443 0.9653439688
22.0937555245 0.9653608408
22.1035706047 0.9653808502
22.1133856849 0.9654039900
22.1232007651 0.9654302531
22.1330158453 0.9654596322
22.1428309255 0.9654921198
22.1526460057 0.9655277081
22.1624610859 0.9655663892
22.1722761661 0.9656081548
22.1820912463 0.9656529965
22.1919063265 0.9657009058
22.2017214067 0.9657518736
22.2115364869 0.9658058910
22.2213515671 0.9658629486
22.2311666473 0.9659230369
22.2409817275 0.9659861463
22.2507968077 0.9660522667
22.2606118879 0.9661213880
22.2704269681 0.9661934998
22.2802420483 0.9662685916
22.2900571285 0.9663466524
22.2998722087 0.9664276715
22.3096872889 0.9665116374
22.3195023691 0.9665985387
22.3293174493 0.9666883639
22.3391325295 0.9667811010
22.3489476097 0.9668767380
22.3587626899 0.9669752627
22.3685777701 0.9670766625
22.3783928503 0.9671809247
22.3882079305 0.9672880366
22.3980230107 0.9673979849
22.4078380909 0.9675107563
22.4176531711 0.9676263375
22.4274682513 0.9677447146
22.4372833315 0.9678658737
22.4470984117 0.9679898009
22.4569134919 0.9681164816
22.4667285720 0.9682459015
22.4765436522 0.9683780458
22.4863587324 0.9685128996
22.4961738126 0.9686504478
22.5059888928 0.9687906752
22.5158039730 0.9689335661
22.5256190532 0.9690791050
22.5354341334 0.9692272760
22.5452492136 0.9693780629
22.5550642938 0.9695314495
22.5648793740 0.9696874194
22.5746944542 0.9698459558
22.5845095344 0.9700070420
22.5943246146 0.9701706610
22.6041396948 0.9703367954
22.6139547750 0.9705054280
22.6237698552 0.9706765411
22.6335849354 0.9708501169
22.6434000156 0.9710261375
22.6532150958 0.9712045848
22.6630301760 0.9713854404
22.6728452562 0.9715686859
22.6826603364 0.9717543025
22.6924754166 0.9719422713
22.7022904968 0.9721325734
22.7121055770 0.9723251896
22.7219206572 0.9725201004
22.7317357374 0.9727172862
22.7415508176 0.9729167274
22.7513658978 0.9731184039
22.7611809780 0.9733222958
22.7709960582 0.9735283828
22.7808111384 0.9737366444
22.7906262186 0.9739470601
22.8004412988 0.9741596090
22.8102563790 0.9743742703
22.8200714592 0.9745910229
22.8298865394 0.9748098455
22.8397016196 0.9750307167
22.8495166997 0.9752536149
22.8593317799 0.9754785184
22.8691468601 0.9757054052
22.8789619403 0.9759342534
22.8887770205 0.9761650407
22.8985921007 0.9763977448
22.9084071809 0.9766323430
22.9182222611 0.9768688129
22.9280373413 0.9771071314
22.9378524215 0.9773472758
22.9476675017 0.9775892228
22.9574825819 0.9778329491
22.9672976621 0.9780784315
22.9771127423 0.9783256462
22.9869278225 0.9785745697
22.9967429027 0.9788251780
23.0065579829 0.9790774473
23.0163730631 0.9793313533
23.0261881433 0.9795868719
23.0360032235 0.9798439786
23.0458183037 0.9801026490
23.0556333839 0.9803628584
23.0654484641 0.9806245819
23.0752635443 0.9808877948
23.0850786245 0.9811524719
23.0948937047 0.9814185881
23.1047087849 0.9816861182
23.1145238651 0.9819550367
23.1243389453 0.9822253180
23.1341540255 0.9824969367
23.1439691057 0.9827698668
23.1537841859 0.9830440825
23.1635992661 0.9833195579
23.1734143463 0.9835962668
23.1832294265 0.9838741831
23.1930445067 0.9841532804
23.2028595869 0.9844335323
23.2126746671 0.9847149123
23.2224897473 0.9849973938
23.2323048275 0.9852809500
23.2421199076 0.9855655541
23.2519349878 0.9858511793
23.2617500680 0.9861377985
23.2715651482 0.9864253846
23.2813802284 0.9867139104
23.2911953086 0.9870033487
23.3010103888 0.9872936721
23.3108254690 0.9875848531
23.3206405492 0.9878768643
23.3304556294 0.9881696779
23.3402707096 0.9884632665
23.3500857898 0.9887576021
23.3599008700 0.9890526570
23.3697159502 0.9893484033
23.3795310304 0.9896448131
23.3893461106 0.9899418582
23.3991611908 0.9902395106
23.4089762710 0.9905377422
23.4187913512 0.9908365247
23.4286064314 0.9911358299
23.4384215116 0.9914356295
23.4482365918 0.9917358951
23.4580516720 0.9920365983
23.4678667522 0.9923377105
23.4776818324 0.9926392034
23.4874969126 0.9929410484
23.4973119928 0.9932432169
23.5071270730 0.9935456802
23.5169421532 0.9938484097
23.5267572334 0.9941513768
23.5365723136 0.9944545526
23.5463873938 0.9947579086
23.5562024740 0.9950614158
23.5660175542 0.9953650455
23.5758326344 0.9956687690
23.5856477146 0.9959725573
23.5954627948 0.9962763818
23.6052778750 0.9965802134
23.6150929552 0.9968840234
23.6249080354 0.9971877830
23.6347231155 0.9974914633
23.6445381957 0.9977950353
23.6543532759 0.9980984704
23.6641683561 0.9984017396
23.6739834363 0.9987048141
23.6837985165 0.9990076651
23.6936135967 0.9993102638
23.7034286769 0.9996125815
23.7132437571 0.9999145892
23.7230588373 1.0002162584
23.7328739175 1.0005175602
23.7426889977 1.0008184661
23.7525040779 1.0011189473
23.7623191581 1.0014189752
23.7721342383 1.0017185214
23.7819493185 1.0020175571
23.7917643987 1.0023160540
23.8015794789 1.0026139836
23.8113945591 1.0029113175
23.8212096393 1.0032080274
23.8310247195 1.0035040850
23.8408397997 1.0037994620
23.8506548799 1.0040941303
23.8604699601 1.0043880619
23.8702850403 1.0046812286
23.8801001205 1.0049736026
23.8899152007 1.0052651559
23.8997302809 1.0055558607
23.9095453611 1.0058456894
23.9193604413 1.0061346143
23.9291755215 1.0064226078
23.9389906017 1.0067096425
23.9488056819 1.0069956910
23.9586207621 1.0072807261
23.9684358423 1.0075647205
23.9782509225 1.0078476472
23.9880660027 1.0081294793
23.9978810829 1.0084101898
24.0076961631 1.0086897521
24.0175112433 1.0089681394
24.0273263234 1.0092453254
24.0371414036 1.0095212836
24.0469564838 1.0097959877
24.0567715640 1.0100694116
24.0665866442 1.0103415293
24.0764017244 1.0106123148
24.0862168046 1.0108817426
24.0960318848 1.0111497869
24.1058469650 1.0114164223
24.1156620452 1.0116816235
24.1254771254 1.0119453653
24.1352922056 1.0122076227
24.1451072858 1.0124683709
24.1549223660 1.0127275851
24.1647374462 1.0129852407
24.1745525264 1.0132413135
24.1843676066 1.0134957792
24.1941826868 1.0137486137
24.2039977670 1.0139997932
24.2138128472 1.0142492940
24.2236279274 1.0144970925
24.2334430076 1.0147431655
24.2432580878 1.0149874897
24.2530731680 1.0152300421
24.2628882482 1.0154708001
24.2727033284 1.0157097410
24.2825184086 1.0159468424
24.2923334888 1.0161820822
24.3021485690 1.0164154382
24.3119636492 1.0166468888
24.3217787294 1.0168764123
24.3315938096 1.0171039874
24.3414088898 1.0173295929
24.3512239700 1.0175532079
24.3610390502 1.0177748116
24.3708541304 1.0179943834
24.3806692106 1.0182119032
24.3904842908 1.0184273508
24.4002993710 1.0186407063
24.4101144512 1.0188519503
24.4199295313 1.0190610632
24.4297446115 1.0192680260
24.4395596917 1.0194728197
24.4493747719 1.0196754257
24.4591898521 1.0198758255
24.4690049323 1.0200740009
24.4788200125 1.0202699340
24.4886350927 1.0204636072
24.4984501729 1.0206550029
24.5082652531 1.0208441040
24.5180803333 1.0210308936
24.5278954135 1.0212153550
24.5377104937 1.0213974717
24.5475255739 1.0215772276
24.5573406541 1.0217546069
24.5671557343 1.0219295938
24.5769708145 1.0221021731
24.5867858947 1.0222723297
24.5966009749 1.0224400487
24.6064160551 1.0226053156
24.6162311353 1.0227681161
24.6260462155 1.0229284363
24.6358612957 1.0230862624
24.6456763759 1.0232415810
24.6554914561 1.0233943789
24.6653065363 1.0235446434
24.6751216165 1.0236923618
24.6849366967 1.0238375217
24.6947517769 1.0239801113
24.7045668571 1.0241201188
24.7143819373 1.0242575328
24.7241970175 1.0243923421
24.7340120977 1.0245245359
24.7438271779 1.0246541037
24.7536422581 1.0247810353
24.7634573383 1.0249053206
24.7732724185 1.0250269500
24.7830874987 1.0251459142
24.7929025789 1.0252622042
24.8027176590 1.0253758111
24.8125327392 1.0254867266
24.8223478194 1.0255949425
24.8321628996 1.0257004510
24.8419779798 1.0258032445
24.8517930600 1.0259033159
24.8616081402 1.0260006581
24.8714232204 1.0260952647
24.8812383006 1.0261871293
24.8910533808 1.0262762460
24.9008684610 1.0263626089
24.9106835412 1.0264462129
24.9204986214 1.0265270528
24.9303137016 1.0266051239
24.9401287818 1.0266804217
24.9499438620 1.0267529421
24.9597589422 1.0268226813
24.9695740224 1.0268896359
24.9793891026 1.0269538026
24.9892041828 1.0270151785
24.9990192630 1.0270737611
25.0088343432 1.0271295482
25.0186494234 1.0271825378
25.0284645036 1.0272327283
25.0382795838 1.0272801184
25.0480946640 1.0273247070
25.0579097442 1.0273664936
25.0677248244 1.0274054777
25.0775399046 1.0274416592
25.0873549848 1.0274750385
25.0971700650 1.0275056160
25.1069851452 1.0275333927
25.1168002254 1.0275583697
25.1266153056 1.0275805485
25.1364303858 1.0275999310
25.1462454660 1.0276165191
25.1560605462 1.0276303154
25.1658756264 1.0276413226
25.1756907066 1.0276495436
25.1855057868 1.0276549818
25.1953208669 1.0276576409
25.2051359471 1.0276575248
25.2149510273 1.0276546377
25.2247661075 1.0276489842
25.2345811877 1.0276405690
25.2443962679 1.0276293975
25.2542113481 1.0276154749
25.2640264283 1.0275988070
25.2738415085 1.0275793999
25.2836565887 1.0275572599
25.2934716689 1.0275323936
25.3032867491 1.0275048079
25.3131018293 1.0274745100
25.3229169095 1.0274415075
25.3327319897 1.0274058079
25.3425470699 1.0273674196
25.3523621501 1.0273263507
25.3621772303 1.0272826099
25.3719923105 1.0272362061
25.3818073907 1.0271871486
25.3916224709 1.0271354467
25.4014375511 1.0270811103
25.4112526313 1.0270241492
25.4210677115 1.0269645739
25.4308827917 1.0269023948
25.4406978719 1.0268376229
25.4505129521 1.0267702691
25.4603280323 1.0267003449
25.4701431125 1.0266278618
25.4799581927 1.0265528318
25.4897732729 1.0264752669
25.4995883531 1.0263951796
25.5094034333 1.0263125825
25.5192185135 1.0262274885
25.5290335937 1.0261399108
25.5388486739 1.0260498627
25.5486637541 1.0259573578
25.5584788343 1.0258624102
25.5682939145 1.0257650338
25.5781089947 1.0256652431
25.5879240748 1.0255630526
25.5977391550 1.0254584772
25.6075542352 1.0253515318
25.6173693154 1.0252422319
25.6271843956 1.0251305929
25.6369994758 1.0250166306
25.6468145560 1.0249003608
25.6566296362 1.0247817999
25.6664447164 1.0246609641
25.6762597966 1.0245378700
25.6860748768 1.0244125346
25.6958899570 1.0242849747
25.7057050372 1.0241552076
25.7155201174 1.0240232508
25.7253351976 1.0238891218
25.7351502778 1.0237528385
25.7449653580 1.0236144189
25.7547804382 1.0234738812
25.7645955184 1.0233312438
25.7744105986 1.0231865252
25.7842256788 1.0230397443
25.7940407590 1.0228909200
25.8038558392 1.0227400713
25.8136709194 1.0225872176
25.8234859996 1.0224323783
25.8333010798 1.0222755731
25.8431161600 1.0221168218
25.8529312402 1.0219561443
25.8627463204 1.0217935607
25.8725614006 1.0216290913
25.8823764808 1.0214627566
25.8921915610 1.0212945771
25.9020066412 1.0211245735
25.9118217214 1.0209527667
25.9216368016 1.0207791777
25.9314518818 1.0206038277
25.9412669620 1.0204267379
25.9510820422 1.0202479299
25.9608971224 1.0200674250
25.9707122026 1.0198852450
25.9805272827 1.0197014117
25.9903423629 1.0195159471
26.0001574431 1.0193288730
26.0099725233 1.0191402118
26.0197876035 1.0189499856
26.0296026837 1.0187582169
26.0394177639 1.0185649281
26.0492328441 1.0183701417
26.0590479243 1.0181738805
26.0688630045 1.0179761673
26.0786780847 1.0177770248
26.0884931649 1.0175764762
26.0983082451 1.0173745443
26.1081233253 1.0171712524
26.1179384055 1.0169666237
26.1277534857 1.0167606814
26.1375685659 1.0165534490
26.1473836461 1.0163449498
26.1571987263 1.0161352073
26.1670138065 1.0159242453
26.1768288867 1.0157120872
26.1866439669 1.0154987568
26.1964590471 1.0152842779
26.2062741273 1.0150686742
26.2160892075 1.0148519697
26.2259042877 1.0146341882
26.2357193679 1.0144153538
26.2455344481 1.0141954903
26.2553495283 1.0139746219
26.2651646085 1.0137527727
26.2749796887 1.0135299668
26.2847947689 1.0133062282
26.2946098491 1.0130815813
26.3044249293 1.0128560502
26.3142400095 1.0126296591
26.3240550897 1.0124024323
26.3338701699 1.0121743941
26.3436852501 1.0119455687
26.3535003303 1.0117159805
26.3633154105 1.0114856537
26.3731304906 1.0112546127
26.3829455708 1.0110228817
26.3927606510 1.0107904852
26.4025757312 1.0105574474
26.4123908114 1.0103237926
26.4222058916 1.0100895452
26.4320209718 1.0098547295
26.4418360520 1.0096193697
26.4516511322 1.0093834901
26.4614662124 1.0091471150
26.4712812926 1.0089102686
26.4810963728 1.0086729752
26.4909114530 1.0084352589
26.5007265332 1.0081971439
26.5105416134 1.0079586544
26.5203566936 1.0077198145
26.5301717738 1.0074806482
26.5399868540 1.0072411796
26.5498019342 1.0070014326
26.5596170144 1.0067614313
26.5694320946 1.0065211996
26.5792471748 1.0062807613
26.5890622550 1.0060401403
26.5988773352 1.0057993603
26.6086924154 1.0055584451
26.6185074956 1.0053174183
26.6283225758 1.0050763036
26.6381376560 1.0048351244
26.6479527362 1.0045939044
26.6577678164 1.0043526668
26.6675828966 1.0041114352
26.6773979768 1.0038702327
26.6872130570 1.0036290827
26.6970281372 1.0033880082
26.7068432174 1.0031470324
26.7166582976 1.0029061782
26.7264733778 1.0026654686
26.7362884580 1.0024249264
26.7461035382 1.0021845745
26.7559186183 1.0019444354
26.7657336985 1.0017045319
26.7755487787 1.0014648863
26.7853638589 1.0012255212
26.7951789391 1.0009864589
26.8049940193 1.0007477216
26.8148090995 1.0005093314
26.8246241797 1.0002713105
26.8344392599 1.0000336807
26.8442543401 0.9997964639
26.8540694203 0.9995596820
26.8638845005 0.9993233564
26.8736995807 0.9990875089
26.8835146609 0.9988521607
26.8933297411 0.9986173333
26.9031448213 0.9983830479
26.9129599015 0.9981493256
26.9227749817 0.9979161873
26.9325900619 0.9976836541
26.9424051421 0.9974517466
26.9522202223 0.9972204855
26.9620353025 0.9969898914
26.9718503827 0.9967599846
26.9816654629 0.9965307855
26.9914805431 0.9963023142
27.0012956233 0.9960745908
27.0111107035 0.9958476352
27.0209257837 0.9956214672
27.0307408639 0.9953961066
27.0405559441 0.9951715727
27.0503710243 0.9949478851
27.0601861045 0.9947250630
27.0700011847 0.9945031256
27.0798162649 0.9942820919
27.0896313451 0.9940619808
27.0994464253 0.9938428109
27.1092615055 0.9936246010
27.1190765857 0.9934073695
27.1288916659 0.9931911347
27.1387067461 0.9929759148
27.1485218262 0.9927617279
27.1583369064 0.9925485919
27.1681519866 0.9923365244
27.1779670668 0.9921255433
27.1877821470 0.9919156658
27.1975972272 0.9917069094
27.2074123074 0.9914992912
27.2172273876 0.9912928283
27.2270424678 0.9910875375
27.2368575480 0.9908834356
27.2466726282 0.9906805392
27.2564877084 0.9904788646
27.2663027886 0.9902784282
27.2761178688 0.9900792460
27.2859329490 0.9898813342
27.2957480292 0.9896847084
27.3055631094 0.9894893843
27.3153781896 0.9892953775
27.3251932698 0.9891027032
27.3350083500 0.9889113767
27.3448234302 0.9887214131
27.3546385104 0.9885328271
27.3644535906 0.9883456335
27.3742686708 0.9881598468
27.3840837510 0.9879754815
27.3938988312 0.9877925518
27.4037139114 0.9876110717
27.4135289916 0.9874310551
27.4233440718 0.9872525158
27.4331591520 0.9870754674
27.4429742322 0.9868999233
27.4527893124 0.9867258967
27.4626043926 0.9865534008
27.4724194728 0.9863824484
27.4822345530 0.9862130523
27.4920496332 0.9860452251
27.5018647134 0.9858789792
27.5116797936 0.9857143269
27.5214948738 0.9855512803
27.5313099540 0.9853898512
27.5411250341 0.9852300515
27.5509401143 0.9850718927
27.5607551945 0.9849153862
27.5705702747 0.9847605434
27.5803853549 0.9846073751
27.5902004351 0.9844558925
27.6000155153 0.9843061061
27.6098305955 0.9841580266
27.6196456757 0.9840116644
27.6294607559 0.9838670296
27.6392758361 0.9837241324
27.6490909163 0.9835829826
27.6589059965 0.9834435899
27.6687210767 0.9833059639
27.6785361569 0.9831701140
27.6883512371 0.9830360492
27.6981663173 0.9829037787
27.7079813975 0.9827733114
27.7177964777 0.9826446557
27.7276115579 0.9825178204
27.7374266381 0.9823928137
27.7472417183 0.9822696438
27.7570567985 0.9821483186
27.7668718787 0.9820288459
27.7766869589 0.9819112335
27.7865020391 0.9817954888
27.7963171193 0.9816816190
27.8061321995 0.9815696314
27.8159472797 0.9814595327
27.8257623599 0.9813513299
27.8355774401 0.9812450294
27.8453925203 0.9811406378
27.8552076005 0.9810381613
27.8650226807 0.9809376059
27.8748377609 0.9808389776
27.8846528411 0.9807422820
27.8944679213 0.9806475249
27.9042830015 0.9805547114
27.9140980817 0.9804638470
27.9239131619 0.9803749365
27.9337282420 0.9802879848
27.9435433222 0.9802029967
27.9533584024 0.9801199767
27.9631734826 0.9800389291
27.9729885628 0.9799598580
27.9828036430 0.9798827676
27.9926187232 0.9798076615
28.0024338034 0.9797345435
28.0122488836 0.9796634171
28.0220639638 0.9795942855
28.0318790440 0.9795271520
28.0416941242 0.9794620193
28.0515092044 0.9793988905
28.0613242846 0.9793377680
28.0711393648 0.9792786544
28.0809544450 0.9792215519
28.0907695252 0.9791664627
28.1005846054 0.9791133886
28.1103996856 0.9790623314
28.1202147658 0.9790132928
28.1300298460 0.9789662742
28.1398449262 0.9789212767
28.1496600064 0.9788783016
28.1594750866 0.9788373498
28.1692901668 0.9787984219
28.1791052470 0.9787615185
28.1889203272 0.9787266402
28.1987354074 0.9786937871
28.2085504876 0.9786629593
28.2183655678 0.9786341567
28.2281806480 0.9786073790
28.2379957282 0.9785826259
28.2478108084 0.9785598967
28.2576258886 0.9785391907
28.2674409688 0.9785205069
28.2772560490 0.9785038443
28.2870711292 0.9784892015
28.2968862094 0.9784765773
28.3067012896 0.9784659699
28.3165163698 0.9784573777
28.3263314499 0.9784507987
28.3361465301 0.9784462308
28.3459616103 0.9784436718
28.3557766905 0.9784431193
28.3655917707 0.9784445707
28.3754068509 0.9784480232
28.3852219311 0.9784534741
28.3950370113 0.9784609202
28.4048520915 0.9784703583
28.4146671717 0.9784817850
28.4244822519 0.9784951968
28.4342973321 0.9785105900
28.4441124123 0.9785279608
28.4539274925 0.9785473051
28.4637425727 0.9785686187
28.4735576529 0.9785918973
28.4833727331 0.9786171364
28.4931878133 0.9786443314
28.5030028935 0.9786734775
28.5128179737 0.9787045696
28.5226330539 0.9787376027
28.5324481341 0.9787725715
28.5422632143 0.9788094706
28.5520782945 0.9788482944
28.5618933747 0.9788890371
28.5717084549 0.9789316929
28.5815235351 0.9789762557
28.5913386153 0.9790227193
28.6011536955 0.9790710774
28.6109687757 0.9791213235
28.6207838559 0.9791734509
28.6305989361 0.9792274528
28.6404140163 0.9792833223
28.6502290965 0.9793410523
28.6600441767 0.9794006355
28.6698592569 0.9794620645
28.6796743371 0.9795253318
28.6894894173 0.9795904297
28.6993044975 0.9796573504
28.7091195776 0.9797260859
28.7189346578 0.9797966280
28.7287497380 0.9798689686
28.7385648182 0.9799430991
28.7483798984 0.9800190110
28.7581949786 0.9800966956
28.7680100588 0.9801761442
28.7778251390 0.9802573476
28.7876402192 0.9803402969
28.7974552994 0.9804249826
28.8072703796 0.9805113955
28.8170854598 0.9805995259
28.8269005400 0.9806893643
28.8367156202 0.9807809008
28.8465307004 0.9808741254
28.8563457806 0.9809690281
28.8661608608 0.9810655986
28.8759759410 0.9811638266
28.8857910212 0.9812637017
28.8956061014 0.9813652131
28.9054211816 0.9814683502
28.9152362618 0.9815731020
28.9250513420 0.9816794576
28.9348664222 0.9817874058
28.9446815024 0.9818969353
28.9544965826 0.9820080349
28.9643116628 0.9821206928
28.9741267430 0.9822348975
28.9839418232 0.9823506372
28.9937569034 0.9824679001
29.0035719836 0.9825866740
29.0133870638 0.9827069469
29.0232021440 0.9828287065
29.0330172242 0.9829519403
29.0428323044 0.9830766360
29.0526473846 0.9832027808
29.0624624648 0.9833303620
29.0722775450 0.9834593668
29.0820926252 0.9835897822
29.0919077054 0.9837215951
29.1017227855 0.9838547923
29.1115378657 0.9839893605
29.1213529459 0.9841252862
29.1311680261 0.9842625559
29.1409831063 0.9844011560
29.1507981865 0.9845410726
29.1606132667 0.9846822920
29.1704283469 0.9848248001
29.1802434271 0.9849685828
29.1900585073 0.9851136260
29.1998735875 0.9852599154
29.2096886677 0.9854074365
29.2195037479 0.9855561749
29.2293188281 0.9857061160
29.2391339083 0.9858572450
29.2489489885 0.9860095472
29.2587640687 0.9861630077
29.2685791489 0.9863176114
29.2783942291 0.9864733434
29.2882093093 0.9866301883
29.2980243895 0.9867881310
29.3078394697 0.9869471560
29.3176545499 0.9871072480
29.3274696301 0.9872683912
29.3372847103 0.9874305702
29.3470997905 0.9875937692
29.3569148707 0.9877579723
29.3667299509 0.9879231637
29.3765450311 0.9880893274
29.3863601113 0.9882564474
29.3961751915 0.9884245074
29.4059902717 0.9885934913
29.4158053519 0.9887633828
29.4256204321 0.9889341654
29.4354355123 0.9891058228
29.4452505925 0.9892783383
29.4550656727 0.9894516955
29.4648807529 0.9896258776
29.4746958331 0.9898008678
29.4845109133 0.9899766494
29.4943259934 0.9901532055
29.5041410736 0.9903305190
29.5139561538 0.9905085731
29.5237712340 0.9906873506
29.5335863142 0.9908668344
29.5434013944 0.9910470073
29.5532164746 0.9912278520
29.5630315548 0.9914093512
29.5728466350 0.9915914875
29.5826617152 0.9917742434
29.5924767954 0.9919576016
29.6022918756 0.9921415444
29.6121069558 0.9923260543
29.6219220360 0.9925111136
29.6317371162 0.9926967047
29.6415521964 0.9928828097
29.6513672766 0.9930694110
29.6611823568 0.9932564906
29.6709974370 0.9934440308
29.6808125172 0.9936320136
29.6906275974 0.9938204211
29.7004426776 0.9940092353
29.7102577578 0.9941984381
29.7200728380 0.9943880116
29.7298879182 0.9945779377
29.7397029984 0.9947681982
29.7495180786 0.9949587749
29.7593331588 0.9951496498
29.7691482390 0.9953408046
29.7789633192 0.9955322211
29.7887783994 0.9957238811
29.7985934796 0.9959157663
29.8084085598 0.9961078583
29.8182236400 0.9963001390
29.8280387202 0.9964925899
29.8378538004 0.9966851928
29.8476688806 0.9968779292
29.8574839608 0.9970707809
29.8672990410 0.9972637295
29.8771141212 0.9974567566
29.8869292013 0.9976498438
29.8967442815 0.9978429728
29.9065593617 0.9980361251
29.9163744419 0.9982292823
29.9261895221 0.9984224261
29.9360046023 0.9986155382
29.9458196825 0.9988086000
29.9556347627 0.9990015932
29.9654498429 0.9991944995
29.9752649231 0.9993873006
29.9850800033 0.9995799780
29.9948950835 0.9997725134
30.0047101637 0.9999648886
30.0145252439 1.0001570852
30.0243403241 1.0003490849
30.0341554043 1.0005408695
30.0439704845 1.0007324207
30.0537855647 1.0009237204
30.0636006449 1.0011147503
30.0734157251 1.0013054923
30.0832308053 1.0014959282
30.0930458855 1.0016860400
30.1028609657 1.0018758096
30.1126760459 1.0020652189
30.1224911261 1.0022542499
30.1323062063 1.0024428848
30.1421212865 1.0026311055
30.1519363667 1.0028188943
30.1617514469 1.0030062332
30.1715665271 1.0031931046
30.1813816073 1.0033794905
30.1911966875 1.0035653735
30.2010117677 1.0037507358
30.2108268479 1.0039355598
30.2206419281 1.0041198281
30.2304570083 1.0043035231
30.2402720885 1.0044866274
30.2500871687 1.0046691238
30.2599022489 1.0048509948
30.2697173291 1.0050322233
30.2795324092 1.0052127922
30.2893474894 1.0053926842
30.2991625696 1.0055718825
30.3089776498 1.0057503700
30.3187927300 1.0059281298
30.3286078102 1.0061051453
30.3384228904 1.0062813996
30.3482379706 1.0064568761
30.3580530508 1.0066315582
30.3678681310 1.0068054294
30.3776832112 1.0069784734
30.3874982914 1.0071506738
30.3973133716 1.0073220144
30.4071284518 1.0074924791
30.4169435320 1.0076620518
30.4267586122 1.0078307165
30.4365736924 1.0079984574
30.4463887726 1.0081652588
30.4562038528 1.0083311049
30.4660189330 1.0084959802
30.4758340132 1.0086598693
30.4856490934 1.0088227567
30.4954641736 1.0089846272
30.5052792538 1.0091454657
30.5150943340 1.0093052571
30.5249094142 1.0094639865
30.5347244944 1.0096216390
30.5445395746 1.0097782000
30.5543546548 1.0099336549
30.5641697350 1.0100879891
30.5739848152 1.0102411883
30.5837998954 1.0103932384
30.5936149756 1.0105441250
30.6034300558 1.0106938344
30.6132451360 1.0108423525
30.6230602162 1.0109896657
30.6328752964 1.0111357603
30.6426903766 1.0112806229
30.6525054568 1.0114242400
30.6623205369 1.0115665985
30.6721356171 1.0117076853
30.6819506973 1.0118474874
30.6917657775 1.0119859919
30.7015808577 1.0121231862
30.7113959379 1.0122590578
30.7212110181 1.0123935943
30.7310260983 1.0125267833
30.7408411785 1.0126586129
30.7506562587 1.0127890709
30.7604713389 1.0129181456
30.7702864191 1.0130458253
30.7801014993 1.0131720984
30.7899165795 1.0132969537
30.7997316597 1.0134203798
30.8095467399 1.0135423657
30.8193618201 1.0136629005
30.8291769003 1.0137819733
30.8389919805 1.0138995737
30.8488070607 1.0140156911
30.8586221409 1.0141303152
30.8684372211 1.0142434360
30.8782523013 1.0143550434
30.8880673815 1.0144651277
30.8978824617 1.0145736792
30.9076975419 1.0146806884
30.9175126221 1.0147861460
30.9273277023 1.0148900428
30.9371427825 1.0149923699
30.9469578627 1.0150931185
30.9567729429 1.0151922799
30.9665880231 1.0152898457
30.9764031033 1.0153858075
30.9862181835 1.0154801572
30.9960332637 1.0155728870
31.0058483439 1.0156639889
31.0156634241 1.0157534554
31.0254785043 1.0158412791
31.0352935845 1.0159274526
31.0451086647 1.0160119691
31.0549237448 1.0160948214
31.0647388250 1.0161760030
31.0745539052 1.0162555073
31.0843689854 1.0163333279
31.0941840656 1.0164094587
31.1039991458 1.0164838936
31.1138142260 1.0165566269
31.1236293062 1.0166276529
31.1334443864 1.0166969662
31.1432594666 1.0167645615
31.1530745468 1.0168304338
31.1628896270 1.0168945780
31.1727047072 1.0169569897
31.1825197874 1.0170176642
31.1923348676 1.0170765971
31.2021499478 1.0171337844
31.2119650280 1.0171892221
31.2217801082 1.0172429064
31.2315951884 1.0172948337
31.2414102686 1.0173450006
31.2512253488 1.0173934040
31.2610404290 1.0174400407
31.2708555092 1.0174849081
31.2806705894 1.0175280033
31.2904856696 1.0175693240
31.3003007498 1.0176088680
31.3101158300 1.0176466330
31.3199309102 1.0176826174
31.3297459904 1.0177168192
31.3395610706 1.0177492372
31.3493761508 1.0177798698
31.3591912310 1.0178087161
31.3690063112 1.0178357750
31.3788213914 1.0178610459
31.3886364716 1.0178845281
31.3984515518 1.0179062213
31.4082666320 1.0179261254
31.4180817122 1.0179442403
31.4278967924 1.0179605661
31.4377118726 1.0179751035
31.4475269527 1.0179878527
31.4573420329 1.0179988148
31.4671571131 1.0180079905
31.4769721933 1.0180153811
31.4867872735 1.0180209879
31.4966023537 1.0180248123
31.5064174339 1.0180268562
31.5162325141 1.0180271212
31.5260475943 1.0180256096
31.5358626745 1.0180223237
31.5456777547 1.0180172657
31.5554928349 1.0180104384
31.5653079151 1.0180018445
31.5751229953 1.0179914872
31.5849380755 1.0179793694
31.5947531557 1.0179654946
31.6045682359 1.0179498664
31.6143833161 1.0179324883
31.6241983963 1.0179133644
31.6340134765 1.0178924988
31.6438285567 1.0178698955
31.6536436369 1.0178455592
31.6634587171 1.0178194944
31.6732737973 1.0177917059
31.6830888775 1.0177621986
31.6929039577 1.0177309777
31.7027190379 1.0176980485
31.7125341181 1.0176634164
31.7223491983 1.0176270872
31.7321642785 1.0175890666
31.7419793587 1.0175493607
31.7517944389 1.0175079756
31.7616095191 1.0174649176
31.7714245993 1.0174201933
31.7812396795 1.0173738092
31.7910547597 1.0173257723
31.8008698399 1.0172760895
31.8106849201 1.0172247679
31.8205000003 1.0171718150
31.8303150805 1.0171172381
31.8401301606 1.0170610449
31.8499452408 1.0170032432
31.8597603210 1.0169438410
31.8695754012 1.0168828463
31.8793904814 1.0168202674
31.8892055616 1.0167561128
31.8990206418 1.0166903910
31.9088357220 1.0166231107
31.9186508022 1.0165542808
31.9284658824 1.0164839103
31.9382809626 1.0164120084
31.9480960428 1.0163385844
31.9579111230 1.0162636477
31.9677262032 1.0161872080
31.9775412834 1.0161092749
31.9873563636 1.0160298584
31.9971714438 1.0159489684
32.0069865240 1.0158666152
32.0168016042 1.0157828090
32.0266166844 1.0156975602
32.0364317646 1.0156108794
32.0462468448 1.0155227773
32.0560619250 1.0154332648
32.0658770052 1.0153423527
32.0756920854 1.0152500521
32.0855071656 1.0151563743
32.0953222458 1.0150613305
32.1051373260 1.0149649322
32.1149524062 1.0148671910
32.1247674864 1.0147681186
32.1345825666 1.0146677268
32.1443976468 1.0145660274
32.1542127270 1.0144630326
32.1640278072 1.0143587544
32.1738428874 1.0142532052
32.1836579676 1.0141463973
32.1934730478 1.0140383432
32.2032881280 1.0139290555
32.2131032082 1.0138185468
32.2229182883 1.0137068300
32.2327333685 1.0135939179
32.2425484487 1.0134798236
32.2523635289 1.0133645601
32.2621786091 1.0132481406
32.2719936893 1.0131305784
32.2818087695 1.0130118869
32.2916238497 1.0128920796
32.3014389299 1.0127711699
32.3112540101 1.0126491716
32.3210690903 1.0125260984
32.3308841705 1.0124019641
32.3406992507 1.0122767826
32.3505143309 1.0121505678
32.3603294111 1.0120233339
32.3701444913 1.0118950949
32.3799595715 1.0117658651
32.3897746517 1.0116356588
32.3995897319 1.0115044903
32.4094048121 1.0113723740
32.4192198923 1.0112393245
32.4290349725 1.0111053563
32.4388500527 1.0109704840
32.4486651329 1.0108347223
32.4584802131 1.0106980860
32.4682952933 1.0105605900
32.4781103735 1.0104222489
32.4879254537 1.0102830779
32.4977405339 1.0101430919
32.5075556141 1.0100023059
32.5173706943 1.0098607350
32.5271857745 1.0097183943
32.5370008547 1.0095752990
32.5468159349 1.0094314644
32.5566310151 1.0092869058
32.5664460953 1.0091416384
32.5762611755 1.0089956776
32.5860762557 1.0088490388
32.5958913359 1.0087017374
32.6057064161 1.0085537889
32.6155214962 1.0084052089
32.6253365764 1.0082560128
32.6351516566 1.0081062162
32.6449667368 1.0079558348
32.6547818170 1.0078048840
32.6645968972 1.0076533796
32.6744119774 1.0075013373
32.6842270576 1.0073487727
32.6940421378 1.0071957016
32.7038572180 1.0070421396
32.7136722982 1.0068881026
32.7234873784 1.0067336063
32.7333024586 1.0065786664
32.7431175388 1.0064232988
32.7529326190 1.0062675192
32.7627476992 1.0061113435
32.7725627794 1.0059547875
32.7823778596 1.0057978669
32.7921929398 1.0056405976
32.8020080200 1.0054829955
32.8118231002 1.0053250763
32.8216381804 1.0051668559
32.8314532606 1.0050083501
32.8412683408 1.0048495746
32.8510834210 1.0046905454
32.8608985012 1.0045312782
32.8707135814 1.0043717888
32.8805286616 1.0042120930
32.8903437418 1.0040522065
32.9001588220 1.0038921451
32.9099739022 1.0037319246
32.9197889824 1.0035715606
32.9296040626 1.0034110689
32.9394191428 1.0032504651
32.9492342230 1.0030897649
32.9590493032 1.0029289840
32.9688643834 1.0027681378
32.9786794636 1.0026072422
32.9884945438 1.0024463125
32.9983096240 1.0022853643
33.0081247041 1.0021244132
33.0179397843 1.0019634746
33.0277548645 1.0018025639
33.0375699447 1.0016416965
33.0473850249 1.0014808878
33.0572001051 1.0013201531
33.0670151853 1.0011595077
33.0768302655 1.0009989668
33.0866453457 1.0008385457
33.0964604259 1.0006782595
33.1062755061 1.0005181234
33.1160905863 1.0003581524
33.1259056665 1.0001983614
33.1357207467 1.0000387656
33.1455358269 0.9998793799
33.1553509071 0.9997202190
33.1651659873 0.9995612979
33.1749810675 0.9994026313
33.1847961477 0.9992442340
33.1946112279 0.9990861205
33.2044263081 0.9989283055
33.2142413883 0.9987708036
33.2240564685 0.9986136291
33.2338715487 0.9984567967
33.2436866289 0.9983003206
33.2535017091 0.9981442151
33.2633167893 0.9979884944
33.2731318695 0.9978331728
33.2829469497 0.9976782644
33.2927620299 0.9975237831
33.3025771101 0.9973697429
33.3123921903 0.9972161579
33.3222072705 0.9970630417
33.3320223507 0.9969104081
33.3418374309 0.9967582709
33.3516525111 0.9966066436
33.3614675913 0.9964555398
33.3712826715 0.9963049729
33.3810977517 0.9961549564
33.3909128319 0.9960055034
33.4007279120 0.9958566273
33.4105429922 0.9957083413
33.4203580724 0.9955606583
33.4301731526 0.9954135913
33.4399882328 0.9952671533
33.4498033130 0.9951213571
33.4596183932 0.9949762153
33.4694334734 0.9948317408
33.4792485536 0.9946879459
33.4890636338 0.9945448433
33.4988787140 0.9944024452
33.5086937942 0.9942607639
33.5185088744 0.9941198118
33.5283239546 0.9939796009
33.5381390348 0.9938401431
33.5479541150 0.9937014506
33.5577691952 0.9935635350
33.5675842754 0.9934264082
33.5773993556 0.9932900817
33.5872144358 0.9931545673
33.5970295160 0.9930198762
33.6068445962 0.9928860199
33.6166596764 0.9927530096
33.6264747566 0.9926208566
33.6362898368 0.9924895718
33.6461049170 0.9923591662
33.6559199972 0.9922296508
33.6657350774 0.9921010363
33.6755501576 0.9919733333
33.6853652378 0.9918465523
33.6951803180 0.9917207040
33.7049953982 0.9915957986
33.7148104784 0.9914718464
33.7246255586 0.9913488574
33.7344406388 0.9912268419
33.7442557190 0.9911058096
33.7540707992 0.9909857705
33.7638858794 0.9908667342
33.7737009596 0.9907487104
33.7835160398 0.9906317085
33.7933311199 0.9905157380
33.8031462001 0.9904008082
33.8129612803 0.9902869282
33.8227763605 0.9901741071
33.8325914407 0.9900623539
33.8424065209 0.9899516773
33.8522216011 0.9898420862
33.8620366813 0.9897335892
33.8718517615 0.9896261947
33.8816668417 0.9895199112
33.8914819219 0.9894147469
33.9012970021 0.9893107101
33.9111120823 0.9892078087
33.9209271625 0.9891060507
33.9307422427 0.9890054440
33.9405573229 0.9889059962
33.9503724031 0.9888077149
33.9601874833 0.9887106077
33.9700025635 0.9886146818
33.9798176437 0.9885199445
33.9896327239 0.9884264030
33.9994478041 0.9883340643
34.0092628843 0.9882429351
34.0190779645 0.9881530224
34.0288930447 0.9880643328
34.0387081249 0.9879768727
34.0485232051 0.9878906487
34.0583382853 0.9878056670
34.0681533655 0.9877219338
34.0779684457 0.9876394552
34.0877835259 0.9875582370
34.0975986061 0.9874782852
34.1074136863 0.9873996053
34.1172287665 0.9873222031
34.1270438467 0.9872460839
34.1368589269 0.9871712530
34.1466740071 0.9870977158
34.1564890873 0.9870254772
34.1663041675 0.9869545423
34.1761192476 0.9868849159
34.1859343278 0.9868166027
34.1957494080 0.9867496074
34.2055644882 0.9866839343
34.2153795684 0.9866195880
34.2251946486 0.9865565725
34.2350097288 0.9864948921
34.2448248090 0.9864345507
34.2546398892 0.9863755522
34.2644549694 0.9863179004
34.2742700496 0.9862615988
34.2840851298 0.9862066510
34.2939002100 0.9861530603
34.3037152902 0.9861008300
34.3135303704 0.9860499633
34.3233454506 0.9860004631
34.3331605308 0.9859523323
34.3429756110 0.9859055738
34.3527906912 0.9858601900
34.3626057714 0.9858161836
34.3724208516 0.9857735570
34.3822359318 0.9857323124
34.3920510120 0.9856924519
34.4018660922 0.9856539777
34.4116811724 0.9856168915
34.4214962526 0.9855811952
34.4313113328 0.9855468904
34.4411264130 0.9855139786
34.4509414932 0.9854824613
34.4607565734 0.9854523398
34.4705716536 0.9854236152
34.4803867338 0.9853962885
34.4902018140 0.9853703607
34.5000168942 0.9853458325
34.5098319744 0.9853227047
34.5196470546 0.9853009778
34.5294621348 0.9852806522
34.5392772150 0.9852617283
34.5490922952 0.9852442061
34.5589073754 0.9852280858
34.5687224555 0.9852133673
34.5785375357 0.9852000505
34.5883526159 0.9851881350
34.5981676961 0.9851776204
34.6079827763 0.9851685062
34.6177978565 0.9851607916
34.6276129367 0.9851544760
34.6374280169 0.9851495584
34.6472430971 0.9851460378
34.6570581773 0.9851439130
34.6668732575 0.9851431828
34.6766883377 0.9851438458
34.6865034179 0.9851459005
34.6963184981 0.9851493453
34.7061335783 0.9851541783
34.7159486585 0.9851603978
34.7257637387 0.9851680018
34.7355788189 0.9851769882
34.7453938991 0.9851873548
34.7552089793 0.9851990992
34.7650240595 0.9852122190
34.7748391397 0.9852267116
34.7846542199 0.9852425743
34.7944693001 0.9852598044
34.8042843803 0.9852783989
34.8140994605 0.9852983548
34.8239145407 0.9853196689
34.8337296209 0.9853423381
34.8435447011 0.9853663588
34.8533597813 0.9853917276
34.8631748615 0.9854184410
34.8729899417 0.9854464951
34.8828050219 0.9854758862
34.8926201021 0.9855066103
34.9024351823 0.9855386634
34.9122502625 0.9855720413
34.9220653427 0.9856067396
34.9318804229 0.9856427541
34.9416955031 0.9856800802
34.9515105833 0.9857187133
34.9613256634 0.9857586487
34.9711407436 0.9857998815
34.9809558238 0.9858424068
34.9907709040 0.9858862195
35.0005859842 0.9859313146
35.0104010644 0.9859776866
35.0202161446 0.9860253303
35.0300312248 0.9860742401
35.0398463050 0.9861244105
35.0496613852 0.9861758358
35.0594764654 0.9862285101
35.0692915456 0.9862824276
35.0791066258 0.9863375823
35.0889217060 0.9863939680
35.0987367862 0.9864515785
35.1085518664 0.9865104075
35.1183669466 0.9865704486
35.1281820268 0.9866316953
35.1379971070 0.9866941408
35.1478121872 0.9867577786
35.1576272674 0.9868226017
35.1674423476 0.9868886033
35.1772574278 0.9869557763
35.1870725080 0.9870241135
35.1968875882 0.9870936078
35.2067026684 0.9871642519
35.2165177486 0.9872360383
35.2263328288 0.9873089595
35.2361479090 0.9873830079
35.2459629892 0.9874581758
35.2557780694 0.9875344554
35.2655931496 0.9876118387
35.2754082298 0.9876903179
35.2852233100 0.9877698849
35.2950383902 0.9878505314
35.3048534704 0.9879322492
35.3146685506 0.9880150300
35.3244836308 0.9880988652
35.3342987110 0.9881837465
35.3441137912 0.9882696651
35.3539288713 0.9883566124
35.3637439515 0.9884445796
35.3735590317 0.9885335577
35.3833741119 0.9886235378
35.3931891921 0.9887145110
35.4030042723 0.9888064679
35.4128193525 0.9888993995
35.4226344327 0.9889932963
35.4324495129 0.9890881491
35.4422645931 0.9891839484
35.4520796733 0.9892806846
35.4618947535 0.9893783481
35.4717098337 0.9894769292
35.4815249139 0.9895764182
35.4913399941 0.9896768050
35.5011550743 0.9897780800
35.5109701545 0.9898802329
35.5207852347 0.9899832538
35.5306003149 0.9900871324
35.5404153951 0.9901918586
35.5502304753 0.9902974220
35.5600455555 0.9904038123
35.5698606357 0.9905110190
35.5796757159 0.9906190317
35.5894907961 0.9907278396
35.5993058763 0.9908374322
35.6091209565 0.9909477988
35.6189360367 0.9910589286
35.6287511169 0.9911708106
35.6385661971 0.9912834341
35.6483812773 0.9913967879
35.6581963575 0.9915108612
35.6680114377 0.9916256427
35.6778265179 0.9917411214
35.6876415981 0.9918572859
35.6974566783 0.9919741250
35.7072717585 0.9920916274
35.7170868387 0.9922097817
35.7269019189 0.9923285764
35.7367169991 0.9924480000
35.7465320792 0.9925680410
35.7563471594 0.9926886876
35.7661622396 0.9928099284
35.7759773198 0.9929317515
35.7857924000 0.9930541451
35.7956074802 0.9931770975
35.8054225604 0.9933005968
35.8152376406 0.9934246311
35.8250527208 0.9935491884
35.8348678010 0.9936742567
35.8446828812 0.9937998240
35.8544979614 0.9939258781
35.8643130416 0.9940524070
35.8741281218 0.9941793985
35.8839432020 0.9943068403
35.8937582822 0.9944347202
35.9035733624 0.9945630259
35.9133884426 0.9946917451
35.9232035228 0.9948208654
35.9330186030 0.9949503744
35.9428336832 0.9950802597
35.9526487634 0.9952105089
35.9624638436 0.9953411094
35.9722789238 0.9954720487
35.9820940040 0.9956033143
35.9919090842 0.9957348935
36.0017241644 0.9958667738
36.0115392446 0.9959989426
36.0213543248 0.9961313872
36.0311694050 0.9962640948
36.0409844852 0.9963970529
36.0507995654 0.9965302486
36.0606146456 0.9966636693
36.0704297258 0.9967973022
36.0802448060 0.9969311345
36.0900598862 0.9970651534
36.0998749664 0.9971993460
36.1096900466 0.9973336997
36.1195051268 0.9974682015
36.1293202069 0.9976028385
36.1391352871 0.9977375981
36.1489503673 0.9978724671
36.1587654475 0.9980074329
36.1685805277 0.9981424824
36.1783956079 0.9982776029
36.1882106881 0.9984127814
36.1980257683 0.9985480050
36.2078408485 0.9986832609
36.2176559287 0.9988185361
36.2274710089 0.9989538177
36.2372860891 0.9990890928
36.2471011693 0.9992243487
36.2569162495 0.9993595722
36.2667313297 0.9994947507
36.2765464099 0.9996298711
36.2863614901 0.9997649207
36.2961765703 0.9998998865
36.3059916505 1.0000347557
36.3158067307 1.0001695156
36.3256218109 1.0003041531
36.3354368911 1.0004386557
36.3452519713 1.0005730103
36.3550670515 1.0007072044
36.3648821317 1.0008412250
36.3746972119 1.0009750595
36.3845122921 1.0011086952
36.3943273723 1.0012421193
36.4041424525 1.0013753191
36.4139575327 1.0015082821
36.4237726129 1.0016409955
36.4335876931 1.0017734469
36.4434027733 1.0019056235
36.4532178535 1.0020375128
36.4630329337 1.0021691025
36.4728480139 1.0023003798
36.4826630941 1.0024313325
36.4924781743 1.0025619481
36.5022932545 1.0026922141
36.5121083347 1.0028221184
36.5219234148 1.0029516484
36.5317384950 1.0030807921
36.5415535752 1.0032095371
36.5513686554 1.0033378713
36.5611837356 1.0034657826
36.5709988158 1.0035932587
36.5808138960 1.0037202877
36.5906289762 1.0038468576
36.6004440564 1.0039729563
36.6102591366 1.0040985721
36.6200742168 1.0042236930
36.6298892970 1.0043483072
36.6397043772 1.0044724029
36.6495194574 1.0045959685
36.6593345376 1.0047189923
36.6691496178 1.0048414627
36.6789646980 1.0049633681
36.6887797782 1.0050846972
36.6985948584 1.0052054384
36.7084099386 1.0053255804
36.7182250188 1.0054451120
36.7280400990 1.0055640218
36.7378551792 1.0056822987
36.7476702594 1.0057999317
36.7574853396 1.0059169096
36.7673004198 1.0060332216
36.7771155000 1.0061488566
36.7869305802 1.0062638040
36.7967456604 1.0063780528
36.8065607406 1.0064915925
36.8163758208 1.0066044124
36.8261909010 1.0067165020
36.8360059812 1.0068278509
36.8458210614 1.0069384486
36.8556361416 1.0070482848
36.8654512218 1.0071573494
36.8752663020 1.0072656321
36.8850813822 1.0073731229
36.8948964624 1.0074798118
36.9047115426 1.0075856890
36.9145266227 1.0076907445
36.9243417029 1.0077949687
36.9341567831 1.0078983520
36.9439718633 1.0080008847
36.9537869435 1.0081025575
36.9636020237 1.0082033608
36.9734171039 1.0083032856
36.9832321841 1.0084023224
36.9930472643 1.0085004623
37.0028623445 1.0085976963
37.0126774247 1.0086940153
37.0224925049 1.0087894107
37.0323075851 1.0088838736
37.0421226653 1.0089773955
37.0519377455 1.0090699679
37.0617528257 1.0091615822
37.0715679059 1.0092522302
37.0813829861 1.0093419036
37.0911980663 1.0094305943
37.1010131465 1.0095182944
37.1108282267 1.0096049958
37.1206433069 1.0096906908
37.1304583871 1.0097753716
37.1402734673 1.0098590307
37.1500885475 1.0099416605
37.1599036277 1.0100232537
37.1697187079 1.0101038029
37.1795337881 1.0101833011
37.1893488683 1.0102617411
37.1991639485 1.0103391160
37.2089790287 1.0104154190
37.2187941089 1.0104906433
37.2286091891 1.0105647823
37.2384242693 1.0106378295
37.2482393495 1.0107097786
37.2580544297 1.0107806232
37.2678695099 1.0108503572
37.2776845901 1.0109189746
37.2874996703 1.0109864694
37.2973147505 1.0110528359
37.3071298306 1.0111180683
37.3169449108 1.0111821610
37.3267599910 1.0112451087
37.3365750712 1.0113069060
37.3463901514 1.0113675477
37.3562052316 1.0114270287
37.3660203118 1.0114853440
37.3758353920 1.0115424888
37.3856504722 1.0115984584
37.3954655524 1.0116532482
37.4052806326 1.0117068536
37.4150957128 1.0117592704
37.4249107930 1.0118104942
37.4347258732 1.0118605211
37.4445409534 1.0119093470
37.4543560336 1.0119569681
37.4641711138 1.0120033806
37.4739861940 1.0120485810
37.4838012742 1.0120925657
37.4936163544 1.0121353315
37.5034314346 1.0121768750
37.5132465148 1.0122171933
37.5230615950 1.0122562833
37.5328766752 1.0122941421
37.5426917554 1.0123307672
37.5525068356 1.0123661559
37.5623219158 1.0124003057
37.5721369960 1.0124332143
37.5819520762 1.0124648796
37.5917671564 1.0124952994
37.6015822366 1.0125244719
37.6113973168 1.0125523952
37.6212123970 1.0125790676
37.6310274772 1.0126044876
37.6408425574 1.0126286537
37.6506576376 1.0126515647
37.6604727178 1.0126732195
37.6702877980 1.0126936169
37.6801028782 1.0127127561
37.6899179584 1.0127306364
37.6997330385 1.0127472570
37.7095481187 1.0127626174
37.7193631989 1.0127767174
37.7291782791 1.0127895566
37.7389933593 1.0128011348
37.7488084395 1.0128114522
37.7586235197 1.0128205089
37.7684385999 1.0128283050
37.7782536801 1.0128348411
37.7880687603 1.0128401176
37.7978838405 1.0128441351
37.8076989207 1.0128468946
37.8175140009 1.0128483968
37.8273290811 1.0128486429
37.8371441613 1.0128476339
37.8469592415 1.0128453712
37.8567743217 1.0128418562
37.8665894019 1.0128370904
37.8764044821 1.0128310756
37.8862195623 1.0128238135
37.8960346425 1.0128153060
37.9058497227 1.0128055552
37.9156648029 1.0127945634
37.9254798831 1.0127823327
37.9352949633 1.0127688656
37.9451100435 1.0127541647
37.9549251237 1.0127382326
37.9647402039 1.0127210722
37.9745552841 1.0127026864
37.9843703643 1.0126830781
37.9941854445 1.0126622507
38.0040005247 1.0126402073
38.0138156049 1.0126169515
38.0236306851 1.0125924866
38.0334457653 1.0125668164
38.0432608455 1.0125399447
38.0530759257 1.0125118753
38.0628910059 1.0124826123
38.0727060861 1.0124521597
38.0825211662 1.0124205218
38.0923362464 1.0123877030
38.1021513266 1.0123537078
38.1119664068 1.0123185407
38.1217814870 1.0122822064
38.1315965672 1.0122447098
38.1414116474 1.0122060558
38.1512267276 1.0121662495
38.1610418078 1.0121252960
38.1708568880 1.0120832005
38.1806719682 1.0120399685
38.1904870484 1.0119956055
38.2003021286 1.0119501170
38.2101172088 1.0119035087
38.2199322890 1.0118557865
38.2297473692 1.0118069563
38.2395624494 1.0117570241
38.2493775296 1.0117059961
38.2591926098 1.0116538784
38.2690076900 1.0116006774
38.2788227702 1.0115463996
38.2886378504 1.0114910515
38.2984529306 1.0114346397
38.3082680108 1.0113771711
38.3180830910 1.0113186523
38.3278981712 1.0112590904
38.3377132514 1.0111984925
38.3475283316 1.0111368655
38.3573434118 1.0110742169
38.3671584920 1.0110105538
38.3769735722 1.0109458838
38.3867886524 1.0108802142
38.3966037326 1.0108135528
38.4064188128 1.0107459072
38.4162338930 1.0106772852
38.4260489732 1.0106076947
38.4358640534 1.0105371436
38.4456791336 1.0104656400
38.4554942138 1.0103931919
38.4653092940 1.0103198077
38.4751243741 1.0102454956
38.4849394543 1.0101702640
38.4947545345 1.0100941213
38.5045696147 1.0100170761
38.5143846949 1.0099391371
38.5241997751 1.0098603128
38.5340148553 1.0097806122
38.5438299355 1.0097000440
38.5536450157 1.0096186171
38.5634600959 1.0095363407
38.5732751761 1.0094532237
38.5830902563 1.0093692753
38.5929053365 1.0092845047
38.6027204167 1.0091989213
38.6125354969 1.0091125342
38.6223505771 1.0090253531
38.6321656573 1.0089373874
38.6419807375 1.0088486465
38.6517958177 1.0087591403
38.6616108979 1.0086688782
38.6714259781 1.0085778701
38.6812410583 1.0084861258
38.6910561385 1.0083936552
38.7008712187 1.0083004680
38.7106862989 1.0082065745
38.7205013791 1.0081119845
38.7303164593 1.0080167081
38.7401315395 1.0079207555
38.7499466197 1.0078241370
38.7597616999 1.0077268627
38.7695767801 1.0076289429
38.7793918603 1.0075303880
38.7892069405 1.0074312083
38.7990220207 1.0073314144
38.8088371009 1.0072310167
38.8186521811 1.0071300257
38.8284672613 1.0070284520
38.8382823415 1.0069263062
38.8480974217 1.0068235989
38.8579125019 1.0067203409
38.8677275820 1.0066165429
38.8775426622 1.0065122157
38.8873577424 1.0064073700
38.8971728226 1.0063020168
38.9069879028 1.0061961668
38.9168029830 1.0060898309
38.9266180632 1.0059830202
38.9364331434 1.0058757456
38.9462482236 1.0057680181
38.9560633038 1.0056598486
38.9658783840 1.0055512483
38.9756934642 1.0054422282
38.9855085444 1.0053327995
38.9953236246 1.0052229731
39.0051387048 1.0051127604
39.0149537850 1.0050021724
39.0247688652 1.0048912204
39.0345839454 1.0047799154
39.0443990256 1.0046682688
39.0542141058 1.0045562918
39.0640291860 1.0044439957
39.0738442662 1.0043313916
39.0836593464 1.0042184909
39.0934744266 1.0041053048
39.1032895068 1.0039918447
39.1131045870 1.0038781219
39.1229196672 1.0037641476
39.1327347474 1.0036499332
39.1425498276 1.0035354899
39.1523649078 1.0034208293
39.1621799880 1.0033059625
39.1719950682 1.0031909008
39.1818101484 1.0030756558
39.1916252286 1.0029602385
39.2014403088 1.0028446605
39.2112553890 1.0027289330
39.2210704692 1.0026130674
39.2308855494 1.0024970749
39.2407006296 1.0023809669
39.2505157098 1.0022647548
39.2603307899 1.0021484497
39.2701458701 1.0020320630
39.2799609503 1.0019156060
39.2897760305 1.0017990900
39.2995911107 1.0016825261
39.3094061909 1.0015659257
39.3192212711 1.0014493000
39.3290363513 1.0013326602
39.3388514315 1.0012160174
39.3486665117 1.0010993830
39.3584815919 1.0009827680
39.3682966721 1.0008661835
39.3781117523 1.0007496408
39.3879268325 1.0006331509
39.3977419127 1.0005167248
39.4075569929 1.0004003737
39.4173720731 1.0002841085
39.4271871533 1.0001679403
39.4370022335 1.0000518800
39.4468173137 0.9999359386
39.4566323939 0.9998201271
39.4664474741 0.9997044562
39.4762625543 0.9995889369
39.4860776345 0.9994735799
39.4958927147 0.9993583962
39.5057077949 0.9992433963
39.5155228751 0.9991285912
39.5253379553 0.9990139914
39.5351530355 0.9988996076
39.5449681157 0.9987854505
39.5547831959 0.9986715305
39.5645982761 0.9985578584
39.5744133563 0.9984444444
39.5842284365 0.9983312992
39.5940435167 0.9982184331
39.6038585969 0.9981058565
39.6136736771 0.9979935798
39.6234887573 0.9978816131
39.6333038375 0.9977699669
39.6431189177 0.9976586512
39.6529339978 0.9975476762
39.6627490780 0.9974370520
39.6725641582 0.9973267887
39.6823792384 0.9972168963
39.6921943186 0.9971073847
39.7020093988 0.9969982638
39.7118244790 0.9968895434
39.7216395592 0.9967812335
39.7314546394 0.9966733436
39.7412697196 0.9965658836
39.7510847998 0.9964588630
39.7608998800 0.9963522914
39.7707149602 0.9962461784
39.7805300404 0.9961405333
39.7903451206 0.9960353657
39.8001602008 0.9959306848
39.8099752810 0.9958265000
39.8197903612 0.9957228205
39.8296054414 0.9956196554
39.8394205216 0.9955170138
39.8492356018 0.9954149049
39.8590506820 0.9953133376
39.8688657622 0.9952123207
39.8786808424 0.9951118632
39.8884959226 0.9950119738
39.8983110028 0.9949126613
39.9081260830 0.9948139343
39.9179411632 0.9947158015
39.9277562434 0.9946182713
39.9375713236 0.9945213521
39.9473864038 0.9944250524
39.9572014840 0.9943293806
39.9670165642 0.9942343447
39.9768316444 0.9941399531
39.9866467246 0.9940462138
39.9964618048 0.9939531349
40.0062768850 0.9938607243
40.0160919652 0.9937689898
40.0259070454 0.9936779394
40.0357221255 0.9935875808
40.0455372057 0.9934979216
40.0553522859 0.9934089694
40.0651673661 0.9933207318
40.0749824463 0.9932332161
40.0847975265 0.9931464298
40.0946126067 0.9930603801
40.1044276869 0.9929750742
40.1142427671 0.9928905193
40.1240578473 0.9928067225
40.1338729275 0.9927236906
40.1436880077 0.9926414307
40.1535030879 0.9925599494
40.1633181681 0.9924792536
40.1731332483 0.9923993500
40.1829483285 0.9923202450
40.1927634087 0.9922419451
