# r/sigma g(r)
0.0000000000 0.0000000000
0.0390625000 0.0000000000
0.0781250000 0.0000000000
0.1171875000 0.0000000000
0.1562500000 0.0000000000
0.1953125000 0.0000000000
0.2343750000 0.0000000000
0.2734375000 0.0000000000
0.3125000000 0.0000000000
0.3515625000 0.0000000000
0.3906250000 0.0000000000
0.4296875000 0.0000000000
0.4687500000 0.0000000000
0.5078125000 0.0000000000
0.5468750000 0.0000000000
0.5859375000 0.0000000000
0.6250000000 0.0000000000
0.6640625000 -0.0000000000
0.7031250000 0.0000000000
0.7421875000 0.0000000000
0.7812500000 0.0000000000
0.8203125000 0.0000000000
0.8593750000 0.0000000000
0.8984375000 0.0000000000
0.9375000000 0.0000000000
0.9765625000 0.0000000000
1.0156250000 3.0698408009
1.0546875000 2.6718056514
1.0937500000 2.3178166766
1.1328125000 2.0082979865
1.1718750000 1.7398593723
1.2109375000 1.5113876007
1.2500000000 1.3186459037
1.2890625000 1.1598844634
1.3281250000 1.0306702450
1.3671875000 0.9291678312
1.4062500000 0.8511164492
1.4453125000 0.7949150702
1.4843750000 0.7566563111
1.5234375000 0.7351467440
1.5625000000 0.7268908783
1.6015625000 0.7311875788
1.6406250000 0.7449268860
1.6796875000 0.7679421589
1.7187500000 0.7974185580
1.7578125000 0.8337654503
1.7968750000 0.8742985501
1.8359375000 0.9201120304
1.8750000000 0.9683366969
1.9140625000 1.0211268931
1.9531250000 1.0745129046
1.9921875000 1.1338323868
2.0312500000 1.1771526409
2.0703125000 1.1886620773
2.1093750000 1.1814077715
2.1484375000 1.1590125897
2.1875000000 1.1288586034
2.2265625000 1.0938286310
2.2656250000 1.0584575354
2.3046875000 1.0243784848
2.3437500000 0.9941816134
2.3828125000 0.9684302464
2.4218750000 0.9483685757
2.4609375000 0.9337881361
2.5000000000 0.9250438971
2.5390625000 0.9214416587
2.5781250000 0.9227949138
2.6171875000 0.9281569698
2.6562500000 0.9370535391
2.6953125000 0.9484561142
2.7343750000 0.9617763700
2.7734375000 0.9760160554
2.8125000000 0.9905815258
2.8515625000 1.0045675793
2.8906250000 1.0174342825
2.9296875000 1.0283943532
2.9687500000 1.0369851426
3.0078125000 1.0425310797
3.0468750000 1.0446960361
3.0859375000 1.0434148503
3.1250000000 1.0392131950
3.1640625000 1.0326495288
3.2031250000 1.0245638958
3.2421875000 1.0156431279
3.2812500000 1.0066754764
3.3203125000 0.9982064517
3.3593750000 0.9907941452
3.3984375000 0.9847331018
3.4375000000 0.9803028298
3.4765625000 0.9775412993
3.5156250000 0.9764800357
3.5546875000 0.9769529140
3.5937500000 0.9788134937
3.6328125000 0.9817684461
3.6718750000 0.9855746919
3.7109375000 0.9898902818
3.7500000000 0.9944507959
3.7890625000 0.9989329280
3.8281250000 1.0031110329
3.8671875000 1.0067306244
3.9062500000 1.0096468824
3.9453125000 1.0117065892
3.9843750000 1.0128708310
4.0234375000 1.0131047472
4.0625000000 1.0124868423
4.1015625000 1.0111020066
4.1406250000 1.0091280334
4.1796875000 1.0067259207
4.2187500000 1.0041131258
4.2578125000 1.0014616072
4.2968750000 0.9989669188
4.3359375000 0.9967585625
4.3750000000 0.9949689100
4.4140625000 0.9936564025
4.4531250000 0.9928750072
4.4921875000 0.9926087484
4.5312500000 0.9928404367
4.5703125000 0.9934950678
4.6093750000 0.9945061350
4.6484375000 0.9957651438
4.6875000000 0.9971840786
4.7265625000 0.9986486804
4.7656250000 1.0000758780
4.8046875000 1.0013693162
4.8437500000 1.0024710699
4.8828125000 1.0033184629
4.9218750000 1.0038900775
4.9609375000 1.0041633023
5.0000000000 1.0041550408
5.0390625000 1.0038799359
5.0781250000 1.0033862788
5.1171875000 1.0027151494
5.1562500000 1.0019324195
5.1953125000 1.0010895374
5.2343750000 1.0002531513
5.2734375000 0.9994686933
5.3125000000 0.9987889548
5.3515625000 0.9982412379
5.3906250000 0.9978557364
5.4296875000 0.9976362767
5.4687500000 0.9975886991
5.5078125000 0.9976949294
5.5468750000 0.9979408404
5.5859375000 0.9982930146
5.6250000000 0.9987256764
5.6640625000 0.9991991841
5.7031250000 0.9996855504
5.7421875000 1.0001479344
5.7812500000 1.0005642978
5.8203125000 1.0009075271
5.8593750000 1.0011668882
5.8984375000 1.0013285650
5.9375000000 1.0013949550
5.9765625000 1.0013655426
6.0156250000 1.0012543088
6.0546875000 1.0010710344
6.0937500000 1.0008372051
6.1328125000 1.0005679915
6.1718750000 1.0002870877
6.2109375000 1.0000096377
6.2500000000 0.9997564497
6.2890625000 0.9995381199
6.3281250000 0.9993689105
6.3671875000 0.9992521911
6.4062500000 0.9991941339
6.4453125000 0.9991904338
6.4843750000 0.9992397783
6.5234375000 0.9993316870
6.5625000000 0.9994596488
6.6015625000 0.9996097778
6.6406250000 0.9997734548
6.6796875000 0.9999365638
6.7187500000 1.0000914378
6.7578125000 1.0002264557
6.7968750000 1.0003372107
6.8359375000 1.0004163027
6.8750000000 1.0004637230
6.9140625000 1.0004767689
6.9531250000 1.0004597159
6.9921875000 1.0004139005
7.0312500000 1.0003467450
7.0703125000 1.0002621224
7.1093750000 1.0001688873
7.1484375000 1.0000716066
7.1875000000 0.9999787559
7.2265625000 0.9998938909
7.2656250000 0.9998236297
7.3046875000 0.9997693583
7.3437500000 0.9997350298
7.3828125000 0.9997193844
7.4218750000 0.9997236463
7.4609375000 0.9997441956
7.5000000000 0.9997800847
7.5390625000 0.9998261429
7.5781250000 0.9998802384
7.6171875000 0.9999367185
7.6562500000 0.9999933641
7.6953125000 1.0000450612
7.7343750000 1.0000904381
7.7734375000 1.0001256830
7.8125000000 1.0001508221
7.8515625000 1.0001636815
7.8906250000 1.0001658278
7.9296875000 1.0001566458
7.9687500000 1.0001389558
8.0078125000 1.0001132633
8.0468750000 1.0000831148
8.0859375000 1.0000495347
8.1250000000 1.0000161375
8.1640625000 0.9999838307
8.2031250000 0.9999557380
8.2421875000 0.9999321363
8.2812500000 0.9999152967
8.3203125000 0.9999046229
8.3593750000 0.9999013821
8.3984375000 0.9999041122
8.4375000000 0.9999132040
8.4765625000 0.9999265483
8.5156250000 0.9999439662
8.5546875000 0.9999630313
8.5937500000 0.9999833856
8.6328125000 1.0000026841
8.6718750000 1.0000207248
8.7109375000 1.0000355479
8.7500000000 1.0000473797
8.7890625000 1.0000548289
8.8281250000 1.0000586444
8.8671875000 1.0000580195
8.9062500000 1.0000541902
8.9453125000 1.0000468343
8.9843750000 1.0000375046
9.0234375000 1.0000261576
9.0625000000 1.0000144454
9.1015625000 1.0000023795
9.1406250000 0.9999914980
9.1796875000 0.9999816628
9.2187500000 0.9999741230
9.2578125000 0.9999684774
9.2968750000 0.9999656153
9.3359375000 0.9999648241
9.3750000000 0.9999666478
9.4140625000 0.9999701172
9.4531250000 0.9999755069
9.4921875000 0.9999817171
9.5312500000 0.9999888870
9.5703125000 0.9999958944
9.6093750000 1.0000028997
9.6484375000 1.0000088638
9.6875000000 1.0000140956
9.7265625000 1.0000177250
9.7656250000 1.0000202311
9.8046875000 1.0000209808
9.8437500000 1.0000206182
9.8828125000 1.0000187069
9.9218750000 1.0000160312
9.9609375000 1.0000122915
10.0000000000 1.0000083288
10.0390625000 1.0000038985
10.0781250000 0.9999998224
10.1171875000 0.9999958333
10.1562500000 0.9999926668
10.1953125000 0.9999899718
10.2343750000 0.9999883650
10.2734375000 0.9999873793
10.3125000000 0.9999875106
10.3515625000 0.9999881852
10.3906250000 0.9999897788
10.4296875000 0.9999916782
10.4687500000 0.9999941688
10.5078125000 0.9999966151
10.5468750000 0.9999992938
10.5859375000 1.0000016017
10.6250000000 1.0000038284
10.6640625000 1.0000054307
10.7031250000 1.0000067705
10.7421875000 1.0000073702
10.7812500000 1.0000076619
10.8203125000 1.0000072438
10.8593750000 1.0000065958
10.8984375000 1.0000053885
10.9375000000 1.0000041283
10.9765625000 1.0000025139
11.0156250000 1.0000010583
11.0546875000 0.9999994561
11.0937500000 0.9999982064
11.1328125000 0.9999969787
11.1718750000 0.9999962240
11.2109375000 0.9999955845
11.2500000000 0.9999954536
11.2890625000 0.9999954420
11.3281250000 0.9999958959
11.3671875000 0.9999963988
11.4062500000 0.9999972614
11.4453125000 0.9999980611
11.4843750000 0.9999990851
11.5234375000 0.9999999233
11.5625000000 1.0000008614
11.6015625000 1.0000015121
11.6406250000 1.0000021732
11.6796875000 1.0000024899
11.7187500000 1.0000027755
11.7578125000 1.0000027143
11.7968750000 1.0000026331
11.8359375000 1.0000022437
11.8750000000 1.0000018901
11.9140625000 1.0000012985
11.9531250000 1.0000008123
11.9921875000 1.0000001731
12.0312500000 0.9999997109
12.0703125000 0.9999991644
12.1093750000 0.9999988508
12.1484375000 0.9999984953
12.1875000000 0.9999984011
12.2265625000 0.9999982781
12.2656250000 0.9999984076
12.3046875000 0.9999984933
12.3437500000 0.9999988010
12.3828125000 0.9999990271
12.4218750000 0.9999994292
12.4609375000 0.9999997041
12.5000000000 1.0000001064
12.5390625000 1.0000003410
12.5781250000 1.0000006622
12.6171875000 1.0000007903
12.6562500000 1.0000009848
12.6953125000 1.0000009743
12.7343750000 1.0000010281
12.7734375000 1.0000008876
12.8125000000 1.0000008259
12.8515625000 1.0000005924
12.8906250000 1.0000004606
12.9296875000 1.0000001906
12.9687500000 1.0000000462
13.0078125000 0.9999997929
13.0468750000 0.9999996863
13.0859375000 0.9999994951
13.1250000000 0.9999994622
13.1640625000 0.9999993531
13.2031250000 0.9999994044
13.2421875000 0.9999993772
13.2812500000 0.9999995014
13.3203125000 0.9999995385
13.3593750000 0.9999997111
13.3984375000 0.9999997795
13.4375000000 0.9999999597
13.4765625000 1.0000000282
13.5156250000 1.0000001881
13.5546875000 1.0000002254
13.5937500000 1.0000003415
13.6328125000 1.0000003307
13.6718750000 1.0000003946
13.7109375000 1.0000003341
13.7500000000 1.0000003489
13.7890625000 1.0000002497
13.8281250000 1.0000002319
13.8671875000 1.0000001109
13.9062500000 1.0000000796
13.9453125000 0.9999999591
13.9843750000 0.9999999359
14.0234375000 0.9999998331
14.0625000000 0.9999998324
14.1015625000 0.9999997583
14.1406250000 0.9999997874
14.1796875000 0.9999997452
14.2187500000 0.9999998041
14.2578125000 0.9999997880
14.2968750000 0.9999998676
14.3359375000 0.9999998669
14.3750000000 0.9999999579
14.4140625000 0.9999999619
14.4531250000 1.0000000476
14.4921875000 1.0000000445
14.5312500000 1.0000001169
14.5703125000 1.0000000958
14.6093750000 1.0000001495
14.6484375000 1.0000001109
14.6875000000 1.0000001456
14.7265625000 1.0000000895
14.7656250000 1.0000001107
14.8046875000 1.0000000425
14.8437500000 1.0000000566
14.8828125000 0.9999999859
14.9218750000 1.0000000006
14.9609375000 0.9999999343
15.0000000000 0.9999999555
15.0390625000 0.9999998991
15.0781250000 0.9999999317
15.1171875000 0.9999998859
15.1562500000 0.9999999283
15.1953125000 0.9999998954
15.2343750000 0.9999999466
15.2734375000 0.9999999213
15.3125000000 0.9999999766
15.3515625000 0.9999999562
15.3906250000 1.0000000130
15.4296875000 0.9999999892
15.4687500000 1.0000000397
15.5078125000 1.0000000138
15.5468750000 1.0000000612
15.5859375000 1.0000000259
15.6250000000 1.0000000622
15.6640625000 1.0000000223
15.7031250000 1.0000000515
15.7421875000 1.0000000086
15.7812500000 1.0000000327
15.8203125000 0.9999999890
15.8593750000 1.0000000117
15.8984375000 0.9999999687
15.9375000000 0.9999999928
15.9765625000 0.9999999536
16.0156250000 0.9999999813
16.0546875000 0.9999999468
16.0937500000 0.9999999766
16.1328125000 0.9999999483
16.1718750000 0.9999999819
16.2109375000 0.9999999571
16.2500000000 0.9999999917
16.2890625000 0.9999999693
16.3281250000 1.0000000059
16.3671875000 0.9999999829
16.4062500000 1.0000000176
16.4453125000 0.9999999939
16.4843750000 1.0000000263
16.5234375000 1.0000000007
16.5625000000 1.0000000292
16.6015625000 1.0000000007
16.6406250000 1.0000000268
16.6796875000 0.9999999961
16.7187500000 1.0000000203
16.7578125000 0.9999999901
16.7968750000 1.0000000116
16.8359375000 0.9999999819
16.8750000000 1.0000000040
16.9140625000 0.9999999736
16.9531250000 0.9999999984
16.9921875000 0.9999999701
17.0312500000 0.9999999966
17.0703125000 0.9999999701
17.1093750000 0.9999999956
17.1484375000 0.9999999713
17.1875000000 0.9999999989
17.2265625000 0.9999999756
17.2656250000 1.0000000035
17.3046875000 0.9999999811
17.3437500000 1.0000000090
17.3828125000 0.9999999858
17.4218750000 1.0000000120
17.4609375000 0.9999999891
17.5000000000 1.0000000144
17.5390625000 0.9999999902
17.5781250000 1.0000000126
17.6171875000 0.9999999896
17.6562500000 1.0000000114
17.6953125000 0.9999999872
17.7343750000 1.0000000084
17.7734375000 0.9999999844
17.8125000000 1.0000000064
17.8515625000 0.9999999818
17.8906250000 1.0000000027
17.9296875000 0.9999999813
17.9687500000 1.0000000016
18.0078125000 0.9999999800
18.0468750000 1.0000000019
18.0859375000 0.9999999810
18.1250000000 1.0000000036
18.1640625000 0.9999999839
18.2031250000 1.0000000051
18.2421875000 0.9999999854
18.2812500000 1.0000000060
18.3203125000 0.9999999873
18.3593750000 1.0000000084
18.3984375000 0.9999999890
18.4375000000 1.0000000094
18.4765625000 0.9999999891
18.5156250000 1.0000000081
18.5546875000 0.9999999888
18.5937500000 1.0000000074
18.6328125000 0.9999999886
18.6718750000 1.0000000070
18.7109375000 0.9999999872
18.7500000000 1.0000000042
18.7890625000 0.9999999865
18.8281250000 1.0000000044
18.8671875000 0.9999999860
18.9062500000 1.0000000032
18.9453125000 0.9999999857
18.9843750000 1.0000000029
19.0234375000 0.9999999869
19.0625000000 1.0000000023
19.1015625000 0.9999999895
19.1406250000 1.0000000053
19.1796875000 0.9999999896
19.2187500000 1.0000000046
19.2578125000 0.9999999891
19.2968750000 1.0000000069
19.3359375000 0.9999999888
19.3750000000 1.0000000070
19.4140625000 0.9999999885
19.4531250000 1.0000000069
19.4921875000 0.9999999864
19.5312500000 1.0000000041
19.5703125000 0.9999999883
19.6093750000 1.0000000055
19.6484375000 0.9999999890
19.6875000000 1.0000000042
19.7265625000 0.9999999887
19.7656250000 1.0000000045
19.8046875000 0.9999999906
19.8437500000 1.0000000041
19.8828125000 0.9999999910
19.9218750000 1.0000000029
19.9609375000 0.9999999906
20.0000000000 1.0000000037
20.0390625000 0.9999999906
20.0781250000 1.0000000032
20.1171875000 0.9999999915
20.1562500000 1.0000000048
20.1953125000 0.9999999914
20.2343750000 1.0000000049
20.2734375000 0.9999999900
20.3125000000 1.0000000031
20.3515625000 0.9999999897
20.3906250000 1.0000000036
20.4296875000 0.9999999889
20.4687500000 1.0000000034
20.5078125000 0.9999999868
20.5468750000 1.0000000022
20.5859375000 0.9999999870
20.6250000000 1.0000000045
20.6640625000 0.9999999870
20.7031250000 1.0000000007
20.7421875000 0.9999999879
20.7812500000 1.0000000016
20.8203125000 0.9999999913
20.8593750000 1.0000000018
20.8984375000 0.9999999931
20.9375000000 1.0000000033
20.9765625000 0.9999999930
21.0156250000 1.0000000034
21.0546875000 0.9999999910
21.0937500000 1.0000000029
21.1328125000 0.9999999899
21.1718750000 1.0000000027
21.2109375000 0.9999999893
21.2500000000 1.0000000021
21.2890625000 0.9999999892
21.3281250000 1.0000000031
21.3671875000 0.9999999888
21.4062500000 1.0000000024
21.4453125000 0.9999999891
21.4843750000 1.0000000035
21.5234375000 0.9999999893
21.5625000000 1.0000000030
21.6015625000 0.9999999903
21.6406250000 1.0000000045
21.6796875000 0.9999999904
21.7187500000 1.0000000034
21.7578125000 0.9999999910
21.7968750000 1.0000000039
21.8359375000 0.9999999913
21.8750000000 1.0000000027
21.9140625000 0.9999999910
21.9531250000 1.0000000041
21.9921875000 0.9999999919
22.0312500000 1.0000000032
22.0703125000 0.9999999915
22.1093750000 1.0000000033
22.1484375000 0.9999999908
22.1875000000 1.0000000019
22.2265625000 0.9999999913
22.2656250000 1.0000000023
22.3046875000 0.9999999916
22.3437500000 1.0000000028
22.3828125000 0.9999999920
22.4218750000 1.0000000020
22.4609375000 0.9999999926
22.5000000000 1.0000000025
22.5390625000 0.9999999925
22.5781250000 1.0000000022
22.6171875000 0.9999999930
22.6562500000 1.0000000026
22.6953125000 0.9999999931
22.7343750000 1.0000000019
22.7734375000 0.9999999930
22.8125000000 1.0000000026
22.8515625000 0.9999999925
22.8906250000 1.0000000011
22.9296875000 0.9999999931
22.9687500000 1.0000000019
23.0078125000 0.9999999929
23.0468750000 1.0000000022
23.0859375000 0.9999999922
23.1250000000 1.0000000015
23.1640625000 0.9999999922
23.2031250000 1.0000000017
23.2421875000 0.9999999912
23.2812500000 1.0000000022
23.3203125000 0.9999999912
23.3593750000 1.0000000023
23.3984375000 0.9999999909
23.4375000000 1.0000000020
23.4765625000 0.9999999905
23.5156250000 1.0000000029
23.5546875000 0.9999999904
23.5937500000 1.0000000026
23.6328125000 0.9999999902
23.6718750000 1.0000000028
23.7109375000 0.9999999902
23.7500000000 1.0000000023
23.7890625000 0.9999999899
23.8281250000 1.0000000022
23.8671875000 0.9999999901
23.9062500000 1.0000000021
23.9453125000 0.9999999899
23.9843750000 1.0000000023
24.0234375000 0.9999999904
24.0625000000 1.0000000021
24.1015625000 0.9999999909
24.1406250000 1.0000000014
24.1796875000 0.9999999916
24.2187500000 1.0000000022
24.2578125000 0.9999999912
24.2968750000 1.0000000012
24.3359375000 0.9999999919
24.3750000000 1.0000000023
24.4140625000 0.9999999924
24.4531250000 1.0000000018
24.4921875000 0.9999999935
24.5312500000 1.0000000019
24.5703125000 0.9999999928
24.6093750000 1.0000000014
24.6484375000 0.9999999928
24.6875000000 1.0000000018
24.7265625000 0.9999999925
24.7656250000 1.0000000014
24.8046875000 0.9999999923
24.8437500000 1.0000000012
24.8828125000 0.9999999921
24.9218750000 1.0000000011
24.9609375000 0.9999999919
25.0000000000 1.0000000011
25.0390625000 0.9999999916
25.0781250000 1.0000000015
25.1171875000 0.9999999912
25.1562500000 1.0000000016
25.1953125000 0.9999999909
25.2343750000 1.0000000014
25.2734375000 0.9999999914
25.3125000000 1.0000000010
25.3515625000 0.9999999918
25.3906250000 1.0000000022
25.4296875000 0.9999999919
25.4687500000 1.0000000020
25.5078125000 0.9999999927
25.5468750000 1.0000000023
25.5859375000 0.9999999931
25.6250000000 1.0000000029
25.6640625000 0.9999999929
25.7031250000 1.0000000012
25.7421875000 0.9999999923
25.7812500000 1.0000000012
25.8203125000 0.9999999934
25.8593750000 1.0000000015
25.8984375000 0.9999999932
25.9375000000 1.0000000017
25.9765625000 0.9999999929
26.0156250000 1.0000000014
26.0546875000 0.9999999932
26.0937500000 1.0000000012
26.1328125000 0.9999999942
26.1718750000 1.0000000013
26.2109375000 0.9999999945
26.2500000000 1.0000000015
26.2890625000 0.9999999952
26.3281250000 1.0000000014
26.3671875000 0.9999999951
26.4062500000 1.0000000013
26.4453125000 0.9999999954
26.4843750000 1.0000000020
26.5234375000 0.9999999950
26.5625000000 1.0000000013
26.6015625000 0.9999999954
26.6406250000 1.0000000011
26.6796875000 0.9999999951
26.7187500000 1.0000000007
26.7578125000 0.9999999948
26.7968750000 1.0000000004
26.8359375000 0.9999999943
26.8750000000 1.0000000007
26.9140625000 0.9999999941
26.9531250000 1.0000000013
26.9921875000 0.9999999939
27.0312500000 1.0000000003
27.0703125000 0.9999999937
27.1093750000 1.0000000009
27.1484375000 0.9999999933
27.1875000000 1.0000000004
27.2265625000 0.9999999933
27.2656250000 1.0000000000
27.3046875000 0.9999999938
27.3437500000 1.0000000009
27.3828125000 0.9999999939
27.4218750000 1.0000000009
27.4609375000 0.9999999938
27.5000000000 1.0000000007
27.5390625000 0.9999999939
27.5781250000 1.0000000010
27.6171875000 0.9999999940
27.6562500000 1.0000000006
27.6953125000 0.9999999938
27.7343750000 1.0000000006
27.7734375000 0.9999999944
27.8125000000 1.0000000005
27.8515625000 0.9999999936
27.8906250000 1.0000000000
27.9296875000 0.9999999932
27.9687500000 1.0000000000
28.0078125000 0.9999999934
28.0468750000 1.0000000014
28.0859375000 0.9999999933
28.1250000000 1.0000000013
28.1640625000 0.9999999936
28.2031250000 1.0000000009
28.2421875000 0.9999999939
28.2812500000 1.0000000011
28.3203125000 0.9999999935
28.3593750000 1.0000000018
28.3984375000 0.9999999939
28.4375000000 1.0000000019
28.4765625000 0.9999999938
28.5156250000 1.0000000021
28.5546875000 0.9999999932
28.5937500000 1.0000000013
28.6328125000 0.9999999928
28.6718750000 1.0000000016
28.7109375000 0.9999999929
28.7500000000 1.0000000011
28.7890625000 0.9999999926
28.8281250000 1.0000000010
28.8671875000 0.9999999926
28.9062500000 1.0000000005
28.9453125000 0.9999999920
28.9843750000 0.9999999999
29.0234375000 0.9999999922
29.0625000000 0.9999999996
29.1015625000 0.9999999920
29.1406250000 0.9999999995
29.1796875000 0.9999999925
29.2187500000 0.9999999998
29.2578125000 0.9999999922
29.2968750000 0.9999999992
29.3359375000 0.9999999928
29.3750000000 0.9999999992
29.4140625000 0.9999999933
29.4531250000 0.9999999999
29.4921875000 0.9999999935
29.5312500000 0.9999999998
29.5703125000 0.9999999927
29.6093750000 1.0000000014
29.6484375000 0.9999999928
29.6875000000 1.0000000008
29.7265625000 0.9999999932
29.7656250000 0.9999999992
29.8046875000 0.9999999941
29.8437500000 0.9999999999
29.8828125000 0.9999999940
29.9218750000 0.9999999994
29.9609375000 0.9999999948
30.0000000000 1.0000000000
30.0390625000 0.9999999952
30.0781250000 1.0000000001
30.1171875000 0.9999999957
30.1562500000 1.0000000010
30.1953125000 0.9999999957
30.2343750000 1.0000000004
30.2734375000 0.9999999957
30.3125000000 1.0000000005
30.3515625000 0.9999999957
30.3906250000 1.0000000005
30.4296875000 0.9999999952
30.4687500000 1.0000000005
30.5078125000 0.9999999947
30.5468750000 1.0000000000
30.5859375000 0.9999999949
30.6250000000 1.0000000013
30.6640625000 0.9999999946
30.7031250000 1.0000000009
30.7421875000 0.9999999924
30.7812500000 1.0000000004
30.8203125000 0.9999999924
30.8593750000 0.9999999993
30.8984375000 0.9999999913
30.9375000000 1.0000000001
30.9765625000 0.9999999920
31.0156250000 1.0000000001
31.0546875000 0.9999999915
31.0937500000 1.0000000007
31.1328125000 0.9999999917
31.1718750000 1.0000000005
31.2109375000 0.9999999915
31.2500000000 1.0000000008
31.2890625000 0.9999999918
31.3281250000 1.0000000009
31.3671875000 0.9999999914
31.4062500000 1.0000000011
31.4453125000 0.9999999919
31.4843750000 1.0000000014
31.5234375000 0.9999999919
31.5625000000 1.0000000009
31.6015625000 0.9999999913
31.6406250000 1.0000000010
31.6796875000 0.9999999910
31.7187500000 1.0000000003
31.7578125000 0.9999999911
31.7968750000 1.0000000005
31.8359375000 0.9999999904
31.8750000000 0.9999999998
31.9140625000 0.9999999905
31.9531250000 1.0000000000
31.9921875000 0.9999999901
32.0312500000 0.9999999999
32.0703125000 0.9999999905
32.1093750000 1.0000000004
32.1484375000 0.9999999906
32.1875000000 1.0000000003
32.2265625000 0.9999999912
32.2656250000 1.0000000008
32.3046875000 0.9999999913
32.3437500000 1.0000000010
32.3828125000 0.9999999914
32.4218750000 1.0000000008
32.4609375000 0.9999999915
32.5000000000 1.0000000004
32.5390625000 0.9999999913
32.5781250000 1.0000000010
32.6171875000 0.9999999914
32.6562500000 1.0000000008
32.6953125000 0.9999999913
32.7343750000 1.0000000000
32.7734375000 0.9999999915
32.8125000000 1.0000000005
32.8515625000 0.9999999918
32.8906250000 1.0000000005
32.9296875000 0.9999999915
32.9687500000 1.0000000005
33.0078125000 0.9999999923
33.0468750000 1.0000000010
33.0859375000 0.9999999923
33.1250000000 1.0000000006
33.1640625000 0.9999999920
33.2031250000 1.0000000013
33.2421875000 0.9999999923
33.2812500000 1.0000000007
33.3203125000 0.9999999927
33.3593750000 1.0000000012
33.3984375000 0.9999999923
33.4375000000 1.0000000010
33.4765625000 0.9999999923
33.5156250000 1.0000000008
33.5546875000 0.9999999923
33.5937500000 1.0000000002
33.6328125000 0.9999999923
33.6718750000 1.0000000007
33.7109375000 0.9999999922
33.7500000000 1.0000000005
33.7890625000 0.9999999919
33.8281250000 1.0000000000
33.8671875000 0.9999999924
33.9062500000 0.9999999999
33.9453125000 0.9999999923
33.9843750000 1.0000000005
34.0234375000 0.9999999925
34.0625000000 1.0000000004
34.1015625000 0.9999999929
34.1406250000 1.0000000009
34.1796875000 0.9999999930
34.2187500000 1.0000000005
34.2578125000 0.9999999919
34.2968750000 1.0000000005
34.3359375000 0.9999999915
34.3750000000 1.0000000011
34.4140625000 0.9999999917
34.4531250000 1.0000000002
34.4921875000 0.9999999922
34.5312500000 1.0000000008
34.5703125000 0.9999999916
34.6093750000 1.0000000004
34.6484375000 0.9999999924
34.6875000000 1.0000000003
34.7265625000 0.9999999922
34.7656250000 1.0000000005
34.8046875000 0.9999999920
34.8437500000 1.0000000002
34.8828125000 0.9999999922
34.9218750000 1.0000000003
34.9609375000 0.9999999921
35.0000000000 1.0000000003
35.0390625000 0.9999999921
35.0781250000 1.0000000005
35.1171875000 0.9999999918
35.1562500000 1.0000000003
35.1953125000 0.9999999917
35.2343750000 1.0000000004
35.2734375000 0.9999999919
35.3125000000 0.9999999999
35.3515625000 0.9999999916
35.3906250000 1.0000000012
35.4296875000 0.9999999922
35.4687500000 1.0000000000
35.5078125000 0.9999999920
35.5468750000 1.0000000013
35.5859375000 0.9999999924
35.6250000000 1.0000000007
35.6640625000 0.9999999919
35.7031250000 1.0000000012
35.7421875000 0.9999999920
35.7812500000 1.0000000002
35.8203125000 0.9999999922
35.8593750000 1.0000000005
35.8984375000 0.9999999922
35.9375000000 1.0000000002
35.9765625000 0.9999999924
36.0156250000 1.0000000005
36.0546875000 0.9999999928
36.0937500000 1.0000000004
36.1328125000 0.9999999929
36.1718750000 1.0000000004
36.2109375000 0.9999999933
36.2500000000 1.0000000003
36.2890625000 0.9999999935
36.3281250000 1.0000000006
36.3671875000 0.9999999938
36.4062500000 1.0000000002
36.4453125000 0.9999999938
36.4843750000 1.0000000003
36.5234375000 0.9999999942
36.5625000000 1.0000000002
36.6015625000 0.9999999939
36.6406250000 1.0000000003
36.6796875000 0.9999999938
36.7187500000 1.0000000003
36.7578125000 0.9999999933
36.7968750000 1.0000000001
36.8359375000 0.9999999936
36.8750000000 1.0000000002
36.9140625000 0.9999999937
36.9531250000 0.9999999999
36.9921875000 0.9999999940
37.0312500000 1.0000000007
37.0703125000 0.9999999936
37.1093750000 1.0000000001
37.1484375000 0.9999999932
37.1875000000 1.0000000007
37.2265625000 0.9999999927
37.2656250000 1.0000000001
37.3046875000 0.9999999925
37.3437500000 1.0000000006
37.3828125000 0.9999999924
37.4218750000 1.0000000001
37.4609375000 0.9999999924
37.5000000000 1.0000000006
37.5390625000 0.9999999921
37.5781250000 1.0000000000
37.6171875000 0.9999999919
37.6562500000 1.0000000003
37.6953125000 0.9999999922
37.7343750000 0.9999999998
37.7734375000 0.9999999923
37.8125000000 1.0000000005
37.8515625000 0.9999999926
37.8906250000 1.0000000001
37.9296875000 0.9999999928
37.9687500000 1.0000000000
38.0078125000 0.9999999933
38.0468750000 0.9999999996
38.0859375000 0.9999999933
38.1250000000 1.0000000004
38.1640625000 0.9999999934
38.2031250000 1.0000000005
38.2421875000 0.9999999934
38.2812500000 1.0000000004
38.3203125000 0.9999999939
38.3593750000 1.0000000005
38.3984375000 0.9999999941
38.4375000000 1.0000000006
38.4765625000 0.9999999943
38.5156250000 1.0000000004
38.5546875000 0.9999999942
38.5937500000 1.0000000005
38.6328125000 0.9999999942
38.6718750000 1.0000000005
38.7109375000 0.9999999941
38.7500000000 1.0000000002
38.7890625000 0.9999999943
38.8281250000 1.0000000001
38.8671875000 0.9999999945
38.9062500000 1.0000000008
38.9453125000 0.9999999944
38.9843750000 1.0000000001
39.0234375000 0.9999999944
39.0625000000 0.9999999992
39.1015625000 0.9999999950
39.1406250000 0.9999999997
39.1796875000 0.9999999948
39.2187500000 1.0000000013
39.2578125000 0.9999999940
39.2968750000 0.9999999991
39.3359375000 0.9999999940
39.3750000000 1.0000000003
39.4140625000 0.9999999970
39.4531250000 1.0000000015
39.4921875000 0.9999999954
39.5312500000 0.9999999998
39.5703125000 0.9999999973
39.6093750000 1.0000000006
39.6484375000 0.9999999985
39.6875000000 1.0000000002
39.7265625000 0.9999999983
39.7656250000 1.0000000007
39.8046875000 0.9999999973
39.8437500000 0.9999999994
39.8828125000 0.9999999974
39.9218750000 1.0000000001
39.9609375000 0.9999999975
40.0000000000 1.0000000003
40.0390625000 0.9999999974
40.0781250000 1.0000000002
40.1171875000 0.9999999980
40.1562500000 0.9999999999
40.1953125000 0.9999999986
40.2343750000 0.9999999992
40.2734375000 0.9999999991
40.3125000000 0.9999999985
40.3515625000 0.9999999981
40.3906250000 0.9999999992
40.4296875000 0.9999999977
40.4687500000 1.0000000008
40.5078125000 0.9999999969
40.5468750000 1.0000000003
40.5859375000 0.9999999974
40.6250000000 0.9999999990
40.6640625000 0.9999999989
40.7031250000 1.0000000016
40.7421875000 0.9999999982
40.7812500000 1.0000000003
40.8203125000 0.9999999972
40.8593750000 1.0000000005
40.8984375000 0.9999999963
40.9375000000 1.0000000004
40.9765625000 0.9999999957
41.0156250000 1.0000000006
41.0546875000 0.9999999956
41.0937500000 1.0000000008
41.1328125000 0.9999999960
41.1718750000 1.0000000002
41.2109375000 0.9999999959
41.2500000000 1.0000000003
41.2890625000 0.9999999955
41.3281250000 1.0000000001
41.3671875000 0.9999999955
41.4062500000 1.0000000006
41.4453125000 0.9999999955
41.4843750000 1.0000000001
41.5234375000 0.9999999956
41.5625000000 1.0000000005
41.6015625000 0.9999999954
41.6406250000 1.0000000002
41.6796875000 0.9999999950
41.7187500000 1.0000000005
41.7578125000 0.9999999949
41.7968750000 1.0000000001
41.8359375000 0.9999999947
41.8750000000 1.0000000004
41.9140625000 0.9999999945
41.9531250000 0.9999999998
41.9921875000 0.9999999943
42.0312500000 1.0000000000
42.0703125000 0.9999999943
42.1093750000 1.0000000001
42.1484375000 0.9999999939
42.1875000000 1.0000000003
42.2265625000 0.9999999943
42.2656250000 0.9999999997
42.3046875000 0.9999999939
42.3437500000 0.9999999996
42.3828125000 0.9999999938
42.4218750000 0.9999999999
42.4609375000 0.9999999939
42.5000000000 1.0000000000
42.5390625000 0.9999999940
42.5781250000 1.0000000004
42.6171875000 0.9999999939
42.6562500000 0.9999999998
42.6953125000 0.9999999938
42.7343750000 1.0000000002
42.7734375000 0.9999999939
42.8125000000 1.0000000001
42.8515625000 0.9999999938
42.8906250000 1.0000000000
42.9296875000 0.9999999937
42.9687500000 1.0000000003
43.0078125000 0.9999999938
43.0468750000 0.9999999998
43.0859375000 0.9999999937
43.1250000000 1.0000000001
43.1640625000 0.9999999939
43.2031250000 1.0000000001
43.2421875000 0.9999999940
43.2812500000 1.0000000002
43.3203125000 0.9999999944
43.3593750000 1.0000000000
43.3984375000 0.9999999944
43.4375000000 1.0000000000
43.4765625000 0.9999999943
43.5156250000 1.0000000003
43.5546875000 0.9999999946
43.5937500000 1.0000000004
43.6328125000 0.9999999949
43.6718750000 1.0000000005
43.7109375000 0.9999999948
43.7500000000 1.0000000005
43.7890625000 0.9999999950
43.8281250000 1.0000000007
43.8671875000 0.9999999952
43.9062500000 1.0000000004
43.9453125000 0.9999999952
43.9843750000 1.0000000007
44.0234375000 0.9999999951
44.0625000000 1.0000000006
44.1015625000 0.9999999953
44.1406250000 1.0000000009
44.1796875000 0.9999999951
44.2187500000 1.0000000004
44.2578125000 0.9999999946
44.2968750000 1.0000000006
44.3359375000 0.9999999938
44.3750000000 0.9999999996
44.4140625000 0.9999999936
44.4531250000 1.0000000002
44.4921875000 0.9999999939
44.5312500000 1.0000000002
44.5703125000 0.9999999929
44.6093750000 1.0000000007
44.6484375000 0.9999999930
44.6875000000 1.0000000001
44.7265625000 0.9999999931
44.7656250000 1.0000000000
44.8046875000 0.9999999933
44.8437500000 1.0000000001
44.8828125000 0.9999999932
44.9218750000 1.0000000001
44.9609375000 0.9999999933
45.0000000000 0.9999999998
45.0390625000 0.9999999932
45.0781250000 0.9999999998
45.1171875000 0.9999999931
45.1562500000 1.0000000001
45.1953125000 0.9999999933
45.2343750000 0.9999999996
45.2734375000 0.9999999937
45.3125000000 1.0000000001
45.3515625000 0.9999999938
45.3906250000 1.0000000003
45.4296875000 0.9999999943
45.4687500000 0.9999999996
45.5078125000 0.9999999948
45.5468750000 0.9999999998
45.5859375000 0.9999999954
45.6250000000 1.0000000003
45.6640625000 0.9999999954
45.7031250000 1.0000000002
45.7421875000 0.9999999956
45.7812500000 1.0000000000
45.8203125000 0.9999999960
45.8593750000 1.0000000003
45.8984375000 0.9999999963
45.9375000000 1.0000000004
45.9765625000 0.9999999966
46.0156250000 0.9999999997
46.0546875000 0.9999999970
46.0937500000 1.0000000004
46.1328125000 0.9999999970
46.1718750000 0.9999999999
46.2109375000 0.9999999973
46.2500000000 1.0000000001
46.2890625000 0.9999999974
46.3281250000 0.9999999999
46.3671875000 0.9999999977
46.4062500000 1.0000000004
46.4453125000 0.9999999977
46.4843750000 1.0000000003
46.5234375000 0.9999999978
46.5625000000 1.0000000002
46.6015625000 0.9999999977
46.6406250000 0.9999999999
46.6796875000 0.9999999972
46.7187500000 1.0000000007
46.7578125000 0.9999999969
46.7968750000 0.9999999999
46.8359375000 0.9999999965
46.8750000000 1.0000000005
46.9140625000 0.9999999966
46.9531250000 0.9999999999
46.9921875000 0.9999999965
47.0312500000 0.9999999998
47.0703125000 0.9999999967
47.1093750000 0.9999999998
47.1484375000 0.9999999964
47.1875000000 1.0000000000
47.2265625000 0.9999999967
47.2656250000 0.9999999998
47.3046875000 0.9999999962
47.3437500000 1.0000000000
47.3828125000 0.9999999964
47.4218750000 1.0000000001
47.4609375000 0.9999999961
47.5000000000 1.0000000004
47.5390625000 0.9999999960
47.5781250000 1.0000000004
47.6171875000 0.9999999955
47.6562500000 1.0000000002
47.6953125000 0.9999999956
47.7343750000 1.0000000002
47.7734375000 0.9999999954
47.8125000000 1.0000000001
47.8515625000 0.9999999953
47.8906250000 1.0000000001
47.9296875000 0.9999999952
47.9687500000 1.0000000001
48.0078125000 0.9999999957
48.0468750000 1.0000000006
48.0859375000 0.9999999956
48.1250000000 1.0000000000
48.1640625000 0.9999999960
48.2031250000 1.0000000004
48.2421875000 0.9999999960
48.2812500000 1.0000000000
48.3203125000 0.9999999962
48.3593750000 1.0000000006
48.3984375000 0.9999999964
48.4375000000 1.0000000004
48.4765625000 0.9999999965
48.5156250000 1.0000000004
48.5546875000 0.9999999963
48.5937500000 1.0000000001
48.6328125000 0.9999999963
48.6718750000 1.0000000003
48.7109375000 0.9999999963
48.7500000000 0.9999999999
48.7890625000 0.9999999966
48.8281250000 1.0000000003
48.8671875000 0.9999999968
48.9062500000 0.9999999998
48.9453125000 0.9999999967
48.9843750000 0.9999999999
49.0234375000 0.9999999970
49.0625000000 1.0000000001
49.1015625000 0.9999999970
49.1406250000 0.9999999999
49.1796875000 0.9999999975
49.2187500000 0.9999999996
49.2578125000 0.9999999976
49.2968750000 1.0000000000
49.3359375000 0.9999999980
49.3750000000 0.9999999997
49.4140625000 0.9999999977
49.4531250000 1.0000000003
49.4921875000 0.9999999973
49.5312500000 0.9999999999
49.5703125000 0.9999999965
49.6093750000 1.0000000006
49.6484375000 0.9999999963
49.6875000000 1.0000000000
49.7265625000 0.9999999965
49.7656250000 1.0000000000
49.8046875000 0.9999999959
49.8437500000 1.0000000001
49.8828125000 0.9999999959
49.9218750000 0.9999999997
49.9609375000 0.9999999957
50.0000000000 1.0000000001
50.0390625000 0.9999999957
50.0781250000 1.0000000000
50.1171875000 0.9999999957
50.1562500000 1.0000000004
50.1953125000 0.9999999958
50.2343750000 1.0000000005
50.2734375000 0.9999999959
50.3125000000 1.0000000000
50.3515625000 0.9999999960
50.3906250000 0.9999999999
50.4296875000 0.9999999959
50.4687500000 0.9999999997
50.5078125000 0.9999999954
50.5468750000 1.0000000000
50.5859375000 0.9999999951
50.6250000000 0.9999999996
50.6640625000 0.9999999947
50.7031250000 0.9999999996
50.7421875000 0.9999999946
50.7812500000 1.0000000002
50.8203125000 0.9999999942
50.8593750000 0.9999999999
50.8984375000 0.9999999945
50.9375000000 0.9999999998
50.9765625000 0.9999999952
51.0156250000 1.0000000001
51.0546875000 0.9999999955
51.0937500000 1.0000000001
51.1328125000 0.9999999956
51.1718750000 0.9999999998
51.2109375000 0.9999999955
51.2500000000 1.0000000002
51.2890625000 0.9999999956
51.3281250000 1.0000000000
51.3671875000 0.9999999953
51.4062500000 1.0000000000
51.4453125000 0.9999999954
51.4843750000 0.9999999999
51.5234375000 0.9999999950
51.5625000000 0.9999999999
51.6015625000 0.9999999950
51.6406250000 0.9999999998
51.6796875000 0.9999999945
51.7187500000 0.9999999998
51.7578125000 0.9999999944
51.7968750000 1.0000000002
51.8359375000 0.9999999943
51.8750000000 1.0000000005
51.9140625000 0.9999999942
51.9531250000 1.0000000006
51.9921875000 0.9999999938
52.0312500000 1.0000000003
52.0703125000 0.9999999940
52.1093750000 1.0000000005
52.1484375000 0.9999999939
52.1875000000 1.0000000004
52.2265625000 0.9999999939
52.2656250000 1.0000000005
52.3046875000 0.9999999940
52.3437500000 1.0000000001
52.3828125000 0.9999999938
52.4218750000 1.0000000004
52.4609375000 0.9999999941
52.5000000000 1.0000000000
52.5390625000 0.9999999940
52.5781250000 1.0000000004
52.6171875000 0.9999999943
52.6562500000 1.0000000001
52.6953125000 0.9999999942
52.7343750000 0.9999999999
52.7734375000 0.9999999946
52.8125000000 0.9999999998
52.8515625000 0.9999999943
52.8906250000 1.0000000001
52.9296875000 0.9999999946
52.9687500000 1.0000000000
53.0078125000 0.9999999945
53.0468750000 1.0000000001
53.0859375000 0.9999999947
53.1250000000 1.0000000000
53.1640625000 0.9999999950
53.2031250000 0.9999999998
53.2421875000 0.9999999955
53.2812500000 1.0000000003
53.3203125000 0.9999999953
53.3593750000 0.9999999996
53.3984375000 0.9999999955
53.4375000000 1.0000000000
53.4765625000 0.9999999955
53.5156250000 1.0000000001
53.5546875000 0.9999999955
53.5937500000 1.0000000003
53.6328125000 0.9999999954
53.6718750000 0.9999999999
53.7109375000 0.9999999953
53.7500000000 1.0000000002
53.7890625000 0.9999999953
53.8281250000 0.9999999999
53.8671875000 0.9999999953
53.9062500000 1.0000000002
53.9453125000 0.9999999953
53.9843750000 1.0000000001
54.0234375000 0.9999999949
54.0625000000 1.0000000000
54.1015625000 0.9999999948
54.1406250000 1.0000000001
54.1796875000 0.9999999950
54.2187500000 1.0000000000
54.2578125000 0.9999999947
54.2968750000 0.9999999999
54.3359375000 0.9999999944
54.3750000000 1.0000000000
54.4140625000 0.9999999946
54.4531250000 1.0000000002
54.4921875000 0.9999999948
54.5312500000 1.0000000001
54.5703125000 0.9999999949
54.6093750000 1.0000000003
54.6484375000 0.9999999951
54.6875000000 0.9999999997
54.7265625000 0.9999999956
54.7656250000 0.9999999998
54.8046875000 0.9999999952
54.8437500000 1.0000000000
54.8828125000 0.9999999951
54.9218750000 0.9999999999
54.9609375000 0.9999999951
55.0000000000 0.9999999998
55.0390625000 0.9999999951
55.0781250000 1.0000000000
55.1171875000 0.9999999950
55.1562500000 1.0000000001
55.1953125000 0.9999999952
55.2343750000 0.9999999997
55.2734375000 0.9999999954
55.3125000000 1.0000000005
55.3515625000 0.9999999952
55.3906250000 1.0000000001
55.4296875000 0.9999999951
55.4687500000 1.0000000007
55.5078125000 0.9999999952
55.5468750000 1.0000000002
55.5859375000 0.9999999954
55.6250000000 1.0000000001
55.6640625000 0.9999999952
55.7031250000 1.0000000000
55.7421875000 0.9999999952
55.7812500000 1.0000000000
55.8203125000 0.9999999953
55.8593750000 0.9999999996
55.8984375000 0.9999999952
55.9375000000 0.9999999997
55.9765625000 0.9999999954
56.0156250000 0.9999999999
56.0546875000 0.9999999954
56.0937500000 0.9999999997
56.1328125000 0.9999999957
56.1718750000 0.9999999999
56.2109375000 0.9999999959
56.2500000000 0.9999999999
56.2890625000 0.9999999961
56.3281250000 1.0000000001
56.3671875000 0.9999999963
56.4062500000 1.0000000000
56.4453125000 0.9999999963
56.4843750000 1.0000000000
56.5234375000 0.9999999963
56.5625000000 0.9999999998
56.6015625000 0.9999999962
56.6406250000 1.0000000001
56.6796875000 0.9999999963
56.7187500000 0.9999999998
56.7578125000 0.9999999960
56.7968750000 0.9999999996
56.8359375000 0.9999999960
56.8750000000 0.9999999999
56.9140625000 0.9999999958
56.9531250000 0.9999999998
56.9921875000 0.9999999961
57.0312500000 1.0000000001
57.0703125000 0.9999999964
57.1093750000 1.0000000000
57.1484375000 0.9999999963
57.1875000000 1.0000000003
57.2265625000 0.9999999961
57.2656250000 1.0000000004
57.3046875000 0.9999999960
57.3437500000 1.0000000004
57.3828125000 0.9999999961
57.4218750000 1.0000000004
57.4609375000 0.9999999959
57.5000000000 1.0000000004
57.5390625000 0.9999999958
57.5781250000 1.0000000002
57.6171875000 0.9999999957
57.6562500000 0.9999999999
57.6953125000 0.9999999956
57.7343750000 1.0000000001
57.7734375000 0.9999999955
57.8125000000 1.0000000000
57.8515625000 0.9999999955
57.8906250000 1.0000000000
57.9296875000 0.9999999956
57.9687500000 0.9999999996
58.0078125000 0.9999999955
58.0468750000 1.0000000003
58.0859375000 0.9999999953
58.1250000000 1.0000000001
58.1640625000 0.9999999958
58.2031250000 1.0000000001
58.2421875000 0.9999999956
58.2812500000 1.0000000000
58.3203125000 0.9999999954
58.3593750000 1.0000000002
58.3984375000 0.9999999954
58.4375000000 0.9999999999
58.4765625000 0.9999999954
58.5156250000 1.0000000001
58.5546875000 0.9999999954
58.5937500000 1.0000000001
58.6328125000 0.9999999951
58.6718750000 0.9999999998
58.7109375000 0.9999999950
58.7500000000 0.9999999997
58.7890625000 0.9999999948
58.8281250000 0.9999999998
58.8671875000 0.9999999947
58.9062500000 0.9999999998
58.9453125000 0.9999999948
58.9843750000 0.9999999995
59.0234375000 0.9999999949
59.0625000000 0.9999999998
59.1015625000 0.9999999948
59.1406250000 0.9999999999
59.1796875000 0.9999999947
59.2187500000 1.0000000006
59.2578125000 0.9999999948
59.2968750000 1.0000000003
59.3359375000 0.9999999950
59.3750000000 1.0000000002
59.4140625000 0.9999999953
59.4531250000 1.0000000004
59.4921875000 0.9999999954
59.5312500000 0.9999999999
59.5703125000 0.9999999961
59.6093750000 1.0000000002
59.6484375000 0.9999999961
59.6875000000 0.9999999995
59.7265625000 0.9999999960
59.7656250000 1.0000000006
59.8046875000 0.9999999961
59.8437500000 0.9999999998
59.8828125000 0.9999999958
59.9218750000 1.0000000005
59.9609375000 0.9999999959
60.0000000000 1.0000000001
60.0390625000 0.9999999960
60.0781250000 1.0000000003
60.1171875000 0.9999999962
60.1562500000 1.0000000001
60.1953125000 0.9999999964
60.2343750000 1.0000000005
60.2734375000 0.9999999962
60.3125000000 1.0000000008
60.3515625000 0.9999999959
60.3906250000 1.0000000009
60.4296875000 0.9999999962
60.4687500000 1.0000000011
60.5078125000 0.9999999952
60.5468750000 1.0000000004
60.5859375000 0.9999999954
60.6250000000 1.0000000000
60.6640625000 0.9999999951
60.7031250000 0.9999999995
60.7421875000 0.9999999953
60.7812500000 1.0000000000
60.8203125000 0.9999999956
60.8593750000 0.9999999995
60.8984375000 0.9999999956
60.9375000000 0.9999999998
60.9765625000 0.9999999958
61.0156250000 1.0000000003
61.0546875000 0.9999999960
61.0937500000 1.0000000002
61.1328125000 0.9999999962
61.1718750000 1.0000000002
61.2109375000 0.9999999962
61.2500000000 1.0000000002
61.2890625000 0.9999999961
61.3281250000 1.0000000000
61.3671875000 0.9999999960
61.4062500000 0.9999999999
61.4453125000 0.9999999959
61.4843750000 1.0000000000
61.5234375000 0.9999999956
61.5625000000 1.0000000000
61.6015625000 0.9999999959
61.6406250000 0.9999999999
61.6796875000 0.9999999960
61.7187500000 1.0000000000
61.7578125000 0.9999999961
61.7968750000 0.9999999996
61.8359375000 0.9999999960
61.8750000000 0.9999999996
61.9140625000 0.9999999961
61.9531250000 0.9999999999
61.9921875000 0.9999999960
62.0312500000 0.9999999999
62.0703125000 0.9999999959
62.1093750000 0.9999999997
62.1484375000 0.9999999961
62.1875000000 0.9999999997
62.2265625000 0.9999999960
62.2656250000 0.9999999997
62.3046875000 0.9999999958
62.3437500000 0.9999999997
62.3828125000 0.9999999958
62.4218750000 0.9999999997
62.4609375000 0.9999999959
62.5000000000 0.9999999998
62.5390625000 0.9999999960
62.5781250000 0.9999999999
62.6171875000 0.9999999960
62.6562500000 1.0000000000
62.6953125000 0.9999999960
62.7343750000 1.0000000000
62.7734375000 0.9999999963
62.8125000000 1.0000000000
62.8515625000 0.9999999965
62.8906250000 1.0000000000
62.9296875000 0.9999999966
62.9687500000 1.0000000001
63.0078125000 0.9999999968
63.0468750000 1.0000000000
63.0859375000 0.9999999966
63.1250000000 1.0000000000
63.1640625000 0.9999999966
63.2031250000 1.0000000003
63.2421875000 0.9999999966
63.2812500000 1.0000000000
63.3203125000 0.9999999968
63.3593750000 0.9999999998
63.3984375000 0.9999999966
63.4375000000 0.9999999999
63.4765625000 0.9999999967
63.5156250000 1.0000000002
63.5546875000 0.9999999967
63.5937500000 1.0000000002
63.6328125000 0.9999999966
63.6718750000 1.0000000002
63.7109375000 0.9999999966
63.7500000000 1.0000000002
63.7890625000 0.9999999964
63.8281250000 1.0000000002
63.8671875000 0.9999999965
63.9062500000 1.0000000001
63.9453125000 0.9999999965
63.9843750000 1.0000000002
64.0234375000 0.9999999964
64.0625000000 1.0000000003
64.1015625000 0.9999999964
64.1406250000 1.0000000000
64.1796875000 0.9999999961
64.2187500000 1.0000000000
64.2578125000 0.9999999961
64.2968750000 1.0000000001
64.3359375000 0.9999999961
64.3750000000 0.9999999998
64.4140625000 0.9999999959
64.4531250000 1.0000000000
64.4921875000 0.9999999958
64.5312500000 0.9999999997
64.5703125000 0.9999999956
64.6093750000 1.0000000001
64.6484375000 0.9999999955
64.6875000000 1.0000000000
64.7265625000 0.9999999952
64.7656250000 0.9999999998
64.8046875000 0.9999999952
64.8437500000 0.9999999996
64.8828125000 0.9999999954
64.9218750000 0.9999999997
64.9609375000 0.9999999954
65.0000000000 0.9999999998
65.0390625000 0.9999999956
65.0781250000 0.9999999998
65.1171875000 0.9999999955
65.1562500000 0.9999999999
65.1953125000 0.9999999955
65.2343750000 1.0000000000
65.2734375000 0.9999999952
65.3125000000 0.9999999997
65.3515625000 0.9999999950
65.3906250000 1.0000000000
65.4296875000 0.9999999949
65.4687500000 0.9999999996
65.5078125000 0.9999999949
65.5468750000 1.0000000002
65.5859375000 0.9999999950
65.6250000000 1.0000000002
65.6640625000 0.9999999953
65.7031250000 1.0000000000
65.7421875000 0.9999999953
65.7812500000 1.0000000003
65.8203125000 0.9999999955
65.8593750000 1.0000000002
65.8984375000 0.9999999956
65.9375000000 1.0000000004
65.9765625000 0.9999999958
66.0156250000 1.0000000003
66.0546875000 0.9999999957
66.0937500000 1.0000000002
66.1328125000 0.9999999956
66.1718750000 1.0000000002
66.2109375000 0.9999999956
66.2500000000 1.0000000003
66.2890625000 0.9999999958
66.3281250000 1.0000000004
66.3671875000 0.9999999958
66.4062500000 1.0000000001
66.4453125000 0.9999999958
66.4843750000 1.0000000002
66.5234375000 0.9999999958
66.5625000000 1.0000000000
66.6015625000 0.9999999961
66.6406250000 1.0000000002
66.6796875000 0.9999999961
66.7187500000 1.0000000000
66.7578125000 0.9999999960
66.7968750000 1.0000000002
66.8359375000 0.9999999962
66.8750000000 0.9999999996
66.9140625000 0.9999999964
66.9531250000 1.0000000001
66.9921875000 0.9999999966
67.0312500000 1.0000000001
67.0703125000 0.9999999964
67.1093750000 1.0000000001
67.1484375000 0.9999999964
67.1875000000 0.9999999998
67.2265625000 0.9999999964
67.2656250000 0.9999999998
67.3046875000 0.9999999967
67.3437500000 1.0000000000
67.3828125000 0.9999999967
67.4218750000 0.9999999997
67.4609375000 0.9999999968
67.5000000000 0.9999999997
67.5390625000 0.9999999967
67.5781250000 0.9999999998
67.6171875000 0.9999999967
67.6562500000 1.0000000000
67.6953125000 0.9999999968
67.7343750000 0.9999999998
67.7734375000 0.9999999969
67.8125000000 0.9999999999
67.8515625000 0.9999999969
67.8906250000 0.9999999999
67.9296875000 0.9999999968
67.9687500000 1.0000000002
68.0078125000 0.9999999970
68.0468750000 1.0000000001
68.0859375000 0.9999999969
68.1250000000 1.0000000002
68.1640625000 0.9999999966
68.2031250000 0.9999999999
68.2421875000 0.9999999966
68.2812500000 1.0000000000
68.3203125000 0.9999999969
68.3593750000 1.0000000000
68.3984375000 0.9999999969
68.4375000000 1.0000000002
68.4765625000 0.9999999967
68.5156250000 1.0000000001
68.5546875000 0.9999999965
68.5937500000 0.9999999999
68.6328125000 0.9999999966
68.6718750000 1.0000000001
68.7109375000 0.9999999966
68.7500000000 1.0000000002
68.7890625000 0.9999999968
68.8281250000 1.0000000001
68.8671875000 0.9999999967
68.9062500000 1.0000000001
68.9453125000 0.9999999968
68.9843750000 1.0000000002
69.0234375000 0.9999999970
69.0625000000 1.0000000000
69.1015625000 0.9999999971
69.1406250000 1.0000000003
69.1796875000 0.9999999970
69.2187500000 1.0000000002
69.2578125000 0.9999999970
69.2968750000 1.0000000001
69.3359375000 0.9999999968
69.3750000000 1.0000000004
69.4140625000 0.9999999966
69.4531250000 1.0000000002
69.4921875000 0.9999999965
69.5312500000 0.9999999997
69.5703125000 0.9999999965
69.6093750000 1.0000000002
69.6484375000 0.9999999967
69.6875000000 1.0000000005
69.7265625000 0.9999999967
69.7656250000 1.0000000004
69.8046875000 0.9999999971
69.8437500000 1.0000000002
69.8828125000 0.9999999968
69.9218750000 1.0000000002
69.9609375000 0.9999999969
70.0000000000 1.0000000001
70.0390625000 0.9999999968
70.0781250000 1.0000000001
70.1171875000 0.9999999971
70.1562500000 1.0000000001
70.1953125000 0.9999999972
70.2343750000 0.9999999999
70.2734375000 0.9999999971
70.3125000000 1.0000000002
70.3515625000 0.9999999968
70.3906250000 0.9999999999
70.4296875000 0.9999999973
70.4687500000 1.0000000001
70.5078125000 0.9999999975
70.5468750000 0.9999999999
70.5859375000 0.9999999973
70.6250000000 1.0000000002
70.6640625000 0.9999999971
70.7031250000 1.0000000003
70.7421875000 0.9999999970
70.7812500000 1.0000000003
70.8203125000 0.9999999971
70.8593750000 1.0000000005
70.8984375000 0.9999999970
70.9375000000 0.9999999998
70.9765625000 0.9999999970
71.0156250000 1.0000000002
71.0546875000 0.9999999971
71.0937500000 0.9999999998
71.1328125000 0.9999999970
71.1718750000 0.9999999999
71.2109375000 0.9999999970
71.2500000000 1.0000000001
71.2890625000 0.9999999968
71.3281250000 0.9999999998
71.3671875000 0.9999999968
71.4062500000 0.9999999998
71.4453125000 0.9999999965
71.4843750000 0.9999999999
71.5234375000 0.9999999965
71.5625000000 1.0000000001
71.6015625000 0.9999999962
71.6406250000 0.9999999998
71.6796875000 0.9999999962
71.7187500000 0.9999999998
71.7578125000 0.9999999960
71.7968750000 0.9999999999
71.8359375000 0.9999999958
71.8750000000 1.0000000001
71.9140625000 0.9999999958
71.9531250000 1.0000000000
71.9921875000 0.9999999955
72.0312500000 1.0000000001
72.0703125000 0.9999999955
72.1093750000 0.9999999999
72.1484375000 0.9999999955
72.1875000000 1.0000000000
72.2265625000 0.9999999958
72.2656250000 1.0000000000
72.3046875000 0.9999999956
72.3437500000 1.0000000003
72.3828125000 0.9999999956
72.4218750000 1.0000000002
72.4609375000 0.9999999955
72.5000000000 1.0000000000
72.5390625000 0.9999999957
72.5781250000 1.0000000002
72.6171875000 0.9999999955
72.6562500000 1.0000000001
72.6953125000 0.9999999957
72.7343750000 1.0000000002
72.7734375000 0.9999999956
72.8125000000 1.0000000000
72.8515625000 0.9999999958
72.8906250000 1.0000000002
72.9296875000 0.9999999956
72.9687500000 1.0000000001
73.0078125000 0.9999999957
73.0468750000 1.0000000001
73.0859375000 0.9999999960
73.1250000000 0.9999999999
73.1640625000 0.9999999962
73.2031250000 1.0000000002
73.2421875000 0.9999999964
73.2812500000 1.0000000000
73.3203125000 0.9999999963
73.3593750000 0.9999999999
73.3984375000 0.9999999966
73.4375000000 1.0000000000
73.4765625000 0.9999999966
73.5156250000 1.0000000002
73.5546875000 0.9999999969
73.5937500000 1.0000000001
73.6328125000 0.9999999969
73.6718750000 1.0000000000
73.7109375000 0.9999999968
73.7500000000 0.9999999999
73.7890625000 0.9999999967
73.8281250000 1.0000000001
73.8671875000 0.9999999969
73.9062500000 1.0000000001
73.9453125000 0.9999999967
73.9843750000 1.0000000000
74.0234375000 0.9999999965
74.0625000000 1.0000000001
74.1015625000 0.9999999966
74.1406250000 0.9999999998
74.1796875000 0.9999999964
74.2187500000 0.9999999999
74.2578125000 0.9999999963
74.2968750000 1.0000000000
74.3359375000 0.9999999962
74.3750000000 0.9999999998
74.4140625000 0.9999999961
74.4531250000 1.0000000002
74.4921875000 0.9999999963
74.5312500000 1.0000000000
74.5703125000 0.9999999961
74.6093750000 1.0000000003
74.6484375000 0.9999999962
74.6875000000 0.9999999996
74.7265625000 0.9999999960
74.7656250000 1.0000000000
74.8046875000 0.9999999962
74.8437500000 0.9999999999
74.8828125000 0.9999999961
74.9218750000 0.9999999998
74.9609375000 0.9999999963
75.0000000000 1.0000000000
75.0390625000 0.9999999962
75.0781250000 0.9999999999
75.1171875000 0.9999999962
75.1562500000 1.0000000000
75.1953125000 0.9999999963
75.2343750000 1.0000000002
75.2734375000 0.9999999964
75.3125000000 1.0000000000
75.3515625000 0.9999999965
75.3906250000 1.0000000003
75.4296875000 0.9999999963
75.4687500000 1.0000000001
75.5078125000 0.9999999961
75.5468750000 0.9999999999
75.5859375000 0.9999999965
75.6250000000 1.0000000002
75.6640625000 0.9999999966
75.7031250000 0.9999999999
75.7421875000 0.9999999965
75.7812500000 0.9999999999
75.8203125000 0.9999999966
75.8593750000 0.9999999999
75.8984375000 0.9999999967
75.9375000000 0.9999999999
75.9765625000 0.9999999967
76.0156250000 1.0000000002
76.0546875000 0.9999999970
76.0937500000 1.0000000001
76.1328125000 0.9999999970
76.1718750000 1.0000000002
76.2109375000 0.9999999970
76.2500000000 1.0000000001
76.2890625000 0.9999999970
76.3281250000 1.0000000001
76.3671875000 0.9999999970
76.4062500000 1.0000000001
76.4453125000 0.9999999970
76.4843750000 1.0000000000
76.5234375000 0.9999999971
76.5625000000 1.0000000001
76.6015625000 0.9999999969
76.6406250000 1.0000000000
76.6796875000 0.9999999971
76.7187500000 1.0000000001
76.7578125000 0.9999999970
76.7968750000 0.9999999999
76.8359375000 0.9999999969
76.8750000000 0.9999999998
76.9140625000 0.9999999968
76.9531250000 0.9999999998
76.9921875000 0.9999999971
77.0312500000 1.0000000000
77.0703125000 0.9999999972
77.1093750000 0.9999999998
77.1484375000 0.9999999973
77.1875000000 1.0000000002
77.2265625000 0.9999999973
77.2656250000 0.9999999998
77.3046875000 0.9999999973
77.3437500000 0.9999999999
77.3828125000 0.9999999974
77.4218750000 0.9999999998
77.4609375000 0.9999999973
77.5000000000 1.0000000001
77.5390625000 0.9999999975
77.5781250000 0.9999999999
77.6171875000 0.9999999975
77.6562500000 1.0000000002
77.6953125000 0.9999999976
77.7343750000 1.0000000000
77.7734375000 0.9999999976
77.8125000000 1.0000000002
77.8515625000 0.9999999976
77.8906250000 1.0000000000
77.9296875000 0.9999999973
77.9687500000 1.0000000002
78.0078125000 0.9999999971
78.0468750000 1.0000000002
78.0859375000 0.9999999970
78.1250000000 1.0000000002
78.1640625000 0.9999999969
78.2031250000 1.0000000000
78.2421875000 0.9999999966
78.2812500000 1.0000000001
78.3203125000 0.9999999964
78.3593750000 0.9999999999
78.3984375000 0.9999999962
78.4375000000 1.0000000001
78.4765625000 0.9999999961
78.5156250000 1.0000000001
78.5546875000 0.9999999960
78.5937500000 1.0000000001
78.6328125000 0.9999999960
78.6718750000 1.0000000003
78.7109375000 0.9999999959
78.7500000000 0.9999999998
78.7890625000 0.9999999958
78.8281250000 1.0000000001
78.8671875000 0.9999999956
78.9062500000 0.9999999998
78.9453125000 0.9999999957
78.9843750000 0.9999999999
79.0234375000 0.9999999953
79.0625000000 0.9999999996
79.1015625000 0.9999999958
79.1406250000 0.9999999998
79.1796875000 0.9999999959
79.2187500000 1.0000000009
79.2578125000 0.9999999959
79.2968750000 1.0000000014
79.3359375000 0.9999999953
79.3750000000 1.0000000002
79.4140625000 0.9999999957
79.4531250000 1.0000000001
79.4921875000 0.9999999962
79.5312500000 0.9999999999
79.5703125000 0.9999999966
79.6093750000 1.0000000002
79.6484375000 0.9999999975
79.6875000000 1.0000000000
79.7265625000 0.9999999972
79.7656250000 0.9999999992
79.8046875000 0.9999999978
79.8437500000 1.0000000000
79.8828125000 0.9999999981
79.9218750000 1.0000000000
79.9609375000 0.9999999981
80.0000000000 1.0000000001
80.0390625000 0.9999999981
80.0781250000 0.9999999993
80.1171875000 0.9999999982
80.1562500000 0.9999999997
80.1953125000 0.9999999978
80.2343750000 1.0000000008
80.2734375000 0.9999999979
80.3125000000 0.9999999995
80.3515625000 0.9999999979
80.3906250000 0.9999999993
80.4296875000 0.9999999980
80.4687500000 1.0000000001
80.5078125000 0.9999999978
80.5468750000 1.0000000011
80.5859375000 0.9999999982
80.6250000000 0.9999999996
80.6640625000 0.9999999972
80.7031250000 1.0000000002
80.7421875000 0.9999999985
80.7812500000 1.0000000005
80.8203125000 0.9999999984
80.8593750000 1.0000000008
80.8984375000 0.9999999981
80.9375000000 1.0000000006
80.9765625000 0.9999999972
81.0156250000 1.0000000000
81.0546875000 0.9999999971
81.0937500000 0.9999999998
81.1328125000 0.9999999972
81.1718750000 1.0000000000
81.2109375000 0.9999999971
81.2500000000 1.0000000001
81.2890625000 0.9999999972
81.3281250000 1.0000000000
81.3671875000 0.9999999973
81.4062500000 0.9999999999
81.4453125000 0.9999999972
81.4843750000 0.9999999998
81.5234375000 0.9999999975
81.5625000000 1.0000000001
81.6015625000 0.9999999973
81.6406250000 0.9999999998
81.6796875000 0.9999999974
81.7187500000 0.9999999998
81.7578125000 0.9999999973
81.7968750000 0.9999999997
81.8359375000 0.9999999976
81.8750000000 1.0000000001
81.9140625000 0.9999999977
81.9531250000 0.9999999997
81.9921875000 0.9999999977
82.0312500000 1.0000000003
82.0703125000 0.9999999978
82.1093750000 0.9999999996
82.1484375000 0.9999999978
82.1875000000 0.9999999999
82.2265625000 0.9999999978
82.2656250000 1.0000000000
82.3046875000 0.9999999975
82.3437500000 0.9999999999
82.3828125000 0.9999999974
82.4218750000 0.9999999998
82.4609375000 0.9999999972
82.5000000000 0.9999999999
82.5390625000 0.9999999972
82.5781250000 1.0000000001
82.6171875000 0.9999999971
82.6562500000 1.0000000001
82.6953125000 0.9999999971
82.7343750000 1.0000000002
82.7734375000 0.9999999968
82.8125000000 1.0000000001
82.8515625000 0.9999999969
82.8906250000 1.0000000003
82.9296875000 0.9999999969
82.9687500000 1.0000000002
83.0078125000 0.9999999968
83.0468750000 1.0000000003
83.0859375000 0.9999999967
83.1250000000 1.0000000001
83.1640625000 0.9999999966
83.2031250000 1.0000000001
83.2421875000 0.9999999966
83.2812500000 0.9999999999
83.3203125000 0.9999999966
83.3593750000 1.0000000003
83.3984375000 0.9999999968
83.4375000000 1.0000000001
83.4765625000 0.9999999968
83.5156250000 1.0000000001
83.5546875000 0.9999999971
83.5937500000 1.0000000001
83.6328125000 0.9999999972
83.6718750000 1.0000000000
83.7109375000 0.9999999973
83.7500000000 1.0000000001
83.7890625000 0.9999999974
83.8281250000 1.0000000000
83.8671875000 0.9999999975
83.9062500000 1.0000000001
83.9453125000 0.9999999975
83.9843750000 0.9999999999
84.0234375000 0.9999999976
84.0625000000 0.9999999999
84.1015625000 0.9999999977
84.1406250000 1.0000000000
84.1796875000 0.9999999979
84.2187500000 1.0000000001
84.2578125000 0.9999999981
84.2968750000 1.0000000000
84.3359375000 0.9999999980
84.3750000000 0.9999999998
84.4140625000 0.9999999981
84.4531250000 1.0000000000
84.4921875000 0.9999999979
84.5312500000 0.9999999997
84.5703125000 0.9999999979
84.6093750000 0.9999999997
84.6484375000 0.9999999978
84.6875000000 1.0000000001
84.7265625000 0.9999999979
84.7656250000 1.0000000000
84.8046875000 0.9999999982
84.8437500000 1.0000000002
84.8828125000 0.9999999982
84.9218750000 1.0000000003
84.9609375000 0.9999999983
85.0000000000 1.0000000002
85.0390625000 0.9999999981
85.0781250000 1.0000000000
85.1171875000 0.9999999981
85.1562500000 1.0000000001
85.1953125000 0.9999999980
85.2343750000 1.0000000004
85.2734375000 0.9999999980
85.3125000000 1.0000000002
85.3515625000 0.9999999981
85.3906250000 0.9999999999
85.4296875000 0.9999999979
85.4687500000 1.0000000000
85.5078125000 0.9999999981
85.5468750000 1.0000000000
85.5859375000 0.9999999981
85.6250000000 1.0000000001
85.6640625000 0.9999999983
85.7031250000 0.9999999999
85.7421875000 0.9999999983
85.7812500000 1.0000000000
85.8203125000 0.9999999982
85.8593750000 0.9999999999
85.8984375000 0.9999999982
85.9375000000 1.0000000000
85.9765625000 0.9999999982
86.0156250000 0.9999999998
86.0546875000 0.9999999982
86.0937500000 1.0000000000
86.1328125000 0.9999999982
86.1718750000 0.9999999998
86.2109375000 0.9999999982
86.2500000000 0.9999999999
86.2890625000 0.9999999983
86.3281250000 1.0000000000
86.3671875000 0.9999999983
86.4062500000 1.0000000000
86.4453125000 0.9999999984
86.4843750000 0.9999999999
86.5234375000 0.9999999983
86.5625000000 1.0000000001
86.6015625000 0.9999999983
86.6406250000 1.0000000002
86.6796875000 0.9999999982
86.7187500000 1.0000000002
86.7578125000 0.9999999983
86.7968750000 1.0000000002
86.8359375000 0.9999999982
86.8750000000 0.9999999999
86.9140625000 0.9999999979
86.9531250000 1.0000000000
86.9921875000 0.9999999979
87.0312500000 1.0000000002
87.0703125000 0.9999999980
87.1093750000 0.9999999999
87.1484375000 0.9999999979
87.1875000000 1.0000000000
87.2265625000 0.9999999981
87.2656250000 0.9999999999
87.3046875000 0.9999999982
87.3437500000 0.9999999999
87.3828125000 0.9999999984
87.4218750000 1.0000000001
87.4609375000 0.9999999985
87.5000000000 0.9999999999
87.5390625000 0.9999999986
87.5781250000 0.9999999999
87.6171875000 0.9999999986
87.6562500000 1.0000000000
87.6953125000 0.9999999989
87.7343750000 1.0000000000
87.7734375000 0.9999999989
87.8125000000 1.0000000000
87.8515625000 0.9999999989
87.8906250000 0.9999999999
87.9296875000 0.9999999988
87.9687500000 0.9999999998
88.0078125000 0.9999999990
88.0468750000 1.0000000000
88.0859375000 0.9999999991
88.1250000000 1.0000000002
88.1640625000 0.9999999992
88.2031250000 1.0000000000
88.2421875000 0.9999999992
88.2812500000 0.9999999998
88.3203125000 0.9999999993
88.3593750000 1.0000000003
88.3984375000 0.9999999992
88.4375000000 1.0000000001
88.4765625000 0.9999999991
88.5156250000 1.0000000001
88.5546875000 0.9999999989
88.5937500000 1.0000000001
88.6328125000 0.9999999988
88.6718750000 1.0000000001
88.7109375000 0.9999999987
88.7500000000 1.0000000000
88.7890625000 0.9999999985
88.8281250000 1.0000000000
88.8671875000 0.9999999986
88.9062500000 0.9999999999
88.9453125000 0.9999999985
88.9843750000 1.0000000002
89.0234375000 0.9999999986
89.0625000000 0.9999999998
89.1015625000 0.9999999984
89.1406250000 0.9999999998
89.1796875000 0.9999999983
89.2187500000 0.9999999999
89.2578125000 0.9999999983
89.2968750000 0.9999999998
89.3359375000 0.9999999983
89.3750000000 0.9999999997
89.4140625000 0.9999999983
89.4531250000 1.0000000000
89.4921875000 0.9999999981
89.5312500000 0.9999999998
89.5703125000 0.9999999978
89.6093750000 1.0000000000
89.6484375000 0.9999999980
89.6875000000 1.0000000000
89.7265625000 0.9999999979
89.7656250000 0.9999999996
89.8046875000 0.9999999980
89.8437500000 0.9999999998
89.8828125000 0.9999999978
89.9218750000 0.9999999998
89.9609375000 0.9999999978
90.0000000000 1.0000000001
90.0390625000 0.9999999977
90.0781250000 1.0000000000
90.1171875000 0.9999999975
90.1562500000 1.0000000001
90.1953125000 0.9999999973
90.2343750000 0.9999999999
90.2734375000 0.9999999972
90.3125000000 1.0000000005
90.3515625000 0.9999999975
90.3906250000 0.9999999998
90.4296875000 0.9999999975
90.4687500000 1.0000000002
90.5078125000 0.9999999978
90.5468750000 0.9999999997
90.5859375000 0.9999999975
90.6250000000 1.0000000002
90.6640625000 0.9999999976
90.7031250000 1.0000000000
90.7421875000 0.9999999975
90.7812500000 1.0000000000
90.8203125000 0.9999999978
90.8593750000 0.9999999998
90.8984375000 0.9999999977
90.9375000000 0.9999999996
90.9765625000 0.9999999978
91.0156250000 0.9999999998
91.0546875000 0.9999999979
91.0937500000 1.0000000000
91.1328125000 0.9999999981
91.1718750000 1.0000000001
91.2109375000 0.9999999981
91.2500000000 1.0000000000
91.2890625000 0.9999999983
91.3281250000 1.0000000000
91.3671875000 0.9999999982
91.4062500000 1.0000000000
91.4453125000 0.9999999984
91.4843750000 1.0000000000
91.5234375000 0.9999999985
91.5625000000 0.9999999998
91.6015625000 0.9999999985
91.6406250000 1.0000000001
91.6796875000 0.9999999984
91.7187500000 0.9999999998
91.7578125000 0.9999999984
91.7968750000 1.0000000000
91.8359375000 0.9999999984
91.8750000000 0.9999999998
91.9140625000 0.9999999986
91.9531250000 1.0000000002
91.9921875000 0.9999999986
92.0312500000 0.9999999999
92.0703125000 0.9999999984
92.1093750000 1.0000000000
92.1484375000 0.9999999984
92.1875000000 1.0000000001
92.2265625000 0.9999999983
92.2656250000 1.0000000001
92.3046875000 0.9999999984
92.3437500000 1.0000000000
92.3828125000 0.9999999983
92.4218750000 1.0000000000
92.4609375000 0.9999999984
92.5000000000 1.0000000000
92.5390625000 0.9999999983
92.5781250000 1.0000000002
92.6171875000 0.9999999983
92.6562500000 0.9999999999
92.6953125000 0.9999999982
92.7343750000 1.0000000001
92.7734375000 0.9999999981
92.8125000000 1.0000000001
92.8515625000 0.9999999980
92.8906250000 1.0000000001
92.9296875000 0.9999999981
92.9687500000 1.0000000001
93.0078125000 0.9999999980
93.0468750000 1.0000000002
93.0859375000 0.9999999979
93.1250000000 1.0000000002
93.1640625000 0.9999999978
93.2031250000 1.0000000000
93.2421875000 0.9999999980
93.2812500000 1.0000000001
93.3203125000 0.9999999979
93.3593750000 1.0000000000
93.3984375000 0.9999999978
93.4375000000 1.0000000001
93.4765625000 0.9999999978
93.5156250000 1.0000000000
93.5546875000 0.9999999979
93.5937500000 1.0000000001
93.6328125000 0.9999999979
93.6718750000 1.0000000000
93.7109375000 0.9999999978
93.7500000000 1.0000000000
93.7890625000 0.9999999978
93.8281250000 0.9999999998
93.8671875000 0.9999999979
93.9062500000 1.0000000001
93.9453125000 0.9999999979
93.9843750000 0.9999999999
94.0234375000 0.9999999979
94.0625000000 0.9999999998
94.1015625000 0.9999999978
94.1406250000 0.9999999996
94.1796875000 0.9999999978
94.2187500000 0.9999999997
94.2578125000 0.9999999982
94.2968750000 0.9999999998
94.3359375000 0.9999999982
94.3750000000 0.9999999998
94.4140625000 0.9999999984
94.4531250000 0.9999999997
94.4921875000 0.9999999984
94.5312500000 0.9999999999
94.5703125000 0.9999999984
94.6093750000 0.9999999998
94.6484375000 0.9999999985
94.6875000000 0.9999999999
94.7265625000 0.9999999987
94.7656250000 0.9999999998
94.8046875000 0.9999999984
94.8437500000 0.9999999998
94.8828125000 0.9999999983
94.9218750000 0.9999999999
94.9609375000 0.9999999984
95.0000000000 1.0000000000
95.0390625000 0.9999999984
95.0781250000 1.0000000000
95.1171875000 0.9999999984
95.1562500000 1.0000000000
95.1953125000 0.9999999984
95.2343750000 1.0000000001
95.2734375000 0.9999999986
95.3125000000 0.9999999999
95.3515625000 0.9999999989
95.3906250000 1.0000000000
95.4296875000 0.9999999989
95.4687500000 1.0000000000
95.5078125000 0.9999999989
95.5468750000 1.0000000000
95.5859375000 0.9999999989
95.6250000000 1.0000000001
95.6640625000 0.9999999989
95.7031250000 0.9999999998
95.7421875000 0.9999999989
95.7812500000 1.0000000000
95.8203125000 0.9999999988
95.8593750000 0.9999999999
95.8984375000 0.9999999987
95.9375000000 0.9999999997
95.9765625000 0.9999999987
96.0156250000 0.9999999999
96.0546875000 0.9999999987
96.0937500000 1.0000000000
96.1328125000 0.9999999987
96.1718750000 1.0000000000
96.2109375000 0.9999999987
96.2500000000 1.0000000001
96.2890625000 0.9999999987
96.3281250000 1.0000000002
96.3671875000 0.9999999987
96.4062500000 1.0000000001
96.4453125000 0.9999999987
96.4843750000 1.0000000002
96.5234375000 0.9999999986
96.5625000000 1.0000000001
96.6015625000 0.9999999986
96.6406250000 1.0000000002
96.6796875000 0.9999999985
96.7187500000 1.0000000000
96.7578125000 0.9999999985
96.7968750000 1.0000000001
96.8359375000 0.9999999983
96.8750000000 1.0000000001
96.9140625000 0.9999999984
96.9531250000 1.0000000001
96.9921875000 0.9999999985
97.0312500000 1.0000000003
97.0703125000 0.9999999987
97.1093750000 1.0000000002
97.1484375000 0.9999999987
97.1875000000 1.0000000001
97.2265625000 0.9999999987
97.2656250000 0.9999999999
97.3046875000 0.9999999986
97.3437500000 1.0000000000
97.3828125000 0.9999999987
97.4218750000 1.0000000002
97.4609375000 0.9999999986
97.5000000000 1.0000000000
97.5390625000 0.9999999987
97.5781250000 1.0000000000
97.6171875000 0.9999999987
97.6562500000 1.0000000000
97.6953125000 0.9999999987
97.7343750000 1.0000000001
97.7734375000 0.9999999987
97.8125000000 0.9999999999
97.8515625000 0.9999999986
97.8906250000 1.0000000000
97.9296875000 0.9999999984
97.9687500000 1.0000000000
98.0078125000 0.9999999982
98.0468750000 1.0000000001
98.0859375000 0.9999999981
98.1250000000 1.0000000000
98.1640625000 0.9999999982
98.2031250000 1.0000000000
98.2421875000 0.9999999981
98.2812500000 1.0000000000
98.3203125000 0.9999999980
98.3593750000 1.0000000000
98.3984375000 0.9999999981
98.4375000000 1.0000000001
98.4765625000 0.9999999981
98.5156250000 1.0000000002
98.5546875000 0.9999999981
98.5937500000 1.0000000000
98.6328125000 0.9999999981
98.6718750000 1.0000000000
98.7109375000 0.9999999981
98.7500000000 1.0000000000
98.7890625000 0.9999999981
98.8281250000 0.9999999999
98.8671875000 0.9999999980
98.9062500000 0.9999999998
98.9453125000 0.9999999980
98.9843750000 0.9999999999
99.0234375000 0.9999999979
99.0625000000 0.9999999999
99.1015625000 0.9999999977
99.1406250000 1.0000000001
99.1796875000 0.9999999979
99.2187500000 1.0000000000
99.2578125000 0.9999999978
99.2968750000 1.0000000004
99.3359375000 0.9999999980
99.3750000000 0.9999999996
99.4140625000 0.9999999977
99.4531250000 1.0000000000
99.4921875000 0.9999999973
99.5312500000 0.9999999995
99.5703125000 0.9999999975
99.6093750000 0.9999999999
99.6484375000 0.9999999973
99.6875000000 1.0000000000
99.7265625000 0.9999999970
99.7656250000 0.9999999999
99.8046875000 0.9999999969
99.8437500000 0.9999999998
99.8828125000 0.9999999968
99.9218750000 0.9999999998
99.9609375000 0.9999999968
100.0000000000 1.0000000000
100.0390625000 0.9999999968
100.0781250000 1.0000000000
100.1171875000 0.9999999970
100.1562500000 1.0000000001
100.1953125000 0.9999999970
100.2343750000 1.0000000006
100.2734375000 0.9999999976
100.3125000000 1.0000000006
100.3515625000 0.9999999978
100.3906250000 1.0000000002
100.4296875000 0.9999999978
100.4687500000 1.0000000000
100.5078125000 0.9999999979
100.5468750000 1.0000000002
100.5859375000 0.9999999979
100.6250000000 0.9999999999
100.6640625000 0.9999999978
100.7031250000 0.9999999998
100.7421875000 0.9999999983
100.7812500000 0.9999999999
100.8203125000 0.9999999984
100.8593750000 0.9999999999
100.8984375000 0.9999999986
100.9375000000 1.0000000001
100.9765625000 0.9999999986
101.0156250000 0.9999999997
101.0546875000 0.9999999986
101.0937500000 1.0000000000
101.1328125000 0.9999999988
101.1718750000 1.0000000000
101.2109375000 0.9999999987
101.2500000000 1.0000000001
101.2890625000 0.9999999988
101.3281250000 1.0000000001
101.3671875000 0.9999999987
101.4062500000 1.0000000000
101.4453125000 0.9999999987
101.4843750000 0.9999999999
101.5234375000 0.9999999986
101.5625000000 1.0000000000
101.6015625000 0.9999999986
101.6406250000 0.9999999999
101.6796875000 0.9999999985
101.7187500000 0.9999999998
101.7578125000 0.9999999984
101.7968750000 1.0000000001
101.8359375000 0.9999999983
101.8750000000 0.9999999997
101.9140625000 0.9999999984
101.9531250000 1.0000000001
101.9921875000 0.9999999984
102.0312500000 1.0000000001
102.0703125000 0.9999999983
102.1093750000 1.0000000001
102.1484375000 0.9999999984
102.1875000000 1.0000000000
102.2265625000 0.9999999983
102.2656250000 1.0000000000
102.3046875000 0.9999999983
102.3437500000 1.0000000001
102.3828125000 0.9999999982
102.4218750000 0.9999999999
102.4609375000 0.9999999982
102.5000000000 0.9999999999
102.5390625000 0.9999999983
102.5781250000 0.9999999999
102.6171875000 0.9999999983
102.6562500000 1.0000000000
102.6953125000 0.9999999983
102.7343750000 1.0000000000
102.7734375000 0.9999999984
102.8125000000 0.9999999999
102.8515625000 0.9999999985
102.8906250000 1.0000000001
102.9296875000 0.9999999985
102.9687500000 0.9999999999
103.0078125000 0.9999999987
103.0468750000 1.0000000000
103.0859375000 0.9999999987
103.1250000000 1.0000000000
103.1640625000 0.9999999985
103.2031250000 1.0000000002
103.2421875000 0.9999999986
103.2812500000 1.0000000000
103.3203125000 0.9999999988
103.3593750000 1.0000000000
103.3984375000 0.9999999988
103.4375000000 1.0000000001
103.4765625000 0.9999999986
103.5156250000 1.0000000000
103.5546875000 0.9999999986
103.5937500000 1.0000000000
103.6328125000 0.9999999985
103.6718750000 1.0000000000
103.7109375000 0.9999999985
103.7500000000 1.0000000001
103.7890625000 0.9999999984
103.8281250000 1.0000000000
103.8671875000 0.9999999984
103.9062500000 0.9999999998
103.9453125000 0.9999999984
103.9843750000 1.0000000000
104.0234375000 0.9999999983
104.0625000000 1.0000000002
104.1015625000 0.9999999984
104.1406250000 1.0000000000
104.1796875000 0.9999999985
104.2187500000 1.0000000002
104.2578125000 0.9999999985
104.2968750000 1.0000000001
104.3359375000 0.9999999986
104.3750000000 1.0000000000
104.4140625000 0.9999999990
104.4531250000 0.9999999997
104.4921875000 0.9999999989
104.5312500000 1.0000000000
104.5703125000 0.9999999988
104.6093750000 1.0000000001
104.6484375000 0.9999999989
104.6875000000 1.0000000001
104.7265625000 0.9999999992
104.7656250000 1.0000000000
104.8046875000 0.9999999990
104.8437500000 0.9999999999
104.8828125000 0.9999999992
104.9218750000 1.0000000001
104.9609375000 0.9999999992
105.0000000000 1.0000000000
105.0390625000 0.9999999992
105.0781250000 1.0000000001
105.1171875000 0.9999999992
105.1562500000 1.0000000002
105.1953125000 0.9999999992
105.2343750000 0.9999999999
105.2734375000 0.9999999994
105.3125000000 1.0000000001
105.3515625000 0.9999999994
105.3906250000 1.0000000000
105.4296875000 0.9999999992
105.4687500000 1.0000000000
105.5078125000 0.9999999990
105.5468750000 1.0000000002
105.5859375000 0.9999999990
105.6250000000 0.9999999998
105.6640625000 0.9999999989
105.7031250000 1.0000000000
105.7421875000 0.9999999990
105.7812500000 1.0000000000
105.8203125000 0.9999999991
105.8593750000 0.9999999999
105.8984375000 0.9999999992
105.9375000000 1.0000000000
105.9765625000 0.9999999993
106.0156250000 1.0000000001
106.0546875000 0.9999999993
106.0937500000 1.0000000000
106.1328125000 0.9999999991
106.1718750000 0.9999999999
106.2109375000 0.9999999990
106.2500000000 1.0000000000
106.2890625000 0.9999999990
106.3281250000 1.0000000001
106.3671875000 0.9999999990
106.4062500000 1.0000000000
106.4453125000 0.9999999991
106.4843750000 1.0000000000
106.5234375000 0.9999999991
106.5625000000 0.9999999999
106.6015625000 0.9999999992
106.6406250000 1.0000000002
106.6796875000 0.9999999993
106.7187500000 1.0000000001
106.7578125000 0.9999999993
106.7968750000 0.9999999999
106.8359375000 0.9999999992
106.8750000000 1.0000000000
106.9140625000 0.9999999992
106.9531250000 1.0000000002
106.9921875000 0.9999999991
107.0312500000 1.0000000000
107.0703125000 0.9999999992
107.1093750000 1.0000000001
107.1484375000 0.9999999991
107.1875000000 1.0000000000
107.2265625000 0.9999999992
107.2656250000 1.0000000002
107.3046875000 0.9999999993
107.3437500000 1.0000000001
107.3828125000 0.9999999994
107.4218750000 1.0000000001
107.4609375000 0.9999999994
107.5000000000 1.0000000000
107.5390625000 0.9999999993
107.5781250000 1.0000000000
107.6171875000 0.9999999993
107.6562500000 0.9999999999
107.6953125000 0.9999999993
107.7343750000 0.9999999998
107.7734375000 0.9999999993
107.8125000000 0.9999999998
107.8515625000 0.9999999993
107.8906250000 0.9999999997
107.9296875000 0.9999999993
107.9687500000 0.9999999999
108.0078125000 0.9999999996
108.0468750000 1.0000000001
108.0859375000 0.9999999997
108.1250000000 1.0000000000
108.1640625000 0.9999999997
108.2031250000 1.0000000000
108.2421875000 0.9999999998
108.2812500000 1.0000000000
108.3203125000 0.9999999998
108.3593750000 0.9999999999
108.3984375000 0.9999999998
108.4375000000 1.0000000001
108.4765625000 0.9999999998
108.5156250000 1.0000000000
108.5546875000 0.9999999998
108.5937500000 1.0000000000
108.6328125000 0.9999999997
108.6718750000 0.9999999999
108.7109375000 0.9999999997
108.7500000000 0.9999999999
108.7890625000 0.9999999998
108.8281250000 1.0000000000
108.8671875000 0.9999999998
108.9062500000 1.0000000000
108.9453125000 0.9999999998
108.9843750000 1.0000000000
109.0234375000 0.9999999999
109.0625000000 1.0000000001
109.1015625000 0.9999999998
109.1406250000 1.0000000000
109.1796875000 0.9999999999
109.2187500000 0.9999999998
109.2578125000 1.0000000000
109.2968750000 0.9999999998
109.3359375000 0.9999999999
109.3750000000 0.9999999999
109.4140625000 0.9999999996
109.4531250000 1.0000000004
109.4921875000 0.9999999995
109.5312500000 1.0000000003
109.5703125000 0.9999999994
109.6093750000 1.0000000001
109.6484375000 0.9999999991
109.6875000000 0.9999999998
109.7265625000 0.9999999993
109.7656250000 0.9999999998
109.8046875000 0.9999999994
109.8437500000 1.0000000001
109.8828125000 0.9999999993
109.9218750000 1.0000000001
109.9609375000 0.9999999992
110.0000000000 1.0000000001
110.0390625000 0.9999999993
110.0781250000 1.0000000002
110.1171875000 0.9999999993
110.1562500000 1.0000000002
110.1953125000 0.9999999995
110.2343750000 0.9999999999
110.2734375000 0.9999999994
110.3125000000 0.9999999998
110.3515625000 0.9999999994
110.3906250000 1.0000000001
110.4296875000 0.9999999993
110.4687500000 0.9999999999
110.5078125000 0.9999999992
110.5468750000 1.0000000001
110.5859375000 0.9999999992
110.6250000000 0.9999999999
110.6640625000 0.9999999991
110.7031250000 0.9999999998
110.7421875000 0.9999999992
110.7812500000 0.9999999998
110.8203125000 0.9999999994
110.8593750000 1.0000000001
110.8984375000 0.9999999998
110.9375000000 0.9999999999
110.9765625000 0.9999999999
111.0156250000 1.0000000002
111.0546875000 0.9999999998
111.0937500000 1.0000000000
111.1328125000 0.9999999997
111.1718750000 1.0000000001
111.2109375000 0.9999999997
111.2500000000 1.0000000000
111.2890625000 0.9999999996
111.3281250000 1.0000000000
111.3671875000 0.9999999996
111.4062500000 0.9999999998
111.4453125000 0.9999999995
111.4843750000 0.9999999999
111.5234375000 0.9999999994
111.5625000000 0.9999999999
111.6015625000 0.9999999992
111.6406250000 1.0000000000
111.6796875000 0.9999999993
111.7187500000 0.9999999998
111.7578125000 0.9999999994
111.7968750000 1.0000000001
111.8359375000 0.9999999995
111.8750000000 1.0000000001
111.9140625000 0.9999999994
111.9531250000 0.9999999999
111.9921875000 0.9999999995
112.0312500000 1.0000000000
112.0703125000 0.9999999995
112.1093750000 1.0000000001
112.1484375000 0.9999999994
112.1875000000 1.0000000001
112.2265625000 0.9999999994
112.2656250000 1.0000000001
112.3046875000 0.9999999993
112.3437500000 0.9999999999
112.3828125000 0.9999999993
112.4218750000 1.0000000000
112.4609375000 0.9999999994
112.5000000000 1.0000000000
112.5390625000 0.9999999994
112.5781250000 1.0000000000
112.6171875000 0.9999999995
112.6562500000 1.0000000001
112.6953125000 0.9999999994
112.7343750000 1.0000000002
112.7734375000 0.9999999996
112.8125000000 1.0000000000
112.8515625000 0.9999999998
112.8906250000 1.0000000000
112.9296875000 0.9999999998
112.9687500000 1.0000000001
113.0078125000 0.9999999998
113.0468750000 1.0000000001
113.0859375000 0.9999999997
113.1250000000 1.0000000000
113.1640625000 0.9999999997
113.2031250000 1.0000000000
113.2421875000 0.9999999996
113.2812500000 0.9999999999
113.3203125000 0.9999999995
113.3593750000 0.9999999999
113.3984375000 0.9999999997
113.4375000000 0.9999999998
113.4765625000 0.9999999996
113.5156250000 0.9999999999
113.5546875000 0.9999999996
113.5937500000 0.9999999999
113.6328125000 0.9999999997
113.6718750000 0.9999999999
113.7109375000 0.9999999998
113.7500000000 0.9999999999
113.7890625000 0.9999999998
113.8281250000 1.0000000000
113.8671875000 0.9999999998
113.9062500000 1.0000000002
113.9453125000 0.9999999999
113.9843750000 0.9999999999
114.0234375000 1.0000000000
114.0625000000 1.0000000000
114.1015625000 0.9999999999
114.1406250000 1.0000000000
114.1796875000 1.0000000001
114.2187500000 1.0000000000
114.2578125000 0.9999999998
114.2968750000 1.0000000001
114.3359375000 1.0000000001
114.3750000000 1.0000000001
114.4140625000 0.9999999999
114.4531250000 1.0000000002
114.4921875000 1.0000000001
114.5312500000 1.0000000002
114.5703125000 1.0000000000
114.6093750000 1.0000000000
114.6484375000 0.9999999999
114.6875000000 1.0000000000
114.7265625000 0.9999999999
114.7656250000 1.0000000003
114.8046875000 1.0000000001
114.8437500000 1.0000000003
114.8828125000 1.0000000001
114.9218750000 1.0000000002
114.9609375000 1.0000000000
115.0000000000 1.0000000002
115.0390625000 1.0000000000
115.0781250000 1.0000000000
115.1171875000 1.0000000000
115.1562500000 1.0000000000
115.1953125000 1.0000000001
115.2343750000 1.0000000000
115.2734375000 1.0000000001
115.3125000000 1.0000000001
115.3515625000 0.9999999999
115.3906250000 0.9999999999
115.4296875000 0.9999999999
115.4687500000 1.0000000001
115.5078125000 0.9999999997
115.5468750000 0.9999999998
115.5859375000 0.9999999997
115.6250000000 1.0000000000
115.6640625000 0.9999999998
115.7031250000 0.9999999998
115.7421875000 0.9999999997
115.7812500000 0.9999999997
115.8203125000 0.9999999997
115.8593750000 0.9999999997
115.8984375000 0.9999999997
115.9375000000 1.0000000000
115.9765625000 0.9999999997
116.0156250000 0.9999999999
116.0546875000 0.9999999997
116.0937500000 0.9999999998
116.1328125000 0.9999999997
116.1718750000 0.9999999998
116.2109375000 0.9999999996
116.2500000000 0.9999999998
116.2890625000 0.9999999997
116.3281250000 0.9999999999
116.3671875000 0.9999999995
116.4062500000 0.9999999998
116.4453125000 0.9999999995
116.4843750000 1.0000000000
116.5234375000 0.9999999994
116.5625000000 0.9999999999
116.6015625000 0.9999999995
116.6406250000 1.0000000002
116.6796875000 0.9999999993
116.7187500000 1.0000000001
116.7578125000 0.9999999993
116.7968750000 1.0000000002
116.8359375000 0.9999999992
116.8750000000 1.0000000001
116.9140625000 0.9999999991
116.9531250000 1.0000000001
116.9921875000 0.9999999991
117.0312500000 1.0000000002
117.0703125000 0.9999999990
117.1093750000 1.0000000001
117.1484375000 0.9999999988
117.1875000000 1.0000000000
117.2265625000 0.9999999988
117.2656250000 1.0000000001
117.3046875000 0.9999999988
117.3437500000 1.0000000001
117.3828125000 0.9999999989
117.4218750000 1.0000000000
117.4609375000 0.9999999989
117.5000000000 1.0000000001
117.5390625000 0.9999999990
117.5781250000 1.0000000001
117.6171875000 0.9999999992
117.6562500000 1.0000000002
117.6953125000 0.9999999993
117.7343750000 1.0000000001
117.7734375000 0.9999999994
117.8125000000 1.0000000000
117.8515625000 0.9999999995
117.8906250000 1.0000000000
117.9296875000 0.9999999996
117.9687500000 1.0000000002
118.0078125000 0.9999999996
118.0468750000 1.0000000000
118.0859375000 0.9999999997
118.1250000000 1.0000000001
118.1640625000 0.9999999997
118.2031250000 0.9999999998
118.2421875000 0.9999999995
118.2812500000 0.9999999998
118.3203125000 0.9999999996
118.3593750000 1.0000000000
118.3984375000 0.9999999997
118.4375000000 1.0000000000
118.4765625000 0.9999999998
118.5156250000 1.0000000000
118.5546875000 0.9999999998
118.5937500000 1.0000000002
118.6328125000 0.9999999998
118.6718750000 1.0000000001
118.7109375000 0.9999999997
118.7500000000 1.0000000000
118.7890625000 0.9999999997
118.8281250000 1.0000000000
118.8671875000 0.9999999995
118.9062500000 1.0000000000
118.9453125000 0.9999999994
118.9843750000 0.9999999999
119.0234375000 0.9999999995
119.0625000000 0.9999999997
119.1015625000 0.9999999993
119.1406250000 1.0000000000
119.1796875000 0.9999999993
119.2187500000 0.9999999998
119.2578125000 0.9999999996
119.2968750000 0.9999999997
119.3359375000 1.0000000001
119.3750000000 0.9999999997
119.4140625000 1.0000000001
119.4531250000 1.0000000004
119.4921875000 1.0000000012
119.5312500000 0.9999999997
119.5703125000 1.0000000011
119.6093750000 1.0000000002
119.6484375000 1.0000000019
119.6875000000 1.0000000001
119.7265625000 1.0000000017
119.7656250000 1.0000000000
119.8046875000 1.0000000016
119.8437500000 1.0000000002
119.8828125000 1.0000000019
119.9218750000 0.9999999999
119.9609375000 1.0000000018
120.0000000000 1.0000000001
120.0390625000 1.0000000018
120.0781250000 1.0000000000
120.1171875000 1.0000000016
120.1562500000 0.9999999996
120.1953125000 1.0000000017
120.2343750000 1.0000000000
120.2734375000 1.0000000016
120.3125000000 1.0000000000
120.3515625000 1.0000000018
120.3906250000 0.9999999996
120.4296875000 1.0000000019
120.4687500000 0.9999999997
120.5078125000 1.0000000020
120.5468750000 0.9999999996
120.5859375000 1.0000000024
120.6250000000 1.0000000006
120.6640625000 1.0000000026
120.7031250000 0.9999999998
120.7421875000 1.0000000022
120.7812500000 0.9999999997
120.8203125000 1.0000000023
120.8593750000 0.9999999998
120.8984375000 1.0000000024
120.9375000000 1.0000000000
120.9765625000 1.0000000026
121.0156250000 0.9999999999
121.0546875000 1.0000000026
121.0937500000 0.9999999997
121.1328125000 1.0000000027
121.1718750000 0.9999999998
121.2109375000 1.0000000027
121.2500000000 0.9999999999
121.2890625000 1.0000000027
121.3281250000 1.0000000000
121.3671875000 1.0000000028
121.4062500000 0.9999999999
121.4453125000 1.0000000028
121.4843750000 1.0000000000
121.5234375000 1.0000000028
121.5625000000 0.9999999999
121.6015625000 1.0000000028
121.6406250000 0.9999999999
121.6796875000 1.0000000028
121.7187500000 0.9999999999
121.7578125000 1.0000000027
121.7968750000 1.0000000000
121.8359375000 1.0000000027
121.8750000000 0.9999999999
121.9140625000 1.0000000027
121.9531250000 0.9999999999
121.9921875000 1.0000000029
122.0312500000 1.0000000001
122.0703125000 1.0000000027
122.1093750000 1.0000000000
122.1484375000 1.0000000027
122.1875000000 1.0000000001
122.2265625000 1.0000000028
122.2656250000 1.0000000000
122.3046875000 1.0000000028
122.3437500000 1.0000000001
122.3828125000 1.0000000027
122.4218750000 1.0000000000
122.4609375000 1.0000000027
122.5000000000 1.0000000002
122.5390625000 1.0000000027
122.5781250000 1.0000000001
122.6171875000 1.0000000026
122.6562500000 1.0000000001
122.6953125000 1.0000000025
122.7343750000 1.0000000000
122.7734375000 1.0000000024
122.8125000000 1.0000000000
122.8515625000 1.0000000025
122.8906250000 0.9999999999
122.9296875000 1.0000000025
122.9687500000 1.0000000001
123.0078125000 1.0000000024
123.0468750000 0.9999999999
123.0859375000 1.0000000025
123.1250000000 1.0000000000
123.1640625000 1.0000000025
123.2031250000 0.9999999999
123.2421875000 1.0000000025
123.2812500000 1.0000000000
123.3203125000 1.0000000026
123.3593750000 1.0000000000
123.3984375000 1.0000000025
123.4375000000 0.9999999999
123.4765625000 1.0000000026
123.5156250000 1.0000000000
123.5546875000 1.0000000025
123.5937500000 1.0000000000
123.6328125000 1.0000000025
123.6718750000 1.0000000001
123.7109375000 1.0000000024
123.7500000000 0.9999999999
123.7890625000 1.0000000025
123.8281250000 1.0000000000
123.8671875000 1.0000000025
123.9062500000 0.9999999999
123.9453125000 1.0000000025
123.9843750000 1.0000000000
124.0234375000 1.0000000026
124.0625000000 0.9999999999
124.1015625000 1.0000000025
124.1406250000 1.0000000001
124.1796875000 1.0000000026
124.2187500000 1.0000000000
124.2578125000 1.0000000027
124.2968750000 1.0000000001
124.3359375000 1.0000000028
124.3750000000 1.0000000000
124.4140625000 1.0000000028
124.4531250000 1.0000000002
124.4921875000 1.0000000028
124.5312500000 1.0000000001
124.5703125000 1.0000000029
124.6093750000 1.0000000000
124.6484375000 1.0000000028
124.6875000000 1.0000000000
124.7265625000 1.0000000028
124.7656250000 1.0000000000
124.8046875000 1.0000000027
124.8437500000 1.0000000000
124.8828125000 1.0000000028
124.9218750000 0.9999999999
124.9609375000 1.0000000028
125.0000000000 0.9999999999
125.0390625000 1.0000000028
125.0781250000 0.9999999999
125.1171875000 1.0000000028
125.1562500000 0.9999999998
125.1953125000 1.0000000027
125.2343750000 0.9999999998
125.2734375000 1.0000000028
125.3125000000 0.9999999999
125.3515625000 1.0000000027
125.3906250000 1.0000000002
125.4296875000 1.0000000027
125.4687500000 1.0000000000
125.5078125000 1.0000000027
125.5468750000 0.9999999999
125.5859375000 1.0000000029
125.6250000000 1.0000000000
125.6640625000 1.0000000029
125.7031250000 0.9999999999
125.7421875000 1.0000000028
125.7812500000 0.9999999999
125.8203125000 1.0000000028
125.8593750000 0.9999999999
125.8984375000 1.0000000029
125.9375000000 1.0000000000
125.9765625000 1.0000000030
126.0156250000 1.0000000001
126.0546875000 1.0000000030
126.0937500000 0.9999999999
126.1328125000 1.0000000030
126.1718750000 1.0000000000
126.2109375000 1.0000000030
126.2500000000 1.0000000001
126.2890625000 1.0000000030
126.3281250000 1.0000000000
126.3671875000 1.0000000030
126.4062500000 1.0000000001
126.4453125000 1.0000000029
126.4843750000 1.0000000000
126.5234375000 1.0000000030
126.5625000000 0.9999999999
126.6015625000 1.0000000030
126.6406250000 0.9999999999
126.6796875000 1.0000000029
126.7187500000 1.0000000000
126.7578125000 1.0000000029
126.7968750000 0.9999999998
126.8359375000 1.0000000028
126.8750000000 0.9999999999
126.9140625000 1.0000000029
126.9531250000 0.9999999999
126.9921875000 1.0000000028
127.0312500000 0.9999999998
127.0703125000 1.0000000029
127.1093750000 0.9999999998
127.1484375000 1.0000000028
127.1875000000 0.9999999999
127.2265625000 1.0000000028
127.2656250000 0.9999999999
127.3046875000 1.0000000029
127.3437500000 0.9999999999
127.3828125000 1.0000000028
127.4218750000 0.9999999999
127.4609375000 1.0000000027
127.5000000000 1.0000000000
127.5390625000 1.0000000028
127.5781250000 1.0000000001
127.6171875000 1.0000000029
127.6562500000 1.0000000000
127.6953125000 1.0000000029
127.7343750000 1.0000000000
127.7734375000 1.0000000027
127.8125000000 1.0000000001
127.8515625000 1.0000000027
127.8906250000 1.0000000001
127.9296875000 1.0000000027
127.9687500000 1.0000000001
128.0078125000 1.0000000027
128.0468750000 1.0000000002
128.0859375000 1.0000000026
128.1250000000 1.0000000000
128.1640625000 1.0000000026
128.2031250000 1.0000000001
128.2421875000 1.0000000027
128.2812500000 1.0000000002
128.3203125000 1.0000000026
128.3593750000 1.0000000002
128.3984375000 1.0000000026
128.4375000000 1.0000000001
128.4765625000 1.0000000026
128.5156250000 1.0000000001
128.5546875000 1.0000000026
128.5937500000 1.0000000001
128.6328125000 1.0000000026
128.6718750000 1.0000000002
128.7109375000 1.0000000025
128.7500000000 1.0000000001
128.7890625000 1.0000000025
128.8281250000 0.9999999999
128.8671875000 1.0000000023
128.9062500000 1.0000000000
128.9453125000 1.0000000023
128.9843750000 1.0000000000
129.0234375000 1.0000000022
129.0625000000 0.9999999998
129.1015625000 1.0000000022
129.1406250000 0.9999999997
129.1796875000 1.0000000020
129.2187500000 0.9999999997
129.2578125000 1.0000000020
129.2968750000 0.9999999999
129.3359375000 1.0000000021
129.3750000000 0.9999999998
129.4140625000 1.0000000022
129.4531250000 0.9999999998
129.4921875000 1.0000000023
129.5312500000 0.9999999999
129.5703125000 1.0000000024
129.6093750000 0.9999999997
129.6484375000 1.0000000024
129.6875000000 0.9999999997
129.7265625000 1.0000000026
129.7656250000 1.0000000000
129.8046875000 1.0000000026
129.8437500000 0.9999999997
129.8828125000 1.0000000026
129.9218750000 0.9999999998
129.9609375000 1.0000000027
130.0000000000 0.9999999999
130.0390625000 1.0000000029
130.0781250000 0.9999999999
130.1171875000 1.0000000030
130.1562500000 1.0000000000
130.1953125000 1.0000000029
130.2343750000 1.0000000001
130.2734375000 1.0000000030
130.3125000000 0.9999999999
130.3515625000 1.0000000030
130.3906250000 1.0000000002
130.4296875000 1.0000000032
130.4687500000 1.0000000000
130.5078125000 1.0000000034
130.5468750000 1.0000000000
130.5859375000 1.0000000032
130.6250000000 0.9999999998
130.6640625000 1.0000000032
130.7031250000 1.0000000000
130.7421875000 1.0000000032
130.7812500000 0.9999999999
130.8203125000 1.0000000031
130.8593750000 0.9999999999
130.8984375000 1.0000000031
130.9375000000 0.9999999996
130.9765625000 1.0000000030
131.0156250000 0.9999999999
131.0546875000 1.0000000030
131.0937500000 1.0000000001
131.1328125000 1.0000000031
131.1718750000 1.0000000001
131.2109375000 1.0000000031
131.2500000000 1.0000000001
131.2890625000 1.0000000031
131.3281250000 1.0000000001
131.3671875000 1.0000000031
131.4062500000 1.0000000001
131.4453125000 1.0000000031
131.4843750000 1.0000000000
131.5234375000 1.0000000030
131.5625000000 1.0000000000
131.6015625000 1.0000000029
131.6406250000 0.9999999999
131.6796875000 1.0000000028
131.7187500000 0.9999999999
131.7578125000 1.0000000028
131.7968750000 0.9999999999
131.8359375000 1.0000000029
131.8750000000 0.9999999999
131.9140625000 1.0000000029
131.9531250000 0.9999999999
131.9921875000 1.0000000029
132.0312500000 0.9999999999
132.0703125000 1.0000000029
132.1093750000 1.0000000000
132.1484375000 1.0000000030
132.1875000000 1.0000000001
132.2265625000 1.0000000030
132.2656250000 1.0000000000
132.3046875000 1.0000000029
132.3437500000 0.9999999999
132.3828125000 1.0000000029
132.4218750000 0.9999999999
132.4609375000 1.0000000029
132.5000000000 0.9999999999
132.5390625000 1.0000000029
132.5781250000 1.0000000000
132.6171875000 1.0000000030
132.6562500000 0.9999999999
132.6953125000 1.0000000029
132.7343750000 0.9999999999
132.7734375000 1.0000000029
132.8125000000 0.9999999999
132.8515625000 1.0000000030
132.8906250000 1.0000000000
132.9296875000 1.0000000031
132.9687500000 1.0000000001
133.0078125000 1.0000000031
133.0468750000 0.9999999999
133.0859375000 1.0000000030
133.1250000000 1.0000000001
133.1640625000 1.0000000029
133.2031250000 1.0000000000
133.2421875000 1.0000000030
133.2812500000 1.0000000002
133.3203125000 1.0000000030
133.3593750000 1.0000000000
133.3984375000 1.0000000029
133.4375000000 1.0000000001
133.4765625000 1.0000000028
133.5156250000 1.0000000001
133.5546875000 1.0000000028
133.5937500000 1.0000000000
133.6328125000 1.0000000028
133.6718750000 1.0000000000
133.7109375000 1.0000000026
133.7500000000 1.0000000000
133.7890625000 1.0000000026
133.8281250000 0.9999999999
133.8671875000 1.0000000025
133.9062500000 1.0000000000
133.9453125000 1.0000000026
133.9843750000 1.0000000000
134.0234375000 1.0000000026
134.0625000000 1.0000000001
134.1015625000 1.0000000026
134.1406250000 1.0000000000
134.1796875000 1.0000000027
134.2187500000 1.0000000000
134.2578125000 1.0000000026
134.2968750000 1.0000000000
134.3359375000 1.0000000027
134.3750000000 0.9999999998
134.4140625000 1.0000000026
134.4531250000 1.0000000001
134.4921875000 1.0000000023
134.5312500000 1.0000000001
134.5703125000 1.0000000023
134.6093750000 1.0000000000
134.6484375000 1.0000000022
134.6875000000 1.0000000000
134.7265625000 1.0000000022
134.7656250000 1.0000000001
134.8046875000 1.0000000023
134.8437500000 1.0000000001
134.8828125000 1.0000000022
134.9218750000 1.0000000001
134.9609375000 1.0000000022
135.0000000000 1.0000000000
135.0390625000 1.0000000022
135.0781250000 1.0000000001
135.1171875000 1.0000000022
135.1562500000 1.0000000000
135.1953125000 1.0000000023
135.2343750000 1.0000000000
135.2734375000 1.0000000023
135.3125000000 0.9999999999
135.3515625000 1.0000000022
135.3906250000 1.0000000000
135.4296875000 1.0000000022
135.4687500000 0.9999999999
135.5078125000 1.0000000022
135.5468750000 1.0000000000
135.5859375000 1.0000000022
135.6250000000 0.9999999999
135.6640625000 1.0000000020
135.7031250000 0.9999999999
135.7421875000 1.0000000021
135.7812500000 1.0000000000
135.8203125000 1.0000000022
135.8593750000 1.0000000000
135.8984375000 1.0000000024
135.9375000000 1.0000000001
135.9765625000 1.0000000024
136.0156250000 1.0000000001
136.0546875000 1.0000000024
136.0937500000 1.0000000001
136.1328125000 1.0000000025
136.1718750000 1.0000000001
136.2109375000 1.0000000025
136.2500000000 1.0000000001
136.2890625000 1.0000000026
136.3281250000 1.0000000000
136.3671875000 1.0000000027
136.4062500000 1.0000000000
136.4453125000 1.0000000027
136.4843750000 1.0000000001
136.5234375000 1.0000000027
136.5625000000 1.0000000000
136.6015625000 1.0000000028
136.6406250000 1.0000000000
136.6796875000 1.0000000029
136.7187500000 1.0000000001
136.7578125000 1.0000000029
136.7968750000 1.0000000002
136.8359375000 1.0000000030
136.8750000000 1.0000000002
136.9140625000 1.0000000030
136.9531250000 1.0000000001
136.9921875000 1.0000000031
137.0312500000 1.0000000001
137.0703125000 1.0000000031
137.1093750000 1.0000000001
137.1484375000 1.0000000031
137.1875000000 1.0000000001
137.2265625000 1.0000000029
137.2656250000 1.0000000000
137.3046875000 1.0000000029
137.3437500000 1.0000000001
137.3828125000 1.0000000028
137.4218750000 1.0000000000
137.4609375000 1.0000000029
137.5000000000 1.0000000000
137.5390625000 1.0000000028
137.5781250000 0.9999999999
137.6171875000 1.0000000028
137.6562500000 1.0000000000
137.6953125000 1.0000000027
137.7343750000 0.9999999999
137.7734375000 1.0000000027
137.8125000000 1.0000000000
137.8515625000 1.0000000027
137.8906250000 0.9999999998
137.9296875000 1.0000000026
137.9687500000 0.9999999998
138.0078125000 1.0000000027
138.0468750000 0.9999999998
138.0859375000 1.0000000026
138.1250000000 0.9999999999
138.1640625000 1.0000000025
138.2031250000 0.9999999998
138.2421875000 1.0000000024
138.2812500000 0.9999999998
138.3203125000 1.0000000024
138.3593750000 0.9999999999
138.3984375000 1.0000000025
138.4375000000 0.9999999998
138.4765625000 1.0000000025
138.5156250000 1.0000000000
138.5546875000 1.0000000025
138.5937500000 1.0000000000
138.6328125000 1.0000000024
138.6718750000 1.0000000000
138.7109375000 1.0000000024
138.7500000000 1.0000000001
138.7890625000 1.0000000025
138.8281250000 1.0000000002
138.8671875000 1.0000000025
138.9062500000 1.0000000002
138.9453125000 1.0000000025
138.9843750000 1.0000000001
139.0234375000 1.0000000027
139.0625000000 1.0000000000
139.1015625000 1.0000000025
139.1406250000 1.0000000001
139.1796875000 1.0000000024
139.2187500000 1.0000000003
139.2578125000 1.0000000025
139.2968750000 1.0000000001
139.3359375000 1.0000000024
139.3750000000 1.0000000002
139.4140625000 1.0000000023
139.4531250000 0.9999999999
139.4921875000 1.0000000025
139.5312500000 1.0000000002
139.5703125000 1.0000000028
139.6093750000 0.9999999998
139.6484375000 1.0000000028
139.6875000000 1.0000000000
139.7265625000 1.0000000024
139.7656250000 1.0000000000
139.8046875000 1.0000000025
139.8437500000 0.9999999999
139.8828125000 1.0000000024
139.9218750000 1.0000000000
139.9609375000 1.0000000021
140.0000000000 0.9999999999
140.0390625000 1.0000000021
140.0781250000 1.0000000000
140.1171875000 1.0000000021
140.1562500000 0.9999999999
140.1953125000 1.0000000021
140.2343750000 0.9999999998
140.2734375000 1.0000000022
140.3125000000 1.0000000002
140.3515625000 1.0000000023
140.3906250000 0.9999999999
140.4296875000 1.0000000023
140.4687500000 0.9999999999
140.5078125000 1.0000000024
140.5468750000 1.0000000006
140.5859375000 1.0000000025
140.6250000000 1.0000000001
140.6640625000 1.0000000026
140.7031250000 1.0000000000
140.7421875000 1.0000000027
140.7812500000 1.0000000003
140.8203125000 1.0000000029
140.8593750000 0.9999999999
140.8984375000 1.0000000028
140.9375000000 0.9999999998
140.9765625000 1.0000000029
141.0156250000 1.0000000001
141.0546875000 1.0000000030
141.0937500000 1.0000000000
141.1328125000 1.0000000030
141.1718750000 1.0000000000
141.2109375000 1.0000000030
141.2500000000 1.0000000000
141.2890625000 1.0000000030
141.3281250000 1.0000000000
141.3671875000 1.0000000030
141.4062500000 1.0000000000
141.4453125000 1.0000000031
141.4843750000 1.0000000001
141.5234375000 1.0000000031
141.5625000000 1.0000000002
141.6015625000 1.0000000031
141.6406250000 1.0000000000
141.6796875000 1.0000000031
141.7187500000 1.0000000000
141.7578125000 1.0000000029
141.7968750000 1.0000000001
141.8359375000 1.0000000030
141.8750000000 1.0000000000
141.9140625000 1.0000000030
141.9531250000 1.0000000001
141.9921875000 1.0000000030
142.0312500000 1.0000000001
142.0703125000 1.0000000031
142.1093750000 1.0000000001
142.1484375000 1.0000000030
142.1875000000 1.0000000000
142.2265625000 1.0000000030
142.2656250000 0.9999999999
142.3046875000 1.0000000031
142.3437500000 1.0000000000
142.3828125000 1.0000000030
142.4218750000 1.0000000000
142.4609375000 1.0000000030
142.5000000000 1.0000000000
142.5390625000 1.0000000030
142.5781250000 1.0000000001
142.6171875000 1.0000000030
142.6562500000 1.0000000001
142.6953125000 1.0000000030
142.7343750000 1.0000000000
142.7734375000 1.0000000030
142.8125000000 0.9999999999
142.8515625000 1.0000000030
142.8906250000 1.0000000000
142.9296875000 1.0000000029
142.9687500000 1.0000000000
143.0078125000 1.0000000028
143.0468750000 0.9999999998
143.0859375000 1.0000000029
143.1250000000 0.9999999998
143.1640625000 1.0000000027
143.2031250000 0.9999999997
143.2421875000 1.0000000028
143.2812500000 0.9999999998
143.3203125000 1.0000000028
143.3593750000 0.9999999997
143.3984375000 1.0000000028
143.4375000000 1.0000000000
143.4765625000 1.0000000028
143.5156250000 0.9999999999
143.5546875000 1.0000000029
143.5937500000 1.0000000001
143.6328125000 1.0000000029
143.6718750000 1.0000000000
143.7109375000 1.0000000029
143.7500000000 1.0000000001
143.7890625000 1.0000000029
143.8281250000 1.0000000000
143.8671875000 1.0000000028
143.9062500000 1.0000000000
143.9453125000 1.0000000028
143.9843750000 1.0000000000
144.0234375000 1.0000000028
144.0625000000 1.0000000001
144.1015625000 1.0000000028
144.1406250000 1.0000000001
144.1796875000 1.0000000028
144.2187500000 1.0000000002
144.2578125000 1.0000000029
144.2968750000 1.0000000001
144.3359375000 1.0000000029
144.3750000000 1.0000000002
144.4140625000 1.0000000029
144.4531250000 1.0000000002
144.4921875000 1.0000000029
144.5312500000 1.0000000001
144.5703125000 1.0000000028
144.6093750000 1.0000000002
144.6484375000 1.0000000027
144.6875000000 1.0000000001
144.7265625000 1.0000000028
144.7656250000 1.0000000001
144.8046875000 1.0000000028
144.8437500000 1.0000000000
144.8828125000 1.0000000028
144.9218750000 1.0000000001
144.9609375000 1.0000000028
145.0000000000 1.0000000000
145.0390625000 1.0000000027
145.0781250000 0.9999999998
145.1171875000 1.0000000029
145.1562500000 0.9999999999
145.1953125000 1.0000000029
145.2343750000 0.9999999998
145.2734375000 1.0000000028
145.3125000000 0.9999999998
145.3515625000 1.0000000028
145.3906250000 0.9999999998
145.4296875000 1.0000000028
145.4687500000 0.9999999998
145.5078125000 1.0000000026
145.5468750000 0.9999999999
145.5859375000 1.0000000026
145.6250000000 1.0000000000
145.6640625000 1.0000000026
145.7031250000 0.9999999999
145.7421875000 1.0000000025
145.7812500000 1.0000000000
145.8203125000 1.0000000026
145.8593750000 0.9999999999
145.8984375000 1.0000000025
145.9375000000 0.9999999999
145.9765625000 1.0000000025
146.0156250000 0.9999999999
146.0546875000 1.0000000025
146.0937500000 1.0000000000
146.1328125000 1.0000000026
146.1718750000 1.0000000000
146.2109375000 1.0000000026
146.2500000000 1.0000000000
146.2890625000 1.0000000026
146.3281250000 1.0000000000
146.3671875000 1.0000000025
146.4062500000 1.0000000001
146.4453125000 1.0000000026
146.4843750000 1.0000000001
146.5234375000 1.0000000027
146.5625000000 1.0000000002
146.6015625000 1.0000000027
146.6406250000 1.0000000002
146.6796875000 1.0000000026
146.7187500000 1.0000000002
146.7578125000 1.0000000026
146.7968750000 1.0000000002
146.8359375000 1.0000000025
146.8750000000 1.0000000002
146.9140625000 1.0000000025
146.9531250000 1.0000000002
146.9921875000 1.0000000024
147.0312500000 1.0000000000
147.0703125000 1.0000000025
147.1093750000 1.0000000000
147.1484375000 1.0000000025
147.1875000000 1.0000000001
147.2265625000 1.0000000025
147.2656250000 1.0000000001
147.3046875000 1.0000000025
147.3437500000 1.0000000001
147.3828125000 1.0000000025
147.4218750000 1.0000000001
147.4609375000 1.0000000025
147.5000000000 1.0000000001
147.5390625000 1.0000000024
147.5781250000 1.0000000000
147.6171875000 1.0000000025
147.6562500000 1.0000000000
147.6953125000 1.0000000024
147.7343750000 1.0000000001
147.7734375000 1.0000000024
147.8125000000 1.0000000000
147.8515625000 1.0000000023
147.8906250000 0.9999999999
147.9296875000 1.0000000024
147.9687500000 0.9999999998
148.0078125000 1.0000000024
148.0468750000 0.9999999999
148.0859375000 1.0000000024
148.1250000000 0.9999999998
148.1640625000 1.0000000025
148.2031250000 0.9999999998
148.2421875000 1.0000000026
148.2812500000 0.9999999998
148.3203125000 1.0000000025
148.3593750000 0.9999999998
148.3984375000 1.0000000024
148.4375000000 0.9999999999
148.4765625000 1.0000000025
148.5156250000 1.0000000000
148.5546875000 1.0000000025
148.5937500000 1.0000000000
148.6328125000 1.0000000025
148.6718750000 1.0000000000
148.7109375000 1.0000000025
148.7500000000 1.0000000000
148.7890625000 1.0000000024
148.8281250000 0.9999999999
148.8671875000 1.0000000024
148.9062500000 0.9999999999
148.9453125000 1.0000000023
148.9843750000 0.9999999999
149.0234375000 1.0000000024
149.0625000000 1.0000000000
149.1015625000 1.0000000023
149.1406250000 1.0000000000
149.1796875000 1.0000000022
149.2187500000 1.0000000000
149.2578125000 1.0000000022
149.2968750000 1.0000000000
149.3359375000 1.0000000023
149.3750000000 1.0000000000
149.4140625000 1.0000000023
149.4531250000 0.9999999999
149.4921875000 1.0000000022
149.5312500000 0.9999999998
149.5703125000 1.0000000019
149.6093750000 0.9999999998
149.6484375000 1.0000000018
149.6875000000 0.9999999997
149.7265625000 1.0000000017
149.7656250000 0.9999999998
149.8046875000 1.0000000018
149.8437500000 0.9999999999
149.8828125000 1.0000000019
149.9218750000 0.9999999997
149.9609375000 1.0000000020
150.0000000000 0.9999999999
150.0390625000 1.0000000022
150.0781250000 0.9999999999
150.1171875000 1.0000000022
150.1562500000 1.0000000001
150.1953125000 1.0000000024
150.2343750000 1.0000000000
150.2734375000 1.0000000025
150.3125000000 1.0000000003
150.3515625000 1.0000000025
150.3906250000 1.0000000002
150.4296875000 1.0000000025
150.4687500000 1.0000000005
150.5078125000 1.0000000027
150.5468750000 1.0000000001
150.5859375000 1.0000000026
150.6250000000 1.0000000002
150.6640625000 1.0000000025
150.7031250000 1.0000000004
150.7421875000 1.0000000024
150.7812500000 1.0000000003
150.8203125000 1.0000000024
150.8593750000 1.0000000002
150.8984375000 1.0000000022
150.9375000000 1.0000000001
150.9765625000 1.0000000021
151.0156250000 1.0000000001
151.0546875000 1.0000000019
151.0937500000 1.0000000001
151.1328125000 1.0000000020
151.1718750000 1.0000000000
151.2109375000 1.0000000020
151.2500000000 1.0000000000
151.2890625000 1.0000000020
151.3281250000 1.0000000001
151.3671875000 1.0000000021
151.4062500000 1.0000000000
151.4453125000 1.0000000021
151.4843750000 1.0000000001
151.5234375000 1.0000000021
151.5625000000 1.0000000001
151.6015625000 1.0000000020
151.6406250000 1.0000000000
151.6796875000 1.0000000019
151.7187500000 1.0000000000
151.7578125000 1.0000000018
151.7968750000 1.0000000001
151.8359375000 1.0000000016
151.8750000000 0.9999999999
151.9140625000 1.0000000016
151.9531250000 0.9999999998
151.9921875000 1.0000000016
152.0312500000 0.9999999999
152.0703125000 1.0000000016
152.1093750000 0.9999999999
152.1484375000 1.0000000015
152.1875000000 0.9999999999
152.2265625000 1.0000000015
152.2656250000 1.0000000000
152.3046875000 1.0000000015
152.3437500000 1.0000000000
152.3828125000 1.0000000016
152.4218750000 1.0000000002
152.4609375000 1.0000000016
152.5000000000 1.0000000001
152.5390625000 1.0000000016
152.5781250000 1.0000000001
152.6171875000 1.0000000016
152.6562500000 1.0000000000
152.6953125000 1.0000000015
152.7343750000 1.0000000000
152.7734375000 1.0000000015
152.8125000000 0.9999999999
152.8515625000 1.0000000014
152.8906250000 0.9999999999
152.9296875000 1.0000000014
152.9687500000 0.9999999997
153.0078125000 1.0000000014
153.0468750000 0.9999999998
153.0859375000 1.0000000015
153.1250000000 0.9999999998
153.1640625000 1.0000000016
153.2031250000 1.0000000002
153.2421875000 1.0000000018
153.2812500000 1.0000000002
153.3203125000 1.0000000020
153.3593750000 1.0000000005
153.3984375000 1.0000000020
153.4375000000 1.0000000005
153.4765625000 1.0000000020
153.5156250000 1.0000000005
153.5546875000 1.0000000020
153.5937500000 1.0000000004
153.6328125000 1.0000000017
153.6718750000 1.0000000003
153.7109375000 1.0000000014
153.7500000000 1.0000000000
153.7890625000 1.0000000010
153.8281250000 0.9999999996
153.8671875000 1.0000000006
153.9062500000 0.9999999992
153.9453125000 1.0000000001
153.9843750000 0.9999999991
154.0234375000 1.0000000000
154.0625000000 0.9999999990
154.1015625000 1.0000000000
154.1406250000 0.9999999991
154.1796875000 1.0000000001
154.2187500000 0.9999999996
154.2578125000 1.0000000005
154.2968750000 1.0000000001
154.3359375000 1.0000000010
154.3750000000 1.0000000005
154.4140625000 1.0000000012
154.4531250000 1.0000000007
154.4921875000 1.0000000013
154.5312500000 1.0000000008
154.5703125000 1.0000000012
154.6093750000 1.0000000006
154.6484375000 1.0000000009
154.6875000000 1.0000000001
154.7265625000 1.0000000004
154.7656250000 0.9999999996
154.8046875000 0.9999999997
154.8437500000 0.9999999989
154.8828125000 0.9999999992
154.9218750000 0.9999999986
154.9609375000 0.9999999990
155.0000000000 0.9999999985
155.0390625000 0.9999999993
155.0781250000 0.9999999990
155.1171875000 0.9999999999
155.1562500000 0.9999999997
155.1953125000 1.0000000009
155.2343750000 1.0000000007
155.2734375000 1.0000000021
155.3125000000 1.0000000019
155.3515625000 1.0000000030
155.3906250000 1.0000000026
155.4296875000 1.0000000036
155.4687500000 1.0000000028
155.5078125000 1.0000000036
155.5468750000 1.0000000026
155.5859375000 1.0000000030
155.6250000000 1.0000000016
155.6640625000 1.0000000018
155.7031250000 1.0000000002
155.7421875000 1.0000000003
155.7812500000 0.9999999986
155.8203125000 0.9999999987
155.8593750000 0.9999999971
155.8984375000 0.9999999975
155.9375000000 0.9999999964
155.9765625000 0.9999999974
156.0156250000 0.9999999969
156.0546875000 0.9999999983
156.0937500000 0.9999999981
156.1328125000 0.9999999999
156.1718750000 1.0000000000
156.2109375000 1.0000000020
156.2500000000 1.0000000022
156.2890625000 1.0000000040
156.3281250000 1.0000000041
156.3671875000 1.0000000056
156.4062500000 1.0000000051
156.4453125000 1.0000000060
156.4843750000 1.0000000049
156.5234375000 1.0000000050
156.5625000000 1.0000000032
156.6015625000 1.0000000027
156.6406250000 1.0000000003
156.6796875000 0.9999999995
156.7187500000 0.9999999971
156.7578125000 0.9999999962
156.7968750000 0.9999999940
156.8359375000 0.9999999937
156.8750000000 0.9999999922
156.9140625000 0.9999999926
156.9531250000 0.9999999922
156.9921875000 0.9999999937
157.0312500000 0.9999999946
157.0703125000 0.9999999968
157.1093750000 0.9999999983
157.1484375000 1.0000000014
157.1875000000 1.0000000030
157.2265625000 1.0000000059
157.2656250000 1.0000000071
157.3046875000 1.0000000095
157.3437500000 1.0000000101
157.3828125000 1.0000000113
157.4218750000 1.0000000104
157.4609375000 1.0000000105
157.5000000000 1.0000000084
157.5390625000 1.0000000072
157.5781250000 1.0000000038
157.6171875000 1.0000000016
157.6562500000 0.9999999976
157.6953125000 0.9999999953
157.7343750000 0.9999999912
157.7734375000 0.9999999893
157.8125000000 0.9999999864
157.8515625000 0.9999999862
157.8906250000 0.9999999854
157.9296875000 0.9999999873
157.9687500000 0.9999999886
158.0078125000 0.9999999927
158.0468750000 0.9999999956
158.0859375000 1.0000000006
158.1250000000 1.0000000040
158.1640625000 1.0000000091
158.2031250000 1.0000000125
158.2421875000 1.0000000166
158.2812500000 1.0000000178
158.3203125000 1.0000000200
158.3593750000 1.0000000192
158.3984375000 1.0000000202
158.4375000000 1.0000000168
158.4765625000 1.0000000150
158.5156250000 1.0000000101
158.5546875000 1.0000000061
158.5937500000 0.9999999992
158.6328125000 0.9999999946
158.6718750000 0.9999999888
158.7109375000 0.9999999845
158.7500000000 0.9999999774
158.7890625000 0.9999999725
158.8281250000 0.9999999678
158.8671875000 0.9999999697
158.9062500000 0.9999999726
158.9453125000 0.9999999809
158.9843750000 0.9999999878
159.0234375000 0.9999999993
159.0625000000 1.0000000090
159.1015625000 1.0000000213
159.1406250000 1.0000000311
159.1796875000 1.0000000403
159.2187500000 1.0000000441
159.2578125000 1.0000000473
159.2968750000 1.0000000474
159.3359375000 1.0000000498
159.3750000000 1.0000000504
159.4140625000 1.0000000502
159.4531250000 1.0000000474
159.4921875000 1.0000000445
159.5312500000 1.0000000393
159.5703125000 1.0000000364
159.6093750000 1.0000000319
159.6484375000 1.0000000273
159.6875000000 1.0000000244
159.7265625000 1.0000000191
159.7656250000 1.0000000154
159.8046875000 1.0000000114
159.8437500000 1.0000000091
159.8828125000 1.0000000063
159.9218750000 1.0000000042
159.9609375000 1.0000000019
